filepath,label,video_id
data\processed\final\dysarthria\0qiqrQepMeQ_seg_000.wav,dysarthria,0qiqrQepMeQ
data\processed\final\dysarthria\0qiqrQepMeQ_seg_001.wav,dysarthria,0qiqrQepMeQ
data\processed\final\dysarthria\0qiqrQepMeQ_seg_004.wav,dysarthria,0qiqrQepMeQ
data\processed\final\dysarthria\0qiqrQepMeQ_seg_005.wav,dysarthria,0qiqrQepMeQ
data\processed\final\dysarthria\0qiqrQepMeQ_seg_012.wav,dysarthria,0qiqrQepMeQ
data\processed\final\dysarthria\7313271087997930795_seg_000.wav,dysarthria,7313271087997930795
data\processed\final\dysarthria\7313271087997930795_seg_001.wav,dysarthria,7313271087997930795
data\processed\final\dysarthria\7313271087997930795_seg_001__too_quiet.wav,dysarthria,7313271087997930795
data\processed\final\dysarthria\7313271087997930795_seg_002.wav,dysarthria,7313271087997930795
data\processed\final\dysarthria\7313271087997930795_seg_002__too_quiet.wav,dysarthria,7313271087997930795
data\processed\final\dysarthria\7313271087997930795_seg_003.wav,dysarthria,7313271087997930795
data\processed\final\dysarthria\7313271087997930795_seg_004.wav,dysarthria,7313271087997930795
data\processed\final\dysarthria\7313271087997930795_seg_005.wav,dysarthria,7313271087997930795
data\processed\final\dysarthria\7313271087997930795_seg_005__too_quiet.wav,dysarthria,7313271087997930795
data\processed\final\dysarthria\7313271087997930795_seg_007.wav,dysarthria,7313271087997930795
data\processed\final\dysarthria\7313271087997930795_seg_008.wav,dysarthria,7313271087997930795
data\processed\final\dysarthria\7313271087997930795_seg_009.wav,dysarthria,7313271087997930795
data\processed\final\dysarthria\7313271087997930795_seg_009__too_quiet.wav,dysarthria,7313271087997930795
data\processed\final\dysarthria\7313271087997930795_seg_010.wav,dysarthria,7313271087997930795
data\processed\final\dysarthria\7313271087997930795_seg_010__too_quiet.wav,dysarthria,7313271087997930795
data\processed\final\dysarthria\7313271087997930795_seg_011.wav,dysarthria,7313271087997930795
data\processed\final\dysarthria\7313271087997930795_seg_012.wav,dysarthria,7313271087997930795
data\processed\final\dysarthria\7313271087997930795_seg_012__too_quiet.wav,dysarthria,7313271087997930795
data\processed\final\dysarthria\7313271087997930795_seg_014.wav,dysarthria,7313271087997930795
data\processed\final\dysarthria\7313271087997930795_seg_015.wav,dysarthria,7313271087997930795
data\processed\final\dysarthria\7313271087997930795_seg_015__too_quiet.wav,dysarthria,7313271087997930795
data\processed\final\dysarthria\7313271087997930795_seg_016.wav,dysarthria,7313271087997930795
data\processed\final\dysarthria\7313271087997930795_seg_017.wav,dysarthria,7313271087997930795
data\processed\final\dysarthria\7313271087997930795_seg_017__too_quiet.wav,dysarthria,7313271087997930795
data\processed\final\dysarthria\7313271087997930795_seg_018.wav,dysarthria,7313271087997930795
data\processed\final\dysarthria\7313271087997930795_seg_018__too_quiet.wav,dysarthria,7313271087997930795
data\processed\final\dysarthria\7313271087997930795_seg_019.wav,dysarthria,7313271087997930795
data\processed\final\dysarthria\7313271087997930795_seg_020.wav,dysarthria,7313271087997930795
data\processed\final\dysarthria\7313271087997930795_seg_021.wav,dysarthria,7313271087997930795
data\processed\final\dysarthria\7313271087997930795_seg_021__too_quiet.wav,dysarthria,7313271087997930795
data\processed\final\dysarthria\7313271087997930795_seg_022.wav,dysarthria,7313271087997930795
data\processed\final\dysarthria\7313271087997930795_seg_022__too_quiet.wav,dysarthria,7313271087997930795
data\processed\final\dysarthria\7313271087997930795_seg_023.wav,dysarthria,7313271087997930795
data\processed\final\dysarthria\7313271087997930795_seg_024.wav,dysarthria,7313271087997930795
data\processed\final\dysarthria\7313271087997930795_seg_025.wav,dysarthria,7313271087997930795
data\processed\final\dysarthria\7313271087997930795_seg_025__too_quiet.wav,dysarthria,7313271087997930795
data\processed\final\dysarthria\7313271087997930795_seg_026.wav,dysarthria,7313271087997930795
data\processed\final\dysarthria\7313271087997930795_seg_027.wav,dysarthria,7313271087997930795
data\processed\final\dysarthria\7313775349651868971_seg_000.wav,dysarthria,7313775349651868971
data\processed\final\dysarthria\7313775349651868971_seg_001.wav,dysarthria,7313775349651868971
data\processed\final\dysarthria\7313775349651868971_seg_002.wav,dysarthria,7313775349651868971
data\processed\final\dysarthria\7313775349651868971_seg_002__too_quiet.wav,dysarthria,7313775349651868971
data\processed\final\dysarthria\7313775349651868971_seg_004.wav,dysarthria,7313775349651868971
data\processed\final\dysarthria\7313775349651868971_seg_004__too_quiet.wav,dysarthria,7313775349651868971
data\processed\final\dysarthria\7313775349651868971_seg_006.wav,dysarthria,7313775349651868971
data\processed\final\dysarthria\7313775349651868971_seg_006__too_quiet.wav,dysarthria,7313775349651868971
data\processed\final\dysarthria\7313775349651868971_seg_007.wav,dysarthria,7313775349651868971
data\processed\final\dysarthria\7313775349651868971_seg_008.wav,dysarthria,7313775349651868971
data\processed\final\dysarthria\7313775349651868971_seg_009.wav,dysarthria,7313775349651868971
data\processed\final\dysarthria\7313775349651868971_seg_010.wav,dysarthria,7313775349651868971
data\processed\final\dysarthria\7313775349651868971_seg_011.wav,dysarthria,7313775349651868971
data\processed\final\dysarthria\7313775349651868971_seg_012.wav,dysarthria,7313775349651868971
data\processed\final\dysarthria\7313775349651868971_seg_013.wav,dysarthria,7313775349651868971
data\processed\final\dysarthria\7313775349651868971_seg_015.wav,dysarthria,7313775349651868971
data\processed\final\dysarthria\7313775349651868971_seg_017.wav,dysarthria,7313775349651868971
data\processed\final\dysarthria\7313775349651868971_seg_018.wav,dysarthria,7313775349651868971
data\processed\final\dysarthria\7469501054263119135_seg_000.wav,dysarthria,7469501054263119135
data\processed\final\dysarthria\7469501054263119135_seg_001.wav,dysarthria,7469501054263119135
data\processed\final\dysarthria\7469501054263119135_seg_002.wav,dysarthria,7469501054263119135
data\processed\final\dysarthria\7469501054263119135_seg_003.wav,dysarthria,7469501054263119135
data\processed\final\dysarthria\7469501054263119135_seg_004.wav,dysarthria,7469501054263119135
data\processed\final\dysarthria\7469501054263119135_seg_005.wav,dysarthria,7469501054263119135
data\processed\final\dysarthria\7469501054263119135_seg_006.wav,dysarthria,7469501054263119135
data\processed\final\dysarthria\7469501054263119135_seg_007.wav,dysarthria,7469501054263119135
data\processed\final\dysarthria\7469501054263119135_seg_008.wav,dysarthria,7469501054263119135
data\processed\final\dysarthria\7469501054263119135_seg_009.wav,dysarthria,7469501054263119135
data\processed\final\dysarthria\7469501054263119135_seg_010.wav,dysarthria,7469501054263119135
data\processed\final\dysarthria\7469501054263119135_seg_011.wav,dysarthria,7469501054263119135
data\processed\final\dysarthria\7469501054263119135_seg_012.wav,dysarthria,7469501054263119135
data\processed\final\dysarthria\7469501054263119135_seg_013.wav,dysarthria,7469501054263119135
data\processed\final\dysarthria\7469501054263119135_seg_014.wav,dysarthria,7469501054263119135
data\processed\final\dysarthria\7469501054263119135_seg_015.wav,dysarthria,7469501054263119135
data\processed\final\dysarthria\7469501054263119135_seg_016.wav,dysarthria,7469501054263119135
data\processed\final\dysarthria\7469501054263119135_seg_017.wav,dysarthria,7469501054263119135
data\processed\final\dysarthria\7469501054263119135_seg_018.wav,dysarthria,7469501054263119135
data\processed\final\dysarthria\7469501054263119135_seg_019.wav,dysarthria,7469501054263119135
data\processed\final\dysarthria\7469501054263119135_seg_020.wav,dysarthria,7469501054263119135
data\processed\final\dysarthria\7469501054263119135_seg_021.wav,dysarthria,7469501054263119135
data\processed\final\dysarthria\7469501054263119135_seg_022.wav,dysarthria,7469501054263119135
data\processed\final\dysarthria\7469501054263119135_seg_023.wav,dysarthria,7469501054263119135
data\processed\final\dysarthria\7469501054263119135_seg_024.wav,dysarthria,7469501054263119135
data\processed\final\dysarthria\7469501054263119135_seg_025.wav,dysarthria,7469501054263119135
data\processed\final\dysarthria\7469501054263119135_seg_026.wav,dysarthria,7469501054263119135
data\processed\final\dysarthria\7469501054263119135_seg_027.wav,dysarthria,7469501054263119135
data\processed\final\dysarthria\7469501054263119135_seg_028.wav,dysarthria,7469501054263119135
data\processed\final\dysarthria\7469501054263119135_seg_029.wav,dysarthria,7469501054263119135
data\processed\final\dysarthria\7469501054263119135_seg_030.wav,dysarthria,7469501054263119135
data\processed\final\dysarthria\7469501054263119135_seg_031.wav,dysarthria,7469501054263119135
data\processed\final\dysarthria\7469501054263119135_seg_032.wav,dysarthria,7469501054263119135
data\processed\final\dysarthria\7469501054263119135_seg_033.wav,dysarthria,7469501054263119135
data\processed\final\dysarthria\7469501054263119135_seg_034.wav,dysarthria,7469501054263119135
data\processed\final\dysarthria\7469501054263119135_seg_035.wav,dysarthria,7469501054263119135
data\processed\final\dysarthria\7469501054263119135_seg_036.wav,dysarthria,7469501054263119135
data\processed\final\dysarthria\7469501054263119135_seg_037.wav,dysarthria,7469501054263119135
data\processed\final\dysarthria\7469501054263119135_seg_038.wav,dysarthria,7469501054263119135
data\processed\final\dysarthria\7469501054263119135_seg_039.wav,dysarthria,7469501054263119135
data\processed\final\dysarthria\7475923201462127903_seg_000.wav,dysarthria,7475923201462127903
data\processed\final\dysarthria\7475923201462127903_seg_001.wav,dysarthria,7475923201462127903
data\processed\final\dysarthria\7475923201462127903_seg_002.wav,dysarthria,7475923201462127903
data\processed\final\dysarthria\7475923201462127903_seg_003.wav,dysarthria,7475923201462127903
data\processed\final\dysarthria\7475923201462127903_seg_004.wav,dysarthria,7475923201462127903
data\processed\final\dysarthria\7475923201462127903_seg_005.wav,dysarthria,7475923201462127903
data\processed\final\dysarthria\7475923201462127903_seg_006.wav,dysarthria,7475923201462127903
data\processed\final\dysarthria\7475923201462127903_seg_007.wav,dysarthria,7475923201462127903
data\processed\final\dysarthria\7475923201462127903_seg_008.wav,dysarthria,7475923201462127903
data\processed\final\dysarthria\7475923201462127903_seg_009.wav,dysarthria,7475923201462127903
data\processed\final\dysarthria\7475923201462127903_seg_010.wav,dysarthria,7475923201462127903
data\processed\final\dysarthria\7475923201462127903_seg_011.wav,dysarthria,7475923201462127903
data\processed\final\dysarthria\7475923201462127903_seg_012.wav,dysarthria,7475923201462127903
data\processed\final\dysarthria\7475923201462127903_seg_013.wav,dysarthria,7475923201462127903
data\processed\final\dysarthria\7475923201462127903_seg_014.wav,dysarthria,7475923201462127903
data\processed\final\dysarthria\7475923201462127903_seg_015.wav,dysarthria,7475923201462127903
data\processed\final\dysarthria\7475923201462127903_seg_016.wav,dysarthria,7475923201462127903
data\processed\final\dysarthria\7475923201462127903_seg_017.wav,dysarthria,7475923201462127903
data\processed\final\dysarthria\7475923201462127903_seg_018.wav,dysarthria,7475923201462127903
data\processed\final\dysarthria\7475923201462127903_seg_019.wav,dysarthria,7475923201462127903
data\processed\final\dysarthria\7475923201462127903_seg_021.wav,dysarthria,7475923201462127903
data\processed\final\dysarthria\7475923201462127903_seg_022.wav,dysarthria,7475923201462127903
data\processed\final\dysarthria\7475923201462127903_seg_023.wav,dysarthria,7475923201462127903
data\processed\final\dysarthria\7475923201462127903_seg_024.wav,dysarthria,7475923201462127903
data\processed\final\dysarthria\7475923201462127903_seg_025.wav,dysarthria,7475923201462127903
data\processed\final\dysarthria\7475923201462127903_seg_026.wav,dysarthria,7475923201462127903
data\processed\final\dysarthria\7475923201462127903_seg_027.wav,dysarthria,7475923201462127903
data\processed\final\dysarthria\7475923201462127903_seg_028.wav,dysarthria,7475923201462127903
data\processed\final\dysarthria\7475923201462127903_seg_029.wav,dysarthria,7475923201462127903
data\processed\final\dysarthria\7475923201462127903_seg_030.wav,dysarthria,7475923201462127903
data\processed\final\dysarthria\7475923201462127903_seg_031.wav,dysarthria,7475923201462127903
data\processed\final\dysarthria\7475923201462127903_seg_032.wav,dysarthria,7475923201462127903
data\processed\final\dysarthria\7475923201462127903_seg_033.wav,dysarthria,7475923201462127903
data\processed\final\dysarthria\7475923201462127903_seg_034.wav,dysarthria,7475923201462127903
data\processed\final\dysarthria\7475923201462127903_seg_035.wav,dysarthria,7475923201462127903
data\processed\final\dysarthria\7475923201462127903_seg_036.wav,dysarthria,7475923201462127903
data\processed\final\dysarthria\7475923201462127903_seg_037.wav,dysarthria,7475923201462127903
data\processed\final\dysarthria\7475923201462127903_seg_038.wav,dysarthria,7475923201462127903
data\processed\final\dysarthria\7475923201462127903_seg_039.wav,dysarthria,7475923201462127903
data\processed\final\dysarthria\7475923201462127903_seg_040.wav,dysarthria,7475923201462127903
data\processed\final\dysarthria\7475923201462127903_seg_041.wav,dysarthria,7475923201462127903
data\processed\final\dysarthria\7475923201462127903_seg_042.wav,dysarthria,7475923201462127903
data\processed\final\dysarthria\7475923201462127903_seg_043.wav,dysarthria,7475923201462127903
data\processed\final\dysarthria\7475923201462127903_seg_044.wav,dysarthria,7475923201462127903
data\processed\final\dysarthria\7475923201462127903_seg_045.wav,dysarthria,7475923201462127903
data\processed\final\dysarthria\7475923201462127903_seg_047.wav,dysarthria,7475923201462127903
data\processed\final\dysarthria\7475923201462127903_seg_048.wav,dysarthria,7475923201462127903
data\processed\final\dysarthria\7475923201462127903_seg_049.wav,dysarthria,7475923201462127903
data\processed\final\dysarthria\7475923201462127903_seg_050.wav,dysarthria,7475923201462127903
data\processed\final\dysarthria\7475923201462127903_seg_051.wav,dysarthria,7475923201462127903
data\processed\final\dysarthria\7475923201462127903_seg_052.wav,dysarthria,7475923201462127903
data\processed\final\dysarthria\7475923201462127903_seg_053.wav,dysarthria,7475923201462127903
data\processed\final\dysarthria\7475923201462127903_seg_054.wav,dysarthria,7475923201462127903
data\processed\final\dysarthria\7475923201462127903_seg_055.wav,dysarthria,7475923201462127903
data\processed\final\dysarthria\7475923201462127903_seg_056.wav,dysarthria,7475923201462127903
data\processed\final\dysarthria\7475923201462127903_seg_057.wav,dysarthria,7475923201462127903
data\processed\final\dysarthria\7475923201462127903_seg_058.wav,dysarthria,7475923201462127903
data\processed\final\dysarthria\7475923201462127903_seg_059.wav,dysarthria,7475923201462127903
data\processed\final\dysarthria\7475923201462127903_seg_060.wav,dysarthria,7475923201462127903
data\processed\final\dysarthria\7475923201462127903_seg_061.wav,dysarthria,7475923201462127903
data\processed\final\dysarthria\7475923201462127903_seg_062.wav,dysarthria,7475923201462127903
data\processed\final\dysarthria\7475923201462127903_seg_063.wav,dysarthria,7475923201462127903
data\processed\final\dysarthria\7475923201462127903_seg_064.wav,dysarthria,7475923201462127903
data\processed\final\dysarthria\7475923201462127903_seg_065.wav,dysarthria,7475923201462127903
data\processed\final\dysarthria\7475923201462127903_seg_066.wav,dysarthria,7475923201462127903
data\processed\final\dysarthria\7475923201462127903_seg_067.wav,dysarthria,7475923201462127903
data\processed\final\dysarthria\7475923201462127903_seg_068.wav,dysarthria,7475923201462127903
data\processed\final\dysarthria\7475923201462127903_seg_069.wav,dysarthria,7475923201462127903
data\processed\final\dysarthria\7475923201462127903_seg_070.wav,dysarthria,7475923201462127903
data\processed\final\dysarthria\7475923201462127903_seg_071.wav,dysarthria,7475923201462127903
data\processed\final\dysarthria\7475923201462127903_seg_072.wav,dysarthria,7475923201462127903
data\processed\final\dysarthria\7475923201462127903_seg_073.wav,dysarthria,7475923201462127903
data\processed\final\dysarthria\7475923201462127903_seg_074.wav,dysarthria,7475923201462127903
data\processed\final\dysarthria\7475923201462127903_seg_075.wav,dysarthria,7475923201462127903
data\processed\final\dysarthria\7475923201462127903_seg_076.wav,dysarthria,7475923201462127903
data\processed\final\dysarthria\7475923201462127903_seg_077.wav,dysarthria,7475923201462127903
data\processed\final\dysarthria\7475923201462127903_seg_078.wav,dysarthria,7475923201462127903
data\processed\final\dysarthria\7475923201462127903_seg_079.wav,dysarthria,7475923201462127903
data\processed\final\dysarthria\7475923201462127903_seg_080.wav,dysarthria,7475923201462127903
data\processed\final\dysarthria\7475923201462127903_seg_081.wav,dysarthria,7475923201462127903
data\processed\final\dysarthria\7475923201462127903_seg_082.wav,dysarthria,7475923201462127903
data\processed\final\dysarthria\7475923201462127903_seg_083.wav,dysarthria,7475923201462127903
data\processed\final\dysarthria\7475923201462127903_seg_084.wav,dysarthria,7475923201462127903
data\processed\final\dysarthria\7475923201462127903_seg_085.wav,dysarthria,7475923201462127903
data\processed\final\dysarthria\7475923201462127903_seg_086.wav,dysarthria,7475923201462127903
data\processed\final\dysarthria\7475923201462127903_seg_087.wav,dysarthria,7475923201462127903
data\processed\final\dysarthria\7475923201462127903_seg_088.wav,dysarthria,7475923201462127903
data\processed\final\dysarthria\7475923201462127903_seg_089.wav,dysarthria,7475923201462127903
data\processed\final\dysarthria\7475923201462127903_seg_090.wav,dysarthria,7475923201462127903
data\processed\final\dysarthria\7475923201462127903_seg_091.wav,dysarthria,7475923201462127903
data\processed\final\dysarthria\7475923201462127903_seg_092.wav,dysarthria,7475923201462127903
data\processed\final\dysarthria\7475923201462127903_seg_093.wav,dysarthria,7475923201462127903
data\processed\final\dysarthria\7475923201462127903_seg_094.wav,dysarthria,7475923201462127903
data\processed\final\dysarthria\7475923201462127903_seg_095.wav,dysarthria,7475923201462127903
data\processed\final\dysarthria\7475923201462127903_seg_096.wav,dysarthria,7475923201462127903
data\processed\final\dysarthria\7475923201462127903_seg_097.wav,dysarthria,7475923201462127903
data\processed\final\dysarthria\7475923201462127903_seg_098.wav,dysarthria,7475923201462127903
data\processed\final\dysarthria\7475923201462127903_seg_099.wav,dysarthria,7475923201462127903
data\processed\final\dysarthria\7475923201462127903_seg_100.wav,dysarthria,7475923201462127903
data\processed\final\dysarthria\7475923201462127903_seg_101.wav,dysarthria,7475923201462127903
data\processed\final\dysarthria\7475923201462127903_seg_102.wav,dysarthria,7475923201462127903
data\processed\final\dysarthria\7475923201462127903_seg_103.wav,dysarthria,7475923201462127903
data\processed\final\dysarthria\7475923201462127903_seg_104.wav,dysarthria,7475923201462127903
data\processed\final\dysarthria\7475923201462127903_seg_105.wav,dysarthria,7475923201462127903
data\processed\final\dysarthria\7475923201462127903_seg_106.wav,dysarthria,7475923201462127903
data\processed\final\dysarthria\7475923201462127903_seg_107.wav,dysarthria,7475923201462127903
data\processed\final\dysarthria\7475923201462127903_seg_108.wav,dysarthria,7475923201462127903
data\processed\final\dysarthria\7475923201462127903_seg_109.wav,dysarthria,7475923201462127903
data\processed\final\dysarthria\7475923201462127903_seg_110.wav,dysarthria,7475923201462127903
data\processed\final\dysarthria\7475923201462127903_seg_111.wav,dysarthria,7475923201462127903
data\processed\final\dysarthria\7475923201462127903_seg_112.wav,dysarthria,7475923201462127903
data\processed\final\dysarthria\7475923201462127903_seg_113.wav,dysarthria,7475923201462127903
data\processed\final\dysarthria\7475923201462127903_seg_114.wav,dysarthria,7475923201462127903
data\processed\final\dysarthria\7475923201462127903_seg_115.wav,dysarthria,7475923201462127903
data\processed\final\dysarthria\7475923201462127903_seg_116.wav,dysarthria,7475923201462127903
data\processed\final\dysarthria\7475923201462127903_seg_117.wav,dysarthria,7475923201462127903
data\processed\final\dysarthria\7475923201462127903_seg_118.wav,dysarthria,7475923201462127903
data\processed\final\dysarthria\7475923201462127903_seg_119.wav,dysarthria,7475923201462127903
data\processed\final\dysarthria\7475923201462127903_seg_120.wav,dysarthria,7475923201462127903
data\processed\final\dysarthria\7475923201462127903_seg_121.wav,dysarthria,7475923201462127903
data\processed\final\dysarthria\7475923201462127903_seg_122.wav,dysarthria,7475923201462127903
data\processed\final\dysarthria\7482623061380975903_seg_000.wav,dysarthria,7482623061380975903
data\processed\final\dysarthria\7482623061380975903_seg_001.wav,dysarthria,7482623061380975903
data\processed\final\dysarthria\7482623061380975903_seg_002.wav,dysarthria,7482623061380975903
data\processed\final\dysarthria\7482623061380975903_seg_003.wav,dysarthria,7482623061380975903
data\processed\final\dysarthria\7482623061380975903_seg_004.wav,dysarthria,7482623061380975903
data\processed\final\dysarthria\7482623061380975903_seg_005.wav,dysarthria,7482623061380975903
data\processed\final\dysarthria\7482623061380975903_seg_006.wav,dysarthria,7482623061380975903
data\processed\final\dysarthria\7482623061380975903_seg_007.wav,dysarthria,7482623061380975903
data\processed\final\dysarthria\7482623061380975903_seg_008.wav,dysarthria,7482623061380975903
data\processed\final\dysarthria\7482623061380975903_seg_009.wav,dysarthria,7482623061380975903
data\processed\final\dysarthria\7482623061380975903_seg_010.wav,dysarthria,7482623061380975903
data\processed\final\dysarthria\7482623061380975903_seg_011.wav,dysarthria,7482623061380975903
data\processed\final\dysarthria\7482623061380975903_seg_012.wav,dysarthria,7482623061380975903
data\processed\final\dysarthria\7482623061380975903_seg_013.wav,dysarthria,7482623061380975903
data\processed\final\dysarthria\7482623061380975903_seg_014.wav,dysarthria,7482623061380975903
data\processed\final\dysarthria\7482623061380975903_seg_015.wav,dysarthria,7482623061380975903
data\processed\final\dysarthria\7482623061380975903_seg_016.wav,dysarthria,7482623061380975903
data\processed\final\dysarthria\7482623061380975903_seg_017.wav,dysarthria,7482623061380975903
data\processed\final\dysarthria\7482623061380975903_seg_018.wav,dysarthria,7482623061380975903
data\processed\final\dysarthria\7482623061380975903_seg_019.wav,dysarthria,7482623061380975903
data\processed\final\dysarthria\7482623061380975903_seg_020.wav,dysarthria,7482623061380975903
data\processed\final\dysarthria\7482623061380975903_seg_021.wav,dysarthria,7482623061380975903
data\processed\final\dysarthria\7482623061380975903_seg_022.wav,dysarthria,7482623061380975903
data\processed\final\dysarthria\7482623061380975903_seg_023.wav,dysarthria,7482623061380975903
data\processed\final\dysarthria\7482623061380975903_seg_024.wav,dysarthria,7482623061380975903
data\processed\final\dysarthria\7482623061380975903_seg_025.wav,dysarthria,7482623061380975903
data\processed\final\dysarthria\7482623061380975903_seg_026.wav,dysarthria,7482623061380975903
data\processed\final\dysarthria\7482623061380975903_seg_027.wav,dysarthria,7482623061380975903
data\processed\final\dysarthria\7482623061380975903_seg_028.wav,dysarthria,7482623061380975903
data\processed\final\dysarthria\7482623061380975903_seg_029.wav,dysarthria,7482623061380975903
data\processed\final\dysarthria\7482623061380975903_seg_030.wav,dysarthria,7482623061380975903
data\processed\final\dysarthria\7482623061380975903_seg_031.wav,dysarthria,7482623061380975903
data\processed\final\dysarthria\7482623061380975903_seg_032.wav,dysarthria,7482623061380975903
data\processed\final\dysarthria\7482623061380975903_seg_033.wav,dysarthria,7482623061380975903
data\processed\final\dysarthria\7482623061380975903_seg_035.wav,dysarthria,7482623061380975903
data\processed\final\dysarthria\7482623061380975903_seg_036.wav,dysarthria,7482623061380975903
data\processed\final\dysarthria\7482623061380975903_seg_037.wav,dysarthria,7482623061380975903
data\processed\final\dysarthria\7482623061380975903_seg_038.wav,dysarthria,7482623061380975903
data\processed\final\dysarthria\7482623061380975903_seg_039.wav,dysarthria,7482623061380975903
data\processed\final\dysarthria\7482623061380975903_seg_040.wav,dysarthria,7482623061380975903
data\processed\final\dysarthria\7482623061380975903_seg_041.wav,dysarthria,7482623061380975903
data\processed\final\dysarthria\7482623061380975903_seg_042.wav,dysarthria,7482623061380975903
data\processed\final\dysarthria\7482623061380975903_seg_043.wav,dysarthria,7482623061380975903
data\processed\final\dysarthria\7482623061380975903_seg_044.wav,dysarthria,7482623061380975903
data\processed\final\dysarthria\7482623061380975903_seg_045.wav,dysarthria,7482623061380975903
data\processed\final\dysarthria\7482623061380975903_seg_046.wav,dysarthria,7482623061380975903
data\processed\final\dysarthria\7482623061380975903_seg_047.wav,dysarthria,7482623061380975903
data\processed\final\dysarthria\7482623061380975903_seg_048.wav,dysarthria,7482623061380975903
data\processed\final\dysarthria\7482623061380975903_seg_049.wav,dysarthria,7482623061380975903
data\processed\final\dysarthria\7482623061380975903_seg_050.wav,dysarthria,7482623061380975903
data\processed\final\dysarthria\7482623061380975903_seg_051.wav,dysarthria,7482623061380975903
data\processed\final\dysarthria\7482623061380975903_seg_052.wav,dysarthria,7482623061380975903
data\processed\final\dysarthria\7482623061380975903_seg_053.wav,dysarthria,7482623061380975903
data\processed\final\dysarthria\7482623061380975903_seg_054.wav,dysarthria,7482623061380975903
data\processed\final\dysarthria\7482623061380975903_seg_055.wav,dysarthria,7482623061380975903
data\processed\final\dysarthria\7482623061380975903_seg_056.wav,dysarthria,7482623061380975903
data\processed\final\dysarthria\7482623061380975903_seg_057.wav,dysarthria,7482623061380975903
data\processed\final\dysarthria\7482623061380975903_seg_058.wav,dysarthria,7482623061380975903
data\processed\final\dysarthria\7482623061380975903_seg_059.wav,dysarthria,7482623061380975903
data\processed\final\dysarthria\7482623061380975903_seg_060.wav,dysarthria,7482623061380975903
data\processed\final\dysarthria\7482623061380975903_seg_061.wav,dysarthria,7482623061380975903
data\processed\final\dysarthria\7482623061380975903_seg_062.wav,dysarthria,7482623061380975903
data\processed\final\dysarthria\7482623061380975903_seg_063.wav,dysarthria,7482623061380975903
data\processed\final\dysarthria\7482623061380975903_seg_064.wav,dysarthria,7482623061380975903
data\processed\final\dysarthria\7482623061380975903_seg_065.wav,dysarthria,7482623061380975903
data\processed\final\dysarthria\7482623061380975903_seg_066.wav,dysarthria,7482623061380975903
data\processed\final\dysarthria\7482623061380975903_seg_067.wav,dysarthria,7482623061380975903
data\processed\final\dysarthria\7482623061380975903_seg_069.wav,dysarthria,7482623061380975903
data\processed\final\dysarthria\7482623061380975903_seg_070.wav,dysarthria,7482623061380975903
data\processed\final\dysarthria\7482623061380975903_seg_071.wav,dysarthria,7482623061380975903
data\processed\final\dysarthria\7482623061380975903_seg_072.wav,dysarthria,7482623061380975903
data\processed\final\dysarthria\7482623061380975903_seg_073.wav,dysarthria,7482623061380975903
data\processed\final\dysarthria\7482623061380975903_seg_074.wav,dysarthria,7482623061380975903
data\processed\final\dysarthria\7482623061380975903_seg_075.wav,dysarthria,7482623061380975903
data\processed\final\dysarthria\7482623061380975903_seg_076.wav,dysarthria,7482623061380975903
data\processed\final\dysarthria\7482623061380975903_seg_077.wav,dysarthria,7482623061380975903
data\processed\final\dysarthria\7482623061380975903_seg_078.wav,dysarthria,7482623061380975903
data\processed\final\dysarthria\7482623061380975903_seg_079.wav,dysarthria,7482623061380975903
data\processed\final\dysarthria\7482623061380975903_seg_080.wav,dysarthria,7482623061380975903
data\processed\final\dysarthria\7482623061380975903_seg_081.wav,dysarthria,7482623061380975903
data\processed\final\dysarthria\7482623061380975903_seg_082.wav,dysarthria,7482623061380975903
data\processed\final\dysarthria\7482623061380975903_seg_083.wav,dysarthria,7482623061380975903
data\processed\final\dysarthria\7482623061380975903_seg_084.wav,dysarthria,7482623061380975903
data\processed\final\dysarthria\7482623061380975903_seg_085.wav,dysarthria,7482623061380975903
data\processed\final\dysarthria\7482623061380975903_seg_086.wav,dysarthria,7482623061380975903
data\processed\final\dysarthria\7482623061380975903_seg_087.wav,dysarthria,7482623061380975903
data\processed\final\dysarthria\7482623061380975903_seg_088.wav,dysarthria,7482623061380975903
data\processed\final\dysarthria\7482623061380975903_seg_089.wav,dysarthria,7482623061380975903
data\processed\final\dysarthria\7482623061380975903_seg_090.wav,dysarthria,7482623061380975903
data\processed\final\dysarthria\7482623061380975903_seg_091.wav,dysarthria,7482623061380975903
data\processed\final\dysarthria\7482623061380975903_seg_092.wav,dysarthria,7482623061380975903
data\processed\final\dysarthria\7482623061380975903_seg_093.wav,dysarthria,7482623061380975903
data\processed\final\dysarthria\7482623061380975903_seg_094.wav,dysarthria,7482623061380975903
data\processed\final\dysarthria\7482623061380975903_seg_095.wav,dysarthria,7482623061380975903
data\processed\final\dysarthria\7482623061380975903_seg_096.wav,dysarthria,7482623061380975903
data\processed\final\dysarthria\7482623061380975903_seg_097.wav,dysarthria,7482623061380975903
data\processed\final\dysarthria\7482623061380975903_seg_098.wav,dysarthria,7482623061380975903
data\processed\final\dysarthria\7482623061380975903_seg_099.wav,dysarthria,7482623061380975903
data\processed\final\dysarthria\7482623061380975903_seg_100.wav,dysarthria,7482623061380975903
data\processed\final\dysarthria\7482623061380975903_seg_101.wav,dysarthria,7482623061380975903
data\processed\final\dysarthria\7482623061380975903_seg_102.wav,dysarthria,7482623061380975903
data\processed\final\dysarthria\7482623061380975903_seg_103.wav,dysarthria,7482623061380975903
data\processed\final\dysarthria\7482623061380975903_seg_104.wav,dysarthria,7482623061380975903
data\processed\final\dysarthria\7482623061380975903_seg_105.wav,dysarthria,7482623061380975903
data\processed\final\dysarthria\7482623061380975903_seg_106.wav,dysarthria,7482623061380975903
data\processed\final\dysarthria\7482623061380975903_seg_107.wav,dysarthria,7482623061380975903
data\processed\final\dysarthria\7495053719969565982_seg_000.wav,dysarthria,7495053719969565982
data\processed\final\dysarthria\7495053719969565982_seg_001.wav,dysarthria,7495053719969565982
data\processed\final\dysarthria\7495053719969565982_seg_002.wav,dysarthria,7495053719969565982
data\processed\final\dysarthria\7495053719969565982_seg_003.wav,dysarthria,7495053719969565982
data\processed\final\dysarthria\7495053719969565982_seg_004.wav,dysarthria,7495053719969565982
data\processed\final\dysarthria\7495053719969565982_seg_005.wav,dysarthria,7495053719969565982
data\processed\final\dysarthria\7495053719969565982_seg_006.wav,dysarthria,7495053719969565982
data\processed\final\dysarthria\7495053719969565982_seg_009.wav,dysarthria,7495053719969565982
data\processed\final\dysarthria\7495053719969565982_seg_010.wav,dysarthria,7495053719969565982
data\processed\final\dysarthria\7495053719969565982_seg_011.wav,dysarthria,7495053719969565982
data\processed\final\dysarthria\7495053719969565982_seg_012.wav,dysarthria,7495053719969565982
data\processed\final\dysarthria\7495053719969565982_seg_013.wav,dysarthria,7495053719969565982
data\processed\final\dysarthria\7495053719969565982_seg_014.wav,dysarthria,7495053719969565982
data\processed\final\dysarthria\7495053719969565982_seg_015.wav,dysarthria,7495053719969565982
data\processed\final\dysarthria\7495053719969565982_seg_016.wav,dysarthria,7495053719969565982
data\processed\final\dysarthria\7495053719969565982_seg_017.wav,dysarthria,7495053719969565982
data\processed\final\dysarthria\7495053719969565982_seg_018.wav,dysarthria,7495053719969565982
data\processed\final\dysarthria\7495053719969565982_seg_019.wav,dysarthria,7495053719969565982
data\processed\final\dysarthria\7495053719969565982_seg_020.wav,dysarthria,7495053719969565982
data\processed\final\dysarthria\7495053719969565982_seg_021.wav,dysarthria,7495053719969565982
data\processed\final\dysarthria\7495053719969565982_seg_022.wav,dysarthria,7495053719969565982
data\processed\final\dysarthria\7495053719969565982_seg_023.wav,dysarthria,7495053719969565982
data\processed\final\dysarthria\7495053719969565982_seg_024.wav,dysarthria,7495053719969565982
data\processed\final\dysarthria\7495053719969565982_seg_025.wav,dysarthria,7495053719969565982
data\processed\final\dysarthria\7495053719969565982_seg_026.wav,dysarthria,7495053719969565982
data\processed\final\dysarthria\7495053719969565982_seg_027.wav,dysarthria,7495053719969565982
data\processed\final\dysarthria\7495053719969565982_seg_028.wav,dysarthria,7495053719969565982
data\processed\final\dysarthria\7495053719969565982_seg_029.wav,dysarthria,7495053719969565982
data\processed\final\dysarthria\7495053719969565982_seg_030.wav,dysarthria,7495053719969565982
data\processed\final\dysarthria\7495053719969565982_seg_031.wav,dysarthria,7495053719969565982
data\processed\final\dysarthria\7495053719969565982_seg_032.wav,dysarthria,7495053719969565982
data\processed\final\dysarthria\7495053719969565982_seg_033.wav,dysarthria,7495053719969565982
data\processed\final\dysarthria\7495053719969565982_seg_034.wav,dysarthria,7495053719969565982
data\processed\final\dysarthria\7495053719969565982_seg_035.wav,dysarthria,7495053719969565982
data\processed\final\dysarthria\7495053719969565982_seg_036.wav,dysarthria,7495053719969565982
data\processed\final\dysarthria\7495053719969565982_seg_037.wav,dysarthria,7495053719969565982
data\processed\final\dysarthria\7495053719969565982_seg_038.wav,dysarthria,7495053719969565982
data\processed\final\dysarthria\7495053719969565982_seg_039.wav,dysarthria,7495053719969565982
data\processed\final\dysarthria\7495053719969565982_seg_040.wav,dysarthria,7495053719969565982
data\processed\final\dysarthria\7495053719969565982_seg_041.wav,dysarthria,7495053719969565982
data\processed\final\dysarthria\7495053719969565982_seg_042.wav,dysarthria,7495053719969565982
data\processed\final\dysarthria\7495053719969565982_seg_043.wav,dysarthria,7495053719969565982
data\processed\final\dysarthria\7495053719969565982_seg_044.wav,dysarthria,7495053719969565982
data\processed\final\dysarthria\7495053719969565982_seg_045.wav,dysarthria,7495053719969565982
data\processed\final\dysarthria\7495053719969565982_seg_046.wav,dysarthria,7495053719969565982
data\processed\final\dysarthria\7495053719969565982_seg_047.wav,dysarthria,7495053719969565982
data\processed\final\dysarthria\7495053719969565982_seg_048.wav,dysarthria,7495053719969565982
data\processed\final\dysarthria\7495053719969565982_seg_049.wav,dysarthria,7495053719969565982
data\processed\final\dysarthria\7495053719969565982_seg_050.wav,dysarthria,7495053719969565982
data\processed\final\dysarthria\7495053719969565982_seg_051.wav,dysarthria,7495053719969565982
data\processed\final\dysarthria\7495053719969565982_seg_052.wav,dysarthria,7495053719969565982
data\processed\final\dysarthria\7495053719969565982_seg_053.wav,dysarthria,7495053719969565982
data\processed\final\dysarthria\7495053719969565982_seg_054.wav,dysarthria,7495053719969565982
data\processed\final\dysarthria\7495053719969565982_seg_055.wav,dysarthria,7495053719969565982
data\processed\final\dysarthria\7495053719969565982_seg_056.wav,dysarthria,7495053719969565982
data\processed\final\dysarthria\7495053719969565982_seg_057.wav,dysarthria,7495053719969565982
data\processed\final\dysarthria\7495053719969565982_seg_058.wav,dysarthria,7495053719969565982
data\processed\final\dysarthria\7495053719969565982_seg_059.wav,dysarthria,7495053719969565982
data\processed\final\dysarthria\7495053719969565982_seg_060.wav,dysarthria,7495053719969565982
data\processed\final\dysarthria\7495053719969565982_seg_061.wav,dysarthria,7495053719969565982
data\processed\final\dysarthria\7495053719969565982_seg_062.wav,dysarthria,7495053719969565982
data\processed\final\dysarthria\7495053719969565982_seg_063.wav,dysarthria,7495053719969565982
data\processed\final\dysarthria\7495053719969565982_seg_064.wav,dysarthria,7495053719969565982
data\processed\final\dysarthria\7495053719969565982_seg_065.wav,dysarthria,7495053719969565982
data\processed\final\dysarthria\7495053719969565982_seg_066.wav,dysarthria,7495053719969565982
data\processed\final\dysarthria\7495053719969565982_seg_067.wav,dysarthria,7495053719969565982
data\processed\final\dysarthria\7495053719969565982_seg_068.wav,dysarthria,7495053719969565982
data\processed\final\dysarthria\7495053719969565982_seg_069.wav,dysarthria,7495053719969565982
data\processed\final\dysarthria\7495053719969565982_seg_070.wav,dysarthria,7495053719969565982
data\processed\final\dysarthria\7495053719969565982_seg_071.wav,dysarthria,7495053719969565982
data\processed\final\dysarthria\7495053719969565982_seg_072.wav,dysarthria,7495053719969565982
data\processed\final\dysarthria\7495053719969565982_seg_073.wav,dysarthria,7495053719969565982
data\processed\final\dysarthria\7495053719969565982_seg_074.wav,dysarthria,7495053719969565982
data\processed\final\dysarthria\7495053719969565982_seg_075.wav,dysarthria,7495053719969565982
data\processed\final\dysarthria\7495053719969565982_seg_076.wav,dysarthria,7495053719969565982
data\processed\final\dysarthria\7495053719969565982_seg_077.wav,dysarthria,7495053719969565982
data\processed\final\dysarthria\7495053719969565982_seg_078.wav,dysarthria,7495053719969565982
data\processed\final\dysarthria\7495053719969565982_seg_079.wav,dysarthria,7495053719969565982
data\processed\final\dysarthria\7495053719969565982_seg_080.wav,dysarthria,7495053719969565982
data\processed\final\dysarthria\7495053719969565982_seg_081.wav,dysarthria,7495053719969565982
data\processed\final\dysarthria\7495053719969565982_seg_082.wav,dysarthria,7495053719969565982
data\processed\final\dysarthria\7495053719969565982_seg_083.wav,dysarthria,7495053719969565982
data\processed\final\dysarthria\7495053719969565982_seg_084.wav,dysarthria,7495053719969565982
data\processed\final\dysarthria\7495053719969565982_seg_085.wav,dysarthria,7495053719969565982
data\processed\final\dysarthria\7495053719969565982_seg_086.wav,dysarthria,7495053719969565982
data\processed\final\dysarthria\7495053719969565982_seg_087.wav,dysarthria,7495053719969565982
data\processed\final\dysarthria\7495053719969565982_seg_088.wav,dysarthria,7495053719969565982
data\processed\final\dysarthria\7495053719969565982_seg_089.wav,dysarthria,7495053719969565982
data\processed\final\dysarthria\7495053719969565982_seg_090.wav,dysarthria,7495053719969565982
data\processed\final\dysarthria\7495053719969565982_seg_091.wav,dysarthria,7495053719969565982
data\processed\final\dysarthria\7495053719969565982_seg_092.wav,dysarthria,7495053719969565982
data\processed\final\dysarthria\7498077244795948319_seg_000.wav,dysarthria,7498077244795948319
data\processed\final\dysarthria\7498077244795948319_seg_001.wav,dysarthria,7498077244795948319
data\processed\final\dysarthria\7498077244795948319_seg_002.wav,dysarthria,7498077244795948319
data\processed\final\dysarthria\7498077244795948319_seg_003.wav,dysarthria,7498077244795948319
data\processed\final\dysarthria\7498077244795948319_seg_004.wav,dysarthria,7498077244795948319
data\processed\final\dysarthria\7498077244795948319_seg_005.wav,dysarthria,7498077244795948319
data\processed\final\dysarthria\7498077244795948319_seg_006.wav,dysarthria,7498077244795948319
data\processed\final\dysarthria\7498077244795948319_seg_007.wav,dysarthria,7498077244795948319
data\processed\final\dysarthria\7498077244795948319_seg_008.wav,dysarthria,7498077244795948319
data\processed\final\dysarthria\7498077244795948319_seg_009.wav,dysarthria,7498077244795948319
data\processed\final\dysarthria\7498077244795948319_seg_010.wav,dysarthria,7498077244795948319
data\processed\final\dysarthria\7498077244795948319_seg_011.wav,dysarthria,7498077244795948319
data\processed\final\dysarthria\7498077244795948319_seg_012.wav,dysarthria,7498077244795948319
data\processed\final\dysarthria\7498077244795948319_seg_013.wav,dysarthria,7498077244795948319
data\processed\final\dysarthria\7498077244795948319_seg_014.wav,dysarthria,7498077244795948319
data\processed\final\dysarthria\7498077244795948319_seg_015.wav,dysarthria,7498077244795948319
data\processed\final\dysarthria\7498077244795948319_seg_016.wav,dysarthria,7498077244795948319
data\processed\final\dysarthria\7498077244795948319_seg_017.wav,dysarthria,7498077244795948319
data\processed\final\dysarthria\7498077244795948319_seg_023.wav,dysarthria,7498077244795948319
data\processed\final\dysarthria\7498077244795948319_seg_024.wav,dysarthria,7498077244795948319
data\processed\final\dysarthria\7498077244795948319_seg_025.wav,dysarthria,7498077244795948319
data\processed\final\dysarthria\7498077244795948319_seg_026.wav,dysarthria,7498077244795948319
data\processed\final\dysarthria\7498077244795948319_seg_027.wav,dysarthria,7498077244795948319
data\processed\final\dysarthria\7498077244795948319_seg_028.wav,dysarthria,7498077244795948319
data\processed\final\dysarthria\7498077244795948319_seg_029.wav,dysarthria,7498077244795948319
data\processed\final\dysarthria\7498077244795948319_seg_030.wav,dysarthria,7498077244795948319
data\processed\final\dysarthria\7498077244795948319_seg_031.wav,dysarthria,7498077244795948319
data\processed\final\dysarthria\7498077244795948319_seg_032.wav,dysarthria,7498077244795948319
data\processed\final\dysarthria\7498077244795948319_seg_033.wav,dysarthria,7498077244795948319
data\processed\final\dysarthria\7502223173572709662_seg_000.wav,dysarthria,7502223173572709662
data\processed\final\dysarthria\7502223173572709662_seg_001.wav,dysarthria,7502223173572709662
data\processed\final\dysarthria\7502223173572709662_seg_002.wav,dysarthria,7502223173572709662
data\processed\final\dysarthria\7502223173572709662_seg_003.wav,dysarthria,7502223173572709662
data\processed\final\dysarthria\7502223173572709662_seg_004.wav,dysarthria,7502223173572709662
data\processed\final\dysarthria\7502223173572709662_seg_005.wav,dysarthria,7502223173572709662
data\processed\final\dysarthria\7502223173572709662_seg_006.wav,dysarthria,7502223173572709662
data\processed\final\dysarthria\7502223173572709662_seg_007.wav,dysarthria,7502223173572709662
data\processed\final\dysarthria\7502223173572709662_seg_008.wav,dysarthria,7502223173572709662
data\processed\final\dysarthria\7502223173572709662_seg_009.wav,dysarthria,7502223173572709662
data\processed\final\dysarthria\7502223173572709662_seg_010.wav,dysarthria,7502223173572709662
data\processed\final\dysarthria\7502223173572709662_seg_011.wav,dysarthria,7502223173572709662
data\processed\final\dysarthria\7502223173572709662_seg_012.wav,dysarthria,7502223173572709662
data\processed\final\dysarthria\7502223173572709662_seg_013.wav,dysarthria,7502223173572709662
data\processed\final\dysarthria\7502223173572709662_seg_014.wav,dysarthria,7502223173572709662
data\processed\final\dysarthria\7502223173572709662_seg_015.wav,dysarthria,7502223173572709662
data\processed\final\dysarthria\7502223173572709662_seg_016.wav,dysarthria,7502223173572709662
data\processed\final\dysarthria\7502223173572709662_seg_017.wav,dysarthria,7502223173572709662
data\processed\final\dysarthria\7502223173572709662_seg_018.wav,dysarthria,7502223173572709662
data\processed\final\dysarthria\7502223173572709662_seg_019.wav,dysarthria,7502223173572709662
data\processed\final\dysarthria\7502223173572709662_seg_020.wav,dysarthria,7502223173572709662
data\processed\final\dysarthria\7502223173572709662_seg_021.wav,dysarthria,7502223173572709662
data\processed\final\dysarthria\7502223173572709662_seg_022.wav,dysarthria,7502223173572709662
data\processed\final\dysarthria\7502223173572709662_seg_023.wav,dysarthria,7502223173572709662
data\processed\final\dysarthria\7502223173572709662_seg_024.wav,dysarthria,7502223173572709662
data\processed\final\dysarthria\7502223173572709662_seg_025.wav,dysarthria,7502223173572709662
data\processed\final\dysarthria\7502223173572709662_seg_026.wav,dysarthria,7502223173572709662
data\processed\final\dysarthria\7502223173572709662_seg_027.wav,dysarthria,7502223173572709662
data\processed\final\dysarthria\7502223173572709662_seg_028.wav,dysarthria,7502223173572709662
data\processed\final\dysarthria\7502223173572709662_seg_029.wav,dysarthria,7502223173572709662
data\processed\final\dysarthria\7502223173572709662_seg_030.wav,dysarthria,7502223173572709662
data\processed\final\dysarthria\7502223173572709662_seg_031.wav,dysarthria,7502223173572709662
data\processed\final\dysarthria\7502223173572709662_seg_032.wav,dysarthria,7502223173572709662
data\processed\final\dysarthria\7502223173572709662_seg_033.wav,dysarthria,7502223173572709662
data\processed\final\dysarthria\7502223173572709662_seg_034.wav,dysarthria,7502223173572709662
data\processed\final\dysarthria\7502223173572709662_seg_035.wav,dysarthria,7502223173572709662
data\processed\final\dysarthria\7502223173572709662_seg_036.wav,dysarthria,7502223173572709662
data\processed\final\dysarthria\7502223173572709662_seg_037.wav,dysarthria,7502223173572709662
data\processed\final\dysarthria\7502223173572709662_seg_038.wav,dysarthria,7502223173572709662
data\processed\final\dysarthria\7502223173572709662_seg_039.wav,dysarthria,7502223173572709662
data\processed\final\dysarthria\7502223173572709662_seg_040.wav,dysarthria,7502223173572709662
data\processed\final\dysarthria\7502223173572709662_seg_041.wav,dysarthria,7502223173572709662
data\processed\final\dysarthria\7502223173572709662_seg_042.wav,dysarthria,7502223173572709662
data\processed\final\dysarthria\7502223173572709662_seg_043.wav,dysarthria,7502223173572709662
data\processed\final\dysarthria\7502223173572709662_seg_044.wav,dysarthria,7502223173572709662
data\processed\final\dysarthria\7502223173572709662_seg_045.wav,dysarthria,7502223173572709662
data\processed\final\dysarthria\7502223173572709662_seg_046.wav,dysarthria,7502223173572709662
data\processed\final\dysarthria\7502223173572709662_seg_047.wav,dysarthria,7502223173572709662
data\processed\final\dysarthria\7502223173572709662_seg_048.wav,dysarthria,7502223173572709662
data\processed\final\dysarthria\7502223173572709662_seg_049.wav,dysarthria,7502223173572709662
data\processed\final\dysarthria\7502223173572709662_seg_050.wav,dysarthria,7502223173572709662
data\processed\final\dysarthria\7502223173572709662_seg_051.wav,dysarthria,7502223173572709662
data\processed\final\dysarthria\7502223173572709662_seg_052.wav,dysarthria,7502223173572709662
data\processed\final\dysarthria\7502223173572709662_seg_053.wav,dysarthria,7502223173572709662
data\processed\final\dysarthria\7502223173572709662_seg_054.wav,dysarthria,7502223173572709662
data\processed\final\dysarthria\7502223173572709662_seg_055.wav,dysarthria,7502223173572709662
data\processed\final\dysarthria\7502223173572709662_seg_056.wav,dysarthria,7502223173572709662
data\processed\final\dysarthria\7502223173572709662_seg_057.wav,dysarthria,7502223173572709662
data\processed\final\dysarthria\7502223173572709662_seg_058.wav,dysarthria,7502223173572709662
data\processed\final\dysarthria\7502223173572709662_seg_059.wav,dysarthria,7502223173572709662
data\processed\final\dysarthria\7502223173572709662_seg_060.wav,dysarthria,7502223173572709662
data\processed\final\dysarthria\7502223173572709662_seg_061.wav,dysarthria,7502223173572709662
data\processed\final\dysarthria\7502223173572709662_seg_062.wav,dysarthria,7502223173572709662
data\processed\final\dysarthria\7502223173572709662_seg_063.wav,dysarthria,7502223173572709662
data\processed\final\dysarthria\7502223173572709662_seg_064.wav,dysarthria,7502223173572709662
data\processed\final\dysarthria\7502223173572709662_seg_065.wav,dysarthria,7502223173572709662
data\processed\final\dysarthria\7502223173572709662_seg_066.wav,dysarthria,7502223173572709662
data\processed\final\dysarthria\7502223173572709662_seg_067.wav,dysarthria,7502223173572709662
data\processed\final\dysarthria\7502223173572709662_seg_068.wav,dysarthria,7502223173572709662
data\processed\final\dysarthria\7502223173572709662_seg_069.wav,dysarthria,7502223173572709662
data\processed\final\dysarthria\7502223173572709662_seg_070.wav,dysarthria,7502223173572709662
data\processed\final\dysarthria\7502223173572709662_seg_071.wav,dysarthria,7502223173572709662
data\processed\final\dysarthria\7502223173572709662_seg_072.wav,dysarthria,7502223173572709662
data\processed\final\dysarthria\7502223173572709662_seg_073.wav,dysarthria,7502223173572709662
data\processed\final\dysarthria\7502223173572709662_seg_074.wav,dysarthria,7502223173572709662
data\processed\final\dysarthria\7502223173572709662_seg_075.wav,dysarthria,7502223173572709662
data\processed\final\dysarthria\7502223173572709662_seg_076.wav,dysarthria,7502223173572709662
data\processed\final\dysarthria\7502223173572709662_seg_077.wav,dysarthria,7502223173572709662
data\processed\final\dysarthria\7502223173572709662_seg_078.wav,dysarthria,7502223173572709662
data\processed\final\dysarthria\7502223173572709662_seg_079.wav,dysarthria,7502223173572709662
data\processed\final\dysarthria\7502223173572709662_seg_080.wav,dysarthria,7502223173572709662
data\processed\final\dysarthria\7502223173572709662_seg_081.wav,dysarthria,7502223173572709662
data\processed\final\dysarthria\7502223173572709662_seg_082.wav,dysarthria,7502223173572709662
data\processed\final\dysarthria\7502223173572709662_seg_083.wav,dysarthria,7502223173572709662
data\processed\final\dysarthria\7502223173572709662_seg_084.wav,dysarthria,7502223173572709662
data\processed\final\dysarthria\7502223173572709662_seg_085.wav,dysarthria,7502223173572709662
data\processed\final\dysarthria\7502223173572709662_seg_086.wav,dysarthria,7502223173572709662
data\processed\final\dysarthria\7502223173572709662_seg_087.wav,dysarthria,7502223173572709662
data\processed\final\dysarthria\7502223173572709662_seg_088.wav,dysarthria,7502223173572709662
data\processed\final\dysarthria\7502223173572709662_seg_089.wav,dysarthria,7502223173572709662
data\processed\final\dysarthria\7502223173572709662_seg_090.wav,dysarthria,7502223173572709662
data\processed\final\dysarthria\7502223173572709662_seg_091.wav,dysarthria,7502223173572709662
data\processed\final\dysarthria\7502223173572709662_seg_092.wav,dysarthria,7502223173572709662
data\processed\final\dysarthria\7502223173572709662_seg_093.wav,dysarthria,7502223173572709662
data\processed\final\dysarthria\7502223173572709662_seg_094.wav,dysarthria,7502223173572709662
data\processed\final\dysarthria\7502223173572709662_seg_095.wav,dysarthria,7502223173572709662
data\processed\final\dysarthria\7502223173572709662_seg_096.wav,dysarthria,7502223173572709662
data\processed\final\dysarthria\7502223173572709662_seg_097.wav,dysarthria,7502223173572709662
data\processed\final\dysarthria\7502223173572709662_seg_098.wav,dysarthria,7502223173572709662
data\processed\final\dysarthria\7502223173572709662_seg_099.wav,dysarthria,7502223173572709662
data\processed\final\dysarthria\7502223173572709662_seg_100.wav,dysarthria,7502223173572709662
data\processed\final\dysarthria\7502223173572709662_seg_101.wav,dysarthria,7502223173572709662
data\processed\final\dysarthria\7502223173572709662_seg_102.wav,dysarthria,7502223173572709662
data\processed\final\dysarthria\7502223173572709662_seg_103.wav,dysarthria,7502223173572709662
data\processed\final\dysarthria\7502223173572709662_seg_104.wav,dysarthria,7502223173572709662
data\processed\final\dysarthria\7502223173572709662_seg_105.wav,dysarthria,7502223173572709662
data\processed\final\dysarthria\7502223173572709662_seg_106.wav,dysarthria,7502223173572709662
data\processed\final\dysarthria\7502223173572709662_seg_107.wav,dysarthria,7502223173572709662
data\processed\final\dysarthria\7502223173572709662_seg_108.wav,dysarthria,7502223173572709662
data\processed\final\dysarthria\7502223173572709662_seg_109.wav,dysarthria,7502223173572709662
data\processed\final\dysarthria\7502223173572709662_seg_110.wav,dysarthria,7502223173572709662
data\processed\final\dysarthria\7502223173572709662_seg_111.wav,dysarthria,7502223173572709662
data\processed\final\dysarthria\7502223173572709662_seg_112.wav,dysarthria,7502223173572709662
data\processed\final\dysarthria\7502223173572709662_seg_113.wav,dysarthria,7502223173572709662
data\processed\final\dysarthria\7502223173572709662_seg_114.wav,dysarthria,7502223173572709662
data\processed\final\dysarthria\7502223173572709662_seg_115.wav,dysarthria,7502223173572709662
data\processed\final\dysarthria\7502223173572709662_seg_116.wav,dysarthria,7502223173572709662
data\processed\final\dysarthria\7502223173572709662_seg_117.wav,dysarthria,7502223173572709662
data\processed\final\dysarthria\7502223173572709662_seg_118.wav,dysarthria,7502223173572709662
data\processed\final\dysarthria\7502223173572709662_seg_119.wav,dysarthria,7502223173572709662
data\processed\final\dysarthria\7502223173572709662_seg_120.wav,dysarthria,7502223173572709662
data\processed\final\dysarthria\7502223173572709662_seg_121.wav,dysarthria,7502223173572709662
data\processed\final\dysarthria\7502223173572709662_seg_122.wav,dysarthria,7502223173572709662
data\processed\final\dysarthria\7502223173572709662_seg_123.wav,dysarthria,7502223173572709662
data\processed\final\dysarthria\7502223173572709662_seg_124.wav,dysarthria,7502223173572709662
data\processed\final\dysarthria\7502223173572709662_seg_125.wav,dysarthria,7502223173572709662
data\processed\final\dysarthria\7502223173572709662_seg_126.wav,dysarthria,7502223173572709662
data\processed\final\dysarthria\7502223173572709662_seg_127.wav,dysarthria,7502223173572709662
data\processed\final\dysarthria\7502223173572709662_seg_128.wav,dysarthria,7502223173572709662
data\processed\final\dysarthria\7502223173572709662_seg_129.wav,dysarthria,7502223173572709662
data\processed\final\dysarthria\7502223173572709662_seg_130.wav,dysarthria,7502223173572709662
data\processed\final\dysarthria\7502223173572709662_seg_131.wav,dysarthria,7502223173572709662
data\processed\final\dysarthria\7502223173572709662_seg_132.wav,dysarthria,7502223173572709662
data\processed\final\dysarthria\7502223173572709662_seg_133.wav,dysarthria,7502223173572709662
data\processed\final\dysarthria\7502223173572709662_seg_134.wav,dysarthria,7502223173572709662
data\processed\final\dysarthria\7502223173572709662_seg_135.wav,dysarthria,7502223173572709662
data\processed\final\dysarthria\7502223173572709662_seg_136.wav,dysarthria,7502223173572709662
data\processed\final\dysarthria\7502223173572709662_seg_137.wav,dysarthria,7502223173572709662
data\processed\final\dysarthria\7502223173572709662_seg_138.wav,dysarthria,7502223173572709662
data\processed\final\dysarthria\7502223173572709662_seg_139.wav,dysarthria,7502223173572709662
data\processed\final\dysarthria\7502223173572709662_seg_140.wav,dysarthria,7502223173572709662
data\processed\final\dysarthria\7502223173572709662_seg_141.wav,dysarthria,7502223173572709662
data\processed\final\dysarthria\7502223173572709662_seg_142.wav,dysarthria,7502223173572709662
data\processed\final\dysarthria\7502223173572709662_seg_143.wav,dysarthria,7502223173572709662
data\processed\final\dysarthria\7502223173572709662_seg_144.wav,dysarthria,7502223173572709662
data\processed\final\dysarthria\7502223173572709662_seg_145.wav,dysarthria,7502223173572709662
data\processed\final\dysarthria\7502223173572709662_seg_146.wav,dysarthria,7502223173572709662
data\processed\final\dysarthria\7502223173572709662_seg_147.wav,dysarthria,7502223173572709662
data\processed\final\dysarthria\7502223173572709662_seg_148.wav,dysarthria,7502223173572709662
data\processed\final\dysarthria\7502223173572709662_seg_149.wav,dysarthria,7502223173572709662
data\processed\final\dysarthria\7502223173572709662_seg_150.wav,dysarthria,7502223173572709662
data\processed\final\dysarthria\7502223173572709662_seg_151.wav,dysarthria,7502223173572709662
data\processed\final\dysarthria\7502223173572709662_seg_152.wav,dysarthria,7502223173572709662
data\processed\final\dysarthria\7502223173572709662_seg_153.wav,dysarthria,7502223173572709662
data\processed\final\dysarthria\7502223173572709662_seg_154.wav,dysarthria,7502223173572709662
data\processed\final\dysarthria\7502223173572709662_seg_155.wav,dysarthria,7502223173572709662
data\processed\final\dysarthria\7502223173572709662_seg_156.wav,dysarthria,7502223173572709662
data\processed\final\dysarthria\7502223173572709662_seg_157.wav,dysarthria,7502223173572709662
data\processed\final\dysarthria\7502223173572709662_seg_158.wav,dysarthria,7502223173572709662
data\processed\final\dysarthria\7502223173572709662_seg_159.wav,dysarthria,7502223173572709662
data\processed\final\dysarthria\7502223173572709662_seg_160.wav,dysarthria,7502223173572709662
data\processed\final\dysarthria\7502223173572709662_seg_161.wav,dysarthria,7502223173572709662
data\processed\final\dysarthria\7502223173572709662_seg_162.wav,dysarthria,7502223173572709662
data\processed\final\dysarthria\7502223173572709662_seg_163.wav,dysarthria,7502223173572709662
data\processed\final\dysarthria\7502223173572709662_seg_164.wav,dysarthria,7502223173572709662
data\processed\final\dysarthria\7502223173572709662_seg_165.wav,dysarthria,7502223173572709662
data\processed\final\dysarthria\7502223173572709662_seg_166.wav,dysarthria,7502223173572709662
data\processed\final\dysarthria\7502223173572709662_seg_167.wav,dysarthria,7502223173572709662
data\processed\final\dysarthria\7502223173572709662_seg_168.wav,dysarthria,7502223173572709662
data\processed\final\dysarthria\7502223173572709662_seg_169.wav,dysarthria,7502223173572709662
data\processed\final\dysarthria\7502223173572709662_seg_170.wav,dysarthria,7502223173572709662
data\processed\final\dysarthria\7502223173572709662_seg_171.wav,dysarthria,7502223173572709662
data\processed\final\dysarthria\7502223173572709662_seg_172.wav,dysarthria,7502223173572709662
data\processed\final\dysarthria\7502223173572709662_seg_173.wav,dysarthria,7502223173572709662
data\processed\final\dysarthria\7502223173572709662_seg_174.wav,dysarthria,7502223173572709662
data\processed\final\dysarthria\7502223173572709662_seg_175.wav,dysarthria,7502223173572709662
data\processed\final\dysarthria\7502223173572709662_seg_176.wav,dysarthria,7502223173572709662
data\processed\final\dysarthria\7502223173572709662_seg_177.wav,dysarthria,7502223173572709662
data\processed\final\dysarthria\7502223173572709662_seg_178.wav,dysarthria,7502223173572709662
data\processed\final\dysarthria\7502223173572709662_seg_179.wav,dysarthria,7502223173572709662
data\processed\final\dysarthria\7502223173572709662_seg_180.wav,dysarthria,7502223173572709662
data\processed\final\dysarthria\7502223173572709662_seg_181.wav,dysarthria,7502223173572709662
data\processed\final\dysarthria\7502223173572709662_seg_182.wav,dysarthria,7502223173572709662
data\processed\final\dysarthria\7502223173572709662_seg_183.wav,dysarthria,7502223173572709662
data\processed\final\dysarthria\7502223173572709662_seg_184.wav,dysarthria,7502223173572709662
data\processed\final\dysarthria\7502223173572709662_seg_185.wav,dysarthria,7502223173572709662
data\processed\final\dysarthria\7502223173572709662_seg_186.wav,dysarthria,7502223173572709662
data\processed\final\dysarthria\7502223173572709662_seg_187.wav,dysarthria,7502223173572709662
data\processed\final\dysarthria\7502223173572709662_seg_188.wav,dysarthria,7502223173572709662
data\processed\final\dysarthria\7502223173572709662_seg_189.wav,dysarthria,7502223173572709662
data\processed\final\dysarthria\7502223173572709662_seg_190.wav,dysarthria,7502223173572709662
data\processed\final\dysarthria\7502223173572709662_seg_191.wav,dysarthria,7502223173572709662
data\processed\final\dysarthria\7502223173572709662_seg_192.wav,dysarthria,7502223173572709662
data\processed\final\dysarthria\7512245226635824402_seg_000.wav,dysarthria,7512245226635824402
data\processed\final\dysarthria\7512245226635824402_seg_001.wav,dysarthria,7512245226635824402
data\processed\final\dysarthria\7512245226635824402_seg_002.wav,dysarthria,7512245226635824402
data\processed\final\dysarthria\7512245226635824402_seg_003.wav,dysarthria,7512245226635824402
data\processed\final\dysarthria\7512245226635824402_seg_004.wav,dysarthria,7512245226635824402
data\processed\final\dysarthria\7512245226635824402_seg_005.wav,dysarthria,7512245226635824402
data\processed\final\dysarthria\7512245226635824402_seg_006.wav,dysarthria,7512245226635824402
data\processed\final\dysarthria\7512245226635824402_seg_007.wav,dysarthria,7512245226635824402
data\processed\final\dysarthria\7512245226635824402_seg_008.wav,dysarthria,7512245226635824402
data\processed\final\dysarthria\7512245226635824402_seg_009.wav,dysarthria,7512245226635824402
data\processed\final\dysarthria\7512245226635824402_seg_010.wav,dysarthria,7512245226635824402
data\processed\final\dysarthria\7512245226635824402_seg_011.wav,dysarthria,7512245226635824402
data\processed\final\dysarthria\7512245226635824402_seg_012.wav,dysarthria,7512245226635824402
data\processed\final\dysarthria\7512245226635824402_seg_013.wav,dysarthria,7512245226635824402
data\processed\final\dysarthria\7512245226635824402_seg_014.wav,dysarthria,7512245226635824402
data\processed\final\dysarthria\7512245226635824402_seg_015.wav,dysarthria,7512245226635824402
data\processed\final\dysarthria\7512245226635824402_seg_016.wav,dysarthria,7512245226635824402
data\processed\final\dysarthria\7512245226635824402_seg_017.wav,dysarthria,7512245226635824402
data\processed\final\dysarthria\7512245226635824402_seg_018.wav,dysarthria,7512245226635824402
data\processed\final\dysarthria\7598031762538728734_seg_000.wav,dysarthria,7598031762538728734
data\processed\final\dysarthria\7598031762538728734_seg_000__low_rms_too_quiet.wav,dysarthria,7598031762538728734
data\processed\final\dysarthria\7598031762538728734_seg_001.wav,dysarthria,7598031762538728734
data\processed\final\dysarthria\7598031762538728734_seg_001__low_rms_too_quiet.wav,dysarthria,7598031762538728734
data\processed\final\dysarthria\7598031762538728734_seg_002.wav,dysarthria,7598031762538728734
data\processed\final\dysarthria\7598031762538728734_seg_002__too_quiet.wav,dysarthria,7598031762538728734
data\processed\final\dysarthria\7598031762538728734_seg_003.wav,dysarthria,7598031762538728734
data\processed\final\dysarthria\7598031762538728734_seg_003__low_rms_too_quiet.wav,dysarthria,7598031762538728734
data\processed\final\dysarthria\7598031762538728734_seg_004.wav,dysarthria,7598031762538728734
data\processed\final\dysarthria\7598031762538728734_seg_004__low_rms_too_quiet.wav,dysarthria,7598031762538728734
data\processed\final\dysarthria\7598031762538728734_seg_008__low_rms_too_quiet.wav,dysarthria,7598031762538728734
data\processed\final\dysarthria\7632656624234056968_seg_002.wav,dysarthria,7632656624234056968
data\processed\final\dysarthria\7632656624234056968_seg_004.wav,dysarthria,7632656624234056968
data\processed\final\dysarthria\7632656624234056968_seg_004__low_rms_too_quiet.wav,dysarthria,7632656624234056968
data\processed\final\dysarthria\7632656624234056968_seg_015.wav,dysarthria,7632656624234056968
data\processed\final\dysarthria\7632656624234056968_seg_015__too_quiet.wav,dysarthria,7632656624234056968
data\processed\final\dysarthria\7632725942745713928_seg_000.wav,dysarthria,7632725942745713928
data\processed\final\dysarthria\7632725942745713928_seg_001.wav,dysarthria,7632725942745713928
data\processed\final\dysarthria\7632725942745713928_seg_002.wav,dysarthria,7632725942745713928
data\processed\final\dysarthria\7632725942745713928_seg_003.wav,dysarthria,7632725942745713928
data\processed\final\dysarthria\7632725942745713928_seg_005.wav,dysarthria,7632725942745713928
data\processed\final\dysarthria\7BnGxeMAM_s_seg_000.wav,dysarthria,7BnGxeMAM_s
data\processed\final\dysarthria\7BnGxeMAM_s_seg_001.wav,dysarthria,7BnGxeMAM_s
data\processed\final\dysarthria\7BnGxeMAM_s_seg_010.wav,dysarthria,7BnGxeMAM_s
data\processed\final\dysarthria\7BnGxeMAM_s_seg_011.wav,dysarthria,7BnGxeMAM_s
data\processed\final\dysarthria\7BnGxeMAM_s_seg_012.wav,dysarthria,7BnGxeMAM_s
data\processed\final\dysarthria\7BnGxeMAM_s_seg_016.wav,dysarthria,7BnGxeMAM_s
data\processed\final\dysarthria\7BnGxeMAM_s_seg_017.wav,dysarthria,7BnGxeMAM_s
data\processed\final\dysarthria\7BnGxeMAM_s_seg_019.wav,dysarthria,7BnGxeMAM_s
data\processed\final\dysarthria\7BnGxeMAM_s_seg_020.wav,dysarthria,7BnGxeMAM_s
data\processed\final\dysarthria\7BnGxeMAM_s_seg_029.wav,dysarthria,7BnGxeMAM_s
data\processed\final\dysarthria\7BnGxeMAM_s_seg_030.wav,dysarthria,7BnGxeMAM_s
data\processed\final\dysarthria\7BnGxeMAM_s_seg_031.wav,dysarthria,7BnGxeMAM_s
data\processed\final\dysarthria\7BnGxeMAM_s_seg_032.wav,dysarthria,7BnGxeMAM_s
data\processed\final\dysarthria\7BnGxeMAM_s_seg_038.wav,dysarthria,7BnGxeMAM_s
data\processed\final\dysarthria\7BnGxeMAM_s_seg_039.wav,dysarthria,7BnGxeMAM_s
data\processed\final\dysarthria\7BnGxeMAM_s_seg_040.wav,dysarthria,7BnGxeMAM_s
data\processed\final\dysarthria\7BnGxeMAM_s_seg_041.wav,dysarthria,7BnGxeMAM_s
data\processed\final\dysarthria\7BnGxeMAM_s_seg_044.wav,dysarthria,7BnGxeMAM_s
data\processed\final\dysarthria\7BnGxeMAM_s_seg_045.wav,dysarthria,7BnGxeMAM_s
data\processed\final\dysarthria\7BnGxeMAM_s_seg_046.wav,dysarthria,7BnGxeMAM_s
data\processed\final\dysarthria\7BnGxeMAM_s_seg_047.wav,dysarthria,7BnGxeMAM_s
data\processed\final\dysarthria\7BnGxeMAM_s_seg_051.wav,dysarthria,7BnGxeMAM_s
data\processed\final\dysarthria\7BnGxeMAM_s_seg_052.wav,dysarthria,7BnGxeMAM_s
data\processed\final\dysarthria\7BnGxeMAM_s_seg_053.wav,dysarthria,7BnGxeMAM_s
data\processed\final\dysarthria\7BnGxeMAM_s_seg_058.wav,dysarthria,7BnGxeMAM_s
data\processed\final\dysarthria\7BnGxeMAM_s_seg_061.wav,dysarthria,7BnGxeMAM_s
data\processed\final\dysarthria\7BnGxeMAM_s_seg_063.wav,dysarthria,7BnGxeMAM_s
data\processed\final\dysarthria\7BnGxeMAM_s_seg_064.wav,dysarthria,7BnGxeMAM_s
data\processed\final\dysarthria\7BnGxeMAM_s_seg_069.wav,dysarthria,7BnGxeMAM_s
data\processed\final\dysarthria\7BnGxeMAM_s_seg_070.wav,dysarthria,7BnGxeMAM_s
data\processed\final\dysarthria\7BnGxeMAM_s_seg_075.wav,dysarthria,7BnGxeMAM_s
data\processed\final\dysarthria\7BnGxeMAM_s_seg_076.wav,dysarthria,7BnGxeMAM_s
data\processed\final\dysarthria\7BnGxeMAM_s_seg_077.wav,dysarthria,7BnGxeMAM_s
data\processed\final\dysarthria\7BnGxeMAM_s_seg_078.wav,dysarthria,7BnGxeMAM_s
data\processed\final\dysarthria\7BnGxeMAM_s_seg_079.wav,dysarthria,7BnGxeMAM_s
data\processed\final\dysarthria\7BnGxeMAM_s_seg_080.wav,dysarthria,7BnGxeMAM_s
data\processed\final\dysarthria\7BnGxeMAM_s_seg_081.wav,dysarthria,7BnGxeMAM_s
data\processed\final\dysarthria\7BnGxeMAM_s_seg_082.wav,dysarthria,7BnGxeMAM_s
data\processed\final\dysarthria\7BnGxeMAM_s_seg_083.wav,dysarthria,7BnGxeMAM_s
data\processed\final\dysarthria\7BnGxeMAM_s_seg_084.wav,dysarthria,7BnGxeMAM_s
data\processed\final\dysarthria\7BnGxeMAM_s_seg_085.wav,dysarthria,7BnGxeMAM_s
data\processed\final\dysarthria\7BnGxeMAM_s_seg_086.wav,dysarthria,7BnGxeMAM_s
data\processed\final\dysarthria\7BnGxeMAM_s_seg_087.wav,dysarthria,7BnGxeMAM_s
data\processed\final\dysarthria\7BnGxeMAM_s_seg_088.wav,dysarthria,7BnGxeMAM_s
data\processed\final\dysarthria\7BnGxeMAM_s_seg_089.wav,dysarthria,7BnGxeMAM_s
data\processed\final\dysarthria\7BnGxeMAM_s_seg_090.wav,dysarthria,7BnGxeMAM_s
data\processed\final\dysarthria\7BnGxeMAM_s_seg_091.wav,dysarthria,7BnGxeMAM_s
data\processed\final\dysarthria\7BnGxeMAM_s_seg_092.wav,dysarthria,7BnGxeMAM_s
data\processed\final\dysarthria\7BnGxeMAM_s_seg_093.wav,dysarthria,7BnGxeMAM_s
data\processed\final\dysarthria\7BnGxeMAM_s_seg_099.wav,dysarthria,7BnGxeMAM_s
data\processed\final\dysarthria\7BnGxeMAM_s_seg_100.wav,dysarthria,7BnGxeMAM_s
data\processed\final\dysarthria\7BnGxeMAM_s_seg_101.wav,dysarthria,7BnGxeMAM_s
data\processed\final\dysarthria\7BnGxeMAM_s_seg_102.wav,dysarthria,7BnGxeMAM_s
data\processed\final\dysarthria\7BnGxeMAM_s_seg_104.wav,dysarthria,7BnGxeMAM_s
data\processed\final\dysarthria\7BnGxeMAM_s_seg_105.wav,dysarthria,7BnGxeMAM_s
data\processed\final\dysarthria\7BnGxeMAM_s_seg_106.wav,dysarthria,7BnGxeMAM_s
data\processed\final\dysarthria\7BnGxeMAM_s_seg_107.wav,dysarthria,7BnGxeMAM_s
data\processed\final\dysarthria\7BnGxeMAM_s_seg_108.wav,dysarthria,7BnGxeMAM_s
data\processed\final\dysarthria\7BnGxeMAM_s_seg_109.wav,dysarthria,7BnGxeMAM_s
data\processed\final\dysarthria\7BnGxeMAM_s_seg_110.wav,dysarthria,7BnGxeMAM_s
data\processed\final\dysarthria\7BnGxeMAM_s_seg_111.wav,dysarthria,7BnGxeMAM_s
data\processed\final\dysarthria\7BnGxeMAM_s_seg_112.wav,dysarthria,7BnGxeMAM_s
data\processed\final\dysarthria\7BnGxeMAM_s_seg_113.wav,dysarthria,7BnGxeMAM_s
data\processed\final\dysarthria\7BnGxeMAM_s_seg_126.wav,dysarthria,7BnGxeMAM_s
data\processed\final\dysarthria\7BnGxeMAM_s_seg_130.wav,dysarthria,7BnGxeMAM_s
data\processed\final\dysarthria\7BnGxeMAM_s_seg_131.wav,dysarthria,7BnGxeMAM_s
data\processed\final\dysarthria\7BnGxeMAM_s_seg_133.wav,dysarthria,7BnGxeMAM_s
data\processed\final\dysarthria\7BnGxeMAM_s_seg_134.wav,dysarthria,7BnGxeMAM_s
data\processed\final\dysarthria\7BnGxeMAM_s_seg_136.wav,dysarthria,7BnGxeMAM_s
data\processed\final\dysarthria\7BnGxeMAM_s_seg_137.wav,dysarthria,7BnGxeMAM_s
data\processed\final\dysarthria\7BnGxeMAM_s_seg_138.wav,dysarthria,7BnGxeMAM_s
data\processed\final\dysarthria\7BnGxeMAM_s_seg_140.wav,dysarthria,7BnGxeMAM_s
data\processed\final\dysarthria\7BnGxeMAM_s_seg_142.wav,dysarthria,7BnGxeMAM_s
data\processed\final\dysarthria\7BnGxeMAM_s_seg_144.wav,dysarthria,7BnGxeMAM_s
data\processed\final\dysarthria\7BnGxeMAM_s_seg_146.wav,dysarthria,7BnGxeMAM_s
data\processed\final\dysarthria\7BnGxeMAM_s_seg_150.wav,dysarthria,7BnGxeMAM_s
data\processed\final\dysarthria\7BnGxeMAM_s_seg_151.wav,dysarthria,7BnGxeMAM_s
data\processed\final\dysarthria\dy8WvykiLto_seg_000.wav,dysarthria,dy8WvykiLto
data\processed\final\dysarthria\dy8WvykiLto_seg_001.wav,dysarthria,dy8WvykiLto
data\processed\final\dysarthria\dy8WvykiLto_seg_002.wav,dysarthria,dy8WvykiLto
data\processed\final\dysarthria\dy8WvykiLto_seg_003.wav,dysarthria,dy8WvykiLto
data\processed\final\dysarthria\dy8WvykiLto_seg_004.wav,dysarthria,dy8WvykiLto
data\processed\final\dysarthria\dy8WvykiLto_seg_005.wav,dysarthria,dy8WvykiLto
data\processed\final\dysarthria\dy8WvykiLto_seg_006.wav,dysarthria,dy8WvykiLto
data\processed\final\dysarthria\dy8WvykiLto_seg_007.wav,dysarthria,dy8WvykiLto
data\processed\final\dysarthria\dy8WvykiLto_seg_008.wav,dysarthria,dy8WvykiLto
data\processed\final\dysarthria\dy8WvykiLto_seg_009.wav,dysarthria,dy8WvykiLto
data\processed\final\dysarthria\dy8WvykiLto_seg_010.wav,dysarthria,dy8WvykiLto
data\processed\final\dysarthria\dy8WvykiLto_seg_011.wav,dysarthria,dy8WvykiLto
data\processed\final\dysarthria\dy8WvykiLto_seg_014.wav,dysarthria,dy8WvykiLto
data\processed\final\dysarthria\dy8WvykiLto_seg_015.wav,dysarthria,dy8WvykiLto
data\processed\final\dysarthria\dy8WvykiLto_seg_016.wav,dysarthria,dy8WvykiLto
data\processed\final\dysarthria\dy8WvykiLto_seg_017.wav,dysarthria,dy8WvykiLto
data\processed\final\dysarthria\dy8WvykiLto_seg_018.wav,dysarthria,dy8WvykiLto
data\processed\final\dysarthria\dy8WvykiLto_seg_020.wav,dysarthria,dy8WvykiLto
data\processed\final\dysarthria\dy8WvykiLto_seg_021.wav,dysarthria,dy8WvykiLto
data\processed\final\dysarthria\IXxruuFwue8_seg_002.wav,dysarthria,IXxruuFwue8
data\processed\final\dysarthria\IXxruuFwue8_seg_003.wav,dysarthria,IXxruuFwue8
data\processed\final\dysarthria\IXxruuFwue8_seg_005.wav,dysarthria,IXxruuFwue8
data\processed\final\dysarthria\IXxruuFwue8_seg_006.wav,dysarthria,IXxruuFwue8
data\processed\final\dysarthria\IXxruuFwue8_seg_009.wav,dysarthria,IXxruuFwue8
data\processed\final\dysarthria\IXxruuFwue8_seg_016.wav,dysarthria,IXxruuFwue8
data\processed\final\dysarthria\IXxruuFwue8_seg_017.wav,dysarthria,IXxruuFwue8
data\processed\final\dysarthria\IXxruuFwue8_seg_018.wav,dysarthria,IXxruuFwue8
data\processed\final\dysarthria\IXxruuFwue8_seg_019.wav,dysarthria,IXxruuFwue8
data\processed\final\dysarthria\IXxruuFwue8_seg_020.wav,dysarthria,IXxruuFwue8
data\processed\final\dysarthria\IXxruuFwue8_seg_021.wav,dysarthria,IXxruuFwue8
data\processed\final\dysarthria\IXxruuFwue8_seg_022.wav,dysarthria,IXxruuFwue8
data\processed\final\dysarthria\IXxruuFwue8_seg_023.wav,dysarthria,IXxruuFwue8
data\processed\final\dysarthria\IXxruuFwue8_seg_024.wav,dysarthria,IXxruuFwue8
data\processed\final\dysarthria\IXxruuFwue8_seg_026.wav,dysarthria,IXxruuFwue8
data\processed\final\dysarthria\IXxruuFwue8_seg_027.wav,dysarthria,IXxruuFwue8
data\processed\final\dysarthria\IXxruuFwue8_seg_028.wav,dysarthria,IXxruuFwue8
data\processed\final\dysarthria\IXxruuFwue8_seg_030.wav,dysarthria,IXxruuFwue8
data\processed\final\dysarthria\IXxruuFwue8_seg_034.wav,dysarthria,IXxruuFwue8
data\processed\final\dysarthria\IXxruuFwue8_seg_039.wav,dysarthria,IXxruuFwue8
data\processed\final\dysarthria\IXxruuFwue8_seg_041.wav,dysarthria,IXxruuFwue8
data\processed\final\dysarthria\IXxruuFwue8_seg_048.wav,dysarthria,IXxruuFwue8
data\processed\final\dysarthria\jPFepAOQg0M_seg_001.wav,dysarthria,jPFepAOQg0M
data\processed\final\dysarthria\jPFepAOQg0M_seg_002.wav,dysarthria,jPFepAOQg0M
data\processed\final\dysarthria\jPFepAOQg0M_seg_003.wav,dysarthria,jPFepAOQg0M
data\processed\final\dysarthria\jPFepAOQg0M_seg_004.wav,dysarthria,jPFepAOQg0M
data\processed\final\dysarthria\jPFepAOQg0M_seg_005.wav,dysarthria,jPFepAOQg0M
data\processed\final\dysarthria\jPFepAOQg0M_seg_006.wav,dysarthria,jPFepAOQg0M
data\processed\final\dysarthria\jPFepAOQg0M_seg_008.wav,dysarthria,jPFepAOQg0M
data\processed\final\dysarthria\jPFepAOQg0M_seg_009.wav,dysarthria,jPFepAOQg0M
data\processed\final\dysarthria\jPFepAOQg0M_seg_010.wav,dysarthria,jPFepAOQg0M
data\processed\final\dysarthria\jPFepAOQg0M_seg_013.wav,dysarthria,jPFepAOQg0M
data\processed\final\dysarthria\jPFepAOQg0M_seg_014.wav,dysarthria,jPFepAOQg0M
data\processed\final\dysarthria\jPFepAOQg0M_seg_015.wav,dysarthria,jPFepAOQg0M
data\processed\final\dysarthria\jPFepAOQg0M_seg_016.wav,dysarthria,jPFepAOQg0M
data\processed\final\dysarthria\jPFepAOQg0M_seg_018.wav,dysarthria,jPFepAOQg0M
data\processed\final\dysarthria\jPFepAOQg0M_seg_019.wav,dysarthria,jPFepAOQg0M
data\processed\final\dysarthria\jPFepAOQg0M_seg_020.wav,dysarthria,jPFepAOQg0M
data\processed\final\dysarthria\jPFepAOQg0M_seg_021.wav,dysarthria,jPFepAOQg0M
data\processed\final\dysarthria\jPFepAOQg0M_seg_022.wav,dysarthria,jPFepAOQg0M
data\processed\final\dysarthria\jPFepAOQg0M_seg_023.wav,dysarthria,jPFepAOQg0M
data\processed\final\dysarthria\jPFepAOQg0M_seg_024.wav,dysarthria,jPFepAOQg0M
data\processed\final\dysarthria\jPFepAOQg0M_seg_025.wav,dysarthria,jPFepAOQg0M
data\processed\final\dysarthria\jPFepAOQg0M_seg_029.wav,dysarthria,jPFepAOQg0M
data\processed\final\dysarthria\jPFepAOQg0M_seg_032.wav,dysarthria,jPFepAOQg0M
data\processed\final\dysarthria\jPFepAOQg0M_seg_033.wav,dysarthria,jPFepAOQg0M
data\processed\final\dysarthria\jPFepAOQg0M_seg_037.wav,dysarthria,jPFepAOQg0M
data\processed\final\dysarthria\jPFepAOQg0M_seg_039.wav,dysarthria,jPFepAOQg0M
data\processed\final\dysarthria\jPFepAOQg0M_seg_050.wav,dysarthria,jPFepAOQg0M
data\processed\final\dysarthria\jPFepAOQg0M_seg_056.wav,dysarthria,jPFepAOQg0M
data\processed\final\dysarthria\KcNTr0KUf5w_seg_000.wav,dysarthria,KcNTr0KUf5w
data\processed\final\dysarthria\KcNTr0KUf5w_seg_001.wav,dysarthria,KcNTr0KUf5w
data\processed\final\dysarthria\KcNTr0KUf5w_seg_002.wav,dysarthria,KcNTr0KUf5w
data\processed\final\dysarthria\KcNTr0KUf5w_seg_003.wav,dysarthria,KcNTr0KUf5w
data\processed\final\dysarthria\KcNTr0KUf5w_seg_004.wav,dysarthria,KcNTr0KUf5w
data\processed\final\dysarthria\KcNTr0KUf5w_seg_005.wav,dysarthria,KcNTr0KUf5w
data\processed\final\dysarthria\KcNTr0KUf5w_seg_006.wav,dysarthria,KcNTr0KUf5w
data\processed\final\dysarthria\KcNTr0KUf5w_seg_007.wav,dysarthria,KcNTr0KUf5w
data\processed\final\dysarthria\KcNTr0KUf5w_seg_008.wav,dysarthria,KcNTr0KUf5w
data\processed\final\dysarthria\KcNTr0KUf5w_seg_009.wav,dysarthria,KcNTr0KUf5w
data\processed\final\dysarthria\KcNTr0KUf5w_seg_010.wav,dysarthria,KcNTr0KUf5w
data\processed\final\dysarthria\KcNTr0KUf5w_seg_011.wav,dysarthria,KcNTr0KUf5w
data\processed\final\dysarthria\KcNTr0KUf5w_seg_012.wav,dysarthria,KcNTr0KUf5w
data\processed\final\dysarthria\KcNTr0KUf5w_seg_013.wav,dysarthria,KcNTr0KUf5w
data\processed\final\dysarthria\lF9Gc8A-AM4_seg_000.wav,dysarthria,lF9Gc8A-AM4
data\processed\final\dysarthria\lF9Gc8A-AM4_seg_002.wav,dysarthria,lF9Gc8A-AM4
data\processed\final\dysarthria\lF9Gc8A-AM4_seg_003.wav,dysarthria,lF9Gc8A-AM4
data\processed\final\dysarthria\lF9Gc8A-AM4_seg_004.wav,dysarthria,lF9Gc8A-AM4
data\processed\final\dysarthria\lF9Gc8A-AM4_seg_005.wav,dysarthria,lF9Gc8A-AM4
data\processed\final\dysarthria\lF9Gc8A-AM4_seg_006.wav,dysarthria,lF9Gc8A-AM4
data\processed\final\dysarthria\mmSBAIRqbes_seg_000.wav,dysarthria,mmSBAIRqbes
data\processed\final\dysarthria\mmSBAIRqbes_seg_001.wav,dysarthria,mmSBAIRqbes
data\processed\final\dysarthria\mmSBAIRqbes_seg_002.wav,dysarthria,mmSBAIRqbes
data\processed\final\dysarthria\mmSBAIRqbes_seg_004.wav,dysarthria,mmSBAIRqbes
data\processed\final\dysarthria\mmSBAIRqbes_seg_005.wav,dysarthria,mmSBAIRqbes
data\processed\final\dysarthria\mmSBAIRqbes_seg_007.wav,dysarthria,mmSBAIRqbes
data\processed\final\dysarthria\mmSBAIRqbes_seg_008.wav,dysarthria,mmSBAIRqbes
data\processed\final\dysarthria\mmSBAIRqbes_seg_009.wav,dysarthria,mmSBAIRqbes
data\processed\final\dysarthria\mmSBAIRqbes_seg_010.wav,dysarthria,mmSBAIRqbes
data\processed\final\dysarthria\mmSBAIRqbes_seg_011.wav,dysarthria,mmSBAIRqbes
data\processed\final\dysarthria\mmSBAIRqbes_seg_012.wav,dysarthria,mmSBAIRqbes
data\processed\final\dysarthria\mmSBAIRqbes_seg_013.wav,dysarthria,mmSBAIRqbes
data\processed\final\dysarthria\mmSBAIRqbes_seg_014.wav,dysarthria,mmSBAIRqbes
data\processed\final\dysarthria\mmSBAIRqbes_seg_015.wav,dysarthria,mmSBAIRqbes
data\processed\final\dysarthria\mmSBAIRqbes_seg_016.wav,dysarthria,mmSBAIRqbes
data\processed\final\dysarthria\mmSBAIRqbes_seg_017.wav,dysarthria,mmSBAIRqbes
data\processed\final\dysarthria\mmSBAIRqbes_seg_018.wav,dysarthria,mmSBAIRqbes
data\processed\final\dysarthria\mmSBAIRqbes_seg_019.wav,dysarthria,mmSBAIRqbes
data\processed\final\dysarthria\mmSBAIRqbes_seg_020.wav,dysarthria,mmSBAIRqbes
data\processed\final\dysarthria\mmSBAIRqbes_seg_021.wav,dysarthria,mmSBAIRqbes
data\processed\final\dysarthria\mmSBAIRqbes_seg_022.wav,dysarthria,mmSBAIRqbes
data\processed\final\dysarthria\mmSBAIRqbes_seg_023.wav,dysarthria,mmSBAIRqbes
data\processed\final\dysarthria\mmSBAIRqbes_seg_024.wav,dysarthria,mmSBAIRqbes
data\processed\final\dysarthria\mmSBAIRqbes_seg_025.wav,dysarthria,mmSBAIRqbes
data\processed\final\dysarthria\mmSBAIRqbes_seg_026.wav,dysarthria,mmSBAIRqbes
data\processed\final\dysarthria\mmSBAIRqbes_seg_028.wav,dysarthria,mmSBAIRqbes
data\processed\final\dysarthria\mmSBAIRqbes_seg_029.wav,dysarthria,mmSBAIRqbes
data\processed\final\dysarthria\mmSBAIRqbes_seg_030.wav,dysarthria,mmSBAIRqbes
data\processed\final\dysarthria\mmSBAIRqbes_seg_031.wav,dysarthria,mmSBAIRqbes
data\processed\final\dysarthria\mmSBAIRqbes_seg_032.wav,dysarthria,mmSBAIRqbes
data\processed\final\dysarthria\mmSBAIRqbes_seg_033.wav,dysarthria,mmSBAIRqbes
data\processed\final\dysarthria\mmSBAIRqbes_seg_034.wav,dysarthria,mmSBAIRqbes
data\processed\final\dysarthria\mmSBAIRqbes_seg_035.wav,dysarthria,mmSBAIRqbes
data\processed\final\dysarthria\mmSBAIRqbes_seg_036.wav,dysarthria,mmSBAIRqbes
data\processed\final\dysarthria\mmSBAIRqbes_seg_037.wav,dysarthria,mmSBAIRqbes
data\processed\final\dysarthria\mmSBAIRqbes_seg_038.wav,dysarthria,mmSBAIRqbes
data\processed\final\dysarthria\mmSBAIRqbes_seg_039.wav,dysarthria,mmSBAIRqbes
data\processed\final\dysarthria\mmSBAIRqbes_seg_040.wav,dysarthria,mmSBAIRqbes
data\processed\final\dysarthria\mmSBAIRqbes_seg_041.wav,dysarthria,mmSBAIRqbes
data\processed\final\dysarthria\mmSBAIRqbes_seg_042.wav,dysarthria,mmSBAIRqbes
data\processed\final\dysarthria\mmSBAIRqbes_seg_043.wav,dysarthria,mmSBAIRqbes
data\processed\final\dysarthria\mmSBAIRqbes_seg_044.wav,dysarthria,mmSBAIRqbes
data\processed\final\dysarthria\mmSBAIRqbes_seg_045.wav,dysarthria,mmSBAIRqbes
data\processed\final\dysarthria\mmSBAIRqbes_seg_046.wav,dysarthria,mmSBAIRqbes
data\processed\final\dysarthria\mmSBAIRqbes_seg_047.wav,dysarthria,mmSBAIRqbes
data\processed\final\dysarthria\mmSBAIRqbes_seg_048.wav,dysarthria,mmSBAIRqbes
data\processed\final\dysarthria\mmSBAIRqbes_seg_049.wav,dysarthria,mmSBAIRqbes
data\processed\final\dysarthria\mmSBAIRqbes_seg_050.wav,dysarthria,mmSBAIRqbes
data\processed\final\dysarthria\mmSBAIRqbes_seg_051.wav,dysarthria,mmSBAIRqbes
data\processed\final\dysarthria\mmSBAIRqbes_seg_052.wav,dysarthria,mmSBAIRqbes
data\processed\final\dysarthria\mmSBAIRqbes_seg_053.wav,dysarthria,mmSBAIRqbes
data\processed\final\dysarthria\mmSBAIRqbes_seg_054.wav,dysarthria,mmSBAIRqbes
data\processed\final\dysarthria\mmSBAIRqbes_seg_055.wav,dysarthria,mmSBAIRqbes
data\processed\final\dysarthria\mmSBAIRqbes_seg_057.wav,dysarthria,mmSBAIRqbes
data\processed\final\dysarthria\mmSBAIRqbes_seg_058.wav,dysarthria,mmSBAIRqbes
data\processed\final\dysarthria\mmSBAIRqbes_seg_059.wav,dysarthria,mmSBAIRqbes
data\processed\final\dysarthria\mmSBAIRqbes_seg_060.wav,dysarthria,mmSBAIRqbes
data\processed\final\dysarthria\mmSBAIRqbes_seg_061.wav,dysarthria,mmSBAIRqbes
data\processed\final\dysarthria\mmSBAIRqbes_seg_062.wav,dysarthria,mmSBAIRqbes
data\processed\final\dysarthria\mmSBAIRqbes_seg_063.wav,dysarthria,mmSBAIRqbes
data\processed\final\dysarthria\mmSBAIRqbes_seg_064.wav,dysarthria,mmSBAIRqbes
data\processed\final\dysarthria\mmSBAIRqbes_seg_065.wav,dysarthria,mmSBAIRqbes
data\processed\final\dysarthria\mmSBAIRqbes_seg_066.wav,dysarthria,mmSBAIRqbes
data\processed\final\dysarthria\mmSBAIRqbes_seg_067.wav,dysarthria,mmSBAIRqbes
data\processed\final\dysarthria\mmSBAIRqbes_seg_068.wav,dysarthria,mmSBAIRqbes
data\processed\final\dysarthria\mmSBAIRqbes_seg_069.wav,dysarthria,mmSBAIRqbes
data\processed\final\dysarthria\mmSBAIRqbes_seg_070.wav,dysarthria,mmSBAIRqbes
data\processed\final\dysarthria\mmSBAIRqbes_seg_071.wav,dysarthria,mmSBAIRqbes
data\processed\final\dysarthria\mmSBAIRqbes_seg_072.wav,dysarthria,mmSBAIRqbes
data\processed\final\dysarthria\mmSBAIRqbes_seg_076.wav,dysarthria,mmSBAIRqbes
data\processed\final\dysarthria\mmSBAIRqbes_seg_077.wav,dysarthria,mmSBAIRqbes
data\processed\final\dysarthria\mmSBAIRqbes_seg_079.wav,dysarthria,mmSBAIRqbes
data\processed\final\dysarthria\mmSBAIRqbes_seg_080.wav,dysarthria,mmSBAIRqbes
data\processed\final\dysarthria\mmSBAIRqbes_seg_081.wav,dysarthria,mmSBAIRqbes
data\processed\final\dysarthria\mmSBAIRqbes_seg_082.wav,dysarthria,mmSBAIRqbes
data\processed\final\dysarthria\mmSBAIRqbes_seg_083.wav,dysarthria,mmSBAIRqbes
data\processed\final\dysarthria\mmSBAIRqbes_seg_084.wav,dysarthria,mmSBAIRqbes
data\processed\final\dysarthria\mmSBAIRqbes_seg_085.wav,dysarthria,mmSBAIRqbes
data\processed\final\dysarthria\mmSBAIRqbes_seg_086.wav,dysarthria,mmSBAIRqbes
data\processed\final\dysarthria\mmSBAIRqbes_seg_087.wav,dysarthria,mmSBAIRqbes
data\processed\final\dysarthria\mmSBAIRqbes_seg_088.wav,dysarthria,mmSBAIRqbes
data\processed\final\dysarthria\mmSBAIRqbes_seg_089.wav,dysarthria,mmSBAIRqbes
data\processed\final\dysarthria\mmSBAIRqbes_seg_090.wav,dysarthria,mmSBAIRqbes
data\processed\final\dysarthria\mmSBAIRqbes_seg_091.wav,dysarthria,mmSBAIRqbes
data\processed\final\dysarthria\mmSBAIRqbes_seg_092.wav,dysarthria,mmSBAIRqbes
data\processed\final\dysarthria\mmSBAIRqbes_seg_093.wav,dysarthria,mmSBAIRqbes
data\processed\final\dysarthria\mmSBAIRqbes_seg_094.wav,dysarthria,mmSBAIRqbes
data\processed\final\dysarthria\mmSBAIRqbes_seg_095.wav,dysarthria,mmSBAIRqbes
data\processed\final\dysarthria\mmSBAIRqbes_seg_096.wav,dysarthria,mmSBAIRqbes
data\processed\final\dysarthria\mmSBAIRqbes_seg_097.wav,dysarthria,mmSBAIRqbes
data\processed\final\dysarthria\mmSBAIRqbes_seg_098.wav,dysarthria,mmSBAIRqbes
data\processed\final\dysarthria\mmSBAIRqbes_seg_099.wav,dysarthria,mmSBAIRqbes
data\processed\final\dysarthria\mmSBAIRqbes_seg_100.wav,dysarthria,mmSBAIRqbes
data\processed\final\dysarthria\mmSBAIRqbes_seg_101.wav,dysarthria,mmSBAIRqbes
data\processed\final\dysarthria\mmSBAIRqbes_seg_102.wav,dysarthria,mmSBAIRqbes
data\processed\final\dysarthria\mmSBAIRqbes_seg_103.wav,dysarthria,mmSBAIRqbes
data\processed\final\dysarthria\mmSBAIRqbes_seg_104.wav,dysarthria,mmSBAIRqbes
data\processed\final\dysarthria\mmSBAIRqbes_seg_105.wav,dysarthria,mmSBAIRqbes
data\processed\final\dysarthria\mmSBAIRqbes_seg_106.wav,dysarthria,mmSBAIRqbes
data\processed\final\dysarthria\mmSBAIRqbes_seg_107.wav,dysarthria,mmSBAIRqbes
data\processed\final\dysarthria\mmSBAIRqbes_seg_108.wav,dysarthria,mmSBAIRqbes
data\processed\final\dysarthria\mmSBAIRqbes_seg_109.wav,dysarthria,mmSBAIRqbes
data\processed\final\dysarthria\mmSBAIRqbes_seg_110.wav,dysarthria,mmSBAIRqbes
data\processed\final\dysarthria\mmSBAIRqbes_seg_111.wav,dysarthria,mmSBAIRqbes
data\processed\final\dysarthria\mmSBAIRqbes_seg_112.wav,dysarthria,mmSBAIRqbes
data\processed\final\dysarthria\mmSBAIRqbes_seg_113.wav,dysarthria,mmSBAIRqbes
data\processed\final\dysarthria\mmSBAIRqbes_seg_114.wav,dysarthria,mmSBAIRqbes
data\processed\final\dysarthria\mmSBAIRqbes_seg_115.wav,dysarthria,mmSBAIRqbes
data\processed\final\dysarthria\mmSBAIRqbes_seg_116.wav,dysarthria,mmSBAIRqbes
data\processed\final\dysarthria\mmSBAIRqbes_seg_118.wav,dysarthria,mmSBAIRqbes
data\processed\final\dysarthria\mmSBAIRqbes_seg_119.wav,dysarthria,mmSBAIRqbes
data\processed\final\dysarthria\mmSBAIRqbes_seg_120.wav,dysarthria,mmSBAIRqbes
data\processed\final\dysarthria\mmSBAIRqbes_seg_121.wav,dysarthria,mmSBAIRqbes
data\processed\final\dysarthria\mmSBAIRqbes_seg_122.wav,dysarthria,mmSBAIRqbes
data\processed\final\dysarthria\mmSBAIRqbes_seg_123.wav,dysarthria,mmSBAIRqbes
data\processed\final\dysarthria\mmSBAIRqbes_seg_124.wav,dysarthria,mmSBAIRqbes
data\processed\final\dysarthria\mmSBAIRqbes_seg_125.wav,dysarthria,mmSBAIRqbes
data\processed\final\dysarthria\mmSBAIRqbes_seg_126.wav,dysarthria,mmSBAIRqbes
data\processed\final\dysarthria\mmSBAIRqbes_seg_127.wav,dysarthria,mmSBAIRqbes
data\processed\final\dysarthria\mmSBAIRqbes_seg_128.wav,dysarthria,mmSBAIRqbes
data\processed\final\dysarthria\mmSBAIRqbes_seg_129.wav,dysarthria,mmSBAIRqbes
data\processed\final\dysarthria\mmSBAIRqbes_seg_130.wav,dysarthria,mmSBAIRqbes
data\processed\final\dysarthria\mmSBAIRqbes_seg_132.wav,dysarthria,mmSBAIRqbes
data\processed\final\dysarthria\mmSBAIRqbes_seg_135.wav,dysarthria,mmSBAIRqbes
data\processed\final\dysarthria\mmSBAIRqbes_seg_136.wav,dysarthria,mmSBAIRqbes
data\processed\final\dysarthria\mmSBAIRqbes_seg_137.wav,dysarthria,mmSBAIRqbes
data\processed\final\dysarthria\mmSBAIRqbes_seg_138.wav,dysarthria,mmSBAIRqbes
data\processed\final\dysarthria\mmSBAIRqbes_seg_139.wav,dysarthria,mmSBAIRqbes
data\processed\final\dysarthria\mmSBAIRqbes_seg_140.wav,dysarthria,mmSBAIRqbes
data\processed\final\dysarthria\mmSBAIRqbes_seg_141.wav,dysarthria,mmSBAIRqbes
data\processed\final\dysarthria\mmSBAIRqbes_seg_142.wav,dysarthria,mmSBAIRqbes
data\processed\final\dysarthria\mmSBAIRqbes_seg_145.wav,dysarthria,mmSBAIRqbes
data\processed\final\dysarthria\mmSBAIRqbes_seg_147.wav,dysarthria,mmSBAIRqbes
data\processed\final\dysarthria\mmSBAIRqbes_seg_148.wav,dysarthria,mmSBAIRqbes
data\processed\final\dysarthria\mmSBAIRqbes_seg_149.wav,dysarthria,mmSBAIRqbes
data\processed\final\dysarthria\mmSBAIRqbes_seg_150.wav,dysarthria,mmSBAIRqbes
data\processed\final\dysarthria\mmSBAIRqbes_seg_152.wav,dysarthria,mmSBAIRqbes
data\processed\final\dysarthria\mmSBAIRqbes_seg_153.wav,dysarthria,mmSBAIRqbes
data\processed\final\dysarthria\mmSBAIRqbes_seg_154.wav,dysarthria,mmSBAIRqbes
data\processed\final\dysarthria\mmSBAIRqbes_seg_155.wav,dysarthria,mmSBAIRqbes
data\processed\final\dysarthria\mmSBAIRqbes_seg_156.wav,dysarthria,mmSBAIRqbes
data\processed\final\dysarthria\mmSBAIRqbes_seg_157.wav,dysarthria,mmSBAIRqbes
data\processed\final\dysarthria\mmSBAIRqbes_seg_158.wav,dysarthria,mmSBAIRqbes
data\processed\final\dysarthria\mmSBAIRqbes_seg_159.wav,dysarthria,mmSBAIRqbes
data\processed\final\dysarthria\mmSBAIRqbes_seg_160.wav,dysarthria,mmSBAIRqbes
data\processed\final\dysarthria\mmSBAIRqbes_seg_161.wav,dysarthria,mmSBAIRqbes
data\processed\final\dysarthria\mmSBAIRqbes_seg_162.wav,dysarthria,mmSBAIRqbes
data\processed\final\dysarthria\mmSBAIRqbes_seg_163.wav,dysarthria,mmSBAIRqbes
data\processed\final\dysarthria\mmSBAIRqbes_seg_164.wav,dysarthria,mmSBAIRqbes
data\processed\final\dysarthria\mmSBAIRqbes_seg_165.wav,dysarthria,mmSBAIRqbes
data\processed\final\dysarthria\mmSBAIRqbes_seg_166.wav,dysarthria,mmSBAIRqbes
data\processed\final\dysarthria\mmSBAIRqbes_seg_168.wav,dysarthria,mmSBAIRqbes
data\processed\final\dysarthria\mmSBAIRqbes_seg_169.wav,dysarthria,mmSBAIRqbes
data\processed\final\dysarthria\mmSBAIRqbes_seg_170.wav,dysarthria,mmSBAIRqbes
data\processed\final\dysarthria\mmSBAIRqbes_seg_172.wav,dysarthria,mmSBAIRqbes
data\processed\final\dysarthria\mmSBAIRqbes_seg_173.wav,dysarthria,mmSBAIRqbes
data\processed\final\dysarthria\mmSBAIRqbes_seg_177.wav,dysarthria,mmSBAIRqbes
data\processed\final\dysarthria\mmSBAIRqbes_seg_178.wav,dysarthria,mmSBAIRqbes
data\processed\final\dysarthria\mmSBAIRqbes_seg_179.wav,dysarthria,mmSBAIRqbes
data\processed\final\dysarthria\mmSBAIRqbes_seg_180.wav,dysarthria,mmSBAIRqbes
data\processed\final\dysarthria\mmSBAIRqbes_seg_181.wav,dysarthria,mmSBAIRqbes
data\processed\final\dysarthria\mmSBAIRqbes_seg_182.wav,dysarthria,mmSBAIRqbes
data\processed\final\dysarthria\mmSBAIRqbes_seg_183.wav,dysarthria,mmSBAIRqbes
data\processed\final\dysarthria\mmSBAIRqbes_seg_185.wav,dysarthria,mmSBAIRqbes
data\processed\final\dysarthria\mmSBAIRqbes_seg_187.wav,dysarthria,mmSBAIRqbes
data\processed\final\dysarthria\mmSBAIRqbes_seg_189.wav,dysarthria,mmSBAIRqbes
data\processed\final\dysarthria\mmSBAIRqbes_seg_190.wav,dysarthria,mmSBAIRqbes
data\processed\final\dysarthria\mmSBAIRqbes_seg_191.wav,dysarthria,mmSBAIRqbes
data\processed\final\dysarthria\mmSBAIRqbes_seg_192.wav,dysarthria,mmSBAIRqbes
data\processed\final\dysarthria\mmSBAIRqbes_seg_193.wav,dysarthria,mmSBAIRqbes
data\processed\final\dysarthria\mmSBAIRqbes_seg_194.wav,dysarthria,mmSBAIRqbes
data\processed\final\dysarthria\mmSBAIRqbes_seg_195.wav,dysarthria,mmSBAIRqbes
data\processed\final\dysarthria\mmSBAIRqbes_seg_196.wav,dysarthria,mmSBAIRqbes
data\processed\final\dysarthria\mmSBAIRqbes_seg_197.wav,dysarthria,mmSBAIRqbes
data\processed\final\dysarthria\mmSBAIRqbes_seg_198.wav,dysarthria,mmSBAIRqbes
data\processed\final\dysarthria\mmSBAIRqbes_seg_199.wav,dysarthria,mmSBAIRqbes
data\processed\final\dysarthria\mmSBAIRqbes_seg_200.wav,dysarthria,mmSBAIRqbes
data\processed\final\dysarthria\mmSBAIRqbes_seg_201.wav,dysarthria,mmSBAIRqbes
data\processed\final\dysarthria\mmSBAIRqbes_seg_202.wav,dysarthria,mmSBAIRqbes
data\processed\final\dysarthria\mmSBAIRqbes_seg_203.wav,dysarthria,mmSBAIRqbes
data\processed\final\dysarthria\mmSBAIRqbes_seg_204.wav,dysarthria,mmSBAIRqbes
data\processed\final\dysarthria\mmSBAIRqbes_seg_205.wav,dysarthria,mmSBAIRqbes
data\processed\final\dysarthria\mmSBAIRqbes_seg_207.wav,dysarthria,mmSBAIRqbes
data\processed\final\dysarthria\mmSBAIRqbes_seg_208.wav,dysarthria,mmSBAIRqbes
data\processed\final\dysarthria\mmSBAIRqbes_seg_209.wav,dysarthria,mmSBAIRqbes
data\processed\final\dysarthria\mmSBAIRqbes_seg_210.wav,dysarthria,mmSBAIRqbes
data\processed\final\dysarthria\mmSBAIRqbes_seg_211.wav,dysarthria,mmSBAIRqbes
data\processed\final\dysarthria\mmSBAIRqbes_seg_212.wav,dysarthria,mmSBAIRqbes
data\processed\final\dysarthria\mmSBAIRqbes_seg_214.wav,dysarthria,mmSBAIRqbes
data\processed\final\dysarthria\mmSBAIRqbes_seg_216.wav,dysarthria,mmSBAIRqbes
data\processed\final\dysarthria\mmSBAIRqbes_seg_217.wav,dysarthria,mmSBAIRqbes
data\processed\final\dysarthria\mmSBAIRqbes_seg_218.wav,dysarthria,mmSBAIRqbes
data\processed\final\dysarthria\mmSBAIRqbes_seg_219.wav,dysarthria,mmSBAIRqbes
data\processed\final\dysarthria\mmSBAIRqbes_seg_220.wav,dysarthria,mmSBAIRqbes
data\processed\final\dysarthria\mmSBAIRqbes_seg_221.wav,dysarthria,mmSBAIRqbes
data\processed\final\dysarthria\mmSBAIRqbes_seg_222.wav,dysarthria,mmSBAIRqbes
data\processed\final\dysarthria\mmSBAIRqbes_seg_223.wav,dysarthria,mmSBAIRqbes
data\processed\final\dysarthria\mmSBAIRqbes_seg_224.wav,dysarthria,mmSBAIRqbes
data\processed\final\dysarthria\mmSBAIRqbes_seg_225.wav,dysarthria,mmSBAIRqbes
data\processed\final\dysarthria\mmSBAIRqbes_seg_226.wav,dysarthria,mmSBAIRqbes
data\processed\final\dysarthria\mmSBAIRqbes_seg_227.wav,dysarthria,mmSBAIRqbes
data\processed\final\dysarthria\mmSBAIRqbes_seg_228.wav,dysarthria,mmSBAIRqbes
data\processed\final\dysarthria\mmSBAIRqbes_seg_229.wav,dysarthria,mmSBAIRqbes
data\processed\final\dysarthria\mmSBAIRqbes_seg_230.wav,dysarthria,mmSBAIRqbes
data\processed\final\dysarthria\mmSBAIRqbes_seg_231.wav,dysarthria,mmSBAIRqbes
data\processed\final\dysarthria\mmSBAIRqbes_seg_232.wav,dysarthria,mmSBAIRqbes
data\processed\final\dysarthria\mmSBAIRqbes_seg_233.wav,dysarthria,mmSBAIRqbes
data\processed\final\dysarthria\mmSBAIRqbes_seg_234.wav,dysarthria,mmSBAIRqbes
data\processed\final\dysarthria\PZix1F6Gygk_seg_002.wav,dysarthria,PZix1F6Gygk
data\processed\final\dysarthria\PZix1F6Gygk_seg_003.wav,dysarthria,PZix1F6Gygk
data\processed\final\dysarthria\PZix1F6Gygk_seg_005.wav,dysarthria,PZix1F6Gygk
data\processed\final\dysarthria\PZix1F6Gygk_seg_021.wav,dysarthria,PZix1F6Gygk
data\processed\final\dysarthria\PZix1F6Gygk_seg_022.wav,dysarthria,PZix1F6Gygk
data\processed\final\dysarthria\PZix1F6Gygk_seg_023.wav,dysarthria,PZix1F6Gygk
data\processed\final\dysarthria\PZix1F6Gygk_seg_024.wav,dysarthria,PZix1F6Gygk
data\processed\final\dysarthria\PZix1F6Gygk_seg_025.wav,dysarthria,PZix1F6Gygk
data\processed\final\dysarthria\PZix1F6Gygk_seg_026.wav,dysarthria,PZix1F6Gygk
data\processed\final\dysarthria\PZix1F6Gygk_seg_027.wav,dysarthria,PZix1F6Gygk
data\processed\final\dysarthria\PZix1F6Gygk_seg_028.wav,dysarthria,PZix1F6Gygk
data\processed\final\dysarthria\PZix1F6Gygk_seg_029.wav,dysarthria,PZix1F6Gygk
data\processed\final\dysarthria\PZix1F6Gygk_seg_030.wav,dysarthria,PZix1F6Gygk
data\processed\final\dysarthria\PZix1F6Gygk_seg_031.wav,dysarthria,PZix1F6Gygk
data\processed\final\dysarthria\PZix1F6Gygk_seg_032.wav,dysarthria,PZix1F6Gygk
data\processed\final\dysarthria\PZix1F6Gygk_seg_033.wav,dysarthria,PZix1F6Gygk
data\processed\final\dysarthria\SriryvkbU9c_seg_015.wav,dysarthria,SriryvkbU9c
data\processed\final\dysarthria\SriryvkbU9c_seg_016.wav,dysarthria,SriryvkbU9c
data\processed\final\dysarthria\SriryvkbU9c_seg_017.wav,dysarthria,SriryvkbU9c
data\processed\final\dysarthria\SriryvkbU9c_seg_018.wav,dysarthria,SriryvkbU9c
data\processed\final\dysarthria\SriryvkbU9c_seg_019.wav,dysarthria,SriryvkbU9c
data\processed\final\dysarthria\SriryvkbU9c_seg_024.wav,dysarthria,SriryvkbU9c
data\processed\final\dysarthria\SriryvkbU9c_seg_025.wav,dysarthria,SriryvkbU9c
data\processed\final\dysarthria\SriryvkbU9c_seg_026.wav,dysarthria,SriryvkbU9c
data\processed\final\dysarthria\SriryvkbU9c_seg_027.wav,dysarthria,SriryvkbU9c
data\processed\final\dysarthria\SriryvkbU9c_seg_030.wav,dysarthria,SriryvkbU9c
data\processed\final\dysarthria\SriryvkbU9c_seg_031.wav,dysarthria,SriryvkbU9c
data\processed\final\dysarthria\SriryvkbU9c_seg_032.wav,dysarthria,SriryvkbU9c
data\processed\final\dysarthria\SriryvkbU9c_seg_038.wav,dysarthria,SriryvkbU9c
data\processed\final\dysarthria\SriryvkbU9c_seg_041.wav,dysarthria,SriryvkbU9c
data\processed\final\dysarthria\SriryvkbU9c_seg_049.wav,dysarthria,SriryvkbU9c
data\processed\final\dysarthria\SriryvkbU9c_seg_056.wav,dysarthria,SriryvkbU9c
data\processed\final\dysarthria\SriryvkbU9c_seg_057.wav,dysarthria,SriryvkbU9c
data\processed\final\dysarthria\SriryvkbU9c_seg_058.wav,dysarthria,SriryvkbU9c
data\processed\final\dysarthria\SriryvkbU9c_seg_059.wav,dysarthria,SriryvkbU9c
data\processed\final\dysarthria\SriryvkbU9c_seg_060.wav,dysarthria,SriryvkbU9c
data\processed\final\dysarthria\SriryvkbU9c_seg_061.wav,dysarthria,SriryvkbU9c
data\processed\final\dysarthria\SriryvkbU9c_seg_062.wav,dysarthria,SriryvkbU9c
data\processed\final\dysarthria\SriryvkbU9c_seg_067.wav,dysarthria,SriryvkbU9c
data\processed\final\dysarthria\SriryvkbU9c_seg_067__too_quiet.wav,dysarthria,SriryvkbU9c
data\processed\final\dysarthria\SriryvkbU9c_seg_068.wav,dysarthria,SriryvkbU9c
data\processed\final\dysarthria\SriryvkbU9c_seg_069.wav,dysarthria,SriryvkbU9c
data\processed\final\dysarthria\SriryvkbU9c_seg_070.wav,dysarthria,SriryvkbU9c
data\processed\final\dysarthria\SriryvkbU9c_seg_071.wav,dysarthria,SriryvkbU9c
data\processed\final\dysarthria\SriryvkbU9c_seg_072.wav,dysarthria,SriryvkbU9c
data\processed\final\dysarthria\SriryvkbU9c_seg_073.wav,dysarthria,SriryvkbU9c
data\processed\final\dysarthria\SriryvkbU9c_seg_074.wav,dysarthria,SriryvkbU9c
data\processed\final\dysarthria\SriryvkbU9c_seg_078.wav,dysarthria,SriryvkbU9c
data\processed\final\dysarthria\SriryvkbU9c_seg_079.wav,dysarthria,SriryvkbU9c
data\processed\final\dysarthria\SriryvkbU9c_seg_080.wav,dysarthria,SriryvkbU9c
data\processed\final\dysarthria\SriryvkbU9c_seg_081.wav,dysarthria,SriryvkbU9c
data\processed\final\dysarthria\xB9NgPZSQFA_seg_004.wav,dysarthria,xB9NgPZSQFA
data\processed\final\dysarthria\xB9NgPZSQFA_seg_005.wav,dysarthria,xB9NgPZSQFA
data\processed\final\dysarthria\xB9NgPZSQFA_seg_006.wav,dysarthria,xB9NgPZSQFA
data\processed\final\dysarthria\xB9NgPZSQFA_seg_020.wav,dysarthria,xB9NgPZSQFA
data\processed\final\dysarthria\xB9NgPZSQFA_seg_023.wav,dysarthria,xB9NgPZSQFA
data\processed\final\dysarthria\xB9NgPZSQFA_seg_026.wav,dysarthria,xB9NgPZSQFA
data\processed\final\dysarthria\xB9NgPZSQFA_seg_030.wav,dysarthria,xB9NgPZSQFA
data\processed\final\dysarthria\xB9NgPZSQFA_seg_033.wav,dysarthria,xB9NgPZSQFA
data\processed\final\dysarthria\xB9NgPZSQFA_seg_036.wav,dysarthria,xB9NgPZSQFA
data\processed\final\dysarthria\xB9NgPZSQFA_seg_038.wav,dysarthria,xB9NgPZSQFA
data\processed\final\dysarthria\xB9NgPZSQFA_seg_043.wav,dysarthria,xB9NgPZSQFA
data\processed\final\dysarthria\xB9NgPZSQFA_seg_050.wav,dysarthria,xB9NgPZSQFA
data\processed\final\dysarthria\xB9NgPZSQFA_seg_053.wav,dysarthria,xB9NgPZSQFA
data\processed\final\dysarthria\xB9NgPZSQFA_seg_054.wav,dysarthria,xB9NgPZSQFA
data\processed\final\dysarthria\xB9NgPZSQFA_seg_055.wav,dysarthria,xB9NgPZSQFA
data\processed\final\dysarthria\xB9NgPZSQFA_seg_058.wav,dysarthria,xB9NgPZSQFA
data\processed\final\dysarthria\xB9NgPZSQFA_seg_059.wav,dysarthria,xB9NgPZSQFA
data\processed\final\dysarthria\xB9NgPZSQFA_seg_060.wav,dysarthria,xB9NgPZSQFA
data\processed\final\dysarthria\xB9NgPZSQFA_seg_063.wav,dysarthria,xB9NgPZSQFA
data\processed\final\dysarthria\xB9NgPZSQFA_seg_064.wav,dysarthria,xB9NgPZSQFA
data\processed\final\dysarthria\xB9NgPZSQFA_seg_065.wav,dysarthria,xB9NgPZSQFA
data\processed\final\dysarthria\xB9NgPZSQFA_seg_066.wav,dysarthria,xB9NgPZSQFA
data\processed\final\dysarthria\xB9NgPZSQFA_seg_067.wav,dysarthria,xB9NgPZSQFA
data\processed\final\dysarthria\xB9NgPZSQFA_seg_068.wav,dysarthria,xB9NgPZSQFA
data\processed\final\dysarthria\xB9NgPZSQFA_seg_069.wav,dysarthria,xB9NgPZSQFA
data\processed\final\dysarthria\xB9NgPZSQFA_seg_070.wav,dysarthria,xB9NgPZSQFA
data\processed\final\dysarthria\xB9NgPZSQFA_seg_071.wav,dysarthria,xB9NgPZSQFA
data\processed\final\dysarthria\xB9NgPZSQFA_seg_072.wav,dysarthria,xB9NgPZSQFA
data\processed\final\dysarthria\xB9NgPZSQFA_seg_073.wav,dysarthria,xB9NgPZSQFA
data\processed\final\dysarthria\xB9NgPZSQFA_seg_074.wav,dysarthria,xB9NgPZSQFA
data\processed\final\dysarthria\_L9k0VnQAV8_seg_000.wav,dysarthria,_L9k0VnQAV8
data\processed\final\dysarthria\_L9k0VnQAV8_seg_001.wav,dysarthria,_L9k0VnQAV8
data\processed\final\dysarthria\_L9k0VnQAV8_seg_002.wav,dysarthria,_L9k0VnQAV8
data\processed\final\dysarthria\_L9k0VnQAV8_seg_003.wav,dysarthria,_L9k0VnQAV8
data\processed\final\dysarthria\_L9k0VnQAV8_seg_005.wav,dysarthria,_L9k0VnQAV8
data\processed\final\dysarthria\_L9k0VnQAV8_seg_006.wav,dysarthria,_L9k0VnQAV8
data\processed\final\dysarthria\_L9k0VnQAV8_seg_008.wav,dysarthria,_L9k0VnQAV8
