path,label,label_id,fold
C:\Users\e\OneDrive\Ekler\Masaüstü\Projelerim\MakineProje\data\processed\train_set\stuttering\-K2CowG3Ywk_seg_000.wav,stuttering,0,1
C:\Users\e\OneDrive\Ekler\Masaüstü\Projelerim\MakineProje\data\processed\train_set\stuttering\-K2CowG3Ywk_seg_001.wav,stuttering,0,3
C:\Users\e\OneDrive\Ekler\Masaüstü\Projelerim\MakineProje\data\processed\train_set\stuttering\-K2CowG3Ywk_seg_002.wav,stuttering,0,4
C:\Users\e\OneDrive\Ekler\Masaüstü\Projelerim\MakineProje\data\processed\train_set\stuttering\-K2CowG3Ywk_seg_003.wav,stuttering,0,4
C:\Users\e\OneDrive\Ekler\Masaüstü\Projelerim\MakineProje\data\processed\train_set\stuttering\-K2CowG3Ywk_seg_004.wav,stuttering,0,0
C:\Users\e\OneDrive\Ekler\Masaüstü\Projelerim\MakineProje\data\processed\train_set\stuttering\-K2CowG3Ywk_seg_005.wav,stuttering,0,2
C:\Users\e\OneDrive\Ekler\Masaüstü\Projelerim\MakineProje\data\processed\train_set\stuttering\-K2CowG3Ywk_seg_006.wav,stuttering,0,0
C:\Users\e\OneDrive\Ekler\Masaüstü\Projelerim\MakineProje\data\processed\train_set\stuttering\-K2CowG3Ywk_seg_007.wav,stuttering,0,4
C:\Users\e\OneDrive\Ekler\Masaüstü\Projelerim\MakineProje\data\processed\train_set\stuttering\-K2CowG3Ywk_seg_008.wav,stuttering,0,1
C:\Users\e\OneDrive\Ekler\Masaüstü\Projelerim\MakineProje\data\processed\train_set\stuttering\-K2CowG3Ywk_seg_009.wav,stuttering,0,2
C:\Users\e\OneDrive\Ekler\Masaüstü\Projelerim\MakineProje\data\processed\train_set\stuttering\-K2CowG3Ywk_seg_010.wav,stuttering,0,0
C:\Users\e\OneDrive\Ekler\Masaüstü\Projelerim\MakineProje\data\processed\train_set\stuttering\-K2CowG3Ywk_seg_011.wav,stuttering,0,0
C:\Users\e\OneDrive\Ekler\Masaüstü\Projelerim\MakineProje\data\processed\train_set\stuttering\-K2CowG3Ywk_seg_012.wav,stuttering,0,0
C:\Users\e\OneDrive\Ekler\Masaüstü\Projelerim\MakineProje\data\processed\train_set\stuttering\-K2CowG3Ywk_seg_013.wav,stuttering,0,1
C:\Users\e\OneDrive\Ekler\Masaüstü\Projelerim\MakineProje\data\processed\train_set\stuttering\-K2CowG3Ywk_seg_014.wav,stuttering,0,2
C:\Users\e\OneDrive\Ekler\Masaüstü\Projelerim\MakineProje\data\processed\train_set\stuttering\-K2CowG3Ywk_seg_015.wav,stuttering,0,1
C:\Users\e\OneDrive\Ekler\Masaüstü\Projelerim\MakineProje\data\processed\train_set\stuttering\-K2CowG3Ywk_seg_016.wav,stuttering,0,2
C:\Users\e\OneDrive\Ekler\Masaüstü\Projelerim\MakineProje\data\processed\train_set\stuttering\-K2CowG3Ywk_seg_017.wav,stuttering,0,2
C:\Users\e\OneDrive\Ekler\Masaüstü\Projelerim\MakineProje\data\processed\train_set\stuttering\-K2CowG3Ywk_seg_018.wav,stuttering,0,1
C:\Users\e\OneDrive\Ekler\Masaüstü\Projelerim\MakineProje\data\processed\train_set\stuttering\-K2CowG3Ywk_seg_019.wav,stuttering,0,1
C:\Users\e\OneDrive\Ekler\Masaüstü\Projelerim\MakineProje\data\processed\train_set\stuttering\-K2CowG3Ywk_seg_020.wav,stuttering,0,1
C:\Users\e\OneDrive\Ekler\Masaüstü\Projelerim\MakineProje\data\processed\train_set\stuttering\-K2CowG3Ywk_seg_021.wav,stuttering,0,4
C:\Users\e\OneDrive\Ekler\Masaüstü\Projelerim\MakineProje\data\processed\train_set\stuttering\-K2CowG3Ywk_seg_022.wav,stuttering,0,3
C:\Users\e\OneDrive\Ekler\Masaüstü\Projelerim\MakineProje\data\processed\train_set\stuttering\-K2CowG3Ywk_seg_023.wav,stuttering,0,2
C:\Users\e\OneDrive\Ekler\Masaüstü\Projelerim\MakineProje\data\processed\train_set\stuttering\-K2CowG3Ywk_seg_024.wav,stuttering,0,1
C:\Users\e\OneDrive\Ekler\Masaüstü\Projelerim\MakineProje\data\processed\train_set\stuttering\-K2CowG3Ywk_seg_025.wav,stuttering,0,2
C:\Users\e\OneDrive\Ekler\Masaüstü\Projelerim\MakineProje\data\processed\train_set\stuttering\-K2CowG3Ywk_seg_026.wav,stuttering,0,0
C:\Users\e\OneDrive\Ekler\Masaüstü\Projelerim\MakineProje\data\processed\train_set\stuttering\-K2CowG3Ywk_seg_027.wav,stuttering,0,4
C:\Users\e\OneDrive\Ekler\Masaüstü\Projelerim\MakineProje\data\processed\train_set\stuttering\-K2CowG3Ywk_seg_028.wav,stuttering,0,4
C:\Users\e\OneDrive\Ekler\Masaüstü\Projelerim\MakineProje\data\processed\train_set\stuttering\-K2CowG3Ywk_seg_029.wav,stuttering,0,3
C:\Users\e\OneDrive\Ekler\Masaüstü\Projelerim\MakineProje\data\processed\train_set\stuttering\-K2CowG3Ywk_seg_030.wav,stuttering,0,3
C:\Users\e\OneDrive\Ekler\Masaüstü\Projelerim\MakineProje\data\processed\train_set\stuttering\-K2CowG3Ywk_seg_031.wav,stuttering,0,2
C:\Users\e\OneDrive\Ekler\Masaüstü\Projelerim\MakineProje\data\processed\train_set\stuttering\-K2CowG3Ywk_seg_032.wav,stuttering,0,2
C:\Users\e\OneDrive\Ekler\Masaüstü\Projelerim\MakineProje\data\processed\train_set\stuttering\-K2CowG3Ywk_seg_033.wav,stuttering,0,0
C:\Users\e\OneDrive\Ekler\Masaüstü\Projelerim\MakineProje\data\processed\train_set\stuttering\-K2CowG3Ywk_seg_034.wav,stuttering,0,1
C:\Users\e\OneDrive\Ekler\Masaüstü\Projelerim\MakineProje\data\processed\train_set\stuttering\-K2CowG3Ywk_seg_035.wav,stuttering,0,2
C:\Users\e\OneDrive\Ekler\Masaüstü\Projelerim\MakineProje\data\processed\train_set\stuttering\-K2CowG3Ywk_seg_036.wav,stuttering,0,0
C:\Users\e\OneDrive\Ekler\Masaüstü\Projelerim\MakineProje\data\processed\train_set\stuttering\-K2CowG3Ywk_seg_037.wav,stuttering,0,2
C:\Users\e\OneDrive\Ekler\Masaüstü\Projelerim\MakineProje\data\processed\train_set\stuttering\-K2CowG3Ywk_seg_038.wav,stuttering,0,2
C:\Users\e\OneDrive\Ekler\Masaüstü\Projelerim\MakineProje\data\processed\train_set\stuttering\-K2CowG3Ywk_seg_039.wav,stuttering,0,4
C:\Users\e\OneDrive\Ekler\Masaüstü\Projelerim\MakineProje\data\processed\train_set\stuttering\-K2CowG3Ywk_seg_040.wav,stuttering,0,2
C:\Users\e\OneDrive\Ekler\Masaüstü\Projelerim\MakineProje\data\processed\train_set\stuttering\-K2CowG3Ywk_seg_041.wav,stuttering,0,3
C:\Users\e\OneDrive\Ekler\Masaüstü\Projelerim\MakineProje\data\processed\train_set\stuttering\-K2CowG3Ywk_seg_042.wav,stuttering,0,2
C:\Users\e\OneDrive\Ekler\Masaüstü\Projelerim\MakineProje\data\processed\train_set\stuttering\-K2CowG3Ywk_seg_043.wav,stuttering,0,4
C:\Users\e\OneDrive\Ekler\Masaüstü\Projelerim\MakineProje\data\processed\train_set\stuttering\-K2CowG3Ywk_seg_044.wav,stuttering,0,4
C:\Users\e\OneDrive\Ekler\Masaüstü\Projelerim\MakineProje\data\processed\train_set\stuttering\-K2CowG3Ywk_seg_045.wav,stuttering,0,0
C:\Users\e\OneDrive\Ekler\Masaüstü\Projelerim\MakineProje\data\processed\train_set\stuttering\-K2CowG3Ywk_seg_046.wav,stuttering,0,0
C:\Users\e\OneDrive\Ekler\Masaüstü\Projelerim\MakineProje\data\processed\train_set\stuttering\-K2CowG3Ywk_seg_047.wav,stuttering,0,0
C:\Users\e\OneDrive\Ekler\Masaüstü\Projelerim\MakineProje\data\processed\train_set\stuttering\-K2CowG3Ywk_seg_048.wav,stuttering,0,1
C:\Users\e\OneDrive\Ekler\Masaüstü\Projelerim\MakineProje\data\processed\train_set\stuttering\-K2CowG3Ywk_seg_049.wav,stuttering,0,0
C:\Users\e\OneDrive\Ekler\Masaüstü\Projelerim\MakineProje\data\processed\train_set\stuttering\-K2CowG3Ywk_seg_050.wav,stuttering,0,4
C:\Users\e\OneDrive\Ekler\Masaüstü\Projelerim\MakineProje\data\processed\train_set\stuttering\-K2CowG3Ywk_seg_051.wav,stuttering,0,3
C:\Users\e\OneDrive\Ekler\Masaüstü\Projelerim\MakineProje\data\processed\train_set\stuttering\-K2CowG3Ywk_seg_052.wav,stuttering,0,3
C:\Users\e\OneDrive\Ekler\Masaüstü\Projelerim\MakineProje\data\processed\train_set\stuttering\-K2CowG3Ywk_seg_053.wav,stuttering,0,3
C:\Users\e\OneDrive\Ekler\Masaüstü\Projelerim\MakineProje\data\processed\train_set\stuttering\-K2CowG3Ywk_seg_054.wav,stuttering,0,1
C:\Users\e\OneDrive\Ekler\Masaüstü\Projelerim\MakineProje\data\processed\train_set\stuttering\-K2CowG3Ywk_seg_055.wav,stuttering,0,2
C:\Users\e\OneDrive\Ekler\Masaüstü\Projelerim\MakineProje\data\processed\train_set\stuttering\-K2CowG3Ywk_seg_056.wav,stuttering,0,1
C:\Users\e\OneDrive\Ekler\Masaüstü\Projelerim\MakineProje\data\processed\train_set\stuttering\-K2CowG3Ywk_seg_057.wav,stuttering,0,4
C:\Users\e\OneDrive\Ekler\Masaüstü\Projelerim\MakineProje\data\processed\train_set\stuttering\-K2CowG3Ywk_seg_058.wav,stuttering,0,2
C:\Users\e\OneDrive\Ekler\Masaüstü\Projelerim\MakineProje\data\processed\train_set\stuttering\-K2CowG3Ywk_seg_059.wav,stuttering,0,3
C:\Users\e\OneDrive\Ekler\Masaüstü\Projelerim\MakineProje\data\processed\train_set\stuttering\-K2CowG3Ywk_seg_060.wav,stuttering,0,2
C:\Users\e\OneDrive\Ekler\Masaüstü\Projelerim\MakineProje\data\processed\train_set\stuttering\-K2CowG3Ywk_seg_061.wav,stuttering,0,4
C:\Users\e\OneDrive\Ekler\Masaüstü\Projelerim\MakineProje\data\processed\train_set\stuttering\-K2CowG3Ywk_seg_062.wav,stuttering,0,2
C:\Users\e\OneDrive\Ekler\Masaüstü\Projelerim\MakineProje\data\processed\train_set\stuttering\-K2CowG3Ywk_seg_063.wav,stuttering,0,1
C:\Users\e\OneDrive\Ekler\Masaüstü\Projelerim\MakineProje\data\processed\train_set\stuttering\-K2CowG3Ywk_seg_064.wav,stuttering,0,1
C:\Users\e\OneDrive\Ekler\Masaüstü\Projelerim\MakineProje\data\processed\train_set\stuttering\-K2CowG3Ywk_seg_065.wav,stuttering,0,1
C:\Users\e\OneDrive\Ekler\Masaüstü\Projelerim\MakineProje\data\processed\train_set\stuttering\-K2CowG3Ywk_seg_066.wav,stuttering,0,0
C:\Users\e\OneDrive\Ekler\Masaüstü\Projelerim\MakineProje\data\processed\train_set\stuttering\-K2CowG3Ywk_seg_067.wav,stuttering,0,4
C:\Users\e\OneDrive\Ekler\Masaüstü\Projelerim\MakineProje\data\processed\train_set\stuttering\-K2CowG3Ywk_seg_068.wav,stuttering,0,2
C:\Users\e\OneDrive\Ekler\Masaüstü\Projelerim\MakineProje\data\processed\train_set\stuttering\-K2CowG3Ywk_seg_069.wav,stuttering,0,3
C:\Users\e\OneDrive\Ekler\Masaüstü\Projelerim\MakineProje\data\processed\train_set\stuttering\-K2CowG3Ywk_seg_070.wav,stuttering,0,2
C:\Users\e\OneDrive\Ekler\Masaüstü\Projelerim\MakineProje\data\processed\train_set\stuttering\-K2CowG3Ywk_seg_071.wav,stuttering,0,2
C:\Users\e\OneDrive\Ekler\Masaüstü\Projelerim\MakineProje\data\processed\train_set\stuttering\-K2CowG3Ywk_seg_072.wav,stuttering,0,1
C:\Users\e\OneDrive\Ekler\Masaüstü\Projelerim\MakineProje\data\processed\train_set\stuttering\-K2CowG3Ywk_seg_073.wav,stuttering,0,3
C:\Users\e\OneDrive\Ekler\Masaüstü\Projelerim\MakineProje\data\processed\train_set\stuttering\-K2CowG3Ywk_seg_074.wav,stuttering,0,2
C:\Users\e\OneDrive\Ekler\Masaüstü\Projelerim\MakineProje\data\processed\train_set\stuttering\-K2CowG3Ywk_seg_075.wav,stuttering,0,0
C:\Users\e\OneDrive\Ekler\Masaüstü\Projelerim\MakineProje\data\processed\train_set\stuttering\-K2CowG3Ywk_seg_076.wav,stuttering,0,0
C:\Users\e\OneDrive\Ekler\Masaüstü\Projelerim\MakineProje\data\processed\train_set\stuttering\-K2CowG3Ywk_seg_077.wav,stuttering,0,4
C:\Users\e\OneDrive\Ekler\Masaüstü\Projelerim\MakineProje\data\processed\train_set\stuttering\-K2CowG3Ywk_seg_078.wav,stuttering,0,3
C:\Users\e\OneDrive\Ekler\Masaüstü\Projelerim\MakineProje\data\processed\train_set\stuttering\-K2CowG3Ywk_seg_079.wav,stuttering,0,0
C:\Users\e\OneDrive\Ekler\Masaüstü\Projelerim\MakineProje\data\processed\train_set\stuttering\-K2CowG3Ywk_seg_080.wav,stuttering,0,0
C:\Users\e\OneDrive\Ekler\Masaüstü\Projelerim\MakineProje\data\processed\train_set\stuttering\-K2CowG3Ywk_seg_081.wav,stuttering,0,3
C:\Users\e\OneDrive\Ekler\Masaüstü\Projelerim\MakineProje\data\processed\train_set\stuttering\-K2CowG3Ywk_seg_082.wav,stuttering,0,3
C:\Users\e\OneDrive\Ekler\Masaüstü\Projelerim\MakineProje\data\processed\train_set\stuttering\-K2CowG3Ywk_seg_083.wav,stuttering,0,0
C:\Users\e\OneDrive\Ekler\Masaüstü\Projelerim\MakineProje\data\processed\train_set\stuttering\-K2CowG3Ywk_seg_084.wav,stuttering,0,3
C:\Users\e\OneDrive\Ekler\Masaüstü\Projelerim\MakineProje\data\processed\train_set\stuttering\-K2CowG3Ywk_seg_085.wav,stuttering,0,1
C:\Users\e\OneDrive\Ekler\Masaüstü\Projelerim\MakineProje\data\processed\train_set\stuttering\-K2CowG3Ywk_seg_086.wav,stuttering,0,3
C:\Users\e\OneDrive\Ekler\Masaüstü\Projelerim\MakineProje\data\processed\train_set\stuttering\-K2CowG3Ywk_seg_087.wav,stuttering,0,1
C:\Users\e\OneDrive\Ekler\Masaüstü\Projelerim\MakineProje\data\processed\train_set\stuttering\-K2CowG3Ywk_seg_088.wav,stuttering,0,3
C:\Users\e\OneDrive\Ekler\Masaüstü\Projelerim\MakineProje\data\processed\train_set\stuttering\-K2CowG3Ywk_seg_089.wav,stuttering,0,0
C:\Users\e\OneDrive\Ekler\Masaüstü\Projelerim\MakineProje\data\processed\train_set\stuttering\-K2CowG3Ywk_seg_090.wav,stuttering,0,1
C:\Users\e\OneDrive\Ekler\Masaüstü\Projelerim\MakineProje\data\processed\train_set\stuttering\-K2CowG3Ywk_seg_091.wav,stuttering,0,3
C:\Users\e\OneDrive\Ekler\Masaüstü\Projelerim\MakineProje\data\processed\train_set\stuttering\-K2CowG3Ywk_seg_092.wav,stuttering,0,1
C:\Users\e\OneDrive\Ekler\Masaüstü\Projelerim\MakineProje\data\processed\train_set\stuttering\-K2CowG3Ywk_seg_093.wav,stuttering,0,1
C:\Users\e\OneDrive\Ekler\Masaüstü\Projelerim\MakineProje\data\processed\train_set\stuttering\-K2CowG3Ywk_seg_094.wav,stuttering,0,1
C:\Users\e\OneDrive\Ekler\Masaüstü\Projelerim\MakineProje\data\processed\train_set\stuttering\-K2CowG3Ywk_seg_095.wav,stuttering,0,4
C:\Users\e\OneDrive\Ekler\Masaüstü\Projelerim\MakineProje\data\processed\train_set\stuttering\-K2CowG3Ywk_seg_096.wav,stuttering,0,3
C:\Users\e\OneDrive\Ekler\Masaüstü\Projelerim\MakineProje\data\processed\train_set\stuttering\-K2CowG3Ywk_seg_097.wav,stuttering,0,4
C:\Users\e\OneDrive\Ekler\Masaüstü\Projelerim\MakineProje\data\processed\train_set\stuttering\-K2CowG3Ywk_seg_098.wav,stuttering,0,2
C:\Users\e\OneDrive\Ekler\Masaüstü\Projelerim\MakineProje\data\processed\train_set\stuttering\-K2CowG3Ywk_seg_099.wav,stuttering,0,3
C:\Users\e\OneDrive\Ekler\Masaüstü\Projelerim\MakineProje\data\processed\train_set\stuttering\-K2CowG3Ywk_seg_100.wav,stuttering,0,3
C:\Users\e\OneDrive\Ekler\Masaüstü\Projelerim\MakineProje\data\processed\train_set\stuttering\-K2CowG3Ywk_seg_101.wav,stuttering,0,0
C:\Users\e\OneDrive\Ekler\Masaüstü\Projelerim\MakineProje\data\processed\train_set\stuttering\-K2CowG3Ywk_seg_102.wav,stuttering,0,4
C:\Users\e\OneDrive\Ekler\Masaüstü\Projelerim\MakineProje\data\processed\train_set\stuttering\-K2CowG3Ywk_seg_103.wav,stuttering,0,4
C:\Users\e\OneDrive\Ekler\Masaüstü\Projelerim\MakineProje\data\processed\train_set\stuttering\-K2CowG3Ywk_seg_104.wav,stuttering,0,3
C:\Users\e\OneDrive\Ekler\Masaüstü\Projelerim\MakineProje\data\processed\train_set\stuttering\-K2CowG3Ywk_seg_105.wav,stuttering,0,4
C:\Users\e\OneDrive\Ekler\Masaüstü\Projelerim\MakineProje\data\processed\train_set\stuttering\-K2CowG3Ywk_seg_106.wav,stuttering,0,0
C:\Users\e\OneDrive\Ekler\Masaüstü\Projelerim\MakineProje\data\processed\train_set\stuttering\-K2CowG3Ywk_seg_107.wav,stuttering,0,4
C:\Users\e\OneDrive\Ekler\Masaüstü\Projelerim\MakineProje\data\processed\train_set\stuttering\-K2CowG3Ywk_seg_108.wav,stuttering,0,3
C:\Users\e\OneDrive\Ekler\Masaüstü\Projelerim\MakineProje\data\processed\train_set\stuttering\-K2CowG3Ywk_seg_109.wav,stuttering,0,0
C:\Users\e\OneDrive\Ekler\Masaüstü\Projelerim\MakineProje\data\processed\train_set\stuttering\-K2CowG3Ywk_seg_110.wav,stuttering,0,2
C:\Users\e\OneDrive\Ekler\Masaüstü\Projelerim\MakineProje\data\processed\train_set\stuttering\-K2CowG3Ywk_seg_111.wav,stuttering,0,4
C:\Users\e\OneDrive\Ekler\Masaüstü\Projelerim\MakineProje\data\processed\train_set\stuttering\-K2CowG3Ywk_seg_112.wav,stuttering,0,4
C:\Users\e\OneDrive\Ekler\Masaüstü\Projelerim\MakineProje\data\processed\train_set\stuttering\-K2CowG3Ywk_seg_113.wav,stuttering,0,0
C:\Users\e\OneDrive\Ekler\Masaüstü\Projelerim\MakineProje\data\processed\train_set\stuttering\-K2CowG3Ywk_seg_114.wav,stuttering,0,1
C:\Users\e\OneDrive\Ekler\Masaüstü\Projelerim\MakineProje\data\processed\train_set\stuttering\-K2CowG3Ywk_seg_115.wav,stuttering,0,1
C:\Users\e\OneDrive\Ekler\Masaüstü\Projelerim\MakineProje\data\processed\train_set\stuttering\-K2CowG3Ywk_seg_116.wav,stuttering,0,4
C:\Users\e\OneDrive\Ekler\Masaüstü\Projelerim\MakineProje\data\processed\train_set\stuttering\-K2CowG3Ywk_seg_117.wav,stuttering,0,3
C:\Users\e\OneDrive\Ekler\Masaüstü\Projelerim\MakineProje\data\processed\train_set\stuttering\-K2CowG3Ywk_seg_118.wav,stuttering,0,2
C:\Users\e\OneDrive\Ekler\Masaüstü\Projelerim\MakineProje\data\processed\train_set\stuttering\-K2CowG3Ywk_seg_119.wav,stuttering,0,3
C:\Users\e\OneDrive\Ekler\Masaüstü\Projelerim\MakineProje\data\processed\train_set\stuttering\-K2CowG3Ywk_seg_120.wav,stuttering,0,0
C:\Users\e\OneDrive\Ekler\Masaüstü\Projelerim\MakineProje\data\processed\train_set\stuttering\-K2CowG3Ywk_seg_121.wav,stuttering,0,0
C:\Users\e\OneDrive\Ekler\Masaüstü\Projelerim\MakineProje\data\processed\train_set\stuttering\-K2CowG3Ywk_seg_122.wav,stuttering,0,4
C:\Users\e\OneDrive\Ekler\Masaüstü\Projelerim\MakineProje\data\processed\train_set\stuttering\-K2CowG3Ywk_seg_123.wav,stuttering,0,1
C:\Users\e\OneDrive\Ekler\Masaüstü\Projelerim\MakineProje\data\processed\train_set\stuttering\-K2CowG3Ywk_seg_124.wav,stuttering,0,0
C:\Users\e\OneDrive\Ekler\Masaüstü\Projelerim\MakineProje\data\processed\train_set\stuttering\-K2CowG3Ywk_seg_125.wav,stuttering,0,2
C:\Users\e\OneDrive\Ekler\Masaüstü\Projelerim\MakineProje\data\processed\train_set\stuttering\-K2CowG3Ywk_seg_126.wav,stuttering,0,0
C:\Users\e\OneDrive\Ekler\Masaüstü\Projelerim\MakineProje\data\processed\train_set\stuttering\-K2CowG3Ywk_seg_127.wav,stuttering,0,0
C:\Users\e\OneDrive\Ekler\Masaüstü\Projelerim\MakineProje\data\processed\train_set\stuttering\-K2CowG3Ywk_seg_128.wav,stuttering,0,1
C:\Users\e\OneDrive\Ekler\Masaüstü\Projelerim\MakineProje\data\processed\train_set\stuttering\-K2CowG3Ywk_seg_129.wav,stuttering,0,2
C:\Users\e\OneDrive\Ekler\Masaüstü\Projelerim\MakineProje\data\processed\train_set\stuttering\-K2CowG3Ywk_seg_130.wav,stuttering,0,2
C:\Users\e\OneDrive\Ekler\Masaüstü\Projelerim\MakineProje\data\processed\train_set\stuttering\-K2CowG3Ywk_seg_131.wav,stuttering,0,3
C:\Users\e\OneDrive\Ekler\Masaüstü\Projelerim\MakineProje\data\processed\train_set\stuttering\-K2CowG3Ywk_seg_132.wav,stuttering,0,4
C:\Users\e\OneDrive\Ekler\Masaüstü\Projelerim\MakineProje\data\processed\train_set\stuttering\-K2CowG3Ywk_seg_133.wav,stuttering,0,0
C:\Users\e\OneDrive\Ekler\Masaüstü\Projelerim\MakineProje\data\processed\train_set\stuttering\-K2CowG3Ywk_seg_134.wav,stuttering,0,2
C:\Users\e\OneDrive\Ekler\Masaüstü\Projelerim\MakineProje\data\processed\train_set\stuttering\-K2CowG3Ywk_seg_135.wav,stuttering,0,1
C:\Users\e\OneDrive\Ekler\Masaüstü\Projelerim\MakineProje\data\processed\train_set\stuttering\-K2CowG3Ywk_seg_136.wav,stuttering,0,1
C:\Users\e\OneDrive\Ekler\Masaüstü\Projelerim\MakineProje\data\processed\train_set\stuttering\-K2CowG3Ywk_seg_137.wav,stuttering,0,3
C:\Users\e\OneDrive\Ekler\Masaüstü\Projelerim\MakineProje\data\processed\train_set\stuttering\-K2CowG3Ywk_seg_138.wav,stuttering,0,2
C:\Users\e\OneDrive\Ekler\Masaüstü\Projelerim\MakineProje\data\processed\train_set\stuttering\-K2CowG3Ywk_seg_139.wav,stuttering,0,0
C:\Users\e\OneDrive\Ekler\Masaüstü\Projelerim\MakineProje\data\processed\train_set\stuttering\-K2CowG3Ywk_seg_140.wav,stuttering,0,0
C:\Users\e\OneDrive\Ekler\Masaüstü\Projelerim\MakineProje\data\processed\train_set\stuttering\-K2CowG3Ywk_seg_141.wav,stuttering,0,0
C:\Users\e\OneDrive\Ekler\Masaüstü\Projelerim\MakineProje\data\processed\train_set\stuttering\-K2CowG3Ywk_seg_142.wav,stuttering,0,1
C:\Users\e\OneDrive\Ekler\Masaüstü\Projelerim\MakineProje\data\processed\train_set\stuttering\-K2CowG3Ywk_seg_143.wav,stuttering,0,2
C:\Users\e\OneDrive\Ekler\Masaüstü\Projelerim\MakineProje\data\processed\train_set\stuttering\-K2CowG3Ywk_seg_144.wav,stuttering,0,0
C:\Users\e\OneDrive\Ekler\Masaüstü\Projelerim\MakineProje\data\processed\train_set\stuttering\-K2CowG3Ywk_seg_145.wav,stuttering,0,2
C:\Users\e\OneDrive\Ekler\Masaüstü\Projelerim\MakineProje\data\processed\train_set\stuttering\-K2CowG3Ywk_seg_146.wav,stuttering,0,1
C:\Users\e\OneDrive\Ekler\Masaüstü\Projelerim\MakineProje\data\processed\train_set\stuttering\-K2CowG3Ywk_seg_147.wav,stuttering,0,0
C:\Users\e\OneDrive\Ekler\Masaüstü\Projelerim\MakineProje\data\processed\train_set\stuttering\-K2CowG3Ywk_seg_148.wav,stuttering,0,2
C:\Users\e\OneDrive\Ekler\Masaüstü\Projelerim\MakineProje\data\processed\train_set\stuttering\-K2CowG3Ywk_seg_149.wav,stuttering,0,3
C:\Users\e\OneDrive\Ekler\Masaüstü\Projelerim\MakineProje\data\processed\train_set\stuttering\-K2CowG3Ywk_seg_150.wav,stuttering,0,3
C:\Users\e\OneDrive\Ekler\Masaüstü\Projelerim\MakineProje\data\processed\train_set\stuttering\-K2CowG3Ywk_seg_151.wav,stuttering,0,3
C:\Users\e\OneDrive\Ekler\Masaüstü\Projelerim\MakineProje\data\processed\train_set\stuttering\-K2CowG3Ywk_seg_152.wav,stuttering,0,3
C:\Users\e\OneDrive\Ekler\Masaüstü\Projelerim\MakineProje\data\processed\train_set\stuttering\-K2CowG3Ywk_seg_153.wav,stuttering,0,1
C:\Users\e\OneDrive\Ekler\Masaüstü\Projelerim\MakineProje\data\processed\train_set\stuttering\-K2CowG3Ywk_seg_154.wav,stuttering,0,4
C:\Users\e\OneDrive\Ekler\Masaüstü\Projelerim\MakineProje\data\processed\train_set\stuttering\-K2CowG3Ywk_seg_155.wav,stuttering,0,0
C:\Users\e\OneDrive\Ekler\Masaüstü\Projelerim\MakineProje\data\processed\train_set\stuttering\-K2CowG3Ywk_seg_156.wav,stuttering,0,1
C:\Users\e\OneDrive\Ekler\Masaüstü\Projelerim\MakineProje\data\processed\train_set\stuttering\-K2CowG3Ywk_seg_157.wav,stuttering,0,0
C:\Users\e\OneDrive\Ekler\Masaüstü\Projelerim\MakineProje\data\processed\train_set\stuttering\-K2CowG3Ywk_seg_158.wav,stuttering,0,1
C:\Users\e\OneDrive\Ekler\Masaüstü\Projelerim\MakineProje\data\processed\train_set\stuttering\-K2CowG3Ywk_seg_159.wav,stuttering,0,0
C:\Users\e\OneDrive\Ekler\Masaüstü\Projelerim\MakineProje\data\processed\train_set\stuttering\-K2CowG3Ywk_seg_160.wav,stuttering,0,1
C:\Users\e\OneDrive\Ekler\Masaüstü\Projelerim\MakineProje\data\processed\train_set\stuttering\-K2CowG3Ywk_seg_161.wav,stuttering,0,1
C:\Users\e\OneDrive\Ekler\Masaüstü\Projelerim\MakineProje\data\processed\train_set\stuttering\-K2CowG3Ywk_seg_162.wav,stuttering,0,4
C:\Users\e\OneDrive\Ekler\Masaüstü\Projelerim\MakineProje\data\processed\train_set\stuttering\-K2CowG3Ywk_seg_163.wav,stuttering,0,1
C:\Users\e\OneDrive\Ekler\Masaüstü\Projelerim\MakineProje\data\processed\train_set\stuttering\-K2CowG3Ywk_seg_164.wav,stuttering,0,2
C:\Users\e\OneDrive\Ekler\Masaüstü\Projelerim\MakineProje\data\processed\train_set\stuttering\-K2CowG3Ywk_seg_165.wav,stuttering,0,4
C:\Users\e\OneDrive\Ekler\Masaüstü\Projelerim\MakineProje\data\processed\train_set\stuttering\-K2CowG3Ywk_seg_166.wav,stuttering,0,4
C:\Users\e\OneDrive\Ekler\Masaüstü\Projelerim\MakineProje\data\processed\train_set\stuttering\-K2CowG3Ywk_seg_167.wav,stuttering,0,1
C:\Users\e\OneDrive\Ekler\Masaüstü\Projelerim\MakineProje\data\processed\train_set\stuttering\-K2CowG3Ywk_seg_168.wav,stuttering,0,1
C:\Users\e\OneDrive\Ekler\Masaüstü\Projelerim\MakineProje\data\processed\train_set\stuttering\-K2CowG3Ywk_seg_169.wav,stuttering,0,4
C:\Users\e\OneDrive\Ekler\Masaüstü\Projelerim\MakineProje\data\processed\train_set\stuttering\-K2CowG3Ywk_seg_170.wav,stuttering,0,0
C:\Users\e\OneDrive\Ekler\Masaüstü\Projelerim\MakineProje\data\processed\train_set\stuttering\-K2CowG3Ywk_seg_171.wav,stuttering,0,3
C:\Users\e\OneDrive\Ekler\Masaüstü\Projelerim\MakineProje\data\processed\train_set\stuttering\-K2CowG3Ywk_seg_172.wav,stuttering,0,3
C:\Users\e\OneDrive\Ekler\Masaüstü\Projelerim\MakineProje\data\processed\train_set\stuttering\-K2CowG3Ywk_seg_173.wav,stuttering,0,1
C:\Users\e\OneDrive\Ekler\Masaüstü\Projelerim\MakineProje\data\processed\train_set\stuttering\-K2CowG3Ywk_seg_174.wav,stuttering,0,4
C:\Users\e\OneDrive\Ekler\Masaüstü\Projelerim\MakineProje\data\processed\train_set\stuttering\-K2CowG3Ywk_seg_175.wav,stuttering,0,2
C:\Users\e\OneDrive\Ekler\Masaüstü\Projelerim\MakineProje\data\processed\train_set\stuttering\-K2CowG3Ywk_seg_176.wav,stuttering,0,0
C:\Users\e\OneDrive\Ekler\Masaüstü\Projelerim\MakineProje\data\processed\train_set\stuttering\-K2CowG3Ywk_seg_177.wav,stuttering,0,2
C:\Users\e\OneDrive\Ekler\Masaüstü\Projelerim\MakineProje\data\processed\train_set\stuttering\-K2CowG3Ywk_seg_178.wav,stuttering,0,2
C:\Users\e\OneDrive\Ekler\Masaüstü\Projelerim\MakineProje\data\processed\train_set\stuttering\-K2CowG3Ywk_seg_179.wav,stuttering,0,4
C:\Users\e\OneDrive\Ekler\Masaüstü\Projelerim\MakineProje\data\processed\train_set\stuttering\-K2CowG3Ywk_seg_180.wav,stuttering,0,3
C:\Users\e\OneDrive\Ekler\Masaüstü\Projelerim\MakineProje\data\processed\train_set\stuttering\-K2CowG3Ywk_seg_181.wav,stuttering,0,1
C:\Users\e\OneDrive\Ekler\Masaüstü\Projelerim\MakineProje\data\processed\train_set\stuttering\-K2CowG3Ywk_seg_182.wav,stuttering,0,2
C:\Users\e\OneDrive\Ekler\Masaüstü\Projelerim\MakineProje\data\processed\train_set\stuttering\-K2CowG3Ywk_seg_183.wav,stuttering,0,4
C:\Users\e\OneDrive\Ekler\Masaüstü\Projelerim\MakineProje\data\processed\train_set\stuttering\-K2CowG3Ywk_seg_184.wav,stuttering,0,0
C:\Users\e\OneDrive\Ekler\Masaüstü\Projelerim\MakineProje\data\processed\train_set\stuttering\-K2CowG3Ywk_seg_185.wav,stuttering,0,1
C:\Users\e\OneDrive\Ekler\Masaüstü\Projelerim\MakineProje\data\processed\train_set\stuttering\-K2CowG3Ywk_seg_186.wav,stuttering,0,1
C:\Users\e\OneDrive\Ekler\Masaüstü\Projelerim\MakineProje\data\processed\train_set\stuttering\-K2CowG3Ywk_seg_187.wav,stuttering,0,2
C:\Users\e\OneDrive\Ekler\Masaüstü\Projelerim\MakineProje\data\processed\train_set\stuttering\-K2CowG3Ywk_seg_188.wav,stuttering,0,2
C:\Users\e\OneDrive\Ekler\Masaüstü\Projelerim\MakineProje\data\processed\train_set\stuttering\-K2CowG3Ywk_seg_189.wav,stuttering,0,4
C:\Users\e\OneDrive\Ekler\Masaüstü\Projelerim\MakineProje\data\processed\train_set\stuttering\-K2CowG3Ywk_seg_190.wav,stuttering,0,3
C:\Users\e\OneDrive\Ekler\Masaüstü\Projelerim\MakineProje\data\processed\train_set\stuttering\-K2CowG3Ywk_seg_191.wav,stuttering,0,1
C:\Users\e\OneDrive\Ekler\Masaüstü\Projelerim\MakineProje\data\processed\train_set\stuttering\-K2CowG3Ywk_seg_192.wav,stuttering,0,4
C:\Users\e\OneDrive\Ekler\Masaüstü\Projelerim\MakineProje\data\processed\train_set\stuttering\-K2CowG3Ywk_seg_193.wav,stuttering,0,1
C:\Users\e\OneDrive\Ekler\Masaüstü\Projelerim\MakineProje\data\processed\train_set\stuttering\-K2CowG3Ywk_seg_194.wav,stuttering,0,3
C:\Users\e\OneDrive\Ekler\Masaüstü\Projelerim\MakineProje\data\processed\train_set\stuttering\-K2CowG3Ywk_seg_195.wav,stuttering,0,3
C:\Users\e\OneDrive\Ekler\Masaüstü\Projelerim\MakineProje\data\processed\train_set\stuttering\-K2CowG3Ywk_seg_196.wav,stuttering,0,4
C:\Users\e\OneDrive\Ekler\Masaüstü\Projelerim\MakineProje\data\processed\train_set\stuttering\-K2CowG3Ywk_seg_197.wav,stuttering,0,1
C:\Users\e\OneDrive\Ekler\Masaüstü\Projelerim\MakineProje\data\processed\train_set\stuttering\-K2CowG3Ywk_seg_198.wav,stuttering,0,1
C:\Users\e\OneDrive\Ekler\Masaüstü\Projelerim\MakineProje\data\processed\train_set\stuttering\-K2CowG3Ywk_seg_199.wav,stuttering,0,4
C:\Users\e\OneDrive\Ekler\Masaüstü\Projelerim\MakineProje\data\processed\train_set\stuttering\-K2CowG3Ywk_seg_200.wav,stuttering,0,3
C:\Users\e\OneDrive\Ekler\Masaüstü\Projelerim\MakineProje\data\processed\train_set\stuttering\-K2CowG3Ywk_seg_201.wav,stuttering,0,0
C:\Users\e\OneDrive\Ekler\Masaüstü\Projelerim\MakineProje\data\processed\train_set\stuttering\-K2CowG3Ywk_seg_202.wav,stuttering,0,4
C:\Users\e\OneDrive\Ekler\Masaüstü\Projelerim\MakineProje\data\processed\train_set\stuttering\-K2CowG3Ywk_seg_203.wav,stuttering,0,0
C:\Users\e\OneDrive\Ekler\Masaüstü\Projelerim\MakineProje\data\processed\train_set\stuttering\-K2CowG3Ywk_seg_204.wav,stuttering,0,0
C:\Users\e\OneDrive\Ekler\Masaüstü\Projelerim\MakineProje\data\processed\train_set\stuttering\-K2CowG3Ywk_seg_205.wav,stuttering,0,2
C:\Users\e\OneDrive\Ekler\Masaüstü\Projelerim\MakineProje\data\processed\train_set\stuttering\-K2CowG3Ywk_seg_206.wav,stuttering,0,0
C:\Users\e\OneDrive\Ekler\Masaüstü\Projelerim\MakineProje\data\processed\train_set\stuttering\-K2CowG3Ywk_seg_207.wav,stuttering,0,0
C:\Users\e\OneDrive\Ekler\Masaüstü\Projelerim\MakineProje\data\processed\train_set\stuttering\-K2CowG3Ywk_seg_208.wav,stuttering,0,4
C:\Users\e\OneDrive\Ekler\Masaüstü\Projelerim\MakineProje\data\processed\train_set\stuttering\-K2CowG3Ywk_seg_209.wav,stuttering,0,0
C:\Users\e\OneDrive\Ekler\Masaüstü\Projelerim\MakineProje\data\processed\train_set\stuttering\-K2CowG3Ywk_seg_210.wav,stuttering,0,1
C:\Users\e\OneDrive\Ekler\Masaüstü\Projelerim\MakineProje\data\processed\train_set\stuttering\-K2CowG3Ywk_seg_211.wav,stuttering,0,1
C:\Users\e\OneDrive\Ekler\Masaüstü\Projelerim\MakineProje\data\processed\train_set\stuttering\-K2CowG3Ywk_seg_212.wav,stuttering,0,3
C:\Users\e\OneDrive\Ekler\Masaüstü\Projelerim\MakineProje\data\processed\train_set\stuttering\-K2CowG3Ywk_seg_213.wav,stuttering,0,2
C:\Users\e\OneDrive\Ekler\Masaüstü\Projelerim\MakineProje\data\processed\train_set\stuttering\-K2CowG3Ywk_seg_214.wav,stuttering,0,1
C:\Users\e\OneDrive\Ekler\Masaüstü\Projelerim\MakineProje\data\processed\train_set\stuttering\2Jk3AtlfWKQ_seg_000.wav,stuttering,0,1
C:\Users\e\OneDrive\Ekler\Masaüstü\Projelerim\MakineProje\data\processed\train_set\stuttering\2Jk3AtlfWKQ_seg_001.wav,stuttering,0,1
C:\Users\e\OneDrive\Ekler\Masaüstü\Projelerim\MakineProje\data\processed\train_set\stuttering\2Jk3AtlfWKQ_seg_002.wav,stuttering,0,1
C:\Users\e\OneDrive\Ekler\Masaüstü\Projelerim\MakineProje\data\processed\train_set\stuttering\2Jk3AtlfWKQ_seg_003.wav,stuttering,0,2
C:\Users\e\OneDrive\Ekler\Masaüstü\Projelerim\MakineProje\data\processed\train_set\stuttering\2Jk3AtlfWKQ_seg_004.wav,stuttering,0,1
C:\Users\e\OneDrive\Ekler\Masaüstü\Projelerim\MakineProje\data\processed\train_set\stuttering\2Jk3AtlfWKQ_seg_005.wav,stuttering,0,4
C:\Users\e\OneDrive\Ekler\Masaüstü\Projelerim\MakineProje\data\processed\train_set\stuttering\2Jk3AtlfWKQ_seg_006.wav,stuttering,0,4
C:\Users\e\OneDrive\Ekler\Masaüstü\Projelerim\MakineProje\data\processed\train_set\stuttering\2Jk3AtlfWKQ_seg_007.wav,stuttering,0,2
C:\Users\e\OneDrive\Ekler\Masaüstü\Projelerim\MakineProje\data\processed\train_set\stuttering\2Jk3AtlfWKQ_seg_008.wav,stuttering,0,2
C:\Users\e\OneDrive\Ekler\Masaüstü\Projelerim\MakineProje\data\processed\train_set\stuttering\2Jk3AtlfWKQ_seg_009.wav,stuttering,0,0
C:\Users\e\OneDrive\Ekler\Masaüstü\Projelerim\MakineProje\data\processed\train_set\stuttering\2Jk3AtlfWKQ_seg_010.wav,stuttering,0,2
C:\Users\e\OneDrive\Ekler\Masaüstü\Projelerim\MakineProje\data\processed\train_set\stuttering\2Jk3AtlfWKQ_seg_011.wav,stuttering,0,4
C:\Users\e\OneDrive\Ekler\Masaüstü\Projelerim\MakineProje\data\processed\train_set\stuttering\2Jk3AtlfWKQ_seg_012.wav,stuttering,0,3
C:\Users\e\OneDrive\Ekler\Masaüstü\Projelerim\MakineProje\data\processed\train_set\stuttering\2Jk3AtlfWKQ_seg_013.wav,stuttering,0,3
C:\Users\e\OneDrive\Ekler\Masaüstü\Projelerim\MakineProje\data\processed\train_set\stuttering\2Jk3AtlfWKQ_seg_014.wav,stuttering,0,1
C:\Users\e\OneDrive\Ekler\Masaüstü\Projelerim\MakineProje\data\processed\train_set\stuttering\2Jk3AtlfWKQ_seg_015.wav,stuttering,0,0
C:\Users\e\OneDrive\Ekler\Masaüstü\Projelerim\MakineProje\data\processed\train_set\stuttering\2Jk3AtlfWKQ_seg_016.wav,stuttering,0,4
C:\Users\e\OneDrive\Ekler\Masaüstü\Projelerim\MakineProje\data\processed\train_set\stuttering\2Jk3AtlfWKQ_seg_017.wav,stuttering,0,1
C:\Users\e\OneDrive\Ekler\Masaüstü\Projelerim\MakineProje\data\processed\train_set\stuttering\2Jk3AtlfWKQ_seg_018.wav,stuttering,0,0
C:\Users\e\OneDrive\Ekler\Masaüstü\Projelerim\MakineProje\data\processed\train_set\stuttering\3Rz18q3p-zY_seg_000.wav,stuttering,0,3
C:\Users\e\OneDrive\Ekler\Masaüstü\Projelerim\MakineProje\data\processed\train_set\stuttering\3Rz18q3p-zY_seg_001.wav,stuttering,0,1
C:\Users\e\OneDrive\Ekler\Masaüstü\Projelerim\MakineProje\data\processed\train_set\stuttering\3Rz18q3p-zY_seg_002.wav,stuttering,0,2
C:\Users\e\OneDrive\Ekler\Masaüstü\Projelerim\MakineProje\data\processed\train_set\stuttering\3Rz18q3p-zY_seg_003.wav,stuttering,0,4
C:\Users\e\OneDrive\Ekler\Masaüstü\Projelerim\MakineProje\data\processed\train_set\stuttering\3Rz18q3p-zY_seg_004.wav,stuttering,0,2
C:\Users\e\OneDrive\Ekler\Masaüstü\Projelerim\MakineProje\data\processed\train_set\stuttering\3Rz18q3p-zY_seg_005.wav,stuttering,0,3
C:\Users\e\OneDrive\Ekler\Masaüstü\Projelerim\MakineProje\data\processed\train_set\stuttering\3Rz18q3p-zY_seg_006.wav,stuttering,0,4
C:\Users\e\OneDrive\Ekler\Masaüstü\Projelerim\MakineProje\data\processed\train_set\stuttering\7n3YS7GdQ0k_seg_000.wav,stuttering,0,4
C:\Users\e\OneDrive\Ekler\Masaüstü\Projelerim\MakineProje\data\processed\train_set\stuttering\7n3YS7GdQ0k_seg_001.wav,stuttering,0,2
C:\Users\e\OneDrive\Ekler\Masaüstü\Projelerim\MakineProje\data\processed\train_set\stuttering\7n3YS7GdQ0k_seg_002.wav,stuttering,0,2
C:\Users\e\OneDrive\Ekler\Masaüstü\Projelerim\MakineProje\data\processed\train_set\stuttering\7n3YS7GdQ0k_seg_003.wav,stuttering,0,2
C:\Users\e\OneDrive\Ekler\Masaüstü\Projelerim\MakineProje\data\processed\train_set\stuttering\7n3YS7GdQ0k_seg_004.wav,stuttering,0,2
C:\Users\e\OneDrive\Ekler\Masaüstü\Projelerim\MakineProje\data\processed\train_set\stuttering\7n3YS7GdQ0k_seg_005.wav,stuttering,0,3
C:\Users\e\OneDrive\Ekler\Masaüstü\Projelerim\MakineProje\data\processed\train_set\stuttering\7n3YS7GdQ0k_seg_006.wav,stuttering,0,3
C:\Users\e\OneDrive\Ekler\Masaüstü\Projelerim\MakineProje\data\processed\train_set\stuttering\7n3YS7GdQ0k_seg_007.wav,stuttering,0,2
C:\Users\e\OneDrive\Ekler\Masaüstü\Projelerim\MakineProje\data\processed\train_set\stuttering\7n3YS7GdQ0k_seg_008.wav,stuttering,0,0
C:\Users\e\OneDrive\Ekler\Masaüstü\Projelerim\MakineProje\data\processed\train_set\stuttering\7n3YS7GdQ0k_seg_009.wav,stuttering,0,2
C:\Users\e\OneDrive\Ekler\Masaüstü\Projelerim\MakineProje\data\processed\train_set\stuttering\7n3YS7GdQ0k_seg_010.wav,stuttering,0,4
C:\Users\e\OneDrive\Ekler\Masaüstü\Projelerim\MakineProje\data\processed\train_set\stuttering\7n3YS7GdQ0k_seg_011.wav,stuttering,0,0
C:\Users\e\OneDrive\Ekler\Masaüstü\Projelerim\MakineProje\data\processed\train_set\stuttering\7n3YS7GdQ0k_seg_012.wav,stuttering,0,2
C:\Users\e\OneDrive\Ekler\Masaüstü\Projelerim\MakineProje\data\processed\train_set\stuttering\7n3YS7GdQ0k_seg_013.wav,stuttering,0,1
C:\Users\e\OneDrive\Ekler\Masaüstü\Projelerim\MakineProje\data\processed\train_set\stuttering\7n3YS7GdQ0k_seg_014.wav,stuttering,0,3
C:\Users\e\OneDrive\Ekler\Masaüstü\Projelerim\MakineProje\data\processed\train_set\stuttering\7n3YS7GdQ0k_seg_015.wav,stuttering,0,3
C:\Users\e\OneDrive\Ekler\Masaüstü\Projelerim\MakineProje\data\processed\train_set\stuttering\7n3YS7GdQ0k_seg_016.wav,stuttering,0,3
C:\Users\e\OneDrive\Ekler\Masaüstü\Projelerim\MakineProje\data\processed\train_set\stuttering\7n3YS7GdQ0k_seg_017.wav,stuttering,0,2
C:\Users\e\OneDrive\Ekler\Masaüstü\Projelerim\MakineProje\data\processed\train_set\stuttering\7n3YS7GdQ0k_seg_018.wav,stuttering,0,2
C:\Users\e\OneDrive\Ekler\Masaüstü\Projelerim\MakineProje\data\processed\train_set\stuttering\7n3YS7GdQ0k_seg_019.wav,stuttering,0,4
C:\Users\e\OneDrive\Ekler\Masaüstü\Projelerim\MakineProje\data\processed\train_set\stuttering\7n3YS7GdQ0k_seg_020.wav,stuttering,0,1
C:\Users\e\OneDrive\Ekler\Masaüstü\Projelerim\MakineProje\data\processed\train_set\stuttering\7n3YS7GdQ0k_seg_021.wav,stuttering,0,1
C:\Users\e\OneDrive\Ekler\Masaüstü\Projelerim\MakineProje\data\processed\train_set\stuttering\7n3YS7GdQ0k_seg_022.wav,stuttering,0,2
C:\Users\e\OneDrive\Ekler\Masaüstü\Projelerim\MakineProje\data\processed\train_set\stuttering\7n3YS7GdQ0k_seg_023.wav,stuttering,0,4
C:\Users\e\OneDrive\Ekler\Masaüstü\Projelerim\MakineProje\data\processed\train_set\stuttering\7n3YS7GdQ0k_seg_024.wav,stuttering,0,0
C:\Users\e\OneDrive\Ekler\Masaüstü\Projelerim\MakineProje\data\processed\train_set\stuttering\7n3YS7GdQ0k_seg_025.wav,stuttering,0,1
C:\Users\e\OneDrive\Ekler\Masaüstü\Projelerim\MakineProje\data\processed\train_set\stuttering\7n3YS7GdQ0k_seg_026.wav,stuttering,0,3
C:\Users\e\OneDrive\Ekler\Masaüstü\Projelerim\MakineProje\data\processed\train_set\stuttering\7n3YS7GdQ0k_seg_027.wav,stuttering,0,3
C:\Users\e\OneDrive\Ekler\Masaüstü\Projelerim\MakineProje\data\processed\train_set\stuttering\7n3YS7GdQ0k_seg_028.wav,stuttering,0,3
C:\Users\e\OneDrive\Ekler\Masaüstü\Projelerim\MakineProje\data\processed\train_set\stuttering\7n3YS7GdQ0k_seg_029.wav,stuttering,0,3
C:\Users\e\OneDrive\Ekler\Masaüstü\Projelerim\MakineProje\data\processed\train_set\stuttering\7n3YS7GdQ0k_seg_030.wav,stuttering,0,0
C:\Users\e\OneDrive\Ekler\Masaüstü\Projelerim\MakineProje\data\processed\train_set\stuttering\7n3YS7GdQ0k_seg_031.wav,stuttering,0,0
C:\Users\e\OneDrive\Ekler\Masaüstü\Projelerim\MakineProje\data\processed\train_set\stuttering\7n3YS7GdQ0k_seg_032.wav,stuttering,0,1
C:\Users\e\OneDrive\Ekler\Masaüstü\Projelerim\MakineProje\data\processed\train_set\stuttering\7n3YS7GdQ0k_seg_033.wav,stuttering,0,2
C:\Users\e\OneDrive\Ekler\Masaüstü\Projelerim\MakineProje\data\processed\train_set\stuttering\7n3YS7GdQ0k_seg_034.wav,stuttering,0,3
C:\Users\e\OneDrive\Ekler\Masaüstü\Projelerim\MakineProje\data\processed\train_set\stuttering\7n3YS7GdQ0k_seg_035.wav,stuttering,0,4
C:\Users\e\OneDrive\Ekler\Masaüstü\Projelerim\MakineProje\data\processed\train_set\stuttering\7n3YS7GdQ0k_seg_036.wav,stuttering,0,2
C:\Users\e\OneDrive\Ekler\Masaüstü\Projelerim\MakineProje\data\processed\train_set\stuttering\7n3YS7GdQ0k_seg_037.wav,stuttering,0,2
C:\Users\e\OneDrive\Ekler\Masaüstü\Projelerim\MakineProje\data\processed\train_set\stuttering\7n3YS7GdQ0k_seg_038.wav,stuttering,0,2
C:\Users\e\OneDrive\Ekler\Masaüstü\Projelerim\MakineProje\data\processed\train_set\stuttering\7n3YS7GdQ0k_seg_039.wav,stuttering,0,0
C:\Users\e\OneDrive\Ekler\Masaüstü\Projelerim\MakineProje\data\processed\train_set\stuttering\7n3YS7GdQ0k_seg_040.wav,stuttering,0,1
C:\Users\e\OneDrive\Ekler\Masaüstü\Projelerim\MakineProje\data\processed\train_set\stuttering\7n3YS7GdQ0k_seg_041.wav,stuttering,0,4
C:\Users\e\OneDrive\Ekler\Masaüstü\Projelerim\MakineProje\data\processed\train_set\stuttering\7n3YS7GdQ0k_seg_042.wav,stuttering,0,1
C:\Users\e\OneDrive\Ekler\Masaüstü\Projelerim\MakineProje\data\processed\train_set\stuttering\7n3YS7GdQ0k_seg_043.wav,stuttering,0,4
C:\Users\e\OneDrive\Ekler\Masaüstü\Projelerim\MakineProje\data\processed\train_set\stuttering\7n3YS7GdQ0k_seg_044.wav,stuttering,0,1
C:\Users\e\OneDrive\Ekler\Masaüstü\Projelerim\MakineProje\data\processed\train_set\stuttering\7n3YS7GdQ0k_seg_045.wav,stuttering,0,1
C:\Users\e\OneDrive\Ekler\Masaüstü\Projelerim\MakineProje\data\processed\train_set\stuttering\7n3YS7GdQ0k_seg_046.wav,stuttering,0,1
C:\Users\e\OneDrive\Ekler\Masaüstü\Projelerim\MakineProje\data\processed\train_set\stuttering\7n3YS7GdQ0k_seg_047.wav,stuttering,0,4
C:\Users\e\OneDrive\Ekler\Masaüstü\Projelerim\MakineProje\data\processed\train_set\stuttering\7n3YS7GdQ0k_seg_048.wav,stuttering,0,2
C:\Users\e\OneDrive\Ekler\Masaüstü\Projelerim\MakineProje\data\processed\train_set\stuttering\7n3YS7GdQ0k_seg_049.wav,stuttering,0,3
C:\Users\e\OneDrive\Ekler\Masaüstü\Projelerim\MakineProje\data\processed\train_set\stuttering\7n3YS7GdQ0k_seg_050.wav,stuttering,0,2
C:\Users\e\OneDrive\Ekler\Masaüstü\Projelerim\MakineProje\data\processed\train_set\stuttering\7n3YS7GdQ0k_seg_051.wav,stuttering,0,4
C:\Users\e\OneDrive\Ekler\Masaüstü\Projelerim\MakineProje\data\processed\train_set\stuttering\7n3YS7GdQ0k_seg_052.wav,stuttering,0,1
C:\Users\e\OneDrive\Ekler\Masaüstü\Projelerim\MakineProje\data\processed\train_set\stuttering\7n3YS7GdQ0k_seg_053.wav,stuttering,0,2
C:\Users\e\OneDrive\Ekler\Masaüstü\Projelerim\MakineProje\data\processed\train_set\stuttering\7n3YS7GdQ0k_seg_054.wav,stuttering,0,2
C:\Users\e\OneDrive\Ekler\Masaüstü\Projelerim\MakineProje\data\processed\train_set\stuttering\7n3YS7GdQ0k_seg_055.wav,stuttering,0,0
C:\Users\e\OneDrive\Ekler\Masaüstü\Projelerim\MakineProje\data\processed\train_set\stuttering\7n3YS7GdQ0k_seg_056.wav,stuttering,0,0
C:\Users\e\OneDrive\Ekler\Masaüstü\Projelerim\MakineProje\data\processed\train_set\stuttering\7n3YS7GdQ0k_seg_057.wav,stuttering,0,0
C:\Users\e\OneDrive\Ekler\Masaüstü\Projelerim\MakineProje\data\processed\train_set\stuttering\7n3YS7GdQ0k_seg_058.wav,stuttering,0,3
C:\Users\e\OneDrive\Ekler\Masaüstü\Projelerim\MakineProje\data\processed\train_set\stuttering\7n3YS7GdQ0k_seg_059.wav,stuttering,0,1
C:\Users\e\OneDrive\Ekler\Masaüstü\Projelerim\MakineProje\data\processed\train_set\stuttering\7n3YS7GdQ0k_seg_060.wav,stuttering,0,0
C:\Users\e\OneDrive\Ekler\Masaüstü\Projelerim\MakineProje\data\processed\train_set\stuttering\7n3YS7GdQ0k_seg_061.wav,stuttering,0,4
C:\Users\e\OneDrive\Ekler\Masaüstü\Projelerim\MakineProje\data\processed\train_set\stuttering\7n3YS7GdQ0k_seg_062.wav,stuttering,0,2
C:\Users\e\OneDrive\Ekler\Masaüstü\Projelerim\MakineProje\data\processed\train_set\stuttering\7n3YS7GdQ0k_seg_063.wav,stuttering,0,3
C:\Users\e\OneDrive\Ekler\Masaüstü\Projelerim\MakineProje\data\processed\train_set\stuttering\7n3YS7GdQ0k_seg_064.wav,stuttering,0,0
C:\Users\e\OneDrive\Ekler\Masaüstü\Projelerim\MakineProje\data\processed\train_set\stuttering\7n3YS7GdQ0k_seg_065.wav,stuttering,0,0
C:\Users\e\OneDrive\Ekler\Masaüstü\Projelerim\MakineProje\data\processed\train_set\stuttering\7n3YS7GdQ0k_seg_066.wav,stuttering,0,1
C:\Users\e\OneDrive\Ekler\Masaüstü\Projelerim\MakineProje\data\processed\train_set\stuttering\7n3YS7GdQ0k_seg_067.wav,stuttering,0,0
C:\Users\e\OneDrive\Ekler\Masaüstü\Projelerim\MakineProje\data\processed\train_set\stuttering\7n3YS7GdQ0k_seg_068.wav,stuttering,0,2
C:\Users\e\OneDrive\Ekler\Masaüstü\Projelerim\MakineProje\data\processed\train_set\stuttering\7n3YS7GdQ0k_seg_069.wav,stuttering,0,2
C:\Users\e\OneDrive\Ekler\Masaüstü\Projelerim\MakineProje\data\processed\train_set\stuttering\7n3YS7GdQ0k_seg_070.wav,stuttering,0,2
C:\Users\e\OneDrive\Ekler\Masaüstü\Projelerim\MakineProje\data\processed\train_set\stuttering\7n3YS7GdQ0k_seg_071.wav,stuttering,0,2
C:\Users\e\OneDrive\Ekler\Masaüstü\Projelerim\MakineProje\data\processed\train_set\stuttering\7n3YS7GdQ0k_seg_072.wav,stuttering,0,3
C:\Users\e\OneDrive\Ekler\Masaüstü\Projelerim\MakineProje\data\processed\train_set\stuttering\7n3YS7GdQ0k_seg_073.wav,stuttering,0,4
C:\Users\e\OneDrive\Ekler\Masaüstü\Projelerim\MakineProje\data\processed\train_set\stuttering\7n3YS7GdQ0k_seg_074.wav,stuttering,0,1
C:\Users\e\OneDrive\Ekler\Masaüstü\Projelerim\MakineProje\data\processed\train_set\stuttering\7n3YS7GdQ0k_seg_075.wav,stuttering,0,0
C:\Users\e\OneDrive\Ekler\Masaüstü\Projelerim\MakineProje\data\processed\train_set\stuttering\7n3YS7GdQ0k_seg_076.wav,stuttering,0,1
C:\Users\e\OneDrive\Ekler\Masaüstü\Projelerim\MakineProje\data\processed\train_set\stuttering\7n3YS7GdQ0k_seg_077.wav,stuttering,0,2
C:\Users\e\OneDrive\Ekler\Masaüstü\Projelerim\MakineProje\data\processed\train_set\stuttering\7n3YS7GdQ0k_seg_078.wav,stuttering,0,0
C:\Users\e\OneDrive\Ekler\Masaüstü\Projelerim\MakineProje\data\processed\train_set\stuttering\7n3YS7GdQ0k_seg_079.wav,stuttering,0,0
C:\Users\e\OneDrive\Ekler\Masaüstü\Projelerim\MakineProje\data\processed\train_set\stuttering\7n3YS7GdQ0k_seg_080.wav,stuttering,0,1
C:\Users\e\OneDrive\Ekler\Masaüstü\Projelerim\MakineProje\data\processed\train_set\stuttering\7n3YS7GdQ0k_seg_081.wav,stuttering,0,2
C:\Users\e\OneDrive\Ekler\Masaüstü\Projelerim\MakineProje\data\processed\train_set\stuttering\7n3YS7GdQ0k_seg_082.wav,stuttering,0,1
C:\Users\e\OneDrive\Ekler\Masaüstü\Projelerim\MakineProje\data\processed\train_set\stuttering\7n3YS7GdQ0k_seg_083.wav,stuttering,0,3
C:\Users\e\OneDrive\Ekler\Masaüstü\Projelerim\MakineProje\data\processed\train_set\stuttering\7n3YS7GdQ0k_seg_084.wav,stuttering,0,4
C:\Users\e\OneDrive\Ekler\Masaüstü\Projelerim\MakineProje\data\processed\train_set\stuttering\7n3YS7GdQ0k_seg_085.wav,stuttering,0,1
C:\Users\e\OneDrive\Ekler\Masaüstü\Projelerim\MakineProje\data\processed\train_set\stuttering\7n3YS7GdQ0k_seg_086.wav,stuttering,0,1
C:\Users\e\OneDrive\Ekler\Masaüstü\Projelerim\MakineProje\data\processed\train_set\stuttering\7n3YS7GdQ0k_seg_087.wav,stuttering,0,2
C:\Users\e\OneDrive\Ekler\Masaüstü\Projelerim\MakineProje\data\processed\train_set\stuttering\7n3YS7GdQ0k_seg_088.wav,stuttering,0,4
C:\Users\e\OneDrive\Ekler\Masaüstü\Projelerim\MakineProje\data\processed\train_set\stuttering\7n3YS7GdQ0k_seg_089.wav,stuttering,0,1
C:\Users\e\OneDrive\Ekler\Masaüstü\Projelerim\MakineProje\data\processed\train_set\stuttering\7n3YS7GdQ0k_seg_090.wav,stuttering,0,2
C:\Users\e\OneDrive\Ekler\Masaüstü\Projelerim\MakineProje\data\processed\train_set\stuttering\7n3YS7GdQ0k_seg_091.wav,stuttering,0,4
C:\Users\e\OneDrive\Ekler\Masaüstü\Projelerim\MakineProje\data\processed\train_set\stuttering\7n3YS7GdQ0k_seg_092.wav,stuttering,0,2
C:\Users\e\OneDrive\Ekler\Masaüstü\Projelerim\MakineProje\data\processed\train_set\stuttering\7n3YS7GdQ0k_seg_093.wav,stuttering,0,0
C:\Users\e\OneDrive\Ekler\Masaüstü\Projelerim\MakineProje\data\processed\train_set\stuttering\7n3YS7GdQ0k_seg_094.wav,stuttering,0,2
C:\Users\e\OneDrive\Ekler\Masaüstü\Projelerim\MakineProje\data\processed\train_set\stuttering\7n3YS7GdQ0k_seg_095.wav,stuttering,0,1
C:\Users\e\OneDrive\Ekler\Masaüstü\Projelerim\MakineProje\data\processed\train_set\stuttering\7n3YS7GdQ0k_seg_096.wav,stuttering,0,4
C:\Users\e\OneDrive\Ekler\Masaüstü\Projelerim\MakineProje\data\processed\train_set\stuttering\7n3YS7GdQ0k_seg_097.wav,stuttering,0,1
C:\Users\e\OneDrive\Ekler\Masaüstü\Projelerim\MakineProje\data\processed\train_set\stuttering\7n3YS7GdQ0k_seg_098.wav,stuttering,0,1
C:\Users\e\OneDrive\Ekler\Masaüstü\Projelerim\MakineProje\data\processed\train_set\stuttering\7n3YS7GdQ0k_seg_099.wav,stuttering,0,0
C:\Users\e\OneDrive\Ekler\Masaüstü\Projelerim\MakineProje\data\processed\train_set\stuttering\7n3YS7GdQ0k_seg_100.wav,stuttering,0,2
C:\Users\e\OneDrive\Ekler\Masaüstü\Projelerim\MakineProje\data\processed\train_set\stuttering\7n3YS7GdQ0k_seg_101.wav,stuttering,0,0
C:\Users\e\OneDrive\Ekler\Masaüstü\Projelerim\MakineProje\data\processed\train_set\stuttering\7n3YS7GdQ0k_seg_102.wav,stuttering,0,3
C:\Users\e\OneDrive\Ekler\Masaüstü\Projelerim\MakineProje\data\processed\train_set\stuttering\7n3YS7GdQ0k_seg_103.wav,stuttering,0,0
C:\Users\e\OneDrive\Ekler\Masaüstü\Projelerim\MakineProje\data\processed\train_set\stuttering\7n3YS7GdQ0k_seg_104.wav,stuttering,0,4
C:\Users\e\OneDrive\Ekler\Masaüstü\Projelerim\MakineProje\data\processed\train_set\stuttering\7n3YS7GdQ0k_seg_105.wav,stuttering,0,2
C:\Users\e\OneDrive\Ekler\Masaüstü\Projelerim\MakineProje\data\processed\train_set\stuttering\7n3YS7GdQ0k_seg_106.wav,stuttering,0,3
C:\Users\e\OneDrive\Ekler\Masaüstü\Projelerim\MakineProje\data\processed\train_set\stuttering\7n3YS7GdQ0k_seg_107.wav,stuttering,0,1
C:\Users\e\OneDrive\Ekler\Masaüstü\Projelerim\MakineProje\data\processed\train_set\stuttering\7n3YS7GdQ0k_seg_108.wav,stuttering,0,2
C:\Users\e\OneDrive\Ekler\Masaüstü\Projelerim\MakineProje\data\processed\train_set\stuttering\7n3YS7GdQ0k_seg_109.wav,stuttering,0,0
C:\Users\e\OneDrive\Ekler\Masaüstü\Projelerim\MakineProje\data\processed\train_set\stuttering\7n3YS7GdQ0k_seg_110.wav,stuttering,0,3
C:\Users\e\OneDrive\Ekler\Masaüstü\Projelerim\MakineProje\data\processed\train_set\stuttering\7n3YS7GdQ0k_seg_111.wav,stuttering,0,2
C:\Users\e\OneDrive\Ekler\Masaüstü\Projelerim\MakineProje\data\processed\train_set\stuttering\7n3YS7GdQ0k_seg_112.wav,stuttering,0,2
C:\Users\e\OneDrive\Ekler\Masaüstü\Projelerim\MakineProje\data\processed\train_set\stuttering\7n3YS7GdQ0k_seg_113.wav,stuttering,0,1
C:\Users\e\OneDrive\Ekler\Masaüstü\Projelerim\MakineProje\data\processed\train_set\stuttering\7n3YS7GdQ0k_seg_114.wav,stuttering,0,4
C:\Users\e\OneDrive\Ekler\Masaüstü\Projelerim\MakineProje\data\processed\train_set\stuttering\7n3YS7GdQ0k_seg_115.wav,stuttering,0,3
C:\Users\e\OneDrive\Ekler\Masaüstü\Projelerim\MakineProje\data\processed\train_set\stuttering\7n3YS7GdQ0k_seg_116.wav,stuttering,0,4
C:\Users\e\OneDrive\Ekler\Masaüstü\Projelerim\MakineProje\data\processed\train_set\stuttering\7n3YS7GdQ0k_seg_117.wav,stuttering,0,0
C:\Users\e\OneDrive\Ekler\Masaüstü\Projelerim\MakineProje\data\processed\train_set\stuttering\7n3YS7GdQ0k_seg_118.wav,stuttering,0,4
C:\Users\e\OneDrive\Ekler\Masaüstü\Projelerim\MakineProje\data\processed\train_set\stuttering\7n3YS7GdQ0k_seg_119.wav,stuttering,0,2
C:\Users\e\OneDrive\Ekler\Masaüstü\Projelerim\MakineProje\data\processed\train_set\stuttering\7n3YS7GdQ0k_seg_120.wav,stuttering,0,2
C:\Users\e\OneDrive\Ekler\Masaüstü\Projelerim\MakineProje\data\processed\train_set\stuttering\7n3YS7GdQ0k_seg_121.wav,stuttering,0,2
C:\Users\e\OneDrive\Ekler\Masaüstü\Projelerim\MakineProje\data\processed\train_set\stuttering\7n3YS7GdQ0k_seg_122.wav,stuttering,0,4
C:\Users\e\OneDrive\Ekler\Masaüstü\Projelerim\MakineProje\data\processed\train_set\stuttering\7n3YS7GdQ0k_seg_123.wav,stuttering,0,1
C:\Users\e\OneDrive\Ekler\Masaüstü\Projelerim\MakineProje\data\processed\train_set\stuttering\7n3YS7GdQ0k_seg_124.wav,stuttering,0,2
C:\Users\e\OneDrive\Ekler\Masaüstü\Projelerim\MakineProje\data\processed\train_set\stuttering\7n3YS7GdQ0k_seg_125.wav,stuttering,0,0
C:\Users\e\OneDrive\Ekler\Masaüstü\Projelerim\MakineProje\data\processed\train_set\stuttering\7n3YS7GdQ0k_seg_126.wav,stuttering,0,0
C:\Users\e\OneDrive\Ekler\Masaüstü\Projelerim\MakineProje\data\processed\train_set\stuttering\7n3YS7GdQ0k_seg_127.wav,stuttering,0,1
C:\Users\e\OneDrive\Ekler\Masaüstü\Projelerim\MakineProje\data\processed\train_set\stuttering\7n3YS7GdQ0k_seg_128.wav,stuttering,0,2
C:\Users\e\OneDrive\Ekler\Masaüstü\Projelerim\MakineProje\data\processed\train_set\stuttering\7n3YS7GdQ0k_seg_129.wav,stuttering,0,1
C:\Users\e\OneDrive\Ekler\Masaüstü\Projelerim\MakineProje\data\processed\train_set\stuttering\7n3YS7GdQ0k_seg_130.wav,stuttering,0,1
C:\Users\e\OneDrive\Ekler\Masaüstü\Projelerim\MakineProje\data\processed\train_set\stuttering\7n3YS7GdQ0k_seg_131.wav,stuttering,0,2
C:\Users\e\OneDrive\Ekler\Masaüstü\Projelerim\MakineProje\data\processed\train_set\stuttering\7n3YS7GdQ0k_seg_132.wav,stuttering,0,4
C:\Users\e\OneDrive\Ekler\Masaüstü\Projelerim\MakineProje\data\processed\train_set\stuttering\7n3YS7GdQ0k_seg_133.wav,stuttering,0,4
C:\Users\e\OneDrive\Ekler\Masaüstü\Projelerim\MakineProje\data\processed\train_set\stuttering\7n3YS7GdQ0k_seg_134.wav,stuttering,0,2
C:\Users\e\OneDrive\Ekler\Masaüstü\Projelerim\MakineProje\data\processed\train_set\stuttering\7n3YS7GdQ0k_seg_135.wav,stuttering,0,4
C:\Users\e\OneDrive\Ekler\Masaüstü\Projelerim\MakineProje\data\processed\train_set\stuttering\7n3YS7GdQ0k_seg_136.wav,stuttering,0,2
C:\Users\e\OneDrive\Ekler\Masaüstü\Projelerim\MakineProje\data\processed\train_set\stuttering\7n3YS7GdQ0k_seg_137.wav,stuttering,0,3
C:\Users\e\OneDrive\Ekler\Masaüstü\Projelerim\MakineProje\data\processed\train_set\stuttering\7n3YS7GdQ0k_seg_138.wav,stuttering,0,2
C:\Users\e\OneDrive\Ekler\Masaüstü\Projelerim\MakineProje\data\processed\train_set\stuttering\7n3YS7GdQ0k_seg_139.wav,stuttering,0,4
C:\Users\e\OneDrive\Ekler\Masaüstü\Projelerim\MakineProje\data\processed\train_set\stuttering\7n3YS7GdQ0k_seg_140.wav,stuttering,0,2
C:\Users\e\OneDrive\Ekler\Masaüstü\Projelerim\MakineProje\data\processed\train_set\stuttering\7n3YS7GdQ0k_seg_141.wav,stuttering,0,4
C:\Users\e\OneDrive\Ekler\Masaüstü\Projelerim\MakineProje\data\processed\train_set\stuttering\7n3YS7GdQ0k_seg_142.wav,stuttering,0,2
C:\Users\e\OneDrive\Ekler\Masaüstü\Projelerim\MakineProje\data\processed\train_set\stuttering\7n3YS7GdQ0k_seg_143.wav,stuttering,0,3
C:\Users\e\OneDrive\Ekler\Masaüstü\Projelerim\MakineProje\data\processed\train_set\stuttering\7n3YS7GdQ0k_seg_144.wav,stuttering,0,4
C:\Users\e\OneDrive\Ekler\Masaüstü\Projelerim\MakineProje\data\processed\train_set\stuttering\7n3YS7GdQ0k_seg_145.wav,stuttering,0,3
C:\Users\e\OneDrive\Ekler\Masaüstü\Projelerim\MakineProje\data\processed\train_set\stuttering\7n3YS7GdQ0k_seg_146.wav,stuttering,0,0
C:\Users\e\OneDrive\Ekler\Masaüstü\Projelerim\MakineProje\data\processed\train_set\stuttering\7n3YS7GdQ0k_seg_147.wav,stuttering,0,1
C:\Users\e\OneDrive\Ekler\Masaüstü\Projelerim\MakineProje\data\processed\train_set\stuttering\7n3YS7GdQ0k_seg_148.wav,stuttering,0,2
C:\Users\e\OneDrive\Ekler\Masaüstü\Projelerim\MakineProje\data\processed\train_set\stuttering\7n3YS7GdQ0k_seg_149.wav,stuttering,0,3
C:\Users\e\OneDrive\Ekler\Masaüstü\Projelerim\MakineProje\data\processed\train_set\stuttering\7n3YS7GdQ0k_seg_150.wav,stuttering,0,1
C:\Users\e\OneDrive\Ekler\Masaüstü\Projelerim\MakineProje\data\processed\train_set\stuttering\7n3YS7GdQ0k_seg_151.wav,stuttering,0,3
C:\Users\e\OneDrive\Ekler\Masaüstü\Projelerim\MakineProje\data\processed\train_set\stuttering\7n3YS7GdQ0k_seg_152.wav,stuttering,0,0
C:\Users\e\OneDrive\Ekler\Masaüstü\Projelerim\MakineProje\data\processed\train_set\stuttering\7n3YS7GdQ0k_seg_153.wav,stuttering,0,0
C:\Users\e\OneDrive\Ekler\Masaüstü\Projelerim\MakineProje\data\processed\train_set\stuttering\7n3YS7GdQ0k_seg_154.wav,stuttering,0,1
C:\Users\e\OneDrive\Ekler\Masaüstü\Projelerim\MakineProje\data\processed\train_set\stuttering\7n3YS7GdQ0k_seg_155.wav,stuttering,0,1
C:\Users\e\OneDrive\Ekler\Masaüstü\Projelerim\MakineProje\data\processed\train_set\stuttering\7n3YS7GdQ0k_seg_156.wav,stuttering,0,2
C:\Users\e\OneDrive\Ekler\Masaüstü\Projelerim\MakineProje\data\processed\train_set\stuttering\7n3YS7GdQ0k_seg_157.wav,stuttering,0,2
C:\Users\e\OneDrive\Ekler\Masaüstü\Projelerim\MakineProje\data\processed\train_set\stuttering\7n3YS7GdQ0k_seg_158.wav,stuttering,0,1
C:\Users\e\OneDrive\Ekler\Masaüstü\Projelerim\MakineProje\data\processed\train_set\stuttering\7n3YS7GdQ0k_seg_159.wav,stuttering,0,0
C:\Users\e\OneDrive\Ekler\Masaüstü\Projelerim\MakineProje\data\processed\train_set\stuttering\7n3YS7GdQ0k_seg_160.wav,stuttering,0,3
C:\Users\e\OneDrive\Ekler\Masaüstü\Projelerim\MakineProje\data\processed\train_set\stuttering\7n3YS7GdQ0k_seg_161.wav,stuttering,0,0
C:\Users\e\OneDrive\Ekler\Masaüstü\Projelerim\MakineProje\data\processed\train_set\stuttering\7n3YS7GdQ0k_seg_162.wav,stuttering,0,4
C:\Users\e\OneDrive\Ekler\Masaüstü\Projelerim\MakineProje\data\processed\train_set\stuttering\7n3YS7GdQ0k_seg_163.wav,stuttering,0,1
C:\Users\e\OneDrive\Ekler\Masaüstü\Projelerim\MakineProje\data\processed\train_set\stuttering\7n3YS7GdQ0k_seg_164.wav,stuttering,0,4
C:\Users\e\OneDrive\Ekler\Masaüstü\Projelerim\MakineProje\data\processed\train_set\stuttering\7n3YS7GdQ0k_seg_165.wav,stuttering,0,3
C:\Users\e\OneDrive\Ekler\Masaüstü\Projelerim\MakineProje\data\processed\train_set\stuttering\7n3YS7GdQ0k_seg_166.wav,stuttering,0,2
C:\Users\e\OneDrive\Ekler\Masaüstü\Projelerim\MakineProje\data\processed\train_set\stuttering\7n3YS7GdQ0k_seg_167.wav,stuttering,0,4
C:\Users\e\OneDrive\Ekler\Masaüstü\Projelerim\MakineProje\data\processed\train_set\stuttering\7n3YS7GdQ0k_seg_168.wav,stuttering,0,4
C:\Users\e\OneDrive\Ekler\Masaüstü\Projelerim\MakineProje\data\processed\train_set\stuttering\7n3YS7GdQ0k_seg_169.wav,stuttering,0,0
C:\Users\e\OneDrive\Ekler\Masaüstü\Projelerim\MakineProje\data\processed\train_set\stuttering\7n3YS7GdQ0k_seg_170.wav,stuttering,0,1
C:\Users\e\OneDrive\Ekler\Masaüstü\Projelerim\MakineProje\data\processed\train_set\stuttering\7n3YS7GdQ0k_seg_171.wav,stuttering,0,1
C:\Users\e\OneDrive\Ekler\Masaüstü\Projelerim\MakineProje\data\processed\train_set\stuttering\7n3YS7GdQ0k_seg_172.wav,stuttering,0,1
C:\Users\e\OneDrive\Ekler\Masaüstü\Projelerim\MakineProje\data\processed\train_set\stuttering\7n3YS7GdQ0k_seg_173.wav,stuttering,0,3
C:\Users\e\OneDrive\Ekler\Masaüstü\Projelerim\MakineProje\data\processed\train_set\stuttering\7n3YS7GdQ0k_seg_174.wav,stuttering,0,2
C:\Users\e\OneDrive\Ekler\Masaüstü\Projelerim\MakineProje\data\processed\train_set\stuttering\7n3YS7GdQ0k_seg_175.wav,stuttering,0,2
C:\Users\e\OneDrive\Ekler\Masaüstü\Projelerim\MakineProje\data\processed\train_set\stuttering\7n3YS7GdQ0k_seg_176.wav,stuttering,0,2
C:\Users\e\OneDrive\Ekler\Masaüstü\Projelerim\MakineProje\data\processed\train_set\stuttering\7n3YS7GdQ0k_seg_177.wav,stuttering,0,4
C:\Users\e\OneDrive\Ekler\Masaüstü\Projelerim\MakineProje\data\processed\train_set\stuttering\7n3YS7GdQ0k_seg_178.wav,stuttering,0,2
C:\Users\e\OneDrive\Ekler\Masaüstü\Projelerim\MakineProje\data\processed\train_set\stuttering\7n3YS7GdQ0k_seg_179.wav,stuttering,0,0
C:\Users\e\OneDrive\Ekler\Masaüstü\Projelerim\MakineProje\data\processed\train_set\stuttering\7n3YS7GdQ0k_seg_180.wav,stuttering,0,0
C:\Users\e\OneDrive\Ekler\Masaüstü\Projelerim\MakineProje\data\processed\train_set\stuttering\7n3YS7GdQ0k_seg_181.wav,stuttering,0,2
C:\Users\e\OneDrive\Ekler\Masaüstü\Projelerim\MakineProje\data\processed\train_set\stuttering\7n3YS7GdQ0k_seg_182.wav,stuttering,0,2
C:\Users\e\OneDrive\Ekler\Masaüstü\Projelerim\MakineProje\data\processed\train_set\stuttering\7n3YS7GdQ0k_seg_183.wav,stuttering,0,2
C:\Users\e\OneDrive\Ekler\Masaüstü\Projelerim\MakineProje\data\processed\train_set\stuttering\7n3YS7GdQ0k_seg_184.wav,stuttering,0,4
C:\Users\e\OneDrive\Ekler\Masaüstü\Projelerim\MakineProje\data\processed\train_set\stuttering\7n3YS7GdQ0k_seg_185.wav,stuttering,0,0
C:\Users\e\OneDrive\Ekler\Masaüstü\Projelerim\MakineProje\data\processed\train_set\stuttering\7n3YS7GdQ0k_seg_186.wav,stuttering,0,4
C:\Users\e\OneDrive\Ekler\Masaüstü\Projelerim\MakineProje\data\processed\train_set\stuttering\7n3YS7GdQ0k_seg_187.wav,stuttering,0,0
C:\Users\e\OneDrive\Ekler\Masaüstü\Projelerim\MakineProje\data\processed\train_set\stuttering\7n3YS7GdQ0k_seg_188.wav,stuttering,0,1
C:\Users\e\OneDrive\Ekler\Masaüstü\Projelerim\MakineProje\data\processed\train_set\stuttering\7n3YS7GdQ0k_seg_189.wav,stuttering,0,1
C:\Users\e\OneDrive\Ekler\Masaüstü\Projelerim\MakineProje\data\processed\train_set\stuttering\7n3YS7GdQ0k_seg_190.wav,stuttering,0,3
C:\Users\e\OneDrive\Ekler\Masaüstü\Projelerim\MakineProje\data\processed\train_set\stuttering\7n3YS7GdQ0k_seg_191.wav,stuttering,0,4
C:\Users\e\OneDrive\Ekler\Masaüstü\Projelerim\MakineProje\data\processed\train_set\stuttering\7n3YS7GdQ0k_seg_192.wav,stuttering,0,0
C:\Users\e\OneDrive\Ekler\Masaüstü\Projelerim\MakineProje\data\processed\train_set\stuttering\7n3YS7GdQ0k_seg_193.wav,stuttering,0,1
C:\Users\e\OneDrive\Ekler\Masaüstü\Projelerim\MakineProje\data\processed\train_set\stuttering\7n3YS7GdQ0k_seg_194.wav,stuttering,0,0
C:\Users\e\OneDrive\Ekler\Masaüstü\Projelerim\MakineProje\data\processed\train_set\stuttering\7n3YS7GdQ0k_seg_195.wav,stuttering,0,1
C:\Users\e\OneDrive\Ekler\Masaüstü\Projelerim\MakineProje\data\processed\train_set\stuttering\7n3YS7GdQ0k_seg_196.wav,stuttering,0,2
C:\Users\e\OneDrive\Ekler\Masaüstü\Projelerim\MakineProje\data\processed\train_set\stuttering\7n3YS7GdQ0k_seg_197.wav,stuttering,0,1
C:\Users\e\OneDrive\Ekler\Masaüstü\Projelerim\MakineProje\data\processed\train_set\stuttering\7n3YS7GdQ0k_seg_198.wav,stuttering,0,0
C:\Users\e\OneDrive\Ekler\Masaüstü\Projelerim\MakineProje\data\processed\train_set\stuttering\7n3YS7GdQ0k_seg_199.wav,stuttering,0,2
C:\Users\e\OneDrive\Ekler\Masaüstü\Projelerim\MakineProje\data\processed\train_set\stuttering\7n3YS7GdQ0k_seg_200.wav,stuttering,0,3
C:\Users\e\OneDrive\Ekler\Masaüstü\Projelerim\MakineProje\data\processed\train_set\stuttering\7n3YS7GdQ0k_seg_201.wav,stuttering,0,3
C:\Users\e\OneDrive\Ekler\Masaüstü\Projelerim\MakineProje\data\processed\train_set\stuttering\7n3YS7GdQ0k_seg_202.wav,stuttering,0,0
C:\Users\e\OneDrive\Ekler\Masaüstü\Projelerim\MakineProje\data\processed\train_set\stuttering\7n3YS7GdQ0k_seg_203.wav,stuttering,0,4
C:\Users\e\OneDrive\Ekler\Masaüstü\Projelerim\MakineProje\data\processed\train_set\stuttering\7n3YS7GdQ0k_seg_204.wav,stuttering,0,3
C:\Users\e\OneDrive\Ekler\Masaüstü\Projelerim\MakineProje\data\processed\train_set\stuttering\7n3YS7GdQ0k_seg_205.wav,stuttering,0,0
C:\Users\e\OneDrive\Ekler\Masaüstü\Projelerim\MakineProje\data\processed\train_set\stuttering\7n3YS7GdQ0k_seg_206.wav,stuttering,0,0
C:\Users\e\OneDrive\Ekler\Masaüstü\Projelerim\MakineProje\data\processed\train_set\stuttering\7n3YS7GdQ0k_seg_207.wav,stuttering,0,2
C:\Users\e\OneDrive\Ekler\Masaüstü\Projelerim\MakineProje\data\processed\train_set\stuttering\7n3YS7GdQ0k_seg_208.wav,stuttering,0,0
C:\Users\e\OneDrive\Ekler\Masaüstü\Projelerim\MakineProje\data\processed\train_set\stuttering\7n3YS7GdQ0k_seg_209.wav,stuttering,0,4
C:\Users\e\OneDrive\Ekler\Masaüstü\Projelerim\MakineProje\data\processed\train_set\stuttering\7n3YS7GdQ0k_seg_210.wav,stuttering,0,3
C:\Users\e\OneDrive\Ekler\Masaüstü\Projelerim\MakineProje\data\processed\train_set\stuttering\7n3YS7GdQ0k_seg_211.wav,stuttering,0,2
C:\Users\e\OneDrive\Ekler\Masaüstü\Projelerim\MakineProje\data\processed\train_set\stuttering\7n3YS7GdQ0k_seg_212.wav,stuttering,0,2
C:\Users\e\OneDrive\Ekler\Masaüstü\Projelerim\MakineProje\data\processed\train_set\stuttering\7n3YS7GdQ0k_seg_213.wav,stuttering,0,0
C:\Users\e\OneDrive\Ekler\Masaüstü\Projelerim\MakineProje\data\processed\train_set\stuttering\7n3YS7GdQ0k_seg_214.wav,stuttering,0,2
C:\Users\e\OneDrive\Ekler\Masaüstü\Projelerim\MakineProje\data\processed\train_set\stuttering\7n3YS7GdQ0k_seg_215.wav,stuttering,0,0
C:\Users\e\OneDrive\Ekler\Masaüstü\Projelerim\MakineProje\data\processed\train_set\stuttering\7n3YS7GdQ0k_seg_216.wav,stuttering,0,0
C:\Users\e\OneDrive\Ekler\Masaüstü\Projelerim\MakineProje\data\processed\train_set\stuttering\7n3YS7GdQ0k_seg_217.wav,stuttering,0,0
C:\Users\e\OneDrive\Ekler\Masaüstü\Projelerim\MakineProje\data\processed\train_set\stuttering\7n3YS7GdQ0k_seg_218.wav,stuttering,0,4
C:\Users\e\OneDrive\Ekler\Masaüstü\Projelerim\MakineProje\data\processed\train_set\stuttering\7n3YS7GdQ0k_seg_219.wav,stuttering,0,2
C:\Users\e\OneDrive\Ekler\Masaüstü\Projelerim\MakineProje\data\processed\train_set\stuttering\7n3YS7GdQ0k_seg_220.wav,stuttering,0,3
C:\Users\e\OneDrive\Ekler\Masaüstü\Projelerim\MakineProje\data\processed\train_set\stuttering\7n3YS7GdQ0k_seg_221.wav,stuttering,0,4
C:\Users\e\OneDrive\Ekler\Masaüstü\Projelerim\MakineProje\data\processed\train_set\stuttering\7n3YS7GdQ0k_seg_222.wav,stuttering,0,0
C:\Users\e\OneDrive\Ekler\Masaüstü\Projelerim\MakineProje\data\processed\train_set\stuttering\7n3YS7GdQ0k_seg_223.wav,stuttering,0,3
C:\Users\e\OneDrive\Ekler\Masaüstü\Projelerim\MakineProje\data\processed\train_set\stuttering\7n3YS7GdQ0k_seg_224.wav,stuttering,0,2
C:\Users\e\OneDrive\Ekler\Masaüstü\Projelerim\MakineProje\data\processed\train_set\stuttering\7n3YS7GdQ0k_seg_225.wav,stuttering,0,1
C:\Users\e\OneDrive\Ekler\Masaüstü\Projelerim\MakineProje\data\processed\train_set\stuttering\7n3YS7GdQ0k_seg_226.wav,stuttering,0,0
C:\Users\e\OneDrive\Ekler\Masaüstü\Projelerim\MakineProje\data\processed\train_set\stuttering\7n3YS7GdQ0k_seg_227.wav,stuttering,0,4
C:\Users\e\OneDrive\Ekler\Masaüstü\Projelerim\MakineProje\data\processed\train_set\stuttering\7n3YS7GdQ0k_seg_228.wav,stuttering,0,1
C:\Users\e\OneDrive\Ekler\Masaüstü\Projelerim\MakineProje\data\processed\train_set\stuttering\7n3YS7GdQ0k_seg_229.wav,stuttering,0,1
C:\Users\e\OneDrive\Ekler\Masaüstü\Projelerim\MakineProje\data\processed\train_set\stuttering\7n3YS7GdQ0k_seg_230.wav,stuttering,0,1
C:\Users\e\OneDrive\Ekler\Masaüstü\Projelerim\MakineProje\data\processed\train_set\stuttering\7n3YS7GdQ0k_seg_231.wav,stuttering,0,3
C:\Users\e\OneDrive\Ekler\Masaüstü\Projelerim\MakineProje\data\processed\train_set\stuttering\7n3YS7GdQ0k_seg_232.wav,stuttering,0,0
C:\Users\e\OneDrive\Ekler\Masaüstü\Projelerim\MakineProje\data\processed\train_set\stuttering\7n3YS7GdQ0k_seg_233.wav,stuttering,0,4
C:\Users\e\OneDrive\Ekler\Masaüstü\Projelerim\MakineProje\data\processed\train_set\stuttering\7n3YS7GdQ0k_seg_234.wav,stuttering,0,2
C:\Users\e\OneDrive\Ekler\Masaüstü\Projelerim\MakineProje\data\processed\train_set\stuttering\7n3YS7GdQ0k_seg_235.wav,stuttering,0,3
C:\Users\e\OneDrive\Ekler\Masaüstü\Projelerim\MakineProje\data\processed\train_set\stuttering\7n3YS7GdQ0k_seg_236.wav,stuttering,0,1
C:\Users\e\OneDrive\Ekler\Masaüstü\Projelerim\MakineProje\data\processed\train_set\stuttering\7n3YS7GdQ0k_seg_237.wav,stuttering,0,0
C:\Users\e\OneDrive\Ekler\Masaüstü\Projelerim\MakineProje\data\processed\train_set\stuttering\7n3YS7GdQ0k_seg_238.wav,stuttering,0,0
C:\Users\e\OneDrive\Ekler\Masaüstü\Projelerim\MakineProje\data\processed\train_set\stuttering\7n3YS7GdQ0k_seg_239.wav,stuttering,0,3
C:\Users\e\OneDrive\Ekler\Masaüstü\Projelerim\MakineProje\data\processed\train_set\stuttering\7n3YS7GdQ0k_seg_240.wav,stuttering,0,0
C:\Users\e\OneDrive\Ekler\Masaüstü\Projelerim\MakineProje\data\processed\train_set\stuttering\7n3YS7GdQ0k_seg_241.wav,stuttering,0,3
C:\Users\e\OneDrive\Ekler\Masaüstü\Projelerim\MakineProje\data\processed\train_set\stuttering\7n3YS7GdQ0k_seg_242.wav,stuttering,0,0
C:\Users\e\OneDrive\Ekler\Masaüstü\Projelerim\MakineProje\data\processed\train_set\stuttering\7n3YS7GdQ0k_seg_243.wav,stuttering,0,4
C:\Users\e\OneDrive\Ekler\Masaüstü\Projelerim\MakineProje\data\processed\train_set\stuttering\7n3YS7GdQ0k_seg_244.wav,stuttering,0,3
C:\Users\e\OneDrive\Ekler\Masaüstü\Projelerim\MakineProje\data\processed\train_set\stuttering\7n3YS7GdQ0k_seg_245.wav,stuttering,0,2
C:\Users\e\OneDrive\Ekler\Masaüstü\Projelerim\MakineProje\data\processed\train_set\stuttering\7n3YS7GdQ0k_seg_246.wav,stuttering,0,2
C:\Users\e\OneDrive\Ekler\Masaüstü\Projelerim\MakineProje\data\processed\train_set\stuttering\7n3YS7GdQ0k_seg_247.wav,stuttering,0,2
C:\Users\e\OneDrive\Ekler\Masaüstü\Projelerim\MakineProje\data\processed\train_set\stuttering\7n3YS7GdQ0k_seg_248.wav,stuttering,0,4
C:\Users\e\OneDrive\Ekler\Masaüstü\Projelerim\MakineProje\data\processed\train_set\stuttering\7n3YS7GdQ0k_seg_249.wav,stuttering,0,2
C:\Users\e\OneDrive\Ekler\Masaüstü\Projelerim\MakineProje\data\processed\train_set\stuttering\7n3YS7GdQ0k_seg_250.wav,stuttering,0,0
C:\Users\e\OneDrive\Ekler\Masaüstü\Projelerim\MakineProje\data\processed\train_set\stuttering\7n3YS7GdQ0k_seg_251.wav,stuttering,0,4
C:\Users\e\OneDrive\Ekler\Masaüstü\Projelerim\MakineProje\data\processed\train_set\stuttering\7n3YS7GdQ0k_seg_252.wav,stuttering,0,3
C:\Users\e\OneDrive\Ekler\Masaüstü\Projelerim\MakineProje\data\processed\train_set\stuttering\7n3YS7GdQ0k_seg_253.wav,stuttering,0,3
C:\Users\e\OneDrive\Ekler\Masaüstü\Projelerim\MakineProje\data\processed\train_set\stuttering\7n3YS7GdQ0k_seg_254.wav,stuttering,0,3
C:\Users\e\OneDrive\Ekler\Masaüstü\Projelerim\MakineProje\data\processed\train_set\stuttering\7n3YS7GdQ0k_seg_255.wav,stuttering,0,3
C:\Users\e\OneDrive\Ekler\Masaüstü\Projelerim\MakineProje\data\processed\train_set\stuttering\7n3YS7GdQ0k_seg_256.wav,stuttering,0,4
C:\Users\e\OneDrive\Ekler\Masaüstü\Projelerim\MakineProje\data\processed\train_set\stuttering\7n3YS7GdQ0k_seg_257.wav,stuttering,0,1
C:\Users\e\OneDrive\Ekler\Masaüstü\Projelerim\MakineProje\data\processed\train_set\stuttering\7n3YS7GdQ0k_seg_258.wav,stuttering,0,0
C:\Users\e\OneDrive\Ekler\Masaüstü\Projelerim\MakineProje\data\processed\train_set\stuttering\7n3YS7GdQ0k_seg_259.wav,stuttering,0,1
C:\Users\e\OneDrive\Ekler\Masaüstü\Projelerim\MakineProje\data\processed\train_set\stuttering\7n3YS7GdQ0k_seg_260.wav,stuttering,0,3
C:\Users\e\OneDrive\Ekler\Masaüstü\Projelerim\MakineProje\data\processed\train_set\stuttering\7n3YS7GdQ0k_seg_261.wav,stuttering,0,4
C:\Users\e\OneDrive\Ekler\Masaüstü\Projelerim\MakineProje\data\processed\train_set\stuttering\7n3YS7GdQ0k_seg_262.wav,stuttering,0,4
C:\Users\e\OneDrive\Ekler\Masaüstü\Projelerim\MakineProje\data\processed\train_set\stuttering\7n3YS7GdQ0k_seg_263.wav,stuttering,0,4
C:\Users\e\OneDrive\Ekler\Masaüstü\Projelerim\MakineProje\data\processed\train_set\stuttering\7n3YS7GdQ0k_seg_264.wav,stuttering,0,1
C:\Users\e\OneDrive\Ekler\Masaüstü\Projelerim\MakineProje\data\processed\train_set\stuttering\7n3YS7GdQ0k_seg_265.wav,stuttering,0,2
C:\Users\e\OneDrive\Ekler\Masaüstü\Projelerim\MakineProje\data\processed\train_set\stuttering\7n3YS7GdQ0k_seg_266.wav,stuttering,0,3
C:\Users\e\OneDrive\Ekler\Masaüstü\Projelerim\MakineProje\data\processed\train_set\stuttering\7n3YS7GdQ0k_seg_267.wav,stuttering,0,3
C:\Users\e\OneDrive\Ekler\Masaüstü\Projelerim\MakineProje\data\processed\train_set\stuttering\7n3YS7GdQ0k_seg_268.wav,stuttering,0,2
C:\Users\e\OneDrive\Ekler\Masaüstü\Projelerim\MakineProje\data\processed\train_set\stuttering\7n3YS7GdQ0k_seg_269.wav,stuttering,0,1
C:\Users\e\OneDrive\Ekler\Masaüstü\Projelerim\MakineProje\data\processed\train_set\stuttering\7n3YS7GdQ0k_seg_270.wav,stuttering,0,4
C:\Users\e\OneDrive\Ekler\Masaüstü\Projelerim\MakineProje\data\processed\train_set\stuttering\7n3YS7GdQ0k_seg_271.wav,stuttering,0,0
C:\Users\e\OneDrive\Ekler\Masaüstü\Projelerim\MakineProje\data\processed\train_set\stuttering\7n3YS7GdQ0k_seg_272.wav,stuttering,0,0
C:\Users\e\OneDrive\Ekler\Masaüstü\Projelerim\MakineProje\data\processed\train_set\stuttering\7n3YS7GdQ0k_seg_273.wav,stuttering,0,2
C:\Users\e\OneDrive\Ekler\Masaüstü\Projelerim\MakineProje\data\processed\train_set\stuttering\7n3YS7GdQ0k_seg_274.wav,stuttering,0,2
C:\Users\e\OneDrive\Ekler\Masaüstü\Projelerim\MakineProje\data\processed\train_set\stuttering\7n3YS7GdQ0k_seg_275.wav,stuttering,0,0
C:\Users\e\OneDrive\Ekler\Masaüstü\Projelerim\MakineProje\data\processed\train_set\stuttering\7n3YS7GdQ0k_seg_276.wav,stuttering,0,1
C:\Users\e\OneDrive\Ekler\Masaüstü\Projelerim\MakineProje\data\processed\train_set\stuttering\7n3YS7GdQ0k_seg_277.wav,stuttering,0,4
C:\Users\e\OneDrive\Ekler\Masaüstü\Projelerim\MakineProje\data\processed\train_set\stuttering\7n3YS7GdQ0k_seg_278.wav,stuttering,0,1
C:\Users\e\OneDrive\Ekler\Masaüstü\Projelerim\MakineProje\data\processed\train_set\stuttering\7n3YS7GdQ0k_seg_279.wav,stuttering,0,1
C:\Users\e\OneDrive\Ekler\Masaüstü\Projelerim\MakineProje\data\processed\train_set\stuttering\7n3YS7GdQ0k_seg_280.wav,stuttering,0,3
C:\Users\e\OneDrive\Ekler\Masaüstü\Projelerim\MakineProje\data\processed\train_set\stuttering\7n3YS7GdQ0k_seg_281.wav,stuttering,0,2
C:\Users\e\OneDrive\Ekler\Masaüstü\Projelerim\MakineProje\data\processed\train_set\stuttering\7n3YS7GdQ0k_seg_282.wav,stuttering,0,2
C:\Users\e\OneDrive\Ekler\Masaüstü\Projelerim\MakineProje\data\processed\train_set\stuttering\7n3YS7GdQ0k_seg_283.wav,stuttering,0,3
C:\Users\e\OneDrive\Ekler\Masaüstü\Projelerim\MakineProje\data\processed\train_set\stuttering\7n3YS7GdQ0k_seg_284.wav,stuttering,0,3
C:\Users\e\OneDrive\Ekler\Masaüstü\Projelerim\MakineProje\data\processed\train_set\stuttering\7n3YS7GdQ0k_seg_285.wav,stuttering,0,2
C:\Users\e\OneDrive\Ekler\Masaüstü\Projelerim\MakineProje\data\processed\train_set\stuttering\7n3YS7GdQ0k_seg_286.wav,stuttering,0,1
C:\Users\e\OneDrive\Ekler\Masaüstü\Projelerim\MakineProje\data\processed\train_set\stuttering\7n3YS7GdQ0k_seg_287.wav,stuttering,0,3
C:\Users\e\OneDrive\Ekler\Masaüstü\Projelerim\MakineProje\data\processed\train_set\stuttering\7n3YS7GdQ0k_seg_288.wav,stuttering,0,3
C:\Users\e\OneDrive\Ekler\Masaüstü\Projelerim\MakineProje\data\processed\train_set\stuttering\7n3YS7GdQ0k_seg_289.wav,stuttering,0,1
C:\Users\e\OneDrive\Ekler\Masaüstü\Projelerim\MakineProje\data\processed\train_set\stuttering\7n3YS7GdQ0k_seg_290.wav,stuttering,0,1
C:\Users\e\OneDrive\Ekler\Masaüstü\Projelerim\MakineProje\data\processed\train_set\stuttering\7n3YS7GdQ0k_seg_291.wav,stuttering,0,0
C:\Users\e\OneDrive\Ekler\Masaüstü\Projelerim\MakineProje\data\processed\train_set\stuttering\7n3YS7GdQ0k_seg_292.wav,stuttering,0,4
C:\Users\e\OneDrive\Ekler\Masaüstü\Projelerim\MakineProje\data\processed\train_set\stuttering\7n3YS7GdQ0k_seg_293.wav,stuttering,0,2
C:\Users\e\OneDrive\Ekler\Masaüstü\Projelerim\MakineProje\data\processed\train_set\stuttering\7n3YS7GdQ0k_seg_294.wav,stuttering,0,2
C:\Users\e\OneDrive\Ekler\Masaüstü\Projelerim\MakineProje\data\processed\train_set\stuttering\7n3YS7GdQ0k_seg_295.wav,stuttering,0,0
C:\Users\e\OneDrive\Ekler\Masaüstü\Projelerim\MakineProje\data\processed\train_set\stuttering\7n3YS7GdQ0k_seg_296.wav,stuttering,0,1
C:\Users\e\OneDrive\Ekler\Masaüstü\Projelerim\MakineProje\data\processed\train_set\stuttering\7n3YS7GdQ0k_seg_297.wav,stuttering,0,0
C:\Users\e\OneDrive\Ekler\Masaüstü\Projelerim\MakineProje\data\processed\train_set\stuttering\7n3YS7GdQ0k_seg_298.wav,stuttering,0,4
C:\Users\e\OneDrive\Ekler\Masaüstü\Projelerim\MakineProje\data\processed\train_set\stuttering\7n3YS7GdQ0k_seg_299.wav,stuttering,0,4
C:\Users\e\OneDrive\Ekler\Masaüstü\Projelerim\MakineProje\data\processed\train_set\stuttering\7n3YS7GdQ0k_seg_300.wav,stuttering,0,3
C:\Users\e\OneDrive\Ekler\Masaüstü\Projelerim\MakineProje\data\processed\train_set\stuttering\7n3YS7GdQ0k_seg_301.wav,stuttering,0,3
C:\Users\e\OneDrive\Ekler\Masaüstü\Projelerim\MakineProje\data\processed\train_set\stuttering\7n3YS7GdQ0k_seg_302.wav,stuttering,0,0
C:\Users\e\OneDrive\Ekler\Masaüstü\Projelerim\MakineProje\data\processed\train_set\stuttering\7n3YS7GdQ0k_seg_303.wav,stuttering,0,1
C:\Users\e\OneDrive\Ekler\Masaüstü\Projelerim\MakineProje\data\processed\train_set\stuttering\7n3YS7GdQ0k_seg_304.wav,stuttering,0,2
C:\Users\e\OneDrive\Ekler\Masaüstü\Projelerim\MakineProje\data\processed\train_set\stuttering\7n3YS7GdQ0k_seg_305.wav,stuttering,0,0
C:\Users\e\OneDrive\Ekler\Masaüstü\Projelerim\MakineProje\data\processed\train_set\stuttering\7n3YS7GdQ0k_seg_306.wav,stuttering,0,0
C:\Users\e\OneDrive\Ekler\Masaüstü\Projelerim\MakineProje\data\processed\train_set\stuttering\7n3YS7GdQ0k_seg_307.wav,stuttering,0,1
C:\Users\e\OneDrive\Ekler\Masaüstü\Projelerim\MakineProje\data\processed\train_set\stuttering\7n3YS7GdQ0k_seg_308.wav,stuttering,0,3
C:\Users\e\OneDrive\Ekler\Masaüstü\Projelerim\MakineProje\data\processed\train_set\stuttering\7n3YS7GdQ0k_seg_309.wav,stuttering,0,2
C:\Users\e\OneDrive\Ekler\Masaüstü\Projelerim\MakineProje\data\processed\train_set\stuttering\7n3YS7GdQ0k_seg_310.wav,stuttering,0,2
C:\Users\e\OneDrive\Ekler\Masaüstü\Projelerim\MakineProje\data\processed\train_set\stuttering\7n3YS7GdQ0k_seg_311.wav,stuttering,0,4
C:\Users\e\OneDrive\Ekler\Masaüstü\Projelerim\MakineProje\data\processed\train_set\stuttering\7n3YS7GdQ0k_seg_312.wav,stuttering,0,4
C:\Users\e\OneDrive\Ekler\Masaüstü\Projelerim\MakineProje\data\processed\train_set\stuttering\7n3YS7GdQ0k_seg_313.wav,stuttering,0,4
C:\Users\e\OneDrive\Ekler\Masaüstü\Projelerim\MakineProje\data\processed\train_set\stuttering\7n3YS7GdQ0k_seg_314.wav,stuttering,0,4
C:\Users\e\OneDrive\Ekler\Masaüstü\Projelerim\MakineProje\data\processed\train_set\stuttering\7n3YS7GdQ0k_seg_315.wav,stuttering,0,1
C:\Users\e\OneDrive\Ekler\Masaüstü\Projelerim\MakineProje\data\processed\train_set\stuttering\7n3YS7GdQ0k_seg_316.wav,stuttering,0,1
C:\Users\e\OneDrive\Ekler\Masaüstü\Projelerim\MakineProje\data\processed\train_set\stuttering\9MegHiL93B0_seg_000.wav,stuttering,0,0
C:\Users\e\OneDrive\Ekler\Masaüstü\Projelerim\MakineProje\data\processed\train_set\stuttering\9MegHiL93B0_seg_001.wav,stuttering,0,4
C:\Users\e\OneDrive\Ekler\Masaüstü\Projelerim\MakineProje\data\processed\train_set\stuttering\9MegHiL93B0_seg_002.wav,stuttering,0,1
C:\Users\e\OneDrive\Ekler\Masaüstü\Projelerim\MakineProje\data\processed\train_set\stuttering\9MegHiL93B0_seg_003.wav,stuttering,0,3
C:\Users\e\OneDrive\Ekler\Masaüstü\Projelerim\MakineProje\data\processed\train_set\stuttering\9MegHiL93B0_seg_004.wav,stuttering,0,1
C:\Users\e\OneDrive\Ekler\Masaüstü\Projelerim\MakineProje\data\processed\train_set\stuttering\9MegHiL93B0_seg_005.wav,stuttering,0,0
C:\Users\e\OneDrive\Ekler\Masaüstü\Projelerim\MakineProje\data\processed\train_set\stuttering\9MegHiL93B0_seg_006.wav,stuttering,0,0
C:\Users\e\OneDrive\Ekler\Masaüstü\Projelerim\MakineProje\data\processed\train_set\stuttering\9MegHiL93B0_seg_007.wav,stuttering,0,2
C:\Users\e\OneDrive\Ekler\Masaüstü\Projelerim\MakineProje\data\processed\train_set\stuttering\9MegHiL93B0_seg_008.wav,stuttering,0,0
C:\Users\e\OneDrive\Ekler\Masaüstü\Projelerim\MakineProje\data\processed\train_set\stuttering\9MegHiL93B0_seg_009.wav,stuttering,0,1
C:\Users\e\OneDrive\Ekler\Masaüstü\Projelerim\MakineProje\data\processed\train_set\stuttering\9MegHiL93B0_seg_010.wav,stuttering,0,3
C:\Users\e\OneDrive\Ekler\Masaüstü\Projelerim\MakineProje\data\processed\train_set\stuttering\9MegHiL93B0_seg_011.wav,stuttering,0,4
C:\Users\e\OneDrive\Ekler\Masaüstü\Projelerim\MakineProje\data\processed\train_set\stuttering\9MegHiL93B0_seg_012.wav,stuttering,0,3
C:\Users\e\OneDrive\Ekler\Masaüstü\Projelerim\MakineProje\data\processed\train_set\stuttering\9MegHiL93B0_seg_013.wav,stuttering,0,1
C:\Users\e\OneDrive\Ekler\Masaüstü\Projelerim\MakineProje\data\processed\train_set\stuttering\9MegHiL93B0_seg_014.wav,stuttering,0,2
C:\Users\e\OneDrive\Ekler\Masaüstü\Projelerim\MakineProje\data\processed\train_set\stuttering\9MegHiL93B0_seg_015.wav,stuttering,0,2
C:\Users\e\OneDrive\Ekler\Masaüstü\Projelerim\MakineProje\data\processed\train_set\stuttering\9MegHiL93B0_seg_016.wav,stuttering,0,4
C:\Users\e\OneDrive\Ekler\Masaüstü\Projelerim\MakineProje\data\processed\train_set\stuttering\9MegHiL93B0_seg_017.wav,stuttering,0,0
C:\Users\e\OneDrive\Ekler\Masaüstü\Projelerim\MakineProje\data\processed\train_set\stuttering\9MegHiL93B0_seg_018.wav,stuttering,0,3
C:\Users\e\OneDrive\Ekler\Masaüstü\Projelerim\MakineProje\data\processed\train_set\stuttering\9MegHiL93B0_seg_019.wav,stuttering,0,0
C:\Users\e\OneDrive\Ekler\Masaüstü\Projelerim\MakineProje\data\processed\train_set\stuttering\9MegHiL93B0_seg_020.wav,stuttering,0,3
C:\Users\e\OneDrive\Ekler\Masaüstü\Projelerim\MakineProje\data\processed\train_set\stuttering\9MegHiL93B0_seg_021.wav,stuttering,0,0
C:\Users\e\OneDrive\Ekler\Masaüstü\Projelerim\MakineProje\data\processed\train_set\stuttering\9MegHiL93B0_seg_022.wav,stuttering,0,3
C:\Users\e\OneDrive\Ekler\Masaüstü\Projelerim\MakineProje\data\processed\train_set\stuttering\9MegHiL93B0_seg_023.wav,stuttering,0,1
C:\Users\e\OneDrive\Ekler\Masaüstü\Projelerim\MakineProje\data\processed\train_set\stuttering\9MegHiL93B0_seg_024.wav,stuttering,0,4
C:\Users\e\OneDrive\Ekler\Masaüstü\Projelerim\MakineProje\data\processed\train_set\stuttering\9MegHiL93B0_seg_025.wav,stuttering,0,2
C:\Users\e\OneDrive\Ekler\Masaüstü\Projelerim\MakineProje\data\processed\train_set\stuttering\9MegHiL93B0_seg_026.wav,stuttering,0,0
C:\Users\e\OneDrive\Ekler\Masaüstü\Projelerim\MakineProje\data\processed\train_set\stuttering\9MegHiL93B0_seg_027.wav,stuttering,0,0
C:\Users\e\OneDrive\Ekler\Masaüstü\Projelerim\MakineProje\data\processed\train_set\stuttering\9MegHiL93B0_seg_028.wav,stuttering,0,3
C:\Users\e\OneDrive\Ekler\Masaüstü\Projelerim\MakineProje\data\processed\train_set\stuttering\9MegHiL93B0_seg_029.wav,stuttering,0,2
C:\Users\e\OneDrive\Ekler\Masaüstü\Projelerim\MakineProje\data\processed\train_set\stuttering\9MegHiL93B0_seg_030.wav,stuttering,0,2
C:\Users\e\OneDrive\Ekler\Masaüstü\Projelerim\MakineProje\data\processed\train_set\stuttering\9MegHiL93B0_seg_031.wav,stuttering,0,0
C:\Users\e\OneDrive\Ekler\Masaüstü\Projelerim\MakineProje\data\processed\train_set\stuttering\9MegHiL93B0_seg_032.wav,stuttering,0,1
C:\Users\e\OneDrive\Ekler\Masaüstü\Projelerim\MakineProje\data\processed\train_set\stuttering\9MegHiL93B0_seg_033.wav,stuttering,0,1
C:\Users\e\OneDrive\Ekler\Masaüstü\Projelerim\MakineProje\data\processed\train_set\stuttering\9MegHiL93B0_seg_034.wav,stuttering,0,2
C:\Users\e\OneDrive\Ekler\Masaüstü\Projelerim\MakineProje\data\processed\train_set\stuttering\9MegHiL93B0_seg_035.wav,stuttering,0,2
C:\Users\e\OneDrive\Ekler\Masaüstü\Projelerim\MakineProje\data\processed\train_set\stuttering\9MegHiL93B0_seg_036.wav,stuttering,0,0
C:\Users\e\OneDrive\Ekler\Masaüstü\Projelerim\MakineProje\data\processed\train_set\stuttering\9MegHiL93B0_seg_037.wav,stuttering,0,4
C:\Users\e\OneDrive\Ekler\Masaüstü\Projelerim\MakineProje\data\processed\train_set\stuttering\9MegHiL93B0_seg_038.wav,stuttering,0,2
C:\Users\e\OneDrive\Ekler\Masaüstü\Projelerim\MakineProje\data\processed\train_set\stuttering\9MegHiL93B0_seg_039.wav,stuttering,0,2
C:\Users\e\OneDrive\Ekler\Masaüstü\Projelerim\MakineProje\data\processed\train_set\stuttering\9MegHiL93B0_seg_040.wav,stuttering,0,4
C:\Users\e\OneDrive\Ekler\Masaüstü\Projelerim\MakineProje\data\processed\train_set\stuttering\9MegHiL93B0_seg_041.wav,stuttering,0,0
C:\Users\e\OneDrive\Ekler\Masaüstü\Projelerim\MakineProje\data\processed\train_set\stuttering\9MegHiL93B0_seg_042.wav,stuttering,0,0
C:\Users\e\OneDrive\Ekler\Masaüstü\Projelerim\MakineProje\data\processed\train_set\stuttering\9MegHiL93B0_seg_043.wav,stuttering,0,2
C:\Users\e\OneDrive\Ekler\Masaüstü\Projelerim\MakineProje\data\processed\train_set\stuttering\9MegHiL93B0_seg_044.wav,stuttering,0,3
C:\Users\e\OneDrive\Ekler\Masaüstü\Projelerim\MakineProje\data\processed\train_set\stuttering\9MegHiL93B0_seg_045.wav,stuttering,0,0
C:\Users\e\OneDrive\Ekler\Masaüstü\Projelerim\MakineProje\data\processed\train_set\stuttering\9MegHiL93B0_seg_046.wav,stuttering,0,2
C:\Users\e\OneDrive\Ekler\Masaüstü\Projelerim\MakineProje\data\processed\train_set\stuttering\9MegHiL93B0_seg_047.wav,stuttering,0,3
C:\Users\e\OneDrive\Ekler\Masaüstü\Projelerim\MakineProje\data\processed\train_set\stuttering\9MegHiL93B0_seg_048.wav,stuttering,0,4
C:\Users\e\OneDrive\Ekler\Masaüstü\Projelerim\MakineProje\data\processed\train_set\stuttering\9MegHiL93B0_seg_049.wav,stuttering,0,1
C:\Users\e\OneDrive\Ekler\Masaüstü\Projelerim\MakineProje\data\processed\train_set\stuttering\9MegHiL93B0_seg_050.wav,stuttering,0,1
C:\Users\e\OneDrive\Ekler\Masaüstü\Projelerim\MakineProje\data\processed\train_set\stuttering\9MegHiL93B0_seg_051.wav,stuttering,0,0
C:\Users\e\OneDrive\Ekler\Masaüstü\Projelerim\MakineProje\data\processed\train_set\stuttering\9MegHiL93B0_seg_052.wav,stuttering,0,1
C:\Users\e\OneDrive\Ekler\Masaüstü\Projelerim\MakineProje\data\processed\train_set\stuttering\9MegHiL93B0_seg_053.wav,stuttering,0,0
C:\Users\e\OneDrive\Ekler\Masaüstü\Projelerim\MakineProje\data\processed\train_set\stuttering\9MegHiL93B0_seg_054.wav,stuttering,0,0
C:\Users\e\OneDrive\Ekler\Masaüstü\Projelerim\MakineProje\data\processed\train_set\stuttering\9MegHiL93B0_seg_055.wav,stuttering,0,4
C:\Users\e\OneDrive\Ekler\Masaüstü\Projelerim\MakineProje\data\processed\train_set\stuttering\9MegHiL93B0_seg_056.wav,stuttering,0,3
C:\Users\e\OneDrive\Ekler\Masaüstü\Projelerim\MakineProje\data\processed\train_set\stuttering\9MegHiL93B0_seg_057.wav,stuttering,0,4
C:\Users\e\OneDrive\Ekler\Masaüstü\Projelerim\MakineProje\data\processed\train_set\stuttering\9MegHiL93B0_seg_058.wav,stuttering,0,1
C:\Users\e\OneDrive\Ekler\Masaüstü\Projelerim\MakineProje\data\processed\train_set\stuttering\9MegHiL93B0_seg_059.wav,stuttering,0,3
C:\Users\e\OneDrive\Ekler\Masaüstü\Projelerim\MakineProje\data\processed\train_set\stuttering\9MegHiL93B0_seg_060.wav,stuttering,0,2
C:\Users\e\OneDrive\Ekler\Masaüstü\Projelerim\MakineProje\data\processed\train_set\stuttering\9MegHiL93B0_seg_061.wav,stuttering,0,4
C:\Users\e\OneDrive\Ekler\Masaüstü\Projelerim\MakineProje\data\processed\train_set\stuttering\9MegHiL93B0_seg_062.wav,stuttering,0,1
C:\Users\e\OneDrive\Ekler\Masaüstü\Projelerim\MakineProje\data\processed\train_set\stuttering\9MegHiL93B0_seg_063.wav,stuttering,0,1
C:\Users\e\OneDrive\Ekler\Masaüstü\Projelerim\MakineProje\data\processed\train_set\stuttering\9MegHiL93B0_seg_064.wav,stuttering,0,3
C:\Users\e\OneDrive\Ekler\Masaüstü\Projelerim\MakineProje\data\processed\train_set\stuttering\9MegHiL93B0_seg_065.wav,stuttering,0,1
C:\Users\e\OneDrive\Ekler\Masaüstü\Projelerim\MakineProje\data\processed\train_set\stuttering\9MegHiL93B0_seg_066.wav,stuttering,0,0
C:\Users\e\OneDrive\Ekler\Masaüstü\Projelerim\MakineProje\data\processed\train_set\stuttering\9MegHiL93B0_seg_067.wav,stuttering,0,0
C:\Users\e\OneDrive\Ekler\Masaüstü\Projelerim\MakineProje\data\processed\train_set\stuttering\9MegHiL93B0_seg_068.wav,stuttering,0,4
C:\Users\e\OneDrive\Ekler\Masaüstü\Projelerim\MakineProje\data\processed\train_set\stuttering\9MegHiL93B0_seg_069.wav,stuttering,0,4
C:\Users\e\OneDrive\Ekler\Masaüstü\Projelerim\MakineProje\data\processed\train_set\stuttering\9MegHiL93B0_seg_070.wav,stuttering,0,0
C:\Users\e\OneDrive\Ekler\Masaüstü\Projelerim\MakineProje\data\processed\train_set\stuttering\9MegHiL93B0_seg_071.wav,stuttering,0,1
C:\Users\e\OneDrive\Ekler\Masaüstü\Projelerim\MakineProje\data\processed\train_set\stuttering\9MegHiL93B0_seg_072.wav,stuttering,0,4
C:\Users\e\OneDrive\Ekler\Masaüstü\Projelerim\MakineProje\data\processed\train_set\stuttering\9MegHiL93B0_seg_073.wav,stuttering,0,0
C:\Users\e\OneDrive\Ekler\Masaüstü\Projelerim\MakineProje\data\processed\train_set\stuttering\9MegHiL93B0_seg_074.wav,stuttering,0,2
C:\Users\e\OneDrive\Ekler\Masaüstü\Projelerim\MakineProje\data\processed\train_set\stuttering\9MegHiL93B0_seg_075.wav,stuttering,0,1
C:\Users\e\OneDrive\Ekler\Masaüstü\Projelerim\MakineProje\data\processed\train_set\stuttering\9MegHiL93B0_seg_076.wav,stuttering,0,3
C:\Users\e\OneDrive\Ekler\Masaüstü\Projelerim\MakineProje\data\processed\train_set\stuttering\9MegHiL93B0_seg_077.wav,stuttering,0,1
C:\Users\e\OneDrive\Ekler\Masaüstü\Projelerim\MakineProje\data\processed\train_set\stuttering\9MegHiL93B0_seg_078.wav,stuttering,0,0
C:\Users\e\OneDrive\Ekler\Masaüstü\Projelerim\MakineProje\data\processed\train_set\stuttering\9MegHiL93B0_seg_079.wav,stuttering,0,4
C:\Users\e\OneDrive\Ekler\Masaüstü\Projelerim\MakineProje\data\processed\train_set\stuttering\9MegHiL93B0_seg_080.wav,stuttering,0,4
C:\Users\e\OneDrive\Ekler\Masaüstü\Projelerim\MakineProje\data\processed\train_set\stuttering\9MegHiL93B0_seg_081.wav,stuttering,0,4
C:\Users\e\OneDrive\Ekler\Masaüstü\Projelerim\MakineProje\data\processed\train_set\stuttering\9MegHiL93B0_seg_082.wav,stuttering,0,1
C:\Users\e\OneDrive\Ekler\Masaüstü\Projelerim\MakineProje\data\processed\train_set\stuttering\9MegHiL93B0_seg_083.wav,stuttering,0,2
C:\Users\e\OneDrive\Ekler\Masaüstü\Projelerim\MakineProje\data\processed\train_set\stuttering\9MegHiL93B0_seg_084.wav,stuttering,0,3
C:\Users\e\OneDrive\Ekler\Masaüstü\Projelerim\MakineProje\data\processed\train_set\stuttering\9MegHiL93B0_seg_085.wav,stuttering,0,0
C:\Users\e\OneDrive\Ekler\Masaüstü\Projelerim\MakineProje\data\processed\train_set\stuttering\9MegHiL93B0_seg_086.wav,stuttering,0,0
C:\Users\e\OneDrive\Ekler\Masaüstü\Projelerim\MakineProje\data\processed\train_set\stuttering\9MegHiL93B0_seg_087.wav,stuttering,0,1
C:\Users\e\OneDrive\Ekler\Masaüstü\Projelerim\MakineProje\data\processed\train_set\stuttering\9MegHiL93B0_seg_088.wav,stuttering,0,4
C:\Users\e\OneDrive\Ekler\Masaüstü\Projelerim\MakineProje\data\processed\train_set\stuttering\9MegHiL93B0_seg_089.wav,stuttering,0,3
C:\Users\e\OneDrive\Ekler\Masaüstü\Projelerim\MakineProje\data\processed\train_set\stuttering\9MegHiL93B0_seg_090.wav,stuttering,0,3
C:\Users\e\OneDrive\Ekler\Masaüstü\Projelerim\MakineProje\data\processed\train_set\stuttering\9MegHiL93B0_seg_091.wav,stuttering,0,4
C:\Users\e\OneDrive\Ekler\Masaüstü\Projelerim\MakineProje\data\processed\train_set\stuttering\9MegHiL93B0_seg_092.wav,stuttering,0,0
C:\Users\e\OneDrive\Ekler\Masaüstü\Projelerim\MakineProje\data\processed\train_set\stuttering\9MegHiL93B0_seg_093.wav,stuttering,0,3
C:\Users\e\OneDrive\Ekler\Masaüstü\Projelerim\MakineProje\data\processed\train_set\stuttering\9MegHiL93B0_seg_094.wav,stuttering,0,1
C:\Users\e\OneDrive\Ekler\Masaüstü\Projelerim\MakineProje\data\processed\train_set\stuttering\9MegHiL93B0_seg_095.wav,stuttering,0,2
C:\Users\e\OneDrive\Ekler\Masaüstü\Projelerim\MakineProje\data\processed\train_set\stuttering\9MegHiL93B0_seg_096.wav,stuttering,0,4
C:\Users\e\OneDrive\Ekler\Masaüstü\Projelerim\MakineProje\data\processed\train_set\stuttering\9MegHiL93B0_seg_097.wav,stuttering,0,2
C:\Users\e\OneDrive\Ekler\Masaüstü\Projelerim\MakineProje\data\processed\train_set\stuttering\9MegHiL93B0_seg_098.wav,stuttering,0,3
C:\Users\e\OneDrive\Ekler\Masaüstü\Projelerim\MakineProje\data\processed\train_set\stuttering\9MegHiL93B0_seg_099.wav,stuttering,0,0
C:\Users\e\OneDrive\Ekler\Masaüstü\Projelerim\MakineProje\data\processed\train_set\stuttering\9MegHiL93B0_seg_100.wav,stuttering,0,0
C:\Users\e\OneDrive\Ekler\Masaüstü\Projelerim\MakineProje\data\processed\train_set\stuttering\9MegHiL93B0_seg_101.wav,stuttering,0,1
C:\Users\e\OneDrive\Ekler\Masaüstü\Projelerim\MakineProje\data\processed\train_set\stuttering\9MegHiL93B0_seg_102.wav,stuttering,0,1
C:\Users\e\OneDrive\Ekler\Masaüstü\Projelerim\MakineProje\data\processed\train_set\stuttering\9MegHiL93B0_seg_103.wav,stuttering,0,3
C:\Users\e\OneDrive\Ekler\Masaüstü\Projelerim\MakineProje\data\processed\train_set\stuttering\9MegHiL93B0_seg_104.wav,stuttering,0,4
C:\Users\e\OneDrive\Ekler\Masaüstü\Projelerim\MakineProje\data\processed\train_set\stuttering\9MegHiL93B0_seg_105.wav,stuttering,0,0
C:\Users\e\OneDrive\Ekler\Masaüstü\Projelerim\MakineProje\data\processed\train_set\stuttering\9MegHiL93B0_seg_106.wav,stuttering,0,0
C:\Users\e\OneDrive\Ekler\Masaüstü\Projelerim\MakineProje\data\processed\train_set\stuttering\9MegHiL93B0_seg_107.wav,stuttering,0,3
C:\Users\e\OneDrive\Ekler\Masaüstü\Projelerim\MakineProje\data\processed\train_set\stuttering\9MegHiL93B0_seg_108.wav,stuttering,0,2
C:\Users\e\OneDrive\Ekler\Masaüstü\Projelerim\MakineProje\data\processed\train_set\stuttering\9MegHiL93B0_seg_109.wav,stuttering,0,0
C:\Users\e\OneDrive\Ekler\Masaüstü\Projelerim\MakineProje\data\processed\train_set\stuttering\9MegHiL93B0_seg_110.wav,stuttering,0,1
C:\Users\e\OneDrive\Ekler\Masaüstü\Projelerim\MakineProje\data\processed\train_set\stuttering\9MegHiL93B0_seg_111.wav,stuttering,0,3
C:\Users\e\OneDrive\Ekler\Masaüstü\Projelerim\MakineProje\data\processed\train_set\stuttering\9MegHiL93B0_seg_112.wav,stuttering,0,3
C:\Users\e\OneDrive\Ekler\Masaüstü\Projelerim\MakineProje\data\processed\train_set\stuttering\9MegHiL93B0_seg_113.wav,stuttering,0,3
C:\Users\e\OneDrive\Ekler\Masaüstü\Projelerim\MakineProje\data\processed\train_set\stuttering\9MegHiL93B0_seg_114.wav,stuttering,0,4
C:\Users\e\OneDrive\Ekler\Masaüstü\Projelerim\MakineProje\data\processed\train_set\stuttering\9MegHiL93B0_seg_115.wav,stuttering,0,4
C:\Users\e\OneDrive\Ekler\Masaüstü\Projelerim\MakineProje\data\processed\train_set\stuttering\9MegHiL93B0_seg_116.wav,stuttering,0,2
C:\Users\e\OneDrive\Ekler\Masaüstü\Projelerim\MakineProje\data\processed\train_set\stuttering\9MegHiL93B0_seg_117.wav,stuttering,0,1
C:\Users\e\OneDrive\Ekler\Masaüstü\Projelerim\MakineProje\data\processed\train_set\stuttering\9MegHiL93B0_seg_118.wav,stuttering,0,0
C:\Users\e\OneDrive\Ekler\Masaüstü\Projelerim\MakineProje\data\processed\train_set\stuttering\9MegHiL93B0_seg_119.wav,stuttering,0,4
C:\Users\e\OneDrive\Ekler\Masaüstü\Projelerim\MakineProje\data\processed\train_set\stuttering\9MegHiL93B0_seg_120.wav,stuttering,0,0
C:\Users\e\OneDrive\Ekler\Masaüstü\Projelerim\MakineProje\data\processed\train_set\stuttering\9MegHiL93B0_seg_121.wav,stuttering,0,4
C:\Users\e\OneDrive\Ekler\Masaüstü\Projelerim\MakineProje\data\processed\train_set\stuttering\9MegHiL93B0_seg_122.wav,stuttering,0,0
C:\Users\e\OneDrive\Ekler\Masaüstü\Projelerim\MakineProje\data\processed\train_set\stuttering\9MegHiL93B0_seg_123.wav,stuttering,0,0
C:\Users\e\OneDrive\Ekler\Masaüstü\Projelerim\MakineProje\data\processed\train_set\stuttering\9MegHiL93B0_seg_124.wav,stuttering,0,2
C:\Users\e\OneDrive\Ekler\Masaüstü\Projelerim\MakineProje\data\processed\train_set\stuttering\9MegHiL93B0_seg_125.wav,stuttering,0,0
C:\Users\e\OneDrive\Ekler\Masaüstü\Projelerim\MakineProje\data\processed\train_set\stuttering\9MegHiL93B0_seg_126.wav,stuttering,0,0
C:\Users\e\OneDrive\Ekler\Masaüstü\Projelerim\MakineProje\data\processed\train_set\stuttering\9MegHiL93B0_seg_127.wav,stuttering,0,4
C:\Users\e\OneDrive\Ekler\Masaüstü\Projelerim\MakineProje\data\processed\train_set\stuttering\9MegHiL93B0_seg_128.wav,stuttering,0,2
C:\Users\e\OneDrive\Ekler\Masaüstü\Projelerim\MakineProje\data\processed\train_set\stuttering\9MegHiL93B0_seg_129.wav,stuttering,0,3
C:\Users\e\OneDrive\Ekler\Masaüstü\Projelerim\MakineProje\data\processed\train_set\stuttering\9MegHiL93B0_seg_130.wav,stuttering,0,3
C:\Users\e\OneDrive\Ekler\Masaüstü\Projelerim\MakineProje\data\processed\train_set\stuttering\9MegHiL93B0_seg_131.wav,stuttering,0,2
C:\Users\e\OneDrive\Ekler\Masaüstü\Projelerim\MakineProje\data\processed\train_set\stuttering\9MegHiL93B0_seg_132.wav,stuttering,0,1
C:\Users\e\OneDrive\Ekler\Masaüstü\Projelerim\MakineProje\data\processed\train_set\stuttering\9MegHiL93B0_seg_133.wav,stuttering,0,3
C:\Users\e\OneDrive\Ekler\Masaüstü\Projelerim\MakineProje\data\processed\train_set\stuttering\9MegHiL93B0_seg_134.wav,stuttering,0,3
C:\Users\e\OneDrive\Ekler\Masaüstü\Projelerim\MakineProje\data\processed\train_set\stuttering\9MegHiL93B0_seg_135.wav,stuttering,0,1
C:\Users\e\OneDrive\Ekler\Masaüstü\Projelerim\MakineProje\data\processed\train_set\stuttering\9MegHiL93B0_seg_136.wav,stuttering,0,0
C:\Users\e\OneDrive\Ekler\Masaüstü\Projelerim\MakineProje\data\processed\train_set\stuttering\9MegHiL93B0_seg_137.wav,stuttering,0,4
C:\Users\e\OneDrive\Ekler\Masaüstü\Projelerim\MakineProje\data\processed\train_set\stuttering\9MegHiL93B0_seg_138.wav,stuttering,0,2
C:\Users\e\OneDrive\Ekler\Masaüstü\Projelerim\MakineProje\data\processed\train_set\stuttering\9MegHiL93B0_seg_139.wav,stuttering,0,4
C:\Users\e\OneDrive\Ekler\Masaüstü\Projelerim\MakineProje\data\processed\train_set\stuttering\9MegHiL93B0_seg_140.wav,stuttering,0,1
C:\Users\e\OneDrive\Ekler\Masaüstü\Projelerim\MakineProje\data\processed\train_set\stuttering\9MegHiL93B0_seg_141.wav,stuttering,0,1
C:\Users\e\OneDrive\Ekler\Masaüstü\Projelerim\MakineProje\data\processed\train_set\stuttering\9MegHiL93B0_seg_142.wav,stuttering,0,0
C:\Users\e\OneDrive\Ekler\Masaüstü\Projelerim\MakineProje\data\processed\train_set\stuttering\9MegHiL93B0_seg_143.wav,stuttering,0,3
C:\Users\e\OneDrive\Ekler\Masaüstü\Projelerim\MakineProje\data\processed\train_set\stuttering\9MegHiL93B0_seg_144.wav,stuttering,0,4
C:\Users\e\OneDrive\Ekler\Masaüstü\Projelerim\MakineProje\data\processed\train_set\stuttering\9MegHiL93B0_seg_145.wav,stuttering,0,1
C:\Users\e\OneDrive\Ekler\Masaüstü\Projelerim\MakineProje\data\processed\train_set\stuttering\9MegHiL93B0_seg_146.wav,stuttering,0,2
C:\Users\e\OneDrive\Ekler\Masaüstü\Projelerim\MakineProje\data\processed\train_set\stuttering\9MegHiL93B0_seg_147.wav,stuttering,0,4
C:\Users\e\OneDrive\Ekler\Masaüstü\Projelerim\MakineProje\data\processed\train_set\stuttering\9MegHiL93B0_seg_148.wav,stuttering,0,3
C:\Users\e\OneDrive\Ekler\Masaüstü\Projelerim\MakineProje\data\processed\train_set\stuttering\9MegHiL93B0_seg_149.wav,stuttering,0,4
C:\Users\e\OneDrive\Ekler\Masaüstü\Projelerim\MakineProje\data\processed\train_set\stuttering\9MegHiL93B0_seg_150.wav,stuttering,0,3
C:\Users\e\OneDrive\Ekler\Masaüstü\Projelerim\MakineProje\data\processed\train_set\stuttering\9MegHiL93B0_seg_151.wav,stuttering,0,3
C:\Users\e\OneDrive\Ekler\Masaüstü\Projelerim\MakineProje\data\processed\train_set\stuttering\9MegHiL93B0_seg_152.wav,stuttering,0,0
C:\Users\e\OneDrive\Ekler\Masaüstü\Projelerim\MakineProje\data\processed\train_set\stuttering\9MegHiL93B0_seg_153.wav,stuttering,0,4
C:\Users\e\OneDrive\Ekler\Masaüstü\Projelerim\MakineProje\data\processed\train_set\stuttering\9MegHiL93B0_seg_154.wav,stuttering,0,4
C:\Users\e\OneDrive\Ekler\Masaüstü\Projelerim\MakineProje\data\processed\train_set\stuttering\9MegHiL93B0_seg_155.wav,stuttering,0,2
C:\Users\e\OneDrive\Ekler\Masaüstü\Projelerim\MakineProje\data\processed\train_set\stuttering\9MegHiL93B0_seg_156.wav,stuttering,0,4
C:\Users\e\OneDrive\Ekler\Masaüstü\Projelerim\MakineProje\data\processed\train_set\stuttering\9MegHiL93B0_seg_157.wav,stuttering,0,4
C:\Users\e\OneDrive\Ekler\Masaüstü\Projelerim\MakineProje\data\processed\train_set\stuttering\9MegHiL93B0_seg_158.wav,stuttering,0,2
C:\Users\e\OneDrive\Ekler\Masaüstü\Projelerim\MakineProje\data\processed\train_set\stuttering\9MegHiL93B0_seg_159.wav,stuttering,0,0
C:\Users\e\OneDrive\Ekler\Masaüstü\Projelerim\MakineProje\data\processed\train_set\stuttering\9MegHiL93B0_seg_160.wav,stuttering,0,3
C:\Users\e\OneDrive\Ekler\Masaüstü\Projelerim\MakineProje\data\processed\train_set\stuttering\9MegHiL93B0_seg_161.wav,stuttering,0,4
C:\Users\e\OneDrive\Ekler\Masaüstü\Projelerim\MakineProje\data\processed\train_set\stuttering\9MegHiL93B0_seg_162.wav,stuttering,0,0
C:\Users\e\OneDrive\Ekler\Masaüstü\Projelerim\MakineProje\data\processed\train_set\stuttering\9MegHiL93B0_seg_163.wav,stuttering,0,3
C:\Users\e\OneDrive\Ekler\Masaüstü\Projelerim\MakineProje\data\processed\train_set\stuttering\9MegHiL93B0_seg_164.wav,stuttering,0,3
C:\Users\e\OneDrive\Ekler\Masaüstü\Projelerim\MakineProje\data\processed\train_set\stuttering\9MegHiL93B0_seg_165.wav,stuttering,0,0
C:\Users\e\OneDrive\Ekler\Masaüstü\Projelerim\MakineProje\data\processed\train_set\stuttering\9MegHiL93B0_seg_166.wav,stuttering,0,4
C:\Users\e\OneDrive\Ekler\Masaüstü\Projelerim\MakineProje\data\processed\train_set\stuttering\9MegHiL93B0_seg_167.wav,stuttering,0,4
C:\Users\e\OneDrive\Ekler\Masaüstü\Projelerim\MakineProje\data\processed\train_set\stuttering\9MegHiL93B0_seg_168.wav,stuttering,0,3
C:\Users\e\OneDrive\Ekler\Masaüstü\Projelerim\MakineProje\data\processed\train_set\stuttering\9MegHiL93B0_seg_169.wav,stuttering,0,0
C:\Users\e\OneDrive\Ekler\Masaüstü\Projelerim\MakineProje\data\processed\train_set\stuttering\9MegHiL93B0_seg_170.wav,stuttering,0,1
C:\Users\e\OneDrive\Ekler\Masaüstü\Projelerim\MakineProje\data\processed\train_set\stuttering\9MegHiL93B0_seg_171.wav,stuttering,0,3
C:\Users\e\OneDrive\Ekler\Masaüstü\Projelerim\MakineProje\data\processed\train_set\stuttering\9MegHiL93B0_seg_172.wav,stuttering,0,0
C:\Users\e\OneDrive\Ekler\Masaüstü\Projelerim\MakineProje\data\processed\train_set\stuttering\9MegHiL93B0_seg_173.wav,stuttering,0,1
C:\Users\e\OneDrive\Ekler\Masaüstü\Projelerim\MakineProje\data\processed\train_set\stuttering\9MegHiL93B0_seg_174.wav,stuttering,0,1
C:\Users\e\OneDrive\Ekler\Masaüstü\Projelerim\MakineProje\data\processed\train_set\stuttering\9MegHiL93B0_seg_175.wav,stuttering,0,4
C:\Users\e\OneDrive\Ekler\Masaüstü\Projelerim\MakineProje\data\processed\train_set\stuttering\9MegHiL93B0_seg_176.wav,stuttering,0,2
C:\Users\e\OneDrive\Ekler\Masaüstü\Projelerim\MakineProje\data\processed\train_set\stuttering\9MegHiL93B0_seg_177.wav,stuttering,0,4
C:\Users\e\OneDrive\Ekler\Masaüstü\Projelerim\MakineProje\data\processed\train_set\stuttering\9MegHiL93B0_seg_178.wav,stuttering,0,3
C:\Users\e\OneDrive\Ekler\Masaüstü\Projelerim\MakineProje\data\processed\train_set\stuttering\9MegHiL93B0_seg_179.wav,stuttering,0,0
C:\Users\e\OneDrive\Ekler\Masaüstü\Projelerim\MakineProje\data\processed\train_set\stuttering\9MegHiL93B0_seg_180.wav,stuttering,0,0
C:\Users\e\OneDrive\Ekler\Masaüstü\Projelerim\MakineProje\data\processed\train_set\stuttering\9MegHiL93B0_seg_181.wav,stuttering,0,0
C:\Users\e\OneDrive\Ekler\Masaüstü\Projelerim\MakineProje\data\processed\train_set\stuttering\9MegHiL93B0_seg_182.wav,stuttering,0,1
C:\Users\e\OneDrive\Ekler\Masaüstü\Projelerim\MakineProje\data\processed\train_set\stuttering\9MegHiL93B0_seg_183.wav,stuttering,0,4
C:\Users\e\OneDrive\Ekler\Masaüstü\Projelerim\MakineProje\data\processed\train_set\stuttering\9MegHiL93B0_seg_184.wav,stuttering,0,0
C:\Users\e\OneDrive\Ekler\Masaüstü\Projelerim\MakineProje\data\processed\train_set\stuttering\9MegHiL93B0_seg_185.wav,stuttering,0,3
C:\Users\e\OneDrive\Ekler\Masaüstü\Projelerim\MakineProje\data\processed\train_set\stuttering\9MegHiL93B0_seg_186.wav,stuttering,0,4
C:\Users\e\OneDrive\Ekler\Masaüstü\Projelerim\MakineProje\data\processed\train_set\stuttering\9MegHiL93B0_seg_187.wav,stuttering,0,4
C:\Users\e\OneDrive\Ekler\Masaüstü\Projelerim\MakineProje\data\processed\train_set\stuttering\9MegHiL93B0_seg_188.wav,stuttering,0,0
C:\Users\e\OneDrive\Ekler\Masaüstü\Projelerim\MakineProje\data\processed\train_set\stuttering\9MegHiL93B0_seg_189.wav,stuttering,0,4
C:\Users\e\OneDrive\Ekler\Masaüstü\Projelerim\MakineProje\data\processed\train_set\stuttering\9MegHiL93B0_seg_190.wav,stuttering,0,0
C:\Users\e\OneDrive\Ekler\Masaüstü\Projelerim\MakineProje\data\processed\train_set\stuttering\9MegHiL93B0_seg_191.wav,stuttering,0,2
C:\Users\e\OneDrive\Ekler\Masaüstü\Projelerim\MakineProje\data\processed\train_set\stuttering\9MegHiL93B0_seg_192.wav,stuttering,0,3
C:\Users\e\OneDrive\Ekler\Masaüstü\Projelerim\MakineProje\data\processed\train_set\stuttering\9MegHiL93B0_seg_193.wav,stuttering,0,1
C:\Users\e\OneDrive\Ekler\Masaüstü\Projelerim\MakineProje\data\processed\train_set\stuttering\9MegHiL93B0_seg_194.wav,stuttering,0,1
C:\Users\e\OneDrive\Ekler\Masaüstü\Projelerim\MakineProje\data\processed\train_set\stuttering\9MegHiL93B0_seg_195.wav,stuttering,0,3
C:\Users\e\OneDrive\Ekler\Masaüstü\Projelerim\MakineProje\data\processed\train_set\stuttering\9MegHiL93B0_seg_196.wav,stuttering,0,2
C:\Users\e\OneDrive\Ekler\Masaüstü\Projelerim\MakineProje\data\processed\train_set\stuttering\9MegHiL93B0_seg_197.wav,stuttering,0,2
C:\Users\e\OneDrive\Ekler\Masaüstü\Projelerim\MakineProje\data\processed\train_set\stuttering\9MegHiL93B0_seg_198.wav,stuttering,0,3
C:\Users\e\OneDrive\Ekler\Masaüstü\Projelerim\MakineProje\data\processed\train_set\stuttering\9MegHiL93B0_seg_199.wav,stuttering,0,3
C:\Users\e\OneDrive\Ekler\Masaüstü\Projelerim\MakineProje\data\processed\train_set\stuttering\9MegHiL93B0_seg_200.wav,stuttering,0,1
C:\Users\e\OneDrive\Ekler\Masaüstü\Projelerim\MakineProje\data\processed\train_set\stuttering\9MegHiL93B0_seg_201.wav,stuttering,0,2
C:\Users\e\OneDrive\Ekler\Masaüstü\Projelerim\MakineProje\data\processed\train_set\stuttering\9MegHiL93B0_seg_202.wav,stuttering,0,1
C:\Users\e\OneDrive\Ekler\Masaüstü\Projelerim\MakineProje\data\processed\train_set\stuttering\9MegHiL93B0_seg_203.wav,stuttering,0,1
C:\Users\e\OneDrive\Ekler\Masaüstü\Projelerim\MakineProje\data\processed\train_set\stuttering\9MegHiL93B0_seg_204.wav,stuttering,0,0
C:\Users\e\OneDrive\Ekler\Masaüstü\Projelerim\MakineProje\data\processed\train_set\stuttering\9MegHiL93B0_seg_205.wav,stuttering,0,4
C:\Users\e\OneDrive\Ekler\Masaüstü\Projelerim\MakineProje\data\processed\train_set\stuttering\9MegHiL93B0_seg_206.wav,stuttering,0,3
C:\Users\e\OneDrive\Ekler\Masaüstü\Projelerim\MakineProje\data\processed\train_set\stuttering\9MegHiL93B0_seg_207.wav,stuttering,0,4
C:\Users\e\OneDrive\Ekler\Masaüstü\Projelerim\MakineProje\data\processed\train_set\stuttering\9MegHiL93B0_seg_208.wav,stuttering,0,2
C:\Users\e\OneDrive\Ekler\Masaüstü\Projelerim\MakineProje\data\processed\train_set\stuttering\9MegHiL93B0_seg_209.wav,stuttering,0,4
C:\Users\e\OneDrive\Ekler\Masaüstü\Projelerim\MakineProje\data\processed\train_set\stuttering\9MegHiL93B0_seg_210.wav,stuttering,0,2
C:\Users\e\OneDrive\Ekler\Masaüstü\Projelerim\MakineProje\data\processed\train_set\stuttering\9MegHiL93B0_seg_211.wav,stuttering,0,3
C:\Users\e\OneDrive\Ekler\Masaüstü\Projelerim\MakineProje\data\processed\train_set\stuttering\9MegHiL93B0_seg_212.wav,stuttering,0,0
C:\Users\e\OneDrive\Ekler\Masaüstü\Projelerim\MakineProje\data\processed\train_set\stuttering\9MegHiL93B0_seg_213.wav,stuttering,0,0
C:\Users\e\OneDrive\Ekler\Masaüstü\Projelerim\MakineProje\data\processed\train_set\stuttering\9MegHiL93B0_seg_214.wav,stuttering,0,3
C:\Users\e\OneDrive\Ekler\Masaüstü\Projelerim\MakineProje\data\processed\train_set\stuttering\9MegHiL93B0_seg_215.wav,stuttering,0,4
C:\Users\e\OneDrive\Ekler\Masaüstü\Projelerim\MakineProje\data\processed\train_set\stuttering\9MegHiL93B0_seg_216.wav,stuttering,0,3
C:\Users\e\OneDrive\Ekler\Masaüstü\Projelerim\MakineProje\data\processed\train_set\stuttering\9MegHiL93B0_seg_217.wav,stuttering,0,4
C:\Users\e\OneDrive\Ekler\Masaüstü\Projelerim\MakineProje\data\processed\train_set\stuttering\9MegHiL93B0_seg_218.wav,stuttering,0,3
C:\Users\e\OneDrive\Ekler\Masaüstü\Projelerim\MakineProje\data\processed\train_set\stuttering\9MegHiL93B0_seg_219.wav,stuttering,0,3
C:\Users\e\OneDrive\Ekler\Masaüstü\Projelerim\MakineProje\data\processed\train_set\stuttering\9MegHiL93B0_seg_220.wav,stuttering,0,1
C:\Users\e\OneDrive\Ekler\Masaüstü\Projelerim\MakineProje\data\processed\train_set\stuttering\9MegHiL93B0_seg_221.wav,stuttering,0,2
C:\Users\e\OneDrive\Ekler\Masaüstü\Projelerim\MakineProje\data\processed\train_set\stuttering\9MegHiL93B0_seg_222.wav,stuttering,0,1
C:\Users\e\OneDrive\Ekler\Masaüstü\Projelerim\MakineProje\data\processed\train_set\stuttering\9MegHiL93B0_seg_223.wav,stuttering,0,0
C:\Users\e\OneDrive\Ekler\Masaüstü\Projelerim\MakineProje\data\processed\train_set\stuttering\9MegHiL93B0_seg_224.wav,stuttering,0,0
C:\Users\e\OneDrive\Ekler\Masaüstü\Projelerim\MakineProje\data\processed\train_set\stuttering\9MegHiL93B0_seg_225.wav,stuttering,0,4
C:\Users\e\OneDrive\Ekler\Masaüstü\Projelerim\MakineProje\data\processed\train_set\stuttering\9MegHiL93B0_seg_226.wav,stuttering,0,2
C:\Users\e\OneDrive\Ekler\Masaüstü\Projelerim\MakineProje\data\processed\train_set\stuttering\9MegHiL93B0_seg_227.wav,stuttering,0,0
C:\Users\e\OneDrive\Ekler\Masaüstü\Projelerim\MakineProje\data\processed\train_set\stuttering\9MegHiL93B0_seg_228.wav,stuttering,0,3
C:\Users\e\OneDrive\Ekler\Masaüstü\Projelerim\MakineProje\data\processed\train_set\stuttering\9MegHiL93B0_seg_229.wav,stuttering,0,4
C:\Users\e\OneDrive\Ekler\Masaüstü\Projelerim\MakineProje\data\processed\train_set\stuttering\9MegHiL93B0_seg_230.wav,stuttering,0,0
C:\Users\e\OneDrive\Ekler\Masaüstü\Projelerim\MakineProje\data\processed\train_set\stuttering\9MegHiL93B0_seg_231.wav,stuttering,0,2
C:\Users\e\OneDrive\Ekler\Masaüstü\Projelerim\MakineProje\data\processed\train_set\stuttering\9MegHiL93B0_seg_232.wav,stuttering,0,1
C:\Users\e\OneDrive\Ekler\Masaüstü\Projelerim\MakineProje\data\processed\train_set\stuttering\9MegHiL93B0_seg_233.wav,stuttering,0,1
C:\Users\e\OneDrive\Ekler\Masaüstü\Projelerim\MakineProje\data\processed\train_set\stuttering\9MegHiL93B0_seg_234.wav,stuttering,0,4
C:\Users\e\OneDrive\Ekler\Masaüstü\Projelerim\MakineProje\data\processed\train_set\stuttering\9MegHiL93B0_seg_235.wav,stuttering,0,1
C:\Users\e\OneDrive\Ekler\Masaüstü\Projelerim\MakineProje\data\processed\train_set\stuttering\9MegHiL93B0_seg_236.wav,stuttering,0,0
C:\Users\e\OneDrive\Ekler\Masaüstü\Projelerim\MakineProje\data\processed\train_set\stuttering\9MegHiL93B0_seg_237.wav,stuttering,0,0
C:\Users\e\OneDrive\Ekler\Masaüstü\Projelerim\MakineProje\data\processed\train_set\stuttering\9MegHiL93B0_seg_238.wav,stuttering,0,0
C:\Users\e\OneDrive\Ekler\Masaüstü\Projelerim\MakineProje\data\processed\train_set\stuttering\9MegHiL93B0_seg_239.wav,stuttering,0,2
C:\Users\e\OneDrive\Ekler\Masaüstü\Projelerim\MakineProje\data\processed\train_set\stuttering\9MegHiL93B0_seg_240.wav,stuttering,0,1
C:\Users\e\OneDrive\Ekler\Masaüstü\Projelerim\MakineProje\data\processed\train_set\stuttering\9MegHiL93B0_seg_241.wav,stuttering,0,1
C:\Users\e\OneDrive\Ekler\Masaüstü\Projelerim\MakineProje\data\processed\train_set\stuttering\9MegHiL93B0_seg_242.wav,stuttering,0,4
C:\Users\e\OneDrive\Ekler\Masaüstü\Projelerim\MakineProje\data\processed\train_set\stuttering\9MegHiL93B0_seg_243.wav,stuttering,0,3
C:\Users\e\OneDrive\Ekler\Masaüstü\Projelerim\MakineProje\data\processed\train_set\stuttering\9MegHiL93B0_seg_244.wav,stuttering,0,4
C:\Users\e\OneDrive\Ekler\Masaüstü\Projelerim\MakineProje\data\processed\train_set\stuttering\9MegHiL93B0_seg_245.wav,stuttering,0,4
C:\Users\e\OneDrive\Ekler\Masaüstü\Projelerim\MakineProje\data\processed\train_set\stuttering\9MegHiL93B0_seg_246.wav,stuttering,0,4
C:\Users\e\OneDrive\Ekler\Masaüstü\Projelerim\MakineProje\data\processed\train_set\stuttering\9MegHiL93B0_seg_247.wav,stuttering,0,0
C:\Users\e\OneDrive\Ekler\Masaüstü\Projelerim\MakineProje\data\processed\train_set\stuttering\9MegHiL93B0_seg_248.wav,stuttering,0,3
C:\Users\e\OneDrive\Ekler\Masaüstü\Projelerim\MakineProje\data\processed\train_set\stuttering\9MegHiL93B0_seg_249.wav,stuttering,0,1
C:\Users\e\OneDrive\Ekler\Masaüstü\Projelerim\MakineProje\data\processed\train_set\stuttering\9MegHiL93B0_seg_250.wav,stuttering,0,4
C:\Users\e\OneDrive\Ekler\Masaüstü\Projelerim\MakineProje\data\processed\train_set\stuttering\9MegHiL93B0_seg_251.wav,stuttering,0,3
C:\Users\e\OneDrive\Ekler\Masaüstü\Projelerim\MakineProje\data\processed\train_set\stuttering\9MegHiL93B0_seg_252.wav,stuttering,0,3
C:\Users\e\OneDrive\Ekler\Masaüstü\Projelerim\MakineProje\data\processed\train_set\stuttering\9MegHiL93B0_seg_253.wav,stuttering,0,4
C:\Users\e\OneDrive\Ekler\Masaüstü\Projelerim\MakineProje\data\processed\train_set\stuttering\9MegHiL93B0_seg_254.wav,stuttering,0,1
C:\Users\e\OneDrive\Ekler\Masaüstü\Projelerim\MakineProje\data\processed\train_set\stuttering\9MegHiL93B0_seg_255.wav,stuttering,0,3
C:\Users\e\OneDrive\Ekler\Masaüstü\Projelerim\MakineProje\data\processed\train_set\stuttering\9MegHiL93B0_seg_256.wav,stuttering,0,4
C:\Users\e\OneDrive\Ekler\Masaüstü\Projelerim\MakineProje\data\processed\train_set\stuttering\9MegHiL93B0_seg_257.wav,stuttering,0,3
C:\Users\e\OneDrive\Ekler\Masaüstü\Projelerim\MakineProje\data\processed\train_set\stuttering\9MegHiL93B0_seg_258.wav,stuttering,0,4
C:\Users\e\OneDrive\Ekler\Masaüstü\Projelerim\MakineProje\data\processed\train_set\stuttering\9MegHiL93B0_seg_259.wav,stuttering,0,4
C:\Users\e\OneDrive\Ekler\Masaüstü\Projelerim\MakineProje\data\processed\train_set\stuttering\9MegHiL93B0_seg_260.wav,stuttering,0,2
C:\Users\e\OneDrive\Ekler\Masaüstü\Projelerim\MakineProje\data\processed\train_set\stuttering\9MegHiL93B0_seg_261.wav,stuttering,0,4
C:\Users\e\OneDrive\Ekler\Masaüstü\Projelerim\MakineProje\data\processed\train_set\stuttering\9MegHiL93B0_seg_262.wav,stuttering,0,3
C:\Users\e\OneDrive\Ekler\Masaüstü\Projelerim\MakineProje\data\processed\train_set\stuttering\9MegHiL93B0_seg_263.wav,stuttering,0,1
C:\Users\e\OneDrive\Ekler\Masaüstü\Projelerim\MakineProje\data\processed\train_set\stuttering\9MegHiL93B0_seg_264.wav,stuttering,0,4
C:\Users\e\OneDrive\Ekler\Masaüstü\Projelerim\MakineProje\data\processed\train_set\stuttering\gmMo7vrm3VY_seg_000.wav,stuttering,0,3
C:\Users\e\OneDrive\Ekler\Masaüstü\Projelerim\MakineProje\data\processed\train_set\stuttering\gmMo7vrm3VY_seg_001.wav,stuttering,0,2
C:\Users\e\OneDrive\Ekler\Masaüstü\Projelerim\MakineProje\data\processed\train_set\stuttering\gmMo7vrm3VY_seg_002.wav,stuttering,0,1
C:\Users\e\OneDrive\Ekler\Masaüstü\Projelerim\MakineProje\data\processed\train_set\stuttering\gmMo7vrm3VY_seg_003.wav,stuttering,0,4
C:\Users\e\OneDrive\Ekler\Masaüstü\Projelerim\MakineProje\data\processed\train_set\stuttering\gmMo7vrm3VY_seg_004.wav,stuttering,0,2
C:\Users\e\OneDrive\Ekler\Masaüstü\Projelerim\MakineProje\data\processed\train_set\stuttering\gmMo7vrm3VY_seg_005.wav,stuttering,0,2
C:\Users\e\OneDrive\Ekler\Masaüstü\Projelerim\MakineProje\data\processed\train_set\stuttering\gmMo7vrm3VY_seg_006.wav,stuttering,0,0
C:\Users\e\OneDrive\Ekler\Masaüstü\Projelerim\MakineProje\data\processed\train_set\stuttering\gmMo7vrm3VY_seg_007.wav,stuttering,0,3
C:\Users\e\OneDrive\Ekler\Masaüstü\Projelerim\MakineProje\data\processed\train_set\stuttering\gmMo7vrm3VY_seg_008.wav,stuttering,0,1
C:\Users\e\OneDrive\Ekler\Masaüstü\Projelerim\MakineProje\data\processed\train_set\stuttering\gmMo7vrm3VY_seg_009.wav,stuttering,0,4
C:\Users\e\OneDrive\Ekler\Masaüstü\Projelerim\MakineProje\data\processed\train_set\stuttering\gmMo7vrm3VY_seg_010.wav,stuttering,0,2
C:\Users\e\OneDrive\Ekler\Masaüstü\Projelerim\MakineProje\data\processed\train_set\stuttering\gmMo7vrm3VY_seg_011.wav,stuttering,0,3
C:\Users\e\OneDrive\Ekler\Masaüstü\Projelerim\MakineProje\data\processed\train_set\stuttering\gmMo7vrm3VY_seg_012.wav,stuttering,0,1
C:\Users\e\OneDrive\Ekler\Masaüstü\Projelerim\MakineProje\data\processed\train_set\stuttering\gmMo7vrm3VY_seg_013.wav,stuttering,0,3
C:\Users\e\OneDrive\Ekler\Masaüstü\Projelerim\MakineProje\data\processed\train_set\stuttering\gmMo7vrm3VY_seg_014.wav,stuttering,0,3
C:\Users\e\OneDrive\Ekler\Masaüstü\Projelerim\MakineProje\data\processed\train_set\stuttering\gmMo7vrm3VY_seg_015.wav,stuttering,0,4
C:\Users\e\OneDrive\Ekler\Masaüstü\Projelerim\MakineProje\data\processed\train_set\stuttering\gmMo7vrm3VY_seg_016.wav,stuttering,0,1
C:\Users\e\OneDrive\Ekler\Masaüstü\Projelerim\MakineProje\data\processed\train_set\stuttering\gmMo7vrm3VY_seg_017.wav,stuttering,0,3
C:\Users\e\OneDrive\Ekler\Masaüstü\Projelerim\MakineProje\data\processed\train_set\stuttering\gmMo7vrm3VY_seg_018.wav,stuttering,0,4
C:\Users\e\OneDrive\Ekler\Masaüstü\Projelerim\MakineProje\data\processed\train_set\stuttering\gmMo7vrm3VY_seg_019.wav,stuttering,0,3
C:\Users\e\OneDrive\Ekler\Masaüstü\Projelerim\MakineProje\data\processed\train_set\stuttering\gmMo7vrm3VY_seg_020.wav,stuttering,0,1
C:\Users\e\OneDrive\Ekler\Masaüstü\Projelerim\MakineProje\data\processed\train_set\stuttering\gmMo7vrm3VY_seg_021.wav,stuttering,0,3
C:\Users\e\OneDrive\Ekler\Masaüstü\Projelerim\MakineProje\data\processed\train_set\stuttering\gmMo7vrm3VY_seg_022.wav,stuttering,0,1
C:\Users\e\OneDrive\Ekler\Masaüstü\Projelerim\MakineProje\data\processed\train_set\stuttering\gmMo7vrm3VY_seg_023.wav,stuttering,0,4
C:\Users\e\OneDrive\Ekler\Masaüstü\Projelerim\MakineProje\data\processed\train_set\stuttering\gmMo7vrm3VY_seg_024.wav,stuttering,0,3
C:\Users\e\OneDrive\Ekler\Masaüstü\Projelerim\MakineProje\data\processed\train_set\stuttering\gmMo7vrm3VY_seg_025.wav,stuttering,0,1
C:\Users\e\OneDrive\Ekler\Masaüstü\Projelerim\MakineProje\data\processed\train_set\stuttering\gmMo7vrm3VY_seg_026.wav,stuttering,0,1
C:\Users\e\OneDrive\Ekler\Masaüstü\Projelerim\MakineProje\data\processed\train_set\stuttering\gmMo7vrm3VY_seg_027.wav,stuttering,0,3
C:\Users\e\OneDrive\Ekler\Masaüstü\Projelerim\MakineProje\data\processed\train_set\stuttering\gmMo7vrm3VY_seg_028.wav,stuttering,0,2
C:\Users\e\OneDrive\Ekler\Masaüstü\Projelerim\MakineProje\data\processed\train_set\stuttering\gmMo7vrm3VY_seg_029.wav,stuttering,0,2
C:\Users\e\OneDrive\Ekler\Masaüstü\Projelerim\MakineProje\data\processed\train_set\stuttering\gmMo7vrm3VY_seg_030.wav,stuttering,0,1
C:\Users\e\OneDrive\Ekler\Masaüstü\Projelerim\MakineProje\data\processed\train_set\stuttering\gmMo7vrm3VY_seg_031.wav,stuttering,0,1
C:\Users\e\OneDrive\Ekler\Masaüstü\Projelerim\MakineProje\data\processed\train_set\stuttering\gmMo7vrm3VY_seg_032.wav,stuttering,0,1
C:\Users\e\OneDrive\Ekler\Masaüstü\Projelerim\MakineProje\data\processed\train_set\stuttering\gmMo7vrm3VY_seg_033.wav,stuttering,0,1
C:\Users\e\OneDrive\Ekler\Masaüstü\Projelerim\MakineProje\data\processed\train_set\stuttering\gmMo7vrm3VY_seg_034.wav,stuttering,0,4
C:\Users\e\OneDrive\Ekler\Masaüstü\Projelerim\MakineProje\data\processed\train_set\stuttering\gmMo7vrm3VY_seg_035.wav,stuttering,0,4
C:\Users\e\OneDrive\Ekler\Masaüstü\Projelerim\MakineProje\data\processed\train_set\stuttering\gmMo7vrm3VY_seg_036.wav,stuttering,0,2
C:\Users\e\OneDrive\Ekler\Masaüstü\Projelerim\MakineProje\data\processed\train_set\stuttering\gmMo7vrm3VY_seg_037.wav,stuttering,0,1
C:\Users\e\OneDrive\Ekler\Masaüstü\Projelerim\MakineProje\data\processed\train_set\stuttering\gmMo7vrm3VY_seg_038.wav,stuttering,0,2
C:\Users\e\OneDrive\Ekler\Masaüstü\Projelerim\MakineProje\data\processed\train_set\stuttering\gmMo7vrm3VY_seg_039.wav,stuttering,0,3
C:\Users\e\OneDrive\Ekler\Masaüstü\Projelerim\MakineProje\data\processed\train_set\stuttering\gmMo7vrm3VY_seg_040.wav,stuttering,0,4
C:\Users\e\OneDrive\Ekler\Masaüstü\Projelerim\MakineProje\data\processed\train_set\stuttering\gmMo7vrm3VY_seg_041.wav,stuttering,0,3
C:\Users\e\OneDrive\Ekler\Masaüstü\Projelerim\MakineProje\data\processed\train_set\stuttering\gmMo7vrm3VY_seg_042.wav,stuttering,0,4
C:\Users\e\OneDrive\Ekler\Masaüstü\Projelerim\MakineProje\data\processed\train_set\stuttering\gmMo7vrm3VY_seg_043.wav,stuttering,0,4
C:\Users\e\OneDrive\Ekler\Masaüstü\Projelerim\MakineProje\data\processed\train_set\stuttering\gmMo7vrm3VY_seg_044.wav,stuttering,0,2
C:\Users\e\OneDrive\Ekler\Masaüstü\Projelerim\MakineProje\data\processed\train_set\stuttering\gmMo7vrm3VY_seg_045.wav,stuttering,0,4
C:\Users\e\OneDrive\Ekler\Masaüstü\Projelerim\MakineProje\data\processed\train_set\stuttering\gmMo7vrm3VY_seg_046.wav,stuttering,0,4
C:\Users\e\OneDrive\Ekler\Masaüstü\Projelerim\MakineProje\data\processed\train_set\stuttering\gmMo7vrm3VY_seg_047.wav,stuttering,0,3
C:\Users\e\OneDrive\Ekler\Masaüstü\Projelerim\MakineProje\data\processed\train_set\stuttering\gmMo7vrm3VY_seg_048.wav,stuttering,0,4
C:\Users\e\OneDrive\Ekler\Masaüstü\Projelerim\MakineProje\data\processed\train_set\stuttering\gmMo7vrm3VY_seg_049.wav,stuttering,0,2
C:\Users\e\OneDrive\Ekler\Masaüstü\Projelerim\MakineProje\data\processed\train_set\stuttering\gmMo7vrm3VY_seg_050.wav,stuttering,0,3
C:\Users\e\OneDrive\Ekler\Masaüstü\Projelerim\MakineProje\data\processed\train_set\stuttering\gmMo7vrm3VY_seg_051.wav,stuttering,0,2
C:\Users\e\OneDrive\Ekler\Masaüstü\Projelerim\MakineProje\data\processed\train_set\stuttering\gmMo7vrm3VY_seg_052.wav,stuttering,0,3
C:\Users\e\OneDrive\Ekler\Masaüstü\Projelerim\MakineProje\data\processed\train_set\stuttering\gmMo7vrm3VY_seg_053.wav,stuttering,0,0
C:\Users\e\OneDrive\Ekler\Masaüstü\Projelerim\MakineProje\data\processed\train_set\stuttering\gmMo7vrm3VY_seg_054.wav,stuttering,0,1
C:\Users\e\OneDrive\Ekler\Masaüstü\Projelerim\MakineProje\data\processed\train_set\stuttering\gmMo7vrm3VY_seg_055.wav,stuttering,0,3
C:\Users\e\OneDrive\Ekler\Masaüstü\Projelerim\MakineProje\data\processed\train_set\stuttering\gmMo7vrm3VY_seg_056.wav,stuttering,0,4
C:\Users\e\OneDrive\Ekler\Masaüstü\Projelerim\MakineProje\data\processed\train_set\stuttering\gmMo7vrm3VY_seg_057.wav,stuttering,0,0
C:\Users\e\OneDrive\Ekler\Masaüstü\Projelerim\MakineProje\data\processed\train_set\stuttering\gmMo7vrm3VY_seg_058.wav,stuttering,0,2
C:\Users\e\OneDrive\Ekler\Masaüstü\Projelerim\MakineProje\data\processed\train_set\stuttering\gmMo7vrm3VY_seg_059.wav,stuttering,0,0
C:\Users\e\OneDrive\Ekler\Masaüstü\Projelerim\MakineProje\data\processed\train_set\stuttering\gmMo7vrm3VY_seg_060.wav,stuttering,0,2
C:\Users\e\OneDrive\Ekler\Masaüstü\Projelerim\MakineProje\data\processed\train_set\stuttering\gmMo7vrm3VY_seg_061.wav,stuttering,0,0
C:\Users\e\OneDrive\Ekler\Masaüstü\Projelerim\MakineProje\data\processed\train_set\stuttering\gmMo7vrm3VY_seg_062.wav,stuttering,0,3
C:\Users\e\OneDrive\Ekler\Masaüstü\Projelerim\MakineProje\data\processed\train_set\stuttering\gmMo7vrm3VY_seg_063.wav,stuttering,0,4
C:\Users\e\OneDrive\Ekler\Masaüstü\Projelerim\MakineProje\data\processed\train_set\stuttering\gmMo7vrm3VY_seg_064.wav,stuttering,0,4
C:\Users\e\OneDrive\Ekler\Masaüstü\Projelerim\MakineProje\data\processed\train_set\stuttering\gmMo7vrm3VY_seg_065.wav,stuttering,0,4
C:\Users\e\OneDrive\Ekler\Masaüstü\Projelerim\MakineProje\data\processed\train_set\stuttering\gmMo7vrm3VY_seg_066.wav,stuttering,0,2
C:\Users\e\OneDrive\Ekler\Masaüstü\Projelerim\MakineProje\data\processed\train_set\stuttering\gmMo7vrm3VY_seg_067.wav,stuttering,0,3
C:\Users\e\OneDrive\Ekler\Masaüstü\Projelerim\MakineProje\data\processed\train_set\stuttering\gmMo7vrm3VY_seg_068.wav,stuttering,0,0
C:\Users\e\OneDrive\Ekler\Masaüstü\Projelerim\MakineProje\data\processed\train_set\stuttering\gmMo7vrm3VY_seg_069.wav,stuttering,0,2
C:\Users\e\OneDrive\Ekler\Masaüstü\Projelerim\MakineProje\data\processed\train_set\stuttering\gmMo7vrm3VY_seg_070.wav,stuttering,0,1
C:\Users\e\OneDrive\Ekler\Masaüstü\Projelerim\MakineProje\data\processed\train_set\stuttering\gmMo7vrm3VY_seg_071.wav,stuttering,0,3
C:\Users\e\OneDrive\Ekler\Masaüstü\Projelerim\MakineProje\data\processed\train_set\stuttering\gmMo7vrm3VY_seg_072.wav,stuttering,0,4
C:\Users\e\OneDrive\Ekler\Masaüstü\Projelerim\MakineProje\data\processed\train_set\stuttering\gmMo7vrm3VY_seg_073.wav,stuttering,0,2
C:\Users\e\OneDrive\Ekler\Masaüstü\Projelerim\MakineProje\data\processed\train_set\stuttering\gmMo7vrm3VY_seg_074.wav,stuttering,0,3
C:\Users\e\OneDrive\Ekler\Masaüstü\Projelerim\MakineProje\data\processed\train_set\stuttering\gmMo7vrm3VY_seg_075.wav,stuttering,0,2
C:\Users\e\OneDrive\Ekler\Masaüstü\Projelerim\MakineProje\data\processed\train_set\stuttering\gmMo7vrm3VY_seg_076.wav,stuttering,0,4
C:\Users\e\OneDrive\Ekler\Masaüstü\Projelerim\MakineProje\data\processed\train_set\stuttering\gmMo7vrm3VY_seg_077.wav,stuttering,0,2
C:\Users\e\OneDrive\Ekler\Masaüstü\Projelerim\MakineProje\data\processed\train_set\stuttering\gmMo7vrm3VY_seg_078.wav,stuttering,0,4
C:\Users\e\OneDrive\Ekler\Masaüstü\Projelerim\MakineProje\data\processed\train_set\stuttering\gmMo7vrm3VY_seg_079.wav,stuttering,0,4
C:\Users\e\OneDrive\Ekler\Masaüstü\Projelerim\MakineProje\data\processed\train_set\stuttering\gmMo7vrm3VY_seg_080.wav,stuttering,0,0
C:\Users\e\OneDrive\Ekler\Masaüstü\Projelerim\MakineProje\data\processed\train_set\stuttering\gmMo7vrm3VY_seg_081.wav,stuttering,0,1
C:\Users\e\OneDrive\Ekler\Masaüstü\Projelerim\MakineProje\data\processed\train_set\stuttering\gmMo7vrm3VY_seg_082.wav,stuttering,0,3
C:\Users\e\OneDrive\Ekler\Masaüstü\Projelerim\MakineProje\data\processed\train_set\stuttering\gmMo7vrm3VY_seg_083.wav,stuttering,0,4
C:\Users\e\OneDrive\Ekler\Masaüstü\Projelerim\MakineProje\data\processed\train_set\stuttering\gmMo7vrm3VY_seg_084.wav,stuttering,0,1
C:\Users\e\OneDrive\Ekler\Masaüstü\Projelerim\MakineProje\data\processed\train_set\stuttering\gmMo7vrm3VY_seg_085.wav,stuttering,0,3
C:\Users\e\OneDrive\Ekler\Masaüstü\Projelerim\MakineProje\data\processed\train_set\stuttering\rcX__uJ6i28_seg_000.wav,stuttering,0,4
C:\Users\e\OneDrive\Ekler\Masaüstü\Projelerim\MakineProje\data\processed\train_set\stuttering\rcX__uJ6i28_seg_001.wav,stuttering,0,1
C:\Users\e\OneDrive\Ekler\Masaüstü\Projelerim\MakineProje\data\processed\train_set\stuttering\rcX__uJ6i28_seg_002.wav,stuttering,0,0
C:\Users\e\OneDrive\Ekler\Masaüstü\Projelerim\MakineProje\data\processed\train_set\stuttering\rcX__uJ6i28_seg_003.wav,stuttering,0,3
C:\Users\e\OneDrive\Ekler\Masaüstü\Projelerim\MakineProje\data\processed\train_set\stuttering\rcX__uJ6i28_seg_004.wav,stuttering,0,3
C:\Users\e\OneDrive\Ekler\Masaüstü\Projelerim\MakineProje\data\processed\train_set\stuttering\rcX__uJ6i28_seg_005.wav,stuttering,0,4
C:\Users\e\OneDrive\Ekler\Masaüstü\Projelerim\MakineProje\data\processed\train_set\stuttering\rcX__uJ6i28_seg_006.wav,stuttering,0,2
C:\Users\e\OneDrive\Ekler\Masaüstü\Projelerim\MakineProje\data\processed\train_set\stuttering\rcX__uJ6i28_seg_007.wav,stuttering,0,3
C:\Users\e\OneDrive\Ekler\Masaüstü\Projelerim\MakineProje\data\processed\train_set\stuttering\rcX__uJ6i28_seg_008.wav,stuttering,0,2
C:\Users\e\OneDrive\Ekler\Masaüstü\Projelerim\MakineProje\data\processed\train_set\stuttering\rcX__uJ6i28_seg_009.wav,stuttering,0,3
C:\Users\e\OneDrive\Ekler\Masaüstü\Projelerim\MakineProje\data\processed\train_set\stuttering\rcX__uJ6i28_seg_010.wav,stuttering,0,4
C:\Users\e\OneDrive\Ekler\Masaüstü\Projelerim\MakineProje\data\processed\train_set\stuttering\rcX__uJ6i28_seg_011.wav,stuttering,0,3
C:\Users\e\OneDrive\Ekler\Masaüstü\Projelerim\MakineProje\data\processed\train_set\stuttering\rcX__uJ6i28_seg_012.wav,stuttering,0,0
C:\Users\e\OneDrive\Ekler\Masaüstü\Projelerim\MakineProje\data\processed\train_set\stuttering\rcX__uJ6i28_seg_013.wav,stuttering,0,3
C:\Users\e\OneDrive\Ekler\Masaüstü\Projelerim\MakineProje\data\processed\train_set\stuttering\rcX__uJ6i28_seg_014.wav,stuttering,0,3
C:\Users\e\OneDrive\Ekler\Masaüstü\Projelerim\MakineProje\data\processed\train_set\stuttering\rcX__uJ6i28_seg_015.wav,stuttering,0,2
C:\Users\e\OneDrive\Ekler\Masaüstü\Projelerim\MakineProje\data\processed\train_set\stuttering\rcX__uJ6i28_seg_016.wav,stuttering,0,1
C:\Users\e\OneDrive\Ekler\Masaüstü\Projelerim\MakineProje\data\processed\train_set\stuttering\rcX__uJ6i28_seg_017.wav,stuttering,0,2
C:\Users\e\OneDrive\Ekler\Masaüstü\Projelerim\MakineProje\data\processed\train_set\stuttering\rcX__uJ6i28_seg_018.wav,stuttering,0,0
C:\Users\e\OneDrive\Ekler\Masaüstü\Projelerim\MakineProje\data\processed\train_set\stuttering\rcX__uJ6i28_seg_019.wav,stuttering,0,0
C:\Users\e\OneDrive\Ekler\Masaüstü\Projelerim\MakineProje\data\processed\train_set\stuttering\rcX__uJ6i28_seg_020.wav,stuttering,0,4
C:\Users\e\OneDrive\Ekler\Masaüstü\Projelerim\MakineProje\data\processed\train_set\stuttering\rcX__uJ6i28_seg_021.wav,stuttering,0,3
C:\Users\e\OneDrive\Ekler\Masaüstü\Projelerim\MakineProje\data\processed\train_set\stuttering\rcX__uJ6i28_seg_022.wav,stuttering,0,3
C:\Users\e\OneDrive\Ekler\Masaüstü\Projelerim\MakineProje\data\processed\train_set\stuttering\rcX__uJ6i28_seg_023.wav,stuttering,0,0
C:\Users\e\OneDrive\Ekler\Masaüstü\Projelerim\MakineProje\data\processed\train_set\stuttering\rcX__uJ6i28_seg_024.wav,stuttering,0,0
C:\Users\e\OneDrive\Ekler\Masaüstü\Projelerim\MakineProje\data\processed\train_set\stuttering\rcX__uJ6i28_seg_025.wav,stuttering,0,0
C:\Users\e\OneDrive\Ekler\Masaüstü\Projelerim\MakineProje\data\processed\train_set\stuttering\rcX__uJ6i28_seg_026.wav,stuttering,0,4
C:\Users\e\OneDrive\Ekler\Masaüstü\Projelerim\MakineProje\data\processed\train_set\stuttering\rcX__uJ6i28_seg_027.wav,stuttering,0,1
C:\Users\e\OneDrive\Ekler\Masaüstü\Projelerim\MakineProje\data\processed\train_set\stuttering\rcX__uJ6i28_seg_028.wav,stuttering,0,2
C:\Users\e\OneDrive\Ekler\Masaüstü\Projelerim\MakineProje\data\processed\train_set\stuttering\rcX__uJ6i28_seg_029.wav,stuttering,0,3
C:\Users\e\OneDrive\Ekler\Masaüstü\Projelerim\MakineProje\data\processed\train_set\stuttering\rcX__uJ6i28_seg_030.wav,stuttering,0,1
C:\Users\e\OneDrive\Ekler\Masaüstü\Projelerim\MakineProje\data\processed\train_set\stuttering\rcX__uJ6i28_seg_031.wav,stuttering,0,1
C:\Users\e\OneDrive\Ekler\Masaüstü\Projelerim\MakineProje\data\processed\train_set\stuttering\rcX__uJ6i28_seg_032.wav,stuttering,0,1
C:\Users\e\OneDrive\Ekler\Masaüstü\Projelerim\MakineProje\data\processed\train_set\stuttering\rcX__uJ6i28_seg_033.wav,stuttering,0,3
C:\Users\e\OneDrive\Ekler\Masaüstü\Projelerim\MakineProje\data\processed\train_set\stuttering\UONtiXyk9r4_seg_000.wav,stuttering,0,1
C:\Users\e\OneDrive\Ekler\Masaüstü\Projelerim\MakineProje\data\processed\train_set\stuttering\UONtiXyk9r4_seg_001.wav,stuttering,0,2
C:\Users\e\OneDrive\Ekler\Masaüstü\Projelerim\MakineProje\data\processed\train_set\stuttering\UONtiXyk9r4_seg_002.wav,stuttering,0,2
C:\Users\e\OneDrive\Ekler\Masaüstü\Projelerim\MakineProje\data\processed\train_set\stuttering\UONtiXyk9r4_seg_003.wav,stuttering,0,0
C:\Users\e\OneDrive\Ekler\Masaüstü\Projelerim\MakineProje\data\processed\train_set\stuttering\UONtiXyk9r4_seg_004.wav,stuttering,0,0
C:\Users\e\OneDrive\Ekler\Masaüstü\Projelerim\MakineProje\data\processed\train_set\stuttering\UONtiXyk9r4_seg_005.wav,stuttering,0,2
C:\Users\e\OneDrive\Ekler\Masaüstü\Projelerim\MakineProje\data\processed\train_set\stuttering\UONtiXyk9r4_seg_006.wav,stuttering,0,3
C:\Users\e\OneDrive\Ekler\Masaüstü\Projelerim\MakineProje\data\processed\train_set\stuttering\UONtiXyk9r4_seg_007.wav,stuttering,0,0
C:\Users\e\OneDrive\Ekler\Masaüstü\Projelerim\MakineProje\data\processed\train_set\stuttering\UONtiXyk9r4_seg_008.wav,stuttering,0,4
C:\Users\e\OneDrive\Ekler\Masaüstü\Projelerim\MakineProje\data\processed\train_set\stuttering\UONtiXyk9r4_seg_009.wav,stuttering,0,2
C:\Users\e\OneDrive\Ekler\Masaüstü\Projelerim\MakineProje\data\processed\train_set\stuttering\UONtiXyk9r4_seg_010.wav,stuttering,0,3
C:\Users\e\OneDrive\Ekler\Masaüstü\Projelerim\MakineProje\data\processed\train_set\stuttering\UONtiXyk9r4_seg_011.wav,stuttering,0,4
C:\Users\e\OneDrive\Ekler\Masaüstü\Projelerim\MakineProje\data\processed\train_set\stuttering\UONtiXyk9r4_seg_012.wav,stuttering,0,0
C:\Users\e\OneDrive\Ekler\Masaüstü\Projelerim\MakineProje\data\processed\train_set\stuttering\UONtiXyk9r4_seg_013.wav,stuttering,0,3
C:\Users\e\OneDrive\Ekler\Masaüstü\Projelerim\MakineProje\data\processed\train_set\stuttering\UONtiXyk9r4_seg_014.wav,stuttering,0,0
C:\Users\e\OneDrive\Ekler\Masaüstü\Projelerim\MakineProje\data\processed\train_set\stuttering\UONtiXyk9r4_seg_015.wav,stuttering,0,0
C:\Users\e\OneDrive\Ekler\Masaüstü\Projelerim\MakineProje\data\processed\train_set\stuttering\UONtiXyk9r4_seg_016.wav,stuttering,0,0
C:\Users\e\OneDrive\Ekler\Masaüstü\Projelerim\MakineProje\data\processed\train_set\stuttering\UONtiXyk9r4_seg_017.wav,stuttering,0,2
C:\Users\e\OneDrive\Ekler\Masaüstü\Projelerim\MakineProje\data\processed\train_set\stuttering\UONtiXyk9r4_seg_018.wav,stuttering,0,1
C:\Users\e\OneDrive\Ekler\Masaüstü\Projelerim\MakineProje\data\processed\train_set\stuttering\UONtiXyk9r4_seg_019.wav,stuttering,0,0
C:\Users\e\OneDrive\Ekler\Masaüstü\Projelerim\MakineProje\data\processed\train_set\stuttering\UONtiXyk9r4_seg_020.wav,stuttering,0,3
C:\Users\e\OneDrive\Ekler\Masaüstü\Projelerim\MakineProje\data\processed\train_set\stuttering\UONtiXyk9r4_seg_021.wav,stuttering,0,1
C:\Users\e\OneDrive\Ekler\Masaüstü\Projelerim\MakineProje\data\processed\train_set\stuttering\UONtiXyk9r4_seg_022.wav,stuttering,0,4
C:\Users\e\OneDrive\Ekler\Masaüstü\Projelerim\MakineProje\data\processed\train_set\stuttering\UONtiXyk9r4_seg_023.wav,stuttering,0,3
C:\Users\e\OneDrive\Ekler\Masaüstü\Projelerim\MakineProje\data\processed\train_set\stuttering\UONtiXyk9r4_seg_024.wav,stuttering,0,0
C:\Users\e\OneDrive\Ekler\Masaüstü\Projelerim\MakineProje\data\processed\train_set\stuttering\UONtiXyk9r4_seg_025.wav,stuttering,0,4
C:\Users\e\OneDrive\Ekler\Masaüstü\Projelerim\MakineProje\data\processed\train_set\stuttering\UONtiXyk9r4_seg_026.wav,stuttering,0,1
C:\Users\e\OneDrive\Ekler\Masaüstü\Projelerim\MakineProje\data\processed\train_set\stuttering\UONtiXyk9r4_seg_027.wav,stuttering,0,3
C:\Users\e\OneDrive\Ekler\Masaüstü\Projelerim\MakineProje\data\processed\train_set\stuttering\UONtiXyk9r4_seg_028.wav,stuttering,0,3
C:\Users\e\OneDrive\Ekler\Masaüstü\Projelerim\MakineProje\data\processed\train_set\stuttering\UONtiXyk9r4_seg_029.wav,stuttering,0,3
C:\Users\e\OneDrive\Ekler\Masaüstü\Projelerim\MakineProje\data\processed\train_set\stuttering\UONtiXyk9r4_seg_030.wav,stuttering,0,1
C:\Users\e\OneDrive\Ekler\Masaüstü\Projelerim\MakineProje\data\processed\train_set\stuttering\UONtiXyk9r4_seg_031.wav,stuttering,0,3
C:\Users\e\OneDrive\Ekler\Masaüstü\Projelerim\MakineProje\data\processed\train_set\stuttering\UONtiXyk9r4_seg_032.wav,stuttering,0,1
C:\Users\e\OneDrive\Ekler\Masaüstü\Projelerim\MakineProje\data\processed\train_set\stuttering\UONtiXyk9r4_seg_033.wav,stuttering,0,3
C:\Users\e\OneDrive\Ekler\Masaüstü\Projelerim\MakineProje\data\processed\train_set\stuttering\UONtiXyk9r4_seg_034.wav,stuttering,0,2
C:\Users\e\OneDrive\Ekler\Masaüstü\Projelerim\MakineProje\data\processed\train_set\stuttering\UONtiXyk9r4_seg_035.wav,stuttering,0,2
C:\Users\e\OneDrive\Ekler\Masaüstü\Projelerim\MakineProje\data\processed\train_set\stuttering\UONtiXyk9r4_seg_036.wav,stuttering,0,1
C:\Users\e\OneDrive\Ekler\Masaüstü\Projelerim\MakineProje\data\processed\train_set\stuttering\UONtiXyk9r4_seg_037.wav,stuttering,0,3
C:\Users\e\OneDrive\Ekler\Masaüstü\Projelerim\MakineProje\data\processed\train_set\stuttering\UONtiXyk9r4_seg_038.wav,stuttering,0,4
C:\Users\e\OneDrive\Ekler\Masaüstü\Projelerim\MakineProje\data\processed\train_set\stuttering\UONtiXyk9r4_seg_039.wav,stuttering,0,1
C:\Users\e\OneDrive\Ekler\Masaüstü\Projelerim\MakineProje\data\processed\train_set\stuttering\UONtiXyk9r4_seg_040.wav,stuttering,0,4
C:\Users\e\OneDrive\Ekler\Masaüstü\Projelerim\MakineProje\data\processed\train_set\stuttering\UONtiXyk9r4_seg_041.wav,stuttering,0,0
C:\Users\e\OneDrive\Ekler\Masaüstü\Projelerim\MakineProje\data\processed\train_set\stuttering\UONtiXyk9r4_seg_042.wav,stuttering,0,0
C:\Users\e\OneDrive\Ekler\Masaüstü\Projelerim\MakineProje\data\processed\train_set\stuttering\UONtiXyk9r4_seg_043.wav,stuttering,0,2
C:\Users\e\OneDrive\Ekler\Masaüstü\Projelerim\MakineProje\data\processed\train_set\stuttering\UONtiXyk9r4_seg_044.wav,stuttering,0,3
C:\Users\e\OneDrive\Ekler\Masaüstü\Projelerim\MakineProje\data\processed\train_set\stuttering\UONtiXyk9r4_seg_045.wav,stuttering,0,1
C:\Users\e\OneDrive\Ekler\Masaüstü\Projelerim\MakineProje\data\processed\train_set\stuttering\UONtiXyk9r4_seg_046.wav,stuttering,0,3
C:\Users\e\OneDrive\Ekler\Masaüstü\Projelerim\MakineProje\data\processed\train_set\stuttering\UONtiXyk9r4_seg_047.wav,stuttering,0,2
C:\Users\e\OneDrive\Ekler\Masaüstü\Projelerim\MakineProje\data\processed\train_set\stuttering\UONtiXyk9r4_seg_048.wav,stuttering,0,3
C:\Users\e\OneDrive\Ekler\Masaüstü\Projelerim\MakineProje\data\processed\train_set\stuttering\UONtiXyk9r4_seg_049.wav,stuttering,0,3
C:\Users\e\OneDrive\Ekler\Masaüstü\Projelerim\MakineProje\data\processed\train_set\stuttering\UONtiXyk9r4_seg_050.wav,stuttering,0,0
C:\Users\e\OneDrive\Ekler\Masaüstü\Projelerim\MakineProje\data\processed\train_set\stuttering\UONtiXyk9r4_seg_051.wav,stuttering,0,2
C:\Users\e\OneDrive\Ekler\Masaüstü\Projelerim\MakineProje\data\processed\train_set\stuttering\UONtiXyk9r4_seg_052.wav,stuttering,0,1
C:\Users\e\OneDrive\Ekler\Masaüstü\Projelerim\MakineProje\data\processed\train_set\stuttering\UONtiXyk9r4_seg_053.wav,stuttering,0,0
C:\Users\e\OneDrive\Ekler\Masaüstü\Projelerim\MakineProje\data\processed\train_set\stuttering\UONtiXyk9r4_seg_054.wav,stuttering,0,4
C:\Users\e\OneDrive\Ekler\Masaüstü\Projelerim\MakineProje\data\processed\train_set\stuttering\UONtiXyk9r4_seg_055.wav,stuttering,0,4
C:\Users\e\OneDrive\Ekler\Masaüstü\Projelerim\MakineProje\data\processed\train_set\stuttering\UONtiXyk9r4_seg_056.wav,stuttering,0,2
C:\Users\e\OneDrive\Ekler\Masaüstü\Projelerim\MakineProje\data\processed\train_set\stuttering\UONtiXyk9r4_seg_057.wav,stuttering,0,4
C:\Users\e\OneDrive\Ekler\Masaüstü\Projelerim\MakineProje\data\processed\train_set\stuttering\UONtiXyk9r4_seg_058.wav,stuttering,0,0
C:\Users\e\OneDrive\Ekler\Masaüstü\Projelerim\MakineProje\data\processed\train_set\stuttering\UONtiXyk9r4_seg_059.wav,stuttering,0,0
C:\Users\e\OneDrive\Ekler\Masaüstü\Projelerim\MakineProje\data\processed\train_set\stuttering\UONtiXyk9r4_seg_060.wav,stuttering,0,0
C:\Users\e\OneDrive\Ekler\Masaüstü\Projelerim\MakineProje\data\processed\train_set\stuttering\UONtiXyk9r4_seg_061.wav,stuttering,0,4
C:\Users\e\OneDrive\Ekler\Masaüstü\Projelerim\MakineProje\data\processed\train_set\stuttering\UONtiXyk9r4_seg_062.wav,stuttering,0,3
C:\Users\e\OneDrive\Ekler\Masaüstü\Projelerim\MakineProje\data\processed\train_set\stuttering\UONtiXyk9r4_seg_063.wav,stuttering,0,2
C:\Users\e\OneDrive\Ekler\Masaüstü\Projelerim\MakineProje\data\processed\train_set\stuttering\UONtiXyk9r4_seg_064.wav,stuttering,0,2
C:\Users\e\OneDrive\Ekler\Masaüstü\Projelerim\MakineProje\data\processed\train_set\stuttering\UONtiXyk9r4_seg_065.wav,stuttering,0,2
C:\Users\e\OneDrive\Ekler\Masaüstü\Projelerim\MakineProje\data\processed\train_set\stuttering\UONtiXyk9r4_seg_066.wav,stuttering,0,4
C:\Users\e\OneDrive\Ekler\Masaüstü\Projelerim\MakineProje\data\processed\train_set\stuttering\UONtiXyk9r4_seg_067.wav,stuttering,0,1
C:\Users\e\OneDrive\Ekler\Masaüstü\Projelerim\MakineProje\data\processed\train_set\stuttering\UONtiXyk9r4_seg_068.wav,stuttering,0,0
C:\Users\e\OneDrive\Ekler\Masaüstü\Projelerim\MakineProje\data\processed\train_set\stuttering\UONtiXyk9r4_seg_069.wav,stuttering,0,1
C:\Users\e\OneDrive\Ekler\Masaüstü\Projelerim\MakineProje\data\processed\train_set\stuttering\UONtiXyk9r4_seg_070.wav,stuttering,0,4
C:\Users\e\OneDrive\Ekler\Masaüstü\Projelerim\MakineProje\data\processed\train_set\stuttering\UONtiXyk9r4_seg_071.wav,stuttering,0,2
C:\Users\e\OneDrive\Ekler\Masaüstü\Projelerim\MakineProje\data\processed\train_set\stuttering\UONtiXyk9r4_seg_072.wav,stuttering,0,1
C:\Users\e\OneDrive\Ekler\Masaüstü\Projelerim\MakineProje\data\processed\train_set\stuttering\UONtiXyk9r4_seg_073.wav,stuttering,0,3
C:\Users\e\OneDrive\Ekler\Masaüstü\Projelerim\MakineProje\data\processed\train_set\stuttering\UONtiXyk9r4_seg_074.wav,stuttering,0,4
C:\Users\e\OneDrive\Ekler\Masaüstü\Projelerim\MakineProje\data\processed\train_set\stuttering\UONtiXyk9r4_seg_075.wav,stuttering,0,1
C:\Users\e\OneDrive\Ekler\Masaüstü\Projelerim\MakineProje\data\processed\train_set\stuttering\UONtiXyk9r4_seg_076.wav,stuttering,0,0
C:\Users\e\OneDrive\Ekler\Masaüstü\Projelerim\MakineProje\data\processed\train_set\stuttering\UONtiXyk9r4_seg_077.wav,stuttering,0,1
C:\Users\e\OneDrive\Ekler\Masaüstü\Projelerim\MakineProje\data\processed\train_set\stuttering\UONtiXyk9r4_seg_078.wav,stuttering,0,2
C:\Users\e\OneDrive\Ekler\Masaüstü\Projelerim\MakineProje\data\processed\train_set\stuttering\UONtiXyk9r4_seg_079.wav,stuttering,0,1
C:\Users\e\OneDrive\Ekler\Masaüstü\Projelerim\MakineProje\data\processed\train_set\stuttering\UONtiXyk9r4_seg_080.wav,stuttering,0,1
C:\Users\e\OneDrive\Ekler\Masaüstü\Projelerim\MakineProje\data\processed\train_set\stuttering\UONtiXyk9r4_seg_081.wav,stuttering,0,0
C:\Users\e\OneDrive\Ekler\Masaüstü\Projelerim\MakineProje\data\processed\train_set\stuttering\UONtiXyk9r4_seg_082.wav,stuttering,0,3
C:\Users\e\OneDrive\Ekler\Masaüstü\Projelerim\MakineProje\data\processed\train_set\stuttering\UONtiXyk9r4_seg_083.wav,stuttering,0,0
C:\Users\e\OneDrive\Ekler\Masaüstü\Projelerim\MakineProje\data\processed\train_set\stuttering\UONtiXyk9r4_seg_084.wav,stuttering,0,3
C:\Users\e\OneDrive\Ekler\Masaüstü\Projelerim\MakineProje\data\processed\train_set\stuttering\UONtiXyk9r4_seg_085.wav,stuttering,0,3
C:\Users\e\OneDrive\Ekler\Masaüstü\Projelerim\MakineProje\data\processed\train_set\stuttering\UONtiXyk9r4_seg_086.wav,stuttering,0,2
C:\Users\e\OneDrive\Ekler\Masaüstü\Projelerim\MakineProje\data\processed\train_set\stuttering\UONtiXyk9r4_seg_087.wav,stuttering,0,4
C:\Users\e\OneDrive\Ekler\Masaüstü\Projelerim\MakineProje\data\processed\train_set\stuttering\UONtiXyk9r4_seg_088.wav,stuttering,0,3
C:\Users\e\OneDrive\Ekler\Masaüstü\Projelerim\MakineProje\data\processed\train_set\stuttering\UONtiXyk9r4_seg_089.wav,stuttering,0,4
C:\Users\e\OneDrive\Ekler\Masaüstü\Projelerim\MakineProje\data\processed\train_set\stuttering\UONtiXyk9r4_seg_090.wav,stuttering,0,0
C:\Users\e\OneDrive\Ekler\Masaüstü\Projelerim\MakineProje\data\processed\train_set\stuttering\UONtiXyk9r4_seg_091.wav,stuttering,0,4
C:\Users\e\OneDrive\Ekler\Masaüstü\Projelerim\MakineProje\data\processed\train_set\stuttering\UONtiXyk9r4_seg_092.wav,stuttering,0,3
C:\Users\e\OneDrive\Ekler\Masaüstü\Projelerim\MakineProje\data\processed\train_set\stuttering\UONtiXyk9r4_seg_093.wav,stuttering,0,2
C:\Users\e\OneDrive\Ekler\Masaüstü\Projelerim\MakineProje\data\processed\train_set\stuttering\UONtiXyk9r4_seg_094.wav,stuttering,0,2
C:\Users\e\OneDrive\Ekler\Masaüstü\Projelerim\MakineProje\data\processed\train_set\stuttering\UONtiXyk9r4_seg_095.wav,stuttering,0,4
C:\Users\e\OneDrive\Ekler\Masaüstü\Projelerim\MakineProje\data\processed\train_set\stuttering\UONtiXyk9r4_seg_096.wav,stuttering,0,3
C:\Users\e\OneDrive\Ekler\Masaüstü\Projelerim\MakineProje\data\processed\train_set\stuttering\UONtiXyk9r4_seg_097.wav,stuttering,0,1
C:\Users\e\OneDrive\Ekler\Masaüstü\Projelerim\MakineProje\data\processed\train_set\stuttering\UONtiXyk9r4_seg_098.wav,stuttering,0,0
C:\Users\e\OneDrive\Ekler\Masaüstü\Projelerim\MakineProje\data\processed\train_set\stuttering\UONtiXyk9r4_seg_099.wav,stuttering,0,2
C:\Users\e\OneDrive\Ekler\Masaüstü\Projelerim\MakineProje\data\processed\train_set\stuttering\UONtiXyk9r4_seg_100.wav,stuttering,0,1
C:\Users\e\OneDrive\Ekler\Masaüstü\Projelerim\MakineProje\data\processed\train_set\stuttering\UONtiXyk9r4_seg_101.wav,stuttering,0,4
C:\Users\e\OneDrive\Ekler\Masaüstü\Projelerim\MakineProje\data\processed\train_set\stuttering\UONtiXyk9r4_seg_102.wav,stuttering,0,1
C:\Users\e\OneDrive\Ekler\Masaüstü\Projelerim\MakineProje\data\processed\train_set\stuttering\UONtiXyk9r4_seg_103.wav,stuttering,0,3
C:\Users\e\OneDrive\Ekler\Masaüstü\Projelerim\MakineProje\data\processed\train_set\stuttering\UONtiXyk9r4_seg_104.wav,stuttering,0,1
C:\Users\e\OneDrive\Ekler\Masaüstü\Projelerim\MakineProje\data\processed\train_set\stuttering\UONtiXyk9r4_seg_105.wav,stuttering,0,3
C:\Users\e\OneDrive\Ekler\Masaüstü\Projelerim\MakineProje\data\processed\train_set\stuttering\UONtiXyk9r4_seg_106.wav,stuttering,0,0
C:\Users\e\OneDrive\Ekler\Masaüstü\Projelerim\MakineProje\data\processed\train_set\stuttering\UONtiXyk9r4_seg_107.wav,stuttering,0,4
C:\Users\e\OneDrive\Ekler\Masaüstü\Projelerim\MakineProje\data\processed\train_set\stuttering\UONtiXyk9r4_seg_108.wav,stuttering,0,0
C:\Users\e\OneDrive\Ekler\Masaüstü\Projelerim\MakineProje\data\processed\train_set\stuttering\UONtiXyk9r4_seg_109.wav,stuttering,0,1
C:\Users\e\OneDrive\Ekler\Masaüstü\Projelerim\MakineProje\data\processed\train_set\stuttering\UONtiXyk9r4_seg_110.wav,stuttering,0,2
C:\Users\e\OneDrive\Ekler\Masaüstü\Projelerim\MakineProje\data\processed\train_set\stuttering\UONtiXyk9r4_seg_111.wav,stuttering,0,0
C:\Users\e\OneDrive\Ekler\Masaüstü\Projelerim\MakineProje\data\processed\train_set\stuttering\UONtiXyk9r4_seg_112.wav,stuttering,0,4
C:\Users\e\OneDrive\Ekler\Masaüstü\Projelerim\MakineProje\data\processed\train_set\stuttering\UONtiXyk9r4_seg_113.wav,stuttering,0,4
