filename,relative_path,video_id,segment_index,label,clean_status,sha256,sample_rate,channels,sample_width_bytes,n_frames,duration_s,rms_dbfs,silence_ratio,clipping_ratio
7OHCOFFUamQ_seg_000.wav,data/interim/segmented_clean_relaxed/normal_speech/7OHCOFFUamQ_seg_000.wav,7OHCOFFUamQ,000,normal_speech,clean_pool,ebbe2f7e6de13874ee3100cc7a2df7614c85bcdd7f5248ee76ebc3e3441fddd2,16000,1,2,48000,3.0,-17.21,0.0892,0.0
7OHCOFFUamQ_seg_001.wav,data/interim/segmented_clean_relaxed/normal_speech/7OHCOFFUamQ_seg_001.wav,7OHCOFFUamQ,001,normal_speech,clean_pool,75672515fae1a96ae0b1115792fae78e37d0e28aed45550c50a31ac322b16028,16000,1,2,48000,3.0,-15.21,0.1645,0.0
7OHCOFFUamQ_seg_002.wav,data/interim/segmented_clean_relaxed/normal_speech/7OHCOFFUamQ_seg_002.wav,7OHCOFFUamQ,002,normal_speech,clean_pool,6a056a067704bd04b019050c0f8d2e66eb335d9ef305655cbc5857b128e2fc11,16000,1,2,48000,3.0,-15.39,0.152,0.0
7OHCOFFUamQ_seg_003.wav,data/interim/segmented_clean_relaxed/normal_speech/7OHCOFFUamQ_seg_003.wav,7OHCOFFUamQ,003,normal_speech,clean_pool,f4dd37488528ac7b45d2e16a99f62c76f28218ece198431e052f36ac017fcfd2,16000,1,2,48000,3.0,-14.66,0.1633,0.0
7OHCOFFUamQ_seg_004.wav,data/interim/segmented_clean_relaxed/normal_speech/7OHCOFFUamQ_seg_004.wav,7OHCOFFUamQ,004,normal_speech,clean_pool,557c1929ea987fe7f73be1975ffc42d9992655de8c7bfa0a311ea46ab7153eab,16000,1,2,48000,3.0,-14.96,0.0849,0.0
7OHCOFFUamQ_seg_005.wav,data/interim/segmented_clean_relaxed/normal_speech/7OHCOFFUamQ_seg_005.wav,7OHCOFFUamQ,005,normal_speech,clean_pool,bc61c074e699f0ed31bc762a7d643af044b7ab830af305e2a1fad4e3085787ed,16000,1,2,48000,3.0,-15.83,0.1288,0.0
7OHCOFFUamQ_seg_006.wav,data/interim/segmented_clean_relaxed/normal_speech/7OHCOFFUamQ_seg_006.wav,7OHCOFFUamQ,006,normal_speech,clean_pool,784e86d63bb55a6c5d2be689bee20651fd076937adc1c0828ee74192dd9d8ab6,16000,1,2,48000,3.0,-14.87,0.1226,0.0
7OHCOFFUamQ_seg_007.wav,data/interim/segmented_clean_relaxed/normal_speech/7OHCOFFUamQ_seg_007.wav,7OHCOFFUamQ,007,normal_speech,clean_pool,983823d9d91249ae25d48ae140bdb9ebbcc2f9c7c918c1f7b19b6b1da2aac9da,16000,1,2,48000,3.0,-15.29,0.0966,0.0
7OHCOFFUamQ_seg_008.wav,data/interim/segmented_clean_relaxed/normal_speech/7OHCOFFUamQ_seg_008.wav,7OHCOFFUamQ,008,normal_speech,clean_pool,753648f5bf9aa04f9c1a934935d0e0b6d6f291343b8283cb397764cd3053a3df,16000,1,2,48000,3.0,-15.27,0.1577,0.0
7OHCOFFUamQ_seg_009.wav,data/interim/segmented_clean_relaxed/normal_speech/7OHCOFFUamQ_seg_009.wav,7OHCOFFUamQ,009,normal_speech,clean_pool,b645adf6509ecd0b996305dcfd0e7f934487ed880ff7158bd57eed13fb4b9828,16000,1,2,48000,3.0,-13.94,0.0838,0.0
7OHCOFFUamQ_seg_010.wav,data/interim/segmented_clean_relaxed/normal_speech/7OHCOFFUamQ_seg_010.wav,7OHCOFFUamQ,010,normal_speech,clean_pool,13d39fc157750ccdce394a80dbd9111b997bc05e69ea52364e8326d4ff827e2f,16000,1,2,48000,3.0,-14.36,0.0941,0.0
7OHCOFFUamQ_seg_011.wav,data/interim/segmented_clean_relaxed/normal_speech/7OHCOFFUamQ_seg_011.wav,7OHCOFFUamQ,011,normal_speech,clean_pool,fad88b071b954e08dd1e75b09519d65127150b8b44078294496f69cd17cbcefd,16000,1,2,48000,3.0,-17.01,0.1902,0.0
7OHCOFFUamQ_seg_012.wav,data/interim/segmented_clean_relaxed/normal_speech/7OHCOFFUamQ_seg_012.wav,7OHCOFFUamQ,012,normal_speech,clean_pool,e6e14e596a14388a8ddb83e924c3bc347420c1903a01a96c4d970413521e8545,16000,1,2,48000,3.0,-15.0,0.0942,0.0
7OHCOFFUamQ_seg_013.wav,data/interim/segmented_clean_relaxed/normal_speech/7OHCOFFUamQ_seg_013.wav,7OHCOFFUamQ,013,normal_speech,clean_pool,5a9d87591f735488e8642cc7a23576bf5d62bb18c94044fe114c8b82802c26ca,16000,1,2,48000,3.0,-12.97,0.0816,0.0
7OHCOFFUamQ_seg_014.wav,data/interim/segmented_clean_relaxed/normal_speech/7OHCOFFUamQ_seg_014.wav,7OHCOFFUamQ,014,normal_speech,clean_pool,8c438020bd1ea75b2718dc3383d1f0762b4b8fc9e99c5a62b2895c45758cfef4,16000,1,2,48000,3.0,-14.83,0.1192,0.0
7OHCOFFUamQ_seg_015.wav,data/interim/segmented_clean_relaxed/normal_speech/7OHCOFFUamQ_seg_015.wav,7OHCOFFUamQ,015,normal_speech,clean_pool,afca8252ce615ced9b8d539bbf9fe21ac11acedab44d155b263bb0258baeb614,16000,1,2,48000,3.0,-15.52,0.1792,0.0
7OHCOFFUamQ_seg_016.wav,data/interim/segmented_clean_relaxed/normal_speech/7OHCOFFUamQ_seg_016.wav,7OHCOFFUamQ,016,normal_speech,clean_pool,9c7d65e1709aefdbd53771ea39f3d58ae9a8e1bbc6635fa448e47e9c440f58a2,16000,1,2,48000,3.0,-15.47,0.081,0.0
7OHCOFFUamQ_seg_017.wav,data/interim/segmented_clean_relaxed/normal_speech/7OHCOFFUamQ_seg_017.wav,7OHCOFFUamQ,017,normal_speech,clean_pool,50e148d0cf754b859d14f0284b63b5f8a67ed4f0eba95ddc8daae6ac8587285a,16000,1,2,48000,3.0,-14.95,0.1216,0.0
7OHCOFFUamQ_seg_018.wav,data/interim/segmented_clean_relaxed/normal_speech/7OHCOFFUamQ_seg_018.wav,7OHCOFFUamQ,018,normal_speech,clean_pool,2db713527689919cb509b13ee2b32b95430221f22722fddca6e2b57e3f7f6b4f,16000,1,2,48000,3.0,-12.9,0.069,0.0
7OHCOFFUamQ_seg_019.wav,data/interim/segmented_clean_relaxed/normal_speech/7OHCOFFUamQ_seg_019.wav,7OHCOFFUamQ,019,normal_speech,clean_pool,80ec9d1cad79304881b6d458993de6703e235eabd689616fe1d81f48dd15e2c8,16000,1,2,48000,3.0,-14.12,0.1111,0.0
7OHCOFFUamQ_seg_020.wav,data/interim/segmented_clean_relaxed/normal_speech/7OHCOFFUamQ_seg_020.wav,7OHCOFFUamQ,020,normal_speech,clean_pool,ab60ab87d734f41597e03d44e65c9deac768e4300fb4f94dcbdc94ec968153e4,16000,1,2,48000,3.0,-13.78,0.1438,0.0
7OHCOFFUamQ_seg_021.wav,data/interim/segmented_clean_relaxed/normal_speech/7OHCOFFUamQ_seg_021.wav,7OHCOFFUamQ,021,normal_speech,clean_pool,d903559f6631842cb8cc329a01d7633527a32a37bea30f33048930543474103e,16000,1,2,48000,3.0,-15.26,0.1318,0.0
7OHCOFFUamQ_seg_022.wav,data/interim/segmented_clean_relaxed/normal_speech/7OHCOFFUamQ_seg_022.wav,7OHCOFFUamQ,022,normal_speech,clean_pool,ab74f5d9dd108054002ac60f879b1f253dd9210039082fa3f9b02686fea3d39c,16000,1,2,48000,3.0,-15.17,0.1121,0.0
7OHCOFFUamQ_seg_023.wav,data/interim/segmented_clean_relaxed/normal_speech/7OHCOFFUamQ_seg_023.wav,7OHCOFFUamQ,023,normal_speech,clean_pool,9da557171ddd63f6a5920341a09093a672db47e1dfdf9056a228f65898b6d88e,16000,1,2,48000,3.0,-14.89,0.1025,0.0
7OHCOFFUamQ_seg_024.wav,data/interim/segmented_clean_relaxed/normal_speech/7OHCOFFUamQ_seg_024.wav,7OHCOFFUamQ,024,normal_speech,clean_pool,4993fe007df52f3568766ea5d0df90901c79bc547496cf9ef7e39fba7d67e927,16000,1,2,48000,3.0,-16.41,0.1471,0.0
7OHCOFFUamQ_seg_025.wav,data/interim/segmented_clean_relaxed/normal_speech/7OHCOFFUamQ_seg_025.wav,7OHCOFFUamQ,025,normal_speech,clean_pool,823b0c2c609c5d527c8415b694425849bb15c5a8d25c4d7a6577d2f4b478eac9,16000,1,2,48000,3.0,-13.67,0.094,0.0
7OHCOFFUamQ_seg_026.wav,data/interim/segmented_clean_relaxed/normal_speech/7OHCOFFUamQ_seg_026.wav,7OHCOFFUamQ,026,normal_speech,clean_pool,677d012b9ead2ad9c203219cfeb84f1d882b4a3614ab75400f5aef7add647b88,16000,1,2,48000,3.0,-14.87,0.1437,0.0
7OHCOFFUamQ_seg_027.wav,data/interim/segmented_clean_relaxed/normal_speech/7OHCOFFUamQ_seg_027.wav,7OHCOFFUamQ,027,normal_speech,clean_pool,7260a10b68fb0b21185b8f6f3d159e3dc22b68b769ff57e42fb5c1093c3c1db3,16000,1,2,48000,3.0,-15.0,0.142,0.0
7OHCOFFUamQ_seg_028.wav,data/interim/segmented_clean_relaxed/normal_speech/7OHCOFFUamQ_seg_028.wav,7OHCOFFUamQ,028,normal_speech,clean_pool,c3d3aa0581619ed2dfd5674ff3ef87ac3cdb2ea44066f4996fba9e1615764f74,16000,1,2,48000,3.0,-14.73,0.1153,0.0
7OHCOFFUamQ_seg_029.wav,data/interim/segmented_clean_relaxed/normal_speech/7OHCOFFUamQ_seg_029.wav,7OHCOFFUamQ,029,normal_speech,clean_pool,f03644b1842e0aef2e609ffa382a5434fc4a73a206e4f99226e09f7dabfac4af,16000,1,2,48000,3.0,-15.42,0.2898,0.0
7OHCOFFUamQ_seg_030.wav,data/interim/segmented_clean_relaxed/normal_speech/7OHCOFFUamQ_seg_030.wav,7OHCOFFUamQ,030,normal_speech,clean_pool,d95d39e7fc8b23a447fe3c6ee0cd920559944576d69a6746ff53feebc17c1e68,16000,1,2,48000,3.0,-15.06,0.0789,0.0
7OHCOFFUamQ_seg_031.wav,data/interim/segmented_clean_relaxed/normal_speech/7OHCOFFUamQ_seg_031.wav,7OHCOFFUamQ,031,normal_speech,clean_pool,a6361857d673a7dbf017503cf4453e1730d85603342b3c34476fec32c6e2fee5,16000,1,2,48000,3.0,-15.69,0.1979,0.0
7OHCOFFUamQ_seg_032.wav,data/interim/segmented_clean_relaxed/normal_speech/7OHCOFFUamQ_seg_032.wav,7OHCOFFUamQ,032,normal_speech,clean_pool,ebd1214194ceed2ee590000e87d0b20a17a1b31a7a62ef71d3c6c2898dc26aad,16000,1,2,48000,3.0,-14.34,0.2049,0.0
7OHCOFFUamQ_seg_033.wav,data/interim/segmented_clean_relaxed/normal_speech/7OHCOFFUamQ_seg_033.wav,7OHCOFFUamQ,033,normal_speech,clean_pool,10066af2b122455bb126f201a87b87bc831d2e9e373e99fd7a5862739c5deb4c,16000,1,2,48000,3.0,-13.79,0.094,2.1e-05
7OHCOFFUamQ_seg_034.wav,data/interim/segmented_clean_relaxed/normal_speech/7OHCOFFUamQ_seg_034.wav,7OHCOFFUamQ,034,normal_speech,clean_pool,1ff6def7f040e073e9437046160e764e188e14a995d9549df5d0927666b0981d,16000,1,2,48000,3.0,-14.62,0.2012,0.0
7OHCOFFUamQ_seg_035.wav,data/interim/segmented_clean_relaxed/normal_speech/7OHCOFFUamQ_seg_035.wav,7OHCOFFUamQ,035,normal_speech,clean_pool,9416fbe72efefbbea978479ea4e6250318e5a22f5994917d5deeca6a9d9e909b,16000,1,2,48000,3.0,-13.88,0.1209,0.0
7OHCOFFUamQ_seg_036.wav,data/interim/segmented_clean_relaxed/normal_speech/7OHCOFFUamQ_seg_036.wav,7OHCOFFUamQ,036,normal_speech,clean_pool,ad10f2d58459060364dc0a6c565609ca2d7261251b1bc191625964dacfba8e5b,16000,1,2,48000,3.0,-15.53,0.159,0.0
7OHCOFFUamQ_seg_037.wav,data/interim/segmented_clean_relaxed/normal_speech/7OHCOFFUamQ_seg_037.wav,7OHCOFFUamQ,037,normal_speech,clean_pool,db9de680336fd4ee0057ba11dc2e8bdbf9c5bbfd2b404db987a2609eac611afa,16000,1,2,48000,3.0,-16.52,0.1644,0.0
7OHCOFFUamQ_seg_038.wav,data/interim/segmented_clean_relaxed/normal_speech/7OHCOFFUamQ_seg_038.wav,7OHCOFFUamQ,038,normal_speech,clean_pool,8445ae931010d212434a1088a30310f062a796131ddbaf15b6c81bdd0e2de921,16000,1,2,48000,3.0,-14.41,0.195,0.0
7OHCOFFUamQ_seg_039.wav,data/interim/segmented_clean_relaxed/normal_speech/7OHCOFFUamQ_seg_039.wav,7OHCOFFUamQ,039,normal_speech,clean_pool,53ad83889a2e8a9597c637152433710ca609d2923ac80071d143d5a93e344480,16000,1,2,48000,3.0,-14.37,0.165,0.0
7OHCOFFUamQ_seg_040.wav,data/interim/segmented_clean_relaxed/normal_speech/7OHCOFFUamQ_seg_040.wav,7OHCOFFUamQ,040,normal_speech,clean_pool,13914b33187f791f8c3af2e0a74daf829042c56ba1003b3e48ad9336551ac9a0,16000,1,2,48000,3.0,-15.76,0.0947,0.0
7OHCOFFUamQ_seg_041.wav,data/interim/segmented_clean_relaxed/normal_speech/7OHCOFFUamQ_seg_041.wav,7OHCOFFUamQ,041,normal_speech,clean_pool,171af6648feae9457330d50ce0b3edd4d4c09a5514bf67a593776ddbf53c34ce,16000,1,2,48000,3.0,-16.52,0.1242,0.0
7OHCOFFUamQ_seg_042.wav,data/interim/segmented_clean_relaxed/normal_speech/7OHCOFFUamQ_seg_042.wav,7OHCOFFUamQ,042,normal_speech,clean_pool,1746ef429bd160ebb9898780cd3de175480cebd7ae3e0eba36fd67ee4a4f2c05,16000,1,2,48000,3.0,-14.93,0.0923,0.0
7OHCOFFUamQ_seg_043.wav,data/interim/segmented_clean_relaxed/normal_speech/7OHCOFFUamQ_seg_043.wav,7OHCOFFUamQ,043,normal_speech,clean_pool,1a2af57f6a91a7e73c24219b5ac39b3ebe955a50b40d78bfc85ccd5cf4d4f6c4,16000,1,2,48000,3.0,-18.33,0.1223,0.0
7OHCOFFUamQ_seg_044.wav,data/interim/segmented_clean_relaxed/normal_speech/7OHCOFFUamQ_seg_044.wav,7OHCOFFUamQ,044,normal_speech,clean_pool,5a6c12e92e3d4d9939f686e316041960669631c8785a03a60fa86168f90a0569,16000,1,2,48000,3.0,-26.44,0.1614,0.0
7OHCOFFUamQ_seg_045.wav,data/interim/segmented_clean_relaxed/normal_speech/7OHCOFFUamQ_seg_045.wav,7OHCOFFUamQ,045,normal_speech,clean_pool,3b021334aad9399f2107a9e1fdb7d10e8ac9ca44262cf2a79e25214b424f7db7,16000,1,2,48000,3.0,-26.48,0.1446,0.0
7OHCOFFUamQ_seg_046.wav,data/interim/segmented_clean_relaxed/normal_speech/7OHCOFFUamQ_seg_046.wav,7OHCOFFUamQ,046,normal_speech,clean_pool,b6ba59dcb06086dc5b115d51c5ee4611492f3d25ab9e753a9ea6279884689770,16000,1,2,48000,3.0,-17.22,0.287,0.0
7OHCOFFUamQ_seg_047.wav,data/interim/segmented_clean_relaxed/normal_speech/7OHCOFFUamQ_seg_047.wav,7OHCOFFUamQ,047,normal_speech,clean_pool,c4ab266a6dc2eddaeb17c359083f50b32148fd86fdd4699b3106e1e9470c25c1,16000,1,2,48000,3.0,-14.7,0.1163,0.0
7OHCOFFUamQ_seg_048.wav,data/interim/segmented_clean_relaxed/normal_speech/7OHCOFFUamQ_seg_048.wav,7OHCOFFUamQ,048,normal_speech,clean_pool,2de42f540f2fe46db4c9bdddb01f12938c08bb99e989d77e430d8f10248c0e61,16000,1,2,48000,3.0,-15.74,0.2425,0.0
7OHCOFFUamQ_seg_049.wav,data/interim/segmented_clean_relaxed/normal_speech/7OHCOFFUamQ_seg_049.wav,7OHCOFFUamQ,049,normal_speech,clean_pool,d00d66836e99244f42f50e34c7670854750293100a14c7d116bcb486b20a1350,16000,1,2,48000,3.0,-15.38,0.2012,0.0
7OHCOFFUamQ_seg_050.wav,data/interim/segmented_clean_relaxed/normal_speech/7OHCOFFUamQ_seg_050.wav,7OHCOFFUamQ,050,normal_speech,clean_pool,31f6cd41ba3a7757255c4ea4370bee6b14c4b6be83cffa3648226435f10aa212,16000,1,2,48000,3.0,-13.67,0.0842,0.0
7OHCOFFUamQ_seg_051.wav,data/interim/segmented_clean_relaxed/normal_speech/7OHCOFFUamQ_seg_051.wav,7OHCOFFUamQ,051,normal_speech,clean_pool,91da4c92283fb1aaa6a0b9e748b24971a6ef97e4595b114c04162e80bb5d9667,16000,1,2,48000,3.0,-15.04,0.1936,0.0
7OHCOFFUamQ_seg_052.wav,data/interim/segmented_clean_relaxed/normal_speech/7OHCOFFUamQ_seg_052.wav,7OHCOFFUamQ,052,normal_speech,clean_pool,9a2e7ce70266aaa7412df390dbdba4925b20405b1d0f1267a192fb73f283ad3f,16000,1,2,48000,3.0,-14.95,0.1451,0.0
7OHCOFFUamQ_seg_053.wav,data/interim/segmented_clean_relaxed/normal_speech/7OHCOFFUamQ_seg_053.wav,7OHCOFFUamQ,053,normal_speech,clean_pool,d796dca5971de695e405c8bc9561c95bc5c7a198ee2bada215a179d3152fc4f5,16000,1,2,48000,3.0,-15.29,0.224,0.0
7OHCOFFUamQ_seg_054.wav,data/interim/segmented_clean_relaxed/normal_speech/7OHCOFFUamQ_seg_054.wav,7OHCOFFUamQ,054,normal_speech,clean_pool,81ced71fdabc7785545d1b2f3939e7bfccce7ea965968a5cd448d3c7f49d3913,16000,1,2,48000,3.0,-14.3,0.1395,0.0
7OHCOFFUamQ_seg_055.wav,data/interim/segmented_clean_relaxed/normal_speech/7OHCOFFUamQ_seg_055.wav,7OHCOFFUamQ,055,normal_speech,clean_pool,26a0623a9fb9e4aaec8419562987f2040cefcb1d63a57797ac9f40b728cdcc05,16000,1,2,48000,3.0,-15.65,0.1923,0.0
7OHCOFFUamQ_seg_056.wav,data/interim/segmented_clean_relaxed/normal_speech/7OHCOFFUamQ_seg_056.wav,7OHCOFFUamQ,056,normal_speech,clean_pool,0ea6d4c577af6f63aa9e7b9ade1b5df1acf27dcc2550af00f6f2bc88736ffb27,16000,1,2,48000,3.0,-15.72,0.2223,0.0
7OHCOFFUamQ_seg_057.wav,data/interim/segmented_clean_relaxed/normal_speech/7OHCOFFUamQ_seg_057.wav,7OHCOFFUamQ,057,normal_speech,clean_pool,0bf7a2a97d9ab08353e0faeac4ef9ad9f7c8283f802cd1f62fc30e4b75698cd6,16000,1,2,48000,3.0,-15.43,0.1142,0.0
7OHCOFFUamQ_seg_058.wav,data/interim/segmented_clean_relaxed/normal_speech/7OHCOFFUamQ_seg_058.wav,7OHCOFFUamQ,058,normal_speech,clean_pool,b3033dbd91814f293eebc9b1d683a1b5fc4fe13a446ad3a7a73adba14a117780,16000,1,2,48000,3.0,-15.1,0.1621,0.0
7OHCOFFUamQ_seg_059.wav,data/interim/segmented_clean_relaxed/normal_speech/7OHCOFFUamQ_seg_059.wav,7OHCOFFUamQ,059,normal_speech,clean_pool,360924b1c1c01585e236f4fa9310c8e72fd80c9286a5ce519646230c3b9f7247,16000,1,2,48000,3.0,-15.63,0.126,0.0
7OHCOFFUamQ_seg_060.wav,data/interim/segmented_clean_relaxed/normal_speech/7OHCOFFUamQ_seg_060.wav,7OHCOFFUamQ,060,normal_speech,clean_pool,6b6676bed8004c22622a1ffc06493e7d9f8d62e5f7388cb76eb999a40f67f67f,16000,1,2,48000,3.0,-15.36,0.2039,0.0
7OHCOFFUamQ_seg_061.wav,data/interim/segmented_clean_relaxed/normal_speech/7OHCOFFUamQ_seg_061.wav,7OHCOFFUamQ,061,normal_speech,clean_pool,f2fd1f78dd937016c7f3dc152dfc7186242c18d0a8473761f8be1b7e15bcb983,16000,1,2,48000,3.0,-15.3,0.1198,0.0
7OHCOFFUamQ_seg_062.wav,data/interim/segmented_clean_relaxed/normal_speech/7OHCOFFUamQ_seg_062.wav,7OHCOFFUamQ,062,normal_speech,clean_pool,b1e4e0b33735fbe274e0ea78528259dbebdb9f3c6ccb9f4d58783378a2c5087f,16000,1,2,48000,3.0,-13.74,0.0769,0.0
7OHCOFFUamQ_seg_063.wav,data/interim/segmented_clean_relaxed/normal_speech/7OHCOFFUamQ_seg_063.wav,7OHCOFFUamQ,063,normal_speech,clean_pool,157e970d96f87b71b14e8ac7991e6553cca24a9f4240fb97972fa862bb8717a4,16000,1,2,48000,3.0,-16.43,0.2464,0.0
7OHCOFFUamQ_seg_064.wav,data/interim/segmented_clean_relaxed/normal_speech/7OHCOFFUamQ_seg_064.wav,7OHCOFFUamQ,064,normal_speech,clean_pool,9caf1f5ff3bf5b6c14d326fdafafb235844855a65e5cfbaa554bddfda18b306c,16000,1,2,48000,3.0,-14.47,0.1325,2.1e-05
7OHCOFFUamQ_seg_065.wav,data/interim/segmented_clean_relaxed/normal_speech/7OHCOFFUamQ_seg_065.wav,7OHCOFFUamQ,065,normal_speech,clean_pool,bc743efa766567d7183a2eb44565d077a0888a4a4be14450d481e30b34804847,16000,1,2,48000,3.0,-15.58,0.1318,0.0
7OHCOFFUamQ_seg_066.wav,data/interim/segmented_clean_relaxed/normal_speech/7OHCOFFUamQ_seg_066.wav,7OHCOFFUamQ,066,normal_speech,clean_pool,1a08203f4faa54f63d2b07bdb9611076c9e5ba96a86f1cbb4149e402005be736,16000,1,2,48000,3.0,-15.11,0.1095,0.0
7OHCOFFUamQ_seg_067.wav,data/interim/segmented_clean_relaxed/normal_speech/7OHCOFFUamQ_seg_067.wav,7OHCOFFUamQ,067,normal_speech,clean_pool,3e2ae25cd81b71ddd0e6df9d51f88bc4cfbd7d054951bb582e84f3e086bdef20,16000,1,2,48000,3.0,-16.53,0.1221,0.0
7OHCOFFUamQ_seg_068.wav,data/interim/segmented_clean_relaxed/normal_speech/7OHCOFFUamQ_seg_068.wav,7OHCOFFUamQ,068,normal_speech,clean_pool,03ac8df4dbe31719ffb79ff8381c628438bbf1f97499cc0ffa0a512ec06aa803,16000,1,2,48000,3.0,-14.14,0.1655,0.0
7OHCOFFUamQ_seg_069.wav,data/interim/segmented_clean_relaxed/normal_speech/7OHCOFFUamQ_seg_069.wav,7OHCOFFUamQ,069,normal_speech,clean_pool,e892e801e76c5dd943d71df7e527660403c7632e9a83d00a3807371e7e1f0b37,16000,1,2,48000,3.0,-14.57,0.1921,0.0
7OHCOFFUamQ_seg_070.wav,data/interim/segmented_clean_relaxed/normal_speech/7OHCOFFUamQ_seg_070.wav,7OHCOFFUamQ,070,normal_speech,clean_pool,0f18f99e8a8cb25e01c211462f79f52e1bd326bfe31341085ff7373dc0f09dac,16000,1,2,48000,3.0,-14.88,0.0967,0.0
7OHCOFFUamQ_seg_071.wav,data/interim/segmented_clean_relaxed/normal_speech/7OHCOFFUamQ_seg_071.wav,7OHCOFFUamQ,071,normal_speech,clean_pool,1a80fd5da24269668c1f2356d706ec2e6a09c1dc02b1c950a1e945f8a4cc3f9c,16000,1,2,48000,3.0,-14.68,0.1713,0.0
7OHCOFFUamQ_seg_072.wav,data/interim/segmented_clean_relaxed/normal_speech/7OHCOFFUamQ_seg_072.wav,7OHCOFFUamQ,072,normal_speech,clean_pool,70cc9609b8cea35a35ed030cd94de74b9cb15a9bec362da0f3387e5362f08267,16000,1,2,48000,3.0,-15.67,0.0881,0.0
7OHCOFFUamQ_seg_073.wav,data/interim/segmented_clean_relaxed/normal_speech/7OHCOFFUamQ_seg_073.wav,7OHCOFFUamQ,073,normal_speech,clean_pool,2e213fe5980c7a5161a2a72e872905cbebd39f09982b3c5206c83cce0de310ff,16000,1,2,48000,3.0,-15.68,0.1446,0.0
7OHCOFFUamQ_seg_074.wav,data/interim/segmented_clean_relaxed/normal_speech/7OHCOFFUamQ_seg_074.wav,7OHCOFFUamQ,074,normal_speech,clean_pool,0e8b6a53c254965b5cd29133f78f78adfe499f3fed0a51cf07d444ac472bdfd4,16000,1,2,48000,3.0,-15.21,0.1477,0.0
7OHCOFFUamQ_seg_075.wav,data/interim/segmented_clean_relaxed/normal_speech/7OHCOFFUamQ_seg_075.wav,7OHCOFFUamQ,075,normal_speech,clean_pool,8cfb03bc2689d717d49e519f63a94baf1e97d3ad398cb446ef59ed08ddd17596,16000,1,2,48000,3.0,-15.3,0.1286,0.0
7OHCOFFUamQ_seg_076.wav,data/interim/segmented_clean_relaxed/normal_speech/7OHCOFFUamQ_seg_076.wav,7OHCOFFUamQ,076,normal_speech,clean_pool,5b242cc87b0e44eb74c8006472d461e3618efabf61594a08b437d7980d04c371,16000,1,2,48000,3.0,-14.78,0.0839,0.0
7OHCOFFUamQ_seg_077.wav,data/interim/segmented_clean_relaxed/normal_speech/7OHCOFFUamQ_seg_077.wav,7OHCOFFUamQ,077,normal_speech,clean_pool,3d5e5f283c732b08679fd95344f1c9eb7210106575c4b4287281d09dcb3b0e4f,16000,1,2,48000,3.0,-15.28,0.1854,0.0
7OHCOFFUamQ_seg_078.wav,data/interim/segmented_clean_relaxed/normal_speech/7OHCOFFUamQ_seg_078.wav,7OHCOFFUamQ,078,normal_speech,clean_pool,dae067f0743fafed166f7fd6321df9dd332cf0c0ccfc6cbffba4509f9617ee14,16000,1,2,48000,3.0,-15.18,0.1446,0.0
7OHCOFFUamQ_seg_079.wav,data/interim/segmented_clean_relaxed/normal_speech/7OHCOFFUamQ_seg_079.wav,7OHCOFFUamQ,079,normal_speech,clean_pool,42b4da5c30994692882cfe306bf00305324c77a854e75d5cde5683136e013f69,16000,1,2,48000,3.0,-17.08,0.2993,0.0
7OHCOFFUamQ_seg_080.wav,data/interim/segmented_clean_relaxed/normal_speech/7OHCOFFUamQ_seg_080.wav,7OHCOFFUamQ,080,normal_speech,clean_pool,a7541562c3fcb2f18d5dd422343ae7c820e20196ecfbda6b2bfabe37ae923116,16000,1,2,48000,3.0,-15.07,0.1495,0.0
7OHCOFFUamQ_seg_081.wav,data/interim/segmented_clean_relaxed/normal_speech/7OHCOFFUamQ_seg_081.wav,7OHCOFFUamQ,081,normal_speech,clean_pool,caa74137c1ecbc496f3cd1bf9d6e8ae2ad6c4dbfe062c560cc9ca4ce402fb1e7,16000,1,2,48000,3.0,-13.86,0.1219,0.0
7OHCOFFUamQ_seg_082.wav,data/interim/segmented_clean_relaxed/normal_speech/7OHCOFFUamQ_seg_082.wav,7OHCOFFUamQ,082,normal_speech,clean_pool,1431037f35acde517b685c45f0061345aaf27180c2719d88e77c228d1b478a1c,16000,1,2,48000,3.0,-15.7,0.2399,0.0
7OHCOFFUamQ_seg_083.wav,data/interim/segmented_clean_relaxed/normal_speech/7OHCOFFUamQ_seg_083.wav,7OHCOFFUamQ,083,normal_speech,clean_pool,ae2aad4ef532059f78021a3c59586ad0d60d69d4d7445a910a65728851414769,16000,1,2,48000,3.0,-16.83,0.2025,0.0
7OHCOFFUamQ_seg_084.wav,data/interim/segmented_clean_relaxed/normal_speech/7OHCOFFUamQ_seg_084.wav,7OHCOFFUamQ,084,normal_speech,clean_pool,a605e4ff61d3797d408808967b246a626036b0de12735589af6ac16efcea2223,16000,1,2,48000,3.0,-14.67,0.1614,0.0
7OHCOFFUamQ_seg_085.wav,data/interim/segmented_clean_relaxed/normal_speech/7OHCOFFUamQ_seg_085.wav,7OHCOFFUamQ,085,normal_speech,clean_pool,b88a066a4bffa52bf8e8c1e1f373e980cf45855b8958bac48e5d84218e49eda3,16000,1,2,48000,3.0,-14.8,0.1487,0.0
7OHCOFFUamQ_seg_086.wav,data/interim/segmented_clean_relaxed/normal_speech/7OHCOFFUamQ_seg_086.wav,7OHCOFFUamQ,086,normal_speech,clean_pool,7e8888b94d07bbe8189d371ae6ab57b41e8561e38abb9c23dd00015b27abc05b,16000,1,2,48000,3.0,-16.67,0.202,0.0
7OHCOFFUamQ_seg_087.wav,data/interim/segmented_clean_relaxed/normal_speech/7OHCOFFUamQ_seg_087.wav,7OHCOFFUamQ,087,normal_speech,clean_pool,b03eafe6dd4d2cd886138e40dcad10413ec142bf2f514b6eaa06671cd48df494,16000,1,2,48000,3.0,-14.9,0.145,0.0
7OHCOFFUamQ_seg_088.wav,data/interim/segmented_clean_relaxed/normal_speech/7OHCOFFUamQ_seg_088.wav,7OHCOFFUamQ,088,normal_speech,clean_pool,499423b196e537c8963744b71d154a581797f47cbedf4a8be909af2701a43f63,16000,1,2,48000,3.0,-14.42,0.1918,0.0
7OHCOFFUamQ_seg_089.wav,data/interim/segmented_clean_relaxed/normal_speech/7OHCOFFUamQ_seg_089.wav,7OHCOFFUamQ,089,normal_speech,clean_pool,163f25c4ed2932cee9e6af14985c347676b75147f984723f878f72541e5ecfd9,16000,1,2,48000,3.0,-14.35,0.1227,0.0
7OHCOFFUamQ_seg_090.wav,data/interim/segmented_clean_relaxed/normal_speech/7OHCOFFUamQ_seg_090.wav,7OHCOFFUamQ,090,normal_speech,clean_pool,c2ae0648b0f2b1947ebb7c3be9ae0cc5dac808ef27d12cc4ad1d1d39b6979dc7,16000,1,2,48000,3.0,-15.26,0.2411,0.0
7OHCOFFUamQ_seg_091.wav,data/interim/segmented_clean_relaxed/normal_speech/7OHCOFFUamQ_seg_091.wav,7OHCOFFUamQ,091,normal_speech,clean_pool,5d7242b394f39251c58b867e90c43d81540d3957b870e1db409a1a17e7e187f7,16000,1,2,48000,3.0,-15.09,0.1315,0.0
7OHCOFFUamQ_seg_092.wav,data/interim/segmented_clean_relaxed/normal_speech/7OHCOFFUamQ_seg_092.wav,7OHCOFFUamQ,092,normal_speech,clean_pool,5f042ede722c99b754a2e69b4e3cf065b0783f7d830b8897a0f0e69874b90bbc,16000,1,2,48000,3.0,-13.63,0.1684,0.0
7OHCOFFUamQ_seg_093.wav,data/interim/segmented_clean_relaxed/normal_speech/7OHCOFFUamQ_seg_093.wav,7OHCOFFUamQ,093,normal_speech,clean_pool,cea6d66acd2f14aab0bc5891b53cfdd82ec8d4534fc7068d4c060dcee0174ac4,16000,1,2,48000,3.0,-13.35,0.147,0.0
7OHCOFFUamQ_seg_094.wav,data/interim/segmented_clean_relaxed/normal_speech/7OHCOFFUamQ_seg_094.wav,7OHCOFFUamQ,094,normal_speech,clean_pool,ab4b98991dca5928f15ce4199f056ffaa41d0c5ad28610f159825483190ed9f1,16000,1,2,48000,3.0,-14.76,0.1389,0.0
7OHCOFFUamQ_seg_095.wav,data/interim/segmented_clean_relaxed/normal_speech/7OHCOFFUamQ_seg_095.wav,7OHCOFFUamQ,095,normal_speech,clean_pool,b996f24f2a243d52d25da864dd028dded0966d494700d4e0c3cbc0c1fff82bcd,16000,1,2,48000,3.0,-14.62,0.1245,0.0
7OHCOFFUamQ_seg_096.wav,data/interim/segmented_clean_relaxed/normal_speech/7OHCOFFUamQ_seg_096.wav,7OHCOFFUamQ,096,normal_speech,clean_pool,271dd9479eaf3c3fa88d8fbfe698f58e59b7543bf071c3f27b5be36a18c23488,16000,1,2,48000,3.0,-16.01,0.1915,0.0
7OHCOFFUamQ_seg_097.wav,data/interim/segmented_clean_relaxed/normal_speech/7OHCOFFUamQ_seg_097.wav,7OHCOFFUamQ,097,normal_speech,clean_pool,6b1c33e36bce5f4f67bf58bdc6ecbeb5937ea611c3601bf144827242a4e67113,16000,1,2,48000,3.0,-14.72,0.1275,2.1e-05
7OHCOFFUamQ_seg_098.wav,data/interim/segmented_clean_relaxed/normal_speech/7OHCOFFUamQ_seg_098.wav,7OHCOFFUamQ,098,normal_speech,clean_pool,431ce684af025afb4fb55e6cb3775a44418fba1e63c3e5507fb3b3dd9d0eb65e,16000,1,2,48000,3.0,-14.8,0.1575,0.0
7OHCOFFUamQ_seg_099.wav,data/interim/segmented_clean_relaxed/normal_speech/7OHCOFFUamQ_seg_099.wav,7OHCOFFUamQ,099,normal_speech,clean_pool,b86e4dd2a2e22e746743d2aeb0b296e47265886d7eac0cbf679a1af125636bf3,16000,1,2,48000,3.0,-16.54,0.1768,0.0
7OHCOFFUamQ_seg_100.wav,data/interim/segmented_clean_relaxed/normal_speech/7OHCOFFUamQ_seg_100.wav,7OHCOFFUamQ,100,normal_speech,clean_pool,bf20dacc5bba7c9121d4241df6c8d6fe096c005887fc6ca1c5eb44c1e6149b77,16000,1,2,48000,3.0,-16.21,0.1371,0.0
7OHCOFFUamQ_seg_101.wav,data/interim/segmented_clean_relaxed/normal_speech/7OHCOFFUamQ_seg_101.wav,7OHCOFFUamQ,101,normal_speech,clean_pool,ab9502602966abb49145575abcc7af82804db50f2775b8aa3ce4342ebcf1eb1b,16000,1,2,48000,3.0,-14.04,0.1027,0.0
7OHCOFFUamQ_seg_102.wav,data/interim/segmented_clean_relaxed/normal_speech/7OHCOFFUamQ_seg_102.wav,7OHCOFFUamQ,102,normal_speech,clean_pool,7672b3aff0294c46045d7ab666e8c25abeeb7e2ad08a0a1f4f0014ffae88fcab,16000,1,2,48000,3.0,-14.77,0.1632,0.0
7OHCOFFUamQ_seg_103.wav,data/interim/segmented_clean_relaxed/normal_speech/7OHCOFFUamQ_seg_103.wav,7OHCOFFUamQ,103,normal_speech,clean_pool,8a94feef73abe1e6aaa37eb1b533a8861f6b45a5db5607aefe1f0a8747b99461,16000,1,2,48000,3.0,-15.23,0.1211,0.0
7OHCOFFUamQ_seg_104.wav,data/interim/segmented_clean_relaxed/normal_speech/7OHCOFFUamQ_seg_104.wav,7OHCOFFUamQ,104,normal_speech,clean_pool,eead725f527482e9137babe705b029d063a4ecb6d0ba55a75e0630ca0358b38a,16000,1,2,48000,3.0,-14.14,0.0905,0.0
7OHCOFFUamQ_seg_105.wav,data/interim/segmented_clean_relaxed/normal_speech/7OHCOFFUamQ_seg_105.wav,7OHCOFFUamQ,105,normal_speech,clean_pool,14dfe8f1d029f5f69ad3dc01c5041359b9910fe48d4f943ac70ba9374f50eff5,16000,1,2,48000,3.0,-14.61,0.1477,0.0
7OHCOFFUamQ_seg_106.wav,data/interim/segmented_clean_relaxed/normal_speech/7OHCOFFUamQ_seg_106.wav,7OHCOFFUamQ,106,normal_speech,clean_pool,552d5163869fb9e9d89cd19a7cb0b1536f48b955cf34fc36c1092a5c11dc34ef,16000,1,2,48000,3.0,-15.14,0.2033,0.0
7OHCOFFUamQ_seg_107.wav,data/interim/segmented_clean_relaxed/normal_speech/7OHCOFFUamQ_seg_107.wav,7OHCOFFUamQ,107,normal_speech,clean_pool,1f11377edb5db37dccee584ec4b3b374bb4d00d95df592d99c82cbadf9b11859,16000,1,2,48000,3.0,-13.86,0.109,0.0
7OHCOFFUamQ_seg_108.wav,data/interim/segmented_clean_relaxed/normal_speech/7OHCOFFUamQ_seg_108.wav,7OHCOFFUamQ,108,normal_speech,clean_pool,86d8650b76881f8bbd16b73e39691ace3e45001ea23e65979d056612d8e5b5a2,16000,1,2,48000,3.0,-13.88,0.1228,0.0
7OHCOFFUamQ_seg_109.wav,data/interim/segmented_clean_relaxed/normal_speech/7OHCOFFUamQ_seg_109.wav,7OHCOFFUamQ,109,normal_speech,clean_pool,ecf62fee10fc678f514fdb268798b338e813fa6bee6c79a88c4eb4e84fc989c9,16000,1,2,48000,3.0,-17.0,0.2381,0.0
7OHCOFFUamQ_seg_110.wav,data/interim/segmented_clean_relaxed/normal_speech/7OHCOFFUamQ_seg_110.wav,7OHCOFFUamQ,110,normal_speech,clean_pool,038ed774b4bc79c59051124d5fe83395d11067950d7d7621e5cfbf8848e0d812,16000,1,2,48000,3.0,-15.04,0.1205,0.0
7OHCOFFUamQ_seg_111.wav,data/interim/segmented_clean_relaxed/normal_speech/7OHCOFFUamQ_seg_111.wav,7OHCOFFUamQ,111,normal_speech,clean_pool,669456f86c73148674d63daa7401ad9c8f2796cf133bcf6af7c39187d9df09d5,16000,1,2,48000,3.0,-14.71,0.1637,0.0
7OHCOFFUamQ_seg_112.wav,data/interim/segmented_clean_relaxed/normal_speech/7OHCOFFUamQ_seg_112.wav,7OHCOFFUamQ,112,normal_speech,clean_pool,d699968a7d1ffcfa15bae66d5ad46b056e070785302187925cac168e49857fca,16000,1,2,48000,3.0,-14.11,0.064,0.0
7OHCOFFUamQ_seg_113.wav,data/interim/segmented_clean_relaxed/normal_speech/7OHCOFFUamQ_seg_113.wav,7OHCOFFUamQ,113,normal_speech,clean_pool,b760784a8a2ac69b14d1709b62ebdbf1ba78f96886d447b803447d7a19daf0c3,16000,1,2,48000,3.0,-14.98,0.152,0.0
7OHCOFFUamQ_seg_114.wav,data/interim/segmented_clean_relaxed/normal_speech/7OHCOFFUamQ_seg_114.wav,7OHCOFFUamQ,114,normal_speech,clean_pool,5fac57bad5f5350a0d7a289667fbea5257db9f11460c0b9dd255647da31ba086,16000,1,2,48000,3.0,-14.55,0.13,0.0
7OHCOFFUamQ_seg_115.wav,data/interim/segmented_clean_relaxed/normal_speech/7OHCOFFUamQ_seg_115.wav,7OHCOFFUamQ,115,normal_speech,clean_pool,5056b02f98f36b35ef08a7b531ee8de9ee0ec0de4e9f495c1a54c4068706c243,16000,1,2,48000,3.0,-14.35,0.1075,0.0
7OHCOFFUamQ_seg_116.wav,data/interim/segmented_clean_relaxed/normal_speech/7OHCOFFUamQ_seg_116.wav,7OHCOFFUamQ,116,normal_speech,clean_pool,caa8c19d1c3283257f20c538eeba53aec529ec95708feabbfd95b38d3a4f3762,16000,1,2,48000,3.0,-15.43,0.1629,0.0
7OHCOFFUamQ_seg_117.wav,data/interim/segmented_clean_relaxed/normal_speech/7OHCOFFUamQ_seg_117.wav,7OHCOFFUamQ,117,normal_speech,clean_pool,040c88f41fa407fb221d317032eb68a5f463c160e97791e0ba54f8cc0da739dc,16000,1,2,48000,3.0,-14.59,0.1528,0.0
7OHCOFFUamQ_seg_118.wav,data/interim/segmented_clean_relaxed/normal_speech/7OHCOFFUamQ_seg_118.wav,7OHCOFFUamQ,118,normal_speech,clean_pool,4f03b1c333f39ebca753bd1ea66b31721b6ecf54907bc1f4d143bcf5d1e05d0f,16000,1,2,48000,3.0,-16.07,0.2067,0.0
7OHCOFFUamQ_seg_119.wav,data/interim/segmented_clean_relaxed/normal_speech/7OHCOFFUamQ_seg_119.wav,7OHCOFFUamQ,119,normal_speech,clean_pool,00ed462938d0ad901f0e619b058831f21bb891f27c12ba0eb1911219b6d9afee,16000,1,2,48000,3.0,-15.79,0.1577,0.0
7OHCOFFUamQ_seg_120.wav,data/interim/segmented_clean_relaxed/normal_speech/7OHCOFFUamQ_seg_120.wav,7OHCOFFUamQ,120,normal_speech,clean_pool,6b505dff3e3b1c7803d1d7f57316c70c3731afa4b4a341aa7742cb85fbe04fce,16000,1,2,48000,3.0,-14.15,0.1123,0.0
7OHCOFFUamQ_seg_121.wav,data/interim/segmented_clean_relaxed/normal_speech/7OHCOFFUamQ_seg_121.wav,7OHCOFFUamQ,121,normal_speech,clean_pool,f3e8e33c9ce32ded528a4cf9c741b32ac5a74986a7ca05f290b24264e3a4db81,16000,1,2,48000,3.0,-15.82,0.0898,0.0
7OHCOFFUamQ_seg_122.wav,data/interim/segmented_clean_relaxed/normal_speech/7OHCOFFUamQ_seg_122.wav,7OHCOFFUamQ,122,normal_speech,clean_pool,fc077e88400b2bd9af3586d3ce12701ba9f278f910db40ee5964b9e826348a55,16000,1,2,48000,3.0,-13.18,0.1958,0.0
7OHCOFFUamQ_seg_123.wav,data/interim/segmented_clean_relaxed/normal_speech/7OHCOFFUamQ_seg_123.wav,7OHCOFFUamQ,123,normal_speech,clean_pool,dea10196f04e725510f1e5ef925ceb9bd1cef60b43be83914884ff1cf2b7dbb3,16000,1,2,48000,3.0,-14.24,0.1432,0.0
7OHCOFFUamQ_seg_124.wav,data/interim/segmented_clean_relaxed/normal_speech/7OHCOFFUamQ_seg_124.wav,7OHCOFFUamQ,124,normal_speech,clean_pool,14e87e678277b55b9016deecf9983a0d7c8d8dcb3d07d00636edc9b2c1ac1561,16000,1,2,48000,3.0,-15.71,0.1517,0.0
7OHCOFFUamQ_seg_125.wav,data/interim/segmented_clean_relaxed/normal_speech/7OHCOFFUamQ_seg_125.wav,7OHCOFFUamQ,125,normal_speech,clean_pool,3d02bdec2d1d808a4bbc7c139ed46c3422d14da1745788e661055fdc1f75ccd1,16000,1,2,48000,3.0,-14.85,0.1898,0.0
7OHCOFFUamQ_seg_126.wav,data/interim/segmented_clean_relaxed/normal_speech/7OHCOFFUamQ_seg_126.wav,7OHCOFFUamQ,126,normal_speech,clean_pool,9594f6c1a5f8c5b43aa199c11bde9d0cf012d70032be2e3a1e48fb0fb710fb92,16000,1,2,48000,3.0,-15.01,0.1082,0.0
7OHCOFFUamQ_seg_127.wav,data/interim/segmented_clean_relaxed/normal_speech/7OHCOFFUamQ_seg_127.wav,7OHCOFFUamQ,127,normal_speech,clean_pool,b1d8e8f6be1e120eadf45e2b9e0df01f5b44278ca491343689b2964b7fe08fed,16000,1,2,48000,3.0,-13.16,0.109,0.0
7OHCOFFUamQ_seg_128.wav,data/interim/segmented_clean_relaxed/normal_speech/7OHCOFFUamQ_seg_128.wav,7OHCOFFUamQ,128,normal_speech,clean_pool,fc992ed19d15e97584cd40e662840621a7e9a85aed05f66034ea48ece38394a7,16000,1,2,48000,3.0,-14.95,0.1561,0.0
7OHCOFFUamQ_seg_129.wav,data/interim/segmented_clean_relaxed/normal_speech/7OHCOFFUamQ_seg_129.wav,7OHCOFFUamQ,129,normal_speech,clean_pool,da02495d4de55a9a447372660a0ed257b538478f853747e369729425bb39f5a8,16000,1,2,48000,3.0,-13.37,0.1528,0.0
7OHCOFFUamQ_seg_130.wav,data/interim/segmented_clean_relaxed/normal_speech/7OHCOFFUamQ_seg_130.wav,7OHCOFFUamQ,130,normal_speech,clean_pool,4c6f6f78ed5af4ae592489a409c302070f8ed8c37841707c6885989a016ee13f,16000,1,2,48000,3.0,-13.77,0.0881,0.0
7OHCOFFUamQ_seg_131.wav,data/interim/segmented_clean_relaxed/normal_speech/7OHCOFFUamQ_seg_131.wav,7OHCOFFUamQ,131,normal_speech,clean_pool,e87efcdf52278a242e97ea1d9db15b3ebb48f56f87a44d481434ecbb2d11e883,16000,1,2,48000,3.0,-15.13,0.1412,0.0
7OHCOFFUamQ_seg_132.wav,data/interim/segmented_clean_relaxed/normal_speech/7OHCOFFUamQ_seg_132.wav,7OHCOFFUamQ,132,normal_speech,clean_pool,2835994ce681501c2fb0a398636431c5df9f00031c8bd6d915edd3eec9c5311c,16000,1,2,48000,3.0,-15.8,0.1936,0.0
7OHCOFFUamQ_seg_133.wav,data/interim/segmented_clean_relaxed/normal_speech/7OHCOFFUamQ_seg_133.wav,7OHCOFFUamQ,133,normal_speech,clean_pool,d22ea3028c789c748aceebec955409bdc416e09bdce19ef558a91ab53bdc3569,16000,1,2,48000,3.0,-14.54,0.1011,0.0
7OHCOFFUamQ_seg_134.wav,data/interim/segmented_clean_relaxed/normal_speech/7OHCOFFUamQ_seg_134.wav,7OHCOFFUamQ,134,normal_speech,clean_pool,f61b13506157a13d9c0046260f8de0498b53bc5ce9b0ff02b5a67a152fb6db85,16000,1,2,48000,3.0,-14.8,0.1353,0.0
7OHCOFFUamQ_seg_135.wav,data/interim/segmented_clean_relaxed/normal_speech/7OHCOFFUamQ_seg_135.wav,7OHCOFFUamQ,135,normal_speech,clean_pool,b8508b7bcf07da08df7b491646e033215abafaf06e9fd51e4b3b06ce6f86ab02,16000,1,2,48000,3.0,-14.99,0.1518,0.0
7OHCOFFUamQ_seg_136.wav,data/interim/segmented_clean_relaxed/normal_speech/7OHCOFFUamQ_seg_136.wav,7OHCOFFUamQ,136,normal_speech,clean_pool,1e248ce56d85c21a599048bf4cf931a77077e469651737ed682c9b87821bc2bd,16000,1,2,48000,3.0,-15.22,0.2251,0.0
7OHCOFFUamQ_seg_137.wav,data/interim/segmented_clean_relaxed/normal_speech/7OHCOFFUamQ_seg_137.wav,7OHCOFFUamQ,137,normal_speech,clean_pool,ab4b7dfd8d6f8908f3ae1a6696455265c39ffdcf85891367c5725b1295581ad4,16000,1,2,48000,3.0,-15.23,0.1629,0.0
7OHCOFFUamQ_seg_138.wav,data/interim/segmented_clean_relaxed/normal_speech/7OHCOFFUamQ_seg_138.wav,7OHCOFFUamQ,138,normal_speech,clean_pool,5c58aabf8d5f91345d9080c003257b06fe5c3eb6d0b6d990645c312d2f9a5fd4,16000,1,2,48000,3.0,-17.38,0.1756,0.0
7OHCOFFUamQ_seg_139.wav,data/interim/segmented_clean_relaxed/normal_speech/7OHCOFFUamQ_seg_139.wav,7OHCOFFUamQ,139,normal_speech,clean_pool,af4c5a571594e52a0f07b4206d919915c514450fe36cf5741b25720cdf0b3378,16000,1,2,48000,3.0,-17.42,0.3102,0.0
7OHCOFFUamQ_seg_140.wav,data/interim/segmented_clean_relaxed/normal_speech/7OHCOFFUamQ_seg_140.wav,7OHCOFFUamQ,140,normal_speech,clean_pool,01cfdf3a3b8025e48d220c04bba70d8736f0e0c98b1dfaba02ab31cb7f5644e6,16000,1,2,48000,3.0,-14.93,0.1285,0.0
7OHCOFFUamQ_seg_141.wav,data/interim/segmented_clean_relaxed/normal_speech/7OHCOFFUamQ_seg_141.wav,7OHCOFFUamQ,141,normal_speech,clean_pool,326d2b33019bea437eb28efb1fb3f0ec020e4dcc1ae4508e9fac2c9a7c05e938,16000,1,2,48000,3.0,-15.49,0.1872,0.0
7OHCOFFUamQ_seg_142.wav,data/interim/segmented_clean_relaxed/normal_speech/7OHCOFFUamQ_seg_142.wav,7OHCOFFUamQ,142,normal_speech,clean_pool,25f33413f89c9fc76b60dc7af40e22d06b4369a5038d499af5d1902501b8ce4d,16000,1,2,48000,3.0,-14.42,0.1892,0.0
7OHCOFFUamQ_seg_143.wav,data/interim/segmented_clean_relaxed/normal_speech/7OHCOFFUamQ_seg_143.wav,7OHCOFFUamQ,143,normal_speech,clean_pool,9e0ef1f36174e51c61a306967a25e2b9cb6f2e5cfad70bb22779b8e28970b111,16000,1,2,48000,3.0,-15.91,0.2765,0.0
7OHCOFFUamQ_seg_144.wav,data/interim/segmented_clean_relaxed/normal_speech/7OHCOFFUamQ_seg_144.wav,7OHCOFFUamQ,144,normal_speech,clean_pool,7813ffc69a731c0ad45b96d0985300abe5849fbdbd7758027d65868e28486852,16000,1,2,48000,3.0,-16.54,0.3226,0.0
7OHCOFFUamQ_seg_145.wav,data/interim/segmented_clean_relaxed/normal_speech/7OHCOFFUamQ_seg_145.wav,7OHCOFFUamQ,145,normal_speech,clean_pool,2964d68bb87eb0ebdce097cdd33b87068a3c75e71204074fde6fd4fa58159bbc,16000,1,2,48000,3.0,-15.22,0.1459,0.0
7OHCOFFUamQ_seg_146.wav,data/interim/segmented_clean_relaxed/normal_speech/7OHCOFFUamQ_seg_146.wav,7OHCOFFUamQ,146,normal_speech,clean_pool,a9240eede56829c037f79dd2d081e4f171ee706e9883989c5be5a064a8ea1fd2,16000,1,2,48000,3.0,-14.87,0.2246,0.0
7OHCOFFUamQ_seg_147.wav,data/interim/segmented_clean_relaxed/normal_speech/7OHCOFFUamQ_seg_147.wav,7OHCOFFUamQ,147,normal_speech,clean_pool,bbe32549f0361f109c16b417c59a8393aba96fe3c25dc40caa25fca5ad71b64e,16000,1,2,48000,3.0,-13.54,0.1226,0.0
7OHCOFFUamQ_seg_148.wav,data/interim/segmented_clean_relaxed/normal_speech/7OHCOFFUamQ_seg_148.wav,7OHCOFFUamQ,148,normal_speech,clean_pool,ef8fbc8ddc34e2a2af9490ead2638547c4cf7f3ccb17e2e37c881c6874aa0281,16000,1,2,48000,3.0,-13.84,0.1248,0.0
7OHCOFFUamQ_seg_149.wav,data/interim/segmented_clean_relaxed/normal_speech/7OHCOFFUamQ_seg_149.wav,7OHCOFFUamQ,149,normal_speech,clean_pool,32e65c92fec758b6a59d26dc729ca134dafbef0d59b8e66fe8a574ef4cccebe1,16000,1,2,48000,3.0,-13.84,0.2312,0.0
7OHCOFFUamQ_seg_150.wav,data/interim/segmented_clean_relaxed/normal_speech/7OHCOFFUamQ_seg_150.wav,7OHCOFFUamQ,150,normal_speech,clean_pool,bfdbed4d9b8f27627260dd086e09a32655833315f968af38036bedd4a5b5f383,16000,1,2,48000,3.0,-15.05,0.1699,0.0
7OHCOFFUamQ_seg_151.wav,data/interim/segmented_clean_relaxed/normal_speech/7OHCOFFUamQ_seg_151.wav,7OHCOFFUamQ,151,normal_speech,clean_pool,7299381e8103de4b21282abd054010bf5629d44c26bacbc7f9340bdffc130560,16000,1,2,48000,3.0,-16.53,0.204,0.0
7OHCOFFUamQ_seg_152.wav,data/interim/segmented_clean_relaxed/normal_speech/7OHCOFFUamQ_seg_152.wav,7OHCOFFUamQ,152,normal_speech,clean_pool,1915a94f1012f316eec44f08d97f9019eead138757a897be2dfc48ae17363c8d,16000,1,2,48000,3.0,-14.81,0.0987,0.0
7OHCOFFUamQ_seg_153.wav,data/interim/segmented_clean_relaxed/normal_speech/7OHCOFFUamQ_seg_153.wav,7OHCOFFUamQ,153,normal_speech,clean_pool,69d214272a9edc0aab857276b1b593ee3d8ef520c44cee765c20f4153ecccf61,16000,1,2,48000,3.0,-16.24,0.1608,0.0
7OHCOFFUamQ_seg_154.wav,data/interim/segmented_clean_relaxed/normal_speech/7OHCOFFUamQ_seg_154.wav,7OHCOFFUamQ,154,normal_speech,clean_pool,aa065bb6b781d82a4bd8edbf39c4ee261e226f3b5004b253e2852d5820b232bb,16000,1,2,48000,3.0,-30.95,0.1996,0.0
7OHCOFFUamQ_seg_155.wav,data/interim/segmented_clean_relaxed/normal_speech/7OHCOFFUamQ_seg_155.wav,7OHCOFFUamQ,155,normal_speech,clean_pool,e4392083342487c2a2e666e14f1c101da1e0431d80067104c22958c1b7425583,16000,1,2,48000,3.0,-11.96,0.1434,2.1e-05
7OHCOFFUamQ_seg_156.wav,data/interim/segmented_clean_relaxed/normal_speech/7OHCOFFUamQ_seg_156.wav,7OHCOFFUamQ,156,normal_speech,clean_pool,619e5ad08c0f09ec32f63889bbdfcc493f7a56447f83f658a82595fbded708c6,16000,1,2,48000,3.0,-17.27,0.3916,0.0
7OHCOFFUamQ_seg_157.wav,data/interim/segmented_clean_relaxed/normal_speech/7OHCOFFUamQ_seg_157.wav,7OHCOFFUamQ,157,normal_speech,clean_pool,eb928d279a3265ce37cb131574bb4f094cd98d1087e98a76de3036de55b2b680,16000,1,2,48000,3.0,-14.66,0.1575,0.0
7OHCOFFUamQ_seg_158.wav,data/interim/segmented_clean_relaxed/normal_speech/7OHCOFFUamQ_seg_158.wav,7OHCOFFUamQ,158,normal_speech,clean_pool,022faec6d55c4b46ea921e10d6e17485f2a9b93eb62e1dd17fdd768fd97076c5,16000,1,2,48000,3.0,-16.05,0.1471,0.0
7OHCOFFUamQ_seg_159.wav,data/interim/segmented_clean_relaxed/normal_speech/7OHCOFFUamQ_seg_159.wav,7OHCOFFUamQ,159,normal_speech,clean_pool,86d1fd24903408ebe7175023ac6418aea8fb451fb41f6a2d8d7381f906b5b99b,16000,1,2,48000,3.0,-15.14,0.0858,0.0
7OHCOFFUamQ_seg_160.wav,data/interim/segmented_clean_relaxed/normal_speech/7OHCOFFUamQ_seg_160.wav,7OHCOFFUamQ,160,normal_speech,clean_pool,78f3a6a9b00bcc06911ac03891619bd9436cdcf850526df4168bef384ea1a10c,16000,1,2,48000,3.0,-13.67,0.1029,0.0
7OHCOFFUamQ_seg_161.wav,data/interim/segmented_clean_relaxed/normal_speech/7OHCOFFUamQ_seg_161.wav,7OHCOFFUamQ,161,normal_speech,clean_pool,f4ab1accaa9168fda33a10a2ac37ac635e217968df49e7daeb8e36951da86e8a,16000,1,2,48000,3.0,-15.59,0.1668,0.0
7OHCOFFUamQ_seg_162.wav,data/interim/segmented_clean_relaxed/normal_speech/7OHCOFFUamQ_seg_162.wav,7OHCOFFUamQ,162,normal_speech,clean_pool,ea73ab0d617a844cd6b3f89ced240f7ed3554c53dbfe66b8668844800310e2ae,16000,1,2,48000,3.0,-15.75,0.1718,0.0
7OHCOFFUamQ_seg_163.wav,data/interim/segmented_clean_relaxed/normal_speech/7OHCOFFUamQ_seg_163.wav,7OHCOFFUamQ,163,normal_speech,clean_pool,a327134fae9e5311a9a4967610d32212dcadd4fba9fc00251bd62673e8b20b57,16000,1,2,48000,3.0,-14.77,0.0785,0.0
7OHCOFFUamQ_seg_164.wav,data/interim/segmented_clean_relaxed/normal_speech/7OHCOFFUamQ_seg_164.wav,7OHCOFFUamQ,164,normal_speech,clean_pool,6d9527d4747e2c3faa17ee78ad52e61164eee55ed46d630ab99900603e33409f,16000,1,2,48000,3.0,-14.96,0.1464,0.0
7OHCOFFUamQ_seg_165.wav,data/interim/segmented_clean_relaxed/normal_speech/7OHCOFFUamQ_seg_165.wav,7OHCOFFUamQ,165,normal_speech,clean_pool,5ee1b61a2ad209ed5d3a209700fe5f06a28c191dd773d09e8dab5aed651b8d53,16000,1,2,48000,3.0,-16.04,0.1886,0.0
7OHCOFFUamQ_seg_166.wav,data/interim/segmented_clean_relaxed/normal_speech/7OHCOFFUamQ_seg_166.wav,7OHCOFFUamQ,166,normal_speech,clean_pool,dad590b12433113ca36e91fcc6b9f3505a5348bd6da8c36843321b28d6b64985,16000,1,2,48000,3.0,-14.63,0.1429,0.0
7OHCOFFUamQ_seg_167.wav,data/interim/segmented_clean_relaxed/normal_speech/7OHCOFFUamQ_seg_167.wav,7OHCOFFUamQ,167,normal_speech,clean_pool,fa205d7877374c464c4a96724c59bf2c0e9c7f7c899c5c72d487f217dd0d37c8,16000,1,2,48000,3.0,-15.03,0.1728,0.0
7OHCOFFUamQ_seg_168.wav,data/interim/segmented_clean_relaxed/normal_speech/7OHCOFFUamQ_seg_168.wav,7OHCOFFUamQ,168,normal_speech,clean_pool,d8e284c4c07c006089e6c904460a9f8eca26be1959778f00cacfd20e415ee790,16000,1,2,48000,3.0,-15.4,0.1451,0.0
7OHCOFFUamQ_seg_169.wav,data/interim/segmented_clean_relaxed/normal_speech/7OHCOFFUamQ_seg_169.wav,7OHCOFFUamQ,169,normal_speech,clean_pool,a54754ac7953721c7878a6a35d206e8eda4afae3330ed3e97889468108ee66e7,16000,1,2,48000,3.0,-15.17,0.142,0.0
7OHCOFFUamQ_seg_170.wav,data/interim/segmented_clean_relaxed/normal_speech/7OHCOFFUamQ_seg_170.wav,7OHCOFFUamQ,170,normal_speech,clean_pool,3f637fccccf02620f3a19773868905b1c55f8ff981207350e12a19d9e8452795,16000,1,2,48000,3.0,-13.72,0.19,0.0
7OHCOFFUamQ_seg_171.wav,data/interim/segmented_clean_relaxed/normal_speech/7OHCOFFUamQ_seg_171.wav,7OHCOFFUamQ,171,normal_speech,clean_pool,ae61e4d4698a61837547bd7824d45ca4617eb2f95d98d001be6d36974019ef8c,16000,1,2,48000,3.0,-15.47,0.2413,0.0
7OHCOFFUamQ_seg_172.wav,data/interim/segmented_clean_relaxed/normal_speech/7OHCOFFUamQ_seg_172.wav,7OHCOFFUamQ,172,normal_speech,clean_pool,44d68abc2b70872135093e9c0ce65a5698c2aa636510deb57d2c551377f15d63,16000,1,2,48000,3.0,-14.85,0.0996,0.0
7OHCOFFUamQ_seg_173.wav,data/interim/segmented_clean_relaxed/normal_speech/7OHCOFFUamQ_seg_173.wav,7OHCOFFUamQ,173,normal_speech,clean_pool,760aec9dbb25789fb556ab0e29d4248674c52e2074d4c0ede05fcef9099a531b,16000,1,2,48000,3.0,-15.88,0.1273,0.0
7OHCOFFUamQ_seg_174.wav,data/interim/segmented_clean_relaxed/normal_speech/7OHCOFFUamQ_seg_174.wav,7OHCOFFUamQ,174,normal_speech,clean_pool,2708d998662eef183552c9b30f5f4e952879ac3047e8c9692c88a1926996b631,16000,1,2,48000,3.0,-14.04,0.1637,0.0
7OHCOFFUamQ_seg_175.wav,data/interim/segmented_clean_relaxed/normal_speech/7OHCOFFUamQ_seg_175.wav,7OHCOFFUamQ,175,normal_speech,clean_pool,16623db5994146f20c6a0706598b38ff6f80ec9d8e36018ad9c89373ced4a717,16000,1,2,48000,3.0,-15.2,0.2171,0.0
7OHCOFFUamQ_seg_176.wav,data/interim/segmented_clean_relaxed/normal_speech/7OHCOFFUamQ_seg_176.wav,7OHCOFFUamQ,176,normal_speech,clean_pool,33a034ae41986268deed7fb8b361449782d254d7626ac96c7e1482894e6ea116,16000,1,2,48000,3.0,-13.5,0.1082,0.0
7OHCOFFUamQ_seg_177.wav,data/interim/segmented_clean_relaxed/normal_speech/7OHCOFFUamQ_seg_177.wav,7OHCOFFUamQ,177,normal_speech,clean_pool,bba2e09d994da676a061f24e6ce85050eb96da69c83af120ccf2ab16754a6053,16000,1,2,48000,3.0,-14.7,0.1071,0.0
7OHCOFFUamQ_seg_178.wav,data/interim/segmented_clean_relaxed/normal_speech/7OHCOFFUamQ_seg_178.wav,7OHCOFFUamQ,178,normal_speech,clean_pool,713c6b1fd14c741a90049d5231a91c7569c08b2e25f2bef3ebb1dbdcaf60f024,16000,1,2,48000,3.0,-16.08,0.1905,0.0
7OHCOFFUamQ_seg_179.wav,data/interim/segmented_clean_relaxed/normal_speech/7OHCOFFUamQ_seg_179.wav,7OHCOFFUamQ,179,normal_speech,clean_pool,f16bdc9ccd9256fed8551926e2ad878e0aacfee2c93b19dc4124a48251fd2cda,16000,1,2,48000,3.0,-14.77,0.1249,0.0
7OHCOFFUamQ_seg_180.wav,data/interim/segmented_clean_relaxed/normal_speech/7OHCOFFUamQ_seg_180.wav,7OHCOFFUamQ,180,normal_speech,clean_pool,82402abd95d7608fe0828617895aa9f94ebffc26c58c4d42363312817f12278f,16000,1,2,48000,3.0,-15.9,0.2116,0.0
7OHCOFFUamQ_seg_181.wav,data/interim/segmented_clean_relaxed/normal_speech/7OHCOFFUamQ_seg_181.wav,7OHCOFFUamQ,181,normal_speech,clean_pool,52f9993d1ed2afb2c2dbced66968e37601a443393e18c57a007f3bfdf5383526,16000,1,2,48000,3.0,-15.06,0.1574,0.0
7OHCOFFUamQ_seg_182.wav,data/interim/segmented_clean_relaxed/normal_speech/7OHCOFFUamQ_seg_182.wav,7OHCOFFUamQ,182,normal_speech,clean_pool,0202833e456317a257b9b8d1ddade4eabbdc076d30c9dcbf9191238a6afc1d60,16000,1,2,48000,3.0,-19.4,0.1622,0.0
7OHCOFFUamQ_seg_183.wav,data/interim/segmented_clean_relaxed/normal_speech/7OHCOFFUamQ_seg_183.wav,7OHCOFFUamQ,183,normal_speech,clean_pool,2bb13a6905da70a74a074ab346328aa4b7fe49ded62592cd309cc4ddecc42444,16000,1,2,48000,3.0,-31.16,0.2105,0.0
7OHCOFFUamQ_seg_184.wav,data/interim/segmented_clean_relaxed/normal_speech/7OHCOFFUamQ_seg_184.wav,7OHCOFFUamQ,184,normal_speech,clean_pool,dc81e2d3bbe22eed2564dcabcdfd869b1389a8a08afff40bcfc2861c1f5d6034,16000,1,2,48000,3.0,-16.2,0.1821,0.0
7OHCOFFUamQ_seg_185.wav,data/interim/segmented_clean_relaxed/normal_speech/7OHCOFFUamQ_seg_185.wav,7OHCOFFUamQ,185,normal_speech,clean_pool,d0b2c0af0386daef38dfcc36a3813cbb33dcc68adc83729ac4a1e3905b532508,16000,1,2,48000,3.0,-15.36,0.1224,0.0
7OHCOFFUamQ_seg_186.wav,data/interim/segmented_clean_relaxed/normal_speech/7OHCOFFUamQ_seg_186.wav,7OHCOFFUamQ,186,normal_speech,clean_pool,5bba677b9caa4d9b2364496f170ca72af598ade7c830c7db5171c25d32991819,16000,1,2,48000,3.0,-16.58,0.2035,0.0
7OHCOFFUamQ_seg_187.wav,data/interim/segmented_clean_relaxed/normal_speech/7OHCOFFUamQ_seg_187.wav,7OHCOFFUamQ,187,normal_speech,clean_pool,e3109d3913ba2c6d3597affef8a8e90d362fed3593718b6203b80288e4848b0e,16000,1,2,48000,3.0,-14.25,0.1467,0.0
7OHCOFFUamQ_seg_188.wav,data/interim/segmented_clean_relaxed/normal_speech/7OHCOFFUamQ_seg_188.wav,7OHCOFFUamQ,188,normal_speech,clean_pool,7c30f55e985f3ffea0b078442eb9266784a1c9a538dfe9e5ed62468c0c173ca6,16000,1,2,48000,3.0,-15.52,0.2013,0.0
7OHCOFFUamQ_seg_189.wav,data/interim/segmented_clean_relaxed/normal_speech/7OHCOFFUamQ_seg_189.wav,7OHCOFFUamQ,189,normal_speech,clean_pool,9b7a11034bc5ab6f999be8296e37eab78ffffce0e30e6732f99763b6c8d18021,16000,1,2,48000,3.0,-14.36,0.1539,0.0
7OHCOFFUamQ_seg_190.wav,data/interim/segmented_clean_relaxed/normal_speech/7OHCOFFUamQ_seg_190.wav,7OHCOFFUamQ,190,normal_speech,clean_pool,b2cddbb383d0e81b7be0d97dc5c8ed5f731b48d930f64cf0445d22afdc2912b6,16000,1,2,48000,3.0,-15.55,0.1531,0.0
7OHCOFFUamQ_seg_191.wav,data/interim/segmented_clean_relaxed/normal_speech/7OHCOFFUamQ_seg_191.wav,7OHCOFFUamQ,191,normal_speech,clean_pool,7f5c015eec977ca6250b0eff340f5e65a421afc6a9572b0bc0542dd65bb84dbf,16000,1,2,48000,3.0,-14.78,0.1419,0.0
7OHCOFFUamQ_seg_192.wav,data/interim/segmented_clean_relaxed/normal_speech/7OHCOFFUamQ_seg_192.wav,7OHCOFFUamQ,192,normal_speech,clean_pool,f7871c35c68211a959b7e79ab13692fb2378cc97ba8a828e30b5ba1c00c0025f,16000,1,2,48000,3.0,-14.2,0.197,0.0
7OHCOFFUamQ_seg_193.wav,data/interim/segmented_clean_relaxed/normal_speech/7OHCOFFUamQ_seg_193.wav,7OHCOFFUamQ,193,normal_speech,clean_pool,0292fa5284f27c15f77ac7ed3431ffb3ceb3a867414b71a35fb3b743cc0d192d,16000,1,2,48000,3.0,-15.2,0.1282,0.0
7OHCOFFUamQ_seg_194.wav,data/interim/segmented_clean_relaxed/normal_speech/7OHCOFFUamQ_seg_194.wav,7OHCOFFUamQ,194,normal_speech,clean_pool,856c70ff6c76fe45d4993dde1462dc7b164a955dff219d7cb39b57624c16c967,16000,1,2,48000,3.0,-14.61,0.0579,0.0
7OHCOFFUamQ_seg_195.wav,data/interim/segmented_clean_relaxed/normal_speech/7OHCOFFUamQ_seg_195.wav,7OHCOFFUamQ,195,normal_speech,clean_pool,33ec1827eaf018d185455da1a56216db7ca045f359fecd87e329a195f6df1528,16000,1,2,48000,3.0,-14.35,0.2143,0.0
7OHCOFFUamQ_seg_196.wav,data/interim/segmented_clean_relaxed/normal_speech/7OHCOFFUamQ_seg_196.wav,7OHCOFFUamQ,196,normal_speech,clean_pool,00d824ee45eb80e3d366cd91b399f123840eae2640dfd64eebf09f203e4981f6,16000,1,2,48000,3.0,-15.92,0.1331,0.0
7OHCOFFUamQ_seg_197.wav,data/interim/segmented_clean_relaxed/normal_speech/7OHCOFFUamQ_seg_197.wav,7OHCOFFUamQ,197,normal_speech,clean_pool,2c0881f4972fc2aad509d91713b967732164007e8bd5ca289d7d4dbb4718e9bb,16000,1,2,48000,3.0,-16.8,0.2149,0.0
7OHCOFFUamQ_seg_198.wav,data/interim/segmented_clean_relaxed/normal_speech/7OHCOFFUamQ_seg_198.wav,7OHCOFFUamQ,198,normal_speech,clean_pool,367055695d090e63f51be1a200eff3e0ddf697bbc7c519eefc6af37a5158926c,16000,1,2,48000,3.0,-17.43,0.2017,0.0
7OHCOFFUamQ_seg_199.wav,data/interim/segmented_clean_relaxed/normal_speech/7OHCOFFUamQ_seg_199.wav,7OHCOFFUamQ,199,normal_speech,clean_pool,da3cb07a7f917fc4cd16f8527dc694def21d7c138d060dfbe739025411db4a04,16000,1,2,48000,3.0,-14.5,0.1064,0.0
7OHCOFFUamQ_seg_200.wav,data/interim/segmented_clean_relaxed/normal_speech/7OHCOFFUamQ_seg_200.wav,7OHCOFFUamQ,200,normal_speech,clean_pool,42fd3a55966fe7744ffbadee2e1228eff3422f484d05ec59d9f8a4e257ac6d1d,16000,1,2,48000,3.0,-16.64,0.3899,0.0
7OHCOFFUamQ_seg_201.wav,data/interim/segmented_clean_relaxed/normal_speech/7OHCOFFUamQ_seg_201.wav,7OHCOFFUamQ,201,normal_speech,clean_pool,7ad88887bceaf9727ba781eff13b92702728a57399cd1c90e47864aac8a7846b,16000,1,2,48000,3.0,-16.16,0.1654,0.0
7OHCOFFUamQ_seg_202.wav,data/interim/segmented_clean_relaxed/normal_speech/7OHCOFFUamQ_seg_202.wav,7OHCOFFUamQ,202,normal_speech,clean_pool,8b61d8cefb440a7d0d8c79e05d6c127588775bd9c3fe92faec5c4a9669838b4e,16000,1,2,48000,3.0,-14.02,0.2002,0.0
7OHCOFFUamQ_seg_203.wav,data/interim/segmented_clean_relaxed/normal_speech/7OHCOFFUamQ_seg_203.wav,7OHCOFFUamQ,203,normal_speech,clean_pool,ee37a32af949b6b20f6bebaf5b58e4a270392ba8df1890674d0809a3de77da73,16000,1,2,48000,3.0,-14.65,0.104,0.0
7OHCOFFUamQ_seg_204.wav,data/interim/segmented_clean_relaxed/normal_speech/7OHCOFFUamQ_seg_204.wav,7OHCOFFUamQ,204,normal_speech,clean_pool,2afeda53dc6e02587b42bdfa08da38342a1b6274009ab44f4ceb3ce0f2722073,16000,1,2,48000,3.0,-15.03,0.1445,0.0
7OHCOFFUamQ_seg_205.wav,data/interim/segmented_clean_relaxed/normal_speech/7OHCOFFUamQ_seg_205.wav,7OHCOFFUamQ,205,normal_speech,clean_pool,03317e38b853c11e9b635d53d30c3a9abe892976bb5cce8b8eddc63988222091,16000,1,2,48000,3.0,-14.4,0.0586,0.0
7OHCOFFUamQ_seg_206.wav,data/interim/segmented_clean_relaxed/normal_speech/7OHCOFFUamQ_seg_206.wav,7OHCOFFUamQ,206,normal_speech,clean_pool,61ac2d2ac086196dd9ee209de417f2a83516a81c9cc26f8babe30999989272dc,16000,1,2,48000,3.0,-15.65,0.1152,0.0
7OHCOFFUamQ_seg_207.wav,data/interim/segmented_clean_relaxed/normal_speech/7OHCOFFUamQ_seg_207.wav,7OHCOFFUamQ,207,normal_speech,clean_pool,41794fe9be936774014286f99d36ee9a3518c790374395a6cb084d226c97f87f,16000,1,2,48000,3.0,-15.48,0.2132,0.0
7OHCOFFUamQ_seg_208.wav,data/interim/segmented_clean_relaxed/normal_speech/7OHCOFFUamQ_seg_208.wav,7OHCOFFUamQ,208,normal_speech,clean_pool,4a860d0ca4e8b2bc65707a4821ac3fd438eaf0d8972aab8d97b4c170809ec7f7,16000,1,2,48000,3.0,-13.58,0.1312,0.0
7OHCOFFUamQ_seg_209.wav,data/interim/segmented_clean_relaxed/normal_speech/7OHCOFFUamQ_seg_209.wav,7OHCOFFUamQ,209,normal_speech,clean_pool,3bd00d33162c0e5f21fccf514c9c3d3acd75c9dfbab9aea94e344c1dcb129208,16000,1,2,48000,3.0,-15.58,0.1762,0.0
7OHCOFFUamQ_seg_210.wav,data/interim/segmented_clean_relaxed/normal_speech/7OHCOFFUamQ_seg_210.wav,7OHCOFFUamQ,210,normal_speech,clean_pool,adf7d08c60babdbd1ebae5f3fcd913f44cbd921d98973dd55773a6841e92992a,16000,1,2,48000,3.0,-13.76,0.1015,0.0
7OHCOFFUamQ_seg_211.wav,data/interim/segmented_clean_relaxed/normal_speech/7OHCOFFUamQ_seg_211.wav,7OHCOFFUamQ,211,normal_speech,clean_pool,b3af44e57bc696ceed37ee740c8b1dffc0651b7661bc436d60a0309508d3674b,16000,1,2,48000,3.0,-14.77,0.169,0.0
7OHCOFFUamQ_seg_212.wav,data/interim/segmented_clean_relaxed/normal_speech/7OHCOFFUamQ_seg_212.wav,7OHCOFFUamQ,212,normal_speech,clean_pool,812505fedacc5e81aa020ae7899ed80265ba06b2a72803b6f05734906f5b2b0c,16000,1,2,48000,3.0,-15.36,0.1002,0.0
7OHCOFFUamQ_seg_213.wav,data/interim/segmented_clean_relaxed/normal_speech/7OHCOFFUamQ_seg_213.wav,7OHCOFFUamQ,213,normal_speech,clean_pool,4c4e301bf9a3fe8ab0bef9615affaa3025f5cc1975378e079d89446ccf890790,16000,1,2,48000,3.0,-14.27,0.1401,0.0
7OHCOFFUamQ_seg_214.wav,data/interim/segmented_clean_relaxed/normal_speech/7OHCOFFUamQ_seg_214.wav,7OHCOFFUamQ,214,normal_speech,clean_pool,8e1d93401e3cd828a57cc881c36a3afa504165cba78bc6f2f335d55ac39b0821,16000,1,2,48000,3.0,-14.31,0.1083,2.1e-05
7OHCOFFUamQ_seg_215.wav,data/interim/segmented_clean_relaxed/normal_speech/7OHCOFFUamQ_seg_215.wav,7OHCOFFUamQ,215,normal_speech,clean_pool,bb9ae623f48a242c3d7ef1b5829817f2ca4b88f07e99c60d93b38b337b8a7539,16000,1,2,48000,3.0,-14.57,0.1033,0.0
7OHCOFFUamQ_seg_216.wav,data/interim/segmented_clean_relaxed/normal_speech/7OHCOFFUamQ_seg_216.wav,7OHCOFFUamQ,216,normal_speech,clean_pool,f6051e02eebea3a079f547954e4cb67451b1a6a9b30293bad3d284e6e8f5033d,16000,1,2,48000,3.0,-15.35,0.1612,0.0
7OHCOFFUamQ_seg_217.wav,data/interim/segmented_clean_relaxed/normal_speech/7OHCOFFUamQ_seg_217.wav,7OHCOFFUamQ,217,normal_speech,clean_pool,9e0fe4c3c2f926d4e62d6df41f0e64b51de9ef5656889527937405ae2ece93b4,16000,1,2,48000,3.0,-14.17,0.0901,0.0
7OHCOFFUamQ_seg_218.wav,data/interim/segmented_clean_relaxed/normal_speech/7OHCOFFUamQ_seg_218.wav,7OHCOFFUamQ,218,normal_speech,clean_pool,a12471327d96c5b3e970aa1f9302d45476490aa37dd40f62c375a5e9f790a7e6,16000,1,2,48000,3.0,-14.89,0.1682,0.0
7OHCOFFUamQ_seg_219.wav,data/interim/segmented_clean_relaxed/normal_speech/7OHCOFFUamQ_seg_219.wav,7OHCOFFUamQ,219,normal_speech,clean_pool,7228780334204ee2c5d68bfce6826e2c40b93d4ae2e1a545ab483233293a4286,16000,1,2,48000,3.0,-13.8,0.0736,0.0
7OHCOFFUamQ_seg_220.wav,data/interim/segmented_clean_relaxed/normal_speech/7OHCOFFUamQ_seg_220.wav,7OHCOFFUamQ,220,normal_speech,clean_pool,5fa113ec362f4ce294e9c6f42498bb8c4b1043a877ea78e5234c70a675eec4cb,16000,1,2,48000,3.0,-14.6,0.188,0.0
7OHCOFFUamQ_seg_221.wav,data/interim/segmented_clean_relaxed/normal_speech/7OHCOFFUamQ_seg_221.wav,7OHCOFFUamQ,221,normal_speech,clean_pool,ee2ba89992b6f85220a0fc1f369a942d8b2d2013984e35590742354ffeb16393,16000,1,2,48000,3.0,-14.03,0.1074,0.0
7OHCOFFUamQ_seg_222.wav,data/interim/segmented_clean_relaxed/normal_speech/7OHCOFFUamQ_seg_222.wav,7OHCOFFUamQ,222,normal_speech,clean_pool,27aeb16601c7324e6fe0b1d080175e9edcb07c30dfdacad0acff2b740e54d022,16000,1,2,48000,3.0,-14.39,0.1127,0.0
7OHCOFFUamQ_seg_223.wav,data/interim/segmented_clean_relaxed/normal_speech/7OHCOFFUamQ_seg_223.wav,7OHCOFFUamQ,223,normal_speech,clean_pool,ca8b852df24baa82b5a260888fb0f5e74c88e14397e89dd94e91e71e29a8cbde,16000,1,2,48000,3.0,-13.72,0.1555,0.0
7OHCOFFUamQ_seg_224.wav,data/interim/segmented_clean_relaxed/normal_speech/7OHCOFFUamQ_seg_224.wav,7OHCOFFUamQ,224,normal_speech,clean_pool,6971d8555b0487fade40f63188c72edc608c5c67a9cabe8133fb971062fb68bb,16000,1,2,48000,3.0,-15.41,0.1041,0.0
7OHCOFFUamQ_seg_225.wav,data/interim/segmented_clean_relaxed/normal_speech/7OHCOFFUamQ_seg_225.wav,7OHCOFFUamQ,225,normal_speech,clean_pool,27844c122924150c7d421999ba99447fa9893fb454fdaa172b110db849cbc605,16000,1,2,48000,3.0,-14.2,0.1119,0.0
7OHCOFFUamQ_seg_226.wav,data/interim/segmented_clean_relaxed/normal_speech/7OHCOFFUamQ_seg_226.wav,7OHCOFFUamQ,226,normal_speech,clean_pool,41138ee3bc6cef948af6319975f1cf3f05933816cfb9e7032a572f64002a8724,16000,1,2,48000,3.0,-15.07,0.168,0.0
7OHCOFFUamQ_seg_227.wav,data/interim/segmented_clean_relaxed/normal_speech/7OHCOFFUamQ_seg_227.wav,7OHCOFFUamQ,227,normal_speech,clean_pool,d0413636e91172c24992da127f3b98d3ca434ea6243625d41933eef53a3bf1a4,16000,1,2,48000,3.0,-15.49,0.1469,0.0
7OHCOFFUamQ_seg_228.wav,data/interim/segmented_clean_relaxed/normal_speech/7OHCOFFUamQ_seg_228.wav,7OHCOFFUamQ,228,normal_speech,clean_pool,2a59dbcbadfebc92c3bb4213ee28f1bebaf9398df2eaefaa16dd8c3b4375dde7,16000,1,2,48000,3.0,-15.52,0.1914,0.0
7OHCOFFUamQ_seg_229.wav,data/interim/segmented_clean_relaxed/normal_speech/7OHCOFFUamQ_seg_229.wav,7OHCOFFUamQ,229,normal_speech,clean_pool,a28746818431cf54bd589beda9750eb7deadc8f4336d322fee5af1ddefd4fb6b,16000,1,2,48000,3.0,-14.74,0.0765,0.0
7OHCOFFUamQ_seg_230.wav,data/interim/segmented_clean_relaxed/normal_speech/7OHCOFFUamQ_seg_230.wav,7OHCOFFUamQ,230,normal_speech,clean_pool,46290a96a69ff99e60e7a7708e4114ebc4c387826ea2f48f57d3d9ffc812d7fb,16000,1,2,48000,3.0,-13.67,0.0729,0.0
7OHCOFFUamQ_seg_231.wav,data/interim/segmented_clean_relaxed/normal_speech/7OHCOFFUamQ_seg_231.wav,7OHCOFFUamQ,231,normal_speech,clean_pool,26c6d8413e673805631b5c9b82119e3d8dcbb4e7948387edaa42adfcd7255478,16000,1,2,48000,3.0,-14.95,0.0765,0.0
7OHCOFFUamQ_seg_232.wav,data/interim/segmented_clean_relaxed/normal_speech/7OHCOFFUamQ_seg_232.wav,7OHCOFFUamQ,232,normal_speech,clean_pool,c401b23097d8ae2dea1f388a0b3ec678942432893742051f0df17465aeabc6a4,16000,1,2,48000,3.0,-14.01,0.1583,0.0
7OHCOFFUamQ_seg_233.wav,data/interim/segmented_clean_relaxed/normal_speech/7OHCOFFUamQ_seg_233.wav,7OHCOFFUamQ,233,normal_speech,clean_pool,bbcac73d0cb711f1de0f39ac8446c30650839678e396dc3677c97d01ec21072b,16000,1,2,48000,3.0,-16.0,0.2393,0.0
7OHCOFFUamQ_seg_234.wav,data/interim/segmented_clean_relaxed/normal_speech/7OHCOFFUamQ_seg_234.wav,7OHCOFFUamQ,234,normal_speech,clean_pool,81ea12070f036badbd1c6d6d3aa085384f4511da104b2979207166a53ab10f11,16000,1,2,48000,3.0,-15.17,0.1139,0.0
7OHCOFFUamQ_seg_235.wav,data/interim/segmented_clean_relaxed/normal_speech/7OHCOFFUamQ_seg_235.wav,7OHCOFFUamQ,235,normal_speech,clean_pool,357f819fa861c45730a9e710cad99b55ea51540a2e694395de4767d8d4b64753,16000,1,2,48000,3.0,-14.31,0.1379,0.0
7OHCOFFUamQ_seg_236.wav,data/interim/segmented_clean_relaxed/normal_speech/7OHCOFFUamQ_seg_236.wav,7OHCOFFUamQ,236,normal_speech,clean_pool,abe90b7090a71fd5dcf7ad05528a5f5254e34b8c32790abc83ddb1fe9cb0a7d3,16000,1,2,48000,3.0,-13.46,0.1956,2.1e-05
7OHCOFFUamQ_seg_237.wav,data/interim/segmented_clean_relaxed/normal_speech/7OHCOFFUamQ_seg_237.wav,7OHCOFFUamQ,237,normal_speech,clean_pool,7bdb804c00a98f465a053768b3c3025473da1791ab27ba21e8419ee9da44191c,16000,1,2,48000,3.0,-14.21,0.1128,0.0
7OHCOFFUamQ_seg_238.wav,data/interim/segmented_clean_relaxed/normal_speech/7OHCOFFUamQ_seg_238.wav,7OHCOFFUamQ,238,normal_speech,clean_pool,0585915843b391dcb3e57cd04d234b4f5944abe1b3967229f97631a61076ceac,16000,1,2,48000,3.0,-13.91,0.1539,0.0
7OHCOFFUamQ_seg_239.wav,data/interim/segmented_clean_relaxed/normal_speech/7OHCOFFUamQ_seg_239.wav,7OHCOFFUamQ,239,normal_speech,clean_pool,370c31c706a761164836da9084ac7740bbd748a75a8c0ae46d13de94d66ca5dd,16000,1,2,48000,3.0,-13.68,0.0968,0.0
7OHCOFFUamQ_seg_240.wav,data/interim/segmented_clean_relaxed/normal_speech/7OHCOFFUamQ_seg_240.wav,7OHCOFFUamQ,240,normal_speech,clean_pool,a71e2b57638137acbce9c9800820589772e0f5bc186985ed42f59a6b4ecacd75,16000,1,2,48000,3.0,-15.41,0.1672,0.0
7OHCOFFUamQ_seg_241.wav,data/interim/segmented_clean_relaxed/normal_speech/7OHCOFFUamQ_seg_241.wav,7OHCOFFUamQ,241,normal_speech,clean_pool,d4bd046e09b2bccbbdac42536c9c91d2cc91676265d48428596e53ed7c5ae386,16000,1,2,48000,3.0,-14.34,0.109,0.0
7OHCOFFUamQ_seg_242.wav,data/interim/segmented_clean_relaxed/normal_speech/7OHCOFFUamQ_seg_242.wav,7OHCOFFUamQ,242,normal_speech,clean_pool,323ece142ad2b72a919a5bc636f360ef6aff02cd3f218a00cbee940e190c2659,16000,1,2,48000,3.0,-15.4,0.1237,0.0
7OHCOFFUamQ_seg_243.wav,data/interim/segmented_clean_relaxed/normal_speech/7OHCOFFUamQ_seg_243.wav,7OHCOFFUamQ,243,normal_speech,clean_pool,bf11a9c3712d5fa4a64f6b3779d8e9e8efe4537ccf7e0868ccacf5d591903a3f,16000,1,2,48000,3.0,-14.61,0.1628,0.0
7OHCOFFUamQ_seg_244.wav,data/interim/segmented_clean_relaxed/normal_speech/7OHCOFFUamQ_seg_244.wav,7OHCOFFUamQ,244,normal_speech,clean_pool,2857f7b9f7fa1e86c3303fe48cf2d56edcdab67b6c23ab0899e2002f73214e18,16000,1,2,48000,3.0,-13.59,0.099,0.0
7OHCOFFUamQ_seg_245.wav,data/interim/segmented_clean_relaxed/normal_speech/7OHCOFFUamQ_seg_245.wav,7OHCOFFUamQ,245,normal_speech,clean_pool,f126583a5b1e12153dc96c4b2bb467c01ac169e861a293e2e0407eb38b4595a4,16000,1,2,48000,3.0,-14.86,0.1389,0.0
7OHCOFFUamQ_seg_246.wav,data/interim/segmented_clean_relaxed/normal_speech/7OHCOFFUamQ_seg_246.wav,7OHCOFFUamQ,246,normal_speech,clean_pool,38c2bca12664e4c7042344f0a55b69dbc9492de0260c1a1b6572220b250ccfaa,16000,1,2,48000,3.0,-14.86,0.1358,0.0
7OHCOFFUamQ_seg_247.wav,data/interim/segmented_clean_relaxed/normal_speech/7OHCOFFUamQ_seg_247.wav,7OHCOFFUamQ,247,normal_speech,clean_pool,1993668b8b8976f9eceeb643f3351ca8ea274656e2c19c71f5af3537e854d5c3,16000,1,2,48000,3.0,-14.56,0.184,0.0
7OHCOFFUamQ_seg_248.wav,data/interim/segmented_clean_relaxed/normal_speech/7OHCOFFUamQ_seg_248.wav,7OHCOFFUamQ,248,normal_speech,clean_pool,45b7ba5a84c71dd31748cab764f30a8da6d691dfba1a49b988bad14abefcc91f,16000,1,2,48000,3.0,-16.41,0.1591,0.0
7OHCOFFUamQ_seg_249.wav,data/interim/segmented_clean_relaxed/normal_speech/7OHCOFFUamQ_seg_249.wav,7OHCOFFUamQ,249,normal_speech,clean_pool,db5f8d30b3636b14cf66f538429ee349bbe664f6385d33237fa4c87cd1f254c2,16000,1,2,48000,3.0,-12.43,0.0581,0.0
7OHCOFFUamQ_seg_250.wav,data/interim/segmented_clean_relaxed/normal_speech/7OHCOFFUamQ_seg_250.wav,7OHCOFFUamQ,250,normal_speech,clean_pool,1be4945dc1518fe3d86eb21e60f5633b035536a968a13f733b075b66302c0d5b,16000,1,2,48000,3.0,-14.85,0.0767,0.0
7OHCOFFUamQ_seg_251.wav,data/interim/segmented_clean_relaxed/normal_speech/7OHCOFFUamQ_seg_251.wav,7OHCOFFUamQ,251,normal_speech,clean_pool,105bbe82bd94f473c3efd9ed0260a538a715f4a7b353177f47c64991420467bf,16000,1,2,48000,3.0,-15.15,0.2009,0.0
7OHCOFFUamQ_seg_252.wav,data/interim/segmented_clean_relaxed/normal_speech/7OHCOFFUamQ_seg_252.wav,7OHCOFFUamQ,252,normal_speech,clean_pool,b9e3657fd15be8e69a3d4c2dd99146c28a21229e3ead5fd088350a7815c4fe77,16000,1,2,48000,3.0,-14.5,0.0755,0.0
7OHCOFFUamQ_seg_253.wav,data/interim/segmented_clean_relaxed/normal_speech/7OHCOFFUamQ_seg_253.wav,7OHCOFFUamQ,253,normal_speech,clean_pool,84564f26d740840f30c9d8dec4e49d90efeaabd1c94acefe95a7dbf0d6226d43,16000,1,2,48000,3.0,-13.52,0.1334,0.0
7OHCOFFUamQ_seg_254.wav,data/interim/segmented_clean_relaxed/normal_speech/7OHCOFFUamQ_seg_254.wav,7OHCOFFUamQ,254,normal_speech,clean_pool,64cd96a69d5b4e184a7ce0a2aede3bb3a819c979a472ba54d07ed076fb4b70e6,16000,1,2,48000,3.0,-15.3,0.1909,0.0
7OHCOFFUamQ_seg_255.wav,data/interim/segmented_clean_relaxed/normal_speech/7OHCOFFUamQ_seg_255.wav,7OHCOFFUamQ,255,normal_speech,clean_pool,35030d5589dfac6002ef498cd9a68c4f428bb21f5f4c2003adc8ec6afa9087ad,16000,1,2,48000,3.0,-25.07,0.5781,0.0
7OHCOFFUamQ_seg_256.wav,data/interim/segmented_clean_relaxed/normal_speech/7OHCOFFUamQ_seg_256.wav,7OHCOFFUamQ,256,normal_speech,clean_pool,eee3f25be4ff93b3f4ede4630bf17bc5002a489dbb0f6ed7565b7e71cd875450,16000,1,2,48000,3.0,-22.82,0.0591,0.0
7OHCOFFUamQ_seg_257.wav,data/interim/segmented_clean_relaxed/normal_speech/7OHCOFFUamQ_seg_257.wav,7OHCOFFUamQ,257,normal_speech,clean_pool,93894bbdfc4ab40e1ef6269aad3244315e00e6332cf9e9b5462de212a89cb88d,16000,1,2,48000,3.0,-23.02,0.0621,0.0
7OHCOFFUamQ_seg_258.wav,data/interim/segmented_clean_relaxed/normal_speech/7OHCOFFUamQ_seg_258.wav,7OHCOFFUamQ,258,normal_speech,clean_pool,37ccf4127c734f177a2feae84ce2c8dbfc0e3cd5fdb2c78718c682ddc8ec63cd,16000,1,2,48000,3.0,-23.28,0.0662,0.0
7OHCOFFUamQ_seg_259.wav,data/interim/segmented_clean_relaxed/normal_speech/7OHCOFFUamQ_seg_259.wav,7OHCOFFUamQ,259,normal_speech,clean_pool,a33ab64ba11862c78d4fffff80df6b07c68aea01cf8a3a176a0c4f8b0405eef1,16000,1,2,48000,3.0,-24.19,0.0762,0.0
7OHCOFFUamQ_seg_260.wav,data/interim/segmented_clean_relaxed/normal_speech/7OHCOFFUamQ_seg_260.wav,7OHCOFFUamQ,260,normal_speech,clean_pool,11bde035b22242773388c79420830ea230c798fe0fc56cd2985b98126f6a6c18,16000,1,2,48000,3.0,-24.51,0.0718,0.0
7OHCOFFUamQ_seg_261.wav,data/interim/segmented_clean_relaxed/normal_speech/7OHCOFFUamQ_seg_261.wav,7OHCOFFUamQ,261,normal_speech,clean_pool,22fac5076bee799a7c73ab3a043480cd505fbde603c97f031976b614d2e8162d,16000,1,2,48000,3.0,-24.98,0.0819,0.0
7OHCOFFUamQ_seg_262.wav,data/interim/segmented_clean_relaxed/normal_speech/7OHCOFFUamQ_seg_262.wav,7OHCOFFUamQ,262,normal_speech,clean_pool,90953a8081931554e5cd71bf27358e94b452d132eead966104e0fd7a39083308,16000,1,2,45344,2.834,-28.15,0.1687,0.0
D8rC1GHnGXc_seg_000.wav,data/interim/segmented_clean_relaxed/normal_speech/D8rC1GHnGXc_seg_000.wav,D8rC1GHnGXc,000,normal_speech,clean_pool,207ad686a4e8d30d87b827fd41439492af736b37caec604b8642328c6ff1119f,16000,1,2,48000,3.0,-26.46,0.4174,0.0
D8rC1GHnGXc_seg_001.wav,data/interim/segmented_clean_relaxed/normal_speech/D8rC1GHnGXc_seg_001.wav,D8rC1GHnGXc,001,normal_speech,clean_pool,79608fdb70c7b16b82fde975c1f550b5b001f7fb8d7bccea6d0b8668cb674567,16000,1,2,48000,3.0,-31.65,0.4927,0.0
D8rC1GHnGXc_seg_002.wav,data/interim/segmented_clean_relaxed/normal_speech/D8rC1GHnGXc_seg_002.wav,D8rC1GHnGXc,002,normal_speech,clean_pool,f17a710b0601e6cb5bfdfae4ac1c39405a191bfc42602f08dd0e2d30e2f60f3d,16000,1,2,48000,3.0,-32.35,0.47,0.0
D8rC1GHnGXc_seg_003.wav,data/interim/segmented_clean_relaxed/normal_speech/D8rC1GHnGXc_seg_003.wav,D8rC1GHnGXc,003,normal_speech,clean_pool,07d7b1f964584bf624f9103a4c48e706d0cffa9c2674c21a5eb8124f21dc6081,16000,1,2,48000,3.0,-29.94,0.3581,0.0
D8rC1GHnGXc_seg_004.wav,data/interim/segmented_clean_relaxed/normal_speech/D8rC1GHnGXc_seg_004.wav,D8rC1GHnGXc,004,normal_speech,clean_pool,b805450a9af4e7e66c0201632ed3cb3bde248fc2fa7e248c713ad8dc77ee54b2,16000,1,2,48000,3.0,-29.53,0.5303,0.0
D8rC1GHnGXc_seg_005.wav,data/interim/segmented_clean_relaxed/normal_speech/D8rC1GHnGXc_seg_005.wav,D8rC1GHnGXc,005,normal_speech,clean_pool,cce17a8433bf7516c17f64d57f5a70421f6db08d36fda679880969d6addb4c00,16000,1,2,48000,3.0,-32.27,0.4445,0.0
D8rC1GHnGXc_seg_006.wav,data/interim/segmented_clean_relaxed/normal_speech/D8rC1GHnGXc_seg_006.wav,D8rC1GHnGXc,006,normal_speech,clean_pool,c4985fa40d966a0c9db5ee529bc0d557ad168ad39d1647405f9337e86829223a,16000,1,2,48000,3.0,-33.42,0.4867,0.0
D8rC1GHnGXc_seg_007.wav,data/interim/segmented_clean_relaxed/normal_speech/D8rC1GHnGXc_seg_007.wav,D8rC1GHnGXc,007,normal_speech,clean_pool,a7ca94cc913ce3926b518759981fa0f8c7f19cd73b4fba22c559ccf51963c781,16000,1,2,48000,3.0,-31.16,0.5199,0.0
D8rC1GHnGXc_seg_008.wav,data/interim/segmented_clean_relaxed/normal_speech/D8rC1GHnGXc_seg_008.wav,D8rC1GHnGXc,008,normal_speech,clean_pool,d41d82f79a69195ca8be8c9a3c9efa27f3899606b5e6c017e4fd6178f6e9bfa6,16000,1,2,48000,3.0,-28.34,0.2602,0.0
D8rC1GHnGXc_seg_009.wav,data/interim/segmented_clean_relaxed/normal_speech/D8rC1GHnGXc_seg_009.wav,D8rC1GHnGXc,009,normal_speech,clean_pool,0ad33f14023d3c2c3f6bb1d7995474c03fb81621bd456794a62a83f468d7320c,16000,1,2,48000,3.0,-32.35,0.5506,0.0
D8rC1GHnGXc_seg_010.wav,data/interim/segmented_clean_relaxed/normal_speech/D8rC1GHnGXc_seg_010.wav,D8rC1GHnGXc,010,normal_speech,clean_pool,65ef600fff5e98dc9bdfe71b9fca12421c6e742bd825e37b2d227b6fd938fdd9,16000,1,2,48000,3.0,-30.61,0.4745,0.0
D8rC1GHnGXc_seg_011.wav,data/interim/segmented_clean_relaxed/normal_speech/D8rC1GHnGXc_seg_011.wav,D8rC1GHnGXc,011,normal_speech,clean_pool,5cb397d264b07b3ebbe56ec93b2a81951f159dcd09909a5d810e7d037b2706c6,16000,1,2,48000,3.0,-34.69,0.5581,0.0
D8rC1GHnGXc_seg_012.wav,data/interim/segmented_clean_relaxed/normal_speech/D8rC1GHnGXc_seg_012.wav,D8rC1GHnGXc,012,normal_speech,clean_pool,fd8457ecb286c32d48230b3e8bf26519eb41a0c55fa278bac12a4d6e4c438194,16000,1,2,48000,3.0,-30.98,0.388,0.0
D8rC1GHnGXc_seg_013.wav,data/interim/segmented_clean_relaxed/normal_speech/D8rC1GHnGXc_seg_013.wav,D8rC1GHnGXc,013,normal_speech,clean_pool,a399c26af50346044ef1686006d9cf7c38f986d16ffe0b8602e0f6c44a3e99d7,16000,1,2,48000,3.0,-35.11,0.7712,0.0
D8rC1GHnGXc_seg_014.wav,data/interim/segmented_clean_relaxed/normal_speech/D8rC1GHnGXc_seg_014.wav,D8rC1GHnGXc,014,normal_speech,clean_pool,0e4705790e38c1aefd6e5b568d6271a5254ac3ee77d70a33353edb0c364d3937,16000,1,2,48000,3.0,-27.76,0.4283,0.0
D8rC1GHnGXc_seg_015.wav,data/interim/segmented_clean_relaxed/normal_speech/D8rC1GHnGXc_seg_015.wav,D8rC1GHnGXc,015,normal_speech,clean_pool,fcc63bc2b461190231e3cd1c34a332d9111f827d6b0f3e583e7deb67ae113aaa,16000,1,2,48000,3.0,-33.52,0.5872,0.0
D8rC1GHnGXc_seg_016.wav,data/interim/segmented_clean_relaxed/normal_speech/D8rC1GHnGXc_seg_016.wav,D8rC1GHnGXc,016,normal_speech,clean_pool,8102aa8c9f646e766e16ae1117995b5da018fe74d3a7561ad3013c36b797acaa,16000,1,2,48000,3.0,-31.34,0.5671,0.0
D8rC1GHnGXc_seg_017.wav,data/interim/segmented_clean_relaxed/normal_speech/D8rC1GHnGXc_seg_017.wav,D8rC1GHnGXc,017,normal_speech,clean_pool,455057e5a004cd9906f32ec50bdbf33c96ee62fe26244e0af74d8634d1c0b1ba,16000,1,2,48000,3.0,-32.48,0.4055,0.0
D8rC1GHnGXc_seg_018.wav,data/interim/segmented_clean_relaxed/normal_speech/D8rC1GHnGXc_seg_018.wav,D8rC1GHnGXc,018,normal_speech,clean_pool,789d2aee62995ebfb3451b9909cedba5d6eb4ae99bfd71fdd6f39a8374571301,16000,1,2,48000,3.0,-32.54,0.5252,0.0
D8rC1GHnGXc_seg_019.wav,data/interim/segmented_clean_relaxed/normal_speech/D8rC1GHnGXc_seg_019.wav,D8rC1GHnGXc,019,normal_speech,clean_pool,764e960c66a53f09560c88825fc3889ceb2cc9da17494dcd70aad797cd2db785,16000,1,2,48000,3.0,-36.36,0.5724,0.0
D8rC1GHnGXc_seg_020.wav,data/interim/segmented_clean_relaxed/normal_speech/D8rC1GHnGXc_seg_020.wav,D8rC1GHnGXc,020,normal_speech,clean_pool,2c6bc396cb2f6ad824cae85ffe31e260d813f46fd27d11f3caf34d7e107d4bcf,16000,1,2,48000,3.0,-33.97,0.5756,0.0
D8rC1GHnGXc_seg_021.wav,data/interim/segmented_clean_relaxed/normal_speech/D8rC1GHnGXc_seg_021.wav,D8rC1GHnGXc,021,normal_speech,clean_pool,b9008c99d7d58cc0dd748f31f55058754ebcd066a7edddcbeae9e5503c7428b3,16000,1,2,48000,3.0,-29.04,0.5571,0.0
D8rC1GHnGXc_seg_022.wav,data/interim/segmented_clean_relaxed/normal_speech/D8rC1GHnGXc_seg_022.wav,D8rC1GHnGXc,022,normal_speech,clean_pool,8910bb018876e5ec0c21c4b2a8c5446d270de1243e970bc3df5a71559c04435f,16000,1,2,48000,3.0,-31.05,0.4863,0.0
D8rC1GHnGXc_seg_023.wav,data/interim/segmented_clean_relaxed/normal_speech/D8rC1GHnGXc_seg_023.wav,D8rC1GHnGXc,023,normal_speech,clean_pool,40f9706bfbadb7f5ab7c254df802f87bb03030d7d42dec956acc4408faf4b9e2,16000,1,2,48000,3.0,-30.27,0.5137,0.0
D8rC1GHnGXc_seg_024.wav,data/interim/segmented_clean_relaxed/normal_speech/D8rC1GHnGXc_seg_024.wav,D8rC1GHnGXc,024,normal_speech,clean_pool,0a2d26e246c77faa82384e6ac252e767e07c20be47aaa4eafe48420da37594f6,16000,1,2,48000,3.0,-32.34,0.4715,0.0
D8rC1GHnGXc_seg_025.wav,data/interim/segmented_clean_relaxed/normal_speech/D8rC1GHnGXc_seg_025.wav,D8rC1GHnGXc,025,normal_speech,clean_pool,6ebb87e9eaaf2f74744f3d452db571182c88a81001f95230856e95fb100f22c4,16000,1,2,48000,3.0,-38.45,0.6168,0.0
D8rC1GHnGXc_seg_026.wav,data/interim/segmented_clean_relaxed/normal_speech/D8rC1GHnGXc_seg_026.wav,D8rC1GHnGXc,026,normal_speech,clean_pool,872184835e0efd9505392a7f23dc19c771c4d5fd951f4d128109374198d11135,16000,1,2,48000,3.0,-34.88,0.6421,0.0
D8rC1GHnGXc_seg_027.wav,data/interim/segmented_clean_relaxed/normal_speech/D8rC1GHnGXc_seg_027.wav,D8rC1GHnGXc,027,normal_speech,clean_pool,0b325d6a3f3e991f1334dc3c85050b84160b0c015d1a1f0f83d1e3381a36217f,16000,1,2,48000,3.0,-31.57,0.3887,0.0
D8rC1GHnGXc_seg_028.wav,data/interim/segmented_clean_relaxed/normal_speech/D8rC1GHnGXc_seg_028.wav,D8rC1GHnGXc,028,normal_speech,clean_pool,49a15de5a4bed77adbd0b17a6faf252c8ece4e49322e0c4637270c31bd2b512e,16000,1,2,48000,3.0,-34.78,0.5439,0.0
D8rC1GHnGXc_seg_029.wav,data/interim/segmented_clean_relaxed/normal_speech/D8rC1GHnGXc_seg_029.wav,D8rC1GHnGXc,029,normal_speech,clean_pool,2f6ceb2ebfdb7061964a244623f4c1d62a4fd67171ced20d7eab3600b6c760da,16000,1,2,48000,3.0,-29.28,0.5397,0.0
D8rC1GHnGXc_seg_030.wav,data/interim/segmented_clean_relaxed/normal_speech/D8rC1GHnGXc_seg_030.wav,D8rC1GHnGXc,030,normal_speech,clean_pool,b372b12176e8399f6d3274204ee0b6308321ce5299b4e8f61e034199df8dfb67,16000,1,2,48000,3.0,-32.73,0.4585,0.0
D8rC1GHnGXc_seg_031.wav,data/interim/segmented_clean_relaxed/normal_speech/D8rC1GHnGXc_seg_031.wav,D8rC1GHnGXc,031,normal_speech,clean_pool,eb1bbfe00085c912a8f9a873332d160e52b44ad5b621a9b407ce409ac1d072b6,16000,1,2,48000,3.0,-32.66,0.5386,0.0
D8rC1GHnGXc_seg_032.wav,data/interim/segmented_clean_relaxed/normal_speech/D8rC1GHnGXc_seg_032.wav,D8rC1GHnGXc,032,normal_speech,clean_pool,87ea746d1d5ea09901df4968af3d51b3899fafb2e1ac3fc16f273b745fd07e8c,16000,1,2,48000,3.0,-34.18,0.5219,0.0
D8rC1GHnGXc_seg_033.wav,data/interim/segmented_clean_relaxed/normal_speech/D8rC1GHnGXc_seg_033.wav,D8rC1GHnGXc,033,normal_speech,clean_pool,0d090b93f5f81c9ef6e247772e61f5c39c1b97a88854199981b6f2e17f2966c4,16000,1,2,48000,3.0,-35.07,0.5151,0.0
D8rC1GHnGXc_seg_034.wav,data/interim/segmented_clean_relaxed/normal_speech/D8rC1GHnGXc_seg_034.wav,D8rC1GHnGXc,034,normal_speech,clean_pool,5839c6b5a3a59bc5068891124f0e119e910a74f23c4b36f89f838a43064f8ff8,16000,1,2,48000,3.0,-31.72,0.4717,0.0
D8rC1GHnGXc_seg_035.wav,data/interim/segmented_clean_relaxed/normal_speech/D8rC1GHnGXc_seg_035.wav,D8rC1GHnGXc,035,normal_speech,clean_pool,cffacab1d7ec0317abc0d7997a01bd094860a3ac2d95bbf9e7f72110a6e53d53,16000,1,2,48000,3.0,-37.13,0.621,0.0
D8rC1GHnGXc_seg_036.wav,data/interim/segmented_clean_relaxed/normal_speech/D8rC1GHnGXc_seg_036.wav,D8rC1GHnGXc,036,normal_speech,clean_pool,b2e82896d3a0a1ba742973f31d1b201a3090a12b13869db334d6adfc5f1c830b,16000,1,2,48000,3.0,-31.25,0.539,0.0
D8rC1GHnGXc_seg_037.wav,data/interim/segmented_clean_relaxed/normal_speech/D8rC1GHnGXc_seg_037.wav,D8rC1GHnGXc,037,normal_speech,clean_pool,b119a3d31bbb5b5c7ca23e218f47719283326c50a7f33332b77ed1308c85e28d,16000,1,2,48000,3.0,-30.22,0.4337,0.0
D8rC1GHnGXc_seg_038.wav,data/interim/segmented_clean_relaxed/normal_speech/D8rC1GHnGXc_seg_038.wav,D8rC1GHnGXc,038,normal_speech,clean_pool,02f5201b49e69dcbdde7c9cfe6c5eeff8ccb8132fe984f9c3ae0d23d90b532be,16000,1,2,48000,3.0,-32.89,0.4679,0.0
D8rC1GHnGXc_seg_039.wav,data/interim/segmented_clean_relaxed/normal_speech/D8rC1GHnGXc_seg_039.wav,D8rC1GHnGXc,039,normal_speech,clean_pool,6ccd7f6c4f60aa792bcef004ae76d2e70d8b7e993e4bb5ba7b30ea856b152307,16000,1,2,48000,3.0,-28.75,0.592,0.0
D8rC1GHnGXc_seg_040.wav,data/interim/segmented_clean_relaxed/normal_speech/D8rC1GHnGXc_seg_040.wav,D8rC1GHnGXc,040,normal_speech,clean_pool,34edd9e0064f086d92f4d5ddae762b572ccdf1a3ace72a7dd6b085204935b8a0,16000,1,2,48000,3.0,-29.57,0.424,0.0
D8rC1GHnGXc_seg_041.wav,data/interim/segmented_clean_relaxed/normal_speech/D8rC1GHnGXc_seg_041.wav,D8rC1GHnGXc,041,normal_speech,clean_pool,aa5d6f1060a1f9b5a8756e11f31a965920823cb76970a3f71e7b90ce66ac3813,16000,1,2,48000,3.0,-31.1,0.4314,0.0
D8rC1GHnGXc_seg_042.wav,data/interim/segmented_clean_relaxed/normal_speech/D8rC1GHnGXc_seg_042.wav,D8rC1GHnGXc,042,normal_speech,clean_pool,455bb38b4ea0307de14e86842cf7de7705360dccab11bb0e7b93677924f58d6a,16000,1,2,48000,3.0,-29.97,0.4468,0.0
D8rC1GHnGXc_seg_043.wav,data/interim/segmented_clean_relaxed/normal_speech/D8rC1GHnGXc_seg_043.wav,D8rC1GHnGXc,043,normal_speech,clean_pool,36b05b0970c275f737affa2735c0c3ab3d707b2d045abc44fbcb44172f220f1f,16000,1,2,48000,3.0,-33.57,0.5514,0.0
D8rC1GHnGXc_seg_044.wav,data/interim/segmented_clean_relaxed/normal_speech/D8rC1GHnGXc_seg_044.wav,D8rC1GHnGXc,044,normal_speech,clean_pool,13b10ef7e6a1f7e34b8b0386105f558fe4b7cc648d6c48aba14762c1995c3e6c,16000,1,2,48000,3.0,-28.64,0.2952,0.0
D8rC1GHnGXc_seg_045.wav,data/interim/segmented_clean_relaxed/normal_speech/D8rC1GHnGXc_seg_045.wav,D8rC1GHnGXc,045,normal_speech,clean_pool,e0baf0c0c773d498fb26fca663669f4d8b49e8b580f421bd2f09958d9c915559,16000,1,2,48000,3.0,-31.56,0.4575,0.0
D8rC1GHnGXc_seg_046.wav,data/interim/segmented_clean_relaxed/normal_speech/D8rC1GHnGXc_seg_046.wav,D8rC1GHnGXc,046,normal_speech,clean_pool,e864558bbef654ab0ef2298f97c11421f874b32dfadd0cc0e630633a881cde47,16000,1,2,48000,3.0,-37.06,0.5716,0.0
D8rC1GHnGXc_seg_047.wav,data/interim/segmented_clean_relaxed/normal_speech/D8rC1GHnGXc_seg_047.wav,D8rC1GHnGXc,047,normal_speech,clean_pool,31ad10f19a402e730bbad2535dc1b04956e1d8e1e7be24f71acdddf635413c0a,16000,1,2,48000,3.0,-31.55,0.5021,0.0
D8rC1GHnGXc_seg_048.wav,data/interim/segmented_clean_relaxed/normal_speech/D8rC1GHnGXc_seg_048.wav,D8rC1GHnGXc,048,normal_speech,clean_pool,d47c29611658463945b01824137e35cd0d49d14b9887d6e92f9a6da78c019840,16000,1,2,48000,3.0,-31.98,0.4735,0.0
D8rC1GHnGXc_seg_049.wav,data/interim/segmented_clean_relaxed/normal_speech/D8rC1GHnGXc_seg_049.wav,D8rC1GHnGXc,049,normal_speech,clean_pool,a51aa50fce817d9c7c77c21185eb4e269c2d5351825e89b9a7ae3083d5f03548,16000,1,2,48000,3.0,-30.56,0.7536,0.0
D8rC1GHnGXc_seg_050.wav,data/interim/segmented_clean_relaxed/normal_speech/D8rC1GHnGXc_seg_050.wav,D8rC1GHnGXc,050,normal_speech,clean_pool,7920dc333c6f3a94eaba98d5aee5c838819015dcdeadda8a43f589ad812cc25b,16000,1,2,48000,3.0,-30.62,0.4212,0.0
D8rC1GHnGXc_seg_051.wav,data/interim/segmented_clean_relaxed/normal_speech/D8rC1GHnGXc_seg_051.wav,D8rC1GHnGXc,051,normal_speech,clean_pool,1bf8dd02b047653eb9c3c3b8b10ca952192446180848dea6ee3fcc000f27a371,16000,1,2,48000,3.0,-35.43,0.6581,0.0
D8rC1GHnGXc_seg_052.wav,data/interim/segmented_clean_relaxed/normal_speech/D8rC1GHnGXc_seg_052.wav,D8rC1GHnGXc,052,normal_speech,clean_pool,fe984f80fedf60c32129568b436a315ee09993acdf404ecc6c210b1ec4a0a744,16000,1,2,48000,3.0,-30.47,0.494,0.0
D8rC1GHnGXc_seg_053.wav,data/interim/segmented_clean_relaxed/normal_speech/D8rC1GHnGXc_seg_053.wav,D8rC1GHnGXc,053,normal_speech,clean_pool,1e1df2f3c5558ac24d1bd4f83a4e1b21ad6b0b6e2404bca580932b0ea2edbdba,16000,1,2,48000,3.0,-31.42,0.4177,0.0
D8rC1GHnGXc_seg_054.wav,data/interim/segmented_clean_relaxed/normal_speech/D8rC1GHnGXc_seg_054.wav,D8rC1GHnGXc,054,normal_speech,clean_pool,c1d9db7411eaaf93ec404995ccf187b21fbcd19cfa230ed9ec9f7a66481c6dbd,16000,1,2,48000,3.0,-33.32,0.5156,0.0
D8rC1GHnGXc_seg_055.wav,data/interim/segmented_clean_relaxed/normal_speech/D8rC1GHnGXc_seg_055.wav,D8rC1GHnGXc,055,normal_speech,clean_pool,3a533fa2786fa042d0b5789e85babf3627ee21fb2bebde601ce5ec0a1f6f349b,16000,1,2,48000,3.0,-31.77,0.4489,0.0
D8rC1GHnGXc_seg_056.wav,data/interim/segmented_clean_relaxed/normal_speech/D8rC1GHnGXc_seg_056.wav,D8rC1GHnGXc,056,normal_speech,clean_pool,a0cbb56caaeacb9caf45aa97d74573d450287f727cd41dc5a749b7bdc7a40f62,16000,1,2,48000,3.0,-35.71,0.6309,0.0
D8rC1GHnGXc_seg_057.wav,data/interim/segmented_clean_relaxed/normal_speech/D8rC1GHnGXc_seg_057.wav,D8rC1GHnGXc,057,normal_speech,clean_pool,7e731f5db7d2b27bb21ee3280b2976a52afafffaf2d7293b8553e0d2a81aae7a,16000,1,2,48000,3.0,-31.21,0.3805,0.0
D8rC1GHnGXc_seg_058.wav,data/interim/segmented_clean_relaxed/normal_speech/D8rC1GHnGXc_seg_058.wav,D8rC1GHnGXc,058,normal_speech,clean_pool,42a2aa31394c11fb417257588c87a733b6102a96e889d9e0468631eca9aa00c9,16000,1,2,48000,3.0,-33.02,0.4465,0.0
D8rC1GHnGXc_seg_059.wav,data/interim/segmented_clean_relaxed/normal_speech/D8rC1GHnGXc_seg_059.wav,D8rC1GHnGXc,059,normal_speech,clean_pool,dcbdebe75cd9ac0d367320b04ad56e8935d5b03e11f14507fabd3b04b8b3ee0c,16000,1,2,48000,3.0,-34.08,0.6246,0.0
D8rC1GHnGXc_seg_060.wav,data/interim/segmented_clean_relaxed/normal_speech/D8rC1GHnGXc_seg_060.wav,D8rC1GHnGXc,060,normal_speech,clean_pool,7dab31d0d8b6539ee48ecbf3b877affd13fad50b67a1b472e3a14cff6bcc1563,16000,1,2,48000,3.0,-33.88,0.6035,0.0
D8rC1GHnGXc_seg_061.wav,data/interim/segmented_clean_relaxed/normal_speech/D8rC1GHnGXc_seg_061.wav,D8rC1GHnGXc,061,normal_speech,clean_pool,784cc51a29d96d5133d3b51f2f0a25cf5112559bee528fcf60ea491a59d0619f,16000,1,2,48000,3.0,-30.3,0.5114,0.0
D8rC1GHnGXc_seg_062.wav,data/interim/segmented_clean_relaxed/normal_speech/D8rC1GHnGXc_seg_062.wav,D8rC1GHnGXc,062,normal_speech,clean_pool,ab0a42f8036d53f006813eb407565be5dc9d50d4486f6240994cfb261c204a39,16000,1,2,48000,3.0,-31.33,0.416,0.0
D8rC1GHnGXc_seg_063.wav,data/interim/segmented_clean_relaxed/normal_speech/D8rC1GHnGXc_seg_063.wav,D8rC1GHnGXc,063,normal_speech,clean_pool,cbcb48882014dc712152dff690ad2e666cc5454baa983ffce427639da6c41269,16000,1,2,48000,3.0,-32.97,0.4235,0.0
D8rC1GHnGXc_seg_064.wav,data/interim/segmented_clean_relaxed/normal_speech/D8rC1GHnGXc_seg_064.wav,D8rC1GHnGXc,064,normal_speech,clean_pool,7f2a494484845a99f24db27c2dea10ecaf77e4c6911a960eb4aa602e40adf4b9,16000,1,2,48000,3.0,-33.45,0.5365,0.0
D8rC1GHnGXc_seg_065.wav,data/interim/segmented_clean_relaxed/normal_speech/D8rC1GHnGXc_seg_065.wav,D8rC1GHnGXc,065,normal_speech,clean_pool,5cc1e2336befee265c51292283a90b0d3356b0d55fecf4e1987a98dabc827f05,16000,1,2,48000,3.0,-29.51,0.4879,0.0
D8rC1GHnGXc_seg_066.wav,data/interim/segmented_clean_relaxed/normal_speech/D8rC1GHnGXc_seg_066.wav,D8rC1GHnGXc,066,normal_speech,clean_pool,e3731c04b7e7629e52f41148eeb151050616bc135d5134dce1e82d5eb0375c26,16000,1,2,48000,3.0,-33.16,0.5667,0.0
D8rC1GHnGXc_seg_067.wav,data/interim/segmented_clean_relaxed/normal_speech/D8rC1GHnGXc_seg_067.wav,D8rC1GHnGXc,067,normal_speech,clean_pool,897c01dd63717f72dbc0ec3b9d722254e2dd8c560858260ba4a092beee1a8f84,16000,1,2,48000,3.0,-29.41,0.6211,0.0
D8rC1GHnGXc_seg_068.wav,data/interim/segmented_clean_relaxed/normal_speech/D8rC1GHnGXc_seg_068.wav,D8rC1GHnGXc,068,normal_speech,clean_pool,ab61dadf0f2b3b4037de9c7475de6182dbcc14690b59414e7342068025958df2,16000,1,2,48000,3.0,-29.02,0.3787,0.0
D8rC1GHnGXc_seg_069.wav,data/interim/segmented_clean_relaxed/normal_speech/D8rC1GHnGXc_seg_069.wav,D8rC1GHnGXc,069,normal_speech,clean_pool,694c2912c481fc6b7e43ccea08476bfdf9764526e984e56e1cf9e5c7c719e602,16000,1,2,48000,3.0,-31.48,0.4687,0.0
D8rC1GHnGXc_seg_070.wav,data/interim/segmented_clean_relaxed/normal_speech/D8rC1GHnGXc_seg_070.wav,D8rC1GHnGXc,070,normal_speech,clean_pool,a8747386bbdb184e7d28ee25d326a16604552a9cb48eb8189f93a4e68b649358,16000,1,2,48000,3.0,-32.86,0.4975,0.0
D8rC1GHnGXc_seg_071.wav,data/interim/segmented_clean_relaxed/normal_speech/D8rC1GHnGXc_seg_071.wav,D8rC1GHnGXc,071,normal_speech,clean_pool,916fbeafb4a355b4005e38340f3dba86602cc5a598fdd7d95cf51a9ce1e6afaa,16000,1,2,48000,3.0,-36.94,0.6788,0.0
D8rC1GHnGXc_seg_072.wav,data/interim/segmented_clean_relaxed/normal_speech/D8rC1GHnGXc_seg_072.wav,D8rC1GHnGXc,072,normal_speech,clean_pool,07db42e75396381bfb6212b6f2d693f05164fdbf3c6f024290fc9ac2c7661d2c,16000,1,2,48000,3.0,-31.07,0.4123,0.0
D8rC1GHnGXc_seg_073.wav,data/interim/segmented_clean_relaxed/normal_speech/D8rC1GHnGXc_seg_073.wav,D8rC1GHnGXc,073,normal_speech,clean_pool,6cfcb92a3befffd97153aef93b2b59b40d9c5952c53c7dcbb980ef89e48f5bc9,16000,1,2,48000,3.0,-33.55,0.5247,0.0
D8rC1GHnGXc_seg_074.wav,data/interim/segmented_clean_relaxed/normal_speech/D8rC1GHnGXc_seg_074.wav,D8rC1GHnGXc,074,normal_speech,clean_pool,0f5fa6ea22226e8af1e76bf267356c6f29485ef0b1da32480b3bb2454bfa479d,16000,1,2,48000,3.0,-29.25,0.4977,0.0
D8rC1GHnGXc_seg_075.wav,data/interim/segmented_clean_relaxed/normal_speech/D8rC1GHnGXc_seg_075.wav,D8rC1GHnGXc,075,normal_speech,clean_pool,db25c36c1469f2e1144481ce11bf7e187ab0e291dfb38495a4a9bc70ca922550,16000,1,2,48000,3.0,-29.79,0.3553,0.0
D8rC1GHnGXc_seg_076.wav,data/interim/segmented_clean_relaxed/normal_speech/D8rC1GHnGXc_seg_076.wav,D8rC1GHnGXc,076,normal_speech,clean_pool,d72253219be89ea33f8b63fa1f85aff28551c5670f4aabfe1b15ad9372fef056,16000,1,2,48000,3.0,-33.51,0.5142,0.0
D8rC1GHnGXc_seg_077.wav,data/interim/segmented_clean_relaxed/normal_speech/D8rC1GHnGXc_seg_077.wav,D8rC1GHnGXc,077,normal_speech,clean_pool,d11276f3b101b3157428baa09defbceda39b5c5e8c38fbbc855f9cc65881d7da,16000,1,2,48000,3.0,-34.37,0.6061,0.0
D8rC1GHnGXc_seg_078.wav,data/interim/segmented_clean_relaxed/normal_speech/D8rC1GHnGXc_seg_078.wav,D8rC1GHnGXc,078,normal_speech,clean_pool,5157e4be5ada96f73c3f2b271238201edd1b973b7282313cb5376dbe1f6c69fe,16000,1,2,48000,3.0,-30.84,0.5021,0.0
D8rC1GHnGXc_seg_079.wav,data/interim/segmented_clean_relaxed/normal_speech/D8rC1GHnGXc_seg_079.wav,D8rC1GHnGXc,079,normal_speech,clean_pool,8948e39ee86119f1004bdd357fbe89cfa6d63c43ef932c7609c26d3a8776623d,16000,1,2,48000,3.0,-33.66,0.5813,0.0
D8rC1GHnGXc_seg_080.wav,data/interim/segmented_clean_relaxed/normal_speech/D8rC1GHnGXc_seg_080.wav,D8rC1GHnGXc,080,normal_speech,clean_pool,736c51c0b31da4032bde71613c44f2f1d239667e897c0da3579b8a474add5b29,16000,1,2,48000,3.0,-32.85,0.4643,0.0
D8rC1GHnGXc_seg_081.wav,data/interim/segmented_clean_relaxed/normal_speech/D8rC1GHnGXc_seg_081.wav,D8rC1GHnGXc,081,normal_speech,clean_pool,7bab2905579d3563025664aa8e58ea6201b73885c319699ccf9cffc310ed4939,16000,1,2,48000,3.0,-32.21,0.4828,0.0
D8rC1GHnGXc_seg_082.wav,data/interim/segmented_clean_relaxed/normal_speech/D8rC1GHnGXc_seg_082.wav,D8rC1GHnGXc,082,normal_speech,clean_pool,6ae051e2475f9d9056c7fb43e01fe6dea4cc4041a0bfcd2b68f5e4aa7dc00dd6,16000,1,2,48000,3.0,-27.79,0.4284,0.0
D8rC1GHnGXc_seg_083.wav,data/interim/segmented_clean_relaxed/normal_speech/D8rC1GHnGXc_seg_083.wav,D8rC1GHnGXc,083,normal_speech,clean_pool,7c90c80635d58ebdfba920c3ab2de995b18f1abccc800d7853ff883c66144634,16000,1,2,48000,3.0,-31.67,0.5129,0.0
D8rC1GHnGXc_seg_084.wav,data/interim/segmented_clean_relaxed/normal_speech/D8rC1GHnGXc_seg_084.wav,D8rC1GHnGXc,084,normal_speech,clean_pool,20a01b5b410a276c2923c9754db528e05ffe4bf7b9ac2f34ccfb588e6dd61f0b,16000,1,2,48000,3.0,-31.51,0.5034,0.0
D8rC1GHnGXc_seg_085.wav,data/interim/segmented_clean_relaxed/normal_speech/D8rC1GHnGXc_seg_085.wav,D8rC1GHnGXc,085,normal_speech,clean_pool,6b5960fcf0ccfec74a6a32e0fade1177b6780cceefd2274e39d525dee9ed9f3c,16000,1,2,48000,3.0,-32.79,0.5095,0.0
D8rC1GHnGXc_seg_086.wav,data/interim/segmented_clean_relaxed/normal_speech/D8rC1GHnGXc_seg_086.wav,D8rC1GHnGXc,086,normal_speech,clean_pool,c631c9ff9579327136eebd41cf548930d48c3f7c0f8fe5cd72421b40900909fb,16000,1,2,48000,3.0,-30.27,0.5425,0.0
D8rC1GHnGXc_seg_087.wav,data/interim/segmented_clean_relaxed/normal_speech/D8rC1GHnGXc_seg_087.wav,D8rC1GHnGXc,087,normal_speech,clean_pool,59222133a7366d169a393eaaa90abbf36562acc3a2f10358789f8d25dfc9a3a5,16000,1,2,48000,3.0,-34.26,0.4869,0.0
D8rC1GHnGXc_seg_088.wav,data/interim/segmented_clean_relaxed/normal_speech/D8rC1GHnGXc_seg_088.wav,D8rC1GHnGXc,088,normal_speech,clean_pool,ca3639f20c6b5f231cc5c8ddd6084b45b4eaa8378043dde57d1a0dc0b6252c98,16000,1,2,48000,3.0,-34.04,0.537,0.0
D8rC1GHnGXc_seg_089.wav,data/interim/segmented_clean_relaxed/normal_speech/D8rC1GHnGXc_seg_089.wav,D8rC1GHnGXc,089,normal_speech,clean_pool,c49b10a5353bcae866c8badea579f98470b9cebb1b2f929868128e1fa74ba5b0,16000,1,2,48000,3.0,-32.72,0.5208,0.0
D8rC1GHnGXc_seg_090.wav,data/interim/segmented_clean_relaxed/normal_speech/D8rC1GHnGXc_seg_090.wav,D8rC1GHnGXc,090,normal_speech,clean_pool,657673677d96f5471e806940128e174036a2e439be43f60e6d7534a51a63e288,16000,1,2,48000,3.0,-30.97,0.4992,0.0
D8rC1GHnGXc_seg_091.wav,data/interim/segmented_clean_relaxed/normal_speech/D8rC1GHnGXc_seg_091.wav,D8rC1GHnGXc,091,normal_speech,clean_pool,127c10d8ff28410be4e33d1addc55d54a963ba6b92a8204b4872c57cdc3591bb,16000,1,2,48000,3.0,-30.95,0.496,0.0
D8rC1GHnGXc_seg_092.wav,data/interim/segmented_clean_relaxed/normal_speech/D8rC1GHnGXc_seg_092.wav,D8rC1GHnGXc,092,normal_speech,clean_pool,09aa6482e8b0ec7217f4dfb824d0d68d601f4c31a06097b9076d5954168c59eb,16000,1,2,48000,3.0,-34.13,0.5216,0.0
D8rC1GHnGXc_seg_093.wav,data/interim/segmented_clean_relaxed/normal_speech/D8rC1GHnGXc_seg_093.wav,D8rC1GHnGXc,093,normal_speech,clean_pool,f8aa667d6d8930990653fc765fa2a43ba4eeffa5047e3ca442e00e2e3ecf9631,16000,1,2,48000,3.0,-36.0,0.6482,0.0
D8rC1GHnGXc_seg_094.wav,data/interim/segmented_clean_relaxed/normal_speech/D8rC1GHnGXc_seg_094.wav,D8rC1GHnGXc,094,normal_speech,clean_pool,cdd16afec8bfd74679867bc70d3ae1c25cab16cad5c3e60361cb030d0e354241,16000,1,2,48000,3.0,-30.53,0.5352,0.0
D8rC1GHnGXc_seg_095.wav,data/interim/segmented_clean_relaxed/normal_speech/D8rC1GHnGXc_seg_095.wav,D8rC1GHnGXc,095,normal_speech,clean_pool,89e9045ed76982578db1415f9958136a7c8bfb3ba718392778ce92358256c1f7,16000,1,2,48000,3.0,-32.72,0.5568,0.0
D8rC1GHnGXc_seg_096.wav,data/interim/segmented_clean_relaxed/normal_speech/D8rC1GHnGXc_seg_096.wav,D8rC1GHnGXc,096,normal_speech,clean_pool,4fe9e7f74c089c995663399761ba18dc66b8af4e515419961cd21fdd4fe0213d,16000,1,2,48000,3.0,-35.17,0.5348,0.0
D8rC1GHnGXc_seg_097.wav,data/interim/segmented_clean_relaxed/normal_speech/D8rC1GHnGXc_seg_097.wav,D8rC1GHnGXc,097,normal_speech,clean_pool,e4a422484bb7d3eda2a7448d84fc145c43df477496b56ee7e81190163d0dffd8,16000,1,2,48000,3.0,-33.25,0.6137,0.0
D8rC1GHnGXc_seg_098.wav,data/interim/segmented_clean_relaxed/normal_speech/D8rC1GHnGXc_seg_098.wav,D8rC1GHnGXc,098,normal_speech,clean_pool,f7b1b7c6b95ee9ecbff039d30349ce585cd23d8581826bcac67e1dca9bf39946,16000,1,2,48000,3.0,-32.15,0.4267,0.0
D8rC1GHnGXc_seg_099.wav,data/interim/segmented_clean_relaxed/normal_speech/D8rC1GHnGXc_seg_099.wav,D8rC1GHnGXc,099,normal_speech,clean_pool,bb687dac6fd54edf31b0de72cd39fb5fd4449f4178900b08eab67035b130cb49,16000,1,2,48000,3.0,-32.92,0.4893,0.0
D8rC1GHnGXc_seg_100.wav,data/interim/segmented_clean_relaxed/normal_speech/D8rC1GHnGXc_seg_100.wav,D8rC1GHnGXc,100,normal_speech,clean_pool,c971dc9e9427bc8a59435404ccf7c16a75330b9ea523672ff67e2f1d802c8d4b,16000,1,2,48000,3.0,-31.81,0.4822,0.0
D8rC1GHnGXc_seg_101.wav,data/interim/segmented_clean_relaxed/normal_speech/D8rC1GHnGXc_seg_101.wav,D8rC1GHnGXc,101,normal_speech,clean_pool,78d0471114910c63b743410a5d18d20e7c47bc457a29d06bbbe969b696e41523,16000,1,2,48000,3.0,-32.65,0.5114,0.0
D8rC1GHnGXc_seg_102.wav,data/interim/segmented_clean_relaxed/normal_speech/D8rC1GHnGXc_seg_102.wav,D8rC1GHnGXc,102,normal_speech,clean_pool,ddd8e2ad5e6ef6cae937769ec862b96efaf1d0f687c8397e2880b99eb473954f,16000,1,2,48000,3.0,-33.16,0.387,0.0
D8rC1GHnGXc_seg_103.wav,data/interim/segmented_clean_relaxed/normal_speech/D8rC1GHnGXc_seg_103.wav,D8rC1GHnGXc,103,normal_speech,clean_pool,388e5889e1590931225ae289f8abab16dcb4eacb9061d8aa95e53177bb401157,16000,1,2,48000,3.0,-33.89,0.5272,0.0
D8rC1GHnGXc_seg_104.wav,data/interim/segmented_clean_relaxed/normal_speech/D8rC1GHnGXc_seg_104.wav,D8rC1GHnGXc,104,normal_speech,clean_pool,0ae6571c45b90627aa55fb3c65d7c75467e163483c124c3f12f8beb222e4991b,16000,1,2,48000,3.0,-32.75,0.4519,0.0
D8rC1GHnGXc_seg_105.wav,data/interim/segmented_clean_relaxed/normal_speech/D8rC1GHnGXc_seg_105.wav,D8rC1GHnGXc,105,normal_speech,clean_pool,dbab96ce11cb7972b087beb56c2a2e7980ed200b5912b11f13bc8b933757d6ab,16000,1,2,48000,3.0,-32.41,0.472,0.0
D8rC1GHnGXc_seg_106.wav,data/interim/segmented_clean_relaxed/normal_speech/D8rC1GHnGXc_seg_106.wav,D8rC1GHnGXc,106,normal_speech,clean_pool,684ef84f2381c6b86bc489ed322793cffdf84e81951ded9bde7aedd6c6e306c8,16000,1,2,48000,3.0,-33.3,0.4857,0.0
D8rC1GHnGXc_seg_107.wav,data/interim/segmented_clean_relaxed/normal_speech/D8rC1GHnGXc_seg_107.wav,D8rC1GHnGXc,107,normal_speech,clean_pool,5c86c03363874616d061359f1132efff93865f9c686bb3adcf1930448f243dbb,16000,1,2,48000,3.0,-31.16,0.5911,0.0
D8rC1GHnGXc_seg_108.wav,data/interim/segmented_clean_relaxed/normal_speech/D8rC1GHnGXc_seg_108.wav,D8rC1GHnGXc,108,normal_speech,clean_pool,53f74d9317edf9aa101502bbb82b17def0af580e930efa2c33c96611473672a5,16000,1,2,48000,3.0,-34.27,0.6041,0.0
D8rC1GHnGXc_seg_109.wav,data/interim/segmented_clean_relaxed/normal_speech/D8rC1GHnGXc_seg_109.wav,D8rC1GHnGXc,109,normal_speech,clean_pool,f7a9a458af1f0ab3edf561da81484e3675da8d98d7b44bf0182adde453801a32,16000,1,2,48000,3.0,-34.79,0.5136,0.0
D8rC1GHnGXc_seg_110.wav,data/interim/segmented_clean_relaxed/normal_speech/D8rC1GHnGXc_seg_110.wav,D8rC1GHnGXc,110,normal_speech,clean_pool,8942111f29b21a82a4a2792acd97015ffe9602d84bfcc0afe6528841e5ab21b1,16000,1,2,48000,3.0,-30.42,0.5338,0.0
D8rC1GHnGXc_seg_111.wav,data/interim/segmented_clean_relaxed/normal_speech/D8rC1GHnGXc_seg_111.wav,D8rC1GHnGXc,111,normal_speech,clean_pool,9b61e4b740f87ddf8488a60cc5dd7ae406356c6e395a31612fe33d9b58ff84a6,16000,1,2,48000,3.0,-34.06,0.5001,0.0
D8rC1GHnGXc_seg_112.wav,data/interim/segmented_clean_relaxed/normal_speech/D8rC1GHnGXc_seg_112.wav,D8rC1GHnGXc,112,normal_speech,clean_pool,37e15adf04b3c6ab72992ff9c46851760d63da15c6c922e28927c1b0eb767d12,16000,1,2,48000,3.0,-34.02,0.6911,0.0
D8rC1GHnGXc_seg_113.wav,data/interim/segmented_clean_relaxed/normal_speech/D8rC1GHnGXc_seg_113.wav,D8rC1GHnGXc,113,normal_speech,clean_pool,a42e0bc034b47fd97be360fbe3709ab162af420e85e90ff7741072f3e316cc0b,16000,1,2,48000,3.0,-33.54,0.4054,0.0
D8rC1GHnGXc_seg_114.wav,data/interim/segmented_clean_relaxed/normal_speech/D8rC1GHnGXc_seg_114.wav,D8rC1GHnGXc,114,normal_speech,clean_pool,dcab5a2058d7970879bbd5719d7b9a9c63b90fcd15b42b634ffffa53dcc64210,16000,1,2,48000,3.0,-28.74,0.4584,0.0
D8rC1GHnGXc_seg_115.wav,data/interim/segmented_clean_relaxed/normal_speech/D8rC1GHnGXc_seg_115.wav,D8rC1GHnGXc,115,normal_speech,clean_pool,093c47cca4a2219f74092e1d03ecd7abd9baabc1614824842366ac1c5ce4d82b,16000,1,2,48000,3.0,-31.57,0.3977,0.0
D8rC1GHnGXc_seg_116.wav,data/interim/segmented_clean_relaxed/normal_speech/D8rC1GHnGXc_seg_116.wav,D8rC1GHnGXc,116,normal_speech,clean_pool,509ea4ae0910d2b58a1e00ffa59aa78f16d9c1ca9f3cfc670ed0b9959909f2d7,16000,1,2,48000,3.0,-33.53,0.5524,0.0
D8rC1GHnGXc_seg_117.wav,data/interim/segmented_clean_relaxed/normal_speech/D8rC1GHnGXc_seg_117.wav,D8rC1GHnGXc,117,normal_speech,clean_pool,c83c1ec1164f1f298d897b62d54034112ac0f65bd1a4a5bdba756bc215e9b439,16000,1,2,48000,3.0,-34.39,0.6694,0.0
D8rC1GHnGXc_seg_118.wav,data/interim/segmented_clean_relaxed/normal_speech/D8rC1GHnGXc_seg_118.wav,D8rC1GHnGXc,118,normal_speech,clean_pool,ac401ffc52313866b2ae911cb2cd4aa4b6761b4742037406284604a10b8b7d10,16000,1,2,48000,3.0,-30.0,0.5046,0.0
D8rC1GHnGXc_seg_119.wav,data/interim/segmented_clean_relaxed/normal_speech/D8rC1GHnGXc_seg_119.wav,D8rC1GHnGXc,119,normal_speech,clean_pool,5e35ed5c1e54bfe1f6cb48daa043359d64c6c88b75db2f8c79e3fdecce855a8a,16000,1,2,48000,3.0,-32.67,0.3778,0.0
D8rC1GHnGXc_seg_120.wav,data/interim/segmented_clean_relaxed/normal_speech/D8rC1GHnGXc_seg_120.wav,D8rC1GHnGXc,120,normal_speech,clean_pool,a6ebeec3cf13e49e7b00c73db3e6f3d4f0309bac1083ee04d90c6795efe8f1d2,16000,1,2,48000,3.0,-33.8,0.471,0.0
D8rC1GHnGXc_seg_121.wav,data/interim/segmented_clean_relaxed/normal_speech/D8rC1GHnGXc_seg_121.wav,D8rC1GHnGXc,121,normal_speech,clean_pool,9c4956ddc4d1fb0a2747c87969ccc331db1c474b11b76ab3f0ffce6f0761395d,16000,1,2,48000,3.0,-34.52,0.5144,0.0
D8rC1GHnGXc_seg_122.wav,data/interim/segmented_clean_relaxed/normal_speech/D8rC1GHnGXc_seg_122.wav,D8rC1GHnGXc,122,normal_speech,clean_pool,470314ba80e198e2853f64e193567d8bdb3fce98957708cbe50cd92593866c4d,16000,1,2,48000,3.0,-36.03,0.7116,0.0
D8rC1GHnGXc_seg_123.wav,data/interim/segmented_clean_relaxed/normal_speech/D8rC1GHnGXc_seg_123.wav,D8rC1GHnGXc,123,normal_speech,clean_pool,f41b6d128e1b80e740afd4892a590b2035d7499dca56aad1138eeba5279b7bea,16000,1,2,48000,3.0,-32.95,0.6024,0.0
D8rC1GHnGXc_seg_124.wav,data/interim/segmented_clean_relaxed/normal_speech/D8rC1GHnGXc_seg_124.wav,D8rC1GHnGXc,124,normal_speech,clean_pool,67808e65fc3120a7307ce08d908e48e5c1760db441719efb02d747f0240c310b,16000,1,2,48000,3.0,-30.27,0.4796,0.0
D8rC1GHnGXc_seg_125.wav,data/interim/segmented_clean_relaxed/normal_speech/D8rC1GHnGXc_seg_125.wav,D8rC1GHnGXc,125,normal_speech,clean_pool,d9a7178cd0c6fef48a330b0ff9e8bf95ca459910285e18b03c2b1ea035a5d8f0,16000,1,2,48000,3.0,-33.15,0.5539,0.0
D8rC1GHnGXc_seg_126.wav,data/interim/segmented_clean_relaxed/normal_speech/D8rC1GHnGXc_seg_126.wav,D8rC1GHnGXc,126,normal_speech,clean_pool,13026cc3db9b6adde9dfe406fdea68ae31019f98d0f2b200a0d405b22d54c12a,16000,1,2,48000,3.0,-31.72,0.4759,0.0
D8rC1GHnGXc_seg_127.wav,data/interim/segmented_clean_relaxed/normal_speech/D8rC1GHnGXc_seg_127.wav,D8rC1GHnGXc,127,normal_speech,clean_pool,9ccaf998370546712c1a15632b4020b8381f0eddef7ef67afe945c9dccaacc7c,16000,1,2,48000,3.0,-32.69,0.4922,0.0
D8rC1GHnGXc_seg_128.wav,data/interim/segmented_clean_relaxed/normal_speech/D8rC1GHnGXc_seg_128.wav,D8rC1GHnGXc,128,normal_speech,clean_pool,d34dd5696a6ccf94db092022de44964c290dd1502bd2660155d608a7cae5575b,16000,1,2,48000,3.0,-32.33,0.552,0.0
D8rC1GHnGXc_seg_129.wav,data/interim/segmented_clean_relaxed/normal_speech/D8rC1GHnGXc_seg_129.wav,D8rC1GHnGXc,129,normal_speech,clean_pool,d18181e2ac23413d40bd6e60c922558926dfee2a28110ac2f9e84c8072978f53,16000,1,2,48000,3.0,-29.19,0.5792,0.0
D8rC1GHnGXc_seg_130.wav,data/interim/segmented_clean_relaxed/normal_speech/D8rC1GHnGXc_seg_130.wav,D8rC1GHnGXc,130,normal_speech,clean_pool,42b2aad2b1ba90937e439220d67973e475bc342a1bde2a20cc16c60ee3dde8ed,16000,1,2,48000,3.0,-34.11,0.4869,0.0
D8rC1GHnGXc_seg_131.wav,data/interim/segmented_clean_relaxed/normal_speech/D8rC1GHnGXc_seg_131.wav,D8rC1GHnGXc,131,normal_speech,clean_pool,7a888dda45c1f18da1d88d51295eba8f53a7b978443fd3a5fd40018fcfdd9e71,16000,1,2,48000,3.0,-30.88,0.4958,0.0
D8rC1GHnGXc_seg_132.wav,data/interim/segmented_clean_relaxed/normal_speech/D8rC1GHnGXc_seg_132.wav,D8rC1GHnGXc,132,normal_speech,clean_pool,06fda8db07538d6edb1849a94d6b92a02f45f0fe1040efb8f8c2063c29c3cf13,16000,1,2,48000,3.0,-34.84,0.7106,0.0
D8rC1GHnGXc_seg_133.wav,data/interim/segmented_clean_relaxed/normal_speech/D8rC1GHnGXc_seg_133.wav,D8rC1GHnGXc,133,normal_speech,clean_pool,5f82e5ee2b52fddd19e83a6be971fd76ccb31059e0894097b25748c966494f47,16000,1,2,48000,3.0,-31.02,0.3954,0.0
D8rC1GHnGXc_seg_134.wav,data/interim/segmented_clean_relaxed/normal_speech/D8rC1GHnGXc_seg_134.wav,D8rC1GHnGXc,134,normal_speech,clean_pool,825d612047097a4553ca083aab6396ed359e621dd787e5593e7d4a96bebd62d4,16000,1,2,48000,3.0,-30.29,0.4882,0.0
D8rC1GHnGXc_seg_135.wav,data/interim/segmented_clean_relaxed/normal_speech/D8rC1GHnGXc_seg_135.wav,D8rC1GHnGXc,135,normal_speech,clean_pool,6e15cc173970cfc0baab92a6e853bc14ba73b794b8dc834115f6979f628e8f35,16000,1,2,48000,3.0,-30.51,0.4708,0.0
D8rC1GHnGXc_seg_136.wav,data/interim/segmented_clean_relaxed/normal_speech/D8rC1GHnGXc_seg_136.wav,D8rC1GHnGXc,136,normal_speech,clean_pool,2c1a330d5f34058a6ca27336f2fa06c94188ad76abe831b77ae0d85a30352429,16000,1,2,48000,3.0,-35.29,0.6428,0.0
D8rC1GHnGXc_seg_137.wav,data/interim/segmented_clean_relaxed/normal_speech/D8rC1GHnGXc_seg_137.wav,D8rC1GHnGXc,137,normal_speech,clean_pool,31ea5c3d624d7746152ed1288b66a86883780ff160ad232c0edc832b4c95dd0b,16000,1,2,48000,3.0,-37.94,0.6349,0.0
D8rC1GHnGXc_seg_138.wav,data/interim/segmented_clean_relaxed/normal_speech/D8rC1GHnGXc_seg_138.wav,D8rC1GHnGXc,138,normal_speech,clean_pool,9369b4fed637f8380a8cd3aabeddf30f6f2cdf60ee7ccbaad67939c0d6fb4c33,16000,1,2,48000,3.0,-33.51,0.515,0.0
D8rC1GHnGXc_seg_139.wav,data/interim/segmented_clean_relaxed/normal_speech/D8rC1GHnGXc_seg_139.wav,D8rC1GHnGXc,139,normal_speech,clean_pool,7dccd45e4e614766bd57fb063dad0d32f9ea1d6621018d466d24533cecd7c344,16000,1,2,48000,3.0,-37.8,0.7554,0.0
D8rC1GHnGXc_seg_140.wav,data/interim/segmented_clean_relaxed/normal_speech/D8rC1GHnGXc_seg_140.wav,D8rC1GHnGXc,140,normal_speech,clean_pool,58c7160e94c6cde6249ee47702a2111698dcbff9e041da69dc347b1825f29a2f,16000,1,2,48000,3.0,-33.07,0.4847,0.0
D8rC1GHnGXc_seg_141.wav,data/interim/segmented_clean_relaxed/normal_speech/D8rC1GHnGXc_seg_141.wav,D8rC1GHnGXc,141,normal_speech,clean_pool,7ba8806f43048b416e08ebf0f50907a7e8596ab50cb526928a1f8d49fabc4b05,16000,1,2,48000,3.0,-35.38,0.6034,0.0
D8rC1GHnGXc_seg_142.wav,data/interim/segmented_clean_relaxed/normal_speech/D8rC1GHnGXc_seg_142.wav,D8rC1GHnGXc,142,normal_speech,clean_pool,8f1162b60d30542fa8eced8e670a667ab1467dbb6fb0007eda0f162d5d0e6b9c,16000,1,2,48000,3.0,-32.07,0.738,0.0
D8rC1GHnGXc_seg_143.wav,data/interim/segmented_clean_relaxed/normal_speech/D8rC1GHnGXc_seg_143.wav,D8rC1GHnGXc,143,normal_speech,clean_pool,565acbe97c72e9671d544215d849f805eed9ed3f2b69af69a41f8deb4581ff41,16000,1,2,48000,3.0,-30.78,0.3883,0.0
D8rC1GHnGXc_seg_144.wav,data/interim/segmented_clean_relaxed/normal_speech/D8rC1GHnGXc_seg_144.wav,D8rC1GHnGXc,144,normal_speech,clean_pool,aaba061d1939ab64e80de57514886c0852d50a634248b2a56b02d827e4d0d582,16000,1,2,48000,3.0,-29.24,0.4506,0.0
D8rC1GHnGXc_seg_145.wav,data/interim/segmented_clean_relaxed/normal_speech/D8rC1GHnGXc_seg_145.wav,D8rC1GHnGXc,145,normal_speech,clean_pool,8beb9c8e0f4216218759aba715d344d91a99a60fc345714fa45a10d09bc7ed5b,16000,1,2,48000,3.0,-37.31,0.6415,0.0
D8rC1GHnGXc_seg_146.wav,data/interim/segmented_clean_relaxed/normal_speech/D8rC1GHnGXc_seg_146.wav,D8rC1GHnGXc,146,normal_speech,clean_pool,e4c59712d2f2067d4012d8c00549bb5c08d56f82f7a0072dcd677ed9f4e9cc65,16000,1,2,48000,3.0,-33.26,0.5446,0.0
D8rC1GHnGXc_seg_147.wav,data/interim/segmented_clean_relaxed/normal_speech/D8rC1GHnGXc_seg_147.wav,D8rC1GHnGXc,147,normal_speech,clean_pool,aec479a95480ffbeea0c2451dc1db80dce59fa564f79fc214aa455ae086db85d,16000,1,2,48000,3.0,-28.53,0.6651,0.0
D8rC1GHnGXc_seg_148.wav,data/interim/segmented_clean_relaxed/normal_speech/D8rC1GHnGXc_seg_148.wav,D8rC1GHnGXc,148,normal_speech,clean_pool,4c0dfc0d103c68fa2941e4af56d8e01e06035776d8a4b597c663409bd29e418e,16000,1,2,48000,3.0,-30.8,0.5516,0.0
D8rC1GHnGXc_seg_149.wav,data/interim/segmented_clean_relaxed/normal_speech/D8rC1GHnGXc_seg_149.wav,D8rC1GHnGXc,149,normal_speech,clean_pool,70fb6e4513dc9d140ea4f2234cab9c1f409d329df3e814ce284b61ff13fea46f,16000,1,2,48000,3.0,-28.4,0.3655,0.0
D8rC1GHnGXc_seg_150.wav,data/interim/segmented_clean_relaxed/normal_speech/D8rC1GHnGXc_seg_150.wav,D8rC1GHnGXc,150,normal_speech,clean_pool,aecfc22c98c24b81a93a7338fd60ee32b847c96d00f3b496fae26d6be393d382,16000,1,2,48000,3.0,-30.07,0.4132,0.0
D8rC1GHnGXc_seg_151.wav,data/interim/segmented_clean_relaxed/normal_speech/D8rC1GHnGXc_seg_151.wav,D8rC1GHnGXc,151,normal_speech,clean_pool,693a6fbb3527715e8b5e93c421a571da83bad599e89ef5162f272f0c58432794,16000,1,2,48000,3.0,-30.36,0.4322,0.0
D8rC1GHnGXc_seg_152.wav,data/interim/segmented_clean_relaxed/normal_speech/D8rC1GHnGXc_seg_152.wav,D8rC1GHnGXc,152,normal_speech,clean_pool,e6a809271b7acdeffe10dc19e62058b5e6a50339bde53fcff618c502f85e7161,16000,1,2,48000,3.0,-33.3,0.5298,0.0
D8rC1GHnGXc_seg_153.wav,data/interim/segmented_clean_relaxed/normal_speech/D8rC1GHnGXc_seg_153.wav,D8rC1GHnGXc,153,normal_speech,clean_pool,d338069578702b399467573e31c39ba11a71a2ccce37935f3917fe95f6f5f5d1,16000,1,2,48000,3.0,-32.41,0.4817,0.0
D8rC1GHnGXc_seg_154.wav,data/interim/segmented_clean_relaxed/normal_speech/D8rC1GHnGXc_seg_154.wav,D8rC1GHnGXc,154,normal_speech,clean_pool,e6f7c28768dfd9a881e0eee3a90b672dcc07b991d857490dd017cd0a2b046d09,16000,1,2,48000,3.0,-33.05,0.4889,0.0
D8rC1GHnGXc_seg_155.wav,data/interim/segmented_clean_relaxed/normal_speech/D8rC1GHnGXc_seg_155.wav,D8rC1GHnGXc,155,normal_speech,clean_pool,1e27b79b1ab4ebf05884479687175affee5cc0a98d7cdf5e3a052d051f009eb3,16000,1,2,48000,3.0,-32.77,0.5034,0.0
D8rC1GHnGXc_seg_156.wav,data/interim/segmented_clean_relaxed/normal_speech/D8rC1GHnGXc_seg_156.wav,D8rC1GHnGXc,156,normal_speech,clean_pool,8342db7616a1b03ead68bdc082954ea5f294d546ab7b26ac469af565ec492d3e,16000,1,2,48000,3.0,-34.66,0.5568,0.0
D8rC1GHnGXc_seg_157.wav,data/interim/segmented_clean_relaxed/normal_speech/D8rC1GHnGXc_seg_157.wav,D8rC1GHnGXc,157,normal_speech,clean_pool,67e22af4fdd55f95764b26a897c892c0cf8d85d2fb70b671807ad1bb67cb3d5f,16000,1,2,48000,3.0,-31.26,0.4777,0.0
D8rC1GHnGXc_seg_158.wav,data/interim/segmented_clean_relaxed/normal_speech/D8rC1GHnGXc_seg_158.wav,D8rC1GHnGXc,158,normal_speech,clean_pool,171b46d66eec6e288f7214c3ae9a9a634898e0a4d7da87297e0ccb227f78f4b5,16000,1,2,48000,3.0,-31.79,0.4601,0.0
D8rC1GHnGXc_seg_159.wav,data/interim/segmented_clean_relaxed/normal_speech/D8rC1GHnGXc_seg_159.wav,D8rC1GHnGXc,159,normal_speech,clean_pool,a478125f765187212cd6829e6a6deba6d8a9b2c98472abdd223ab6cfdce86609,16000,1,2,48000,3.0,-42.13,0.774,0.0
D8rC1GHnGXc_seg_160.wav,data/interim/segmented_clean_relaxed/normal_speech/D8rC1GHnGXc_seg_160.wav,D8rC1GHnGXc,160,normal_speech,clean_pool,8667dab76b51360e6ee4a158d8643fcf1fd9c1a92db9ac344bd0411f27b03281,16000,1,2,48000,3.0,-31.65,0.3852,0.0
D8rC1GHnGXc_seg_161.wav,data/interim/segmented_clean_relaxed/normal_speech/D8rC1GHnGXc_seg_161.wav,D8rC1GHnGXc,161,normal_speech,clean_pool,f523797b42414491c0920c382158327f51c39c4c2028f514751e1d644cd6de48,16000,1,2,48000,3.0,-32.74,0.4945,0.0
D8rC1GHnGXc_seg_162.wav,data/interim/segmented_clean_relaxed/normal_speech/D8rC1GHnGXc_seg_162.wav,D8rC1GHnGXc,162,normal_speech,clean_pool,cfed987001c60493c6f909e6bb377f071d6e87dea8d1bb19f486ae720078dbfb,16000,1,2,48000,3.0,-29.9,0.5226,0.0
D8rC1GHnGXc_seg_163.wav,data/interim/segmented_clean_relaxed/normal_speech/D8rC1GHnGXc_seg_163.wav,D8rC1GHnGXc,163,normal_speech,clean_pool,d5d6c81b2d5f051bb44cc5433c059b59d7712a90a886434884973ff50682b115,16000,1,2,48000,3.0,-31.79,0.4985,0.0
D8rC1GHnGXc_seg_164.wav,data/interim/segmented_clean_relaxed/normal_speech/D8rC1GHnGXc_seg_164.wav,D8rC1GHnGXc,164,normal_speech,clean_pool,cc650d213edbb321504b0fd2327cd6433e0789e39272f89fb7c2d010aa464cd5,16000,1,2,48000,3.0,-30.91,0.4906,0.0
D8rC1GHnGXc_seg_165.wav,data/interim/segmented_clean_relaxed/normal_speech/D8rC1GHnGXc_seg_165.wav,D8rC1GHnGXc,165,normal_speech,clean_pool,a66e608716470364e799a7e6d9c276553547fdd911c29d173cc19a17c43be25e,16000,1,2,48000,3.0,-32.06,0.512,0.0
D8rC1GHnGXc_seg_166.wav,data/interim/segmented_clean_relaxed/normal_speech/D8rC1GHnGXc_seg_166.wav,D8rC1GHnGXc,166,normal_speech,clean_pool,e18c96b79a6893b249922e9eff58a6ec2f0ee69233e4da0bf77ef6ff276dad20,16000,1,2,48000,3.0,-30.7,0.5724,0.0
D8rC1GHnGXc_seg_167.wav,data/interim/segmented_clean_relaxed/normal_speech/D8rC1GHnGXc_seg_167.wav,D8rC1GHnGXc,167,normal_speech,clean_pool,b162fc1293afea59c02008e28464e86ff4ed6b33da5e0d2047c1fd66f98c197f,16000,1,2,48000,3.0,-31.89,0.5371,0.0
D8rC1GHnGXc_seg_168.wav,data/interim/segmented_clean_relaxed/normal_speech/D8rC1GHnGXc_seg_168.wav,D8rC1GHnGXc,168,normal_speech,clean_pool,9d914196b969a07bf0ffe7a2ffce09226a015c8cbe293da13d1b41b2d6dd9e26,16000,1,2,48000,3.0,-33.12,0.4706,0.0
D8rC1GHnGXc_seg_169.wav,data/interim/segmented_clean_relaxed/normal_speech/D8rC1GHnGXc_seg_169.wav,D8rC1GHnGXc,169,normal_speech,clean_pool,e7ab9f7963985d3de0d1de7369cd69fb0debcc12b40b1390cfc09035d3370a29,16000,1,2,48000,3.0,-35.01,0.5676,0.0
D8rC1GHnGXc_seg_170.wav,data/interim/segmented_clean_relaxed/normal_speech/D8rC1GHnGXc_seg_170.wav,D8rC1GHnGXc,170,normal_speech,clean_pool,65d99925211acce0d0ccb2606b74832b1a4a7ee9488e41181ba0fc726c1c7af8,16000,1,2,48000,3.0,-29.61,0.5695,0.0
D8rC1GHnGXc_seg_171.wav,data/interim/segmented_clean_relaxed/normal_speech/D8rC1GHnGXc_seg_171.wav,D8rC1GHnGXc,171,normal_speech,clean_pool,02c389430fc3fb6ddbb96a93162259ab8acab9dfc3fe8c9c5a8da8ee6157d7c8,16000,1,2,48000,3.0,-34.83,0.4905,0.0
D8rC1GHnGXc_seg_172.wav,data/interim/segmented_clean_relaxed/normal_speech/D8rC1GHnGXc_seg_172.wav,D8rC1GHnGXc,172,normal_speech,clean_pool,d2d63720302c2a68417498a43b585f204093abc1fc969d26dc2d1f478d625423,16000,1,2,48000,3.0,-38.97,0.6928,0.0
D8rC1GHnGXc_seg_173.wav,data/interim/segmented_clean_relaxed/normal_speech/D8rC1GHnGXc_seg_173.wav,D8rC1GHnGXc,173,normal_speech,clean_pool,1b0b4b13ef5cbffd364f3e2a00c229a96c6cf68de5a4ff0b87f8d4bec062d025,16000,1,2,48000,3.0,-31.31,0.4544,0.0
D8rC1GHnGXc_seg_174.wav,data/interim/segmented_clean_relaxed/normal_speech/D8rC1GHnGXc_seg_174.wav,D8rC1GHnGXc,174,normal_speech,clean_pool,0c6b78acb5bc21556f91726e6a16dde619557f581beeda4e3c5f98f63a092d9f,16000,1,2,48000,3.0,-33.49,0.4518,0.0
D8rC1GHnGXc_seg_175.wav,data/interim/segmented_clean_relaxed/normal_speech/D8rC1GHnGXc_seg_175.wav,D8rC1GHnGXc,175,normal_speech,clean_pool,2727426cdf68bf100966a4c7618073f7d2ba2e1113f59e251b4e3093adb67dd7,16000,1,2,48000,3.0,-33.97,0.4833,0.0
D8rC1GHnGXc_seg_176.wav,data/interim/segmented_clean_relaxed/normal_speech/D8rC1GHnGXc_seg_176.wav,D8rC1GHnGXc,176,normal_speech,clean_pool,af81bb96534dd9e51530fc613d328818ce397f0892ec50927d2e2b6c31c193bc,16000,1,2,48000,3.0,-33.33,0.5623,0.0
D8rC1GHnGXc_seg_177.wav,data/interim/segmented_clean_relaxed/normal_speech/D8rC1GHnGXc_seg_177.wav,D8rC1GHnGXc,177,normal_speech,clean_pool,7b108de74db953565c4c16c54294dcaeb43e6dfaa279679aa4e6af9f317accab,16000,1,2,48000,3.0,-30.78,0.4396,0.0
D8rC1GHnGXc_seg_178.wav,data/interim/segmented_clean_relaxed/normal_speech/D8rC1GHnGXc_seg_178.wav,D8rC1GHnGXc,178,normal_speech,clean_pool,3d55e4106d634c458a51ec328bc89162cfe499ff66c2362801496683038bf1ed,16000,1,2,48000,3.0,-32.75,0.5575,0.0
D8rC1GHnGXc_seg_179.wav,data/interim/segmented_clean_relaxed/normal_speech/D8rC1GHnGXc_seg_179.wav,D8rC1GHnGXc,179,normal_speech,clean_pool,9da58f3dd00590ffe6a97cabb1f3e31f05e603205e1886a9a0b50ad0012ea400,16000,1,2,48000,3.0,-32.7,0.5111,0.0
D8rC1GHnGXc_seg_180.wav,data/interim/segmented_clean_relaxed/normal_speech/D8rC1GHnGXc_seg_180.wav,D8rC1GHnGXc,180,normal_speech,clean_pool,aa42df9a725faf1e4bdab2603d89ade82653ea5a8875bdb586c90b828a5e364f,16000,1,2,48000,3.0,-28.69,0.5198,0.0
D8rC1GHnGXc_seg_181.wav,data/interim/segmented_clean_relaxed/normal_speech/D8rC1GHnGXc_seg_181.wav,D8rC1GHnGXc,181,normal_speech,clean_pool,78cee51414db37aef6dff79048f69b76e089371f28b1448076b61ce7392bfa74,16000,1,2,48000,3.0,-34.29,0.4551,0.0
D8rC1GHnGXc_seg_182.wav,data/interim/segmented_clean_relaxed/normal_speech/D8rC1GHnGXc_seg_182.wav,D8rC1GHnGXc,182,normal_speech,clean_pool,ee1649a9342c8cbec0b0b7847b1a73bdf96bb1792d17ac9a2bfe4ffb670b5d14,16000,1,2,48000,3.0,-32.97,0.5821,0.0
D8rC1GHnGXc_seg_183.wav,data/interim/segmented_clean_relaxed/normal_speech/D8rC1GHnGXc_seg_183.wav,D8rC1GHnGXc,183,normal_speech,clean_pool,9de62a1435c9d22b8ae9044598e4b2152cac4537dcc95e74b4f7507da5cf6df2,16000,1,2,48000,3.0,-36.07,0.6787,0.0
D8rC1GHnGXc_seg_184.wav,data/interim/segmented_clean_relaxed/normal_speech/D8rC1GHnGXc_seg_184.wav,D8rC1GHnGXc,184,normal_speech,clean_pool,30ce0b3490183912617ef078d3e2f3754a18f36f7bbcd8cc53fac1f270f16c6e,16000,1,2,48000,3.0,-33.35,0.5578,0.0
D8rC1GHnGXc_seg_185.wav,data/interim/segmented_clean_relaxed/normal_speech/D8rC1GHnGXc_seg_185.wav,D8rC1GHnGXc,185,normal_speech,clean_pool,e9dd1a88e51185584cfc5a04e67ca1981c64210dcb027ea8ae1cb55fcedf8d04,16000,1,2,48000,3.0,-37.51,0.6076,0.0
D8rC1GHnGXc_seg_186.wav,data/interim/segmented_clean_relaxed/normal_speech/D8rC1GHnGXc_seg_186.wav,D8rC1GHnGXc,186,normal_speech,clean_pool,7677d34be8078d70ff672f575a05050fbafe30f9591490bf2c2e2c6d948baa04,16000,1,2,48000,3.0,-30.91,0.7859,0.0
D8rC1GHnGXc_seg_187.wav,data/interim/segmented_clean_relaxed/normal_speech/D8rC1GHnGXc_seg_187.wav,D8rC1GHnGXc,187,normal_speech,clean_pool,a3115dfe16b428b88c606e5e8a986935f3c24b5c6442139ec8a80497d0b4b029,16000,1,2,48000,3.0,-27.9,0.5045,0.0
D8rC1GHnGXc_seg_188.wav,data/interim/segmented_clean_relaxed/normal_speech/D8rC1GHnGXc_seg_188.wav,D8rC1GHnGXc,188,normal_speech,clean_pool,827ccc0a70d5359d4c9b5830af76b7a026dcb0500bc7949e135ee8893cd20ddd,16000,1,2,48000,3.0,-35.1,0.6125,0.0
D8rC1GHnGXc_seg_189.wav,data/interim/segmented_clean_relaxed/normal_speech/D8rC1GHnGXc_seg_189.wav,D8rC1GHnGXc,189,normal_speech,clean_pool,9c43f255d646da1d741fe47f081887558cd8bac3c83cf3ecdd68ce9b4190553a,16000,1,2,48000,3.0,-34.25,0.4429,0.0
D8rC1GHnGXc_seg_190.wav,data/interim/segmented_clean_relaxed/normal_speech/D8rC1GHnGXc_seg_190.wav,D8rC1GHnGXc,190,normal_speech,clean_pool,21bf5cd78949fa23290f0abb21a5aa9bf4ad85dc63cf2d2ae98ea7841b32fe01,16000,1,2,48000,3.0,-35.57,0.638,0.0
D8rC1GHnGXc_seg_191.wav,data/interim/segmented_clean_relaxed/normal_speech/D8rC1GHnGXc_seg_191.wav,D8rC1GHnGXc,191,normal_speech,clean_pool,1a5fb6ab8e479261cad3a3110d1f4f7f0c1d25d15d70d004cfb7e272830b1287,16000,1,2,48000,3.0,-30.41,0.4749,0.0
D8rC1GHnGXc_seg_192.wav,data/interim/segmented_clean_relaxed/normal_speech/D8rC1GHnGXc_seg_192.wav,D8rC1GHnGXc,192,normal_speech,clean_pool,102f4f654ca916b293541d9df06c44602e46ff671905c2c0d4ab0f7082b50987,16000,1,2,48000,3.0,-34.42,0.5135,0.0
D8rC1GHnGXc_seg_193.wav,data/interim/segmented_clean_relaxed/normal_speech/D8rC1GHnGXc_seg_193.wav,D8rC1GHnGXc,193,normal_speech,clean_pool,d46da3efacb66e1fc2178a80257b0ae66e12d3dcc99faf7cfe87f2b961c7cf5a,16000,1,2,48000,3.0,-33.34,0.6886,0.0
D8rC1GHnGXc_seg_194.wav,data/interim/segmented_clean_relaxed/normal_speech/D8rC1GHnGXc_seg_194.wav,D8rC1GHnGXc,194,normal_speech,clean_pool,1de4cba4e6292dc79aa27bffd0e957647564f1c26645e6a352e9f689aecacdfc,16000,1,2,48000,3.0,-37.72,0.6974,0.0
D8rC1GHnGXc_seg_195.wav,data/interim/segmented_clean_relaxed/normal_speech/D8rC1GHnGXc_seg_195.wav,D8rC1GHnGXc,195,normal_speech,clean_pool,960d389c41d0b557ae77d3c481a398c842d94824ac390ed5cd0cf7050b811b6a,16000,1,2,48000,3.0,-28.37,0.5548,0.0
D8rC1GHnGXc_seg_196.wav,data/interim/segmented_clean_relaxed/normal_speech/D8rC1GHnGXc_seg_196.wav,D8rC1GHnGXc,196,normal_speech,clean_pool,27d39d255ea683f4834ccf11e6d893d7728832e107bd572f07652cd6393b4d79,16000,1,2,48000,3.0,-31.9,0.5114,0.0
D8rC1GHnGXc_seg_197.wav,data/interim/segmented_clean_relaxed/normal_speech/D8rC1GHnGXc_seg_197.wav,D8rC1GHnGXc,197,normal_speech,clean_pool,d4b43c241a67b9d950cddd7fb5e43301ce946b34c22147dbc84c6f33c60ba76d,16000,1,2,48000,3.0,-33.95,0.5197,0.0
D8rC1GHnGXc_seg_198.wav,data/interim/segmented_clean_relaxed/normal_speech/D8rC1GHnGXc_seg_198.wav,D8rC1GHnGXc,198,normal_speech,clean_pool,e541e430a2dbfa33cd5d5bba539f28da35442755c6cb81c8f2cb26c89613d7f9,16000,1,2,48000,3.0,-31.87,0.7069,0.0
D8rC1GHnGXc_seg_199.wav,data/interim/segmented_clean_relaxed/normal_speech/D8rC1GHnGXc_seg_199.wav,D8rC1GHnGXc,199,normal_speech,clean_pool,0223a79f2ad4c4e6aa8472b303b3187b7adea73c87cd86a12f13b3ad865155ae,16000,1,2,48000,3.0,-29.42,0.3991,0.0
D8rC1GHnGXc_seg_200.wav,data/interim/segmented_clean_relaxed/normal_speech/D8rC1GHnGXc_seg_200.wav,D8rC1GHnGXc,200,normal_speech,clean_pool,eee706b8de410d428c627b61adabf00bb0b8c892166eaa717ecfde79bd385d12,16000,1,2,48000,3.0,-30.36,0.5069,0.0
D8rC1GHnGXc_seg_201.wav,data/interim/segmented_clean_relaxed/normal_speech/D8rC1GHnGXc_seg_201.wav,D8rC1GHnGXc,201,normal_speech,clean_pool,6369a5efdfd2ba295b887c0f2caf21be3329b12b9ac914e75cab39eecbc4cfed,16000,1,2,48000,3.0,-30.84,0.3337,0.0
D8rC1GHnGXc_seg_202.wav,data/interim/segmented_clean_relaxed/normal_speech/D8rC1GHnGXc_seg_202.wav,D8rC1GHnGXc,202,normal_speech,clean_pool,c7741bf246ddc6bc4a8a326376bfdc7ac3265ec6fb8bda4518f6ab4b4180f236,16000,1,2,48000,3.0,-32.9,0.4365,0.0
D8rC1GHnGXc_seg_203.wav,data/interim/segmented_clean_relaxed/normal_speech/D8rC1GHnGXc_seg_203.wav,D8rC1GHnGXc,203,normal_speech,clean_pool,a8d031a4b45f52c58878cd81053f95b1e08b31865da83e9bc00d2097207f9f95,16000,1,2,48000,3.0,-35.46,0.5947,0.0
D8rC1GHnGXc_seg_204.wav,data/interim/segmented_clean_relaxed/normal_speech/D8rC1GHnGXc_seg_204.wav,D8rC1GHnGXc,204,normal_speech,clean_pool,eb004af8725e93ea94772dd0e6b3308a21d937a3130fb632aada87eac41d99e0,16000,1,2,48000,3.0,-27.96,0.4941,0.0
D8rC1GHnGXc_seg_205.wav,data/interim/segmented_clean_relaxed/normal_speech/D8rC1GHnGXc_seg_205.wav,D8rC1GHnGXc,205,normal_speech,clean_pool,823dcaf6e07f2a2fd09b19d19fbaba3ee4c406b5991cefccc50389031db16e64,16000,1,2,46224,2.889,-31.23,0.5241,0.0
Jl4Waz8TmyU_seg_000.wav,data/interim/segmented_clean_relaxed/normal_speech/Jl4Waz8TmyU_seg_000.wav,Jl4Waz8TmyU,000,normal_speech,clean_pool,2855659c2b90ad4ad4e67dd5d6bea82ee830320025200b47d13c2baecaa1b2d0,16000,1,2,48000,3.0,-18.35,0.1372,0.0
Jl4Waz8TmyU_seg_001.wav,data/interim/segmented_clean_relaxed/normal_speech/Jl4Waz8TmyU_seg_001.wav,Jl4Waz8TmyU,001,normal_speech,clean_pool,c964e241542803fb8e0daa03c4b822c1fafff01da00fa34a6c4a75fc6ab09095,16000,1,2,48000,3.0,-20.98,0.1464,0.0
Jl4Waz8TmyU_seg_002.wav,data/interim/segmented_clean_relaxed/normal_speech/Jl4Waz8TmyU_seg_002.wav,Jl4Waz8TmyU,002,normal_speech,clean_pool,a9ae430c44a508ab21dba07caeb6afc900ce31600075a9a67ab4060e1bb519eb,16000,1,2,48000,3.0,-21.25,0.1277,0.0
Jl4Waz8TmyU_seg_003.wav,data/interim/segmented_clean_relaxed/normal_speech/Jl4Waz8TmyU_seg_003.wav,Jl4Waz8TmyU,003,normal_speech,clean_pool,1e5cb8956b9387ddd6951c98448e373dda7f156fa8a298cbf3b1aaeec028bc0f,16000,1,2,48000,3.0,-18.47,0.1055,0.0
Jl4Waz8TmyU_seg_004.wav,data/interim/segmented_clean_relaxed/normal_speech/Jl4Waz8TmyU_seg_004.wav,Jl4Waz8TmyU,004,normal_speech,clean_pool,9a88e98c8f69ba2f8542584604f129041f5fb6dcc49f20b765bef6eef665822a,16000,1,2,48000,3.0,-19.55,0.1372,0.0
Jl4Waz8TmyU_seg_005.wav,data/interim/segmented_clean_relaxed/normal_speech/Jl4Waz8TmyU_seg_005.wav,Jl4Waz8TmyU,005,normal_speech,clean_pool,1c172408355d2a59d6971471faeee28980f57b3c43349cace03959042b697d38,16000,1,2,48000,3.0,-19.49,0.0998,0.0
Jl4Waz8TmyU_seg_006.wav,data/interim/segmented_clean_relaxed/normal_speech/Jl4Waz8TmyU_seg_006.wav,Jl4Waz8TmyU,006,normal_speech,clean_pool,6c77dba1e48f123ab65d7fc336aae566d77963513ccd53457ce5002e738be949,16000,1,2,48000,3.0,-19.06,0.102,0.0
Jl4Waz8TmyU_seg_007.wav,data/interim/segmented_clean_relaxed/normal_speech/Jl4Waz8TmyU_seg_007.wav,Jl4Waz8TmyU,007,normal_speech,clean_pool,5c035b7f817e06739097c97faf0e90dba092710d515ca2bcf6f0e90ba9ed83d2,16000,1,2,48000,3.0,-18.62,0.108,0.0
Jl4Waz8TmyU_seg_008.wav,data/interim/segmented_clean_relaxed/normal_speech/Jl4Waz8TmyU_seg_008.wav,Jl4Waz8TmyU,008,normal_speech,clean_pool,7aa17ee753398d7938a0279b225d571946a94d6e625e87bd5b724f36266770e1,16000,1,2,48000,3.0,-19.48,0.2153,0.0
Jl4Waz8TmyU_seg_009.wav,data/interim/segmented_clean_relaxed/normal_speech/Jl4Waz8TmyU_seg_009.wav,Jl4Waz8TmyU,009,normal_speech,clean_pool,90b12540ed78e9ae28800b0f0c1997f13cd6eee153642310cf1ae1f9dea005cf,16000,1,2,48000,3.0,-20.4,0.1854,0.0
Jl4Waz8TmyU_seg_010.wav,data/interim/segmented_clean_relaxed/normal_speech/Jl4Waz8TmyU_seg_010.wav,Jl4Waz8TmyU,010,normal_speech,clean_pool,4602c4762a6bd53c0dc54c110a06e00c2c9261b4ae3f2adaa7f2e240128129df,16000,1,2,48000,3.0,-19.32,0.1308,0.0
Jl4Waz8TmyU_seg_011.wav,data/interim/segmented_clean_relaxed/normal_speech/Jl4Waz8TmyU_seg_011.wav,Jl4Waz8TmyU,011,normal_speech,clean_pool,42e6a615a9d02c16e47f40bbc12207e6627d173d1dd97b98e779b0f2780aed44,16000,1,2,48000,3.0,-19.73,0.1069,0.0
Jl4Waz8TmyU_seg_012.wav,data/interim/segmented_clean_relaxed/normal_speech/Jl4Waz8TmyU_seg_012.wav,Jl4Waz8TmyU,012,normal_speech,clean_pool,d4deaa36ba89ed084b4460815ad4c1af6af0ff7416860cfd9522b312e7919fac,16000,1,2,48000,3.0,-18.98,0.118,0.0
Jl4Waz8TmyU_seg_013.wav,data/interim/segmented_clean_relaxed/normal_speech/Jl4Waz8TmyU_seg_013.wav,Jl4Waz8TmyU,013,normal_speech,clean_pool,fcf4031b21728d70802af79e12f258dee65e2b310a8c88549ddcb785ab0d2431,16000,1,2,48000,3.0,-19.66,0.1588,0.0
Jl4Waz8TmyU_seg_014.wav,data/interim/segmented_clean_relaxed/normal_speech/Jl4Waz8TmyU_seg_014.wav,Jl4Waz8TmyU,014,normal_speech,clean_pool,8832de66e1d22a84b066a1b45b6a29dcc25256cc7b7bbddde4e95eb2a8271817,16000,1,2,48000,3.0,-18.82,0.1692,0.0
Jl4Waz8TmyU_seg_015.wav,data/interim/segmented_clean_relaxed/normal_speech/Jl4Waz8TmyU_seg_015.wav,Jl4Waz8TmyU,015,normal_speech,clean_pool,041878b5947586d5d48475c31e36bd632ea92c5b7e8222d88c37b8ec5dfe8f9c,16000,1,2,48000,3.0,-18.48,0.1171,0.0
Jl4Waz8TmyU_seg_016.wav,data/interim/segmented_clean_relaxed/normal_speech/Jl4Waz8TmyU_seg_016.wav,Jl4Waz8TmyU,016,normal_speech,clean_pool,60f3d17c8e31a37d359776f2371f8a4b21178cae52fe75c0f4441417cb487fce,16000,1,2,48000,3.0,-17.78,0.0981,0.0
Jl4Waz8TmyU_seg_017.wav,data/interim/segmented_clean_relaxed/normal_speech/Jl4Waz8TmyU_seg_017.wav,Jl4Waz8TmyU,017,normal_speech,clean_pool,0928be4ed2c48b9b8cfc383a44ea62f3611febe9b2e474f55d265d56a1222cf9,16000,1,2,48000,3.0,-18.65,0.1115,0.0
Jl4Waz8TmyU_seg_018.wav,data/interim/segmented_clean_relaxed/normal_speech/Jl4Waz8TmyU_seg_018.wav,Jl4Waz8TmyU,018,normal_speech,clean_pool,aece9dbdbbdf10964e011b8bb30bc662e4c1b1a031bb2a6c78120c21216e1c80,16000,1,2,48000,3.0,-19.53,0.1389,0.0
Jl4Waz8TmyU_seg_019.wav,data/interim/segmented_clean_relaxed/normal_speech/Jl4Waz8TmyU_seg_019.wav,Jl4Waz8TmyU,019,normal_speech,clean_pool,0335e6aaffe0b7829c2fc0782cf54dbcb02cbeecf225ff678e8e87b8d6f8f6e1,16000,1,2,48000,3.0,-20.19,0.1687,0.0
Jl4Waz8TmyU_seg_020.wav,data/interim/segmented_clean_relaxed/normal_speech/Jl4Waz8TmyU_seg_020.wav,Jl4Waz8TmyU,020,normal_speech,clean_pool,c9842a04af6d1e983f290aece9911369954d23cb4eeb51054d4fe1ae1941ed6a,16000,1,2,48000,3.0,-18.65,0.0884,0.0
Jl4Waz8TmyU_seg_021.wav,data/interim/segmented_clean_relaxed/normal_speech/Jl4Waz8TmyU_seg_021.wav,Jl4Waz8TmyU,021,normal_speech,clean_pool,a2ea9617bf2e6336a3719ace47f0c21b1233766b3d0f69a26fa26b698d4cdb6c,16000,1,2,48000,3.0,-18.88,0.1006,0.0
Jl4Waz8TmyU_seg_022.wav,data/interim/segmented_clean_relaxed/normal_speech/Jl4Waz8TmyU_seg_022.wav,Jl4Waz8TmyU,022,normal_speech,clean_pool,7392099c55d69f4b647f25aa58a226c6474a8fbf4444d87d0d2f350c06c42ce0,16000,1,2,48000,3.0,-20.06,0.131,0.0
Jl4Waz8TmyU_seg_023.wav,data/interim/segmented_clean_relaxed/normal_speech/Jl4Waz8TmyU_seg_023.wav,Jl4Waz8TmyU,023,normal_speech,clean_pool,513a577a622fc1d44e4bcece4ba97ae11571d5e8778517ac808d1d1030627c31,16000,1,2,48000,3.0,-19.6,0.1298,0.0
Jl4Waz8TmyU_seg_024.wav,data/interim/segmented_clean_relaxed/normal_speech/Jl4Waz8TmyU_seg_024.wav,Jl4Waz8TmyU,024,normal_speech,clean_pool,7403501d048466abeb86d809180d0ab1442bf17a4464b5b8d8ee1980b5b0e210,16000,1,2,48000,3.0,-20.01,0.1087,0.0
Jl4Waz8TmyU_seg_025.wav,data/interim/segmented_clean_relaxed/normal_speech/Jl4Waz8TmyU_seg_025.wav,Jl4Waz8TmyU,025,normal_speech,clean_pool,41225b2d16c6cd34501e4cbf6f7adc4e92ef35ee2f3e428772c4006cca665d8d,16000,1,2,48000,3.0,-19.78,0.1019,0.0
Jl4Waz8TmyU_seg_026.wav,data/interim/segmented_clean_relaxed/normal_speech/Jl4Waz8TmyU_seg_026.wav,Jl4Waz8TmyU,026,normal_speech,clean_pool,6aa3a37160d4a609cf02f50e08026f6901f4cde414b7412f87736bc11537cc94,16000,1,2,48000,3.0,-20.53,0.1195,0.0
Jl4Waz8TmyU_seg_027.wav,data/interim/segmented_clean_relaxed/normal_speech/Jl4Waz8TmyU_seg_027.wav,Jl4Waz8TmyU,027,normal_speech,clean_pool,41a03f99f9d7f863b93c60a53c45613eb93f41b8fe7627cd8af1bb23f7a1e199,16000,1,2,48000,3.0,-20.15,0.1993,0.0
Jl4Waz8TmyU_seg_028.wav,data/interim/segmented_clean_relaxed/normal_speech/Jl4Waz8TmyU_seg_028.wav,Jl4Waz8TmyU,028,normal_speech,clean_pool,679af202864a9ba704afd64334688da51cb2c05c9d70d6e49b93961e6b27ec40,16000,1,2,48000,3.0,-19.76,0.1682,0.0
Jl4Waz8TmyU_seg_029.wav,data/interim/segmented_clean_relaxed/normal_speech/Jl4Waz8TmyU_seg_029.wav,Jl4Waz8TmyU,029,normal_speech,clean_pool,68e99c7f73ade1f9f47673288bdcd39707dded4dea7f1541d3704e7e194ec458,16000,1,2,48000,3.0,-19.16,0.1187,0.0
Jl4Waz8TmyU_seg_030.wav,data/interim/segmented_clean_relaxed/normal_speech/Jl4Waz8TmyU_seg_030.wav,Jl4Waz8TmyU,030,normal_speech,clean_pool,8467f97f184897097389703cfc7bf0bf507ca24c3b80f77c282c3d443132242f,16000,1,2,48000,3.0,-18.81,0.0878,0.0
Jl4Waz8TmyU_seg_031.wav,data/interim/segmented_clean_relaxed/normal_speech/Jl4Waz8TmyU_seg_031.wav,Jl4Waz8TmyU,031,normal_speech,clean_pool,203c29ebaacdef7fbc95b04cb70af71235af3a6304bfe7d959b527918643a497,16000,1,2,48000,3.0,-19.06,0.1331,0.0
Jl4Waz8TmyU_seg_032.wav,data/interim/segmented_clean_relaxed/normal_speech/Jl4Waz8TmyU_seg_032.wav,Jl4Waz8TmyU,032,normal_speech,clean_pool,7855ceba567785d951fe8888b3991fa5214c61862b94650d6ed8c161ee6f4c1e,16000,1,2,48000,3.0,-20.88,0.148,0.0
Jl4Waz8TmyU_seg_033.wav,data/interim/segmented_clean_relaxed/normal_speech/Jl4Waz8TmyU_seg_033.wav,Jl4Waz8TmyU,033,normal_speech,clean_pool,0e496f3b0efa6c6f52861022a368cef9ce5a96b867f9ab9b47e1d4558f77e9de,16000,1,2,48000,3.0,-19.14,0.1015,0.0
Jl4Waz8TmyU_seg_034.wav,data/interim/segmented_clean_relaxed/normal_speech/Jl4Waz8TmyU_seg_034.wav,Jl4Waz8TmyU,034,normal_speech,clean_pool,9a182ec26fe966d29831b03da8382a796209cc29698942c294da29339f064c58,16000,1,2,48000,3.0,-20.94,0.138,0.0
Jl4Waz8TmyU_seg_035.wav,data/interim/segmented_clean_relaxed/normal_speech/Jl4Waz8TmyU_seg_035.wav,Jl4Waz8TmyU,035,normal_speech,clean_pool,5567ed1cec3faab71c9cccf9dfba82c33b7365b7817efcbdebcaaf231cd44f7e,16000,1,2,48000,3.0,-20.13,0.1275,0.0
Jl4Waz8TmyU_seg_036.wav,data/interim/segmented_clean_relaxed/normal_speech/Jl4Waz8TmyU_seg_036.wav,Jl4Waz8TmyU,036,normal_speech,clean_pool,52596097f0425e1adccdac2d06416708ab24326e81807ae8a5e5b0015cb63407,16000,1,2,48000,3.0,-21.33,0.0966,0.0
Jl4Waz8TmyU_seg_037.wav,data/interim/segmented_clean_relaxed/normal_speech/Jl4Waz8TmyU_seg_037.wav,Jl4Waz8TmyU,037,normal_speech,clean_pool,41a5b67a62695b57ee213e1f1cc475ef1b5c25edf35b4484b7d3badd9feb0b54,16000,1,2,48000,3.0,-20.91,0.1126,0.0
Jl4Waz8TmyU_seg_038.wav,data/interim/segmented_clean_relaxed/normal_speech/Jl4Waz8TmyU_seg_038.wav,Jl4Waz8TmyU,038,normal_speech,clean_pool,40e8bad71ef40e81938346169e5eb9013bf0db693627d6a9f86f4c8adc203a40,16000,1,2,48000,3.0,-21.18,0.1107,0.0
Jl4Waz8TmyU_seg_039.wav,data/interim/segmented_clean_relaxed/normal_speech/Jl4Waz8TmyU_seg_039.wav,Jl4Waz8TmyU,039,normal_speech,clean_pool,1b5a1177316a1706cfc1375ad25539d39f15ee68aacd30b37ee6ba4843b226c0,16000,1,2,48000,3.0,-21.47,0.1769,0.0
Jl4Waz8TmyU_seg_040.wav,data/interim/segmented_clean_relaxed/normal_speech/Jl4Waz8TmyU_seg_040.wav,Jl4Waz8TmyU,040,normal_speech,clean_pool,77ddceda2771b015c2ef2e66de052bb094411c577d105044d68437b6660d706d,16000,1,2,48000,3.0,-21.18,0.1669,0.0
Jl4Waz8TmyU_seg_041.wav,data/interim/segmented_clean_relaxed/normal_speech/Jl4Waz8TmyU_seg_041.wav,Jl4Waz8TmyU,041,normal_speech,clean_pool,c1103e3374774164eea01a44089df6f98de7337945f1e5f638b2f659da233b41,16000,1,2,48000,3.0,-19.37,0.1263,0.0
Jl4Waz8TmyU_seg_042.wav,data/interim/segmented_clean_relaxed/normal_speech/Jl4Waz8TmyU_seg_042.wav,Jl4Waz8TmyU,042,normal_speech,clean_pool,5d24f661c7fcb8f384e44660eb2c117dbe1948099cb7b4693d9329c1571e1bd0,16000,1,2,48000,3.0,-21.46,0.1534,0.0
Jl4Waz8TmyU_seg_043.wav,data/interim/segmented_clean_relaxed/normal_speech/Jl4Waz8TmyU_seg_043.wav,Jl4Waz8TmyU,043,normal_speech,clean_pool,c862f7855032bfa0fec29f31f430aee2847c54e080ddc6f860e7de73521bfdc2,16000,1,2,48000,3.0,-19.61,0.1114,0.0
Jl4Waz8TmyU_seg_044.wav,data/interim/segmented_clean_relaxed/normal_speech/Jl4Waz8TmyU_seg_044.wav,Jl4Waz8TmyU,044,normal_speech,clean_pool,b52392604ef10be8cbe0e31cf2aa81a6a0f73f179f6698b43c7e26f8d2863b03,16000,1,2,48000,3.0,-21.76,0.1694,0.0
Jl4Waz8TmyU_seg_045.wav,data/interim/segmented_clean_relaxed/normal_speech/Jl4Waz8TmyU_seg_045.wav,Jl4Waz8TmyU,045,normal_speech,clean_pool,4f991d6d12fa68dc9e7337404237d9b7f52618eb6a1b81c47854bafb23c5848d,16000,1,2,48000,3.0,-19.48,0.1278,0.0
Jl4Waz8TmyU_seg_046.wav,data/interim/segmented_clean_relaxed/normal_speech/Jl4Waz8TmyU_seg_046.wav,Jl4Waz8TmyU,046,normal_speech,clean_pool,0e7f40ea629c08b71c7a986438b7a4f5e2c26b9a78817a4cb34f347ed5361dea,16000,1,2,48000,3.0,-21.18,0.1372,0.0
Jl4Waz8TmyU_seg_047.wav,data/interim/segmented_clean_relaxed/normal_speech/Jl4Waz8TmyU_seg_047.wav,Jl4Waz8TmyU,047,normal_speech,clean_pool,22333345ef8eab861b88c38acf27ae336b420667875422d2ac05f2ec06fc15a2,16000,1,2,48000,3.0,-19.11,0.1608,0.0
Jl4Waz8TmyU_seg_048.wav,data/interim/segmented_clean_relaxed/normal_speech/Jl4Waz8TmyU_seg_048.wav,Jl4Waz8TmyU,048,normal_speech,clean_pool,88e2d82506324709799135f80d5f930f0d5872cf24f17ca434305458ba7a1170,16000,1,2,48000,3.0,-20.14,0.2203,0.0
Jl4Waz8TmyU_seg_049.wav,data/interim/segmented_clean_relaxed/normal_speech/Jl4Waz8TmyU_seg_049.wav,Jl4Waz8TmyU,049,normal_speech,clean_pool,5f49a046f90f7330f804f9e0392408471a9b3fe098735497c5d66654ac256a18,16000,1,2,48000,3.0,-20.09,0.0954,0.0
Jl4Waz8TmyU_seg_050.wav,data/interim/segmented_clean_relaxed/normal_speech/Jl4Waz8TmyU_seg_050.wav,Jl4Waz8TmyU,050,normal_speech,clean_pool,4096e8665ed9b8e999eaf5a83d2a26d572d5d8b1df22e4f9dbf12d456d0ab808,16000,1,2,48000,3.0,-19.41,0.1456,0.0
Jl4Waz8TmyU_seg_051.wav,data/interim/segmented_clean_relaxed/normal_speech/Jl4Waz8TmyU_seg_051.wav,Jl4Waz8TmyU,051,normal_speech,clean_pool,4d461a5618f988970fe3df57a8c5bf768cc8de6b7ef111e9167a5b68acf649e1,16000,1,2,48000,3.0,-19.8,0.1096,0.0
Jl4Waz8TmyU_seg_052.wav,data/interim/segmented_clean_relaxed/normal_speech/Jl4Waz8TmyU_seg_052.wav,Jl4Waz8TmyU,052,normal_speech,clean_pool,e6523b9feca32673000047c2c050f09871f5bd22b44aa9a6d7a29c115e65dff6,16000,1,2,48000,3.0,-20.92,0.1704,0.0
Jl4Waz8TmyU_seg_053.wav,data/interim/segmented_clean_relaxed/normal_speech/Jl4Waz8TmyU_seg_053.wav,Jl4Waz8TmyU,053,normal_speech,clean_pool,a0800894673071acced5f0555fc05abc3c0a34429268f86f9e1a954c62c0e8c2,16000,1,2,48000,3.0,-20.78,0.1978,0.0
Jl4Waz8TmyU_seg_054.wav,data/interim/segmented_clean_relaxed/normal_speech/Jl4Waz8TmyU_seg_054.wav,Jl4Waz8TmyU,054,normal_speech,clean_pool,f52a2615409b9040a87b3162c3ff92ac687b4ab926e018b6ca91284a9f9e82db,16000,1,2,48000,3.0,-20.53,0.2757,0.0
Jl4Waz8TmyU_seg_055.wav,data/interim/segmented_clean_relaxed/normal_speech/Jl4Waz8TmyU_seg_055.wav,Jl4Waz8TmyU,055,normal_speech,clean_pool,069f87bb0d509ced9ead4102f157df84b6bf3406cd8df48fca1897d47108063e,16000,1,2,48000,3.0,-19.26,0.2163,0.0
Jl4Waz8TmyU_seg_056.wav,data/interim/segmented_clean_relaxed/normal_speech/Jl4Waz8TmyU_seg_056.wav,Jl4Waz8TmyU,056,normal_speech,clean_pool,b779262907b377948d69e4b666779ccb9a31d2567e5050e2203ff3c0377243fa,16000,1,2,48000,3.0,-21.9,0.1978,0.0
Jl4Waz8TmyU_seg_057.wav,data/interim/segmented_clean_relaxed/normal_speech/Jl4Waz8TmyU_seg_057.wav,Jl4Waz8TmyU,057,normal_speech,clean_pool,010ea0955f5f0e64973b95ba51b8fbc009a5fcf715dd7c374545828207d81526,16000,1,2,48000,3.0,-19.71,0.1743,0.0
Jl4Waz8TmyU_seg_058.wav,data/interim/segmented_clean_relaxed/normal_speech/Jl4Waz8TmyU_seg_058.wav,Jl4Waz8TmyU,058,normal_speech,clean_pool,23ebcce57099f0c44b2f13e38f97810d457d4b365cba67670505755150a27902,16000,1,2,48000,3.0,-20.72,0.2328,0.0
Jl4Waz8TmyU_seg_059.wav,data/interim/segmented_clean_relaxed/normal_speech/Jl4Waz8TmyU_seg_059.wav,Jl4Waz8TmyU,059,normal_speech,clean_pool,f18e716461e70be661798670c9f0f85a8558055ad0d08840f1a09952ff151a59,16000,1,2,48000,3.0,-21.14,0.1931,0.0
Jl4Waz8TmyU_seg_060.wav,data/interim/segmented_clean_relaxed/normal_speech/Jl4Waz8TmyU_seg_060.wav,Jl4Waz8TmyU,060,normal_speech,clean_pool,359bc30e2ac1ff92b1759049fe4a8e30959380f7663c9015fc1952cbec480727,16000,1,2,48000,3.0,-20.05,0.1566,0.0
Jl4Waz8TmyU_seg_061.wav,data/interim/segmented_clean_relaxed/normal_speech/Jl4Waz8TmyU_seg_061.wav,Jl4Waz8TmyU,061,normal_speech,clean_pool,1eec612a94f7fc799dbd3929c84f1dc8804abee0ddcb87096e474a3e4ad6bc12,16000,1,2,48000,3.0,-20.06,0.1659,0.0
Jl4Waz8TmyU_seg_062.wav,data/interim/segmented_clean_relaxed/normal_speech/Jl4Waz8TmyU_seg_062.wav,Jl4Waz8TmyU,062,normal_speech,clean_pool,9c8f1fbef3daf5fdf1dc5dec257a795429ed0b68822015d9bc5bd47a6a8463e7,16000,1,2,48000,3.0,-19.9,0.1905,0.0
Jl4Waz8TmyU_seg_063.wav,data/interim/segmented_clean_relaxed/normal_speech/Jl4Waz8TmyU_seg_063.wav,Jl4Waz8TmyU,063,normal_speech,clean_pool,01243ba6efce3ea4176e7740b9e8bf3b309c3252967017a1a336a50cc4f51a17,16000,1,2,48000,3.0,-19.88,0.0994,0.0
Jl4Waz8TmyU_seg_064.wav,data/interim/segmented_clean_relaxed/normal_speech/Jl4Waz8TmyU_seg_064.wav,Jl4Waz8TmyU,064,normal_speech,clean_pool,f299c4434ecdc97a0caeead73ad071f740b032e1eeac40f7b2dc359ae8aea4f4,16000,1,2,48000,3.0,-19.71,0.1135,0.0
Jl4Waz8TmyU_seg_065.wav,data/interim/segmented_clean_relaxed/normal_speech/Jl4Waz8TmyU_seg_065.wav,Jl4Waz8TmyU,065,normal_speech,clean_pool,86286a2c3212755d59d7b8b8ad6dbe5276270396f210d629bbb1a85ab2ab2ef7,16000,1,2,48000,3.0,-19.71,0.1237,0.0
Jl4Waz8TmyU_seg_066.wav,data/interim/segmented_clean_relaxed/normal_speech/Jl4Waz8TmyU_seg_066.wav,Jl4Waz8TmyU,066,normal_speech,clean_pool,9cd317cd3c9c3a12afd97765ce234c44721ec57340661cd7dc8ce3c449bf6e11,16000,1,2,48000,3.0,-19.51,0.2234,0.0
Jl4Waz8TmyU_seg_067.wav,data/interim/segmented_clean_relaxed/normal_speech/Jl4Waz8TmyU_seg_067.wav,Jl4Waz8TmyU,067,normal_speech,clean_pool,6611a6ec66af4d5955ec015b2c7fce36c6656a59c5adf7644151edc7b4202a45,16000,1,2,48000,3.0,-20.86,0.1502,0.0
Jl4Waz8TmyU_seg_068.wav,data/interim/segmented_clean_relaxed/normal_speech/Jl4Waz8TmyU_seg_068.wav,Jl4Waz8TmyU,068,normal_speech,clean_pool,b2618c5cb7101150576b0fd202d150023bfed6d8a9ab508a5768f92aeadae305,16000,1,2,48000,3.0,-19.66,0.1499,0.0
Jl4Waz8TmyU_seg_069.wav,data/interim/segmented_clean_relaxed/normal_speech/Jl4Waz8TmyU_seg_069.wav,Jl4Waz8TmyU,069,normal_speech,clean_pool,c84404432da7d25ddc561982ee515882a77a6aae3018c6df9e83b5643d2848e8,16000,1,2,48000,3.0,-19.8,0.1737,0.0
Jl4Waz8TmyU_seg_070.wav,data/interim/segmented_clean_relaxed/normal_speech/Jl4Waz8TmyU_seg_070.wav,Jl4Waz8TmyU,070,normal_speech,clean_pool,cfc59a6b335cf320c1760ab35f70da9cbbb445bb2bfac47cdc5a4c9555ab0b70,16000,1,2,48000,3.0,-20.53,0.1459,0.0
Jl4Waz8TmyU_seg_071.wav,data/interim/segmented_clean_relaxed/normal_speech/Jl4Waz8TmyU_seg_071.wav,Jl4Waz8TmyU,071,normal_speech,clean_pool,8c6215a5e4115034b73c68fc56c54306ebab02e2366042bf6712c3498ff9366c,16000,1,2,48000,3.0,-18.79,0.0945,0.0
Jl4Waz8TmyU_seg_072.wav,data/interim/segmented_clean_relaxed/normal_speech/Jl4Waz8TmyU_seg_072.wav,Jl4Waz8TmyU,072,normal_speech,clean_pool,ca3a0c98b7b83762606d50e94b4ba89225a40c441c64c42d3875aea2090c86da,16000,1,2,48000,3.0,-19.57,0.1432,0.0
Jl4Waz8TmyU_seg_073.wav,data/interim/segmented_clean_relaxed/normal_speech/Jl4Waz8TmyU_seg_073.wav,Jl4Waz8TmyU,073,normal_speech,clean_pool,01b35d98c5b1402fcc0a16e540bfe49fc2ef88a073c9c368380451f5fb85c0a2,16000,1,2,48000,3.0,-19.16,0.1002,0.0
Jl4Waz8TmyU_seg_074.wav,data/interim/segmented_clean_relaxed/normal_speech/Jl4Waz8TmyU_seg_074.wav,Jl4Waz8TmyU,074,normal_speech,clean_pool,1e5be479decb4ab0c925f4dd153768e8cf1ff33d90e4726a98be3e41290ed6bf,16000,1,2,48000,3.0,-20.25,0.1881,0.0
Jl4Waz8TmyU_seg_075.wav,data/interim/segmented_clean_relaxed/normal_speech/Jl4Waz8TmyU_seg_075.wav,Jl4Waz8TmyU,075,normal_speech,clean_pool,d4d1d841d08c342097eb3ec95204fc93a100677bf725372e3a2971a2d218ac14,16000,1,2,48000,3.0,-18.19,0.1504,0.0
Jl4Waz8TmyU_seg_076.wav,data/interim/segmented_clean_relaxed/normal_speech/Jl4Waz8TmyU_seg_076.wav,Jl4Waz8TmyU,076,normal_speech,clean_pool,f382f01b64b2f6dbf57429126bcc7dc1e587ee9daebaf0f71c176dbc166eaa5d,16000,1,2,48000,3.0,-18.96,0.1533,0.0
Jl4Waz8TmyU_seg_077.wav,data/interim/segmented_clean_relaxed/normal_speech/Jl4Waz8TmyU_seg_077.wav,Jl4Waz8TmyU,077,normal_speech,clean_pool,ab248f03b5446f390f2a55859fbd5e20795d7d2ebf177adcb9c166fa654caf41,16000,1,2,48000,3.0,-19.49,0.1111,0.0
Jl4Waz8TmyU_seg_078.wav,data/interim/segmented_clean_relaxed/normal_speech/Jl4Waz8TmyU_seg_078.wav,Jl4Waz8TmyU,078,normal_speech,clean_pool,1d57cdac02d23ff8c52d07bd919a965328f63ec7c98aca77b18b749b36fd747a,16000,1,2,48000,3.0,-19.32,0.0839,0.0
Jl4Waz8TmyU_seg_079.wav,data/interim/segmented_clean_relaxed/normal_speech/Jl4Waz8TmyU_seg_079.wav,Jl4Waz8TmyU,079,normal_speech,clean_pool,f6a2b755829d182ccf69a2695ba432c455e69674e414d407505d66a4adb4154b,16000,1,2,48000,3.0,-20.92,0.1889,0.0
Jl4Waz8TmyU_seg_080.wav,data/interim/segmented_clean_relaxed/normal_speech/Jl4Waz8TmyU_seg_080.wav,Jl4Waz8TmyU,080,normal_speech,clean_pool,fb7011f64b5be99915ef9fd63116ea56ad0e08cdb27b144e3ab848ba855c70d1,16000,1,2,48000,3.0,-19.4,0.1432,0.0
Jl4Waz8TmyU_seg_081.wav,data/interim/segmented_clean_relaxed/normal_speech/Jl4Waz8TmyU_seg_081.wav,Jl4Waz8TmyU,081,normal_speech,clean_pool,5105d41bc6ac381675abdcc4e6dcf63dc2ed9fe079f69f74b98ceac25d7d46e3,16000,1,2,48000,3.0,-20.14,0.1052,0.0
Jl4Waz8TmyU_seg_082.wav,data/interim/segmented_clean_relaxed/normal_speech/Jl4Waz8TmyU_seg_082.wav,Jl4Waz8TmyU,082,normal_speech,clean_pool,2df1dc2be42791c68329dad90e8fe103a3c51138821a339936f145f61bfb5d6b,16000,1,2,48000,3.0,-21.05,0.1394,0.0
Jl4Waz8TmyU_seg_083.wav,data/interim/segmented_clean_relaxed/normal_speech/Jl4Waz8TmyU_seg_083.wav,Jl4Waz8TmyU,083,normal_speech,clean_pool,f12c64bc61561c531deaa66e23f32bdad73a5a53c5fcffd240472c15ba10132d,16000,1,2,48000,3.0,-20.55,0.1501,0.0
Jl4Waz8TmyU_seg_084.wav,data/interim/segmented_clean_relaxed/normal_speech/Jl4Waz8TmyU_seg_084.wav,Jl4Waz8TmyU,084,normal_speech,clean_pool,12038ea892f72da2113df1b6bb682892cfd5b008636060bdc11c82fa433859ee,16000,1,2,48000,3.0,-19.55,0.3154,0.0
Jl4Waz8TmyU_seg_085.wav,data/interim/segmented_clean_relaxed/normal_speech/Jl4Waz8TmyU_seg_085.wav,Jl4Waz8TmyU,085,normal_speech,clean_pool,a1d568dce333731f8766883d0bfc57bb079e44bf3142cf45f10991a26b7ff080,16000,1,2,48000,3.0,-19.68,0.1163,0.0
Jl4Waz8TmyU_seg_086.wav,data/interim/segmented_clean_relaxed/normal_speech/Jl4Waz8TmyU_seg_086.wav,Jl4Waz8TmyU,086,normal_speech,clean_pool,beee4b4563a9a1b784247b09044ddf950d2cf3b073e1cdecb91c59509ac9e328,16000,1,2,48000,3.0,-20.11,0.1638,0.0
Jl4Waz8TmyU_seg_087.wav,data/interim/segmented_clean_relaxed/normal_speech/Jl4Waz8TmyU_seg_087.wav,Jl4Waz8TmyU,087,normal_speech,clean_pool,a290a8bc2eb6856ba621e7b054d90e0ad6b4270d74427cac1516e63c7a006053,16000,1,2,48000,3.0,-19.14,0.0854,0.0
Jl4Waz8TmyU_seg_088.wav,data/interim/segmented_clean_relaxed/normal_speech/Jl4Waz8TmyU_seg_088.wav,Jl4Waz8TmyU,088,normal_speech,clean_pool,3cc013f45bbbd22e0868d2e913bb6ac623e558c6064d39ae4dd8a850656a5755,16000,1,2,48000,3.0,-20.11,0.1194,0.0
Jl4Waz8TmyU_seg_089.wav,data/interim/segmented_clean_relaxed/normal_speech/Jl4Waz8TmyU_seg_089.wav,Jl4Waz8TmyU,089,normal_speech,clean_pool,ce440b655e7fb4da77634fbf14606f916f1cb6eeacac428280e854d797403381,16000,1,2,48000,3.0,-19.18,0.1984,0.0
Jl4Waz8TmyU_seg_090.wav,data/interim/segmented_clean_relaxed/normal_speech/Jl4Waz8TmyU_seg_090.wav,Jl4Waz8TmyU,090,normal_speech,clean_pool,59c237b7c410c34fe19d446c750b320ed8caef6bcf006d149828dc9b0c74eabd,16000,1,2,48000,3.0,-18.93,0.1665,0.0
Jl4Waz8TmyU_seg_091.wav,data/interim/segmented_clean_relaxed/normal_speech/Jl4Waz8TmyU_seg_091.wav,Jl4Waz8TmyU,091,normal_speech,clean_pool,e8aec9c73f5bbe193f79b9f5230506b4fa7c331610dcb1cd0185ff947b4472ed,16000,1,2,48000,3.0,-18.92,0.1191,0.0
Jl4Waz8TmyU_seg_092.wav,data/interim/segmented_clean_relaxed/normal_speech/Jl4Waz8TmyU_seg_092.wav,Jl4Waz8TmyU,092,normal_speech,clean_pool,a997f46baabcd2dc6391331ca8cb543cfd593baa4e18cec5f95542855e177222,16000,1,2,48000,3.0,-19.28,0.1966,0.0
Jl4Waz8TmyU_seg_093.wav,data/interim/segmented_clean_relaxed/normal_speech/Jl4Waz8TmyU_seg_093.wav,Jl4Waz8TmyU,093,normal_speech,clean_pool,c5d75cbc9723e015fba23bd9c6ef6dab746d0937f96bf6bb88758f85cb536697,16000,1,2,48000,3.0,-19.71,0.1178,0.0
Jl4Waz8TmyU_seg_094.wav,data/interim/segmented_clean_relaxed/normal_speech/Jl4Waz8TmyU_seg_094.wav,Jl4Waz8TmyU,094,normal_speech,clean_pool,1ba55fb5c7b62708c93c30038d7a12d8194436c70d5959eb8aa1610139db0fd4,16000,1,2,48000,3.0,-18.9,0.1644,0.0
Jl4Waz8TmyU_seg_095.wav,data/interim/segmented_clean_relaxed/normal_speech/Jl4Waz8TmyU_seg_095.wav,Jl4Waz8TmyU,095,normal_speech,clean_pool,9e1840d26d920204ddcbbb6e124702ced92253a6e64e944c3b6e3d970b3bafbc,16000,1,2,48000,3.0,-21.39,0.2144,0.0
Jl4Waz8TmyU_seg_096.wav,data/interim/segmented_clean_relaxed/normal_speech/Jl4Waz8TmyU_seg_096.wav,Jl4Waz8TmyU,096,normal_speech,clean_pool,264cb80226964d9fa7744fb696f7368f8145f119ce8553e9c26c71bc7c430a05,16000,1,2,48000,3.0,-18.63,0.1616,0.0
Jl4Waz8TmyU_seg_097.wav,data/interim/segmented_clean_relaxed/normal_speech/Jl4Waz8TmyU_seg_097.wav,Jl4Waz8TmyU,097,normal_speech,clean_pool,3bd567c5c4f2b7e3ad599daf4dbe7312c9e45485d2ff72e1fb1fad505a16b1e2,16000,1,2,48000,3.0,-19.73,0.1754,0.0
Jl4Waz8TmyU_seg_098.wav,data/interim/segmented_clean_relaxed/normal_speech/Jl4Waz8TmyU_seg_098.wav,Jl4Waz8TmyU,098,normal_speech,clean_pool,30740c9d8ee1272dc111c8f6ebc759cbb90c8b195aa548e78d70dc532323fe35,16000,1,2,48000,3.0,-20.68,0.1578,0.0
Jl4Waz8TmyU_seg_099.wav,data/interim/segmented_clean_relaxed/normal_speech/Jl4Waz8TmyU_seg_099.wav,Jl4Waz8TmyU,099,normal_speech,clean_pool,f734f090715e56fd7334c6904da25e65fcd5673990826712d80c98532badfe05,16000,1,2,48000,3.0,-19.29,0.1929,0.0
Jl4Waz8TmyU_seg_100.wav,data/interim/segmented_clean_relaxed/normal_speech/Jl4Waz8TmyU_seg_100.wav,Jl4Waz8TmyU,100,normal_speech,clean_pool,6e79c4c7643c5a2cb18d18ebfc9388344ea1fa5a8acc7f3bb2859c64ce00d417,16000,1,2,48000,3.0,-20.01,0.1223,0.0
Jl4Waz8TmyU_seg_101.wav,data/interim/segmented_clean_relaxed/normal_speech/Jl4Waz8TmyU_seg_101.wav,Jl4Waz8TmyU,101,normal_speech,clean_pool,bbd3d0ac3fe7b9c6fc380863ad366059d720c24572372513e9ebd0a5aee56d1b,16000,1,2,48000,3.0,-19.77,0.2335,0.0
Jl4Waz8TmyU_seg_102.wav,data/interim/segmented_clean_relaxed/normal_speech/Jl4Waz8TmyU_seg_102.wav,Jl4Waz8TmyU,102,normal_speech,clean_pool,293f9797d82b7e2c3e2b0732d914538fe64aeb4f15557ef32d4db3734a1c9c9f,16000,1,2,48000,3.0,-20.05,0.3234,0.0
Jl4Waz8TmyU_seg_103.wav,data/interim/segmented_clean_relaxed/normal_speech/Jl4Waz8TmyU_seg_103.wav,Jl4Waz8TmyU,103,normal_speech,clean_pool,8f8636150825a6bb4c4887ef916beb9c024c6f3323dd404f2a7bd6822f360df6,16000,1,2,48000,3.0,-20.14,0.1822,0.0
Jl4Waz8TmyU_seg_104.wav,data/interim/segmented_clean_relaxed/normal_speech/Jl4Waz8TmyU_seg_104.wav,Jl4Waz8TmyU,104,normal_speech,clean_pool,21379901db5e922d847fa1e6af099873d1302e106c60df3c2bbeea081fead839,16000,1,2,48000,3.0,-20.29,0.1366,0.0
Jl4Waz8TmyU_seg_105.wav,data/interim/segmented_clean_relaxed/normal_speech/Jl4Waz8TmyU_seg_105.wav,Jl4Waz8TmyU,105,normal_speech,clean_pool,1bf398efd7fec861f4b0819b2f12b0ecfe462fc464db9f9c07fa299de6cb66a6,16000,1,2,48000,3.0,-19.87,0.1801,0.0
Jl4Waz8TmyU_seg_106.wav,data/interim/segmented_clean_relaxed/normal_speech/Jl4Waz8TmyU_seg_106.wav,Jl4Waz8TmyU,106,normal_speech,clean_pool,8d87f4f22bc1dfc1d80c2b62b6fa8580c0daadaf0aaeb760f216f097a6bbaf6b,16000,1,2,48000,3.0,-21.52,0.187,0.0
Jl4Waz8TmyU_seg_107.wav,data/interim/segmented_clean_relaxed/normal_speech/Jl4Waz8TmyU_seg_107.wav,Jl4Waz8TmyU,107,normal_speech,clean_pool,eaa5442c126cc94fab0883f4b504bdab14e2d82ce84e8bb4b5737f7da89f3fd8,16000,1,2,48000,3.0,-20.14,0.0759,0.0
Jl4Waz8TmyU_seg_108.wav,data/interim/segmented_clean_relaxed/normal_speech/Jl4Waz8TmyU_seg_108.wav,Jl4Waz8TmyU,108,normal_speech,clean_pool,39671e8b9dfd60cf4017b882b8c5bcf0a255622f6dc9a7cfee61de12756c974a,16000,1,2,48000,3.0,-21.08,0.1464,0.0
Jl4Waz8TmyU_seg_109.wav,data/interim/segmented_clean_relaxed/normal_speech/Jl4Waz8TmyU_seg_109.wav,Jl4Waz8TmyU,109,normal_speech,clean_pool,211baa3f8dab407e0d8f28bf134f49ac6e7d68af23a884ce0cddabebc2baa426,16000,1,2,48000,3.0,-20.58,0.1745,0.0
Jl4Waz8TmyU_seg_110.wav,data/interim/segmented_clean_relaxed/normal_speech/Jl4Waz8TmyU_seg_110.wav,Jl4Waz8TmyU,110,normal_speech,clean_pool,41633655a6efc7c3b16a6739803bba67ca1db15cd20d8b9dca2095acf1b49114,16000,1,2,48000,3.0,-20.66,0.3087,0.0
Jl4Waz8TmyU_seg_111.wav,data/interim/segmented_clean_relaxed/normal_speech/Jl4Waz8TmyU_seg_111.wav,Jl4Waz8TmyU,111,normal_speech,clean_pool,f8506e9e760979f2e6cac5f4f7508d11a05efdac305ab98a1bec48cf60eb126a,16000,1,2,48000,3.0,-20.45,0.1423,0.0
Jl4Waz8TmyU_seg_112.wav,data/interim/segmented_clean_relaxed/normal_speech/Jl4Waz8TmyU_seg_112.wav,Jl4Waz8TmyU,112,normal_speech,clean_pool,ba28b0c8c55bfd63a4ac22a642456d3793ca7410302b2d735e297398b0d45b81,16000,1,2,48000,3.0,-19.89,0.1224,0.0
Jl4Waz8TmyU_seg_113.wav,data/interim/segmented_clean_relaxed/normal_speech/Jl4Waz8TmyU_seg_113.wav,Jl4Waz8TmyU,113,normal_speech,clean_pool,7722072c2d5e79dc05b1a91ba62b5f59332ada72ac588788266ff60bdd6decbf,16000,1,2,48000,3.0,-21.17,0.1776,0.0
Jl4Waz8TmyU_seg_114.wav,data/interim/segmented_clean_relaxed/normal_speech/Jl4Waz8TmyU_seg_114.wav,Jl4Waz8TmyU,114,normal_speech,clean_pool,04e788683d085ba5c85d24401be97f9100c38fc9ccfee0f5bee3681808b6f8a8,16000,1,2,48000,3.0,-20.88,0.1893,0.0
Jl4Waz8TmyU_seg_115.wav,data/interim/segmented_clean_relaxed/normal_speech/Jl4Waz8TmyU_seg_115.wav,Jl4Waz8TmyU,115,normal_speech,clean_pool,aee649e5562eea6d8a9e5dc9a5c7bb47899453ba02eb7bf594d08623adc7b450,16000,1,2,48000,3.0,-21.18,0.2215,0.0
Jl4Waz8TmyU_seg_116.wav,data/interim/segmented_clean_relaxed/normal_speech/Jl4Waz8TmyU_seg_116.wav,Jl4Waz8TmyU,116,normal_speech,clean_pool,ddc16e48ccf5fc3ceedf77622cea8538b91f77a2cd4ea37f136d9fffd8d4eed2,16000,1,2,48000,3.0,-18.69,0.1305,0.0
Jl4Waz8TmyU_seg_117.wav,data/interim/segmented_clean_relaxed/normal_speech/Jl4Waz8TmyU_seg_117.wav,Jl4Waz8TmyU,117,normal_speech,clean_pool,c23b8be367c187882600a760b80c9aa6e575b15497180b308dfa959f89ddd8b5,16000,1,2,48000,3.0,-18.68,0.098,0.0
Jl4Waz8TmyU_seg_118.wav,data/interim/segmented_clean_relaxed/normal_speech/Jl4Waz8TmyU_seg_118.wav,Jl4Waz8TmyU,118,normal_speech,clean_pool,64445ed338153fa29455d01df353d1ee8b90daa69bdb9ea2aede56d5ecafb525,16000,1,2,48000,3.0,-20.32,0.1334,0.0
Jl4Waz8TmyU_seg_119.wav,data/interim/segmented_clean_relaxed/normal_speech/Jl4Waz8TmyU_seg_119.wav,Jl4Waz8TmyU,119,normal_speech,clean_pool,0871f0fdf9ce6bc1304ba91764bff8449b07aa24e8cadb38e3ad962bb9307950,16000,1,2,48000,3.0,-19.73,0.1324,0.0
Jl4Waz8TmyU_seg_120.wav,data/interim/segmented_clean_relaxed/normal_speech/Jl4Waz8TmyU_seg_120.wav,Jl4Waz8TmyU,120,normal_speech,clean_pool,19a0deef403eb1dd76b17457fbbc7be5a4d4b3c7c8e1cc3104a08870e9b9695f,16000,1,2,48000,3.0,-19.65,0.1224,0.0
Jl4Waz8TmyU_seg_121.wav,data/interim/segmented_clean_relaxed/normal_speech/Jl4Waz8TmyU_seg_121.wav,Jl4Waz8TmyU,121,normal_speech,clean_pool,7cee06cb7ecbadb4f9f26968bc92f477840d4837bd1d4d767d01f8008332e9ac,16000,1,2,48000,3.0,-20.45,0.1424,0.0
Jl4Waz8TmyU_seg_122.wav,data/interim/segmented_clean_relaxed/normal_speech/Jl4Waz8TmyU_seg_122.wav,Jl4Waz8TmyU,122,normal_speech,clean_pool,20821894cbe514c0d84b10bff69ddde8161adf94ee51f7dc890f7e1d5b8d8054,16000,1,2,48000,3.0,-19.95,0.136,0.0
Jl4Waz8TmyU_seg_123.wav,data/interim/segmented_clean_relaxed/normal_speech/Jl4Waz8TmyU_seg_123.wav,Jl4Waz8TmyU,123,normal_speech,clean_pool,45bc1322b9e97663821fe98a032a804ecedeb8a28cec9eba9626948d7c3bdebc,16000,1,2,48000,3.0,-19.81,0.1618,0.0
Jl4Waz8TmyU_seg_124.wav,data/interim/segmented_clean_relaxed/normal_speech/Jl4Waz8TmyU_seg_124.wav,Jl4Waz8TmyU,124,normal_speech,clean_pool,f3eefdc731da3e8e3c16e34df967ff2b200f554648e1fdd7ad61b925316cf400,16000,1,2,48000,3.0,-19.84,0.1983,0.0
Jl4Waz8TmyU_seg_125.wav,data/interim/segmented_clean_relaxed/normal_speech/Jl4Waz8TmyU_seg_125.wav,Jl4Waz8TmyU,125,normal_speech,clean_pool,fc878db29728ebe3f5608fcb6dc3df46b25192a2d215215850c32564e6cb7f52,16000,1,2,48000,3.0,-20.15,0.1648,0.0
Jl4Waz8TmyU_seg_126.wav,data/interim/segmented_clean_relaxed/normal_speech/Jl4Waz8TmyU_seg_126.wav,Jl4Waz8TmyU,126,normal_speech,clean_pool,84e03b87edd01bae8adb5cfca69b6e3e920d71961b49c07b28fa93d63c3e4f37,16000,1,2,48000,3.0,-23.67,0.291,0.0
Jl4Waz8TmyU_seg_127.wav,data/interim/segmented_clean_relaxed/normal_speech/Jl4Waz8TmyU_seg_127.wav,Jl4Waz8TmyU,127,normal_speech,clean_pool,deb18f0396150747d38d153a77f567fe32ab45fe8bc73d10134ad8383fdb0d69,16000,1,2,48000,3.0,-21.35,0.2451,0.0
Jl4Waz8TmyU_seg_128.wav,data/interim/segmented_clean_relaxed/normal_speech/Jl4Waz8TmyU_seg_128.wav,Jl4Waz8TmyU,128,normal_speech,clean_pool,0ece972a6a69237bb78eb1e37f697faec9c5c8e694b0c52c540056c4c6799b11,16000,1,2,48000,3.0,-19.66,0.1368,0.0
Jl4Waz8TmyU_seg_129.wav,data/interim/segmented_clean_relaxed/normal_speech/Jl4Waz8TmyU_seg_129.wav,Jl4Waz8TmyU,129,normal_speech,clean_pool,af2ab6a941deeea308f99d73d6ae8b5e9fc197ac72442610bd46ae2089a9d419,16000,1,2,48000,3.0,-20.05,0.1185,0.0
Jl4Waz8TmyU_seg_130.wav,data/interim/segmented_clean_relaxed/normal_speech/Jl4Waz8TmyU_seg_130.wav,Jl4Waz8TmyU,130,normal_speech,clean_pool,b2208ed57bedc9de82228d81be510b9d25b820504e36ccb9259d7b37f9838f85,16000,1,2,48000,3.0,-19.31,0.1419,0.0
Jl4Waz8TmyU_seg_131.wav,data/interim/segmented_clean_relaxed/normal_speech/Jl4Waz8TmyU_seg_131.wav,Jl4Waz8TmyU,131,normal_speech,clean_pool,c730a57ebef72779d05acecfe20513a7028f4a97a722491294bc9b8b7e924efe,16000,1,2,48000,3.0,-18.93,0.1359,0.0
Jl4Waz8TmyU_seg_132.wav,data/interim/segmented_clean_relaxed/normal_speech/Jl4Waz8TmyU_seg_132.wav,Jl4Waz8TmyU,132,normal_speech,clean_pool,77404628d4e92f7e617ea8b14bb1837b6129bd423051e9e1e243533616611a81,16000,1,2,48000,3.0,-20.21,0.139,0.0
Jl4Waz8TmyU_seg_133.wav,data/interim/segmented_clean_relaxed/normal_speech/Jl4Waz8TmyU_seg_133.wav,Jl4Waz8TmyU,133,normal_speech,clean_pool,cca7c17f76e07d012eba9ab9aaf9ce0cbd88cda808550ad5cf586a13f4b70758,16000,1,2,48000,3.0,-19.65,0.2035,0.0
Jl4Waz8TmyU_seg_134.wav,data/interim/segmented_clean_relaxed/normal_speech/Jl4Waz8TmyU_seg_134.wav,Jl4Waz8TmyU,134,normal_speech,clean_pool,6738b7d8d27f99c7ff8231fc15f852d770df0b8eaf2d438819e3c6e9c0b50898,16000,1,2,48000,3.0,-19.47,0.1086,0.0
Jl4Waz8TmyU_seg_135.wav,data/interim/segmented_clean_relaxed/normal_speech/Jl4Waz8TmyU_seg_135.wav,Jl4Waz8TmyU,135,normal_speech,clean_pool,eb8fac54eaa767784cf1bb8cfbb52207d509f73a7f6a49dd617d12d1557b80bf,16000,1,2,48000,3.0,-19.3,0.1871,0.0
Jl4Waz8TmyU_seg_136.wav,data/interim/segmented_clean_relaxed/normal_speech/Jl4Waz8TmyU_seg_136.wav,Jl4Waz8TmyU,136,normal_speech,clean_pool,9827aafc34572f7a53c47a0c3963664f4b186956379bf99107f59fdfc0367c02,16000,1,2,48000,3.0,-21.35,0.2924,0.0
Jl4Waz8TmyU_seg_137.wav,data/interim/segmented_clean_relaxed/normal_speech/Jl4Waz8TmyU_seg_137.wav,Jl4Waz8TmyU,137,normal_speech,clean_pool,596084dd6ff7f947cba838ca39685cc681408a735751e71491efe36813451541,16000,1,2,48000,3.0,-18.73,0.1518,0.0
Jl4Waz8TmyU_seg_138.wav,data/interim/segmented_clean_relaxed/normal_speech/Jl4Waz8TmyU_seg_138.wav,Jl4Waz8TmyU,138,normal_speech,clean_pool,af43fe0b982b8f614a2201097e0f1e7983c959440b39e51bb1c8ea9eae5a7eb0,16000,1,2,48000,3.0,-21.27,0.2489,0.0
Jl4Waz8TmyU_seg_139.wav,data/interim/segmented_clean_relaxed/normal_speech/Jl4Waz8TmyU_seg_139.wav,Jl4Waz8TmyU,139,normal_speech,clean_pool,adfbc097f5c395137e43ed979e8600314edd24337a15f12e209bf349cc2db0d5,16000,1,2,48000,3.0,-22.11,0.2708,0.0
Jl4Waz8TmyU_seg_140.wav,data/interim/segmented_clean_relaxed/normal_speech/Jl4Waz8TmyU_seg_140.wav,Jl4Waz8TmyU,140,normal_speech,clean_pool,174f7818174dacf92cea03a7d13bd543a2dfd0400425f912da455ead1bd9aaeb,16000,1,2,48000,3.0,-20.74,0.1803,0.0
Jl4Waz8TmyU_seg_141.wav,data/interim/segmented_clean_relaxed/normal_speech/Jl4Waz8TmyU_seg_141.wav,Jl4Waz8TmyU,141,normal_speech,clean_pool,8f96cb7275e53466295967ab9cb0d847808970a315e6fae56680d4f921504486,16000,1,2,48000,3.0,-18.74,0.1318,0.0
Jl4Waz8TmyU_seg_142.wav,data/interim/segmented_clean_relaxed/normal_speech/Jl4Waz8TmyU_seg_142.wav,Jl4Waz8TmyU,142,normal_speech,clean_pool,d275927b181c02cd55f1829ce2f7452fe08686082f19ad627cd33e562a8c0d19,16000,1,2,48000,3.0,-20.46,0.202,0.0
Jl4Waz8TmyU_seg_143.wav,data/interim/segmented_clean_relaxed/normal_speech/Jl4Waz8TmyU_seg_143.wav,Jl4Waz8TmyU,143,normal_speech,clean_pool,788268be1d26caf1ad46b7fd9376b1feee3bc394e8a9adcf6ee1f87b1683c926,16000,1,2,48000,3.0,-25.73,0.1439,0.0
Jl4Waz8TmyU_seg_144.wav,data/interim/segmented_clean_relaxed/normal_speech/Jl4Waz8TmyU_seg_144.wav,Jl4Waz8TmyU,144,normal_speech,clean_pool,dd0a7431066120e207730afddecaa5a0b36ac49d2a5b973f31edab40516f7c81,16000,1,2,48000,3.0,-31.42,0.1653,0.0
Jl4Waz8TmyU_seg_145.wav,data/interim/segmented_clean_relaxed/normal_speech/Jl4Waz8TmyU_seg_145.wav,Jl4Waz8TmyU,145,normal_speech,clean_pool,40a2dbcc1ffe58865f958cd42e3ec3f87326072bf93c3d5f9ea012eb27af465b,16000,1,2,48000,3.0,-32.86,0.1996,0.0
Jl4Waz8TmyU_seg_146.wav,data/interim/segmented_clean_relaxed/normal_speech/Jl4Waz8TmyU_seg_146.wav,Jl4Waz8TmyU,146,normal_speech,clean_pool,c1e6e74d9678a841326ae5938c90295fce099290a732e7dd4e7b46759ad68bb1,16000,1,2,48000,3.0,-31.83,0.1643,0.0
Jl4Waz8TmyU_seg_147.wav,data/interim/segmented_clean_relaxed/normal_speech/Jl4Waz8TmyU_seg_147.wav,Jl4Waz8TmyU,147,normal_speech,clean_pool,8c055aad8e6475c18fc00f7d8eb1cddb6307486f5f273e97180dc489b6499da2,16000,1,2,48000,3.0,-31.85,0.169,0.0
L4_md9kgSv0_seg_000.wav,data/interim/segmented_clean_relaxed/normal_speech/L4_md9kgSv0_seg_000.wav,L4_md9kgSv0,000,normal_speech,clean_pool,48886fa2f4ac8c2950d6cd0f12fb8cd96a90c75a09a5345faed817995278aa16,16000,1,2,48000,3.0,-28.14,0.1966,0.0
L4_md9kgSv0_seg_001.wav,data/interim/segmented_clean_relaxed/normal_speech/L4_md9kgSv0_seg_001.wav,L4_md9kgSv0,001,normal_speech,clean_pool,69d524d2ee8d90daee25d9abc846bb22f0f5f162020b2d9e0f604acadeba6c0d,16000,1,2,48000,3.0,-28.17,0.2159,0.0
L4_md9kgSv0_seg_002.wav,data/interim/segmented_clean_relaxed/normal_speech/L4_md9kgSv0_seg_002.wav,L4_md9kgSv0,002,normal_speech,clean_pool,fae03d981960b4d398dc4c23a75af5b1a756e51e5fa560a94377849b04b85f2b,16000,1,2,48000,3.0,-28.64,0.2474,0.0
L4_md9kgSv0_seg_003.wav,data/interim/segmented_clean_relaxed/normal_speech/L4_md9kgSv0_seg_003.wav,L4_md9kgSv0,003,normal_speech,clean_pool,80d2c04b6a8e47743cfd42fac0da625cc81eac61f467e6a7ef0f6c04eb2e369c,16000,1,2,48000,3.0,-29.06,0.3063,0.0
L4_md9kgSv0_seg_004.wav,data/interim/segmented_clean_relaxed/normal_speech/L4_md9kgSv0_seg_004.wav,L4_md9kgSv0,004,normal_speech,clean_pool,9fc681bbc1ca4f839af81fcddb69dc0fd485f1cf112e1dea686c57dfe710da37,16000,1,2,48000,3.0,-28.6,0.3372,0.0
L4_md9kgSv0_seg_005.wav,data/interim/segmented_clean_relaxed/normal_speech/L4_md9kgSv0_seg_005.wav,L4_md9kgSv0,005,normal_speech,clean_pool,bf7b570519d88e7f8530c105c902cd8fbb7e340f0010e9da4275542f06532520,16000,1,2,48000,3.0,-30.55,0.4329,0.0
L4_md9kgSv0_seg_006.wav,data/interim/segmented_clean_relaxed/normal_speech/L4_md9kgSv0_seg_006.wav,L4_md9kgSv0,006,normal_speech,clean_pool,715c56803ceb8d6b7627d2a61b8f95dc81c13c95c45488eaa30b6c4cb2220033,16000,1,2,48000,3.0,-29.58,0.3341,0.0
L4_md9kgSv0_seg_007.wav,data/interim/segmented_clean_relaxed/normal_speech/L4_md9kgSv0_seg_007.wav,L4_md9kgSv0,007,normal_speech,clean_pool,20ea9fdfffe291f86695be6efab2349ed32a06c4a6dc206e6829dfbf7bb903ba,16000,1,2,48000,3.0,-29.1,0.2759,0.0
L4_md9kgSv0_seg_008.wav,data/interim/segmented_clean_relaxed/normal_speech/L4_md9kgSv0_seg_008.wav,L4_md9kgSv0,008,normal_speech,clean_pool,f647acdacdd3d3e93177adf71cb8880c8730dcf12f9e08db1151978bb499dd4c,16000,1,2,48000,3.0,-31.88,0.4343,0.0
L4_md9kgSv0_seg_009.wav,data/interim/segmented_clean_relaxed/normal_speech/L4_md9kgSv0_seg_009.wav,L4_md9kgSv0,009,normal_speech,clean_pool,ec80136404d23a0295be46e51b7ecf41f835d2192bcacb2e81e27579345f6309,16000,1,2,48000,3.0,-31.11,0.355,0.0
L4_md9kgSv0_seg_010.wav,data/interim/segmented_clean_relaxed/normal_speech/L4_md9kgSv0_seg_010.wav,L4_md9kgSv0,010,normal_speech,clean_pool,ba904f2facc9d91cc7a63e9878a4e6e632f5ec6887ba0f78401771cb4a186c45,16000,1,2,48000,3.0,-33.33,0.4888,0.0
L4_md9kgSv0_seg_011.wav,data/interim/segmented_clean_relaxed/normal_speech/L4_md9kgSv0_seg_011.wav,L4_md9kgSv0,011,normal_speech,clean_pool,fd74fe732c314fae6bad7b09223e2a6294e06dcdff897bda886e18aa4d944806,16000,1,2,48000,3.0,-30.58,0.4134,0.0
L4_md9kgSv0_seg_012.wav,data/interim/segmented_clean_relaxed/normal_speech/L4_md9kgSv0_seg_012.wav,L4_md9kgSv0,012,normal_speech,clean_pool,ca1635673f69f850e4f1a382a0394e3d0b34540688d225d8186f04f715e42140,16000,1,2,48000,3.0,-28.05,0.3621,0.0
L4_md9kgSv0_seg_013.wav,data/interim/segmented_clean_relaxed/normal_speech/L4_md9kgSv0_seg_013.wav,L4_md9kgSv0,013,normal_speech,clean_pool,5aeb4949928fcf217a142b5e729ab864142f8fa9ff474fdd2cb142133db31f9f,16000,1,2,48000,3.0,-27.59,0.2041,0.0
L4_md9kgSv0_seg_014.wav,data/interim/segmented_clean_relaxed/normal_speech/L4_md9kgSv0_seg_014.wav,L4_md9kgSv0,014,normal_speech,clean_pool,d6f195e55c33d921c8f89dc1a94c13874ebf808f099259265684b2f030393e50,16000,1,2,48000,3.0,-29.16,0.3443,0.0
L4_md9kgSv0_seg_015.wav,data/interim/segmented_clean_relaxed/normal_speech/L4_md9kgSv0_seg_015.wav,L4_md9kgSv0,015,normal_speech,clean_pool,36a32ef4ff54fd03e279544fffc5f5c8d7784c1740957d5a13b9637b793e009d,16000,1,2,48000,3.0,-29.23,0.3553,0.0
L4_md9kgSv0_seg_016.wav,data/interim/segmented_clean_relaxed/normal_speech/L4_md9kgSv0_seg_016.wav,L4_md9kgSv0,016,normal_speech,clean_pool,cfd3ca6a142b51c78e78e2dc3b7a427000f1ef169e717e62c4a8de40e9431026,16000,1,2,48000,3.0,-29.48,0.3329,0.0
L4_md9kgSv0_seg_017.wav,data/interim/segmented_clean_relaxed/normal_speech/L4_md9kgSv0_seg_017.wav,L4_md9kgSv0,017,normal_speech,clean_pool,8687d60243ac7fc20378fd80517cce28b268d77e04c03f88d4ce6b6141a635bf,16000,1,2,48000,3.0,-29.31,0.3026,0.0
L4_md9kgSv0_seg_018.wav,data/interim/segmented_clean_relaxed/normal_speech/L4_md9kgSv0_seg_018.wav,L4_md9kgSv0,018,normal_speech,clean_pool,f9ba1454da77d16801344622fa4c8346007f8e0261775b54d873c88ef51d903e,16000,1,2,48000,3.0,-29.85,0.3309,0.0
L4_md9kgSv0_seg_019.wav,data/interim/segmented_clean_relaxed/normal_speech/L4_md9kgSv0_seg_019.wav,L4_md9kgSv0,019,normal_speech,clean_pool,24a947373eb4b590043c4a4cbc9a34abfe6cc17c793ed897dcd7786ab53059e0,16000,1,2,48000,3.0,-33.9,0.5004,0.0
L4_md9kgSv0_seg_020.wav,data/interim/segmented_clean_relaxed/normal_speech/L4_md9kgSv0_seg_020.wav,L4_md9kgSv0,020,normal_speech,clean_pool,da3f94f700f7e41d99eb072b13da8edb4970051f0de0498019cf5f6f3b1978f4,16000,1,2,48000,3.0,-31.16,0.4015,0.0
L4_md9kgSv0_seg_021.wav,data/interim/segmented_clean_relaxed/normal_speech/L4_md9kgSv0_seg_021.wav,L4_md9kgSv0,021,normal_speech,clean_pool,11ae9f6ed734db2501f9b5d1672f59623550cf7b38eedf8185fcf3e2f8da3763,16000,1,2,48000,3.0,-32.33,0.4507,0.0
L4_md9kgSv0_seg_022.wav,data/interim/segmented_clean_relaxed/normal_speech/L4_md9kgSv0_seg_022.wav,L4_md9kgSv0,022,normal_speech,clean_pool,d9081f2f48b44d1401c96df87af75ea1383c8eecc0a6792addfe9c5132d000e4,16000,1,2,48000,3.0,-29.62,0.4068,0.0
L4_md9kgSv0_seg_023.wav,data/interim/segmented_clean_relaxed/normal_speech/L4_md9kgSv0_seg_023.wav,L4_md9kgSv0,023,normal_speech,clean_pool,7bf9b8562a7c418d3702a353fb77c08e5339beaa48843c1f43e21746b6b3d1cf,16000,1,2,48000,3.0,-28.93,0.2973,0.0
L4_md9kgSv0_seg_024.wav,data/interim/segmented_clean_relaxed/normal_speech/L4_md9kgSv0_seg_024.wav,L4_md9kgSv0,024,normal_speech,clean_pool,8eef14982cc6d1e73d2d66c7e93027d6b15945706414bef6ae82579ca7cfe5fe,16000,1,2,48000,3.0,-29.07,0.3669,0.0
L4_md9kgSv0_seg_025.wav,data/interim/segmented_clean_relaxed/normal_speech/L4_md9kgSv0_seg_025.wav,L4_md9kgSv0,025,normal_speech,clean_pool,03801bf74eb0caa47ec9935b3f76f9b2515d200d483380b10699afc349891387,16000,1,2,48000,3.0,-28.04,0.3077,0.0
L4_md9kgSv0_seg_026.wav,data/interim/segmented_clean_relaxed/normal_speech/L4_md9kgSv0_seg_026.wav,L4_md9kgSv0,026,normal_speech,clean_pool,491c811647e6c5fa096f45c601fc14a5841fb2a1f77cfdbc8456697da8c161bf,16000,1,2,48000,3.0,-27.99,0.277,0.0
L4_md9kgSv0_seg_027.wav,data/interim/segmented_clean_relaxed/normal_speech/L4_md9kgSv0_seg_027.wav,L4_md9kgSv0,027,normal_speech,clean_pool,48e1bf897051de47e37239424390826b502573f98c44735ddbf53f8b0d931f69,16000,1,2,48000,3.0,-28.89,0.3303,0.0
L4_md9kgSv0_seg_028.wav,data/interim/segmented_clean_relaxed/normal_speech/L4_md9kgSv0_seg_028.wav,L4_md9kgSv0,028,normal_speech,clean_pool,a9e6f619d0ef27015401e8728e76f93de0b7e443b9d1c5ffed2ccc389e3cba8b,16000,1,2,48000,3.0,-27.88,0.3158,0.0
L4_md9kgSv0_seg_029.wav,data/interim/segmented_clean_relaxed/normal_speech/L4_md9kgSv0_seg_029.wav,L4_md9kgSv0,029,normal_speech,clean_pool,e2617a5dec562f3169e0a68fd33c644004e474ee36c0341720f1d2f1fb2f9968,16000,1,2,48000,3.0,-31.16,0.423,0.0
L4_md9kgSv0_seg_030.wav,data/interim/segmented_clean_relaxed/normal_speech/L4_md9kgSv0_seg_030.wav,L4_md9kgSv0,030,normal_speech,clean_pool,6004d3cb637b5793f826638b304890034f9a5e99b1f1b1c24446d9889af15e3d,16000,1,2,48000,3.0,-30.35,0.3593,0.0
L4_md9kgSv0_seg_031.wav,data/interim/segmented_clean_relaxed/normal_speech/L4_md9kgSv0_seg_031.wav,L4_md9kgSv0,031,normal_speech,clean_pool,d74be7b7146db05d53e6168337f66fb672ce67613e9a4319bf4c3031234358ab,16000,1,2,48000,3.0,-31.05,0.4607,0.0
L4_md9kgSv0_seg_032.wav,data/interim/segmented_clean_relaxed/normal_speech/L4_md9kgSv0_seg_032.wav,L4_md9kgSv0,032,normal_speech,clean_pool,ed8da48ce47acc32405b0aca0fbba451d627b11caf33567ea7f7f2f1f76e3933,16000,1,2,48000,3.0,-28.47,0.4148,0.0
L4_md9kgSv0_seg_033.wav,data/interim/segmented_clean_relaxed/normal_speech/L4_md9kgSv0_seg_033.wav,L4_md9kgSv0,033,normal_speech,clean_pool,a05b2aa1e329782437099c91bb73f6b0ecb5a2e12936e42c9559475b26824105,16000,1,2,48000,3.0,-30.07,0.3573,0.0
L4_md9kgSv0_seg_034.wav,data/interim/segmented_clean_relaxed/normal_speech/L4_md9kgSv0_seg_034.wav,L4_md9kgSv0,034,normal_speech,clean_pool,f2c4d15098c97446fa25f253c0e2d16e37b308f92be4dea2052121cd1055e29d,16000,1,2,48000,3.0,-31.31,0.5344,0.0
L4_md9kgSv0_seg_035.wav,data/interim/segmented_clean_relaxed/normal_speech/L4_md9kgSv0_seg_035.wav,L4_md9kgSv0,035,normal_speech,clean_pool,2ab8fec2dbc271861d23e4cd716d1751a72142537df2115988a76782fe835526,16000,1,2,48000,3.0,-32.22,0.5189,0.0
L4_md9kgSv0_seg_036.wav,data/interim/segmented_clean_relaxed/normal_speech/L4_md9kgSv0_seg_036.wav,L4_md9kgSv0,036,normal_speech,clean_pool,352e60297cc4fb0d300061f9b16ece25f0116618e5c286df0444a8c2ae40607e,16000,1,2,48000,3.0,-28.3,0.2958,0.0
L4_md9kgSv0_seg_037.wav,data/interim/segmented_clean_relaxed/normal_speech/L4_md9kgSv0_seg_037.wav,L4_md9kgSv0,037,normal_speech,clean_pool,c9549241168898ce6f06abc7a046a9ac49390c1a6d412276d8a9e8b764e17121,16000,1,2,48000,3.0,-30.08,0.4665,0.0
L4_md9kgSv0_seg_038.wav,data/interim/segmented_clean_relaxed/normal_speech/L4_md9kgSv0_seg_038.wav,L4_md9kgSv0,038,normal_speech,clean_pool,a85c0937b3ee12b65e7fd8d12c59bf79773b3f5364515027afe0be3f401916d5,16000,1,2,48000,3.0,-29.84,0.3934,0.0
L4_md9kgSv0_seg_039.wav,data/interim/segmented_clean_relaxed/normal_speech/L4_md9kgSv0_seg_039.wav,L4_md9kgSv0,039,normal_speech,clean_pool,5477f920a1e14ccb090bf11be54f47cf2397352e94d497b8ea96cb117b289fa3,16000,1,2,48000,3.0,-31.05,0.3528,0.0
L4_md9kgSv0_seg_040.wav,data/interim/segmented_clean_relaxed/normal_speech/L4_md9kgSv0_seg_040.wav,L4_md9kgSv0,040,normal_speech,clean_pool,43a949b864ec871264fd1a728c0c35e651b965c21a0eca9dfb4ff15498b7048e,16000,1,2,48000,3.0,-29.26,0.3503,0.0
L4_md9kgSv0_seg_041.wav,data/interim/segmented_clean_relaxed/normal_speech/L4_md9kgSv0_seg_041.wav,L4_md9kgSv0,041,normal_speech,clean_pool,46290920d01b49ac27edea9d68220d5c867d3d388a17166e5b00d8ffa296d067,16000,1,2,48000,3.0,-29.46,0.3767,0.0
L4_md9kgSv0_seg_042.wav,data/interim/segmented_clean_relaxed/normal_speech/L4_md9kgSv0_seg_042.wav,L4_md9kgSv0,042,normal_speech,clean_pool,8acefe5d9db25d3704b7ef95c8571dcb667bfd3b7b478a91b9300fa868a5216c,16000,1,2,48000,3.0,-30.75,0.4135,0.0
L4_md9kgSv0_seg_043.wav,data/interim/segmented_clean_relaxed/normal_speech/L4_md9kgSv0_seg_043.wav,L4_md9kgSv0,043,normal_speech,clean_pool,b1767939e9f0f52d187ebf794f3a3b159317e5078ad17788675cab66ba482ba0,16000,1,2,48000,3.0,-31.73,0.3629,0.0
L4_md9kgSv0_seg_044.wav,data/interim/segmented_clean_relaxed/normal_speech/L4_md9kgSv0_seg_044.wav,L4_md9kgSv0,044,normal_speech,clean_pool,f0adc0a0433b6debcca894045df41f50a63c9368cadb2078075538ef02c74a5e,16000,1,2,48000,3.0,-29.65,0.4786,0.0
L4_md9kgSv0_seg_045.wav,data/interim/segmented_clean_relaxed/normal_speech/L4_md9kgSv0_seg_045.wav,L4_md9kgSv0,045,normal_speech,clean_pool,368dd66ce3f552bd143602e8eda39095d9fd7a164232a89c8d20cc503269d1e2,16000,1,2,48000,3.0,-30.36,0.4386,0.0
L4_md9kgSv0_seg_046.wav,data/interim/segmented_clean_relaxed/normal_speech/L4_md9kgSv0_seg_046.wav,L4_md9kgSv0,046,normal_speech,clean_pool,e4ad05451acd615f450e3b8cf2f1ea25837870c14f8174b683255b5998a6ac30,16000,1,2,48000,3.0,-31.76,0.3683,0.0
L4_md9kgSv0_seg_047.wav,data/interim/segmented_clean_relaxed/normal_speech/L4_md9kgSv0_seg_047.wav,L4_md9kgSv0,047,normal_speech,clean_pool,0cade952726052b8d0623ae238aa3fddf33d462c6f8a155efd1f265f4c0d27fc,16000,1,2,48000,3.0,-32.27,0.4604,0.0
L4_md9kgSv0_seg_048.wav,data/interim/segmented_clean_relaxed/normal_speech/L4_md9kgSv0_seg_048.wav,L4_md9kgSv0,048,normal_speech,clean_pool,de56fcdb59781538c878d2700abd037505e4fbc471a1a06b2015ad280bf13364,16000,1,2,48000,3.0,-27.12,0.208,0.0
L4_md9kgSv0_seg_049.wav,data/interim/segmented_clean_relaxed/normal_speech/L4_md9kgSv0_seg_049.wav,L4_md9kgSv0,049,normal_speech,clean_pool,a9df327db6faff9bd2977ecc92a14ed5ae15261885b32304d4678a88ef8a5734,16000,1,2,48000,3.0,-31.45,0.3838,0.0
L4_md9kgSv0_seg_050.wav,data/interim/segmented_clean_relaxed/normal_speech/L4_md9kgSv0_seg_050.wav,L4_md9kgSv0,050,normal_speech,clean_pool,54bba44cb8471e482741ee5ae9cb16948955cda6893abacd2c2bc205ce790c1f,16000,1,2,48000,3.0,-29.98,0.4238,0.0
L4_md9kgSv0_seg_051.wav,data/interim/segmented_clean_relaxed/normal_speech/L4_md9kgSv0_seg_051.wav,L4_md9kgSv0,051,normal_speech,clean_pool,e584451fcc8de05b7b34113010e977a54663205d78ebc2b1a8d267b9df04e941,16000,1,2,48000,3.0,-28.76,0.3092,0.0
L4_md9kgSv0_seg_052.wav,data/interim/segmented_clean_relaxed/normal_speech/L4_md9kgSv0_seg_052.wav,L4_md9kgSv0,052,normal_speech,clean_pool,bcbbd1a1fdb773cc34e71a4a7c8055f874b35f64125e9e24a781a41ff3d3e6a3,16000,1,2,48000,3.0,-30.19,0.3492,0.0
L4_md9kgSv0_seg_053.wav,data/interim/segmented_clean_relaxed/normal_speech/L4_md9kgSv0_seg_053.wav,L4_md9kgSv0,053,normal_speech,clean_pool,7e9dafa363bd18432b8674c3600d2fc952a996418e87494aeaab78983591a25d,16000,1,2,48000,3.0,-29.41,0.3962,0.0
L4_md9kgSv0_seg_054.wav,data/interim/segmented_clean_relaxed/normal_speech/L4_md9kgSv0_seg_054.wav,L4_md9kgSv0,054,normal_speech,clean_pool,2ba44835dafddfcc803125fb3bd8f8fa3b9bdea979c33f5075d980b829d04597,16000,1,2,48000,3.0,-28.52,0.3261,0.0
L4_md9kgSv0_seg_055.wav,data/interim/segmented_clean_relaxed/normal_speech/L4_md9kgSv0_seg_055.wav,L4_md9kgSv0,055,normal_speech,clean_pool,cdeb1e01e726bd00b275d4536239be63cea089a836a45624633982e9da369493,16000,1,2,48000,3.0,-29.36,0.3864,0.0
L4_md9kgSv0_seg_056.wav,data/interim/segmented_clean_relaxed/normal_speech/L4_md9kgSv0_seg_056.wav,L4_md9kgSv0,056,normal_speech,clean_pool,6c57c708569452b9f445a0578d2932aab0dd315183cdc348a07612e3d726b4b2,16000,1,2,48000,3.0,-28.66,0.3498,0.0
L4_md9kgSv0_seg_057.wav,data/interim/segmented_clean_relaxed/normal_speech/L4_md9kgSv0_seg_057.wav,L4_md9kgSv0,057,normal_speech,clean_pool,eac741ad7444828b3bb78fd6190d51dcf585e34fcfb16fa0001a260cd63f1546,16000,1,2,48000,3.0,-29.49,0.3838,0.0
L4_md9kgSv0_seg_058.wav,data/interim/segmented_clean_relaxed/normal_speech/L4_md9kgSv0_seg_058.wav,L4_md9kgSv0,058,normal_speech,clean_pool,bce873bfb121bc81897372c0c7d9f50c0348a88ba2e27300474ae76bfb7d24cb,16000,1,2,48000,3.0,-28.95,0.3458,0.0
L4_md9kgSv0_seg_059.wav,data/interim/segmented_clean_relaxed/normal_speech/L4_md9kgSv0_seg_059.wav,L4_md9kgSv0,059,normal_speech,clean_pool,6e680b5a333924cc9ceaf4e1f30553ef8ef4266fdf2f448f081411bc969a6297,16000,1,2,48000,3.0,-29.05,0.3461,0.0
L4_md9kgSv0_seg_060.wav,data/interim/segmented_clean_relaxed/normal_speech/L4_md9kgSv0_seg_060.wav,L4_md9kgSv0,060,normal_speech,clean_pool,c7880eddc02f8b602dc0d495f13cae3639764d48461f3d415c1436c849eecd04,16000,1,2,48000,3.0,-30.9,0.4587,0.0
L4_md9kgSv0_seg_061.wav,data/interim/segmented_clean_relaxed/normal_speech/L4_md9kgSv0_seg_061.wav,L4_md9kgSv0,061,normal_speech,clean_pool,a25fcb8fb9c9583af005a07c215e05b71d9d3033ac4c77fb3e25f61bf48f8763,16000,1,2,48000,3.0,-31.1,0.4215,0.0
LWGAkZifokQ_seg_000.wav,data/interim/segmented_clean_relaxed/normal_speech/LWGAkZifokQ_seg_000.wav,LWGAkZifokQ,000,normal_speech,clean_pool,3f1a679f3017ddc9e09a2dd5c5c1b01284fa47a4712a3b4ce4b8307db8876441,16000,1,2,48000,3.0,-35.26,0.3123,0.0
LWGAkZifokQ_seg_001.wav,data/interim/segmented_clean_relaxed/normal_speech/LWGAkZifokQ_seg_001.wav,LWGAkZifokQ,001,normal_speech,clean_pool,c4fca3fac33fee250489b5b68e51d614ef75eed69078ddfd369af825f7b70259,16000,1,2,48000,3.0,-22.77,0.1558,0.0
LWGAkZifokQ_seg_002.wav,data/interim/segmented_clean_relaxed/normal_speech/LWGAkZifokQ_seg_002.wav,LWGAkZifokQ,002,normal_speech,clean_pool,23c6cc644ce6a32a4982ab4a6f7b124b1f9346d70153d7ce63921c939ed07c92,16000,1,2,48000,3.0,-22.7,0.1804,0.0
LWGAkZifokQ_seg_003.wav,data/interim/segmented_clean_relaxed/normal_speech/LWGAkZifokQ_seg_003.wav,LWGAkZifokQ,003,normal_speech,clean_pool,4809bdab00729bd4ae6d52ed6a1e05af5bf973791ebf607b5d749c56c887bfa9,16000,1,2,48000,3.0,-22.94,0.2495,0.0
LWGAkZifokQ_seg_004.wav,data/interim/segmented_clean_relaxed/normal_speech/LWGAkZifokQ_seg_004.wav,LWGAkZifokQ,004,normal_speech,clean_pool,762be4cffd6ddd3aead7ecfe4c949bcd00efcb7995d0a96ecf781575e055c8d7,16000,1,2,48000,3.0,-22.87,0.196,0.0
LWGAkZifokQ_seg_005.wav,data/interim/segmented_clean_relaxed/normal_speech/LWGAkZifokQ_seg_005.wav,LWGAkZifokQ,005,normal_speech,clean_pool,50e63838f078b1a8ccaf56159831a0edaf0c3337a0f1b4d7ce7b528c89b252cb,16000,1,2,48000,3.0,-23.15,0.2493,0.0
LWGAkZifokQ_seg_006.wav,data/interim/segmented_clean_relaxed/normal_speech/LWGAkZifokQ_seg_006.wav,LWGAkZifokQ,006,normal_speech,clean_pool,0eb987dbeba11957f49963c7cbdf0fe48a7569c47fc94948394f0cb81401557d,16000,1,2,48000,3.0,-25.14,0.1758,0.0
LWGAkZifokQ_seg_007.wav,data/interim/segmented_clean_relaxed/normal_speech/LWGAkZifokQ_seg_007.wav,LWGAkZifokQ,007,normal_speech,clean_pool,03443e6f2c74ac270c3043167e65714f3335af43e2f04b34705858e6a616c6ef,16000,1,2,48000,3.0,-21.23,0.2269,0.0
LWGAkZifokQ_seg_008.wav,data/interim/segmented_clean_relaxed/normal_speech/LWGAkZifokQ_seg_008.wav,LWGAkZifokQ,008,normal_speech,clean_pool,cd478ed82f0dfe2c402df153a275eeaf871ab6f90c2a5804c227dfba0b8ddacd,16000,1,2,48000,3.0,-23.42,0.1776,0.0
LWGAkZifokQ_seg_009.wav,data/interim/segmented_clean_relaxed/normal_speech/LWGAkZifokQ_seg_009.wav,LWGAkZifokQ,009,normal_speech,clean_pool,e102406518df51cfbc46eb8d17bcb5c8e67d4e9aee9d09e4f5a86b9ee3303761,16000,1,2,48000,3.0,-25.18,0.3088,0.0
LWGAkZifokQ_seg_010.wav,data/interim/segmented_clean_relaxed/normal_speech/LWGAkZifokQ_seg_010.wav,LWGAkZifokQ,010,normal_speech,clean_pool,895dea1ba56cb5759e11afe1452c856ee654c062f97d9d489fceec73726313f3,16000,1,2,48000,3.0,-25.1,0.2425,0.0
LWGAkZifokQ_seg_011.wav,data/interim/segmented_clean_relaxed/normal_speech/LWGAkZifokQ_seg_011.wav,LWGAkZifokQ,011,normal_speech,clean_pool,0314b712ae981f8320ee039b846a8248c0113d4b95023edf7669df6be8dc1130,16000,1,2,48000,3.0,-25.84,0.3709,0.0
LWGAkZifokQ_seg_012.wav,data/interim/segmented_clean_relaxed/normal_speech/LWGAkZifokQ_seg_012.wav,LWGAkZifokQ,012,normal_speech,clean_pool,d2091325c5a961068b478c25f3e3af6119bae94a3cefe9e3f4595502fc278940,16000,1,2,48000,3.0,-22.28,0.3144,0.0
LWGAkZifokQ_seg_013.wav,data/interim/segmented_clean_relaxed/normal_speech/LWGAkZifokQ_seg_013.wav,LWGAkZifokQ,013,normal_speech,clean_pool,9b28665b3651f87f23cdef829b626a571d9d1036c3af9ce035c4c070066563b9,16000,1,2,48000,3.0,-21.27,0.1042,0.0
LWGAkZifokQ_seg_014.wav,data/interim/segmented_clean_relaxed/normal_speech/LWGAkZifokQ_seg_014.wav,LWGAkZifokQ,014,normal_speech,clean_pool,f07e0549e130192f1086ff8c6e6fa8e780474665719dcbb9a8a7346b60ca6104,16000,1,2,48000,3.0,-22.13,0.2341,0.0
LWGAkZifokQ_seg_015.wav,data/interim/segmented_clean_relaxed/normal_speech/LWGAkZifokQ_seg_015.wav,LWGAkZifokQ,015,normal_speech,clean_pool,116ba29c3a63f71be4ddf979ee69af43f6f35e2a24a0ab39d1221a938f9434f7,16000,1,2,48000,3.0,-22.71,0.1869,0.0
LWGAkZifokQ_seg_016.wav,data/interim/segmented_clean_relaxed/normal_speech/LWGAkZifokQ_seg_016.wav,LWGAkZifokQ,016,normal_speech,clean_pool,f9cf9685f32203489b1e6bdc50c9308ca38ed48890ee794067ebb9dabbd4d136,16000,1,2,48000,3.0,-24.5,0.2005,0.0
LWGAkZifokQ_seg_017.wav,data/interim/segmented_clean_relaxed/normal_speech/LWGAkZifokQ_seg_017.wav,LWGAkZifokQ,017,normal_speech,clean_pool,9ac0b69b0c90bf20c663eec4b9111c2eed1895835364431741c6408e334da2eb,16000,1,2,48000,3.0,-21.48,0.176,0.0
LWGAkZifokQ_seg_018.wav,data/interim/segmented_clean_relaxed/normal_speech/LWGAkZifokQ_seg_018.wav,LWGAkZifokQ,018,normal_speech,clean_pool,b107ebfed329dccc761c6e58413baa8d396c85cc061c158e5ea1503f2eff8de3,16000,1,2,48000,3.0,-22.47,0.1901,0.0
LWGAkZifokQ_seg_019.wav,data/interim/segmented_clean_relaxed/normal_speech/LWGAkZifokQ_seg_019.wav,LWGAkZifokQ,019,normal_speech,clean_pool,5ccf4124be37f2afc50154bce6ea7f5d2ad8b1d6d40b3e73dea6779fe4c60808,16000,1,2,48000,3.0,-24.75,0.2821,0.0
LWGAkZifokQ_seg_020.wav,data/interim/segmented_clean_relaxed/normal_speech/LWGAkZifokQ_seg_020.wav,LWGAkZifokQ,020,normal_speech,clean_pool,4bad21ad337458d5aae43312a88dd25d4f31bb7fd290ca5f860a3cebaed8c3cb,16000,1,2,48000,3.0,-22.92,0.2561,0.0
LWGAkZifokQ_seg_021.wav,data/interim/segmented_clean_relaxed/normal_speech/LWGAkZifokQ_seg_021.wav,LWGAkZifokQ,021,normal_speech,clean_pool,3821056d5131b40a3b3ccd97d990d2a4732c9a99c26e4545cb922860126692b3,16000,1,2,48000,3.0,-22.4,0.3217,0.0
LWGAkZifokQ_seg_022.wav,data/interim/segmented_clean_relaxed/normal_speech/LWGAkZifokQ_seg_022.wav,LWGAkZifokQ,022,normal_speech,clean_pool,93a6c63e708d8ea2ef2282ac02bc86ca3a92e8fa2cbbdd7f6594442f6254efb3,16000,1,2,48000,3.0,-23.05,0.3001,0.0
LWGAkZifokQ_seg_023.wav,data/interim/segmented_clean_relaxed/normal_speech/LWGAkZifokQ_seg_023.wav,LWGAkZifokQ,023,normal_speech,clean_pool,3b669b51b63537a67acc0c0ee26ae809f3701b0d5e34e8634440b02aed2931f0,16000,1,2,48000,3.0,-22.53,0.2224,0.0
LWGAkZifokQ_seg_024.wav,data/interim/segmented_clean_relaxed/normal_speech/LWGAkZifokQ_seg_024.wav,LWGAkZifokQ,024,normal_speech,clean_pool,015a85c8f59c0e18e442407981f5805e1f1f7968b53f2fe6e3d3bc902ad5dcb7,16000,1,2,48000,3.0,-21.57,0.1711,0.0
LWGAkZifokQ_seg_025.wav,data/interim/segmented_clean_relaxed/normal_speech/LWGAkZifokQ_seg_025.wav,LWGAkZifokQ,025,normal_speech,clean_pool,103e4c55e762335220054b4bf71a61febac589cfdcea8aa99188590360dbe959,16000,1,2,48000,3.0,-23.2,0.2336,0.0
LWGAkZifokQ_seg_026.wav,data/interim/segmented_clean_relaxed/normal_speech/LWGAkZifokQ_seg_026.wav,LWGAkZifokQ,026,normal_speech,clean_pool,dbdec8e78eb6a62289291210cec16cd19e618ca11a58c465f2ce3293ab8f8f37,16000,1,2,48000,3.0,-24.87,0.2361,0.0
LWGAkZifokQ_seg_027.wav,data/interim/segmented_clean_relaxed/normal_speech/LWGAkZifokQ_seg_027.wav,LWGAkZifokQ,027,normal_speech,clean_pool,f0712a7fdedc2effa1877c239d00282441bd573d10cfa9c65b115d9d57e072e4,16000,1,2,48000,3.0,-24.6,0.2009,0.0
LWGAkZifokQ_seg_028.wav,data/interim/segmented_clean_relaxed/normal_speech/LWGAkZifokQ_seg_028.wav,LWGAkZifokQ,028,normal_speech,clean_pool,3b323f108149820ff58d8d1681b98ccb164a2996fe2cd644b0d604886211ca94,16000,1,2,48000,3.0,-25.77,0.2494,0.0
LWGAkZifokQ_seg_029.wav,data/interim/segmented_clean_relaxed/normal_speech/LWGAkZifokQ_seg_029.wav,LWGAkZifokQ,029,normal_speech,clean_pool,9b56f75f3df94692e7a08fc5c03d37a0d43a6e2cb90d442fe0d02f08a96b1fe6,16000,1,2,48000,3.0,-21.32,0.2157,0.0
LWGAkZifokQ_seg_030.wav,data/interim/segmented_clean_relaxed/normal_speech/LWGAkZifokQ_seg_030.wav,LWGAkZifokQ,030,normal_speech,clean_pool,3bf5c9e618b560eb5805486a0def71ba3e145378c8906fb9714be8104dc78158,16000,1,2,48000,3.0,-21.43,0.2372,0.0
LWGAkZifokQ_seg_031.wav,data/interim/segmented_clean_relaxed/normal_speech/LWGAkZifokQ_seg_031.wav,LWGAkZifokQ,031,normal_speech,clean_pool,9915cde97b48ef22df02d7a4ce4ff6895c2e6c80ccfa1bd8dd02e112d823c7cb,16000,1,2,48000,3.0,-23.68,0.2258,0.0
LWGAkZifokQ_seg_032.wav,data/interim/segmented_clean_relaxed/normal_speech/LWGAkZifokQ_seg_032.wav,LWGAkZifokQ,032,normal_speech,clean_pool,1561a26e23260bb59885a6b946d09a1923bc9e0c7026d098885a91edac974cdf,16000,1,2,48000,3.0,-21.54,0.1999,0.0
LWGAkZifokQ_seg_033.wav,data/interim/segmented_clean_relaxed/normal_speech/LWGAkZifokQ_seg_033.wav,LWGAkZifokQ,033,normal_speech,clean_pool,0acd2bdc363c6c16eefa169244669ac9428511d709e74a6d4122b59370805a58,16000,1,2,48000,3.0,-22.62,0.3024,0.0
LWGAkZifokQ_seg_034.wav,data/interim/segmented_clean_relaxed/normal_speech/LWGAkZifokQ_seg_034.wav,LWGAkZifokQ,034,normal_speech,clean_pool,dc8b99f47e5623644bc77dfbf9916f269e95061abe2e761260c8f2409a493999,16000,1,2,48000,3.0,-26.1,0.2725,0.0
LWGAkZifokQ_seg_035.wav,data/interim/segmented_clean_relaxed/normal_speech/LWGAkZifokQ_seg_035.wav,LWGAkZifokQ,035,normal_speech,clean_pool,42acb3177c9c90ea994c0885966a0275699c7c577553d56710f3a4276c6ecb1a,16000,1,2,48000,3.0,-23.63,0.1672,0.0
LWGAkZifokQ_seg_036.wav,data/interim/segmented_clean_relaxed/normal_speech/LWGAkZifokQ_seg_036.wav,LWGAkZifokQ,036,normal_speech,clean_pool,49920150a5d47df9d2b35f62c544bcaa80fa1a2d12a977ad22cb39277fbb8eef,16000,1,2,48000,3.0,-24.19,0.2113,0.0
LWGAkZifokQ_seg_037.wav,data/interim/segmented_clean_relaxed/normal_speech/LWGAkZifokQ_seg_037.wav,LWGAkZifokQ,037,normal_speech,clean_pool,992909ed7349078924cc8821ec095b179e0e4da3f5bc0be4bc8bc2205190f576,16000,1,2,48000,3.0,-20.15,0.2977,0.0
LWGAkZifokQ_seg_038.wav,data/interim/segmented_clean_relaxed/normal_speech/LWGAkZifokQ_seg_038.wav,LWGAkZifokQ,038,normal_speech,clean_pool,f18962ee5fbfd4f61116c5a43bce429410eef9c4bce04ad9bb625fe043efe2ea,16000,1,2,48000,3.0,-22.48,0.2365,0.0
LWGAkZifokQ_seg_039.wav,data/interim/segmented_clean_relaxed/normal_speech/LWGAkZifokQ_seg_039.wav,LWGAkZifokQ,039,normal_speech,clean_pool,8f9083cf6940a64301d8cc0795fd1800e9f93af9596814ec105e795d4eb0e289,16000,1,2,48000,3.0,-22.63,0.2356,0.0
LWGAkZifokQ_seg_040.wav,data/interim/segmented_clean_relaxed/normal_speech/LWGAkZifokQ_seg_040.wav,LWGAkZifokQ,040,normal_speech,clean_pool,f9da62c57f180b94fc5dac69af2345e5b66064d6878faa0db584d5fad002cc2c,16000,1,2,48000,3.0,-21.86,0.1575,0.0
LWGAkZifokQ_seg_041.wav,data/interim/segmented_clean_relaxed/normal_speech/LWGAkZifokQ_seg_041.wav,LWGAkZifokQ,041,normal_speech,clean_pool,7b7cd3ffcdd7920c18be0a3038001f01df3d2a26e9ca00aaf1415248ddb9b4bf,16000,1,2,48000,3.0,-22.52,0.3579,0.0
LWGAkZifokQ_seg_042.wav,data/interim/segmented_clean_relaxed/normal_speech/LWGAkZifokQ_seg_042.wav,LWGAkZifokQ,042,normal_speech,clean_pool,fcb7020fdc97b72c53e08d4e27b544ded3ade81b6cf1df08da86e7c4953e87a5,16000,1,2,48000,3.0,-22.5,0.2091,0.0
LWGAkZifokQ_seg_043.wav,data/interim/segmented_clean_relaxed/normal_speech/LWGAkZifokQ_seg_043.wav,LWGAkZifokQ,043,normal_speech,clean_pool,61c6fbc5730b61aa86b08ba46b369774c0c86c88db8462c8faa89d46be126a41,16000,1,2,48000,3.0,-26.76,0.3342,0.0
LWGAkZifokQ_seg_044.wav,data/interim/segmented_clean_relaxed/normal_speech/LWGAkZifokQ_seg_044.wav,LWGAkZifokQ,044,normal_speech,clean_pool,56101cc820453ce421a185eb10cae9fb8516916ee17b220f912310a3f9fd01cd,16000,1,2,48000,3.0,-20.13,0.1985,0.0
LWGAkZifokQ_seg_045.wav,data/interim/segmented_clean_relaxed/normal_speech/LWGAkZifokQ_seg_045.wav,LWGAkZifokQ,045,normal_speech,clean_pool,0e41d19bfeaf6d162acc543fa38a540e3cbdee2dac930260990018ee815a3e45,16000,1,2,48000,3.0,-22.54,0.3425,0.0
LWGAkZifokQ_seg_046.wav,data/interim/segmented_clean_relaxed/normal_speech/LWGAkZifokQ_seg_046.wav,LWGAkZifokQ,046,normal_speech,clean_pool,38a793696a0dc295a031e515ed2524ef0899616549f976673e77fd4a413f509a,16000,1,2,48000,3.0,-21.81,0.2867,0.0
LWGAkZifokQ_seg_047.wav,data/interim/segmented_clean_relaxed/normal_speech/LWGAkZifokQ_seg_047.wav,LWGAkZifokQ,047,normal_speech,clean_pool,bbea1581303a78c61eadfc7ca3e876027f0c9d29e92bde83ef39e5ac0a68b53f,16000,1,2,48000,3.0,-22.42,0.1513,0.0
LWGAkZifokQ_seg_048.wav,data/interim/segmented_clean_relaxed/normal_speech/LWGAkZifokQ_seg_048.wav,LWGAkZifokQ,048,normal_speech,clean_pool,53d586f5bfa630094afe4a78442b71de6d25f3bf74ed6163e4c011633222161d,16000,1,2,48000,3.0,-23.89,0.2017,0.0
LWGAkZifokQ_seg_049.wav,data/interim/segmented_clean_relaxed/normal_speech/LWGAkZifokQ_seg_049.wav,LWGAkZifokQ,049,normal_speech,clean_pool,4eef441106b9977a841422d780c1f2d562490cb119327d124c9a6423516221d4,16000,1,2,48000,3.0,-23.76,0.2472,0.0
LWGAkZifokQ_seg_050.wav,data/interim/segmented_clean_relaxed/normal_speech/LWGAkZifokQ_seg_050.wav,LWGAkZifokQ,050,normal_speech,clean_pool,f92a3b90df17900f88090574e4ade3de72778cbcc04278df3c92a57ff3be8a71,16000,1,2,48000,3.0,-23.62,0.1432,0.0
LWGAkZifokQ_seg_051.wav,data/interim/segmented_clean_relaxed/normal_speech/LWGAkZifokQ_seg_051.wav,LWGAkZifokQ,051,normal_speech,clean_pool,13a4764a600d139a5a7c92319b38b1ee35411b24344fe8206dbe815750d9650c,16000,1,2,48000,3.0,-20.81,0.2159,0.0
LWGAkZifokQ_seg_052.wav,data/interim/segmented_clean_relaxed/normal_speech/LWGAkZifokQ_seg_052.wav,LWGAkZifokQ,052,normal_speech,clean_pool,05916b539915905ddadcb8ab7763e10dfaf1b210cb2dbd2ae3f36904b90a6c3a,16000,1,2,48000,3.0,-25.93,0.2934,0.0
LWGAkZifokQ_seg_053.wav,data/interim/segmented_clean_relaxed/normal_speech/LWGAkZifokQ_seg_053.wav,LWGAkZifokQ,053,normal_speech,clean_pool,06f86754fc75bf849666a9db888eb40a1eb90c986ce11d3cbdd6f6ed214d98a9,16000,1,2,48000,3.0,-25.15,0.3018,0.0
LWGAkZifokQ_seg_054.wav,data/interim/segmented_clean_relaxed/normal_speech/LWGAkZifokQ_seg_054.wav,LWGAkZifokQ,054,normal_speech,clean_pool,a1eed6f327ab2ad59fe54c4e7941b56bec306416caaf0e58db0b62f6ab901cf4,16000,1,2,48000,3.0,-25.94,0.2661,0.0
LWGAkZifokQ_seg_055.wav,data/interim/segmented_clean_relaxed/normal_speech/LWGAkZifokQ_seg_055.wav,LWGAkZifokQ,055,normal_speech,clean_pool,dc7545966510cd5dbe81822dabd2d05e9c8ee797833437de2a87b4a838118efc,16000,1,2,48000,3.0,-23.57,0.2426,0.0
LWGAkZifokQ_seg_056.wav,data/interim/segmented_clean_relaxed/normal_speech/LWGAkZifokQ_seg_056.wav,LWGAkZifokQ,056,normal_speech,clean_pool,cfb393f24cebae6c29052b7ccfd87e0bb4f8d14d6ec34c9e4522a126a70d8067,16000,1,2,48000,3.0,-22.76,0.1743,0.0
LWGAkZifokQ_seg_057.wav,data/interim/segmented_clean_relaxed/normal_speech/LWGAkZifokQ_seg_057.wav,LWGAkZifokQ,057,normal_speech,clean_pool,9fb194e4f30c9dd39de4e081e0fb4122ea121da54a8915efb096bc6e19feccaf,16000,1,2,48000,3.0,-21.07,0.2149,0.0
LWGAkZifokQ_seg_058.wav,data/interim/segmented_clean_relaxed/normal_speech/LWGAkZifokQ_seg_058.wav,LWGAkZifokQ,058,normal_speech,clean_pool,e303eb8a2d6aa1f96bcafc9a3dc119b3df39d3864ca9a3857e81d7b9a3626b61,16000,1,2,48000,3.0,-24.49,0.3108,0.0
LWGAkZifokQ_seg_059.wav,data/interim/segmented_clean_relaxed/normal_speech/LWGAkZifokQ_seg_059.wav,LWGAkZifokQ,059,normal_speech,clean_pool,0ef71e47f41166d1459eaec9737e08f0718aaf3475b1da8ae6aa62e3334e5a02,16000,1,2,48000,3.0,-21.78,0.1592,0.0
LWGAkZifokQ_seg_060.wav,data/interim/segmented_clean_relaxed/normal_speech/LWGAkZifokQ_seg_060.wav,LWGAkZifokQ,060,normal_speech,clean_pool,e28e487ec1e80336385bbc5bd18554fbea208a7fb3ea82f8da3775dd5be9f6db,16000,1,2,48000,3.0,-25.04,0.299,0.0
LWGAkZifokQ_seg_061.wav,data/interim/segmented_clean_relaxed/normal_speech/LWGAkZifokQ_seg_061.wav,LWGAkZifokQ,061,normal_speech,clean_pool,e065e2388a21a920b05e44bf81694ee938a86505ae7809d69b21d654a57a55bc,16000,1,2,48000,3.0,-22.01,0.1689,0.0
LWGAkZifokQ_seg_062.wav,data/interim/segmented_clean_relaxed/normal_speech/LWGAkZifokQ_seg_062.wav,LWGAkZifokQ,062,normal_speech,clean_pool,58a1f4ce2f572a73b6fcb823f2eb63e38909182331b702d8424d905755abbb2d,16000,1,2,48000,3.0,-22.03,0.2029,0.0
LWGAkZifokQ_seg_063.wav,data/interim/segmented_clean_relaxed/normal_speech/LWGAkZifokQ_seg_063.wav,LWGAkZifokQ,063,normal_speech,clean_pool,aa91dbbfcd0d4169387578de7a10935efe5e7b5e3ac65746aa022dc1b0859313,16000,1,2,48000,3.0,-21.16,0.2162,0.0
LWGAkZifokQ_seg_064.wav,data/interim/segmented_clean_relaxed/normal_speech/LWGAkZifokQ_seg_064.wav,LWGAkZifokQ,064,normal_speech,clean_pool,e194989832d3a7ea33f93647fdcf9df388f876ced0d8f2ccf1d3871406d19105,16000,1,2,48000,3.0,-20.37,0.2227,0.0
LWGAkZifokQ_seg_065.wav,data/interim/segmented_clean_relaxed/normal_speech/LWGAkZifokQ_seg_065.wav,LWGAkZifokQ,065,normal_speech,clean_pool,a6876f2947db07fbabd5a208c16a44c94ab366eac6271761710781d150714a50,16000,1,2,48000,3.0,-21.2,0.1386,0.0
LWGAkZifokQ_seg_066.wav,data/interim/segmented_clean_relaxed/normal_speech/LWGAkZifokQ_seg_066.wav,LWGAkZifokQ,066,normal_speech,clean_pool,df51d2114f2ac43f5cc93d48410483b7bc63cbf748515a02fe0019230c34d983,16000,1,2,48000,3.0,-22.89,0.2361,0.0
LWGAkZifokQ_seg_067.wav,data/interim/segmented_clean_relaxed/normal_speech/LWGAkZifokQ_seg_067.wav,LWGAkZifokQ,067,normal_speech,clean_pool,d28a738d2d058da53ecb506f13d3df80ee2bf1a934ecc3b013b2c00c75bb1ff4,16000,1,2,48000,3.0,-22.67,0.155,0.0
LWGAkZifokQ_seg_068.wav,data/interim/segmented_clean_relaxed/normal_speech/LWGAkZifokQ_seg_068.wav,LWGAkZifokQ,068,normal_speech,clean_pool,69419eee846e267f3a61ae539ce57b02019347ba1f7a10fb04c721a4f65ee670,16000,1,2,48000,3.0,-21.02,0.188,0.0
LWGAkZifokQ_seg_069.wav,data/interim/segmented_clean_relaxed/normal_speech/LWGAkZifokQ_seg_069.wav,LWGAkZifokQ,069,normal_speech,clean_pool,721d2e2b42eb121d4484b20afc87b7370e95d49f2db72d47a3171983af720891,16000,1,2,48000,3.0,-23.2,0.2642,0.0
LWGAkZifokQ_seg_070.wav,data/interim/segmented_clean_relaxed/normal_speech/LWGAkZifokQ_seg_070.wav,LWGAkZifokQ,070,normal_speech,clean_pool,fbb65f4a50baafe773b3f3269594a14012bc4ce9dc1ac8d8dffd07559320ddc0,16000,1,2,48000,3.0,-26.29,0.4171,0.0
LWGAkZifokQ_seg_071.wav,data/interim/segmented_clean_relaxed/normal_speech/LWGAkZifokQ_seg_071.wav,LWGAkZifokQ,071,normal_speech,clean_pool,44785410d1750f1ec77fa8e518cdae8942900356b9718ea8f4e3739dfe051bad,16000,1,2,48000,3.0,-24.28,0.3242,0.0
S2I3V0bqmr8_seg_000.wav,data/interim/segmented_clean_relaxed/normal_speech/S2I3V0bqmr8_seg_000.wav,S2I3V0bqmr8,000,normal_speech,clean_pool,c381f842dcc457264a0a36fe2865fb3577be33b24a2da6389a7a4c7d1f6c6722,16000,1,2,48000,3.0,-22.79,0.2495,0.0
S2I3V0bqmr8_seg_001.wav,data/interim/segmented_clean_relaxed/normal_speech/S2I3V0bqmr8_seg_001.wav,S2I3V0bqmr8,001,normal_speech,clean_pool,1f04278b8b6d7d386f2b3e4a6204ec86378f085a98074eb2bc83a4937474ec31,16000,1,2,48000,3.0,-22.89,0.1575,0.0
S2I3V0bqmr8_seg_002.wav,data/interim/segmented_clean_relaxed/normal_speech/S2I3V0bqmr8_seg_002.wav,S2I3V0bqmr8,002,normal_speech,clean_pool,5b561e2146bceac95593e382328c0826f0832157b5691e534a2a55698398be06,16000,1,2,48000,3.0,-21.91,0.151,0.0
S2I3V0bqmr8_seg_003.wav,data/interim/segmented_clean_relaxed/normal_speech/S2I3V0bqmr8_seg_003.wav,S2I3V0bqmr8,003,normal_speech,clean_pool,25dbeddf83999ec90753f42fe158cfe69409c6929619ad54622df4aa0ad249c1,16000,1,2,48000,3.0,-21.16,0.1495,0.0
S2I3V0bqmr8_seg_004.wav,data/interim/segmented_clean_relaxed/normal_speech/S2I3V0bqmr8_seg_004.wav,S2I3V0bqmr8,004,normal_speech,clean_pool,f6617050ace7c6c9afc093827e1850746b1d76b145949eaf75425c50650a803b,16000,1,2,48000,3.0,-20.65,0.184,0.0
S2I3V0bqmr8_seg_005.wav,data/interim/segmented_clean_relaxed/normal_speech/S2I3V0bqmr8_seg_005.wav,S2I3V0bqmr8,005,normal_speech,clean_pool,218a117a9ce6c3795427c77e81a1709aa33f1e0d3050cc8b209699ff3957235d,16000,1,2,48000,3.0,-21.48,0.1973,0.0
S2I3V0bqmr8_seg_006.wav,data/interim/segmented_clean_relaxed/normal_speech/S2I3V0bqmr8_seg_006.wav,S2I3V0bqmr8,006,normal_speech,clean_pool,f07ae41daaab87105b1fedba32efe2bcd8423de766cdd059cab6d085839b80c5,16000,1,2,48000,3.0,-24.17,0.3129,0.0
S2I3V0bqmr8_seg_007.wav,data/interim/segmented_clean_relaxed/normal_speech/S2I3V0bqmr8_seg_007.wav,S2I3V0bqmr8,007,normal_speech,clean_pool,7392289202d152d260ffcf54bd6b3a29d8c76c4695544d157c0d6f3194abee36,16000,1,2,48000,3.0,-20.96,0.2509,0.0
S2I3V0bqmr8_seg_008.wav,data/interim/segmented_clean_relaxed/normal_speech/S2I3V0bqmr8_seg_008.wav,S2I3V0bqmr8,008,normal_speech,clean_pool,978a399ac725e5dcaa77184212305e5c263b1b87bdbb382816acb5145740003c,16000,1,2,48000,3.0,-18.46,0.1829,0.0
S2I3V0bqmr8_seg_009.wav,data/interim/segmented_clean_relaxed/normal_speech/S2I3V0bqmr8_seg_009.wav,S2I3V0bqmr8,009,normal_speech,clean_pool,c367c965baac93e982d62d3a65091c1719273916e453f450d279154457d66185,16000,1,2,48000,3.0,-15.37,0.0759,6.3e-05
S2I3V0bqmr8_seg_010.wav,data/interim/segmented_clean_relaxed/normal_speech/S2I3V0bqmr8_seg_010.wav,S2I3V0bqmr8,010,normal_speech,clean_pool,0d206b600d4c735913f6800ece2210ff1d2114c6b73bbd04ecf814894b5d23bd,16000,1,2,48000,3.0,-15.86,0.0953,0.0
S2I3V0bqmr8_seg_011.wav,data/interim/segmented_clean_relaxed/normal_speech/S2I3V0bqmr8_seg_011.wav,S2I3V0bqmr8,011,normal_speech,clean_pool,9fde297a4af83f16d667dfe17e376e756fd8b3c32313ec11bd4f5ec5ad3eac68,16000,1,2,48000,3.0,-17.12,0.1363,6.3e-05
S2I3V0bqmr8_seg_012.wav,data/interim/segmented_clean_relaxed/normal_speech/S2I3V0bqmr8_seg_012.wav,S2I3V0bqmr8,012,normal_speech,clean_pool,a9dd3b63cce495c0ade9ce6a395939da70c00942ace24fb72fb16a4dca7df76a,16000,1,2,48000,3.0,-16.75,0.1669,0.0
S2I3V0bqmr8_seg_013.wav,data/interim/segmented_clean_relaxed/normal_speech/S2I3V0bqmr8_seg_013.wav,S2I3V0bqmr8,013,normal_speech,clean_pool,949797ea0ebe0f73db43398d1a235dbef2dd243a2b2a869af8149f1cde9bd481,16000,1,2,48000,3.0,-19.86,0.178,0.0
S2I3V0bqmr8_seg_014.wav,data/interim/segmented_clean_relaxed/normal_speech/S2I3V0bqmr8_seg_014.wav,S2I3V0bqmr8,014,normal_speech,clean_pool,f9cd54d7da4522a9e76a96c30465512cd8413aa6593b01fe07db166798c4c1ef,16000,1,2,48000,3.0,-20.97,0.1537,0.0
S2I3V0bqmr8_seg_015.wav,data/interim/segmented_clean_relaxed/normal_speech/S2I3V0bqmr8_seg_015.wav,S2I3V0bqmr8,015,normal_speech,clean_pool,ad047b831979f38f1cb63b7b4dc89ccc0270e937d23ba2e5ef4c8400ff81bb46,16000,1,2,48000,3.0,-21.65,0.1547,0.0
S2I3V0bqmr8_seg_016.wav,data/interim/segmented_clean_relaxed/normal_speech/S2I3V0bqmr8_seg_016.wav,S2I3V0bqmr8,016,normal_speech,clean_pool,97df1ef14ae20e91e6c8b621c5a31d0fb77fabbe533345f0e605d7192a8ce284,16000,1,2,48000,3.0,-23.26,0.1919,0.0
S2I3V0bqmr8_seg_017.wav,data/interim/segmented_clean_relaxed/normal_speech/S2I3V0bqmr8_seg_017.wav,S2I3V0bqmr8,017,normal_speech,clean_pool,36401d3a470b32e3cd2c2990104a1669587fdcd8b66960c83125c17930954267,16000,1,2,48000,3.0,-22.93,0.1426,0.0
S2I3V0bqmr8_seg_018.wav,data/interim/segmented_clean_relaxed/normal_speech/S2I3V0bqmr8_seg_018.wav,S2I3V0bqmr8,018,normal_speech,clean_pool,ecbc89c1576cf607c8da673a15850fa5cbeeccfbe8a0e137e533c8d3bab581a3,16000,1,2,48000,3.0,-22.08,0.1809,0.0
S2I3V0bqmr8_seg_019.wav,data/interim/segmented_clean_relaxed/normal_speech/S2I3V0bqmr8_seg_019.wav,S2I3V0bqmr8,019,normal_speech,clean_pool,b914ceec6dfd874bc02f1d9d8938b240365e1fcf18a954fba604fda07ff1a179,16000,1,2,48000,3.0,-20.56,0.139,0.0
S2I3V0bqmr8_seg_020.wav,data/interim/segmented_clean_relaxed/normal_speech/S2I3V0bqmr8_seg_020.wav,S2I3V0bqmr8,020,normal_speech,clean_pool,dd4dd973e7a774f2e5f143a9fef2c8d9b433e3188bf49231d0658b59c18f8a15,16000,1,2,48000,3.0,-21.09,0.1535,0.0
S2I3V0bqmr8_seg_021.wav,data/interim/segmented_clean_relaxed/normal_speech/S2I3V0bqmr8_seg_021.wav,S2I3V0bqmr8,021,normal_speech,clean_pool,73624cb3ce9bbfd94b86566745a01ff0906a8204d3b0d4796c72e4abeaba1847,16000,1,2,48000,3.0,-22.43,0.18,0.0
S2I3V0bqmr8_seg_022.wav,data/interim/segmented_clean_relaxed/normal_speech/S2I3V0bqmr8_seg_022.wav,S2I3V0bqmr8,022,normal_speech,clean_pool,84fd9e485115989aedbf4f696a4047ab76ef96a0750b6602e2d23f82d9b0f298,16000,1,2,48000,3.0,-21.87,0.1889,0.0
S2I3V0bqmr8_seg_023.wav,data/interim/segmented_clean_relaxed/normal_speech/S2I3V0bqmr8_seg_023.wav,S2I3V0bqmr8,023,normal_speech,clean_pool,01e2efa4c444d682b5130027f8f1a3d30a5f9d9fa854072727aef3f9ffc27ac8,16000,1,2,48000,3.0,-21.49,0.1211,0.0
S2I3V0bqmr8_seg_024.wav,data/interim/segmented_clean_relaxed/normal_speech/S2I3V0bqmr8_seg_024.wav,S2I3V0bqmr8,024,normal_speech,clean_pool,1cc22b2fa7278ac1c57de5fdf19170947bb21d6da614f8cada7a8a08aa9d0613,16000,1,2,48000,3.0,-21.07,0.1817,0.0
S2I3V0bqmr8_seg_025.wav,data/interim/segmented_clean_relaxed/normal_speech/S2I3V0bqmr8_seg_025.wav,S2I3V0bqmr8,025,normal_speech,clean_pool,2f9beb9df7e5b1d5aa36be0eddfc2f1184b36b2fe4c9d72eea392fc852f76b73,16000,1,2,48000,3.0,-20.95,0.17,0.0
S2I3V0bqmr8_seg_026.wav,data/interim/segmented_clean_relaxed/normal_speech/S2I3V0bqmr8_seg_026.wav,S2I3V0bqmr8,026,normal_speech,clean_pool,ed7723e63928111eb8c18838d69949953e44d3893aa9d9fe7adf50e0116a6301,16000,1,2,48000,3.0,-24.03,0.3006,0.0
S2I3V0bqmr8_seg_027.wav,data/interim/segmented_clean_relaxed/normal_speech/S2I3V0bqmr8_seg_027.wav,S2I3V0bqmr8,027,normal_speech,clean_pool,893309612403e52585064819a1e8da7224422d199728fe69ad9afb9cc7c3208e,16000,1,2,48000,3.0,-21.08,0.2463,0.0
S2I3V0bqmr8_seg_028.wav,data/interim/segmented_clean_relaxed/normal_speech/S2I3V0bqmr8_seg_028.wav,S2I3V0bqmr8,028,normal_speech,clean_pool,c05c6b28d741b1a9f745de280b156b1fbbd853c38db3bfb611af5d09d854c5af,16000,1,2,48000,3.0,-23.14,0.2702,0.0
S2I3V0bqmr8_seg_029.wav,data/interim/segmented_clean_relaxed/normal_speech/S2I3V0bqmr8_seg_029.wav,S2I3V0bqmr8,029,normal_speech,clean_pool,2321833de661c362bec63a609a0d417d114f019515c61aadcc00bd23e5eb0c0e,16000,1,2,48000,3.0,-23.71,0.3151,0.0
S2I3V0bqmr8_seg_030.wav,data/interim/segmented_clean_relaxed/normal_speech/S2I3V0bqmr8_seg_030.wav,S2I3V0bqmr8,030,normal_speech,clean_pool,ef494be4fd49ede616d405ce8dd5ad94ac2c0b591b71f2a8b621628963267f48,16000,1,2,48000,3.0,-22.93,0.3235,0.0
S2I3V0bqmr8_seg_031.wav,data/interim/segmented_clean_relaxed/normal_speech/S2I3V0bqmr8_seg_031.wav,S2I3V0bqmr8,031,normal_speech,clean_pool,c6cb21af0e9de8e2f094782a0bbefc57ef6fe00d51ae68c28dbb114d97054272,16000,1,2,48000,3.0,-22.67,0.2708,0.0
S2I3V0bqmr8_seg_032.wav,data/interim/segmented_clean_relaxed/normal_speech/S2I3V0bqmr8_seg_032.wav,S2I3V0bqmr8,032,normal_speech,clean_pool,95495ae050c0d3a3d117fd215858396ff6c8a2f5c05ae707cbfd0c4a22e37f1e,16000,1,2,48000,3.0,-23.96,0.3584,0.0
S2I3V0bqmr8_seg_033.wav,data/interim/segmented_clean_relaxed/normal_speech/S2I3V0bqmr8_seg_033.wav,S2I3V0bqmr8,033,normal_speech,clean_pool,07c66de17394fcb8d5d014f318b0682a9dea15bcf18926499b5d2ef77371425b,16000,1,2,48000,3.0,-23.03,0.2865,0.0
S2I3V0bqmr8_seg_034.wav,data/interim/segmented_clean_relaxed/normal_speech/S2I3V0bqmr8_seg_034.wav,S2I3V0bqmr8,034,normal_speech,clean_pool,77ab5dd90aebfbc1846ea5d80474ea98fdaede06927e89d9538c916a52beee34,16000,1,2,48000,3.0,-23.92,0.2994,0.0
S2I3V0bqmr8_seg_035.wav,data/interim/segmented_clean_relaxed/normal_speech/S2I3V0bqmr8_seg_035.wav,S2I3V0bqmr8,035,normal_speech,clean_pool,5ce18fa88afc07f0788ad1e24f7979414b667b4f313de8e9518b93ae0912b8ad,16000,1,2,48000,3.0,-20.55,0.1639,0.0
S2I3V0bqmr8_seg_036.wav,data/interim/segmented_clean_relaxed/normal_speech/S2I3V0bqmr8_seg_036.wav,S2I3V0bqmr8,036,normal_speech,clean_pool,c26a6f5631d36cc51a8b5d290f6dcd06d8ecd1de3664e5c460f4de397da9ff46,16000,1,2,48000,3.0,-19.93,0.1994,0.0
S2I3V0bqmr8_seg_037.wav,data/interim/segmented_clean_relaxed/normal_speech/S2I3V0bqmr8_seg_037.wav,S2I3V0bqmr8,037,normal_speech,clean_pool,d7248f748588ebfa949777e1dcf64da674531c7778c381e0b66d03019bb2c3f8,16000,1,2,48000,3.0,-21.98,0.2181,0.0
S2I3V0bqmr8_seg_038.wav,data/interim/segmented_clean_relaxed/normal_speech/S2I3V0bqmr8_seg_038.wav,S2I3V0bqmr8,038,normal_speech,clean_pool,ec676961f5266265c3e9a27df48b19aaccc1a0e557ef5275a44283b8606d0703,16000,1,2,48000,3.0,-23.88,0.3441,0.0
S2I3V0bqmr8_seg_039.wav,data/interim/segmented_clean_relaxed/normal_speech/S2I3V0bqmr8_seg_039.wav,S2I3V0bqmr8,039,normal_speech,clean_pool,cb7597dd0bc97bf6f120fd57a5394fbf3f85e456be57f4588bc44239ec08a9c7,16000,1,2,48000,3.0,-22.87,0.2246,0.0
S2I3V0bqmr8_seg_040.wav,data/interim/segmented_clean_relaxed/normal_speech/S2I3V0bqmr8_seg_040.wav,S2I3V0bqmr8,040,normal_speech,clean_pool,d159ed798c698a26b1c8a743bd7f0327adecf3320eb5ce099ed1822762016b73,16000,1,2,48000,3.0,-25.7,0.306,0.0
S2I3V0bqmr8_seg_041.wav,data/interim/segmented_clean_relaxed/normal_speech/S2I3V0bqmr8_seg_041.wav,S2I3V0bqmr8,041,normal_speech,clean_pool,827fe047d994dd89c8613090703820727b4598b213d6f8ec1f1b141291f6d589,16000,1,2,48000,3.0,-23.76,0.1882,0.0
S2I3V0bqmr8_seg_042.wav,data/interim/segmented_clean_relaxed/normal_speech/S2I3V0bqmr8_seg_042.wav,S2I3V0bqmr8,042,normal_speech,clean_pool,2b9efd95d5a33bf2ee976a902a8e48e6e4a04f45e4c9b1601cfc447fae444c5f,16000,1,2,48000,3.0,-24.07,0.2973,0.0
S2I3V0bqmr8_seg_043.wav,data/interim/segmented_clean_relaxed/normal_speech/S2I3V0bqmr8_seg_043.wav,S2I3V0bqmr8,043,normal_speech,clean_pool,077281c5382902cca9aaef68eddfee8ac881aa1d49fbc04585bae52ccd2941c6,16000,1,2,48000,3.0,-23.56,0.2442,0.0
S2I3V0bqmr8_seg_044.wav,data/interim/segmented_clean_relaxed/normal_speech/S2I3V0bqmr8_seg_044.wav,S2I3V0bqmr8,044,normal_speech,clean_pool,1599d6391b6abc858c946003964dfa5a4c653eae2501633fda6f0844dd5dde1c,16000,1,2,48000,3.0,-22.27,0.2302,0.0
S2I3V0bqmr8_seg_045.wav,data/interim/segmented_clean_relaxed/normal_speech/S2I3V0bqmr8_seg_045.wav,S2I3V0bqmr8,045,normal_speech,clean_pool,3f6fa4a538b80ebca8c7ecb058e9115ad0da1d95912cc149f6bc25eb52249e21,16000,1,2,48000,3.0,-23.68,0.2839,0.0
S2I3V0bqmr8_seg_046.wav,data/interim/segmented_clean_relaxed/normal_speech/S2I3V0bqmr8_seg_046.wav,S2I3V0bqmr8,046,normal_speech,clean_pool,292e518d5d916a53c5bfa6683480d9be109a79ef96fdc2791eaf202fdc7cd708,16000,1,2,48000,3.0,-22.19,0.1295,0.0
S2I3V0bqmr8_seg_047.wav,data/interim/segmented_clean_relaxed/normal_speech/S2I3V0bqmr8_seg_047.wav,S2I3V0bqmr8,047,normal_speech,clean_pool,59fc58defa31b431ee397ccbc5f424850fb72c544ca2b6958c3083180cb1745b,16000,1,2,48000,3.0,-21.74,0.1745,0.0
S2I3V0bqmr8_seg_048.wav,data/interim/segmented_clean_relaxed/normal_speech/S2I3V0bqmr8_seg_048.wav,S2I3V0bqmr8,048,normal_speech,clean_pool,a040cb9050a4a8ef307a894368539ecf0917ab381be4ec6d9083b2eecc9b31b5,16000,1,2,48000,3.0,-22.64,0.2336,0.0
S2I3V0bqmr8_seg_049.wav,data/interim/segmented_clean_relaxed/normal_speech/S2I3V0bqmr8_seg_049.wav,S2I3V0bqmr8,049,normal_speech,clean_pool,916322dd6b50dc69cbd7f2b6d765175a34d08b1e3f734ce1cdeed199229e81f9,16000,1,2,48000,3.0,-22.33,0.1356,0.0
S2I3V0bqmr8_seg_050.wav,data/interim/segmented_clean_relaxed/normal_speech/S2I3V0bqmr8_seg_050.wav,S2I3V0bqmr8,050,normal_speech,clean_pool,d1367ad2989d8bc7e9545922eb1172452dd51758581bb9108920d68d585d7d09,16000,1,2,48000,3.0,-23.48,0.2884,0.0
S2I3V0bqmr8_seg_051.wav,data/interim/segmented_clean_relaxed/normal_speech/S2I3V0bqmr8_seg_051.wav,S2I3V0bqmr8,051,normal_speech,clean_pool,835b046dd1f22cedb925deec7f8380f6d7ec038ee00f6f1e0f84cf97c87aa464,16000,1,2,48000,3.0,-23.48,0.1706,0.0
S2I3V0bqmr8_seg_052.wav,data/interim/segmented_clean_relaxed/normal_speech/S2I3V0bqmr8_seg_052.wav,S2I3V0bqmr8,052,normal_speech,clean_pool,87d7e620d7965506a5bafb3bb3e666b8b618d2ded93604d6731c6607c126f671,16000,1,2,48000,3.0,-24.53,0.2986,0.0
S2I3V0bqmr8_seg_053.wav,data/interim/segmented_clean_relaxed/normal_speech/S2I3V0bqmr8_seg_053.wav,S2I3V0bqmr8,053,normal_speech,clean_pool,7d89d10d5398c915af6207d95e3048d4d850e917db1e0d8b4080a8f9f5b5b945,16000,1,2,48000,3.0,-22.84,0.2338,0.0
S2I3V0bqmr8_seg_054.wav,data/interim/segmented_clean_relaxed/normal_speech/S2I3V0bqmr8_seg_054.wav,S2I3V0bqmr8,054,normal_speech,clean_pool,ff989bf320579df0e2d066c26ec70253930390737b0c2e413c9a67568ccd3be2,16000,1,2,48000,3.0,-23.65,0.2397,0.0
S2I3V0bqmr8_seg_055.wav,data/interim/segmented_clean_relaxed/normal_speech/S2I3V0bqmr8_seg_055.wav,S2I3V0bqmr8,055,normal_speech,clean_pool,e8cd01015d01a06ddb9e0eb1592c57678b3b586ee812f27612c3195ba23461d1,16000,1,2,48000,3.0,-23.03,0.3151,0.0
S2I3V0bqmr8_seg_056.wav,data/interim/segmented_clean_relaxed/normal_speech/S2I3V0bqmr8_seg_056.wav,S2I3V0bqmr8,056,normal_speech,clean_pool,667dbe834edb25f938f719aa022d6c32952c78a360394ee5f197913928dc1a4e,16000,1,2,48000,3.0,-21.57,0.2258,0.0
S2I3V0bqmr8_seg_057.wav,data/interim/segmented_clean_relaxed/normal_speech/S2I3V0bqmr8_seg_057.wav,S2I3V0bqmr8,057,normal_speech,clean_pool,95f718380348b4adfce2c88c9ad3f0b93bbd93556b063e7b11c4944d442b8389,16000,1,2,48000,3.0,-23.36,0.3353,0.0
S2I3V0bqmr8_seg_058.wav,data/interim/segmented_clean_relaxed/normal_speech/S2I3V0bqmr8_seg_058.wav,S2I3V0bqmr8,058,normal_speech,clean_pool,165bc51e8f4a78cf19c6dce6e8888486e57ce45207da0b72f5caa36b6e564e21,16000,1,2,48000,3.0,-21.7,0.1754,0.0
S2I3V0bqmr8_seg_059.wav,data/interim/segmented_clean_relaxed/normal_speech/S2I3V0bqmr8_seg_059.wav,S2I3V0bqmr8,059,normal_speech,clean_pool,339e8b61a8d5ebc7d0f90cf7b2ca0364994af6d8c8bb72d44a5ba4357a6087a8,16000,1,2,48000,3.0,-22.79,0.2785,0.0
S2I3V0bqmr8_seg_060.wav,data/interim/segmented_clean_relaxed/normal_speech/S2I3V0bqmr8_seg_060.wav,S2I3V0bqmr8,060,normal_speech,clean_pool,0d6ce8edba832102d4fab8334711c7e185d4e2b01410b6ed589b7cb61c63962e,16000,1,2,48000,3.0,-23.36,0.3079,0.0
S2I3V0bqmr8_seg_061.wav,data/interim/segmented_clean_relaxed/normal_speech/S2I3V0bqmr8_seg_061.wav,S2I3V0bqmr8,061,normal_speech,clean_pool,86f5ca125be6c9789253dc07ce589a3aaad25b9bd5f80e1536188f8d65aed4c1,16000,1,2,48000,3.0,-22.43,0.2426,0.0
S2I3V0bqmr8_seg_062.wav,data/interim/segmented_clean_relaxed/normal_speech/S2I3V0bqmr8_seg_062.wav,S2I3V0bqmr8,062,normal_speech,clean_pool,1b231ee240f5985929e4e00cca23f31c383849800c5ee3950cfaca647dd5f0e9,16000,1,2,48000,3.0,-22.87,0.2396,0.0
S2I3V0bqmr8_seg_063.wav,data/interim/segmented_clean_relaxed/normal_speech/S2I3V0bqmr8_seg_063.wav,S2I3V0bqmr8,063,normal_speech,clean_pool,3af56d8a7517454e59201ca2496489636042e872f4833a1b1923826c8f045b40,16000,1,2,48000,3.0,-23.02,0.2859,0.0
S2I3V0bqmr8_seg_064.wav,data/interim/segmented_clean_relaxed/normal_speech/S2I3V0bqmr8_seg_064.wav,S2I3V0bqmr8,064,normal_speech,clean_pool,0330b6f1d7a8f971cd27afd1ebe7c39ec8039f4985a1d9cc9851c99f87c77d6a,16000,1,2,48000,3.0,-24.61,0.3481,0.0
S2I3V0bqmr8_seg_065.wav,data/interim/segmented_clean_relaxed/normal_speech/S2I3V0bqmr8_seg_065.wav,S2I3V0bqmr8,065,normal_speech,clean_pool,196a94bf415da33ee32cfa4558d8c5b78d331bcf6cc5ae8d542592a25f044071,16000,1,2,48000,3.0,-23.78,0.3861,0.0
S2I3V0bqmr8_seg_066.wav,data/interim/segmented_clean_relaxed/normal_speech/S2I3V0bqmr8_seg_066.wav,S2I3V0bqmr8,066,normal_speech,clean_pool,69dbaa709474608d2c6abba86f1ac292237d41724a199a3c2f9919adb39b4610,16000,1,2,48000,3.0,-25.24,0.3866,0.0
S2I3V0bqmr8_seg_067.wav,data/interim/segmented_clean_relaxed/normal_speech/S2I3V0bqmr8_seg_067.wav,S2I3V0bqmr8,067,normal_speech,clean_pool,cffaa784913692785d9f52b2c4c62bd0f8b4ac4acfbb5e683b5ea284a07eaa12,16000,1,2,48000,3.0,-25.75,0.393,0.0
S2I3V0bqmr8_seg_068.wav,data/interim/segmented_clean_relaxed/normal_speech/S2I3V0bqmr8_seg_068.wav,S2I3V0bqmr8,068,normal_speech,clean_pool,57f9a3982b3604f96366b93f61ce1df649b08958416e78451f711093a7c8606e,16000,1,2,48000,3.0,-25.09,0.4306,0.0
S2I3V0bqmr8_seg_069.wav,data/interim/segmented_clean_relaxed/normal_speech/S2I3V0bqmr8_seg_069.wav,S2I3V0bqmr8,069,normal_speech,clean_pool,46351b9478be4ac65d81d82911eab5d41f446ae10c891c58e547785de20d8165,16000,1,2,48000,3.0,-27.2,0.3425,0.0
S2I3V0bqmr8_seg_070.wav,data/interim/segmented_clean_relaxed/normal_speech/S2I3V0bqmr8_seg_070.wav,S2I3V0bqmr8,070,normal_speech,clean_pool,799aa54c366963971beabcf5b0faffd1b130f7da8056f118056eed0363fe3bc4,16000,1,2,48000,3.0,-26.19,0.2761,0.0
S2I3V0bqmr8_seg_071.wav,data/interim/segmented_clean_relaxed/normal_speech/S2I3V0bqmr8_seg_071.wav,S2I3V0bqmr8,071,normal_speech,clean_pool,ca39092daadd80ac4e2b26a9565ef59aff0fd31f89f171d7bddee42eb426bab0,16000,1,2,48000,3.0,-27.49,0.3716,0.0
S2I3V0bqmr8_seg_072.wav,data/interim/segmented_clean_relaxed/normal_speech/S2I3V0bqmr8_seg_072.wav,S2I3V0bqmr8,072,normal_speech,clean_pool,36c31306d0fd8523b448f16c714c0513950ee687efd503d122927ceb69e0a895,16000,1,2,48000,3.0,-25.45,0.3449,0.0
S2I3V0bqmr8_seg_073.wav,data/interim/segmented_clean_relaxed/normal_speech/S2I3V0bqmr8_seg_073.wav,S2I3V0bqmr8,073,normal_speech,clean_pool,51808d6e1bf07434d10442e58c76a9ddfcfce148258f9ae72a4b8a6fc12bcd3b,16000,1,2,48000,3.0,-25.87,0.2804,0.0
S2I3V0bqmr8_seg_074.wav,data/interim/segmented_clean_relaxed/normal_speech/S2I3V0bqmr8_seg_074.wav,S2I3V0bqmr8,074,normal_speech,clean_pool,0e5bd64b2c42d4cc27d05cb05d2a0aaa35b12a0d3321719cd40d4198bab68d9e,16000,1,2,48000,3.0,-26.09,0.4282,0.0
S2I3V0bqmr8_seg_075.wav,data/interim/segmented_clean_relaxed/normal_speech/S2I3V0bqmr8_seg_075.wav,S2I3V0bqmr8,075,normal_speech,clean_pool,c901038b2b68f59cd5a8513b310ccd8ee04f4aef1d65aa5cffbbebfc21546428,16000,1,2,48000,3.0,-23.73,0.2105,0.0
S2I3V0bqmr8_seg_076.wav,data/interim/segmented_clean_relaxed/normal_speech/S2I3V0bqmr8_seg_076.wav,S2I3V0bqmr8,076,normal_speech,clean_pool,cfab9d327326bcc99f457813fbc6ce52e728db050342c70ead91403124762467,16000,1,2,48000,3.0,-23.96,0.3483,0.0
S2I3V0bqmr8_seg_077.wav,data/interim/segmented_clean_relaxed/normal_speech/S2I3V0bqmr8_seg_077.wav,S2I3V0bqmr8,077,normal_speech,clean_pool,624e90a17ac5aef48f51a10ed585f2fb0141c260cef92f1eb07cf9dbb0861c51,16000,1,2,48000,3.0,-24.62,0.3082,0.0
S2I3V0bqmr8_seg_078.wav,data/interim/segmented_clean_relaxed/normal_speech/S2I3V0bqmr8_seg_078.wav,S2I3V0bqmr8,078,normal_speech,clean_pool,768088f0fc15c690dd80fe93d99c24ef05c85965e9f2a3dd4f5fe716966bbecf,16000,1,2,48000,3.0,-23.41,0.4295,0.0
S2I3V0bqmr8_seg_079.wav,data/interim/segmented_clean_relaxed/normal_speech/S2I3V0bqmr8_seg_079.wav,S2I3V0bqmr8,079,normal_speech,clean_pool,f64bdccfe88b7b1b6d38afec5c9522672aa5d9612554d3d04047a8ccf5d27a2c,16000,1,2,48000,3.0,-23.89,0.3094,0.0
S2I3V0bqmr8_seg_080.wav,data/interim/segmented_clean_relaxed/normal_speech/S2I3V0bqmr8_seg_080.wav,S2I3V0bqmr8,080,normal_speech,clean_pool,fd384e8c6773d326b5a55b44fa2ee5261f8950839155d918ed784912e128bff5,16000,1,2,48000,3.0,-25.16,0.309,0.0
S2I3V0bqmr8_seg_081.wav,data/interim/segmented_clean_relaxed/normal_speech/S2I3V0bqmr8_seg_081.wav,S2I3V0bqmr8,081,normal_speech,clean_pool,68d0ed4da7acd9208b9dcd1d1778d9e00b96b1da53dbcb61055d0a46dffe6ca6,16000,1,2,48000,3.0,-24.05,0.3356,0.0
S2I3V0bqmr8_seg_082.wav,data/interim/segmented_clean_relaxed/normal_speech/S2I3V0bqmr8_seg_082.wav,S2I3V0bqmr8,082,normal_speech,clean_pool,a9c559cc3d81746a61e011efddf1bacacfb5fbdc0f4fd779e91fdf76369bee4b,16000,1,2,48000,3.0,-23.71,0.2348,0.0
S2I3V0bqmr8_seg_083.wav,data/interim/segmented_clean_relaxed/normal_speech/S2I3V0bqmr8_seg_083.wav,S2I3V0bqmr8,083,normal_speech,clean_pool,34982ed9d495657d7e63e43d10c9f954f44eed0bc9fc091cfe9b6fd4327527a1,16000,1,2,48000,3.0,-26.35,0.3061,0.0
S2I3V0bqmr8_seg_084.wav,data/interim/segmented_clean_relaxed/normal_speech/S2I3V0bqmr8_seg_084.wav,S2I3V0bqmr8,084,normal_speech,clean_pool,48bc6f5152c8674ed7bde4618146e0c3c83dce6cac78dee3c067cca911fdff5a,16000,1,2,48000,3.0,-23.26,0.3198,0.0
S2I3V0bqmr8_seg_085.wav,data/interim/segmented_clean_relaxed/normal_speech/S2I3V0bqmr8_seg_085.wav,S2I3V0bqmr8,085,normal_speech,clean_pool,aecb095b1fc802a6f39019164f19ef55c71f0ae9693d974b4717ba8b3586e6c0,16000,1,2,48000,3.0,-25.45,0.2487,0.0
S2I3V0bqmr8_seg_086.wav,data/interim/segmented_clean_relaxed/normal_speech/S2I3V0bqmr8_seg_086.wav,S2I3V0bqmr8,086,normal_speech,clean_pool,1c1f3d670535254e95b08f2f17855e7bdc84f1895524be0da8850465b6e17b6c,16000,1,2,48000,3.0,-28.31,0.5251,0.0
S2I3V0bqmr8_seg_087.wav,data/interim/segmented_clean_relaxed/normal_speech/S2I3V0bqmr8_seg_087.wav,S2I3V0bqmr8,087,normal_speech,clean_pool,24b1d7ea0e58adf5afdf54ee79a7035d81c365796ddceff58277a40865354919,16000,1,2,48000,3.0,-22.23,0.3309,0.0
S2I3V0bqmr8_seg_088.wav,data/interim/segmented_clean_relaxed/normal_speech/S2I3V0bqmr8_seg_088.wav,S2I3V0bqmr8,088,normal_speech,clean_pool,dc27fb63770d1960c5cfa45b328b92cd21362f4f40e000f9e9de063010a32c5b,16000,1,2,48000,3.0,-20.31,0.182,0.0
S2I3V0bqmr8_seg_089.wav,data/interim/segmented_clean_relaxed/normal_speech/S2I3V0bqmr8_seg_089.wav,S2I3V0bqmr8,089,normal_speech,clean_pool,d69482138c60ada4533cb790996456a81bee4deca467700847b41fbdaf1684ca,16000,1,2,48000,3.0,-22.78,0.3776,0.0
S2I3V0bqmr8_seg_090.wav,data/interim/segmented_clean_relaxed/normal_speech/S2I3V0bqmr8_seg_090.wav,S2I3V0bqmr8,090,normal_speech,clean_pool,f0cddcffb995fb29ae61a3d548f9cce111ac89fa7ee896d6073da2a4cc2a44c4,16000,1,2,48000,3.0,-22.89,0.2891,0.0
S2I3V0bqmr8_seg_091.wav,data/interim/segmented_clean_relaxed/normal_speech/S2I3V0bqmr8_seg_091.wav,S2I3V0bqmr8,091,normal_speech,clean_pool,49b19f0a24ee1e0854ebcd18f589de090a8cc997f1bde7756ad13a98ac6f9631,16000,1,2,48000,3.0,-21.94,0.2113,0.0
S2I3V0bqmr8_seg_092.wav,data/interim/segmented_clean_relaxed/normal_speech/S2I3V0bqmr8_seg_092.wav,S2I3V0bqmr8,092,normal_speech,clean_pool,90a36b0d88e9a32bffc960e668839c55a1ab96e7b1659a1118f00f61bfdb1942,16000,1,2,48000,3.0,-22.55,0.1394,0.0
S2I3V0bqmr8_seg_093.wav,data/interim/segmented_clean_relaxed/normal_speech/S2I3V0bqmr8_seg_093.wav,S2I3V0bqmr8,093,normal_speech,clean_pool,d09e0af223c6f20eb0d8f5317816cc15cdf01113d39fc255e2dadc30245784e7,16000,1,2,48000,3.0,-22.39,0.2729,0.0
S2I3V0bqmr8_seg_094.wav,data/interim/segmented_clean_relaxed/normal_speech/S2I3V0bqmr8_seg_094.wav,S2I3V0bqmr8,094,normal_speech,clean_pool,339ad13774c5ca6fef4cf7fc050894cef9a99912cc54eda904708c521287544d,16000,1,2,48000,3.0,-22.89,0.1966,0.0
S2I3V0bqmr8_seg_095.wav,data/interim/segmented_clean_relaxed/normal_speech/S2I3V0bqmr8_seg_095.wav,S2I3V0bqmr8,095,normal_speech,clean_pool,be3b9ba075e6a96efbe2d7a4445290219adb10c69cfe6f3b39cd2e74b9875665,16000,1,2,48000,3.0,-22.3,0.288,0.0
S2I3V0bqmr8_seg_096.wav,data/interim/segmented_clean_relaxed/normal_speech/S2I3V0bqmr8_seg_096.wav,S2I3V0bqmr8,096,normal_speech,clean_pool,2698ef867fe20946520031de81c462ad58199f99cd25f293583c4a311dc004b4,16000,1,2,48000,3.0,-21.77,0.1714,0.0
S2I3V0bqmr8_seg_097.wav,data/interim/segmented_clean_relaxed/normal_speech/S2I3V0bqmr8_seg_097.wav,S2I3V0bqmr8,097,normal_speech,clean_pool,ebe2594516c152949dfee6eb1884f13cc6b4fb012aa2a3bd4f3adb046c6af9bc,16000,1,2,48000,3.0,-22.58,0.2356,0.0
S2I3V0bqmr8_seg_098.wav,data/interim/segmented_clean_relaxed/normal_speech/S2I3V0bqmr8_seg_098.wav,S2I3V0bqmr8,098,normal_speech,clean_pool,b5b100c824faba7ab2e16e51abb741f2040f6ecb261ac26770fdafe5cca2f691,16000,1,2,48000,3.0,-21.15,0.1856,0.0
S2I3V0bqmr8_seg_099.wav,data/interim/segmented_clean_relaxed/normal_speech/S2I3V0bqmr8_seg_099.wav,S2I3V0bqmr8,099,normal_speech,clean_pool,be55559812e463510775217eaa37c45a71f1ffbe12119155d55f67c3d2596f5c,16000,1,2,48000,3.0,-22.4,0.2213,0.0
S2I3V0bqmr8_seg_100.wav,data/interim/segmented_clean_relaxed/normal_speech/S2I3V0bqmr8_seg_100.wav,S2I3V0bqmr8,100,normal_speech,clean_pool,5daa357f19332ca741cf704aa8a1b9957af6b9fc96305807b76d51ed98d21315,16000,1,2,48000,3.0,-22.37,0.1867,0.0
S2I3V0bqmr8_seg_101.wav,data/interim/segmented_clean_relaxed/normal_speech/S2I3V0bqmr8_seg_101.wav,S2I3V0bqmr8,101,normal_speech,clean_pool,335ef30f1f02768beea92bd30006bd82c92dfc9d497cfb6c2ee5b161d86f61e6,16000,1,2,48000,3.0,-21.81,0.2464,0.0
S2I3V0bqmr8_seg_102.wav,data/interim/segmented_clean_relaxed/normal_speech/S2I3V0bqmr8_seg_102.wav,S2I3V0bqmr8,102,normal_speech,clean_pool,6ae79426f7f0580c3972aea87a627da9af94c5d3c2e9a5b92927ccbc76f250f5,16000,1,2,48000,3.0,-20.51,0.2183,0.0
S2I3V0bqmr8_seg_103.wav,data/interim/segmented_clean_relaxed/normal_speech/S2I3V0bqmr8_seg_103.wav,S2I3V0bqmr8,103,normal_speech,clean_pool,423b190a58faf1ff818aa5f6daefc46ffcbb14c9aeb915e8efcaa6b399a53a30,16000,1,2,48000,3.0,-21.16,0.2104,0.0
S2I3V0bqmr8_seg_104.wav,data/interim/segmented_clean_relaxed/normal_speech/S2I3V0bqmr8_seg_104.wav,S2I3V0bqmr8,104,normal_speech,clean_pool,f166c0c9e6b46d1d3dbf1ff83c4e6d7a3a7e1d72230e4d18036e5840626206e9,16000,1,2,48000,3.0,-23.74,0.2667,0.0
S2I3V0bqmr8_seg_105.wav,data/interim/segmented_clean_relaxed/normal_speech/S2I3V0bqmr8_seg_105.wav,S2I3V0bqmr8,105,normal_speech,clean_pool,d1a5b8fb4457c381ec4939e7ba43d08a81dd3bc0c6b990e9f053cb3776f7ee83,16000,1,2,48000,3.0,-22.73,0.2559,0.0
S2I3V0bqmr8_seg_106.wav,data/interim/segmented_clean_relaxed/normal_speech/S2I3V0bqmr8_seg_106.wav,S2I3V0bqmr8,106,normal_speech,clean_pool,e5bc4391f7ee118753ce56fb4295d52e8beafe8b7ff710e7f2c16f39f37c0266,16000,1,2,48000,3.0,-21.77,0.2491,0.0
S2I3V0bqmr8_seg_107.wav,data/interim/segmented_clean_relaxed/normal_speech/S2I3V0bqmr8_seg_107.wav,S2I3V0bqmr8,107,normal_speech,clean_pool,4ac0a310c26b56bef4e78c3fef6edd3d4c711c7c3bbd3e931a02f0e14db79b68,16000,1,2,48000,3.0,-21.76,0.3364,0.0
S2I3V0bqmr8_seg_108.wav,data/interim/segmented_clean_relaxed/normal_speech/S2I3V0bqmr8_seg_108.wav,S2I3V0bqmr8,108,normal_speech,clean_pool,25e3de466e58c8a03a3e9a47c4c7454baf23ce11e6d022d8b6f8ab4db903f09c,16000,1,2,48000,3.0,-21.38,0.3973,0.0
S2I3V0bqmr8_seg_109.wav,data/interim/segmented_clean_relaxed/normal_speech/S2I3V0bqmr8_seg_109.wav,S2I3V0bqmr8,109,normal_speech,clean_pool,8f3a0c916286aa67047e5ba8da685b87f9abdd4c65258edd494f1e874070c78c,16000,1,2,48000,3.0,-21.9,0.3992,2.1e-05
S2I3V0bqmr8_seg_110.wav,data/interim/segmented_clean_relaxed/normal_speech/S2I3V0bqmr8_seg_110.wav,S2I3V0bqmr8,110,normal_speech,clean_pool,26c641df140272e66d5d7a71f6a3bc279f2b15ca6f2eca49e0ea4d7ecbb1038e,16000,1,2,48000,3.0,-20.18,0.1663,0.0
S2I3V0bqmr8_seg_111.wav,data/interim/segmented_clean_relaxed/normal_speech/S2I3V0bqmr8_seg_111.wav,S2I3V0bqmr8,111,normal_speech,clean_pool,c7e80e965c8a80cdffe94ea5012476ad64156423cd13ca151fc01387001b2e47,16000,1,2,48000,3.0,-21.67,0.1844,0.0
S2I3V0bqmr8_seg_112.wav,data/interim/segmented_clean_relaxed/normal_speech/S2I3V0bqmr8_seg_112.wav,S2I3V0bqmr8,112,normal_speech,clean_pool,1da9076106a9740b45ef941d19dcfb673f1bf6e64cd3d3476bc9108f85414b0a,16000,1,2,48000,3.0,-21.19,0.1541,0.0
S2I3V0bqmr8_seg_113.wav,data/interim/segmented_clean_relaxed/normal_speech/S2I3V0bqmr8_seg_113.wav,S2I3V0bqmr8,113,normal_speech,clean_pool,88afb0d10f45f5937e98f95cd2e8cc46a221db72f7c609f535191dcf86e62c6b,16000,1,2,48000,3.0,-20.77,0.2404,0.0
S2I3V0bqmr8_seg_114.wav,data/interim/segmented_clean_relaxed/normal_speech/S2I3V0bqmr8_seg_114.wav,S2I3V0bqmr8,114,normal_speech,clean_pool,f4064f18d2161508d8f0d014afe182f5071af820eb5a31518cf53fc582dbf303,16000,1,2,48000,3.0,-23.14,0.1782,0.0
S2I3V0bqmr8_seg_115.wav,data/interim/segmented_clean_relaxed/normal_speech/S2I3V0bqmr8_seg_115.wav,S2I3V0bqmr8,115,normal_speech,clean_pool,020ee00eafbf33b96207bc0101199e502d3626c0191dd68ca0606142383e5630,16000,1,2,48000,3.0,-22.49,0.2313,0.0
S2I3V0bqmr8_seg_116.wav,data/interim/segmented_clean_relaxed/normal_speech/S2I3V0bqmr8_seg_116.wav,S2I3V0bqmr8,116,normal_speech,clean_pool,550d6dbdca0f5a7feac2311e0b006bf7e5149e9c40c048f042814c01f2cc45a2,16000,1,2,48000,3.0,-21.92,0.2058,0.0
S2I3V0bqmr8_seg_117.wav,data/interim/segmented_clean_relaxed/normal_speech/S2I3V0bqmr8_seg_117.wav,S2I3V0bqmr8,117,normal_speech,clean_pool,4ca01d04689b85da716b6e60d1c134e3ac9195e661be0071ebc31e417d93923f,16000,1,2,48000,3.0,-21.86,0.2176,0.0
S2I3V0bqmr8_seg_118.wav,data/interim/segmented_clean_relaxed/normal_speech/S2I3V0bqmr8_seg_118.wav,S2I3V0bqmr8,118,normal_speech,clean_pool,56e949da4a46f47c9230cd965b2dc5f4a880d9f9c576d148e66df94e95cafc12,16000,1,2,48000,3.0,-23.73,0.2063,0.0
S2I3V0bqmr8_seg_119.wav,data/interim/segmented_clean_relaxed/normal_speech/S2I3V0bqmr8_seg_119.wav,S2I3V0bqmr8,119,normal_speech,clean_pool,1d62b45dbfc3736dbf158e92b6c6bdc90dba9237c516a3c5d33b69d93ff4bc59,16000,1,2,48000,3.0,-20.2,0.1438,0.0
S2I3V0bqmr8_seg_120.wav,data/interim/segmented_clean_relaxed/normal_speech/S2I3V0bqmr8_seg_120.wav,S2I3V0bqmr8,120,normal_speech,clean_pool,0e14deb31863e2d5d0027f998ec650527456e1354a981a5a91cc3f8326abf59d,16000,1,2,48000,3.0,-24.15,0.2172,0.0
S2I3V0bqmr8_seg_121.wav,data/interim/segmented_clean_relaxed/normal_speech/S2I3V0bqmr8_seg_121.wav,S2I3V0bqmr8,121,normal_speech,clean_pool,3d3cb3b2d01defebec69223d91304c9e96ffe02c89dfebfb9e66d996b3462c34,16000,1,2,48000,3.0,-22.26,0.1915,0.0
S2I3V0bqmr8_seg_122.wav,data/interim/segmented_clean_relaxed/normal_speech/S2I3V0bqmr8_seg_122.wav,S2I3V0bqmr8,122,normal_speech,clean_pool,a168dc392bc46f1e7596d78c1e404bf14387cc920c9354892eacb1a5b36efc67,16000,1,2,48000,3.0,-22.94,0.2798,0.0
S2I3V0bqmr8_seg_123.wav,data/interim/segmented_clean_relaxed/normal_speech/S2I3V0bqmr8_seg_123.wav,S2I3V0bqmr8,123,normal_speech,clean_pool,dae59ac4d360f5d4188ee426199e8b3c1bf19d3236478eb7b075839e071e0204,16000,1,2,48000,3.0,-19.24,0.1745,0.0
S2I3V0bqmr8_seg_124.wav,data/interim/segmented_clean_relaxed/normal_speech/S2I3V0bqmr8_seg_124.wav,S2I3V0bqmr8,124,normal_speech,clean_pool,4f8c097ce7c7148695a29048dfc3633cc63c8ee0c59259b257eccd79c88a6eb4,16000,1,2,48000,3.0,-21.17,0.2235,0.0
S2I3V0bqmr8_seg_125.wav,data/interim/segmented_clean_relaxed/normal_speech/S2I3V0bqmr8_seg_125.wav,S2I3V0bqmr8,125,normal_speech,clean_pool,d5cc70e53bc52dddba3eab325d015196de358e3eb651315a6e529e6098b433d3,16000,1,2,48000,3.0,-22.39,0.177,0.0
S2I3V0bqmr8_seg_126.wav,data/interim/segmented_clean_relaxed/normal_speech/S2I3V0bqmr8_seg_126.wav,S2I3V0bqmr8,126,normal_speech,clean_pool,e53578767ea3f2d9acf32e744fc175c242add9cf587d53a689686a0322b7366d,16000,1,2,48000,3.0,-23.79,0.2291,0.0
S2I3V0bqmr8_seg_127.wav,data/interim/segmented_clean_relaxed/normal_speech/S2I3V0bqmr8_seg_127.wav,S2I3V0bqmr8,127,normal_speech,clean_pool,6078ade31e7878f91909bcb8c51cad6795f02ee46ca8d5a771b995dc08b46296,16000,1,2,48000,3.0,-19.54,0.0989,0.0
S2I3V0bqmr8_seg_128.wav,data/interim/segmented_clean_relaxed/normal_speech/S2I3V0bqmr8_seg_128.wav,S2I3V0bqmr8,128,normal_speech,clean_pool,e9b21df2765b25cf086364bb1a793f03deb97ecd7402c81bd65e261421b51ffb,16000,1,2,48000,3.0,-21.63,0.1977,0.0
S2I3V0bqmr8_seg_129.wav,data/interim/segmented_clean_relaxed/normal_speech/S2I3V0bqmr8_seg_129.wav,S2I3V0bqmr8,129,normal_speech,clean_pool,ab3d302ab13806ba53ecfd13da5b8deee93e85104d97f1a67c4fa1dda0ba63ee,16000,1,2,48000,3.0,-21.78,0.2339,0.0
S2I3V0bqmr8_seg_130.wav,data/interim/segmented_clean_relaxed/normal_speech/S2I3V0bqmr8_seg_130.wav,S2I3V0bqmr8,130,normal_speech,clean_pool,6f92cd5dc22967e775acd07a58d5e97f9a8cfb17df7b35392b8edfa68f3abc5e,16000,1,2,48000,3.0,-21.88,0.1965,0.0
S2I3V0bqmr8_seg_131.wav,data/interim/segmented_clean_relaxed/normal_speech/S2I3V0bqmr8_seg_131.wav,S2I3V0bqmr8,131,normal_speech,clean_pool,1b11dadd9fa369c6debe07969a33171cd2a4f233385076acc632a0b163a14773,16000,1,2,48000,3.0,-23.23,0.2913,0.0
S2I3V0bqmr8_seg_132.wav,data/interim/segmented_clean_relaxed/normal_speech/S2I3V0bqmr8_seg_132.wav,S2I3V0bqmr8,132,normal_speech,clean_pool,7d1153dc640375f3cef205afe76c4ea083fee6a11aa3455a3389ca9a65fd6c59,16000,1,2,48000,3.0,-22.58,0.2407,0.0
S2I3V0bqmr8_seg_133.wav,data/interim/segmented_clean_relaxed/normal_speech/S2I3V0bqmr8_seg_133.wav,S2I3V0bqmr8,133,normal_speech,clean_pool,568bbe50240f94843baf0e637dc338791858b0835d9d4c15861719538d4dbc13,16000,1,2,48000,3.0,-23.02,0.1956,0.0
S2I3V0bqmr8_seg_134.wav,data/interim/segmented_clean_relaxed/normal_speech/S2I3V0bqmr8_seg_134.wav,S2I3V0bqmr8,134,normal_speech,clean_pool,22b59a5f35c600804ffe61ab9b635f78b4ba314b518a372787706ce857ac8be3,16000,1,2,48000,3.0,-24.69,0.2886,0.0
S2I3V0bqmr8_seg_135.wav,data/interim/segmented_clean_relaxed/normal_speech/S2I3V0bqmr8_seg_135.wav,S2I3V0bqmr8,135,normal_speech,clean_pool,a7d178a09ab3d1cf452ad00d34b2615349d861abcd1023dea5946f769ec0bb72,16000,1,2,48000,3.0,-22.0,0.2469,0.0
S2I3V0bqmr8_seg_136.wav,data/interim/segmented_clean_relaxed/normal_speech/S2I3V0bqmr8_seg_136.wav,S2I3V0bqmr8,136,normal_speech,clean_pool,67b5b57a1b827c88955fcb007f549f296dabf21bc82d008586b904931ce67b1b,16000,1,2,48000,3.0,-23.2,0.2573,0.0
S2I3V0bqmr8_seg_137.wav,data/interim/segmented_clean_relaxed/normal_speech/S2I3V0bqmr8_seg_137.wav,S2I3V0bqmr8,137,normal_speech,clean_pool,f6a7699f9548f7cb4ff632d83cd4c8f48f6183283025d4e9f819d8787db487e0,16000,1,2,48000,3.0,-23.32,0.2079,0.0
S2I3V0bqmr8_seg_138.wav,data/interim/segmented_clean_relaxed/normal_speech/S2I3V0bqmr8_seg_138.wav,S2I3V0bqmr8,138,normal_speech,clean_pool,e107cc059192d22e390df6a3fc0f191dfee59335087d7d1d2483926019fe1247,16000,1,2,48000,3.0,-23.31,0.2698,0.0
S2I3V0bqmr8_seg_139.wav,data/interim/segmented_clean_relaxed/normal_speech/S2I3V0bqmr8_seg_139.wav,S2I3V0bqmr8,139,normal_speech,clean_pool,f01d2e538e8a1dce27fe79ebddee1c88749e087e4a9cfc155ab68dc6fb51348d,16000,1,2,48000,3.0,-21.93,0.1626,0.0
S2I3V0bqmr8_seg_140.wav,data/interim/segmented_clean_relaxed/normal_speech/S2I3V0bqmr8_seg_140.wav,S2I3V0bqmr8,140,normal_speech,clean_pool,cda522428b1ef6103291da1688f9683ae2283decd9a8103d59c4a2e85dbe29f3,16000,1,2,48000,3.0,-21.88,0.2795,0.0
S2I3V0bqmr8_seg_141.wav,data/interim/segmented_clean_relaxed/normal_speech/S2I3V0bqmr8_seg_141.wav,S2I3V0bqmr8,141,normal_speech,clean_pool,2496fe235c1611b67abdf9ac216e6f5bc3d0b97b20bb49a52649e3acff5d3fc1,16000,1,2,48000,3.0,-21.51,0.2292,0.0
S2I3V0bqmr8_seg_142.wav,data/interim/segmented_clean_relaxed/normal_speech/S2I3V0bqmr8_seg_142.wav,S2I3V0bqmr8,142,normal_speech,clean_pool,b0f16e47aac59b1b4a002e1b637f36646f0096f76998ac25bb263e1e172411c9,16000,1,2,48000,3.0,-23.21,0.2586,0.0
S2I3V0bqmr8_seg_143.wav,data/interim/segmented_clean_relaxed/normal_speech/S2I3V0bqmr8_seg_143.wav,S2I3V0bqmr8,143,normal_speech,clean_pool,ac75646dad124017293e9e4af9f556f762706f7ba8a4fafb78aa742620a2f274,16000,1,2,48000,3.0,-21.06,0.191,0.0
S2I3V0bqmr8_seg_144.wav,data/interim/segmented_clean_relaxed/normal_speech/S2I3V0bqmr8_seg_144.wav,S2I3V0bqmr8,144,normal_speech,clean_pool,626818e33f5e6abdca91c5941ab8db2638918812bb29babce556d120602174fd,16000,1,2,48000,3.0,-23.06,0.195,0.0
S2I3V0bqmr8_seg_145.wav,data/interim/segmented_clean_relaxed/normal_speech/S2I3V0bqmr8_seg_145.wav,S2I3V0bqmr8,145,normal_speech,clean_pool,255d78eb77bbfec918ff60f4a90c8bb60d2d711c7104a91f64a0d82e79b709e8,16000,1,2,48000,3.0,-21.32,0.2391,0.0
S2I3V0bqmr8_seg_146.wav,data/interim/segmented_clean_relaxed/normal_speech/S2I3V0bqmr8_seg_146.wav,S2I3V0bqmr8,146,normal_speech,clean_pool,7b0c926aa0b5ca01ba019757c31e902aa7978aaf3334d59e7fd310f01cd35bab,16000,1,2,48000,3.0,-21.04,0.1764,0.0
S2I3V0bqmr8_seg_147.wav,data/interim/segmented_clean_relaxed/normal_speech/S2I3V0bqmr8_seg_147.wav,S2I3V0bqmr8,147,normal_speech,clean_pool,463f3ec263020c2f4c65f707833fbe12aa99439c344835b8322abe232c8f44ec,16000,1,2,48000,3.0,-22.07,0.205,0.0
S2I3V0bqmr8_seg_148.wav,data/interim/segmented_clean_relaxed/normal_speech/S2I3V0bqmr8_seg_148.wav,S2I3V0bqmr8,148,normal_speech,clean_pool,001d71cc5b08c3ae77307185b5f1a5466b8b734645ce1fc645bb6defabf09b6e,16000,1,2,48000,3.0,-22.03,0.2018,0.0
S2I3V0bqmr8_seg_149.wav,data/interim/segmented_clean_relaxed/normal_speech/S2I3V0bqmr8_seg_149.wav,S2I3V0bqmr8,149,normal_speech,clean_pool,642b4fd4f4ff6fe9ca21a9416f5411629ee808afcc6ac67aafde37aec315e524,16000,1,2,48000,3.0,-22.42,0.3214,0.0
S2I3V0bqmr8_seg_150.wav,data/interim/segmented_clean_relaxed/normal_speech/S2I3V0bqmr8_seg_150.wav,S2I3V0bqmr8,150,normal_speech,clean_pool,818fcb3c4db4a92dea19db99c5670f62d98308cc502c22652f10e22701f98078,16000,1,2,48000,3.0,-21.88,0.1398,0.0
S2I3V0bqmr8_seg_151.wav,data/interim/segmented_clean_relaxed/normal_speech/S2I3V0bqmr8_seg_151.wav,S2I3V0bqmr8,151,normal_speech,clean_pool,eeae949e1b33a3f668a51227f960813002edfc1fe05a1989c78d93277a2493ef,16000,1,2,48000,3.0,-21.56,0.1299,4.2e-05
S2I3V0bqmr8_seg_152.wav,data/interim/segmented_clean_relaxed/normal_speech/S2I3V0bqmr8_seg_152.wav,S2I3V0bqmr8,152,normal_speech,clean_pool,8057024f21e978050e76325d00e4e099e56b70c4d4bf35f52a6317d4b71418d4,16000,1,2,48000,3.0,-23.6,0.2325,0.0
S2I3V0bqmr8_seg_153.wav,data/interim/segmented_clean_relaxed/normal_speech/S2I3V0bqmr8_seg_153.wav,S2I3V0bqmr8,153,normal_speech,clean_pool,c7873ea0ec41ab20a9a99fdf7d7cc2c88f6aecc81d68583729c2d5e448c1e44a,16000,1,2,48000,3.0,-22.54,0.3007,0.0
S2I3V0bqmr8_seg_154.wav,data/interim/segmented_clean_relaxed/normal_speech/S2I3V0bqmr8_seg_154.wav,S2I3V0bqmr8,154,normal_speech,clean_pool,0e6aa8094729c8e536e714da61a836b92b661257fca6b94101eb9fc1f6f93949,16000,1,2,48000,3.0,-21.57,0.2102,0.0
S2I3V0bqmr8_seg_155.wav,data/interim/segmented_clean_relaxed/normal_speech/S2I3V0bqmr8_seg_155.wav,S2I3V0bqmr8,155,normal_speech,clean_pool,5c05d4f7388d57424ac4964e16f54bfb667a0dd7bdceb83f4b13e32e859fc172,16000,1,2,48000,3.0,-23.03,0.319,0.0
S2I3V0bqmr8_seg_156.wav,data/interim/segmented_clean_relaxed/normal_speech/S2I3V0bqmr8_seg_156.wav,S2I3V0bqmr8,156,normal_speech,clean_pool,b7105eba461b1b7f1c258861e8144538a21a4ac600db1554fbc4db039fcc26b1,16000,1,2,48000,3.0,-21.84,0.2013,0.0
S2I3V0bqmr8_seg_157.wav,data/interim/segmented_clean_relaxed/normal_speech/S2I3V0bqmr8_seg_157.wav,S2I3V0bqmr8,157,normal_speech,clean_pool,e97d757652472cabd50a4eaacaf805e91be5841cd6b691552690c5802de27e7f,16000,1,2,48000,3.0,-22.05,0.1979,0.0
S2I3V0bqmr8_seg_158.wav,data/interim/segmented_clean_relaxed/normal_speech/S2I3V0bqmr8_seg_158.wav,S2I3V0bqmr8,158,normal_speech,clean_pool,3b696b3f8098a02e128659264aec3a37c3f30663d6d99da028c61051cb23016f,16000,1,2,48000,3.0,-22.14,0.271,2.1e-05
S2I3V0bqmr8_seg_159.wav,data/interim/segmented_clean_relaxed/normal_speech/S2I3V0bqmr8_seg_159.wav,S2I3V0bqmr8,159,normal_speech,clean_pool,e5de6356c8e3a344551bcc62da2f28ebc5472a3004c109ac9c4f84b07f1e22a1,16000,1,2,48000,3.0,-24.14,0.1864,0.0
S2I3V0bqmr8_seg_160.wav,data/interim/segmented_clean_relaxed/normal_speech/S2I3V0bqmr8_seg_160.wav,S2I3V0bqmr8,160,normal_speech,clean_pool,a0e8c50c4a8064c2fdb728746b0c51622a4f40e0c72b00884f99ef90989548b0,16000,1,2,48000,3.0,-20.7,0.2241,0.0
S2I3V0bqmr8_seg_161.wav,data/interim/segmented_clean_relaxed/normal_speech/S2I3V0bqmr8_seg_161.wav,S2I3V0bqmr8,161,normal_speech,clean_pool,1cfe874f73e2750b73905ba35eae28d43435562f4c4de84fa640a55d9d01a61b,16000,1,2,48000,3.0,-21.6,0.2253,0.0
S2I3V0bqmr8_seg_162.wav,data/interim/segmented_clean_relaxed/normal_speech/S2I3V0bqmr8_seg_162.wav,S2I3V0bqmr8,162,normal_speech,clean_pool,90e3ee77f6608856face6399b794b8d70989065f7b89e1be9c3e50e938ef1cfd,16000,1,2,48000,3.0,-23.45,0.2618,0.0
S2I3V0bqmr8_seg_163.wav,data/interim/segmented_clean_relaxed/normal_speech/S2I3V0bqmr8_seg_163.wav,S2I3V0bqmr8,163,normal_speech,clean_pool,7013b20df0d03398436aef0cdfc3f72a3808556c6fe2adce42c80daa99bbc27c,16000,1,2,48000,3.0,-19.15,0.2222,0.0
S2I3V0bqmr8_seg_164.wav,data/interim/segmented_clean_relaxed/normal_speech/S2I3V0bqmr8_seg_164.wav,S2I3V0bqmr8,164,normal_speech,clean_pool,cd5997dff9bb334cd17a3f27a6810ee99cbd902442efc8dfcfe43a46ac31f672,16000,1,2,48000,3.0,-21.11,0.1837,0.0
S2I3V0bqmr8_seg_165.wav,data/interim/segmented_clean_relaxed/normal_speech/S2I3V0bqmr8_seg_165.wav,S2I3V0bqmr8,165,normal_speech,clean_pool,7d7ed29620918106002fcb298e690815a0351f1c8d1b728956f6098b96189ee5,16000,1,2,48000,3.0,-24.11,0.1436,0.0
S2I3V0bqmr8_seg_166.wav,data/interim/segmented_clean_relaxed/normal_speech/S2I3V0bqmr8_seg_166.wav,S2I3V0bqmr8,166,normal_speech,clean_pool,c22c3e0034dff268eb0f3aa5d6960db884c5f64e0c26e9fe333c28c2031fca6b,16000,1,2,48000,3.0,-23.04,0.1756,0.0
S2I3V0bqmr8_seg_167.wav,data/interim/segmented_clean_relaxed/normal_speech/S2I3V0bqmr8_seg_167.wav,S2I3V0bqmr8,167,normal_speech,clean_pool,527cef2f908b712b23126e26c82af991ea54fd476b6eefef0f95a9a9808573ef,16000,1,2,48000,3.0,-23.56,0.1331,0.0
S2I3V0bqmr8_seg_168.wav,data/interim/segmented_clean_relaxed/normal_speech/S2I3V0bqmr8_seg_168.wav,S2I3V0bqmr8,168,normal_speech,clean_pool,0516c33c0ff90b957c8529da47d083f7e158bced9c11db755d9bf5363e2b96ea,16000,1,2,48000,3.0,-22.27,0.1563,0.0
S2I3V0bqmr8_seg_169.wav,data/interim/segmented_clean_relaxed/normal_speech/S2I3V0bqmr8_seg_169.wav,S2I3V0bqmr8,169,normal_speech,clean_pool,106b4e1daa78f734e970b42a00103cda7edf48a585c5c403605b4d0f4bde2ca1,16000,1,2,48000,3.0,-23.09,0.1305,0.0
S2I3V0bqmr8_seg_170.wav,data/interim/segmented_clean_relaxed/normal_speech/S2I3V0bqmr8_seg_170.wav,S2I3V0bqmr8,170,normal_speech,clean_pool,ec690caf428ea60f8b072741424a403db797284dc5887b62ff712fc6f471a369,16000,1,2,48000,3.0,-21.62,0.125,0.0
S2I3V0bqmr8_seg_171.wav,data/interim/segmented_clean_relaxed/normal_speech/S2I3V0bqmr8_seg_171.wav,S2I3V0bqmr8,171,normal_speech,clean_pool,22e12ce4d59cdf7a50d5a75e05c8ed059abeb9ceb6b0102d52e4e78196bda1ae,16000,1,2,48000,3.0,-21.67,0.1421,0.0
S2I3V0bqmr8_seg_172.wav,data/interim/segmented_clean_relaxed/normal_speech/S2I3V0bqmr8_seg_172.wav,S2I3V0bqmr8,172,normal_speech,clean_pool,02938acbbedbb3b7c1bd3b8e408ea93409f3248a0760b43396b15828d685c01c,16000,1,2,48000,3.0,-23.5,0.1998,0.0
S2I3V0bqmr8_seg_173.wav,data/interim/segmented_clean_relaxed/normal_speech/S2I3V0bqmr8_seg_173.wav,S2I3V0bqmr8,173,normal_speech,clean_pool,b455f05529e6de6d6723921242d4fbc4a07ec03d69458620689a16aab747a7af,16000,1,2,48000,3.0,-22.45,0.2322,0.0
S2I3V0bqmr8_seg_174.wav,data/interim/segmented_clean_relaxed/normal_speech/S2I3V0bqmr8_seg_174.wav,S2I3V0bqmr8,174,normal_speech,clean_pool,e7826791df65fdac4a7ba808dcb59535bd39c32aac78a5df82ee6b64ccb26705,16000,1,2,48000,3.0,-21.18,0.3116,0.0
S2I3V0bqmr8_seg_175.wav,data/interim/segmented_clean_relaxed/normal_speech/S2I3V0bqmr8_seg_175.wav,S2I3V0bqmr8,175,normal_speech,clean_pool,35e45911a28e8f1b7556438a1fe65c610e186d3146aba43a2a1e22f2bbfcc2f9,16000,1,2,48000,3.0,-21.54,0.1447,0.0
S2I3V0bqmr8_seg_176.wav,data/interim/segmented_clean_relaxed/normal_speech/S2I3V0bqmr8_seg_176.wav,S2I3V0bqmr8,176,normal_speech,clean_pool,febee861380742f036f614f49248a85823524646c712ca58fe6192eee8d47f76,16000,1,2,48000,3.0,-20.66,0.1758,0.0
S2I3V0bqmr8_seg_177.wav,data/interim/segmented_clean_relaxed/normal_speech/S2I3V0bqmr8_seg_177.wav,S2I3V0bqmr8,177,normal_speech,clean_pool,45b33c1f1780fadfbd37f5e0373342ac9a021cd7bd4c63ec9f54bfd109133a6f,16000,1,2,48000,3.0,-23.04,0.2194,0.0
S2I3V0bqmr8_seg_178.wav,data/interim/segmented_clean_relaxed/normal_speech/S2I3V0bqmr8_seg_178.wav,S2I3V0bqmr8,178,normal_speech,clean_pool,83c38fee88a22b5a973af5b1c9a42543e9a850acee9b4f3c9de453def99c3a1d,16000,1,2,48000,3.0,-26.56,0.2859,0.0
S2I3V0bqmr8_seg_179.wav,data/interim/segmented_clean_relaxed/normal_speech/S2I3V0bqmr8_seg_179.wav,S2I3V0bqmr8,179,normal_speech,clean_pool,2b1870ddd827aaa9b46f19b7531276844608ff438adf53ae334ed008b6654564,16000,1,2,48000,3.0,-19.67,0.2196,0.0
S2I3V0bqmr8_seg_180.wav,data/interim/segmented_clean_relaxed/normal_speech/S2I3V0bqmr8_seg_180.wav,S2I3V0bqmr8,180,normal_speech,clean_pool,a92a968eb47bb0ee8aac8ce0a87a31daecedc1b8e3e9cc707dffd03102501e0e,16000,1,2,48000,3.0,-21.22,0.2593,0.0
S2I3V0bqmr8_seg_181.wav,data/interim/segmented_clean_relaxed/normal_speech/S2I3V0bqmr8_seg_181.wav,S2I3V0bqmr8,181,normal_speech,clean_pool,16ab48a05356418e715c5e9f64f1ab0918111275505cfe8f801d292ba423c1ff,16000,1,2,48000,3.0,-21.36,0.2069,0.0
S2I3V0bqmr8_seg_182.wav,data/interim/segmented_clean_relaxed/normal_speech/S2I3V0bqmr8_seg_182.wav,S2I3V0bqmr8,182,normal_speech,clean_pool,c472a5bef215874d006508f322d779d3c2b82de3601a42e14da594aa7993fda6,16000,1,2,48000,3.0,-21.67,0.2141,0.0
S2I3V0bqmr8_seg_183.wav,data/interim/segmented_clean_relaxed/normal_speech/S2I3V0bqmr8_seg_183.wav,S2I3V0bqmr8,183,normal_speech,clean_pool,2610492c32f4d87e3e1b39727b28e1daa31a86cd5f4a4cdb2ec7edb103eb54c9,16000,1,2,48000,3.0,-20.86,0.1861,0.0
S2I3V0bqmr8_seg_184.wav,data/interim/segmented_clean_relaxed/normal_speech/S2I3V0bqmr8_seg_184.wav,S2I3V0bqmr8,184,normal_speech,clean_pool,bb53367391c99c3d546d8eb44fb9e73e1078bb6a933c6c4223162cc048f0d154,16000,1,2,48000,3.0,-20.64,0.1505,0.0
S2I3V0bqmr8_seg_185.wav,data/interim/segmented_clean_relaxed/normal_speech/S2I3V0bqmr8_seg_185.wav,S2I3V0bqmr8,185,normal_speech,clean_pool,5609a8e064ee15317d428595f8510ee9023ded016b8046ef37554d3adea69dd0,16000,1,2,48000,3.0,-22.6,0.1925,0.0
S2I3V0bqmr8_seg_186.wav,data/interim/segmented_clean_relaxed/normal_speech/S2I3V0bqmr8_seg_186.wav,S2I3V0bqmr8,186,normal_speech,clean_pool,f44bfe631e08e4186d4d70d90bdcbed283fe149f711a22c042099fc170406bee,16000,1,2,48000,3.0,-20.27,0.2179,0.0
S2I3V0bqmr8_seg_187.wav,data/interim/segmented_clean_relaxed/normal_speech/S2I3V0bqmr8_seg_187.wav,S2I3V0bqmr8,187,normal_speech,clean_pool,a9ad5f6f23ce06dd43f4c7c889b40676173efde197a01574bd41e0526a488468,16000,1,2,48000,3.0,-22.53,0.1481,0.0
S2I3V0bqmr8_seg_188.wav,data/interim/segmented_clean_relaxed/normal_speech/S2I3V0bqmr8_seg_188.wav,S2I3V0bqmr8,188,normal_speech,clean_pool,ae8c4b375a992e488140c0f76b8ada42e244da1000bd64e2ff02dd872af9cc76,16000,1,2,48000,3.0,-20.96,0.2285,0.0
S2I3V0bqmr8_seg_189.wav,data/interim/segmented_clean_relaxed/normal_speech/S2I3V0bqmr8_seg_189.wav,S2I3V0bqmr8,189,normal_speech,clean_pool,ca02f036dd959459bc2002e0ac059c9c23b70389c2a090b9fd2dacef39f64e62,16000,1,2,48000,3.0,-21.15,0.1847,0.0
S2I3V0bqmr8_seg_190.wav,data/interim/segmented_clean_relaxed/normal_speech/S2I3V0bqmr8_seg_190.wav,S2I3V0bqmr8,190,normal_speech,clean_pool,dc91cf890edc67b3562d4b7e9550fdf7f68cafdd6fdabb8a48575af6a5e6133c,16000,1,2,48000,3.0,-20.97,0.1346,0.0
S2I3V0bqmr8_seg_191.wav,data/interim/segmented_clean_relaxed/normal_speech/S2I3V0bqmr8_seg_191.wav,S2I3V0bqmr8,191,normal_speech,clean_pool,e2659d4a048c72b7928a7c8c2b6ed1d843ab461f2b7aaf2c04c9b4e8cc03a864,16000,1,2,48000,3.0,-22.38,0.3295,0.0
S2I3V0bqmr8_seg_192.wav,data/interim/segmented_clean_relaxed/normal_speech/S2I3V0bqmr8_seg_192.wav,S2I3V0bqmr8,192,normal_speech,clean_pool,4122b740fb79811ae9e92380fcd481b2faa2c3ce9e781445040bf328da52fd92,16000,1,2,48000,3.0,-21.24,0.1417,0.0
S2I3V0bqmr8_seg_193.wav,data/interim/segmented_clean_relaxed/normal_speech/S2I3V0bqmr8_seg_193.wav,S2I3V0bqmr8,193,normal_speech,clean_pool,bf67121f44a73fb35341658b7ba51a113254b528391247e6ce1b696e8d5b1449,16000,1,2,48000,3.0,-20.91,0.1447,0.0
S2I3V0bqmr8_seg_194.wav,data/interim/segmented_clean_relaxed/normal_speech/S2I3V0bqmr8_seg_194.wav,S2I3V0bqmr8,194,normal_speech,clean_pool,fe8fdf28a25d1e66513df5ae2cd1a69eaf75ba0348988c438165813205f3509c,16000,1,2,48000,3.0,-22.79,0.2373,0.0
S2I3V0bqmr8_seg_195.wav,data/interim/segmented_clean_relaxed/normal_speech/S2I3V0bqmr8_seg_195.wav,S2I3V0bqmr8,195,normal_speech,clean_pool,f4da043aaa6266df767f686da3ba65d882df9d23088d3267e41bfc3a88c753cb,16000,1,2,48000,3.0,-21.78,0.1588,0.0
S2I3V0bqmr8_seg_196.wav,data/interim/segmented_clean_relaxed/normal_speech/S2I3V0bqmr8_seg_196.wav,S2I3V0bqmr8,196,normal_speech,clean_pool,5af051dcdccb3d85f7fd486bc027e80b82e3c520b830d43bcc41d84095f1a87c,16000,1,2,48000,3.0,-19.83,0.1736,0.0
S2I3V0bqmr8_seg_197.wav,data/interim/segmented_clean_relaxed/normal_speech/S2I3V0bqmr8_seg_197.wav,S2I3V0bqmr8,197,normal_speech,clean_pool,00d3d9b8340937cfd39834d7671f7e45c2e6d3f65619addc83e8c0a550772c35,16000,1,2,48000,3.0,-21.34,0.1947,0.0
S2I3V0bqmr8_seg_198.wav,data/interim/segmented_clean_relaxed/normal_speech/S2I3V0bqmr8_seg_198.wav,S2I3V0bqmr8,198,normal_speech,clean_pool,f9dbd0c63406cfc3dde229bb2385d0b97da7614e222b8e76ffc647d8e4f5eaab,16000,1,2,48000,3.0,-19.52,0.1516,0.0
S2I3V0bqmr8_seg_199.wav,data/interim/segmented_clean_relaxed/normal_speech/S2I3V0bqmr8_seg_199.wav,S2I3V0bqmr8,199,normal_speech,clean_pool,76874c24cdaa04653530beb954891fee50b1b92337ef5fe983adf211ef48fef1,16000,1,2,48000,3.0,-22.26,0.1928,0.0
S2I3V0bqmr8_seg_200.wav,data/interim/segmented_clean_relaxed/normal_speech/S2I3V0bqmr8_seg_200.wav,S2I3V0bqmr8,200,normal_speech,clean_pool,43b18c17ef7d16995ef12f742ca5a2e26f99567d6f8c940d18a9f161cff517a9,16000,1,2,48000,3.0,-21.24,0.1762,0.0
S2I3V0bqmr8_seg_201.wav,data/interim/segmented_clean_relaxed/normal_speech/S2I3V0bqmr8_seg_201.wav,S2I3V0bqmr8,201,normal_speech,clean_pool,c3ef6e5af3011a734cb06b56872dbd00db302422103857ce9bc0895a33e8d53d,16000,1,2,48000,3.0,-22.15,0.1559,0.0
S2I3V0bqmr8_seg_202.wav,data/interim/segmented_clean_relaxed/normal_speech/S2I3V0bqmr8_seg_202.wav,S2I3V0bqmr8,202,normal_speech,clean_pool,e92444b4134d01ea17c18e18bef424e0d25d5b979bf989d43671b1dfe53c75d9,16000,1,2,48000,3.0,-21.13,0.1521,0.0
S2I3V0bqmr8_seg_203.wav,data/interim/segmented_clean_relaxed/normal_speech/S2I3V0bqmr8_seg_203.wav,S2I3V0bqmr8,203,normal_speech,clean_pool,d8f03c6ace3bb23c7bc964c489261eb02661ddc8036af3cc2c604c981da35e67,16000,1,2,48000,3.0,-21.14,0.223,0.0
S2I3V0bqmr8_seg_204.wav,data/interim/segmented_clean_relaxed/normal_speech/S2I3V0bqmr8_seg_204.wav,S2I3V0bqmr8,204,normal_speech,clean_pool,73948bedab894ef52fc2596eb92553451f7cfb9c3e92c0af1744dd79278700df,16000,1,2,48000,3.0,-20.74,0.2353,0.0
S2I3V0bqmr8_seg_205.wav,data/interim/segmented_clean_relaxed/normal_speech/S2I3V0bqmr8_seg_205.wav,S2I3V0bqmr8,205,normal_speech,clean_pool,d86f9d6078fe726fe71fe28385c4213ed7c26db04f1b5168996d5aa15ebff77a,16000,1,2,48000,3.0,-21.22,0.1764,0.0
S2I3V0bqmr8_seg_206.wav,data/interim/segmented_clean_relaxed/normal_speech/S2I3V0bqmr8_seg_206.wav,S2I3V0bqmr8,206,normal_speech,clean_pool,ef465d4152d8374c9302c88c15e7bc116f8c78a8166a6e9546de0bd4c52ac09d,16000,1,2,48000,3.0,-22.34,0.1509,0.0
S2I3V0bqmr8_seg_207.wav,data/interim/segmented_clean_relaxed/normal_speech/S2I3V0bqmr8_seg_207.wav,S2I3V0bqmr8,207,normal_speech,clean_pool,a198ad4d8c47650cbd38d3487082fd64ea6cc9f896fad5420361cd51b185215b,16000,1,2,48000,3.0,-22.75,0.1556,0.0
S2I3V0bqmr8_seg_208.wav,data/interim/segmented_clean_relaxed/normal_speech/S2I3V0bqmr8_seg_208.wav,S2I3V0bqmr8,208,normal_speech,clean_pool,f116e34ccfe19dad729ec42009f3b709d38bdda53ebbe9f85c7baa72a3b96508,16000,1,2,48000,3.0,-23.37,0.2306,0.0
S2I3V0bqmr8_seg_209.wav,data/interim/segmented_clean_relaxed/normal_speech/S2I3V0bqmr8_seg_209.wav,S2I3V0bqmr8,209,normal_speech,clean_pool,d0f927b89c9cf51f3327e5c6fae25258f44a334bd6f54612fd99457f93d7d856,16000,1,2,48000,3.0,-24.02,0.2288,0.0
S2I3V0bqmr8_seg_210.wav,data/interim/segmented_clean_relaxed/normal_speech/S2I3V0bqmr8_seg_210.wav,S2I3V0bqmr8,210,normal_speech,clean_pool,8aa7cbd020bb632b39eb943fa262771089aa0df8e79b502a7d2ee4cc913359e9,16000,1,2,48000,3.0,-22.59,0.1807,0.0
S2I3V0bqmr8_seg_211.wav,data/interim/segmented_clean_relaxed/normal_speech/S2I3V0bqmr8_seg_211.wav,S2I3V0bqmr8,211,normal_speech,clean_pool,bd638ac97f603dcec3d3f6ab48ffd5c724ed5c4aa3f4ff403b9824afa00b0da7,16000,1,2,48000,3.0,-23.47,0.1827,0.0
S2I3V0bqmr8_seg_212.wav,data/interim/segmented_clean_relaxed/normal_speech/S2I3V0bqmr8_seg_212.wav,S2I3V0bqmr8,212,normal_speech,clean_pool,0fdc9d732960fef753e20bd35db0a28126f78cd3adbc59b823778dd1d387abad,16000,1,2,48000,3.0,-22.05,0.2003,0.0
S2I3V0bqmr8_seg_213.wav,data/interim/segmented_clean_relaxed/normal_speech/S2I3V0bqmr8_seg_213.wav,S2I3V0bqmr8,213,normal_speech,clean_pool,283d62e58530016421759b5a044b3a4212198c5166332691bb4ca746c6bd557c,16000,1,2,48000,3.0,-20.91,0.2381,0.0
S2I3V0bqmr8_seg_214.wav,data/interim/segmented_clean_relaxed/normal_speech/S2I3V0bqmr8_seg_214.wav,S2I3V0bqmr8,214,normal_speech,clean_pool,73287d890df359e5778af9e3a42a21b09c53fe49029515306af90df168a20430,16000,1,2,48000,3.0,-22.53,0.4616,0.0
S2I3V0bqmr8_seg_215.wav,data/interim/segmented_clean_relaxed/normal_speech/S2I3V0bqmr8_seg_215.wav,S2I3V0bqmr8,215,normal_speech,clean_pool,cbc7855891804d60018f19ca77ed73eb9b501de08bf5a50ea202aea7d91705a7,16000,1,2,48000,3.0,-21.77,0.2402,0.0
S2I3V0bqmr8_seg_216.wav,data/interim/segmented_clean_relaxed/normal_speech/S2I3V0bqmr8_seg_216.wav,S2I3V0bqmr8,216,normal_speech,clean_pool,85996f8ae8e4a59b679d35efdbc0733f3ef8325321eff4e2e4a89cabce5a6c56,16000,1,2,48000,3.0,-21.44,0.1468,0.0
S2I3V0bqmr8_seg_217.wav,data/interim/segmented_clean_relaxed/normal_speech/S2I3V0bqmr8_seg_217.wav,S2I3V0bqmr8,217,normal_speech,clean_pool,b96b9097a288cb87b5b9890cd524035e01ef8e0255aaa0e2e2a8ad1f98dd9653,16000,1,2,48000,3.0,-22.98,0.2385,0.0
S2I3V0bqmr8_seg_218.wav,data/interim/segmented_clean_relaxed/normal_speech/S2I3V0bqmr8_seg_218.wav,S2I3V0bqmr8,218,normal_speech,clean_pool,eaebb02986075ba6b11bf10f34b0b99588555c129fffc294419afd253659cbb0,16000,1,2,48000,3.0,-20.1,0.147,0.0
S2I3V0bqmr8_seg_219.wav,data/interim/segmented_clean_relaxed/normal_speech/S2I3V0bqmr8_seg_219.wav,S2I3V0bqmr8,219,normal_speech,clean_pool,9efa8793c4a5074d80b28daf6968654819af7053b16c2ae98d525038ab4e4604,16000,1,2,48000,3.0,-22.12,0.1161,0.0
S2I3V0bqmr8_seg_220.wav,data/interim/segmented_clean_relaxed/normal_speech/S2I3V0bqmr8_seg_220.wav,S2I3V0bqmr8,220,normal_speech,clean_pool,a72c235b77d90bd288fc79a76c6cdbc6ff3b2c5c7d40f12c7047f94e8b66833b,16000,1,2,48000,3.0,-22.29,0.2152,0.0
S2I3V0bqmr8_seg_221.wav,data/interim/segmented_clean_relaxed/normal_speech/S2I3V0bqmr8_seg_221.wav,S2I3V0bqmr8,221,normal_speech,clean_pool,271c1aa316470b9dd00d15480b5ff266ef0f02fec708f28572c6d56aed8aeb37,16000,1,2,48000,3.0,-23.84,0.132,0.0
S2I3V0bqmr8_seg_222.wav,data/interim/segmented_clean_relaxed/normal_speech/S2I3V0bqmr8_seg_222.wav,S2I3V0bqmr8,222,normal_speech,clean_pool,87c0603eeeb2cc236cc4c77411f365120dd8c585d4429e545da08e7aac5811b4,16000,1,2,48000,3.0,-22.31,0.163,0.0
SMza0FPS0Js_seg_000.wav,data/interim/segmented_clean_relaxed/normal_speech/SMza0FPS0Js_seg_000.wav,SMza0FPS0Js,000,normal_speech,clean_pool,bfc40a5d0cf703cc8009dbef601d7b3b022b267a63d76748ae2d2e8a9398991b,16000,1,2,48000,3.0,-18.18,0.1132,0.000333
SMza0FPS0Js_seg_001.wav,data/interim/segmented_clean_relaxed/normal_speech/SMza0FPS0Js_seg_001.wav,SMza0FPS0Js,001,normal_speech,clean_pool,c52405d9080710cac033b9d8abd638b93cc221be21b6cd920fe9195156f0b779,16000,1,2,48000,3.0,-19.5,0.2236,0.0
SMza0FPS0Js_seg_002.wav,data/interim/segmented_clean_relaxed/normal_speech/SMza0FPS0Js_seg_002.wav,SMza0FPS0Js,002,normal_speech,clean_pool,291716ff200a04bcde158eb4f3a5fb900ffe20a06183bef86a9c48fa36883f0f,16000,1,2,48000,3.0,-20.8,0.2493,0.0
SMza0FPS0Js_seg_003.wav,data/interim/segmented_clean_relaxed/normal_speech/SMza0FPS0Js_seg_003.wav,SMza0FPS0Js,003,normal_speech,clean_pool,6c4803af26809073cce6288b06b03dff064318bb160ebcf0dd0a65d35a962180,16000,1,2,48000,3.0,-20.2,0.1841,0.0
SMza0FPS0Js_seg_004.wav,data/interim/segmented_clean_relaxed/normal_speech/SMza0FPS0Js_seg_004.wav,SMza0FPS0Js,004,normal_speech,clean_pool,ccd09c68ff757d3edadc4c5ebb2598492d310d1f424715b875e8d2394cdfdb36,16000,1,2,48000,3.0,-19.65,0.1174,0.0
SMza0FPS0Js_seg_005.wav,data/interim/segmented_clean_relaxed/normal_speech/SMza0FPS0Js_seg_005.wav,SMza0FPS0Js,005,normal_speech,clean_pool,2f27cb3a877658300c02e1a910d79629fe9ff50957b3e367e3ea06f1a848f430,16000,1,2,48000,3.0,-25.35,0.1548,0.0
SMza0FPS0Js_seg_006.wav,data/interim/segmented_clean_relaxed/normal_speech/SMza0FPS0Js_seg_006.wav,SMza0FPS0Js,006,normal_speech,clean_pool,b9d6bea3dc3a88309efdda4d05de5dff545a06c8a94a1b649cd76425bc570bba,16000,1,2,48000,3.0,-22.59,0.1412,0.0
SMza0FPS0Js_seg_007.wav,data/interim/segmented_clean_relaxed/normal_speech/SMza0FPS0Js_seg_007.wav,SMza0FPS0Js,007,normal_speech,clean_pool,6b86d9dfc46b628f74daee1c381427a0a8e7583c82d027c1939e91a65e7c0cbf,16000,1,2,48000,3.0,-24.32,0.1493,0.0
SMza0FPS0Js_seg_008.wav,data/interim/segmented_clean_relaxed/normal_speech/SMza0FPS0Js_seg_008.wav,SMza0FPS0Js,008,normal_speech,clean_pool,ad79062f2752ee451e2e6ec13e3cb33bc39582da48d9c447f0ed2a975cb577ec,16000,1,2,48000,3.0,-24.1,0.3059,0.0
SMza0FPS0Js_seg_009.wav,data/interim/segmented_clean_relaxed/normal_speech/SMza0FPS0Js_seg_009.wav,SMza0FPS0Js,009,normal_speech,clean_pool,37c2ebef8cfa47c1493244b5d483d9821619dfa4f53d1fcbdaa3e323a8f98deb,16000,1,2,48000,3.0,-26.39,0.2017,0.0
SMza0FPS0Js_seg_010.wav,data/interim/segmented_clean_relaxed/normal_speech/SMza0FPS0Js_seg_010.wav,SMza0FPS0Js,010,normal_speech,clean_pool,4b902640fd8027e18615ce2e66001e985bae9e53e97927cc474e534818ec300a,16000,1,2,48000,3.0,-24.41,0.1336,0.0
SMza0FPS0Js_seg_011.wav,data/interim/segmented_clean_relaxed/normal_speech/SMza0FPS0Js_seg_011.wav,SMza0FPS0Js,011,normal_speech,clean_pool,73bc4bf500f0bb67ea5f38dc1c1d867bf1d0a426faee7b0ddab408c712d236a6,16000,1,2,48000,3.0,-22.83,0.2345,0.0
SMza0FPS0Js_seg_012.wav,data/interim/segmented_clean_relaxed/normal_speech/SMza0FPS0Js_seg_012.wav,SMza0FPS0Js,012,normal_speech,clean_pool,c1d9ee249baf276787278b379d02e734f66775b76e5339a1686121f18846d0b6,16000,1,2,48000,3.0,-22.75,0.2319,0.0
SMza0FPS0Js_seg_013.wav,data/interim/segmented_clean_relaxed/normal_speech/SMza0FPS0Js_seg_013.wav,SMza0FPS0Js,013,normal_speech,clean_pool,b0cdd12accdf95ea8128141fdb796828271c53e962bf26b15b12913fee900ef0,16000,1,2,48000,3.0,-22.12,0.1289,0.0
SMza0FPS0Js_seg_014.wav,data/interim/segmented_clean_relaxed/normal_speech/SMza0FPS0Js_seg_014.wav,SMza0FPS0Js,014,normal_speech,clean_pool,1bfe5b759eeb6019d23935e15c05f5225e43a50a74555487c116fbebb5db2d21,16000,1,2,48000,3.0,-22.88,0.2005,0.0
SMza0FPS0Js_seg_015.wav,data/interim/segmented_clean_relaxed/normal_speech/SMza0FPS0Js_seg_015.wav,SMza0FPS0Js,015,normal_speech,clean_pool,6c2f8903d1cba87c340ecba1bfcebb5319a8709acc5b4c4ed7121f7d63549f1f,16000,1,2,48000,3.0,-23.38,0.127,0.0
SMza0FPS0Js_seg_016.wav,data/interim/segmented_clean_relaxed/normal_speech/SMza0FPS0Js_seg_016.wav,SMza0FPS0Js,016,normal_speech,clean_pool,7df5443bfa82548d9698966d5c375d533a7b09c3b4f98c36260788bfd3083c6a,16000,1,2,48000,3.0,-23.64,0.1919,0.0
SMza0FPS0Js_seg_017.wav,data/interim/segmented_clean_relaxed/normal_speech/SMza0FPS0Js_seg_017.wav,SMza0FPS0Js,017,normal_speech,clean_pool,dfb6deab9dd01392b49ca91ed97057fc6b7ef6a9310e2b40c2297bd573b418f7,16000,1,2,48000,3.0,-26.17,0.1875,0.0
SMza0FPS0Js_seg_018.wav,data/interim/segmented_clean_relaxed/normal_speech/SMza0FPS0Js_seg_018.wav,SMza0FPS0Js,018,normal_speech,clean_pool,3f157e11a80f4197181e65aeca5292ba01b1e51df4c9588624624fec212a6eae,16000,1,2,48000,3.0,-22.2,0.1777,0.0
SMza0FPS0Js_seg_019.wav,data/interim/segmented_clean_relaxed/normal_speech/SMza0FPS0Js_seg_019.wav,SMza0FPS0Js,019,normal_speech,clean_pool,71cc86246f23652f53bd88860ee7f9c2b439951690092fef5d4e19d2452852f7,16000,1,2,48000,3.0,-21.94,0.1451,0.0
SMza0FPS0Js_seg_020.wav,data/interim/segmented_clean_relaxed/normal_speech/SMza0FPS0Js_seg_020.wav,SMza0FPS0Js,020,normal_speech,clean_pool,54593dddcdbea7f97455beac53e18cdbc6bd4cfc75395c97e6a3f52bffaea7db,16000,1,2,48000,3.0,-23.47,0.114,0.0
SMza0FPS0Js_seg_021.wav,data/interim/segmented_clean_relaxed/normal_speech/SMza0FPS0Js_seg_021.wav,SMza0FPS0Js,021,normal_speech,clean_pool,8d423928551cc3b5512b692a87e8dbbb9f9dfb58dbc5d6e2235aac14a6d5a112,16000,1,2,48000,3.0,-21.94,0.1076,0.0
SMza0FPS0Js_seg_022.wav,data/interim/segmented_clean_relaxed/normal_speech/SMza0FPS0Js_seg_022.wav,SMza0FPS0Js,022,normal_speech,clean_pool,8978c90a3fbbc32ad598793047c4f6db693f0e20bbfc281014525ab912142c3a,16000,1,2,48000,3.0,-23.97,0.1825,0.0
SMza0FPS0Js_seg_023.wav,data/interim/segmented_clean_relaxed/normal_speech/SMza0FPS0Js_seg_023.wav,SMza0FPS0Js,023,normal_speech,clean_pool,0c0b6f00db647d339d0ecbb9dbaf931d5c7e3a405b6e9789ee1a505c51f28fe9,16000,1,2,48000,3.0,-21.27,0.1549,0.0
SMza0FPS0Js_seg_024.wav,data/interim/segmented_clean_relaxed/normal_speech/SMza0FPS0Js_seg_024.wav,SMza0FPS0Js,024,normal_speech,clean_pool,ceb63f11ac892c348cad3baf7ffaa85d504fccd1c815b86979bccb30a2b4eafc,16000,1,2,48000,3.0,-22.55,0.1416,0.0
SMza0FPS0Js_seg_025.wav,data/interim/segmented_clean_relaxed/normal_speech/SMza0FPS0Js_seg_025.wav,SMza0FPS0Js,025,normal_speech,clean_pool,ddff90d2f0cae298880e9fec3b99893b159492e39514c98bbaf6ce31cc6ae507,16000,1,2,48000,3.0,-23.67,0.1123,0.0
SMza0FPS0Js_seg_026.wav,data/interim/segmented_clean_relaxed/normal_speech/SMza0FPS0Js_seg_026.wav,SMza0FPS0Js,026,normal_speech,clean_pool,152b9f52fbd0b3ae542a5b41c32f842c4845526b3766a362e2987a055d06498e,16000,1,2,48000,3.0,-22.92,0.1964,0.0
SMza0FPS0Js_seg_027.wav,data/interim/segmented_clean_relaxed/normal_speech/SMza0FPS0Js_seg_027.wav,SMza0FPS0Js,027,normal_speech,clean_pool,f8d8872d7fc932cdfa81c97e5508c4c13f8904ea75e4008403f524353ba790b3,16000,1,2,48000,3.0,-22.86,0.1609,0.0
SMza0FPS0Js_seg_028.wav,data/interim/segmented_clean_relaxed/normal_speech/SMza0FPS0Js_seg_028.wav,SMza0FPS0Js,028,normal_speech,clean_pool,cd8a077d6e3747a90b306cf471d7a20a833a7d85fd8ffba131f8375ce5a39759,16000,1,2,48000,3.0,-22.69,0.1261,0.0
SMza0FPS0Js_seg_029.wav,data/interim/segmented_clean_relaxed/normal_speech/SMza0FPS0Js_seg_029.wav,SMza0FPS0Js,029,normal_speech,clean_pool,ec53acff262edeefceea607c01b1c8c16e1574566811b3dbfae5ed4e0c0bc0fd,16000,1,2,48000,3.0,-23.14,0.1875,0.0
SMza0FPS0Js_seg_030.wav,data/interim/segmented_clean_relaxed/normal_speech/SMza0FPS0Js_seg_030.wav,SMza0FPS0Js,030,normal_speech,clean_pool,642366cba6dec122472236f1906a335a4b333f7639a81c019c0dbd532a41275a,16000,1,2,48000,3.0,-20.65,0.1616,0.0
SMza0FPS0Js_seg_031.wav,data/interim/segmented_clean_relaxed/normal_speech/SMza0FPS0Js_seg_031.wav,SMza0FPS0Js,031,normal_speech,clean_pool,b13053c646ad286d3035c236d9a67fac6c8629c4096e68047af0117d93c3d2ec,16000,1,2,48000,3.0,-22.24,0.1966,0.0
SMza0FPS0Js_seg_032.wav,data/interim/segmented_clean_relaxed/normal_speech/SMza0FPS0Js_seg_032.wav,SMza0FPS0Js,032,normal_speech,clean_pool,a50d9bdb1ee72781cf319a7628fd7128a21457f943de0bf66f992815019d1c23,16000,1,2,48000,3.0,-19.66,0.1521,0.0
SMza0FPS0Js_seg_033.wav,data/interim/segmented_clean_relaxed/normal_speech/SMza0FPS0Js_seg_033.wav,SMza0FPS0Js,033,normal_speech,clean_pool,66d5a02b15cfae803c38056d6f92b3e423c6443e456dca943109e16efab95020,16000,1,2,48000,3.0,-20.52,0.1087,0.0
SMza0FPS0Js_seg_034.wav,data/interim/segmented_clean_relaxed/normal_speech/SMza0FPS0Js_seg_034.wav,SMza0FPS0Js,034,normal_speech,clean_pool,dfc6a360e2e258916c6dbd07ca0c49f12cd790264f384556711996703b3f6f95,16000,1,2,48000,3.0,-22.46,0.1383,0.0
SMza0FPS0Js_seg_035.wav,data/interim/segmented_clean_relaxed/normal_speech/SMza0FPS0Js_seg_035.wav,SMza0FPS0Js,035,normal_speech,clean_pool,2bb9f9fcfbab09e5f1c5b8b4b94c68967c9c6b216a12428c9db55566f714bb81,16000,1,2,48000,3.0,-19.64,0.1512,0.0
SMza0FPS0Js_seg_036.wav,data/interim/segmented_clean_relaxed/normal_speech/SMza0FPS0Js_seg_036.wav,SMza0FPS0Js,036,normal_speech,clean_pool,923aa6a95d13d1082541fd62d4c582258f2d87a795a5865aa88ae57c942ac69a,16000,1,2,48000,3.0,-20.59,0.1133,0.0
SMza0FPS0Js_seg_037.wav,data/interim/segmented_clean_relaxed/normal_speech/SMza0FPS0Js_seg_037.wav,SMza0FPS0Js,037,normal_speech,clean_pool,087399a9f4aac9c53a1ad61def45112bd05c91415e2dead5e229e7a619e111bc,16000,1,2,48000,3.0,-23.72,0.1223,0.0
SMza0FPS0Js_seg_038.wav,data/interim/segmented_clean_relaxed/normal_speech/SMza0FPS0Js_seg_038.wav,SMza0FPS0Js,038,normal_speech,clean_pool,8e0699a860a933cd304eaea556094053d20134161ce8205085645025f83fea3f,16000,1,2,48000,3.0,-24.21,0.1646,0.0
SMza0FPS0Js_seg_039.wav,data/interim/segmented_clean_relaxed/normal_speech/SMza0FPS0Js_seg_039.wav,SMza0FPS0Js,039,normal_speech,clean_pool,1ed5b35a3e3e4687002988246c9f740e4f85ffe4b6c516954eb7bc18ba0d7ad9,16000,1,2,48000,3.0,-23.86,0.1384,0.0
SMza0FPS0Js_seg_040.wav,data/interim/segmented_clean_relaxed/normal_speech/SMza0FPS0Js_seg_040.wav,SMza0FPS0Js,040,normal_speech,clean_pool,dd3495ffa81f0eb9ca266061c629d62dcd5479bb5ccdb349a51e4341505187b2,16000,1,2,48000,3.0,-21.51,0.1234,0.0
SMza0FPS0Js_seg_041.wav,data/interim/segmented_clean_relaxed/normal_speech/SMza0FPS0Js_seg_041.wav,SMza0FPS0Js,041,normal_speech,clean_pool,adbcb40c125e65e06d2f1ff5c0f8a72c365bcc3f3044ddbc57c4e097988d5b6b,16000,1,2,48000,3.0,-22.0,0.1678,0.0
SMza0FPS0Js_seg_042.wav,data/interim/segmented_clean_relaxed/normal_speech/SMza0FPS0Js_seg_042.wav,SMza0FPS0Js,042,normal_speech,clean_pool,351820d4f7fb40fec8c9829bf03498decce48db4b9cb224e7b692b77e4aae9d5,16000,1,2,48000,3.0,-22.19,0.1578,0.0
SMza0FPS0Js_seg_043.wav,data/interim/segmented_clean_relaxed/normal_speech/SMza0FPS0Js_seg_043.wav,SMza0FPS0Js,043,normal_speech,clean_pool,20480ca28fa06a58863176f24a629d323d69904c408db1e56ea824452a56ec4d,16000,1,2,48000,3.0,-17.22,0.1404,0.0005
SMza0FPS0Js_seg_044.wav,data/interim/segmented_clean_relaxed/normal_speech/SMza0FPS0Js_seg_044.wav,SMza0FPS0Js,044,normal_speech,clean_pool,4194318d9168b8f598740158f64405f5f0c18e27772acba05345e8c73f5c5b0d,16000,1,2,48000,3.0,-18.82,0.104,0.0
SMza0FPS0Js_seg_045.wav,data/interim/segmented_clean_relaxed/normal_speech/SMza0FPS0Js_seg_045.wav,SMza0FPS0Js,045,normal_speech,clean_pool,d2c6ed8bda195238af4e1d866219dc0660d1f2356a6ca2426cb8dc95a4fd5e5c,16000,1,2,48000,3.0,-24.26,0.2237,0.0
SMza0FPS0Js_seg_046.wav,data/interim/segmented_clean_relaxed/normal_speech/SMza0FPS0Js_seg_046.wav,SMza0FPS0Js,046,normal_speech,clean_pool,1959b0cd7e9e4b11f3aef7ab4cb783546bb21a44dec378ff5e7f7f2e2927e6d6,16000,1,2,48000,3.0,-20.65,0.2148,0.0
SMza0FPS0Js_seg_047.wav,data/interim/segmented_clean_relaxed/normal_speech/SMza0FPS0Js_seg_047.wav,SMza0FPS0Js,047,normal_speech,clean_pool,82c6c18594a2f3cad66c4790fd99ad287692ddc5d743d59e471d9278829c6b0c,16000,1,2,48000,3.0,-20.48,0.1202,0.0
SMza0FPS0Js_seg_048.wav,data/interim/segmented_clean_relaxed/normal_speech/SMza0FPS0Js_seg_048.wav,SMza0FPS0Js,048,normal_speech,clean_pool,ba12a01a99c3046b46e4fade9346f04873e52af67fe6f8dca425d51b50a3636a,16000,1,2,48000,3.0,-19.36,0.121,0.0
SMza0FPS0Js_seg_049.wav,data/interim/segmented_clean_relaxed/normal_speech/SMza0FPS0Js_seg_049.wav,SMza0FPS0Js,049,normal_speech,clean_pool,ecd7dc1eb729d9abfbc644fd51e3f4315364d6cee65d6f5939669c18eeab31c8,16000,1,2,48000,3.0,-22.22,0.1102,0.0
SMza0FPS0Js_seg_050.wav,data/interim/segmented_clean_relaxed/normal_speech/SMza0FPS0Js_seg_050.wav,SMza0FPS0Js,050,normal_speech,clean_pool,fbbb294515f86922b29059c3d07ab6df16c07cb84d8d1d06905cfa9f317b1d98,16000,1,2,48000,3.0,-24.36,0.1319,0.0
SMza0FPS0Js_seg_051.wav,data/interim/segmented_clean_relaxed/normal_speech/SMza0FPS0Js_seg_051.wav,SMza0FPS0Js,051,normal_speech,clean_pool,2924ed266e47da13b56da10fbdd7978577a4fcaa27c592db8fd92f7f0a91f800,16000,1,2,48000,3.0,-23.29,0.2805,0.0
SMza0FPS0Js_seg_052.wav,data/interim/segmented_clean_relaxed/normal_speech/SMza0FPS0Js_seg_052.wav,SMza0FPS0Js,052,normal_speech,clean_pool,e6fbcb45b7011184e7d549534e777dfe75101c78f633fc38fdb709732b62ecf7,16000,1,2,48000,3.0,-18.97,0.1657,4.2e-05
SMza0FPS0Js_seg_053.wav,data/interim/segmented_clean_relaxed/normal_speech/SMza0FPS0Js_seg_053.wav,SMza0FPS0Js,053,normal_speech,clean_pool,a8b3a42cbf36efd9803c179c3c2d00bd0942af26cb20852a3bb2ae8897980399,16000,1,2,48000,3.0,-18.94,0.2182,0.0
SMza0FPS0Js_seg_054.wav,data/interim/segmented_clean_relaxed/normal_speech/SMza0FPS0Js_seg_054.wav,SMza0FPS0Js,054,normal_speech,clean_pool,7b8fb7bd21029ab05e31f10d7ae6f1e43898aa22f264f76d9ae48bb21d29d5ae,16000,1,2,48000,3.0,-20.04,0.1962,0.0
SMza0FPS0Js_seg_055.wav,data/interim/segmented_clean_relaxed/normal_speech/SMza0FPS0Js_seg_055.wav,SMza0FPS0Js,055,normal_speech,clean_pool,89305675845f3b6841de3457808106801e9cc7165affc82f2ce878026fcebd3f,16000,1,2,48000,3.0,-21.87,0.154,0.0
SMza0FPS0Js_seg_056.wav,data/interim/segmented_clean_relaxed/normal_speech/SMza0FPS0Js_seg_056.wav,SMza0FPS0Js,056,normal_speech,clean_pool,a0d40df8dc15b7a812a7ac14489f3066892721918333c649a48bfb19f384e45c,16000,1,2,48000,3.0,-21.35,0.2097,0.0
SMza0FPS0Js_seg_057.wav,data/interim/segmented_clean_relaxed/normal_speech/SMza0FPS0Js_seg_057.wav,SMza0FPS0Js,057,normal_speech,clean_pool,4c74c9dfb15533ac4bcb9ca3e5ecdb1e151a5f3238004adecd791622365001ed,16000,1,2,48000,3.0,-19.82,0.2063,0.0
SMza0FPS0Js_seg_058.wav,data/interim/segmented_clean_relaxed/normal_speech/SMza0FPS0Js_seg_058.wav,SMza0FPS0Js,058,normal_speech,clean_pool,567635473991f77a0bc6876a3b9b4293d4691fcae6b26f04d346f7d9a9d7f222,16000,1,2,48000,3.0,-19.19,0.106,0.000438
SMza0FPS0Js_seg_059.wav,data/interim/segmented_clean_relaxed/normal_speech/SMza0FPS0Js_seg_059.wav,SMza0FPS0Js,059,normal_speech,clean_pool,c5d07fe99ad65ec97f1142398e0a44cd171817c4d36828987f70ecb887a55cf5,16000,1,2,48000,3.0,-20.05,0.2096,0.00075
SMza0FPS0Js_seg_060.wav,data/interim/segmented_clean_relaxed/normal_speech/SMza0FPS0Js_seg_060.wav,SMza0FPS0Js,060,normal_speech,clean_pool,633814242fcb785ee5e09deff421ff116acd245429229221d3e8f98c22aba8fd,16000,1,2,48000,3.0,-19.33,0.1177,2.1e-05
SMza0FPS0Js_seg_061.wav,data/interim/segmented_clean_relaxed/normal_speech/SMza0FPS0Js_seg_061.wav,SMza0FPS0Js,061,normal_speech,clean_pool,4987a036d1a66dce8db46d21dc2197adf0eee3bfe2efb82a3e1604a853416c55,16000,1,2,48000,3.0,-22.42,0.2049,0.0
SMza0FPS0Js_seg_062.wav,data/interim/segmented_clean_relaxed/normal_speech/SMza0FPS0Js_seg_062.wav,SMza0FPS0Js,062,normal_speech,clean_pool,a3d75f9891a9945b716d31a4a635815308f430cbc92773cd05c67831eb22d61f,16000,1,2,48000,3.0,-21.27,0.1021,0.0
SMza0FPS0Js_seg_063.wav,data/interim/segmented_clean_relaxed/normal_speech/SMza0FPS0Js_seg_063.wav,SMza0FPS0Js,063,normal_speech,clean_pool,094e20e77d050b8efd49250043e53637d39a486a74b26200820cf6717e392abe,16000,1,2,48000,3.0,-20.67,0.2162,0.0
SMza0FPS0Js_seg_064.wav,data/interim/segmented_clean_relaxed/normal_speech/SMza0FPS0Js_seg_064.wav,SMza0FPS0Js,064,normal_speech,clean_pool,5dc0695ae60363a220adde8c6db041219a6fe0c51466bdda232def17fadcaf0c,16000,1,2,48000,3.0,-19.75,0.1127,0.0
SMza0FPS0Js_seg_065.wav,data/interim/segmented_clean_relaxed/normal_speech/SMza0FPS0Js_seg_065.wav,SMza0FPS0Js,065,normal_speech,clean_pool,005ca116325b36b016fe7ea7a417fe4fbbb156ecea86c81e0017f2064425de67,16000,1,2,48000,3.0,-24.04,0.1627,0.0
SMza0FPS0Js_seg_066.wav,data/interim/segmented_clean_relaxed/normal_speech/SMza0FPS0Js_seg_066.wav,SMza0FPS0Js,066,normal_speech,clean_pool,1c7f0297769051b065244f35561b451dd1b602ca767a71d539e3a6670c766386,16000,1,2,48000,3.0,-23.98,0.1903,0.0
SMza0FPS0Js_seg_067.wav,data/interim/segmented_clean_relaxed/normal_speech/SMza0FPS0Js_seg_067.wav,SMza0FPS0Js,067,normal_speech,clean_pool,160037dce78c0abf1b388846738661ce4e3be28dc5c05e1399594007c21afed0,16000,1,2,48000,3.0,-20.52,0.1162,0.0
SMza0FPS0Js_seg_068.wav,data/interim/segmented_clean_relaxed/normal_speech/SMza0FPS0Js_seg_068.wav,SMza0FPS0Js,068,normal_speech,clean_pool,f7ac73a9eae6958bed69ba1834068560f43fe30aa4f93a67db631a513b0239ff,16000,1,2,48000,3.0,-22.77,0.2343,0.0
SMza0FPS0Js_seg_069.wav,data/interim/segmented_clean_relaxed/normal_speech/SMza0FPS0Js_seg_069.wav,SMza0FPS0Js,069,normal_speech,clean_pool,6b9b5c741966f07d188ecc4343f7fd3de7d29addcfa1e0824e177d7607579591,16000,1,2,48000,3.0,-19.41,0.1334,0.0
SMza0FPS0Js_seg_070.wav,data/interim/segmented_clean_relaxed/normal_speech/SMza0FPS0Js_seg_070.wav,SMza0FPS0Js,070,normal_speech,clean_pool,fbe4775f7096908ad4e463b40ac24e3960f6a79da244b4a15d0ad61a79b3f307,16000,1,2,48000,3.0,-21.28,0.0929,0.0
SMza0FPS0Js_seg_071.wav,data/interim/segmented_clean_relaxed/normal_speech/SMza0FPS0Js_seg_071.wav,SMza0FPS0Js,071,normal_speech,clean_pool,c80579581e2533fa0b9ed0dc046519d955b9c218fa12b1c36dcefe0746856cd8,16000,1,2,48000,3.0,-22.31,0.1056,0.0
SMza0FPS0Js_seg_072.wav,data/interim/segmented_clean_relaxed/normal_speech/SMza0FPS0Js_seg_072.wav,SMza0FPS0Js,072,normal_speech,clean_pool,a183a61d2bc82c5d9a0f30040c2d8e2c01e41f98bf6b81a9c89b4d1a4c18448e,16000,1,2,48000,3.0,-20.21,0.1568,0.0
SMza0FPS0Js_seg_073.wav,data/interim/segmented_clean_relaxed/normal_speech/SMza0FPS0Js_seg_073.wav,SMza0FPS0Js,073,normal_speech,clean_pool,e135cfbc7a146bc1e1228162572cbc555d37c65d5547212d09d28731963fd2a1,16000,1,2,48000,3.0,-25.26,0.1316,0.0
SMza0FPS0Js_seg_074.wav,data/interim/segmented_clean_relaxed/normal_speech/SMza0FPS0Js_seg_074.wav,SMza0FPS0Js,074,normal_speech,clean_pool,0cd8162b1b6fd8e5b9dcc4158f61708d9a1583007593eb4d349954dd3806672b,16000,1,2,48000,3.0,-24.71,0.1373,0.0
SMza0FPS0Js_seg_075.wav,data/interim/segmented_clean_relaxed/normal_speech/SMza0FPS0Js_seg_075.wav,SMza0FPS0Js,075,normal_speech,clean_pool,0272363604360f8be8fed46c4b4b8e09d82c935cc8822b94cefe3874ed87c636,16000,1,2,48000,3.0,-19.12,0.1692,6.3e-05
SMza0FPS0Js_seg_076.wav,data/interim/segmented_clean_relaxed/normal_speech/SMza0FPS0Js_seg_076.wav,SMza0FPS0Js,076,normal_speech,clean_pool,26a3db4fbb4096fabe8fe4603884e539527a9cd386378f9f02fc0967201b7397,16000,1,2,48000,3.0,-17.44,0.123,0.0
SMza0FPS0Js_seg_077.wav,data/interim/segmented_clean_relaxed/normal_speech/SMza0FPS0Js_seg_077.wav,SMza0FPS0Js,077,normal_speech,clean_pool,18e307aa1289d7da43a8cfd49a27c5d3ed7a75834b3c769b7c22a98452628385,16000,1,2,48000,3.0,-25.96,0.1917,0.0
SMza0FPS0Js_seg_078.wav,data/interim/segmented_clean_relaxed/normal_speech/SMza0FPS0Js_seg_078.wav,SMza0FPS0Js,078,normal_speech,clean_pool,3f0449c724e2f9580508d601e8852d3878f41250c4285f1185bc564bfee31ff3,16000,1,2,48000,3.0,-23.37,0.1478,0.0
SMza0FPS0Js_seg_079.wav,data/interim/segmented_clean_relaxed/normal_speech/SMza0FPS0Js_seg_079.wav,SMza0FPS0Js,079,normal_speech,clean_pool,eb9fa8ce2b1bc66b6e322c4f41d50d7f5d9ef30d5b0a3fb3c3500ed8cc3a2e8c,16000,1,2,48000,3.0,-22.26,0.1604,0.0
SMza0FPS0Js_seg_080.wav,data/interim/segmented_clean_relaxed/normal_speech/SMza0FPS0Js_seg_080.wav,SMza0FPS0Js,080,normal_speech,clean_pool,d1be33e475ba940be9849f84343bbaca129a32f57ff696fc1b9abe15479aa927,16000,1,2,48000,3.0,-23.96,0.1649,0.0
SMza0FPS0Js_seg_081.wav,data/interim/segmented_clean_relaxed/normal_speech/SMza0FPS0Js_seg_081.wav,SMza0FPS0Js,081,normal_speech,clean_pool,631fe387a3c416fc15f6670d2029a7d16ac9a6ee12c6e2e2d7f9cd773f5f0d82,16000,1,2,48000,3.0,-25.45,0.1373,0.0
SMza0FPS0Js_seg_082.wav,data/interim/segmented_clean_relaxed/normal_speech/SMza0FPS0Js_seg_082.wav,SMza0FPS0Js,082,normal_speech,clean_pool,456cd777a5fae62f7586b879fad29bc825aef940aa4f60b3aaf16af0b7cb724c,16000,1,2,48000,3.0,-23.62,0.1542,0.0
SMza0FPS0Js_seg_083.wav,data/interim/segmented_clean_relaxed/normal_speech/SMza0FPS0Js_seg_083.wav,SMza0FPS0Js,083,normal_speech,clean_pool,8494d218059eac8adcfe3f0c2482a05fabdfd64c44f773c7fc5f4a084054dc0e,16000,1,2,48000,3.0,-23.03,0.2049,0.0
SMza0FPS0Js_seg_084.wav,data/interim/segmented_clean_relaxed/normal_speech/SMza0FPS0Js_seg_084.wav,SMza0FPS0Js,084,normal_speech,clean_pool,b72a6fe6c5d78c34e009d548af1eb5a017a7be651d37aa990f7c8cef38449a12,16000,1,2,48000,3.0,-29.79,0.4022,0.0
SMza0FPS0Js_seg_085.wav,data/interim/segmented_clean_relaxed/normal_speech/SMza0FPS0Js_seg_085.wav,SMza0FPS0Js,085,normal_speech,clean_pool,dc614834eeb2edd50ada59ea9a34a1ac3538bb9db4f4efc4ea2ce1ce027e7e96,16000,1,2,48000,3.0,-23.74,0.2777,0.0
SMza0FPS0Js_seg_086.wav,data/interim/segmented_clean_relaxed/normal_speech/SMza0FPS0Js_seg_086.wav,SMza0FPS0Js,086,normal_speech,clean_pool,02e6e20f067e99ffee3e92dd9f2a6c0e5f6007f47ed5edc83a5692514cb410ad,16000,1,2,48000,3.0,-23.18,0.1899,0.0
SMza0FPS0Js_seg_087.wav,data/interim/segmented_clean_relaxed/normal_speech/SMza0FPS0Js_seg_087.wav,SMza0FPS0Js,087,normal_speech,clean_pool,4bc1107834cdf510f4e5ea748d8776cc7cb760fc3f3c050076e584271a16fea7,16000,1,2,48000,3.0,-21.23,0.1151,0.0
SMza0FPS0Js_seg_088.wav,data/interim/segmented_clean_relaxed/normal_speech/SMza0FPS0Js_seg_088.wav,SMza0FPS0Js,088,normal_speech,clean_pool,739cf002461d20df1c68befd0379d595484b27bc136662f8df4be9990a9bf898,16000,1,2,48000,3.0,-20.54,0.1196,0.0
SMza0FPS0Js_seg_089.wav,data/interim/segmented_clean_relaxed/normal_speech/SMza0FPS0Js_seg_089.wav,SMza0FPS0Js,089,normal_speech,clean_pool,7db7ea9630ec5888f366645412106e4b1bfb09945f4cf2f0fa932bb8fdf6dc59,16000,1,2,48000,3.0,-22.13,0.1921,0.0
SMza0FPS0Js_seg_090.wav,data/interim/segmented_clean_relaxed/normal_speech/SMza0FPS0Js_seg_090.wav,SMza0FPS0Js,090,normal_speech,clean_pool,5f357c610b3025bf1bc60e22d30edd53654b7ad91a08f347d84dd0847dc263cb,16000,1,2,48000,3.0,-23.73,0.2062,0.0
SMza0FPS0Js_seg_091.wav,data/interim/segmented_clean_relaxed/normal_speech/SMza0FPS0Js_seg_091.wav,SMza0FPS0Js,091,normal_speech,clean_pool,5170ce6fd622bab151351de61336d72a3b571426bc28b41bf1c507847dfdf670,16000,1,2,48000,3.0,-23.16,0.1379,0.0
SMza0FPS0Js_seg_092.wav,data/interim/segmented_clean_relaxed/normal_speech/SMza0FPS0Js_seg_092.wav,SMza0FPS0Js,092,normal_speech,clean_pool,0179de14fbf3def1b8a1e36552cb4402e5182f74194e783594c74f8c72b93031,16000,1,2,48000,3.0,-25.99,0.2191,0.0
SMza0FPS0Js_seg_093.wav,data/interim/segmented_clean_relaxed/normal_speech/SMza0FPS0Js_seg_093.wav,SMza0FPS0Js,093,normal_speech,clean_pool,c5e412a6835d59d292f21ed84c17c1a785892b0e921cd7a61742fdb1e09f43d2,16000,1,2,48000,3.0,-25.34,0.1652,0.0
SMza0FPS0Js_seg_094.wav,data/interim/segmented_clean_relaxed/normal_speech/SMza0FPS0Js_seg_094.wav,SMza0FPS0Js,094,normal_speech,clean_pool,caf7e9821d114b42540214e481a345987db08e52facc3de5f542395bb88ad875,16000,1,2,48000,3.0,-29.69,0.2399,0.0
SMza0FPS0Js_seg_095.wav,data/interim/segmented_clean_relaxed/normal_speech/SMza0FPS0Js_seg_095.wav,SMza0FPS0Js,095,normal_speech,clean_pool,0c6136b75dbf5f5001579aba01d15b8c79442cce9e63d6bc7b98ea069320405c,16000,1,2,48000,3.0,-24.69,0.1628,0.0
SMza0FPS0Js_seg_096.wav,data/interim/segmented_clean_relaxed/normal_speech/SMza0FPS0Js_seg_096.wav,SMza0FPS0Js,096,normal_speech,clean_pool,66c2820b83c92e2ecfce27b6781d7113ef991d8175c2c67441e94aa27e422307,16000,1,2,48000,3.0,-29.14,0.2252,0.0
SMza0FPS0Js_seg_097.wav,data/interim/segmented_clean_relaxed/normal_speech/SMza0FPS0Js_seg_097.wav,SMza0FPS0Js,097,normal_speech,clean_pool,dc4673ea8703bf37590295a514b96632fca9c0f98d44c3b9af4ef051069879e6,16000,1,2,48000,3.0,-28.12,0.2399,0.0
SMza0FPS0Js_seg_098.wav,data/interim/segmented_clean_relaxed/normal_speech/SMza0FPS0Js_seg_098.wav,SMza0FPS0Js,098,normal_speech,clean_pool,003f34a29e6094ca65d151803c3102e8bfa19fd067bfc2b91235cb6798437c13,16000,1,2,48000,3.0,-23.61,0.1841,0.0
SMza0FPS0Js_seg_099.wav,data/interim/segmented_clean_relaxed/normal_speech/SMza0FPS0Js_seg_099.wav,SMza0FPS0Js,099,normal_speech,clean_pool,a775af8fdd1d17e06654f12e55d50872a0ced2ba0fd41966d4b808b32adced6f,16000,1,2,48000,3.0,-22.38,0.1207,0.0
SMza0FPS0Js_seg_100.wav,data/interim/segmented_clean_relaxed/normal_speech/SMza0FPS0Js_seg_100.wav,SMza0FPS0Js,100,normal_speech,clean_pool,12c3f99a2ccc563559ea0410ef3043daed6f033319c1a21ee990b681bbd561e8,16000,1,2,48000,3.0,-26.57,0.1642,0.0
SMza0FPS0Js_seg_101.wav,data/interim/segmented_clean_relaxed/normal_speech/SMza0FPS0Js_seg_101.wav,SMza0FPS0Js,101,normal_speech,clean_pool,4d85cbc78f8c50daaadb0e22da9c9e6582c9c85fc83a8810f134cead29154bd3,16000,1,2,48000,3.0,-23.72,0.1926,0.0
SMza0FPS0Js_seg_102.wav,data/interim/segmented_clean_relaxed/normal_speech/SMza0FPS0Js_seg_102.wav,SMza0FPS0Js,102,normal_speech,clean_pool,0450dbbf2924b0f4bed0c7779ebe9526afd4316aee8ceb4e517df64107377376,16000,1,2,48000,3.0,-23.19,0.1789,0.0
SMza0FPS0Js_seg_103.wav,data/interim/segmented_clean_relaxed/normal_speech/SMza0FPS0Js_seg_103.wav,SMza0FPS0Js,103,normal_speech,clean_pool,3884b4a483d0493e2f1171be709f50370e7cd34db413aaf39b7b2de8511577ca,16000,1,2,48000,3.0,-25.43,0.1696,0.0
SMza0FPS0Js_seg_104.wav,data/interim/segmented_clean_relaxed/normal_speech/SMza0FPS0Js_seg_104.wav,SMza0FPS0Js,104,normal_speech,clean_pool,7c280a48e98fc0651cd64ee662e3d2ef497c316c48f4900531d7d5627bed7673,16000,1,2,48000,3.0,-24.22,0.1659,0.0
SMza0FPS0Js_seg_105.wav,data/interim/segmented_clean_relaxed/normal_speech/SMza0FPS0Js_seg_105.wav,SMza0FPS0Js,105,normal_speech,clean_pool,d6a8ed28eee0c4e9cd469100f61c0f189bf0acbdd8100c5a4fd7a994033df5b6,16000,1,2,48000,3.0,-24.62,0.1717,0.0
SMza0FPS0Js_seg_106.wav,data/interim/segmented_clean_relaxed/normal_speech/SMza0FPS0Js_seg_106.wav,SMza0FPS0Js,106,normal_speech,clean_pool,2c6f8d5a91d3b3d4fd8ec0c78df39d15bc7a72d6aa4f8d1a94e1ee9263f519dd,16000,1,2,48000,3.0,-23.5,0.1618,0.0
SMza0FPS0Js_seg_107.wav,data/interim/segmented_clean_relaxed/normal_speech/SMza0FPS0Js_seg_107.wav,SMza0FPS0Js,107,normal_speech,clean_pool,cfaf6870726c862d462b1e35e1aaedcef00b6bb8ac7e53f4e0c6947987cabfad,16000,1,2,48000,3.0,-22.91,0.1233,0.0
SMza0FPS0Js_seg_108.wav,data/interim/segmented_clean_relaxed/normal_speech/SMza0FPS0Js_seg_108.wav,SMza0FPS0Js,108,normal_speech,clean_pool,8b46b32cb40f5d3e5162e978a8086f1b12cd1165f0928728c5e3725555657a23,16000,1,2,48000,3.0,-25.66,0.223,0.0
SMza0FPS0Js_seg_109.wav,data/interim/segmented_clean_relaxed/normal_speech/SMza0FPS0Js_seg_109.wav,SMza0FPS0Js,109,normal_speech,clean_pool,25619a6fafd3e3f22efb7416c9ff196b8923c6e0d5b8fdb736af4febab2b31f7,16000,1,2,48000,3.0,-19.68,0.1525,0.000229
SMza0FPS0Js_seg_110.wav,data/interim/segmented_clean_relaxed/normal_speech/SMza0FPS0Js_seg_110.wav,SMza0FPS0Js,110,normal_speech,clean_pool,d79786e2a02d031ff87b0909b0c157e74ce4e4b1800885c8aaee0617b49875c2,16000,1,2,48000,3.0,-23.35,0.2162,0.0
SMza0FPS0Js_seg_111.wav,data/interim/segmented_clean_relaxed/normal_speech/SMza0FPS0Js_seg_111.wav,SMza0FPS0Js,111,normal_speech,clean_pool,08773a1fb9614ae0bb4bd5d8770cf4fd197eb74c0b006afeff5189bcb5cd7e0b,16000,1,2,48000,3.0,-20.14,0.127,0.0
SMza0FPS0Js_seg_112.wav,data/interim/segmented_clean_relaxed/normal_speech/SMza0FPS0Js_seg_112.wav,SMza0FPS0Js,112,normal_speech,clean_pool,ecd6c253f87b2a28688f7f5cac413b626fba87d38e341fbc3fa03c5e360feddd,16000,1,2,48000,3.0,-20.51,0.1124,0.0
SMza0FPS0Js_seg_113.wav,data/interim/segmented_clean_relaxed/normal_speech/SMza0FPS0Js_seg_113.wav,SMza0FPS0Js,113,normal_speech,clean_pool,9fd2638646cce2fea922470412657cb65fd259bee95ba701b8de9296ca82a715,16000,1,2,48000,3.0,-19.3,0.1258,0.0
SMza0FPS0Js_seg_114.wav,data/interim/segmented_clean_relaxed/normal_speech/SMza0FPS0Js_seg_114.wav,SMza0FPS0Js,114,normal_speech,clean_pool,0e138847027dab24598d363a8a8c87be2605d80c759a5acd86ca9c9197759598,16000,1,2,48000,3.0,-23.08,0.1538,0.0
SMza0FPS0Js_seg_115.wav,data/interim/segmented_clean_relaxed/normal_speech/SMza0FPS0Js_seg_115.wav,SMza0FPS0Js,115,normal_speech,clean_pool,74b520d267827cec2768572ea0105ddffb0921f52a4aed91c72e2a0f49f1a06b,16000,1,2,48000,3.0,-23.73,0.1614,0.0
SMza0FPS0Js_seg_116.wav,data/interim/segmented_clean_relaxed/normal_speech/SMza0FPS0Js_seg_116.wav,SMza0FPS0Js,116,normal_speech,clean_pool,11adb19301c76a3eb05ddc607dcbca3a60c58fb44bf7566bf00a816112327162,16000,1,2,48000,3.0,-20.49,0.1145,0.0
SMza0FPS0Js_seg_117.wav,data/interim/segmented_clean_relaxed/normal_speech/SMza0FPS0Js_seg_117.wav,SMza0FPS0Js,117,normal_speech,clean_pool,5fa82069d8379a918d1c1a9a38b9b0b161a0d26d7fc211d0aaed8dd9e7574626,16000,1,2,48000,3.0,-20.51,0.1193,0.0
SMza0FPS0Js_seg_118.wav,data/interim/segmented_clean_relaxed/normal_speech/SMza0FPS0Js_seg_118.wav,SMza0FPS0Js,118,normal_speech,clean_pool,3b695bdb444fc1d89984cb2be178b086d34f07ebefdfa5c89bd6260dd40864b9,16000,1,2,48000,3.0,-21.61,0.156,0.0
SMza0FPS0Js_seg_119.wav,data/interim/segmented_clean_relaxed/normal_speech/SMza0FPS0Js_seg_119.wav,SMza0FPS0Js,119,normal_speech,clean_pool,64e3588f0f5ea873ed6ec011524bd3c22b247c285c543838e470fa15afb72be8,16000,1,2,48000,3.0,-25.11,0.1586,0.0
SMza0FPS0Js_seg_120.wav,data/interim/segmented_clean_relaxed/normal_speech/SMza0FPS0Js_seg_120.wav,SMza0FPS0Js,120,normal_speech,clean_pool,c549f53af6c802bf6ded0b3af904da825f1a6a1d6b52e2fc6b1f64f49449c44b,16000,1,2,48000,3.0,-22.86,0.2661,0.0
SMza0FPS0Js_seg_121.wav,data/interim/segmented_clean_relaxed/normal_speech/SMza0FPS0Js_seg_121.wav,SMza0FPS0Js,121,normal_speech,clean_pool,7e39e61841cc526669b03223aac77cef35f9a2dd0edce80a7fac1d0d6e8b9002,16000,1,2,48000,3.0,-21.04,0.1649,0.0
SMza0FPS0Js_seg_122.wav,data/interim/segmented_clean_relaxed/normal_speech/SMza0FPS0Js_seg_122.wav,SMza0FPS0Js,122,normal_speech,clean_pool,f70523fed7c15d43163770ab6f6c200f61ff580df91a102cd82e8fc5ef1e35f7,16000,1,2,48000,3.0,-22.65,0.1994,0.0
SMza0FPS0Js_seg_123.wav,data/interim/segmented_clean_relaxed/normal_speech/SMza0FPS0Js_seg_123.wav,SMza0FPS0Js,123,normal_speech,clean_pool,ed328ddef6e31862f4bdb38419f7db5c471ea6934508f4dcfedb992ab5192f46,16000,1,2,48000,3.0,-20.59,0.1347,0.0
SMza0FPS0Js_seg_124.wav,data/interim/segmented_clean_relaxed/normal_speech/SMza0FPS0Js_seg_124.wav,SMza0FPS0Js,124,normal_speech,clean_pool,b7bc95daff9f0be3638a47792fcddf23f132a6c8f95fbb04271738af9dd08fc2,16000,1,2,48000,3.0,-24.3,0.1576,0.0
SMza0FPS0Js_seg_125.wav,data/interim/segmented_clean_relaxed/normal_speech/SMza0FPS0Js_seg_125.wav,SMza0FPS0Js,125,normal_speech,clean_pool,099b13ed64097508ed7ed31c466f8575c626e817de1ac36b00ebce0078e3747f,16000,1,2,48000,3.0,-22.74,0.1336,0.0
SMza0FPS0Js_seg_126.wav,data/interim/segmented_clean_relaxed/normal_speech/SMza0FPS0Js_seg_126.wav,SMza0FPS0Js,126,normal_speech,clean_pool,a73d26e1ef883a8a71c7e92c6676db3dd43c03bbba2583b42569e08f939fdc62,16000,1,2,48000,3.0,-20.85,0.1252,0.0
SMza0FPS0Js_seg_127.wav,data/interim/segmented_clean_relaxed/normal_speech/SMza0FPS0Js_seg_127.wav,SMza0FPS0Js,127,normal_speech,clean_pool,84125844a1f50cf3e471c09329c7eac8a647db32956c69e34207f55c15dfa941,16000,1,2,48000,3.0,-22.37,0.1465,0.0
SMza0FPS0Js_seg_128.wav,data/interim/segmented_clean_relaxed/normal_speech/SMza0FPS0Js_seg_128.wav,SMza0FPS0Js,128,normal_speech,clean_pool,c865ea956f2e1a7b911e1219a03103427f36776a8fc822438c265fb92fb21576,16000,1,2,48000,3.0,-23.86,0.1687,0.0
SMza0FPS0Js_seg_129.wav,data/interim/segmented_clean_relaxed/normal_speech/SMza0FPS0Js_seg_129.wav,SMza0FPS0Js,129,normal_speech,clean_pool,570d3166183d5ebbc9499c178c201688939ee1db3f6d5f0bf66e5e499b2ffd63,16000,1,2,48000,3.0,-22.02,0.2382,0.0
SMza0FPS0Js_seg_130.wav,data/interim/segmented_clean_relaxed/normal_speech/SMza0FPS0Js_seg_130.wav,SMza0FPS0Js,130,normal_speech,clean_pool,0641fa387a064bc3196c29d934929522eadec3fd01e2f1736d9ae1c47c816e42,16000,1,2,48000,3.0,-19.69,0.3669,0.000375
SMza0FPS0Js_seg_131.wav,data/interim/segmented_clean_relaxed/normal_speech/SMza0FPS0Js_seg_131.wav,SMza0FPS0Js,131,normal_speech,clean_pool,75c27f94d0361d28fcdf1cc7447d78aeae7042af4af18b2b9f6d97eebb74d232,16000,1,2,41680,2.605,-31.72,0.1976,0.0
bdNJgUYeYPk_seg_000.wav,data/interim/segmented_clean_relaxed/normal_speech/bdNJgUYeYPk_seg_000.wav,bdNJgUYeYPk,000,normal_speech,clean_pool,b759895c10e5ac72bb4767e9d7eb46f27601edd8bb30819094d8987843bca207,16000,1,2,48000,3.0,-26.08,0.2698,0.0
bdNJgUYeYPk_seg_001.wav,data/interim/segmented_clean_relaxed/normal_speech/bdNJgUYeYPk_seg_001.wav,bdNJgUYeYPk,001,normal_speech,clean_pool,4dd2daeb19fa660cf148d3b433e49c0d0196a99ab9825f83f8ebbbad3f243dfb,16000,1,2,48000,3.0,-27.49,0.3357,0.0
bdNJgUYeYPk_seg_002.wav,data/interim/segmented_clean_relaxed/normal_speech/bdNJgUYeYPk_seg_002.wav,bdNJgUYeYPk,002,normal_speech,clean_pool,222300dbf5e767d9016a4ca04bc538a1a46ac926e3194af969307c6fb607dec8,16000,1,2,48000,3.0,-28.11,0.2949,0.0
bdNJgUYeYPk_seg_003.wav,data/interim/segmented_clean_relaxed/normal_speech/bdNJgUYeYPk_seg_003.wav,bdNJgUYeYPk,003,normal_speech,clean_pool,6ff2da4a9ff2077a1406b172806d26e3b7ddc42212e2fe84c7b2d194e165e9e2,16000,1,2,48000,3.0,-26.99,0.3793,0.0
bdNJgUYeYPk_seg_004.wav,data/interim/segmented_clean_relaxed/normal_speech/bdNJgUYeYPk_seg_004.wav,bdNJgUYeYPk,004,normal_speech,clean_pool,47038e0515fa73bf6811abb7a1853a2e47c0269df298ff64fd6b2522b425b0b6,16000,1,2,48000,3.0,-26.38,0.2996,0.0
bdNJgUYeYPk_seg_005.wav,data/interim/segmented_clean_relaxed/normal_speech/bdNJgUYeYPk_seg_005.wav,bdNJgUYeYPk,005,normal_speech,clean_pool,7a7a455a115efb54cda1929d65a6dadfe89595cc5bf5f2ab6056878c3f91570e,16000,1,2,48000,3.0,-24.04,0.2801,0.0
bdNJgUYeYPk_seg_006.wav,data/interim/segmented_clean_relaxed/normal_speech/bdNJgUYeYPk_seg_006.wav,bdNJgUYeYPk,006,normal_speech,clean_pool,a54090fbc47d543868c8d9c6a979daab144d27e0fb426f3f82bbaba81bcd3a1e,16000,1,2,48000,3.0,-26.66,0.4069,0.0
bdNJgUYeYPk_seg_007.wav,data/interim/segmented_clean_relaxed/normal_speech/bdNJgUYeYPk_seg_007.wav,bdNJgUYeYPk,007,normal_speech,clean_pool,73a65efc99b0a6ada386382ff837f26eaee5fb34c30c4360de531f602269ddc6,16000,1,2,48000,3.0,-23.22,0.3201,0.0
bdNJgUYeYPk_seg_008.wav,data/interim/segmented_clean_relaxed/normal_speech/bdNJgUYeYPk_seg_008.wav,bdNJgUYeYPk,008,normal_speech,clean_pool,2a01d89a11ca298894f6ec5892049c581131c62e4aa034cd5bad4f3008e9d9da,16000,1,2,48000,3.0,-26.23,0.3706,0.0
bdNJgUYeYPk_seg_009.wav,data/interim/segmented_clean_relaxed/normal_speech/bdNJgUYeYPk_seg_009.wav,bdNJgUYeYPk,009,normal_speech,clean_pool,c3e2c0c53f148446bedfebec3e40d80bd0e197549fa98891b2c82459dc6759a7,16000,1,2,48000,3.0,-27.35,0.3249,0.0
bdNJgUYeYPk_seg_010.wav,data/interim/segmented_clean_relaxed/normal_speech/bdNJgUYeYPk_seg_010.wav,bdNJgUYeYPk,010,normal_speech,clean_pool,3ae4df2fead84c8d94aefde45b1b432b60d8c3e8679c9a001107b21395f7611a,16000,1,2,48000,3.0,-28.84,0.2868,0.0
bdNJgUYeYPk_seg_011.wav,data/interim/segmented_clean_relaxed/normal_speech/bdNJgUYeYPk_seg_011.wav,bdNJgUYeYPk,011,normal_speech,clean_pool,5cacde1741727768b8d371dc9c1521ab0ee679d5a8d6b65cc41a4d5ffcb52c18,16000,1,2,48000,3.0,-28.65,0.3239,0.0
bdNJgUYeYPk_seg_012.wav,data/interim/segmented_clean_relaxed/normal_speech/bdNJgUYeYPk_seg_012.wav,bdNJgUYeYPk,012,normal_speech,clean_pool,137768556d6de1b206c720e16cbb0a72bdc7af1b7778db8e9a1ed552bbeeed6e,16000,1,2,48000,3.0,-28.09,0.4365,0.0
bdNJgUYeYPk_seg_013.wav,data/interim/segmented_clean_relaxed/normal_speech/bdNJgUYeYPk_seg_013.wav,bdNJgUYeYPk,013,normal_speech,clean_pool,67a4fe5f7a089fe3a42902d1f161d7618de7b2ec7e712c5a15a5f4e25c847601,16000,1,2,48000,3.0,-25.51,0.3193,0.0
bdNJgUYeYPk_seg_014.wav,data/interim/segmented_clean_relaxed/normal_speech/bdNJgUYeYPk_seg_014.wav,bdNJgUYeYPk,014,normal_speech,clean_pool,72f1c1a816f21da89cd9533dbe4b8190daa1b83cbcba4ff86fcd6828fd81fbde,16000,1,2,48000,3.0,-29.61,0.3625,0.0
bdNJgUYeYPk_seg_015.wav,data/interim/segmented_clean_relaxed/normal_speech/bdNJgUYeYPk_seg_015.wav,bdNJgUYeYPk,015,normal_speech,clean_pool,263b7959e293c713d0d42b13630b0e7573a72ee861fe49168e3e16d5345a180d,16000,1,2,48000,3.0,-26.09,0.364,0.0
bdNJgUYeYPk_seg_016.wav,data/interim/segmented_clean_relaxed/normal_speech/bdNJgUYeYPk_seg_016.wav,bdNJgUYeYPk,016,normal_speech,clean_pool,ccffbfc45898c0f99d8cce553e7f1cd4ef31bb2fb6ed1a4d5dd0e37d3f7ef433,16000,1,2,48000,3.0,-23.88,0.1765,0.0
bdNJgUYeYPk_seg_017.wav,data/interim/segmented_clean_relaxed/normal_speech/bdNJgUYeYPk_seg_017.wav,bdNJgUYeYPk,017,normal_speech,clean_pool,8ae18129fee826e3594c5c0e73d02b393e993014707db4b6b90c5c518d28a575,16000,1,2,48000,3.0,-26.51,0.4012,0.0
bdNJgUYeYPk_seg_018.wav,data/interim/segmented_clean_relaxed/normal_speech/bdNJgUYeYPk_seg_018.wav,bdNJgUYeYPk,018,normal_speech,clean_pool,8583dbaf46243a64b87d48e8a327cfe5f4128cc1653f9fcabf120bc32787fcdd,16000,1,2,48000,3.0,-25.17,0.1946,0.0
bdNJgUYeYPk_seg_019.wav,data/interim/segmented_clean_relaxed/normal_speech/bdNJgUYeYPk_seg_019.wav,bdNJgUYeYPk,019,normal_speech,clean_pool,f17cef0c14ed196a7e8736c7101441270120ddef5cb8fbc6555bd19057f28838,16000,1,2,48000,3.0,-26.43,0.3573,0.0
bdNJgUYeYPk_seg_020.wav,data/interim/segmented_clean_relaxed/normal_speech/bdNJgUYeYPk_seg_020.wav,bdNJgUYeYPk,020,normal_speech,clean_pool,75f90c21f52ac55f7edcf02c5e49db84f6345763933e55710de690fe62ebcf98,16000,1,2,48000,3.0,-27.04,0.4599,0.0
bdNJgUYeYPk_seg_021.wav,data/interim/segmented_clean_relaxed/normal_speech/bdNJgUYeYPk_seg_021.wav,bdNJgUYeYPk,021,normal_speech,clean_pool,5e182eb01a8241ee80eb00c458d058292617976329212b64817e33f53d0f1529,16000,1,2,48000,3.0,-26.04,0.3049,0.0
bdNJgUYeYPk_seg_022.wav,data/interim/segmented_clean_relaxed/normal_speech/bdNJgUYeYPk_seg_022.wav,bdNJgUYeYPk,022,normal_speech,clean_pool,ae097ad7310922d8dec2a8148815de439c389dee776cd83f0ecf30f4676fd1e4,16000,1,2,48000,3.0,-28.77,0.3829,0.0
bdNJgUYeYPk_seg_023.wav,data/interim/segmented_clean_relaxed/normal_speech/bdNJgUYeYPk_seg_023.wav,bdNJgUYeYPk,023,normal_speech,clean_pool,2e3e1f88cda2a481ae0d323c75fc3b27da88569285ef21f810c39572dbd02584,16000,1,2,48000,3.0,-27.74,0.4699,0.0
bdNJgUYeYPk_seg_024.wav,data/interim/segmented_clean_relaxed/normal_speech/bdNJgUYeYPk_seg_024.wav,bdNJgUYeYPk,024,normal_speech,clean_pool,ee9007aca79d756e60965f5915b03708e2da741f26059603cd366687f9edf67a,16000,1,2,48000,3.0,-27.15,0.3106,0.0
bdNJgUYeYPk_seg_025.wav,data/interim/segmented_clean_relaxed/normal_speech/bdNJgUYeYPk_seg_025.wav,bdNJgUYeYPk,025,normal_speech,clean_pool,92377064b8446bce7a8c090ee4fcb64c7f93dfa2a37b0f42692875d495026f90,16000,1,2,48000,3.0,-29.02,0.4023,0.0
bdNJgUYeYPk_seg_026.wav,data/interim/segmented_clean_relaxed/normal_speech/bdNJgUYeYPk_seg_026.wav,bdNJgUYeYPk,026,normal_speech,clean_pool,04816c56230f5174301be1ee092eca316b385b1dfc9dbf087a1f758072eadc2c,16000,1,2,48000,3.0,-26.07,0.2929,0.0
bdNJgUYeYPk_seg_027.wav,data/interim/segmented_clean_relaxed/normal_speech/bdNJgUYeYPk_seg_027.wav,bdNJgUYeYPk,027,normal_speech,clean_pool,e1aca0cff3bd27188cf7b7bda6703154997c24275aec45184097ec1a184cbaf4,16000,1,2,48000,3.0,-27.17,0.369,0.0
bdNJgUYeYPk_seg_028.wav,data/interim/segmented_clean_relaxed/normal_speech/bdNJgUYeYPk_seg_028.wav,bdNJgUYeYPk,028,normal_speech,clean_pool,9b507aab2f3895ff5602313b2fc14439e8cf7992c7d625b03ccfa4f0decb5451,16000,1,2,48000,3.0,-28.52,0.5464,0.0
bdNJgUYeYPk_seg_029.wav,data/interim/segmented_clean_relaxed/normal_speech/bdNJgUYeYPk_seg_029.wav,bdNJgUYeYPk,029,normal_speech,clean_pool,c1ff9926ed4c8425162e46e4b472cdc98eeab16704c01c2cb542326a4e8aaa23,16000,1,2,48000,3.0,-27.22,0.4075,0.0
bdNJgUYeYPk_seg_030.wav,data/interim/segmented_clean_relaxed/normal_speech/bdNJgUYeYPk_seg_030.wav,bdNJgUYeYPk,030,normal_speech,clean_pool,8883c4c755fe60668e6a36b0710d044319481d6c44ba9e076a56a203d9eaec10,16000,1,2,48000,3.0,-24.9,0.3177,0.0
bdNJgUYeYPk_seg_031.wav,data/interim/segmented_clean_relaxed/normal_speech/bdNJgUYeYPk_seg_031.wav,bdNJgUYeYPk,031,normal_speech,clean_pool,da8dda92c7fb38ea96aafcbd34be9ac7288116c8e02af7b9241626c131c716fb,16000,1,2,48000,3.0,-23.59,0.2168,0.0
bdNJgUYeYPk_seg_032.wav,data/interim/segmented_clean_relaxed/normal_speech/bdNJgUYeYPk_seg_032.wav,bdNJgUYeYPk,032,normal_speech,clean_pool,092dc6b63ada90b263d0c96794ad07d0edb6455291d28afbfcdcaecc6ea1d239,16000,1,2,48000,3.0,-24.93,0.3073,0.0
bdNJgUYeYPk_seg_033.wav,data/interim/segmented_clean_relaxed/normal_speech/bdNJgUYeYPk_seg_033.wav,bdNJgUYeYPk,033,normal_speech,clean_pool,045f07bf56fe1682f903059078b2698c825ca75a322b6521bc6430f1a9884f36,16000,1,2,48000,3.0,-27.07,0.3567,0.0
bdNJgUYeYPk_seg_034.wav,data/interim/segmented_clean_relaxed/normal_speech/bdNJgUYeYPk_seg_034.wav,bdNJgUYeYPk,034,normal_speech,clean_pool,1ddc6eb9d72eff0117347aa4bfd600099b625facc5ff1530ae7cf76d0143830e,16000,1,2,48000,3.0,-28.07,0.3641,0.0
bdNJgUYeYPk_seg_035.wav,data/interim/segmented_clean_relaxed/normal_speech/bdNJgUYeYPk_seg_035.wav,bdNJgUYeYPk,035,normal_speech,clean_pool,f5b23a73dad19870de66c8be438a4c093f22670ad482c0cb49a75247a2e373b7,16000,1,2,48000,3.0,-26.71,0.3809,0.0
bdNJgUYeYPk_seg_036.wav,data/interim/segmented_clean_relaxed/normal_speech/bdNJgUYeYPk_seg_036.wav,bdNJgUYeYPk,036,normal_speech,clean_pool,eed995b965bd8b5c4704a927298aadbaa26e3aa209cadf4fe32fabb987b4568d,16000,1,2,48000,3.0,-27.82,0.3859,0.0
bdNJgUYeYPk_seg_037.wav,data/interim/segmented_clean_relaxed/normal_speech/bdNJgUYeYPk_seg_037.wav,bdNJgUYeYPk,037,normal_speech,clean_pool,c9dcc276184ce4648913f9ceac57fba87c5a690bf83f658b0131c606b0a44a38,16000,1,2,48000,3.0,-26.18,0.3171,0.0
bdNJgUYeYPk_seg_038.wav,data/interim/segmented_clean_relaxed/normal_speech/bdNJgUYeYPk_seg_038.wav,bdNJgUYeYPk,038,normal_speech,clean_pool,8a8eda9af8b4fac0e077ddf0fad028ea37a49f2dc51b46005433ea1bad64992e,16000,1,2,48000,3.0,-28.55,0.4711,0.0
bdNJgUYeYPk_seg_039.wav,data/interim/segmented_clean_relaxed/normal_speech/bdNJgUYeYPk_seg_039.wav,bdNJgUYeYPk,039,normal_speech,clean_pool,01c540db26db1628277aec7cf73f0c8980d043ec5ed85d3f53df88e73afbf98c,16000,1,2,48000,3.0,-27.55,0.4143,0.0
bdNJgUYeYPk_seg_040.wav,data/interim/segmented_clean_relaxed/normal_speech/bdNJgUYeYPk_seg_040.wav,bdNJgUYeYPk,040,normal_speech,clean_pool,57e6675ed67ce337606958773266e568a9d696c93e0a3c5aef9d371d550780dc,16000,1,2,48000,3.0,-27.93,0.3944,0.0
bdNJgUYeYPk_seg_041.wav,data/interim/segmented_clean_relaxed/normal_speech/bdNJgUYeYPk_seg_041.wav,bdNJgUYeYPk,041,normal_speech,clean_pool,fee74c56add08c163403f108b8d0a9d548119ae479e138b1b923d36c6b523b86,16000,1,2,48000,3.0,-26.98,0.2203,0.0
bdNJgUYeYPk_seg_042.wav,data/interim/segmented_clean_relaxed/normal_speech/bdNJgUYeYPk_seg_042.wav,bdNJgUYeYPk,042,normal_speech,clean_pool,408e18067966793a19085f65d787eb17558b81832b9f0a978633997d6682d24e,16000,1,2,48000,3.0,-26.98,0.3571,0.0
bdNJgUYeYPk_seg_043.wav,data/interim/segmented_clean_relaxed/normal_speech/bdNJgUYeYPk_seg_043.wav,bdNJgUYeYPk,043,normal_speech,clean_pool,49631436de0aff2542a0835454612c286b3da1a17db26c692ed9ce5540a2a7b7,16000,1,2,48000,3.0,-27.86,0.3828,0.0
bdNJgUYeYPk_seg_044.wav,data/interim/segmented_clean_relaxed/normal_speech/bdNJgUYeYPk_seg_044.wav,bdNJgUYeYPk,044,normal_speech,clean_pool,9dba13fe94cc4984243ad5f065df49f4c07c85aabab77380f1f9beb25d8db7e2,16000,1,2,48000,3.0,-25.82,0.2361,0.0
bdNJgUYeYPk_seg_045.wav,data/interim/segmented_clean_relaxed/normal_speech/bdNJgUYeYPk_seg_045.wav,bdNJgUYeYPk,045,normal_speech,clean_pool,4c94323aa1d324d506ce631bcb465f25a42d81efa448fa510edc23bdcb9a2228,16000,1,2,48000,3.0,-28.84,0.4044,0.0
bdNJgUYeYPk_seg_046.wav,data/interim/segmented_clean_relaxed/normal_speech/bdNJgUYeYPk_seg_046.wav,bdNJgUYeYPk,046,normal_speech,clean_pool,47347ebe8fdbc601a86a677cf8ed8ef7d65ae96c63f3212466bc082868f73639,16000,1,2,48000,3.0,-27.0,0.3475,0.0
bdNJgUYeYPk_seg_047.wav,data/interim/segmented_clean_relaxed/normal_speech/bdNJgUYeYPk_seg_047.wav,bdNJgUYeYPk,047,normal_speech,clean_pool,5dbfbdee7bbef8032e0eee5c5be178648ec78eced5e33c3510cedc6d09b3ae6e,16000,1,2,48000,3.0,-28.15,0.3434,0.0
bdNJgUYeYPk_seg_048.wav,data/interim/segmented_clean_relaxed/normal_speech/bdNJgUYeYPk_seg_048.wav,bdNJgUYeYPk,048,normal_speech,clean_pool,1002689c650dff0194eb24dfe80a370ab2d97af77a9913cdc03c267dd195264d,16000,1,2,48000,3.0,-30.08,0.4402,0.0
bdNJgUYeYPk_seg_049.wav,data/interim/segmented_clean_relaxed/normal_speech/bdNJgUYeYPk_seg_049.wav,bdNJgUYeYPk,049,normal_speech,clean_pool,1a3ce48f29d99e5ac6bd7c7750a67569a91c0b365ad31c192ff3d866adfdfcef,16000,1,2,48000,3.0,-26.25,0.3746,0.0
bdNJgUYeYPk_seg_050.wav,data/interim/segmented_clean_relaxed/normal_speech/bdNJgUYeYPk_seg_050.wav,bdNJgUYeYPk,050,normal_speech,clean_pool,79a1d79b4bc8d71f40bf7e8f18d457be2983143a94459a87bc323c0785d90f0c,16000,1,2,48000,3.0,-27.3,0.4399,0.0
bdNJgUYeYPk_seg_051.wav,data/interim/segmented_clean_relaxed/normal_speech/bdNJgUYeYPk_seg_051.wav,bdNJgUYeYPk,051,normal_speech,clean_pool,d651f7546cb018bdddf423bba2563dab27bce35b9ccc853ed70e6cdf25dcca2d,16000,1,2,48000,3.0,-26.96,0.3777,0.0
bdNJgUYeYPk_seg_052.wav,data/interim/segmented_clean_relaxed/normal_speech/bdNJgUYeYPk_seg_052.wav,bdNJgUYeYPk,052,normal_speech,clean_pool,f7f251de46db6d95d86eab8dd6316e67b7221bf3744784384fcec35112d69890,16000,1,2,48000,3.0,-28.55,0.5085,0.0
bdNJgUYeYPk_seg_053.wav,data/interim/segmented_clean_relaxed/normal_speech/bdNJgUYeYPk_seg_053.wav,bdNJgUYeYPk,053,normal_speech,clean_pool,70562b81aa176416d92d58c75f79241a949640fdb05dddc51c522a7dd385c565,16000,1,2,48000,3.0,-27.64,0.4065,0.0
bdNJgUYeYPk_seg_054.wav,data/interim/segmented_clean_relaxed/normal_speech/bdNJgUYeYPk_seg_054.wav,bdNJgUYeYPk,054,normal_speech,clean_pool,4ebb9953104e8dfe45240d10f4356f8e29c9623900b30421ec21b02520f95582,16000,1,2,48000,3.0,-28.05,0.3929,0.0
bdNJgUYeYPk_seg_055.wav,data/interim/segmented_clean_relaxed/normal_speech/bdNJgUYeYPk_seg_055.wav,bdNJgUYeYPk,055,normal_speech,clean_pool,dc85e0b34675c1c7c85d81bd861081712f7fc6723d6d24605fe79ab571468551,16000,1,2,48000,3.0,-28.79,0.3625,0.0
bdNJgUYeYPk_seg_056.wav,data/interim/segmented_clean_relaxed/normal_speech/bdNJgUYeYPk_seg_056.wav,bdNJgUYeYPk,056,normal_speech,clean_pool,5de7570db999d958d4f7faab546177b47621e77028cd5732a657b04b18482d57,16000,1,2,48000,3.0,-26.52,0.536,0.0
bdNJgUYeYPk_seg_057.wav,data/interim/segmented_clean_relaxed/normal_speech/bdNJgUYeYPk_seg_057.wav,bdNJgUYeYPk,057,normal_speech,clean_pool,c444955a9fb7347be7ad79efd10837bd6dc82af39569a651e949573096425dfa,16000,1,2,48000,3.0,-28.32,0.3763,0.0
bdNJgUYeYPk_seg_058.wav,data/interim/segmented_clean_relaxed/normal_speech/bdNJgUYeYPk_seg_058.wav,bdNJgUYeYPk,058,normal_speech,clean_pool,9eda494c3702bb05a5bba8126bedac96f198c9174214d68096e5d18ac6072007,16000,1,2,48000,3.0,-27.85,0.4035,0.0
bdNJgUYeYPk_seg_059.wav,data/interim/segmented_clean_relaxed/normal_speech/bdNJgUYeYPk_seg_059.wav,bdNJgUYeYPk,059,normal_speech,clean_pool,986c262fc512a62bce28f2cdd2b23136221d5a3fdad369b09dbf2d277c960926,16000,1,2,48000,3.0,-27.61,0.3339,0.0
bdNJgUYeYPk_seg_060.wav,data/interim/segmented_clean_relaxed/normal_speech/bdNJgUYeYPk_seg_060.wav,bdNJgUYeYPk,060,normal_speech,clean_pool,c536fb3b001da4d7bab14d3f20620cbd438977b5fe6f49d67a240b02b38d541c,16000,1,2,48000,3.0,-27.01,0.2453,0.0
bdNJgUYeYPk_seg_061.wav,data/interim/segmented_clean_relaxed/normal_speech/bdNJgUYeYPk_seg_061.wav,bdNJgUYeYPk,061,normal_speech,clean_pool,f12fc8cbe1ad26fd94702eee5a3010987f466a6acff757b5311ba3b0d9623e7b,16000,1,2,48000,3.0,-27.26,0.5222,0.0
bdNJgUYeYPk_seg_062.wav,data/interim/segmented_clean_relaxed/normal_speech/bdNJgUYeYPk_seg_062.wav,bdNJgUYeYPk,062,normal_speech,clean_pool,666edfee5fe584c09a52295b0a46f98e2772bd4069ca9b56557b274f35a9ebfa,16000,1,2,48000,3.0,-30.06,0.5761,0.0
bdNJgUYeYPk_seg_063.wav,data/interim/segmented_clean_relaxed/normal_speech/bdNJgUYeYPk_seg_063.wav,bdNJgUYeYPk,063,normal_speech,clean_pool,f1ece7e461a03fa7105dbe8caa5098d86d82cc235a898f24da619d9fdebb4967,16000,1,2,48000,3.0,-26.87,0.4312,0.0
bdNJgUYeYPk_seg_064.wav,data/interim/segmented_clean_relaxed/normal_speech/bdNJgUYeYPk_seg_064.wav,bdNJgUYeYPk,064,normal_speech,clean_pool,d270f707487d9f5b674c554f91c118bd4000e62df5462fe71a2cc76722c5bfdd,16000,1,2,48000,3.0,-29.15,0.437,0.0
bdNJgUYeYPk_seg_065.wav,data/interim/segmented_clean_relaxed/normal_speech/bdNJgUYeYPk_seg_065.wav,bdNJgUYeYPk,065,normal_speech,clean_pool,5c85bf8f7d5a6b4c0ea4fef15079406c4bb9a7115735e4aa4b7fe0b9ccd302b0,16000,1,2,48000,3.0,-29.0,0.4244,0.0
bdNJgUYeYPk_seg_066.wav,data/interim/segmented_clean_relaxed/normal_speech/bdNJgUYeYPk_seg_066.wav,bdNJgUYeYPk,066,normal_speech,clean_pool,8e5631ac08d7ed030f863eb23d4c2a3301209083466f543d5e8692f271a6bc3b,16000,1,2,48000,3.0,-29.53,0.4944,0.0
bdNJgUYeYPk_seg_067.wav,data/interim/segmented_clean_relaxed/normal_speech/bdNJgUYeYPk_seg_067.wav,bdNJgUYeYPk,067,normal_speech,clean_pool,1e33f40415bc63213221841f91bb37f11a9724b6c8f814985b08fe4a4cadc19b,16000,1,2,48000,3.0,-26.27,0.2358,0.0
bdNJgUYeYPk_seg_068.wav,data/interim/segmented_clean_relaxed/normal_speech/bdNJgUYeYPk_seg_068.wav,bdNJgUYeYPk,068,normal_speech,clean_pool,6aab57df2df522e9b35d6f13bf1030217b72e61a7809f64987b19769a0d5b904,16000,1,2,48000,3.0,-27.98,0.3187,0.0
bdNJgUYeYPk_seg_069.wav,data/interim/segmented_clean_relaxed/normal_speech/bdNJgUYeYPk_seg_069.wav,bdNJgUYeYPk,069,normal_speech,clean_pool,a82869ea10a75a1336eb82f07ac4eb57ea85fc270c4e3795aa171fec7bbb6214,16000,1,2,48000,3.0,-27.95,0.4063,0.0
bdNJgUYeYPk_seg_070.wav,data/interim/segmented_clean_relaxed/normal_speech/bdNJgUYeYPk_seg_070.wav,bdNJgUYeYPk,070,normal_speech,clean_pool,2c45049ab4d5ab0661384b35b79a0bb91cde6fb635e9cc046e63539a744b8ed3,16000,1,2,48000,3.0,-28.38,0.4089,0.0
bdNJgUYeYPk_seg_071.wav,data/interim/segmented_clean_relaxed/normal_speech/bdNJgUYeYPk_seg_071.wav,bdNJgUYeYPk,071,normal_speech,clean_pool,4036dd055ff46311adcafca05591a1497f3bb72cd0bbdbdeac86b63f338ee2da,16000,1,2,48000,3.0,-27.23,0.3045,0.0
bdNJgUYeYPk_seg_072.wav,data/interim/segmented_clean_relaxed/normal_speech/bdNJgUYeYPk_seg_072.wav,bdNJgUYeYPk,072,normal_speech,clean_pool,89c3b884b7740a6c35c5bd54818ad750bdbceaf03bd35dd21aad896cf1326b88,16000,1,2,48000,3.0,-33.36,0.6575,0.0
bdNJgUYeYPk_seg_073.wav,data/interim/segmented_clean_relaxed/normal_speech/bdNJgUYeYPk_seg_073.wav,bdNJgUYeYPk,073,normal_speech,clean_pool,0e7cd9dff75b660a4e1c7eba42d228fdd65e2b3dcd93ee30c242f1176ff7b18c,16000,1,2,48000,3.0,-31.87,0.5689,0.0
bdNJgUYeYPk_seg_074.wav,data/interim/segmented_clean_relaxed/normal_speech/bdNJgUYeYPk_seg_074.wav,bdNJgUYeYPk,074,normal_speech,clean_pool,da3712603e65a6acf0cc547e41445cc96997f2e52e815cfd0a5722931a7a3726,16000,1,2,48000,3.0,-28.8,0.4859,0.0
bdNJgUYeYPk_seg_075.wav,data/interim/segmented_clean_relaxed/normal_speech/bdNJgUYeYPk_seg_075.wav,bdNJgUYeYPk,075,normal_speech,clean_pool,8e0551a34c7fc39e55e20e60afd0a4635159f2b90c73596e2a80ef8e2914c514,16000,1,2,48000,3.0,-28.31,0.4376,0.0
bdNJgUYeYPk_seg_076.wav,data/interim/segmented_clean_relaxed/normal_speech/bdNJgUYeYPk_seg_076.wav,bdNJgUYeYPk,076,normal_speech,clean_pool,917bcc8fb26b6dfc2be1d26254cc5cb39475039ff99e0ff8c37424abebba3b86,16000,1,2,48000,3.0,-29.52,0.5178,0.0
bdNJgUYeYPk_seg_077.wav,data/interim/segmented_clean_relaxed/normal_speech/bdNJgUYeYPk_seg_077.wav,bdNJgUYeYPk,077,normal_speech,clean_pool,9703eb39981b4fe3cec541ceefa7908da486fbc493191f3a305daadc12343591,16000,1,2,48000,3.0,-26.87,0.3173,0.0
bdNJgUYeYPk_seg_078.wav,data/interim/segmented_clean_relaxed/normal_speech/bdNJgUYeYPk_seg_078.wav,bdNJgUYeYPk,078,normal_speech,clean_pool,840475d112ebf42bca0f0af921c41e22735dc9f1189d181f6c00a5b42e3e9c0c,16000,1,2,48000,3.0,-27.09,0.299,0.0
bdNJgUYeYPk_seg_079.wav,data/interim/segmented_clean_relaxed/normal_speech/bdNJgUYeYPk_seg_079.wav,bdNJgUYeYPk,079,normal_speech,clean_pool,230e13f4ff02b45edc9529e2c899a8126f321f104c246eed28d3182e91cee778,16000,1,2,48000,3.0,-26.7,0.3542,0.0
bdNJgUYeYPk_seg_080.wav,data/interim/segmented_clean_relaxed/normal_speech/bdNJgUYeYPk_seg_080.wav,bdNJgUYeYPk,080,normal_speech,clean_pool,f10b3d7f0fb5ac5c0d598250f89e1a06ce942838e89cd2cd17b39f6f2effe462,16000,1,2,48000,3.0,-26.96,0.3425,0.0
bdNJgUYeYPk_seg_081.wav,data/interim/segmented_clean_relaxed/normal_speech/bdNJgUYeYPk_seg_081.wav,bdNJgUYeYPk,081,normal_speech,clean_pool,c54f96c0835293aad2855f207557824dc21af6aa2fd9e8bf928663367296f81a,16000,1,2,48000,3.0,-26.94,0.3597,0.0
bdNJgUYeYPk_seg_082.wav,data/interim/segmented_clean_relaxed/normal_speech/bdNJgUYeYPk_seg_082.wav,bdNJgUYeYPk,082,normal_speech,clean_pool,5cf84d08deb4602f54c009033612d0e55c20b8d4c5fe09e849290d42a5c32998,16000,1,2,48000,3.0,-28.04,0.4432,0.0
bdNJgUYeYPk_seg_083.wav,data/interim/segmented_clean_relaxed/normal_speech/bdNJgUYeYPk_seg_083.wav,bdNJgUYeYPk,083,normal_speech,clean_pool,eb3a3a587beaabf4ed52f3af6ffd4fe19e44f6b4ba814eef0c8b7942cf2a18d3,16000,1,2,48000,3.0,-24.83,0.4446,0.0
bdNJgUYeYPk_seg_084.wav,data/interim/segmented_clean_relaxed/normal_speech/bdNJgUYeYPk_seg_084.wav,bdNJgUYeYPk,084,normal_speech,clean_pool,d2cdfed68e2df5870980035fd942cf3333620cbbd2ad6589f1d87039e68fa96c,16000,1,2,48000,3.0,-25.32,0.3094,0.0
bdNJgUYeYPk_seg_085.wav,data/interim/segmented_clean_relaxed/normal_speech/bdNJgUYeYPk_seg_085.wav,bdNJgUYeYPk,085,normal_speech,clean_pool,fe56deb9cd4e76a75a8ff27a844c750df6ee77ff33667c7313e710c379683483,16000,1,2,48000,3.0,-29.01,0.386,0.0
bdNJgUYeYPk_seg_086.wav,data/interim/segmented_clean_relaxed/normal_speech/bdNJgUYeYPk_seg_086.wav,bdNJgUYeYPk,086,normal_speech,clean_pool,e36d30197a53aba9364b18fdbcfd9f99d00a66586d86c9878da5fe381532a883,16000,1,2,48000,3.0,-28.65,0.4115,0.0
bdNJgUYeYPk_seg_087.wav,data/interim/segmented_clean_relaxed/normal_speech/bdNJgUYeYPk_seg_087.wav,bdNJgUYeYPk,087,normal_speech,clean_pool,91727bdc12d300caa0e1106039d9af12fe6d3907a8c31fbb7a61d909404b0925,16000,1,2,48000,3.0,-28.99,0.5286,0.0
bdNJgUYeYPk_seg_088.wav,data/interim/segmented_clean_relaxed/normal_speech/bdNJgUYeYPk_seg_088.wav,bdNJgUYeYPk,088,normal_speech,clean_pool,2b5dc2e22e2efb944f62f2600c0694f7d52167f3c6f1182c245d70a6ccbcac17,16000,1,2,48000,3.0,-26.97,0.3536,0.0
bdNJgUYeYPk_seg_089.wav,data/interim/segmented_clean_relaxed/normal_speech/bdNJgUYeYPk_seg_089.wav,bdNJgUYeYPk,089,normal_speech,clean_pool,86af7f3aa5ffaf8a0a2c1de11bb2d8f12591bb4a95d32a9dca4f064d8b48405b,16000,1,2,48000,3.0,-26.25,0.3759,0.0
bdNJgUYeYPk_seg_090.wav,data/interim/segmented_clean_relaxed/normal_speech/bdNJgUYeYPk_seg_090.wav,bdNJgUYeYPk,090,normal_speech,clean_pool,6c8b2090f24e3091f9d7e18c45a87c49406f07f9c51c4c98b7b1edb16f258823,16000,1,2,48000,3.0,-27.28,0.3833,0.0
bdNJgUYeYPk_seg_091.wav,data/interim/segmented_clean_relaxed/normal_speech/bdNJgUYeYPk_seg_091.wav,bdNJgUYeYPk,091,normal_speech,clean_pool,d2539411505aac3cb66ee2dca26823a80915286afd1d934df21c0edc260a6984,16000,1,2,48000,3.0,-26.59,0.3965,0.0
bdNJgUYeYPk_seg_092.wav,data/interim/segmented_clean_relaxed/normal_speech/bdNJgUYeYPk_seg_092.wav,bdNJgUYeYPk,092,normal_speech,clean_pool,608681add93316281e690a456f71990a4380a100fbf33cb72df16ce93ea30cd2,16000,1,2,48000,3.0,-27.31,0.3872,0.0
bdNJgUYeYPk_seg_093.wav,data/interim/segmented_clean_relaxed/normal_speech/bdNJgUYeYPk_seg_093.wav,bdNJgUYeYPk,093,normal_speech,clean_pool,aad58beba142396fc0c2fe2962b284e1843454bd84b4bffab11f7ace9e880652,16000,1,2,48000,3.0,-28.04,0.4262,0.0
bdNJgUYeYPk_seg_094.wav,data/interim/segmented_clean_relaxed/normal_speech/bdNJgUYeYPk_seg_094.wav,bdNJgUYeYPk,094,normal_speech,clean_pool,2093941cd99075b9c59f3dff010d21401d0d89f3eb3d7bc537be7e6e18012170,16000,1,2,48000,3.0,-26.44,0.3833,0.0
bdNJgUYeYPk_seg_095.wav,data/interim/segmented_clean_relaxed/normal_speech/bdNJgUYeYPk_seg_095.wav,bdNJgUYeYPk,095,normal_speech,clean_pool,1099e0d6ab22a2c9517c619d14e8f2ffd1f1ac951dd5afba757e93074677cb4d,16000,1,2,48000,3.0,-27.38,0.3683,0.0
bdNJgUYeYPk_seg_096.wav,data/interim/segmented_clean_relaxed/normal_speech/bdNJgUYeYPk_seg_096.wav,bdNJgUYeYPk,096,normal_speech,clean_pool,23f07293f90ccda04ea9358003a3eb11b3c41a3bd5f1a5c20f22f4905b5da3d8,16000,1,2,48000,3.0,-28.63,0.4163,0.0
bdNJgUYeYPk_seg_097.wav,data/interim/segmented_clean_relaxed/normal_speech/bdNJgUYeYPk_seg_097.wav,bdNJgUYeYPk,097,normal_speech,clean_pool,488de206eadffe9c6160a5a2c44ac4a47327c678dcc1ccf24a3f9686c8370fa4,16000,1,2,48000,3.0,-27.65,0.4346,0.0
bdNJgUYeYPk_seg_098.wav,data/interim/segmented_clean_relaxed/normal_speech/bdNJgUYeYPk_seg_098.wav,bdNJgUYeYPk,098,normal_speech,clean_pool,4aa2f5c9236397d4dfe9ee3dfa2eaa45755290dcfad12a18a54368c551a8cc61,16000,1,2,48000,3.0,-27.34,0.3808,0.0
bdNJgUYeYPk_seg_099.wav,data/interim/segmented_clean_relaxed/normal_speech/bdNJgUYeYPk_seg_099.wav,bdNJgUYeYPk,099,normal_speech,clean_pool,6b77210648307e3e1bb0e5f4a83e57ad7a19f5218717cbf243efa369548ce944,16000,1,2,48000,3.0,-27.05,0.4375,0.0
bdNJgUYeYPk_seg_100.wav,data/interim/segmented_clean_relaxed/normal_speech/bdNJgUYeYPk_seg_100.wav,bdNJgUYeYPk,100,normal_speech,clean_pool,4fdaf138e8845c3f70373f31d2eb9d108d1e18385d719f7a2f36b1f5bc030f63,16000,1,2,48000,3.0,-27.39,0.4244,0.0
bdNJgUYeYPk_seg_101.wav,data/interim/segmented_clean_relaxed/normal_speech/bdNJgUYeYPk_seg_101.wav,bdNJgUYeYPk,101,normal_speech,clean_pool,98a59683e4ac54768f70986794fd072f9d62b890719adbdb369767149348887b,16000,1,2,48000,3.0,-27.57,0.4088,0.0
bdNJgUYeYPk_seg_102.wav,data/interim/segmented_clean_relaxed/normal_speech/bdNJgUYeYPk_seg_102.wav,bdNJgUYeYPk,102,normal_speech,clean_pool,ba8161c066682f0747c5caed9ff0d413e35c758630370081b6167f2ef8f8e850,16000,1,2,48000,3.0,-28.93,0.4558,0.0
bdNJgUYeYPk_seg_103.wav,data/interim/segmented_clean_relaxed/normal_speech/bdNJgUYeYPk_seg_103.wav,bdNJgUYeYPk,103,normal_speech,clean_pool,34d1ce08ba2f7dec6bda8b1dc3dbd0aa46ca151e223de8e208477a1fa9a30e6a,16000,1,2,48000,3.0,-26.42,0.5292,0.0
bdNJgUYeYPk_seg_104.wav,data/interim/segmented_clean_relaxed/normal_speech/bdNJgUYeYPk_seg_104.wav,bdNJgUYeYPk,104,normal_speech,clean_pool,7a2460b01f5556e4edcb09ec0965c4a117e06e27480eb9712371bd8c581f6ebe,16000,1,2,48000,3.0,-24.7,0.29,0.0
bdNJgUYeYPk_seg_105.wav,data/interim/segmented_clean_relaxed/normal_speech/bdNJgUYeYPk_seg_105.wav,bdNJgUYeYPk,105,normal_speech,clean_pool,6c181cc290893acd1170400dd61945ea5641677eef5cadd28009d34c84a1a407,16000,1,2,48000,3.0,-26.61,0.3079,0.0
bdNJgUYeYPk_seg_106.wav,data/interim/segmented_clean_relaxed/normal_speech/bdNJgUYeYPk_seg_106.wav,bdNJgUYeYPk,106,normal_speech,clean_pool,e5d7108a23645d7057f51604e821e462bd5e65bcc944e3e4ccda84e633aa5ab0,16000,1,2,48000,3.0,-28.14,0.4547,0.0
bdNJgUYeYPk_seg_107.wav,data/interim/segmented_clean_relaxed/normal_speech/bdNJgUYeYPk_seg_107.wav,bdNJgUYeYPk,107,normal_speech,clean_pool,ecae1c3ab20ff659495de0d9f54c5123804aceaee04d94340970f2aa70a80cd5,16000,1,2,48000,3.0,-28.46,0.3457,0.0
bdNJgUYeYPk_seg_108.wav,data/interim/segmented_clean_relaxed/normal_speech/bdNJgUYeYPk_seg_108.wav,bdNJgUYeYPk,108,normal_speech,clean_pool,949c0040db639d24c7322f79f6a049944efbbe8f74ce50cad91c550fe2520cc4,16000,1,2,48000,3.0,-28.84,0.3438,0.0
bdNJgUYeYPk_seg_109.wav,data/interim/segmented_clean_relaxed/normal_speech/bdNJgUYeYPk_seg_109.wav,bdNJgUYeYPk,109,normal_speech,clean_pool,58a3faf0bf2207e15e6284b12355116b8f936ebd1c2d551faec4af405daaf0ec,16000,1,2,48000,3.0,-27.85,0.4266,0.0
bdNJgUYeYPk_seg_110.wav,data/interim/segmented_clean_relaxed/normal_speech/bdNJgUYeYPk_seg_110.wav,bdNJgUYeYPk,110,normal_speech,clean_pool,97e146d6e98ae071549dee52b30f1b9b64af4b726fbf881380bd9014d10645cf,16000,1,2,48000,3.0,-28.19,0.3924,0.0
bdNJgUYeYPk_seg_111.wav,data/interim/segmented_clean_relaxed/normal_speech/bdNJgUYeYPk_seg_111.wav,bdNJgUYeYPk,111,normal_speech,clean_pool,5cdbc17feb282a4ff54f1720e583bb88a2e6a8aceb3fcf31c7cce06831f02d98,16000,1,2,48000,3.0,-26.61,0.3483,0.0
bdNJgUYeYPk_seg_112.wav,data/interim/segmented_clean_relaxed/normal_speech/bdNJgUYeYPk_seg_112.wav,bdNJgUYeYPk,112,normal_speech,clean_pool,22d8d9fe7ac1e4576e5b7a7bb4edbe0c84a192123bce6eb3b76807301faf6e25,16000,1,2,48000,3.0,-31.62,0.7385,0.0
bdNJgUYeYPk_seg_113.wav,data/interim/segmented_clean_relaxed/normal_speech/bdNJgUYeYPk_seg_113.wav,bdNJgUYeYPk,113,normal_speech,clean_pool,114bc10eb750c18acebd0ec957cc5381fc9cd69a3f9c1e31e93d65e28a76df3b,16000,1,2,48000,3.0,-27.68,0.5287,0.0
bdNJgUYeYPk_seg_114.wav,data/interim/segmented_clean_relaxed/normal_speech/bdNJgUYeYPk_seg_114.wav,bdNJgUYeYPk,114,normal_speech,clean_pool,8c4afdf9f981af8f14a74881c72465e85eef166bbfc3910b0c70b41e1a18a8e3,16000,1,2,48000,3.0,-31.94,0.6493,0.0
bdNJgUYeYPk_seg_115.wav,data/interim/segmented_clean_relaxed/normal_speech/bdNJgUYeYPk_seg_115.wav,bdNJgUYeYPk,115,normal_speech,clean_pool,f9309b9ce7bb5ff16a78b960f6ea7ffa65b7b93b16d8bee3b53b06ceb1b3cfc2,16000,1,2,48000,3.0,-28.96,0.5779,0.0
bdNJgUYeYPk_seg_116.wav,data/interim/segmented_clean_relaxed/normal_speech/bdNJgUYeYPk_seg_116.wav,bdNJgUYeYPk,116,normal_speech,clean_pool,cadb35decdcbec6b000e38c2aaa097f647de29aec46cf8dc38739d7ded096860,16000,1,2,37664,2.354,-21.24,0.3345,0.0
cTMl1IUj8Lw_seg_000.wav,data/interim/segmented_clean_relaxed/normal_speech/cTMl1IUj8Lw_seg_000.wav,cTMl1IUj8Lw,000,normal_speech,clean_pool,d88431612130a8ba6cb96d79d2a5b5b4e270f29159cf286ab4b9364fd2f056e8,16000,1,2,48000,3.0,-21.73,0.1592,0.0
cTMl1IUj8Lw_seg_001.wav,data/interim/segmented_clean_relaxed/normal_speech/cTMl1IUj8Lw_seg_001.wav,cTMl1IUj8Lw,001,normal_speech,clean_pool,7493c2d49d584c5d11159b5dbb4a3edf822d263b0fce7a2e49d8ec77fca15a18,16000,1,2,48000,3.0,-21.7,0.2244,0.0
cTMl1IUj8Lw_seg_002.wav,data/interim/segmented_clean_relaxed/normal_speech/cTMl1IUj8Lw_seg_002.wav,cTMl1IUj8Lw,002,normal_speech,clean_pool,9cb49bc4af3411a6083c476e19feef4ca3fcb3c817dcd4766365b3fb644e0529,16000,1,2,48000,3.0,-18.44,0.1316,0.0
cTMl1IUj8Lw_seg_003.wav,data/interim/segmented_clean_relaxed/normal_speech/cTMl1IUj8Lw_seg_003.wav,cTMl1IUj8Lw,003,normal_speech,clean_pool,a69c04efe71972c87f916c4ecc99d410b6cd10dc723a937364623f4b1fb0aec1,16000,1,2,48000,3.0,-18.95,0.179,0.0
cTMl1IUj8Lw_seg_004.wav,data/interim/segmented_clean_relaxed/normal_speech/cTMl1IUj8Lw_seg_004.wav,cTMl1IUj8Lw,004,normal_speech,clean_pool,4871a908bcc2b8af24b52a329953387e0e703c77a213462067011c95b311c59a,16000,1,2,48000,3.0,-22.74,0.3216,0.0
cTMl1IUj8Lw_seg_005.wav,data/interim/segmented_clean_relaxed/normal_speech/cTMl1IUj8Lw_seg_005.wav,cTMl1IUj8Lw,005,normal_speech,clean_pool,4cd354167840f7858fecd7814aa83b0212bbd9665bb6c6c510db8104e83fc27d,16000,1,2,48000,3.0,-22.69,0.281,0.0
cTMl1IUj8Lw_seg_006.wav,data/interim/segmented_clean_relaxed/normal_speech/cTMl1IUj8Lw_seg_006.wav,cTMl1IUj8Lw,006,normal_speech,clean_pool,2fc850d1484a43f4e5a4f6f352bddfcf270238abaf7507784d0992d965890040,16000,1,2,48000,3.0,-23.52,0.2287,0.0
cTMl1IUj8Lw_seg_007.wav,data/interim/segmented_clean_relaxed/normal_speech/cTMl1IUj8Lw_seg_007.wav,cTMl1IUj8Lw,007,normal_speech,clean_pool,dfd30534bf0faeb977f1dd76d9f8e1e6ba27c9fc33597e417693dfed284c557d,16000,1,2,48000,3.0,-23.62,0.3177,0.0
cTMl1IUj8Lw_seg_008.wav,data/interim/segmented_clean_relaxed/normal_speech/cTMl1IUj8Lw_seg_008.wav,cTMl1IUj8Lw,008,normal_speech,clean_pool,2ee2ca7e37518fe3bd518c6762a758de0287a42949ec6372827cb5a5858a619d,16000,1,2,48000,3.0,-22.91,0.1674,0.0
cTMl1IUj8Lw_seg_009.wav,data/interim/segmented_clean_relaxed/normal_speech/cTMl1IUj8Lw_seg_009.wav,cTMl1IUj8Lw,009,normal_speech,clean_pool,3fe73f4c5741ef09dc12b3971bea0ee5dd782fe605df8a1f627e6bcce6501779,16000,1,2,48000,3.0,-25.64,0.2798,0.0
cTMl1IUj8Lw_seg_010.wav,data/interim/segmented_clean_relaxed/normal_speech/cTMl1IUj8Lw_seg_010.wav,cTMl1IUj8Lw,010,normal_speech,clean_pool,1843f62cfdd16282f8e95eb3808d02f45902a57222d0be59ab37826fac07cbd7,16000,1,2,48000,3.0,-23.27,0.2341,0.0
cTMl1IUj8Lw_seg_011.wav,data/interim/segmented_clean_relaxed/normal_speech/cTMl1IUj8Lw_seg_011.wav,cTMl1IUj8Lw,011,normal_speech,clean_pool,c13d7ee99c26f5316711e2d839e3d607611a486791a7d48a2d1892355adb9cc1,16000,1,2,48000,3.0,-23.26,0.2138,0.0
cTMl1IUj8Lw_seg_012.wav,data/interim/segmented_clean_relaxed/normal_speech/cTMl1IUj8Lw_seg_012.wav,cTMl1IUj8Lw,012,normal_speech,clean_pool,47b0df7c896f68d60b61415c24074134a273a2e2858968c7bbbdb14ddbb2d631,16000,1,2,48000,3.0,-21.04,0.1929,0.0
cTMl1IUj8Lw_seg_013.wav,data/interim/segmented_clean_relaxed/normal_speech/cTMl1IUj8Lw_seg_013.wav,cTMl1IUj8Lw,013,normal_speech,clean_pool,65bf4281e150a8e1deb5ffdd1ccd8d431a6708c2f7dd8d4d969d9ab0b0152c19,16000,1,2,48000,3.0,-24.03,0.3281,0.0
cTMl1IUj8Lw_seg_014.wav,data/interim/segmented_clean_relaxed/normal_speech/cTMl1IUj8Lw_seg_014.wav,cTMl1IUj8Lw,014,normal_speech,clean_pool,c149db68a91450b2232bf99f9214a2ae6ea6171c4b5d6a9fca58e155c8dff9a5,16000,1,2,48000,3.0,-29.56,0.3696,0.0
cTMl1IUj8Lw_seg_015.wav,data/interim/segmented_clean_relaxed/normal_speech/cTMl1IUj8Lw_seg_015.wav,cTMl1IUj8Lw,015,normal_speech,clean_pool,ec80361fbc386b80bea8760333940dc888f9dee48becf5f9270203b1d4fbde5a,16000,1,2,48000,3.0,-23.15,0.2901,0.0
cTMl1IUj8Lw_seg_016.wav,data/interim/segmented_clean_relaxed/normal_speech/cTMl1IUj8Lw_seg_016.wav,cTMl1IUj8Lw,016,normal_speech,clean_pool,0a00910858bc03f10f283d694484bef44d85b9f19f60fca6f4d224b1d4e8c1fb,16000,1,2,48000,3.0,-26.95,0.2666,0.0
cTMl1IUj8Lw_seg_017.wav,data/interim/segmented_clean_relaxed/normal_speech/cTMl1IUj8Lw_seg_017.wav,cTMl1IUj8Lw,017,normal_speech,clean_pool,87708341971c11a59acc5f827182ca1e39509269d63a3c158dcd5e7dc1434c84,16000,1,2,48000,3.0,-24.12,0.2913,0.0
cTMl1IUj8Lw_seg_018.wav,data/interim/segmented_clean_relaxed/normal_speech/cTMl1IUj8Lw_seg_018.wav,cTMl1IUj8Lw,018,normal_speech,clean_pool,52bbe7f8609e03566eabc159bf47c2385e7ef77f87769b21469df69c5ad1d88f,16000,1,2,48000,3.0,-27.22,0.3266,0.0
cTMl1IUj8Lw_seg_019.wav,data/interim/segmented_clean_relaxed/normal_speech/cTMl1IUj8Lw_seg_019.wav,cTMl1IUj8Lw,019,normal_speech,clean_pool,76d8d60a2e4d594d78e73c02d46f27cd6d0cc8d44a7e298d336a90cc61b68346,16000,1,2,48000,3.0,-23.9,0.2802,0.0
cTMl1IUj8Lw_seg_020.wav,data/interim/segmented_clean_relaxed/normal_speech/cTMl1IUj8Lw_seg_020.wav,cTMl1IUj8Lw,020,normal_speech,clean_pool,1244d4e2fea49d7ab9045116501863a085b9e3ba52216a65b8aac34ea07f2592,16000,1,2,48000,3.0,-27.53,0.3315,0.0
cTMl1IUj8Lw_seg_021.wav,data/interim/segmented_clean_relaxed/normal_speech/cTMl1IUj8Lw_seg_021.wav,cTMl1IUj8Lw,021,normal_speech,clean_pool,c0b39fabc5ce9de2128c7e118744db802fc708126ba2058f8d28313a5ea326fa,16000,1,2,48000,3.0,-28.25,0.2744,0.0
cTMl1IUj8Lw_seg_022.wav,data/interim/segmented_clean_relaxed/normal_speech/cTMl1IUj8Lw_seg_022.wav,cTMl1IUj8Lw,022,normal_speech,clean_pool,d49ee1112de547dd6b86b4a7d5b9a4107bbe830df2a2e5a5cb308262976fa781,16000,1,2,48000,3.0,-27.06,0.2516,0.0
cTMl1IUj8Lw_seg_023.wav,data/interim/segmented_clean_relaxed/normal_speech/cTMl1IUj8Lw_seg_023.wav,cTMl1IUj8Lw,023,normal_speech,clean_pool,1b2c475b6636b053d01ad27e2b6982e7b41429352aa86b15f9544c9d98acbe92,16000,1,2,48000,3.0,-26.77,0.3425,0.0
cTMl1IUj8Lw_seg_024.wav,data/interim/segmented_clean_relaxed/normal_speech/cTMl1IUj8Lw_seg_024.wav,cTMl1IUj8Lw,024,normal_speech,clean_pool,cbf6df803365521b12e868754929f9631f3a335ed28d0e0a2e3dd6a74889e312,16000,1,2,48000,3.0,-28.96,0.312,0.0
cTMl1IUj8Lw_seg_025.wav,data/interim/segmented_clean_relaxed/normal_speech/cTMl1IUj8Lw_seg_025.wav,cTMl1IUj8Lw,025,normal_speech,clean_pool,910dba806fe5bef0bda9dcee3d5b2e3f7f134d6ddbc6e2cb62b1c490870901fa,16000,1,2,48000,3.0,-30.93,0.4663,0.0
cTMl1IUj8Lw_seg_026.wav,data/interim/segmented_clean_relaxed/normal_speech/cTMl1IUj8Lw_seg_026.wav,cTMl1IUj8Lw,026,normal_speech,clean_pool,ebade27ac0949984809b669844c41bf92b19e1736d00a2de9462cc4d4c4b5ec1,16000,1,2,48000,3.0,-21.62,0.1754,0.0
cTMl1IUj8Lw_seg_027.wav,data/interim/segmented_clean_relaxed/normal_speech/cTMl1IUj8Lw_seg_027.wav,cTMl1IUj8Lw,027,normal_speech,clean_pool,998159eea0ff0aaf69506b168571c141ef65c28fc6d415b2dfa7b5a37136c8a5,16000,1,2,48000,3.0,-28.44,0.2569,0.0
cTMl1IUj8Lw_seg_028.wav,data/interim/segmented_clean_relaxed/normal_speech/cTMl1IUj8Lw_seg_028.wav,cTMl1IUj8Lw,028,normal_speech,clean_pool,c34b5138e03c1f729615ca7d668ba23a11e9103ff90667e87820409783b9fcdd,16000,1,2,48000,3.0,-26.65,0.3805,0.0
cTMl1IUj8Lw_seg_029.wav,data/interim/segmented_clean_relaxed/normal_speech/cTMl1IUj8Lw_seg_029.wav,cTMl1IUj8Lw,029,normal_speech,clean_pool,47a82e85c3ae3d4849f4e3b66b844086f88dd09214fb12d2c028e143158312c0,16000,1,2,48000,3.0,-32.35,0.4464,0.0
cTMl1IUj8Lw_seg_030.wav,data/interim/segmented_clean_relaxed/normal_speech/cTMl1IUj8Lw_seg_030.wav,cTMl1IUj8Lw,030,normal_speech,clean_pool,270d0223d5812e1d959af3e2fc8e29fce9d85eac7b32e35a9b1c34eb8fb3850f,16000,1,2,48000,3.0,-23.17,0.375,0.0
cTMl1IUj8Lw_seg_031.wav,data/interim/segmented_clean_relaxed/normal_speech/cTMl1IUj8Lw_seg_031.wav,cTMl1IUj8Lw,031,normal_speech,clean_pool,43be0730ccee7321097f1612d736296261fda58065e75607d7fcfb68e5b68051,16000,1,2,48000,3.0,-26.69,0.303,0.0
cTMl1IUj8Lw_seg_032.wav,data/interim/segmented_clean_relaxed/normal_speech/cTMl1IUj8Lw_seg_032.wav,cTMl1IUj8Lw,032,normal_speech,clean_pool,8127fb56b04d97351affb3c6e98e90abe95859b84c857839737644a7ef32a754,16000,1,2,48000,3.0,-30.92,0.6147,0.0
cTMl1IUj8Lw_seg_033.wav,data/interim/segmented_clean_relaxed/normal_speech/cTMl1IUj8Lw_seg_033.wav,cTMl1IUj8Lw,033,normal_speech,clean_pool,cb62fdc68d48ce3ab5fdd7bf8b07790ff443aa7597c4556e012434c2c3981895,16000,1,2,48000,3.0,-24.67,0.2077,0.0
cTMl1IUj8Lw_seg_034.wav,data/interim/segmented_clean_relaxed/normal_speech/cTMl1IUj8Lw_seg_034.wav,cTMl1IUj8Lw,034,normal_speech,clean_pool,f160d0dfa83b170de1b45f3980ac0778f8584b2bec22d2d83410e15ab01ad96b,16000,1,2,48000,3.0,-28.32,0.2825,0.0
cTMl1IUj8Lw_seg_035.wav,data/interim/segmented_clean_relaxed/normal_speech/cTMl1IUj8Lw_seg_035.wav,cTMl1IUj8Lw,035,normal_speech,clean_pool,c25a6275b00bfcc5088f1558aa82d7aa31ba4842786a87de97ba20f48d2d07da,16000,1,2,48000,3.0,-27.11,0.3338,0.0
cTMl1IUj8Lw_seg_036.wav,data/interim/segmented_clean_relaxed/normal_speech/cTMl1IUj8Lw_seg_036.wav,cTMl1IUj8Lw,036,normal_speech,clean_pool,16f72c7bb8b80400c1a51a7aea83c6feabdc6ed137df5640814eb5820d01936b,16000,1,2,48000,3.0,-26.75,0.3059,0.0
cTMl1IUj8Lw_seg_037.wav,data/interim/segmented_clean_relaxed/normal_speech/cTMl1IUj8Lw_seg_037.wav,cTMl1IUj8Lw,037,normal_speech,clean_pool,95b3ae2ccad48fa418ef0b24005396d24157649a6eb6daf139d3a5db7c697ebb,16000,1,2,48000,3.0,-29.07,0.3523,0.0
cTMl1IUj8Lw_seg_038.wav,data/interim/segmented_clean_relaxed/normal_speech/cTMl1IUj8Lw_seg_038.wav,cTMl1IUj8Lw,038,normal_speech,clean_pool,319e332f694156515fdfbaf567c91a2c47f900fa8686b59410da9ac25f5b874c,16000,1,2,48000,3.0,-28.36,0.3464,0.0
cTMl1IUj8Lw_seg_039.wav,data/interim/segmented_clean_relaxed/normal_speech/cTMl1IUj8Lw_seg_039.wav,cTMl1IUj8Lw,039,normal_speech,clean_pool,b4ced7e904ae1581d97eedd66280f7daae0aad948e6a1e9f0541d567156a87e8,16000,1,2,48000,3.0,-25.49,0.3602,0.0
cTMl1IUj8Lw_seg_040.wav,data/interim/segmented_clean_relaxed/normal_speech/cTMl1IUj8Lw_seg_040.wav,cTMl1IUj8Lw,040,normal_speech,clean_pool,a5f25c15a8765530a44266b825234962466424ebe68ed398f3ba94c59d9bd0da,16000,1,2,48000,3.0,-27.14,0.4012,0.0
cTMl1IUj8Lw_seg_041.wav,data/interim/segmented_clean_relaxed/normal_speech/cTMl1IUj8Lw_seg_041.wav,cTMl1IUj8Lw,041,normal_speech,clean_pool,d7d12a4068adcde5e345d8816c3b4bdb11d46e1ec1f4254dd0900a98141fcbb2,16000,1,2,48000,3.0,-25.94,0.1817,0.0
cTMl1IUj8Lw_seg_042.wav,data/interim/segmented_clean_relaxed/normal_speech/cTMl1IUj8Lw_seg_042.wav,cTMl1IUj8Lw,042,normal_speech,clean_pool,fb5f73bdd28628daf61d9bb1c9ea52056ab91dfd3e90d9bcc8e5472127d7be24,16000,1,2,48000,3.0,-25.83,0.2851,0.0
cTMl1IUj8Lw_seg_043.wav,data/interim/segmented_clean_relaxed/normal_speech/cTMl1IUj8Lw_seg_043.wav,cTMl1IUj8Lw,043,normal_speech,clean_pool,0434af9e264dfdbae771fb4485fe5c110739bb4d98772b1512a489d4610745d0,16000,1,2,48000,3.0,-26.38,0.2313,0.0
cTMl1IUj8Lw_seg_044.wav,data/interim/segmented_clean_relaxed/normal_speech/cTMl1IUj8Lw_seg_044.wav,cTMl1IUj8Lw,044,normal_speech,clean_pool,f74b90e5f2b63397f268f7d79a14c05e05de18d16b828d2c72f041c40b5fc07c,16000,1,2,48000,3.0,-23.55,0.2326,0.0
cTMl1IUj8Lw_seg_045.wav,data/interim/segmented_clean_relaxed/normal_speech/cTMl1IUj8Lw_seg_045.wav,cTMl1IUj8Lw,045,normal_speech,clean_pool,69c19a8da04e6bb12e0b268cd5f282a3f7b966f1671a2be1ed2bf1fa256d7e6b,16000,1,2,48000,3.0,-23.5,0.2454,0.0
cTMl1IUj8Lw_seg_046.wav,data/interim/segmented_clean_relaxed/normal_speech/cTMl1IUj8Lw_seg_046.wav,cTMl1IUj8Lw,046,normal_speech,clean_pool,3136c9b066e52b3c7703684b55f2669afa814e3b426db2e3a30d24b301394076,16000,1,2,48000,3.0,-23.32,0.2661,0.0
cTMl1IUj8Lw_seg_047.wav,data/interim/segmented_clean_relaxed/normal_speech/cTMl1IUj8Lw_seg_047.wav,cTMl1IUj8Lw,047,normal_speech,clean_pool,20215118304cb7c19b066e5735325ac2b1d96be09443a937dd50f7e0e79764a8,16000,1,2,48000,3.0,-24.16,0.2497,0.0
cTMl1IUj8Lw_seg_048.wav,data/interim/segmented_clean_relaxed/normal_speech/cTMl1IUj8Lw_seg_048.wav,cTMl1IUj8Lw,048,normal_speech,clean_pool,a50b8a7de8ccd53d17b2bd34cf8ecec571a7fadc30169f27624309659abbd49b,16000,1,2,48000,3.0,-30.8,0.4073,0.0
cTMl1IUj8Lw_seg_049.wav,data/interim/segmented_clean_relaxed/normal_speech/cTMl1IUj8Lw_seg_049.wav,cTMl1IUj8Lw,049,normal_speech,clean_pool,16acf6ec1aa8bfdd12d915c60f25aac942cb08259fd02a796a625c42c5c81c9b,16000,1,2,48000,3.0,-22.3,0.1947,0.0
cTMl1IUj8Lw_seg_050.wav,data/interim/segmented_clean_relaxed/normal_speech/cTMl1IUj8Lw_seg_050.wav,cTMl1IUj8Lw,050,normal_speech,clean_pool,8043f14390f2cb9f40fe7e827ace95b1ba4e28c9e7348f0dfe19afd14e795535,16000,1,2,48000,3.0,-24.28,0.2781,0.0
cTMl1IUj8Lw_seg_051.wav,data/interim/segmented_clean_relaxed/normal_speech/cTMl1IUj8Lw_seg_051.wav,cTMl1IUj8Lw,051,normal_speech,clean_pool,c56cacefc594f389c93f96acbd8deaabdd7ab971405b75a42afa32fcc13eef78,16000,1,2,48000,3.0,-28.42,0.2135,0.0
cTMl1IUj8Lw_seg_052.wav,data/interim/segmented_clean_relaxed/normal_speech/cTMl1IUj8Lw_seg_052.wav,cTMl1IUj8Lw,052,normal_speech,clean_pool,dede72414d8a399eca31616f3430dcc87d09f3a143a6865277cda0f60181b9a0,16000,1,2,48000,3.0,-26.26,0.3073,0.0
cTMl1IUj8Lw_seg_053.wav,data/interim/segmented_clean_relaxed/normal_speech/cTMl1IUj8Lw_seg_053.wav,cTMl1IUj8Lw,053,normal_speech,clean_pool,acf89613b2f5280abeb717c3684302502abbe6259ff51b91fa4ac32e1c98ae63,16000,1,2,48000,3.0,-22.23,0.2474,0.0
cTMl1IUj8Lw_seg_054.wav,data/interim/segmented_clean_relaxed/normal_speech/cTMl1IUj8Lw_seg_054.wav,cTMl1IUj8Lw,054,normal_speech,clean_pool,5e5181422a3655b4209feae372bde99457db810359271dfa1f8fbfef3859135a,16000,1,2,48000,3.0,-27.01,0.2956,0.0
cTMl1IUj8Lw_seg_055.wav,data/interim/segmented_clean_relaxed/normal_speech/cTMl1IUj8Lw_seg_055.wav,cTMl1IUj8Lw,055,normal_speech,clean_pool,f3032a106ec97750486bcd60db61e2e0801411610c87865f6c57cf73744f9fb8,16000,1,2,48000,3.0,-29.82,0.5445,0.0
cTMl1IUj8Lw_seg_056.wav,data/interim/segmented_clean_relaxed/normal_speech/cTMl1IUj8Lw_seg_056.wav,cTMl1IUj8Lw,056,normal_speech,clean_pool,b680e41aca5869e01543e125119481476d2dbbe824d84671cb722a7727687289,16000,1,2,48000,3.0,-22.55,0.1804,0.0
cTMl1IUj8Lw_seg_057.wav,data/interim/segmented_clean_relaxed/normal_speech/cTMl1IUj8Lw_seg_057.wav,cTMl1IUj8Lw,057,normal_speech,clean_pool,0b24ee702ce9cf365664291131a301a93023da4dd5e662f37544e28242150f94,16000,1,2,48000,3.0,-22.58,0.2715,0.0
cTMl1IUj8Lw_seg_058.wav,data/interim/segmented_clean_relaxed/normal_speech/cTMl1IUj8Lw_seg_058.wav,cTMl1IUj8Lw,058,normal_speech,clean_pool,9b0c55eb98e72895ea09ccefc3a0cb9a55a23b90422db7a3c53107215cb504cc,16000,1,2,48000,3.0,-23.25,0.271,0.0
cTMl1IUj8Lw_seg_059.wav,data/interim/segmented_clean_relaxed/normal_speech/cTMl1IUj8Lw_seg_059.wav,cTMl1IUj8Lw,059,normal_speech,clean_pool,62dd9c2490c95213aa0ccda1d2046fedc6db4f99126c8edf3e7a2f9f9fbbc26d,16000,1,2,48000,3.0,-25.02,0.337,0.0
cTMl1IUj8Lw_seg_060.wav,data/interim/segmented_clean_relaxed/normal_speech/cTMl1IUj8Lw_seg_060.wav,cTMl1IUj8Lw,060,normal_speech,clean_pool,57ae87c67c0330f02d836cac932a2e265ec240ef9dd5e7d95cba6a607db65056,16000,1,2,48000,3.0,-25.54,0.311,0.0
cTMl1IUj8Lw_seg_061.wav,data/interim/segmented_clean_relaxed/normal_speech/cTMl1IUj8Lw_seg_061.wav,cTMl1IUj8Lw,061,normal_speech,clean_pool,6121a64f0fe80e4c52db036b4c4f275b37cf44fcf50fff1779d0316a2c62001d,16000,1,2,48000,3.0,-25.12,0.2593,0.0
cTMl1IUj8Lw_seg_062.wav,data/interim/segmented_clean_relaxed/normal_speech/cTMl1IUj8Lw_seg_062.wav,cTMl1IUj8Lw,062,normal_speech,clean_pool,217fd8715171f165fd1c14a878e0a09a613e7528e2fbc0cf3be244894583c2fb,16000,1,2,48000,3.0,-22.81,0.3362,0.0
cTMl1IUj8Lw_seg_063.wav,data/interim/segmented_clean_relaxed/normal_speech/cTMl1IUj8Lw_seg_063.wav,cTMl1IUj8Lw,063,normal_speech,clean_pool,1aacc88fb266dec574facb678afba82afe2b0d08ebd58f1c161dd4b1ada8cd5c,16000,1,2,48000,3.0,-24.53,0.2203,0.0
cTMl1IUj8Lw_seg_064.wav,data/interim/segmented_clean_relaxed/normal_speech/cTMl1IUj8Lw_seg_064.wav,cTMl1IUj8Lw,064,normal_speech,clean_pool,a2f2f0571f75cb20900604c2d43edccff465009c2d74a69cf451fa586f9c4c72,16000,1,2,48000,3.0,-23.06,0.2864,0.0
cTMl1IUj8Lw_seg_065.wav,data/interim/segmented_clean_relaxed/normal_speech/cTMl1IUj8Lw_seg_065.wav,cTMl1IUj8Lw,065,normal_speech,clean_pool,bd49d36c36c9cdfe1daa666514994662ba6afb4b3dafb0da195e54dd49a03ead,16000,1,2,48000,3.0,-25.94,0.2791,0.0
cTMl1IUj8Lw_seg_066.wav,data/interim/segmented_clean_relaxed/normal_speech/cTMl1IUj8Lw_seg_066.wav,cTMl1IUj8Lw,066,normal_speech,clean_pool,d1144b26c4ce20d6bf81597648f234955d5aa6322d6a38c6a6898b418b962264,16000,1,2,48000,3.0,-35.06,0.5026,0.0
cTMl1IUj8Lw_seg_067.wav,data/interim/segmented_clean_relaxed/normal_speech/cTMl1IUj8Lw_seg_067.wav,cTMl1IUj8Lw,067,normal_speech,clean_pool,27ac23a2809a1bc483c474323a5db0f108e418dff2d51f163c79087987af51d4,16000,1,2,48000,3.0,-22.62,0.2964,0.0
cTMl1IUj8Lw_seg_068.wav,data/interim/segmented_clean_relaxed/normal_speech/cTMl1IUj8Lw_seg_068.wav,cTMl1IUj8Lw,068,normal_speech,clean_pool,fdaff4cabf87b50d7fba2d24f6ef5227887d5c195e50618f7434c34fe0f9e5d5,16000,1,2,48000,3.0,-22.7,0.2886,0.0
cTMl1IUj8Lw_seg_069.wav,data/interim/segmented_clean_relaxed/normal_speech/cTMl1IUj8Lw_seg_069.wav,cTMl1IUj8Lw,069,normal_speech,clean_pool,ee416dc42c8479e11c8e6f782c25063a91524aff3fd193d17510b6871225e1c1,16000,1,2,48000,3.0,-24.62,0.248,0.0
cTMl1IUj8Lw_seg_070.wav,data/interim/segmented_clean_relaxed/normal_speech/cTMl1IUj8Lw_seg_070.wav,cTMl1IUj8Lw,070,normal_speech,clean_pool,dd16b803b2fd958066b89022706121f2cdbf1e68baee9908270d72fc379ee3b5,16000,1,2,48000,3.0,-24.03,0.3072,0.0
cTMl1IUj8Lw_seg_071.wav,data/interim/segmented_clean_relaxed/normal_speech/cTMl1IUj8Lw_seg_071.wav,cTMl1IUj8Lw,071,normal_speech,clean_pool,e52502cc27f07d0416ed07163545e09258ba9a691aedd3ac6ed8cb38838c8563,16000,1,2,48000,3.0,-23.98,0.2781,0.0
cTMl1IUj8Lw_seg_072.wav,data/interim/segmented_clean_relaxed/normal_speech/cTMl1IUj8Lw_seg_072.wav,cTMl1IUj8Lw,072,normal_speech,clean_pool,049aa853db195e4619602fad17d1d8fa3b1b7bb69f987ff4457e5014437048c5,16000,1,2,48000,3.0,-26.16,0.3041,0.0
cTMl1IUj8Lw_seg_073.wav,data/interim/segmented_clean_relaxed/normal_speech/cTMl1IUj8Lw_seg_073.wav,cTMl1IUj8Lw,073,normal_speech,clean_pool,baaf38cedc021c87f49b4718f96238d7476f2c0da49b9fb295fedf53e0d9c888,16000,1,2,48000,3.0,-25.56,0.3099,0.0
cTMl1IUj8Lw_seg_074.wav,data/interim/segmented_clean_relaxed/normal_speech/cTMl1IUj8Lw_seg_074.wav,cTMl1IUj8Lw,074,normal_speech,clean_pool,a9aa0a6f4dc060563617e7824658c9f7e404105cc9592bef565ad92b320221c5,16000,1,2,48000,3.0,-26.55,0.302,0.0
cTMl1IUj8Lw_seg_075.wav,data/interim/segmented_clean_relaxed/normal_speech/cTMl1IUj8Lw_seg_075.wav,cTMl1IUj8Lw,075,normal_speech,clean_pool,a1b84cadd454ee68405ab591632eef31909a140db0eead50a7bcde1d839340b9,16000,1,2,48000,3.0,-32.2,0.4118,0.0
cTMl1IUj8Lw_seg_076.wav,data/interim/segmented_clean_relaxed/normal_speech/cTMl1IUj8Lw_seg_076.wav,cTMl1IUj8Lw,076,normal_speech,clean_pool,38e1bc29424c71441b28fe4557704c9d73ab217bfb12105fe34286fe07f2a317,16000,1,2,48000,3.0,-25.98,0.245,0.0
cTMl1IUj8Lw_seg_077.wav,data/interim/segmented_clean_relaxed/normal_speech/cTMl1IUj8Lw_seg_077.wav,cTMl1IUj8Lw,077,normal_speech,clean_pool,4c5df73805cafe9d157123698ece3cd01414280740637e1a99bb0f9d68938722,16000,1,2,48000,3.0,-24.68,0.3098,0.0
cTMl1IUj8Lw_seg_078.wav,data/interim/segmented_clean_relaxed/normal_speech/cTMl1IUj8Lw_seg_078.wav,cTMl1IUj8Lw,078,normal_speech,clean_pool,2ae3af01bd2b388216ae497a1fcf879143a2e096f11c8c7b7500e7d5ee939a4c,16000,1,2,48000,3.0,-29.97,0.2737,0.0
cTMl1IUj8Lw_seg_079.wav,data/interim/segmented_clean_relaxed/normal_speech/cTMl1IUj8Lw_seg_079.wav,cTMl1IUj8Lw,079,normal_speech,clean_pool,67fccc9792e34fb8724b97198f39c634fea7298089904364af0e7bcf0ac47c78,16000,1,2,48000,3.0,-15.0,0.0348,0.0
cTMl1IUj8Lw_seg_080.wav,data/interim/segmented_clean_relaxed/normal_speech/cTMl1IUj8Lw_seg_080.wav,cTMl1IUj8Lw,080,normal_speech,clean_pool,510b007d02dbc12a1a20b992e3f3458c67c52cdc10ab630deb16c9d117072b9d,16000,1,2,26704,1.669,-23.13,0.113,0.0
hNZy603as5w_seg_000.wav,data/interim/segmented_clean_relaxed/normal_speech/hNZy603as5w_seg_000.wav,hNZy603as5w,000,normal_speech,clean_pool,a603b78c20374f46cd638356a661b017e41de22a5187af25ef8a0ddfd569520d,16000,1,2,48000,3.0,-16.72,0.0803,8.3e-05
hNZy603as5w_seg_001.wav,data/interim/segmented_clean_relaxed/normal_speech/hNZy603as5w_seg_001.wav,hNZy603as5w,001,normal_speech,clean_pool,9016811c5a08585dc1ece86c06e043e7ea13ab2e3acc59b3a8ca63851d48d230,16000,1,2,48000,3.0,-18.67,0.0691,2.1e-05
hNZy603as5w_seg_002.wav,data/interim/segmented_clean_relaxed/normal_speech/hNZy603as5w_seg_002.wav,hNZy603as5w,002,normal_speech,clean_pool,f226f0ae450458ff1fe3a5bdbb9d2e015cf4d611d947e577e0d40fa3523a2e80,16000,1,2,48000,3.0,-18.56,0.0651,0.0
hNZy603as5w_seg_003.wav,data/interim/segmented_clean_relaxed/normal_speech/hNZy603as5w_seg_003.wav,hNZy603as5w,003,normal_speech,clean_pool,2732310ca9c8c7a6819b6453f1b6df37de2ce9c5cf97b5c8b85014b033d9a3b9,16000,1,2,48000,3.0,-18.83,0.0959,0.0
hNZy603as5w_seg_004.wav,data/interim/segmented_clean_relaxed/normal_speech/hNZy603as5w_seg_004.wav,hNZy603as5w,004,normal_speech,clean_pool,fb0fc0e55f1f49faa38959fb2922b4c4b823f638a8b0928e963267f41e542289,16000,1,2,48000,3.0,-19.87,0.1007,0.0
hNZy603as5w_seg_005.wav,data/interim/segmented_clean_relaxed/normal_speech/hNZy603as5w_seg_005.wav,hNZy603as5w,005,normal_speech,clean_pool,1f6e96e9ba11b5c91399269c7065f04c1e2635c31e644dbe14067d6ae14b47ff,16000,1,2,48000,3.0,-16.45,0.0979,2.1e-05
hNZy603as5w_seg_006.wav,data/interim/segmented_clean_relaxed/normal_speech/hNZy603as5w_seg_006.wav,hNZy603as5w,006,normal_speech,clean_pool,d342a75a9654609cc921dc3c4327fb0707f0933b28361470d4fae3dd41d39862,16000,1,2,48000,3.0,-17.06,0.0887,0.000146
hNZy603as5w_seg_007.wav,data/interim/segmented_clean_relaxed/normal_speech/hNZy603as5w_seg_007.wav,hNZy603as5w,007,normal_speech,clean_pool,17c5eabcc5e855c07217714b28b8ed981d07382618839c4828afaa4112ffebca,16000,1,2,48000,3.0,-18.03,0.0945,0.000104
hNZy603as5w_seg_008.wav,data/interim/segmented_clean_relaxed/normal_speech/hNZy603as5w_seg_008.wav,hNZy603as5w,008,normal_speech,clean_pool,756147e8561cd9bae1058422dbed31c0bed50db7ed88256e424c54c8fb981e5a,16000,1,2,48000,3.0,-18.78,0.0614,0.0
hNZy603as5w_seg_009.wav,data/interim/segmented_clean_relaxed/normal_speech/hNZy603as5w_seg_009.wav,hNZy603as5w,009,normal_speech,clean_pool,1a6e1d42475c241423671957ec452b3adf8e12e4b0cab434e761f2c392359b20,16000,1,2,48000,3.0,-18.13,0.0426,0.0
hNZy603as5w_seg_010.wav,data/interim/segmented_clean_relaxed/normal_speech/hNZy603as5w_seg_010.wav,hNZy603as5w,010,normal_speech,clean_pool,a38b26685b99c853cf06d91cc9d0564611ac713e84bebbf297998905dae198ac,16000,1,2,48000,3.0,-19.13,0.054,0.0
hNZy603as5w_seg_011.wav,data/interim/segmented_clean_relaxed/normal_speech/hNZy603as5w_seg_011.wav,hNZy603as5w,011,normal_speech,clean_pool,c76fdc6404c7c39c14c876be9417f6c72e72cfbfaa9ec481c9ff60c0d56bb939,16000,1,2,48000,3.0,-20.06,0.0613,2.1e-05
hNZy603as5w_seg_012.wav,data/interim/segmented_clean_relaxed/normal_speech/hNZy603as5w_seg_012.wav,hNZy603as5w,012,normal_speech,clean_pool,891c74ae164fee7a6501732776cda0c70f82d473511197f13b54d1445ac324b8,16000,1,2,48000,3.0,-18.71,0.0609,0.0
hNZy603as5w_seg_013.wav,data/interim/segmented_clean_relaxed/normal_speech/hNZy603as5w_seg_013.wav,hNZy603as5w,013,normal_speech,clean_pool,f1360f5aa7a387a3c4570aa9ce75511b0d965fde9d20eda67cd6b0a183189a04,16000,1,2,48000,3.0,-18.49,0.1784,0.0
hNZy603as5w_seg_014.wav,data/interim/segmented_clean_relaxed/normal_speech/hNZy603as5w_seg_014.wav,hNZy603as5w,014,normal_speech,clean_pool,2aaca257625eb08a329672178804e5cd53c260fc7b4f7214e9dc8e48fef612c0,16000,1,2,48000,3.0,-18.06,0.1855,0.0
hNZy603as5w_seg_015.wav,data/interim/segmented_clean_relaxed/normal_speech/hNZy603as5w_seg_015.wav,hNZy603as5w,015,normal_speech,clean_pool,6fc8e31b5d9b3f712f19004df0b503314b5d26c80e4e72d45733c826a181c541,16000,1,2,48000,3.0,-18.09,0.2791,0.0
hNZy603as5w_seg_016.wav,data/interim/segmented_clean_relaxed/normal_speech/hNZy603as5w_seg_016.wav,hNZy603as5w,016,normal_speech,clean_pool,917dcfc3918840b5c06ddf3c6086bb07a82155425d30077d65456d0b172b0fd6,16000,1,2,48000,3.0,-17.72,0.169,0.0
hNZy603as5w_seg_017.wav,data/interim/segmented_clean_relaxed/normal_speech/hNZy603as5w_seg_017.wav,hNZy603as5w,017,normal_speech,clean_pool,7b5feb69a2fd09dcb8d2dc6de6138253f1a5b680fb836b0ba0cd562a5c243da8,16000,1,2,48000,3.0,-18.48,0.1496,0.0
hNZy603as5w_seg_018.wav,data/interim/segmented_clean_relaxed/normal_speech/hNZy603as5w_seg_018.wav,hNZy603as5w,018,normal_speech,clean_pool,bc244918c3a44ecdfdae5c2687baadecfcf934ae7180c54ab65580f97d06b197,16000,1,2,48000,3.0,-17.96,0.1442,0.0
hNZy603as5w_seg_019.wav,data/interim/segmented_clean_relaxed/normal_speech/hNZy603as5w_seg_019.wav,hNZy603as5w,019,normal_speech,clean_pool,80e75bd0bff8862def4023e73692943ec9b752c4046c11b8ee895da751dd29b1,16000,1,2,48000,3.0,-18.7,0.2155,0.0
hNZy603as5w_seg_020.wav,data/interim/segmented_clean_relaxed/normal_speech/hNZy603as5w_seg_020.wav,hNZy603as5w,020,normal_speech,clean_pool,c8827f982ec465d230f0fa714f14e7b98c0558765dcf78795dc20c80faefaec2,16000,1,2,48000,3.0,-18.16,0.18,0.0
hNZy603as5w_seg_021.wav,data/interim/segmented_clean_relaxed/normal_speech/hNZy603as5w_seg_021.wav,hNZy603as5w,021,normal_speech,clean_pool,4ed7cec11097b18ffecb06b8bdf841157867fc584738e4c4c80811eabd5fad4d,16000,1,2,48000,3.0,-17.74,0.1129,0.0
hNZy603as5w_seg_022.wav,data/interim/segmented_clean_relaxed/normal_speech/hNZy603as5w_seg_022.wav,hNZy603as5w,022,normal_speech,clean_pool,e164b5f53feee4c6178b94763329283fef7e705422c8bf4fb9c51455683a4c59,16000,1,2,48000,3.0,-16.69,0.1127,8.3e-05
hNZy603as5w_seg_023.wav,data/interim/segmented_clean_relaxed/normal_speech/hNZy603as5w_seg_023.wav,hNZy603as5w,023,normal_speech,clean_pool,4cae0ec797c08914ff083e643b11a6c60f4da4e2b95c1cbcbe3b0dcc14bcd38f,16000,1,2,48000,3.0,-18.25,0.0884,2.1e-05
hNZy603as5w_seg_024.wav,data/interim/segmented_clean_relaxed/normal_speech/hNZy603as5w_seg_024.wav,hNZy603as5w,024,normal_speech,clean_pool,d318d9ff7843671a571d59ca378b3240d0a39cadb8c0e166b328d4421678010a,16000,1,2,48000,3.0,-22.76,0.1006,0.0
hNZy603as5w_seg_025.wav,data/interim/segmented_clean_relaxed/normal_speech/hNZy603as5w_seg_025.wav,hNZy603as5w,025,normal_speech,clean_pool,be4aae0d70db3810ee7f07b70d33fa472bbd2f07d8f5bf0290061b7e4aacb52a,16000,1,2,48000,3.0,-21.8,0.0958,0.0
hNZy603as5w_seg_026.wav,data/interim/segmented_clean_relaxed/normal_speech/hNZy603as5w_seg_026.wav,hNZy603as5w,026,normal_speech,clean_pool,7389dd0dd0224eb4603ace86d738a5c16dab8fc9970bc11e03d1cb34b9f28e7a,16000,1,2,48000,3.0,-23.3,0.1431,0.0
hNZy603as5w_seg_027.wav,data/interim/segmented_clean_relaxed/normal_speech/hNZy603as5w_seg_027.wav,hNZy603as5w,027,normal_speech,clean_pool,a265179fa6574087b95cd7f8ed5d06898eb0ba6d6e2bbf4febe0dc2bd17997ee,16000,1,2,48000,3.0,-20.89,0.1277,0.0
hNZy603as5w_seg_028.wav,data/interim/segmented_clean_relaxed/normal_speech/hNZy603as5w_seg_028.wav,hNZy603as5w,028,normal_speech,clean_pool,9a1d117e7b991938cd9a73758c158bca7c43eaa7c754700e618ec6d936b922e3,16000,1,2,48000,3.0,-18.22,0.1381,0.0
hNZy603as5w_seg_029.wav,data/interim/segmented_clean_relaxed/normal_speech/hNZy603as5w_seg_029.wav,hNZy603as5w,029,normal_speech,clean_pool,721525314582affae873df9c4863ba89ad396af5c3c2d66fbe34bf7a54e42406,16000,1,2,48000,3.0,-19.17,0.0848,0.0
hNZy603as5w_seg_030.wav,data/interim/segmented_clean_relaxed/normal_speech/hNZy603as5w_seg_030.wav,hNZy603as5w,030,normal_speech,clean_pool,a51af7a8a68c7f1ab6c24f5960230e0039d2c1b0e0f60a809635abca84a1b3df,16000,1,2,48000,3.0,-20.9,0.0848,0.0
hNZy603as5w_seg_031.wav,data/interim/segmented_clean_relaxed/normal_speech/hNZy603as5w_seg_031.wav,hNZy603as5w,031,normal_speech,clean_pool,25fc6a1552b21d14b0c5c209a4918c7924de6939d87198f93bbe3aed76f08091,16000,1,2,48000,3.0,-22.17,0.0759,0.0
hNZy603as5w_seg_032.wav,data/interim/segmented_clean_relaxed/normal_speech/hNZy603as5w_seg_032.wav,hNZy603as5w,032,normal_speech,clean_pool,2669441961499ef12682ccc79df6c9099d210b6dbbcb8f060107aa44c7da6ecf,16000,1,2,48000,3.0,-23.56,0.0928,0.0
hNZy603as5w_seg_033.wav,data/interim/segmented_clean_relaxed/normal_speech/hNZy603as5w_seg_033.wav,hNZy603as5w,033,normal_speech,clean_pool,cf5cfefb81f8767f734a3375dd6685e137f21ae865e3a29dfd4d5178bc46801b,16000,1,2,48000,3.0,-22.16,0.1014,0.0
hNZy603as5w_seg_034.wav,data/interim/segmented_clean_relaxed/normal_speech/hNZy603as5w_seg_034.wav,hNZy603as5w,034,normal_speech,clean_pool,01be6be5037307d9c4ad14c487bd48ae2d4100cb4360de4af9491f3f2a5c2b66,16000,1,2,48000,3.0,-18.07,0.0485,0.000208
hNZy603as5w_seg_035.wav,data/interim/segmented_clean_relaxed/normal_speech/hNZy603as5w_seg_035.wav,hNZy603as5w,035,normal_speech,clean_pool,d76dae0a4911d4de47f705e191b8d1193793fd42512c7e8d164779a6ac96fdec,16000,1,2,48000,3.0,-18.49,0.08,0.0
hNZy603as5w_seg_036.wav,data/interim/segmented_clean_relaxed/normal_speech/hNZy603as5w_seg_036.wav,hNZy603as5w,036,normal_speech,clean_pool,972bb340bcb8313bccf234f96c59105b3c547a08b81b154009f5863b56be3bf4,16000,1,2,48000,3.0,-18.02,0.1419,0.0
hNZy603as5w_seg_037.wav,data/interim/segmented_clean_relaxed/normal_speech/hNZy603as5w_seg_037.wav,hNZy603as5w,037,normal_speech,clean_pool,0bcf86b2a01b8e3e70dbfd15e00629b380c3d892e587cb8eb8874f4bcf54eb43,16000,1,2,48000,3.0,-18.67,0.1384,0.0
hNZy603as5w_seg_038.wav,data/interim/segmented_clean_relaxed/normal_speech/hNZy603as5w_seg_038.wav,hNZy603as5w,038,normal_speech,clean_pool,0c0ff69739b456ca7600cfac8605db7c1d08f55d5928f6036d4cfb63ecfe6a62,16000,1,2,48000,3.0,-18.08,0.1854,0.0
hNZy603as5w_seg_039.wav,data/interim/segmented_clean_relaxed/normal_speech/hNZy603as5w_seg_039.wav,hNZy603as5w,039,normal_speech,clean_pool,0b701daed68d28d4b966e4d05d7b28cfe89f91ca81e6187124f081cfc956d42e,16000,1,2,48000,3.0,-17.98,0.1762,0.0
hNZy603as5w_seg_040.wav,data/interim/segmented_clean_relaxed/normal_speech/hNZy603as5w_seg_040.wav,hNZy603as5w,040,normal_speech,clean_pool,174b0661eecddf0eb3779836c8ef75cfef39b5da26ec5de2ed5153adfc126d28,16000,1,2,48000,3.0,-18.31,0.1829,0.0
hNZy603as5w_seg_041.wav,data/interim/segmented_clean_relaxed/normal_speech/hNZy603as5w_seg_041.wav,hNZy603as5w,041,normal_speech,clean_pool,de8f8c308b8fd88777a6de5cc1171a0f8a786b66cecfcf61d8d2569dd1f2f4f3,16000,1,2,48000,3.0,-18.88,0.116,0.0
hNZy603as5w_seg_042.wav,data/interim/segmented_clean_relaxed/normal_speech/hNZy603as5w_seg_042.wav,hNZy603as5w,042,normal_speech,clean_pool,a46e93d80c8bcc462ecc0e3783b61c765f26b7775f52e5bd26e42164a3f56173,16000,1,2,48000,3.0,-19.55,0.1571,0.0
hNZy603as5w_seg_043.wav,data/interim/segmented_clean_relaxed/normal_speech/hNZy603as5w_seg_043.wav,hNZy603as5w,043,normal_speech,clean_pool,93753a5215e381a75abe968bb42236dcdb34ccb0f49448dc0ba74018cc31951c,16000,1,2,48000,3.0,-14.33,0.0792,4.2e-05
hNZy603as5w_seg_044.wav,data/interim/segmented_clean_relaxed/normal_speech/hNZy603as5w_seg_044.wav,hNZy603as5w,044,normal_speech,clean_pool,f742864b1cbab11cdf49a5904c2d291ef66eb2f9ebae97fe54d8da0d50de58a4,16000,1,2,48000,3.0,-14.58,0.0746,0.000167
hNZy603as5w_seg_045.wav,data/interim/segmented_clean_relaxed/normal_speech/hNZy603as5w_seg_045.wav,hNZy603as5w,045,normal_speech,clean_pool,e20a82bcb83c73e6908ef072080fc81dd0cf5fabd44a8d07718cc739a6cb9324,16000,1,2,48000,3.0,-15.68,0.0983,0.000167
hNZy603as5w_seg_046.wav,data/interim/segmented_clean_relaxed/normal_speech/hNZy603as5w_seg_046.wav,hNZy603as5w,046,normal_speech,clean_pool,51c5f59537128d1f1635bccc248f2fca1bbe48c5d804d17989d5b34f85f5fae6,16000,1,2,48000,3.0,-19.06,0.1442,0.0
hNZy603as5w_seg_047.wav,data/interim/segmented_clean_relaxed/normal_speech/hNZy603as5w_seg_047.wav,hNZy603as5w,047,normal_speech,clean_pool,f279344fbd401e4b46665d15487d2e411264ac2b0b69bb9efeb3d5169c9b32b6,16000,1,2,48000,3.0,-31.38,0.2745,0.0
hNZy603as5w_seg_048.wav,data/interim/segmented_clean_relaxed/normal_speech/hNZy603as5w_seg_048.wav,hNZy603as5w,048,normal_speech,clean_pool,07ce19a894b7bf114324495ac659401c66e63c01e59e307d839cf9e8c53a6f18,16000,1,2,48000,3.0,-18.28,0.1158,0.0
hNZy603as5w_seg_049.wav,data/interim/segmented_clean_relaxed/normal_speech/hNZy603as5w_seg_049.wav,hNZy603as5w,049,normal_speech,clean_pool,8aee9319ca185609a6c27a7d107d983785da65fd8bf433f12b0c75ce776de86e,16000,1,2,48000,3.0,-18.0,0.1836,0.0
hNZy603as5w_seg_050.wav,data/interim/segmented_clean_relaxed/normal_speech/hNZy603as5w_seg_050.wav,hNZy603as5w,050,normal_speech,clean_pool,bf50b3bfe4b26327344f71f999e4e1796df91f9f8e1156718c34ce2c80bb0261,16000,1,2,48000,3.0,-18.35,0.2352,0.0
hNZy603as5w_seg_051.wav,data/interim/segmented_clean_relaxed/normal_speech/hNZy603as5w_seg_051.wav,hNZy603as5w,051,normal_speech,clean_pool,b73a017a3ec876682cbec7fa3039a40eef63d3ee43605cec34a52785f542f3f4,16000,1,2,48000,3.0,-19.1,0.2196,0.0
hNZy603as5w_seg_052.wav,data/interim/segmented_clean_relaxed/normal_speech/hNZy603as5w_seg_052.wav,hNZy603as5w,052,normal_speech,clean_pool,d33b512e70e9beb17bc07020c7d74d1410f3b366716230b8219f2a5a01600f8c,16000,1,2,48000,3.0,-18.46,0.16,0.0
hNZy603as5w_seg_053.wav,data/interim/segmented_clean_relaxed/normal_speech/hNZy603as5w_seg_053.wav,hNZy603as5w,053,normal_speech,clean_pool,3bf2370672cd6a38940c50ec6a2b79cb275edfe8e3bb5893701062fca29ce847,16000,1,2,48000,3.0,-20.1,0.2647,0.0
hNZy603as5w_seg_054.wav,data/interim/segmented_clean_relaxed/normal_speech/hNZy603as5w_seg_054.wav,hNZy603as5w,054,normal_speech,clean_pool,7e0d08768196754ea9ec9062ee402adf126a9f8aeb0042a00ac2fca6e00b0e71,16000,1,2,48000,3.0,-17.49,0.1103,0.0
hNZy603as5w_seg_055.wav,data/interim/segmented_clean_relaxed/normal_speech/hNZy603as5w_seg_055.wav,hNZy603as5w,055,normal_speech,clean_pool,9183c20d7b1945ce4bd390308cb9b05f4314a0a375287290ddbc947bbbef9487,16000,1,2,48000,3.0,-17.8,0.178,0.0
hNZy603as5w_seg_056.wav,data/interim/segmented_clean_relaxed/normal_speech/hNZy603as5w_seg_056.wav,hNZy603as5w,056,normal_speech,clean_pool,0c77bff24bb959cb56a1803fc3236bd9f361f09ee1450542d811416fada88f9c,16000,1,2,48000,3.0,-15.72,0.174,2.1e-05
hNZy603as5w_seg_057.wav,data/interim/segmented_clean_relaxed/normal_speech/hNZy603as5w_seg_057.wav,hNZy603as5w,057,normal_speech,clean_pool,cb013a0aa53f98ed053e85e126e002cfd0f5617a8ed479ff823d6975d32f5e30,16000,1,2,48000,3.0,-18.66,0.0687,0.0
hNZy603as5w_seg_058.wav,data/interim/segmented_clean_relaxed/normal_speech/hNZy603as5w_seg_058.wav,hNZy603as5w,058,normal_speech,clean_pool,220ba5ff4ec6c8691aa0634349f3c7c31e2e8982b27891030a2bae73dc77b3e4,16000,1,2,48000,3.0,-16.22,0.0503,2.1e-05
hNZy603as5w_seg_059.wav,data/interim/segmented_clean_relaxed/normal_speech/hNZy603as5w_seg_059.wav,hNZy603as5w,059,normal_speech,clean_pool,ef0e142eea67d2ac8cc55fc34a3e0c3b813d2c583a65a9e832322816d9596dde,16000,1,2,48000,3.0,-15.26,0.1237,0.000271
hNZy603as5w_seg_060.wav,data/interim/segmented_clean_relaxed/normal_speech/hNZy603as5w_seg_060.wav,hNZy603as5w,060,normal_speech,clean_pool,c159f1c9db3521db0cd0778d6c9d8feff5f64b118e0ff4122e6f4855a2bc830f,16000,1,2,48000,3.0,-15.23,0.1196,8.3e-05
hNZy603as5w_seg_061.wav,data/interim/segmented_clean_relaxed/normal_speech/hNZy603as5w_seg_061.wav,hNZy603as5w,061,normal_speech,clean_pool,c52dc092b36f1bf4a9ac3763fc33e4d25b121978c777cc94e25fa277e58583f4,16000,1,2,48000,3.0,-13.81,0.0788,0.000188
hNZy603as5w_seg_062.wav,data/interim/segmented_clean_relaxed/normal_speech/hNZy603as5w_seg_062.wav,hNZy603as5w,062,normal_speech,clean_pool,add7a40df7002e250846a6cc7ab99df2e1d3a2694f712b39ffb82be930dc8d1f,16000,1,2,48000,3.0,-16.17,0.1221,6.3e-05
hNZy603as5w_seg_063.wav,data/interim/segmented_clean_relaxed/normal_speech/hNZy603as5w_seg_063.wav,hNZy603as5w,063,normal_speech,clean_pool,05fbc46092011d4c74d4b78e98df4212475f13baec638ff4fe35d0630eb33943,16000,1,2,48000,3.0,-18.12,0.1335,0.0
hNZy603as5w_seg_064.wav,data/interim/segmented_clean_relaxed/normal_speech/hNZy603as5w_seg_064.wav,hNZy603as5w,064,normal_speech,clean_pool,a05e7dd09eb8e9b8081c603984d781e5cb7aaab2bb9c91ab86518f6ea55dfdbd,16000,1,2,48000,3.0,-17.38,0.1031,0.0
hNZy603as5w_seg_065.wav,data/interim/segmented_clean_relaxed/normal_speech/hNZy603as5w_seg_065.wav,hNZy603as5w,065,normal_speech,clean_pool,79e8da642bf1c62fee2dec3b0f326fc7620e40be8e495cc4874a687ce122c1e1,16000,1,2,48000,3.0,-18.45,0.2097,0.0
hNZy603as5w_seg_066.wav,data/interim/segmented_clean_relaxed/normal_speech/hNZy603as5w_seg_066.wav,hNZy603as5w,066,normal_speech,clean_pool,ca67b2042f784feba03012b967d69713a84d411f457287203dda2bb02f8abd7d,16000,1,2,48000,3.0,-18.3,0.2292,0.0
hNZy603as5w_seg_067.wav,data/interim/segmented_clean_relaxed/normal_speech/hNZy603as5w_seg_067.wav,hNZy603as5w,067,normal_speech,clean_pool,ced243e31f62eca7ac542863461e0379595718e46f6a474eb6e7b9319506f04e,16000,1,2,48000,3.0,-17.86,0.1623,0.0
hNZy603as5w_seg_068.wav,data/interim/segmented_clean_relaxed/normal_speech/hNZy603as5w_seg_068.wav,hNZy603as5w,068,normal_speech,clean_pool,e3898e243ca81094650a50053f07e062471b40701e49169db475631f62dd6707,16000,1,2,48000,3.0,-18.01,0.137,0.0
hNZy603as5w_seg_069.wav,data/interim/segmented_clean_relaxed/normal_speech/hNZy603as5w_seg_069.wav,hNZy603as5w,069,normal_speech,clean_pool,c4b0393c552a06217a9379ed18741c05f3121d27d2c11d518e12a4f070d78f51,16000,1,2,48000,3.0,-18.81,0.1731,0.0
hNZy603as5w_seg_070.wav,data/interim/segmented_clean_relaxed/normal_speech/hNZy603as5w_seg_070.wav,hNZy603as5w,070,normal_speech,clean_pool,208ef10bda80bd8684f125b333db81e988b5c9c18f5c14c617c7aa3dde472fa6,16000,1,2,48000,3.0,-17.51,0.1208,0.0
hNZy603as5w_seg_071.wav,data/interim/segmented_clean_relaxed/normal_speech/hNZy603as5w_seg_071.wav,hNZy603as5w,071,normal_speech,clean_pool,65819a42527829366feff7c5fd2944688f5295b9a40ec634262e0f91b7228005,16000,1,2,48000,3.0,-18.87,0.1621,0.0
hNZy603as5w_seg_072.wav,data/interim/segmented_clean_relaxed/normal_speech/hNZy603as5w_seg_072.wav,hNZy603as5w,072,normal_speech,clean_pool,ffd6de25c868f0cda2cdec3f3f3a1903205053102575b96762b94288cc4d3ff1,16000,1,2,48000,3.0,-19.46,0.2466,0.0
hNZy603as5w_seg_073.wav,data/interim/segmented_clean_relaxed/normal_speech/hNZy603as5w_seg_073.wav,hNZy603as5w,073,normal_speech,clean_pool,c23ab8c0d9697b9401f04f111ac94075102de4c7a28c586e99c40395db0c824a,16000,1,2,48000,3.0,-18.08,0.1587,0.0
hNZy603as5w_seg_074.wav,data/interim/segmented_clean_relaxed/normal_speech/hNZy603as5w_seg_074.wav,hNZy603as5w,074,normal_speech,clean_pool,68f72deee7f8c2a8137db68f0a0891933b2bb2d68696d6ee01e495039125fc7b,16000,1,2,48000,3.0,-14.0,0.1689,0.000479
hNZy603as5w_seg_075.wav,data/interim/segmented_clean_relaxed/normal_speech/hNZy603as5w_seg_075.wav,hNZy603as5w,075,normal_speech,clean_pool,132cb50612c0b55524c8282d17e15a36aed820866908d18e130f5fcf72d86d47,16000,1,2,48000,3.0,-14.02,0.0835,6.3e-05
hNZy603as5w_seg_076.wav,data/interim/segmented_clean_relaxed/normal_speech/hNZy603as5w_seg_076.wav,hNZy603as5w,076,normal_speech,clean_pool,f0e4b2f0c1e6a1403f5ca15122dbe60da1055be8c66ffcf021f2efe004d33086,16000,1,2,48000,3.0,-13.13,0.0786,0.000146
hNZy603as5w_seg_077.wav,data/interim/segmented_clean_relaxed/normal_speech/hNZy603as5w_seg_077.wav,hNZy603as5w,077,normal_speech,clean_pool,cef52e9b2483d002a965b84a862e3cfd7b85fa7e5731fc900a2488c25a3d0ade,16000,1,2,48000,3.0,-17.83,0.1282,0.0
hNZy603as5w_seg_078.wav,data/interim/segmented_clean_relaxed/normal_speech/hNZy603as5w_seg_078.wav,hNZy603as5w,078,normal_speech,clean_pool,580750376fe9777bb63d7bcb26b08f03b04c446b1eb56ba303a5e31f212da75e,16000,1,2,48000,3.0,-19.66,0.2633,0.0
hNZy603as5w_seg_079.wav,data/interim/segmented_clean_relaxed/normal_speech/hNZy603as5w_seg_079.wav,hNZy603as5w,079,normal_speech,clean_pool,2408c8f42880a2b9c881376b43aedacff76036a1a1c6404dc9589b614f3ad35b,16000,1,2,48000,3.0,-17.83,0.1244,0.0
hNZy603as5w_seg_080.wav,data/interim/segmented_clean_relaxed/normal_speech/hNZy603as5w_seg_080.wav,hNZy603as5w,080,normal_speech,clean_pool,7d67f1a09d9b0ca3256d3a01d62c68df3e9c1cb59337b3098f3aa552f4400cbb,16000,1,2,48000,3.0,-18.71,0.1791,0.0
hNZy603as5w_seg_081.wav,data/interim/segmented_clean_relaxed/normal_speech/hNZy603as5w_seg_081.wav,hNZy603as5w,081,normal_speech,clean_pool,bffce0366ab7d25754dcf46d616272453931b6479968c6f8c303b420e52a4dde,16000,1,2,48000,3.0,-19.23,0.1071,0.0
hNZy603as5w_seg_082.wav,data/interim/segmented_clean_relaxed/normal_speech/hNZy603as5w_seg_082.wav,hNZy603as5w,082,normal_speech,clean_pool,56c7d65202778e58b4871989bdb0231ad44b743ec6ab35d698965638038b5095,16000,1,2,48000,3.0,-18.29,0.1126,0.0
hNZy603as5w_seg_083.wav,data/interim/segmented_clean_relaxed/normal_speech/hNZy603as5w_seg_083.wav,hNZy603as5w,083,normal_speech,clean_pool,701819781dd41f1781e5e617d85d034fd3a8e7cdd8039c7092da3b91aaf18b12,16000,1,2,48000,3.0,-19.14,0.1206,0.0
hNZy603as5w_seg_084.wav,data/interim/segmented_clean_relaxed/normal_speech/hNZy603as5w_seg_084.wav,hNZy603as5w,084,normal_speech,clean_pool,f4df1fcf5d2017829a6ad3ffa3a11a500a275684e7a6dc7503f13310d8522128,16000,1,2,48000,3.0,-18.88,0.128,0.0
hNZy603as5w_seg_085.wav,data/interim/segmented_clean_relaxed/normal_speech/hNZy603as5w_seg_085.wav,hNZy603as5w,085,normal_speech,clean_pool,4c81517fca0f20d93f67e79fc1d7b84c7ea1a4f58704de08f0ce7c37e3f7f5f3,16000,1,2,48000,3.0,-18.22,0.1493,0.0
hNZy603as5w_seg_086.wav,data/interim/segmented_clean_relaxed/normal_speech/hNZy603as5w_seg_086.wav,hNZy603as5w,086,normal_speech,clean_pool,b95ec7fed0d37d2fbf289ae0df9c75d071bcbcce47502aef5cf69d4a54af52de,16000,1,2,48000,3.0,-17.78,0.112,0.0
hNZy603as5w_seg_087.wav,data/interim/segmented_clean_relaxed/normal_speech/hNZy603as5w_seg_087.wav,hNZy603as5w,087,normal_speech,clean_pool,f662f4eaab42f5da0218403bb12febe24d5439cfb8e4d0684359114c62691540,16000,1,2,48000,3.0,-19.07,0.2079,2.1e-05
hNZy603as5w_seg_088.wav,data/interim/segmented_clean_relaxed/normal_speech/hNZy603as5w_seg_088.wav,hNZy603as5w,088,normal_speech,clean_pool,c352e858176e57a176afd97f12fbde81b691d24900669f06542b81dec509d7df,16000,1,2,48000,3.0,-17.68,0.1629,6.3e-05
hNZy603as5w_seg_089.wav,data/interim/segmented_clean_relaxed/normal_speech/hNZy603as5w_seg_089.wav,hNZy603as5w,089,normal_speech,clean_pool,8a99f8ffaf694b0d0840b534a89146e373d561b8caf1333d560959c56030e526,16000,1,2,48000,3.0,-24.57,0.1506,0.0
hNZy603as5w_seg_090.wav,data/interim/segmented_clean_relaxed/normal_speech/hNZy603as5w_seg_090.wav,hNZy603as5w,090,normal_speech,clean_pool,c2de1a08e633343aece77a47a90c79d784eaa99a3b341d7a41150444db07227f,16000,1,2,48000,3.0,-19.79,0.1741,8.3e-05
hNZy603as5w_seg_091.wav,data/interim/segmented_clean_relaxed/normal_speech/hNZy603as5w_seg_091.wav,hNZy603as5w,091,normal_speech,clean_pool,5b1481fd4543ebc6a249e0b93fe8bfd9d8d37fb20748e0b1f53313940fb192f1,16000,1,2,48000,3.0,-25.28,0.1565,0.0
hNZy603as5w_seg_092.wav,data/interim/segmented_clean_relaxed/normal_speech/hNZy603as5w_seg_092.wav,hNZy603as5w,092,normal_speech,clean_pool,46d328ed8ffa4de67433cfa3c64037d24ea6758b2c4098fdd12d350f687fbd43,16000,1,2,48000,3.0,-21.87,0.1974,0.0
hNZy603as5w_seg_093.wav,data/interim/segmented_clean_relaxed/normal_speech/hNZy603as5w_seg_093.wav,hNZy603as5w,093,normal_speech,clean_pool,c7dee1fe2fd22c6531f38c7936ee196877d3acc75cf0d3e755d92ff149d23aad,16000,1,2,48000,3.0,-23.01,0.2162,0.0
hNZy603as5w_seg_094.wav,data/interim/segmented_clean_relaxed/normal_speech/hNZy603as5w_seg_094.wav,hNZy603as5w,094,normal_speech,clean_pool,a24515aa30513931a37973f47420ccbbc05aadf5556e6c3071a53fa648b5fcdf,16000,1,2,48000,3.0,-17.28,0.2067,6.3e-05
hNZy603as5w_seg_095.wav,data/interim/segmented_clean_relaxed/normal_speech/hNZy603as5w_seg_095.wav,hNZy603as5w,095,normal_speech,clean_pool,1b9a1e3807c19d3d623e2d17bdc560571461f7164712f791af857a514df867fc,16000,1,2,48000,3.0,-23.85,0.3047,0.0
hNZy603as5w_seg_096.wav,data/interim/segmented_clean_relaxed/normal_speech/hNZy603as5w_seg_096.wav,hNZy603as5w,096,normal_speech,clean_pool,341e621da1b783636f3928e57f79f1cafb3b58787a136cfe2d77c960fefc7284,16000,1,2,48000,3.0,-20.63,0.1247,0.0
hNZy603as5w_seg_097.wav,data/interim/segmented_clean_relaxed/normal_speech/hNZy603as5w_seg_097.wav,hNZy603as5w,097,normal_speech,clean_pool,4b8dd3f86285d684f86caa5999fd4f2de6402edc0c1a297d0d5269ee8fe85b42,16000,1,2,48000,3.0,-18.48,0.1811,0.0
hNZy603as5w_seg_098.wav,data/interim/segmented_clean_relaxed/normal_speech/hNZy603as5w_seg_098.wav,hNZy603as5w,098,normal_speech,clean_pool,2b8e89ab1aeae567b08a53a2229164ff7f4bd84ed7ba4213deadd7453927e3ff,16000,1,2,48000,3.0,-24.94,0.2537,0.0
hNZy603as5w_seg_099.wav,data/interim/segmented_clean_relaxed/normal_speech/hNZy603as5w_seg_099.wav,hNZy603as5w,099,normal_speech,clean_pool,5c6ab36784c544d0c598ecd954ac5045c8119875ae9d6dfc1c446d3fd86165ce,16000,1,2,48000,3.0,-20.64,0.2414,4.2e-05
hNZy603as5w_seg_100.wav,data/interim/segmented_clean_relaxed/normal_speech/hNZy603as5w_seg_100.wav,hNZy603as5w,100,normal_speech,clean_pool,4db6ef3ede95d2fe6af4c6db65ab784d0d99501623385fd62140a6fdd9298c1f,16000,1,2,48000,3.0,-26.12,0.2717,0.0
hNZy603as5w_seg_101.wav,data/interim/segmented_clean_relaxed/normal_speech/hNZy603as5w_seg_101.wav,hNZy603as5w,101,normal_speech,clean_pool,689d38cbaf34021aa4e39208a301335077f782b4e3cf1e1a6ffb89415efcf2bf,16000,1,2,48000,3.0,-18.58,0.2104,0.0
hNZy603as5w_seg_102.wav,data/interim/segmented_clean_relaxed/normal_speech/hNZy603as5w_seg_102.wav,hNZy603as5w,102,normal_speech,clean_pool,36ccccdb1cf3e35e5a2fd7818d7d489f7e52f8e514d4f213dbcab6f738588a3a,16000,1,2,48000,3.0,-24.49,0.3104,0.0
hNZy603as5w_seg_103.wav,data/interim/segmented_clean_relaxed/normal_speech/hNZy603as5w_seg_103.wav,hNZy603as5w,103,normal_speech,clean_pool,1a7dfbaddd19cea1ca1a721a9c9bc3a2a0e8aea45215553447e3409b38acdc8b,16000,1,2,48000,3.0,-33.23,0.3297,0.0
hNZy603as5w_seg_104.wav,data/interim/segmented_clean_relaxed/normal_speech/hNZy603as5w_seg_104.wav,hNZy603as5w,104,normal_speech,clean_pool,aa0846fa4c631fa1ebefef3b87cca099451844bde59c8af3902431a644227655,16000,1,2,48000,3.0,-34.34,0.3391,0.0
hNZy603as5w_seg_105.wav,data/interim/segmented_clean_relaxed/normal_speech/hNZy603as5w_seg_105.wav,hNZy603as5w,105,normal_speech,clean_pool,605dbf9d9cea9186fbc3a46d8a98cc05f5d3ad3275d39b7a6202089ba2788e5e,16000,1,2,37952,2.372,-30.12,0.2513,0.0
ke5EkD0K8UA_seg_000.wav,data/interim/segmented_clean_relaxed/normal_speech/ke5EkD0K8UA_seg_000.wav,ke5EkD0K8UA,000,normal_speech,clean_pool,a553f7dfe1caf94a32d80fe6f63d5364913887579e3200cafb0dd0f2b4ac27c5,16000,1,2,48000,3.0,-31.36,0.32,0.0
ke5EkD0K8UA_seg_001.wav,data/interim/segmented_clean_relaxed/normal_speech/ke5EkD0K8UA_seg_001.wav,ke5EkD0K8UA,001,normal_speech,clean_pool,e791e28763a5a260e0a18bc62142abada0d064fc3ec065d7f5bc7ce9b2191e5e,16000,1,2,48000,3.0,-35.07,0.5597,0.0
ke5EkD0K8UA_seg_002.wav,data/interim/segmented_clean_relaxed/normal_speech/ke5EkD0K8UA_seg_002.wav,ke5EkD0K8UA,002,normal_speech,clean_pool,2537ae0f7c21be888c22eefa79adc3bea9148514921f8b84a0aa34b260460f23,16000,1,2,48000,3.0,-33.95,0.4774,0.0
ke5EkD0K8UA_seg_003.wav,data/interim/segmented_clean_relaxed/normal_speech/ke5EkD0K8UA_seg_003.wav,ke5EkD0K8UA,003,normal_speech,clean_pool,b4c32fc58a199923f76e7fd76de2e603d0624d5fcf9d33d4dcaac454e12fd125,16000,1,2,48000,3.0,-33.26,0.3581,0.0
ke5EkD0K8UA_seg_004.wav,data/interim/segmented_clean_relaxed/normal_speech/ke5EkD0K8UA_seg_004.wav,ke5EkD0K8UA,004,normal_speech,clean_pool,3b4a244dded53fb9154a297c42486dfdc4d1ae59b11695c89c3a4be60fb2ff41,16000,1,2,48000,3.0,-35.05,0.4524,0.0
ke5EkD0K8UA_seg_005.wav,data/interim/segmented_clean_relaxed/normal_speech/ke5EkD0K8UA_seg_005.wav,ke5EkD0K8UA,005,normal_speech,clean_pool,118f3298e3eac246bf3ec846d78323cd2a425a59a4a2ac59d022741952aecae4,16000,1,2,48000,3.0,-33.82,0.4392,0.0
ke5EkD0K8UA_seg_006.wav,data/interim/segmented_clean_relaxed/normal_speech/ke5EkD0K8UA_seg_006.wav,ke5EkD0K8UA,006,normal_speech,clean_pool,630c8e7d155a709e91a654c673c00587f01e67e0531ffd1dd37845b449269917,16000,1,2,48000,3.0,-35.75,0.4885,0.0
ke5EkD0K8UA_seg_007.wav,data/interim/segmented_clean_relaxed/normal_speech/ke5EkD0K8UA_seg_007.wav,ke5EkD0K8UA,007,normal_speech,clean_pool,5a311b7afe23c26b9068b682d1461a3f98caa778a2f8fb61782ad10ca1df8b8a,16000,1,2,48000,3.0,-35.04,0.4428,0.0
ke5EkD0K8UA_seg_008.wav,data/interim/segmented_clean_relaxed/normal_speech/ke5EkD0K8UA_seg_008.wav,ke5EkD0K8UA,008,normal_speech,clean_pool,9dab6570c214f529b45dfd3ded23efb3eca824b8ce4a4f2c361a16c2abc22052,16000,1,2,48000,3.0,-35.1,0.3669,0.0
ke5EkD0K8UA_seg_009.wav,data/interim/segmented_clean_relaxed/normal_speech/ke5EkD0K8UA_seg_009.wav,ke5EkD0K8UA,009,normal_speech,clean_pool,8d971cd559366728715c72015dc1549523564e00b0eb2e2ef0388cdab02cfb33,16000,1,2,48000,3.0,-38.06,0.5735,0.0
ke5EkD0K8UA_seg_010.wav,data/interim/segmented_clean_relaxed/normal_speech/ke5EkD0K8UA_seg_010.wav,ke5EkD0K8UA,010,normal_speech,clean_pool,9a5daea8c029708b125a0ea3e7078a986d93ec3baa053de850fc4ec03df7a0c3,16000,1,2,48000,3.0,-36.78,0.5272,0.0
ke5EkD0K8UA_seg_011.wav,data/interim/segmented_clean_relaxed/normal_speech/ke5EkD0K8UA_seg_011.wav,ke5EkD0K8UA,011,normal_speech,clean_pool,e5211826e46c7bac289b45062bcdd8bc46b42d8e87ebab581edbea4e4618943f,16000,1,2,48000,3.0,-32.57,0.305,0.0
ke5EkD0K8UA_seg_012.wav,data/interim/segmented_clean_relaxed/normal_speech/ke5EkD0K8UA_seg_012.wav,ke5EkD0K8UA,012,normal_speech,clean_pool,196b4c691409025c5fe826b9c775fd36268093172b35c4cc802fd2ad84c7bbbb,16000,1,2,48000,3.0,-35.03,0.4278,0.0
ke5EkD0K8UA_seg_013.wav,data/interim/segmented_clean_relaxed/normal_speech/ke5EkD0K8UA_seg_013.wav,ke5EkD0K8UA,013,normal_speech,clean_pool,2548c1b367f3461b88062d14f3e12412308db7ceb9ce81ff4e588a67fb2b6d7a,16000,1,2,48000,3.0,-36.63,0.5815,0.0
ke5EkD0K8UA_seg_014.wav,data/interim/segmented_clean_relaxed/normal_speech/ke5EkD0K8UA_seg_014.wav,ke5EkD0K8UA,014,normal_speech,clean_pool,3cdee88bab000edefd3c72fed388758b0c621595bf8a166ac88e06c1bbede820,16000,1,2,48000,3.0,-36.26,0.5302,0.0
ke5EkD0K8UA_seg_015.wav,data/interim/segmented_clean_relaxed/normal_speech/ke5EkD0K8UA_seg_015.wav,ke5EkD0K8UA,015,normal_speech,clean_pool,6feb7b64a663e786f258c778c59f93001f603fce05239cd9c35c401a21b9c444,16000,1,2,48000,3.0,-33.28,0.3831,0.0
ke5EkD0K8UA_seg_016.wav,data/interim/segmented_clean_relaxed/normal_speech/ke5EkD0K8UA_seg_016.wav,ke5EkD0K8UA,016,normal_speech,clean_pool,ee28bcbea21afbec487768ea03286358e230ca44ac47ccb9fbc81e82a59ddd68,16000,1,2,48000,3.0,-35.4,0.4731,0.0
ke5EkD0K8UA_seg_017.wav,data/interim/segmented_clean_relaxed/normal_speech/ke5EkD0K8UA_seg_017.wav,ke5EkD0K8UA,017,normal_speech,clean_pool,6fa3c30bc6cf2f6090c8a1e718ebeb29a61e203fa06680864d84f9bed4649cf7,16000,1,2,48000,3.0,-33.81,0.4337,0.0
ke5EkD0K8UA_seg_018.wav,data/interim/segmented_clean_relaxed/normal_speech/ke5EkD0K8UA_seg_018.wav,ke5EkD0K8UA,018,normal_speech,clean_pool,843aba39dc01ab23fad37e48d2dec305b81dd3d3fa4daa8168e02b8d641ef67b,16000,1,2,48000,3.0,-33.99,0.5544,0.0
ke5EkD0K8UA_seg_019.wav,data/interim/segmented_clean_relaxed/normal_speech/ke5EkD0K8UA_seg_019.wav,ke5EkD0K8UA,019,normal_speech,clean_pool,681abd7ed8304226bc7d691c4895ca9933e1b722bce6e17873419740b0d38b63,16000,1,2,48000,3.0,-30.42,0.3679,0.0
ke5EkD0K8UA_seg_020.wav,data/interim/segmented_clean_relaxed/normal_speech/ke5EkD0K8UA_seg_020.wav,ke5EkD0K8UA,020,normal_speech,clean_pool,5c44a7721665443c99da85e77d167dc612c055b46b30252c5a38696db1926ab5,16000,1,2,48000,3.0,-30.65,0.4231,0.0
ke5EkD0K8UA_seg_021.wav,data/interim/segmented_clean_relaxed/normal_speech/ke5EkD0K8UA_seg_021.wav,ke5EkD0K8UA,021,normal_speech,clean_pool,f98c9ae199f7a8e1ae104a081c15526053e2b587ec166eec00e804e8f37df2dc,16000,1,2,48000,3.0,-31.75,0.4195,0.0
ke5EkD0K8UA_seg_022.wav,data/interim/segmented_clean_relaxed/normal_speech/ke5EkD0K8UA_seg_022.wav,ke5EkD0K8UA,022,normal_speech,clean_pool,50ea384a212b7f979c74e641d3e3957d879810c9e68a315b78d19012d72600ef,16000,1,2,48000,3.0,-29.82,0.3314,0.0
ke5EkD0K8UA_seg_023.wav,data/interim/segmented_clean_relaxed/normal_speech/ke5EkD0K8UA_seg_023.wav,ke5EkD0K8UA,023,normal_speech,clean_pool,5222dd08c6970f459ea8f9476ce2e24d800b3449c86eaf1b93d3cfe42654361d,16000,1,2,48000,3.0,-29.54,0.4828,0.0
ke5EkD0K8UA_seg_024.wav,data/interim/segmented_clean_relaxed/normal_speech/ke5EkD0K8UA_seg_024.wav,ke5EkD0K8UA,024,normal_speech,clean_pool,ce4b39608e1dfda187d75960d74eefb6c415c370c1fc93572fc52207b8524534,16000,1,2,48000,3.0,-28.04,0.2807,0.0
ke5EkD0K8UA_seg_025.wav,data/interim/segmented_clean_relaxed/normal_speech/ke5EkD0K8UA_seg_025.wav,ke5EkD0K8UA,025,normal_speech,clean_pool,a38cad2ffd087990cd78e77998875454edfa32202702682e801203c6993fa9d1,16000,1,2,48000,3.0,-27.69,0.2567,0.0
ke5EkD0K8UA_seg_026.wav,data/interim/segmented_clean_relaxed/normal_speech/ke5EkD0K8UA_seg_026.wav,ke5EkD0K8UA,026,normal_speech,clean_pool,db45deca44d6da93fc06bf63e38fe33b2f38e102b70918368d8b1d1725128f23,16000,1,2,48000,3.0,-28.64,0.3804,0.0
ke5EkD0K8UA_seg_027.wav,data/interim/segmented_clean_relaxed/normal_speech/ke5EkD0K8UA_seg_027.wav,ke5EkD0K8UA,027,normal_speech,clean_pool,575082d821291ce9d8deb7b4d50a1cc8e7ae19ca89f2888600e0450e966f911f,16000,1,2,48000,3.0,-29.35,0.3294,0.0
ke5EkD0K8UA_seg_028.wav,data/interim/segmented_clean_relaxed/normal_speech/ke5EkD0K8UA_seg_028.wav,ke5EkD0K8UA,028,normal_speech,clean_pool,ed5011fa957e1e994f95f2666df398b1384b5a98d7a2d4bbcb0ee0f32aea36aa,16000,1,2,48000,3.0,-32.24,0.4694,0.0
ke5EkD0K8UA_seg_029.wav,data/interim/segmented_clean_relaxed/normal_speech/ke5EkD0K8UA_seg_029.wav,ke5EkD0K8UA,029,normal_speech,clean_pool,fffd5ffdac008108f8f7843e0232c80bc59ac45ce16bdbe01759ca87df827d5d,16000,1,2,48000,3.0,-29.03,0.4213,0.0
ke5EkD0K8UA_seg_030.wav,data/interim/segmented_clean_relaxed/normal_speech/ke5EkD0K8UA_seg_030.wav,ke5EkD0K8UA,030,normal_speech,clean_pool,978dadd124025d5326377a3009585efe165adaf2c23cdc8b685d8f36e61f8e7f,16000,1,2,48000,3.0,-27.55,0.2855,0.0
ke5EkD0K8UA_seg_031.wav,data/interim/segmented_clean_relaxed/normal_speech/ke5EkD0K8UA_seg_031.wav,ke5EkD0K8UA,031,normal_speech,clean_pool,b4e34a91bbc3e1fde450ef52834901cc40dac3b838e40d52d68f52886fad6b7f,16000,1,2,48000,3.0,-27.07,0.3186,0.0
ke5EkD0K8UA_seg_032.wav,data/interim/segmented_clean_relaxed/normal_speech/ke5EkD0K8UA_seg_032.wav,ke5EkD0K8UA,032,normal_speech,clean_pool,58f2839618d55215e2da705490815bb888eeaa95bf58b56293f0c94ea6e6ce36,16000,1,2,48000,3.0,-26.32,0.2792,0.0
ke5EkD0K8UA_seg_033.wav,data/interim/segmented_clean_relaxed/normal_speech/ke5EkD0K8UA_seg_033.wav,ke5EkD0K8UA,033,normal_speech,clean_pool,ec06d2ef69168ef26439d1fc2fc1164e38220cb8e40590845b7934e1d83ae6a0,16000,1,2,48000,3.0,-24.76,0.1817,0.0
ke5EkD0K8UA_seg_034.wav,data/interim/segmented_clean_relaxed/normal_speech/ke5EkD0K8UA_seg_034.wav,ke5EkD0K8UA,034,normal_speech,clean_pool,7e48448a21fb9685d8d9e659d03cce574ccaf61e95fabe6893cdf1a9cda558b7,16000,1,2,48000,3.0,-26.89,0.3457,0.0
ke5EkD0K8UA_seg_035.wav,data/interim/segmented_clean_relaxed/normal_speech/ke5EkD0K8UA_seg_035.wav,ke5EkD0K8UA,035,normal_speech,clean_pool,602dcbc6d85c9f0b92c292901e3bda474d970c9435ad3bc25e12f83afeebbe56,16000,1,2,48000,3.0,-28.03,0.4235,0.0
ke5EkD0K8UA_seg_036.wav,data/interim/segmented_clean_relaxed/normal_speech/ke5EkD0K8UA_seg_036.wav,ke5EkD0K8UA,036,normal_speech,clean_pool,23d1e2b9149b48ebba62f45bd944556f6a1ffcd59a194c576d2fb49b3ae9fe97,16000,1,2,48000,3.0,-25.65,0.3145,0.0
ke5EkD0K8UA_seg_037.wav,data/interim/segmented_clean_relaxed/normal_speech/ke5EkD0K8UA_seg_037.wav,ke5EkD0K8UA,037,normal_speech,clean_pool,dbb1cf6b89eb27506f0f5df4cf150f443824ccca7a4f2d000c14cdbff763fd4f,16000,1,2,48000,3.0,-26.83,0.3532,0.0
ke5EkD0K8UA_seg_038.wav,data/interim/segmented_clean_relaxed/normal_speech/ke5EkD0K8UA_seg_038.wav,ke5EkD0K8UA,038,normal_speech,clean_pool,f67bb93262c2f0851307430601a1695df9efb0a4a0373ff1a444924ecb6c9209,16000,1,2,48000,3.0,-26.43,0.3796,0.0
ke5EkD0K8UA_seg_039.wav,data/interim/segmented_clean_relaxed/normal_speech/ke5EkD0K8UA_seg_039.wav,ke5EkD0K8UA,039,normal_speech,clean_pool,d98fe628776ba1d89a998317393615a8e28e50be21371cbf76563864ae2439d8,16000,1,2,48000,3.0,-26.38,0.3524,0.0
ke5EkD0K8UA_seg_040.wav,data/interim/segmented_clean_relaxed/normal_speech/ke5EkD0K8UA_seg_040.wav,ke5EkD0K8UA,040,normal_speech,clean_pool,8c6741ce8a1f9c9a46a857ea26fca0b3196c68d576773adabaef0ec1a98d61d0,16000,1,2,48000,3.0,-27.21,0.2729,0.0
ke5EkD0K8UA_seg_041.wav,data/interim/segmented_clean_relaxed/normal_speech/ke5EkD0K8UA_seg_041.wav,ke5EkD0K8UA,041,normal_speech,clean_pool,5896df9af692d447e97076667656cab78bd599dc7582dfabb50f5f39ce516569,16000,1,2,48000,3.0,-25.33,0.4176,0.0
ke5EkD0K8UA_seg_042.wav,data/interim/segmented_clean_relaxed/normal_speech/ke5EkD0K8UA_seg_042.wav,ke5EkD0K8UA,042,normal_speech,clean_pool,6045a6b679bfbdf7e0e07e6da13995563c3e069b41f081f1f8d4213735257d01,16000,1,2,48000,3.0,-24.13,0.2237,0.0
ke5EkD0K8UA_seg_043.wav,data/interim/segmented_clean_relaxed/normal_speech/ke5EkD0K8UA_seg_043.wav,ke5EkD0K8UA,043,normal_speech,clean_pool,adafc07ed4dc4e5701fc4bd8d28c6859ac8013c1db6ade1c2fc9a0d39b7d946b,16000,1,2,48000,3.0,-24.63,0.2905,0.0
ke5EkD0K8UA_seg_044.wav,data/interim/segmented_clean_relaxed/normal_speech/ke5EkD0K8UA_seg_044.wav,ke5EkD0K8UA,044,normal_speech,clean_pool,5303d22070a02dffcfe09e3f36bfd7f539477e80452c34a446a9676aafeac672,16000,1,2,48000,3.0,-24.8,0.2759,0.0
ke5EkD0K8UA_seg_045.wav,data/interim/segmented_clean_relaxed/normal_speech/ke5EkD0K8UA_seg_045.wav,ke5EkD0K8UA,045,normal_speech,clean_pool,e13419f7107fe78eff8b53a27056319814c9a54df358b129f062a8839d82bcfc,16000,1,2,48000,3.0,-24.54,0.298,0.0
ke5EkD0K8UA_seg_046.wav,data/interim/segmented_clean_relaxed/normal_speech/ke5EkD0K8UA_seg_046.wav,ke5EkD0K8UA,046,normal_speech,clean_pool,dbf00c58a19a4ff0692b40821cb17f341232a7bce8f4624fda9bf87091e13e60,16000,1,2,48000,3.0,-24.16,0.2844,0.0
ke5EkD0K8UA_seg_047.wav,data/interim/segmented_clean_relaxed/normal_speech/ke5EkD0K8UA_seg_047.wav,ke5EkD0K8UA,047,normal_speech,clean_pool,2ac009330f9e6ac2cb6e6d2658d0584ae5489820afd7ff8467a028507baaea2d,16000,1,2,48000,3.0,-26.7,0.3222,0.0
ke5EkD0K8UA_seg_048.wav,data/interim/segmented_clean_relaxed/normal_speech/ke5EkD0K8UA_seg_048.wav,ke5EkD0K8UA,048,normal_speech,clean_pool,b64e227f94c108b792ad6c863134cb475d3d5dc4af7ce609be9884d963adc0b0,16000,1,2,48000,3.0,-25.26,0.3176,0.0
ke5EkD0K8UA_seg_049.wav,data/interim/segmented_clean_relaxed/normal_speech/ke5EkD0K8UA_seg_049.wav,ke5EkD0K8UA,049,normal_speech,clean_pool,c8866dfe9c91473eea2973338b070e2a08c7e1209c1008d656124791e131daf9,16000,1,2,48000,3.0,-26.49,0.2615,0.0
ke5EkD0K8UA_seg_050.wav,data/interim/segmented_clean_relaxed/normal_speech/ke5EkD0K8UA_seg_050.wav,ke5EkD0K8UA,050,normal_speech,clean_pool,4bc33c9f47a6cbdad13449ac244b6be9ea04b1390b1e698cef88531c38ecdeb6,16000,1,2,48000,3.0,-24.33,0.2992,0.0
ke5EkD0K8UA_seg_051.wav,data/interim/segmented_clean_relaxed/normal_speech/ke5EkD0K8UA_seg_051.wav,ke5EkD0K8UA,051,normal_speech,clean_pool,9e40f825af5eeae8be524118730d07a61057dcc6fb9df9d4828538f288ee27b5,16000,1,2,48000,3.0,-25.76,0.3068,0.0
ke5EkD0K8UA_seg_052.wav,data/interim/segmented_clean_relaxed/normal_speech/ke5EkD0K8UA_seg_052.wav,ke5EkD0K8UA,052,normal_speech,clean_pool,843f119855bc3632b57535d4258f67d6a85a1a87ab33ce652fabc8cf4968a9e6,16000,1,2,48000,3.0,-25.19,0.3105,0.0
ke5EkD0K8UA_seg_053.wav,data/interim/segmented_clean_relaxed/normal_speech/ke5EkD0K8UA_seg_053.wav,ke5EkD0K8UA,053,normal_speech,clean_pool,b9460084fa34cfdf4f895d49f56be675a0ff94892e74e9ae67d0452fa0e6d123,16000,1,2,48000,3.0,-24.72,0.3441,0.0
ke5EkD0K8UA_seg_054.wav,data/interim/segmented_clean_relaxed/normal_speech/ke5EkD0K8UA_seg_054.wav,ke5EkD0K8UA,054,normal_speech,clean_pool,543b2a9a1cdfd86a53a7744aedeab63c4b11d688396c91f6c0c0d98ff6bd65e2,16000,1,2,48000,3.0,-25.08,0.2915,0.0
ke5EkD0K8UA_seg_055.wav,data/interim/segmented_clean_relaxed/normal_speech/ke5EkD0K8UA_seg_055.wav,ke5EkD0K8UA,055,normal_speech,clean_pool,73b0e53bf2ccad070e5c005986197075eac894be073f5ad62c03ac13c6b561d5,16000,1,2,48000,3.0,-23.97,0.2949,0.0
ke5EkD0K8UA_seg_056.wav,data/interim/segmented_clean_relaxed/normal_speech/ke5EkD0K8UA_seg_056.wav,ke5EkD0K8UA,056,normal_speech,clean_pool,1d5948a30f39924d60b32d600a0820034cc8cbde484f066567bdd718245aef7b,16000,1,2,48000,3.0,-24.1,0.3267,0.0
ke5EkD0K8UA_seg_057.wav,data/interim/segmented_clean_relaxed/normal_speech/ke5EkD0K8UA_seg_057.wav,ke5EkD0K8UA,057,normal_speech,clean_pool,0d2b861f660f259d13ba15e179c2abd47f6d9b9ffdf5bad39a8f82f24e23da20,16000,1,2,48000,3.0,-24.07,0.2589,0.0
ke5EkD0K8UA_seg_058.wav,data/interim/segmented_clean_relaxed/normal_speech/ke5EkD0K8UA_seg_058.wav,ke5EkD0K8UA,058,normal_speech,clean_pool,e4e76b672c0db6b6674045504e31971258799c4b76f2c56be9c6071347e79b62,16000,1,2,48000,3.0,-24.05,0.2595,0.0
ke5EkD0K8UA_seg_059.wav,data/interim/segmented_clean_relaxed/normal_speech/ke5EkD0K8UA_seg_059.wav,ke5EkD0K8UA,059,normal_speech,clean_pool,83ca1cae175d800b6655d5540091db0e200fc069cb0ec84e99987b45feef9b79,16000,1,2,48000,3.0,-25.4,0.3014,0.0
ke5EkD0K8UA_seg_060.wav,data/interim/segmented_clean_relaxed/normal_speech/ke5EkD0K8UA_seg_060.wav,ke5EkD0K8UA,060,normal_speech,clean_pool,a9e3095d8dbaf52ea87e7128a7776fb5bf4af4d29d5c421856f42e89b89f815c,16000,1,2,48000,3.0,-24.26,0.2933,0.0
ke5EkD0K8UA_seg_061.wav,data/interim/segmented_clean_relaxed/normal_speech/ke5EkD0K8UA_seg_061.wav,ke5EkD0K8UA,061,normal_speech,clean_pool,747fde06f955400c867cf7b2fdcdcea2230641eacc15b14185b09409e4f81e93,16000,1,2,48000,3.0,-25.08,0.3237,0.0
ke5EkD0K8UA_seg_062.wav,data/interim/segmented_clean_relaxed/normal_speech/ke5EkD0K8UA_seg_062.wav,ke5EkD0K8UA,062,normal_speech,clean_pool,68c0ddcc667063f081a341f49966198e7a0bfc952f971b9dae490bb7f139bdf6,16000,1,2,48000,3.0,-26.76,0.3193,0.0
ke5EkD0K8UA_seg_063.wav,data/interim/segmented_clean_relaxed/normal_speech/ke5EkD0K8UA_seg_063.wav,ke5EkD0K8UA,063,normal_speech,clean_pool,3b2ddff290d9b87766a081a95d06da58f92c27057f2d216d298965ac947a95dd,16000,1,2,48000,3.0,-24.6,0.239,0.0
ke5EkD0K8UA_seg_064.wav,data/interim/segmented_clean_relaxed/normal_speech/ke5EkD0K8UA_seg_064.wav,ke5EkD0K8UA,064,normal_speech,clean_pool,6620539cb0ae664f9bbe91f1df3c50b3ed422e5a6486b8e4eaef9438ca24010c,16000,1,2,48000,3.0,-25.6,0.4115,0.0
ke5EkD0K8UA_seg_065.wav,data/interim/segmented_clean_relaxed/normal_speech/ke5EkD0K8UA_seg_065.wav,ke5EkD0K8UA,065,normal_speech,clean_pool,105d5cbb1f07821a94944a15e592a33d36f75892acb6feaee4d758d0b35fe6c7,16000,1,2,48000,3.0,-23.34,0.2171,0.0
ke5EkD0K8UA_seg_066.wav,data/interim/segmented_clean_relaxed/normal_speech/ke5EkD0K8UA_seg_066.wav,ke5EkD0K8UA,066,normal_speech,clean_pool,9be8a4fbc2b941ad2c3d2e5140693f54cda2569902ec1d6d1ed1e25ff8826a73,16000,1,2,48000,3.0,-24.19,0.2444,0.0
ke5EkD0K8UA_seg_067.wav,data/interim/segmented_clean_relaxed/normal_speech/ke5EkD0K8UA_seg_067.wav,ke5EkD0K8UA,067,normal_speech,clean_pool,d5bc117fe4e58498a9d1fddbc4b8e4c5d1c0d58eb6478030b77f942f4df8269a,16000,1,2,48000,3.0,-23.32,0.2543,0.0
ke5EkD0K8UA_seg_068.wav,data/interim/segmented_clean_relaxed/normal_speech/ke5EkD0K8UA_seg_068.wav,ke5EkD0K8UA,068,normal_speech,clean_pool,2419e3c9c68a4f0dcbf6fdf123472bbd00e642f87d38c75a194d5b963e6f5695,16000,1,2,48000,3.0,-24.67,0.3542,0.0
ke5EkD0K8UA_seg_069.wav,data/interim/segmented_clean_relaxed/normal_speech/ke5EkD0K8UA_seg_069.wav,ke5EkD0K8UA,069,normal_speech,clean_pool,82c2a733070a6ae7b3c4e4c2ffd4d961c3917a460b0fce3d87f74b1c9eb6bd0a,16000,1,2,48000,3.0,-25.39,0.2727,0.0
ke5EkD0K8UA_seg_070.wav,data/interim/segmented_clean_relaxed/normal_speech/ke5EkD0K8UA_seg_070.wav,ke5EkD0K8UA,070,normal_speech,clean_pool,99de478a0eecdb804b2743b3b160bf932b1fd09d5b3583758dfe975a91502c6b,16000,1,2,48000,3.0,-25.71,0.3646,0.0
ke5EkD0K8UA_seg_071.wav,data/interim/segmented_clean_relaxed/normal_speech/ke5EkD0K8UA_seg_071.wav,ke5EkD0K8UA,071,normal_speech,clean_pool,43808f0eea6dad1f27af76adfef385573e092ca57a9df78022cdc048b6ddf913,16000,1,2,48000,3.0,-26.16,0.5171,0.0
ke5EkD0K8UA_seg_072.wav,data/interim/segmented_clean_relaxed/normal_speech/ke5EkD0K8UA_seg_072.wav,ke5EkD0K8UA,072,normal_speech,clean_pool,15d67f20fcdab5fdfb6d615144da0e72cbb425bd69f2fdc890744168ff082763,16000,1,2,48000,3.0,-24.8,0.3381,0.0
ke5EkD0K8UA_seg_073.wav,data/interim/segmented_clean_relaxed/normal_speech/ke5EkD0K8UA_seg_073.wav,ke5EkD0K8UA,073,normal_speech,clean_pool,106d7a14034aa483e94190feeebee7139a1e6f5109139c74c4375460fa7801e8,16000,1,2,48000,3.0,-24.19,0.2859,0.0
ke5EkD0K8UA_seg_074.wav,data/interim/segmented_clean_relaxed/normal_speech/ke5EkD0K8UA_seg_074.wav,ke5EkD0K8UA,074,normal_speech,clean_pool,4e71ad18cf484429dda736d2f33d89ddc0c6d4354d71532e244fd548089a7653,16000,1,2,48000,3.0,-23.01,0.1755,0.0
ke5EkD0K8UA_seg_075.wav,data/interim/segmented_clean_relaxed/normal_speech/ke5EkD0K8UA_seg_075.wav,ke5EkD0K8UA,075,normal_speech,clean_pool,b19e2844bd32f17dcf43b7106b5132b5481c187c681b11ea970970f0210ce32d,16000,1,2,48000,3.0,-24.39,0.2386,0.0
ke5EkD0K8UA_seg_076.wav,data/interim/segmented_clean_relaxed/normal_speech/ke5EkD0K8UA_seg_076.wav,ke5EkD0K8UA,076,normal_speech,clean_pool,0e98fa2f062941237576b4bd8c82b7f563c4670ad8d93021515879240ae8ff12,16000,1,2,48000,3.0,-24.54,0.4469,0.0
ke5EkD0K8UA_seg_077.wav,data/interim/segmented_clean_relaxed/normal_speech/ke5EkD0K8UA_seg_077.wav,ke5EkD0K8UA,077,normal_speech,clean_pool,09008f93ebc02e3ee21f9e7fa6df0820e2e7cccc981c4c25585de7eb810b8d4a,16000,1,2,48000,3.0,-23.38,0.2382,0.0
ke5EkD0K8UA_seg_078.wav,data/interim/segmented_clean_relaxed/normal_speech/ke5EkD0K8UA_seg_078.wav,ke5EkD0K8UA,078,normal_speech,clean_pool,766df4929d1ed0b0238b24d5937f8c59085b971c48e3785aeab8c8e4ec64d260,16000,1,2,48000,3.0,-24.32,0.2499,0.0
ke5EkD0K8UA_seg_079.wav,data/interim/segmented_clean_relaxed/normal_speech/ke5EkD0K8UA_seg_079.wav,ke5EkD0K8UA,079,normal_speech,clean_pool,b5a79d6c3158a7d5bb8b5ecd60e072eb86ee254aba9e440cb3b22b0ea94e13c2,16000,1,2,48000,3.0,-25.38,0.3581,0.0
ke5EkD0K8UA_seg_080.wav,data/interim/segmented_clean_relaxed/normal_speech/ke5EkD0K8UA_seg_080.wav,ke5EkD0K8UA,080,normal_speech,clean_pool,9643cfc7960dd3452487fd9a58a007ebd5e483d87806519b3a3bfcbb23e8a7eb,16000,1,2,48000,3.0,-24.94,0.2753,0.0
ke5EkD0K8UA_seg_081.wav,data/interim/segmented_clean_relaxed/normal_speech/ke5EkD0K8UA_seg_081.wav,ke5EkD0K8UA,081,normal_speech,clean_pool,e7d5c850e58cbc5c817b22e69371f21331c77c23fa8e484ef07d636736ab7bc7,16000,1,2,48000,3.0,-24.11,0.2421,0.0
ke5EkD0K8UA_seg_082.wav,data/interim/segmented_clean_relaxed/normal_speech/ke5EkD0K8UA_seg_082.wav,ke5EkD0K8UA,082,normal_speech,clean_pool,df0333b83df084d8ab66404ddf4ae6563ebfea4a83efcc2e5142007b378a7bb7,16000,1,2,48000,3.0,-23.47,0.2264,0.0
ke5EkD0K8UA_seg_083.wav,data/interim/segmented_clean_relaxed/normal_speech/ke5EkD0K8UA_seg_083.wav,ke5EkD0K8UA,083,normal_speech,clean_pool,77ff730cf768f7d708f4d5c833f64486b9c929d68e87b8e0998d52e36e4c46e4,16000,1,2,48000,3.0,-23.98,0.246,0.0
ke5EkD0K8UA_seg_084.wav,data/interim/segmented_clean_relaxed/normal_speech/ke5EkD0K8UA_seg_084.wav,ke5EkD0K8UA,084,normal_speech,clean_pool,86a5ca9170c8ab594adacaca690826d02c72f6c7d3aceb680475347fc91b8c44,16000,1,2,48000,3.0,-22.72,0.224,0.0
ke5EkD0K8UA_seg_085.wav,data/interim/segmented_clean_relaxed/normal_speech/ke5EkD0K8UA_seg_085.wav,ke5EkD0K8UA,085,normal_speech,clean_pool,d09f1e3721981732e356f249e24ca8ea4343e4dc4732e9996e935987ad802452,16000,1,2,48000,3.0,-25.55,0.2371,0.0
ke5EkD0K8UA_seg_086.wav,data/interim/segmented_clean_relaxed/normal_speech/ke5EkD0K8UA_seg_086.wav,ke5EkD0K8UA,086,normal_speech,clean_pool,211110880e22520a155d32d985a44d93cff725d42f937f87ac7959cf834b9637,16000,1,2,48000,3.0,-24.53,0.2307,0.0
ke5EkD0K8UA_seg_087.wav,data/interim/segmented_clean_relaxed/normal_speech/ke5EkD0K8UA_seg_087.wav,ke5EkD0K8UA,087,normal_speech,clean_pool,2cc596f1333ded83ec2bc5db4e1b677e73f16d6465779c0790895cc4ac1171b1,16000,1,2,48000,3.0,-23.39,0.2239,0.0
ke5EkD0K8UA_seg_088.wav,data/interim/segmented_clean_relaxed/normal_speech/ke5EkD0K8UA_seg_088.wav,ke5EkD0K8UA,088,normal_speech,clean_pool,56108cb3af3da1da41a4af335589f4edaab799f28abcf86a4fd4003080086dd0,16000,1,2,48000,3.0,-25.19,0.3158,0.0
ke5EkD0K8UA_seg_089.wav,data/interim/segmented_clean_relaxed/normal_speech/ke5EkD0K8UA_seg_089.wav,ke5EkD0K8UA,089,normal_speech,clean_pool,3706d8033f04627c2174a9f4e36d7901e16b60150e3f20b798e81c393eddaa42,16000,1,2,48000,3.0,-23.69,0.2823,0.0
ke5EkD0K8UA_seg_090.wav,data/interim/segmented_clean_relaxed/normal_speech/ke5EkD0K8UA_seg_090.wav,ke5EkD0K8UA,090,normal_speech,clean_pool,d8f13ccdc9d8a846d0f9e5b294bd15c7200583ab8a56abf665285900da5c7a05,16000,1,2,48000,3.0,-25.31,0.2105,0.0
ke5EkD0K8UA_seg_091.wav,data/interim/segmented_clean_relaxed/normal_speech/ke5EkD0K8UA_seg_091.wav,ke5EkD0K8UA,091,normal_speech,clean_pool,f54df28d6be7a4b3e5cca3c3266a4031c369cf0ba87c09f888ff6cf9df9e985a,16000,1,2,48000,3.0,-23.68,0.2059,0.0
ke5EkD0K8UA_seg_092.wav,data/interim/segmented_clean_relaxed/normal_speech/ke5EkD0K8UA_seg_092.wav,ke5EkD0K8UA,092,normal_speech,clean_pool,fd794db6fe09ca6a4d42c447d5ca172e6ef8d14155bf42ff23fc926b01e9f272,16000,1,2,48000,3.0,-23.74,0.2128,0.0
ke5EkD0K8UA_seg_093.wav,data/interim/segmented_clean_relaxed/normal_speech/ke5EkD0K8UA_seg_093.wav,ke5EkD0K8UA,093,normal_speech,clean_pool,de1c5b1d07c5990ab3207574df0fc87015e8e0330fba7f2745e825972bd85288,16000,1,2,48000,3.0,-25.53,0.2096,0.0
ke5EkD0K8UA_seg_094.wav,data/interim/segmented_clean_relaxed/normal_speech/ke5EkD0K8UA_seg_094.wav,ke5EkD0K8UA,094,normal_speech,clean_pool,6d114540f407bc4d2c3a6665706658a17ae852d18ce1c3eecd421a0977f3f363,16000,1,2,48000,3.0,-24.54,0.3233,0.0
ke5EkD0K8UA_seg_095.wav,data/interim/segmented_clean_relaxed/normal_speech/ke5EkD0K8UA_seg_095.wav,ke5EkD0K8UA,095,normal_speech,clean_pool,1f239701f09ed89dced622b0efe6d9c190366bb5bac34a0b7abdc64ae308973c,16000,1,2,48000,3.0,-24.46,0.2984,0.0
ke5EkD0K8UA_seg_096.wav,data/interim/segmented_clean_relaxed/normal_speech/ke5EkD0K8UA_seg_096.wav,ke5EkD0K8UA,096,normal_speech,clean_pool,a95fe4aeea42e407fa678f798efe8c84f7e34cdc491cdce4899adec151d1e7c1,16000,1,2,48000,3.0,-22.87,0.187,0.0
ke5EkD0K8UA_seg_097.wav,data/interim/segmented_clean_relaxed/normal_speech/ke5EkD0K8UA_seg_097.wav,ke5EkD0K8UA,097,normal_speech,clean_pool,e261f2e13eea623e57ab9fed0e3bc9bf9998419d41359a492c7b0c303720da8c,16000,1,2,48000,3.0,-23.81,0.3382,0.0
ke5EkD0K8UA_seg_098.wav,data/interim/segmented_clean_relaxed/normal_speech/ke5EkD0K8UA_seg_098.wav,ke5EkD0K8UA,098,normal_speech,clean_pool,55e55ef4dba038efe4c18f74143b6b517117600416605fcb851e28781d40f793,16000,1,2,48000,3.0,-24.31,0.1989,0.0
ke5EkD0K8UA_seg_099.wav,data/interim/segmented_clean_relaxed/normal_speech/ke5EkD0K8UA_seg_099.wav,ke5EkD0K8UA,099,normal_speech,clean_pool,965887074af3cf8219b5a3e9d4e81ba19b32c9b551a004f365783e98d967c634,16000,1,2,48000,3.0,-25.01,0.2619,0.0
ke5EkD0K8UA_seg_100.wav,data/interim/segmented_clean_relaxed/normal_speech/ke5EkD0K8UA_seg_100.wav,ke5EkD0K8UA,100,normal_speech,clean_pool,cbe167d717fbad32e9f6fbed0b4debe64e81c9e008a79c7e409596a5a51b8949,16000,1,2,48000,3.0,-23.99,0.3011,0.0
ke5EkD0K8UA_seg_101.wav,data/interim/segmented_clean_relaxed/normal_speech/ke5EkD0K8UA_seg_101.wav,ke5EkD0K8UA,101,normal_speech,clean_pool,4ab743d42eb35fef693db4a68bdbc44cc56e0e5f537f6f12d8031d246e5d1968,16000,1,2,48000,3.0,-23.56,0.2037,0.0
ke5EkD0K8UA_seg_102.wav,data/interim/segmented_clean_relaxed/normal_speech/ke5EkD0K8UA_seg_102.wav,ke5EkD0K8UA,102,normal_speech,clean_pool,2884f1efdad676f69cfa786295c1fe198a84844a81fabd491884e461aab38f57,16000,1,2,48000,3.0,-25.65,0.3053,0.0
ke5EkD0K8UA_seg_103.wav,data/interim/segmented_clean_relaxed/normal_speech/ke5EkD0K8UA_seg_103.wav,ke5EkD0K8UA,103,normal_speech,clean_pool,6fc74539dcd9e83bf03fedb062c2c58d6a4c3fece040f468f8a8356c9d0e34ef,16000,1,2,48000,3.0,-26.28,0.3072,0.0
ke5EkD0K8UA_seg_104.wav,data/interim/segmented_clean_relaxed/normal_speech/ke5EkD0K8UA_seg_104.wav,ke5EkD0K8UA,104,normal_speech,clean_pool,fe349e55457254a23b87c9194b1d3235343574dbbb3dcfacfc731791bd8a9275,16000,1,2,48000,3.0,-25.15,0.2855,0.0
ke5EkD0K8UA_seg_105.wav,data/interim/segmented_clean_relaxed/normal_speech/ke5EkD0K8UA_seg_105.wav,ke5EkD0K8UA,105,normal_speech,clean_pool,6da770e70f39334bd2fdede779d241b9d27339322a61b4a46f663d99965fb97b,16000,1,2,48000,3.0,-25.96,0.253,0.0
ke5EkD0K8UA_seg_106.wav,data/interim/segmented_clean_relaxed/normal_speech/ke5EkD0K8UA_seg_106.wav,ke5EkD0K8UA,106,normal_speech,clean_pool,1f0f1b4c3ff807e36dda8e6b46b605cf6a32aee702577a43f38aa8f666413857,16000,1,2,48000,3.0,-25.12,0.2759,0.0
zIdv2NDRExI_seg_000.wav,data/interim/segmented_clean_relaxed/normal_speech/zIdv2NDRExI_seg_000.wav,zIdv2NDRExI,000,normal_speech,clean_pool,24dfeddc601d4cb569b9f660a5fefe0312a6df0f8eb6b74ca77fba68b798a548,16000,1,2,48000,3.0,-24.49,0.2742,0.0
zIdv2NDRExI_seg_001.wav,data/interim/segmented_clean_relaxed/normal_speech/zIdv2NDRExI_seg_001.wav,zIdv2NDRExI,001,normal_speech,clean_pool,d76c57a7927fbef6e19b7e1c578f929ea13876df3802d1a3b51ae396b9877a29,16000,1,2,48000,3.0,-24.42,0.3692,0.0
zIdv2NDRExI_seg_002.wav,data/interim/segmented_clean_relaxed/normal_speech/zIdv2NDRExI_seg_002.wav,zIdv2NDRExI,002,normal_speech,clean_pool,59877125ea32002d6c2e6b6cace2e75f9f01540fbd53a45b0491fac3298f9531,16000,1,2,48000,3.0,-25.22,0.265,0.0
zIdv2NDRExI_seg_003.wav,data/interim/segmented_clean_relaxed/normal_speech/zIdv2NDRExI_seg_003.wav,zIdv2NDRExI,003,normal_speech,clean_pool,e4c408d7a32a474031b8ab2bec8f0cb8a5f00a914885aa23cba4b04afa5b4bf3,16000,1,2,48000,3.0,-26.97,0.4667,0.0
zIdv2NDRExI_seg_004.wav,data/interim/segmented_clean_relaxed/normal_speech/zIdv2NDRExI_seg_004.wav,zIdv2NDRExI,004,normal_speech,clean_pool,ea3f9dc596687cdd49ef7f73946193f8374921889ee66023ce61e11642054313,16000,1,2,48000,3.0,-24.43,0.242,0.0
zIdv2NDRExI_seg_005.wav,data/interim/segmented_clean_relaxed/normal_speech/zIdv2NDRExI_seg_005.wav,zIdv2NDRExI,005,normal_speech,clean_pool,40a96574d62923f7ca36ad5c7fc93eb8e956df23f8520170a1d9b1a463240eda,16000,1,2,48000,3.0,-23.59,0.4171,0.0
zIdv2NDRExI_seg_006.wav,data/interim/segmented_clean_relaxed/normal_speech/zIdv2NDRExI_seg_006.wav,zIdv2NDRExI,006,normal_speech,clean_pool,741eda9a10329fbeb680a3d786fc6854617be96dd84f86fb827f81326d1170ac,16000,1,2,48000,3.0,-24.33,0.4006,0.0
zIdv2NDRExI_seg_007.wav,data/interim/segmented_clean_relaxed/normal_speech/zIdv2NDRExI_seg_007.wav,zIdv2NDRExI,007,normal_speech,clean_pool,6b7057fa2029fd88f6aae14d8639a834e35cc1cbccede158a5fde54e55fcaa09,16000,1,2,48000,3.0,-23.14,0.4203,0.0
zIdv2NDRExI_seg_008.wav,data/interim/segmented_clean_relaxed/normal_speech/zIdv2NDRExI_seg_008.wav,zIdv2NDRExI,008,normal_speech,clean_pool,d2545896f1f590d80f696de452aebb912e730a533dc9ab87aec693e8f6fc6aba,16000,1,2,48000,3.0,-25.65,0.3421,0.0
zIdv2NDRExI_seg_009.wav,data/interim/segmented_clean_relaxed/normal_speech/zIdv2NDRExI_seg_009.wav,zIdv2NDRExI,009,normal_speech,clean_pool,bed2f5968ae1e21e765cebec59b8e8e2e3d955277325379565e5ecc4b4d9ceed,16000,1,2,48000,3.0,-24.04,0.3827,0.0
zIdv2NDRExI_seg_010.wav,data/interim/segmented_clean_relaxed/normal_speech/zIdv2NDRExI_seg_010.wav,zIdv2NDRExI,010,normal_speech,clean_pool,4d14a1a9d35163ce78d180d6ae060b438899832556329b984284d38b39a5056b,16000,1,2,48000,3.0,-25.06,0.3567,0.0
zIdv2NDRExI_seg_011.wav,data/interim/segmented_clean_relaxed/normal_speech/zIdv2NDRExI_seg_011.wav,zIdv2NDRExI,011,normal_speech,clean_pool,716c6e54a38967c9ec701527aa0b49726611c93775e85a42ac9bc3b9ee93c13a,16000,1,2,48000,3.0,-23.4,0.26,0.0
zIdv2NDRExI_seg_012.wav,data/interim/segmented_clean_relaxed/normal_speech/zIdv2NDRExI_seg_012.wav,zIdv2NDRExI,012,normal_speech,clean_pool,159fdc217262f8bc9e92c427c5560058eb3a3e837f004ebd6efc53f934dd8736,16000,1,2,48000,3.0,-25.25,0.4275,0.0
zIdv2NDRExI_seg_013.wav,data/interim/segmented_clean_relaxed/normal_speech/zIdv2NDRExI_seg_013.wav,zIdv2NDRExI,013,normal_speech,clean_pool,e03941599f09d60af0c79d37c5fa8a2fbae47b752e62c36070e63518cca827de,16000,1,2,48000,3.0,-24.64,0.3486,0.0
zIdv2NDRExI_seg_014.wav,data/interim/segmented_clean_relaxed/normal_speech/zIdv2NDRExI_seg_014.wav,zIdv2NDRExI,014,normal_speech,clean_pool,67d37129d5cdc73b75cf19fd14e15ec6976655d9115e9075eeec80976cc7453b,16000,1,2,48000,3.0,-24.74,0.4085,0.0
zIdv2NDRExI_seg_015.wav,data/interim/segmented_clean_relaxed/normal_speech/zIdv2NDRExI_seg_015.wav,zIdv2NDRExI,015,normal_speech,clean_pool,0e95da292c735647b8b59f2f644505f69e2d7c048157d53343a18e1a13614dae,16000,1,2,48000,3.0,-24.36,0.3664,0.0
zIdv2NDRExI_seg_016.wav,data/interim/segmented_clean_relaxed/normal_speech/zIdv2NDRExI_seg_016.wav,zIdv2NDRExI,016,normal_speech,clean_pool,75bba42612844bc08feec1cd7648109a71ce35c1c249314500f6251a91060761,16000,1,2,48000,3.0,-26.06,0.4545,0.0
zIdv2NDRExI_seg_017.wav,data/interim/segmented_clean_relaxed/normal_speech/zIdv2NDRExI_seg_017.wav,zIdv2NDRExI,017,normal_speech,clean_pool,fc13890eb3cf3b05c0ec70577d5dadd99c966434edb316e8fc92aa21627cb8e1,16000,1,2,48000,3.0,-24.1,0.3789,0.0
zIdv2NDRExI_seg_018.wav,data/interim/segmented_clean_relaxed/normal_speech/zIdv2NDRExI_seg_018.wav,zIdv2NDRExI,018,normal_speech,clean_pool,37c9955a1bf310eb7267028d8e00e8487c4076424697e77b599141948abfffd5,16000,1,2,48000,3.0,-25.34,0.3762,0.0
zIdv2NDRExI_seg_019.wav,data/interim/segmented_clean_relaxed/normal_speech/zIdv2NDRExI_seg_019.wav,zIdv2NDRExI,019,normal_speech,clean_pool,9429ae825bd2dbf7c51881b654f7057aac27428c2cc072e07f37801787a5c5e7,16000,1,2,48000,3.0,-25.05,0.3287,0.0
zIdv2NDRExI_seg_020.wav,data/interim/segmented_clean_relaxed/normal_speech/zIdv2NDRExI_seg_020.wav,zIdv2NDRExI,020,normal_speech,clean_pool,59ee31e4c37331e36bf9bff075c3b55118610002ea88e33a3658fe4735b6327a,16000,1,2,48000,3.0,-27.01,0.5016,0.0
zIdv2NDRExI_seg_021.wav,data/interim/segmented_clean_relaxed/normal_speech/zIdv2NDRExI_seg_021.wav,zIdv2NDRExI,021,normal_speech,clean_pool,d5a0982d9805fe9edc5b380988a471faf16bc6331e458360cfbe7ed40954711d,16000,1,2,48000,3.0,-25.74,0.5106,0.0
zIdv2NDRExI_seg_022.wav,data/interim/segmented_clean_relaxed/normal_speech/zIdv2NDRExI_seg_022.wav,zIdv2NDRExI,022,normal_speech,clean_pool,9a21897e1511e5cb1763dea3badc9b89ebc553ca157beec21ff29c9f1e81975e,16000,1,2,48000,3.0,-26.52,0.5233,0.0
zIdv2NDRExI_seg_023.wav,data/interim/segmented_clean_relaxed/normal_speech/zIdv2NDRExI_seg_023.wav,zIdv2NDRExI,023,normal_speech,clean_pool,9898f48564a04e785d2a6a2f8b912b2375942e5edeb9ee5862a9cb03d41fd008,16000,1,2,48000,3.0,-25.06,0.3904,0.0
zIdv2NDRExI_seg_024.wav,data/interim/segmented_clean_relaxed/normal_speech/zIdv2NDRExI_seg_024.wav,zIdv2NDRExI,024,normal_speech,clean_pool,3eb49c8060ea052cbd81c5369c40143973b18667b94737d006a93064d6bfb3bd,16000,1,2,48000,3.0,-25.4,0.4178,0.0
zIdv2NDRExI_seg_025.wav,data/interim/segmented_clean_relaxed/normal_speech/zIdv2NDRExI_seg_025.wav,zIdv2NDRExI,025,normal_speech,clean_pool,82a124ce2e0f3d9db509c54e67eb9f56927a85d33e5c3056395e200739f9f9af,16000,1,2,48000,3.0,-24.7,0.5089,0.0
zIdv2NDRExI_seg_026.wav,data/interim/segmented_clean_relaxed/normal_speech/zIdv2NDRExI_seg_026.wav,zIdv2NDRExI,026,normal_speech,clean_pool,9f4cd1ecb7ffe2530862c21c9fe1aea09da4131525eac4121cb6c6726331a03b,16000,1,2,48000,3.0,-26.86,0.3916,0.0
zIdv2NDRExI_seg_027.wav,data/interim/segmented_clean_relaxed/normal_speech/zIdv2NDRExI_seg_027.wav,zIdv2NDRExI,027,normal_speech,clean_pool,3ba9b9303475cedc79ab50ad40e5f6e7f043c71ff28884f86db268484e0f470d,16000,1,2,48000,3.0,-24.46,0.3376,0.0
zIdv2NDRExI_seg_028.wav,data/interim/segmented_clean_relaxed/normal_speech/zIdv2NDRExI_seg_028.wav,zIdv2NDRExI,028,normal_speech,clean_pool,101f26ad1ffc6c3155f1aa6dfd6ade645058046b70e96ad8942e10921ceae667,16000,1,2,48000,3.0,-23.97,0.4598,0.0
zIdv2NDRExI_seg_029.wav,data/interim/segmented_clean_relaxed/normal_speech/zIdv2NDRExI_seg_029.wav,zIdv2NDRExI,029,normal_speech,clean_pool,b568201db89e53e9c345408d432c78907eef0ce706c139529cb3d21e0041d6c9,16000,1,2,48000,3.0,-25.77,0.4672,0.0
zIdv2NDRExI_seg_030.wav,data/interim/segmented_clean_relaxed/normal_speech/zIdv2NDRExI_seg_030.wav,zIdv2NDRExI,030,normal_speech,clean_pool,f0d49f3ede5f29dedf6f414d6682901df23f0becede34ca1fbe933b8e8967152,16000,1,2,48000,3.0,-26.18,0.3743,0.0
zIdv2NDRExI_seg_031.wav,data/interim/segmented_clean_relaxed/normal_speech/zIdv2NDRExI_seg_031.wav,zIdv2NDRExI,031,normal_speech,clean_pool,9cd689f79caa66ac1905e27c244f700901ec23a2efc97b8d36b62a83090798b1,16000,1,2,48000,3.0,-23.43,0.3242,0.0
zIdv2NDRExI_seg_032.wav,data/interim/segmented_clean_relaxed/normal_speech/zIdv2NDRExI_seg_032.wav,zIdv2NDRExI,032,normal_speech,clean_pool,19be852479b7adb5cc374dec6e3278f5f1f0dba6bdd270e61996c213ef11c127,16000,1,2,48000,3.0,-25.4,0.3564,0.0
zIdv2NDRExI_seg_033.wav,data/interim/segmented_clean_relaxed/normal_speech/zIdv2NDRExI_seg_033.wav,zIdv2NDRExI,033,normal_speech,clean_pool,15b564adb4645f65edd4f96657453c94126be1195e0e789aadef4e1e60da4031,16000,1,2,48000,3.0,-23.76,0.3889,0.0
zIdv2NDRExI_seg_034.wav,data/interim/segmented_clean_relaxed/normal_speech/zIdv2NDRExI_seg_034.wav,zIdv2NDRExI,034,normal_speech,clean_pool,a8b498fccb88795558114d053b95163b73f689fb387982958e43a731be3c0cda,16000,1,2,48000,3.0,-24.19,0.3496,0.0
zIdv2NDRExI_seg_035.wav,data/interim/segmented_clean_relaxed/normal_speech/zIdv2NDRExI_seg_035.wav,zIdv2NDRExI,035,normal_speech,clean_pool,50b5ff4cce24183001c3bc48cf157bb8ffe11a2e44f4174b6aeac66f87641ffd,16000,1,2,48000,3.0,-24.8,0.39,0.0
zIdv2NDRExI_seg_036.wav,data/interim/segmented_clean_relaxed/normal_speech/zIdv2NDRExI_seg_036.wav,zIdv2NDRExI,036,normal_speech,clean_pool,7e34cb01d50df2e94f3dc54392e9b76256a9de7e4961935de0aab64e863d78dd,16000,1,2,48000,3.0,-23.37,0.3486,0.0
zIdv2NDRExI_seg_037.wav,data/interim/segmented_clean_relaxed/normal_speech/zIdv2NDRExI_seg_037.wav,zIdv2NDRExI,037,normal_speech,clean_pool,bcad7585c431b728476b726295bfe00c670a6c31733c0606eeb6f1d8b3618426,16000,1,2,48000,3.0,-24.55,0.2905,0.0
zIdv2NDRExI_seg_038.wav,data/interim/segmented_clean_relaxed/normal_speech/zIdv2NDRExI_seg_038.wav,zIdv2NDRExI,038,normal_speech,clean_pool,d145a20071f24cac046ae0d11a13b542ed8a255d3152868ca80b7fee69ceffc7,16000,1,2,48000,3.0,-25.23,0.4108,0.0
zIdv2NDRExI_seg_039.wav,data/interim/segmented_clean_relaxed/normal_speech/zIdv2NDRExI_seg_039.wav,zIdv2NDRExI,039,normal_speech,clean_pool,3f369cb5b659664af6c7991614144f147b1d55e16cbedc55f2fa514c902282e0,16000,1,2,48000,3.0,-26.12,0.2953,0.0
zIdv2NDRExI_seg_040.wav,data/interim/segmented_clean_relaxed/normal_speech/zIdv2NDRExI_seg_040.wav,zIdv2NDRExI,040,normal_speech,clean_pool,3895c666c6f9e7434ee8db263b5dbc5fcb727d473e3e59f6a9b3a194c8ca6f10,16000,1,2,48000,3.0,-22.07,0.2077,0.0
zIdv2NDRExI_seg_041.wav,data/interim/segmented_clean_relaxed/normal_speech/zIdv2NDRExI_seg_041.wav,zIdv2NDRExI,041,normal_speech,clean_pool,1e5f3a7fe6c409eb80ddf9ad4f78f6b2f0a7f3b4891f71fc18bb8b9a61e6d698,16000,1,2,48000,3.0,-23.41,0.4236,0.0
zIdv2NDRExI_seg_042.wav,data/interim/segmented_clean_relaxed/normal_speech/zIdv2NDRExI_seg_042.wav,zIdv2NDRExI,042,normal_speech,clean_pool,720e8bba56d1aa55f9d8e965bea089d14be0031ff2c7c828bf8f89ddd5e63137,16000,1,2,48000,3.0,-24.88,0.4148,0.0
zIdv2NDRExI_seg_043.wav,data/interim/segmented_clean_relaxed/normal_speech/zIdv2NDRExI_seg_043.wav,zIdv2NDRExI,043,normal_speech,clean_pool,89b486df3b632713bc801dfe7f6d6d87124dbe3e8daee7ac428a25fa75cffccd,16000,1,2,48000,3.0,-24.63,0.3542,0.0
zIdv2NDRExI_seg_044.wav,data/interim/segmented_clean_relaxed/normal_speech/zIdv2NDRExI_seg_044.wav,zIdv2NDRExI,044,normal_speech,clean_pool,a990a5592c827befb712fcece11de8283404c0a946d6535361be0f08bc588587,16000,1,2,48000,3.0,-24.56,0.3551,0.0
zIdv2NDRExI_seg_045.wav,data/interim/segmented_clean_relaxed/normal_speech/zIdv2NDRExI_seg_045.wav,zIdv2NDRExI,045,normal_speech,clean_pool,b379b30adf9e8680309f811c11fa8c060b1dce8e5718d7c4c6c2fdbfd26e6055,16000,1,2,48000,3.0,-24.22,0.2706,0.0
zIdv2NDRExI_seg_046.wav,data/interim/segmented_clean_relaxed/normal_speech/zIdv2NDRExI_seg_046.wav,zIdv2NDRExI,046,normal_speech,clean_pool,bc1f11a1ba9aa20498f30d85feecb89fb8b301d102ef9f4dbf81b4db252a54af,16000,1,2,48000,3.0,-25.43,0.466,0.0
zIdv2NDRExI_seg_047.wav,data/interim/segmented_clean_relaxed/normal_speech/zIdv2NDRExI_seg_047.wav,zIdv2NDRExI,047,normal_speech,clean_pool,c4fb0444061b7af052f2f2f33695a8e870d646e53ac3df7598b9effa7f79da5a,16000,1,2,48000,3.0,-26.84,0.4037,0.0
zIdv2NDRExI_seg_048.wav,data/interim/segmented_clean_relaxed/normal_speech/zIdv2NDRExI_seg_048.wav,zIdv2NDRExI,048,normal_speech,clean_pool,0323f3793be082b249a5099a2bfa6cd14556fff7c23d767fdebc498d700a4231,16000,1,2,48000,3.0,-23.42,0.3614,0.0
zIdv2NDRExI_seg_049.wav,data/interim/segmented_clean_relaxed/normal_speech/zIdv2NDRExI_seg_049.wav,zIdv2NDRExI,049,normal_speech,clean_pool,e238314431b37675575df406a733d803acb2b83de54c3d3e01417544dc9bf3ab,16000,1,2,48000,3.0,-25.0,0.4444,0.0
zIdv2NDRExI_seg_050.wav,data/interim/segmented_clean_relaxed/normal_speech/zIdv2NDRExI_seg_050.wav,zIdv2NDRExI,050,normal_speech,clean_pool,b57a6d9578f01e9159c016a420bcecaf4e9353ddc95bb4080baf0a5b857c3984,16000,1,2,48000,3.0,-25.45,0.4079,0.0
zIdv2NDRExI_seg_051.wav,data/interim/segmented_clean_relaxed/normal_speech/zIdv2NDRExI_seg_051.wav,zIdv2NDRExI,051,normal_speech,clean_pool,d511cf116546461e0261b6a1cfbeeb80a8d9c40434f9609f55e2b216e72afe91,16000,1,2,48000,3.0,-27.31,0.2941,0.0
zIdv2NDRExI_seg_052.wav,data/interim/segmented_clean_relaxed/normal_speech/zIdv2NDRExI_seg_052.wav,zIdv2NDRExI,052,normal_speech,clean_pool,b1303b0581a6f7742fabcaab4b07544f41b30ce792529fbc4bcf5e4e0a7606b8,16000,1,2,48000,3.0,-24.86,0.311,0.0
zIdv2NDRExI_seg_053.wav,data/interim/segmented_clean_relaxed/normal_speech/zIdv2NDRExI_seg_053.wav,zIdv2NDRExI,053,normal_speech,clean_pool,0522c5fa5774d121518a779ea062c3d1d11402dcc4bf8de51f52ee6356f0fa9f,16000,1,2,48000,3.0,-26.86,0.3988,0.0
zIdv2NDRExI_seg_054.wav,data/interim/segmented_clean_relaxed/normal_speech/zIdv2NDRExI_seg_054.wav,zIdv2NDRExI,054,normal_speech,clean_pool,aaf6bb6294f9a46937f92ce00967156e61229972293b568554a14962a85d9543,16000,1,2,48000,3.0,-24.17,0.3948,0.0
zIdv2NDRExI_seg_055.wav,data/interim/segmented_clean_relaxed/normal_speech/zIdv2NDRExI_seg_055.wav,zIdv2NDRExI,055,normal_speech,clean_pool,b69a132ce18a7e584fd805268339ac06f0cc6177d6877d91a4ce7c482bfc67bd,16000,1,2,48000,3.0,-24.3,0.4869,0.0
zIdv2NDRExI_seg_056.wav,data/interim/segmented_clean_relaxed/normal_speech/zIdv2NDRExI_seg_056.wav,zIdv2NDRExI,056,normal_speech,clean_pool,99f9e5d450f5345fc92169fedc23cf72b403050d64433a3e4be27356a2a6aba5,16000,1,2,48000,3.0,-23.81,0.3682,0.0
zIdv2NDRExI_seg_057.wav,data/interim/segmented_clean_relaxed/normal_speech/zIdv2NDRExI_seg_057.wav,zIdv2NDRExI,057,normal_speech,clean_pool,2a538b07a95e8c86d38806ae26a5ebede6ed9f1ef39c72e36deeb05e687efc3f,16000,1,2,48000,3.0,-23.4,0.2904,0.0
zIdv2NDRExI_seg_058.wav,data/interim/segmented_clean_relaxed/normal_speech/zIdv2NDRExI_seg_058.wav,zIdv2NDRExI,058,normal_speech,clean_pool,79a2e353779a0a0f40e8135b374b5802cf78f22fb40d0bbc7dcc1eb2e7ceafb3,16000,1,2,48000,3.0,-24.69,0.3265,0.0
zIdv2NDRExI_seg_059.wav,data/interim/segmented_clean_relaxed/normal_speech/zIdv2NDRExI_seg_059.wav,zIdv2NDRExI,059,normal_speech,clean_pool,081edc1cd0cb058ba8e1688290f61133db9840fd2e9979c5b3d52ccf37a6a5fe,16000,1,2,48000,3.0,-25.15,0.4182,0.0
zIdv2NDRExI_seg_060.wav,data/interim/segmented_clean_relaxed/normal_speech/zIdv2NDRExI_seg_060.wav,zIdv2NDRExI,060,normal_speech,clean_pool,42aa4677f19ed6ef0878b8cf37d0fc3617144076818f53bafe025f533665b305,16000,1,2,48000,3.0,-24.96,0.3666,0.0
zIdv2NDRExI_seg_061.wav,data/interim/segmented_clean_relaxed/normal_speech/zIdv2NDRExI_seg_061.wav,zIdv2NDRExI,061,normal_speech,clean_pool,f6f89fceeef3be200287048a49210893aebf1590a60a0890c51bdb8a7bcd577b,16000,1,2,48000,3.0,-26.34,0.55,0.0
zIdv2NDRExI_seg_062.wav,data/interim/segmented_clean_relaxed/normal_speech/zIdv2NDRExI_seg_062.wav,zIdv2NDRExI,062,normal_speech,clean_pool,6ca9b990e1f6b6c69a583495ae8c2e822d8699006c1403b6dd97907978e22fe1,16000,1,2,48000,3.0,-23.82,0.4159,0.0
zIdv2NDRExI_seg_063.wav,data/interim/segmented_clean_relaxed/normal_speech/zIdv2NDRExI_seg_063.wav,zIdv2NDRExI,063,normal_speech,clean_pool,9cd32b0f4340947a5bf93b7c1bfa7566bb81a842e96231066b1e5a7cf40e2d24,16000,1,2,48000,3.0,-23.6,0.3099,0.0
zIdv2NDRExI_seg_064.wav,data/interim/segmented_clean_relaxed/normal_speech/zIdv2NDRExI_seg_064.wav,zIdv2NDRExI,064,normal_speech,clean_pool,6be4ce65593452969e791f6420be767e4542caa74e66a95e0679289589d8d099,16000,1,2,48000,3.0,-23.74,0.3571,0.0
zIdv2NDRExI_seg_065.wav,data/interim/segmented_clean_relaxed/normal_speech/zIdv2NDRExI_seg_065.wav,zIdv2NDRExI,065,normal_speech,clean_pool,7142bb6a0a17de32c4b8dc9df2498fbd936aa6bfecc4a5f47ad3945cf4a6ad2a,16000,1,2,48000,3.0,-24.19,0.337,0.0
zIdv2NDRExI_seg_066.wav,data/interim/segmented_clean_relaxed/normal_speech/zIdv2NDRExI_seg_066.wav,zIdv2NDRExI,066,normal_speech,clean_pool,ed0e268adbefaa5efb22a25a8261ede9efe13ce8996b6fed59aab8e8352ba052,16000,1,2,48000,3.0,-24.42,0.4355,0.0
zIdv2NDRExI_seg_067.wav,data/interim/segmented_clean_relaxed/normal_speech/zIdv2NDRExI_seg_067.wav,zIdv2NDRExI,067,normal_speech,clean_pool,8d5e73e4e693c340e64abb9bee7c5e9ef8ec1d93417f12eca4d9589392aed222,16000,1,2,48000,3.0,-25.62,0.3679,0.0
zIdv2NDRExI_seg_068.wav,data/interim/segmented_clean_relaxed/normal_speech/zIdv2NDRExI_seg_068.wav,zIdv2NDRExI,068,normal_speech,clean_pool,19fe7f9925a44a99bd8d37316ee497ef72cde8cf5b693ee953a0cf49b1cce240,16000,1,2,48000,3.0,-26.29,0.4505,0.0
zIdv2NDRExI_seg_069.wav,data/interim/segmented_clean_relaxed/normal_speech/zIdv2NDRExI_seg_069.wav,zIdv2NDRExI,069,normal_speech,clean_pool,3d5a330760b3003b47f603ee6578eb4d893f918af6429367436b0074f59bb962,16000,1,2,48000,3.0,-24.97,0.2861,0.0
zIdv2NDRExI_seg_070.wav,data/interim/segmented_clean_relaxed/normal_speech/zIdv2NDRExI_seg_070.wav,zIdv2NDRExI,070,normal_speech,clean_pool,4b9012f471e2606eae9e443e06cf4463e40ee8d729ca14b4eaea61af5608a630,16000,1,2,48000,3.0,-25.97,0.5052,0.0
zIdv2NDRExI_seg_071.wav,data/interim/segmented_clean_relaxed/normal_speech/zIdv2NDRExI_seg_071.wav,zIdv2NDRExI,071,normal_speech,clean_pool,a00ff6dfbaf993a12223a7d04c2b57242362f6e3bbb86ee1942faba6c346ee0f,16000,1,2,48000,3.0,-26.26,0.3367,0.0
zIdv2NDRExI_seg_072.wav,data/interim/segmented_clean_relaxed/normal_speech/zIdv2NDRExI_seg_072.wav,zIdv2NDRExI,072,normal_speech,clean_pool,c627f33b8386fcf87100af6b4ba1b5b605344d0dd91aee69fa711b54061ed0e6,16000,1,2,48000,3.0,-26.09,0.4179,0.0
zIdv2NDRExI_seg_073.wav,data/interim/segmented_clean_relaxed/normal_speech/zIdv2NDRExI_seg_073.wav,zIdv2NDRExI,073,normal_speech,clean_pool,c89286bf31b8400bceb4d187394bc50d573fabc301e4ce67a2e0815f2cc733d2,16000,1,2,48000,3.0,-25.75,0.3841,0.0
zIdv2NDRExI_seg_074.wav,data/interim/segmented_clean_relaxed/normal_speech/zIdv2NDRExI_seg_074.wav,zIdv2NDRExI,074,normal_speech,clean_pool,1c04e593a9cb1d8337a9e34c0f524629bcb8385b32388793d9bdadaccc660128,16000,1,2,48000,3.0,-26.49,0.3945,0.0
zIdv2NDRExI_seg_075.wav,data/interim/segmented_clean_relaxed/normal_speech/zIdv2NDRExI_seg_075.wav,zIdv2NDRExI,075,normal_speech,clean_pool,2d9d8b04e6aa7ec7a7767ddf5ea11902427c561864117d2c8a86b43a1f4ff2b9,16000,1,2,48000,3.0,-27.42,0.5215,0.0
zIdv2NDRExI_seg_076.wav,data/interim/segmented_clean_relaxed/normal_speech/zIdv2NDRExI_seg_076.wav,zIdv2NDRExI,076,normal_speech,clean_pool,b736220ffa8b5c08998a07a3a1e220ce66cca076fdc3fcff835e58244894c1d6,16000,1,2,48000,3.0,-26.45,0.2389,0.0
zIdv2NDRExI_seg_077.wav,data/interim/segmented_clean_relaxed/normal_speech/zIdv2NDRExI_seg_077.wav,zIdv2NDRExI,077,normal_speech,clean_pool,0ae2ebf450d14a54e5c59dcf5c7c6c44e9815616b9b9e0fd76c06961bb196d5e,16000,1,2,48000,3.0,-25.77,0.377,0.0
zIdv2NDRExI_seg_078.wav,data/interim/segmented_clean_relaxed/normal_speech/zIdv2NDRExI_seg_078.wav,zIdv2NDRExI,078,normal_speech,clean_pool,f04172762a76bff79fe60711030a2629fce082da6af8900b1b056498dbf9024a,16000,1,2,48000,3.0,-27.68,0.5125,0.0
zIdv2NDRExI_seg_079.wav,data/interim/segmented_clean_relaxed/normal_speech/zIdv2NDRExI_seg_079.wav,zIdv2NDRExI,079,normal_speech,clean_pool,e1d71759ac2f06dc8bec5f624282ea099c92af99ec7a16326bac502efb2685a8,16000,1,2,48000,3.0,-25.63,0.4412,0.0
zIdv2NDRExI_seg_080.wav,data/interim/segmented_clean_relaxed/normal_speech/zIdv2NDRExI_seg_080.wav,zIdv2NDRExI,080,normal_speech,clean_pool,4dfe93ffd3d2498e6e78c62536ebad4009672ab11946899d25730fdf8acf8d81,16000,1,2,48000,3.0,-25.93,0.482,0.0
zIdv2NDRExI_seg_081.wav,data/interim/segmented_clean_relaxed/normal_speech/zIdv2NDRExI_seg_081.wav,zIdv2NDRExI,081,normal_speech,clean_pool,ac7f9cbe1a135fe2e07e9a4bde31122c74d7282a67f7d0307104af9041b17d51,16000,1,2,48000,3.0,-25.69,0.3836,0.0
zIdv2NDRExI_seg_082.wav,data/interim/segmented_clean_relaxed/normal_speech/zIdv2NDRExI_seg_082.wav,zIdv2NDRExI,082,normal_speech,clean_pool,a5fd5d32133ed657b3a81907d483d46c9d0d76ca69ce91d13fcaa3d923bd865a,16000,1,2,34720,2.17,-29.44,0.6069,0.0
