path,filename,video_id,ok_read,sample_rate,channels,duration_s,rms_dbfs,peak_dbfs,silence_ratio,clipping_ratio,keep_auto,reason
data/interim/segmented/normal_speech/7OHCOFFUamQ_seg_000.wav,7OHCOFFUamQ_seg_000.wav,7OHCOFFUamQ,True,16000,1,3.0,-17.2053,-0.5442,0.0892,0.0,True,ok
data/interim/segmented/normal_speech/7OHCOFFUamQ_seg_001.wav,7OHCOFFUamQ_seg_001.wav,7OHCOFFUamQ,True,16000,1,3.0,-15.2054,-0.4781,0.1645,0.0,True,ok
data/interim/segmented/normal_speech/7OHCOFFUamQ_seg_002.wav,7OHCOFFUamQ_seg_002.wav,7OHCOFFUamQ,True,16000,1,3.0,-15.3865,-0.3268,0.152,0.0,True,ok
data/interim/segmented/normal_speech/7OHCOFFUamQ_seg_003.wav,7OHCOFFUamQ_seg_003.wav,7OHCOFFUamQ,True,16000,1,3.0,-14.6575,-0.3566,0.1633,0.0,True,ok
data/interim/segmented/normal_speech/7OHCOFFUamQ_seg_004.wav,7OHCOFFUamQ_seg_004.wav,7OHCOFFUamQ,True,16000,1,3.0,-14.9648,-0.3784,0.0849,0.0,True,ok
data/interim/segmented/normal_speech/7OHCOFFUamQ_seg_005.wav,7OHCOFFUamQ_seg_005.wav,7OHCOFFUamQ,True,16000,1,3.0,-15.8336,-0.4969,0.1288,0.0,True,ok
data/interim/segmented/normal_speech/7OHCOFFUamQ_seg_006.wav,7OHCOFFUamQ_seg_006.wav,7OHCOFFUamQ,True,16000,1,3.0,-14.8734,-0.329,0.1226,0.0,True,ok
data/interim/segmented/normal_speech/7OHCOFFUamQ_seg_007.wav,7OHCOFFUamQ_seg_007.wav,7OHCOFFUamQ,True,16000,1,3.0,-15.2873,-0.3992,0.0966,0.0,True,ok
data/interim/segmented/normal_speech/7OHCOFFUamQ_seg_008.wav,7OHCOFFUamQ_seg_008.wav,7OHCOFFUamQ,True,16000,1,3.0,-15.266,-0.2884,0.1577,0.0,True,ok
data/interim/segmented/normal_speech/7OHCOFFUamQ_seg_009.wav,7OHCOFFUamQ_seg_009.wav,7OHCOFFUamQ,True,16000,1,3.0,-13.9426,-0.5428,0.0838,0.0,True,ok
data/interim/segmented/normal_speech/7OHCOFFUamQ_seg_010.wav,7OHCOFFUamQ_seg_010.wav,7OHCOFFUamQ,True,16000,1,3.0,-14.3593,-0.2966,0.0941,0.0,True,ok
data/interim/segmented/normal_speech/7OHCOFFUamQ_seg_011.wav,7OHCOFFUamQ_seg_011.wav,7OHCOFFUamQ,True,16000,1,3.0,-17.0121,-0.1965,0.1902,0.0,True,ok
data/interim/segmented/normal_speech/7OHCOFFUamQ_seg_012.wav,7OHCOFFUamQ_seg_012.wav,7OHCOFFUamQ,True,16000,1,3.0,-14.9974,-0.3831,0.0942,0.0,True,ok
data/interim/segmented/normal_speech/7OHCOFFUamQ_seg_013.wav,7OHCOFFUamQ_seg_013.wav,7OHCOFFUamQ,True,16000,1,3.0,-12.9727,-0.4014,0.0816,0.0,True,ok
data/interim/segmented/normal_speech/7OHCOFFUamQ_seg_014.wav,7OHCOFFUamQ_seg_014.wav,7OHCOFFUamQ,True,16000,1,3.0,-14.8343,-0.3552,0.1192,0.0,True,ok
data/interim/segmented/normal_speech/7OHCOFFUamQ_seg_015.wav,7OHCOFFUamQ_seg_015.wav,7OHCOFFUamQ,True,16000,1,3.0,-15.524,-0.1306,0.1792,0.0,True,ok
data/interim/segmented/normal_speech/7OHCOFFUamQ_seg_016.wav,7OHCOFFUamQ_seg_016.wav,7OHCOFFUamQ,True,16000,1,3.0,-15.4707,-0.3998,0.081,0.0,True,ok
data/interim/segmented/normal_speech/7OHCOFFUamQ_seg_017.wav,7OHCOFFUamQ_seg_017.wav,7OHCOFFUamQ,True,16000,1,3.0,-14.9513,-0.4421,0.1216,0.0,True,ok
data/interim/segmented/normal_speech/7OHCOFFUamQ_seg_018.wav,7OHCOFFUamQ_seg_018.wav,7OHCOFFUamQ,True,16000,1,3.0,-12.8995,-0.2351,0.069,0.0,True,ok
data/interim/segmented/normal_speech/7OHCOFFUamQ_seg_019.wav,7OHCOFFUamQ_seg_019.wav,7OHCOFFUamQ,True,16000,1,3.0,-14.1216,-0.3522,0.1111,0.0,True,ok
data/interim/segmented/normal_speech/7OHCOFFUamQ_seg_020.wav,7OHCOFFUamQ_seg_020.wav,7OHCOFFUamQ,True,16000,1,3.0,-13.7816,-0.4231,0.1438,0.0,True,ok
data/interim/segmented/normal_speech/7OHCOFFUamQ_seg_021.wav,7OHCOFFUamQ_seg_021.wav,7OHCOFFUamQ,True,16000,1,3.0,-15.2559,-0.6321,0.1318,0.0,True,ok
data/interim/segmented/normal_speech/7OHCOFFUamQ_seg_022.wav,7OHCOFFUamQ_seg_022.wav,7OHCOFFUamQ,True,16000,1,3.0,-15.1672,-0.3555,0.1121,0.0,True,ok
data/interim/segmented/normal_speech/7OHCOFFUamQ_seg_023.wav,7OHCOFFUamQ_seg_023.wav,7OHCOFFUamQ,True,16000,1,3.0,-14.8855,-0.4896,0.1025,0.0,True,ok
data/interim/segmented/normal_speech/7OHCOFFUamQ_seg_024.wav,7OHCOFFUamQ_seg_024.wav,7OHCOFFUamQ,True,16000,1,3.0,-16.4094,-0.3345,0.1471,0.0,True,ok
data/interim/segmented/normal_speech/7OHCOFFUamQ_seg_025.wav,7OHCOFFUamQ_seg_025.wav,7OHCOFFUamQ,True,16000,1,3.0,-13.6696,-0.2982,0.094,0.0,True,ok
data/interim/segmented/normal_speech/7OHCOFFUamQ_seg_026.wav,7OHCOFFUamQ_seg_026.wav,7OHCOFFUamQ,True,16000,1,3.0,-14.8749,-0.3895,0.1437,0.0,True,ok
data/interim/segmented/normal_speech/7OHCOFFUamQ_seg_027.wav,7OHCOFFUamQ_seg_027.wav,7OHCOFFUamQ,True,16000,1,3.0,-14.9957,-0.4343,0.142,0.0,True,ok
data/interim/segmented/normal_speech/7OHCOFFUamQ_seg_028.wav,7OHCOFFUamQ_seg_028.wav,7OHCOFFUamQ,True,16000,1,3.0,-14.733,-0.1716,0.1153,0.0,True,ok
data/interim/segmented/normal_speech/7OHCOFFUamQ_seg_029.wav,7OHCOFFUamQ_seg_029.wav,7OHCOFFUamQ,True,16000,1,3.0,-15.4186,-0.3519,0.2898,0.0,True,ok
data/interim/segmented/normal_speech/7OHCOFFUamQ_seg_030.wav,7OHCOFFUamQ_seg_030.wav,7OHCOFFUamQ,True,16000,1,3.0,-15.0607,-0.6065,0.0789,0.0,True,ok
data/interim/segmented/normal_speech/7OHCOFFUamQ_seg_031.wav,7OHCOFFUamQ_seg_031.wav,7OHCOFFUamQ,True,16000,1,3.0,-15.6942,-0.1427,0.1979,0.0,True,ok
data/interim/segmented/normal_speech/7OHCOFFUamQ_seg_032.wav,7OHCOFFUamQ_seg_032.wav,7OHCOFFUamQ,True,16000,1,3.0,-14.3368,-0.3558,0.2049,0.0,True,ok
data/interim/segmented/normal_speech/7OHCOFFUamQ_seg_033.wav,7OHCOFFUamQ_seg_033.wav,7OHCOFFUamQ,True,16000,1,3.0,-13.791,-0.0572,0.094,0.0,True,ok
data/interim/segmented/normal_speech/7OHCOFFUamQ_seg_034.wav,7OHCOFFUamQ_seg_034.wav,7OHCOFFUamQ,True,16000,1,3.0,-14.6234,-0.1884,0.2012,0.0,True,ok
data/interim/segmented/normal_speech/7OHCOFFUamQ_seg_035.wav,7OHCOFFUamQ_seg_035.wav,7OHCOFFUamQ,True,16000,1,3.0,-13.8836,-0.2384,0.1209,0.0,True,ok
data/interim/segmented/normal_speech/7OHCOFFUamQ_seg_036.wav,7OHCOFFUamQ_seg_036.wav,7OHCOFFUamQ,True,16000,1,3.0,-15.5298,-0.3806,0.159,0.0,True,ok
data/interim/segmented/normal_speech/7OHCOFFUamQ_seg_037.wav,7OHCOFFUamQ_seg_037.wav,7OHCOFFUamQ,True,16000,1,3.0,-16.52,-0.2457,0.1644,0.0,True,ok
data/interim/segmented/normal_speech/7OHCOFFUamQ_seg_038.wav,7OHCOFFUamQ_seg_038.wav,7OHCOFFUamQ,True,16000,1,3.0,-14.4147,-0.2136,0.195,0.0,True,ok
data/interim/segmented/normal_speech/7OHCOFFUamQ_seg_039.wav,7OHCOFFUamQ_seg_039.wav,7OHCOFFUamQ,True,16000,1,3.0,-14.3668,-0.3549,0.165,0.0,True,ok
data/interim/segmented/normal_speech/7OHCOFFUamQ_seg_040.wav,7OHCOFFUamQ_seg_040.wav,7OHCOFFUamQ,True,16000,1,3.0,-15.7639,-0.3555,0.0947,0.0,True,ok
data/interim/segmented/normal_speech/7OHCOFFUamQ_seg_041.wav,7OHCOFFUamQ_seg_041.wav,7OHCOFFUamQ,True,16000,1,3.0,-16.5228,-0.3331,0.1242,0.0,True,ok
data/interim/segmented/normal_speech/7OHCOFFUamQ_seg_042.wav,7OHCOFFUamQ_seg_042.wav,7OHCOFFUamQ,True,16000,1,3.0,-14.9296,-0.5628,0.0923,0.0,True,ok
data/interim/segmented/normal_speech/7OHCOFFUamQ_seg_043.wav,7OHCOFFUamQ_seg_043.wav,7OHCOFFUamQ,True,16000,1,3.0,-18.331,-0.6378,0.1223,0.0,True,ok
data/interim/segmented/normal_speech/7OHCOFFUamQ_seg_044.wav,7OHCOFFUamQ_seg_044.wav,7OHCOFFUamQ,True,16000,1,3.0,-26.436,-8.9364,0.1614,0.0,True,ok
data/interim/segmented/normal_speech/7OHCOFFUamQ_seg_045.wav,7OHCOFFUamQ_seg_045.wav,7OHCOFFUamQ,True,16000,1,3.0,-26.475,-9.1382,0.1446,0.0,True,ok
data/interim/segmented/normal_speech/7OHCOFFUamQ_seg_046.wav,7OHCOFFUamQ_seg_046.wav,7OHCOFFUamQ,True,16000,1,3.0,-17.2215,-0.5295,0.287,0.0,True,ok
data/interim/segmented/normal_speech/7OHCOFFUamQ_seg_047.wav,7OHCOFFUamQ_seg_047.wav,7OHCOFFUamQ,True,16000,1,3.0,-14.6998,-0.4683,0.1163,0.0,True,ok
data/interim/segmented/normal_speech/7OHCOFFUamQ_seg_048.wav,7OHCOFFUamQ_seg_048.wav,7OHCOFFUamQ,True,16000,1,3.0,-15.7354,-0.3804,0.2425,0.0,True,ok
data/interim/segmented/normal_speech/7OHCOFFUamQ_seg_049.wav,7OHCOFFUamQ_seg_049.wav,7OHCOFFUamQ,True,16000,1,3.0,-15.3788,-0.4259,0.2012,0.0,True,ok
data/interim/segmented/normal_speech/7OHCOFFUamQ_seg_050.wav,7OHCOFFUamQ_seg_050.wav,7OHCOFFUamQ,True,16000,1,3.0,-13.673,-0.2788,0.0842,0.0,True,ok
data/interim/segmented/normal_speech/7OHCOFFUamQ_seg_051.wav,7OHCOFFUamQ_seg_051.wav,7OHCOFFUamQ,True,16000,1,3.0,-15.041,-0.3906,0.1936,0.0,True,ok
data/interim/segmented/normal_speech/7OHCOFFUamQ_seg_052.wav,7OHCOFFUamQ_seg_052.wav,7OHCOFFUamQ,True,16000,1,3.0,-14.9514,-0.2941,0.1451,0.0,True,ok
data/interim/segmented/normal_speech/7OHCOFFUamQ_seg_053.wav,7OHCOFFUamQ_seg_053.wav,7OHCOFFUamQ,True,16000,1,3.0,-15.2941,-0.0943,0.224,0.0,True,ok
data/interim/segmented/normal_speech/7OHCOFFUamQ_seg_054.wav,7OHCOFFUamQ_seg_054.wav,7OHCOFFUamQ,True,16000,1,3.0,-14.2954,-0.4031,0.1395,0.0,True,ok
data/interim/segmented/normal_speech/7OHCOFFUamQ_seg_055.wav,7OHCOFFUamQ_seg_055.wav,7OHCOFFUamQ,True,16000,1,3.0,-15.6508,-0.4613,0.1923,0.0,True,ok
data/interim/segmented/normal_speech/7OHCOFFUamQ_seg_056.wav,7OHCOFFUamQ_seg_056.wav,7OHCOFFUamQ,True,16000,1,3.0,-15.723,-0.3942,0.2223,0.0,True,ok
data/interim/segmented/normal_speech/7OHCOFFUamQ_seg_057.wav,7OHCOFFUamQ_seg_057.wav,7OHCOFFUamQ,True,16000,1,3.0,-15.4312,-0.3746,0.1142,0.0,True,ok
data/interim/segmented/normal_speech/7OHCOFFUamQ_seg_058.wav,7OHCOFFUamQ_seg_058.wav,7OHCOFFUamQ,True,16000,1,3.0,-15.0964,-0.2963,0.1621,0.0,True,ok
data/interim/segmented/normal_speech/7OHCOFFUamQ_seg_059.wav,7OHCOFFUamQ_seg_059.wav,7OHCOFFUamQ,True,16000,1,3.0,-15.6325,-0.4476,0.126,0.0,True,ok
data/interim/segmented/normal_speech/7OHCOFFUamQ_seg_060.wav,7OHCOFFUamQ_seg_060.wav,7OHCOFFUamQ,True,16000,1,3.0,-15.3622,-0.3387,0.2039,0.0,True,ok
data/interim/segmented/normal_speech/7OHCOFFUamQ_seg_061.wav,7OHCOFFUamQ_seg_061.wav,7OHCOFFUamQ,True,16000,1,3.0,-15.2991,-0.3649,0.1198,0.0,True,ok
data/interim/segmented/normal_speech/7OHCOFFUamQ_seg_062.wav,7OHCOFFUamQ_seg_062.wav,7OHCOFFUamQ,True,16000,1,3.0,-13.7395,-0.3282,0.0769,0.0,True,ok
data/interim/segmented/normal_speech/7OHCOFFUamQ_seg_063.wav,7OHCOFFUamQ_seg_063.wav,7OHCOFFUamQ,True,16000,1,3.0,-16.4262,-0.5155,0.2464,0.0,True,ok
data/interim/segmented/normal_speech/7OHCOFFUamQ_seg_064.wav,7OHCOFFUamQ_seg_064.wav,7OHCOFFUamQ,True,16000,1,3.0,-14.4715,-0.0072,0.1325,2.1e-05,True,ok
data/interim/segmented/normal_speech/7OHCOFFUamQ_seg_065.wav,7OHCOFFUamQ_seg_065.wav,7OHCOFFUamQ,True,16000,1,3.0,-15.5761,-0.3978,0.1318,0.0,True,ok
data/interim/segmented/normal_speech/7OHCOFFUamQ_seg_066.wav,7OHCOFFUamQ_seg_066.wav,7OHCOFFUamQ,True,16000,1,3.0,-15.1094,-0.3646,0.1095,0.0,True,ok
data/interim/segmented/normal_speech/7OHCOFFUamQ_seg_067.wav,7OHCOFFUamQ_seg_067.wav,7OHCOFFUamQ,True,16000,1,3.0,-16.5343,-0.2845,0.1221,0.0,True,ok
data/interim/segmented/normal_speech/7OHCOFFUamQ_seg_068.wav,7OHCOFFUamQ_seg_068.wav,7OHCOFFUamQ,True,16000,1,3.0,-14.1414,-0.2615,0.1655,0.0,True,ok
data/interim/segmented/normal_speech/7OHCOFFUamQ_seg_069.wav,7OHCOFFUamQ_seg_069.wav,7OHCOFFUamQ,True,16000,1,3.0,-14.5748,-0.2919,0.1921,0.0,True,ok
data/interim/segmented/normal_speech/7OHCOFFUamQ_seg_070.wav,7OHCOFFUamQ_seg_070.wav,7OHCOFFUamQ,True,16000,1,3.0,-14.8804,-0.3737,0.0967,0.0,True,ok
data/interim/segmented/normal_speech/7OHCOFFUamQ_seg_071.wav,7OHCOFFUamQ_seg_071.wav,7OHCOFFUamQ,True,16000,1,3.0,-14.6832,-0.4379,0.1713,0.0,True,ok
data/interim/segmented/normal_speech/7OHCOFFUamQ_seg_072.wav,7OHCOFFUamQ_seg_072.wav,7OHCOFFUamQ,True,16000,1,3.0,-15.6695,-0.3867,0.0881,0.0,True,ok
data/interim/segmented/normal_speech/7OHCOFFUamQ_seg_073.wav,7OHCOFFUamQ_seg_073.wav,7OHCOFFUamQ,True,16000,1,3.0,-15.6821,-0.3779,0.1446,0.0,True,ok
data/interim/segmented/normal_speech/7OHCOFFUamQ_seg_074.wav,7OHCOFFUamQ_seg_074.wav,7OHCOFFUamQ,True,16000,1,3.0,-15.2052,-0.384,0.1477,0.0,True,ok
data/interim/segmented/normal_speech/7OHCOFFUamQ_seg_075.wav,7OHCOFFUamQ_seg_075.wav,7OHCOFFUamQ,True,16000,1,3.0,-15.3016,-0.3403,0.1286,0.0,True,ok
data/interim/segmented/normal_speech/7OHCOFFUamQ_seg_076.wav,7OHCOFFUamQ_seg_076.wav,7OHCOFFUamQ,True,16000,1,3.0,-14.7805,-0.3585,0.0839,0.0,True,ok
data/interim/segmented/normal_speech/7OHCOFFUamQ_seg_077.wav,7OHCOFFUamQ_seg_077.wav,7OHCOFFUamQ,True,16000,1,3.0,-15.2767,-0.4778,0.1854,0.0,True,ok
data/interim/segmented/normal_speech/7OHCOFFUamQ_seg_078.wav,7OHCOFFUamQ_seg_078.wav,7OHCOFFUamQ,True,16000,1,3.0,-15.1772,-0.3472,0.1446,0.0,True,ok
data/interim/segmented/normal_speech/7OHCOFFUamQ_seg_079.wav,7OHCOFFUamQ_seg_079.wav,7OHCOFFUamQ,True,16000,1,3.0,-17.0801,-0.4337,0.2993,0.0,True,ok
data/interim/segmented/normal_speech/7OHCOFFUamQ_seg_080.wav,7OHCOFFUamQ_seg_080.wav,7OHCOFFUamQ,True,16000,1,3.0,-15.067,-0.304,0.1495,0.0,True,ok
data/interim/segmented/normal_speech/7OHCOFFUamQ_seg_081.wav,7OHCOFFUamQ_seg_081.wav,7OHCOFFUamQ,True,16000,1,3.0,-13.8616,-0.5031,0.1219,0.0,True,ok
data/interim/segmented/normal_speech/7OHCOFFUamQ_seg_082.wav,7OHCOFFUamQ_seg_082.wav,7OHCOFFUamQ,True,16000,1,3.0,-15.6956,-0.3221,0.2399,0.0,True,ok
data/interim/segmented/normal_speech/7OHCOFFUamQ_seg_083.wav,7OHCOFFUamQ_seg_083.wav,7OHCOFFUamQ,True,16000,1,3.0,-16.8302,-0.4552,0.2025,0.0,True,ok
data/interim/segmented/normal_speech/7OHCOFFUamQ_seg_084.wav,7OHCOFFUamQ_seg_084.wav,7OHCOFFUamQ,True,16000,1,3.0,-14.67,-0.326,0.1614,0.0,True,ok
data/interim/segmented/normal_speech/7OHCOFFUamQ_seg_085.wav,7OHCOFFUamQ_seg_085.wav,7OHCOFFUamQ,True,16000,1,3.0,-14.8028,-0.4613,0.1487,0.0,True,ok
data/interim/segmented/normal_speech/7OHCOFFUamQ_seg_086.wav,7OHCOFFUamQ_seg_086.wav,7OHCOFFUamQ,True,16000,1,3.0,-16.6715,-0.1416,0.202,0.0,True,ok
data/interim/segmented/normal_speech/7OHCOFFUamQ_seg_087.wav,7OHCOFFUamQ_seg_087.wav,7OHCOFFUamQ,True,16000,1,3.0,-14.9042,-0.3582,0.145,0.0,True,ok
data/interim/segmented/normal_speech/7OHCOFFUamQ_seg_088.wav,7OHCOFFUamQ_seg_088.wav,7OHCOFFUamQ,True,16000,1,3.0,-14.4236,-0.4773,0.1918,0.0,True,ok
data/interim/segmented/normal_speech/7OHCOFFUamQ_seg_089.wav,7OHCOFFUamQ_seg_089.wav,7OHCOFFUamQ,True,16000,1,3.0,-14.3512,-0.3519,0.1227,0.0,True,ok
data/interim/segmented/normal_speech/7OHCOFFUamQ_seg_090.wav,7OHCOFFUamQ_seg_090.wav,7OHCOFFUamQ,True,16000,1,3.0,-15.2604,-0.4969,0.2411,0.0,True,ok
data/interim/segmented/normal_speech/7OHCOFFUamQ_seg_091.wav,7OHCOFFUamQ_seg_091.wav,7OHCOFFUamQ,True,16000,1,3.0,-15.0879,-0.3032,0.1315,0.0,True,ok
data/interim/segmented/normal_speech/7OHCOFFUamQ_seg_092.wav,7OHCOFFUamQ_seg_092.wav,7OHCOFFUamQ,True,16000,1,3.0,-13.6309,-0.1527,0.1684,0.0,True,ok
data/interim/segmented/normal_speech/7OHCOFFUamQ_seg_093.wav,7OHCOFFUamQ_seg_093.wav,7OHCOFFUamQ,True,16000,1,3.0,-13.3519,-0.5135,0.147,0.0,True,ok
data/interim/segmented/normal_speech/7OHCOFFUamQ_seg_094.wav,7OHCOFFUamQ_seg_094.wav,7OHCOFFUamQ,True,16000,1,3.0,-14.756,-0.3704,0.1389,0.0,True,ok
data/interim/segmented/normal_speech/7OHCOFFUamQ_seg_095.wav,7OHCOFFUamQ_seg_095.wav,7OHCOFFUamQ,True,16000,1,3.0,-14.6213,-0.3987,0.1245,0.0,True,ok
data/interim/segmented/normal_speech/7OHCOFFUamQ_seg_096.wav,7OHCOFFUamQ_seg_096.wav,7OHCOFFUamQ,True,16000,1,3.0,-16.0051,-0.3059,0.1915,0.0,True,ok
data/interim/segmented/normal_speech/7OHCOFFUamQ_seg_097.wav,7OHCOFFUamQ_seg_097.wav,7OHCOFFUamQ,True,16000,1,3.0,-14.7236,-0.0391,0.1275,0.0,True,ok
data/interim/segmented/normal_speech/7OHCOFFUamQ_seg_098.wav,7OHCOFFUamQ_seg_098.wav,7OHCOFFUamQ,True,16000,1,3.0,-14.8001,-0.3285,0.1575,0.0,True,ok
data/interim/segmented/normal_speech/7OHCOFFUamQ_seg_099.wav,7OHCOFFUamQ_seg_099.wav,7OHCOFFUamQ,True,16000,1,3.0,-16.537,-0.2785,0.1768,0.0,True,ok
data/interim/segmented/normal_speech/7OHCOFFUamQ_seg_100.wav,7OHCOFFUamQ_seg_100.wav,7OHCOFFUamQ,True,16000,1,3.0,-16.2109,-0.222,0.1371,0.0,True,ok
data/interim/segmented/normal_speech/7OHCOFFUamQ_seg_101.wav,7OHCOFFUamQ_seg_101.wav,7OHCOFFUamQ,True,16000,1,3.0,-14.0439,-0.3668,0.1027,0.0,True,ok
data/interim/segmented/normal_speech/7OHCOFFUamQ_seg_102.wav,7OHCOFFUamQ_seg_102.wav,7OHCOFFUamQ,True,16000,1,3.0,-14.7715,-0.3243,0.1632,0.0,True,ok
data/interim/segmented/normal_speech/7OHCOFFUamQ_seg_103.wav,7OHCOFFUamQ_seg_103.wav,7OHCOFFUamQ,True,16000,1,3.0,-15.2271,-0.3428,0.1211,0.0,True,ok
data/interim/segmented/normal_speech/7OHCOFFUamQ_seg_104.wav,7OHCOFFUamQ_seg_104.wav,7OHCOFFUamQ,True,16000,1,3.0,-14.1406,-0.1559,0.0905,0.0,True,ok
data/interim/segmented/normal_speech/7OHCOFFUamQ_seg_105.wav,7OHCOFFUamQ_seg_105.wav,7OHCOFFUamQ,True,16000,1,3.0,-14.609,-0.2296,0.1477,0.0,True,ok
data/interim/segmented/normal_speech/7OHCOFFUamQ_seg_106.wav,7OHCOFFUamQ_seg_106.wav,7OHCOFFUamQ,True,16000,1,3.0,-15.1429,-0.596,0.2033,0.0,True,ok
data/interim/segmented/normal_speech/7OHCOFFUamQ_seg_107.wav,7OHCOFFUamQ_seg_107.wav,7OHCOFFUamQ,True,16000,1,3.0,-13.8578,-0.4156,0.109,0.0,True,ok
data/interim/segmented/normal_speech/7OHCOFFUamQ_seg_108.wav,7OHCOFFUamQ_seg_108.wav,7OHCOFFUamQ,True,16000,1,3.0,-13.8818,-0.2963,0.1228,0.0,True,ok
data/interim/segmented/normal_speech/7OHCOFFUamQ_seg_109.wav,7OHCOFFUamQ_seg_109.wav,7OHCOFFUamQ,True,16000,1,3.0,-16.9994,-0.2906,0.2381,0.0,True,ok
data/interim/segmented/normal_speech/7OHCOFFUamQ_seg_110.wav,7OHCOFFUamQ_seg_110.wav,7OHCOFFUamQ,True,16000,1,3.0,-15.0449,-0.2741,0.1205,0.0,True,ok
data/interim/segmented/normal_speech/7OHCOFFUamQ_seg_111.wav,7OHCOFFUamQ_seg_111.wav,7OHCOFFUamQ,True,16000,1,3.0,-14.7138,-0.206,0.1637,0.0,True,ok
data/interim/segmented/normal_speech/7OHCOFFUamQ_seg_112.wav,7OHCOFFUamQ_seg_112.wav,7OHCOFFUamQ,True,16000,1,3.0,-14.113,-0.3596,0.064,0.0,True,ok
data/interim/segmented/normal_speech/7OHCOFFUamQ_seg_113.wav,7OHCOFFUamQ_seg_113.wav,7OHCOFFUamQ,True,16000,1,3.0,-14.9844,-0.2925,0.152,0.0,True,ok
data/interim/segmented/normal_speech/7OHCOFFUamQ_seg_114.wav,7OHCOFFUamQ_seg_114.wav,7OHCOFFUamQ,True,16000,1,3.0,-14.5505,-0.2695,0.13,0.0,True,ok
data/interim/segmented/normal_speech/7OHCOFFUamQ_seg_115.wav,7OHCOFFUamQ_seg_115.wav,7OHCOFFUamQ,True,16000,1,3.0,-14.3533,-0.4882,0.1075,0.0,True,ok
data/interim/segmented/normal_speech/7OHCOFFUamQ_seg_116.wav,7OHCOFFUamQ_seg_116.wav,7OHCOFFUamQ,True,16000,1,3.0,-15.4304,-0.4599,0.1629,0.0,True,ok
data/interim/segmented/normal_speech/7OHCOFFUamQ_seg_117.wav,7OHCOFFUamQ_seg_117.wav,7OHCOFFUamQ,True,16000,1,3.0,-14.5934,-0.2378,0.1528,0.0,True,ok
data/interim/segmented/normal_speech/7OHCOFFUamQ_seg_118.wav,7OHCOFFUamQ_seg_118.wav,7OHCOFFUamQ,True,16000,1,3.0,-16.0654,-0.4351,0.2067,0.0,True,ok
data/interim/segmented/normal_speech/7OHCOFFUamQ_seg_119.wav,7OHCOFFUamQ_seg_119.wav,7OHCOFFUamQ,True,16000,1,3.0,-15.7853,-0.3909,0.1577,0.0,True,ok
data/interim/segmented/normal_speech/7OHCOFFUamQ_seg_120.wav,7OHCOFFUamQ_seg_120.wav,7OHCOFFUamQ,True,16000,1,3.0,-14.1491,-0.4062,0.1123,0.0,True,ok
data/interim/segmented/normal_speech/7OHCOFFUamQ_seg_121.wav,7OHCOFFUamQ_seg_121.wav,7OHCOFFUamQ,True,16000,1,3.0,-15.822,-0.3895,0.0898,0.0,True,ok
data/interim/segmented/normal_speech/7OHCOFFUamQ_seg_122.wav,7OHCOFFUamQ_seg_122.wav,7OHCOFFUamQ,True,16000,1,3.0,-13.176,-0.4357,0.1958,0.0,True,ok
data/interim/segmented/normal_speech/7OHCOFFUamQ_seg_123.wav,7OHCOFFUamQ_seg_123.wav,7OHCOFFUamQ,True,16000,1,3.0,-14.2368,-0.1258,0.1432,0.0,True,ok
data/interim/segmented/normal_speech/7OHCOFFUamQ_seg_124.wav,7OHCOFFUamQ_seg_124.wav,7OHCOFFUamQ,True,16000,1,3.0,-15.7143,-0.4279,0.1517,0.0,True,ok
data/interim/segmented/normal_speech/7OHCOFFUamQ_seg_125.wav,7OHCOFFUamQ_seg_125.wav,7OHCOFFUamQ,True,16000,1,3.0,-14.8511,-0.2739,0.1898,0.0,True,ok
data/interim/segmented/normal_speech/7OHCOFFUamQ_seg_126.wav,7OHCOFFUamQ_seg_126.wav,7OHCOFFUamQ,True,16000,1,3.0,-15.013,-0.1497,0.1082,0.0,True,ok
data/interim/segmented/normal_speech/7OHCOFFUamQ_seg_127.wav,7OHCOFFUamQ_seg_127.wav,7OHCOFFUamQ,True,16000,1,3.0,-13.1635,-0.3859,0.109,0.0,True,ok
data/interim/segmented/normal_speech/7OHCOFFUamQ_seg_128.wav,7OHCOFFUamQ_seg_128.wav,7OHCOFFUamQ,True,16000,1,3.0,-14.9459,-0.3746,0.1561,0.0,True,ok
data/interim/segmented/normal_speech/7OHCOFFUamQ_seg_129.wav,7OHCOFFUamQ_seg_129.wav,7OHCOFFUamQ,True,16000,1,3.0,-13.3681,-0.2427,0.1528,0.0,True,ok
data/interim/segmented/normal_speech/7OHCOFFUamQ_seg_130.wav,7OHCOFFUamQ_seg_130.wav,7OHCOFFUamQ,True,16000,1,3.0,-13.774,-0.5225,0.0881,0.0,True,ok
data/interim/segmented/normal_speech/7OHCOFFUamQ_seg_131.wav,7OHCOFFUamQ_seg_131.wav,7OHCOFFUamQ,True,16000,1,3.0,-15.1292,-0.2381,0.1412,0.0,True,ok
data/interim/segmented/normal_speech/7OHCOFFUamQ_seg_132.wav,7OHCOFFUamQ_seg_132.wav,7OHCOFFUamQ,True,16000,1,3.0,-15.7962,-0.3901,0.1936,0.0,True,ok
data/interim/segmented/normal_speech/7OHCOFFUamQ_seg_133.wav,7OHCOFFUamQ_seg_133.wav,7OHCOFFUamQ,True,16000,1,3.0,-14.5401,-0.3535,0.1011,0.0,True,ok
data/interim/segmented/normal_speech/7OHCOFFUamQ_seg_134.wav,7OHCOFFUamQ_seg_134.wav,7OHCOFFUamQ,True,16000,1,3.0,-14.8049,-0.3795,0.1353,0.0,True,ok
data/interim/segmented/normal_speech/7OHCOFFUamQ_seg_135.wav,7OHCOFFUamQ_seg_135.wav,7OHCOFFUamQ,True,16000,1,3.0,-14.9928,-0.3312,0.1518,0.0,True,ok
data/interim/segmented/normal_speech/7OHCOFFUamQ_seg_136.wav,7OHCOFFUamQ_seg_136.wav,7OHCOFFUamQ,True,16000,1,3.0,-15.2162,-0.4026,0.2251,0.0,True,ok
data/interim/segmented/normal_speech/7OHCOFFUamQ_seg_137.wav,7OHCOFFUamQ_seg_137.wav,7OHCOFFUamQ,True,16000,1,3.0,-15.2294,-0.4014,0.1629,0.0,True,ok
data/interim/segmented/normal_speech/7OHCOFFUamQ_seg_138.wav,7OHCOFFUamQ_seg_138.wav,7OHCOFFUamQ,True,16000,1,3.0,-17.3784,-0.4376,0.1756,0.0,True,ok
data/interim/segmented/normal_speech/7OHCOFFUamQ_seg_139.wav,7OHCOFFUamQ_seg_139.wav,7OHCOFFUamQ,True,16000,1,3.0,-17.4173,-0.3073,0.3102,0.0,True,ok
data/interim/segmented/normal_speech/7OHCOFFUamQ_seg_140.wav,7OHCOFFUamQ_seg_140.wav,7OHCOFFUamQ,True,16000,1,3.0,-14.9287,-0.2884,0.1285,0.0,True,ok
data/interim/segmented/normal_speech/7OHCOFFUamQ_seg_141.wav,7OHCOFFUamQ_seg_141.wav,7OHCOFFUamQ,True,16000,1,3.0,-15.4875,-0.2654,0.1872,0.0,True,ok
data/interim/segmented/normal_speech/7OHCOFFUamQ_seg_142.wav,7OHCOFFUamQ_seg_142.wav,7OHCOFFUamQ,True,16000,1,3.0,-14.4239,-0.3978,0.1892,0.0,True,ok
data/interim/segmented/normal_speech/7OHCOFFUamQ_seg_143.wav,7OHCOFFUamQ_seg_143.wav,7OHCOFFUamQ,True,16000,1,3.0,-15.9128,-0.2952,0.2765,0.0,True,ok
data/interim/segmented/normal_speech/7OHCOFFUamQ_seg_144.wav,7OHCOFFUamQ_seg_144.wav,7OHCOFFUamQ,True,16000,1,3.0,-16.5372,-0.1908,0.3226,0.0,True,ok
data/interim/segmented/normal_speech/7OHCOFFUamQ_seg_145.wav,7OHCOFFUamQ_seg_145.wav,7OHCOFFUamQ,True,16000,1,3.0,-15.223,-0.4312,0.1459,0.0,True,ok
data/interim/segmented/normal_speech/7OHCOFFUamQ_seg_146.wav,7OHCOFFUamQ_seg_146.wav,7OHCOFFUamQ,True,16000,1,3.0,-14.8706,-0.1808,0.2246,0.0,True,ok
data/interim/segmented/normal_speech/7OHCOFFUamQ_seg_147.wav,7OHCOFFUamQ_seg_147.wav,7OHCOFFUamQ,True,16000,1,3.0,-13.5393,-0.2637,0.1226,0.0,True,ok
data/interim/segmented/normal_speech/7OHCOFFUamQ_seg_148.wav,7OHCOFFUamQ_seg_148.wav,7OHCOFFUamQ,True,16000,1,3.0,-13.8447,-0.2758,0.1248,0.0,True,ok
data/interim/segmented/normal_speech/7OHCOFFUamQ_seg_149.wav,7OHCOFFUamQ_seg_149.wav,7OHCOFFUamQ,True,16000,1,3.0,-13.8359,-0.2449,0.2312,0.0,True,ok
data/interim/segmented/normal_speech/7OHCOFFUamQ_seg_150.wav,7OHCOFFUamQ_seg_150.wav,7OHCOFFUamQ,True,16000,1,3.0,-15.052,-0.3898,0.1699,0.0,True,ok
data/interim/segmented/normal_speech/7OHCOFFUamQ_seg_151.wav,7OHCOFFUamQ_seg_151.wav,7OHCOFFUamQ,True,16000,1,3.0,-16.5253,-0.5648,0.204,0.0,True,ok
data/interim/segmented/normal_speech/7OHCOFFUamQ_seg_152.wav,7OHCOFFUamQ_seg_152.wav,7OHCOFFUamQ,True,16000,1,3.0,-14.8136,-0.3334,0.0987,0.0,True,ok
data/interim/segmented/normal_speech/7OHCOFFUamQ_seg_153.wav,7OHCOFFUamQ_seg_153.wav,7OHCOFFUamQ,True,16000,1,3.0,-16.2409,-0.4067,0.1608,0.0,True,ok
data/interim/segmented/normal_speech/7OHCOFFUamQ_seg_154.wav,7OHCOFFUamQ_seg_154.wav,7OHCOFFUamQ,True,16000,1,3.0,-30.9462,-14.954,0.1996,0.0,True,ok
data/interim/segmented/normal_speech/7OHCOFFUamQ_seg_155.wav,7OHCOFFUamQ_seg_155.wav,7OHCOFFUamQ,True,16000,1,3.0,-11.9631,-0.0353,0.1434,0.0,True,ok
data/interim/segmented/normal_speech/7OHCOFFUamQ_seg_156.wav,7OHCOFFUamQ_seg_156.wav,7OHCOFFUamQ,True,16000,1,3.0,-17.2737,-0.5138,0.3916,0.0,True,ok
data/interim/segmented/normal_speech/7OHCOFFUamQ_seg_157.wav,7OHCOFFUamQ_seg_157.wav,7OHCOFFUamQ,True,16000,1,3.0,-14.6579,-0.3834,0.1575,0.0,True,ok
data/interim/segmented/normal_speech/7OHCOFFUamQ_seg_158.wav,7OHCOFFUamQ_seg_158.wav,7OHCOFFUamQ,True,16000,1,3.0,-16.0509,-0.4823,0.1471,0.0,True,ok
data/interim/segmented/normal_speech/7OHCOFFUamQ_seg_159.wav,7OHCOFFUamQ_seg_159.wav,7OHCOFFUamQ,True,16000,1,3.0,-15.1384,-0.3743,0.0858,0.0,True,ok
data/interim/segmented/normal_speech/7OHCOFFUamQ_seg_160.wav,7OHCOFFUamQ_seg_160.wav,7OHCOFFUamQ,True,16000,1,3.0,-13.6742,-0.5216,0.1029,0.0,True,ok
data/interim/segmented/normal_speech/7OHCOFFUamQ_seg_161.wav,7OHCOFFUamQ_seg_161.wav,7OHCOFFUamQ,True,16000,1,3.0,-15.5923,-0.5795,0.1668,0.0,True,ok
data/interim/segmented/normal_speech/7OHCOFFUamQ_seg_162.wav,7OHCOFFUamQ_seg_162.wav,7OHCOFFUamQ,True,16000,1,3.0,-15.7466,-0.5236,0.1718,0.0,True,ok
data/interim/segmented/normal_speech/7OHCOFFUamQ_seg_163.wav,7OHCOFFUamQ_seg_163.wav,7OHCOFFUamQ,True,16000,1,3.0,-14.7716,-0.3787,0.0785,0.0,True,ok
data/interim/segmented/normal_speech/7OHCOFFUamQ_seg_164.wav,7OHCOFFUamQ_seg_164.wav,7OHCOFFUamQ,True,16000,1,3.0,-14.9585,-0.3021,0.1464,0.0,True,ok
data/interim/segmented/normal_speech/7OHCOFFUamQ_seg_165.wav,7OHCOFFUamQ_seg_165.wav,7OHCOFFUamQ,True,16000,1,3.0,-16.0422,-0.4938,0.1886,0.0,True,ok
data/interim/segmented/normal_speech/7OHCOFFUamQ_seg_166.wav,7OHCOFFUamQ_seg_166.wav,7OHCOFFUamQ,True,16000,1,3.0,-14.6339,-0.456,0.1429,0.0,True,ok
data/interim/segmented/normal_speech/7OHCOFFUamQ_seg_167.wav,7OHCOFFUamQ_seg_167.wav,7OHCOFFUamQ,True,16000,1,3.0,-15.0318,-0.6153,0.1728,0.0,True,ok
data/interim/segmented/normal_speech/7OHCOFFUamQ_seg_168.wav,7OHCOFFUamQ_seg_168.wav,7OHCOFFUamQ,True,16000,1,3.0,-15.3976,-0.5417,0.1451,0.0,True,ok
data/interim/segmented/normal_speech/7OHCOFFUamQ_seg_169.wav,7OHCOFFUamQ_seg_169.wav,7OHCOFFUamQ,True,16000,1,3.0,-15.1674,-0.3638,0.142,0.0,True,ok
data/interim/segmented/normal_speech/7OHCOFFUamQ_seg_170.wav,7OHCOFFUamQ_seg_170.wav,7OHCOFFUamQ,True,16000,1,3.0,-13.7249,-0.3759,0.19,0.0,True,ok
data/interim/segmented/normal_speech/7OHCOFFUamQ_seg_171.wav,7OHCOFFUamQ_seg_171.wav,7OHCOFFUamQ,True,16000,1,3.0,-15.4698,-0.2267,0.2413,0.0,True,ok
data/interim/segmented/normal_speech/7OHCOFFUamQ_seg_172.wav,7OHCOFFUamQ_seg_172.wav,7OHCOFFUamQ,True,16000,1,3.0,-14.8539,-0.2845,0.0996,0.0,True,ok
data/interim/segmented/normal_speech/7OHCOFFUamQ_seg_173.wav,7OHCOFFUamQ_seg_173.wav,7OHCOFFUamQ,True,16000,1,3.0,-15.8769,-0.2859,0.1273,0.0,True,ok
data/interim/segmented/normal_speech/7OHCOFFUamQ_seg_174.wav,7OHCOFFUamQ_seg_174.wav,7OHCOFFUamQ,True,16000,1,3.0,-14.0416,-0.4792,0.1637,0.0,True,ok
data/interim/segmented/normal_speech/7OHCOFFUamQ_seg_175.wav,7OHCOFFUamQ_seg_175.wav,7OHCOFFUamQ,True,16000,1,3.0,-15.1965,-0.2711,0.2171,0.0,True,ok
data/interim/segmented/normal_speech/7OHCOFFUamQ_seg_176.wav,7OHCOFFUamQ_seg_176.wav,7OHCOFFUamQ,True,16000,1,3.0,-13.4991,-0.434,0.1082,0.0,True,ok
data/interim/segmented/normal_speech/7OHCOFFUamQ_seg_177.wav,7OHCOFFUamQ_seg_177.wav,7OHCOFFUamQ,True,16000,1,3.0,-14.6976,-0.4485,0.1071,0.0,True,ok
data/interim/segmented/normal_speech/7OHCOFFUamQ_seg_178.wav,7OHCOFFUamQ_seg_178.wav,7OHCOFFUamQ,True,16000,1,3.0,-16.079,-0.3376,0.1905,0.0,True,ok
data/interim/segmented/normal_speech/7OHCOFFUamQ_seg_179.wav,7OHCOFFUamQ_seg_179.wav,7OHCOFFUamQ,True,16000,1,3.0,-14.7739,-0.4203,0.1249,0.0,True,ok
data/interim/segmented/normal_speech/7OHCOFFUamQ_seg_180.wav,7OHCOFFUamQ_seg_180.wav,7OHCOFFUamQ,True,16000,1,3.0,-15.9026,-0.2747,0.2116,0.0,True,ok
data/interim/segmented/normal_speech/7OHCOFFUamQ_seg_181.wav,7OHCOFFUamQ_seg_181.wav,7OHCOFFUamQ,True,16000,1,3.0,-15.0628,-0.4913,0.1574,0.0,True,ok
data/interim/segmented/normal_speech/7OHCOFFUamQ_seg_182.wav,7OHCOFFUamQ_seg_182.wav,7OHCOFFUamQ,True,16000,1,3.0,-19.3974,-0.4173,0.1622,0.0,True,ok
data/interim/segmented/normal_speech/7OHCOFFUamQ_seg_183.wav,7OHCOFFUamQ_seg_183.wav,7OHCOFFUamQ,True,16000,1,3.0,-31.1579,-15.3019,0.2105,0.0,True,ok
data/interim/segmented/normal_speech/7OHCOFFUamQ_seg_184.wav,7OHCOFFUamQ_seg_184.wav,7OHCOFFUamQ,True,16000,1,3.0,-16.1967,-0.3232,0.1821,0.0,True,ok
data/interim/segmented/normal_speech/7OHCOFFUamQ_seg_185.wav,7OHCOFFUamQ_seg_185.wav,7OHCOFFUamQ,True,16000,1,3.0,-15.3633,-0.3837,0.1224,0.0,True,ok
data/interim/segmented/normal_speech/7OHCOFFUamQ_seg_186.wav,7OHCOFFUamQ_seg_186.wav,7OHCOFFUamQ,True,16000,1,3.0,-16.5848,-0.4874,0.2035,0.0,True,ok
data/interim/segmented/normal_speech/7OHCOFFUamQ_seg_187.wav,7OHCOFFUamQ_seg_187.wav,7OHCOFFUamQ,True,16000,1,3.0,-14.2528,-0.2594,0.1467,0.0,True,ok
data/interim/segmented/normal_speech/7OHCOFFUamQ_seg_188.wav,7OHCOFFUamQ_seg_188.wav,7OHCOFFUamQ,True,16000,1,3.0,-15.5196,-0.3177,0.2013,0.0,True,ok
data/interim/segmented/normal_speech/7OHCOFFUamQ_seg_189.wav,7OHCOFFUamQ_seg_189.wav,7OHCOFFUamQ,True,16000,1,3.0,-14.3583,-0.4602,0.1539,0.0,True,ok
data/interim/segmented/normal_speech/7OHCOFFUamQ_seg_190.wav,7OHCOFFUamQ_seg_190.wav,7OHCOFFUamQ,True,16000,1,3.0,-15.547,-0.278,0.1531,0.0,True,ok
data/interim/segmented/normal_speech/7OHCOFFUamQ_seg_191.wav,7OHCOFFUamQ_seg_191.wav,7OHCOFFUamQ,True,16000,1,3.0,-14.7791,-0.2444,0.1419,0.0,True,ok
data/interim/segmented/normal_speech/7OHCOFFUamQ_seg_192.wav,7OHCOFFUamQ_seg_192.wav,7OHCOFFUamQ,True,16000,1,3.0,-14.2041,-0.4513,0.197,0.0,True,ok
data/interim/segmented/normal_speech/7OHCOFFUamQ_seg_193.wav,7OHCOFFUamQ_seg_193.wav,7OHCOFFUamQ,True,16000,1,3.0,-15.1962,-0.5242,0.1282,0.0,True,ok
data/interim/segmented/normal_speech/7OHCOFFUamQ_seg_194.wav,7OHCOFFUamQ_seg_194.wav,7OHCOFFUamQ,True,16000,1,3.0,-14.6115,-0.2572,0.0579,0.0,True,ok
data/interim/segmented/normal_speech/7OHCOFFUamQ_seg_195.wav,7OHCOFFUamQ_seg_195.wav,7OHCOFFUamQ,True,16000,1,3.0,-14.3494,-0.424,0.2143,0.0,True,ok
data/interim/segmented/normal_speech/7OHCOFFUamQ_seg_196.wav,7OHCOFFUamQ_seg_196.wav,7OHCOFFUamQ,True,16000,1,3.0,-15.919,-0.3486,0.1331,0.0,True,ok
data/interim/segmented/normal_speech/7OHCOFFUamQ_seg_197.wav,7OHCOFFUamQ_seg_197.wav,7OHCOFFUamQ,True,16000,1,3.0,-16.8011,-0.4535,0.2149,0.0,True,ok
data/interim/segmented/normal_speech/7OHCOFFUamQ_seg_198.wav,7OHCOFFUamQ_seg_198.wav,7OHCOFFUamQ,True,16000,1,3.0,-17.4321,-0.337,0.2017,0.0,True,ok
data/interim/segmented/normal_speech/7OHCOFFUamQ_seg_199.wav,7OHCOFFUamQ_seg_199.wav,7OHCOFFUamQ,True,16000,1,3.0,-14.4951,-0.5264,0.1064,0.0,True,ok
data/interim/segmented/normal_speech/7OHCOFFUamQ_seg_200.wav,7OHCOFFUamQ_seg_200.wav,7OHCOFFUamQ,True,16000,1,3.0,-16.6377,-0.4513,0.3899,0.0,True,ok
data/interim/segmented/normal_speech/7OHCOFFUamQ_seg_201.wav,7OHCOFFUamQ_seg_201.wav,7OHCOFFUamQ,True,16000,1,3.0,-16.1603,-0.3823,0.1654,0.0,True,ok
data/interim/segmented/normal_speech/7OHCOFFUamQ_seg_202.wav,7OHCOFFUamQ_seg_202.wav,7OHCOFFUamQ,True,16000,1,3.0,-14.0157,-0.4823,0.2002,0.0,True,ok
data/interim/segmented/normal_speech/7OHCOFFUamQ_seg_203.wav,7OHCOFFUamQ_seg_203.wav,7OHCOFFUamQ,True,16000,1,3.0,-14.6488,-0.4178,0.104,0.0,True,ok
data/interim/segmented/normal_speech/7OHCOFFUamQ_seg_204.wav,7OHCOFFUamQ_seg_204.wav,7OHCOFFUamQ,True,16000,1,3.0,-15.0312,-0.2596,0.1445,0.0,True,ok
data/interim/segmented/normal_speech/7OHCOFFUamQ_seg_205.wav,7OHCOFFUamQ_seg_205.wav,7OHCOFFUamQ,True,16000,1,3.0,-14.4014,-0.5727,0.0586,0.0,True,ok
data/interim/segmented/normal_speech/7OHCOFFUamQ_seg_206.wav,7OHCOFFUamQ_seg_206.wav,7OHCOFFUamQ,True,16000,1,3.0,-15.6517,-0.4292,0.1152,0.0,True,ok
data/interim/segmented/normal_speech/7OHCOFFUamQ_seg_207.wav,7OHCOFFUamQ_seg_207.wav,7OHCOFFUamQ,True,16000,1,3.0,-15.4807,-0.5448,0.2132,0.0,True,ok
data/interim/segmented/normal_speech/7OHCOFFUamQ_seg_208.wav,7OHCOFFUamQ_seg_208.wav,7OHCOFFUamQ,True,16000,1,3.0,-13.5825,-0.3762,0.1312,0.0,True,ok
data/interim/segmented/normal_speech/7OHCOFFUamQ_seg_209.wav,7OHCOFFUamQ_seg_209.wav,7OHCOFFUamQ,True,16000,1,3.0,-15.582,-0.4717,0.1762,0.0,True,ok
data/interim/segmented/normal_speech/7OHCOFFUamQ_seg_210.wav,7OHCOFFUamQ_seg_210.wav,7OHCOFFUamQ,True,16000,1,3.0,-13.7588,-0.2397,0.1015,0.0,True,ok
data/interim/segmented/normal_speech/7OHCOFFUamQ_seg_211.wav,7OHCOFFUamQ_seg_211.wav,7OHCOFFUamQ,True,16000,1,3.0,-14.7704,-0.2643,0.169,0.0,True,ok
data/interim/segmented/normal_speech/7OHCOFFUamQ_seg_212.wav,7OHCOFFUamQ_seg_212.wav,7OHCOFFUamQ,True,16000,1,3.0,-15.3576,-0.2665,0.1002,0.0,True,ok
data/interim/segmented/normal_speech/7OHCOFFUamQ_seg_213.wav,7OHCOFFUamQ_seg_213.wav,7OHCOFFUamQ,True,16000,1,3.0,-14.2701,-0.2019,0.1401,0.0,True,ok
data/interim/segmented/normal_speech/7OHCOFFUamQ_seg_214.wav,7OHCOFFUamQ_seg_214.wav,7OHCOFFUamQ,True,16000,1,3.0,-14.3069,-0.0831,0.1083,0.0,True,ok
data/interim/segmented/normal_speech/7OHCOFFUamQ_seg_215.wav,7OHCOFFUamQ_seg_215.wav,7OHCOFFUamQ,True,16000,1,3.0,-14.565,-0.2228,0.1033,0.0,True,ok
data/interim/segmented/normal_speech/7OHCOFFUamQ_seg_216.wav,7OHCOFFUamQ_seg_216.wav,7OHCOFFUamQ,True,16000,1,3.0,-15.3455,-0.5129,0.1612,0.0,True,ok
data/interim/segmented/normal_speech/7OHCOFFUamQ_seg_217.wav,7OHCOFFUamQ_seg_217.wav,7OHCOFFUamQ,True,16000,1,3.0,-14.1698,-0.4223,0.0901,0.0,True,ok
data/interim/segmented/normal_speech/7OHCOFFUamQ_seg_218.wav,7OHCOFFUamQ_seg_218.wav,7OHCOFFUamQ,True,16000,1,3.0,-14.8852,-0.3649,0.1682,0.0,True,ok
data/interim/segmented/normal_speech/7OHCOFFUamQ_seg_219.wav,7OHCOFFUamQ_seg_219.wav,7OHCOFFUamQ,True,16000,1,3.0,-13.798,-0.3106,0.0736,0.0,True,ok
data/interim/segmented/normal_speech/7OHCOFFUamQ_seg_220.wav,7OHCOFFUamQ_seg_220.wav,7OHCOFFUamQ,True,16000,1,3.0,-14.6001,-0.3274,0.188,0.0,True,ok
data/interim/segmented/normal_speech/7OHCOFFUamQ_seg_221.wav,7OHCOFFUamQ_seg_221.wav,7OHCOFFUamQ,True,16000,1,3.0,-14.0257,-0.304,0.1074,0.0,True,ok
data/interim/segmented/normal_speech/7OHCOFFUamQ_seg_222.wav,7OHCOFFUamQ_seg_222.wav,7OHCOFFUamQ,True,16000,1,3.0,-14.3942,-0.4955,0.1127,0.0,True,ok
data/interim/segmented/normal_speech/7OHCOFFUamQ_seg_223.wav,7OHCOFFUamQ_seg_223.wav,7OHCOFFUamQ,True,16000,1,3.0,-13.717,-0.3271,0.1555,0.0,True,ok
data/interim/segmented/normal_speech/7OHCOFFUamQ_seg_224.wav,7OHCOFFUamQ_seg_224.wav,7OHCOFFUamQ,True,16000,1,3.0,-15.4111,-0.3759,0.1041,0.0,True,ok
data/interim/segmented/normal_speech/7OHCOFFUamQ_seg_225.wav,7OHCOFFUamQ_seg_225.wav,7OHCOFFUamQ,True,16000,1,3.0,-14.2012,-0.371,0.1119,0.0,True,ok
data/interim/segmented/normal_speech/7OHCOFFUamQ_seg_226.wav,7OHCOFFUamQ_seg_226.wav,7OHCOFFUamQ,True,16000,1,3.0,-15.0732,-0.234,0.168,0.0,True,ok
data/interim/segmented/normal_speech/7OHCOFFUamQ_seg_227.wav,7OHCOFFUamQ_seg_227.wav,7OHCOFFUamQ,True,16000,1,3.0,-15.49,-0.1665,0.1469,0.0,True,ok
data/interim/segmented/normal_speech/7OHCOFFUamQ_seg_228.wav,7OHCOFFUamQ_seg_228.wav,7OHCOFFUamQ,True,16000,1,3.0,-15.5225,-0.2237,0.1914,0.0,True,ok
data/interim/segmented/normal_speech/7OHCOFFUamQ_seg_229.wav,7OHCOFFUamQ_seg_229.wav,7OHCOFFUamQ,True,16000,1,3.0,-14.7398,-0.453,0.0765,0.0,True,ok
data/interim/segmented/normal_speech/7OHCOFFUamQ_seg_230.wav,7OHCOFFUamQ_seg_230.wav,7OHCOFFUamQ,True,16000,1,3.0,-13.6708,-0.4745,0.0729,0.0,True,ok
data/interim/segmented/normal_speech/7OHCOFFUamQ_seg_231.wav,7OHCOFFUamQ_seg_231.wav,7OHCOFFUamQ,True,16000,1,3.0,-14.9494,-0.3164,0.0765,0.0,True,ok
data/interim/segmented/normal_speech/7OHCOFFUamQ_seg_232.wav,7OHCOFFUamQ_seg_232.wav,7OHCOFFUamQ,True,16000,1,3.0,-14.0127,-0.3992,0.1583,0.0,True,ok
data/interim/segmented/normal_speech/7OHCOFFUamQ_seg_233.wav,7OHCOFFUamQ_seg_233.wav,7OHCOFFUamQ,True,16000,1,3.0,-16.0002,-0.5,0.2393,0.0,True,ok
data/interim/segmented/normal_speech/7OHCOFFUamQ_seg_234.wav,7OHCOFFUamQ_seg_234.wav,7OHCOFFUamQ,True,16000,1,3.0,-15.1713,-0.4742,0.1139,0.0,True,ok
data/interim/segmented/normal_speech/7OHCOFFUamQ_seg_235.wav,7OHCOFFUamQ_seg_235.wav,7OHCOFFUamQ,True,16000,1,3.0,-14.3055,-0.5419,0.1379,0.0,True,ok
data/interim/segmented/normal_speech/7OHCOFFUamQ_seg_236.wav,7OHCOFFUamQ_seg_236.wav,7OHCOFFUamQ,True,16000,1,3.0,-13.4575,-0.0399,0.1956,0.0,True,ok
data/interim/segmented/normal_speech/7OHCOFFUamQ_seg_237.wav,7OHCOFFUamQ_seg_237.wav,7OHCOFFUamQ,True,16000,1,3.0,-14.2129,-0.5852,0.1128,0.0,True,ok
data/interim/segmented/normal_speech/7OHCOFFUamQ_seg_238.wav,7OHCOFFUamQ_seg_238.wav,7OHCOFFUamQ,True,16000,1,3.0,-13.9082,-0.4026,0.1539,0.0,True,ok
data/interim/segmented/normal_speech/7OHCOFFUamQ_seg_239.wav,7OHCOFFUamQ_seg_239.wav,7OHCOFFUamQ,True,16000,1,3.0,-13.6796,-0.5011,0.0968,0.0,True,ok
data/interim/segmented/normal_speech/7OHCOFFUamQ_seg_240.wav,7OHCOFFUamQ_seg_240.wav,7OHCOFFUamQ,True,16000,1,3.0,-15.4073,-0.2269,0.1672,0.0,True,ok
data/interim/segmented/normal_speech/7OHCOFFUamQ_seg_241.wav,7OHCOFFUamQ_seg_241.wav,7OHCOFFUamQ,True,16000,1,3.0,-14.3425,-0.2373,0.109,0.0,True,ok
data/interim/segmented/normal_speech/7OHCOFFUamQ_seg_242.wav,7OHCOFFUamQ_seg_242.wav,7OHCOFFUamQ,True,16000,1,3.0,-15.3999,-0.3166,0.1237,0.0,True,ok
data/interim/segmented/normal_speech/7OHCOFFUamQ_seg_243.wav,7OHCOFFUamQ_seg_243.wav,7OHCOFFUamQ,True,16000,1,3.0,-14.6056,-0.1172,0.1628,0.0,True,ok
data/interim/segmented/normal_speech/7OHCOFFUamQ_seg_244.wav,7OHCOFFUamQ_seg_244.wav,7OHCOFFUamQ,True,16000,1,3.0,-13.5879,-0.3976,0.099,0.0,True,ok
data/interim/segmented/normal_speech/7OHCOFFUamQ_seg_245.wav,7OHCOFFUamQ_seg_245.wav,7OHCOFFUamQ,True,16000,1,3.0,-14.8579,-0.2588,0.1389,0.0,True,ok
data/interim/segmented/normal_speech/7OHCOFFUamQ_seg_246.wav,7OHCOFFUamQ_seg_246.wav,7OHCOFFUamQ,True,16000,1,3.0,-14.8601,-0.4139,0.1358,0.0,True,ok
data/interim/segmented/normal_speech/7OHCOFFUamQ_seg_247.wav,7OHCOFFUamQ_seg_247.wav,7OHCOFFUamQ,True,16000,1,3.0,-14.5577,-0.3188,0.184,0.0,True,ok
data/interim/segmented/normal_speech/7OHCOFFUamQ_seg_248.wav,7OHCOFFUamQ_seg_248.wav,7OHCOFFUamQ,True,16000,1,3.0,-16.4114,-0.4669,0.1591,0.0,True,ok
data/interim/segmented/normal_speech/7OHCOFFUamQ_seg_249.wav,7OHCOFFUamQ_seg_249.wav,7OHCOFFUamQ,True,16000,1,3.0,-12.4273,-0.3191,0.0581,0.0,True,ok
data/interim/segmented/normal_speech/7OHCOFFUamQ_seg_250.wav,7OHCOFFUamQ_seg_250.wav,7OHCOFFUamQ,True,16000,1,3.0,-14.8492,-0.3552,0.0767,0.0,True,ok
data/interim/segmented/normal_speech/7OHCOFFUamQ_seg_251.wav,7OHCOFFUamQ_seg_251.wav,7OHCOFFUamQ,True,16000,1,3.0,-15.1522,-0.1559,0.2009,0.0,True,ok
data/interim/segmented/normal_speech/7OHCOFFUamQ_seg_252.wav,7OHCOFFUamQ_seg_252.wav,7OHCOFFUamQ,True,16000,1,3.0,-14.5011,-0.5448,0.0755,0.0,True,ok
data/interim/segmented/normal_speech/7OHCOFFUamQ_seg_253.wav,7OHCOFFUamQ_seg_253.wav,7OHCOFFUamQ,True,16000,1,3.0,-13.5161,-0.2106,0.1334,0.0,True,ok
data/interim/segmented/normal_speech/7OHCOFFUamQ_seg_254.wav,7OHCOFFUamQ_seg_254.wav,7OHCOFFUamQ,True,16000,1,3.0,-15.2987,-0.3801,0.1909,0.0,True,ok
data/interim/segmented/normal_speech/7OHCOFFUamQ_seg_255.wav,7OHCOFFUamQ_seg_255.wav,7OHCOFFUamQ,True,16000,1,3.0,-25.0736,-0.9722,0.5781,0.0,True,ok
data/interim/segmented/normal_speech/7OHCOFFUamQ_seg_256.wav,7OHCOFFUamQ_seg_256.wav,7OHCOFFUamQ,True,16000,1,3.0,-22.8168,-12.8031,0.0591,0.0,True,ok
data/interim/segmented/normal_speech/7OHCOFFUamQ_seg_257.wav,7OHCOFFUamQ_seg_257.wav,7OHCOFFUamQ,True,16000,1,3.0,-23.0231,-12.7076,0.0621,0.0,True,ok
data/interim/segmented/normal_speech/7OHCOFFUamQ_seg_258.wav,7OHCOFFUamQ_seg_258.wav,7OHCOFFUamQ,True,16000,1,3.0,-23.2825,-13.7513,0.0662,0.0,True,ok
data/interim/segmented/normal_speech/7OHCOFFUamQ_seg_259.wav,7OHCOFFUamQ_seg_259.wav,7OHCOFFUamQ,True,16000,1,3.0,-24.1932,-14.2522,0.0762,0.0,True,ok
data/interim/segmented/normal_speech/7OHCOFFUamQ_seg_260.wav,7OHCOFFUamQ_seg_260.wav,7OHCOFFUamQ,True,16000,1,3.0,-24.5137,-14.5711,0.0718,0.0,True,ok
data/interim/segmented/normal_speech/7OHCOFFUamQ_seg_261.wav,7OHCOFFUamQ_seg_261.wav,7OHCOFFUamQ,True,16000,1,3.0,-24.9781,-15.3779,0.0819,0.0,True,ok
data/interim/segmented/normal_speech/7OHCOFFUamQ_seg_262.wav,7OHCOFFUamQ_seg_262.wav,7OHCOFFUamQ,True,16000,1,2.834,-28.1467,-16.1491,0.1687,0.0,True,ok
data/interim/segmented/normal_speech/D8rC1GHnGXc_seg_000.wav,D8rC1GHnGXc_seg_000.wav,D8rC1GHnGXc,True,16000,1,3.0,-26.4574,-6.2538,0.4174,0.0,True,ok
data/interim/segmented/normal_speech/D8rC1GHnGXc_seg_001.wav,D8rC1GHnGXc_seg_001.wav,D8rC1GHnGXc,True,16000,1,3.0,-31.6475,-9.4315,0.4927,0.0,True,ok
data/interim/segmented/normal_speech/D8rC1GHnGXc_seg_002.wav,D8rC1GHnGXc_seg_002.wav,D8rC1GHnGXc,True,16000,1,3.0,-32.3457,-13.2338,0.47,0.0,True,ok
data/interim/segmented/normal_speech/D8rC1GHnGXc_seg_003.wav,D8rC1GHnGXc_seg_003.wav,D8rC1GHnGXc,True,16000,1,3.0,-29.9429,-12.5893,0.3581,0.0,True,ok
data/interim/segmented/normal_speech/D8rC1GHnGXc_seg_004.wav,D8rC1GHnGXc_seg_004.wav,D8rC1GHnGXc,True,16000,1,3.0,-29.5301,-8.9483,0.5303,0.0,True,ok
data/interim/segmented/normal_speech/D8rC1GHnGXc_seg_005.wav,D8rC1GHnGXc_seg_005.wav,D8rC1GHnGXc,True,16000,1,3.0,-32.2733,-14.6696,0.4445,0.0,True,ok
data/interim/segmented/normal_speech/D8rC1GHnGXc_seg_006.wav,D8rC1GHnGXc_seg_006.wav,D8rC1GHnGXc,True,16000,1,3.0,-33.4181,-10.8446,0.4867,0.0,True,ok
data/interim/segmented/normal_speech/D8rC1GHnGXc_seg_007.wav,D8rC1GHnGXc_seg_007.wav,D8rC1GHnGXc,True,16000,1,3.0,-31.162,-10.7792,0.5199,0.0,True,ok
data/interim/segmented/normal_speech/D8rC1GHnGXc_seg_008.wav,D8rC1GHnGXc_seg_008.wav,D8rC1GHnGXc,True,16000,1,3.0,-28.3445,-10.8169,0.2602,0.0,True,ok
data/interim/segmented/normal_speech/D8rC1GHnGXc_seg_009.wav,D8rC1GHnGXc_seg_009.wav,D8rC1GHnGXc,True,16000,1,3.0,-32.3517,-12.1339,0.5506,0.0,True,ok
data/interim/segmented/normal_speech/D8rC1GHnGXc_seg_010.wav,D8rC1GHnGXc_seg_010.wav,D8rC1GHnGXc,True,16000,1,3.0,-30.6052,-14.138,0.4745,0.0,True,ok
data/interim/segmented/normal_speech/D8rC1GHnGXc_seg_011.wav,D8rC1GHnGXc_seg_011.wav,D8rC1GHnGXc,True,16000,1,3.0,-34.6936,-14.4836,0.5581,0.0,True,ok
data/interim/segmented/normal_speech/D8rC1GHnGXc_seg_012.wav,D8rC1GHnGXc_seg_012.wav,D8rC1GHnGXc,True,16000,1,3.0,-30.9813,-12.3433,0.388,0.0,True,ok
data/interim/segmented/normal_speech/D8rC1GHnGXc_seg_013.wav,D8rC1GHnGXc_seg_013.wav,D8rC1GHnGXc,True,16000,1,3.0,-35.108,-10.5022,0.7712,0.0,True,ok
data/interim/segmented/normal_speech/D8rC1GHnGXc_seg_014.wav,D8rC1GHnGXc_seg_014.wav,D8rC1GHnGXc,True,16000,1,3.0,-27.7557,-9.8201,0.4283,0.0,True,ok
data/interim/segmented/normal_speech/D8rC1GHnGXc_seg_015.wav,D8rC1GHnGXc_seg_015.wav,D8rC1GHnGXc,True,16000,1,3.0,-33.517,-13.3575,0.5872,0.0,True,ok
data/interim/segmented/normal_speech/D8rC1GHnGXc_seg_016.wav,D8rC1GHnGXc_seg_016.wav,D8rC1GHnGXc,True,16000,1,3.0,-31.3431,-10.6862,0.5671,0.0,True,ok
data/interim/segmented/normal_speech/D8rC1GHnGXc_seg_017.wav,D8rC1GHnGXc_seg_017.wav,D8rC1GHnGXc,True,16000,1,3.0,-32.4836,-9.9416,0.4055,0.0,True,ok
data/interim/segmented/normal_speech/D8rC1GHnGXc_seg_018.wav,D8rC1GHnGXc_seg_018.wav,D8rC1GHnGXc,True,16000,1,3.0,-32.5449,-10.9608,0.5252,0.0,True,ok
data/interim/segmented/normal_speech/D8rC1GHnGXc_seg_019.wav,D8rC1GHnGXc_seg_019.wav,D8rC1GHnGXc,True,16000,1,3.0,-36.3615,-18.2961,0.5724,0.0,True,ok
data/interim/segmented/normal_speech/D8rC1GHnGXc_seg_020.wav,D8rC1GHnGXc_seg_020.wav,D8rC1GHnGXc,True,16000,1,3.0,-33.9706,-11.0229,0.5756,0.0,True,ok
data/interim/segmented/normal_speech/D8rC1GHnGXc_seg_021.wav,D8rC1GHnGXc_seg_021.wav,D8rC1GHnGXc,True,16000,1,3.0,-29.0368,-10.6817,0.5571,0.0,True,ok
data/interim/segmented/normal_speech/D8rC1GHnGXc_seg_022.wav,D8rC1GHnGXc_seg_022.wav,D8rC1GHnGXc,True,16000,1,3.0,-31.0489,-11.4411,0.4863,0.0,True,ok
data/interim/segmented/normal_speech/D8rC1GHnGXc_seg_023.wav,D8rC1GHnGXc_seg_023.wav,D8rC1GHnGXc,True,16000,1,3.0,-30.2682,-9.7865,0.5137,0.0,True,ok
data/interim/segmented/normal_speech/D8rC1GHnGXc_seg_024.wav,D8rC1GHnGXc_seg_024.wav,D8rC1GHnGXc,True,16000,1,3.0,-32.3366,-14.3291,0.4715,0.0,True,ok
data/interim/segmented/normal_speech/D8rC1GHnGXc_seg_025.wav,D8rC1GHnGXc_seg_025.wav,D8rC1GHnGXc,True,16000,1,3.0,-38.4468,-17.5692,0.6168,0.0,True,ok
data/interim/segmented/normal_speech/D8rC1GHnGXc_seg_026.wav,D8rC1GHnGXc_seg_026.wav,D8rC1GHnGXc,True,16000,1,3.0,-34.8784,-14.7243,0.6421,0.0,True,ok
data/interim/segmented/normal_speech/D8rC1GHnGXc_seg_027.wav,D8rC1GHnGXc_seg_027.wav,D8rC1GHnGXc,True,16000,1,3.0,-31.5673,-12.679,0.3887,0.0,True,ok
data/interim/segmented/normal_speech/D8rC1GHnGXc_seg_028.wav,D8rC1GHnGXc_seg_028.wav,D8rC1GHnGXc,True,16000,1,3.0,-34.7814,-11.9578,0.5439,0.0,True,ok
data/interim/segmented/normal_speech/D8rC1GHnGXc_seg_029.wav,D8rC1GHnGXc_seg_029.wav,D8rC1GHnGXc,True,16000,1,3.0,-29.2849,-7.887,0.5397,0.0,True,ok
data/interim/segmented/normal_speech/D8rC1GHnGXc_seg_030.wav,D8rC1GHnGXc_seg_030.wav,D8rC1GHnGXc,True,16000,1,3.0,-32.7262,-15.1066,0.4585,0.0,True,ok
data/interim/segmented/normal_speech/D8rC1GHnGXc_seg_031.wav,D8rC1GHnGXc_seg_031.wav,D8rC1GHnGXc,True,16000,1,3.0,-32.6585,-15.6178,0.5386,0.0,True,ok
data/interim/segmented/normal_speech/D8rC1GHnGXc_seg_032.wav,D8rC1GHnGXc_seg_032.wav,D8rC1GHnGXc,True,16000,1,3.0,-34.1757,-15.3888,0.5219,0.0,True,ok
data/interim/segmented/normal_speech/D8rC1GHnGXc_seg_033.wav,D8rC1GHnGXc_seg_033.wav,D8rC1GHnGXc,True,16000,1,3.0,-35.0747,-13.1756,0.5151,0.0,True,ok
data/interim/segmented/normal_speech/D8rC1GHnGXc_seg_034.wav,D8rC1GHnGXc_seg_034.wav,D8rC1GHnGXc,True,16000,1,3.0,-31.7154,-13.2753,0.4717,0.0,True,ok
data/interim/segmented/normal_speech/D8rC1GHnGXc_seg_035.wav,D8rC1GHnGXc_seg_035.wav,D8rC1GHnGXc,True,16000,1,3.0,-37.1285,-13.8853,0.621,0.0,True,ok
data/interim/segmented/normal_speech/D8rC1GHnGXc_seg_036.wav,D8rC1GHnGXc_seg_036.wav,D8rC1GHnGXc,True,16000,1,3.0,-31.248,-13.2387,0.539,0.0,True,ok
data/interim/segmented/normal_speech/D8rC1GHnGXc_seg_037.wav,D8rC1GHnGXc_seg_037.wav,D8rC1GHnGXc,True,16000,1,3.0,-30.2161,-11.7513,0.4337,0.0,True,ok
data/interim/segmented/normal_speech/D8rC1GHnGXc_seg_038.wav,D8rC1GHnGXc_seg_038.wav,D8rC1GHnGXc,True,16000,1,3.0,-32.8929,-13.6168,0.4679,0.0,True,ok
data/interim/segmented/normal_speech/D8rC1GHnGXc_seg_039.wav,D8rC1GHnGXc_seg_039.wav,D8rC1GHnGXc,True,16000,1,3.0,-28.7525,-10.9674,0.592,0.0,True,ok
data/interim/segmented/normal_speech/D8rC1GHnGXc_seg_040.wav,D8rC1GHnGXc_seg_040.wav,D8rC1GHnGXc,True,16000,1,3.0,-29.5714,-11.3388,0.424,0.0,True,ok
data/interim/segmented/normal_speech/D8rC1GHnGXc_seg_041.wav,D8rC1GHnGXc_seg_041.wav,D8rC1GHnGXc,True,16000,1,3.0,-31.0986,-9.4835,0.4314,0.0,True,ok
data/interim/segmented/normal_speech/D8rC1GHnGXc_seg_042.wav,D8rC1GHnGXc_seg_042.wav,D8rC1GHnGXc,True,16000,1,3.0,-29.9695,-10.4597,0.4468,0.0,True,ok
data/interim/segmented/normal_speech/D8rC1GHnGXc_seg_043.wav,D8rC1GHnGXc_seg_043.wav,D8rC1GHnGXc,True,16000,1,3.0,-33.5655,-16.8467,0.5514,0.0,True,ok
data/interim/segmented/normal_speech/D8rC1GHnGXc_seg_044.wav,D8rC1GHnGXc_seg_044.wav,D8rC1GHnGXc,True,16000,1,3.0,-28.641,-10.257,0.2952,0.0,True,ok
data/interim/segmented/normal_speech/D8rC1GHnGXc_seg_045.wav,D8rC1GHnGXc_seg_045.wav,D8rC1GHnGXc,True,16000,1,3.0,-31.559,-11.4302,0.4575,0.0,True,ok
data/interim/segmented/normal_speech/D8rC1GHnGXc_seg_046.wav,D8rC1GHnGXc_seg_046.wav,D8rC1GHnGXc,True,16000,1,3.0,-37.0607,-19.46,0.5716,0.0,True,ok
data/interim/segmented/normal_speech/D8rC1GHnGXc_seg_047.wav,D8rC1GHnGXc_seg_047.wav,D8rC1GHnGXc,True,16000,1,3.0,-31.5534,-14.5075,0.5021,0.0,True,ok
data/interim/segmented/normal_speech/D8rC1GHnGXc_seg_048.wav,D8rC1GHnGXc_seg_048.wav,D8rC1GHnGXc,True,16000,1,3.0,-31.9816,-10.6023,0.4735,0.0,True,ok
data/interim/segmented/normal_speech/D8rC1GHnGXc_seg_049.wav,D8rC1GHnGXc_seg_049.wav,D8rC1GHnGXc,True,16000,1,3.0,-30.5562,-8.2377,0.7536,0.0,True,ok
data/interim/segmented/normal_speech/D8rC1GHnGXc_seg_050.wav,D8rC1GHnGXc_seg_050.wav,D8rC1GHnGXc,True,16000,1,3.0,-30.6247,-14.2974,0.4212,0.0,True,ok
data/interim/segmented/normal_speech/D8rC1GHnGXc_seg_051.wav,D8rC1GHnGXc_seg_051.wav,D8rC1GHnGXc,True,16000,1,3.0,-35.427,-13.1491,0.6581,0.0,True,ok
data/interim/segmented/normal_speech/D8rC1GHnGXc_seg_052.wav,D8rC1GHnGXc_seg_052.wav,D8rC1GHnGXc,True,16000,1,3.0,-30.4735,-10.8557,0.494,0.0,True,ok
data/interim/segmented/normal_speech/D8rC1GHnGXc_seg_053.wav,D8rC1GHnGXc_seg_053.wav,D8rC1GHnGXc,True,16000,1,3.0,-31.4195,-13.381,0.4177,0.0,True,ok
data/interim/segmented/normal_speech/D8rC1GHnGXc_seg_054.wav,D8rC1GHnGXc_seg_054.wav,D8rC1GHnGXc,True,16000,1,3.0,-33.3168,-13.1058,0.5156,0.0,True,ok
data/interim/segmented/normal_speech/D8rC1GHnGXc_seg_055.wav,D8rC1GHnGXc_seg_055.wav,D8rC1GHnGXc,True,16000,1,3.0,-31.7723,-12.8986,0.4489,0.0,True,ok
data/interim/segmented/normal_speech/D8rC1GHnGXc_seg_056.wav,D8rC1GHnGXc_seg_056.wav,D8rC1GHnGXc,True,16000,1,3.0,-35.7064,-16.1134,0.6309,0.0,True,ok
data/interim/segmented/normal_speech/D8rC1GHnGXc_seg_057.wav,D8rC1GHnGXc_seg_057.wav,D8rC1GHnGXc,True,16000,1,3.0,-31.2099,-13.9643,0.3805,0.0,True,ok
data/interim/segmented/normal_speech/D8rC1GHnGXc_seg_058.wav,D8rC1GHnGXc_seg_058.wav,D8rC1GHnGXc,True,16000,1,3.0,-33.0202,-15.6708,0.4465,0.0,True,ok
data/interim/segmented/normal_speech/D8rC1GHnGXc_seg_059.wav,D8rC1GHnGXc_seg_059.wav,D8rC1GHnGXc,True,16000,1,3.0,-34.0808,-9.5764,0.6246,0.0,True,ok
data/interim/segmented/normal_speech/D8rC1GHnGXc_seg_060.wav,D8rC1GHnGXc_seg_060.wav,D8rC1GHnGXc,True,16000,1,3.0,-33.8797,-13.5245,0.6035,0.0,True,ok
data/interim/segmented/normal_speech/D8rC1GHnGXc_seg_061.wav,D8rC1GHnGXc_seg_061.wav,D8rC1GHnGXc,True,16000,1,3.0,-30.2981,-11.8535,0.5114,0.0,True,ok
data/interim/segmented/normal_speech/D8rC1GHnGXc_seg_062.wav,D8rC1GHnGXc_seg_062.wav,D8rC1GHnGXc,True,16000,1,3.0,-31.3273,-14.2549,0.416,0.0,True,ok
data/interim/segmented/normal_speech/D8rC1GHnGXc_seg_063.wav,D8rC1GHnGXc_seg_063.wav,D8rC1GHnGXc,True,16000,1,3.0,-32.9666,-16.9431,0.4235,0.0,True,ok
data/interim/segmented/normal_speech/D8rC1GHnGXc_seg_064.wav,D8rC1GHnGXc_seg_064.wav,D8rC1GHnGXc,True,16000,1,3.0,-33.4518,-15.0915,0.5365,0.0,True,ok
data/interim/segmented/normal_speech/D8rC1GHnGXc_seg_065.wav,D8rC1GHnGXc_seg_065.wav,D8rC1GHnGXc,True,16000,1,3.0,-29.5078,-9.5136,0.4879,0.0,True,ok
data/interim/segmented/normal_speech/D8rC1GHnGXc_seg_066.wav,D8rC1GHnGXc_seg_066.wav,D8rC1GHnGXc,True,16000,1,3.0,-33.1603,-13.6652,0.5667,0.0,True,ok
data/interim/segmented/normal_speech/D8rC1GHnGXc_seg_067.wav,D8rC1GHnGXc_seg_067.wav,D8rC1GHnGXc,True,16000,1,3.0,-29.4147,-10.3875,0.6211,0.0,True,ok
data/interim/segmented/normal_speech/D8rC1GHnGXc_seg_068.wav,D8rC1GHnGXc_seg_068.wav,D8rC1GHnGXc,True,16000,1,3.0,-29.0201,-11.1981,0.3787,0.0,True,ok
data/interim/segmented/normal_speech/D8rC1GHnGXc_seg_069.wav,D8rC1GHnGXc_seg_069.wav,D8rC1GHnGXc,True,16000,1,3.0,-31.4753,-14.8377,0.4687,0.0,True,ok
data/interim/segmented/normal_speech/D8rC1GHnGXc_seg_070.wav,D8rC1GHnGXc_seg_070.wav,D8rC1GHnGXc,True,16000,1,3.0,-32.8561,-11.8628,0.4975,0.0,True,ok
data/interim/segmented/normal_speech/D8rC1GHnGXc_seg_071.wav,D8rC1GHnGXc_seg_071.wav,D8rC1GHnGXc,True,16000,1,3.0,-36.9378,-18.3135,0.6788,0.0,True,ok
data/interim/segmented/normal_speech/D8rC1GHnGXc_seg_072.wav,D8rC1GHnGXc_seg_072.wav,D8rC1GHnGXc,True,16000,1,3.0,-31.0685,-13.0081,0.4123,0.0,True,ok
data/interim/segmented/normal_speech/D8rC1GHnGXc_seg_073.wav,D8rC1GHnGXc_seg_073.wav,D8rC1GHnGXc,True,16000,1,3.0,-33.5499,-13.9537,0.5247,0.0,True,ok
data/interim/segmented/normal_speech/D8rC1GHnGXc_seg_074.wav,D8rC1GHnGXc_seg_074.wav,D8rC1GHnGXc,True,16000,1,3.0,-29.245,-9.7873,0.4977,0.0,True,ok
data/interim/segmented/normal_speech/D8rC1GHnGXc_seg_075.wav,D8rC1GHnGXc_seg_075.wav,D8rC1GHnGXc,True,16000,1,3.0,-29.7947,-11.3741,0.3553,0.0,True,ok
data/interim/segmented/normal_speech/D8rC1GHnGXc_seg_076.wav,D8rC1GHnGXc_seg_076.wav,D8rC1GHnGXc,True,16000,1,3.0,-33.506,-13.4021,0.5142,0.0,True,ok
data/interim/segmented/normal_speech/D8rC1GHnGXc_seg_077.wav,D8rC1GHnGXc_seg_077.wav,D8rC1GHnGXc,True,16000,1,3.0,-34.3724,-13.7062,0.6061,0.0,True,ok
data/interim/segmented/normal_speech/D8rC1GHnGXc_seg_078.wav,D8rC1GHnGXc_seg_078.wav,D8rC1GHnGXc,True,16000,1,3.0,-30.8441,-11.9327,0.5021,0.0,True,ok
data/interim/segmented/normal_speech/D8rC1GHnGXc_seg_079.wav,D8rC1GHnGXc_seg_079.wav,D8rC1GHnGXc,True,16000,1,3.0,-33.6552,-13.1491,0.5813,0.0,True,ok
data/interim/segmented/normal_speech/D8rC1GHnGXc_seg_080.wav,D8rC1GHnGXc_seg_080.wav,D8rC1GHnGXc,True,16000,1,3.0,-32.8502,-14.6567,0.4643,0.0,True,ok
data/interim/segmented/normal_speech/D8rC1GHnGXc_seg_081.wav,D8rC1GHnGXc_seg_081.wav,D8rC1GHnGXc,True,16000,1,3.0,-32.2084,-13.9142,0.4828,0.0,True,ok
data/interim/segmented/normal_speech/D8rC1GHnGXc_seg_082.wav,D8rC1GHnGXc_seg_082.wav,D8rC1GHnGXc,True,16000,1,3.0,-27.7921,-9.8423,0.4284,0.0,True,ok
data/interim/segmented/normal_speech/D8rC1GHnGXc_seg_083.wav,D8rC1GHnGXc_seg_083.wav,D8rC1GHnGXc,True,16000,1,3.0,-31.6704,-12.6596,0.5129,0.0,True,ok
data/interim/segmented/normal_speech/D8rC1GHnGXc_seg_084.wav,D8rC1GHnGXc_seg_084.wav,D8rC1GHnGXc,True,16000,1,3.0,-31.5141,-12.6962,0.5034,0.0,True,ok
data/interim/segmented/normal_speech/D8rC1GHnGXc_seg_085.wav,D8rC1GHnGXc_seg_085.wav,D8rC1GHnGXc,True,16000,1,3.0,-32.7919,-10.5191,0.5095,0.0,True,ok
data/interim/segmented/normal_speech/D8rC1GHnGXc_seg_086.wav,D8rC1GHnGXc_seg_086.wav,D8rC1GHnGXc,True,16000,1,3.0,-30.266,-12.0869,0.5425,0.0,True,ok
data/interim/segmented/normal_speech/D8rC1GHnGXc_seg_087.wav,D8rC1GHnGXc_seg_087.wav,D8rC1GHnGXc,True,16000,1,3.0,-34.2581,-15.2419,0.4869,0.0,True,ok
data/interim/segmented/normal_speech/D8rC1GHnGXc_seg_088.wav,D8rC1GHnGXc_seg_088.wav,D8rC1GHnGXc,True,16000,1,3.0,-34.0399,-14.3153,0.537,0.0,True,ok
data/interim/segmented/normal_speech/D8rC1GHnGXc_seg_089.wav,D8rC1GHnGXc_seg_089.wav,D8rC1GHnGXc,True,16000,1,3.0,-32.7207,-12.0147,0.5208,0.0,True,ok
data/interim/segmented/normal_speech/D8rC1GHnGXc_seg_090.wav,D8rC1GHnGXc_seg_090.wav,D8rC1GHnGXc,True,16000,1,3.0,-30.9686,-10.2346,0.4992,0.0,True,ok
data/interim/segmented/normal_speech/D8rC1GHnGXc_seg_091.wav,D8rC1GHnGXc_seg_091.wav,D8rC1GHnGXc,True,16000,1,3.0,-30.9463,-13.4718,0.496,0.0,True,ok
data/interim/segmented/normal_speech/D8rC1GHnGXc_seg_092.wav,D8rC1GHnGXc_seg_092.wav,D8rC1GHnGXc,True,16000,1,3.0,-34.1275,-16.3279,0.5216,0.0,True,ok
data/interim/segmented/normal_speech/D8rC1GHnGXc_seg_093.wav,D8rC1GHnGXc_seg_093.wav,D8rC1GHnGXc,True,16000,1,3.0,-35.9975,-15.2511,0.6482,0.0,True,ok
data/interim/segmented/normal_speech/D8rC1GHnGXc_seg_094.wav,D8rC1GHnGXc_seg_094.wav,D8rC1GHnGXc,True,16000,1,3.0,-30.5302,-12.604,0.5352,0.0,True,ok
data/interim/segmented/normal_speech/D8rC1GHnGXc_seg_095.wav,D8rC1GHnGXc_seg_095.wav,D8rC1GHnGXc,True,16000,1,3.0,-32.7242,-13.4706,0.5568,0.0,True,ok
data/interim/segmented/normal_speech/D8rC1GHnGXc_seg_096.wav,D8rC1GHnGXc_seg_096.wav,D8rC1GHnGXc,True,16000,1,3.0,-35.1711,-15.9956,0.5348,0.0,True,ok
data/interim/segmented/normal_speech/D8rC1GHnGXc_seg_097.wav,D8rC1GHnGXc_seg_097.wav,D8rC1GHnGXc,True,16000,1,3.0,-33.2525,-12.8078,0.6137,0.0,True,ok
data/interim/segmented/normal_speech/D8rC1GHnGXc_seg_098.wav,D8rC1GHnGXc_seg_098.wav,D8rC1GHnGXc,True,16000,1,3.0,-32.1531,-11.4877,0.4267,0.0,True,ok
data/interim/segmented/normal_speech/D8rC1GHnGXc_seg_099.wav,D8rC1GHnGXc_seg_099.wav,D8rC1GHnGXc,True,16000,1,3.0,-32.9168,-11.1559,0.4893,0.0,True,ok
data/interim/segmented/normal_speech/D8rC1GHnGXc_seg_100.wav,D8rC1GHnGXc_seg_100.wav,D8rC1GHnGXc,True,16000,1,3.0,-31.8131,-12.679,0.4822,0.0,True,ok
data/interim/segmented/normal_speech/D8rC1GHnGXc_seg_101.wav,D8rC1GHnGXc_seg_101.wav,D8rC1GHnGXc,True,16000,1,3.0,-32.6496,-15.9556,0.5114,0.0,True,ok
data/interim/segmented/normal_speech/D8rC1GHnGXc_seg_102.wav,D8rC1GHnGXc_seg_102.wav,D8rC1GHnGXc,True,16000,1,3.0,-33.1627,-16.5157,0.387,0.0,True,ok
data/interim/segmented/normal_speech/D8rC1GHnGXc_seg_103.wav,D8rC1GHnGXc_seg_103.wav,D8rC1GHnGXc,True,16000,1,3.0,-33.8921,-11.4778,0.5272,0.0,True,ok
data/interim/segmented/normal_speech/D8rC1GHnGXc_seg_104.wav,D8rC1GHnGXc_seg_104.wav,D8rC1GHnGXc,True,16000,1,3.0,-32.7529,-15.152,0.4519,0.0,True,ok
data/interim/segmented/normal_speech/D8rC1GHnGXc_seg_105.wav,D8rC1GHnGXc_seg_105.wav,D8rC1GHnGXc,True,16000,1,3.0,-32.407,-15.2174,0.472,0.0,True,ok
data/interim/segmented/normal_speech/D8rC1GHnGXc_seg_106.wav,D8rC1GHnGXc_seg_106.wav,D8rC1GHnGXc,True,16000,1,3.0,-33.2964,-16.2638,0.4857,0.0,True,ok
data/interim/segmented/normal_speech/D8rC1GHnGXc_seg_107.wav,D8rC1GHnGXc_seg_107.wav,D8rC1GHnGXc,True,16000,1,3.0,-31.1575,-11.2454,0.5911,0.0,True,ok
data/interim/segmented/normal_speech/D8rC1GHnGXc_seg_108.wav,D8rC1GHnGXc_seg_108.wav,D8rC1GHnGXc,True,16000,1,3.0,-34.2681,-14.233,0.6041,0.0,True,ok
data/interim/segmented/normal_speech/D8rC1GHnGXc_seg_109.wav,D8rC1GHnGXc_seg_109.wav,D8rC1GHnGXc,True,16000,1,3.0,-34.7898,-14.564,0.5136,0.0,True,ok
data/interim/segmented/normal_speech/D8rC1GHnGXc_seg_110.wav,D8rC1GHnGXc_seg_110.wav,D8rC1GHnGXc,True,16000,1,3.0,-30.4174,-13.3145,0.5338,0.0,True,ok
data/interim/segmented/normal_speech/D8rC1GHnGXc_seg_111.wav,D8rC1GHnGXc_seg_111.wav,D8rC1GHnGXc,True,16000,1,3.0,-34.0602,-14.2741,0.5001,0.0,True,ok
data/interim/segmented/normal_speech/D8rC1GHnGXc_seg_112.wav,D8rC1GHnGXc_seg_112.wav,D8rC1GHnGXc,True,16000,1,3.0,-34.0185,-8.4813,0.6911,0.0,True,ok
data/interim/segmented/normal_speech/D8rC1GHnGXc_seg_113.wav,D8rC1GHnGXc_seg_113.wav,D8rC1GHnGXc,True,16000,1,3.0,-33.5376,-13.4394,0.4054,0.0,True,ok
data/interim/segmented/normal_speech/D8rC1GHnGXc_seg_114.wav,D8rC1GHnGXc_seg_114.wav,D8rC1GHnGXc,True,16000,1,3.0,-28.7401,-11.8951,0.4584,0.0,True,ok
data/interim/segmented/normal_speech/D8rC1GHnGXc_seg_115.wav,D8rC1GHnGXc_seg_115.wav,D8rC1GHnGXc,True,16000,1,3.0,-31.5716,-14.0107,0.3977,0.0,True,ok
data/interim/segmented/normal_speech/D8rC1GHnGXc_seg_116.wav,D8rC1GHnGXc_seg_116.wav,D8rC1GHnGXc,True,16000,1,3.0,-33.5315,-16.238,0.5524,0.0,True,ok
data/interim/segmented/normal_speech/D8rC1GHnGXc_seg_117.wav,D8rC1GHnGXc_seg_117.wav,D8rC1GHnGXc,True,16000,1,3.0,-34.3935,-11.6809,0.6694,0.0,True,ok
data/interim/segmented/normal_speech/D8rC1GHnGXc_seg_118.wav,D8rC1GHnGXc_seg_118.wav,D8rC1GHnGXc,True,16000,1,3.0,-29.9999,-10.6383,0.5046,0.0,True,ok
data/interim/segmented/normal_speech/D8rC1GHnGXc_seg_119.wav,D8rC1GHnGXc_seg_119.wav,D8rC1GHnGXc,True,16000,1,3.0,-32.6713,-16.7715,0.3778,0.0,True,ok
data/interim/segmented/normal_speech/D8rC1GHnGXc_seg_120.wav,D8rC1GHnGXc_seg_120.wav,D8rC1GHnGXc,True,16000,1,3.0,-33.7978,-16.0847,0.471,0.0,True,ok
data/interim/segmented/normal_speech/D8rC1GHnGXc_seg_121.wav,D8rC1GHnGXc_seg_121.wav,D8rC1GHnGXc,True,16000,1,3.0,-34.5227,-18.0724,0.5144,0.0,True,ok
data/interim/segmented/normal_speech/D8rC1GHnGXc_seg_122.wav,D8rC1GHnGXc_seg_122.wav,D8rC1GHnGXc,True,16000,1,3.0,-36.0297,-17.1145,0.7116,0.0,True,ok
data/interim/segmented/normal_speech/D8rC1GHnGXc_seg_123.wav,D8rC1GHnGXc_seg_123.wav,D8rC1GHnGXc,True,16000,1,3.0,-32.95,-14.3567,0.6024,0.0,True,ok
data/interim/segmented/normal_speech/D8rC1GHnGXc_seg_124.wav,D8rC1GHnGXc_seg_124.wav,D8rC1GHnGXc,True,16000,1,3.0,-30.2654,-14.1691,0.4796,0.0,True,ok
data/interim/segmented/normal_speech/D8rC1GHnGXc_seg_125.wav,D8rC1GHnGXc_seg_125.wav,D8rC1GHnGXc,True,16000,1,3.0,-33.151,-13.0045,0.5539,0.0,True,ok
data/interim/segmented/normal_speech/D8rC1GHnGXc_seg_126.wav,D8rC1GHnGXc_seg_126.wav,D8rC1GHnGXc,True,16000,1,3.0,-31.7221,-11.8265,0.4759,0.0,True,ok
data/interim/segmented/normal_speech/D8rC1GHnGXc_seg_127.wav,D8rC1GHnGXc_seg_127.wav,D8rC1GHnGXc,True,16000,1,3.0,-32.691,-10.9562,0.4922,0.0,True,ok
data/interim/segmented/normal_speech/D8rC1GHnGXc_seg_128.wav,D8rC1GHnGXc_seg_128.wav,D8rC1GHnGXc,True,16000,1,3.0,-32.3254,-13.29,0.552,0.0,True,ok
data/interim/segmented/normal_speech/D8rC1GHnGXc_seg_129.wav,D8rC1GHnGXc_seg_129.wav,D8rC1GHnGXc,True,16000,1,3.0,-29.1918,-8.0797,0.5792,0.0,True,ok
data/interim/segmented/normal_speech/D8rC1GHnGXc_seg_130.wav,D8rC1GHnGXc_seg_130.wav,D8rC1GHnGXc,True,16000,1,3.0,-34.1133,-8.9208,0.4869,0.0,True,ok
data/interim/segmented/normal_speech/D8rC1GHnGXc_seg_131.wav,D8rC1GHnGXc_seg_131.wav,D8rC1GHnGXc,True,16000,1,3.0,-30.8838,-8.7638,0.4958,0.0,True,ok
data/interim/segmented/normal_speech/D8rC1GHnGXc_seg_132.wav,D8rC1GHnGXc_seg_132.wav,D8rC1GHnGXc,True,16000,1,3.0,-34.8358,-13.8135,0.7106,0.0,True,ok
data/interim/segmented/normal_speech/D8rC1GHnGXc_seg_133.wav,D8rC1GHnGXc_seg_133.wav,D8rC1GHnGXc,True,16000,1,3.0,-31.0155,-13.6627,0.3954,0.0,True,ok
data/interim/segmented/normal_speech/D8rC1GHnGXc_seg_134.wav,D8rC1GHnGXc_seg_134.wav,D8rC1GHnGXc,True,16000,1,3.0,-30.2868,-9.5374,0.4882,0.0,True,ok
data/interim/segmented/normal_speech/D8rC1GHnGXc_seg_135.wav,D8rC1GHnGXc_seg_135.wav,D8rC1GHnGXc,True,16000,1,3.0,-30.5106,-10.1771,0.4708,0.0,True,ok
data/interim/segmented/normal_speech/D8rC1GHnGXc_seg_136.wav,D8rC1GHnGXc_seg_136.wav,D8rC1GHnGXc,True,16000,1,3.0,-35.2939,-14.8479,0.6428,0.0,True,ok
data/interim/segmented/normal_speech/D8rC1GHnGXc_seg_137.wav,D8rC1GHnGXc_seg_137.wav,D8rC1GHnGXc,True,16000,1,3.0,-37.9431,-19.8185,0.6349,0.0,True,ok
data/interim/segmented/normal_speech/D8rC1GHnGXc_seg_138.wav,D8rC1GHnGXc_seg_138.wav,D8rC1GHnGXc,True,16000,1,3.0,-33.5072,-12.9856,0.515,0.0,True,ok
data/interim/segmented/normal_speech/D8rC1GHnGXc_seg_139.wav,D8rC1GHnGXc_seg_139.wav,D8rC1GHnGXc,True,16000,1,3.0,-37.8035,-13.5396,0.7554,0.0,True,ok
data/interim/segmented/normal_speech/D8rC1GHnGXc_seg_140.wav,D8rC1GHnGXc_seg_140.wav,D8rC1GHnGXc,True,16000,1,3.0,-33.069,-8.3666,0.4847,0.0,True,ok
data/interim/segmented/normal_speech/D8rC1GHnGXc_seg_141.wav,D8rC1GHnGXc_seg_141.wav,D8rC1GHnGXc,True,16000,1,3.0,-35.3809,-15.6708,0.6034,0.0,True,ok
data/interim/segmented/normal_speech/D8rC1GHnGXc_seg_142.wav,D8rC1GHnGXc_seg_142.wav,D8rC1GHnGXc,True,16000,1,3.0,-32.0667,-12.3609,0.738,0.0,True,ok
data/interim/segmented/normal_speech/D8rC1GHnGXc_seg_143.wav,D8rC1GHnGXc_seg_143.wav,D8rC1GHnGXc,True,16000,1,3.0,-30.7783,-11.5898,0.3883,0.0,True,ok
data/interim/segmented/normal_speech/D8rC1GHnGXc_seg_144.wav,D8rC1GHnGXc_seg_144.wav,D8rC1GHnGXc,True,16000,1,3.0,-29.2412,-11.5566,0.4506,0.0,True,ok
data/interim/segmented/normal_speech/D8rC1GHnGXc_seg_145.wav,D8rC1GHnGXc_seg_145.wav,D8rC1GHnGXc,True,16000,1,3.0,-37.3145,-18.6655,0.6415,0.0,True,ok
data/interim/segmented/normal_speech/D8rC1GHnGXc_seg_146.wav,D8rC1GHnGXc_seg_146.wav,D8rC1GHnGXc,True,16000,1,3.0,-33.2603,-7.3833,0.5446,0.0,True,ok
data/interim/segmented/normal_speech/D8rC1GHnGXc_seg_147.wav,D8rC1GHnGXc_seg_147.wav,D8rC1GHnGXc,True,16000,1,3.0,-28.5311,-4.6326,0.6651,0.0,True,ok
data/interim/segmented/normal_speech/D8rC1GHnGXc_seg_148.wav,D8rC1GHnGXc_seg_148.wav,D8rC1GHnGXc,True,16000,1,3.0,-30.8003,-11.4292,0.5516,0.0,True,ok
data/interim/segmented/normal_speech/D8rC1GHnGXc_seg_149.wav,D8rC1GHnGXc_seg_149.wav,D8rC1GHnGXc,True,16000,1,3.0,-28.4029,-10.9506,0.3655,0.0,True,ok
data/interim/segmented/normal_speech/D8rC1GHnGXc_seg_150.wav,D8rC1GHnGXc_seg_150.wav,D8rC1GHnGXc,True,16000,1,3.0,-30.0678,-11.3105,0.4132,0.0,True,ok
data/interim/segmented/normal_speech/D8rC1GHnGXc_seg_151.wav,D8rC1GHnGXc_seg_151.wav,D8rC1GHnGXc,True,16000,1,3.0,-30.36,-8.8677,0.4322,0.0,True,ok
data/interim/segmented/normal_speech/D8rC1GHnGXc_seg_152.wav,D8rC1GHnGXc_seg_152.wav,D8rC1GHnGXc,True,16000,1,3.0,-33.3038,-13.6998,0.5298,0.0,True,ok
data/interim/segmented/normal_speech/D8rC1GHnGXc_seg_153.wav,D8rC1GHnGXc_seg_153.wav,D8rC1GHnGXc,True,16000,1,3.0,-32.4092,-12.9126,0.4817,0.0,True,ok
data/interim/segmented/normal_speech/D8rC1GHnGXc_seg_154.wav,D8rC1GHnGXc_seg_154.wav,D8rC1GHnGXc,True,16000,1,3.0,-33.0547,-13.8031,0.4889,0.0,True,ok
data/interim/segmented/normal_speech/D8rC1GHnGXc_seg_155.wav,D8rC1GHnGXc_seg_155.wav,D8rC1GHnGXc,True,16000,1,3.0,-32.7694,-16.3105,0.5034,0.0,True,ok
data/interim/segmented/normal_speech/D8rC1GHnGXc_seg_156.wav,D8rC1GHnGXc_seg_156.wav,D8rC1GHnGXc,True,16000,1,3.0,-34.663,-17.5672,0.5568,0.0,True,ok
data/interim/segmented/normal_speech/D8rC1GHnGXc_seg_157.wav,D8rC1GHnGXc_seg_157.wav,D8rC1GHnGXc,True,16000,1,3.0,-31.2649,-12.3796,0.4777,0.0,True,ok
data/interim/segmented/normal_speech/D8rC1GHnGXc_seg_158.wav,D8rC1GHnGXc_seg_158.wav,D8rC1GHnGXc,True,16000,1,3.0,-31.7887,-14.7402,0.4601,0.0,True,ok
data/interim/segmented/normal_speech/D8rC1GHnGXc_seg_159.wav,D8rC1GHnGXc_seg_159.wav,D8rC1GHnGXc,True,16000,1,3.0,-42.1277,-23.5001,0.774,0.0,True,ok
data/interim/segmented/normal_speech/D8rC1GHnGXc_seg_160.wav,D8rC1GHnGXc_seg_160.wav,D8rC1GHnGXc,True,16000,1,3.0,-31.6458,-9.8679,0.3852,0.0,True,ok
data/interim/segmented/normal_speech/D8rC1GHnGXc_seg_161.wav,D8rC1GHnGXc_seg_161.wav,D8rC1GHnGXc,True,16000,1,3.0,-32.7444,-10.8068,0.4945,0.0,True,ok
data/interim/segmented/normal_speech/D8rC1GHnGXc_seg_162.wav,D8rC1GHnGXc_seg_162.wav,D8rC1GHnGXc,True,16000,1,3.0,-29.8971,-10.7573,0.5226,0.0,True,ok
data/interim/segmented/normal_speech/D8rC1GHnGXc_seg_163.wav,D8rC1GHnGXc_seg_163.wav,D8rC1GHnGXc,True,16000,1,3.0,-31.7942,-13.4257,0.4985,0.0,True,ok
data/interim/segmented/normal_speech/D8rC1GHnGXc_seg_164.wav,D8rC1GHnGXc_seg_164.wav,D8rC1GHnGXc,True,16000,1,3.0,-30.9081,-10.7071,0.4906,0.0,True,ok
data/interim/segmented/normal_speech/D8rC1GHnGXc_seg_165.wav,D8rC1GHnGXc_seg_165.wav,D8rC1GHnGXc,True,16000,1,3.0,-32.0566,-13.0437,0.512,0.0,True,ok
data/interim/segmented/normal_speech/D8rC1GHnGXc_seg_166.wav,D8rC1GHnGXc_seg_166.wav,D8rC1GHnGXc,True,16000,1,3.0,-30.7045,-8.3917,0.5724,0.0,True,ok
data/interim/segmented/normal_speech/D8rC1GHnGXc_seg_167.wav,D8rC1GHnGXc_seg_167.wav,D8rC1GHnGXc,True,16000,1,3.0,-31.8928,-12.5432,0.5371,0.0,True,ok
data/interim/segmented/normal_speech/D8rC1GHnGXc_seg_168.wav,D8rC1GHnGXc_seg_168.wav,D8rC1GHnGXc,True,16000,1,3.0,-33.1208,-14.1178,0.4706,0.0,True,ok
data/interim/segmented/normal_speech/D8rC1GHnGXc_seg_169.wav,D8rC1GHnGXc_seg_169.wav,D8rC1GHnGXc,True,16000,1,3.0,-35.0098,-13.235,0.5676,0.0,True,ok
data/interim/segmented/normal_speech/D8rC1GHnGXc_seg_170.wav,D8rC1GHnGXc_seg_170.wav,D8rC1GHnGXc,True,16000,1,3.0,-29.6059,-9.6703,0.5695,0.0,True,ok
data/interim/segmented/normal_speech/D8rC1GHnGXc_seg_171.wav,D8rC1GHnGXc_seg_171.wav,D8rC1GHnGXc,True,16000,1,3.0,-34.834,-13.9762,0.4905,0.0,True,ok
data/interim/segmented/normal_speech/D8rC1GHnGXc_seg_172.wav,D8rC1GHnGXc_seg_172.wav,D8rC1GHnGXc,True,16000,1,3.0,-38.974,-12.8263,0.6928,0.0,True,ok
data/interim/segmented/normal_speech/D8rC1GHnGXc_seg_173.wav,D8rC1GHnGXc_seg_173.wav,D8rC1GHnGXc,True,16000,1,3.0,-31.3085,-11.5366,0.4544,0.0,True,ok
data/interim/segmented/normal_speech/D8rC1GHnGXc_seg_174.wav,D8rC1GHnGXc_seg_174.wav,D8rC1GHnGXc,True,16000,1,3.0,-33.4938,-15.015,0.4518,0.0,True,ok
data/interim/segmented/normal_speech/D8rC1GHnGXc_seg_175.wav,D8rC1GHnGXc_seg_175.wav,D8rC1GHnGXc,True,16000,1,3.0,-33.9718,-16.5673,0.4833,0.0,True,ok
data/interim/segmented/normal_speech/D8rC1GHnGXc_seg_176.wav,D8rC1GHnGXc_seg_176.wav,D8rC1GHnGXc,True,16000,1,3.0,-33.3284,-15.9257,0.5623,0.0,True,ok
data/interim/segmented/normal_speech/D8rC1GHnGXc_seg_177.wav,D8rC1GHnGXc_seg_177.wav,D8rC1GHnGXc,True,16000,1,3.0,-30.7787,-14.8523,0.4396,0.0,True,ok
data/interim/segmented/normal_speech/D8rC1GHnGXc_seg_178.wav,D8rC1GHnGXc_seg_178.wav,D8rC1GHnGXc,True,16000,1,3.0,-32.7515,-11.7585,0.5575,0.0,True,ok
data/interim/segmented/normal_speech/D8rC1GHnGXc_seg_179.wav,D8rC1GHnGXc_seg_179.wav,D8rC1GHnGXc,True,16000,1,3.0,-32.701,-11.7431,0.5111,0.0,True,ok
data/interim/segmented/normal_speech/D8rC1GHnGXc_seg_180.wav,D8rC1GHnGXc_seg_180.wav,D8rC1GHnGXc,True,16000,1,3.0,-28.6914,-9.93,0.5198,0.0,True,ok
data/interim/segmented/normal_speech/D8rC1GHnGXc_seg_181.wav,D8rC1GHnGXc_seg_181.wav,D8rC1GHnGXc,True,16000,1,3.0,-34.2904,-13.901,0.4551,0.0,True,ok
data/interim/segmented/normal_speech/D8rC1GHnGXc_seg_182.wav,D8rC1GHnGXc_seg_182.wav,D8rC1GHnGXc,True,16000,1,3.0,-32.9661,-15.7533,0.5821,0.0,True,ok
data/interim/segmented/normal_speech/D8rC1GHnGXc_seg_183.wav,D8rC1GHnGXc_seg_183.wav,D8rC1GHnGXc,True,16000,1,3.0,-36.0734,-16.0594,0.6787,0.0,True,ok
data/interim/segmented/normal_speech/D8rC1GHnGXc_seg_184.wav,D8rC1GHnGXc_seg_184.wav,D8rC1GHnGXc,True,16000,1,3.0,-33.3546,-15.9406,0.5578,0.0,True,ok
data/interim/segmented/normal_speech/D8rC1GHnGXc_seg_185.wav,D8rC1GHnGXc_seg_185.wav,D8rC1GHnGXc,True,16000,1,3.0,-37.5072,-16.9245,0.6076,0.0,True,ok
data/interim/segmented/normal_speech/D8rC1GHnGXc_seg_186.wav,D8rC1GHnGXc_seg_186.wav,D8rC1GHnGXc,True,16000,1,3.0,-30.9141,-7.9543,0.7859,0.0,True,ok
data/interim/segmented/normal_speech/D8rC1GHnGXc_seg_187.wav,D8rC1GHnGXc_seg_187.wav,D8rC1GHnGXc,True,16000,1,3.0,-27.8969,-10.6636,0.5045,0.0,True,ok
data/interim/segmented/normal_speech/D8rC1GHnGXc_seg_188.wav,D8rC1GHnGXc_seg_188.wav,D8rC1GHnGXc,True,16000,1,3.0,-35.1032,-15.9075,0.6125,0.0,True,ok
data/interim/segmented/normal_speech/D8rC1GHnGXc_seg_189.wav,D8rC1GHnGXc_seg_189.wav,D8rC1GHnGXc,True,16000,1,3.0,-34.2499,-16.6896,0.4429,0.0,True,ok
data/interim/segmented/normal_speech/D8rC1GHnGXc_seg_190.wav,D8rC1GHnGXc_seg_190.wav,D8rC1GHnGXc,True,16000,1,3.0,-35.5682,-16.34,0.638,0.0,True,ok
data/interim/segmented/normal_speech/D8rC1GHnGXc_seg_191.wav,D8rC1GHnGXc_seg_191.wav,D8rC1GHnGXc,True,16000,1,3.0,-30.4086,-11.7955,0.4749,0.0,True,ok
data/interim/segmented/normal_speech/D8rC1GHnGXc_seg_192.wav,D8rC1GHnGXc_seg_192.wav,D8rC1GHnGXc,True,16000,1,3.0,-34.4215,-18.6111,0.5135,0.0,True,ok
data/interim/segmented/normal_speech/D8rC1GHnGXc_seg_193.wav,D8rC1GHnGXc_seg_193.wav,D8rC1GHnGXc,True,16000,1,3.0,-33.3372,-13.5207,0.6886,0.0,True,ok
data/interim/segmented/normal_speech/D8rC1GHnGXc_seg_194.wav,D8rC1GHnGXc_seg_194.wav,D8rC1GHnGXc,True,16000,1,3.0,-37.7246,-17.334,0.6974,0.0,True,ok
data/interim/segmented/normal_speech/D8rC1GHnGXc_seg_195.wav,D8rC1GHnGXc_seg_195.wav,D8rC1GHnGXc,True,16000,1,3.0,-28.3699,-9.606,0.5548,0.0,True,ok
data/interim/segmented/normal_speech/D8rC1GHnGXc_seg_196.wav,D8rC1GHnGXc_seg_196.wav,D8rC1GHnGXc,True,16000,1,3.0,-31.9018,-13.7927,0.5114,0.0,True,ok
data/interim/segmented/normal_speech/D8rC1GHnGXc_seg_197.wav,D8rC1GHnGXc_seg_197.wav,D8rC1GHnGXc,True,16000,1,3.0,-33.955,-15.4013,0.5197,0.0,True,ok
data/interim/segmented/normal_speech/D8rC1GHnGXc_seg_198.wav,D8rC1GHnGXc_seg_198.wav,D8rC1GHnGXc,True,16000,1,3.0,-31.865,-12.7673,0.7069,0.0,True,ok
data/interim/segmented/normal_speech/D8rC1GHnGXc_seg_199.wav,D8rC1GHnGXc_seg_199.wav,D8rC1GHnGXc,True,16000,1,3.0,-29.4238,-11.112,0.3991,0.0,True,ok
data/interim/segmented/normal_speech/D8rC1GHnGXc_seg_200.wav,D8rC1GHnGXc_seg_200.wav,D8rC1GHnGXc,True,16000,1,3.0,-30.3566,-10.059,0.5069,0.0,True,ok
data/interim/segmented/normal_speech/D8rC1GHnGXc_seg_201.wav,D8rC1GHnGXc_seg_201.wav,D8rC1GHnGXc,True,16000,1,3.0,-30.8357,-12.9998,0.3337,0.0,True,ok
data/interim/segmented/normal_speech/D8rC1GHnGXc_seg_202.wav,D8rC1GHnGXc_seg_202.wav,D8rC1GHnGXc,True,16000,1,3.0,-32.8952,-14.4542,0.4365,0.0,True,ok
data/interim/segmented/normal_speech/D8rC1GHnGXc_seg_203.wav,D8rC1GHnGXc_seg_203.wav,D8rC1GHnGXc,True,16000,1,3.0,-35.4616,-12.2114,0.5947,0.0,True,ok
data/interim/segmented/normal_speech/D8rC1GHnGXc_seg_204.wav,D8rC1GHnGXc_seg_204.wav,D8rC1GHnGXc,True,16000,1,3.0,-27.959,-8.6289,0.4941,0.0,True,ok
data/interim/segmented/normal_speech/D8rC1GHnGXc_seg_205.wav,D8rC1GHnGXc_seg_205.wav,D8rC1GHnGXc,True,16000,1,2.889,-31.2269,-6.8891,0.5241,0.0,True,ok
data/interim/segmented/normal_speech/Jl4Waz8TmyU_seg_000.wav,Jl4Waz8TmyU_seg_000.wav,Jl4Waz8TmyU,True,16000,1,3.0,-18.3479,-3.2518,0.1372,0.0,True,ok
data/interim/segmented/normal_speech/Jl4Waz8TmyU_seg_001.wav,Jl4Waz8TmyU_seg_001.wav,Jl4Waz8TmyU,True,16000,1,3.0,-20.9796,-6.5383,0.1464,0.0,True,ok
data/interim/segmented/normal_speech/Jl4Waz8TmyU_seg_002.wav,Jl4Waz8TmyU_seg_002.wav,Jl4Waz8TmyU,True,16000,1,3.0,-21.2512,-5.6136,0.1277,0.0,True,ok
data/interim/segmented/normal_speech/Jl4Waz8TmyU_seg_003.wav,Jl4Waz8TmyU_seg_003.wav,Jl4Waz8TmyU,True,16000,1,3.0,-18.4742,-4.0731,0.1055,0.0,True,ok
data/interim/segmented/normal_speech/Jl4Waz8TmyU_seg_004.wav,Jl4Waz8TmyU_seg_004.wav,Jl4Waz8TmyU,True,16000,1,3.0,-19.5503,-5.0529,0.1372,0.0,True,ok
data/interim/segmented/normal_speech/Jl4Waz8TmyU_seg_005.wav,Jl4Waz8TmyU_seg_005.wav,Jl4Waz8TmyU,True,16000,1,3.0,-19.4851,-5.6308,0.0998,0.0,True,ok
data/interim/segmented/normal_speech/Jl4Waz8TmyU_seg_006.wav,Jl4Waz8TmyU_seg_006.wav,Jl4Waz8TmyU,True,16000,1,3.0,-19.0579,-3.5778,0.102,0.0,True,ok
data/interim/segmented/normal_speech/Jl4Waz8TmyU_seg_007.wav,Jl4Waz8TmyU_seg_007.wav,Jl4Waz8TmyU,True,16000,1,3.0,-18.6235,-4.0786,0.108,0.0,True,ok
data/interim/segmented/normal_speech/Jl4Waz8TmyU_seg_008.wav,Jl4Waz8TmyU_seg_008.wav,Jl4Waz8TmyU,True,16000,1,3.0,-19.4842,-2.8115,0.2153,0.0,True,ok
data/interim/segmented/normal_speech/Jl4Waz8TmyU_seg_009.wav,Jl4Waz8TmyU_seg_009.wav,Jl4Waz8TmyU,True,16000,1,3.0,-20.3988,-3.8328,0.1854,0.0,True,ok
data/interim/segmented/normal_speech/Jl4Waz8TmyU_seg_010.wav,Jl4Waz8TmyU_seg_010.wav,Jl4Waz8TmyU,True,16000,1,3.0,-19.3208,-5.3436,0.1308,0.0,True,ok
data/interim/segmented/normal_speech/Jl4Waz8TmyU_seg_011.wav,Jl4Waz8TmyU_seg_011.wav,Jl4Waz8TmyU,True,16000,1,3.0,-19.7289,-4.4776,0.1069,0.0,True,ok
data/interim/segmented/normal_speech/Jl4Waz8TmyU_seg_012.wav,Jl4Waz8TmyU_seg_012.wav,Jl4Waz8TmyU,True,16000,1,3.0,-18.9763,-4.9895,0.118,0.0,True,ok
data/interim/segmented/normal_speech/Jl4Waz8TmyU_seg_013.wav,Jl4Waz8TmyU_seg_013.wav,Jl4Waz8TmyU,True,16000,1,3.0,-19.6565,-5.0557,0.1588,0.0,True,ok
data/interim/segmented/normal_speech/Jl4Waz8TmyU_seg_014.wav,Jl4Waz8TmyU_seg_014.wav,Jl4Waz8TmyU,True,16000,1,3.0,-18.8197,-2.2243,0.1692,0.0,True,ok
data/interim/segmented/normal_speech/Jl4Waz8TmyU_seg_015.wav,Jl4Waz8TmyU_seg_015.wav,Jl4Waz8TmyU,True,16000,1,3.0,-18.4789,-6.1246,0.1171,0.0,True,ok
data/interim/segmented/normal_speech/Jl4Waz8TmyU_seg_016.wav,Jl4Waz8TmyU_seg_016.wav,Jl4Waz8TmyU,True,16000,1,3.0,-17.7797,-3.6417,0.0981,0.0,True,ok
data/interim/segmented/normal_speech/Jl4Waz8TmyU_seg_017.wav,Jl4Waz8TmyU_seg_017.wav,Jl4Waz8TmyU,True,16000,1,3.0,-18.6468,-2.7345,0.1115,0.0,True,ok
data/interim/segmented/normal_speech/Jl4Waz8TmyU_seg_018.wav,Jl4Waz8TmyU_seg_018.wav,Jl4Waz8TmyU,True,16000,1,3.0,-19.5294,-3.4086,0.1389,0.0,True,ok
data/interim/segmented/normal_speech/Jl4Waz8TmyU_seg_019.wav,Jl4Waz8TmyU_seg_019.wav,Jl4Waz8TmyU,True,16000,1,3.0,-20.1945,-0.5812,0.1687,0.0,True,ok
data/interim/segmented/normal_speech/Jl4Waz8TmyU_seg_020.wav,Jl4Waz8TmyU_seg_020.wav,Jl4Waz8TmyU,True,16000,1,3.0,-18.6502,-5.2908,0.0884,0.0,True,ok
data/interim/segmented/normal_speech/Jl4Waz8TmyU_seg_021.wav,Jl4Waz8TmyU_seg_021.wav,Jl4Waz8TmyU,True,16000,1,3.0,-18.8832,-4.3464,0.1006,0.0,True,ok
data/interim/segmented/normal_speech/Jl4Waz8TmyU_seg_022.wav,Jl4Waz8TmyU_seg_022.wav,Jl4Waz8TmyU,True,16000,1,3.0,-20.0648,-3.7137,0.131,0.0,True,ok
data/interim/segmented/normal_speech/Jl4Waz8TmyU_seg_023.wav,Jl4Waz8TmyU_seg_023.wav,Jl4Waz8TmyU,True,16000,1,3.0,-19.6008,-2.6123,0.1298,0.0,True,ok
data/interim/segmented/normal_speech/Jl4Waz8TmyU_seg_024.wav,Jl4Waz8TmyU_seg_024.wav,Jl4Waz8TmyU,True,16000,1,3.0,-20.0115,-4.2188,0.1087,0.0,True,ok
data/interim/segmented/normal_speech/Jl4Waz8TmyU_seg_025.wav,Jl4Waz8TmyU_seg_025.wav,Jl4Waz8TmyU,True,16000,1,3.0,-19.7779,-5.3628,0.1019,0.0,True,ok
data/interim/segmented/normal_speech/Jl4Waz8TmyU_seg_026.wav,Jl4Waz8TmyU_seg_026.wav,Jl4Waz8TmyU,True,16000,1,3.0,-20.5274,-5.921,0.1195,0.0,True,ok
data/interim/segmented/normal_speech/Jl4Waz8TmyU_seg_027.wav,Jl4Waz8TmyU_seg_027.wav,Jl4Waz8TmyU,True,16000,1,3.0,-20.149,-3.8849,0.1993,0.0,True,ok
data/interim/segmented/normal_speech/Jl4Waz8TmyU_seg_028.wav,Jl4Waz8TmyU_seg_028.wav,Jl4Waz8TmyU,True,16000,1,3.0,-19.7595,-4.4603,0.1682,0.0,True,ok
data/interim/segmented/normal_speech/Jl4Waz8TmyU_seg_029.wav,Jl4Waz8TmyU_seg_029.wav,Jl4Waz8TmyU,True,16000,1,3.0,-19.1646,-4.1467,0.1187,0.0,True,ok
data/interim/segmented/normal_speech/Jl4Waz8TmyU_seg_030.wav,Jl4Waz8TmyU_seg_030.wav,Jl4Waz8TmyU,True,16000,1,3.0,-18.8126,-3.9632,0.0878,0.0,True,ok
data/interim/segmented/normal_speech/Jl4Waz8TmyU_seg_031.wav,Jl4Waz8TmyU_seg_031.wav,Jl4Waz8TmyU,True,16000,1,3.0,-19.0632,-5.0976,0.1331,0.0,True,ok
data/interim/segmented/normal_speech/Jl4Waz8TmyU_seg_032.wav,Jl4Waz8TmyU_seg_032.wav,Jl4Waz8TmyU,True,16000,1,3.0,-20.8774,-4.6961,0.148,0.0,True,ok
data/interim/segmented/normal_speech/Jl4Waz8TmyU_seg_033.wav,Jl4Waz8TmyU_seg_033.wav,Jl4Waz8TmyU,True,16000,1,3.0,-19.138,-4.0621,0.1015,0.0,True,ok
data/interim/segmented/normal_speech/Jl4Waz8TmyU_seg_034.wav,Jl4Waz8TmyU_seg_034.wav,Jl4Waz8TmyU,True,16000,1,3.0,-20.9353,-4.9515,0.138,0.0,True,ok
data/interim/segmented/normal_speech/Jl4Waz8TmyU_seg_035.wav,Jl4Waz8TmyU_seg_035.wav,Jl4Waz8TmyU,True,16000,1,3.0,-20.1348,-2.441,0.1275,0.0,True,ok
data/interim/segmented/normal_speech/Jl4Waz8TmyU_seg_036.wav,Jl4Waz8TmyU_seg_036.wav,Jl4Waz8TmyU,True,16000,1,3.0,-21.333,-8.0737,0.0966,0.0,True,ok
data/interim/segmented/normal_speech/Jl4Waz8TmyU_seg_037.wav,Jl4Waz8TmyU_seg_037.wav,Jl4Waz8TmyU,True,16000,1,3.0,-20.9079,-5.2364,0.1126,0.0,True,ok
data/interim/segmented/normal_speech/Jl4Waz8TmyU_seg_038.wav,Jl4Waz8TmyU_seg_038.wav,Jl4Waz8TmyU,True,16000,1,3.0,-21.1783,-8.7116,0.1107,0.0,True,ok
data/interim/segmented/normal_speech/Jl4Waz8TmyU_seg_039.wav,Jl4Waz8TmyU_seg_039.wav,Jl4Waz8TmyU,True,16000,1,3.0,-21.4697,-3.1222,0.1769,0.0,True,ok
data/interim/segmented/normal_speech/Jl4Waz8TmyU_seg_040.wav,Jl4Waz8TmyU_seg_040.wav,Jl4Waz8TmyU,True,16000,1,3.0,-21.1794,-5.7256,0.1669,0.0,True,ok
data/interim/segmented/normal_speech/Jl4Waz8TmyU_seg_041.wav,Jl4Waz8TmyU_seg_041.wav,Jl4Waz8TmyU,True,16000,1,3.0,-19.3747,-5.0647,0.1263,0.0,True,ok
data/interim/segmented/normal_speech/Jl4Waz8TmyU_seg_042.wav,Jl4Waz8TmyU_seg_042.wav,Jl4Waz8TmyU,True,16000,1,3.0,-21.4587,-4.7417,0.1534,0.0,True,ok
data/interim/segmented/normal_speech/Jl4Waz8TmyU_seg_043.wav,Jl4Waz8TmyU_seg_043.wav,Jl4Waz8TmyU,True,16000,1,3.0,-19.6094,-4.894,0.1114,0.0,True,ok
data/interim/segmented/normal_speech/Jl4Waz8TmyU_seg_044.wav,Jl4Waz8TmyU_seg_044.wav,Jl4Waz8TmyU,True,16000,1,3.0,-21.7636,-5.9142,0.1694,0.0,True,ok
data/interim/segmented/normal_speech/Jl4Waz8TmyU_seg_045.wav,Jl4Waz8TmyU_seg_045.wav,Jl4Waz8TmyU,True,16000,1,3.0,-19.4781,-3.0858,0.1278,0.0,True,ok
data/interim/segmented/normal_speech/Jl4Waz8TmyU_seg_046.wav,Jl4Waz8TmyU_seg_046.wav,Jl4Waz8TmyU,True,16000,1,3.0,-21.1842,-6.101,0.1372,0.0,True,ok
data/interim/segmented/normal_speech/Jl4Waz8TmyU_seg_047.wav,Jl4Waz8TmyU_seg_047.wav,Jl4Waz8TmyU,True,16000,1,3.0,-19.1102,-3.5327,0.1608,0.0,True,ok
data/interim/segmented/normal_speech/Jl4Waz8TmyU_seg_048.wav,Jl4Waz8TmyU_seg_048.wav,Jl4Waz8TmyU,True,16000,1,3.0,-20.1421,-5.1655,0.2203,0.0,True,ok
data/interim/segmented/normal_speech/Jl4Waz8TmyU_seg_049.wav,Jl4Waz8TmyU_seg_049.wav,Jl4Waz8TmyU,True,16000,1,3.0,-20.0945,-7.5955,0.0954,0.0,True,ok
data/interim/segmented/normal_speech/Jl4Waz8TmyU_seg_050.wav,Jl4Waz8TmyU_seg_050.wav,Jl4Waz8TmyU,True,16000,1,3.0,-19.4074,-5.4751,0.1456,0.0,True,ok
data/interim/segmented/normal_speech/Jl4Waz8TmyU_seg_051.wav,Jl4Waz8TmyU_seg_051.wav,Jl4Waz8TmyU,True,16000,1,3.0,-19.8005,-4.3687,0.1096,0.0,True,ok
data/interim/segmented/normal_speech/Jl4Waz8TmyU_seg_052.wav,Jl4Waz8TmyU_seg_052.wav,Jl4Waz8TmyU,True,16000,1,3.0,-20.9232,-4.5119,0.1704,0.0,True,ok
data/interim/segmented/normal_speech/Jl4Waz8TmyU_seg_053.wav,Jl4Waz8TmyU_seg_053.wav,Jl4Waz8TmyU,True,16000,1,3.0,-20.7845,-6.4498,0.1978,0.0,True,ok
data/interim/segmented/normal_speech/Jl4Waz8TmyU_seg_054.wav,Jl4Waz8TmyU_seg_054.wav,Jl4Waz8TmyU,True,16000,1,3.0,-20.5325,-3.2569,0.2757,0.0,True,ok
data/interim/segmented/normal_speech/Jl4Waz8TmyU_seg_055.wav,Jl4Waz8TmyU_seg_055.wav,Jl4Waz8TmyU,True,16000,1,3.0,-19.2637,-2.7059,0.2163,0.0,True,ok
data/interim/segmented/normal_speech/Jl4Waz8TmyU_seg_056.wav,Jl4Waz8TmyU_seg_056.wav,Jl4Waz8TmyU,True,16000,1,3.0,-21.8969,-5.3751,0.1978,0.0,True,ok
data/interim/segmented/normal_speech/Jl4Waz8TmyU_seg_057.wav,Jl4Waz8TmyU_seg_057.wav,Jl4Waz8TmyU,True,16000,1,3.0,-19.7094,-4.6956,0.1743,0.0,True,ok
data/interim/segmented/normal_speech/Jl4Waz8TmyU_seg_058.wav,Jl4Waz8TmyU_seg_058.wav,Jl4Waz8TmyU,True,16000,1,3.0,-20.7191,-4.0102,0.2328,0.0,True,ok
data/interim/segmented/normal_speech/Jl4Waz8TmyU_seg_059.wav,Jl4Waz8TmyU_seg_059.wav,Jl4Waz8TmyU,True,16000,1,3.0,-21.1425,-6.7756,0.1931,0.0,True,ok
data/interim/segmented/normal_speech/Jl4Waz8TmyU_seg_060.wav,Jl4Waz8TmyU_seg_060.wav,Jl4Waz8TmyU,True,16000,1,3.0,-20.0532,-4.657,0.1566,0.0,True,ok
data/interim/segmented/normal_speech/Jl4Waz8TmyU_seg_061.wav,Jl4Waz8TmyU_seg_061.wav,Jl4Waz8TmyU,True,16000,1,3.0,-20.0614,-4.5315,0.1659,0.0,True,ok
data/interim/segmented/normal_speech/Jl4Waz8TmyU_seg_062.wav,Jl4Waz8TmyU_seg_062.wav,Jl4Waz8TmyU,True,16000,1,3.0,-19.8991,-3.174,0.1905,0.0,True,ok
data/interim/segmented/normal_speech/Jl4Waz8TmyU_seg_063.wav,Jl4Waz8TmyU_seg_063.wav,Jl4Waz8TmyU,True,16000,1,3.0,-19.8782,-5.5466,0.0994,0.0,True,ok
data/interim/segmented/normal_speech/Jl4Waz8TmyU_seg_064.wav,Jl4Waz8TmyU_seg_064.wav,Jl4Waz8TmyU,True,16000,1,3.0,-19.7079,-6.8745,0.1135,0.0,True,ok
data/interim/segmented/normal_speech/Jl4Waz8TmyU_seg_065.wav,Jl4Waz8TmyU_seg_065.wav,Jl4Waz8TmyU,True,16000,1,3.0,-19.7085,-2.3045,0.1237,0.0,True,ok
data/interim/segmented/normal_speech/Jl4Waz8TmyU_seg_066.wav,Jl4Waz8TmyU_seg_066.wav,Jl4Waz8TmyU,True,16000,1,3.0,-19.5122,-3.371,0.2234,0.0,True,ok
data/interim/segmented/normal_speech/Jl4Waz8TmyU_seg_067.wav,Jl4Waz8TmyU_seg_067.wav,Jl4Waz8TmyU,True,16000,1,3.0,-20.8553,-7.41,0.1502,0.0,True,ok
data/interim/segmented/normal_speech/Jl4Waz8TmyU_seg_068.wav,Jl4Waz8TmyU_seg_068.wav,Jl4Waz8TmyU,True,16000,1,3.0,-19.6602,-3.8845,0.1499,0.0,True,ok
data/interim/segmented/normal_speech/Jl4Waz8TmyU_seg_069.wav,Jl4Waz8TmyU_seg_069.wav,Jl4Waz8TmyU,True,16000,1,3.0,-19.8011,-6.3783,0.1737,0.0,True,ok
data/interim/segmented/normal_speech/Jl4Waz8TmyU_seg_070.wav,Jl4Waz8TmyU_seg_070.wav,Jl4Waz8TmyU,True,16000,1,3.0,-20.525,-5.089,0.1459,0.0,True,ok
data/interim/segmented/normal_speech/Jl4Waz8TmyU_seg_071.wav,Jl4Waz8TmyU_seg_071.wav,Jl4Waz8TmyU,True,16000,1,3.0,-18.7919,-5.2079,0.0945,0.0,True,ok
data/interim/segmented/normal_speech/Jl4Waz8TmyU_seg_072.wav,Jl4Waz8TmyU_seg_072.wav,Jl4Waz8TmyU,True,16000,1,3.0,-19.5706,-3.5439,0.1432,0.0,True,ok
data/interim/segmented/normal_speech/Jl4Waz8TmyU_seg_073.wav,Jl4Waz8TmyU_seg_073.wav,Jl4Waz8TmyU,True,16000,1,3.0,-19.1571,-4.3612,0.1002,0.0,True,ok
data/interim/segmented/normal_speech/Jl4Waz8TmyU_seg_074.wav,Jl4Waz8TmyU_seg_074.wav,Jl4Waz8TmyU,True,16000,1,3.0,-20.2505,-6.2157,0.1881,0.0,True,ok
data/interim/segmented/normal_speech/Jl4Waz8TmyU_seg_075.wav,Jl4Waz8TmyU_seg_075.wav,Jl4Waz8TmyU,True,16000,1,3.0,-18.1882,-2.8659,0.1504,0.0,True,ok
data/interim/segmented/normal_speech/Jl4Waz8TmyU_seg_076.wav,Jl4Waz8TmyU_seg_076.wav,Jl4Waz8TmyU,True,16000,1,3.0,-18.9619,-4.0549,0.1533,0.0,True,ok
data/interim/segmented/normal_speech/Jl4Waz8TmyU_seg_077.wav,Jl4Waz8TmyU_seg_077.wav,Jl4Waz8TmyU,True,16000,1,3.0,-19.4915,-1.5252,0.1111,0.0,True,ok
data/interim/segmented/normal_speech/Jl4Waz8TmyU_seg_078.wav,Jl4Waz8TmyU_seg_078.wav,Jl4Waz8TmyU,True,16000,1,3.0,-19.3246,-4.3158,0.0839,0.0,True,ok
data/interim/segmented/normal_speech/Jl4Waz8TmyU_seg_079.wav,Jl4Waz8TmyU_seg_079.wav,Jl4Waz8TmyU,True,16000,1,3.0,-20.9208,-5.8922,0.1889,0.0,True,ok
data/interim/segmented/normal_speech/Jl4Waz8TmyU_seg_080.wav,Jl4Waz8TmyU_seg_080.wav,Jl4Waz8TmyU,True,16000,1,3.0,-19.4045,-2.9828,0.1432,0.0,True,ok
data/interim/segmented/normal_speech/Jl4Waz8TmyU_seg_081.wav,Jl4Waz8TmyU_seg_081.wav,Jl4Waz8TmyU,True,16000,1,3.0,-20.1393,-5.7585,0.1052,0.0,True,ok
data/interim/segmented/normal_speech/Jl4Waz8TmyU_seg_082.wav,Jl4Waz8TmyU_seg_082.wav,Jl4Waz8TmyU,True,16000,1,3.0,-21.0538,-7.445,0.1394,0.0,True,ok
data/interim/segmented/normal_speech/Jl4Waz8TmyU_seg_083.wav,Jl4Waz8TmyU_seg_083.wav,Jl4Waz8TmyU,True,16000,1,3.0,-20.5487,-4.2033,0.1501,0.0,True,ok
data/interim/segmented/normal_speech/Jl4Waz8TmyU_seg_084.wav,Jl4Waz8TmyU_seg_084.wav,Jl4Waz8TmyU,True,16000,1,3.0,-19.5464,-4.6774,0.3154,0.0,True,ok
data/interim/segmented/normal_speech/Jl4Waz8TmyU_seg_085.wav,Jl4Waz8TmyU_seg_085.wav,Jl4Waz8TmyU,True,16000,1,3.0,-19.6762,-5.4042,0.1163,0.0,True,ok
data/interim/segmented/normal_speech/Jl4Waz8TmyU_seg_086.wav,Jl4Waz8TmyU_seg_086.wav,Jl4Waz8TmyU,True,16000,1,3.0,-20.1092,-5.6415,0.1638,0.0,True,ok
data/interim/segmented/normal_speech/Jl4Waz8TmyU_seg_087.wav,Jl4Waz8TmyU_seg_087.wav,Jl4Waz8TmyU,True,16000,1,3.0,-19.1363,-5.7241,0.0854,0.0,True,ok
data/interim/segmented/normal_speech/Jl4Waz8TmyU_seg_088.wav,Jl4Waz8TmyU_seg_088.wav,Jl4Waz8TmyU,True,16000,1,3.0,-20.1127,-5.5335,0.1194,0.0,True,ok
data/interim/segmented/normal_speech/Jl4Waz8TmyU_seg_089.wav,Jl4Waz8TmyU_seg_089.wav,Jl4Waz8TmyU,True,16000,1,3.0,-19.1826,-4.2884,0.1984,0.0,True,ok
data/interim/segmented/normal_speech/Jl4Waz8TmyU_seg_090.wav,Jl4Waz8TmyU_seg_090.wav,Jl4Waz8TmyU,True,16000,1,3.0,-18.9322,-4.7513,0.1665,0.0,True,ok
data/interim/segmented/normal_speech/Jl4Waz8TmyU_seg_091.wav,Jl4Waz8TmyU_seg_091.wav,Jl4Waz8TmyU,True,16000,1,3.0,-18.9171,-3.8642,0.1191,0.0,True,ok
data/interim/segmented/normal_speech/Jl4Waz8TmyU_seg_092.wav,Jl4Waz8TmyU_seg_092.wav,Jl4Waz8TmyU,True,16000,1,3.0,-19.2806,-3.672,0.1966,0.0,True,ok
data/interim/segmented/normal_speech/Jl4Waz8TmyU_seg_093.wav,Jl4Waz8TmyU_seg_093.wav,Jl4Waz8TmyU,True,16000,1,3.0,-19.7075,-4.4927,0.1178,0.0,True,ok
data/interim/segmented/normal_speech/Jl4Waz8TmyU_seg_094.wav,Jl4Waz8TmyU_seg_094.wav,Jl4Waz8TmyU,True,16000,1,3.0,-18.9016,-3.1017,0.1644,0.0,True,ok
data/interim/segmented/normal_speech/Jl4Waz8TmyU_seg_095.wav,Jl4Waz8TmyU_seg_095.wav,Jl4Waz8TmyU,True,16000,1,3.0,-21.3928,-5.9704,0.2144,0.0,True,ok
data/interim/segmented/normal_speech/Jl4Waz8TmyU_seg_096.wav,Jl4Waz8TmyU_seg_096.wav,Jl4Waz8TmyU,True,16000,1,3.0,-18.6267,-3.8638,0.1616,0.0,True,ok
data/interim/segmented/normal_speech/Jl4Waz8TmyU_seg_097.wav,Jl4Waz8TmyU_seg_097.wav,Jl4Waz8TmyU,True,16000,1,3.0,-19.7336,-4.4847,0.1754,0.0,True,ok
data/interim/segmented/normal_speech/Jl4Waz8TmyU_seg_098.wav,Jl4Waz8TmyU_seg_098.wav,Jl4Waz8TmyU,True,16000,1,3.0,-20.6753,-5.3756,0.1578,0.0,True,ok
data/interim/segmented/normal_speech/Jl4Waz8TmyU_seg_099.wav,Jl4Waz8TmyU_seg_099.wav,Jl4Waz8TmyU,True,16000,1,3.0,-19.2855,-4.3468,0.1929,0.0,True,ok
data/interim/segmented/normal_speech/Jl4Waz8TmyU_seg_100.wav,Jl4Waz8TmyU_seg_100.wav,Jl4Waz8TmyU,True,16000,1,3.0,-20.0139,-4.8513,0.1223,0.0,True,ok
data/interim/segmented/normal_speech/Jl4Waz8TmyU_seg_101.wav,Jl4Waz8TmyU_seg_101.wav,Jl4Waz8TmyU,True,16000,1,3.0,-19.7703,-4.6493,0.2335,0.0,True,ok
data/interim/segmented/normal_speech/Jl4Waz8TmyU_seg_102.wav,Jl4Waz8TmyU_seg_102.wav,Jl4Waz8TmyU,True,16000,1,3.0,-20.0491,-3.2862,0.3234,0.0,True,ok
data/interim/segmented/normal_speech/Jl4Waz8TmyU_seg_103.wav,Jl4Waz8TmyU_seg_103.wav,Jl4Waz8TmyU,True,16000,1,3.0,-20.1413,-5.3598,0.1822,0.0,True,ok
data/interim/segmented/normal_speech/Jl4Waz8TmyU_seg_104.wav,Jl4Waz8TmyU_seg_104.wav,Jl4Waz8TmyU,True,16000,1,3.0,-20.2874,-3.0398,0.1366,0.0,True,ok
data/interim/segmented/normal_speech/Jl4Waz8TmyU_seg_105.wav,Jl4Waz8TmyU_seg_105.wav,Jl4Waz8TmyU,True,16000,1,3.0,-19.8735,-3.9165,0.1801,0.0,True,ok
data/interim/segmented/normal_speech/Jl4Waz8TmyU_seg_106.wav,Jl4Waz8TmyU_seg_106.wav,Jl4Waz8TmyU,True,16000,1,3.0,-21.5217,-5.5601,0.187,0.0,True,ok
data/interim/segmented/normal_speech/Jl4Waz8TmyU_seg_107.wav,Jl4Waz8TmyU_seg_107.wav,Jl4Waz8TmyU,True,16000,1,3.0,-20.1416,-5.7951,0.0759,0.0,True,ok
data/interim/segmented/normal_speech/Jl4Waz8TmyU_seg_108.wav,Jl4Waz8TmyU_seg_108.wav,Jl4Waz8TmyU,True,16000,1,3.0,-21.0823,-6.3513,0.1464,0.0,True,ok
data/interim/segmented/normal_speech/Jl4Waz8TmyU_seg_109.wav,Jl4Waz8TmyU_seg_109.wav,Jl4Waz8TmyU,True,16000,1,3.0,-20.5814,-3.1736,0.1745,0.0,True,ok
data/interim/segmented/normal_speech/Jl4Waz8TmyU_seg_110.wav,Jl4Waz8TmyU_seg_110.wav,Jl4Waz8TmyU,True,16000,1,3.0,-20.6634,-3.599,0.3087,0.0,True,ok
data/interim/segmented/normal_speech/Jl4Waz8TmyU_seg_111.wav,Jl4Waz8TmyU_seg_111.wav,Jl4Waz8TmyU,True,16000,1,3.0,-20.4494,-5.5035,0.1423,0.0,True,ok
data/interim/segmented/normal_speech/Jl4Waz8TmyU_seg_112.wav,Jl4Waz8TmyU_seg_112.wav,Jl4Waz8TmyU,True,16000,1,3.0,-19.8867,-4.875,0.1224,0.0,True,ok
data/interim/segmented/normal_speech/Jl4Waz8TmyU_seg_113.wav,Jl4Waz8TmyU_seg_113.wav,Jl4Waz8TmyU,True,16000,1,3.0,-21.1651,-4.5275,0.1776,0.0,True,ok
data/interim/segmented/normal_speech/Jl4Waz8TmyU_seg_114.wav,Jl4Waz8TmyU_seg_114.wav,Jl4Waz8TmyU,True,16000,1,3.0,-20.8766,-5.4373,0.1893,0.0,True,ok
data/interim/segmented/normal_speech/Jl4Waz8TmyU_seg_115.wav,Jl4Waz8TmyU_seg_115.wav,Jl4Waz8TmyU,True,16000,1,3.0,-21.1805,-6.6876,0.2215,0.0,True,ok
data/interim/segmented/normal_speech/Jl4Waz8TmyU_seg_116.wav,Jl4Waz8TmyU_seg_116.wav,Jl4Waz8TmyU,True,16000,1,3.0,-18.6924,-3.8353,0.1305,0.0,True,ok
data/interim/segmented/normal_speech/Jl4Waz8TmyU_seg_117.wav,Jl4Waz8TmyU_seg_117.wav,Jl4Waz8TmyU,True,16000,1,3.0,-18.6809,-2.3704,0.098,0.0,True,ok
data/interim/segmented/normal_speech/Jl4Waz8TmyU_seg_118.wav,Jl4Waz8TmyU_seg_118.wav,Jl4Waz8TmyU,True,16000,1,3.0,-20.3164,-3.967,0.1334,0.0,True,ok
data/interim/segmented/normal_speech/Jl4Waz8TmyU_seg_119.wav,Jl4Waz8TmyU_seg_119.wav,Jl4Waz8TmyU,True,16000,1,3.0,-19.7283,-4.0363,0.1324,0.0,True,ok
data/interim/segmented/normal_speech/Jl4Waz8TmyU_seg_120.wav,Jl4Waz8TmyU_seg_120.wav,Jl4Waz8TmyU,True,16000,1,3.0,-19.6454,-6.5192,0.1224,0.0,True,ok
data/interim/segmented/normal_speech/Jl4Waz8TmyU_seg_121.wav,Jl4Waz8TmyU_seg_121.wav,Jl4Waz8TmyU,True,16000,1,3.0,-20.4547,-4.9206,0.1424,0.0,True,ok
data/interim/segmented/normal_speech/Jl4Waz8TmyU_seg_122.wav,Jl4Waz8TmyU_seg_122.wav,Jl4Waz8TmyU,True,16000,1,3.0,-19.9477,-4.629,0.136,0.0,True,ok
data/interim/segmented/normal_speech/Jl4Waz8TmyU_seg_123.wav,Jl4Waz8TmyU_seg_123.wav,Jl4Waz8TmyU,True,16000,1,3.0,-19.8108,-4.5382,0.1618,0.0,True,ok
data/interim/segmented/normal_speech/Jl4Waz8TmyU_seg_124.wav,Jl4Waz8TmyU_seg_124.wav,Jl4Waz8TmyU,True,16000,1,3.0,-19.8384,-4.9487,0.1983,0.0,True,ok
data/interim/segmented/normal_speech/Jl4Waz8TmyU_seg_125.wav,Jl4Waz8TmyU_seg_125.wav,Jl4Waz8TmyU,True,16000,1,3.0,-20.1467,-4.0047,0.1648,0.0,True,ok
data/interim/segmented/normal_speech/Jl4Waz8TmyU_seg_126.wav,Jl4Waz8TmyU_seg_126.wav,Jl4Waz8TmyU,True,16000,1,3.0,-23.6674,-6.6487,0.291,0.0,True,ok
data/interim/segmented/normal_speech/Jl4Waz8TmyU_seg_127.wav,Jl4Waz8TmyU_seg_127.wav,Jl4Waz8TmyU,True,16000,1,3.0,-21.3515,-5.204,0.2451,0.0,True,ok
data/interim/segmented/normal_speech/Jl4Waz8TmyU_seg_128.wav,Jl4Waz8TmyU_seg_128.wav,Jl4Waz8TmyU,True,16000,1,3.0,-19.6633,-3.7884,0.1368,0.0,True,ok
data/interim/segmented/normal_speech/Jl4Waz8TmyU_seg_129.wav,Jl4Waz8TmyU_seg_129.wav,Jl4Waz8TmyU,True,16000,1,3.0,-20.0466,-4.5835,0.1185,0.0,True,ok
data/interim/segmented/normal_speech/Jl4Waz8TmyU_seg_130.wav,Jl4Waz8TmyU_seg_130.wav,Jl4Waz8TmyU,True,16000,1,3.0,-19.306,-2.9734,0.1419,0.0,True,ok
data/interim/segmented/normal_speech/Jl4Waz8TmyU_seg_131.wav,Jl4Waz8TmyU_seg_131.wav,Jl4Waz8TmyU,True,16000,1,3.0,-18.9282,-2.5037,0.1359,0.0,True,ok
data/interim/segmented/normal_speech/Jl4Waz8TmyU_seg_132.wav,Jl4Waz8TmyU_seg_132.wav,Jl4Waz8TmyU,True,16000,1,3.0,-20.2125,-3.9657,0.139,0.0,True,ok
data/interim/segmented/normal_speech/Jl4Waz8TmyU_seg_133.wav,Jl4Waz8TmyU_seg_133.wav,Jl4Waz8TmyU,True,16000,1,3.0,-19.6477,-4.6127,0.2035,0.0,True,ok
data/interim/segmented/normal_speech/Jl4Waz8TmyU_seg_134.wav,Jl4Waz8TmyU_seg_134.wav,Jl4Waz8TmyU,True,16000,1,3.0,-19.4657,-4.4267,0.1086,0.0,True,ok
data/interim/segmented/normal_speech/Jl4Waz8TmyU_seg_135.wav,Jl4Waz8TmyU_seg_135.wav,Jl4Waz8TmyU,True,16000,1,3.0,-19.3026,-4.4493,0.1871,0.0,True,ok
data/interim/segmented/normal_speech/Jl4Waz8TmyU_seg_136.wav,Jl4Waz8TmyU_seg_136.wav,Jl4Waz8TmyU,True,16000,1,3.0,-21.3487,-7.0864,0.2924,0.0,True,ok
data/interim/segmented/normal_speech/Jl4Waz8TmyU_seg_137.wav,Jl4Waz8TmyU_seg_137.wav,Jl4Waz8TmyU,True,16000,1,3.0,-18.7333,-3.1824,0.1518,0.0,True,ok
data/interim/segmented/normal_speech/Jl4Waz8TmyU_seg_138.wav,Jl4Waz8TmyU_seg_138.wav,Jl4Waz8TmyU,True,16000,1,3.0,-21.2705,-3.676,0.2489,0.0,True,ok
data/interim/segmented/normal_speech/Jl4Waz8TmyU_seg_139.wav,Jl4Waz8TmyU_seg_139.wav,Jl4Waz8TmyU,True,16000,1,3.0,-22.1057,-6.0914,0.2708,0.0,True,ok
data/interim/segmented/normal_speech/Jl4Waz8TmyU_seg_140.wav,Jl4Waz8TmyU_seg_140.wav,Jl4Waz8TmyU,True,16000,1,3.0,-20.7404,-6.3309,0.1803,0.0,True,ok
data/interim/segmented/normal_speech/Jl4Waz8TmyU_seg_141.wav,Jl4Waz8TmyU_seg_141.wav,Jl4Waz8TmyU,True,16000,1,3.0,-18.7383,-3.1583,0.1318,0.0,True,ok
data/interim/segmented/normal_speech/Jl4Waz8TmyU_seg_142.wav,Jl4Waz8TmyU_seg_142.wav,Jl4Waz8TmyU,True,16000,1,3.0,-20.4633,-6.5586,0.202,0.0,True,ok
data/interim/segmented/normal_speech/Jl4Waz8TmyU_seg_143.wav,Jl4Waz8TmyU_seg_143.wav,Jl4Waz8TmyU,True,16000,1,3.0,-25.7289,-6.4817,0.1439,0.0,True,ok
data/interim/segmented/normal_speech/Jl4Waz8TmyU_seg_144.wav,Jl4Waz8TmyU_seg_144.wav,Jl4Waz8TmyU,True,16000,1,3.0,-31.4165,-20.3235,0.1653,0.0,True,ok
data/interim/segmented/normal_speech/Jl4Waz8TmyU_seg_145.wav,Jl4Waz8TmyU_seg_145.wav,Jl4Waz8TmyU,True,16000,1,3.0,-32.8593,-22.6112,0.1996,0.0,True,ok
data/interim/segmented/normal_speech/Jl4Waz8TmyU_seg_146.wav,Jl4Waz8TmyU_seg_146.wav,Jl4Waz8TmyU,True,16000,1,3.0,-31.8277,-19.6871,0.1643,0.0,True,ok
data/interim/segmented/normal_speech/Jl4Waz8TmyU_seg_147.wav,Jl4Waz8TmyU_seg_147.wav,Jl4Waz8TmyU,True,16000,1,3.0,-31.8493,-20.1357,0.169,0.0,True,ok
data/interim/segmented/normal_speech/L4_md9kgSv0_seg_000.wav,L4_md9kgSv0_seg_000.wav,L4_md9kgSv0,True,16000,1,3.0,-28.1423,-14.9229,0.1966,0.0,True,ok
data/interim/segmented/normal_speech/L4_md9kgSv0_seg_001.wav,L4_md9kgSv0_seg_001.wav,L4_md9kgSv0,True,16000,1,3.0,-28.1733,-9.269,0.2159,0.0,True,ok
data/interim/segmented/normal_speech/L4_md9kgSv0_seg_002.wav,L4_md9kgSv0_seg_002.wav,L4_md9kgSv0,True,16000,1,3.0,-28.6432,-13.7914,0.2474,0.0,True,ok
data/interim/segmented/normal_speech/L4_md9kgSv0_seg_003.wav,L4_md9kgSv0_seg_003.wav,L4_md9kgSv0,True,16000,1,3.0,-29.0574,-10.5058,0.3063,0.0,True,ok
data/interim/segmented/normal_speech/L4_md9kgSv0_seg_004.wav,L4_md9kgSv0_seg_004.wav,L4_md9kgSv0,True,16000,1,3.0,-28.5966,-10.2148,0.3372,0.0,True,ok
data/interim/segmented/normal_speech/L4_md9kgSv0_seg_005.wav,L4_md9kgSv0_seg_005.wav,L4_md9kgSv0,True,16000,1,3.0,-30.5502,-9.8472,0.4329,0.0,True,ok
data/interim/segmented/normal_speech/L4_md9kgSv0_seg_006.wav,L4_md9kgSv0_seg_006.wav,L4_md9kgSv0,True,16000,1,3.0,-29.5799,-6.9597,0.3341,0.0,True,ok
data/interim/segmented/normal_speech/L4_md9kgSv0_seg_007.wav,L4_md9kgSv0_seg_007.wav,L4_md9kgSv0,True,16000,1,3.0,-29.0997,-11.5697,0.2759,0.0,True,ok
data/interim/segmented/normal_speech/L4_md9kgSv0_seg_008.wav,L4_md9kgSv0_seg_008.wav,L4_md9kgSv0,True,16000,1,3.0,-31.8789,-13.4756,0.4343,0.0,True,ok
data/interim/segmented/normal_speech/L4_md9kgSv0_seg_009.wav,L4_md9kgSv0_seg_009.wav,L4_md9kgSv0,True,16000,1,3.0,-31.1082,-12.8031,0.355,0.0,True,ok
data/interim/segmented/normal_speech/L4_md9kgSv0_seg_010.wav,L4_md9kgSv0_seg_010.wav,L4_md9kgSv0,True,16000,1,3.0,-33.3348,-14.2892,0.4888,0.0,True,ok
data/interim/segmented/normal_speech/L4_md9kgSv0_seg_011.wav,L4_md9kgSv0_seg_011.wav,L4_md9kgSv0,True,16000,1,3.0,-30.5837,-8.4504,0.4134,0.0,True,ok
data/interim/segmented/normal_speech/L4_md9kgSv0_seg_012.wav,L4_md9kgSv0_seg_012.wav,L4_md9kgSv0,True,16000,1,3.0,-28.0534,-6.8243,0.3621,0.0,True,ok
data/interim/segmented/normal_speech/L4_md9kgSv0_seg_013.wav,L4_md9kgSv0_seg_013.wav,L4_md9kgSv0,True,16000,1,3.0,-27.5919,-8.1012,0.2041,0.0,True,ok
data/interim/segmented/normal_speech/L4_md9kgSv0_seg_014.wav,L4_md9kgSv0_seg_014.wav,L4_md9kgSv0,True,16000,1,3.0,-29.1622,-11.0559,0.3443,0.0,True,ok
data/interim/segmented/normal_speech/L4_md9kgSv0_seg_015.wav,L4_md9kgSv0_seg_015.wav,L4_md9kgSv0,True,16000,1,3.0,-29.2278,-11.7237,0.3553,0.0,True,ok
data/interim/segmented/normal_speech/L4_md9kgSv0_seg_016.wav,L4_md9kgSv0_seg_016.wav,L4_md9kgSv0,True,16000,1,3.0,-29.4794,-11.9747,0.3329,0.0,True,ok
data/interim/segmented/normal_speech/L4_md9kgSv0_seg_017.wav,L4_md9kgSv0_seg_017.wav,L4_md9kgSv0,True,16000,1,3.0,-29.3088,-7.8785,0.3026,0.0,True,ok
data/interim/segmented/normal_speech/L4_md9kgSv0_seg_018.wav,L4_md9kgSv0_seg_018.wav,L4_md9kgSv0,True,16000,1,3.0,-29.8484,-10.605,0.3309,0.0,True,ok
data/interim/segmented/normal_speech/L4_md9kgSv0_seg_019.wav,L4_md9kgSv0_seg_019.wav,L4_md9kgSv0,True,16000,1,3.0,-33.8958,-15.2834,0.5004,0.0,True,ok
data/interim/segmented/normal_speech/L4_md9kgSv0_seg_020.wav,L4_md9kgSv0_seg_020.wav,L4_md9kgSv0,True,16000,1,3.0,-31.1624,-10.9862,0.4015,0.0,True,ok
data/interim/segmented/normal_speech/L4_md9kgSv0_seg_021.wav,L4_md9kgSv0_seg_021.wav,L4_md9kgSv0,True,16000,1,3.0,-32.3332,-10.8603,0.4507,0.0,True,ok
data/interim/segmented/normal_speech/L4_md9kgSv0_seg_022.wav,L4_md9kgSv0_seg_022.wav,L4_md9kgSv0,True,16000,1,3.0,-29.6171,-12.8437,0.4068,0.0,True,ok
data/interim/segmented/normal_speech/L4_md9kgSv0_seg_023.wav,L4_md9kgSv0_seg_023.wav,L4_md9kgSv0,True,16000,1,3.0,-28.9323,-11.176,0.2973,0.0,True,ok
data/interim/segmented/normal_speech/L4_md9kgSv0_seg_024.wav,L4_md9kgSv0_seg_024.wav,L4_md9kgSv0,True,16000,1,3.0,-29.0659,-11.7073,0.3669,0.0,True,ok
data/interim/segmented/normal_speech/L4_md9kgSv0_seg_025.wav,L4_md9kgSv0_seg_025.wav,L4_md9kgSv0,True,16000,1,3.0,-28.0427,-8.2823,0.3077,0.0,True,ok
data/interim/segmented/normal_speech/L4_md9kgSv0_seg_026.wav,L4_md9kgSv0_seg_026.wav,L4_md9kgSv0,True,16000,1,3.0,-27.9897,-9.4591,0.277,0.0,True,ok
data/interim/segmented/normal_speech/L4_md9kgSv0_seg_027.wav,L4_md9kgSv0_seg_027.wav,L4_md9kgSv0,True,16000,1,3.0,-28.8923,-9.1215,0.3303,0.0,True,ok
data/interim/segmented/normal_speech/L4_md9kgSv0_seg_028.wav,L4_md9kgSv0_seg_028.wav,L4_md9kgSv0,True,16000,1,3.0,-27.8759,-10.739,0.3158,0.0,True,ok
data/interim/segmented/normal_speech/L4_md9kgSv0_seg_029.wav,L4_md9kgSv0_seg_029.wav,L4_md9kgSv0,True,16000,1,3.0,-31.1596,-11.9778,0.423,0.0,True,ok
data/interim/segmented/normal_speech/L4_md9kgSv0_seg_030.wav,L4_md9kgSv0_seg_030.wav,L4_md9kgSv0,True,16000,1,3.0,-30.3491,-11.8867,0.3593,0.0,True,ok
data/interim/segmented/normal_speech/L4_md9kgSv0_seg_031.wav,L4_md9kgSv0_seg_031.wav,L4_md9kgSv0,True,16000,1,3.0,-31.0468,-12.4072,0.4607,0.0,True,ok
data/interim/segmented/normal_speech/L4_md9kgSv0_seg_032.wav,L4_md9kgSv0_seg_032.wav,L4_md9kgSv0,True,16000,1,3.0,-28.4652,-8.6598,0.4148,0.0,True,ok
data/interim/segmented/normal_speech/L4_md9kgSv0_seg_033.wav,L4_md9kgSv0_seg_033.wav,L4_md9kgSv0,True,16000,1,3.0,-30.0712,-14.3775,0.3573,0.0,True,ok
data/interim/segmented/normal_speech/L4_md9kgSv0_seg_034.wav,L4_md9kgSv0_seg_034.wav,L4_md9kgSv0,True,16000,1,3.0,-31.3114,-15.597,0.5344,0.0,True,ok
data/interim/segmented/normal_speech/L4_md9kgSv0_seg_035.wav,L4_md9kgSv0_seg_035.wav,L4_md9kgSv0,True,16000,1,3.0,-32.2178,-13.5939,0.5189,0.0,True,ok
data/interim/segmented/normal_speech/L4_md9kgSv0_seg_036.wav,L4_md9kgSv0_seg_036.wav,L4_md9kgSv0,True,16000,1,3.0,-28.2975,-12.5162,0.2958,0.0,True,ok
data/interim/segmented/normal_speech/L4_md9kgSv0_seg_037.wav,L4_md9kgSv0_seg_037.wav,L4_md9kgSv0,True,16000,1,3.0,-30.0843,-12.0274,0.4665,0.0,True,ok
data/interim/segmented/normal_speech/L4_md9kgSv0_seg_038.wav,L4_md9kgSv0_seg_038.wav,L4_md9kgSv0,True,16000,1,3.0,-29.8359,-11.3584,0.3934,0.0,True,ok
data/interim/segmented/normal_speech/L4_md9kgSv0_seg_039.wav,L4_md9kgSv0_seg_039.wav,L4_md9kgSv0,True,16000,1,3.0,-31.0543,-11.4877,0.3528,0.0,True,ok
data/interim/segmented/normal_speech/L4_md9kgSv0_seg_040.wav,L4_md9kgSv0_seg_040.wav,L4_md9kgSv0,True,16000,1,3.0,-29.2603,-11.112,0.3503,0.0,True,ok
data/interim/segmented/normal_speech/L4_md9kgSv0_seg_041.wav,L4_md9kgSv0_seg_041.wav,L4_md9kgSv0,True,16000,1,3.0,-29.4641,-12.4861,0.3767,0.0,True,ok
data/interim/segmented/normal_speech/L4_md9kgSv0_seg_042.wav,L4_md9kgSv0_seg_042.wav,L4_md9kgSv0,True,16000,1,3.0,-30.7523,-9.3939,0.4135,0.0,True,ok
data/interim/segmented/normal_speech/L4_md9kgSv0_seg_043.wav,L4_md9kgSv0_seg_043.wav,L4_md9kgSv0,True,16000,1,3.0,-31.7265,-11.9557,0.3629,0.0,True,ok
data/interim/segmented/normal_speech/L4_md9kgSv0_seg_044.wav,L4_md9kgSv0_seg_044.wav,L4_md9kgSv0,True,16000,1,3.0,-29.6512,-10.1259,0.4786,0.0,True,ok
data/interim/segmented/normal_speech/L4_md9kgSv0_seg_045.wav,L4_md9kgSv0_seg_045.wav,L4_md9kgSv0,True,16000,1,3.0,-30.3597,-11.1091,0.4386,0.0,True,ok
data/interim/segmented/normal_speech/L4_md9kgSv0_seg_046.wav,L4_md9kgSv0_seg_046.wav,L4_md9kgSv0,True,16000,1,3.0,-31.756,-10.8068,0.3683,0.0,True,ok
data/interim/segmented/normal_speech/L4_md9kgSv0_seg_047.wav,L4_md9kgSv0_seg_047.wav,L4_md9kgSv0,True,16000,1,3.0,-32.2698,-12.7432,0.4604,0.0,True,ok
data/interim/segmented/normal_speech/L4_md9kgSv0_seg_048.wav,L4_md9kgSv0_seg_048.wav,L4_md9kgSv0,True,16000,1,3.0,-27.1246,-10.6609,0.208,0.0,True,ok
data/interim/segmented/normal_speech/L4_md9kgSv0_seg_049.wav,L4_md9kgSv0_seg_049.wav,L4_md9kgSv0,True,16000,1,3.0,-31.4534,-8.0088,0.3838,0.0,True,ok
data/interim/segmented/normal_speech/L4_md9kgSv0_seg_050.wav,L4_md9kgSv0_seg_050.wav,L4_md9kgSv0,True,16000,1,3.0,-29.9764,-11.3652,0.4238,0.0,True,ok
data/interim/segmented/normal_speech/L4_md9kgSv0_seg_051.wav,L4_md9kgSv0_seg_051.wav,L4_md9kgSv0,True,16000,1,3.0,-28.7632,-11.8888,0.3092,0.0,True,ok
data/interim/segmented/normal_speech/L4_md9kgSv0_seg_052.wav,L4_md9kgSv0_seg_052.wav,L4_md9kgSv0,True,16000,1,3.0,-30.186,-10.5138,0.3492,0.0,True,ok
data/interim/segmented/normal_speech/L4_md9kgSv0_seg_053.wav,L4_md9kgSv0_seg_053.wav,L4_md9kgSv0,True,16000,1,3.0,-29.4054,-10.1951,0.3962,0.0,True,ok
data/interim/segmented/normal_speech/L4_md9kgSv0_seg_054.wav,L4_md9kgSv0_seg_054.wav,L4_md9kgSv0,True,16000,1,3.0,-28.524,-12.3367,0.3261,0.0,True,ok
data/interim/segmented/normal_speech/L4_md9kgSv0_seg_055.wav,L4_md9kgSv0_seg_055.wav,L4_md9kgSv0,True,16000,1,3.0,-29.3644,-11.4907,0.3864,0.0,True,ok
data/interim/segmented/normal_speech/L4_md9kgSv0_seg_056.wav,L4_md9kgSv0_seg_056.wav,L4_md9kgSv0,True,16000,1,3.0,-28.6567,-9.8613,0.3498,0.0,True,ok
data/interim/segmented/normal_speech/L4_md9kgSv0_seg_057.wav,L4_md9kgSv0_seg_057.wav,L4_md9kgSv0,True,16000,1,3.0,-29.4911,-10.5058,0.3838,0.0,True,ok
data/interim/segmented/normal_speech/L4_md9kgSv0_seg_058.wav,L4_md9kgSv0_seg_058.wav,L4_md9kgSv0,True,16000,1,3.0,-28.9507,-10.5619,0.3458,0.0,True,ok
data/interim/segmented/normal_speech/L4_md9kgSv0_seg_059.wav,L4_md9kgSv0_seg_059.wav,L4_md9kgSv0,True,16000,1,3.0,-29.0505,-13.905,0.3461,0.0,True,ok
data/interim/segmented/normal_speech/L4_md9kgSv0_seg_060.wav,L4_md9kgSv0_seg_060.wav,L4_md9kgSv0,True,16000,1,3.0,-30.9006,-12.3104,0.4587,0.0,True,ok
data/interim/segmented/normal_speech/L4_md9kgSv0_seg_061.wav,L4_md9kgSv0_seg_061.wav,L4_md9kgSv0,True,16000,1,3.0,-31.1012,-14.0976,0.4215,0.0,True,ok
data/interim/segmented/normal_speech/LWGAkZifokQ_seg_000.wav,LWGAkZifokQ_seg_000.wav,LWGAkZifokQ,True,16000,1,3.0,-35.2592,-21.2488,0.3123,0.0,True,ok
data/interim/segmented/normal_speech/LWGAkZifokQ_seg_001.wav,LWGAkZifokQ_seg_001.wav,LWGAkZifokQ,True,16000,1,3.0,-22.7659,-7.9828,0.1558,0.0,True,ok
data/interim/segmented/normal_speech/LWGAkZifokQ_seg_002.wav,LWGAkZifokQ_seg_002.wav,LWGAkZifokQ,True,16000,1,3.0,-22.6989,-7.9895,0.1804,0.0,True,ok
data/interim/segmented/normal_speech/LWGAkZifokQ_seg_003.wav,LWGAkZifokQ_seg_003.wav,LWGAkZifokQ,True,16000,1,3.0,-22.9404,-4.335,0.2495,0.0,True,ok
data/interim/segmented/normal_speech/LWGAkZifokQ_seg_004.wav,LWGAkZifokQ_seg_004.wav,LWGAkZifokQ,True,16000,1,3.0,-22.8733,-7.2749,0.196,0.0,True,ok
data/interim/segmented/normal_speech/LWGAkZifokQ_seg_005.wav,LWGAkZifokQ_seg_005.wav,LWGAkZifokQ,True,16000,1,3.0,-23.1549,-5.5285,0.2493,0.0,True,ok
data/interim/segmented/normal_speech/LWGAkZifokQ_seg_006.wav,LWGAkZifokQ_seg_006.wav,LWGAkZifokQ,True,16000,1,3.0,-25.1401,-9.9642,0.1758,0.0,True,ok
data/interim/segmented/normal_speech/LWGAkZifokQ_seg_007.wav,LWGAkZifokQ_seg_007.wav,LWGAkZifokQ,True,16000,1,3.0,-21.2339,-4.7243,0.2269,0.0,True,ok
data/interim/segmented/normal_speech/LWGAkZifokQ_seg_008.wav,LWGAkZifokQ_seg_008.wav,LWGAkZifokQ,True,16000,1,3.0,-23.4192,-5.7569,0.1776,0.0,True,ok
data/interim/segmented/normal_speech/LWGAkZifokQ_seg_009.wav,LWGAkZifokQ_seg_009.wav,LWGAkZifokQ,True,16000,1,3.0,-25.1821,-8.2603,0.3088,0.0,True,ok
data/interim/segmented/normal_speech/LWGAkZifokQ_seg_010.wav,LWGAkZifokQ_seg_010.wav,LWGAkZifokQ,True,16000,1,3.0,-25.1017,-8.334,0.2425,0.0,True,ok
data/interim/segmented/normal_speech/LWGAkZifokQ_seg_011.wav,LWGAkZifokQ_seg_011.wav,LWGAkZifokQ,True,16000,1,3.0,-25.8392,-8.69,0.3709,0.0,True,ok
data/interim/segmented/normal_speech/LWGAkZifokQ_seg_012.wav,LWGAkZifokQ_seg_012.wav,LWGAkZifokQ,True,16000,1,3.0,-22.2771,-6.7312,0.3144,0.0,True,ok
data/interim/segmented/normal_speech/LWGAkZifokQ_seg_013.wav,LWGAkZifokQ_seg_013.wav,LWGAkZifokQ,True,16000,1,3.0,-21.2684,-6.2386,0.1042,0.0,True,ok
data/interim/segmented/normal_speech/LWGAkZifokQ_seg_014.wav,LWGAkZifokQ_seg_014.wav,LWGAkZifokQ,True,16000,1,3.0,-22.1256,-5.7796,0.2341,0.0,True,ok
data/interim/segmented/normal_speech/LWGAkZifokQ_seg_015.wav,LWGAkZifokQ_seg_015.wav,LWGAkZifokQ,True,16000,1,3.0,-22.7142,-5.5818,0.1869,0.0,True,ok
data/interim/segmented/normal_speech/LWGAkZifokQ_seg_016.wav,LWGAkZifokQ_seg_016.wav,LWGAkZifokQ,True,16000,1,3.0,-24.5002,-9.0626,0.2005,0.0,True,ok
data/interim/segmented/normal_speech/LWGAkZifokQ_seg_017.wav,LWGAkZifokQ_seg_017.wav,LWGAkZifokQ,True,16000,1,3.0,-21.4798,-6.2898,0.176,0.0,True,ok
data/interim/segmented/normal_speech/LWGAkZifokQ_seg_018.wav,LWGAkZifokQ_seg_018.wav,LWGAkZifokQ,True,16000,1,3.0,-22.4694,-5.7415,0.1901,0.0,True,ok
data/interim/segmented/normal_speech/LWGAkZifokQ_seg_019.wav,LWGAkZifokQ_seg_019.wav,LWGAkZifokQ,True,16000,1,3.0,-24.7516,-8.0999,0.2821,0.0,True,ok
data/interim/segmented/normal_speech/LWGAkZifokQ_seg_020.wav,LWGAkZifokQ_seg_020.wav,LWGAkZifokQ,True,16000,1,3.0,-22.923,-6.5761,0.2561,0.0,True,ok
data/interim/segmented/normal_speech/LWGAkZifokQ_seg_021.wav,LWGAkZifokQ_seg_021.wav,LWGAkZifokQ,True,16000,1,3.0,-22.3967,-5.1296,0.3217,0.0,True,ok
data/interim/segmented/normal_speech/LWGAkZifokQ_seg_022.wav,LWGAkZifokQ_seg_022.wav,LWGAkZifokQ,True,16000,1,3.0,-23.0465,-5.1886,0.3001,0.0,True,ok
data/interim/segmented/normal_speech/LWGAkZifokQ_seg_023.wav,LWGAkZifokQ_seg_023.wav,LWGAkZifokQ,True,16000,1,3.0,-22.5252,-7.6568,0.2224,0.0,True,ok
data/interim/segmented/normal_speech/LWGAkZifokQ_seg_024.wav,LWGAkZifokQ_seg_024.wav,LWGAkZifokQ,True,16000,1,3.0,-21.5662,-6.1305,0.1711,0.0,True,ok
data/interim/segmented/normal_speech/LWGAkZifokQ_seg_025.wav,LWGAkZifokQ_seg_025.wav,LWGAkZifokQ,True,16000,1,3.0,-23.1954,-7.8137,0.2336,0.0,True,ok
data/interim/segmented/normal_speech/LWGAkZifokQ_seg_026.wav,LWGAkZifokQ_seg_026.wav,LWGAkZifokQ,True,16000,1,3.0,-24.8669,-9.1018,0.2361,0.0,True,ok
data/interim/segmented/normal_speech/LWGAkZifokQ_seg_027.wav,LWGAkZifokQ_seg_027.wav,LWGAkZifokQ,True,16000,1,3.0,-24.5994,-9.5025,0.2009,0.0,True,ok
data/interim/segmented/normal_speech/LWGAkZifokQ_seg_028.wav,LWGAkZifokQ_seg_028.wav,LWGAkZifokQ,True,16000,1,3.0,-25.7663,-7.6689,0.2494,0.0,True,ok
data/interim/segmented/normal_speech/LWGAkZifokQ_seg_029.wav,LWGAkZifokQ_seg_029.wav,LWGAkZifokQ,True,16000,1,3.0,-21.3184,-4.8824,0.2157,0.0,True,ok
data/interim/segmented/normal_speech/LWGAkZifokQ_seg_030.wav,LWGAkZifokQ_seg_030.wav,LWGAkZifokQ,True,16000,1,3.0,-21.4297,-4.8226,0.2372,0.0,True,ok
data/interim/segmented/normal_speech/LWGAkZifokQ_seg_031.wav,LWGAkZifokQ_seg_031.wav,LWGAkZifokQ,True,16000,1,3.0,-23.6831,-4.8504,0.2258,0.0,True,ok
data/interim/segmented/normal_speech/LWGAkZifokQ_seg_032.wav,LWGAkZifokQ_seg_032.wav,LWGAkZifokQ,True,16000,1,3.0,-21.5355,-7.4612,0.1999,0.0,True,ok
data/interim/segmented/normal_speech/LWGAkZifokQ_seg_033.wav,LWGAkZifokQ_seg_033.wav,LWGAkZifokQ,True,16000,1,3.0,-22.6155,-8.6914,0.3024,0.0,True,ok
data/interim/segmented/normal_speech/LWGAkZifokQ_seg_034.wav,LWGAkZifokQ_seg_034.wav,LWGAkZifokQ,True,16000,1,3.0,-26.1042,-10.7518,0.2725,0.0,True,ok
data/interim/segmented/normal_speech/LWGAkZifokQ_seg_035.wav,LWGAkZifokQ_seg_035.wav,LWGAkZifokQ,True,16000,1,3.0,-23.6301,-6.6101,0.1672,0.0,True,ok
data/interim/segmented/normal_speech/LWGAkZifokQ_seg_036.wav,LWGAkZifokQ_seg_036.wav,LWGAkZifokQ,True,16000,1,3.0,-24.1939,-7.289,0.2113,0.0,True,ok
data/interim/segmented/normal_speech/LWGAkZifokQ_seg_037.wav,LWGAkZifokQ_seg_037.wav,LWGAkZifokQ,True,16000,1,3.0,-20.1488,-6.2092,0.2977,0.0,True,ok
data/interim/segmented/normal_speech/LWGAkZifokQ_seg_038.wav,LWGAkZifokQ_seg_038.wav,LWGAkZifokQ,True,16000,1,3.0,-22.484,-5.3045,0.2365,0.0,True,ok
data/interim/segmented/normal_speech/LWGAkZifokQ_seg_039.wav,LWGAkZifokQ_seg_039.wav,LWGAkZifokQ,True,16000,1,3.0,-22.6316,-7.1574,0.2356,0.0,True,ok
data/interim/segmented/normal_speech/LWGAkZifokQ_seg_040.wav,LWGAkZifokQ_seg_040.wav,LWGAkZifokQ,True,16000,1,3.0,-21.86,-6.3447,0.1575,0.0,True,ok
data/interim/segmented/normal_speech/LWGAkZifokQ_seg_041.wav,LWGAkZifokQ_seg_041.wav,LWGAkZifokQ,True,16000,1,3.0,-22.5188,-5.5385,0.3579,0.0,True,ok
data/interim/segmented/normal_speech/LWGAkZifokQ_seg_042.wav,LWGAkZifokQ_seg_042.wav,LWGAkZifokQ,True,16000,1,3.0,-22.499,-5.8126,0.2091,0.0,True,ok
data/interim/segmented/normal_speech/LWGAkZifokQ_seg_043.wav,LWGAkZifokQ_seg_043.wav,LWGAkZifokQ,True,16000,1,3.0,-26.7581,-9.6092,0.3342,0.0,True,ok
data/interim/segmented/normal_speech/LWGAkZifokQ_seg_044.wav,LWGAkZifokQ_seg_044.wav,LWGAkZifokQ,True,16000,1,3.0,-20.1252,-5.0847,0.1985,0.0,True,ok
data/interim/segmented/normal_speech/LWGAkZifokQ_seg_045.wav,LWGAkZifokQ_seg_045.wav,LWGAkZifokQ,True,16000,1,3.0,-22.5417,-5.0141,0.3425,0.0,True,ok
data/interim/segmented/normal_speech/LWGAkZifokQ_seg_046.wav,LWGAkZifokQ_seg_046.wav,LWGAkZifokQ,True,16000,1,3.0,-21.8074,-5.0197,0.2867,0.0,True,ok
data/interim/segmented/normal_speech/LWGAkZifokQ_seg_047.wav,LWGAkZifokQ_seg_047.wav,LWGAkZifokQ,True,16000,1,3.0,-22.4155,-4.4945,0.1513,0.0,True,ok
data/interim/segmented/normal_speech/LWGAkZifokQ_seg_048.wav,LWGAkZifokQ_seg_048.wav,LWGAkZifokQ,True,16000,1,3.0,-23.8871,-9.4677,0.2017,0.0,True,ok
data/interim/segmented/normal_speech/LWGAkZifokQ_seg_049.wav,LWGAkZifokQ_seg_049.wav,LWGAkZifokQ,True,16000,1,3.0,-23.7616,-6.0317,0.2472,0.0,True,ok
data/interim/segmented/normal_speech/LWGAkZifokQ_seg_050.wav,LWGAkZifokQ_seg_050.wav,LWGAkZifokQ,True,16000,1,3.0,-23.6238,-7.4082,0.1432,0.0,True,ok
data/interim/segmented/normal_speech/LWGAkZifokQ_seg_051.wav,LWGAkZifokQ_seg_051.wav,LWGAkZifokQ,True,16000,1,3.0,-20.8117,-5.4368,0.2159,0.0,True,ok
data/interim/segmented/normal_speech/LWGAkZifokQ_seg_052.wav,LWGAkZifokQ_seg_052.wav,LWGAkZifokQ,True,16000,1,3.0,-25.9264,-6.6311,0.2934,0.0,True,ok
data/interim/segmented/normal_speech/LWGAkZifokQ_seg_053.wav,LWGAkZifokQ_seg_053.wav,LWGAkZifokQ,True,16000,1,3.0,-25.1479,-7.9219,0.3018,0.0,True,ok
data/interim/segmented/normal_speech/LWGAkZifokQ_seg_054.wav,LWGAkZifokQ_seg_054.wav,LWGAkZifokQ,True,16000,1,3.0,-25.9421,-8.2651,0.2661,0.0,True,ok
data/interim/segmented/normal_speech/LWGAkZifokQ_seg_055.wav,LWGAkZifokQ_seg_055.wav,LWGAkZifokQ,True,16000,1,3.0,-23.5675,-6.268,0.2426,0.0,True,ok
data/interim/segmented/normal_speech/LWGAkZifokQ_seg_056.wav,LWGAkZifokQ_seg_056.wav,LWGAkZifokQ,True,16000,1,3.0,-22.7584,-8.4273,0.1743,0.0,True,ok
data/interim/segmented/normal_speech/LWGAkZifokQ_seg_057.wav,LWGAkZifokQ_seg_057.wav,LWGAkZifokQ,True,16000,1,3.0,-21.075,-5.4582,0.2149,0.0,True,ok
data/interim/segmented/normal_speech/LWGAkZifokQ_seg_058.wav,LWGAkZifokQ_seg_058.wav,LWGAkZifokQ,True,16000,1,3.0,-24.4902,-7.9662,0.3108,0.0,True,ok
data/interim/segmented/normal_speech/LWGAkZifokQ_seg_059.wav,LWGAkZifokQ_seg_059.wav,LWGAkZifokQ,True,16000,1,3.0,-21.7805,-4.5767,0.1592,0.0,True,ok
data/interim/segmented/normal_speech/LWGAkZifokQ_seg_060.wav,LWGAkZifokQ_seg_060.wav,LWGAkZifokQ,True,16000,1,3.0,-25.0431,-10.0245,0.299,0.0,True,ok
data/interim/segmented/normal_speech/LWGAkZifokQ_seg_061.wav,LWGAkZifokQ_seg_061.wav,LWGAkZifokQ,True,16000,1,3.0,-22.0059,-7.4712,0.1689,0.0,True,ok
data/interim/segmented/normal_speech/LWGAkZifokQ_seg_062.wav,LWGAkZifokQ_seg_062.wav,LWGAkZifokQ,True,16000,1,3.0,-22.0285,-5.4651,0.2029,0.0,True,ok
data/interim/segmented/normal_speech/LWGAkZifokQ_seg_063.wav,LWGAkZifokQ_seg_063.wav,LWGAkZifokQ,True,16000,1,3.0,-21.16,-6.3265,0.2162,0.0,True,ok
data/interim/segmented/normal_speech/LWGAkZifokQ_seg_064.wav,LWGAkZifokQ_seg_064.wav,LWGAkZifokQ,True,16000,1,3.0,-20.3664,-4.7991,0.2227,0.0,True,ok
data/interim/segmented/normal_speech/LWGAkZifokQ_seg_065.wav,LWGAkZifokQ_seg_065.wav,LWGAkZifokQ,True,16000,1,3.0,-21.2016,-4.991,0.1386,0.0,True,ok
data/interim/segmented/normal_speech/LWGAkZifokQ_seg_066.wav,LWGAkZifokQ_seg_066.wav,LWGAkZifokQ,True,16000,1,3.0,-22.8886,-5.1009,0.2361,0.0,True,ok
data/interim/segmented/normal_speech/LWGAkZifokQ_seg_067.wav,LWGAkZifokQ_seg_067.wav,LWGAkZifokQ,True,16000,1,3.0,-22.6677,-5.9867,0.155,0.0,True,ok
data/interim/segmented/normal_speech/LWGAkZifokQ_seg_068.wav,LWGAkZifokQ_seg_068.wav,LWGAkZifokQ,True,16000,1,3.0,-21.0154,-5.8594,0.188,0.0,True,ok
data/interim/segmented/normal_speech/LWGAkZifokQ_seg_069.wav,LWGAkZifokQ_seg_069.wav,LWGAkZifokQ,True,16000,1,3.0,-23.1954,-7.8261,0.2642,0.0,True,ok
data/interim/segmented/normal_speech/LWGAkZifokQ_seg_070.wav,LWGAkZifokQ_seg_070.wav,LWGAkZifokQ,True,16000,1,3.0,-26.2917,-6.531,0.4171,0.0,True,ok
data/interim/segmented/normal_speech/LWGAkZifokQ_seg_071.wav,LWGAkZifokQ_seg_071.wav,LWGAkZifokQ,True,16000,1,3.0,-24.2821,-6.9385,0.3242,0.0,True,ok
data/interim/segmented/normal_speech/S2I3V0bqmr8_seg_000.wav,S2I3V0bqmr8_seg_000.wav,S2I3V0bqmr8,True,16000,1,3.0,-22.7903,-6.9008,0.2495,0.0,True,ok
data/interim/segmented/normal_speech/S2I3V0bqmr8_seg_001.wav,S2I3V0bqmr8_seg_001.wav,S2I3V0bqmr8,True,16000,1,3.0,-22.8924,-7.5924,0.1575,0.0,True,ok
data/interim/segmented/normal_speech/S2I3V0bqmr8_seg_002.wav,S2I3V0bqmr8_seg_002.wav,S2I3V0bqmr8,True,16000,1,3.0,-21.9088,-8.3854,0.151,0.0,True,ok
data/interim/segmented/normal_speech/S2I3V0bqmr8_seg_003.wav,S2I3V0bqmr8_seg_003.wav,S2I3V0bqmr8,True,16000,1,3.0,-21.1607,-5.1233,0.1495,0.0,True,ok
data/interim/segmented/normal_speech/S2I3V0bqmr8_seg_004.wav,S2I3V0bqmr8_seg_004.wav,S2I3V0bqmr8,True,16000,1,3.0,-20.6477,-5.4701,0.184,0.0,True,ok
data/interim/segmented/normal_speech/S2I3V0bqmr8_seg_005.wav,S2I3V0bqmr8_seg_005.wav,S2I3V0bqmr8,True,16000,1,3.0,-21.4842,-5.0457,0.1973,0.0,True,ok
data/interim/segmented/normal_speech/S2I3V0bqmr8_seg_006.wav,S2I3V0bqmr8_seg_006.wav,S2I3V0bqmr8,True,16000,1,3.0,-24.1685,-4.6597,0.3129,0.0,True,ok
data/interim/segmented/normal_speech/S2I3V0bqmr8_seg_007.wav,S2I3V0bqmr8_seg_007.wav,S2I3V0bqmr8,True,16000,1,3.0,-20.9631,-1.9327,0.2509,0.0,True,ok
data/interim/segmented/normal_speech/S2I3V0bqmr8_seg_008.wav,S2I3V0bqmr8_seg_008.wav,S2I3V0bqmr8,True,16000,1,3.0,-18.4621,-0.1946,0.1829,0.0,True,ok
data/interim/segmented/normal_speech/S2I3V0bqmr8_seg_009.wav,S2I3V0bqmr8_seg_009.wav,S2I3V0bqmr8,True,16000,1,3.0,-15.3735,0.0,0.0759,4.2e-05,True,ok
data/interim/segmented/normal_speech/S2I3V0bqmr8_seg_010.wav,S2I3V0bqmr8_seg_010.wav,S2I3V0bqmr8,True,16000,1,3.0,-15.8585,-0.234,0.0953,0.0,True,ok
data/interim/segmented/normal_speech/S2I3V0bqmr8_seg_011.wav,S2I3V0bqmr8_seg_011.wav,S2I3V0bqmr8,True,16000,1,3.0,-17.1237,0.0,0.1363,6.3e-05,True,ok
data/interim/segmented/normal_speech/S2I3V0bqmr8_seg_012.wav,S2I3V0bqmr8_seg_012.wav,S2I3V0bqmr8,True,16000,1,3.0,-16.7477,-1.0706,0.1669,0.0,True,ok
data/interim/segmented/normal_speech/S2I3V0bqmr8_seg_013.wav,S2I3V0bqmr8_seg_013.wav,S2I3V0bqmr8,True,16000,1,3.0,-19.8619,-3.7897,0.178,0.0,True,ok
data/interim/segmented/normal_speech/S2I3V0bqmr8_seg_014.wav,S2I3V0bqmr8_seg_014.wav,S2I3V0bqmr8,True,16000,1,3.0,-20.9735,-7.2553,0.1537,0.0,True,ok
data/interim/segmented/normal_speech/S2I3V0bqmr8_seg_015.wav,S2I3V0bqmr8_seg_015.wav,S2I3V0bqmr8,True,16000,1,3.0,-21.6534,-6.5198,0.1547,0.0,True,ok
data/interim/segmented/normal_speech/S2I3V0bqmr8_seg_016.wav,S2I3V0bqmr8_seg_016.wav,S2I3V0bqmr8,True,16000,1,3.0,-23.2639,-6.1833,0.1919,0.0,True,ok
data/interim/segmented/normal_speech/S2I3V0bqmr8_seg_017.wav,S2I3V0bqmr8_seg_017.wav,S2I3V0bqmr8,True,16000,1,3.0,-22.9333,-6.4315,0.1426,0.0,True,ok
data/interim/segmented/normal_speech/S2I3V0bqmr8_seg_018.wav,S2I3V0bqmr8_seg_018.wav,S2I3V0bqmr8,True,16000,1,3.0,-22.0838,-4.9351,0.1809,0.0,True,ok
data/interim/segmented/normal_speech/S2I3V0bqmr8_seg_019.wav,S2I3V0bqmr8_seg_019.wav,S2I3V0bqmr8,True,16000,1,3.0,-20.5581,-3.3445,0.139,0.0,True,ok
data/interim/segmented/normal_speech/S2I3V0bqmr8_seg_020.wav,S2I3V0bqmr8_seg_020.wav,S2I3V0bqmr8,True,16000,1,3.0,-21.0872,-5.4448,0.1535,0.0,True,ok
data/interim/segmented/normal_speech/S2I3V0bqmr8_seg_021.wav,S2I3V0bqmr8_seg_021.wav,S2I3V0bqmr8,True,16000,1,3.0,-22.4344,-6.186,0.18,0.0,True,ok
data/interim/segmented/normal_speech/S2I3V0bqmr8_seg_022.wav,S2I3V0bqmr8_seg_022.wav,S2I3V0bqmr8,True,16000,1,3.0,-21.8657,-5.952,0.1889,0.0,True,ok
data/interim/segmented/normal_speech/S2I3V0bqmr8_seg_023.wav,S2I3V0bqmr8_seg_023.wav,S2I3V0bqmr8,True,16000,1,3.0,-21.4924,-4.0241,0.1211,0.0,True,ok
data/interim/segmented/normal_speech/S2I3V0bqmr8_seg_024.wav,S2I3V0bqmr8_seg_024.wav,S2I3V0bqmr8,True,16000,1,3.0,-21.0655,-4.2749,0.1817,0.0,True,ok
data/interim/segmented/normal_speech/S2I3V0bqmr8_seg_025.wav,S2I3V0bqmr8_seg_025.wav,S2I3V0bqmr8,True,16000,1,3.0,-20.9525,-5.4463,0.17,0.0,True,ok
data/interim/segmented/normal_speech/S2I3V0bqmr8_seg_026.wav,S2I3V0bqmr8_seg_026.wav,S2I3V0bqmr8,True,16000,1,3.0,-24.0318,-5.0424,0.3006,0.0,True,ok
data/interim/segmented/normal_speech/S2I3V0bqmr8_seg_027.wav,S2I3V0bqmr8_seg_027.wav,S2I3V0bqmr8,True,16000,1,3.0,-21.0769,-1.846,0.2463,0.0,True,ok
data/interim/segmented/normal_speech/S2I3V0bqmr8_seg_028.wav,S2I3V0bqmr8_seg_028.wav,S2I3V0bqmr8,True,16000,1,3.0,-23.1361,-4.6897,0.2702,0.0,True,ok
data/interim/segmented/normal_speech/S2I3V0bqmr8_seg_029.wav,S2I3V0bqmr8_seg_029.wav,S2I3V0bqmr8,True,16000,1,3.0,-23.711,-5.8583,0.3151,0.0,True,ok
data/interim/segmented/normal_speech/S2I3V0bqmr8_seg_030.wav,S2I3V0bqmr8_seg_030.wav,S2I3V0bqmr8,True,16000,1,3.0,-22.9324,-3.7897,0.3235,0.0,True,ok
data/interim/segmented/normal_speech/S2I3V0bqmr8_seg_031.wav,S2I3V0bqmr8_seg_031.wav,S2I3V0bqmr8,True,16000,1,3.0,-22.6703,-5.7487,0.2708,0.0,True,ok
data/interim/segmented/normal_speech/S2I3V0bqmr8_seg_032.wav,S2I3V0bqmr8_seg_032.wav,S2I3V0bqmr8,True,16000,1,3.0,-23.964,-6.5806,0.3584,0.0,True,ok
data/interim/segmented/normal_speech/S2I3V0bqmr8_seg_033.wav,S2I3V0bqmr8_seg_033.wav,S2I3V0bqmr8,True,16000,1,3.0,-23.0252,-3.6131,0.2865,0.0,True,ok
data/interim/segmented/normal_speech/S2I3V0bqmr8_seg_034.wav,S2I3V0bqmr8_seg_034.wav,S2I3V0bqmr8,True,16000,1,3.0,-23.9196,-3.9653,0.2994,0.0,True,ok
data/interim/segmented/normal_speech/S2I3V0bqmr8_seg_035.wav,S2I3V0bqmr8_seg_035.wav,S2I3V0bqmr8,True,16000,1,3.0,-20.5492,-2.7341,0.1639,0.0,True,ok
data/interim/segmented/normal_speech/S2I3V0bqmr8_seg_036.wav,S2I3V0bqmr8_seg_036.wav,S2I3V0bqmr8,True,16000,1,3.0,-19.9336,-3.1191,0.1994,0.0,True,ok
data/interim/segmented/normal_speech/S2I3V0bqmr8_seg_037.wav,S2I3V0bqmr8_seg_037.wav,S2I3V0bqmr8,True,16000,1,3.0,-21.9809,-3.3683,0.2181,0.0,True,ok
data/interim/segmented/normal_speech/S2I3V0bqmr8_seg_038.wav,S2I3V0bqmr8_seg_038.wav,S2I3V0bqmr8,True,16000,1,3.0,-23.8756,-6.4643,0.3441,0.0,True,ok
data/interim/segmented/normal_speech/S2I3V0bqmr8_seg_039.wav,S2I3V0bqmr8_seg_039.wav,S2I3V0bqmr8,True,16000,1,3.0,-22.8714,-6.309,0.2246,0.0,True,ok
data/interim/segmented/normal_speech/S2I3V0bqmr8_seg_040.wav,S2I3V0bqmr8_seg_040.wav,S2I3V0bqmr8,True,16000,1,3.0,-25.6995,-9.5852,0.306,0.0,True,ok
data/interim/segmented/normal_speech/S2I3V0bqmr8_seg_041.wav,S2I3V0bqmr8_seg_041.wav,S2I3V0bqmr8,True,16000,1,3.0,-23.7557,-6.0344,0.1882,0.0,True,ok
data/interim/segmented/normal_speech/S2I3V0bqmr8_seg_042.wav,S2I3V0bqmr8_seg_042.wav,S2I3V0bqmr8,True,16000,1,3.0,-24.0724,-6.8104,0.2973,0.0,True,ok
data/interim/segmented/normal_speech/S2I3V0bqmr8_seg_043.wav,S2I3V0bqmr8_seg_043.wav,S2I3V0bqmr8,True,16000,1,3.0,-23.5646,-7.4737,0.2442,0.0,True,ok
data/interim/segmented/normal_speech/S2I3V0bqmr8_seg_044.wav,S2I3V0bqmr8_seg_044.wav,S2I3V0bqmr8,True,16000,1,3.0,-22.2696,-2.0601,0.2302,0.0,True,ok
data/interim/segmented/normal_speech/S2I3V0bqmr8_seg_045.wav,S2I3V0bqmr8_seg_045.wav,S2I3V0bqmr8,True,16000,1,3.0,-23.6789,-4.5498,0.2839,0.0,True,ok
data/interim/segmented/normal_speech/S2I3V0bqmr8_seg_046.wav,S2I3V0bqmr8_seg_046.wav,S2I3V0bqmr8,True,16000,1,3.0,-22.1882,-4.1518,0.1295,0.0,True,ok
data/interim/segmented/normal_speech/S2I3V0bqmr8_seg_047.wav,S2I3V0bqmr8_seg_047.wav,S2I3V0bqmr8,True,16000,1,3.0,-21.7364,-1.9519,0.1745,0.0,True,ok
data/interim/segmented/normal_speech/S2I3V0bqmr8_seg_048.wav,S2I3V0bqmr8_seg_048.wav,S2I3V0bqmr8,True,16000,1,3.0,-22.6404,-5.422,0.2336,0.0,True,ok
data/interim/segmented/normal_speech/S2I3V0bqmr8_seg_049.wav,S2I3V0bqmr8_seg_049.wav,S2I3V0bqmr8,True,16000,1,3.0,-22.3288,-5.524,0.1356,0.0,True,ok
data/interim/segmented/normal_speech/S2I3V0bqmr8_seg_050.wav,S2I3V0bqmr8_seg_050.wav,S2I3V0bqmr8,True,16000,1,3.0,-23.4804,-5.166,0.2884,0.0,True,ok
data/interim/segmented/normal_speech/S2I3V0bqmr8_seg_051.wav,S2I3V0bqmr8_seg_051.wav,S2I3V0bqmr8,True,16000,1,3.0,-23.4763,-5.5929,0.1706,0.0,True,ok
data/interim/segmented/normal_speech/S2I3V0bqmr8_seg_052.wav,S2I3V0bqmr8_seg_052.wav,S2I3V0bqmr8,True,16000,1,3.0,-24.5347,-7.2223,0.2986,0.0,True,ok
data/interim/segmented/normal_speech/S2I3V0bqmr8_seg_053.wav,S2I3V0bqmr8_seg_053.wav,S2I3V0bqmr8,True,16000,1,3.0,-22.8389,-2.9906,0.2338,0.0,True,ok
data/interim/segmented/normal_speech/S2I3V0bqmr8_seg_054.wav,S2I3V0bqmr8_seg_054.wav,S2I3V0bqmr8,True,16000,1,3.0,-23.6466,-9.0574,0.2397,0.0,True,ok
data/interim/segmented/normal_speech/S2I3V0bqmr8_seg_055.wav,S2I3V0bqmr8_seg_055.wav,S2I3V0bqmr8,True,16000,1,3.0,-23.0261,-2.3509,0.3151,0.0,True,ok
data/interim/segmented/normal_speech/S2I3V0bqmr8_seg_056.wav,S2I3V0bqmr8_seg_056.wav,S2I3V0bqmr8,True,16000,1,3.0,-21.5651,-5.3441,0.2258,0.0,True,ok
data/interim/segmented/normal_speech/S2I3V0bqmr8_seg_057.wav,S2I3V0bqmr8_seg_057.wav,S2I3V0bqmr8,True,16000,1,3.0,-23.3607,-4.1642,0.3353,0.0,True,ok
data/interim/segmented/normal_speech/S2I3V0bqmr8_seg_058.wav,S2I3V0bqmr8_seg_058.wav,S2I3V0bqmr8,True,16000,1,3.0,-21.7044,-6.0259,0.1754,0.0,True,ok
data/interim/segmented/normal_speech/S2I3V0bqmr8_seg_059.wav,S2I3V0bqmr8_seg_059.wav,S2I3V0bqmr8,True,16000,1,3.0,-22.792,-4.4012,0.2785,0.0,True,ok
data/interim/segmented/normal_speech/S2I3V0bqmr8_seg_060.wav,S2I3V0bqmr8_seg_060.wav,S2I3V0bqmr8,True,16000,1,3.0,-23.3647,-6.1235,0.3079,0.0,True,ok
data/interim/segmented/normal_speech/S2I3V0bqmr8_seg_061.wav,S2I3V0bqmr8_seg_061.wav,S2I3V0bqmr8,True,16000,1,3.0,-22.4328,-5.6557,0.2426,0.0,True,ok
data/interim/segmented/normal_speech/S2I3V0bqmr8_seg_062.wav,S2I3V0bqmr8_seg_062.wav,S2I3V0bqmr8,True,16000,1,3.0,-22.8688,-1.937,0.2396,0.0,True,ok
data/interim/segmented/normal_speech/S2I3V0bqmr8_seg_063.wav,S2I3V0bqmr8_seg_063.wav,S2I3V0bqmr8,True,16000,1,3.0,-23.0229,-4.8,0.2859,0.0,True,ok
data/interim/segmented/normal_speech/S2I3V0bqmr8_seg_064.wav,S2I3V0bqmr8_seg_064.wav,S2I3V0bqmr8,True,16000,1,3.0,-24.6061,-5.8183,0.3481,0.0,True,ok
data/interim/segmented/normal_speech/S2I3V0bqmr8_seg_065.wav,S2I3V0bqmr8_seg_065.wav,S2I3V0bqmr8,True,16000,1,3.0,-23.7807,-5.4254,0.3861,0.0,True,ok
data/interim/segmented/normal_speech/S2I3V0bqmr8_seg_066.wav,S2I3V0bqmr8_seg_066.wav,S2I3V0bqmr8,True,16000,1,3.0,-25.2424,-2.52,0.3866,0.0,True,ok
data/interim/segmented/normal_speech/S2I3V0bqmr8_seg_067.wav,S2I3V0bqmr8_seg_067.wav,S2I3V0bqmr8,True,16000,1,3.0,-25.7518,-7.5146,0.393,0.0,True,ok
data/interim/segmented/normal_speech/S2I3V0bqmr8_seg_068.wav,S2I3V0bqmr8_seg_068.wav,S2I3V0bqmr8,True,16000,1,3.0,-25.0891,-5.4517,0.4306,0.0,True,ok
data/interim/segmented/normal_speech/S2I3V0bqmr8_seg_069.wav,S2I3V0bqmr8_seg_069.wav,S2I3V0bqmr8,True,16000,1,3.0,-27.2044,-6.0386,0.3425,0.0,True,ok
data/interim/segmented/normal_speech/S2I3V0bqmr8_seg_070.wav,S2I3V0bqmr8_seg_070.wav,S2I3V0bqmr8,True,16000,1,3.0,-26.1882,-7.4194,0.2761,0.0,True,ok
data/interim/segmented/normal_speech/S2I3V0bqmr8_seg_071.wav,S2I3V0bqmr8_seg_071.wav,S2I3V0bqmr8,True,16000,1,3.0,-27.4941,-4.9271,0.3716,0.0,True,ok
data/interim/segmented/normal_speech/S2I3V0bqmr8_seg_072.wav,S2I3V0bqmr8_seg_072.wav,S2I3V0bqmr8,True,16000,1,3.0,-25.4465,-8.1655,0.3449,0.0,True,ok
data/interim/segmented/normal_speech/S2I3V0bqmr8_seg_073.wav,S2I3V0bqmr8_seg_073.wav,S2I3V0bqmr8,True,16000,1,3.0,-25.8744,-7.2315,0.2804,0.0,True,ok
data/interim/segmented/normal_speech/S2I3V0bqmr8_seg_074.wav,S2I3V0bqmr8_seg_074.wav,S2I3V0bqmr8,True,16000,1,3.0,-26.0942,-6.9668,0.4282,0.0,True,ok
data/interim/segmented/normal_speech/S2I3V0bqmr8_seg_075.wav,S2I3V0bqmr8_seg_075.wav,S2I3V0bqmr8,True,16000,1,3.0,-23.7312,-4.9947,0.2105,0.0,True,ok
data/interim/segmented/normal_speech/S2I3V0bqmr8_seg_076.wav,S2I3V0bqmr8_seg_076.wav,S2I3V0bqmr8,True,16000,1,3.0,-23.9614,-7.3821,0.3483,0.0,True,ok
data/interim/segmented/normal_speech/S2I3V0bqmr8_seg_077.wav,S2I3V0bqmr8_seg_077.wav,S2I3V0bqmr8,True,16000,1,3.0,-24.624,-5.0405,0.3082,0.0,True,ok
data/interim/segmented/normal_speech/S2I3V0bqmr8_seg_078.wav,S2I3V0bqmr8_seg_078.wav,S2I3V0bqmr8,True,16000,1,3.0,-23.4106,-3.788,0.4295,0.0,True,ok
data/interim/segmented/normal_speech/S2I3V0bqmr8_seg_079.wav,S2I3V0bqmr8_seg_079.wav,S2I3V0bqmr8,True,16000,1,3.0,-23.8918,-5.3589,0.3094,0.0,True,ok
data/interim/segmented/normal_speech/S2I3V0bqmr8_seg_080.wav,S2I3V0bqmr8_seg_080.wav,S2I3V0bqmr8,True,16000,1,3.0,-25.1614,-8.2658,0.309,0.0,True,ok
data/interim/segmented/normal_speech/S2I3V0bqmr8_seg_081.wav,S2I3V0bqmr8_seg_081.wav,S2I3V0bqmr8,True,16000,1,3.0,-24.0546,-6.3623,0.3356,0.0,True,ok
data/interim/segmented/normal_speech/S2I3V0bqmr8_seg_082.wav,S2I3V0bqmr8_seg_082.wav,S2I3V0bqmr8,True,16000,1,3.0,-23.7138,-4.848,0.2348,0.0,True,ok
data/interim/segmented/normal_speech/S2I3V0bqmr8_seg_083.wav,S2I3V0bqmr8_seg_083.wav,S2I3V0bqmr8,True,16000,1,3.0,-26.3454,-8.272,0.3061,0.0,True,ok
data/interim/segmented/normal_speech/S2I3V0bqmr8_seg_084.wav,S2I3V0bqmr8_seg_084.wav,S2I3V0bqmr8,True,16000,1,3.0,-23.259,-7.5854,0.3198,0.0,True,ok
data/interim/segmented/normal_speech/S2I3V0bqmr8_seg_085.wav,S2I3V0bqmr8_seg_085.wav,S2I3V0bqmr8,True,16000,1,3.0,-25.4502,-6.078,0.2487,0.0,True,ok
data/interim/segmented/normal_speech/S2I3V0bqmr8_seg_086.wav,S2I3V0bqmr8_seg_086.wav,S2I3V0bqmr8,True,16000,1,3.0,-28.3077,-8.2131,0.5251,0.0,True,ok
data/interim/segmented/normal_speech/S2I3V0bqmr8_seg_087.wav,S2I3V0bqmr8_seg_087.wav,S2I3V0bqmr8,True,16000,1,3.0,-22.2266,-6.3888,0.3309,0.0,True,ok
data/interim/segmented/normal_speech/S2I3V0bqmr8_seg_088.wav,S2I3V0bqmr8_seg_088.wav,S2I3V0bqmr8,True,16000,1,3.0,-20.3094,-1.3318,0.182,0.0,True,ok
data/interim/segmented/normal_speech/S2I3V0bqmr8_seg_089.wav,S2I3V0bqmr8_seg_089.wav,S2I3V0bqmr8,True,16000,1,3.0,-22.7765,-3.4613,0.3776,0.0,True,ok
data/interim/segmented/normal_speech/S2I3V0bqmr8_seg_090.wav,S2I3V0bqmr8_seg_090.wav,S2I3V0bqmr8,True,16000,1,3.0,-22.8891,-5.7899,0.2891,0.0,True,ok
data/interim/segmented/normal_speech/S2I3V0bqmr8_seg_091.wav,S2I3V0bqmr8_seg_091.wav,S2I3V0bqmr8,True,16000,1,3.0,-21.939,-3.4133,0.2113,0.0,True,ok
data/interim/segmented/normal_speech/S2I3V0bqmr8_seg_092.wav,S2I3V0bqmr8_seg_092.wav,S2I3V0bqmr8,True,16000,1,3.0,-22.5451,-5.3074,0.1394,0.0,True,ok
data/interim/segmented/normal_speech/S2I3V0bqmr8_seg_093.wav,S2I3V0bqmr8_seg_093.wav,S2I3V0bqmr8,True,16000,1,3.0,-22.394,-1.4591,0.2729,0.0,True,ok
data/interim/segmented/normal_speech/S2I3V0bqmr8_seg_094.wav,S2I3V0bqmr8_seg_094.wav,S2I3V0bqmr8,True,16000,1,3.0,-22.8858,-6.0201,0.1966,0.0,True,ok
data/interim/segmented/normal_speech/S2I3V0bqmr8_seg_095.wav,S2I3V0bqmr8_seg_095.wav,S2I3V0bqmr8,True,16000,1,3.0,-22.2959,-4.1638,0.288,0.0,True,ok
data/interim/segmented/normal_speech/S2I3V0bqmr8_seg_096.wav,S2I3V0bqmr8_seg_096.wav,S2I3V0bqmr8,True,16000,1,3.0,-21.7677,-2.2682,0.1714,0.0,True,ok
data/interim/segmented/normal_speech/S2I3V0bqmr8_seg_097.wav,S2I3V0bqmr8_seg_097.wav,S2I3V0bqmr8,True,16000,1,3.0,-22.5844,-5.1205,0.2356,0.0,True,ok
data/interim/segmented/normal_speech/S2I3V0bqmr8_seg_098.wav,S2I3V0bqmr8_seg_098.wav,S2I3V0bqmr8,True,16000,1,3.0,-21.151,-4.4378,0.1856,0.0,True,ok
data/interim/segmented/normal_speech/S2I3V0bqmr8_seg_099.wav,S2I3V0bqmr8_seg_099.wav,S2I3V0bqmr8,True,16000,1,3.0,-22.3991,-4.0845,0.2213,0.0,True,ok
data/interim/segmented/normal_speech/S2I3V0bqmr8_seg_100.wav,S2I3V0bqmr8_seg_100.wav,S2I3V0bqmr8,True,16000,1,3.0,-22.369,-6.8751,0.1867,0.0,True,ok
data/interim/segmented/normal_speech/S2I3V0bqmr8_seg_101.wav,S2I3V0bqmr8_seg_101.wav,S2I3V0bqmr8,True,16000,1,3.0,-21.8141,-5.1929,0.2464,0.0,True,ok
data/interim/segmented/normal_speech/S2I3V0bqmr8_seg_102.wav,S2I3V0bqmr8_seg_102.wav,S2I3V0bqmr8,True,16000,1,3.0,-20.5131,-0.5442,0.2183,0.0,True,ok
data/interim/segmented/normal_speech/S2I3V0bqmr8_seg_103.wav,S2I3V0bqmr8_seg_103.wav,S2I3V0bqmr8,True,16000,1,3.0,-21.1631,-2.2713,0.2104,0.0,True,ok
data/interim/segmented/normal_speech/S2I3V0bqmr8_seg_104.wav,S2I3V0bqmr8_seg_104.wav,S2I3V0bqmr8,True,16000,1,3.0,-23.7437,-6.3414,0.2667,0.0,True,ok
data/interim/segmented/normal_speech/S2I3V0bqmr8_seg_105.wav,S2I3V0bqmr8_seg_105.wav,S2I3V0bqmr8,True,16000,1,3.0,-22.7303,-0.8404,0.2559,0.0,True,ok
data/interim/segmented/normal_speech/S2I3V0bqmr8_seg_106.wav,S2I3V0bqmr8_seg_106.wav,S2I3V0bqmr8,True,16000,1,3.0,-21.7675,-2.8899,0.2491,0.0,True,ok
data/interim/segmented/normal_speech/S2I3V0bqmr8_seg_107.wav,S2I3V0bqmr8_seg_107.wav,S2I3V0bqmr8,True,16000,1,3.0,-21.7612,-1.6811,0.3364,0.0,True,ok
data/interim/segmented/normal_speech/S2I3V0bqmr8_seg_108.wav,S2I3V0bqmr8_seg_108.wav,S2I3V0bqmr8,True,16000,1,3.0,-21.3844,-4.1441,0.3973,0.0,True,ok
data/interim/segmented/normal_speech/S2I3V0bqmr8_seg_109.wav,S2I3V0bqmr8_seg_109.wav,S2I3V0bqmr8,True,16000,1,3.0,-21.9002,-0.0446,0.3992,0.0,True,ok
data/interim/segmented/normal_speech/S2I3V0bqmr8_seg_110.wav,S2I3V0bqmr8_seg_110.wav,S2I3V0bqmr8,True,16000,1,3.0,-20.1789,-4.4807,0.1663,0.0,True,ok
data/interim/segmented/normal_speech/S2I3V0bqmr8_seg_111.wav,S2I3V0bqmr8_seg_111.wav,S2I3V0bqmr8,True,16000,1,3.0,-21.6747,-3.5156,0.1844,0.0,True,ok
data/interim/segmented/normal_speech/S2I3V0bqmr8_seg_112.wav,S2I3V0bqmr8_seg_112.wav,S2I3V0bqmr8,True,16000,1,3.0,-21.1877,-4.5642,0.1541,0.0,True,ok
data/interim/segmented/normal_speech/S2I3V0bqmr8_seg_113.wav,S2I3V0bqmr8_seg_113.wav,S2I3V0bqmr8,True,16000,1,3.0,-20.7726,-2.8614,0.2404,0.0,True,ok
data/interim/segmented/normal_speech/S2I3V0bqmr8_seg_114.wav,S2I3V0bqmr8_seg_114.wav,S2I3V0bqmr8,True,16000,1,3.0,-23.1423,-7.5221,0.1782,0.0,True,ok
data/interim/segmented/normal_speech/S2I3V0bqmr8_seg_115.wav,S2I3V0bqmr8_seg_115.wav,S2I3V0bqmr8,True,16000,1,3.0,-22.4879,-4.463,0.2313,0.0,True,ok
data/interim/segmented/normal_speech/S2I3V0bqmr8_seg_116.wav,S2I3V0bqmr8_seg_116.wav,S2I3V0bqmr8,True,16000,1,3.0,-21.9245,-3.8729,0.2058,0.0,True,ok
data/interim/segmented/normal_speech/S2I3V0bqmr8_seg_117.wav,S2I3V0bqmr8_seg_117.wav,S2I3V0bqmr8,True,16000,1,3.0,-21.8574,-2.6026,0.2176,0.0,True,ok
data/interim/segmented/normal_speech/S2I3V0bqmr8_seg_118.wav,S2I3V0bqmr8_seg_118.wav,S2I3V0bqmr8,True,16000,1,3.0,-23.7291,-6.4923,0.2063,0.0,True,ok
data/interim/segmented/normal_speech/S2I3V0bqmr8_seg_119.wav,S2I3V0bqmr8_seg_119.wav,S2I3V0bqmr8,True,16000,1,3.0,-20.2016,-4.697,0.1438,0.0,True,ok
data/interim/segmented/normal_speech/S2I3V0bqmr8_seg_120.wav,S2I3V0bqmr8_seg_120.wav,S2I3V0bqmr8,True,16000,1,3.0,-24.1528,-7.9397,0.2172,0.0,True,ok
data/interim/segmented/normal_speech/S2I3V0bqmr8_seg_121.wav,S2I3V0bqmr8_seg_121.wav,S2I3V0bqmr8,True,16000,1,3.0,-22.2596,-4.7143,0.1915,0.0,True,ok
data/interim/segmented/normal_speech/S2I3V0bqmr8_seg_122.wav,S2I3V0bqmr8_seg_122.wav,S2I3V0bqmr8,True,16000,1,3.0,-22.9377,-5.0652,0.2798,0.0,True,ok
data/interim/segmented/normal_speech/S2I3V0bqmr8_seg_123.wav,S2I3V0bqmr8_seg_123.wav,S2I3V0bqmr8,True,16000,1,3.0,-19.2444,-0.9486,0.1745,0.0,True,ok
data/interim/segmented/normal_speech/S2I3V0bqmr8_seg_124.wav,S2I3V0bqmr8_seg_124.wav,S2I3V0bqmr8,True,16000,1,3.0,-21.1692,-2.7102,0.2235,0.0,True,ok
data/interim/segmented/normal_speech/S2I3V0bqmr8_seg_125.wav,S2I3V0bqmr8_seg_125.wav,S2I3V0bqmr8,True,16000,1,3.0,-22.3943,-6.4805,0.177,0.0,True,ok
data/interim/segmented/normal_speech/S2I3V0bqmr8_seg_126.wav,S2I3V0bqmr8_seg_126.wav,S2I3V0bqmr8,True,16000,1,3.0,-23.7937,-5.7858,0.2291,0.0,True,ok
data/interim/segmented/normal_speech/S2I3V0bqmr8_seg_127.wav,S2I3V0bqmr8_seg_127.wav,S2I3V0bqmr8,True,16000,1,3.0,-19.539,-4.707,0.0989,0.0,True,ok
data/interim/segmented/normal_speech/S2I3V0bqmr8_seg_128.wav,S2I3V0bqmr8_seg_128.wav,S2I3V0bqmr8,True,16000,1,3.0,-21.629,-4.682,0.1977,0.0,True,ok
data/interim/segmented/normal_speech/S2I3V0bqmr8_seg_129.wav,S2I3V0bqmr8_seg_129.wav,S2I3V0bqmr8,True,16000,1,3.0,-21.7802,-2.2751,0.2339,0.0,True,ok
data/interim/segmented/normal_speech/S2I3V0bqmr8_seg_130.wav,S2I3V0bqmr8_seg_130.wav,S2I3V0bqmr8,True,16000,1,3.0,-21.8817,-2.9421,0.1965,0.0,True,ok
data/interim/segmented/normal_speech/S2I3V0bqmr8_seg_131.wav,S2I3V0bqmr8_seg_131.wav,S2I3V0bqmr8,True,16000,1,3.0,-23.2276,-5.2835,0.2913,0.0,True,ok
data/interim/segmented/normal_speech/S2I3V0bqmr8_seg_132.wav,S2I3V0bqmr8_seg_132.wav,S2I3V0bqmr8,True,16000,1,3.0,-22.5796,-1.3913,0.2407,0.0,True,ok
data/interim/segmented/normal_speech/S2I3V0bqmr8_seg_133.wav,S2I3V0bqmr8_seg_133.wav,S2I3V0bqmr8,True,16000,1,3.0,-23.0181,-3.2615,0.1956,0.0,True,ok
data/interim/segmented/normal_speech/S2I3V0bqmr8_seg_134.wav,S2I3V0bqmr8_seg_134.wav,S2I3V0bqmr8,True,16000,1,3.0,-24.6901,-7.4287,0.2886,0.0,True,ok
data/interim/segmented/normal_speech/S2I3V0bqmr8_seg_135.wav,S2I3V0bqmr8_seg_135.wav,S2I3V0bqmr8,True,16000,1,3.0,-22.0015,-6.3337,0.2469,0.0,True,ok
data/interim/segmented/normal_speech/S2I3V0bqmr8_seg_136.wav,S2I3V0bqmr8_seg_136.wav,S2I3V0bqmr8,True,16000,1,3.0,-23.1991,-7.2388,0.2573,0.0,True,ok
data/interim/segmented/normal_speech/S2I3V0bqmr8_seg_137.wav,S2I3V0bqmr8_seg_137.wav,S2I3V0bqmr8,True,16000,1,3.0,-23.317,-6.3816,0.2079,0.0,True,ok
data/interim/segmented/normal_speech/S2I3V0bqmr8_seg_138.wav,S2I3V0bqmr8_seg_138.wav,S2I3V0bqmr8,True,16000,1,3.0,-23.3108,-4.0879,0.2698,0.0,True,ok
data/interim/segmented/normal_speech/S2I3V0bqmr8_seg_139.wav,S2I3V0bqmr8_seg_139.wav,S2I3V0bqmr8,True,16000,1,3.0,-21.9325,-7.1605,0.1626,0.0,True,ok
data/interim/segmented/normal_speech/S2I3V0bqmr8_seg_140.wav,S2I3V0bqmr8_seg_140.wav,S2I3V0bqmr8,True,16000,1,3.0,-21.8775,-1.1115,0.2795,0.0,True,ok
data/interim/segmented/normal_speech/S2I3V0bqmr8_seg_141.wav,S2I3V0bqmr8_seg_141.wav,S2I3V0bqmr8,True,16000,1,3.0,-21.5082,-4.7669,0.2292,0.0,True,ok
data/interim/segmented/normal_speech/S2I3V0bqmr8_seg_142.wav,S2I3V0bqmr8_seg_142.wav,S2I3V0bqmr8,True,16000,1,3.0,-23.2126,-5.1238,0.2586,0.0,True,ok
data/interim/segmented/normal_speech/S2I3V0bqmr8_seg_143.wav,S2I3V0bqmr8_seg_143.wav,S2I3V0bqmr8,True,16000,1,3.0,-21.0594,-2.7866,0.191,0.0,True,ok
data/interim/segmented/normal_speech/S2I3V0bqmr8_seg_144.wav,S2I3V0bqmr8_seg_144.wav,S2I3V0bqmr8,True,16000,1,3.0,-23.0632,-5.6674,0.195,0.0,True,ok
data/interim/segmented/normal_speech/S2I3V0bqmr8_seg_145.wav,S2I3V0bqmr8_seg_145.wav,S2I3V0bqmr8,True,16000,1,3.0,-21.3198,-4.2503,0.2391,0.0,True,ok
data/interim/segmented/normal_speech/S2I3V0bqmr8_seg_146.wav,S2I3V0bqmr8_seg_146.wav,S2I3V0bqmr8,True,16000,1,3.0,-21.0387,-3.3009,0.1764,0.0,True,ok
data/interim/segmented/normal_speech/S2I3V0bqmr8_seg_147.wav,S2I3V0bqmr8_seg_147.wav,S2I3V0bqmr8,True,16000,1,3.0,-22.0656,-4.7637,0.205,0.0,True,ok
data/interim/segmented/normal_speech/S2I3V0bqmr8_seg_148.wav,S2I3V0bqmr8_seg_148.wav,S2I3V0bqmr8,True,16000,1,3.0,-22.0313,-7.0392,0.2018,0.0,True,ok
data/interim/segmented/normal_speech/S2I3V0bqmr8_seg_149.wav,S2I3V0bqmr8_seg_149.wav,S2I3V0bqmr8,True,16000,1,3.0,-22.4196,-4.54,0.3214,0.0,True,ok
data/interim/segmented/normal_speech/S2I3V0bqmr8_seg_150.wav,S2I3V0bqmr8_seg_150.wav,S2I3V0bqmr8,True,16000,1,3.0,-21.8769,-5.3324,0.1398,0.0,True,ok
data/interim/segmented/normal_speech/S2I3V0bqmr8_seg_151.wav,S2I3V0bqmr8_seg_151.wav,S2I3V0bqmr8,True,16000,1,3.0,-21.5632,-0.0202,0.1299,0.0,True,ok
data/interim/segmented/normal_speech/S2I3V0bqmr8_seg_152.wav,S2I3V0bqmr8_seg_152.wav,S2I3V0bqmr8,True,16000,1,3.0,-23.5978,-4.8754,0.2325,0.0,True,ok
data/interim/segmented/normal_speech/S2I3V0bqmr8_seg_153.wav,S2I3V0bqmr8_seg_153.wav,S2I3V0bqmr8,True,16000,1,3.0,-22.5439,-0.8626,0.3007,0.0,True,ok
data/interim/segmented/normal_speech/S2I3V0bqmr8_seg_154.wav,S2I3V0bqmr8_seg_154.wav,S2I3V0bqmr8,True,16000,1,3.0,-21.5676,-0.7166,0.2102,0.0,True,ok
data/interim/segmented/normal_speech/S2I3V0bqmr8_seg_155.wav,S2I3V0bqmr8_seg_155.wav,S2I3V0bqmr8,True,16000,1,3.0,-23.031,-3.8176,0.319,0.0,True,ok
data/interim/segmented/normal_speech/S2I3V0bqmr8_seg_156.wav,S2I3V0bqmr8_seg_156.wav,S2I3V0bqmr8,True,16000,1,3.0,-21.8427,-6.4165,0.2013,0.0,True,ok
data/interim/segmented/normal_speech/S2I3V0bqmr8_seg_157.wav,S2I3V0bqmr8_seg_157.wav,S2I3V0bqmr8,True,16000,1,3.0,-22.0462,-3.5279,0.1979,0.0,True,ok
data/interim/segmented/normal_speech/S2I3V0bqmr8_seg_158.wav,S2I3V0bqmr8_seg_158.wav,S2I3V0bqmr8,True,16000,1,3.0,-22.1434,-0.0003,0.271,2.1e-05,True,ok
data/interim/segmented/normal_speech/S2I3V0bqmr8_seg_159.wav,S2I3V0bqmr8_seg_159.wav,S2I3V0bqmr8,True,16000,1,3.0,-24.1376,-7.7488,0.1864,0.0,True,ok
data/interim/segmented/normal_speech/S2I3V0bqmr8_seg_160.wav,S2I3V0bqmr8_seg_160.wav,S2I3V0bqmr8,True,16000,1,3.0,-20.6967,-1.4933,0.2241,0.0,True,ok
data/interim/segmented/normal_speech/S2I3V0bqmr8_seg_161.wav,S2I3V0bqmr8_seg_161.wav,S2I3V0bqmr8,True,16000,1,3.0,-21.5963,-4.3145,0.2253,0.0,True,ok
data/interim/segmented/normal_speech/S2I3V0bqmr8_seg_162.wav,S2I3V0bqmr8_seg_162.wav,S2I3V0bqmr8,True,16000,1,3.0,-23.4471,-0.9604,0.2618,0.0,True,ok
data/interim/segmented/normal_speech/S2I3V0bqmr8_seg_163.wav,S2I3V0bqmr8_seg_163.wav,S2I3V0bqmr8,True,16000,1,3.0,-19.1451,-1.2622,0.2222,0.0,True,ok
data/interim/segmented/normal_speech/S2I3V0bqmr8_seg_164.wav,S2I3V0bqmr8_seg_164.wav,S2I3V0bqmr8,True,16000,1,3.0,-21.1134,-0.5518,0.1837,0.0,True,ok
data/interim/segmented/normal_speech/S2I3V0bqmr8_seg_165.wav,S2I3V0bqmr8_seg_165.wav,S2I3V0bqmr8,True,16000,1,3.0,-24.112,-4.8685,0.1436,0.0,True,ok
data/interim/segmented/normal_speech/S2I3V0bqmr8_seg_166.wav,S2I3V0bqmr8_seg_166.wav,S2I3V0bqmr8,True,16000,1,3.0,-23.0378,-6.902,0.1756,0.0,True,ok
data/interim/segmented/normal_speech/S2I3V0bqmr8_seg_167.wav,S2I3V0bqmr8_seg_167.wav,S2I3V0bqmr8,True,16000,1,3.0,-23.5631,-4.5574,0.1331,0.0,True,ok
data/interim/segmented/normal_speech/S2I3V0bqmr8_seg_168.wav,S2I3V0bqmr8_seg_168.wav,S2I3V0bqmr8,True,16000,1,3.0,-22.2728,-3.7917,0.1563,0.0,True,ok
data/interim/segmented/normal_speech/S2I3V0bqmr8_seg_169.wav,S2I3V0bqmr8_seg_169.wav,S2I3V0bqmr8,True,16000,1,3.0,-23.0911,-5.2292,0.1305,0.0,True,ok
data/interim/segmented/normal_speech/S2I3V0bqmr8_seg_170.wav,S2I3V0bqmr8_seg_170.wav,S2I3V0bqmr8,True,16000,1,3.0,-21.6225,-6.6922,0.125,0.0,True,ok
data/interim/segmented/normal_speech/S2I3V0bqmr8_seg_171.wav,S2I3V0bqmr8_seg_171.wav,S2I3V0bqmr8,True,16000,1,3.0,-21.6735,-3.8147,0.1421,0.0,True,ok
data/interim/segmented/normal_speech/S2I3V0bqmr8_seg_172.wav,S2I3V0bqmr8_seg_172.wav,S2I3V0bqmr8,True,16000,1,3.0,-23.5027,-3.4985,0.1998,0.0,True,ok
data/interim/segmented/normal_speech/S2I3V0bqmr8_seg_173.wav,S2I3V0bqmr8_seg_173.wav,S2I3V0bqmr8,True,16000,1,3.0,-22.4513,-4.1002,0.2322,0.0,True,ok
data/interim/segmented/normal_speech/S2I3V0bqmr8_seg_174.wav,S2I3V0bqmr8_seg_174.wav,S2I3V0bqmr8,True,16000,1,3.0,-21.1848,-2.9054,0.3116,0.0,True,ok
data/interim/segmented/normal_speech/S2I3V0bqmr8_seg_175.wav,S2I3V0bqmr8_seg_175.wav,S2I3V0bqmr8,True,16000,1,3.0,-21.5419,-4.4639,0.1447,0.0,True,ok
data/interim/segmented/normal_speech/S2I3V0bqmr8_seg_176.wav,S2I3V0bqmr8_seg_176.wav,S2I3V0bqmr8,True,16000,1,3.0,-20.6558,-2.0999,0.1758,0.0,True,ok
data/interim/segmented/normal_speech/S2I3V0bqmr8_seg_177.wav,S2I3V0bqmr8_seg_177.wav,S2I3V0bqmr8,True,16000,1,3.0,-23.0352,-5.9131,0.2194,0.0,True,ok
data/interim/segmented/normal_speech/S2I3V0bqmr8_seg_178.wav,S2I3V0bqmr8_seg_178.wav,S2I3V0bqmr8,True,16000,1,3.0,-26.5627,-4.8587,0.2859,0.0,True,ok
data/interim/segmented/normal_speech/S2I3V0bqmr8_seg_179.wav,S2I3V0bqmr8_seg_179.wav,S2I3V0bqmr8,True,16000,1,3.0,-19.6691,-1.5673,0.2196,0.0,True,ok
data/interim/segmented/normal_speech/S2I3V0bqmr8_seg_180.wav,S2I3V0bqmr8_seg_180.wav,S2I3V0bqmr8,True,16000,1,3.0,-21.2236,-3.2619,0.2593,0.0,True,ok
data/interim/segmented/normal_speech/S2I3V0bqmr8_seg_181.wav,S2I3V0bqmr8_seg_181.wav,S2I3V0bqmr8,True,16000,1,3.0,-21.362,-4.3774,0.2069,0.0,True,ok
data/interim/segmented/normal_speech/S2I3V0bqmr8_seg_182.wav,S2I3V0bqmr8_seg_182.wav,S2I3V0bqmr8,True,16000,1,3.0,-21.6666,-3.2168,0.2141,0.0,True,ok
data/interim/segmented/normal_speech/S2I3V0bqmr8_seg_183.wav,S2I3V0bqmr8_seg_183.wav,S2I3V0bqmr8,True,16000,1,3.0,-20.8553,-3.3153,0.1861,0.0,True,ok
data/interim/segmented/normal_speech/S2I3V0bqmr8_seg_184.wav,S2I3V0bqmr8_seg_184.wav,S2I3V0bqmr8,True,16000,1,3.0,-20.6431,-3.6841,0.1505,0.0,True,ok
data/interim/segmented/normal_speech/S2I3V0bqmr8_seg_185.wav,S2I3V0bqmr8_seg_185.wav,S2I3V0bqmr8,True,16000,1,3.0,-22.6027,-5.7621,0.1925,0.0,True,ok
data/interim/segmented/normal_speech/S2I3V0bqmr8_seg_186.wav,S2I3V0bqmr8_seg_186.wav,S2I3V0bqmr8,True,16000,1,3.0,-20.2745,-3.0439,0.2179,0.0,True,ok
data/interim/segmented/normal_speech/S2I3V0bqmr8_seg_187.wav,S2I3V0bqmr8_seg_187.wav,S2I3V0bqmr8,True,16000,1,3.0,-22.5251,-5.8588,0.1481,0.0,True,ok
data/interim/segmented/normal_speech/S2I3V0bqmr8_seg_188.wav,S2I3V0bqmr8_seg_188.wav,S2I3V0bqmr8,True,16000,1,3.0,-20.9563,-0.6761,0.2285,0.0,True,ok
data/interim/segmented/normal_speech/S2I3V0bqmr8_seg_189.wav,S2I3V0bqmr8_seg_189.wav,S2I3V0bqmr8,True,16000,1,3.0,-21.1523,-6.6561,0.1847,0.0,True,ok
data/interim/segmented/normal_speech/S2I3V0bqmr8_seg_190.wav,S2I3V0bqmr8_seg_190.wav,S2I3V0bqmr8,True,16000,1,3.0,-20.9682,-5.641,0.1346,0.0,True,ok
data/interim/segmented/normal_speech/S2I3V0bqmr8_seg_191.wav,S2I3V0bqmr8_seg_191.wav,S2I3V0bqmr8,True,16000,1,3.0,-22.3813,-3.3953,0.3295,0.0,True,ok
data/interim/segmented/normal_speech/S2I3V0bqmr8_seg_192.wav,S2I3V0bqmr8_seg_192.wav,S2I3V0bqmr8,True,16000,1,3.0,-21.2361,-3.3351,0.1417,0.0,True,ok
data/interim/segmented/normal_speech/S2I3V0bqmr8_seg_193.wav,S2I3V0bqmr8_seg_193.wav,S2I3V0bqmr8,True,16000,1,3.0,-20.9147,-3.5522,0.1447,0.0,True,ok
data/interim/segmented/normal_speech/S2I3V0bqmr8_seg_194.wav,S2I3V0bqmr8_seg_194.wav,S2I3V0bqmr8,True,16000,1,3.0,-22.7932,-1.4981,0.2373,0.0,True,ok
data/interim/segmented/normal_speech/S2I3V0bqmr8_seg_195.wav,S2I3V0bqmr8_seg_195.wav,S2I3V0bqmr8,True,16000,1,3.0,-21.7777,-4.027,0.1588,0.0,True,ok
data/interim/segmented/normal_speech/S2I3V0bqmr8_seg_196.wav,S2I3V0bqmr8_seg_196.wav,S2I3V0bqmr8,True,16000,1,3.0,-19.8262,-1.5718,0.1736,0.0,True,ok
data/interim/segmented/normal_speech/S2I3V0bqmr8_seg_197.wav,S2I3V0bqmr8_seg_197.wav,S2I3V0bqmr8,True,16000,1,3.0,-21.3354,-2.7643,0.1947,0.0,True,ok
data/interim/segmented/normal_speech/S2I3V0bqmr8_seg_198.wav,S2I3V0bqmr8_seg_198.wav,S2I3V0bqmr8,True,16000,1,3.0,-19.5241,-1.9729,0.1516,0.0,True,ok
data/interim/segmented/normal_speech/S2I3V0bqmr8_seg_199.wav,S2I3V0bqmr8_seg_199.wav,S2I3V0bqmr8,True,16000,1,3.0,-22.2563,-4.1569,0.1928,0.0,True,ok
data/interim/segmented/normal_speech/S2I3V0bqmr8_seg_200.wav,S2I3V0bqmr8_seg_200.wav,S2I3V0bqmr8,True,16000,1,3.0,-21.24,-3.0026,0.1762,0.0,True,ok
data/interim/segmented/normal_speech/S2I3V0bqmr8_seg_201.wav,S2I3V0bqmr8_seg_201.wav,S2I3V0bqmr8,True,16000,1,3.0,-22.1465,-5.3628,0.1559,0.0,True,ok
data/interim/segmented/normal_speech/S2I3V0bqmr8_seg_202.wav,S2I3V0bqmr8_seg_202.wav,S2I3V0bqmr8,True,16000,1,3.0,-21.1325,-3.015,0.1521,0.0,True,ok
data/interim/segmented/normal_speech/S2I3V0bqmr8_seg_203.wav,S2I3V0bqmr8_seg_203.wav,S2I3V0bqmr8,True,16000,1,3.0,-21.139,-2.0716,0.223,0.0,True,ok
data/interim/segmented/normal_speech/S2I3V0bqmr8_seg_204.wav,S2I3V0bqmr8_seg_204.wav,S2I3V0bqmr8,True,16000,1,3.0,-20.7441,-0.1773,0.2353,0.0,True,ok
data/interim/segmented/normal_speech/S2I3V0bqmr8_seg_205.wav,S2I3V0bqmr8_seg_205.wav,S2I3V0bqmr8,True,16000,1,3.0,-21.2222,-5.1703,0.1764,0.0,True,ok
data/interim/segmented/normal_speech/S2I3V0bqmr8_seg_206.wav,S2I3V0bqmr8_seg_206.wav,S2I3V0bqmr8,True,16000,1,3.0,-22.3372,-6.2914,0.1509,0.0,True,ok
data/interim/segmented/normal_speech/S2I3V0bqmr8_seg_207.wav,S2I3V0bqmr8_seg_207.wav,S2I3V0bqmr8,True,16000,1,3.0,-22.7542,-6.8587,0.1556,0.0,True,ok
data/interim/segmented/normal_speech/S2I3V0bqmr8_seg_208.wav,S2I3V0bqmr8_seg_208.wav,S2I3V0bqmr8,True,16000,1,3.0,-23.3678,-4.5409,0.2306,0.0,True,ok
data/interim/segmented/normal_speech/S2I3V0bqmr8_seg_209.wav,S2I3V0bqmr8_seg_209.wav,S2I3V0bqmr8,True,16000,1,3.0,-24.019,-7.7955,0.2288,0.0,True,ok
data/interim/segmented/normal_speech/S2I3V0bqmr8_seg_210.wav,S2I3V0bqmr8_seg_210.wav,S2I3V0bqmr8,True,16000,1,3.0,-22.5866,-5.4905,0.1807,0.0,True,ok
data/interim/segmented/normal_speech/S2I3V0bqmr8_seg_211.wav,S2I3V0bqmr8_seg_211.wav,S2I3V0bqmr8,True,16000,1,3.0,-23.4722,-5.7374,0.1827,0.0,True,ok
data/interim/segmented/normal_speech/S2I3V0bqmr8_seg_212.wav,S2I3V0bqmr8_seg_212.wav,S2I3V0bqmr8,True,16000,1,3.0,-22.0488,-4.6588,0.2003,0.0,True,ok
data/interim/segmented/normal_speech/S2I3V0bqmr8_seg_213.wav,S2I3V0bqmr8_seg_213.wav,S2I3V0bqmr8,True,16000,1,3.0,-20.9066,-4.2775,0.2381,0.0,True,ok
data/interim/segmented/normal_speech/S2I3V0bqmr8_seg_214.wav,S2I3V0bqmr8_seg_214.wav,S2I3V0bqmr8,True,16000,1,3.0,-22.5281,-6.5035,0.4616,0.0,True,ok
data/interim/segmented/normal_speech/S2I3V0bqmr8_seg_215.wav,S2I3V0bqmr8_seg_215.wav,S2I3V0bqmr8,True,16000,1,3.0,-21.7689,-4.8374,0.2402,0.0,True,ok
data/interim/segmented/normal_speech/S2I3V0bqmr8_seg_216.wav,S2I3V0bqmr8_seg_216.wav,S2I3V0bqmr8,True,16000,1,3.0,-21.4437,-7.1243,0.1468,0.0,True,ok
data/interim/segmented/normal_speech/S2I3V0bqmr8_seg_217.wav,S2I3V0bqmr8_seg_217.wav,S2I3V0bqmr8,True,16000,1,3.0,-22.9807,-7.9186,0.2385,0.0,True,ok
data/interim/segmented/normal_speech/S2I3V0bqmr8_seg_218.wav,S2I3V0bqmr8_seg_218.wav,S2I3V0bqmr8,True,16000,1,3.0,-20.1023,-5.608,0.147,0.0,True,ok
data/interim/segmented/normal_speech/S2I3V0bqmr8_seg_219.wav,S2I3V0bqmr8_seg_219.wav,S2I3V0bqmr8,True,16000,1,3.0,-22.1155,-8.3729,0.1161,0.0,True,ok
data/interim/segmented/normal_speech/S2I3V0bqmr8_seg_220.wav,S2I3V0bqmr8_seg_220.wav,S2I3V0bqmr8,True,16000,1,3.0,-22.295,-5.3623,0.2152,0.0,True,ok
data/interim/segmented/normal_speech/S2I3V0bqmr8_seg_221.wav,S2I3V0bqmr8_seg_221.wav,S2I3V0bqmr8,True,16000,1,3.0,-23.8404,-11.2039,0.132,0.0,True,ok
data/interim/segmented/normal_speech/S2I3V0bqmr8_seg_222.wav,S2I3V0bqmr8_seg_222.wav,S2I3V0bqmr8,True,16000,1,3.0,-22.3106,-4.4736,0.163,0.0,True,ok
data/interim/segmented/normal_speech/SMza0FPS0Js_seg_000.wav,SMza0FPS0Js_seg_000.wav,SMza0FPS0Js,True,16000,1,3.0,-18.1844,0.0,0.1132,0.000333,True,ok
data/interim/segmented/normal_speech/SMza0FPS0Js_seg_001.wav,SMza0FPS0Js_seg_001.wav,SMza0FPS0Js,True,16000,1,3.0,-19.4965,-1.2638,0.2236,0.0,True,ok
data/interim/segmented/normal_speech/SMza0FPS0Js_seg_002.wav,SMza0FPS0Js_seg_002.wav,SMza0FPS0Js,True,16000,1,3.0,-20.7957,-3.926,0.2493,0.0,True,ok
data/interim/segmented/normal_speech/SMza0FPS0Js_seg_003.wav,SMza0FPS0Js_seg_003.wav,SMza0FPS0Js,True,16000,1,3.0,-20.203,-4.3783,0.1841,0.0,True,ok
data/interim/segmented/normal_speech/SMza0FPS0Js_seg_004.wav,SMza0FPS0Js_seg_004.wav,SMza0FPS0Js,True,16000,1,3.0,-19.6516,-2.3766,0.1174,0.0,True,ok
data/interim/segmented/normal_speech/SMza0FPS0Js_seg_005.wav,SMza0FPS0Js_seg_005.wav,SMza0FPS0Js,True,16000,1,3.0,-25.3499,-9.3635,0.1548,0.0,True,ok
data/interim/segmented/normal_speech/SMza0FPS0Js_seg_006.wav,SMza0FPS0Js_seg_006.wav,SMza0FPS0Js,True,16000,1,3.0,-22.5888,-5.7031,0.1412,0.0,True,ok
data/interim/segmented/normal_speech/SMza0FPS0Js_seg_007.wav,SMza0FPS0Js_seg_007.wav,SMza0FPS0Js,True,16000,1,3.0,-24.3159,-6.0599,0.1493,0.0,True,ok
data/interim/segmented/normal_speech/SMza0FPS0Js_seg_008.wav,SMza0FPS0Js_seg_008.wav,SMza0FPS0Js,True,16000,1,3.0,-24.0995,-6.1032,0.3059,0.0,True,ok
data/interim/segmented/normal_speech/SMza0FPS0Js_seg_009.wav,SMza0FPS0Js_seg_009.wav,SMza0FPS0Js,True,16000,1,3.0,-26.3853,-9.8078,0.2017,0.0,True,ok
data/interim/segmented/normal_speech/SMza0FPS0Js_seg_010.wav,SMza0FPS0Js_seg_010.wav,SMza0FPS0Js,True,16000,1,3.0,-24.4112,-9.6534,0.1336,0.0,True,ok
data/interim/segmented/normal_speech/SMza0FPS0Js_seg_011.wav,SMza0FPS0Js_seg_011.wav,SMza0FPS0Js,True,16000,1,3.0,-22.8314,-4.6475,0.2345,0.0,True,ok
data/interim/segmented/normal_speech/SMza0FPS0Js_seg_012.wav,SMza0FPS0Js_seg_012.wav,SMza0FPS0Js,True,16000,1,3.0,-22.7498,-3.7999,0.2319,0.0,True,ok
data/interim/segmented/normal_speech/SMza0FPS0Js_seg_013.wav,SMza0FPS0Js_seg_013.wav,SMza0FPS0Js,True,16000,1,3.0,-22.1178,-4.5337,0.1289,0.0,True,ok
data/interim/segmented/normal_speech/SMza0FPS0Js_seg_014.wav,SMza0FPS0Js_seg_014.wav,SMza0FPS0Js,True,16000,1,3.0,-22.8817,-3.7198,0.2005,0.0,True,ok
data/interim/segmented/normal_speech/SMza0FPS0Js_seg_015.wav,SMza0FPS0Js_seg_015.wav,SMza0FPS0Js,True,16000,1,3.0,-23.3786,-5.514,0.127,0.0,True,ok
data/interim/segmented/normal_speech/SMza0FPS0Js_seg_016.wav,SMza0FPS0Js_seg_016.wav,SMza0FPS0Js,True,16000,1,3.0,-23.6429,-2.8876,0.1919,0.0,True,ok
data/interim/segmented/normal_speech/SMza0FPS0Js_seg_017.wav,SMza0FPS0Js_seg_017.wav,SMza0FPS0Js,True,16000,1,3.0,-26.1653,-9.5501,0.1875,0.0,True,ok
data/interim/segmented/normal_speech/SMza0FPS0Js_seg_018.wav,SMza0FPS0Js_seg_018.wav,SMza0FPS0Js,True,16000,1,3.0,-22.2008,-5.6888,0.1777,0.0,True,ok
data/interim/segmented/normal_speech/SMza0FPS0Js_seg_019.wav,SMza0FPS0Js_seg_019.wav,SMza0FPS0Js,True,16000,1,3.0,-21.9353,-5.6709,0.1451,0.0,True,ok
data/interim/segmented/normal_speech/SMza0FPS0Js_seg_020.wav,SMza0FPS0Js_seg_020.wav,SMza0FPS0Js,True,16000,1,3.0,-23.4664,-8.2138,0.114,0.0,True,ok
data/interim/segmented/normal_speech/SMza0FPS0Js_seg_021.wav,SMza0FPS0Js_seg_021.wav,SMza0FPS0Js,True,16000,1,3.0,-21.9356,-3.6405,0.1076,0.0,True,ok
data/interim/segmented/normal_speech/SMza0FPS0Js_seg_022.wav,SMza0FPS0Js_seg_022.wav,SMza0FPS0Js,True,16000,1,3.0,-23.975,-4.7275,0.1825,0.0,True,ok
data/interim/segmented/normal_speech/SMza0FPS0Js_seg_023.wav,SMza0FPS0Js_seg_023.wav,SMza0FPS0Js,True,16000,1,3.0,-21.2665,-2.7734,0.1549,0.0,True,ok
data/interim/segmented/normal_speech/SMza0FPS0Js_seg_024.wav,SMza0FPS0Js_seg_024.wav,SMza0FPS0Js,True,16000,1,3.0,-22.5485,-5.4106,0.1416,0.0,True,ok
data/interim/segmented/normal_speech/SMza0FPS0Js_seg_025.wav,SMza0FPS0Js_seg_025.wav,SMza0FPS0Js,True,16000,1,3.0,-23.6692,-6.9644,0.1123,0.0,True,ok
data/interim/segmented/normal_speech/SMza0FPS0Js_seg_026.wav,SMza0FPS0Js_seg_026.wav,SMza0FPS0Js,True,16000,1,3.0,-22.9245,-5.0661,0.1964,0.0,True,ok
data/interim/segmented/normal_speech/SMza0FPS0Js_seg_027.wav,SMza0FPS0Js_seg_027.wav,SMza0FPS0Js,True,16000,1,3.0,-22.8602,-0.1914,0.1609,0.0,True,ok
data/interim/segmented/normal_speech/SMza0FPS0Js_seg_028.wav,SMza0FPS0Js_seg_028.wav,SMza0FPS0Js,True,16000,1,3.0,-22.6871,-8.0696,0.1261,0.0,True,ok
data/interim/segmented/normal_speech/SMza0FPS0Js_seg_029.wav,SMza0FPS0Js_seg_029.wav,SMza0FPS0Js,True,16000,1,3.0,-23.1394,-5.74,0.1875,0.0,True,ok
data/interim/segmented/normal_speech/SMza0FPS0Js_seg_030.wav,SMza0FPS0Js_seg_030.wav,SMza0FPS0Js,True,16000,1,3.0,-20.6533,-2.8452,0.1616,0.0,True,ok
data/interim/segmented/normal_speech/SMza0FPS0Js_seg_031.wav,SMza0FPS0Js_seg_031.wav,SMza0FPS0Js,True,16000,1,3.0,-22.239,-3.2688,0.1966,0.0,True,ok
data/interim/segmented/normal_speech/SMza0FPS0Js_seg_032.wav,SMza0FPS0Js_seg_032.wav,SMza0FPS0Js,True,16000,1,3.0,-19.6588,-3.4791,0.1521,0.0,True,ok
data/interim/segmented/normal_speech/SMza0FPS0Js_seg_033.wav,SMza0FPS0Js_seg_033.wav,SMza0FPS0Js,True,16000,1,3.0,-20.5226,-5.7631,0.1087,0.0,True,ok
data/interim/segmented/normal_speech/SMza0FPS0Js_seg_034.wav,SMza0FPS0Js_seg_034.wav,SMza0FPS0Js,True,16000,1,3.0,-22.4554,-4.4577,0.1383,0.0,True,ok
data/interim/segmented/normal_speech/SMza0FPS0Js_seg_035.wav,SMza0FPS0Js_seg_035.wav,SMza0FPS0Js,True,16000,1,3.0,-19.635,-0.5143,0.1512,0.0,True,ok
data/interim/segmented/normal_speech/SMza0FPS0Js_seg_036.wav,SMza0FPS0Js_seg_036.wav,SMza0FPS0Js,True,16000,1,3.0,-20.5891,-1.9049,0.1133,0.0,True,ok
data/interim/segmented/normal_speech/SMza0FPS0Js_seg_037.wav,SMza0FPS0Js_seg_037.wav,SMza0FPS0Js,True,16000,1,3.0,-23.7235,-5.2553,0.1223,0.0,True,ok
data/interim/segmented/normal_speech/SMza0FPS0Js_seg_038.wav,SMza0FPS0Js_seg_038.wav,SMza0FPS0Js,True,16000,1,3.0,-24.2095,-5.2219,0.1646,0.0,True,ok
data/interim/segmented/normal_speech/SMza0FPS0Js_seg_039.wav,SMza0FPS0Js_seg_039.wav,SMza0FPS0Js,True,16000,1,3.0,-23.8558,-3.0157,0.1384,0.0,True,ok
data/interim/segmented/normal_speech/SMza0FPS0Js_seg_040.wav,SMza0FPS0Js_seg_040.wav,SMza0FPS0Js,True,16000,1,3.0,-21.5132,-2.7979,0.1234,0.0,True,ok
data/interim/segmented/normal_speech/SMza0FPS0Js_seg_041.wav,SMza0FPS0Js_seg_041.wav,SMza0FPS0Js,True,16000,1,3.0,-22.0032,-5.6898,0.1678,0.0,True,ok
data/interim/segmented/normal_speech/SMza0FPS0Js_seg_042.wav,SMza0FPS0Js_seg_042.wav,SMza0FPS0Js,True,16000,1,3.0,-22.1926,-1.942,0.1578,0.0,True,ok
data/interim/segmented/normal_speech/SMza0FPS0Js_seg_043.wav,SMza0FPS0Js_seg_043.wav,SMza0FPS0Js,True,16000,1,3.0,-17.2189,0.0,0.1404,0.000417,True,ok
data/interim/segmented/normal_speech/SMza0FPS0Js_seg_044.wav,SMza0FPS0Js_seg_044.wav,SMza0FPS0Js,True,16000,1,3.0,-18.8233,-3.0105,0.104,0.0,True,ok
data/interim/segmented/normal_speech/SMza0FPS0Js_seg_045.wav,SMza0FPS0Js_seg_045.wav,SMza0FPS0Js,True,16000,1,3.0,-24.2638,-7.8726,0.2237,0.0,True,ok
data/interim/segmented/normal_speech/SMza0FPS0Js_seg_046.wav,SMza0FPS0Js_seg_046.wav,SMza0FPS0Js,True,16000,1,3.0,-20.6451,-4.5691,0.2148,0.0,True,ok
data/interim/segmented/normal_speech/SMza0FPS0Js_seg_047.wav,SMza0FPS0Js_seg_047.wav,SMza0FPS0Js,True,16000,1,3.0,-20.4798,-4.5163,0.1202,0.0,True,ok
data/interim/segmented/normal_speech/SMza0FPS0Js_seg_048.wav,SMza0FPS0Js_seg_048.wav,SMza0FPS0Js,True,16000,1,3.0,-19.3594,-2.3405,0.121,0.0,True,ok
data/interim/segmented/normal_speech/SMza0FPS0Js_seg_049.wav,SMza0FPS0Js_seg_049.wav,SMza0FPS0Js,True,16000,1,3.0,-22.2203,-6.4956,0.1102,0.0,True,ok
data/interim/segmented/normal_speech/SMza0FPS0Js_seg_050.wav,SMza0FPS0Js_seg_050.wav,SMza0FPS0Js,True,16000,1,3.0,-24.3569,-5.7853,0.1319,0.0,True,ok
data/interim/segmented/normal_speech/SMza0FPS0Js_seg_051.wav,SMza0FPS0Js_seg_051.wav,SMza0FPS0Js,True,16000,1,3.0,-23.2875,-1.8648,0.2805,0.0,True,ok
data/interim/segmented/normal_speech/SMza0FPS0Js_seg_052.wav,SMza0FPS0Js_seg_052.wav,SMza0FPS0Js,True,16000,1,3.0,-18.974,-0.0828,0.1657,0.0,True,ok
data/interim/segmented/normal_speech/SMza0FPS0Js_seg_053.wav,SMza0FPS0Js_seg_053.wav,SMza0FPS0Js,True,16000,1,3.0,-18.941,-1.6288,0.2182,0.0,True,ok
data/interim/segmented/normal_speech/SMza0FPS0Js_seg_054.wav,SMza0FPS0Js_seg_054.wav,SMza0FPS0Js,True,16000,1,3.0,-20.0362,-2.8688,0.1962,0.0,True,ok
data/interim/segmented/normal_speech/SMza0FPS0Js_seg_055.wav,SMza0FPS0Js_seg_055.wav,SMza0FPS0Js,True,16000,1,3.0,-21.8669,-6.8821,0.154,0.0,True,ok
data/interim/segmented/normal_speech/SMza0FPS0Js_seg_056.wav,SMza0FPS0Js_seg_056.wav,SMza0FPS0Js,True,16000,1,3.0,-21.3487,-5.5929,0.2097,0.0,True,ok
data/interim/segmented/normal_speech/SMza0FPS0Js_seg_057.wav,SMza0FPS0Js_seg_057.wav,SMza0FPS0Js,True,16000,1,3.0,-19.8244,-0.1209,0.2063,0.0,True,ok
data/interim/segmented/normal_speech/SMza0FPS0Js_seg_058.wav,SMza0FPS0Js_seg_058.wav,SMza0FPS0Js,True,16000,1,3.0,-19.1855,0.0,0.106,0.000292,True,ok
data/interim/segmented/normal_speech/SMza0FPS0Js_seg_059.wav,SMza0FPS0Js_seg_059.wav,SMza0FPS0Js,True,16000,1,3.0,-20.0506,0.0,0.2096,0.000104,True,ok
data/interim/segmented/normal_speech/SMza0FPS0Js_seg_060.wav,SMza0FPS0Js_seg_060.wav,SMza0FPS0Js,True,16000,1,3.0,-19.33,-0.0767,0.1177,0.0,True,ok
data/interim/segmented/normal_speech/SMza0FPS0Js_seg_061.wav,SMza0FPS0Js_seg_061.wav,SMza0FPS0Js,True,16000,1,3.0,-22.4177,-4.4294,0.2049,0.0,True,ok
data/interim/segmented/normal_speech/SMza0FPS0Js_seg_062.wav,SMza0FPS0Js_seg_062.wav,SMza0FPS0Js,True,16000,1,3.0,-21.2737,-2.803,0.1021,0.0,True,ok
data/interim/segmented/normal_speech/SMza0FPS0Js_seg_063.wav,SMza0FPS0Js_seg_063.wav,SMza0FPS0Js,True,16000,1,3.0,-20.6665,-0.5065,0.2162,0.0,True,ok
data/interim/segmented/normal_speech/SMza0FPS0Js_seg_064.wav,SMza0FPS0Js_seg_064.wav,SMza0FPS0Js,True,16000,1,3.0,-19.7534,-3.4855,0.1127,0.0,True,ok
data/interim/segmented/normal_speech/SMza0FPS0Js_seg_065.wav,SMza0FPS0Js_seg_065.wav,SMza0FPS0Js,True,16000,1,3.0,-24.0355,-6.7174,0.1627,0.0,True,ok
data/interim/segmented/normal_speech/SMza0FPS0Js_seg_066.wav,SMza0FPS0Js_seg_066.wav,SMza0FPS0Js,True,16000,1,3.0,-23.9755,-3.2038,0.1903,0.0,True,ok
data/interim/segmented/normal_speech/SMza0FPS0Js_seg_067.wav,SMza0FPS0Js_seg_067.wav,SMza0FPS0Js,True,16000,1,3.0,-20.5248,-1.3584,0.1162,0.0,True,ok
data/interim/segmented/normal_speech/SMza0FPS0Js_seg_068.wav,SMza0FPS0Js_seg_068.wav,SMza0FPS0Js,True,16000,1,3.0,-22.7695,-1.9862,0.2343,0.0,True,ok
data/interim/segmented/normal_speech/SMza0FPS0Js_seg_069.wav,SMza0FPS0Js_seg_069.wav,SMza0FPS0Js,True,16000,1,3.0,-19.4102,-1.0922,0.1334,0.0,True,ok
data/interim/segmented/normal_speech/SMza0FPS0Js_seg_070.wav,SMza0FPS0Js_seg_070.wav,SMza0FPS0Js,True,16000,1,3.0,-21.2814,-5.1698,0.0929,0.0,True,ok
data/interim/segmented/normal_speech/SMza0FPS0Js_seg_071.wav,SMza0FPS0Js_seg_071.wav,SMza0FPS0Js,True,16000,1,3.0,-22.3053,-4.6938,0.1056,0.0,True,ok
data/interim/segmented/normal_speech/SMza0FPS0Js_seg_072.wav,SMza0FPS0Js_seg_072.wav,SMza0FPS0Js,True,16000,1,3.0,-20.2125,-3.8522,0.1568,0.0,True,ok
data/interim/segmented/normal_speech/SMza0FPS0Js_seg_073.wav,SMza0FPS0Js_seg_073.wav,SMza0FPS0Js,True,16000,1,3.0,-25.2551,-10.6645,0.1316,0.0,True,ok
data/interim/segmented/normal_speech/SMza0FPS0Js_seg_074.wav,SMza0FPS0Js_seg_074.wav,SMza0FPS0Js,True,16000,1,3.0,-24.7066,-6.5948,0.1373,0.0,True,ok
data/interim/segmented/normal_speech/SMza0FPS0Js_seg_075.wav,SMza0FPS0Js_seg_075.wav,SMza0FPS0Js,True,16000,1,3.0,-19.1238,-0.0218,0.1692,0.0,True,ok
data/interim/segmented/normal_speech/SMza0FPS0Js_seg_076.wav,SMza0FPS0Js_seg_076.wav,SMza0FPS0Js,True,16000,1,3.0,-17.4373,-0.8308,0.123,0.0,True,ok
data/interim/segmented/normal_speech/SMza0FPS0Js_seg_077.wav,SMza0FPS0Js_seg_077.wav,SMza0FPS0Js,True,16000,1,3.0,-25.9579,-7.9848,0.1917,0.0,True,ok
data/interim/segmented/normal_speech/SMza0FPS0Js_seg_078.wav,SMza0FPS0Js_seg_078.wav,SMza0FPS0Js,True,16000,1,3.0,-23.3704,-7.4412,0.1478,0.0,True,ok
data/interim/segmented/normal_speech/SMza0FPS0Js_seg_079.wav,SMza0FPS0Js_seg_079.wav,SMza0FPS0Js,True,16000,1,3.0,-22.2578,-4.2356,0.1604,0.0,True,ok
data/interim/segmented/normal_speech/SMza0FPS0Js_seg_080.wav,SMza0FPS0Js_seg_080.wav,SMza0FPS0Js,True,16000,1,3.0,-23.9587,-6.0227,0.1649,0.0,True,ok
data/interim/segmented/normal_speech/SMza0FPS0Js_seg_081.wav,SMza0FPS0Js_seg_081.wav,SMza0FPS0Js,True,16000,1,3.0,-25.4514,-10.7811,0.1373,0.0,True,ok
data/interim/segmented/normal_speech/SMza0FPS0Js_seg_082.wav,SMza0FPS0Js_seg_082.wav,SMza0FPS0Js,True,16000,1,3.0,-23.6195,-5.6725,0.1542,0.0,True,ok
data/interim/segmented/normal_speech/SMza0FPS0Js_seg_083.wav,SMza0FPS0Js_seg_083.wav,SMza0FPS0Js,True,16000,1,3.0,-23.0308,-4.1224,0.2049,0.0,True,ok
data/interim/segmented/normal_speech/SMza0FPS0Js_seg_084.wav,SMza0FPS0Js_seg_084.wav,SMza0FPS0Js,True,16000,1,3.0,-29.7898,-10.1353,0.4022,0.0,True,ok
data/interim/segmented/normal_speech/SMza0FPS0Js_seg_085.wav,SMza0FPS0Js_seg_085.wav,SMza0FPS0Js,True,16000,1,3.0,-23.7384,-3.1039,0.2777,0.0,True,ok
data/interim/segmented/normal_speech/SMza0FPS0Js_seg_086.wav,SMza0FPS0Js_seg_086.wav,SMza0FPS0Js,True,16000,1,3.0,-23.1767,-1.6522,0.1899,0.0,True,ok
data/interim/segmented/normal_speech/SMza0FPS0Js_seg_087.wav,SMza0FPS0Js_seg_087.wav,SMza0FPS0Js,True,16000,1,3.0,-21.2317,-4.3293,0.1151,0.0,True,ok
data/interim/segmented/normal_speech/SMza0FPS0Js_seg_088.wav,SMza0FPS0Js_seg_088.wav,SMza0FPS0Js,True,16000,1,3.0,-20.544,-3.1724,0.1196,0.0,True,ok
data/interim/segmented/normal_speech/SMza0FPS0Js_seg_089.wav,SMza0FPS0Js_seg_089.wav,SMza0FPS0Js,True,16000,1,3.0,-22.1333,-5.3231,0.1921,0.0,True,ok
data/interim/segmented/normal_speech/SMza0FPS0Js_seg_090.wav,SMza0FPS0Js_seg_090.wav,SMza0FPS0Js,True,16000,1,3.0,-23.7306,-3.9653,0.2062,0.0,True,ok
data/interim/segmented/normal_speech/SMza0FPS0Js_seg_091.wav,SMza0FPS0Js_seg_091.wav,SMza0FPS0Js,True,16000,1,3.0,-23.1632,-4.1904,0.1379,0.0,True,ok
data/interim/segmented/normal_speech/SMza0FPS0Js_seg_092.wav,SMza0FPS0Js_seg_092.wav,SMza0FPS0Js,True,16000,1,3.0,-25.9859,-9.4748,0.2191,0.0,True,ok
data/interim/segmented/normal_speech/SMza0FPS0Js_seg_093.wav,SMza0FPS0Js_seg_093.wav,SMza0FPS0Js,True,16000,1,3.0,-25.3359,-11.9694,0.1652,0.0,True,ok
data/interim/segmented/normal_speech/SMza0FPS0Js_seg_094.wav,SMza0FPS0Js_seg_094.wav,SMza0FPS0Js,True,16000,1,3.0,-29.6885,-15.8959,0.2399,0.0,True,ok
data/interim/segmented/normal_speech/SMza0FPS0Js_seg_095.wav,SMza0FPS0Js_seg_095.wav,SMza0FPS0Js,True,16000,1,3.0,-24.6933,-6.0716,0.1628,0.0,True,ok
data/interim/segmented/normal_speech/SMza0FPS0Js_seg_096.wav,SMza0FPS0Js_seg_096.wav,SMza0FPS0Js,True,16000,1,3.0,-29.1352,-10.1344,0.2252,0.0,True,ok
data/interim/segmented/normal_speech/SMza0FPS0Js_seg_097.wav,SMza0FPS0Js_seg_097.wav,SMza0FPS0Js,True,16000,1,3.0,-28.1172,-7.1399,0.2399,0.0,True,ok
data/interim/segmented/normal_speech/SMza0FPS0Js_seg_098.wav,SMza0FPS0Js_seg_098.wav,SMza0FPS0Js,True,16000,1,3.0,-23.6058,-7.3222,0.1841,0.0,True,ok
data/interim/segmented/normal_speech/SMza0FPS0Js_seg_099.wav,SMza0FPS0Js_seg_099.wav,SMza0FPS0Js,True,16000,1,3.0,-22.3796,-2.5416,0.1207,0.0,True,ok
data/interim/segmented/normal_speech/SMza0FPS0Js_seg_100.wav,SMza0FPS0Js_seg_100.wav,SMza0FPS0Js,True,16000,1,3.0,-26.5744,-10.2217,0.1642,0.0,True,ok
data/interim/segmented/normal_speech/SMza0FPS0Js_seg_101.wav,SMza0FPS0Js_seg_101.wav,SMza0FPS0Js,True,16000,1,3.0,-23.7182,-5.8666,0.1926,0.0,True,ok
data/interim/segmented/normal_speech/SMza0FPS0Js_seg_102.wav,SMza0FPS0Js_seg_102.wav,SMza0FPS0Js,True,16000,1,3.0,-23.1854,-4.2524,0.1789,0.0,True,ok
data/interim/segmented/normal_speech/SMza0FPS0Js_seg_103.wav,SMza0FPS0Js_seg_103.wav,SMza0FPS0Js,True,16000,1,3.0,-25.432,-7.6612,0.1696,0.0,True,ok
data/interim/segmented/normal_speech/SMza0FPS0Js_seg_104.wav,SMza0FPS0Js_seg_104.wav,SMza0FPS0Js,True,16000,1,3.0,-24.2202,-8.9862,0.1659,0.0,True,ok
data/interim/segmented/normal_speech/SMza0FPS0Js_seg_105.wav,SMza0FPS0Js_seg_105.wav,SMza0FPS0Js,True,16000,1,3.0,-24.6172,-9.4057,0.1717,0.0,True,ok
data/interim/segmented/normal_speech/SMza0FPS0Js_seg_106.wav,SMza0FPS0Js_seg_106.wav,SMza0FPS0Js,True,16000,1,3.0,-23.5019,-5.8854,0.1618,0.0,True,ok
data/interim/segmented/normal_speech/SMza0FPS0Js_seg_107.wav,SMza0FPS0Js_seg_107.wav,SMza0FPS0Js,True,16000,1,3.0,-22.9074,-5.0529,0.1233,0.0,True,ok
data/interim/segmented/normal_speech/SMza0FPS0Js_seg_108.wav,SMza0FPS0Js_seg_108.wav,SMza0FPS0Js,True,16000,1,3.0,-25.6555,-9.6534,0.223,0.0,True,ok
data/interim/segmented/normal_speech/SMza0FPS0Js_seg_109.wav,SMza0FPS0Js_seg_109.wav,SMza0FPS0Js,True,16000,1,3.0,-19.6802,-0.0003,0.1525,0.000104,True,ok
data/interim/segmented/normal_speech/SMza0FPS0Js_seg_110.wav,SMza0FPS0Js_seg_110.wav,SMza0FPS0Js,True,16000,1,3.0,-23.346,-3.865,0.2162,0.0,True,ok
data/interim/segmented/normal_speech/SMza0FPS0Js_seg_111.wav,SMza0FPS0Js_seg_111.wav,SMza0FPS0Js,True,16000,1,3.0,-20.1431,-1.9479,0.127,0.0,True,ok
data/interim/segmented/normal_speech/SMza0FPS0Js_seg_112.wav,SMza0FPS0Js_seg_112.wav,SMza0FPS0Js,True,16000,1,3.0,-20.5095,-4.812,0.1124,0.0,True,ok
data/interim/segmented/normal_speech/SMza0FPS0Js_seg_113.wav,SMza0FPS0Js_seg_113.wav,SMza0FPS0Js,True,16000,1,3.0,-19.2991,-3.8238,0.1258,0.0,True,ok
data/interim/segmented/normal_speech/SMza0FPS0Js_seg_114.wav,SMza0FPS0Js_seg_114.wav,SMza0FPS0Js,True,16000,1,3.0,-23.0754,-1.7169,0.1538,0.0,True,ok
data/interim/segmented/normal_speech/SMza0FPS0Js_seg_115.wav,SMza0FPS0Js_seg_115.wav,SMza0FPS0Js,True,16000,1,3.0,-23.7299,-5.1052,0.1614,0.0,True,ok
data/interim/segmented/normal_speech/SMza0FPS0Js_seg_116.wav,SMza0FPS0Js_seg_116.wav,SMza0FPS0Js,True,16000,1,3.0,-20.4858,-3.5188,0.1145,0.0,True,ok
data/interim/segmented/normal_speech/SMza0FPS0Js_seg_117.wav,SMza0FPS0Js_seg_117.wav,SMza0FPS0Js,True,16000,1,3.0,-20.5116,-1.0676,0.1193,0.0,True,ok
data/interim/segmented/normal_speech/SMza0FPS0Js_seg_118.wav,SMza0FPS0Js_seg_118.wav,SMza0FPS0Js,True,16000,1,3.0,-21.6129,-3.0605,0.156,0.0,True,ok
data/interim/segmented/normal_speech/SMza0FPS0Js_seg_119.wav,SMza0FPS0Js_seg_119.wav,SMza0FPS0Js,True,16000,1,3.0,-25.1074,-1.7557,0.1586,0.0,True,ok
data/interim/segmented/normal_speech/SMza0FPS0Js_seg_120.wav,SMza0FPS0Js_seg_120.wav,SMza0FPS0Js,True,16000,1,3.0,-22.8611,-4.2793,0.2661,0.0,True,ok
data/interim/segmented/normal_speech/SMza0FPS0Js_seg_121.wav,SMza0FPS0Js_seg_121.wav,SMza0FPS0Js,True,16000,1,3.0,-21.0424,-2.5473,0.1649,0.0,True,ok
data/interim/segmented/normal_speech/SMza0FPS0Js_seg_122.wav,SMza0FPS0Js_seg_122.wav,SMza0FPS0Js,True,16000,1,3.0,-22.6476,-5.8552,0.1994,0.0,True,ok
data/interim/segmented/normal_speech/SMza0FPS0Js_seg_123.wav,SMza0FPS0Js_seg_123.wav,SMza0FPS0Js,True,16000,1,3.0,-20.5851,-1.504,0.1347,0.0,True,ok
data/interim/segmented/normal_speech/SMza0FPS0Js_seg_124.wav,SMza0FPS0Js_seg_124.wav,SMza0FPS0Js,True,16000,1,3.0,-24.2974,-9.5557,0.1576,0.0,True,ok
data/interim/segmented/normal_speech/SMza0FPS0Js_seg_125.wav,SMza0FPS0Js_seg_125.wav,SMza0FPS0Js,True,16000,1,3.0,-22.7382,-5.0723,0.1336,0.0,True,ok
data/interim/segmented/normal_speech/SMza0FPS0Js_seg_126.wav,SMza0FPS0Js_seg_126.wav,SMza0FPS0Js,True,16000,1,3.0,-20.8525,-2.2524,0.1252,0.0,True,ok
data/interim/segmented/normal_speech/SMza0FPS0Js_seg_127.wav,SMza0FPS0Js_seg_127.wav,SMza0FPS0Js,True,16000,1,3.0,-22.367,-0.6108,0.1465,0.0,True,ok
data/interim/segmented/normal_speech/SMza0FPS0Js_seg_128.wav,SMza0FPS0Js_seg_128.wav,SMza0FPS0Js,True,16000,1,3.0,-23.8579,-6.1676,0.1687,0.0,True,ok
data/interim/segmented/normal_speech/SMza0FPS0Js_seg_129.wav,SMza0FPS0Js_seg_129.wav,SMza0FPS0Js,True,16000,1,3.0,-22.023,-5.1602,0.2382,0.0,True,ok
data/interim/segmented/normal_speech/SMza0FPS0Js_seg_130.wav,SMza0FPS0Js_seg_130.wav,SMza0FPS0Js,True,16000,1,3.0,-19.6872,0.0,0.3669,0.000167,True,ok
data/interim/segmented/normal_speech/SMza0FPS0Js_seg_131.wav,SMza0FPS0Js_seg_131.wav,SMza0FPS0Js,True,16000,1,2.605,-31.7203,-17.668,0.1976,0.0,True,ok
data/interim/segmented/normal_speech/bdNJgUYeYPk_seg_000.wav,bdNJgUYeYPk_seg_000.wav,bdNJgUYeYPk,True,16000,1,3.0,-26.0821,-8.1195,0.2698,0.0,True,ok
data/interim/segmented/normal_speech/bdNJgUYeYPk_seg_001.wav,bdNJgUYeYPk_seg_001.wav,bdNJgUYeYPk,True,16000,1,3.0,-27.4858,-8.0817,0.3357,0.0,True,ok
data/interim/segmented/normal_speech/bdNJgUYeYPk_seg_002.wav,bdNJgUYeYPk_seg_002.wav,bdNJgUYeYPk,True,16000,1,3.0,-28.112,-9.3339,0.2949,0.0,True,ok
data/interim/segmented/normal_speech/bdNJgUYeYPk_seg_003.wav,bdNJgUYeYPk_seg_003.wav,bdNJgUYeYPk,True,16000,1,3.0,-26.9903,-8.0804,0.3793,0.0,True,ok
data/interim/segmented/normal_speech/bdNJgUYeYPk_seg_004.wav,bdNJgUYeYPk_seg_004.wav,bdNJgUYeYPk,True,16000,1,3.0,-26.3762,-8.7457,0.2996,0.0,True,ok
data/interim/segmented/normal_speech/bdNJgUYeYPk_seg_005.wav,bdNJgUYeYPk_seg_005.wav,bdNJgUYeYPk,True,16000,1,3.0,-24.0406,-7.2272,0.2801,0.0,True,ok
data/interim/segmented/normal_speech/bdNJgUYeYPk_seg_006.wav,bdNJgUYeYPk_seg_006.wav,bdNJgUYeYPk,True,16000,1,3.0,-26.655,-7.2339,0.4069,0.0,True,ok
data/interim/segmented/normal_speech/bdNJgUYeYPk_seg_007.wav,bdNJgUYeYPk_seg_007.wav,bdNJgUYeYPk,True,16000,1,3.0,-23.2169,-6.5817,0.3201,0.0,True,ok
data/interim/segmented/normal_speech/bdNJgUYeYPk_seg_008.wav,bdNJgUYeYPk_seg_008.wav,bdNJgUYeYPk,True,16000,1,3.0,-26.2267,-6.6305,0.3706,0.0,True,ok
data/interim/segmented/normal_speech/bdNJgUYeYPk_seg_009.wav,bdNJgUYeYPk_seg_009.wav,bdNJgUYeYPk,True,16000,1,3.0,-27.3541,-8.3071,0.3249,0.0,True,ok
data/interim/segmented/normal_speech/bdNJgUYeYPk_seg_010.wav,bdNJgUYeYPk_seg_010.wav,bdNJgUYeYPk,True,16000,1,3.0,-28.845,-9.2736,0.2868,0.0,True,ok
data/interim/segmented/normal_speech/bdNJgUYeYPk_seg_011.wav,bdNJgUYeYPk_seg_011.wav,bdNJgUYeYPk,True,16000,1,3.0,-28.6475,-8.3938,0.3239,0.0,True,ok
data/interim/segmented/normal_speech/bdNJgUYeYPk_seg_012.wav,bdNJgUYeYPk_seg_012.wav,bdNJgUYeYPk,True,16000,1,3.0,-28.0919,-7.5727,0.4365,0.0,True,ok
data/interim/segmented/normal_speech/bdNJgUYeYPk_seg_013.wav,bdNJgUYeYPk_seg_013.wav,bdNJgUYeYPk,True,16000,1,3.0,-25.5099,-7.7152,0.3193,0.0,True,ok
data/interim/segmented/normal_speech/bdNJgUYeYPk_seg_014.wav,bdNJgUYeYPk_seg_014.wav,bdNJgUYeYPk,True,16000,1,3.0,-29.6062,-8.6003,0.3625,0.0,True,ok
data/interim/segmented/normal_speech/bdNJgUYeYPk_seg_015.wav,bdNJgUYeYPk_seg_015.wav,bdNJgUYeYPk,True,16000,1,3.0,-26.0858,-7.8765,0.364,0.0,True,ok
data/interim/segmented/normal_speech/bdNJgUYeYPk_seg_016.wav,bdNJgUYeYPk_seg_016.wav,bdNJgUYeYPk,True,16000,1,3.0,-23.8847,-8.6741,0.1765,0.0,True,ok
data/interim/segmented/normal_speech/bdNJgUYeYPk_seg_017.wav,bdNJgUYeYPk_seg_017.wav,bdNJgUYeYPk,True,16000,1,3.0,-26.5075,-8.0469,0.4012,0.0,True,ok
data/interim/segmented/normal_speech/bdNJgUYeYPk_seg_018.wav,bdNJgUYeYPk_seg_018.wav,bdNJgUYeYPk,True,16000,1,3.0,-25.1695,-8.0194,0.1946,0.0,True,ok
data/interim/segmented/normal_speech/bdNJgUYeYPk_seg_019.wav,bdNJgUYeYPk_seg_019.wav,bdNJgUYeYPk,True,16000,1,3.0,-26.4309,-8.4217,0.3573,0.0,True,ok
data/interim/segmented/normal_speech/bdNJgUYeYPk_seg_020.wav,bdNJgUYeYPk_seg_020.wav,bdNJgUYeYPk,True,16000,1,3.0,-27.044,-7.3493,0.4599,0.0,True,ok
data/interim/segmented/normal_speech/bdNJgUYeYPk_seg_021.wav,bdNJgUYeYPk_seg_021.wav,bdNJgUYeYPk,True,16000,1,3.0,-26.0438,-5.9199,0.3049,0.0,True,ok
data/interim/segmented/normal_speech/bdNJgUYeYPk_seg_022.wav,bdNJgUYeYPk_seg_022.wav,bdNJgUYeYPk,True,16000,1,3.0,-28.7706,-7.5303,0.3829,0.0,True,ok
data/interim/segmented/normal_speech/bdNJgUYeYPk_seg_023.wav,bdNJgUYeYPk_seg_023.wav,bdNJgUYeYPk,True,16000,1,3.0,-27.74,-8.2473,0.4699,0.0,True,ok
data/interim/segmented/normal_speech/bdNJgUYeYPk_seg_024.wav,bdNJgUYeYPk_seg_024.wav,bdNJgUYeYPk,True,16000,1,3.0,-27.1469,-8.272,0.3106,0.0,True,ok
data/interim/segmented/normal_speech/bdNJgUYeYPk_seg_025.wav,bdNJgUYeYPk_seg_025.wav,bdNJgUYeYPk,True,16000,1,3.0,-29.0181,-7.6625,0.4023,0.0,True,ok
data/interim/segmented/normal_speech/bdNJgUYeYPk_seg_026.wav,bdNJgUYeYPk_seg_026.wav,bdNJgUYeYPk,True,16000,1,3.0,-26.0703,-8.4161,0.2929,0.0,True,ok
data/interim/segmented/normal_speech/bdNJgUYeYPk_seg_027.wav,bdNJgUYeYPk_seg_027.wav,bdNJgUYeYPk,True,16000,1,3.0,-27.1696,-9.1109,0.369,0.0,True,ok
data/interim/segmented/normal_speech/bdNJgUYeYPk_seg_028.wav,bdNJgUYeYPk_seg_028.wav,bdNJgUYeYPk,True,16000,1,3.0,-28.5188,-7.8157,0.5464,0.0,True,ok
data/interim/segmented/normal_speech/bdNJgUYeYPk_seg_029.wav,bdNJgUYeYPk_seg_029.wav,bdNJgUYeYPk,True,16000,1,3.0,-27.2161,-8.5747,0.4075,0.0,True,ok
data/interim/segmented/normal_speech/bdNJgUYeYPk_seg_030.wav,bdNJgUYeYPk_seg_030.wav,bdNJgUYeYPk,True,16000,1,3.0,-24.9015,-8.4665,0.3177,0.0,True,ok
data/interim/segmented/normal_speech/bdNJgUYeYPk_seg_031.wav,bdNJgUYeYPk_seg_031.wav,bdNJgUYeYPk,True,16000,1,3.0,-23.5912,-8.0408,0.2168,0.0,True,ok
data/interim/segmented/normal_speech/bdNJgUYeYPk_seg_032.wav,bdNJgUYeYPk_seg_032.wav,bdNJgUYeYPk,True,16000,1,3.0,-24.928,-7.0757,0.3073,0.0,True,ok
data/interim/segmented/normal_speech/bdNJgUYeYPk_seg_033.wav,bdNJgUYeYPk_seg_033.wav,bdNJgUYeYPk,True,16000,1,3.0,-27.0732,-7.1889,0.3567,0.0,True,ok
data/interim/segmented/normal_speech/bdNJgUYeYPk_seg_034.wav,bdNJgUYeYPk_seg_034.wav,bdNJgUYeYPk,True,16000,1,3.0,-28.072,-7.6114,0.3641,0.0,True,ok
data/interim/segmented/normal_speech/bdNJgUYeYPk_seg_035.wav,bdNJgUYeYPk_seg_035.wav,bdNJgUYeYPk,True,16000,1,3.0,-26.7057,-6.7791,0.3809,0.0,True,ok
data/interim/segmented/normal_speech/bdNJgUYeYPk_seg_036.wav,bdNJgUYeYPk_seg_036.wav,bdNJgUYeYPk,True,16000,1,3.0,-27.8236,-8.7675,0.3859,0.0,True,ok
data/interim/segmented/normal_speech/bdNJgUYeYPk_seg_037.wav,bdNJgUYeYPk_seg_037.wav,bdNJgUYeYPk,True,16000,1,3.0,-26.182,-8.3479,0.3171,0.0,True,ok
data/interim/segmented/normal_speech/bdNJgUYeYPk_seg_038.wav,bdNJgUYeYPk_seg_038.wav,bdNJgUYeYPk,True,16000,1,3.0,-28.5483,-8.7015,0.4711,0.0,True,ok
data/interim/segmented/normal_speech/bdNJgUYeYPk_seg_039.wav,bdNJgUYeYPk_seg_039.wav,bdNJgUYeYPk,True,16000,1,3.0,-27.5464,-8.1709,0.4143,0.0,True,ok
data/interim/segmented/normal_speech/bdNJgUYeYPk_seg_040.wav,bdNJgUYeYPk_seg_040.wav,bdNJgUYeYPk,True,16000,1,3.0,-27.9297,-6.9455,0.3944,0.0,True,ok
data/interim/segmented/normal_speech/bdNJgUYeYPk_seg_041.wav,bdNJgUYeYPk_seg_041.wav,bdNJgUYeYPk,True,16000,1,3.0,-26.9847,-6.0754,0.2203,0.0,True,ok
data/interim/segmented/normal_speech/bdNJgUYeYPk_seg_042.wav,bdNJgUYeYPk_seg_042.wav,bdNJgUYeYPk,True,16000,1,3.0,-26.9779,-7.3815,0.3571,0.0,True,ok
data/interim/segmented/normal_speech/bdNJgUYeYPk_seg_043.wav,bdNJgUYeYPk_seg_043.wav,bdNJgUYeYPk,True,16000,1,3.0,-27.862,-9.6076,0.3828,0.0,True,ok
data/interim/segmented/normal_speech/bdNJgUYeYPk_seg_044.wav,bdNJgUYeYPk_seg_044.wav,bdNJgUYeYPk,True,16000,1,3.0,-25.8193,-8.0495,0.2361,0.0,True,ok
data/interim/segmented/normal_speech/bdNJgUYeYPk_seg_045.wav,bdNJgUYeYPk_seg_045.wav,bdNJgUYeYPk,True,16000,1,3.0,-28.8384,-8.1039,0.4044,0.0,True,ok
data/interim/segmented/normal_speech/bdNJgUYeYPk_seg_046.wav,bdNJgUYeYPk_seg_046.wav,bdNJgUYeYPk,True,16000,1,3.0,-26.9965,-7.4819,0.3475,0.0,True,ok
data/interim/segmented/normal_speech/bdNJgUYeYPk_seg_047.wav,bdNJgUYeYPk_seg_047.wav,bdNJgUYeYPk,True,16000,1,3.0,-28.1528,-8.5726,0.3434,0.0,True,ok
data/interim/segmented/normal_speech/bdNJgUYeYPk_seg_048.wav,bdNJgUYeYPk_seg_048.wav,bdNJgUYeYPk,True,16000,1,3.0,-30.0788,-8.8611,0.4402,0.0,True,ok
data/interim/segmented/normal_speech/bdNJgUYeYPk_seg_049.wav,bdNJgUYeYPk_seg_049.wav,bdNJgUYeYPk,True,16000,1,3.0,-26.2492,-7.5278,0.3746,0.0,True,ok
data/interim/segmented/normal_speech/bdNJgUYeYPk_seg_050.wav,bdNJgUYeYPk_seg_050.wav,bdNJgUYeYPk,True,16000,1,3.0,-27.2989,-7.9193,0.4399,0.0,True,ok
data/interim/segmented/normal_speech/bdNJgUYeYPk_seg_051.wav,bdNJgUYeYPk_seg_051.wav,bdNJgUYeYPk,True,16000,1,3.0,-26.9597,-8.0636,0.3777,0.0,True,ok
data/interim/segmented/normal_speech/bdNJgUYeYPk_seg_052.wav,bdNJgUYeYPk_seg_052.wav,bdNJgUYeYPk,True,16000,1,3.0,-28.5549,-8.5726,0.5085,0.0,True,ok
data/interim/segmented/normal_speech/bdNJgUYeYPk_seg_053.wav,bdNJgUYeYPk_seg_053.wav,bdNJgUYeYPk,True,16000,1,3.0,-27.6417,-6.9055,0.4065,0.0,True,ok
data/interim/segmented/normal_speech/bdNJgUYeYPk_seg_054.wav,bdNJgUYeYPk_seg_054.wav,bdNJgUYeYPk,True,16000,1,3.0,-28.0537,-9.0671,0.3929,0.0,True,ok
data/interim/segmented/normal_speech/bdNJgUYeYPk_seg_055.wav,bdNJgUYeYPk_seg_055.wav,bdNJgUYeYPk,True,16000,1,3.0,-28.7921,-8.559,0.3625,0.0,True,ok
data/interim/segmented/normal_speech/bdNJgUYeYPk_seg_056.wav,bdNJgUYeYPk_seg_056.wav,bdNJgUYeYPk,True,16000,1,3.0,-26.5206,-8.8244,0.536,0.0,True,ok
data/interim/segmented/normal_speech/bdNJgUYeYPk_seg_057.wav,bdNJgUYeYPk_seg_057.wav,bdNJgUYeYPk,True,16000,1,3.0,-28.3173,-8.8625,0.3763,0.0,True,ok
data/interim/segmented/normal_speech/bdNJgUYeYPk_seg_058.wav,bdNJgUYeYPk_seg_058.wav,bdNJgUYeYPk,True,16000,1,3.0,-27.8524,-6.9562,0.4035,0.0,True,ok
data/interim/segmented/normal_speech/bdNJgUYeYPk_seg_059.wav,bdNJgUYeYPk_seg_059.wav,bdNJgUYeYPk,True,16000,1,3.0,-27.6135,-8.4721,0.3339,0.0,True,ok
data/interim/segmented/normal_speech/bdNJgUYeYPk_seg_060.wav,bdNJgUYeYPk_seg_060.wav,bdNJgUYeYPk,True,16000,1,3.0,-27.0081,-8.0582,0.2453,0.0,True,ok
data/interim/segmented/normal_speech/bdNJgUYeYPk_seg_061.wav,bdNJgUYeYPk_seg_061.wav,bdNJgUYeYPk,True,16000,1,3.0,-27.2647,-7.9948,0.5222,0.0,True,ok
data/interim/segmented/normal_speech/bdNJgUYeYPk_seg_062.wav,bdNJgUYeYPk_seg_062.wav,bdNJgUYeYPk,True,16000,1,3.0,-30.0554,-8.0629,0.5761,0.0,True,ok
data/interim/segmented/normal_speech/bdNJgUYeYPk_seg_063.wav,bdNJgUYeYPk_seg_063.wav,bdNJgUYeYPk,True,16000,1,3.0,-26.8739,-7.5879,0.4312,0.0,True,ok
data/interim/segmented/normal_speech/bdNJgUYeYPk_seg_064.wav,bdNJgUYeYPk_seg_064.wav,bdNJgUYeYPk,True,16000,1,3.0,-29.1485,-7.9842,0.437,0.0,True,ok
data/interim/segmented/normal_speech/bdNJgUYeYPk_seg_065.wav,bdNJgUYeYPk_seg_065.wav,bdNJgUYeYPk,True,16000,1,3.0,-29.0046,-8.3972,0.4244,0.0,True,ok
data/interim/segmented/normal_speech/bdNJgUYeYPk_seg_066.wav,bdNJgUYeYPk_seg_066.wav,bdNJgUYeYPk,True,16000,1,3.0,-29.5282,-7.361,0.4944,0.0,True,ok
data/interim/segmented/normal_speech/bdNJgUYeYPk_seg_067.wav,bdNJgUYeYPk_seg_067.wav,bdNJgUYeYPk,True,16000,1,3.0,-26.2748,-7.9583,0.2358,0.0,True,ok
data/interim/segmented/normal_speech/bdNJgUYeYPk_seg_068.wav,bdNJgUYeYPk_seg_068.wav,bdNJgUYeYPk,True,16000,1,3.0,-27.9794,-8.7573,0.3187,0.0,True,ok
data/interim/segmented/normal_speech/bdNJgUYeYPk_seg_069.wav,bdNJgUYeYPk_seg_069.wav,bdNJgUYeYPk,True,16000,1,3.0,-27.9534,-7.8817,0.4063,0.0,True,ok
data/interim/segmented/normal_speech/bdNJgUYeYPk_seg_070.wav,bdNJgUYeYPk_seg_070.wav,bdNJgUYeYPk,True,16000,1,3.0,-28.383,-7.6504,0.4089,0.0,True,ok
data/interim/segmented/normal_speech/bdNJgUYeYPk_seg_071.wav,bdNJgUYeYPk_seg_071.wav,bdNJgUYeYPk,True,16000,1,3.0,-27.2323,-7.651,0.3045,0.0,True,ok
data/interim/segmented/normal_speech/bdNJgUYeYPk_seg_072.wav,bdNJgUYeYPk_seg_072.wav,bdNJgUYeYPk,True,16000,1,3.0,-33.3587,-11.8472,0.6575,0.0,True,ok
data/interim/segmented/normal_speech/bdNJgUYeYPk_seg_073.wav,bdNJgUYeYPk_seg_073.wav,bdNJgUYeYPk,True,16000,1,3.0,-31.8673,-9.7059,0.5689,0.0,True,ok
data/interim/segmented/normal_speech/bdNJgUYeYPk_seg_074.wav,bdNJgUYeYPk_seg_074.wav,bdNJgUYeYPk,True,16000,1,3.0,-28.7954,-8.8449,0.4859,0.0,True,ok
data/interim/segmented/normal_speech/bdNJgUYeYPk_seg_075.wav,bdNJgUYeYPk_seg_075.wav,bdNJgUYeYPk,True,16000,1,3.0,-28.3119,-7.866,0.4376,0.0,True,ok
data/interim/segmented/normal_speech/bdNJgUYeYPk_seg_076.wav,bdNJgUYeYPk_seg_076.wav,bdNJgUYeYPk,True,16000,1,3.0,-29.5207,-10.5022,0.5178,0.0,True,ok
data/interim/segmented/normal_speech/bdNJgUYeYPk_seg_077.wav,bdNJgUYeYPk_seg_077.wav,bdNJgUYeYPk,True,16000,1,3.0,-26.8744,-8.5067,0.3173,0.0,True,ok
data/interim/segmented/normal_speech/bdNJgUYeYPk_seg_078.wav,bdNJgUYeYPk_seg_078.wav,bdNJgUYeYPk,True,16000,1,3.0,-27.0891,-9.2921,0.299,0.0,True,ok
data/interim/segmented/normal_speech/bdNJgUYeYPk_seg_079.wav,bdNJgUYeYPk_seg_079.wav,bdNJgUYeYPk,True,16000,1,3.0,-26.6985,-8.801,0.3542,0.0,True,ok
data/interim/segmented/normal_speech/bdNJgUYeYPk_seg_080.wav,bdNJgUYeYPk_seg_080.wav,bdNJgUYeYPk,True,16000,1,3.0,-26.9649,-8.9453,0.3425,0.0,True,ok
data/interim/segmented/normal_speech/bdNJgUYeYPk_seg_081.wav,bdNJgUYeYPk_seg_081.wav,bdNJgUYeYPk,True,16000,1,3.0,-26.9358,-10.137,0.3597,0.0,True,ok
data/interim/segmented/normal_speech/bdNJgUYeYPk_seg_082.wav,bdNJgUYeYPk_seg_082.wav,bdNJgUYeYPk,True,16000,1,3.0,-28.0402,-7.8831,0.4432,0.0,True,ok
data/interim/segmented/normal_speech/bdNJgUYeYPk_seg_083.wav,bdNJgUYeYPk_seg_083.wav,bdNJgUYeYPk,True,16000,1,3.0,-24.834,-7.5039,0.4446,0.0,True,ok
data/interim/segmented/normal_speech/bdNJgUYeYPk_seg_084.wav,bdNJgUYeYPk_seg_084.wav,bdNJgUYeYPk,True,16000,1,3.0,-25.3199,-7.0894,0.3094,0.0,True,ok
data/interim/segmented/normal_speech/bdNJgUYeYPk_seg_085.wav,bdNJgUYeYPk_seg_085.wav,bdNJgUYeYPk,True,16000,1,3.0,-29.0073,-12.2744,0.386,0.0,True,ok
data/interim/segmented/normal_speech/bdNJgUYeYPk_seg_086.wav,bdNJgUYeYPk_seg_086.wav,bdNJgUYeYPk,True,16000,1,3.0,-28.6467,-9.93,0.4115,0.0,True,ok
data/interim/segmented/normal_speech/bdNJgUYeYPk_seg_087.wav,bdNJgUYeYPk_seg_087.wav,bdNJgUYeYPk,True,16000,1,3.0,-28.9852,-8.2638,0.5286,0.0,True,ok
data/interim/segmented/normal_speech/bdNJgUYeYPk_seg_088.wav,bdNJgUYeYPk_seg_088.wav,bdNJgUYeYPk,True,16000,1,3.0,-26.9691,-9.3783,0.3536,0.0,True,ok
data/interim/segmented/normal_speech/bdNJgUYeYPk_seg_089.wav,bdNJgUYeYPk_seg_089.wav,bdNJgUYeYPk,True,16000,1,3.0,-26.2503,-8.0268,0.3759,0.0,True,ok
data/interim/segmented/normal_speech/bdNJgUYeYPk_seg_090.wav,bdNJgUYeYPk_seg_090.wav,bdNJgUYeYPk,True,16000,1,3.0,-27.2753,-8.3875,0.3833,0.0,True,ok
data/interim/segmented/normal_speech/bdNJgUYeYPk_seg_091.wav,bdNJgUYeYPk_seg_091.wav,bdNJgUYeYPk,True,16000,1,3.0,-26.5923,-7.6414,0.3965,0.0,True,ok
data/interim/segmented/normal_speech/bdNJgUYeYPk_seg_092.wav,bdNJgUYeYPk_seg_092.wav,bdNJgUYeYPk,True,16000,1,3.0,-27.3147,-7.7942,0.3872,0.0,True,ok
data/interim/segmented/normal_speech/bdNJgUYeYPk_seg_093.wav,bdNJgUYeYPk_seg_093.wav,bdNJgUYeYPk,True,16000,1,3.0,-28.0381,-7.6223,0.4262,0.0,True,ok
data/interim/segmented/normal_speech/bdNJgUYeYPk_seg_094.wav,bdNJgUYeYPk_seg_094.wav,bdNJgUYeYPk,True,16000,1,3.0,-26.4368,-8.1363,0.3833,0.0,True,ok
data/interim/segmented/normal_speech/bdNJgUYeYPk_seg_095.wav,bdNJgUYeYPk_seg_095.wav,bdNJgUYeYPk,True,16000,1,3.0,-27.3789,-7.7643,0.3683,0.0,True,ok
data/interim/segmented/normal_speech/bdNJgUYeYPk_seg_096.wav,bdNJgUYeYPk_seg_096.wav,bdNJgUYeYPk,True,16000,1,3.0,-28.6276,-9.9558,0.4163,0.0,True,ok
data/interim/segmented/normal_speech/bdNJgUYeYPk_seg_097.wav,bdNJgUYeYPk_seg_097.wav,bdNJgUYeYPk,True,16000,1,3.0,-27.6455,-8.463,0.4346,0.0,True,ok
data/interim/segmented/normal_speech/bdNJgUYeYPk_seg_098.wav,bdNJgUYeYPk_seg_098.wav,bdNJgUYeYPk,True,16000,1,3.0,-27.3406,-10.4209,0.3808,0.0,True,ok
data/interim/segmented/normal_speech/bdNJgUYeYPk_seg_099.wav,bdNJgUYeYPk_seg_099.wav,bdNJgUYeYPk,True,16000,1,3.0,-27.0469,-8.3092,0.4375,0.0,True,ok
data/interim/segmented/normal_speech/bdNJgUYeYPk_seg_100.wav,bdNJgUYeYPk_seg_100.wav,bdNJgUYeYPk,True,16000,1,3.0,-27.3867,-8.0643,0.4244,0.0,True,ok
data/interim/segmented/normal_speech/bdNJgUYeYPk_seg_101.wav,bdNJgUYeYPk_seg_101.wav,bdNJgUYeYPk,True,16000,1,3.0,-27.5684,-8.2782,0.4088,0.0,True,ok
data/interim/segmented/normal_speech/bdNJgUYeYPk_seg_102.wav,bdNJgUYeYPk_seg_102.wav,bdNJgUYeYPk,True,16000,1,3.0,-28.9266,-9.6865,0.4558,0.0,True,ok
data/interim/segmented/normal_speech/bdNJgUYeYPk_seg_103.wav,bdNJgUYeYPk_seg_103.wav,bdNJgUYeYPk,True,16000,1,3.0,-26.4223,-7.644,0.5292,0.0,True,ok
data/interim/segmented/normal_speech/bdNJgUYeYPk_seg_104.wav,bdNJgUYeYPk_seg_104.wav,bdNJgUYeYPk,True,16000,1,3.0,-24.7045,-6.2022,0.29,0.0,True,ok
data/interim/segmented/normal_speech/bdNJgUYeYPk_seg_105.wav,bdNJgUYeYPk_seg_105.wav,bdNJgUYeYPk,True,16000,1,3.0,-26.6072,-6.2494,0.3079,0.0,True,ok
data/interim/segmented/normal_speech/bdNJgUYeYPk_seg_106.wav,bdNJgUYeYPk_seg_106.wav,bdNJgUYeYPk,True,16000,1,3.0,-28.1369,-7.8509,0.4547,0.0,True,ok
data/interim/segmented/normal_speech/bdNJgUYeYPk_seg_107.wav,bdNJgUYeYPk_seg_107.wav,bdNJgUYeYPk,True,16000,1,3.0,-28.463,-8.9393,0.3457,0.0,True,ok
data/interim/segmented/normal_speech/bdNJgUYeYPk_seg_108.wav,bdNJgUYeYPk_seg_108.wav,bdNJgUYeYPk,True,16000,1,3.0,-28.8351,-8.5449,0.3438,0.0,True,ok
data/interim/segmented/normal_speech/bdNJgUYeYPk_seg_109.wav,bdNJgUYeYPk_seg_109.wav,bdNJgUYeYPk,True,16000,1,3.0,-27.8541,-8.272,0.4266,0.0,True,ok
data/interim/segmented/normal_speech/bdNJgUYeYPk_seg_110.wav,bdNJgUYeYPk_seg_110.wav,bdNJgUYeYPk,True,16000,1,3.0,-28.1859,-7.1914,0.3924,0.0,True,ok
data/interim/segmented/normal_speech/bdNJgUYeYPk_seg_111.wav,bdNJgUYeYPk_seg_111.wav,bdNJgUYeYPk,True,16000,1,3.0,-26.6137,-6.7762,0.3483,0.0,True,ok
data/interim/segmented/normal_speech/bdNJgUYeYPk_seg_112.wav,bdNJgUYeYPk_seg_112.wav,bdNJgUYeYPk,True,16000,1,3.0,-31.6216,-8.518,0.7385,0.0,True,ok
data/interim/segmented/normal_speech/bdNJgUYeYPk_seg_113.wav,bdNJgUYeYPk_seg_113.wav,bdNJgUYeYPk,True,16000,1,3.0,-27.6775,-8.9937,0.5287,0.0,True,ok
data/interim/segmented/normal_speech/bdNJgUYeYPk_seg_114.wav,bdNJgUYeYPk_seg_114.wav,bdNJgUYeYPk,True,16000,1,3.0,-31.938,-7.7708,0.6493,0.0,True,ok
data/interim/segmented/normal_speech/bdNJgUYeYPk_seg_115.wav,bdNJgUYeYPk_seg_115.wav,bdNJgUYeYPk,True,16000,1,3.0,-28.9638,-8.8412,0.5779,0.0,True,ok
data/interim/segmented/normal_speech/bdNJgUYeYPk_seg_116.wav,bdNJgUYeYPk_seg_116.wav,bdNJgUYeYPk,True,16000,1,2.354,-21.2397,-7.4456,0.3345,0.0,True,ok
data/interim/segmented/normal_speech/cTMl1IUj8Lw_seg_000.wav,cTMl1IUj8Lw_seg_000.wav,cTMl1IUj8Lw,True,16000,1,3.0,-21.7254,-3.0191,0.1592,0.0,True,ok
data/interim/segmented/normal_speech/cTMl1IUj8Lw_seg_001.wav,cTMl1IUj8Lw_seg_001.wav,cTMl1IUj8Lw,True,16000,1,3.0,-21.6979,-3.4771,0.2244,0.0,True,ok
data/interim/segmented/normal_speech/cTMl1IUj8Lw_seg_002.wav,cTMl1IUj8Lw_seg_002.wav,cTMl1IUj8Lw,True,16000,1,3.0,-18.4406,-1.9968,0.1316,0.0,True,ok
data/interim/segmented/normal_speech/cTMl1IUj8Lw_seg_003.wav,cTMl1IUj8Lw_seg_003.wav,cTMl1IUj8Lw,True,16000,1,3.0,-18.9538,-0.1266,0.179,0.0,True,ok
data/interim/segmented/normal_speech/cTMl1IUj8Lw_seg_004.wav,cTMl1IUj8Lw_seg_004.wav,cTMl1IUj8Lw,True,16000,1,3.0,-22.7397,-1.5584,0.3216,0.0,True,ok
data/interim/segmented/normal_speech/cTMl1IUj8Lw_seg_005.wav,cTMl1IUj8Lw_seg_005.wav,cTMl1IUj8Lw,True,16000,1,3.0,-22.6918,-5.9451,0.281,0.0,True,ok
data/interim/segmented/normal_speech/cTMl1IUj8Lw_seg_006.wav,cTMl1IUj8Lw_seg_006.wav,cTMl1IUj8Lw,True,16000,1,3.0,-23.519,-8.3611,0.2287,0.0,True,ok
data/interim/segmented/normal_speech/cTMl1IUj8Lw_seg_007.wav,cTMl1IUj8Lw_seg_007.wav,cTMl1IUj8Lw,True,16000,1,3.0,-23.6158,-8.1303,0.3177,0.0,True,ok
data/interim/segmented/normal_speech/cTMl1IUj8Lw_seg_008.wav,cTMl1IUj8Lw_seg_008.wav,cTMl1IUj8Lw,True,16000,1,3.0,-22.9085,-7.4637,0.1674,0.0,True,ok
data/interim/segmented/normal_speech/cTMl1IUj8Lw_seg_009.wav,cTMl1IUj8Lw_seg_009.wav,cTMl1IUj8Lw,True,16000,1,3.0,-25.6446,-9.8703,0.2798,0.0,True,ok
data/interim/segmented/normal_speech/cTMl1IUj8Lw_seg_010.wav,cTMl1IUj8Lw_seg_010.wav,cTMl1IUj8Lw,True,16000,1,3.0,-23.2719,-6.8751,0.2341,0.0,True,ok
data/interim/segmented/normal_speech/cTMl1IUj8Lw_seg_011.wav,cTMl1IUj8Lw_seg_011.wav,cTMl1IUj8Lw,True,16000,1,3.0,-23.2587,-8.0562,0.2138,0.0,True,ok
data/interim/segmented/normal_speech/cTMl1IUj8Lw_seg_012.wav,cTMl1IUj8Lw_seg_012.wav,cTMl1IUj8Lw,True,16000,1,3.0,-21.0421,-4.9548,0.1929,0.0,True,ok
data/interim/segmented/normal_speech/cTMl1IUj8Lw_seg_013.wav,cTMl1IUj8Lw_seg_013.wav,cTMl1IUj8Lw,True,16000,1,3.0,-24.0309,-7.1907,0.3281,0.0,True,ok
data/interim/segmented/normal_speech/cTMl1IUj8Lw_seg_014.wav,cTMl1IUj8Lw_seg_014.wav,cTMl1IUj8Lw,True,16000,1,3.0,-29.564,-12.2635,0.3696,0.0,True,ok
data/interim/segmented/normal_speech/cTMl1IUj8Lw_seg_015.wav,cTMl1IUj8Lw_seg_015.wav,cTMl1IUj8Lw,True,16000,1,3.0,-23.1476,-7.6779,0.2901,0.0,True,ok
data/interim/segmented/normal_speech/cTMl1IUj8Lw_seg_016.wav,cTMl1IUj8Lw_seg_016.wav,cTMl1IUj8Lw,True,16000,1,3.0,-26.9528,-11.6555,0.2666,0.0,True,ok
data/interim/segmented/normal_speech/cTMl1IUj8Lw_seg_017.wav,cTMl1IUj8Lw_seg_017.wav,cTMl1IUj8Lw,True,16000,1,3.0,-24.1248,-6.6784,0.2913,0.0,True,ok
data/interim/segmented/normal_speech/cTMl1IUj8Lw_seg_018.wav,cTMl1IUj8Lw_seg_018.wav,cTMl1IUj8Lw,True,16000,1,3.0,-27.2156,-13.2851,0.3266,0.0,True,ok
data/interim/segmented/normal_speech/cTMl1IUj8Lw_seg_019.wav,cTMl1IUj8Lw_seg_019.wav,cTMl1IUj8Lw,True,16000,1,3.0,-23.8985,-7.0577,0.2802,0.0,True,ok
data/interim/segmented/normal_speech/cTMl1IUj8Lw_seg_020.wav,cTMl1IUj8Lw_seg_020.wav,cTMl1IUj8Lw,True,16000,1,3.0,-27.534,-11.7811,0.3315,0.0,True,ok
data/interim/segmented/normal_speech/cTMl1IUj8Lw_seg_021.wav,cTMl1IUj8Lw_seg_021.wav,cTMl1IUj8Lw,True,16000,1,3.0,-28.2474,-13.5069,0.2744,0.0,True,ok
data/interim/segmented/normal_speech/cTMl1IUj8Lw_seg_022.wav,cTMl1IUj8Lw_seg_022.wav,cTMl1IUj8Lw,True,16000,1,3.0,-27.0622,-12.1554,0.2516,0.0,True,ok
data/interim/segmented/normal_speech/cTMl1IUj8Lw_seg_023.wav,cTMl1IUj8Lw_seg_023.wav,cTMl1IUj8Lw,True,16000,1,3.0,-26.773,-8.9045,0.3425,0.0,True,ok
data/interim/segmented/normal_speech/cTMl1IUj8Lw_seg_024.wav,cTMl1IUj8Lw_seg_024.wav,cTMl1IUj8Lw,True,16000,1,3.0,-28.959,-13.1491,0.312,0.0,True,ok
data/interim/segmented/normal_speech/cTMl1IUj8Lw_seg_025.wav,cTMl1IUj8Lw_seg_025.wav,cTMl1IUj8Lw,True,16000,1,3.0,-30.9302,-13.3946,0.4663,0.0,True,ok
data/interim/segmented/normal_speech/cTMl1IUj8Lw_seg_026.wav,cTMl1IUj8Lw_seg_026.wav,cTMl1IUj8Lw,True,16000,1,3.0,-21.6197,-6.5716,0.1754,0.0,True,ok
data/interim/segmented/normal_speech/cTMl1IUj8Lw_seg_027.wav,cTMl1IUj8Lw_seg_027.wav,cTMl1IUj8Lw,True,16000,1,3.0,-28.4398,-13.1118,0.2569,0.0,True,ok
data/interim/segmented/normal_speech/cTMl1IUj8Lw_seg_028.wav,cTMl1IUj8Lw_seg_028.wav,cTMl1IUj8Lw,True,16000,1,3.0,-26.6457,-9.7996,0.3805,0.0,True,ok
data/interim/segmented/normal_speech/cTMl1IUj8Lw_seg_029.wav,cTMl1IUj8Lw_seg_029.wav,cTMl1IUj8Lw,True,16000,1,3.0,-32.3546,-13.8918,0.4464,0.0,True,ok
data/interim/segmented/normal_speech/cTMl1IUj8Lw_seg_030.wav,cTMl1IUj8Lw_seg_030.wav,cTMl1IUj8Lw,True,16000,1,3.0,-23.1712,-6.0456,0.375,0.0,True,ok
data/interim/segmented/normal_speech/cTMl1IUj8Lw_seg_031.wav,cTMl1IUj8Lw_seg_031.wav,cTMl1IUj8Lw,True,16000,1,3.0,-26.6861,-9.0581,0.303,0.0,True,ok
data/interim/segmented/normal_speech/cTMl1IUj8Lw_seg_032.wav,cTMl1IUj8Lw_seg_032.wav,cTMl1IUj8Lw,True,16000,1,3.0,-30.9241,-11.1895,0.6147,0.0,True,ok
data/interim/segmented/normal_speech/cTMl1IUj8Lw_seg_033.wav,cTMl1IUj8Lw_seg_033.wav,cTMl1IUj8Lw,True,16000,1,3.0,-24.6662,-7.49,0.2077,0.0,True,ok
data/interim/segmented/normal_speech/cTMl1IUj8Lw_seg_034.wav,cTMl1IUj8Lw_seg_034.wav,cTMl1IUj8Lw,True,16000,1,3.0,-28.3197,-12.8031,0.2825,0.0,True,ok
data/interim/segmented/normal_speech/cTMl1IUj8Lw_seg_035.wav,cTMl1IUj8Lw_seg_035.wav,cTMl1IUj8Lw,True,16000,1,3.0,-27.1074,-11.037,0.3338,0.0,True,ok
data/interim/segmented/normal_speech/cTMl1IUj8Lw_seg_036.wav,cTMl1IUj8Lw_seg_036.wav,cTMl1IUj8Lw,True,16000,1,3.0,-26.7502,-11.9704,0.3059,0.0,True,ok
data/interim/segmented/normal_speech/cTMl1IUj8Lw_seg_037.wav,cTMl1IUj8Lw_seg_037.wav,cTMl1IUj8Lw,True,16000,1,3.0,-29.0701,-12.3411,0.3523,0.0,True,ok
data/interim/segmented/normal_speech/cTMl1IUj8Lw_seg_038.wav,cTMl1IUj8Lw_seg_038.wav,cTMl1IUj8Lw,True,16000,1,3.0,-28.3606,-10.8538,0.3464,0.0,True,ok
data/interim/segmented/normal_speech/cTMl1IUj8Lw_seg_039.wav,cTMl1IUj8Lw_seg_039.wav,cTMl1IUj8Lw,True,16000,1,3.0,-25.4857,-5.7092,0.3602,0.0,True,ok
data/interim/segmented/normal_speech/cTMl1IUj8Lw_seg_040.wav,cTMl1IUj8Lw_seg_040.wav,cTMl1IUj8Lw,True,16000,1,3.0,-27.1354,-10.6672,0.4012,0.0,True,ok
data/interim/segmented/normal_speech/cTMl1IUj8Lw_seg_041.wav,cTMl1IUj8Lw_seg_041.wav,cTMl1IUj8Lw,True,16000,1,3.0,-25.9365,-8.952,0.1817,0.0,True,ok
data/interim/segmented/normal_speech/cTMl1IUj8Lw_seg_042.wav,cTMl1IUj8Lw_seg_042.wav,cTMl1IUj8Lw,True,16000,1,3.0,-25.8288,-10.8659,0.2851,0.0,True,ok
data/interim/segmented/normal_speech/cTMl1IUj8Lw_seg_043.wav,cTMl1IUj8Lw_seg_043.wav,cTMl1IUj8Lw,True,16000,1,3.0,-26.3763,-10.0371,0.2313,0.0,True,ok
data/interim/segmented/normal_speech/cTMl1IUj8Lw_seg_044.wav,cTMl1IUj8Lw_seg_044.wav,cTMl1IUj8Lw,True,16000,1,3.0,-23.5541,-9.8794,0.2326,0.0,True,ok
data/interim/segmented/normal_speech/cTMl1IUj8Lw_seg_045.wav,cTMl1IUj8Lw_seg_045.wav,cTMl1IUj8Lw,True,16000,1,3.0,-23.4956,-7.5676,0.2454,0.0,True,ok
data/interim/segmented/normal_speech/cTMl1IUj8Lw_seg_046.wav,cTMl1IUj8Lw_seg_046.wav,cTMl1IUj8Lw,True,16000,1,3.0,-23.3228,-5.0292,0.2661,0.0,True,ok
data/interim/segmented/normal_speech/cTMl1IUj8Lw_seg_047.wav,cTMl1IUj8Lw_seg_047.wav,cTMl1IUj8Lw,True,16000,1,3.0,-24.1554,-9.9817,0.2497,0.0,True,ok
data/interim/segmented/normal_speech/cTMl1IUj8Lw_seg_048.wav,cTMl1IUj8Lw_seg_048.wav,cTMl1IUj8Lw,True,16000,1,3.0,-30.8015,-11.0003,0.4073,0.0,True,ok
data/interim/segmented/normal_speech/cTMl1IUj8Lw_seg_049.wav,cTMl1IUj8Lw_seg_049.wav,cTMl1IUj8Lw,True,16000,1,3.0,-22.3015,-5.7523,0.1947,0.0,True,ok
data/interim/segmented/normal_speech/cTMl1IUj8Lw_seg_050.wav,cTMl1IUj8Lw_seg_050.wav,cTMl1IUj8Lw,True,16000,1,3.0,-24.2803,-6.0264,0.2781,0.0,True,ok
data/interim/segmented/normal_speech/cTMl1IUj8Lw_seg_051.wav,cTMl1IUj8Lw_seg_051.wav,cTMl1IUj8Lw,True,16000,1,3.0,-28.4237,-12.7374,0.2135,0.0,True,ok
data/interim/segmented/normal_speech/cTMl1IUj8Lw_seg_052.wav,cTMl1IUj8Lw_seg_052.wav,cTMl1IUj8Lw,True,16000,1,3.0,-26.2598,-9.61,0.3073,0.0,True,ok
data/interim/segmented/normal_speech/cTMl1IUj8Lw_seg_053.wav,cTMl1IUj8Lw_seg_053.wav,cTMl1IUj8Lw,True,16000,1,3.0,-22.2324,-5.108,0.2474,0.0,True,ok
data/interim/segmented/normal_speech/cTMl1IUj8Lw_seg_054.wav,cTMl1IUj8Lw_seg_054.wav,cTMl1IUj8Lw,True,16000,1,3.0,-27.0143,-10.2303,0.2956,0.0,True,ok
data/interim/segmented/normal_speech/cTMl1IUj8Lw_seg_055.wav,cTMl1IUj8Lw_seg_055.wav,cTMl1IUj8Lw,True,16000,1,3.0,-29.817,-9.474,0.5445,0.0,True,ok
data/interim/segmented/normal_speech/cTMl1IUj8Lw_seg_056.wav,cTMl1IUj8Lw_seg_056.wav,cTMl1IUj8Lw,True,16000,1,3.0,-22.5496,-8.5279,0.1804,0.0,True,ok
data/interim/segmented/normal_speech/cTMl1IUj8Lw_seg_057.wav,cTMl1IUj8Lw_seg_057.wav,cTMl1IUj8Lw,True,16000,1,3.0,-22.5817,-5.7533,0.2715,0.0,True,ok
data/interim/segmented/normal_speech/cTMl1IUj8Lw_seg_058.wav,cTMl1IUj8Lw_seg_058.wav,cTMl1IUj8Lw,True,16000,1,3.0,-23.2506,-2.6363,0.271,0.0,True,ok
data/interim/segmented/normal_speech/cTMl1IUj8Lw_seg_059.wav,cTMl1IUj8Lw_seg_059.wav,cTMl1IUj8Lw,True,16000,1,3.0,-25.0189,-6.4945,0.337,0.0,True,ok
data/interim/segmented/normal_speech/cTMl1IUj8Lw_seg_060.wav,cTMl1IUj8Lw_seg_060.wav,cTMl1IUj8Lw,True,16000,1,3.0,-25.5447,-9.4875,0.311,0.0,True,ok
data/interim/segmented/normal_speech/cTMl1IUj8Lw_seg_061.wav,cTMl1IUj8Lw_seg_061.wav,cTMl1IUj8Lw,True,16000,1,3.0,-25.1229,-9.7262,0.2593,0.0,True,ok
data/interim/segmented/normal_speech/cTMl1IUj8Lw_seg_062.wav,cTMl1IUj8Lw_seg_062.wav,cTMl1IUj8Lw,True,16000,1,3.0,-22.8059,-7.8274,0.3362,0.0,True,ok
data/interim/segmented/normal_speech/cTMl1IUj8Lw_seg_063.wav,cTMl1IUj8Lw_seg_063.wav,cTMl1IUj8Lw,True,16000,1,3.0,-24.5342,-9.727,0.2203,0.0,True,ok
data/interim/segmented/normal_speech/cTMl1IUj8Lw_seg_064.wav,cTMl1IUj8Lw_seg_064.wav,cTMl1IUj8Lw,True,16000,1,3.0,-23.0592,-6.9514,0.2864,0.0,True,ok
data/interim/segmented/normal_speech/cTMl1IUj8Lw_seg_065.wav,cTMl1IUj8Lw_seg_065.wav,cTMl1IUj8Lw,True,16000,1,3.0,-25.9434,-10.1985,0.2791,0.0,True,ok
data/interim/segmented/normal_speech/cTMl1IUj8Lw_seg_066.wav,cTMl1IUj8Lw_seg_066.wav,cTMl1IUj8Lw,True,16000,1,3.0,-35.0619,-10.9524,0.5026,0.0,True,ok
data/interim/segmented/normal_speech/cTMl1IUj8Lw_seg_067.wav,cTMl1IUj8Lw_seg_067.wav,cTMl1IUj8Lw,True,16000,1,3.0,-22.6244,-6.1219,0.2964,0.0,True,ok
data/interim/segmented/normal_speech/cTMl1IUj8Lw_seg_068.wav,cTMl1IUj8Lw_seg_068.wav,cTMl1IUj8Lw,True,16000,1,3.0,-22.703,-7.3074,0.2886,0.0,True,ok
data/interim/segmented/normal_speech/cTMl1IUj8Lw_seg_069.wav,cTMl1IUj8Lw_seg_069.wav,cTMl1IUj8Lw,True,16000,1,3.0,-24.6238,-7.7275,0.248,0.0,True,ok
data/interim/segmented/normal_speech/cTMl1IUj8Lw_seg_070.wav,cTMl1IUj8Lw_seg_070.wav,cTMl1IUj8Lw,True,16000,1,3.0,-24.0265,-9.2728,0.3072,0.0,True,ok
data/interim/segmented/normal_speech/cTMl1IUj8Lw_seg_071.wav,cTMl1IUj8Lw_seg_071.wav,cTMl1IUj8Lw,True,16000,1,3.0,-23.9833,-5.7688,0.2781,0.0,True,ok
data/interim/segmented/normal_speech/cTMl1IUj8Lw_seg_072.wav,cTMl1IUj8Lw_seg_072.wav,cTMl1IUj8Lw,True,16000,1,3.0,-26.1569,-7.1526,0.3041,0.0,True,ok
data/interim/segmented/normal_speech/cTMl1IUj8Lw_seg_073.wav,cTMl1IUj8Lw_seg_073.wav,cTMl1IUj8Lw,True,16000,1,3.0,-25.5626,-8.7239,0.3099,0.0,True,ok
data/interim/segmented/normal_speech/cTMl1IUj8Lw_seg_074.wav,cTMl1IUj8Lw_seg_074.wav,cTMl1IUj8Lw,True,16000,1,3.0,-26.5494,-11.1215,0.302,0.0,True,ok
data/interim/segmented/normal_speech/cTMl1IUj8Lw_seg_075.wav,cTMl1IUj8Lw_seg_075.wav,cTMl1IUj8Lw,True,16000,1,3.0,-32.2047,-11.8846,0.4118,0.0,True,ok
data/interim/segmented/normal_speech/cTMl1IUj8Lw_seg_076.wav,cTMl1IUj8Lw_seg_076.wav,cTMl1IUj8Lw,True,16000,1,3.0,-25.9765,-10.3508,0.245,0.0,True,ok
data/interim/segmented/normal_speech/cTMl1IUj8Lw_seg_077.wav,cTMl1IUj8Lw_seg_077.wav,cTMl1IUj8Lw,True,16000,1,3.0,-24.6835,-7.6242,0.3098,0.0,True,ok
data/interim/segmented/normal_speech/cTMl1IUj8Lw_seg_078.wav,cTMl1IUj8Lw_seg_078.wav,cTMl1IUj8Lw,True,16000,1,3.0,-29.972,-14.4864,0.2737,0.0,True,ok
data/interim/segmented/normal_speech/cTMl1IUj8Lw_seg_079.wav,cTMl1IUj8Lw_seg_079.wav,cTMl1IUj8Lw,True,16000,1,3.0,-15.0018,-0.5937,0.0348,0.0,True,ok
data/interim/segmented/normal_speech/cTMl1IUj8Lw_seg_080.wav,cTMl1IUj8Lw_seg_080.wav,cTMl1IUj8Lw,True,16000,1,1.669,-23.1287,-10.9244,0.113,0.0,True,ok
data/interim/segmented/normal_speech/hNZy603as5w_seg_000.wav,hNZy603as5w_seg_000.wav,hNZy603as5w,True,16000,1,3.0,-16.7212,0.0,0.0803,6.3e-05,True,ok
data/interim/segmented/normal_speech/hNZy603as5w_seg_001.wav,hNZy603as5w_seg_001.wav,hNZy603as5w,True,16000,1,3.0,-18.6697,0.0,0.0691,2.1e-05,True,ok
data/interim/segmented/normal_speech/hNZy603as5w_seg_002.wav,hNZy603as5w_seg_002.wav,hNZy603as5w,True,16000,1,3.0,-18.558,-0.8037,0.0651,0.0,True,ok
data/interim/segmented/normal_speech/hNZy603as5w_seg_003.wav,hNZy603as5w_seg_003.wav,hNZy603as5w,True,16000,1,3.0,-18.8279,-0.1519,0.0959,0.0,True,ok
data/interim/segmented/normal_speech/hNZy603as5w_seg_004.wav,hNZy603as5w_seg_004.wav,hNZy603as5w,True,16000,1,3.0,-19.8676,-3.6618,0.1007,0.0,True,ok
data/interim/segmented/normal_speech/hNZy603as5w_seg_005.wav,hNZy603as5w_seg_005.wav,hNZy603as5w,True,16000,1,3.0,-16.4534,-0.046,0.0979,0.0,True,ok
data/interim/segmented/normal_speech/hNZy603as5w_seg_006.wav,hNZy603as5w_seg_006.wav,hNZy603as5w,True,16000,1,3.0,-17.0558,-0.0003,0.0887,6.3e-05,True,ok
data/interim/segmented/normal_speech/hNZy603as5w_seg_007.wav,hNZy603as5w_seg_007.wav,hNZy603as5w,True,16000,1,3.0,-18.0261,0.0,0.0945,4.2e-05,True,ok
data/interim/segmented/normal_speech/hNZy603as5w_seg_008.wav,hNZy603as5w_seg_008.wav,hNZy603as5w,True,16000,1,3.0,-18.78,-0.6515,0.0614,0.0,True,ok
data/interim/segmented/normal_speech/hNZy603as5w_seg_009.wav,hNZy603as5w_seg_009.wav,hNZy603as5w,True,16000,1,3.0,-18.1259,-3.1785,0.0426,0.0,True,ok
data/interim/segmented/normal_speech/hNZy603as5w_seg_010.wav,hNZy603as5w_seg_010.wav,hNZy603as5w,True,16000,1,3.0,-19.1289,-0.2321,0.054,0.0,True,ok
data/interim/segmented/normal_speech/hNZy603as5w_seg_011.wav,hNZy603as5w_seg_011.wav,hNZy603as5w,True,16000,1,3.0,-20.0605,-0.0003,0.0613,2.1e-05,True,ok
data/interim/segmented/normal_speech/hNZy603as5w_seg_012.wav,hNZy603as5w_seg_012.wav,hNZy603as5w,True,16000,1,3.0,-18.7068,-3.6667,0.0609,0.0,True,ok
data/interim/segmented/normal_speech/hNZy603as5w_seg_013.wav,hNZy603as5w_seg_013.wav,hNZy603as5w,True,16000,1,3.0,-18.4855,-3.5986,0.1784,0.0,True,ok
data/interim/segmented/normal_speech/hNZy603as5w_seg_014.wav,hNZy603as5w_seg_014.wav,hNZy603as5w,True,16000,1,3.0,-18.0598,-3.8609,0.1855,0.0,True,ok
data/interim/segmented/normal_speech/hNZy603as5w_seg_015.wav,hNZy603as5w_seg_015.wav,hNZy603as5w,True,16000,1,3.0,-18.0938,-2.5569,0.2791,0.0,True,ok
data/interim/segmented/normal_speech/hNZy603as5w_seg_016.wav,hNZy603as5w_seg_016.wav,hNZy603as5w,True,16000,1,3.0,-17.7219,-4.597,0.169,0.0,True,ok
data/interim/segmented/normal_speech/hNZy603as5w_seg_017.wav,hNZy603as5w_seg_017.wav,hNZy603as5w,True,16000,1,3.0,-18.4781,-2.741,0.1496,0.0,True,ok
data/interim/segmented/normal_speech/hNZy603as5w_seg_018.wav,hNZy603as5w_seg_018.wav,hNZy603as5w,True,16000,1,3.0,-17.9599,-3.0945,0.1442,0.0,True,ok
data/interim/segmented/normal_speech/hNZy603as5w_seg_019.wav,hNZy603as5w_seg_019.wav,hNZy603as5w,True,16000,1,3.0,-18.6956,-3.1427,0.2155,0.0,True,ok
data/interim/segmented/normal_speech/hNZy603as5w_seg_020.wav,hNZy603as5w_seg_020.wav,hNZy603as5w,True,16000,1,3.0,-18.1616,-3.4831,0.18,0.0,True,ok
data/interim/segmented/normal_speech/hNZy603as5w_seg_021.wav,hNZy603as5w_seg_021.wav,hNZy603as5w,True,16000,1,3.0,-17.7391,-2.7193,0.1129,0.0,True,ok
data/interim/segmented/normal_speech/hNZy603as5w_seg_022.wav,hNZy603as5w_seg_022.wav,hNZy603as5w,True,16000,1,3.0,-16.6887,-0.0003,0.1127,4.2e-05,True,ok
data/interim/segmented/normal_speech/hNZy603as5w_seg_023.wav,hNZy603as5w_seg_023.wav,hNZy603as5w,True,16000,1,3.0,-18.2537,-0.0003,0.0884,2.1e-05,True,ok
data/interim/segmented/normal_speech/hNZy603as5w_seg_024.wav,hNZy603as5w_seg_024.wav,hNZy603as5w,True,16000,1,3.0,-22.758,-2.6517,0.1006,0.0,True,ok
data/interim/segmented/normal_speech/hNZy603as5w_seg_025.wav,hNZy603as5w_seg_025.wav,hNZy603as5w,True,16000,1,3.0,-21.8047,-2.5537,0.0958,0.0,True,ok
data/interim/segmented/normal_speech/hNZy603as5w_seg_026.wav,hNZy603as5w_seg_026.wav,hNZy603as5w,True,16000,1,3.0,-23.3045,-2.3294,0.1431,0.0,True,ok
data/interim/segmented/normal_speech/hNZy603as5w_seg_027.wav,hNZy603as5w_seg_027.wav,hNZy603as5w,True,16000,1,3.0,-20.8855,-3.9628,0.1277,0.0,True,ok
data/interim/segmented/normal_speech/hNZy603as5w_seg_028.wav,hNZy603as5w_seg_028.wav,hNZy603as5w,True,16000,1,3.0,-18.2235,-2.6561,0.1381,0.0,True,ok
data/interim/segmented/normal_speech/hNZy603as5w_seg_029.wav,hNZy603as5w_seg_029.wav,hNZy603as5w,True,16000,1,3.0,-19.1725,-3.4031,0.0848,0.0,True,ok
data/interim/segmented/normal_speech/hNZy603as5w_seg_030.wav,hNZy603as5w_seg_030.wav,hNZy603as5w,True,16000,1,3.0,-20.8988,-1.5692,0.0848,0.0,True,ok
data/interim/segmented/normal_speech/hNZy603as5w_seg_031.wav,hNZy603as5w_seg_031.wav,hNZy603as5w,True,16000,1,3.0,-22.1664,-3.4082,0.0759,0.0,True,ok
data/interim/segmented/normal_speech/hNZy603as5w_seg_032.wav,hNZy603as5w_seg_032.wav,hNZy603as5w,True,16000,1,3.0,-23.5578,-5.5823,0.0928,0.0,True,ok
data/interim/segmented/normal_speech/hNZy603as5w_seg_033.wav,hNZy603as5w_seg_033.wav,hNZy603as5w,True,16000,1,3.0,-22.1645,-4.9197,0.1014,0.0,True,ok
data/interim/segmented/normal_speech/hNZy603as5w_seg_034.wav,hNZy603as5w_seg_034.wav,hNZy603as5w,True,16000,1,3.0,-18.0741,0.0,0.0485,0.000146,True,ok
data/interim/segmented/normal_speech/hNZy603as5w_seg_035.wav,hNZy603as5w_seg_035.wav,hNZy603as5w,True,16000,1,3.0,-18.4892,-3.571,0.08,0.0,True,ok
data/interim/segmented/normal_speech/hNZy603as5w_seg_036.wav,hNZy603as5w_seg_036.wav,hNZy603as5w,True,16000,1,3.0,-18.0217,-2.3499,0.1419,0.0,True,ok
data/interim/segmented/normal_speech/hNZy603as5w_seg_037.wav,hNZy603as5w_seg_037.wav,hNZy603as5w,True,16000,1,3.0,-18.675,-3.4047,0.1384,0.0,True,ok
data/interim/segmented/normal_speech/hNZy603as5w_seg_038.wav,hNZy603as5w_seg_038.wav,hNZy603as5w,True,16000,1,3.0,-18.0755,-3.4389,0.1854,0.0,True,ok
data/interim/segmented/normal_speech/hNZy603as5w_seg_039.wav,hNZy603as5w_seg_039.wav,hNZy603as5w,True,16000,1,3.0,-17.9835,-2.2958,0.1762,0.0,True,ok
data/interim/segmented/normal_speech/hNZy603as5w_seg_040.wav,hNZy603as5w_seg_040.wav,hNZy603as5w,True,16000,1,3.0,-18.3116,-2.6647,0.1829,0.0,True,ok
data/interim/segmented/normal_speech/hNZy603as5w_seg_041.wav,hNZy603as5w_seg_041.wav,hNZy603as5w,True,16000,1,3.0,-18.8765,-2.6582,0.116,0.0,True,ok
data/interim/segmented/normal_speech/hNZy603as5w_seg_042.wav,hNZy603as5w_seg_042.wav,hNZy603as5w,True,16000,1,3.0,-19.5454,-3.6639,0.1571,0.0,True,ok
data/interim/segmented/normal_speech/hNZy603as5w_seg_043.wav,hNZy603as5w_seg_043.wav,hNZy603as5w,True,16000,1,3.0,-14.3314,0.0,0.0792,2.1e-05,True,ok
data/interim/segmented/normal_speech/hNZy603as5w_seg_044.wav,hNZy603as5w_seg_044.wav,hNZy603as5w,True,16000,1,3.0,-14.5756,0.0,0.0746,4.2e-05,True,ok
data/interim/segmented/normal_speech/hNZy603as5w_seg_045.wav,hNZy603as5w_seg_045.wav,hNZy603as5w,True,16000,1,3.0,-15.6795,0.0,0.0983,8.3e-05,True,ok
data/interim/segmented/normal_speech/hNZy603as5w_seg_046.wav,hNZy603as5w_seg_046.wav,hNZy603as5w,True,16000,1,3.0,-19.0563,-0.2242,0.1442,0.0,True,ok
data/interim/segmented/normal_speech/hNZy603as5w_seg_047.wav,hNZy603as5w_seg_047.wav,hNZy603as5w,True,16000,1,3.0,-31.3796,-13.9908,0.2745,0.0,True,ok
data/interim/segmented/normal_speech/hNZy603as5w_seg_048.wav,hNZy603as5w_seg_048.wav,hNZy603as5w,True,16000,1,3.0,-18.278,-2.8703,0.1158,0.0,True,ok
data/interim/segmented/normal_speech/hNZy603as5w_seg_049.wav,hNZy603as5w_seg_049.wav,hNZy603as5w,True,16000,1,3.0,-18.0002,-2.4249,0.1836,0.0,True,ok
data/interim/segmented/normal_speech/hNZy603as5w_seg_050.wav,hNZy603as5w_seg_050.wav,hNZy603as5w,True,16000,1,3.0,-18.3463,-3.1339,0.2352,0.0,True,ok
data/interim/segmented/normal_speech/hNZy603as5w_seg_051.wav,hNZy603as5w_seg_051.wav,hNZy603as5w,True,16000,1,3.0,-19.1037,-3.304,0.2196,0.0,True,ok
data/interim/segmented/normal_speech/hNZy603as5w_seg_052.wav,hNZy603as5w_seg_052.wav,hNZy603as5w,True,16000,1,3.0,-18.4639,-2.8773,0.16,0.0,True,ok
data/interim/segmented/normal_speech/hNZy603as5w_seg_053.wav,hNZy603as5w_seg_053.wav,hNZy603as5w,True,16000,1,3.0,-20.1033,-2.6928,0.2647,0.0,True,ok
data/interim/segmented/normal_speech/hNZy603as5w_seg_054.wav,hNZy603as5w_seg_054.wav,hNZy603as5w,True,16000,1,3.0,-17.4855,-1.9675,0.1103,0.0,True,ok
data/interim/segmented/normal_speech/hNZy603as5w_seg_055.wav,hNZy603as5w_seg_055.wav,hNZy603as5w,True,16000,1,3.0,-17.796,-2.4421,0.178,0.0,True,ok
data/interim/segmented/normal_speech/hNZy603as5w_seg_056.wav,hNZy603as5w_seg_056.wav,hNZy603as5w,True,16000,1,3.0,-15.7185,0.0,0.174,2.1e-05,True,ok
data/interim/segmented/normal_speech/hNZy603as5w_seg_057.wav,hNZy603as5w_seg_057.wav,hNZy603as5w,True,16000,1,3.0,-18.6551,-0.1069,0.0687,0.0,True,ok
data/interim/segmented/normal_speech/hNZy603as5w_seg_058.wav,hNZy603as5w_seg_058.wav,hNZy603as5w,True,16000,1,3.0,-16.2172,0.0,0.0503,2.1e-05,True,ok
data/interim/segmented/normal_speech/hNZy603as5w_seg_059.wav,hNZy603as5w_seg_059.wav,hNZy603as5w,True,16000,1,3.0,-15.2572,0.0,0.1237,0.000104,True,ok
data/interim/segmented/normal_speech/hNZy603as5w_seg_060.wav,hNZy603as5w_seg_060.wav,hNZy603as5w,True,16000,1,3.0,-15.2348,-0.0311,0.1196,0.0,True,ok
data/interim/segmented/normal_speech/hNZy603as5w_seg_061.wav,hNZy603as5w_seg_061.wav,hNZy603as5w,True,16000,1,3.0,-13.8072,0.0,0.0788,8.3e-05,True,ok
data/interim/segmented/normal_speech/hNZy603as5w_seg_062.wav,hNZy603as5w_seg_062.wav,hNZy603as5w,True,16000,1,3.0,-16.1702,-0.0003,0.1221,4.2e-05,True,ok
data/interim/segmented/normal_speech/hNZy603as5w_seg_063.wav,hNZy603as5w_seg_063.wav,hNZy603as5w,True,16000,1,3.0,-18.1229,-2.6424,0.1335,0.0,True,ok
data/interim/segmented/normal_speech/hNZy603as5w_seg_064.wav,hNZy603as5w_seg_064.wav,hNZy603as5w,True,16000,1,3.0,-17.3833,-4.1317,0.1031,0.0,True,ok
data/interim/segmented/normal_speech/hNZy603as5w_seg_065.wav,hNZy603as5w_seg_065.wav,hNZy603as5w,True,16000,1,3.0,-18.4503,-3.5355,0.2097,0.0,True,ok
data/interim/segmented/normal_speech/hNZy603as5w_seg_066.wav,hNZy603as5w_seg_066.wav,hNZy603as5w,True,16000,1,3.0,-18.2982,-2.8515,0.2292,0.0,True,ok
data/interim/segmented/normal_speech/hNZy603as5w_seg_067.wav,hNZy603as5w_seg_067.wav,hNZy603as5w,True,16000,1,3.0,-17.8595,-2.5214,0.1623,0.0,True,ok
data/interim/segmented/normal_speech/hNZy603as5w_seg_068.wav,hNZy603as5w_seg_068.wav,hNZy603as5w,True,16000,1,3.0,-18.0098,-2.4484,0.137,0.0,True,ok
data/interim/segmented/normal_speech/hNZy603as5w_seg_069.wav,hNZy603as5w_seg_069.wav,hNZy603as5w,True,16000,1,3.0,-18.8072,-3.1488,0.1731,0.0,True,ok
data/interim/segmented/normal_speech/hNZy603as5w_seg_070.wav,hNZy603as5w_seg_070.wav,hNZy603as5w,True,16000,1,3.0,-17.51,-2.669,0.1208,0.0,True,ok
data/interim/segmented/normal_speech/hNZy603as5w_seg_071.wav,hNZy603as5w_seg_071.wav,hNZy603as5w,True,16000,1,3.0,-18.8681,-1.8405,0.1621,0.0,True,ok
data/interim/segmented/normal_speech/hNZy603as5w_seg_072.wav,hNZy603as5w_seg_072.wav,hNZy603as5w,True,16000,1,3.0,-19.459,-3.9356,0.2466,0.0,True,ok
data/interim/segmented/normal_speech/hNZy603as5w_seg_073.wav,hNZy603as5w_seg_073.wav,hNZy603as5w,True,16000,1,3.0,-18.0846,-2.8291,0.1587,0.0,True,ok
data/interim/segmented/normal_speech/hNZy603as5w_seg_074.wav,hNZy603as5w_seg_074.wav,hNZy603as5w,True,16000,1,3.0,-13.9987,0.0,0.1689,0.000208,True,ok
data/interim/segmented/normal_speech/hNZy603as5w_seg_075.wav,hNZy603as5w_seg_075.wav,hNZy603as5w,True,16000,1,3.0,-14.017,0.0,0.0835,4.2e-05,True,ok
data/interim/segmented/normal_speech/hNZy603as5w_seg_076.wav,hNZy603as5w_seg_076.wav,hNZy603as5w,True,16000,1,3.0,-13.1324,0.0,0.0786,0.000104,True,ok
data/interim/segmented/normal_speech/hNZy603as5w_seg_077.wav,hNZy603as5w_seg_077.wav,hNZy603as5w,True,16000,1,3.0,-17.8303,-0.3643,0.1282,0.0,True,ok
data/interim/segmented/normal_speech/hNZy603as5w_seg_078.wav,hNZy603as5w_seg_078.wav,hNZy603as5w,True,16000,1,3.0,-19.6558,-3.3651,0.2633,0.0,True,ok
data/interim/segmented/normal_speech/hNZy603as5w_seg_079.wav,hNZy603as5w_seg_079.wav,hNZy603as5w,True,16000,1,3.0,-17.8272,-4.4798,0.1244,0.0,True,ok
data/interim/segmented/normal_speech/hNZy603as5w_seg_080.wav,hNZy603as5w_seg_080.wav,hNZy603as5w,True,16000,1,3.0,-18.7094,-3.2831,0.1791,0.0,True,ok
data/interim/segmented/normal_speech/hNZy603as5w_seg_081.wav,hNZy603as5w_seg_081.wav,hNZy603as5w,True,16000,1,3.0,-19.2267,-3.6873,0.1071,0.0,True,ok
data/interim/segmented/normal_speech/hNZy603as5w_seg_082.wav,hNZy603as5w_seg_082.wav,hNZy603as5w,True,16000,1,3.0,-18.2865,-3.2719,0.1126,0.0,True,ok
data/interim/segmented/normal_speech/hNZy603as5w_seg_083.wav,hNZy603as5w_seg_083.wav,hNZy603as5w,True,16000,1,3.0,-19.1396,-3.1946,0.1206,0.0,True,ok
data/interim/segmented/normal_speech/hNZy603as5w_seg_084.wav,hNZy603as5w_seg_084.wav,hNZy603as5w,True,16000,1,3.0,-18.8835,-3.8605,0.128,0.0,True,ok
data/interim/segmented/normal_speech/hNZy603as5w_seg_085.wav,hNZy603as5w_seg_085.wav,hNZy603as5w,True,16000,1,3.0,-18.2194,-2.3892,0.1493,0.0,True,ok
data/interim/segmented/normal_speech/hNZy603as5w_seg_086.wav,hNZy603as5w_seg_086.wav,hNZy603as5w,True,16000,1,3.0,-17.7773,-2.548,0.112,0.0,True,ok
data/interim/segmented/normal_speech/hNZy603as5w_seg_087.wav,hNZy603as5w_seg_087.wav,hNZy603as5w,True,16000,1,3.0,-19.0707,0.0,0.2079,2.1e-05,True,ok
data/interim/segmented/normal_speech/hNZy603as5w_seg_088.wav,hNZy603as5w_seg_088.wav,hNZy603as5w,True,16000,1,3.0,-17.677,-0.0003,0.1629,2.1e-05,True,ok
data/interim/segmented/normal_speech/hNZy603as5w_seg_089.wav,hNZy603as5w_seg_089.wav,hNZy603as5w,True,16000,1,3.0,-24.5707,-4.2464,0.1506,0.0,True,ok
data/interim/segmented/normal_speech/hNZy603as5w_seg_090.wav,hNZy603as5w_seg_090.wav,hNZy603as5w,True,16000,1,3.0,-19.7915,-0.0003,0.1741,4.2e-05,True,ok
data/interim/segmented/normal_speech/hNZy603as5w_seg_091.wav,hNZy603as5w_seg_091.wav,hNZy603as5w,True,16000,1,3.0,-25.2787,-9.0973,0.1565,0.0,True,ok
data/interim/segmented/normal_speech/hNZy603as5w_seg_092.wav,hNZy603as5w_seg_092.wav,hNZy603as5w,True,16000,1,3.0,-21.8726,-4.0621,0.1974,0.0,True,ok
data/interim/segmented/normal_speech/hNZy603as5w_seg_093.wav,hNZy603as5w_seg_093.wav,hNZy603as5w,True,16000,1,3.0,-23.0095,-1.8516,0.2162,0.0,True,ok
data/interim/segmented/normal_speech/hNZy603as5w_seg_094.wav,hNZy603as5w_seg_094.wav,hNZy603as5w,True,16000,1,3.0,-17.283,0.0,0.2067,2.1e-05,True,ok
data/interim/segmented/normal_speech/hNZy603as5w_seg_095.wav,hNZy603as5w_seg_095.wav,hNZy603as5w,True,16000,1,3.0,-23.8544,-0.1979,0.3047,0.0,True,ok
data/interim/segmented/normal_speech/hNZy603as5w_seg_096.wav,hNZy603as5w_seg_096.wav,hNZy603as5w,True,16000,1,3.0,-20.6293,-0.2269,0.1247,0.0,True,ok
data/interim/segmented/normal_speech/hNZy603as5w_seg_097.wav,hNZy603as5w_seg_097.wav,hNZy603as5w,True,16000,1,3.0,-18.4831,-0.2793,0.1811,0.0,True,ok
data/interim/segmented/normal_speech/hNZy603as5w_seg_098.wav,hNZy603as5w_seg_098.wav,hNZy603as5w,True,16000,1,3.0,-24.9415,-7.676,0.2537,0.0,True,ok
data/interim/segmented/normal_speech/hNZy603as5w_seg_099.wav,hNZy603as5w_seg_099.wav,hNZy603as5w,True,16000,1,3.0,-20.6377,-0.0003,0.2414,2.1e-05,True,ok
data/interim/segmented/normal_speech/hNZy603as5w_seg_100.wav,hNZy603as5w_seg_100.wav,hNZy603as5w,True,16000,1,3.0,-26.1199,-6.1332,0.2717,0.0,True,ok
data/interim/segmented/normal_speech/hNZy603as5w_seg_101.wav,hNZy603as5w_seg_101.wav,hNZy603as5w,True,16000,1,3.0,-18.5831,-0.0992,0.2104,0.0,True,ok
data/interim/segmented/normal_speech/hNZy603as5w_seg_102.wav,hNZy603as5w_seg_102.wav,hNZy603as5w,True,16000,1,3.0,-24.4878,-3.7954,0.3104,0.0,True,ok
data/interim/segmented/normal_speech/hNZy603as5w_seg_103.wav,hNZy603as5w_seg_103.wav,hNZy603as5w,True,16000,1,3.0,-33.2325,-13.4145,0.3297,0.0,True,ok
data/interim/segmented/normal_speech/hNZy603as5w_seg_104.wav,hNZy603as5w_seg_104.wav,hNZy603as5w,True,16000,1,3.0,-34.3425,-16.5977,0.3391,0.0,True,ok
data/interim/segmented/normal_speech/hNZy603as5w_seg_105.wav,hNZy603as5w_seg_105.wav,hNZy603as5w,True,16000,1,2.372,-30.1172,-13.5825,0.2513,0.0,True,ok
data/interim/segmented/normal_speech/ke5EkD0K8UA_seg_000.wav,ke5EkD0K8UA_seg_000.wav,ke5EkD0K8UA,True,16000,1,3.0,-31.3554,-8.8105,0.32,0.0,True,ok
data/interim/segmented/normal_speech/ke5EkD0K8UA_seg_001.wav,ke5EkD0K8UA_seg_001.wav,ke5EkD0K8UA,True,16000,1,3.0,-35.067,-12.1758,0.5597,0.0,True,ok
data/interim/segmented/normal_speech/ke5EkD0K8UA_seg_002.wav,ke5EkD0K8UA_seg_002.wav,ke5EkD0K8UA,True,16000,1,3.0,-33.9473,-16.8044,0.4774,0.0,True,ok
data/interim/segmented/normal_speech/ke5EkD0K8UA_seg_003.wav,ke5EkD0K8UA_seg_003.wav,ke5EkD0K8UA,True,16000,1,3.0,-33.2594,-16.7241,0.3581,0.0,True,ok
data/interim/segmented/normal_speech/ke5EkD0K8UA_seg_004.wav,ke5EkD0K8UA_seg_004.wav,ke5EkD0K8UA,True,16000,1,3.0,-35.0484,-19.3461,0.4524,0.0,True,ok
data/interim/segmented/normal_speech/ke5EkD0K8UA_seg_005.wav,ke5EkD0K8UA_seg_005.wav,ke5EkD0K8UA,True,16000,1,3.0,-33.8211,-14.4906,0.4392,0.0,True,ok
data/interim/segmented/normal_speech/ke5EkD0K8UA_seg_006.wav,ke5EkD0K8UA_seg_006.wav,ke5EkD0K8UA,True,16000,1,3.0,-35.7465,-18.9708,0.4885,0.0,True,ok
data/interim/segmented/normal_speech/ke5EkD0K8UA_seg_007.wav,ke5EkD0K8UA_seg_007.wav,ke5EkD0K8UA,True,16000,1,3.0,-35.0424,-21.3627,0.4428,0.0,True,ok
data/interim/segmented/normal_speech/ke5EkD0K8UA_seg_008.wav,ke5EkD0K8UA_seg_008.wav,ke5EkD0K8UA,True,16000,1,3.0,-35.1018,-22.3433,0.3669,0.0,True,ok
data/interim/segmented/normal_speech/ke5EkD0K8UA_seg_009.wav,ke5EkD0K8UA_seg_009.wav,ke5EkD0K8UA,True,16000,1,3.0,-38.0568,-22.9358,0.5735,0.0,True,ok
data/interim/segmented/normal_speech/ke5EkD0K8UA_seg_010.wav,ke5EkD0K8UA_seg_010.wav,ke5EkD0K8UA,True,16000,1,3.0,-36.7799,-19.9124,0.5272,0.0,True,ok
data/interim/segmented/normal_speech/ke5EkD0K8UA_seg_011.wav,ke5EkD0K8UA_seg_011.wav,ke5EkD0K8UA,True,16000,1,3.0,-32.5652,-21.3318,0.305,0.0,True,ok
data/interim/segmented/normal_speech/ke5EkD0K8UA_seg_012.wav,ke5EkD0K8UA_seg_012.wav,ke5EkD0K8UA,True,16000,1,3.0,-35.0305,-21.6849,0.4278,0.0,True,ok
data/interim/segmented/normal_speech/ke5EkD0K8UA_seg_013.wav,ke5EkD0K8UA_seg_013.wav,ke5EkD0K8UA,True,16000,1,3.0,-36.6337,-21.3876,0.5815,0.0,True,ok
data/interim/segmented/normal_speech/ke5EkD0K8UA_seg_014.wav,ke5EkD0K8UA_seg_014.wav,ke5EkD0K8UA,True,16000,1,3.0,-36.2577,-22.9098,0.5302,0.0,True,ok
data/interim/segmented/normal_speech/ke5EkD0K8UA_seg_015.wav,ke5EkD0K8UA_seg_015.wav,ke5EkD0K8UA,True,16000,1,3.0,-33.2761,-18.6518,0.3831,0.0,True,ok
data/interim/segmented/normal_speech/ke5EkD0K8UA_seg_016.wav,ke5EkD0K8UA_seg_016.wav,ke5EkD0K8UA,True,16000,1,3.0,-35.3952,-18.9192,0.4731,0.0,True,ok
data/interim/segmented/normal_speech/ke5EkD0K8UA_seg_017.wav,ke5EkD0K8UA_seg_017.wav,ke5EkD0K8UA,True,16000,1,3.0,-33.8146,-16.5157,0.4337,0.0,True,ok
data/interim/segmented/normal_speech/ke5EkD0K8UA_seg_018.wav,ke5EkD0K8UA_seg_018.wav,ke5EkD0K8UA,True,16000,1,3.0,-33.9903,-15.4059,0.5544,0.0,True,ok
data/interim/segmented/normal_speech/ke5EkD0K8UA_seg_019.wav,ke5EkD0K8UA_seg_019.wav,ke5EkD0K8UA,True,16000,1,3.0,-30.4233,-15.5239,0.3679,0.0,True,ok
data/interim/segmented/normal_speech/ke5EkD0K8UA_seg_020.wav,ke5EkD0K8UA_seg_020.wav,ke5EkD0K8UA,True,16000,1,3.0,-30.6536,-13.8369,0.4231,0.0,True,ok
data/interim/segmented/normal_speech/ke5EkD0K8UA_seg_021.wav,ke5EkD0K8UA_seg_021.wav,ke5EkD0K8UA,True,16000,1,3.0,-31.7539,-13.9802,0.4195,0.0,True,ok
data/interim/segmented/normal_speech/ke5EkD0K8UA_seg_022.wav,ke5EkD0K8UA_seg_022.wav,ke5EkD0K8UA,True,16000,1,3.0,-29.8197,-14.0936,0.3314,0.0,True,ok
data/interim/segmented/normal_speech/ke5EkD0K8UA_seg_023.wav,ke5EkD0K8UA_seg_023.wav,ke5EkD0K8UA,True,16000,1,3.0,-29.5395,-12.5679,0.4828,0.0,True,ok
data/interim/segmented/normal_speech/ke5EkD0K8UA_seg_024.wav,ke5EkD0K8UA_seg_024.wav,ke5EkD0K8UA,True,16000,1,3.0,-28.0406,-10.3543,0.2807,0.0,True,ok
data/interim/segmented/normal_speech/ke5EkD0K8UA_seg_025.wav,ke5EkD0K8UA_seg_025.wav,ke5EkD0K8UA,True,16000,1,3.0,-27.6941,-12.2798,0.2567,0.0,True,ok
data/interim/segmented/normal_speech/ke5EkD0K8UA_seg_026.wav,ke5EkD0K8UA_seg_026.wav,ke5EkD0K8UA,True,16000,1,3.0,-28.6365,-12.3268,0.3804,0.0,True,ok
data/interim/segmented/normal_speech/ke5EkD0K8UA_seg_027.wav,ke5EkD0K8UA_seg_027.wav,ke5EkD0K8UA,True,16000,1,3.0,-29.345,-12.5252,0.3294,0.0,True,ok
data/interim/segmented/normal_speech/ke5EkD0K8UA_seg_028.wav,ke5EkD0K8UA_seg_028.wav,ke5EkD0K8UA,True,16000,1,3.0,-32.2421,-14.0294,0.4694,0.0,True,ok
data/interim/segmented/normal_speech/ke5EkD0K8UA_seg_029.wav,ke5EkD0K8UA_seg_029.wav,ke5EkD0K8UA,True,16000,1,3.0,-29.0325,-10.7308,0.4213,0.0,True,ok
data/interim/segmented/normal_speech/ke5EkD0K8UA_seg_030.wav,ke5EkD0K8UA_seg_030.wav,ke5EkD0K8UA,True,16000,1,3.0,-27.5469,-10.8409,0.2855,0.0,True,ok
data/interim/segmented/normal_speech/ke5EkD0K8UA_seg_031.wav,ke5EkD0K8UA_seg_031.wav,ke5EkD0K8UA,True,16000,1,3.0,-27.0724,-9.0559,0.3186,0.0,True,ok
data/interim/segmented/normal_speech/ke5EkD0K8UA_seg_032.wav,ke5EkD0K8UA_seg_032.wav,ke5EkD0K8UA,True,16000,1,3.0,-26.3186,-10.3735,0.2792,0.0,True,ok
data/interim/segmented/normal_speech/ke5EkD0K8UA_seg_033.wav,ke5EkD0K8UA_seg_033.wav,ke5EkD0K8UA,True,16000,1,3.0,-24.7643,-10.9365,0.1817,0.0,True,ok
data/interim/segmented/normal_speech/ke5EkD0K8UA_seg_034.wav,ke5EkD0K8UA_seg_034.wav,ke5EkD0K8UA,True,16000,1,3.0,-26.8931,-11.2657,0.3457,0.0,True,ok
data/interim/segmented/normal_speech/ke5EkD0K8UA_seg_035.wav,ke5EkD0K8UA_seg_035.wav,ke5EkD0K8UA,True,16000,1,3.0,-28.0291,-11.4411,0.4235,0.0,True,ok
data/interim/segmented/normal_speech/ke5EkD0K8UA_seg_036.wav,ke5EkD0K8UA_seg_036.wav,ke5EkD0K8UA,True,16000,1,3.0,-25.648,-7.9094,0.3145,0.0,True,ok
data/interim/segmented/normal_speech/ke5EkD0K8UA_seg_037.wav,ke5EkD0K8UA_seg_037.wav,ke5EkD0K8UA,True,16000,1,3.0,-26.8268,-11.6281,0.3532,0.0,True,ok
data/interim/segmented/normal_speech/ke5EkD0K8UA_seg_038.wav,ke5EkD0K8UA_seg_038.wav,ke5EkD0K8UA,True,16000,1,3.0,-26.4265,-9.9775,0.3796,0.0,True,ok
data/interim/segmented/normal_speech/ke5EkD0K8UA_seg_039.wav,ke5EkD0K8UA_seg_039.wav,ke5EkD0K8UA,True,16000,1,3.0,-26.3825,-10.6023,0.3524,0.0,True,ok
data/interim/segmented/normal_speech/ke5EkD0K8UA_seg_040.wav,ke5EkD0K8UA_seg_040.wav,ke5EkD0K8UA,True,16000,1,3.0,-27.2129,-10.7719,0.2729,0.0,True,ok
data/interim/segmented/normal_speech/ke5EkD0K8UA_seg_041.wav,ke5EkD0K8UA_seg_041.wav,ke5EkD0K8UA,True,16000,1,3.0,-25.328,-11.1684,0.4176,0.0,True,ok
data/interim/segmented/normal_speech/ke5EkD0K8UA_seg_042.wav,ke5EkD0K8UA_seg_042.wav,ke5EkD0K8UA,True,16000,1,3.0,-24.1298,-10.3456,0.2237,0.0,True,ok
data/interim/segmented/normal_speech/ke5EkD0K8UA_seg_043.wav,ke5EkD0K8UA_seg_043.wav,ke5EkD0K8UA,True,16000,1,3.0,-24.631,-8.8692,0.2905,0.0,True,ok
data/interim/segmented/normal_speech/ke5EkD0K8UA_seg_044.wav,ke5EkD0K8UA_seg_044.wav,ke5EkD0K8UA,True,16000,1,3.0,-24.7992,-10.4677,0.2759,0.0,True,ok
data/interim/segmented/normal_speech/ke5EkD0K8UA_seg_045.wav,ke5EkD0K8UA_seg_045.wav,ke5EkD0K8UA,True,16000,1,3.0,-24.5393,-10.4712,0.298,0.0,True,ok
data/interim/segmented/normal_speech/ke5EkD0K8UA_seg_046.wav,ke5EkD0K8UA_seg_046.wav,ke5EkD0K8UA,True,16000,1,3.0,-24.1569,-10.76,0.2844,0.0,True,ok
data/interim/segmented/normal_speech/ke5EkD0K8UA_seg_047.wav,ke5EkD0K8UA_seg_047.wav,ke5EkD0K8UA,True,16000,1,3.0,-26.6992,-10.0523,0.3222,0.0,True,ok
data/interim/segmented/normal_speech/ke5EkD0K8UA_seg_048.wav,ke5EkD0K8UA_seg_048.wav,ke5EkD0K8UA,True,16000,1,3.0,-25.2567,-10.3814,0.3176,0.0,True,ok
data/interim/segmented/normal_speech/ke5EkD0K8UA_seg_049.wav,ke5EkD0K8UA_seg_049.wav,ke5EkD0K8UA,True,16000,1,3.0,-26.4935,-11.455,0.2615,0.0,True,ok
data/interim/segmented/normal_speech/ke5EkD0K8UA_seg_050.wav,ke5EkD0K8UA_seg_050.wav,ke5EkD0K8UA,True,16000,1,3.0,-24.3281,-9.7783,0.2992,0.0,True,ok
data/interim/segmented/normal_speech/ke5EkD0K8UA_seg_051.wav,ke5EkD0K8UA_seg_051.wav,ke5EkD0K8UA,True,16000,1,3.0,-25.7558,-11.1549,0.3068,0.0,True,ok
data/interim/segmented/normal_speech/ke5EkD0K8UA_seg_052.wav,ke5EkD0K8UA_seg_052.wav,ke5EkD0K8UA,True,16000,1,3.0,-25.1913,-9.853,0.3105,0.0,True,ok
data/interim/segmented/normal_speech/ke5EkD0K8UA_seg_053.wav,ke5EkD0K8UA_seg_053.wav,ke5EkD0K8UA,True,16000,1,3.0,-24.7154,-10.0742,0.3441,0.0,True,ok
data/interim/segmented/normal_speech/ke5EkD0K8UA_seg_054.wav,ke5EkD0K8UA_seg_054.wav,ke5EkD0K8UA,True,16000,1,3.0,-25.0784,-10.7628,0.2915,0.0,True,ok
data/interim/segmented/normal_speech/ke5EkD0K8UA_seg_055.wav,ke5EkD0K8UA_seg_055.wav,ke5EkD0K8UA,True,16000,1,3.0,-23.9687,-10.3552,0.2949,0.0,True,ok
data/interim/segmented/normal_speech/ke5EkD0K8UA_seg_056.wav,ke5EkD0K8UA_seg_056.wav,ke5EkD0K8UA,True,16000,1,3.0,-24.1028,-10.4438,0.3267,0.0,True,ok
data/interim/segmented/normal_speech/ke5EkD0K8UA_seg_057.wav,ke5EkD0K8UA_seg_057.wav,ke5EkD0K8UA,True,16000,1,3.0,-24.0694,-10.6419,0.2589,0.0,True,ok
data/interim/segmented/normal_speech/ke5EkD0K8UA_seg_058.wav,ke5EkD0K8UA_seg_058.wav,ke5EkD0K8UA,True,16000,1,3.0,-24.0494,-10.2795,0.2595,0.0,True,ok
data/interim/segmented/normal_speech/ke5EkD0K8UA_seg_059.wav,ke5EkD0K8UA_seg_059.wav,ke5EkD0K8UA,True,16000,1,3.0,-25.4047,-10.0818,0.3014,0.0,True,ok
data/interim/segmented/normal_speech/ke5EkD0K8UA_seg_060.wav,ke5EkD0K8UA_seg_060.wav,ke5EkD0K8UA,True,16000,1,3.0,-24.2576,-10.3229,0.2933,0.0,True,ok
data/interim/segmented/normal_speech/ke5EkD0K8UA_seg_061.wav,ke5EkD0K8UA_seg_061.wav,ke5EkD0K8UA,True,16000,1,3.0,-25.0784,-10.3866,0.3237,0.0,True,ok
data/interim/segmented/normal_speech/ke5EkD0K8UA_seg_062.wav,ke5EkD0K8UA_seg_062.wav,ke5EkD0K8UA,True,16000,1,3.0,-26.7628,-11.6605,0.3193,0.0,True,ok
data/interim/segmented/normal_speech/ke5EkD0K8UA_seg_063.wav,ke5EkD0K8UA_seg_063.wav,ke5EkD0K8UA,True,16000,1,3.0,-24.5999,-9.9333,0.239,0.0,True,ok
data/interim/segmented/normal_speech/ke5EkD0K8UA_seg_064.wav,ke5EkD0K8UA_seg_064.wav,ke5EkD0K8UA,True,16000,1,3.0,-25.6049,-10.0472,0.4115,0.0,True,ok
data/interim/segmented/normal_speech/ke5EkD0K8UA_seg_065.wav,ke5EkD0K8UA_seg_065.wav,ke5EkD0K8UA,True,16000,1,3.0,-23.3386,-9.9001,0.2171,0.0,True,ok
data/interim/segmented/normal_speech/ke5EkD0K8UA_seg_066.wav,ke5EkD0K8UA_seg_066.wav,ke5EkD0K8UA,True,16000,1,3.0,-24.1934,-9.0311,0.2444,0.0,True,ok
data/interim/segmented/normal_speech/ke5EkD0K8UA_seg_067.wav,ke5EkD0K8UA_seg_067.wav,ke5EkD0K8UA,True,16000,1,3.0,-23.3233,-10.3919,0.2543,0.0,True,ok
data/interim/segmented/normal_speech/ke5EkD0K8UA_seg_068.wav,ke5EkD0K8UA_seg_068.wav,ke5EkD0K8UA,True,16000,1,3.0,-24.6734,-9.8316,0.3542,0.0,True,ok
data/interim/segmented/normal_speech/ke5EkD0K8UA_seg_069.wav,ke5EkD0K8UA_seg_069.wav,ke5EkD0K8UA,True,16000,1,3.0,-25.388,-11.3574,0.2727,0.0,True,ok
data/interim/segmented/normal_speech/ke5EkD0K8UA_seg_070.wav,ke5EkD0K8UA_seg_070.wav,ke5EkD0K8UA,True,16000,1,3.0,-25.7096,-11.0986,0.3646,0.0,True,ok
data/interim/segmented/normal_speech/ke5EkD0K8UA_seg_071.wav,ke5EkD0K8UA_seg_071.wav,ke5EkD0K8UA,True,16000,1,3.0,-26.1589,-9.3542,0.5171,0.0,True,ok
data/interim/segmented/normal_speech/ke5EkD0K8UA_seg_072.wav,ke5EkD0K8UA_seg_072.wav,ke5EkD0K8UA,True,16000,1,3.0,-24.7983,-10.8114,0.3381,0.0,True,ok
data/interim/segmented/normal_speech/ke5EkD0K8UA_seg_073.wav,ke5EkD0K8UA_seg_073.wav,ke5EkD0K8UA,True,16000,1,3.0,-24.1858,-10.4597,0.2859,0.0,True,ok
data/interim/segmented/normal_speech/ke5EkD0K8UA_seg_074.wav,ke5EkD0K8UA_seg_074.wav,ke5EkD0K8UA,True,16000,1,3.0,-23.0054,-10.2234,0.1755,0.0,True,ok
data/interim/segmented/normal_speech/ke5EkD0K8UA_seg_075.wav,ke5EkD0K8UA_seg_075.wav,ke5EkD0K8UA,True,16000,1,3.0,-24.3877,-9.8885,0.2386,0.0,True,ok
data/interim/segmented/normal_speech/ke5EkD0K8UA_seg_076.wav,ke5EkD0K8UA_seg_076.wav,ke5EkD0K8UA,True,16000,1,3.0,-24.5415,-10.512,0.4469,0.0,True,ok
data/interim/segmented/normal_speech/ke5EkD0K8UA_seg_077.wav,ke5EkD0K8UA_seg_077.wav,ke5EkD0K8UA,True,16000,1,3.0,-23.3776,-9.4268,0.2382,0.0,True,ok
data/interim/segmented/normal_speech/ke5EkD0K8UA_seg_078.wav,ke5EkD0K8UA_seg_078.wav,ke5EkD0K8UA,True,16000,1,3.0,-24.3205,-9.5231,0.2499,0.0,True,ok
data/interim/segmented/normal_speech/ke5EkD0K8UA_seg_079.wav,ke5EkD0K8UA_seg_079.wav,ke5EkD0K8UA,True,16000,1,3.0,-25.3819,-10.1626,0.3581,0.0,True,ok
data/interim/segmented/normal_speech/ke5EkD0K8UA_seg_080.wav,ke5EkD0K8UA_seg_080.wav,ke5EkD0K8UA,True,16000,1,3.0,-24.935,-11.8255,0.2753,0.0,True,ok
data/interim/segmented/normal_speech/ke5EkD0K8UA_seg_081.wav,ke5EkD0K8UA_seg_081.wav,ke5EkD0K8UA,True,16000,1,3.0,-24.1115,-11.0768,0.2421,0.0,True,ok
data/interim/segmented/normal_speech/ke5EkD0K8UA_seg_082.wav,ke5EkD0K8UA_seg_082.wav,ke5EkD0K8UA,True,16000,1,3.0,-23.4706,-10.3639,0.2264,0.0,True,ok
data/interim/segmented/normal_speech/ke5EkD0K8UA_seg_083.wav,ke5EkD0K8UA_seg_083.wav,ke5EkD0K8UA,True,16000,1,3.0,-23.976,-10.5915,0.246,0.0,True,ok
data/interim/segmented/normal_speech/ke5EkD0K8UA_seg_084.wav,ke5EkD0K8UA_seg_084.wav,ke5EkD0K8UA,True,16000,1,3.0,-22.7223,-9.4323,0.224,0.0,True,ok
data/interim/segmented/normal_speech/ke5EkD0K8UA_seg_085.wav,ke5EkD0K8UA_seg_085.wav,ke5EkD0K8UA,True,16000,1,3.0,-25.5545,-9.9775,0.2371,0.0,True,ok
data/interim/segmented/normal_speech/ke5EkD0K8UA_seg_086.wav,ke5EkD0K8UA_seg_086.wav,ke5EkD0K8UA,True,16000,1,3.0,-24.5327,-9.7898,0.2307,0.0,True,ok
data/interim/segmented/normal_speech/ke5EkD0K8UA_seg_087.wav,ke5EkD0K8UA_seg_087.wav,ke5EkD0K8UA,True,16000,1,3.0,-23.385,-10.5227,0.2239,0.0,True,ok
data/interim/segmented/normal_speech/ke5EkD0K8UA_seg_088.wav,ke5EkD0K8UA_seg_088.wav,ke5EkD0K8UA,True,16000,1,3.0,-25.1945,-10.4165,0.3158,0.0,True,ok
data/interim/segmented/normal_speech/ke5EkD0K8UA_seg_089.wav,ke5EkD0K8UA_seg_089.wav,ke5EkD0K8UA,True,16000,1,3.0,-23.6907,-10.3919,0.2823,0.0,True,ok
data/interim/segmented/normal_speech/ke5EkD0K8UA_seg_090.wav,ke5EkD0K8UA_seg_090.wav,ke5EkD0K8UA,True,16000,1,3.0,-25.3149,-11.1626,0.2105,0.0,True,ok
data/interim/segmented/normal_speech/ke5EkD0K8UA_seg_091.wav,ke5EkD0K8UA_seg_091.wav,ke5EkD0K8UA,True,16000,1,3.0,-23.6756,-10.2864,0.2059,0.0,True,ok
data/interim/segmented/normal_speech/ke5EkD0K8UA_seg_092.wav,ke5EkD0K8UA_seg_092.wav,ke5EkD0K8UA,True,16000,1,3.0,-23.7435,-9.8283,0.2128,0.0,True,ok
data/interim/segmented/normal_speech/ke5EkD0K8UA_seg_093.wav,ke5EkD0K8UA_seg_093.wav,ke5EkD0K8UA,True,16000,1,3.0,-25.5256,-12.2385,0.2096,0.0,True,ok
data/interim/segmented/normal_speech/ke5EkD0K8UA_seg_094.wav,ke5EkD0K8UA_seg_094.wav,ke5EkD0K8UA,True,16000,1,3.0,-24.5391,-11.0607,0.3233,0.0,True,ok
data/interim/segmented/normal_speech/ke5EkD0K8UA_seg_095.wav,ke5EkD0K8UA_seg_095.wav,ke5EkD0K8UA,True,16000,1,3.0,-24.4635,-10.84,0.2984,0.0,True,ok
data/interim/segmented/normal_speech/ke5EkD0K8UA_seg_096.wav,ke5EkD0K8UA_seg_096.wav,ke5EkD0K8UA,True,16000,1,3.0,-22.8655,-10.4051,0.187,0.0,True,ok
data/interim/segmented/normal_speech/ke5EkD0K8UA_seg_097.wav,ke5EkD0K8UA_seg_097.wav,ke5EkD0K8UA,True,16000,1,3.0,-23.8119,-9.1907,0.3382,0.0,True,ok
data/interim/segmented/normal_speech/ke5EkD0K8UA_seg_098.wav,ke5EkD0K8UA_seg_098.wav,ke5EkD0K8UA,True,16000,1,3.0,-24.3126,-12.294,0.1989,0.0,True,ok
data/interim/segmented/normal_speech/ke5EkD0K8UA_seg_099.wav,ke5EkD0K8UA_seg_099.wav,ke5EkD0K8UA,True,16000,1,3.0,-25.0122,-11.9097,0.2619,0.0,True,ok
data/interim/segmented/normal_speech/ke5EkD0K8UA_seg_100.wav,ke5EkD0K8UA_seg_100.wav,ke5EkD0K8UA,True,16000,1,3.0,-23.9916,-11.8244,0.3011,0.0,True,ok
data/interim/segmented/normal_speech/ke5EkD0K8UA_seg_101.wav,ke5EkD0K8UA_seg_101.wav,ke5EkD0K8UA,True,16000,1,3.0,-23.5647,-9.5565,0.2037,0.0,True,ok
data/interim/segmented/normal_speech/ke5EkD0K8UA_seg_102.wav,ke5EkD0K8UA_seg_102.wav,ke5EkD0K8UA,True,16000,1,3.0,-25.6498,-11.4639,0.3053,0.0,True,ok
data/interim/segmented/normal_speech/ke5EkD0K8UA_seg_103.wav,ke5EkD0K8UA_seg_103.wav,ke5EkD0K8UA,True,16000,1,3.0,-26.2844,-12.7248,0.3072,0.0,True,ok
data/interim/segmented/normal_speech/ke5EkD0K8UA_seg_104.wav,ke5EkD0K8UA_seg_104.wav,ke5EkD0K8UA,True,16000,1,3.0,-25.1504,-9.4819,0.2855,0.0,True,ok
data/interim/segmented/normal_speech/ke5EkD0K8UA_seg_105.wav,ke5EkD0K8UA_seg_105.wav,ke5EkD0K8UA,True,16000,1,3.0,-25.9624,-12.0752,0.253,0.0,True,ok
data/interim/segmented/normal_speech/ke5EkD0K8UA_seg_106.wav,ke5EkD0K8UA_seg_106.wav,ke5EkD0K8UA,True,16000,1,3.0,-25.1158,-11.3505,0.2759,0.0,True,ok
data/interim/segmented/normal_speech/zIdv2NDRExI_seg_000.wav,zIdv2NDRExI_seg_000.wav,zIdv2NDRExI,True,16000,1,3.0,-24.4946,-3.8427,0.2742,0.0,True,ok
data/interim/segmented/normal_speech/zIdv2NDRExI_seg_001.wav,zIdv2NDRExI_seg_001.wav,zIdv2NDRExI,True,16000,1,3.0,-24.4177,-3.9394,0.3692,0.0,True,ok
data/interim/segmented/normal_speech/zIdv2NDRExI_seg_002.wav,zIdv2NDRExI_seg_002.wav,zIdv2NDRExI,True,16000,1,3.0,-25.2152,-5.526,0.265,0.0,True,ok
data/interim/segmented/normal_speech/zIdv2NDRExI_seg_003.wav,zIdv2NDRExI_seg_003.wav,zIdv2NDRExI,True,16000,1,3.0,-26.972,-3.589,0.4667,0.0,True,ok
data/interim/segmented/normal_speech/zIdv2NDRExI_seg_004.wav,zIdv2NDRExI_seg_004.wav,zIdv2NDRExI,True,16000,1,3.0,-24.4299,-4.8592,0.242,0.0,True,ok
data/interim/segmented/normal_speech/zIdv2NDRExI_seg_005.wav,zIdv2NDRExI_seg_005.wav,zIdv2NDRExI,True,16000,1,3.0,-23.5948,-3.779,0.4171,0.0,True,ok
data/interim/segmented/normal_speech/zIdv2NDRExI_seg_006.wav,zIdv2NDRExI_seg_006.wav,zIdv2NDRExI,True,16000,1,3.0,-24.3326,-3.6651,0.4006,0.0,True,ok
data/interim/segmented/normal_speech/zIdv2NDRExI_seg_007.wav,zIdv2NDRExI_seg_007.wav,zIdv2NDRExI,True,16000,1,3.0,-23.1371,-2.6004,0.4203,0.0,True,ok
data/interim/segmented/normal_speech/zIdv2NDRExI_seg_008.wav,zIdv2NDRExI_seg_008.wav,zIdv2NDRExI,True,16000,1,3.0,-25.6532,-4.7125,0.3421,0.0,True,ok
data/interim/segmented/normal_speech/zIdv2NDRExI_seg_009.wav,zIdv2NDRExI_seg_009.wav,zIdv2NDRExI,True,16000,1,3.0,-24.0423,-4.5413,0.3827,0.0,True,ok
data/interim/segmented/normal_speech/zIdv2NDRExI_seg_010.wav,zIdv2NDRExI_seg_010.wav,zIdv2NDRExI,True,16000,1,3.0,-25.0617,-4.6096,0.3567,0.0,True,ok
data/interim/segmented/normal_speech/zIdv2NDRExI_seg_011.wav,zIdv2NDRExI_seg_011.wav,zIdv2NDRExI,True,16000,1,3.0,-23.397,-4.0752,0.26,0.0,True,ok
data/interim/segmented/normal_speech/zIdv2NDRExI_seg_012.wav,zIdv2NDRExI_seg_012.wav,zIdv2NDRExI,True,16000,1,3.0,-25.2511,-3.5454,0.4275,0.0,True,ok
data/interim/segmented/normal_speech/zIdv2NDRExI_seg_013.wav,zIdv2NDRExI_seg_013.wav,zIdv2NDRExI,True,16000,1,3.0,-24.6431,-2.4744,0.3486,0.0,True,ok
data/interim/segmented/normal_speech/zIdv2NDRExI_seg_014.wav,zIdv2NDRExI_seg_014.wav,zIdv2NDRExI,True,16000,1,3.0,-24.741,-1.9526,0.4085,0.0,True,ok
data/interim/segmented/normal_speech/zIdv2NDRExI_seg_015.wav,zIdv2NDRExI_seg_015.wav,zIdv2NDRExI,True,16000,1,3.0,-24.3644,-3.8824,0.3664,0.0,True,ok
data/interim/segmented/normal_speech/zIdv2NDRExI_seg_016.wav,zIdv2NDRExI_seg_016.wav,zIdv2NDRExI,True,16000,1,3.0,-26.0554,-5.6035,0.4545,0.0,True,ok
data/interim/segmented/normal_speech/zIdv2NDRExI_seg_017.wav,zIdv2NDRExI_seg_017.wav,zIdv2NDRExI,True,16000,1,3.0,-24.0971,-2.9611,0.3789,0.0,True,ok
data/interim/segmented/normal_speech/zIdv2NDRExI_seg_018.wav,zIdv2NDRExI_seg_018.wav,zIdv2NDRExI,True,16000,1,3.0,-25.3398,-2.74,0.3762,0.0,True,ok
data/interim/segmented/normal_speech/zIdv2NDRExI_seg_019.wav,zIdv2NDRExI_seg_019.wav,zIdv2NDRExI,True,16000,1,3.0,-25.0543,-2.8078,0.3287,0.0,True,ok
data/interim/segmented/normal_speech/zIdv2NDRExI_seg_020.wav,zIdv2NDRExI_seg_020.wav,zIdv2NDRExI,True,16000,1,3.0,-27.0111,-6.6016,0.5016,0.0,True,ok
data/interim/segmented/normal_speech/zIdv2NDRExI_seg_021.wav,zIdv2NDRExI_seg_021.wav,zIdv2NDRExI,True,16000,1,3.0,-25.7352,-3.9082,0.5106,0.0,True,ok
data/interim/segmented/normal_speech/zIdv2NDRExI_seg_022.wav,zIdv2NDRExI_seg_022.wav,zIdv2NDRExI,True,16000,1,3.0,-26.5151,-3.6457,0.5233,0.0,True,ok
data/interim/segmented/normal_speech/zIdv2NDRExI_seg_023.wav,zIdv2NDRExI_seg_023.wav,zIdv2NDRExI,True,16000,1,3.0,-25.0565,-3.9879,0.3904,0.0,True,ok
data/interim/segmented/normal_speech/zIdv2NDRExI_seg_024.wav,zIdv2NDRExI_seg_024.wav,zIdv2NDRExI,True,16000,1,3.0,-25.4039,-3.2669,0.4178,0.0,True,ok
data/interim/segmented/normal_speech/zIdv2NDRExI_seg_025.wav,zIdv2NDRExI_seg_025.wav,zIdv2NDRExI,True,16000,1,3.0,-24.704,-2.6582,0.5089,0.0,True,ok
data/interim/segmented/normal_speech/zIdv2NDRExI_seg_026.wav,zIdv2NDRExI_seg_026.wav,zIdv2NDRExI,True,16000,1,3.0,-26.8624,-6.885,0.3916,0.0,True,ok
data/interim/segmented/normal_speech/zIdv2NDRExI_seg_027.wav,zIdv2NDRExI_seg_027.wav,zIdv2NDRExI,True,16000,1,3.0,-24.4571,-3.9352,0.3376,0.0,True,ok
data/interim/segmented/normal_speech/zIdv2NDRExI_seg_028.wav,zIdv2NDRExI_seg_028.wav,zIdv2NDRExI,True,16000,1,3.0,-23.9742,-3.5514,0.4598,0.0,True,ok
data/interim/segmented/normal_speech/zIdv2NDRExI_seg_029.wav,zIdv2NDRExI_seg_029.wav,zIdv2NDRExI,True,16000,1,3.0,-25.7712,-5.973,0.4672,0.0,True,ok
data/interim/segmented/normal_speech/zIdv2NDRExI_seg_030.wav,zIdv2NDRExI_seg_030.wav,zIdv2NDRExI,True,16000,1,3.0,-26.1786,-5.0642,0.3743,0.0,True,ok
data/interim/segmented/normal_speech/zIdv2NDRExI_seg_031.wav,zIdv2NDRExI_seg_031.wav,zIdv2NDRExI,True,16000,1,3.0,-23.4309,-4.1467,0.3242,0.0,True,ok
data/interim/segmented/normal_speech/zIdv2NDRExI_seg_032.wav,zIdv2NDRExI_seg_032.wav,zIdv2NDRExI,True,16000,1,3.0,-25.3985,-3.2704,0.3564,0.0,True,ok
data/interim/segmented/normal_speech/zIdv2NDRExI_seg_033.wav,zIdv2NDRExI_seg_033.wav,zIdv2NDRExI,True,16000,1,3.0,-23.7582,-1.4691,0.3889,0.0,True,ok
data/interim/segmented/normal_speech/zIdv2NDRExI_seg_034.wav,zIdv2NDRExI_seg_034.wav,zIdv2NDRExI,True,16000,1,3.0,-24.1876,-4.4369,0.3496,0.0,True,ok
data/interim/segmented/normal_speech/zIdv2NDRExI_seg_035.wav,zIdv2NDRExI_seg_035.wav,zIdv2NDRExI,True,16000,1,3.0,-24.8007,-5.4626,0.39,0.0,True,ok
data/interim/segmented/normal_speech/zIdv2NDRExI_seg_036.wav,zIdv2NDRExI_seg_036.wav,zIdv2NDRExI,True,16000,1,3.0,-23.3702,-2.3294,0.3486,0.0,True,ok
data/interim/segmented/normal_speech/zIdv2NDRExI_seg_037.wav,zIdv2NDRExI_seg_037.wav,zIdv2NDRExI,True,16000,1,3.0,-24.5452,-3.5494,0.2905,0.0,True,ok
data/interim/segmented/normal_speech/zIdv2NDRExI_seg_038.wav,zIdv2NDRExI_seg_038.wav,zIdv2NDRExI,True,16000,1,3.0,-25.2289,-3.2762,0.4108,0.0,True,ok
data/interim/segmented/normal_speech/zIdv2NDRExI_seg_039.wav,zIdv2NDRExI_seg_039.wav,zIdv2NDRExI,True,16000,1,3.0,-26.1196,-4.8801,0.2953,0.0,True,ok
data/interim/segmented/normal_speech/zIdv2NDRExI_seg_040.wav,zIdv2NDRExI_seg_040.wav,zIdv2NDRExI,True,16000,1,3.0,-22.0671,-4.199,0.2077,0.0,True,ok
data/interim/segmented/normal_speech/zIdv2NDRExI_seg_041.wav,zIdv2NDRExI_seg_041.wav,zIdv2NDRExI,True,16000,1,3.0,-23.4084,-1.4669,0.4236,0.0,True,ok
data/interim/segmented/normal_speech/zIdv2NDRExI_seg_042.wav,zIdv2NDRExI_seg_042.wav,zIdv2NDRExI,True,16000,1,3.0,-24.881,-3.1252,0.4148,0.0,True,ok
data/interim/segmented/normal_speech/zIdv2NDRExI_seg_043.wav,zIdv2NDRExI_seg_043.wav,zIdv2NDRExI,True,16000,1,3.0,-24.6259,-3.9515,0.3542,0.0,True,ok
data/interim/segmented/normal_speech/zIdv2NDRExI_seg_044.wav,zIdv2NDRExI_seg_044.wav,zIdv2NDRExI,True,16000,1,3.0,-24.5597,-2.6252,0.3551,0.0,True,ok
data/interim/segmented/normal_speech/zIdv2NDRExI_seg_045.wav,zIdv2NDRExI_seg_045.wav,zIdv2NDRExI,True,16000,1,3.0,-24.2213,-6.0642,0.2706,0.0,True,ok
data/interim/segmented/normal_speech/zIdv2NDRExI_seg_046.wav,zIdv2NDRExI_seg_046.wav,zIdv2NDRExI,True,16000,1,3.0,-25.4273,-3.3464,0.466,0.0,True,ok
data/interim/segmented/normal_speech/zIdv2NDRExI_seg_047.wav,zIdv2NDRExI_seg_047.wav,zIdv2NDRExI,True,16000,1,3.0,-26.8352,-5.8495,0.4037,0.0,True,ok
data/interim/segmented/normal_speech/zIdv2NDRExI_seg_048.wav,zIdv2NDRExI_seg_048.wav,zIdv2NDRExI,True,16000,1,3.0,-23.4244,-3.8336,0.3614,0.0,True,ok
data/interim/segmented/normal_speech/zIdv2NDRExI_seg_049.wav,zIdv2NDRExI_seg_049.wav,zIdv2NDRExI,True,16000,1,3.0,-24.9983,-3.8733,0.4444,0.0,True,ok
data/interim/segmented/normal_speech/zIdv2NDRExI_seg_050.wav,zIdv2NDRExI_seg_050.wav,zIdv2NDRExI,True,16000,1,3.0,-25.4543,-3.741,0.4079,0.0,True,ok
data/interim/segmented/normal_speech/zIdv2NDRExI_seg_051.wav,zIdv2NDRExI_seg_051.wav,zIdv2NDRExI,True,16000,1,3.0,-27.3133,-7.4275,0.2941,0.0,True,ok
data/interim/segmented/normal_speech/zIdv2NDRExI_seg_052.wav,zIdv2NDRExI_seg_052.wav,zIdv2NDRExI,True,16000,1,3.0,-24.8626,-2.4815,0.311,0.0,True,ok
data/interim/segmented/normal_speech/zIdv2NDRExI_seg_053.wav,zIdv2NDRExI_seg_053.wav,zIdv2NDRExI,True,16000,1,3.0,-26.8604,-5.4106,0.3988,0.0,True,ok
data/interim/segmented/normal_speech/zIdv2NDRExI_seg_054.wav,zIdv2NDRExI_seg_054.wav,zIdv2NDRExI,True,16000,1,3.0,-24.1737,-4.0317,0.3948,0.0,True,ok
data/interim/segmented/normal_speech/zIdv2NDRExI_seg_055.wav,zIdv2NDRExI_seg_055.wav,zIdv2NDRExI,True,16000,1,3.0,-24.2984,-1.8097,0.4869,0.0,True,ok
data/interim/segmented/normal_speech/zIdv2NDRExI_seg_056.wav,zIdv2NDRExI_seg_056.wav,zIdv2NDRExI,True,16000,1,3.0,-23.8051,-2.7051,0.3682,0.0,True,ok
data/interim/segmented/normal_speech/zIdv2NDRExI_seg_057.wav,zIdv2NDRExI_seg_057.wav,zIdv2NDRExI,True,16000,1,3.0,-23.4016,-2.6262,0.2904,0.0,True,ok
data/interim/segmented/normal_speech/zIdv2NDRExI_seg_058.wav,zIdv2NDRExI_seg_058.wav,zIdv2NDRExI,True,16000,1,3.0,-24.6893,-4.1664,0.3265,0.0,True,ok
data/interim/segmented/normal_speech/zIdv2NDRExI_seg_059.wav,zIdv2NDRExI_seg_059.wav,zIdv2NDRExI,True,16000,1,3.0,-25.1483,-4.5934,0.4182,0.0,True,ok
data/interim/segmented/normal_speech/zIdv2NDRExI_seg_060.wav,zIdv2NDRExI_seg_060.wav,zIdv2NDRExI,True,16000,1,3.0,-24.9607,-3.9298,0.3666,0.0,True,ok
data/interim/segmented/normal_speech/zIdv2NDRExI_seg_061.wav,zIdv2NDRExI_seg_061.wav,zIdv2NDRExI,True,16000,1,3.0,-26.3421,-3.894,0.55,0.0,True,ok
data/interim/segmented/normal_speech/zIdv2NDRExI_seg_062.wav,zIdv2NDRExI_seg_062.wav,zIdv2NDRExI,True,16000,1,3.0,-23.8249,-2.646,0.4159,0.0,True,ok
data/interim/segmented/normal_speech/zIdv2NDRExI_seg_063.wav,zIdv2NDRExI_seg_063.wav,zIdv2NDRExI,True,16000,1,3.0,-23.6036,-3.3266,0.3099,0.0,True,ok
data/interim/segmented/normal_speech/zIdv2NDRExI_seg_064.wav,zIdv2NDRExI_seg_064.wav,zIdv2NDRExI,True,16000,1,3.0,-23.7413,-4.1951,0.3571,0.0,True,ok
data/interim/segmented/normal_speech/zIdv2NDRExI_seg_065.wav,zIdv2NDRExI_seg_065.wav,zIdv2NDRExI,True,16000,1,3.0,-24.1908,-4.8166,0.337,0.0,True,ok
data/interim/segmented/normal_speech/zIdv2NDRExI_seg_066.wav,zIdv2NDRExI_seg_066.wav,zIdv2NDRExI,True,16000,1,3.0,-24.4217,-3.3448,0.4355,0.0,True,ok
data/interim/segmented/normal_speech/zIdv2NDRExI_seg_067.wav,zIdv2NDRExI_seg_067.wav,zIdv2NDRExI,True,16000,1,3.0,-25.6227,-4.5781,0.3679,0.0,True,ok
data/interim/segmented/normal_speech/zIdv2NDRExI_seg_068.wav,zIdv2NDRExI_seg_068.wav,zIdv2NDRExI,True,16000,1,3.0,-26.2892,-4.1126,0.4505,0.0,True,ok
data/interim/segmented/normal_speech/zIdv2NDRExI_seg_069.wav,zIdv2NDRExI_seg_069.wav,zIdv2NDRExI,True,16000,1,3.0,-24.9676,-3.8526,0.2861,0.0,True,ok
data/interim/segmented/normal_speech/zIdv2NDRExI_seg_070.wav,zIdv2NDRExI_seg_070.wav,zIdv2NDRExI,True,16000,1,3.0,-25.9665,-4.6965,0.5052,0.0,True,ok
data/interim/segmented/normal_speech/zIdv2NDRExI_seg_071.wav,zIdv2NDRExI_seg_071.wav,zIdv2NDRExI,True,16000,1,3.0,-26.2619,-5.8604,0.3367,0.0,True,ok
data/interim/segmented/normal_speech/zIdv2NDRExI_seg_072.wav,zIdv2NDRExI_seg_072.wav,zIdv2NDRExI,True,16000,1,3.0,-26.0904,-5.7051,0.4179,0.0,True,ok
data/interim/segmented/normal_speech/zIdv2NDRExI_seg_073.wav,zIdv2NDRExI_seg_073.wav,zIdv2NDRExI,True,16000,1,3.0,-25.7494,-5.9852,0.3841,0.0,True,ok
data/interim/segmented/normal_speech/zIdv2NDRExI_seg_074.wav,zIdv2NDRExI_seg_074.wav,zIdv2NDRExI,True,16000,1,3.0,-26.4858,-4.451,0.3945,0.0,True,ok
data/interim/segmented/normal_speech/zIdv2NDRExI_seg_075.wav,zIdv2NDRExI_seg_075.wav,zIdv2NDRExI,True,16000,1,3.0,-27.4224,-6.3326,0.5215,0.0,True,ok
data/interim/segmented/normal_speech/zIdv2NDRExI_seg_076.wav,zIdv2NDRExI_seg_076.wav,zIdv2NDRExI,True,16000,1,3.0,-26.4511,-6.7128,0.2389,0.0,True,ok
data/interim/segmented/normal_speech/zIdv2NDRExI_seg_077.wav,zIdv2NDRExI_seg_077.wav,zIdv2NDRExI,True,16000,1,3.0,-25.7737,-4.2416,0.377,0.0,True,ok
data/interim/segmented/normal_speech/zIdv2NDRExI_seg_078.wav,zIdv2NDRExI_seg_078.wav,zIdv2NDRExI,True,16000,1,3.0,-27.683,-5.1487,0.5125,0.0,True,ok
data/interim/segmented/normal_speech/zIdv2NDRExI_seg_079.wav,zIdv2NDRExI_seg_079.wav,zIdv2NDRExI,True,16000,1,3.0,-25.6348,-5.4761,0.4412,0.0,True,ok
data/interim/segmented/normal_speech/zIdv2NDRExI_seg_080.wav,zIdv2NDRExI_seg_080.wav,zIdv2NDRExI,True,16000,1,3.0,-25.9298,-5.9788,0.482,0.0,True,ok
data/interim/segmented/normal_speech/zIdv2NDRExI_seg_081.wav,zIdv2NDRExI_seg_081.wav,zIdv2NDRExI,True,16000,1,3.0,-25.6914,-4.1002,0.3836,0.0,True,ok
data/interim/segmented/normal_speech/zIdv2NDRExI_seg_082.wav,zIdv2NDRExI_seg_082.wav,zIdv2NDRExI,True,16000,1,2.17,-29.4377,-1.6211,0.6069,0.0,True,ok
