filename,relative_path,video_id,label,split
7OHCOFFUamQ_seg_000.wav,data/processed/train_set/normal_speech/7OHCOFFUamQ_seg_000.wav,7OHCOFFUamQ,normal_speech,train
7OHCOFFUamQ_seg_001.wav,data/processed/train_set/normal_speech/7OHCOFFUamQ_seg_001.wav,7OHCOFFUamQ,normal_speech,train
7OHCOFFUamQ_seg_002.wav,data/processed/train_set/normal_speech/7OHCOFFUamQ_seg_002.wav,7OHCOFFUamQ,normal_speech,train
7OHCOFFUamQ_seg_003.wav,data/processed/train_set/normal_speech/7OHCOFFUamQ_seg_003.wav,7OHCOFFUamQ,normal_speech,train
7OHCOFFUamQ_seg_004.wav,data/processed/train_set/normal_speech/7OHCOFFUamQ_seg_004.wav,7OHCOFFUamQ,normal_speech,train
7OHCOFFUamQ_seg_005.wav,data/processed/train_set/normal_speech/7OHCOFFUamQ_seg_005.wav,7OHCOFFUamQ,normal_speech,train
7OHCOFFUamQ_seg_006.wav,data/processed/train_set/normal_speech/7OHCOFFUamQ_seg_006.wav,7OHCOFFUamQ,normal_speech,train
7OHCOFFUamQ_seg_007.wav,data/processed/train_set/normal_speech/7OHCOFFUamQ_seg_007.wav,7OHCOFFUamQ,normal_speech,train
7OHCOFFUamQ_seg_008.wav,data/processed/train_set/normal_speech/7OHCOFFUamQ_seg_008.wav,7OHCOFFUamQ,normal_speech,train
7OHCOFFUamQ_seg_009.wav,data/processed/train_set/normal_speech/7OHCOFFUamQ_seg_009.wav,7OHCOFFUamQ,normal_speech,train
7OHCOFFUamQ_seg_010.wav,data/processed/train_set/normal_speech/7OHCOFFUamQ_seg_010.wav,7OHCOFFUamQ,normal_speech,train
7OHCOFFUamQ_seg_011.wav,data/processed/train_set/normal_speech/7OHCOFFUamQ_seg_011.wav,7OHCOFFUamQ,normal_speech,train
7OHCOFFUamQ_seg_012.wav,data/processed/train_set/normal_speech/7OHCOFFUamQ_seg_012.wav,7OHCOFFUamQ,normal_speech,train
7OHCOFFUamQ_seg_013.wav,data/processed/train_set/normal_speech/7OHCOFFUamQ_seg_013.wav,7OHCOFFUamQ,normal_speech,train
7OHCOFFUamQ_seg_014.wav,data/processed/train_set/normal_speech/7OHCOFFUamQ_seg_014.wav,7OHCOFFUamQ,normal_speech,train
7OHCOFFUamQ_seg_015.wav,data/processed/train_set/normal_speech/7OHCOFFUamQ_seg_015.wav,7OHCOFFUamQ,normal_speech,train
7OHCOFFUamQ_seg_016.wav,data/processed/train_set/normal_speech/7OHCOFFUamQ_seg_016.wav,7OHCOFFUamQ,normal_speech,train
7OHCOFFUamQ_seg_017.wav,data/processed/train_set/normal_speech/7OHCOFFUamQ_seg_017.wav,7OHCOFFUamQ,normal_speech,train
7OHCOFFUamQ_seg_018.wav,data/processed/train_set/normal_speech/7OHCOFFUamQ_seg_018.wav,7OHCOFFUamQ,normal_speech,train
7OHCOFFUamQ_seg_019.wav,data/processed/train_set/normal_speech/7OHCOFFUamQ_seg_019.wav,7OHCOFFUamQ,normal_speech,train
7OHCOFFUamQ_seg_020.wav,data/processed/train_set/normal_speech/7OHCOFFUamQ_seg_020.wav,7OHCOFFUamQ,normal_speech,train
7OHCOFFUamQ_seg_021.wav,data/processed/train_set/normal_speech/7OHCOFFUamQ_seg_021.wav,7OHCOFFUamQ,normal_speech,train
7OHCOFFUamQ_seg_022.wav,data/processed/train_set/normal_speech/7OHCOFFUamQ_seg_022.wav,7OHCOFFUamQ,normal_speech,train
7OHCOFFUamQ_seg_023.wav,data/processed/train_set/normal_speech/7OHCOFFUamQ_seg_023.wav,7OHCOFFUamQ,normal_speech,train
7OHCOFFUamQ_seg_024.wav,data/processed/train_set/normal_speech/7OHCOFFUamQ_seg_024.wav,7OHCOFFUamQ,normal_speech,train
7OHCOFFUamQ_seg_025.wav,data/processed/train_set/normal_speech/7OHCOFFUamQ_seg_025.wav,7OHCOFFUamQ,normal_speech,train
7OHCOFFUamQ_seg_026.wav,data/processed/train_set/normal_speech/7OHCOFFUamQ_seg_026.wav,7OHCOFFUamQ,normal_speech,train
7OHCOFFUamQ_seg_027.wav,data/processed/train_set/normal_speech/7OHCOFFUamQ_seg_027.wav,7OHCOFFUamQ,normal_speech,train
7OHCOFFUamQ_seg_028.wav,data/processed/train_set/normal_speech/7OHCOFFUamQ_seg_028.wav,7OHCOFFUamQ,normal_speech,train
7OHCOFFUamQ_seg_029.wav,data/processed/train_set/normal_speech/7OHCOFFUamQ_seg_029.wav,7OHCOFFUamQ,normal_speech,train
7OHCOFFUamQ_seg_030.wav,data/processed/train_set/normal_speech/7OHCOFFUamQ_seg_030.wav,7OHCOFFUamQ,normal_speech,train
7OHCOFFUamQ_seg_031.wav,data/processed/train_set/normal_speech/7OHCOFFUamQ_seg_031.wav,7OHCOFFUamQ,normal_speech,train
7OHCOFFUamQ_seg_032.wav,data/processed/train_set/normal_speech/7OHCOFFUamQ_seg_032.wav,7OHCOFFUamQ,normal_speech,train
7OHCOFFUamQ_seg_033.wav,data/processed/train_set/normal_speech/7OHCOFFUamQ_seg_033.wav,7OHCOFFUamQ,normal_speech,train
7OHCOFFUamQ_seg_034.wav,data/processed/train_set/normal_speech/7OHCOFFUamQ_seg_034.wav,7OHCOFFUamQ,normal_speech,train
7OHCOFFUamQ_seg_035.wav,data/processed/train_set/normal_speech/7OHCOFFUamQ_seg_035.wav,7OHCOFFUamQ,normal_speech,train
7OHCOFFUamQ_seg_036.wav,data/processed/train_set/normal_speech/7OHCOFFUamQ_seg_036.wav,7OHCOFFUamQ,normal_speech,train
7OHCOFFUamQ_seg_037.wav,data/processed/train_set/normal_speech/7OHCOFFUamQ_seg_037.wav,7OHCOFFUamQ,normal_speech,train
7OHCOFFUamQ_seg_038.wav,data/processed/train_set/normal_speech/7OHCOFFUamQ_seg_038.wav,7OHCOFFUamQ,normal_speech,train
7OHCOFFUamQ_seg_039.wav,data/processed/train_set/normal_speech/7OHCOFFUamQ_seg_039.wav,7OHCOFFUamQ,normal_speech,train
7OHCOFFUamQ_seg_040.wav,data/processed/train_set/normal_speech/7OHCOFFUamQ_seg_040.wav,7OHCOFFUamQ,normal_speech,train
7OHCOFFUamQ_seg_041.wav,data/processed/train_set/normal_speech/7OHCOFFUamQ_seg_041.wav,7OHCOFFUamQ,normal_speech,train
7OHCOFFUamQ_seg_042.wav,data/processed/train_set/normal_speech/7OHCOFFUamQ_seg_042.wav,7OHCOFFUamQ,normal_speech,train
7OHCOFFUamQ_seg_043.wav,data/processed/train_set/normal_speech/7OHCOFFUamQ_seg_043.wav,7OHCOFFUamQ,normal_speech,train
7OHCOFFUamQ_seg_044.wav,data/processed/train_set/normal_speech/7OHCOFFUamQ_seg_044.wav,7OHCOFFUamQ,normal_speech,train
7OHCOFFUamQ_seg_045.wav,data/processed/train_set/normal_speech/7OHCOFFUamQ_seg_045.wav,7OHCOFFUamQ,normal_speech,train
7OHCOFFUamQ_seg_046.wav,data/processed/train_set/normal_speech/7OHCOFFUamQ_seg_046.wav,7OHCOFFUamQ,normal_speech,train
7OHCOFFUamQ_seg_047.wav,data/processed/train_set/normal_speech/7OHCOFFUamQ_seg_047.wav,7OHCOFFUamQ,normal_speech,train
7OHCOFFUamQ_seg_048.wav,data/processed/train_set/normal_speech/7OHCOFFUamQ_seg_048.wav,7OHCOFFUamQ,normal_speech,train
7OHCOFFUamQ_seg_049.wav,data/processed/train_set/normal_speech/7OHCOFFUamQ_seg_049.wav,7OHCOFFUamQ,normal_speech,train
7OHCOFFUamQ_seg_050.wav,data/processed/train_set/normal_speech/7OHCOFFUamQ_seg_050.wav,7OHCOFFUamQ,normal_speech,train
7OHCOFFUamQ_seg_051.wav,data/processed/train_set/normal_speech/7OHCOFFUamQ_seg_051.wav,7OHCOFFUamQ,normal_speech,train
7OHCOFFUamQ_seg_052.wav,data/processed/train_set/normal_speech/7OHCOFFUamQ_seg_052.wav,7OHCOFFUamQ,normal_speech,train
7OHCOFFUamQ_seg_053.wav,data/processed/train_set/normal_speech/7OHCOFFUamQ_seg_053.wav,7OHCOFFUamQ,normal_speech,train
7OHCOFFUamQ_seg_054.wav,data/processed/train_set/normal_speech/7OHCOFFUamQ_seg_054.wav,7OHCOFFUamQ,normal_speech,train
7OHCOFFUamQ_seg_055.wav,data/processed/train_set/normal_speech/7OHCOFFUamQ_seg_055.wav,7OHCOFFUamQ,normal_speech,train
7OHCOFFUamQ_seg_056.wav,data/processed/train_set/normal_speech/7OHCOFFUamQ_seg_056.wav,7OHCOFFUamQ,normal_speech,train
7OHCOFFUamQ_seg_057.wav,data/processed/train_set/normal_speech/7OHCOFFUamQ_seg_057.wav,7OHCOFFUamQ,normal_speech,train
7OHCOFFUamQ_seg_058.wav,data/processed/train_set/normal_speech/7OHCOFFUamQ_seg_058.wav,7OHCOFFUamQ,normal_speech,train
7OHCOFFUamQ_seg_059.wav,data/processed/train_set/normal_speech/7OHCOFFUamQ_seg_059.wav,7OHCOFFUamQ,normal_speech,train
7OHCOFFUamQ_seg_060.wav,data/processed/train_set/normal_speech/7OHCOFFUamQ_seg_060.wav,7OHCOFFUamQ,normal_speech,train
7OHCOFFUamQ_seg_061.wav,data/processed/train_set/normal_speech/7OHCOFFUamQ_seg_061.wav,7OHCOFFUamQ,normal_speech,train
7OHCOFFUamQ_seg_062.wav,data/processed/train_set/normal_speech/7OHCOFFUamQ_seg_062.wav,7OHCOFFUamQ,normal_speech,train
7OHCOFFUamQ_seg_063.wav,data/processed/train_set/normal_speech/7OHCOFFUamQ_seg_063.wav,7OHCOFFUamQ,normal_speech,train
7OHCOFFUamQ_seg_064.wav,data/processed/train_set/normal_speech/7OHCOFFUamQ_seg_064.wav,7OHCOFFUamQ,normal_speech,train
7OHCOFFUamQ_seg_065.wav,data/processed/train_set/normal_speech/7OHCOFFUamQ_seg_065.wav,7OHCOFFUamQ,normal_speech,train
7OHCOFFUamQ_seg_066.wav,data/processed/train_set/normal_speech/7OHCOFFUamQ_seg_066.wav,7OHCOFFUamQ,normal_speech,train
7OHCOFFUamQ_seg_067.wav,data/processed/train_set/normal_speech/7OHCOFFUamQ_seg_067.wav,7OHCOFFUamQ,normal_speech,train
7OHCOFFUamQ_seg_068.wav,data/processed/train_set/normal_speech/7OHCOFFUamQ_seg_068.wav,7OHCOFFUamQ,normal_speech,train
7OHCOFFUamQ_seg_069.wav,data/processed/train_set/normal_speech/7OHCOFFUamQ_seg_069.wav,7OHCOFFUamQ,normal_speech,train
7OHCOFFUamQ_seg_070.wav,data/processed/train_set/normal_speech/7OHCOFFUamQ_seg_070.wav,7OHCOFFUamQ,normal_speech,train
7OHCOFFUamQ_seg_071.wav,data/processed/train_set/normal_speech/7OHCOFFUamQ_seg_071.wav,7OHCOFFUamQ,normal_speech,train
7OHCOFFUamQ_seg_072.wav,data/processed/train_set/normal_speech/7OHCOFFUamQ_seg_072.wav,7OHCOFFUamQ,normal_speech,train
7OHCOFFUamQ_seg_073.wav,data/processed/train_set/normal_speech/7OHCOFFUamQ_seg_073.wav,7OHCOFFUamQ,normal_speech,train
7OHCOFFUamQ_seg_074.wav,data/processed/train_set/normal_speech/7OHCOFFUamQ_seg_074.wav,7OHCOFFUamQ,normal_speech,train
7OHCOFFUamQ_seg_075.wav,data/processed/train_set/normal_speech/7OHCOFFUamQ_seg_075.wav,7OHCOFFUamQ,normal_speech,train
7OHCOFFUamQ_seg_076.wav,data/processed/train_set/normal_speech/7OHCOFFUamQ_seg_076.wav,7OHCOFFUamQ,normal_speech,train
7OHCOFFUamQ_seg_077.wav,data/processed/train_set/normal_speech/7OHCOFFUamQ_seg_077.wav,7OHCOFFUamQ,normal_speech,train
7OHCOFFUamQ_seg_078.wav,data/processed/train_set/normal_speech/7OHCOFFUamQ_seg_078.wav,7OHCOFFUamQ,normal_speech,train
7OHCOFFUamQ_seg_079.wav,data/processed/train_set/normal_speech/7OHCOFFUamQ_seg_079.wav,7OHCOFFUamQ,normal_speech,train
7OHCOFFUamQ_seg_080.wav,data/processed/train_set/normal_speech/7OHCOFFUamQ_seg_080.wav,7OHCOFFUamQ,normal_speech,train
7OHCOFFUamQ_seg_081.wav,data/processed/train_set/normal_speech/7OHCOFFUamQ_seg_081.wav,7OHCOFFUamQ,normal_speech,train
7OHCOFFUamQ_seg_082.wav,data/processed/train_set/normal_speech/7OHCOFFUamQ_seg_082.wav,7OHCOFFUamQ,normal_speech,train
7OHCOFFUamQ_seg_083.wav,data/processed/train_set/normal_speech/7OHCOFFUamQ_seg_083.wav,7OHCOFFUamQ,normal_speech,train
7OHCOFFUamQ_seg_084.wav,data/processed/train_set/normal_speech/7OHCOFFUamQ_seg_084.wav,7OHCOFFUamQ,normal_speech,train
7OHCOFFUamQ_seg_085.wav,data/processed/train_set/normal_speech/7OHCOFFUamQ_seg_085.wav,7OHCOFFUamQ,normal_speech,train
7OHCOFFUamQ_seg_086.wav,data/processed/train_set/normal_speech/7OHCOFFUamQ_seg_086.wav,7OHCOFFUamQ,normal_speech,train
7OHCOFFUamQ_seg_087.wav,data/processed/train_set/normal_speech/7OHCOFFUamQ_seg_087.wav,7OHCOFFUamQ,normal_speech,train
7OHCOFFUamQ_seg_088.wav,data/processed/train_set/normal_speech/7OHCOFFUamQ_seg_088.wav,7OHCOFFUamQ,normal_speech,train
7OHCOFFUamQ_seg_089.wav,data/processed/train_set/normal_speech/7OHCOFFUamQ_seg_089.wav,7OHCOFFUamQ,normal_speech,train
7OHCOFFUamQ_seg_090.wav,data/processed/train_set/normal_speech/7OHCOFFUamQ_seg_090.wav,7OHCOFFUamQ,normal_speech,train
7OHCOFFUamQ_seg_091.wav,data/processed/train_set/normal_speech/7OHCOFFUamQ_seg_091.wav,7OHCOFFUamQ,normal_speech,train
7OHCOFFUamQ_seg_092.wav,data/processed/train_set/normal_speech/7OHCOFFUamQ_seg_092.wav,7OHCOFFUamQ,normal_speech,train
7OHCOFFUamQ_seg_093.wav,data/processed/train_set/normal_speech/7OHCOFFUamQ_seg_093.wav,7OHCOFFUamQ,normal_speech,train
7OHCOFFUamQ_seg_094.wav,data/processed/train_set/normal_speech/7OHCOFFUamQ_seg_094.wav,7OHCOFFUamQ,normal_speech,train
7OHCOFFUamQ_seg_095.wav,data/processed/train_set/normal_speech/7OHCOFFUamQ_seg_095.wav,7OHCOFFUamQ,normal_speech,train
7OHCOFFUamQ_seg_096.wav,data/processed/train_set/normal_speech/7OHCOFFUamQ_seg_096.wav,7OHCOFFUamQ,normal_speech,train
7OHCOFFUamQ_seg_097.wav,data/processed/train_set/normal_speech/7OHCOFFUamQ_seg_097.wav,7OHCOFFUamQ,normal_speech,train
7OHCOFFUamQ_seg_098.wav,data/processed/train_set/normal_speech/7OHCOFFUamQ_seg_098.wav,7OHCOFFUamQ,normal_speech,train
7OHCOFFUamQ_seg_099.wav,data/processed/train_set/normal_speech/7OHCOFFUamQ_seg_099.wav,7OHCOFFUamQ,normal_speech,train
7OHCOFFUamQ_seg_100.wav,data/processed/train_set/normal_speech/7OHCOFFUamQ_seg_100.wav,7OHCOFFUamQ,normal_speech,train
7OHCOFFUamQ_seg_101.wav,data/processed/train_set/normal_speech/7OHCOFFUamQ_seg_101.wav,7OHCOFFUamQ,normal_speech,train
7OHCOFFUamQ_seg_102.wav,data/processed/train_set/normal_speech/7OHCOFFUamQ_seg_102.wav,7OHCOFFUamQ,normal_speech,train
7OHCOFFUamQ_seg_103.wav,data/processed/train_set/normal_speech/7OHCOFFUamQ_seg_103.wav,7OHCOFFUamQ,normal_speech,train
7OHCOFFUamQ_seg_104.wav,data/processed/train_set/normal_speech/7OHCOFFUamQ_seg_104.wav,7OHCOFFUamQ,normal_speech,train
7OHCOFFUamQ_seg_105.wav,data/processed/train_set/normal_speech/7OHCOFFUamQ_seg_105.wav,7OHCOFFUamQ,normal_speech,train
7OHCOFFUamQ_seg_106.wav,data/processed/train_set/normal_speech/7OHCOFFUamQ_seg_106.wav,7OHCOFFUamQ,normal_speech,train
7OHCOFFUamQ_seg_107.wav,data/processed/train_set/normal_speech/7OHCOFFUamQ_seg_107.wav,7OHCOFFUamQ,normal_speech,train
7OHCOFFUamQ_seg_108.wav,data/processed/train_set/normal_speech/7OHCOFFUamQ_seg_108.wav,7OHCOFFUamQ,normal_speech,train
7OHCOFFUamQ_seg_109.wav,data/processed/train_set/normal_speech/7OHCOFFUamQ_seg_109.wav,7OHCOFFUamQ,normal_speech,train
7OHCOFFUamQ_seg_110.wav,data/processed/train_set/normal_speech/7OHCOFFUamQ_seg_110.wav,7OHCOFFUamQ,normal_speech,train
7OHCOFFUamQ_seg_111.wav,data/processed/train_set/normal_speech/7OHCOFFUamQ_seg_111.wav,7OHCOFFUamQ,normal_speech,train
7OHCOFFUamQ_seg_112.wav,data/processed/train_set/normal_speech/7OHCOFFUamQ_seg_112.wav,7OHCOFFUamQ,normal_speech,train
7OHCOFFUamQ_seg_113.wav,data/processed/train_set/normal_speech/7OHCOFFUamQ_seg_113.wav,7OHCOFFUamQ,normal_speech,train
7OHCOFFUamQ_seg_114.wav,data/processed/train_set/normal_speech/7OHCOFFUamQ_seg_114.wav,7OHCOFFUamQ,normal_speech,train
7OHCOFFUamQ_seg_115.wav,data/processed/train_set/normal_speech/7OHCOFFUamQ_seg_115.wav,7OHCOFFUamQ,normal_speech,train
7OHCOFFUamQ_seg_116.wav,data/processed/train_set/normal_speech/7OHCOFFUamQ_seg_116.wav,7OHCOFFUamQ,normal_speech,train
7OHCOFFUamQ_seg_117.wav,data/processed/train_set/normal_speech/7OHCOFFUamQ_seg_117.wav,7OHCOFFUamQ,normal_speech,train
7OHCOFFUamQ_seg_118.wav,data/processed/train_set/normal_speech/7OHCOFFUamQ_seg_118.wav,7OHCOFFUamQ,normal_speech,train
7OHCOFFUamQ_seg_119.wav,data/processed/train_set/normal_speech/7OHCOFFUamQ_seg_119.wav,7OHCOFFUamQ,normal_speech,train
7OHCOFFUamQ_seg_120.wav,data/processed/train_set/normal_speech/7OHCOFFUamQ_seg_120.wav,7OHCOFFUamQ,normal_speech,train
7OHCOFFUamQ_seg_121.wav,data/processed/train_set/normal_speech/7OHCOFFUamQ_seg_121.wav,7OHCOFFUamQ,normal_speech,train
7OHCOFFUamQ_seg_122.wav,data/processed/train_set/normal_speech/7OHCOFFUamQ_seg_122.wav,7OHCOFFUamQ,normal_speech,train
7OHCOFFUamQ_seg_123.wav,data/processed/train_set/normal_speech/7OHCOFFUamQ_seg_123.wav,7OHCOFFUamQ,normal_speech,train
7OHCOFFUamQ_seg_124.wav,data/processed/train_set/normal_speech/7OHCOFFUamQ_seg_124.wav,7OHCOFFUamQ,normal_speech,train
7OHCOFFUamQ_seg_125.wav,data/processed/train_set/normal_speech/7OHCOFFUamQ_seg_125.wav,7OHCOFFUamQ,normal_speech,train
7OHCOFFUamQ_seg_126.wav,data/processed/train_set/normal_speech/7OHCOFFUamQ_seg_126.wav,7OHCOFFUamQ,normal_speech,train
7OHCOFFUamQ_seg_127.wav,data/processed/train_set/normal_speech/7OHCOFFUamQ_seg_127.wav,7OHCOFFUamQ,normal_speech,train
7OHCOFFUamQ_seg_128.wav,data/processed/train_set/normal_speech/7OHCOFFUamQ_seg_128.wav,7OHCOFFUamQ,normal_speech,train
7OHCOFFUamQ_seg_129.wav,data/processed/train_set/normal_speech/7OHCOFFUamQ_seg_129.wav,7OHCOFFUamQ,normal_speech,train
7OHCOFFUamQ_seg_130.wav,data/processed/train_set/normal_speech/7OHCOFFUamQ_seg_130.wav,7OHCOFFUamQ,normal_speech,train
7OHCOFFUamQ_seg_131.wav,data/processed/train_set/normal_speech/7OHCOFFUamQ_seg_131.wav,7OHCOFFUamQ,normal_speech,train
7OHCOFFUamQ_seg_132.wav,data/processed/train_set/normal_speech/7OHCOFFUamQ_seg_132.wav,7OHCOFFUamQ,normal_speech,train
7OHCOFFUamQ_seg_133.wav,data/processed/train_set/normal_speech/7OHCOFFUamQ_seg_133.wav,7OHCOFFUamQ,normal_speech,train
7OHCOFFUamQ_seg_134.wav,data/processed/train_set/normal_speech/7OHCOFFUamQ_seg_134.wav,7OHCOFFUamQ,normal_speech,train
7OHCOFFUamQ_seg_135.wav,data/processed/train_set/normal_speech/7OHCOFFUamQ_seg_135.wav,7OHCOFFUamQ,normal_speech,train
7OHCOFFUamQ_seg_136.wav,data/processed/train_set/normal_speech/7OHCOFFUamQ_seg_136.wav,7OHCOFFUamQ,normal_speech,train
7OHCOFFUamQ_seg_137.wav,data/processed/train_set/normal_speech/7OHCOFFUamQ_seg_137.wav,7OHCOFFUamQ,normal_speech,train
7OHCOFFUamQ_seg_138.wav,data/processed/train_set/normal_speech/7OHCOFFUamQ_seg_138.wav,7OHCOFFUamQ,normal_speech,train
7OHCOFFUamQ_seg_139.wav,data/processed/train_set/normal_speech/7OHCOFFUamQ_seg_139.wav,7OHCOFFUamQ,normal_speech,train
7OHCOFFUamQ_seg_140.wav,data/processed/train_set/normal_speech/7OHCOFFUamQ_seg_140.wav,7OHCOFFUamQ,normal_speech,train
7OHCOFFUamQ_seg_141.wav,data/processed/train_set/normal_speech/7OHCOFFUamQ_seg_141.wav,7OHCOFFUamQ,normal_speech,train
7OHCOFFUamQ_seg_142.wav,data/processed/train_set/normal_speech/7OHCOFFUamQ_seg_142.wav,7OHCOFFUamQ,normal_speech,train
7OHCOFFUamQ_seg_143.wav,data/processed/train_set/normal_speech/7OHCOFFUamQ_seg_143.wav,7OHCOFFUamQ,normal_speech,train
7OHCOFFUamQ_seg_144.wav,data/processed/train_set/normal_speech/7OHCOFFUamQ_seg_144.wav,7OHCOFFUamQ,normal_speech,train
7OHCOFFUamQ_seg_145.wav,data/processed/train_set/normal_speech/7OHCOFFUamQ_seg_145.wav,7OHCOFFUamQ,normal_speech,train
7OHCOFFUamQ_seg_146.wav,data/processed/train_set/normal_speech/7OHCOFFUamQ_seg_146.wav,7OHCOFFUamQ,normal_speech,train
7OHCOFFUamQ_seg_147.wav,data/processed/train_set/normal_speech/7OHCOFFUamQ_seg_147.wav,7OHCOFFUamQ,normal_speech,train
7OHCOFFUamQ_seg_148.wav,data/processed/train_set/normal_speech/7OHCOFFUamQ_seg_148.wav,7OHCOFFUamQ,normal_speech,train
7OHCOFFUamQ_seg_149.wav,data/processed/train_set/normal_speech/7OHCOFFUamQ_seg_149.wav,7OHCOFFUamQ,normal_speech,train
7OHCOFFUamQ_seg_150.wav,data/processed/train_set/normal_speech/7OHCOFFUamQ_seg_150.wav,7OHCOFFUamQ,normal_speech,train
7OHCOFFUamQ_seg_151.wav,data/processed/train_set/normal_speech/7OHCOFFUamQ_seg_151.wav,7OHCOFFUamQ,normal_speech,train
7OHCOFFUamQ_seg_152.wav,data/processed/train_set/normal_speech/7OHCOFFUamQ_seg_152.wav,7OHCOFFUamQ,normal_speech,train
7OHCOFFUamQ_seg_153.wav,data/processed/train_set/normal_speech/7OHCOFFUamQ_seg_153.wav,7OHCOFFUamQ,normal_speech,train
7OHCOFFUamQ_seg_154.wav,data/processed/train_set/normal_speech/7OHCOFFUamQ_seg_154.wav,7OHCOFFUamQ,normal_speech,train
7OHCOFFUamQ_seg_155.wav,data/processed/train_set/normal_speech/7OHCOFFUamQ_seg_155.wav,7OHCOFFUamQ,normal_speech,train
7OHCOFFUamQ_seg_156.wav,data/processed/train_set/normal_speech/7OHCOFFUamQ_seg_156.wav,7OHCOFFUamQ,normal_speech,train
7OHCOFFUamQ_seg_157.wav,data/processed/train_set/normal_speech/7OHCOFFUamQ_seg_157.wav,7OHCOFFUamQ,normal_speech,train
7OHCOFFUamQ_seg_158.wav,data/processed/train_set/normal_speech/7OHCOFFUamQ_seg_158.wav,7OHCOFFUamQ,normal_speech,train
7OHCOFFUamQ_seg_159.wav,data/processed/train_set/normal_speech/7OHCOFFUamQ_seg_159.wav,7OHCOFFUamQ,normal_speech,train
7OHCOFFUamQ_seg_160.wav,data/processed/train_set/normal_speech/7OHCOFFUamQ_seg_160.wav,7OHCOFFUamQ,normal_speech,train
7OHCOFFUamQ_seg_161.wav,data/processed/train_set/normal_speech/7OHCOFFUamQ_seg_161.wav,7OHCOFFUamQ,normal_speech,train
7OHCOFFUamQ_seg_162.wav,data/processed/train_set/normal_speech/7OHCOFFUamQ_seg_162.wav,7OHCOFFUamQ,normal_speech,train
7OHCOFFUamQ_seg_163.wav,data/processed/train_set/normal_speech/7OHCOFFUamQ_seg_163.wav,7OHCOFFUamQ,normal_speech,train
7OHCOFFUamQ_seg_164.wav,data/processed/train_set/normal_speech/7OHCOFFUamQ_seg_164.wav,7OHCOFFUamQ,normal_speech,train
7OHCOFFUamQ_seg_165.wav,data/processed/train_set/normal_speech/7OHCOFFUamQ_seg_165.wav,7OHCOFFUamQ,normal_speech,train
7OHCOFFUamQ_seg_166.wav,data/processed/train_set/normal_speech/7OHCOFFUamQ_seg_166.wav,7OHCOFFUamQ,normal_speech,train
7OHCOFFUamQ_seg_167.wav,data/processed/train_set/normal_speech/7OHCOFFUamQ_seg_167.wav,7OHCOFFUamQ,normal_speech,train
7OHCOFFUamQ_seg_168.wav,data/processed/train_set/normal_speech/7OHCOFFUamQ_seg_168.wav,7OHCOFFUamQ,normal_speech,train
7OHCOFFUamQ_seg_169.wav,data/processed/train_set/normal_speech/7OHCOFFUamQ_seg_169.wav,7OHCOFFUamQ,normal_speech,train
7OHCOFFUamQ_seg_170.wav,data/processed/train_set/normal_speech/7OHCOFFUamQ_seg_170.wav,7OHCOFFUamQ,normal_speech,train
7OHCOFFUamQ_seg_171.wav,data/processed/train_set/normal_speech/7OHCOFFUamQ_seg_171.wav,7OHCOFFUamQ,normal_speech,train
7OHCOFFUamQ_seg_172.wav,data/processed/train_set/normal_speech/7OHCOFFUamQ_seg_172.wav,7OHCOFFUamQ,normal_speech,train
7OHCOFFUamQ_seg_173.wav,data/processed/train_set/normal_speech/7OHCOFFUamQ_seg_173.wav,7OHCOFFUamQ,normal_speech,train
7OHCOFFUamQ_seg_174.wav,data/processed/train_set/normal_speech/7OHCOFFUamQ_seg_174.wav,7OHCOFFUamQ,normal_speech,train
7OHCOFFUamQ_seg_175.wav,data/processed/train_set/normal_speech/7OHCOFFUamQ_seg_175.wav,7OHCOFFUamQ,normal_speech,train
7OHCOFFUamQ_seg_176.wav,data/processed/train_set/normal_speech/7OHCOFFUamQ_seg_176.wav,7OHCOFFUamQ,normal_speech,train
7OHCOFFUamQ_seg_177.wav,data/processed/train_set/normal_speech/7OHCOFFUamQ_seg_177.wav,7OHCOFFUamQ,normal_speech,train
7OHCOFFUamQ_seg_178.wav,data/processed/train_set/normal_speech/7OHCOFFUamQ_seg_178.wav,7OHCOFFUamQ,normal_speech,train
7OHCOFFUamQ_seg_179.wav,data/processed/train_set/normal_speech/7OHCOFFUamQ_seg_179.wav,7OHCOFFUamQ,normal_speech,train
7OHCOFFUamQ_seg_180.wav,data/processed/train_set/normal_speech/7OHCOFFUamQ_seg_180.wav,7OHCOFFUamQ,normal_speech,train
7OHCOFFUamQ_seg_181.wav,data/processed/train_set/normal_speech/7OHCOFFUamQ_seg_181.wav,7OHCOFFUamQ,normal_speech,train
7OHCOFFUamQ_seg_182.wav,data/processed/train_set/normal_speech/7OHCOFFUamQ_seg_182.wav,7OHCOFFUamQ,normal_speech,train
7OHCOFFUamQ_seg_183.wav,data/processed/train_set/normal_speech/7OHCOFFUamQ_seg_183.wav,7OHCOFFUamQ,normal_speech,train
7OHCOFFUamQ_seg_184.wav,data/processed/train_set/normal_speech/7OHCOFFUamQ_seg_184.wav,7OHCOFFUamQ,normal_speech,train
7OHCOFFUamQ_seg_185.wav,data/processed/train_set/normal_speech/7OHCOFFUamQ_seg_185.wav,7OHCOFFUamQ,normal_speech,train
7OHCOFFUamQ_seg_186.wav,data/processed/train_set/normal_speech/7OHCOFFUamQ_seg_186.wav,7OHCOFFUamQ,normal_speech,train
7OHCOFFUamQ_seg_187.wav,data/processed/train_set/normal_speech/7OHCOFFUamQ_seg_187.wav,7OHCOFFUamQ,normal_speech,train
7OHCOFFUamQ_seg_188.wav,data/processed/train_set/normal_speech/7OHCOFFUamQ_seg_188.wav,7OHCOFFUamQ,normal_speech,train
7OHCOFFUamQ_seg_189.wav,data/processed/train_set/normal_speech/7OHCOFFUamQ_seg_189.wav,7OHCOFFUamQ,normal_speech,train
7OHCOFFUamQ_seg_190.wav,data/processed/train_set/normal_speech/7OHCOFFUamQ_seg_190.wav,7OHCOFFUamQ,normal_speech,train
7OHCOFFUamQ_seg_191.wav,data/processed/train_set/normal_speech/7OHCOFFUamQ_seg_191.wav,7OHCOFFUamQ,normal_speech,train
7OHCOFFUamQ_seg_192.wav,data/processed/train_set/normal_speech/7OHCOFFUamQ_seg_192.wav,7OHCOFFUamQ,normal_speech,train
7OHCOFFUamQ_seg_193.wav,data/processed/train_set/normal_speech/7OHCOFFUamQ_seg_193.wav,7OHCOFFUamQ,normal_speech,train
7OHCOFFUamQ_seg_194.wav,data/processed/train_set/normal_speech/7OHCOFFUamQ_seg_194.wav,7OHCOFFUamQ,normal_speech,train
7OHCOFFUamQ_seg_195.wav,data/processed/train_set/normal_speech/7OHCOFFUamQ_seg_195.wav,7OHCOFFUamQ,normal_speech,train
7OHCOFFUamQ_seg_196.wav,data/processed/train_set/normal_speech/7OHCOFFUamQ_seg_196.wav,7OHCOFFUamQ,normal_speech,train
7OHCOFFUamQ_seg_197.wav,data/processed/train_set/normal_speech/7OHCOFFUamQ_seg_197.wav,7OHCOFFUamQ,normal_speech,train
7OHCOFFUamQ_seg_198.wav,data/processed/train_set/normal_speech/7OHCOFFUamQ_seg_198.wav,7OHCOFFUamQ,normal_speech,train
7OHCOFFUamQ_seg_199.wav,data/processed/train_set/normal_speech/7OHCOFFUamQ_seg_199.wav,7OHCOFFUamQ,normal_speech,train
7OHCOFFUamQ_seg_200.wav,data/processed/train_set/normal_speech/7OHCOFFUamQ_seg_200.wav,7OHCOFFUamQ,normal_speech,train
7OHCOFFUamQ_seg_201.wav,data/processed/train_set/normal_speech/7OHCOFFUamQ_seg_201.wav,7OHCOFFUamQ,normal_speech,train
7OHCOFFUamQ_seg_202.wav,data/processed/train_set/normal_speech/7OHCOFFUamQ_seg_202.wav,7OHCOFFUamQ,normal_speech,train
7OHCOFFUamQ_seg_203.wav,data/processed/train_set/normal_speech/7OHCOFFUamQ_seg_203.wav,7OHCOFFUamQ,normal_speech,train
7OHCOFFUamQ_seg_204.wav,data/processed/train_set/normal_speech/7OHCOFFUamQ_seg_204.wav,7OHCOFFUamQ,normal_speech,train
7OHCOFFUamQ_seg_205.wav,data/processed/train_set/normal_speech/7OHCOFFUamQ_seg_205.wav,7OHCOFFUamQ,normal_speech,train
7OHCOFFUamQ_seg_206.wav,data/processed/train_set/normal_speech/7OHCOFFUamQ_seg_206.wav,7OHCOFFUamQ,normal_speech,train
7OHCOFFUamQ_seg_207.wav,data/processed/train_set/normal_speech/7OHCOFFUamQ_seg_207.wav,7OHCOFFUamQ,normal_speech,train
7OHCOFFUamQ_seg_208.wav,data/processed/train_set/normal_speech/7OHCOFFUamQ_seg_208.wav,7OHCOFFUamQ,normal_speech,train
7OHCOFFUamQ_seg_209.wav,data/processed/train_set/normal_speech/7OHCOFFUamQ_seg_209.wav,7OHCOFFUamQ,normal_speech,train
7OHCOFFUamQ_seg_210.wav,data/processed/train_set/normal_speech/7OHCOFFUamQ_seg_210.wav,7OHCOFFUamQ,normal_speech,train
7OHCOFFUamQ_seg_211.wav,data/processed/train_set/normal_speech/7OHCOFFUamQ_seg_211.wav,7OHCOFFUamQ,normal_speech,train
7OHCOFFUamQ_seg_212.wav,data/processed/train_set/normal_speech/7OHCOFFUamQ_seg_212.wav,7OHCOFFUamQ,normal_speech,train
7OHCOFFUamQ_seg_213.wav,data/processed/train_set/normal_speech/7OHCOFFUamQ_seg_213.wav,7OHCOFFUamQ,normal_speech,train
7OHCOFFUamQ_seg_214.wav,data/processed/train_set/normal_speech/7OHCOFFUamQ_seg_214.wav,7OHCOFFUamQ,normal_speech,train
7OHCOFFUamQ_seg_215.wav,data/processed/train_set/normal_speech/7OHCOFFUamQ_seg_215.wav,7OHCOFFUamQ,normal_speech,train
7OHCOFFUamQ_seg_216.wav,data/processed/train_set/normal_speech/7OHCOFFUamQ_seg_216.wav,7OHCOFFUamQ,normal_speech,train
7OHCOFFUamQ_seg_217.wav,data/processed/train_set/normal_speech/7OHCOFFUamQ_seg_217.wav,7OHCOFFUamQ,normal_speech,train
7OHCOFFUamQ_seg_218.wav,data/processed/train_set/normal_speech/7OHCOFFUamQ_seg_218.wav,7OHCOFFUamQ,normal_speech,train
7OHCOFFUamQ_seg_219.wav,data/processed/train_set/normal_speech/7OHCOFFUamQ_seg_219.wav,7OHCOFFUamQ,normal_speech,train
7OHCOFFUamQ_seg_220.wav,data/processed/train_set/normal_speech/7OHCOFFUamQ_seg_220.wav,7OHCOFFUamQ,normal_speech,train
7OHCOFFUamQ_seg_221.wav,data/processed/train_set/normal_speech/7OHCOFFUamQ_seg_221.wav,7OHCOFFUamQ,normal_speech,train
7OHCOFFUamQ_seg_222.wav,data/processed/train_set/normal_speech/7OHCOFFUamQ_seg_222.wav,7OHCOFFUamQ,normal_speech,train
7OHCOFFUamQ_seg_223.wav,data/processed/train_set/normal_speech/7OHCOFFUamQ_seg_223.wav,7OHCOFFUamQ,normal_speech,train
7OHCOFFUamQ_seg_224.wav,data/processed/train_set/normal_speech/7OHCOFFUamQ_seg_224.wav,7OHCOFFUamQ,normal_speech,train
7OHCOFFUamQ_seg_225.wav,data/processed/train_set/normal_speech/7OHCOFFUamQ_seg_225.wav,7OHCOFFUamQ,normal_speech,train
7OHCOFFUamQ_seg_226.wav,data/processed/train_set/normal_speech/7OHCOFFUamQ_seg_226.wav,7OHCOFFUamQ,normal_speech,train
7OHCOFFUamQ_seg_227.wav,data/processed/train_set/normal_speech/7OHCOFFUamQ_seg_227.wav,7OHCOFFUamQ,normal_speech,train
7OHCOFFUamQ_seg_228.wav,data/processed/train_set/normal_speech/7OHCOFFUamQ_seg_228.wav,7OHCOFFUamQ,normal_speech,train
7OHCOFFUamQ_seg_229.wav,data/processed/train_set/normal_speech/7OHCOFFUamQ_seg_229.wav,7OHCOFFUamQ,normal_speech,train
7OHCOFFUamQ_seg_230.wav,data/processed/train_set/normal_speech/7OHCOFFUamQ_seg_230.wav,7OHCOFFUamQ,normal_speech,train
7OHCOFFUamQ_seg_231.wav,data/processed/train_set/normal_speech/7OHCOFFUamQ_seg_231.wav,7OHCOFFUamQ,normal_speech,train
7OHCOFFUamQ_seg_232.wav,data/processed/train_set/normal_speech/7OHCOFFUamQ_seg_232.wav,7OHCOFFUamQ,normal_speech,train
7OHCOFFUamQ_seg_233.wav,data/processed/train_set/normal_speech/7OHCOFFUamQ_seg_233.wav,7OHCOFFUamQ,normal_speech,train
7OHCOFFUamQ_seg_234.wav,data/processed/train_set/normal_speech/7OHCOFFUamQ_seg_234.wav,7OHCOFFUamQ,normal_speech,train
7OHCOFFUamQ_seg_235.wav,data/processed/train_set/normal_speech/7OHCOFFUamQ_seg_235.wav,7OHCOFFUamQ,normal_speech,train
7OHCOFFUamQ_seg_236.wav,data/processed/train_set/normal_speech/7OHCOFFUamQ_seg_236.wav,7OHCOFFUamQ,normal_speech,train
7OHCOFFUamQ_seg_237.wav,data/processed/train_set/normal_speech/7OHCOFFUamQ_seg_237.wav,7OHCOFFUamQ,normal_speech,train
7OHCOFFUamQ_seg_238.wav,data/processed/train_set/normal_speech/7OHCOFFUamQ_seg_238.wav,7OHCOFFUamQ,normal_speech,train
7OHCOFFUamQ_seg_239.wav,data/processed/train_set/normal_speech/7OHCOFFUamQ_seg_239.wav,7OHCOFFUamQ,normal_speech,train
7OHCOFFUamQ_seg_240.wav,data/processed/train_set/normal_speech/7OHCOFFUamQ_seg_240.wav,7OHCOFFUamQ,normal_speech,train
7OHCOFFUamQ_seg_241.wav,data/processed/train_set/normal_speech/7OHCOFFUamQ_seg_241.wav,7OHCOFFUamQ,normal_speech,train
7OHCOFFUamQ_seg_242.wav,data/processed/train_set/normal_speech/7OHCOFFUamQ_seg_242.wav,7OHCOFFUamQ,normal_speech,train
7OHCOFFUamQ_seg_243.wav,data/processed/train_set/normal_speech/7OHCOFFUamQ_seg_243.wav,7OHCOFFUamQ,normal_speech,train
7OHCOFFUamQ_seg_244.wav,data/processed/train_set/normal_speech/7OHCOFFUamQ_seg_244.wav,7OHCOFFUamQ,normal_speech,train
7OHCOFFUamQ_seg_245.wav,data/processed/train_set/normal_speech/7OHCOFFUamQ_seg_245.wav,7OHCOFFUamQ,normal_speech,train
7OHCOFFUamQ_seg_246.wav,data/processed/train_set/normal_speech/7OHCOFFUamQ_seg_246.wav,7OHCOFFUamQ,normal_speech,train
7OHCOFFUamQ_seg_247.wav,data/processed/train_set/normal_speech/7OHCOFFUamQ_seg_247.wav,7OHCOFFUamQ,normal_speech,train
7OHCOFFUamQ_seg_248.wav,data/processed/train_set/normal_speech/7OHCOFFUamQ_seg_248.wav,7OHCOFFUamQ,normal_speech,train
7OHCOFFUamQ_seg_249.wav,data/processed/train_set/normal_speech/7OHCOFFUamQ_seg_249.wav,7OHCOFFUamQ,normal_speech,train
7OHCOFFUamQ_seg_250.wav,data/processed/train_set/normal_speech/7OHCOFFUamQ_seg_250.wav,7OHCOFFUamQ,normal_speech,train
7OHCOFFUamQ_seg_251.wav,data/processed/train_set/normal_speech/7OHCOFFUamQ_seg_251.wav,7OHCOFFUamQ,normal_speech,train
7OHCOFFUamQ_seg_252.wav,data/processed/train_set/normal_speech/7OHCOFFUamQ_seg_252.wav,7OHCOFFUamQ,normal_speech,train
7OHCOFFUamQ_seg_253.wav,data/processed/train_set/normal_speech/7OHCOFFUamQ_seg_253.wav,7OHCOFFUamQ,normal_speech,train
7OHCOFFUamQ_seg_254.wav,data/processed/train_set/normal_speech/7OHCOFFUamQ_seg_254.wav,7OHCOFFUamQ,normal_speech,train
7OHCOFFUamQ_seg_255.wav,data/processed/train_set/normal_speech/7OHCOFFUamQ_seg_255.wav,7OHCOFFUamQ,normal_speech,train
7OHCOFFUamQ_seg_256.wav,data/processed/train_set/normal_speech/7OHCOFFUamQ_seg_256.wav,7OHCOFFUamQ,normal_speech,train
7OHCOFFUamQ_seg_257.wav,data/processed/train_set/normal_speech/7OHCOFFUamQ_seg_257.wav,7OHCOFFUamQ,normal_speech,train
7OHCOFFUamQ_seg_258.wav,data/processed/train_set/normal_speech/7OHCOFFUamQ_seg_258.wav,7OHCOFFUamQ,normal_speech,train
7OHCOFFUamQ_seg_259.wav,data/processed/train_set/normal_speech/7OHCOFFUamQ_seg_259.wav,7OHCOFFUamQ,normal_speech,train
7OHCOFFUamQ_seg_260.wav,data/processed/train_set/normal_speech/7OHCOFFUamQ_seg_260.wav,7OHCOFFUamQ,normal_speech,train
7OHCOFFUamQ_seg_261.wav,data/processed/train_set/normal_speech/7OHCOFFUamQ_seg_261.wav,7OHCOFFUamQ,normal_speech,train
7OHCOFFUamQ_seg_262.wav,data/processed/train_set/normal_speech/7OHCOFFUamQ_seg_262.wav,7OHCOFFUamQ,normal_speech,train
D8rC1GHnGXc_seg_000.wav,data/processed/train_set/normal_speech/D8rC1GHnGXc_seg_000.wav,D8rC1GHnGXc,normal_speech,train
D8rC1GHnGXc_seg_001.wav,data/processed/train_set/normal_speech/D8rC1GHnGXc_seg_001.wav,D8rC1GHnGXc,normal_speech,train
D8rC1GHnGXc_seg_002.wav,data/processed/train_set/normal_speech/D8rC1GHnGXc_seg_002.wav,D8rC1GHnGXc,normal_speech,train
D8rC1GHnGXc_seg_003.wav,data/processed/train_set/normal_speech/D8rC1GHnGXc_seg_003.wav,D8rC1GHnGXc,normal_speech,train
D8rC1GHnGXc_seg_004.wav,data/processed/train_set/normal_speech/D8rC1GHnGXc_seg_004.wav,D8rC1GHnGXc,normal_speech,train
D8rC1GHnGXc_seg_005.wav,data/processed/train_set/normal_speech/D8rC1GHnGXc_seg_005.wav,D8rC1GHnGXc,normal_speech,train
D8rC1GHnGXc_seg_006.wav,data/processed/train_set/normal_speech/D8rC1GHnGXc_seg_006.wav,D8rC1GHnGXc,normal_speech,train
D8rC1GHnGXc_seg_007.wav,data/processed/train_set/normal_speech/D8rC1GHnGXc_seg_007.wav,D8rC1GHnGXc,normal_speech,train
D8rC1GHnGXc_seg_008.wav,data/processed/train_set/normal_speech/D8rC1GHnGXc_seg_008.wav,D8rC1GHnGXc,normal_speech,train
D8rC1GHnGXc_seg_009.wav,data/processed/train_set/normal_speech/D8rC1GHnGXc_seg_009.wav,D8rC1GHnGXc,normal_speech,train
D8rC1GHnGXc_seg_010.wav,data/processed/train_set/normal_speech/D8rC1GHnGXc_seg_010.wav,D8rC1GHnGXc,normal_speech,train
D8rC1GHnGXc_seg_011.wav,data/processed/train_set/normal_speech/D8rC1GHnGXc_seg_011.wav,D8rC1GHnGXc,normal_speech,train
D8rC1GHnGXc_seg_012.wav,data/processed/train_set/normal_speech/D8rC1GHnGXc_seg_012.wav,D8rC1GHnGXc,normal_speech,train
D8rC1GHnGXc_seg_013.wav,data/processed/train_set/normal_speech/D8rC1GHnGXc_seg_013.wav,D8rC1GHnGXc,normal_speech,train
D8rC1GHnGXc_seg_014.wav,data/processed/train_set/normal_speech/D8rC1GHnGXc_seg_014.wav,D8rC1GHnGXc,normal_speech,train
D8rC1GHnGXc_seg_015.wav,data/processed/train_set/normal_speech/D8rC1GHnGXc_seg_015.wav,D8rC1GHnGXc,normal_speech,train
D8rC1GHnGXc_seg_016.wav,data/processed/train_set/normal_speech/D8rC1GHnGXc_seg_016.wav,D8rC1GHnGXc,normal_speech,train
D8rC1GHnGXc_seg_017.wav,data/processed/train_set/normal_speech/D8rC1GHnGXc_seg_017.wav,D8rC1GHnGXc,normal_speech,train
D8rC1GHnGXc_seg_018.wav,data/processed/train_set/normal_speech/D8rC1GHnGXc_seg_018.wav,D8rC1GHnGXc,normal_speech,train
D8rC1GHnGXc_seg_019.wav,data/processed/train_set/normal_speech/D8rC1GHnGXc_seg_019.wav,D8rC1GHnGXc,normal_speech,train
D8rC1GHnGXc_seg_020.wav,data/processed/train_set/normal_speech/D8rC1GHnGXc_seg_020.wav,D8rC1GHnGXc,normal_speech,train
D8rC1GHnGXc_seg_021.wav,data/processed/train_set/normal_speech/D8rC1GHnGXc_seg_021.wav,D8rC1GHnGXc,normal_speech,train
D8rC1GHnGXc_seg_022.wav,data/processed/train_set/normal_speech/D8rC1GHnGXc_seg_022.wav,D8rC1GHnGXc,normal_speech,train
D8rC1GHnGXc_seg_023.wav,data/processed/train_set/normal_speech/D8rC1GHnGXc_seg_023.wav,D8rC1GHnGXc,normal_speech,train
D8rC1GHnGXc_seg_024.wav,data/processed/train_set/normal_speech/D8rC1GHnGXc_seg_024.wav,D8rC1GHnGXc,normal_speech,train
D8rC1GHnGXc_seg_025.wav,data/processed/train_set/normal_speech/D8rC1GHnGXc_seg_025.wav,D8rC1GHnGXc,normal_speech,train
D8rC1GHnGXc_seg_026.wav,data/processed/train_set/normal_speech/D8rC1GHnGXc_seg_026.wav,D8rC1GHnGXc,normal_speech,train
D8rC1GHnGXc_seg_027.wav,data/processed/train_set/normal_speech/D8rC1GHnGXc_seg_027.wav,D8rC1GHnGXc,normal_speech,train
D8rC1GHnGXc_seg_028.wav,data/processed/train_set/normal_speech/D8rC1GHnGXc_seg_028.wav,D8rC1GHnGXc,normal_speech,train
D8rC1GHnGXc_seg_029.wav,data/processed/train_set/normal_speech/D8rC1GHnGXc_seg_029.wav,D8rC1GHnGXc,normal_speech,train
D8rC1GHnGXc_seg_030.wav,data/processed/train_set/normal_speech/D8rC1GHnGXc_seg_030.wav,D8rC1GHnGXc,normal_speech,train
D8rC1GHnGXc_seg_031.wav,data/processed/train_set/normal_speech/D8rC1GHnGXc_seg_031.wav,D8rC1GHnGXc,normal_speech,train
D8rC1GHnGXc_seg_032.wav,data/processed/train_set/normal_speech/D8rC1GHnGXc_seg_032.wav,D8rC1GHnGXc,normal_speech,train
D8rC1GHnGXc_seg_033.wav,data/processed/train_set/normal_speech/D8rC1GHnGXc_seg_033.wav,D8rC1GHnGXc,normal_speech,train
D8rC1GHnGXc_seg_034.wav,data/processed/train_set/normal_speech/D8rC1GHnGXc_seg_034.wav,D8rC1GHnGXc,normal_speech,train
D8rC1GHnGXc_seg_035.wav,data/processed/train_set/normal_speech/D8rC1GHnGXc_seg_035.wav,D8rC1GHnGXc,normal_speech,train
D8rC1GHnGXc_seg_036.wav,data/processed/train_set/normal_speech/D8rC1GHnGXc_seg_036.wav,D8rC1GHnGXc,normal_speech,train
D8rC1GHnGXc_seg_037.wav,data/processed/train_set/normal_speech/D8rC1GHnGXc_seg_037.wav,D8rC1GHnGXc,normal_speech,train
D8rC1GHnGXc_seg_038.wav,data/processed/train_set/normal_speech/D8rC1GHnGXc_seg_038.wav,D8rC1GHnGXc,normal_speech,train
D8rC1GHnGXc_seg_039.wav,data/processed/train_set/normal_speech/D8rC1GHnGXc_seg_039.wav,D8rC1GHnGXc,normal_speech,train
D8rC1GHnGXc_seg_040.wav,data/processed/train_set/normal_speech/D8rC1GHnGXc_seg_040.wav,D8rC1GHnGXc,normal_speech,train
D8rC1GHnGXc_seg_041.wav,data/processed/train_set/normal_speech/D8rC1GHnGXc_seg_041.wav,D8rC1GHnGXc,normal_speech,train
D8rC1GHnGXc_seg_042.wav,data/processed/train_set/normal_speech/D8rC1GHnGXc_seg_042.wav,D8rC1GHnGXc,normal_speech,train
D8rC1GHnGXc_seg_043.wav,data/processed/train_set/normal_speech/D8rC1GHnGXc_seg_043.wav,D8rC1GHnGXc,normal_speech,train
D8rC1GHnGXc_seg_044.wav,data/processed/train_set/normal_speech/D8rC1GHnGXc_seg_044.wav,D8rC1GHnGXc,normal_speech,train
D8rC1GHnGXc_seg_045.wav,data/processed/train_set/normal_speech/D8rC1GHnGXc_seg_045.wav,D8rC1GHnGXc,normal_speech,train
D8rC1GHnGXc_seg_046.wav,data/processed/train_set/normal_speech/D8rC1GHnGXc_seg_046.wav,D8rC1GHnGXc,normal_speech,train
D8rC1GHnGXc_seg_047.wav,data/processed/train_set/normal_speech/D8rC1GHnGXc_seg_047.wav,D8rC1GHnGXc,normal_speech,train
D8rC1GHnGXc_seg_048.wav,data/processed/train_set/normal_speech/D8rC1GHnGXc_seg_048.wav,D8rC1GHnGXc,normal_speech,train
D8rC1GHnGXc_seg_049.wav,data/processed/train_set/normal_speech/D8rC1GHnGXc_seg_049.wav,D8rC1GHnGXc,normal_speech,train
D8rC1GHnGXc_seg_050.wav,data/processed/train_set/normal_speech/D8rC1GHnGXc_seg_050.wav,D8rC1GHnGXc,normal_speech,train
D8rC1GHnGXc_seg_051.wav,data/processed/train_set/normal_speech/D8rC1GHnGXc_seg_051.wav,D8rC1GHnGXc,normal_speech,train
D8rC1GHnGXc_seg_052.wav,data/processed/train_set/normal_speech/D8rC1GHnGXc_seg_052.wav,D8rC1GHnGXc,normal_speech,train
D8rC1GHnGXc_seg_053.wav,data/processed/train_set/normal_speech/D8rC1GHnGXc_seg_053.wav,D8rC1GHnGXc,normal_speech,train
D8rC1GHnGXc_seg_054.wav,data/processed/train_set/normal_speech/D8rC1GHnGXc_seg_054.wav,D8rC1GHnGXc,normal_speech,train
D8rC1GHnGXc_seg_055.wav,data/processed/train_set/normal_speech/D8rC1GHnGXc_seg_055.wav,D8rC1GHnGXc,normal_speech,train
D8rC1GHnGXc_seg_056.wav,data/processed/train_set/normal_speech/D8rC1GHnGXc_seg_056.wav,D8rC1GHnGXc,normal_speech,train
D8rC1GHnGXc_seg_057.wav,data/processed/train_set/normal_speech/D8rC1GHnGXc_seg_057.wav,D8rC1GHnGXc,normal_speech,train
D8rC1GHnGXc_seg_058.wav,data/processed/train_set/normal_speech/D8rC1GHnGXc_seg_058.wav,D8rC1GHnGXc,normal_speech,train
D8rC1GHnGXc_seg_059.wav,data/processed/train_set/normal_speech/D8rC1GHnGXc_seg_059.wav,D8rC1GHnGXc,normal_speech,train
D8rC1GHnGXc_seg_060.wav,data/processed/train_set/normal_speech/D8rC1GHnGXc_seg_060.wav,D8rC1GHnGXc,normal_speech,train
D8rC1GHnGXc_seg_061.wav,data/processed/train_set/normal_speech/D8rC1GHnGXc_seg_061.wav,D8rC1GHnGXc,normal_speech,train
D8rC1GHnGXc_seg_062.wav,data/processed/train_set/normal_speech/D8rC1GHnGXc_seg_062.wav,D8rC1GHnGXc,normal_speech,train
D8rC1GHnGXc_seg_063.wav,data/processed/train_set/normal_speech/D8rC1GHnGXc_seg_063.wav,D8rC1GHnGXc,normal_speech,train
D8rC1GHnGXc_seg_064.wav,data/processed/train_set/normal_speech/D8rC1GHnGXc_seg_064.wav,D8rC1GHnGXc,normal_speech,train
D8rC1GHnGXc_seg_065.wav,data/processed/train_set/normal_speech/D8rC1GHnGXc_seg_065.wav,D8rC1GHnGXc,normal_speech,train
D8rC1GHnGXc_seg_066.wav,data/processed/train_set/normal_speech/D8rC1GHnGXc_seg_066.wav,D8rC1GHnGXc,normal_speech,train
D8rC1GHnGXc_seg_067.wav,data/processed/train_set/normal_speech/D8rC1GHnGXc_seg_067.wav,D8rC1GHnGXc,normal_speech,train
D8rC1GHnGXc_seg_068.wav,data/processed/train_set/normal_speech/D8rC1GHnGXc_seg_068.wav,D8rC1GHnGXc,normal_speech,train
D8rC1GHnGXc_seg_069.wav,data/processed/train_set/normal_speech/D8rC1GHnGXc_seg_069.wav,D8rC1GHnGXc,normal_speech,train
D8rC1GHnGXc_seg_070.wav,data/processed/train_set/normal_speech/D8rC1GHnGXc_seg_070.wav,D8rC1GHnGXc,normal_speech,train
D8rC1GHnGXc_seg_071.wav,data/processed/train_set/normal_speech/D8rC1GHnGXc_seg_071.wav,D8rC1GHnGXc,normal_speech,train
D8rC1GHnGXc_seg_072.wav,data/processed/train_set/normal_speech/D8rC1GHnGXc_seg_072.wav,D8rC1GHnGXc,normal_speech,train
D8rC1GHnGXc_seg_073.wav,data/processed/train_set/normal_speech/D8rC1GHnGXc_seg_073.wav,D8rC1GHnGXc,normal_speech,train
D8rC1GHnGXc_seg_074.wav,data/processed/train_set/normal_speech/D8rC1GHnGXc_seg_074.wav,D8rC1GHnGXc,normal_speech,train
D8rC1GHnGXc_seg_075.wav,data/processed/train_set/normal_speech/D8rC1GHnGXc_seg_075.wav,D8rC1GHnGXc,normal_speech,train
D8rC1GHnGXc_seg_076.wav,data/processed/train_set/normal_speech/D8rC1GHnGXc_seg_076.wav,D8rC1GHnGXc,normal_speech,train
D8rC1GHnGXc_seg_077.wav,data/processed/train_set/normal_speech/D8rC1GHnGXc_seg_077.wav,D8rC1GHnGXc,normal_speech,train
D8rC1GHnGXc_seg_078.wav,data/processed/train_set/normal_speech/D8rC1GHnGXc_seg_078.wav,D8rC1GHnGXc,normal_speech,train
D8rC1GHnGXc_seg_079.wav,data/processed/train_set/normal_speech/D8rC1GHnGXc_seg_079.wav,D8rC1GHnGXc,normal_speech,train
D8rC1GHnGXc_seg_080.wav,data/processed/train_set/normal_speech/D8rC1GHnGXc_seg_080.wav,D8rC1GHnGXc,normal_speech,train
D8rC1GHnGXc_seg_081.wav,data/processed/train_set/normal_speech/D8rC1GHnGXc_seg_081.wav,D8rC1GHnGXc,normal_speech,train
D8rC1GHnGXc_seg_082.wav,data/processed/train_set/normal_speech/D8rC1GHnGXc_seg_082.wav,D8rC1GHnGXc,normal_speech,train
D8rC1GHnGXc_seg_083.wav,data/processed/train_set/normal_speech/D8rC1GHnGXc_seg_083.wav,D8rC1GHnGXc,normal_speech,train
D8rC1GHnGXc_seg_084.wav,data/processed/train_set/normal_speech/D8rC1GHnGXc_seg_084.wav,D8rC1GHnGXc,normal_speech,train
D8rC1GHnGXc_seg_085.wav,data/processed/train_set/normal_speech/D8rC1GHnGXc_seg_085.wav,D8rC1GHnGXc,normal_speech,train
D8rC1GHnGXc_seg_086.wav,data/processed/train_set/normal_speech/D8rC1GHnGXc_seg_086.wav,D8rC1GHnGXc,normal_speech,train
D8rC1GHnGXc_seg_087.wav,data/processed/train_set/normal_speech/D8rC1GHnGXc_seg_087.wav,D8rC1GHnGXc,normal_speech,train
D8rC1GHnGXc_seg_088.wav,data/processed/train_set/normal_speech/D8rC1GHnGXc_seg_088.wav,D8rC1GHnGXc,normal_speech,train
D8rC1GHnGXc_seg_089.wav,data/processed/train_set/normal_speech/D8rC1GHnGXc_seg_089.wav,D8rC1GHnGXc,normal_speech,train
D8rC1GHnGXc_seg_090.wav,data/processed/train_set/normal_speech/D8rC1GHnGXc_seg_090.wav,D8rC1GHnGXc,normal_speech,train
D8rC1GHnGXc_seg_091.wav,data/processed/train_set/normal_speech/D8rC1GHnGXc_seg_091.wav,D8rC1GHnGXc,normal_speech,train
D8rC1GHnGXc_seg_092.wav,data/processed/train_set/normal_speech/D8rC1GHnGXc_seg_092.wav,D8rC1GHnGXc,normal_speech,train
D8rC1GHnGXc_seg_093.wav,data/processed/train_set/normal_speech/D8rC1GHnGXc_seg_093.wav,D8rC1GHnGXc,normal_speech,train
D8rC1GHnGXc_seg_094.wav,data/processed/train_set/normal_speech/D8rC1GHnGXc_seg_094.wav,D8rC1GHnGXc,normal_speech,train
D8rC1GHnGXc_seg_095.wav,data/processed/train_set/normal_speech/D8rC1GHnGXc_seg_095.wav,D8rC1GHnGXc,normal_speech,train
D8rC1GHnGXc_seg_096.wav,data/processed/train_set/normal_speech/D8rC1GHnGXc_seg_096.wav,D8rC1GHnGXc,normal_speech,train
D8rC1GHnGXc_seg_097.wav,data/processed/train_set/normal_speech/D8rC1GHnGXc_seg_097.wav,D8rC1GHnGXc,normal_speech,train
D8rC1GHnGXc_seg_098.wav,data/processed/train_set/normal_speech/D8rC1GHnGXc_seg_098.wav,D8rC1GHnGXc,normal_speech,train
D8rC1GHnGXc_seg_099.wav,data/processed/train_set/normal_speech/D8rC1GHnGXc_seg_099.wav,D8rC1GHnGXc,normal_speech,train
D8rC1GHnGXc_seg_100.wav,data/processed/train_set/normal_speech/D8rC1GHnGXc_seg_100.wav,D8rC1GHnGXc,normal_speech,train
D8rC1GHnGXc_seg_101.wav,data/processed/train_set/normal_speech/D8rC1GHnGXc_seg_101.wav,D8rC1GHnGXc,normal_speech,train
D8rC1GHnGXc_seg_102.wav,data/processed/train_set/normal_speech/D8rC1GHnGXc_seg_102.wav,D8rC1GHnGXc,normal_speech,train
D8rC1GHnGXc_seg_103.wav,data/processed/train_set/normal_speech/D8rC1GHnGXc_seg_103.wav,D8rC1GHnGXc,normal_speech,train
D8rC1GHnGXc_seg_104.wav,data/processed/train_set/normal_speech/D8rC1GHnGXc_seg_104.wav,D8rC1GHnGXc,normal_speech,train
D8rC1GHnGXc_seg_105.wav,data/processed/train_set/normal_speech/D8rC1GHnGXc_seg_105.wav,D8rC1GHnGXc,normal_speech,train
D8rC1GHnGXc_seg_106.wav,data/processed/train_set/normal_speech/D8rC1GHnGXc_seg_106.wav,D8rC1GHnGXc,normal_speech,train
D8rC1GHnGXc_seg_107.wav,data/processed/train_set/normal_speech/D8rC1GHnGXc_seg_107.wav,D8rC1GHnGXc,normal_speech,train
D8rC1GHnGXc_seg_108.wav,data/processed/train_set/normal_speech/D8rC1GHnGXc_seg_108.wav,D8rC1GHnGXc,normal_speech,train
D8rC1GHnGXc_seg_109.wav,data/processed/train_set/normal_speech/D8rC1GHnGXc_seg_109.wav,D8rC1GHnGXc,normal_speech,train
D8rC1GHnGXc_seg_110.wav,data/processed/train_set/normal_speech/D8rC1GHnGXc_seg_110.wav,D8rC1GHnGXc,normal_speech,train
D8rC1GHnGXc_seg_111.wav,data/processed/train_set/normal_speech/D8rC1GHnGXc_seg_111.wav,D8rC1GHnGXc,normal_speech,train
D8rC1GHnGXc_seg_112.wav,data/processed/train_set/normal_speech/D8rC1GHnGXc_seg_112.wav,D8rC1GHnGXc,normal_speech,train
D8rC1GHnGXc_seg_113.wav,data/processed/train_set/normal_speech/D8rC1GHnGXc_seg_113.wav,D8rC1GHnGXc,normal_speech,train
D8rC1GHnGXc_seg_114.wav,data/processed/train_set/normal_speech/D8rC1GHnGXc_seg_114.wav,D8rC1GHnGXc,normal_speech,train
D8rC1GHnGXc_seg_115.wav,data/processed/train_set/normal_speech/D8rC1GHnGXc_seg_115.wav,D8rC1GHnGXc,normal_speech,train
D8rC1GHnGXc_seg_116.wav,data/processed/train_set/normal_speech/D8rC1GHnGXc_seg_116.wav,D8rC1GHnGXc,normal_speech,train
D8rC1GHnGXc_seg_117.wav,data/processed/train_set/normal_speech/D8rC1GHnGXc_seg_117.wav,D8rC1GHnGXc,normal_speech,train
D8rC1GHnGXc_seg_118.wav,data/processed/train_set/normal_speech/D8rC1GHnGXc_seg_118.wav,D8rC1GHnGXc,normal_speech,train
D8rC1GHnGXc_seg_119.wav,data/processed/train_set/normal_speech/D8rC1GHnGXc_seg_119.wav,D8rC1GHnGXc,normal_speech,train
D8rC1GHnGXc_seg_120.wav,data/processed/train_set/normal_speech/D8rC1GHnGXc_seg_120.wav,D8rC1GHnGXc,normal_speech,train
D8rC1GHnGXc_seg_121.wav,data/processed/train_set/normal_speech/D8rC1GHnGXc_seg_121.wav,D8rC1GHnGXc,normal_speech,train
D8rC1GHnGXc_seg_122.wav,data/processed/train_set/normal_speech/D8rC1GHnGXc_seg_122.wav,D8rC1GHnGXc,normal_speech,train
D8rC1GHnGXc_seg_123.wav,data/processed/train_set/normal_speech/D8rC1GHnGXc_seg_123.wav,D8rC1GHnGXc,normal_speech,train
D8rC1GHnGXc_seg_124.wav,data/processed/train_set/normal_speech/D8rC1GHnGXc_seg_124.wav,D8rC1GHnGXc,normal_speech,train
D8rC1GHnGXc_seg_125.wav,data/processed/train_set/normal_speech/D8rC1GHnGXc_seg_125.wav,D8rC1GHnGXc,normal_speech,train
D8rC1GHnGXc_seg_126.wav,data/processed/train_set/normal_speech/D8rC1GHnGXc_seg_126.wav,D8rC1GHnGXc,normal_speech,train
D8rC1GHnGXc_seg_127.wav,data/processed/train_set/normal_speech/D8rC1GHnGXc_seg_127.wav,D8rC1GHnGXc,normal_speech,train
D8rC1GHnGXc_seg_128.wav,data/processed/train_set/normal_speech/D8rC1GHnGXc_seg_128.wav,D8rC1GHnGXc,normal_speech,train
D8rC1GHnGXc_seg_129.wav,data/processed/train_set/normal_speech/D8rC1GHnGXc_seg_129.wav,D8rC1GHnGXc,normal_speech,train
D8rC1GHnGXc_seg_130.wav,data/processed/train_set/normal_speech/D8rC1GHnGXc_seg_130.wav,D8rC1GHnGXc,normal_speech,train
D8rC1GHnGXc_seg_131.wav,data/processed/train_set/normal_speech/D8rC1GHnGXc_seg_131.wav,D8rC1GHnGXc,normal_speech,train
D8rC1GHnGXc_seg_132.wav,data/processed/train_set/normal_speech/D8rC1GHnGXc_seg_132.wav,D8rC1GHnGXc,normal_speech,train
D8rC1GHnGXc_seg_133.wav,data/processed/train_set/normal_speech/D8rC1GHnGXc_seg_133.wav,D8rC1GHnGXc,normal_speech,train
D8rC1GHnGXc_seg_134.wav,data/processed/train_set/normal_speech/D8rC1GHnGXc_seg_134.wav,D8rC1GHnGXc,normal_speech,train
D8rC1GHnGXc_seg_135.wav,data/processed/train_set/normal_speech/D8rC1GHnGXc_seg_135.wav,D8rC1GHnGXc,normal_speech,train
D8rC1GHnGXc_seg_136.wav,data/processed/train_set/normal_speech/D8rC1GHnGXc_seg_136.wav,D8rC1GHnGXc,normal_speech,train
D8rC1GHnGXc_seg_137.wav,data/processed/train_set/normal_speech/D8rC1GHnGXc_seg_137.wav,D8rC1GHnGXc,normal_speech,train
D8rC1GHnGXc_seg_138.wav,data/processed/train_set/normal_speech/D8rC1GHnGXc_seg_138.wav,D8rC1GHnGXc,normal_speech,train
D8rC1GHnGXc_seg_139.wav,data/processed/train_set/normal_speech/D8rC1GHnGXc_seg_139.wav,D8rC1GHnGXc,normal_speech,train
D8rC1GHnGXc_seg_140.wav,data/processed/train_set/normal_speech/D8rC1GHnGXc_seg_140.wav,D8rC1GHnGXc,normal_speech,train
D8rC1GHnGXc_seg_141.wav,data/processed/train_set/normal_speech/D8rC1GHnGXc_seg_141.wav,D8rC1GHnGXc,normal_speech,train
D8rC1GHnGXc_seg_142.wav,data/processed/train_set/normal_speech/D8rC1GHnGXc_seg_142.wav,D8rC1GHnGXc,normal_speech,train
D8rC1GHnGXc_seg_143.wav,data/processed/train_set/normal_speech/D8rC1GHnGXc_seg_143.wav,D8rC1GHnGXc,normal_speech,train
D8rC1GHnGXc_seg_144.wav,data/processed/train_set/normal_speech/D8rC1GHnGXc_seg_144.wav,D8rC1GHnGXc,normal_speech,train
D8rC1GHnGXc_seg_145.wav,data/processed/train_set/normal_speech/D8rC1GHnGXc_seg_145.wav,D8rC1GHnGXc,normal_speech,train
D8rC1GHnGXc_seg_146.wav,data/processed/train_set/normal_speech/D8rC1GHnGXc_seg_146.wav,D8rC1GHnGXc,normal_speech,train
D8rC1GHnGXc_seg_147.wav,data/processed/train_set/normal_speech/D8rC1GHnGXc_seg_147.wav,D8rC1GHnGXc,normal_speech,train
D8rC1GHnGXc_seg_148.wav,data/processed/train_set/normal_speech/D8rC1GHnGXc_seg_148.wav,D8rC1GHnGXc,normal_speech,train
D8rC1GHnGXc_seg_149.wav,data/processed/train_set/normal_speech/D8rC1GHnGXc_seg_149.wav,D8rC1GHnGXc,normal_speech,train
D8rC1GHnGXc_seg_150.wav,data/processed/train_set/normal_speech/D8rC1GHnGXc_seg_150.wav,D8rC1GHnGXc,normal_speech,train
D8rC1GHnGXc_seg_151.wav,data/processed/train_set/normal_speech/D8rC1GHnGXc_seg_151.wav,D8rC1GHnGXc,normal_speech,train
D8rC1GHnGXc_seg_152.wav,data/processed/train_set/normal_speech/D8rC1GHnGXc_seg_152.wav,D8rC1GHnGXc,normal_speech,train
D8rC1GHnGXc_seg_153.wav,data/processed/train_set/normal_speech/D8rC1GHnGXc_seg_153.wav,D8rC1GHnGXc,normal_speech,train
D8rC1GHnGXc_seg_154.wav,data/processed/train_set/normal_speech/D8rC1GHnGXc_seg_154.wav,D8rC1GHnGXc,normal_speech,train
D8rC1GHnGXc_seg_155.wav,data/processed/train_set/normal_speech/D8rC1GHnGXc_seg_155.wav,D8rC1GHnGXc,normal_speech,train
D8rC1GHnGXc_seg_156.wav,data/processed/train_set/normal_speech/D8rC1GHnGXc_seg_156.wav,D8rC1GHnGXc,normal_speech,train
D8rC1GHnGXc_seg_157.wav,data/processed/train_set/normal_speech/D8rC1GHnGXc_seg_157.wav,D8rC1GHnGXc,normal_speech,train
D8rC1GHnGXc_seg_158.wav,data/processed/train_set/normal_speech/D8rC1GHnGXc_seg_158.wav,D8rC1GHnGXc,normal_speech,train
D8rC1GHnGXc_seg_159.wav,data/processed/train_set/normal_speech/D8rC1GHnGXc_seg_159.wav,D8rC1GHnGXc,normal_speech,train
D8rC1GHnGXc_seg_160.wav,data/processed/train_set/normal_speech/D8rC1GHnGXc_seg_160.wav,D8rC1GHnGXc,normal_speech,train
D8rC1GHnGXc_seg_161.wav,data/processed/train_set/normal_speech/D8rC1GHnGXc_seg_161.wav,D8rC1GHnGXc,normal_speech,train
D8rC1GHnGXc_seg_162.wav,data/processed/train_set/normal_speech/D8rC1GHnGXc_seg_162.wav,D8rC1GHnGXc,normal_speech,train
D8rC1GHnGXc_seg_163.wav,data/processed/train_set/normal_speech/D8rC1GHnGXc_seg_163.wav,D8rC1GHnGXc,normal_speech,train
D8rC1GHnGXc_seg_164.wav,data/processed/train_set/normal_speech/D8rC1GHnGXc_seg_164.wav,D8rC1GHnGXc,normal_speech,train
D8rC1GHnGXc_seg_165.wav,data/processed/train_set/normal_speech/D8rC1GHnGXc_seg_165.wav,D8rC1GHnGXc,normal_speech,train
D8rC1GHnGXc_seg_166.wav,data/processed/train_set/normal_speech/D8rC1GHnGXc_seg_166.wav,D8rC1GHnGXc,normal_speech,train
D8rC1GHnGXc_seg_167.wav,data/processed/train_set/normal_speech/D8rC1GHnGXc_seg_167.wav,D8rC1GHnGXc,normal_speech,train
D8rC1GHnGXc_seg_168.wav,data/processed/train_set/normal_speech/D8rC1GHnGXc_seg_168.wav,D8rC1GHnGXc,normal_speech,train
D8rC1GHnGXc_seg_169.wav,data/processed/train_set/normal_speech/D8rC1GHnGXc_seg_169.wav,D8rC1GHnGXc,normal_speech,train
D8rC1GHnGXc_seg_170.wav,data/processed/train_set/normal_speech/D8rC1GHnGXc_seg_170.wav,D8rC1GHnGXc,normal_speech,train
D8rC1GHnGXc_seg_171.wav,data/processed/train_set/normal_speech/D8rC1GHnGXc_seg_171.wav,D8rC1GHnGXc,normal_speech,train
D8rC1GHnGXc_seg_172.wav,data/processed/train_set/normal_speech/D8rC1GHnGXc_seg_172.wav,D8rC1GHnGXc,normal_speech,train
D8rC1GHnGXc_seg_173.wav,data/processed/train_set/normal_speech/D8rC1GHnGXc_seg_173.wav,D8rC1GHnGXc,normal_speech,train
D8rC1GHnGXc_seg_174.wav,data/processed/train_set/normal_speech/D8rC1GHnGXc_seg_174.wav,D8rC1GHnGXc,normal_speech,train
D8rC1GHnGXc_seg_175.wav,data/processed/train_set/normal_speech/D8rC1GHnGXc_seg_175.wav,D8rC1GHnGXc,normal_speech,train
D8rC1GHnGXc_seg_176.wav,data/processed/train_set/normal_speech/D8rC1GHnGXc_seg_176.wav,D8rC1GHnGXc,normal_speech,train
D8rC1GHnGXc_seg_177.wav,data/processed/train_set/normal_speech/D8rC1GHnGXc_seg_177.wav,D8rC1GHnGXc,normal_speech,train
D8rC1GHnGXc_seg_178.wav,data/processed/train_set/normal_speech/D8rC1GHnGXc_seg_178.wav,D8rC1GHnGXc,normal_speech,train
D8rC1GHnGXc_seg_179.wav,data/processed/train_set/normal_speech/D8rC1GHnGXc_seg_179.wav,D8rC1GHnGXc,normal_speech,train
D8rC1GHnGXc_seg_180.wav,data/processed/train_set/normal_speech/D8rC1GHnGXc_seg_180.wav,D8rC1GHnGXc,normal_speech,train
D8rC1GHnGXc_seg_181.wav,data/processed/train_set/normal_speech/D8rC1GHnGXc_seg_181.wav,D8rC1GHnGXc,normal_speech,train
D8rC1GHnGXc_seg_182.wav,data/processed/train_set/normal_speech/D8rC1GHnGXc_seg_182.wav,D8rC1GHnGXc,normal_speech,train
D8rC1GHnGXc_seg_183.wav,data/processed/train_set/normal_speech/D8rC1GHnGXc_seg_183.wav,D8rC1GHnGXc,normal_speech,train
D8rC1GHnGXc_seg_184.wav,data/processed/train_set/normal_speech/D8rC1GHnGXc_seg_184.wav,D8rC1GHnGXc,normal_speech,train
D8rC1GHnGXc_seg_185.wav,data/processed/train_set/normal_speech/D8rC1GHnGXc_seg_185.wav,D8rC1GHnGXc,normal_speech,train
D8rC1GHnGXc_seg_186.wav,data/processed/train_set/normal_speech/D8rC1GHnGXc_seg_186.wav,D8rC1GHnGXc,normal_speech,train
D8rC1GHnGXc_seg_187.wav,data/processed/train_set/normal_speech/D8rC1GHnGXc_seg_187.wav,D8rC1GHnGXc,normal_speech,train
D8rC1GHnGXc_seg_188.wav,data/processed/train_set/normal_speech/D8rC1GHnGXc_seg_188.wav,D8rC1GHnGXc,normal_speech,train
D8rC1GHnGXc_seg_189.wav,data/processed/train_set/normal_speech/D8rC1GHnGXc_seg_189.wav,D8rC1GHnGXc,normal_speech,train
D8rC1GHnGXc_seg_190.wav,data/processed/train_set/normal_speech/D8rC1GHnGXc_seg_190.wav,D8rC1GHnGXc,normal_speech,train
D8rC1GHnGXc_seg_191.wav,data/processed/train_set/normal_speech/D8rC1GHnGXc_seg_191.wav,D8rC1GHnGXc,normal_speech,train
D8rC1GHnGXc_seg_192.wav,data/processed/train_set/normal_speech/D8rC1GHnGXc_seg_192.wav,D8rC1GHnGXc,normal_speech,train
D8rC1GHnGXc_seg_193.wav,data/processed/train_set/normal_speech/D8rC1GHnGXc_seg_193.wav,D8rC1GHnGXc,normal_speech,train
D8rC1GHnGXc_seg_194.wav,data/processed/train_set/normal_speech/D8rC1GHnGXc_seg_194.wav,D8rC1GHnGXc,normal_speech,train
D8rC1GHnGXc_seg_195.wav,data/processed/train_set/normal_speech/D8rC1GHnGXc_seg_195.wav,D8rC1GHnGXc,normal_speech,train
D8rC1GHnGXc_seg_196.wav,data/processed/train_set/normal_speech/D8rC1GHnGXc_seg_196.wav,D8rC1GHnGXc,normal_speech,train
D8rC1GHnGXc_seg_197.wav,data/processed/train_set/normal_speech/D8rC1GHnGXc_seg_197.wav,D8rC1GHnGXc,normal_speech,train
D8rC1GHnGXc_seg_198.wav,data/processed/train_set/normal_speech/D8rC1GHnGXc_seg_198.wav,D8rC1GHnGXc,normal_speech,train
D8rC1GHnGXc_seg_199.wav,data/processed/train_set/normal_speech/D8rC1GHnGXc_seg_199.wav,D8rC1GHnGXc,normal_speech,train
D8rC1GHnGXc_seg_200.wav,data/processed/train_set/normal_speech/D8rC1GHnGXc_seg_200.wav,D8rC1GHnGXc,normal_speech,train
D8rC1GHnGXc_seg_201.wav,data/processed/train_set/normal_speech/D8rC1GHnGXc_seg_201.wav,D8rC1GHnGXc,normal_speech,train
D8rC1GHnGXc_seg_202.wav,data/processed/train_set/normal_speech/D8rC1GHnGXc_seg_202.wav,D8rC1GHnGXc,normal_speech,train
D8rC1GHnGXc_seg_203.wav,data/processed/train_set/normal_speech/D8rC1GHnGXc_seg_203.wav,D8rC1GHnGXc,normal_speech,train
D8rC1GHnGXc_seg_204.wav,data/processed/train_set/normal_speech/D8rC1GHnGXc_seg_204.wav,D8rC1GHnGXc,normal_speech,train
D8rC1GHnGXc_seg_205.wav,data/processed/train_set/normal_speech/D8rC1GHnGXc_seg_205.wav,D8rC1GHnGXc,normal_speech,train
Jl4Waz8TmyU_seg_000.wav,data/processed/train_set/normal_speech/Jl4Waz8TmyU_seg_000.wav,Jl4Waz8TmyU,normal_speech,train
Jl4Waz8TmyU_seg_001.wav,data/processed/train_set/normal_speech/Jl4Waz8TmyU_seg_001.wav,Jl4Waz8TmyU,normal_speech,train
Jl4Waz8TmyU_seg_002.wav,data/processed/train_set/normal_speech/Jl4Waz8TmyU_seg_002.wav,Jl4Waz8TmyU,normal_speech,train
Jl4Waz8TmyU_seg_003.wav,data/processed/train_set/normal_speech/Jl4Waz8TmyU_seg_003.wav,Jl4Waz8TmyU,normal_speech,train
Jl4Waz8TmyU_seg_004.wav,data/processed/train_set/normal_speech/Jl4Waz8TmyU_seg_004.wav,Jl4Waz8TmyU,normal_speech,train
Jl4Waz8TmyU_seg_005.wav,data/processed/train_set/normal_speech/Jl4Waz8TmyU_seg_005.wav,Jl4Waz8TmyU,normal_speech,train
Jl4Waz8TmyU_seg_006.wav,data/processed/train_set/normal_speech/Jl4Waz8TmyU_seg_006.wav,Jl4Waz8TmyU,normal_speech,train
Jl4Waz8TmyU_seg_007.wav,data/processed/train_set/normal_speech/Jl4Waz8TmyU_seg_007.wav,Jl4Waz8TmyU,normal_speech,train
Jl4Waz8TmyU_seg_008.wav,data/processed/train_set/normal_speech/Jl4Waz8TmyU_seg_008.wav,Jl4Waz8TmyU,normal_speech,train
Jl4Waz8TmyU_seg_009.wav,data/processed/train_set/normal_speech/Jl4Waz8TmyU_seg_009.wav,Jl4Waz8TmyU,normal_speech,train
Jl4Waz8TmyU_seg_010.wav,data/processed/train_set/normal_speech/Jl4Waz8TmyU_seg_010.wav,Jl4Waz8TmyU,normal_speech,train
Jl4Waz8TmyU_seg_011.wav,data/processed/train_set/normal_speech/Jl4Waz8TmyU_seg_011.wav,Jl4Waz8TmyU,normal_speech,train
Jl4Waz8TmyU_seg_012.wav,data/processed/train_set/normal_speech/Jl4Waz8TmyU_seg_012.wav,Jl4Waz8TmyU,normal_speech,train
Jl4Waz8TmyU_seg_013.wav,data/processed/train_set/normal_speech/Jl4Waz8TmyU_seg_013.wav,Jl4Waz8TmyU,normal_speech,train
Jl4Waz8TmyU_seg_014.wav,data/processed/train_set/normal_speech/Jl4Waz8TmyU_seg_014.wav,Jl4Waz8TmyU,normal_speech,train
Jl4Waz8TmyU_seg_015.wav,data/processed/train_set/normal_speech/Jl4Waz8TmyU_seg_015.wav,Jl4Waz8TmyU,normal_speech,train
Jl4Waz8TmyU_seg_016.wav,data/processed/train_set/normal_speech/Jl4Waz8TmyU_seg_016.wav,Jl4Waz8TmyU,normal_speech,train
Jl4Waz8TmyU_seg_017.wav,data/processed/train_set/normal_speech/Jl4Waz8TmyU_seg_017.wav,Jl4Waz8TmyU,normal_speech,train
Jl4Waz8TmyU_seg_018.wav,data/processed/train_set/normal_speech/Jl4Waz8TmyU_seg_018.wav,Jl4Waz8TmyU,normal_speech,train
Jl4Waz8TmyU_seg_019.wav,data/processed/train_set/normal_speech/Jl4Waz8TmyU_seg_019.wav,Jl4Waz8TmyU,normal_speech,train
Jl4Waz8TmyU_seg_020.wav,data/processed/train_set/normal_speech/Jl4Waz8TmyU_seg_020.wav,Jl4Waz8TmyU,normal_speech,train
Jl4Waz8TmyU_seg_021.wav,data/processed/train_set/normal_speech/Jl4Waz8TmyU_seg_021.wav,Jl4Waz8TmyU,normal_speech,train
Jl4Waz8TmyU_seg_022.wav,data/processed/train_set/normal_speech/Jl4Waz8TmyU_seg_022.wav,Jl4Waz8TmyU,normal_speech,train
Jl4Waz8TmyU_seg_023.wav,data/processed/train_set/normal_speech/Jl4Waz8TmyU_seg_023.wav,Jl4Waz8TmyU,normal_speech,train
Jl4Waz8TmyU_seg_024.wav,data/processed/train_set/normal_speech/Jl4Waz8TmyU_seg_024.wav,Jl4Waz8TmyU,normal_speech,train
Jl4Waz8TmyU_seg_025.wav,data/processed/train_set/normal_speech/Jl4Waz8TmyU_seg_025.wav,Jl4Waz8TmyU,normal_speech,train
Jl4Waz8TmyU_seg_026.wav,data/processed/train_set/normal_speech/Jl4Waz8TmyU_seg_026.wav,Jl4Waz8TmyU,normal_speech,train
Jl4Waz8TmyU_seg_027.wav,data/processed/train_set/normal_speech/Jl4Waz8TmyU_seg_027.wav,Jl4Waz8TmyU,normal_speech,train
Jl4Waz8TmyU_seg_028.wav,data/processed/train_set/normal_speech/Jl4Waz8TmyU_seg_028.wav,Jl4Waz8TmyU,normal_speech,train
Jl4Waz8TmyU_seg_029.wav,data/processed/train_set/normal_speech/Jl4Waz8TmyU_seg_029.wav,Jl4Waz8TmyU,normal_speech,train
Jl4Waz8TmyU_seg_030.wav,data/processed/train_set/normal_speech/Jl4Waz8TmyU_seg_030.wav,Jl4Waz8TmyU,normal_speech,train
Jl4Waz8TmyU_seg_031.wav,data/processed/train_set/normal_speech/Jl4Waz8TmyU_seg_031.wav,Jl4Waz8TmyU,normal_speech,train
Jl4Waz8TmyU_seg_032.wav,data/processed/train_set/normal_speech/Jl4Waz8TmyU_seg_032.wav,Jl4Waz8TmyU,normal_speech,train
Jl4Waz8TmyU_seg_033.wav,data/processed/train_set/normal_speech/Jl4Waz8TmyU_seg_033.wav,Jl4Waz8TmyU,normal_speech,train
Jl4Waz8TmyU_seg_034.wav,data/processed/train_set/normal_speech/Jl4Waz8TmyU_seg_034.wav,Jl4Waz8TmyU,normal_speech,train
Jl4Waz8TmyU_seg_035.wav,data/processed/train_set/normal_speech/Jl4Waz8TmyU_seg_035.wav,Jl4Waz8TmyU,normal_speech,train
Jl4Waz8TmyU_seg_036.wav,data/processed/train_set/normal_speech/Jl4Waz8TmyU_seg_036.wav,Jl4Waz8TmyU,normal_speech,train
Jl4Waz8TmyU_seg_037.wav,data/processed/train_set/normal_speech/Jl4Waz8TmyU_seg_037.wav,Jl4Waz8TmyU,normal_speech,train
Jl4Waz8TmyU_seg_038.wav,data/processed/train_set/normal_speech/Jl4Waz8TmyU_seg_038.wav,Jl4Waz8TmyU,normal_speech,train
Jl4Waz8TmyU_seg_039.wav,data/processed/train_set/normal_speech/Jl4Waz8TmyU_seg_039.wav,Jl4Waz8TmyU,normal_speech,train
Jl4Waz8TmyU_seg_040.wav,data/processed/train_set/normal_speech/Jl4Waz8TmyU_seg_040.wav,Jl4Waz8TmyU,normal_speech,train
Jl4Waz8TmyU_seg_041.wav,data/processed/train_set/normal_speech/Jl4Waz8TmyU_seg_041.wav,Jl4Waz8TmyU,normal_speech,train
Jl4Waz8TmyU_seg_042.wav,data/processed/train_set/normal_speech/Jl4Waz8TmyU_seg_042.wav,Jl4Waz8TmyU,normal_speech,train
Jl4Waz8TmyU_seg_043.wav,data/processed/train_set/normal_speech/Jl4Waz8TmyU_seg_043.wav,Jl4Waz8TmyU,normal_speech,train
Jl4Waz8TmyU_seg_044.wav,data/processed/train_set/normal_speech/Jl4Waz8TmyU_seg_044.wav,Jl4Waz8TmyU,normal_speech,train
Jl4Waz8TmyU_seg_045.wav,data/processed/train_set/normal_speech/Jl4Waz8TmyU_seg_045.wav,Jl4Waz8TmyU,normal_speech,train
Jl4Waz8TmyU_seg_046.wav,data/processed/train_set/normal_speech/Jl4Waz8TmyU_seg_046.wav,Jl4Waz8TmyU,normal_speech,train
Jl4Waz8TmyU_seg_047.wav,data/processed/train_set/normal_speech/Jl4Waz8TmyU_seg_047.wav,Jl4Waz8TmyU,normal_speech,train
Jl4Waz8TmyU_seg_048.wav,data/processed/train_set/normal_speech/Jl4Waz8TmyU_seg_048.wav,Jl4Waz8TmyU,normal_speech,train
Jl4Waz8TmyU_seg_049.wav,data/processed/train_set/normal_speech/Jl4Waz8TmyU_seg_049.wav,Jl4Waz8TmyU,normal_speech,train
Jl4Waz8TmyU_seg_050.wav,data/processed/train_set/normal_speech/Jl4Waz8TmyU_seg_050.wav,Jl4Waz8TmyU,normal_speech,train
Jl4Waz8TmyU_seg_051.wav,data/processed/train_set/normal_speech/Jl4Waz8TmyU_seg_051.wav,Jl4Waz8TmyU,normal_speech,train
Jl4Waz8TmyU_seg_052.wav,data/processed/train_set/normal_speech/Jl4Waz8TmyU_seg_052.wav,Jl4Waz8TmyU,normal_speech,train
Jl4Waz8TmyU_seg_053.wav,data/processed/train_set/normal_speech/Jl4Waz8TmyU_seg_053.wav,Jl4Waz8TmyU,normal_speech,train
Jl4Waz8TmyU_seg_054.wav,data/processed/train_set/normal_speech/Jl4Waz8TmyU_seg_054.wav,Jl4Waz8TmyU,normal_speech,train
Jl4Waz8TmyU_seg_055.wav,data/processed/train_set/normal_speech/Jl4Waz8TmyU_seg_055.wav,Jl4Waz8TmyU,normal_speech,train
Jl4Waz8TmyU_seg_056.wav,data/processed/train_set/normal_speech/Jl4Waz8TmyU_seg_056.wav,Jl4Waz8TmyU,normal_speech,train
Jl4Waz8TmyU_seg_057.wav,data/processed/train_set/normal_speech/Jl4Waz8TmyU_seg_057.wav,Jl4Waz8TmyU,normal_speech,train
Jl4Waz8TmyU_seg_058.wav,data/processed/train_set/normal_speech/Jl4Waz8TmyU_seg_058.wav,Jl4Waz8TmyU,normal_speech,train
Jl4Waz8TmyU_seg_059.wav,data/processed/train_set/normal_speech/Jl4Waz8TmyU_seg_059.wav,Jl4Waz8TmyU,normal_speech,train
Jl4Waz8TmyU_seg_060.wav,data/processed/train_set/normal_speech/Jl4Waz8TmyU_seg_060.wav,Jl4Waz8TmyU,normal_speech,train
Jl4Waz8TmyU_seg_061.wav,data/processed/train_set/normal_speech/Jl4Waz8TmyU_seg_061.wav,Jl4Waz8TmyU,normal_speech,train
Jl4Waz8TmyU_seg_062.wav,data/processed/train_set/normal_speech/Jl4Waz8TmyU_seg_062.wav,Jl4Waz8TmyU,normal_speech,train
Jl4Waz8TmyU_seg_063.wav,data/processed/train_set/normal_speech/Jl4Waz8TmyU_seg_063.wav,Jl4Waz8TmyU,normal_speech,train
Jl4Waz8TmyU_seg_064.wav,data/processed/train_set/normal_speech/Jl4Waz8TmyU_seg_064.wav,Jl4Waz8TmyU,normal_speech,train
Jl4Waz8TmyU_seg_065.wav,data/processed/train_set/normal_speech/Jl4Waz8TmyU_seg_065.wav,Jl4Waz8TmyU,normal_speech,train
Jl4Waz8TmyU_seg_066.wav,data/processed/train_set/normal_speech/Jl4Waz8TmyU_seg_066.wav,Jl4Waz8TmyU,normal_speech,train
Jl4Waz8TmyU_seg_067.wav,data/processed/train_set/normal_speech/Jl4Waz8TmyU_seg_067.wav,Jl4Waz8TmyU,normal_speech,train
Jl4Waz8TmyU_seg_068.wav,data/processed/train_set/normal_speech/Jl4Waz8TmyU_seg_068.wav,Jl4Waz8TmyU,normal_speech,train
Jl4Waz8TmyU_seg_069.wav,data/processed/train_set/normal_speech/Jl4Waz8TmyU_seg_069.wav,Jl4Waz8TmyU,normal_speech,train
Jl4Waz8TmyU_seg_070.wav,data/processed/train_set/normal_speech/Jl4Waz8TmyU_seg_070.wav,Jl4Waz8TmyU,normal_speech,train
Jl4Waz8TmyU_seg_071.wav,data/processed/train_set/normal_speech/Jl4Waz8TmyU_seg_071.wav,Jl4Waz8TmyU,normal_speech,train
Jl4Waz8TmyU_seg_072.wav,data/processed/train_set/normal_speech/Jl4Waz8TmyU_seg_072.wav,Jl4Waz8TmyU,normal_speech,train
Jl4Waz8TmyU_seg_073.wav,data/processed/train_set/normal_speech/Jl4Waz8TmyU_seg_073.wav,Jl4Waz8TmyU,normal_speech,train
Jl4Waz8TmyU_seg_074.wav,data/processed/train_set/normal_speech/Jl4Waz8TmyU_seg_074.wav,Jl4Waz8TmyU,normal_speech,train
Jl4Waz8TmyU_seg_075.wav,data/processed/train_set/normal_speech/Jl4Waz8TmyU_seg_075.wav,Jl4Waz8TmyU,normal_speech,train
Jl4Waz8TmyU_seg_076.wav,data/processed/train_set/normal_speech/Jl4Waz8TmyU_seg_076.wav,Jl4Waz8TmyU,normal_speech,train
Jl4Waz8TmyU_seg_077.wav,data/processed/train_set/normal_speech/Jl4Waz8TmyU_seg_077.wav,Jl4Waz8TmyU,normal_speech,train
Jl4Waz8TmyU_seg_078.wav,data/processed/train_set/normal_speech/Jl4Waz8TmyU_seg_078.wav,Jl4Waz8TmyU,normal_speech,train
Jl4Waz8TmyU_seg_079.wav,data/processed/train_set/normal_speech/Jl4Waz8TmyU_seg_079.wav,Jl4Waz8TmyU,normal_speech,train
Jl4Waz8TmyU_seg_080.wav,data/processed/train_set/normal_speech/Jl4Waz8TmyU_seg_080.wav,Jl4Waz8TmyU,normal_speech,train
Jl4Waz8TmyU_seg_081.wav,data/processed/train_set/normal_speech/Jl4Waz8TmyU_seg_081.wav,Jl4Waz8TmyU,normal_speech,train
Jl4Waz8TmyU_seg_082.wav,data/processed/train_set/normal_speech/Jl4Waz8TmyU_seg_082.wav,Jl4Waz8TmyU,normal_speech,train
Jl4Waz8TmyU_seg_083.wav,data/processed/train_set/normal_speech/Jl4Waz8TmyU_seg_083.wav,Jl4Waz8TmyU,normal_speech,train
Jl4Waz8TmyU_seg_084.wav,data/processed/train_set/normal_speech/Jl4Waz8TmyU_seg_084.wav,Jl4Waz8TmyU,normal_speech,train
Jl4Waz8TmyU_seg_085.wav,data/processed/train_set/normal_speech/Jl4Waz8TmyU_seg_085.wav,Jl4Waz8TmyU,normal_speech,train
Jl4Waz8TmyU_seg_086.wav,data/processed/train_set/normal_speech/Jl4Waz8TmyU_seg_086.wav,Jl4Waz8TmyU,normal_speech,train
Jl4Waz8TmyU_seg_087.wav,data/processed/train_set/normal_speech/Jl4Waz8TmyU_seg_087.wav,Jl4Waz8TmyU,normal_speech,train
Jl4Waz8TmyU_seg_088.wav,data/processed/train_set/normal_speech/Jl4Waz8TmyU_seg_088.wav,Jl4Waz8TmyU,normal_speech,train
Jl4Waz8TmyU_seg_089.wav,data/processed/train_set/normal_speech/Jl4Waz8TmyU_seg_089.wav,Jl4Waz8TmyU,normal_speech,train
Jl4Waz8TmyU_seg_090.wav,data/processed/train_set/normal_speech/Jl4Waz8TmyU_seg_090.wav,Jl4Waz8TmyU,normal_speech,train
Jl4Waz8TmyU_seg_091.wav,data/processed/train_set/normal_speech/Jl4Waz8TmyU_seg_091.wav,Jl4Waz8TmyU,normal_speech,train
Jl4Waz8TmyU_seg_092.wav,data/processed/train_set/normal_speech/Jl4Waz8TmyU_seg_092.wav,Jl4Waz8TmyU,normal_speech,train
Jl4Waz8TmyU_seg_093.wav,data/processed/train_set/normal_speech/Jl4Waz8TmyU_seg_093.wav,Jl4Waz8TmyU,normal_speech,train
Jl4Waz8TmyU_seg_094.wav,data/processed/train_set/normal_speech/Jl4Waz8TmyU_seg_094.wav,Jl4Waz8TmyU,normal_speech,train
Jl4Waz8TmyU_seg_095.wav,data/processed/train_set/normal_speech/Jl4Waz8TmyU_seg_095.wav,Jl4Waz8TmyU,normal_speech,train
Jl4Waz8TmyU_seg_096.wav,data/processed/train_set/normal_speech/Jl4Waz8TmyU_seg_096.wav,Jl4Waz8TmyU,normal_speech,train
Jl4Waz8TmyU_seg_097.wav,data/processed/train_set/normal_speech/Jl4Waz8TmyU_seg_097.wav,Jl4Waz8TmyU,normal_speech,train
Jl4Waz8TmyU_seg_098.wav,data/processed/train_set/normal_speech/Jl4Waz8TmyU_seg_098.wav,Jl4Waz8TmyU,normal_speech,train
Jl4Waz8TmyU_seg_099.wav,data/processed/train_set/normal_speech/Jl4Waz8TmyU_seg_099.wav,Jl4Waz8TmyU,normal_speech,train
Jl4Waz8TmyU_seg_100.wav,data/processed/train_set/normal_speech/Jl4Waz8TmyU_seg_100.wav,Jl4Waz8TmyU,normal_speech,train
Jl4Waz8TmyU_seg_101.wav,data/processed/train_set/normal_speech/Jl4Waz8TmyU_seg_101.wav,Jl4Waz8TmyU,normal_speech,train
Jl4Waz8TmyU_seg_102.wav,data/processed/train_set/normal_speech/Jl4Waz8TmyU_seg_102.wav,Jl4Waz8TmyU,normal_speech,train
Jl4Waz8TmyU_seg_103.wav,data/processed/train_set/normal_speech/Jl4Waz8TmyU_seg_103.wav,Jl4Waz8TmyU,normal_speech,train
Jl4Waz8TmyU_seg_104.wav,data/processed/train_set/normal_speech/Jl4Waz8TmyU_seg_104.wav,Jl4Waz8TmyU,normal_speech,train
Jl4Waz8TmyU_seg_105.wav,data/processed/train_set/normal_speech/Jl4Waz8TmyU_seg_105.wav,Jl4Waz8TmyU,normal_speech,train
Jl4Waz8TmyU_seg_106.wav,data/processed/train_set/normal_speech/Jl4Waz8TmyU_seg_106.wav,Jl4Waz8TmyU,normal_speech,train
Jl4Waz8TmyU_seg_107.wav,data/processed/train_set/normal_speech/Jl4Waz8TmyU_seg_107.wav,Jl4Waz8TmyU,normal_speech,train
Jl4Waz8TmyU_seg_108.wav,data/processed/train_set/normal_speech/Jl4Waz8TmyU_seg_108.wav,Jl4Waz8TmyU,normal_speech,train
Jl4Waz8TmyU_seg_109.wav,data/processed/train_set/normal_speech/Jl4Waz8TmyU_seg_109.wav,Jl4Waz8TmyU,normal_speech,train
Jl4Waz8TmyU_seg_110.wav,data/processed/train_set/normal_speech/Jl4Waz8TmyU_seg_110.wav,Jl4Waz8TmyU,normal_speech,train
Jl4Waz8TmyU_seg_111.wav,data/processed/train_set/normal_speech/Jl4Waz8TmyU_seg_111.wav,Jl4Waz8TmyU,normal_speech,train
Jl4Waz8TmyU_seg_112.wav,data/processed/train_set/normal_speech/Jl4Waz8TmyU_seg_112.wav,Jl4Waz8TmyU,normal_speech,train
Jl4Waz8TmyU_seg_113.wav,data/processed/train_set/normal_speech/Jl4Waz8TmyU_seg_113.wav,Jl4Waz8TmyU,normal_speech,train
Jl4Waz8TmyU_seg_114.wav,data/processed/train_set/normal_speech/Jl4Waz8TmyU_seg_114.wav,Jl4Waz8TmyU,normal_speech,train
Jl4Waz8TmyU_seg_115.wav,data/processed/train_set/normal_speech/Jl4Waz8TmyU_seg_115.wav,Jl4Waz8TmyU,normal_speech,train
Jl4Waz8TmyU_seg_116.wav,data/processed/train_set/normal_speech/Jl4Waz8TmyU_seg_116.wav,Jl4Waz8TmyU,normal_speech,train
Jl4Waz8TmyU_seg_117.wav,data/processed/train_set/normal_speech/Jl4Waz8TmyU_seg_117.wav,Jl4Waz8TmyU,normal_speech,train
Jl4Waz8TmyU_seg_118.wav,data/processed/train_set/normal_speech/Jl4Waz8TmyU_seg_118.wav,Jl4Waz8TmyU,normal_speech,train
Jl4Waz8TmyU_seg_119.wav,data/processed/train_set/normal_speech/Jl4Waz8TmyU_seg_119.wav,Jl4Waz8TmyU,normal_speech,train
Jl4Waz8TmyU_seg_120.wav,data/processed/train_set/normal_speech/Jl4Waz8TmyU_seg_120.wav,Jl4Waz8TmyU,normal_speech,train
Jl4Waz8TmyU_seg_121.wav,data/processed/train_set/normal_speech/Jl4Waz8TmyU_seg_121.wav,Jl4Waz8TmyU,normal_speech,train
Jl4Waz8TmyU_seg_122.wav,data/processed/train_set/normal_speech/Jl4Waz8TmyU_seg_122.wav,Jl4Waz8TmyU,normal_speech,train
Jl4Waz8TmyU_seg_123.wav,data/processed/train_set/normal_speech/Jl4Waz8TmyU_seg_123.wav,Jl4Waz8TmyU,normal_speech,train
Jl4Waz8TmyU_seg_124.wav,data/processed/train_set/normal_speech/Jl4Waz8TmyU_seg_124.wav,Jl4Waz8TmyU,normal_speech,train
Jl4Waz8TmyU_seg_125.wav,data/processed/train_set/normal_speech/Jl4Waz8TmyU_seg_125.wav,Jl4Waz8TmyU,normal_speech,train
Jl4Waz8TmyU_seg_126.wav,data/processed/train_set/normal_speech/Jl4Waz8TmyU_seg_126.wav,Jl4Waz8TmyU,normal_speech,train
Jl4Waz8TmyU_seg_127.wav,data/processed/train_set/normal_speech/Jl4Waz8TmyU_seg_127.wav,Jl4Waz8TmyU,normal_speech,train
Jl4Waz8TmyU_seg_128.wav,data/processed/train_set/normal_speech/Jl4Waz8TmyU_seg_128.wav,Jl4Waz8TmyU,normal_speech,train
Jl4Waz8TmyU_seg_129.wav,data/processed/train_set/normal_speech/Jl4Waz8TmyU_seg_129.wav,Jl4Waz8TmyU,normal_speech,train
Jl4Waz8TmyU_seg_130.wav,data/processed/train_set/normal_speech/Jl4Waz8TmyU_seg_130.wav,Jl4Waz8TmyU,normal_speech,train
Jl4Waz8TmyU_seg_131.wav,data/processed/train_set/normal_speech/Jl4Waz8TmyU_seg_131.wav,Jl4Waz8TmyU,normal_speech,train
Jl4Waz8TmyU_seg_132.wav,data/processed/train_set/normal_speech/Jl4Waz8TmyU_seg_132.wav,Jl4Waz8TmyU,normal_speech,train
Jl4Waz8TmyU_seg_133.wav,data/processed/train_set/normal_speech/Jl4Waz8TmyU_seg_133.wav,Jl4Waz8TmyU,normal_speech,train
Jl4Waz8TmyU_seg_134.wav,data/processed/train_set/normal_speech/Jl4Waz8TmyU_seg_134.wav,Jl4Waz8TmyU,normal_speech,train
Jl4Waz8TmyU_seg_135.wav,data/processed/train_set/normal_speech/Jl4Waz8TmyU_seg_135.wav,Jl4Waz8TmyU,normal_speech,train
Jl4Waz8TmyU_seg_136.wav,data/processed/train_set/normal_speech/Jl4Waz8TmyU_seg_136.wav,Jl4Waz8TmyU,normal_speech,train
Jl4Waz8TmyU_seg_137.wav,data/processed/train_set/normal_speech/Jl4Waz8TmyU_seg_137.wav,Jl4Waz8TmyU,normal_speech,train
Jl4Waz8TmyU_seg_138.wav,data/processed/train_set/normal_speech/Jl4Waz8TmyU_seg_138.wav,Jl4Waz8TmyU,normal_speech,train
Jl4Waz8TmyU_seg_139.wav,data/processed/train_set/normal_speech/Jl4Waz8TmyU_seg_139.wav,Jl4Waz8TmyU,normal_speech,train
Jl4Waz8TmyU_seg_140.wav,data/processed/train_set/normal_speech/Jl4Waz8TmyU_seg_140.wav,Jl4Waz8TmyU,normal_speech,train
Jl4Waz8TmyU_seg_141.wav,data/processed/train_set/normal_speech/Jl4Waz8TmyU_seg_141.wav,Jl4Waz8TmyU,normal_speech,train
Jl4Waz8TmyU_seg_142.wav,data/processed/train_set/normal_speech/Jl4Waz8TmyU_seg_142.wav,Jl4Waz8TmyU,normal_speech,train
Jl4Waz8TmyU_seg_143.wav,data/processed/train_set/normal_speech/Jl4Waz8TmyU_seg_143.wav,Jl4Waz8TmyU,normal_speech,train
Jl4Waz8TmyU_seg_144.wav,data/processed/train_set/normal_speech/Jl4Waz8TmyU_seg_144.wav,Jl4Waz8TmyU,normal_speech,train
Jl4Waz8TmyU_seg_145.wav,data/processed/train_set/normal_speech/Jl4Waz8TmyU_seg_145.wav,Jl4Waz8TmyU,normal_speech,train
Jl4Waz8TmyU_seg_146.wav,data/processed/train_set/normal_speech/Jl4Waz8TmyU_seg_146.wav,Jl4Waz8TmyU,normal_speech,train
Jl4Waz8TmyU_seg_147.wav,data/processed/train_set/normal_speech/Jl4Waz8TmyU_seg_147.wav,Jl4Waz8TmyU,normal_speech,train
L4_md9kgSv0_seg_000.wav,data/processed/train_set/normal_speech/L4_md9kgSv0_seg_000.wav,L4_md9kgSv0,normal_speech,train
L4_md9kgSv0_seg_001.wav,data/processed/train_set/normal_speech/L4_md9kgSv0_seg_001.wav,L4_md9kgSv0,normal_speech,train
L4_md9kgSv0_seg_002.wav,data/processed/train_set/normal_speech/L4_md9kgSv0_seg_002.wav,L4_md9kgSv0,normal_speech,train
L4_md9kgSv0_seg_003.wav,data/processed/train_set/normal_speech/L4_md9kgSv0_seg_003.wav,L4_md9kgSv0,normal_speech,train
L4_md9kgSv0_seg_004.wav,data/processed/train_set/normal_speech/L4_md9kgSv0_seg_004.wav,L4_md9kgSv0,normal_speech,train
L4_md9kgSv0_seg_005.wav,data/processed/train_set/normal_speech/L4_md9kgSv0_seg_005.wav,L4_md9kgSv0,normal_speech,train
L4_md9kgSv0_seg_006.wav,data/processed/train_set/normal_speech/L4_md9kgSv0_seg_006.wav,L4_md9kgSv0,normal_speech,train
L4_md9kgSv0_seg_007.wav,data/processed/train_set/normal_speech/L4_md9kgSv0_seg_007.wav,L4_md9kgSv0,normal_speech,train
L4_md9kgSv0_seg_008.wav,data/processed/train_set/normal_speech/L4_md9kgSv0_seg_008.wav,L4_md9kgSv0,normal_speech,train
L4_md9kgSv0_seg_009.wav,data/processed/train_set/normal_speech/L4_md9kgSv0_seg_009.wav,L4_md9kgSv0,normal_speech,train
L4_md9kgSv0_seg_010.wav,data/processed/train_set/normal_speech/L4_md9kgSv0_seg_010.wav,L4_md9kgSv0,normal_speech,train
L4_md9kgSv0_seg_011.wav,data/processed/train_set/normal_speech/L4_md9kgSv0_seg_011.wav,L4_md9kgSv0,normal_speech,train
L4_md9kgSv0_seg_012.wav,data/processed/train_set/normal_speech/L4_md9kgSv0_seg_012.wav,L4_md9kgSv0,normal_speech,train
L4_md9kgSv0_seg_013.wav,data/processed/train_set/normal_speech/L4_md9kgSv0_seg_013.wav,L4_md9kgSv0,normal_speech,train
L4_md9kgSv0_seg_014.wav,data/processed/train_set/normal_speech/L4_md9kgSv0_seg_014.wav,L4_md9kgSv0,normal_speech,train
L4_md9kgSv0_seg_015.wav,data/processed/train_set/normal_speech/L4_md9kgSv0_seg_015.wav,L4_md9kgSv0,normal_speech,train
L4_md9kgSv0_seg_016.wav,data/processed/train_set/normal_speech/L4_md9kgSv0_seg_016.wav,L4_md9kgSv0,normal_speech,train
L4_md9kgSv0_seg_017.wav,data/processed/train_set/normal_speech/L4_md9kgSv0_seg_017.wav,L4_md9kgSv0,normal_speech,train
L4_md9kgSv0_seg_018.wav,data/processed/train_set/normal_speech/L4_md9kgSv0_seg_018.wav,L4_md9kgSv0,normal_speech,train
L4_md9kgSv0_seg_019.wav,data/processed/train_set/normal_speech/L4_md9kgSv0_seg_019.wav,L4_md9kgSv0,normal_speech,train
L4_md9kgSv0_seg_020.wav,data/processed/train_set/normal_speech/L4_md9kgSv0_seg_020.wav,L4_md9kgSv0,normal_speech,train
L4_md9kgSv0_seg_021.wav,data/processed/train_set/normal_speech/L4_md9kgSv0_seg_021.wav,L4_md9kgSv0,normal_speech,train
L4_md9kgSv0_seg_022.wav,data/processed/train_set/normal_speech/L4_md9kgSv0_seg_022.wav,L4_md9kgSv0,normal_speech,train
L4_md9kgSv0_seg_023.wav,data/processed/train_set/normal_speech/L4_md9kgSv0_seg_023.wav,L4_md9kgSv0,normal_speech,train
L4_md9kgSv0_seg_024.wav,data/processed/train_set/normal_speech/L4_md9kgSv0_seg_024.wav,L4_md9kgSv0,normal_speech,train
L4_md9kgSv0_seg_025.wav,data/processed/train_set/normal_speech/L4_md9kgSv0_seg_025.wav,L4_md9kgSv0,normal_speech,train
L4_md9kgSv0_seg_026.wav,data/processed/train_set/normal_speech/L4_md9kgSv0_seg_026.wav,L4_md9kgSv0,normal_speech,train
L4_md9kgSv0_seg_027.wav,data/processed/train_set/normal_speech/L4_md9kgSv0_seg_027.wav,L4_md9kgSv0,normal_speech,train
L4_md9kgSv0_seg_028.wav,data/processed/train_set/normal_speech/L4_md9kgSv0_seg_028.wav,L4_md9kgSv0,normal_speech,train
L4_md9kgSv0_seg_029.wav,data/processed/train_set/normal_speech/L4_md9kgSv0_seg_029.wav,L4_md9kgSv0,normal_speech,train
L4_md9kgSv0_seg_030.wav,data/processed/train_set/normal_speech/L4_md9kgSv0_seg_030.wav,L4_md9kgSv0,normal_speech,train
L4_md9kgSv0_seg_031.wav,data/processed/train_set/normal_speech/L4_md9kgSv0_seg_031.wav,L4_md9kgSv0,normal_speech,train
L4_md9kgSv0_seg_032.wav,data/processed/train_set/normal_speech/L4_md9kgSv0_seg_032.wav,L4_md9kgSv0,normal_speech,train
L4_md9kgSv0_seg_033.wav,data/processed/train_set/normal_speech/L4_md9kgSv0_seg_033.wav,L4_md9kgSv0,normal_speech,train
L4_md9kgSv0_seg_034.wav,data/processed/train_set/normal_speech/L4_md9kgSv0_seg_034.wav,L4_md9kgSv0,normal_speech,train
L4_md9kgSv0_seg_035.wav,data/processed/train_set/normal_speech/L4_md9kgSv0_seg_035.wav,L4_md9kgSv0,normal_speech,train
L4_md9kgSv0_seg_036.wav,data/processed/train_set/normal_speech/L4_md9kgSv0_seg_036.wav,L4_md9kgSv0,normal_speech,train
L4_md9kgSv0_seg_037.wav,data/processed/train_set/normal_speech/L4_md9kgSv0_seg_037.wav,L4_md9kgSv0,normal_speech,train
L4_md9kgSv0_seg_038.wav,data/processed/train_set/normal_speech/L4_md9kgSv0_seg_038.wav,L4_md9kgSv0,normal_speech,train
L4_md9kgSv0_seg_039.wav,data/processed/train_set/normal_speech/L4_md9kgSv0_seg_039.wav,L4_md9kgSv0,normal_speech,train
L4_md9kgSv0_seg_040.wav,data/processed/train_set/normal_speech/L4_md9kgSv0_seg_040.wav,L4_md9kgSv0,normal_speech,train
L4_md9kgSv0_seg_041.wav,data/processed/train_set/normal_speech/L4_md9kgSv0_seg_041.wav,L4_md9kgSv0,normal_speech,train
L4_md9kgSv0_seg_042.wav,data/processed/train_set/normal_speech/L4_md9kgSv0_seg_042.wav,L4_md9kgSv0,normal_speech,train
L4_md9kgSv0_seg_043.wav,data/processed/train_set/normal_speech/L4_md9kgSv0_seg_043.wav,L4_md9kgSv0,normal_speech,train
L4_md9kgSv0_seg_044.wav,data/processed/train_set/normal_speech/L4_md9kgSv0_seg_044.wav,L4_md9kgSv0,normal_speech,train
L4_md9kgSv0_seg_045.wav,data/processed/train_set/normal_speech/L4_md9kgSv0_seg_045.wav,L4_md9kgSv0,normal_speech,train
L4_md9kgSv0_seg_046.wav,data/processed/train_set/normal_speech/L4_md9kgSv0_seg_046.wav,L4_md9kgSv0,normal_speech,train
L4_md9kgSv0_seg_047.wav,data/processed/train_set/normal_speech/L4_md9kgSv0_seg_047.wav,L4_md9kgSv0,normal_speech,train
L4_md9kgSv0_seg_048.wav,data/processed/train_set/normal_speech/L4_md9kgSv0_seg_048.wav,L4_md9kgSv0,normal_speech,train
L4_md9kgSv0_seg_049.wav,data/processed/train_set/normal_speech/L4_md9kgSv0_seg_049.wav,L4_md9kgSv0,normal_speech,train
L4_md9kgSv0_seg_050.wav,data/processed/train_set/normal_speech/L4_md9kgSv0_seg_050.wav,L4_md9kgSv0,normal_speech,train
L4_md9kgSv0_seg_051.wav,data/processed/train_set/normal_speech/L4_md9kgSv0_seg_051.wav,L4_md9kgSv0,normal_speech,train
L4_md9kgSv0_seg_052.wav,data/processed/train_set/normal_speech/L4_md9kgSv0_seg_052.wav,L4_md9kgSv0,normal_speech,train
L4_md9kgSv0_seg_053.wav,data/processed/train_set/normal_speech/L4_md9kgSv0_seg_053.wav,L4_md9kgSv0,normal_speech,train
L4_md9kgSv0_seg_054.wav,data/processed/train_set/normal_speech/L4_md9kgSv0_seg_054.wav,L4_md9kgSv0,normal_speech,train
L4_md9kgSv0_seg_055.wav,data/processed/train_set/normal_speech/L4_md9kgSv0_seg_055.wav,L4_md9kgSv0,normal_speech,train
L4_md9kgSv0_seg_056.wav,data/processed/train_set/normal_speech/L4_md9kgSv0_seg_056.wav,L4_md9kgSv0,normal_speech,train
L4_md9kgSv0_seg_057.wav,data/processed/train_set/normal_speech/L4_md9kgSv0_seg_057.wav,L4_md9kgSv0,normal_speech,train
L4_md9kgSv0_seg_058.wav,data/processed/train_set/normal_speech/L4_md9kgSv0_seg_058.wav,L4_md9kgSv0,normal_speech,train
L4_md9kgSv0_seg_059.wav,data/processed/train_set/normal_speech/L4_md9kgSv0_seg_059.wav,L4_md9kgSv0,normal_speech,train
L4_md9kgSv0_seg_060.wav,data/processed/train_set/normal_speech/L4_md9kgSv0_seg_060.wav,L4_md9kgSv0,normal_speech,train
L4_md9kgSv0_seg_061.wav,data/processed/train_set/normal_speech/L4_md9kgSv0_seg_061.wav,L4_md9kgSv0,normal_speech,train
LWGAkZifokQ_seg_000.wav,data/processed/train_set/normal_speech/LWGAkZifokQ_seg_000.wav,LWGAkZifokQ,normal_speech,train
LWGAkZifokQ_seg_001.wav,data/processed/train_set/normal_speech/LWGAkZifokQ_seg_001.wav,LWGAkZifokQ,normal_speech,train
LWGAkZifokQ_seg_002.wav,data/processed/train_set/normal_speech/LWGAkZifokQ_seg_002.wav,LWGAkZifokQ,normal_speech,train
LWGAkZifokQ_seg_003.wav,data/processed/train_set/normal_speech/LWGAkZifokQ_seg_003.wav,LWGAkZifokQ,normal_speech,train
LWGAkZifokQ_seg_004.wav,data/processed/train_set/normal_speech/LWGAkZifokQ_seg_004.wav,LWGAkZifokQ,normal_speech,train
LWGAkZifokQ_seg_005.wav,data/processed/train_set/normal_speech/LWGAkZifokQ_seg_005.wav,LWGAkZifokQ,normal_speech,train
LWGAkZifokQ_seg_006.wav,data/processed/train_set/normal_speech/LWGAkZifokQ_seg_006.wav,LWGAkZifokQ,normal_speech,train
LWGAkZifokQ_seg_007.wav,data/processed/train_set/normal_speech/LWGAkZifokQ_seg_007.wav,LWGAkZifokQ,normal_speech,train
LWGAkZifokQ_seg_008.wav,data/processed/train_set/normal_speech/LWGAkZifokQ_seg_008.wav,LWGAkZifokQ,normal_speech,train
LWGAkZifokQ_seg_009.wav,data/processed/train_set/normal_speech/LWGAkZifokQ_seg_009.wav,LWGAkZifokQ,normal_speech,train
LWGAkZifokQ_seg_010.wav,data/processed/train_set/normal_speech/LWGAkZifokQ_seg_010.wav,LWGAkZifokQ,normal_speech,train
LWGAkZifokQ_seg_011.wav,data/processed/train_set/normal_speech/LWGAkZifokQ_seg_011.wav,LWGAkZifokQ,normal_speech,train
LWGAkZifokQ_seg_012.wav,data/processed/train_set/normal_speech/LWGAkZifokQ_seg_012.wav,LWGAkZifokQ,normal_speech,train
LWGAkZifokQ_seg_013.wav,data/processed/train_set/normal_speech/LWGAkZifokQ_seg_013.wav,LWGAkZifokQ,normal_speech,train
LWGAkZifokQ_seg_014.wav,data/processed/train_set/normal_speech/LWGAkZifokQ_seg_014.wav,LWGAkZifokQ,normal_speech,train
LWGAkZifokQ_seg_015.wav,data/processed/train_set/normal_speech/LWGAkZifokQ_seg_015.wav,LWGAkZifokQ,normal_speech,train
LWGAkZifokQ_seg_016.wav,data/processed/train_set/normal_speech/LWGAkZifokQ_seg_016.wav,LWGAkZifokQ,normal_speech,train
LWGAkZifokQ_seg_017.wav,data/processed/train_set/normal_speech/LWGAkZifokQ_seg_017.wav,LWGAkZifokQ,normal_speech,train
LWGAkZifokQ_seg_018.wav,data/processed/train_set/normal_speech/LWGAkZifokQ_seg_018.wav,LWGAkZifokQ,normal_speech,train
LWGAkZifokQ_seg_019.wav,data/processed/train_set/normal_speech/LWGAkZifokQ_seg_019.wav,LWGAkZifokQ,normal_speech,train
LWGAkZifokQ_seg_020.wav,data/processed/train_set/normal_speech/LWGAkZifokQ_seg_020.wav,LWGAkZifokQ,normal_speech,train
LWGAkZifokQ_seg_021.wav,data/processed/train_set/normal_speech/LWGAkZifokQ_seg_021.wav,LWGAkZifokQ,normal_speech,train
LWGAkZifokQ_seg_022.wav,data/processed/train_set/normal_speech/LWGAkZifokQ_seg_022.wav,LWGAkZifokQ,normal_speech,train
LWGAkZifokQ_seg_023.wav,data/processed/train_set/normal_speech/LWGAkZifokQ_seg_023.wav,LWGAkZifokQ,normal_speech,train
LWGAkZifokQ_seg_024.wav,data/processed/train_set/normal_speech/LWGAkZifokQ_seg_024.wav,LWGAkZifokQ,normal_speech,train
LWGAkZifokQ_seg_025.wav,data/processed/train_set/normal_speech/LWGAkZifokQ_seg_025.wav,LWGAkZifokQ,normal_speech,train
LWGAkZifokQ_seg_026.wav,data/processed/train_set/normal_speech/LWGAkZifokQ_seg_026.wav,LWGAkZifokQ,normal_speech,train
LWGAkZifokQ_seg_027.wav,data/processed/train_set/normal_speech/LWGAkZifokQ_seg_027.wav,LWGAkZifokQ,normal_speech,train
LWGAkZifokQ_seg_028.wav,data/processed/train_set/normal_speech/LWGAkZifokQ_seg_028.wav,LWGAkZifokQ,normal_speech,train
LWGAkZifokQ_seg_029.wav,data/processed/train_set/normal_speech/LWGAkZifokQ_seg_029.wav,LWGAkZifokQ,normal_speech,train
LWGAkZifokQ_seg_030.wav,data/processed/train_set/normal_speech/LWGAkZifokQ_seg_030.wav,LWGAkZifokQ,normal_speech,train
LWGAkZifokQ_seg_031.wav,data/processed/train_set/normal_speech/LWGAkZifokQ_seg_031.wav,LWGAkZifokQ,normal_speech,train
LWGAkZifokQ_seg_032.wav,data/processed/train_set/normal_speech/LWGAkZifokQ_seg_032.wav,LWGAkZifokQ,normal_speech,train
LWGAkZifokQ_seg_033.wav,data/processed/train_set/normal_speech/LWGAkZifokQ_seg_033.wav,LWGAkZifokQ,normal_speech,train
LWGAkZifokQ_seg_034.wav,data/processed/train_set/normal_speech/LWGAkZifokQ_seg_034.wav,LWGAkZifokQ,normal_speech,train
LWGAkZifokQ_seg_035.wav,data/processed/train_set/normal_speech/LWGAkZifokQ_seg_035.wav,LWGAkZifokQ,normal_speech,train
LWGAkZifokQ_seg_036.wav,data/processed/train_set/normal_speech/LWGAkZifokQ_seg_036.wav,LWGAkZifokQ,normal_speech,train
LWGAkZifokQ_seg_037.wav,data/processed/train_set/normal_speech/LWGAkZifokQ_seg_037.wav,LWGAkZifokQ,normal_speech,train
LWGAkZifokQ_seg_038.wav,data/processed/train_set/normal_speech/LWGAkZifokQ_seg_038.wav,LWGAkZifokQ,normal_speech,train
LWGAkZifokQ_seg_039.wav,data/processed/train_set/normal_speech/LWGAkZifokQ_seg_039.wav,LWGAkZifokQ,normal_speech,train
LWGAkZifokQ_seg_040.wav,data/processed/train_set/normal_speech/LWGAkZifokQ_seg_040.wav,LWGAkZifokQ,normal_speech,train
LWGAkZifokQ_seg_041.wav,data/processed/train_set/normal_speech/LWGAkZifokQ_seg_041.wav,LWGAkZifokQ,normal_speech,train
LWGAkZifokQ_seg_042.wav,data/processed/train_set/normal_speech/LWGAkZifokQ_seg_042.wav,LWGAkZifokQ,normal_speech,train
LWGAkZifokQ_seg_043.wav,data/processed/train_set/normal_speech/LWGAkZifokQ_seg_043.wav,LWGAkZifokQ,normal_speech,train
LWGAkZifokQ_seg_044.wav,data/processed/train_set/normal_speech/LWGAkZifokQ_seg_044.wav,LWGAkZifokQ,normal_speech,train
LWGAkZifokQ_seg_045.wav,data/processed/train_set/normal_speech/LWGAkZifokQ_seg_045.wav,LWGAkZifokQ,normal_speech,train
LWGAkZifokQ_seg_046.wav,data/processed/train_set/normal_speech/LWGAkZifokQ_seg_046.wav,LWGAkZifokQ,normal_speech,train
LWGAkZifokQ_seg_047.wav,data/processed/train_set/normal_speech/LWGAkZifokQ_seg_047.wav,LWGAkZifokQ,normal_speech,train
LWGAkZifokQ_seg_048.wav,data/processed/train_set/normal_speech/LWGAkZifokQ_seg_048.wav,LWGAkZifokQ,normal_speech,train
LWGAkZifokQ_seg_049.wav,data/processed/train_set/normal_speech/LWGAkZifokQ_seg_049.wav,LWGAkZifokQ,normal_speech,train
LWGAkZifokQ_seg_050.wav,data/processed/train_set/normal_speech/LWGAkZifokQ_seg_050.wav,LWGAkZifokQ,normal_speech,train
LWGAkZifokQ_seg_051.wav,data/processed/train_set/normal_speech/LWGAkZifokQ_seg_051.wav,LWGAkZifokQ,normal_speech,train
LWGAkZifokQ_seg_052.wav,data/processed/train_set/normal_speech/LWGAkZifokQ_seg_052.wav,LWGAkZifokQ,normal_speech,train
LWGAkZifokQ_seg_053.wav,data/processed/train_set/normal_speech/LWGAkZifokQ_seg_053.wav,LWGAkZifokQ,normal_speech,train
LWGAkZifokQ_seg_054.wav,data/processed/train_set/normal_speech/LWGAkZifokQ_seg_054.wav,LWGAkZifokQ,normal_speech,train
LWGAkZifokQ_seg_055.wav,data/processed/train_set/normal_speech/LWGAkZifokQ_seg_055.wav,LWGAkZifokQ,normal_speech,train
LWGAkZifokQ_seg_056.wav,data/processed/train_set/normal_speech/LWGAkZifokQ_seg_056.wav,LWGAkZifokQ,normal_speech,train
LWGAkZifokQ_seg_057.wav,data/processed/train_set/normal_speech/LWGAkZifokQ_seg_057.wav,LWGAkZifokQ,normal_speech,train
LWGAkZifokQ_seg_058.wav,data/processed/train_set/normal_speech/LWGAkZifokQ_seg_058.wav,LWGAkZifokQ,normal_speech,train
LWGAkZifokQ_seg_059.wav,data/processed/train_set/normal_speech/LWGAkZifokQ_seg_059.wav,LWGAkZifokQ,normal_speech,train
LWGAkZifokQ_seg_060.wav,data/processed/train_set/normal_speech/LWGAkZifokQ_seg_060.wav,LWGAkZifokQ,normal_speech,train
LWGAkZifokQ_seg_061.wav,data/processed/train_set/normal_speech/LWGAkZifokQ_seg_061.wav,LWGAkZifokQ,normal_speech,train
LWGAkZifokQ_seg_062.wav,data/processed/train_set/normal_speech/LWGAkZifokQ_seg_062.wav,LWGAkZifokQ,normal_speech,train
LWGAkZifokQ_seg_063.wav,data/processed/train_set/normal_speech/LWGAkZifokQ_seg_063.wav,LWGAkZifokQ,normal_speech,train
LWGAkZifokQ_seg_064.wav,data/processed/train_set/normal_speech/LWGAkZifokQ_seg_064.wav,LWGAkZifokQ,normal_speech,train
LWGAkZifokQ_seg_065.wav,data/processed/train_set/normal_speech/LWGAkZifokQ_seg_065.wav,LWGAkZifokQ,normal_speech,train
LWGAkZifokQ_seg_066.wav,data/processed/train_set/normal_speech/LWGAkZifokQ_seg_066.wav,LWGAkZifokQ,normal_speech,train
LWGAkZifokQ_seg_067.wav,data/processed/train_set/normal_speech/LWGAkZifokQ_seg_067.wav,LWGAkZifokQ,normal_speech,train
LWGAkZifokQ_seg_068.wav,data/processed/train_set/normal_speech/LWGAkZifokQ_seg_068.wav,LWGAkZifokQ,normal_speech,train
LWGAkZifokQ_seg_069.wav,data/processed/train_set/normal_speech/LWGAkZifokQ_seg_069.wav,LWGAkZifokQ,normal_speech,train
LWGAkZifokQ_seg_070.wav,data/processed/train_set/normal_speech/LWGAkZifokQ_seg_070.wav,LWGAkZifokQ,normal_speech,train
LWGAkZifokQ_seg_071.wav,data/processed/train_set/normal_speech/LWGAkZifokQ_seg_071.wav,LWGAkZifokQ,normal_speech,train
S2I3V0bqmr8_seg_000.wav,data/processed/train_set/normal_speech/S2I3V0bqmr8_seg_000.wav,S2I3V0bqmr8,normal_speech,train
S2I3V0bqmr8_seg_001.wav,data/processed/train_set/normal_speech/S2I3V0bqmr8_seg_001.wav,S2I3V0bqmr8,normal_speech,train
S2I3V0bqmr8_seg_002.wav,data/processed/train_set/normal_speech/S2I3V0bqmr8_seg_002.wav,S2I3V0bqmr8,normal_speech,train
S2I3V0bqmr8_seg_003.wav,data/processed/train_set/normal_speech/S2I3V0bqmr8_seg_003.wav,S2I3V0bqmr8,normal_speech,train
S2I3V0bqmr8_seg_004.wav,data/processed/train_set/normal_speech/S2I3V0bqmr8_seg_004.wav,S2I3V0bqmr8,normal_speech,train
S2I3V0bqmr8_seg_005.wav,data/processed/train_set/normal_speech/S2I3V0bqmr8_seg_005.wav,S2I3V0bqmr8,normal_speech,train
S2I3V0bqmr8_seg_006.wav,data/processed/train_set/normal_speech/S2I3V0bqmr8_seg_006.wav,S2I3V0bqmr8,normal_speech,train
S2I3V0bqmr8_seg_007.wav,data/processed/train_set/normal_speech/S2I3V0bqmr8_seg_007.wav,S2I3V0bqmr8,normal_speech,train
S2I3V0bqmr8_seg_008.wav,data/processed/train_set/normal_speech/S2I3V0bqmr8_seg_008.wav,S2I3V0bqmr8,normal_speech,train
S2I3V0bqmr8_seg_009.wav,data/processed/train_set/normal_speech/S2I3V0bqmr8_seg_009.wav,S2I3V0bqmr8,normal_speech,train
S2I3V0bqmr8_seg_010.wav,data/processed/train_set/normal_speech/S2I3V0bqmr8_seg_010.wav,S2I3V0bqmr8,normal_speech,train
S2I3V0bqmr8_seg_011.wav,data/processed/train_set/normal_speech/S2I3V0bqmr8_seg_011.wav,S2I3V0bqmr8,normal_speech,train
S2I3V0bqmr8_seg_012.wav,data/processed/train_set/normal_speech/S2I3V0bqmr8_seg_012.wav,S2I3V0bqmr8,normal_speech,train
S2I3V0bqmr8_seg_013.wav,data/processed/train_set/normal_speech/S2I3V0bqmr8_seg_013.wav,S2I3V0bqmr8,normal_speech,train
S2I3V0bqmr8_seg_014.wav,data/processed/train_set/normal_speech/S2I3V0bqmr8_seg_014.wav,S2I3V0bqmr8,normal_speech,train
S2I3V0bqmr8_seg_015.wav,data/processed/train_set/normal_speech/S2I3V0bqmr8_seg_015.wav,S2I3V0bqmr8,normal_speech,train
S2I3V0bqmr8_seg_016.wav,data/processed/train_set/normal_speech/S2I3V0bqmr8_seg_016.wav,S2I3V0bqmr8,normal_speech,train
S2I3V0bqmr8_seg_017.wav,data/processed/train_set/normal_speech/S2I3V0bqmr8_seg_017.wav,S2I3V0bqmr8,normal_speech,train
S2I3V0bqmr8_seg_018.wav,data/processed/train_set/normal_speech/S2I3V0bqmr8_seg_018.wav,S2I3V0bqmr8,normal_speech,train
S2I3V0bqmr8_seg_019.wav,data/processed/train_set/normal_speech/S2I3V0bqmr8_seg_019.wav,S2I3V0bqmr8,normal_speech,train
S2I3V0bqmr8_seg_020.wav,data/processed/train_set/normal_speech/S2I3V0bqmr8_seg_020.wav,S2I3V0bqmr8,normal_speech,train
S2I3V0bqmr8_seg_021.wav,data/processed/train_set/normal_speech/S2I3V0bqmr8_seg_021.wav,S2I3V0bqmr8,normal_speech,train
S2I3V0bqmr8_seg_022.wav,data/processed/train_set/normal_speech/S2I3V0bqmr8_seg_022.wav,S2I3V0bqmr8,normal_speech,train
S2I3V0bqmr8_seg_023.wav,data/processed/train_set/normal_speech/S2I3V0bqmr8_seg_023.wav,S2I3V0bqmr8,normal_speech,train
S2I3V0bqmr8_seg_024.wav,data/processed/train_set/normal_speech/S2I3V0bqmr8_seg_024.wav,S2I3V0bqmr8,normal_speech,train
S2I3V0bqmr8_seg_025.wav,data/processed/train_set/normal_speech/S2I3V0bqmr8_seg_025.wav,S2I3V0bqmr8,normal_speech,train
S2I3V0bqmr8_seg_026.wav,data/processed/train_set/normal_speech/S2I3V0bqmr8_seg_026.wav,S2I3V0bqmr8,normal_speech,train
S2I3V0bqmr8_seg_027.wav,data/processed/train_set/normal_speech/S2I3V0bqmr8_seg_027.wav,S2I3V0bqmr8,normal_speech,train
S2I3V0bqmr8_seg_028.wav,data/processed/train_set/normal_speech/S2I3V0bqmr8_seg_028.wav,S2I3V0bqmr8,normal_speech,train
S2I3V0bqmr8_seg_029.wav,data/processed/train_set/normal_speech/S2I3V0bqmr8_seg_029.wav,S2I3V0bqmr8,normal_speech,train
S2I3V0bqmr8_seg_030.wav,data/processed/train_set/normal_speech/S2I3V0bqmr8_seg_030.wav,S2I3V0bqmr8,normal_speech,train
S2I3V0bqmr8_seg_031.wav,data/processed/train_set/normal_speech/S2I3V0bqmr8_seg_031.wav,S2I3V0bqmr8,normal_speech,train
S2I3V0bqmr8_seg_032.wav,data/processed/train_set/normal_speech/S2I3V0bqmr8_seg_032.wav,S2I3V0bqmr8,normal_speech,train
S2I3V0bqmr8_seg_033.wav,data/processed/train_set/normal_speech/S2I3V0bqmr8_seg_033.wav,S2I3V0bqmr8,normal_speech,train
S2I3V0bqmr8_seg_034.wav,data/processed/train_set/normal_speech/S2I3V0bqmr8_seg_034.wav,S2I3V0bqmr8,normal_speech,train
S2I3V0bqmr8_seg_035.wav,data/processed/train_set/normal_speech/S2I3V0bqmr8_seg_035.wav,S2I3V0bqmr8,normal_speech,train
S2I3V0bqmr8_seg_036.wav,data/processed/train_set/normal_speech/S2I3V0bqmr8_seg_036.wav,S2I3V0bqmr8,normal_speech,train
S2I3V0bqmr8_seg_037.wav,data/processed/train_set/normal_speech/S2I3V0bqmr8_seg_037.wav,S2I3V0bqmr8,normal_speech,train
S2I3V0bqmr8_seg_038.wav,data/processed/train_set/normal_speech/S2I3V0bqmr8_seg_038.wav,S2I3V0bqmr8,normal_speech,train
S2I3V0bqmr8_seg_039.wav,data/processed/train_set/normal_speech/S2I3V0bqmr8_seg_039.wav,S2I3V0bqmr8,normal_speech,train
S2I3V0bqmr8_seg_040.wav,data/processed/train_set/normal_speech/S2I3V0bqmr8_seg_040.wav,S2I3V0bqmr8,normal_speech,train
S2I3V0bqmr8_seg_041.wav,data/processed/train_set/normal_speech/S2I3V0bqmr8_seg_041.wav,S2I3V0bqmr8,normal_speech,train
S2I3V0bqmr8_seg_042.wav,data/processed/train_set/normal_speech/S2I3V0bqmr8_seg_042.wav,S2I3V0bqmr8,normal_speech,train
S2I3V0bqmr8_seg_043.wav,data/processed/train_set/normal_speech/S2I3V0bqmr8_seg_043.wav,S2I3V0bqmr8,normal_speech,train
S2I3V0bqmr8_seg_044.wav,data/processed/train_set/normal_speech/S2I3V0bqmr8_seg_044.wav,S2I3V0bqmr8,normal_speech,train
S2I3V0bqmr8_seg_045.wav,data/processed/train_set/normal_speech/S2I3V0bqmr8_seg_045.wav,S2I3V0bqmr8,normal_speech,train
S2I3V0bqmr8_seg_046.wav,data/processed/train_set/normal_speech/S2I3V0bqmr8_seg_046.wav,S2I3V0bqmr8,normal_speech,train
S2I3V0bqmr8_seg_047.wav,data/processed/train_set/normal_speech/S2I3V0bqmr8_seg_047.wav,S2I3V0bqmr8,normal_speech,train
S2I3V0bqmr8_seg_048.wav,data/processed/train_set/normal_speech/S2I3V0bqmr8_seg_048.wav,S2I3V0bqmr8,normal_speech,train
S2I3V0bqmr8_seg_049.wav,data/processed/train_set/normal_speech/S2I3V0bqmr8_seg_049.wav,S2I3V0bqmr8,normal_speech,train
S2I3V0bqmr8_seg_050.wav,data/processed/train_set/normal_speech/S2I3V0bqmr8_seg_050.wav,S2I3V0bqmr8,normal_speech,train
S2I3V0bqmr8_seg_051.wav,data/processed/train_set/normal_speech/S2I3V0bqmr8_seg_051.wav,S2I3V0bqmr8,normal_speech,train
S2I3V0bqmr8_seg_052.wav,data/processed/train_set/normal_speech/S2I3V0bqmr8_seg_052.wav,S2I3V0bqmr8,normal_speech,train
S2I3V0bqmr8_seg_053.wav,data/processed/train_set/normal_speech/S2I3V0bqmr8_seg_053.wav,S2I3V0bqmr8,normal_speech,train
S2I3V0bqmr8_seg_054.wav,data/processed/train_set/normal_speech/S2I3V0bqmr8_seg_054.wav,S2I3V0bqmr8,normal_speech,train
S2I3V0bqmr8_seg_055.wav,data/processed/train_set/normal_speech/S2I3V0bqmr8_seg_055.wav,S2I3V0bqmr8,normal_speech,train
S2I3V0bqmr8_seg_056.wav,data/processed/train_set/normal_speech/S2I3V0bqmr8_seg_056.wav,S2I3V0bqmr8,normal_speech,train
S2I3V0bqmr8_seg_057.wav,data/processed/train_set/normal_speech/S2I3V0bqmr8_seg_057.wav,S2I3V0bqmr8,normal_speech,train
S2I3V0bqmr8_seg_058.wav,data/processed/train_set/normal_speech/S2I3V0bqmr8_seg_058.wav,S2I3V0bqmr8,normal_speech,train
S2I3V0bqmr8_seg_059.wav,data/processed/train_set/normal_speech/S2I3V0bqmr8_seg_059.wav,S2I3V0bqmr8,normal_speech,train
S2I3V0bqmr8_seg_060.wav,data/processed/train_set/normal_speech/S2I3V0bqmr8_seg_060.wav,S2I3V0bqmr8,normal_speech,train
S2I3V0bqmr8_seg_061.wav,data/processed/train_set/normal_speech/S2I3V0bqmr8_seg_061.wav,S2I3V0bqmr8,normal_speech,train
S2I3V0bqmr8_seg_062.wav,data/processed/train_set/normal_speech/S2I3V0bqmr8_seg_062.wav,S2I3V0bqmr8,normal_speech,train
S2I3V0bqmr8_seg_063.wav,data/processed/train_set/normal_speech/S2I3V0bqmr8_seg_063.wav,S2I3V0bqmr8,normal_speech,train
S2I3V0bqmr8_seg_064.wav,data/processed/train_set/normal_speech/S2I3V0bqmr8_seg_064.wav,S2I3V0bqmr8,normal_speech,train
S2I3V0bqmr8_seg_065.wav,data/processed/train_set/normal_speech/S2I3V0bqmr8_seg_065.wav,S2I3V0bqmr8,normal_speech,train
S2I3V0bqmr8_seg_066.wav,data/processed/train_set/normal_speech/S2I3V0bqmr8_seg_066.wav,S2I3V0bqmr8,normal_speech,train
S2I3V0bqmr8_seg_067.wav,data/processed/train_set/normal_speech/S2I3V0bqmr8_seg_067.wav,S2I3V0bqmr8,normal_speech,train
S2I3V0bqmr8_seg_068.wav,data/processed/train_set/normal_speech/S2I3V0bqmr8_seg_068.wav,S2I3V0bqmr8,normal_speech,train
S2I3V0bqmr8_seg_069.wav,data/processed/train_set/normal_speech/S2I3V0bqmr8_seg_069.wav,S2I3V0bqmr8,normal_speech,train
S2I3V0bqmr8_seg_070.wav,data/processed/train_set/normal_speech/S2I3V0bqmr8_seg_070.wav,S2I3V0bqmr8,normal_speech,train
S2I3V0bqmr8_seg_071.wav,data/processed/train_set/normal_speech/S2I3V0bqmr8_seg_071.wav,S2I3V0bqmr8,normal_speech,train
S2I3V0bqmr8_seg_072.wav,data/processed/train_set/normal_speech/S2I3V0bqmr8_seg_072.wav,S2I3V0bqmr8,normal_speech,train
S2I3V0bqmr8_seg_073.wav,data/processed/train_set/normal_speech/S2I3V0bqmr8_seg_073.wav,S2I3V0bqmr8,normal_speech,train
S2I3V0bqmr8_seg_074.wav,data/processed/train_set/normal_speech/S2I3V0bqmr8_seg_074.wav,S2I3V0bqmr8,normal_speech,train
S2I3V0bqmr8_seg_075.wav,data/processed/train_set/normal_speech/S2I3V0bqmr8_seg_075.wav,S2I3V0bqmr8,normal_speech,train
S2I3V0bqmr8_seg_076.wav,data/processed/train_set/normal_speech/S2I3V0bqmr8_seg_076.wav,S2I3V0bqmr8,normal_speech,train
S2I3V0bqmr8_seg_077.wav,data/processed/train_set/normal_speech/S2I3V0bqmr8_seg_077.wav,S2I3V0bqmr8,normal_speech,train
S2I3V0bqmr8_seg_078.wav,data/processed/train_set/normal_speech/S2I3V0bqmr8_seg_078.wav,S2I3V0bqmr8,normal_speech,train
S2I3V0bqmr8_seg_079.wav,data/processed/train_set/normal_speech/S2I3V0bqmr8_seg_079.wav,S2I3V0bqmr8,normal_speech,train
S2I3V0bqmr8_seg_080.wav,data/processed/train_set/normal_speech/S2I3V0bqmr8_seg_080.wav,S2I3V0bqmr8,normal_speech,train
S2I3V0bqmr8_seg_081.wav,data/processed/train_set/normal_speech/S2I3V0bqmr8_seg_081.wav,S2I3V0bqmr8,normal_speech,train
S2I3V0bqmr8_seg_082.wav,data/processed/train_set/normal_speech/S2I3V0bqmr8_seg_082.wav,S2I3V0bqmr8,normal_speech,train
S2I3V0bqmr8_seg_083.wav,data/processed/train_set/normal_speech/S2I3V0bqmr8_seg_083.wav,S2I3V0bqmr8,normal_speech,train
S2I3V0bqmr8_seg_084.wav,data/processed/train_set/normal_speech/S2I3V0bqmr8_seg_084.wav,S2I3V0bqmr8,normal_speech,train
S2I3V0bqmr8_seg_085.wav,data/processed/train_set/normal_speech/S2I3V0bqmr8_seg_085.wav,S2I3V0bqmr8,normal_speech,train
S2I3V0bqmr8_seg_086.wav,data/processed/train_set/normal_speech/S2I3V0bqmr8_seg_086.wav,S2I3V0bqmr8,normal_speech,train
S2I3V0bqmr8_seg_087.wav,data/processed/train_set/normal_speech/S2I3V0bqmr8_seg_087.wav,S2I3V0bqmr8,normal_speech,train
S2I3V0bqmr8_seg_088.wav,data/processed/train_set/normal_speech/S2I3V0bqmr8_seg_088.wav,S2I3V0bqmr8,normal_speech,train
S2I3V0bqmr8_seg_089.wav,data/processed/train_set/normal_speech/S2I3V0bqmr8_seg_089.wav,S2I3V0bqmr8,normal_speech,train
S2I3V0bqmr8_seg_090.wav,data/processed/train_set/normal_speech/S2I3V0bqmr8_seg_090.wav,S2I3V0bqmr8,normal_speech,train
S2I3V0bqmr8_seg_091.wav,data/processed/train_set/normal_speech/S2I3V0bqmr8_seg_091.wav,S2I3V0bqmr8,normal_speech,train
S2I3V0bqmr8_seg_092.wav,data/processed/train_set/normal_speech/S2I3V0bqmr8_seg_092.wav,S2I3V0bqmr8,normal_speech,train
S2I3V0bqmr8_seg_093.wav,data/processed/train_set/normal_speech/S2I3V0bqmr8_seg_093.wav,S2I3V0bqmr8,normal_speech,train
S2I3V0bqmr8_seg_094.wav,data/processed/train_set/normal_speech/S2I3V0bqmr8_seg_094.wav,S2I3V0bqmr8,normal_speech,train
S2I3V0bqmr8_seg_095.wav,data/processed/train_set/normal_speech/S2I3V0bqmr8_seg_095.wav,S2I3V0bqmr8,normal_speech,train
S2I3V0bqmr8_seg_096.wav,data/processed/train_set/normal_speech/S2I3V0bqmr8_seg_096.wav,S2I3V0bqmr8,normal_speech,train
S2I3V0bqmr8_seg_097.wav,data/processed/train_set/normal_speech/S2I3V0bqmr8_seg_097.wav,S2I3V0bqmr8,normal_speech,train
S2I3V0bqmr8_seg_098.wav,data/processed/train_set/normal_speech/S2I3V0bqmr8_seg_098.wav,S2I3V0bqmr8,normal_speech,train
S2I3V0bqmr8_seg_099.wav,data/processed/train_set/normal_speech/S2I3V0bqmr8_seg_099.wav,S2I3V0bqmr8,normal_speech,train
S2I3V0bqmr8_seg_100.wav,data/processed/train_set/normal_speech/S2I3V0bqmr8_seg_100.wav,S2I3V0bqmr8,normal_speech,train
S2I3V0bqmr8_seg_101.wav,data/processed/train_set/normal_speech/S2I3V0bqmr8_seg_101.wav,S2I3V0bqmr8,normal_speech,train
S2I3V0bqmr8_seg_102.wav,data/processed/train_set/normal_speech/S2I3V0bqmr8_seg_102.wav,S2I3V0bqmr8,normal_speech,train
S2I3V0bqmr8_seg_103.wav,data/processed/train_set/normal_speech/S2I3V0bqmr8_seg_103.wav,S2I3V0bqmr8,normal_speech,train
S2I3V0bqmr8_seg_104.wav,data/processed/train_set/normal_speech/S2I3V0bqmr8_seg_104.wav,S2I3V0bqmr8,normal_speech,train
S2I3V0bqmr8_seg_105.wav,data/processed/train_set/normal_speech/S2I3V0bqmr8_seg_105.wav,S2I3V0bqmr8,normal_speech,train
S2I3V0bqmr8_seg_106.wav,data/processed/train_set/normal_speech/S2I3V0bqmr8_seg_106.wav,S2I3V0bqmr8,normal_speech,train
S2I3V0bqmr8_seg_107.wav,data/processed/train_set/normal_speech/S2I3V0bqmr8_seg_107.wav,S2I3V0bqmr8,normal_speech,train
S2I3V0bqmr8_seg_108.wav,data/processed/train_set/normal_speech/S2I3V0bqmr8_seg_108.wav,S2I3V0bqmr8,normal_speech,train
S2I3V0bqmr8_seg_109.wav,data/processed/train_set/normal_speech/S2I3V0bqmr8_seg_109.wav,S2I3V0bqmr8,normal_speech,train
S2I3V0bqmr8_seg_110.wav,data/processed/train_set/normal_speech/S2I3V0bqmr8_seg_110.wav,S2I3V0bqmr8,normal_speech,train
S2I3V0bqmr8_seg_111.wav,data/processed/train_set/normal_speech/S2I3V0bqmr8_seg_111.wav,S2I3V0bqmr8,normal_speech,train
S2I3V0bqmr8_seg_112.wav,data/processed/train_set/normal_speech/S2I3V0bqmr8_seg_112.wav,S2I3V0bqmr8,normal_speech,train
S2I3V0bqmr8_seg_113.wav,data/processed/train_set/normal_speech/S2I3V0bqmr8_seg_113.wav,S2I3V0bqmr8,normal_speech,train
S2I3V0bqmr8_seg_114.wav,data/processed/train_set/normal_speech/S2I3V0bqmr8_seg_114.wav,S2I3V0bqmr8,normal_speech,train
S2I3V0bqmr8_seg_115.wav,data/processed/train_set/normal_speech/S2I3V0bqmr8_seg_115.wav,S2I3V0bqmr8,normal_speech,train
S2I3V0bqmr8_seg_116.wav,data/processed/train_set/normal_speech/S2I3V0bqmr8_seg_116.wav,S2I3V0bqmr8,normal_speech,train
S2I3V0bqmr8_seg_117.wav,data/processed/train_set/normal_speech/S2I3V0bqmr8_seg_117.wav,S2I3V0bqmr8,normal_speech,train
S2I3V0bqmr8_seg_118.wav,data/processed/train_set/normal_speech/S2I3V0bqmr8_seg_118.wav,S2I3V0bqmr8,normal_speech,train
S2I3V0bqmr8_seg_119.wav,data/processed/train_set/normal_speech/S2I3V0bqmr8_seg_119.wav,S2I3V0bqmr8,normal_speech,train
S2I3V0bqmr8_seg_120.wav,data/processed/train_set/normal_speech/S2I3V0bqmr8_seg_120.wav,S2I3V0bqmr8,normal_speech,train
S2I3V0bqmr8_seg_121.wav,data/processed/train_set/normal_speech/S2I3V0bqmr8_seg_121.wav,S2I3V0bqmr8,normal_speech,train
S2I3V0bqmr8_seg_122.wav,data/processed/train_set/normal_speech/S2I3V0bqmr8_seg_122.wav,S2I3V0bqmr8,normal_speech,train
S2I3V0bqmr8_seg_123.wav,data/processed/train_set/normal_speech/S2I3V0bqmr8_seg_123.wav,S2I3V0bqmr8,normal_speech,train
S2I3V0bqmr8_seg_124.wav,data/processed/train_set/normal_speech/S2I3V0bqmr8_seg_124.wav,S2I3V0bqmr8,normal_speech,train
S2I3V0bqmr8_seg_125.wav,data/processed/train_set/normal_speech/S2I3V0bqmr8_seg_125.wav,S2I3V0bqmr8,normal_speech,train
S2I3V0bqmr8_seg_126.wav,data/processed/train_set/normal_speech/S2I3V0bqmr8_seg_126.wav,S2I3V0bqmr8,normal_speech,train
S2I3V0bqmr8_seg_127.wav,data/processed/train_set/normal_speech/S2I3V0bqmr8_seg_127.wav,S2I3V0bqmr8,normal_speech,train
S2I3V0bqmr8_seg_128.wav,data/processed/train_set/normal_speech/S2I3V0bqmr8_seg_128.wav,S2I3V0bqmr8,normal_speech,train
S2I3V0bqmr8_seg_129.wav,data/processed/train_set/normal_speech/S2I3V0bqmr8_seg_129.wav,S2I3V0bqmr8,normal_speech,train
S2I3V0bqmr8_seg_130.wav,data/processed/train_set/normal_speech/S2I3V0bqmr8_seg_130.wav,S2I3V0bqmr8,normal_speech,train
S2I3V0bqmr8_seg_131.wav,data/processed/train_set/normal_speech/S2I3V0bqmr8_seg_131.wav,S2I3V0bqmr8,normal_speech,train
S2I3V0bqmr8_seg_132.wav,data/processed/train_set/normal_speech/S2I3V0bqmr8_seg_132.wav,S2I3V0bqmr8,normal_speech,train
S2I3V0bqmr8_seg_133.wav,data/processed/train_set/normal_speech/S2I3V0bqmr8_seg_133.wav,S2I3V0bqmr8,normal_speech,train
S2I3V0bqmr8_seg_134.wav,data/processed/train_set/normal_speech/S2I3V0bqmr8_seg_134.wav,S2I3V0bqmr8,normal_speech,train
S2I3V0bqmr8_seg_135.wav,data/processed/train_set/normal_speech/S2I3V0bqmr8_seg_135.wav,S2I3V0bqmr8,normal_speech,train
S2I3V0bqmr8_seg_136.wav,data/processed/train_set/normal_speech/S2I3V0bqmr8_seg_136.wav,S2I3V0bqmr8,normal_speech,train
S2I3V0bqmr8_seg_137.wav,data/processed/train_set/normal_speech/S2I3V0bqmr8_seg_137.wav,S2I3V0bqmr8,normal_speech,train
S2I3V0bqmr8_seg_138.wav,data/processed/train_set/normal_speech/S2I3V0bqmr8_seg_138.wav,S2I3V0bqmr8,normal_speech,train
S2I3V0bqmr8_seg_139.wav,data/processed/train_set/normal_speech/S2I3V0bqmr8_seg_139.wav,S2I3V0bqmr8,normal_speech,train
S2I3V0bqmr8_seg_140.wav,data/processed/train_set/normal_speech/S2I3V0bqmr8_seg_140.wav,S2I3V0bqmr8,normal_speech,train
S2I3V0bqmr8_seg_141.wav,data/processed/train_set/normal_speech/S2I3V0bqmr8_seg_141.wav,S2I3V0bqmr8,normal_speech,train
S2I3V0bqmr8_seg_142.wav,data/processed/train_set/normal_speech/S2I3V0bqmr8_seg_142.wav,S2I3V0bqmr8,normal_speech,train
S2I3V0bqmr8_seg_143.wav,data/processed/train_set/normal_speech/S2I3V0bqmr8_seg_143.wav,S2I3V0bqmr8,normal_speech,train
S2I3V0bqmr8_seg_144.wav,data/processed/train_set/normal_speech/S2I3V0bqmr8_seg_144.wav,S2I3V0bqmr8,normal_speech,train
S2I3V0bqmr8_seg_145.wav,data/processed/train_set/normal_speech/S2I3V0bqmr8_seg_145.wav,S2I3V0bqmr8,normal_speech,train
S2I3V0bqmr8_seg_146.wav,data/processed/train_set/normal_speech/S2I3V0bqmr8_seg_146.wav,S2I3V0bqmr8,normal_speech,train
S2I3V0bqmr8_seg_147.wav,data/processed/train_set/normal_speech/S2I3V0bqmr8_seg_147.wav,S2I3V0bqmr8,normal_speech,train
S2I3V0bqmr8_seg_148.wav,data/processed/train_set/normal_speech/S2I3V0bqmr8_seg_148.wav,S2I3V0bqmr8,normal_speech,train
S2I3V0bqmr8_seg_149.wav,data/processed/train_set/normal_speech/S2I3V0bqmr8_seg_149.wav,S2I3V0bqmr8,normal_speech,train
S2I3V0bqmr8_seg_150.wav,data/processed/train_set/normal_speech/S2I3V0bqmr8_seg_150.wav,S2I3V0bqmr8,normal_speech,train
S2I3V0bqmr8_seg_151.wav,data/processed/train_set/normal_speech/S2I3V0bqmr8_seg_151.wav,S2I3V0bqmr8,normal_speech,train
S2I3V0bqmr8_seg_152.wav,data/processed/train_set/normal_speech/S2I3V0bqmr8_seg_152.wav,S2I3V0bqmr8,normal_speech,train
S2I3V0bqmr8_seg_153.wav,data/processed/train_set/normal_speech/S2I3V0bqmr8_seg_153.wav,S2I3V0bqmr8,normal_speech,train
S2I3V0bqmr8_seg_154.wav,data/processed/train_set/normal_speech/S2I3V0bqmr8_seg_154.wav,S2I3V0bqmr8,normal_speech,train
S2I3V0bqmr8_seg_155.wav,data/processed/train_set/normal_speech/S2I3V0bqmr8_seg_155.wav,S2I3V0bqmr8,normal_speech,train
S2I3V0bqmr8_seg_156.wav,data/processed/train_set/normal_speech/S2I3V0bqmr8_seg_156.wav,S2I3V0bqmr8,normal_speech,train
S2I3V0bqmr8_seg_157.wav,data/processed/train_set/normal_speech/S2I3V0bqmr8_seg_157.wav,S2I3V0bqmr8,normal_speech,train
S2I3V0bqmr8_seg_158.wav,data/processed/train_set/normal_speech/S2I3V0bqmr8_seg_158.wav,S2I3V0bqmr8,normal_speech,train
S2I3V0bqmr8_seg_159.wav,data/processed/train_set/normal_speech/S2I3V0bqmr8_seg_159.wav,S2I3V0bqmr8,normal_speech,train
S2I3V0bqmr8_seg_160.wav,data/processed/train_set/normal_speech/S2I3V0bqmr8_seg_160.wav,S2I3V0bqmr8,normal_speech,train
S2I3V0bqmr8_seg_161.wav,data/processed/train_set/normal_speech/S2I3V0bqmr8_seg_161.wav,S2I3V0bqmr8,normal_speech,train
S2I3V0bqmr8_seg_162.wav,data/processed/train_set/normal_speech/S2I3V0bqmr8_seg_162.wav,S2I3V0bqmr8,normal_speech,train
S2I3V0bqmr8_seg_163.wav,data/processed/train_set/normal_speech/S2I3V0bqmr8_seg_163.wav,S2I3V0bqmr8,normal_speech,train
S2I3V0bqmr8_seg_164.wav,data/processed/train_set/normal_speech/S2I3V0bqmr8_seg_164.wav,S2I3V0bqmr8,normal_speech,train
S2I3V0bqmr8_seg_165.wav,data/processed/train_set/normal_speech/S2I3V0bqmr8_seg_165.wav,S2I3V0bqmr8,normal_speech,train
S2I3V0bqmr8_seg_166.wav,data/processed/train_set/normal_speech/S2I3V0bqmr8_seg_166.wav,S2I3V0bqmr8,normal_speech,train
S2I3V0bqmr8_seg_167.wav,data/processed/train_set/normal_speech/S2I3V0bqmr8_seg_167.wav,S2I3V0bqmr8,normal_speech,train
S2I3V0bqmr8_seg_168.wav,data/processed/train_set/normal_speech/S2I3V0bqmr8_seg_168.wav,S2I3V0bqmr8,normal_speech,train
S2I3V0bqmr8_seg_169.wav,data/processed/train_set/normal_speech/S2I3V0bqmr8_seg_169.wav,S2I3V0bqmr8,normal_speech,train
S2I3V0bqmr8_seg_170.wav,data/processed/train_set/normal_speech/S2I3V0bqmr8_seg_170.wav,S2I3V0bqmr8,normal_speech,train
S2I3V0bqmr8_seg_171.wav,data/processed/train_set/normal_speech/S2I3V0bqmr8_seg_171.wav,S2I3V0bqmr8,normal_speech,train
S2I3V0bqmr8_seg_172.wav,data/processed/train_set/normal_speech/S2I3V0bqmr8_seg_172.wav,S2I3V0bqmr8,normal_speech,train
S2I3V0bqmr8_seg_173.wav,data/processed/train_set/normal_speech/S2I3V0bqmr8_seg_173.wav,S2I3V0bqmr8,normal_speech,train
S2I3V0bqmr8_seg_174.wav,data/processed/train_set/normal_speech/S2I3V0bqmr8_seg_174.wav,S2I3V0bqmr8,normal_speech,train
S2I3V0bqmr8_seg_175.wav,data/processed/train_set/normal_speech/S2I3V0bqmr8_seg_175.wav,S2I3V0bqmr8,normal_speech,train
S2I3V0bqmr8_seg_176.wav,data/processed/train_set/normal_speech/S2I3V0bqmr8_seg_176.wav,S2I3V0bqmr8,normal_speech,train
S2I3V0bqmr8_seg_177.wav,data/processed/train_set/normal_speech/S2I3V0bqmr8_seg_177.wav,S2I3V0bqmr8,normal_speech,train
S2I3V0bqmr8_seg_178.wav,data/processed/train_set/normal_speech/S2I3V0bqmr8_seg_178.wav,S2I3V0bqmr8,normal_speech,train
S2I3V0bqmr8_seg_179.wav,data/processed/train_set/normal_speech/S2I3V0bqmr8_seg_179.wav,S2I3V0bqmr8,normal_speech,train
S2I3V0bqmr8_seg_180.wav,data/processed/train_set/normal_speech/S2I3V0bqmr8_seg_180.wav,S2I3V0bqmr8,normal_speech,train
S2I3V0bqmr8_seg_181.wav,data/processed/train_set/normal_speech/S2I3V0bqmr8_seg_181.wav,S2I3V0bqmr8,normal_speech,train
S2I3V0bqmr8_seg_182.wav,data/processed/train_set/normal_speech/S2I3V0bqmr8_seg_182.wav,S2I3V0bqmr8,normal_speech,train
S2I3V0bqmr8_seg_183.wav,data/processed/train_set/normal_speech/S2I3V0bqmr8_seg_183.wav,S2I3V0bqmr8,normal_speech,train
S2I3V0bqmr8_seg_184.wav,data/processed/train_set/normal_speech/S2I3V0bqmr8_seg_184.wav,S2I3V0bqmr8,normal_speech,train
S2I3V0bqmr8_seg_185.wav,data/processed/train_set/normal_speech/S2I3V0bqmr8_seg_185.wav,S2I3V0bqmr8,normal_speech,train
S2I3V0bqmr8_seg_186.wav,data/processed/train_set/normal_speech/S2I3V0bqmr8_seg_186.wav,S2I3V0bqmr8,normal_speech,train
S2I3V0bqmr8_seg_187.wav,data/processed/train_set/normal_speech/S2I3V0bqmr8_seg_187.wav,S2I3V0bqmr8,normal_speech,train
S2I3V0bqmr8_seg_188.wav,data/processed/train_set/normal_speech/S2I3V0bqmr8_seg_188.wav,S2I3V0bqmr8,normal_speech,train
S2I3V0bqmr8_seg_189.wav,data/processed/train_set/normal_speech/S2I3V0bqmr8_seg_189.wav,S2I3V0bqmr8,normal_speech,train
S2I3V0bqmr8_seg_190.wav,data/processed/train_set/normal_speech/S2I3V0bqmr8_seg_190.wav,S2I3V0bqmr8,normal_speech,train
S2I3V0bqmr8_seg_191.wav,data/processed/train_set/normal_speech/S2I3V0bqmr8_seg_191.wav,S2I3V0bqmr8,normal_speech,train
S2I3V0bqmr8_seg_192.wav,data/processed/train_set/normal_speech/S2I3V0bqmr8_seg_192.wav,S2I3V0bqmr8,normal_speech,train
S2I3V0bqmr8_seg_193.wav,data/processed/train_set/normal_speech/S2I3V0bqmr8_seg_193.wav,S2I3V0bqmr8,normal_speech,train
S2I3V0bqmr8_seg_194.wav,data/processed/train_set/normal_speech/S2I3V0bqmr8_seg_194.wav,S2I3V0bqmr8,normal_speech,train
S2I3V0bqmr8_seg_195.wav,data/processed/train_set/normal_speech/S2I3V0bqmr8_seg_195.wav,S2I3V0bqmr8,normal_speech,train
S2I3V0bqmr8_seg_196.wav,data/processed/train_set/normal_speech/S2I3V0bqmr8_seg_196.wav,S2I3V0bqmr8,normal_speech,train
S2I3V0bqmr8_seg_197.wav,data/processed/train_set/normal_speech/S2I3V0bqmr8_seg_197.wav,S2I3V0bqmr8,normal_speech,train
S2I3V0bqmr8_seg_198.wav,data/processed/train_set/normal_speech/S2I3V0bqmr8_seg_198.wav,S2I3V0bqmr8,normal_speech,train
S2I3V0bqmr8_seg_199.wav,data/processed/train_set/normal_speech/S2I3V0bqmr8_seg_199.wav,S2I3V0bqmr8,normal_speech,train
S2I3V0bqmr8_seg_200.wav,data/processed/train_set/normal_speech/S2I3V0bqmr8_seg_200.wav,S2I3V0bqmr8,normal_speech,train
S2I3V0bqmr8_seg_201.wav,data/processed/train_set/normal_speech/S2I3V0bqmr8_seg_201.wav,S2I3V0bqmr8,normal_speech,train
S2I3V0bqmr8_seg_202.wav,data/processed/train_set/normal_speech/S2I3V0bqmr8_seg_202.wav,S2I3V0bqmr8,normal_speech,train
S2I3V0bqmr8_seg_203.wav,data/processed/train_set/normal_speech/S2I3V0bqmr8_seg_203.wav,S2I3V0bqmr8,normal_speech,train
S2I3V0bqmr8_seg_204.wav,data/processed/train_set/normal_speech/S2I3V0bqmr8_seg_204.wav,S2I3V0bqmr8,normal_speech,train
S2I3V0bqmr8_seg_205.wav,data/processed/train_set/normal_speech/S2I3V0bqmr8_seg_205.wav,S2I3V0bqmr8,normal_speech,train
S2I3V0bqmr8_seg_206.wav,data/processed/train_set/normal_speech/S2I3V0bqmr8_seg_206.wav,S2I3V0bqmr8,normal_speech,train
S2I3V0bqmr8_seg_207.wav,data/processed/train_set/normal_speech/S2I3V0bqmr8_seg_207.wav,S2I3V0bqmr8,normal_speech,train
S2I3V0bqmr8_seg_208.wav,data/processed/train_set/normal_speech/S2I3V0bqmr8_seg_208.wav,S2I3V0bqmr8,normal_speech,train
S2I3V0bqmr8_seg_209.wav,data/processed/train_set/normal_speech/S2I3V0bqmr8_seg_209.wav,S2I3V0bqmr8,normal_speech,train
S2I3V0bqmr8_seg_210.wav,data/processed/train_set/normal_speech/S2I3V0bqmr8_seg_210.wav,S2I3V0bqmr8,normal_speech,train
S2I3V0bqmr8_seg_211.wav,data/processed/train_set/normal_speech/S2I3V0bqmr8_seg_211.wav,S2I3V0bqmr8,normal_speech,train
S2I3V0bqmr8_seg_212.wav,data/processed/train_set/normal_speech/S2I3V0bqmr8_seg_212.wav,S2I3V0bqmr8,normal_speech,train
S2I3V0bqmr8_seg_213.wav,data/processed/train_set/normal_speech/S2I3V0bqmr8_seg_213.wav,S2I3V0bqmr8,normal_speech,train
S2I3V0bqmr8_seg_214.wav,data/processed/train_set/normal_speech/S2I3V0bqmr8_seg_214.wav,S2I3V0bqmr8,normal_speech,train
S2I3V0bqmr8_seg_215.wav,data/processed/train_set/normal_speech/S2I3V0bqmr8_seg_215.wav,S2I3V0bqmr8,normal_speech,train
S2I3V0bqmr8_seg_216.wav,data/processed/train_set/normal_speech/S2I3V0bqmr8_seg_216.wav,S2I3V0bqmr8,normal_speech,train
S2I3V0bqmr8_seg_217.wav,data/processed/train_set/normal_speech/S2I3V0bqmr8_seg_217.wav,S2I3V0bqmr8,normal_speech,train
S2I3V0bqmr8_seg_218.wav,data/processed/train_set/normal_speech/S2I3V0bqmr8_seg_218.wav,S2I3V0bqmr8,normal_speech,train
S2I3V0bqmr8_seg_219.wav,data/processed/train_set/normal_speech/S2I3V0bqmr8_seg_219.wav,S2I3V0bqmr8,normal_speech,train
S2I3V0bqmr8_seg_220.wav,data/processed/train_set/normal_speech/S2I3V0bqmr8_seg_220.wav,S2I3V0bqmr8,normal_speech,train
S2I3V0bqmr8_seg_221.wav,data/processed/train_set/normal_speech/S2I3V0bqmr8_seg_221.wav,S2I3V0bqmr8,normal_speech,train
S2I3V0bqmr8_seg_222.wav,data/processed/train_set/normal_speech/S2I3V0bqmr8_seg_222.wav,S2I3V0bqmr8,normal_speech,train
bdNJgUYeYPk_seg_000.wav,data/processed/train_set/normal_speech/bdNJgUYeYPk_seg_000.wav,bdNJgUYeYPk,normal_speech,train
bdNJgUYeYPk_seg_001.wav,data/processed/train_set/normal_speech/bdNJgUYeYPk_seg_001.wav,bdNJgUYeYPk,normal_speech,train
bdNJgUYeYPk_seg_002.wav,data/processed/train_set/normal_speech/bdNJgUYeYPk_seg_002.wav,bdNJgUYeYPk,normal_speech,train
bdNJgUYeYPk_seg_003.wav,data/processed/train_set/normal_speech/bdNJgUYeYPk_seg_003.wav,bdNJgUYeYPk,normal_speech,train
bdNJgUYeYPk_seg_004.wav,data/processed/train_set/normal_speech/bdNJgUYeYPk_seg_004.wav,bdNJgUYeYPk,normal_speech,train
bdNJgUYeYPk_seg_005.wav,data/processed/train_set/normal_speech/bdNJgUYeYPk_seg_005.wav,bdNJgUYeYPk,normal_speech,train
bdNJgUYeYPk_seg_006.wav,data/processed/train_set/normal_speech/bdNJgUYeYPk_seg_006.wav,bdNJgUYeYPk,normal_speech,train
bdNJgUYeYPk_seg_007.wav,data/processed/train_set/normal_speech/bdNJgUYeYPk_seg_007.wav,bdNJgUYeYPk,normal_speech,train
bdNJgUYeYPk_seg_008.wav,data/processed/train_set/normal_speech/bdNJgUYeYPk_seg_008.wav,bdNJgUYeYPk,normal_speech,train
bdNJgUYeYPk_seg_009.wav,data/processed/train_set/normal_speech/bdNJgUYeYPk_seg_009.wav,bdNJgUYeYPk,normal_speech,train
bdNJgUYeYPk_seg_010.wav,data/processed/train_set/normal_speech/bdNJgUYeYPk_seg_010.wav,bdNJgUYeYPk,normal_speech,train
bdNJgUYeYPk_seg_011.wav,data/processed/train_set/normal_speech/bdNJgUYeYPk_seg_011.wav,bdNJgUYeYPk,normal_speech,train
bdNJgUYeYPk_seg_012.wav,data/processed/train_set/normal_speech/bdNJgUYeYPk_seg_012.wav,bdNJgUYeYPk,normal_speech,train
bdNJgUYeYPk_seg_013.wav,data/processed/train_set/normal_speech/bdNJgUYeYPk_seg_013.wav,bdNJgUYeYPk,normal_speech,train
bdNJgUYeYPk_seg_014.wav,data/processed/train_set/normal_speech/bdNJgUYeYPk_seg_014.wav,bdNJgUYeYPk,normal_speech,train
bdNJgUYeYPk_seg_015.wav,data/processed/train_set/normal_speech/bdNJgUYeYPk_seg_015.wav,bdNJgUYeYPk,normal_speech,train
bdNJgUYeYPk_seg_016.wav,data/processed/train_set/normal_speech/bdNJgUYeYPk_seg_016.wav,bdNJgUYeYPk,normal_speech,train
bdNJgUYeYPk_seg_017.wav,data/processed/train_set/normal_speech/bdNJgUYeYPk_seg_017.wav,bdNJgUYeYPk,normal_speech,train
bdNJgUYeYPk_seg_018.wav,data/processed/train_set/normal_speech/bdNJgUYeYPk_seg_018.wav,bdNJgUYeYPk,normal_speech,train
bdNJgUYeYPk_seg_019.wav,data/processed/train_set/normal_speech/bdNJgUYeYPk_seg_019.wav,bdNJgUYeYPk,normal_speech,train
bdNJgUYeYPk_seg_020.wav,data/processed/train_set/normal_speech/bdNJgUYeYPk_seg_020.wav,bdNJgUYeYPk,normal_speech,train
bdNJgUYeYPk_seg_021.wav,data/processed/train_set/normal_speech/bdNJgUYeYPk_seg_021.wav,bdNJgUYeYPk,normal_speech,train
bdNJgUYeYPk_seg_022.wav,data/processed/train_set/normal_speech/bdNJgUYeYPk_seg_022.wav,bdNJgUYeYPk,normal_speech,train
bdNJgUYeYPk_seg_023.wav,data/processed/train_set/normal_speech/bdNJgUYeYPk_seg_023.wav,bdNJgUYeYPk,normal_speech,train
bdNJgUYeYPk_seg_024.wav,data/processed/train_set/normal_speech/bdNJgUYeYPk_seg_024.wav,bdNJgUYeYPk,normal_speech,train
bdNJgUYeYPk_seg_025.wav,data/processed/train_set/normal_speech/bdNJgUYeYPk_seg_025.wav,bdNJgUYeYPk,normal_speech,train
bdNJgUYeYPk_seg_026.wav,data/processed/train_set/normal_speech/bdNJgUYeYPk_seg_026.wav,bdNJgUYeYPk,normal_speech,train
bdNJgUYeYPk_seg_027.wav,data/processed/train_set/normal_speech/bdNJgUYeYPk_seg_027.wav,bdNJgUYeYPk,normal_speech,train
bdNJgUYeYPk_seg_028.wav,data/processed/train_set/normal_speech/bdNJgUYeYPk_seg_028.wav,bdNJgUYeYPk,normal_speech,train
bdNJgUYeYPk_seg_029.wav,data/processed/train_set/normal_speech/bdNJgUYeYPk_seg_029.wav,bdNJgUYeYPk,normal_speech,train
bdNJgUYeYPk_seg_030.wav,data/processed/train_set/normal_speech/bdNJgUYeYPk_seg_030.wav,bdNJgUYeYPk,normal_speech,train
bdNJgUYeYPk_seg_031.wav,data/processed/train_set/normal_speech/bdNJgUYeYPk_seg_031.wav,bdNJgUYeYPk,normal_speech,train
bdNJgUYeYPk_seg_032.wav,data/processed/train_set/normal_speech/bdNJgUYeYPk_seg_032.wav,bdNJgUYeYPk,normal_speech,train
bdNJgUYeYPk_seg_033.wav,data/processed/train_set/normal_speech/bdNJgUYeYPk_seg_033.wav,bdNJgUYeYPk,normal_speech,train
bdNJgUYeYPk_seg_034.wav,data/processed/train_set/normal_speech/bdNJgUYeYPk_seg_034.wav,bdNJgUYeYPk,normal_speech,train
bdNJgUYeYPk_seg_035.wav,data/processed/train_set/normal_speech/bdNJgUYeYPk_seg_035.wav,bdNJgUYeYPk,normal_speech,train
bdNJgUYeYPk_seg_036.wav,data/processed/train_set/normal_speech/bdNJgUYeYPk_seg_036.wav,bdNJgUYeYPk,normal_speech,train
bdNJgUYeYPk_seg_037.wav,data/processed/train_set/normal_speech/bdNJgUYeYPk_seg_037.wav,bdNJgUYeYPk,normal_speech,train
bdNJgUYeYPk_seg_038.wav,data/processed/train_set/normal_speech/bdNJgUYeYPk_seg_038.wav,bdNJgUYeYPk,normal_speech,train
bdNJgUYeYPk_seg_039.wav,data/processed/train_set/normal_speech/bdNJgUYeYPk_seg_039.wav,bdNJgUYeYPk,normal_speech,train
bdNJgUYeYPk_seg_040.wav,data/processed/train_set/normal_speech/bdNJgUYeYPk_seg_040.wav,bdNJgUYeYPk,normal_speech,train
bdNJgUYeYPk_seg_041.wav,data/processed/train_set/normal_speech/bdNJgUYeYPk_seg_041.wav,bdNJgUYeYPk,normal_speech,train
bdNJgUYeYPk_seg_042.wav,data/processed/train_set/normal_speech/bdNJgUYeYPk_seg_042.wav,bdNJgUYeYPk,normal_speech,train
bdNJgUYeYPk_seg_043.wav,data/processed/train_set/normal_speech/bdNJgUYeYPk_seg_043.wav,bdNJgUYeYPk,normal_speech,train
bdNJgUYeYPk_seg_044.wav,data/processed/train_set/normal_speech/bdNJgUYeYPk_seg_044.wav,bdNJgUYeYPk,normal_speech,train
bdNJgUYeYPk_seg_045.wav,data/processed/train_set/normal_speech/bdNJgUYeYPk_seg_045.wav,bdNJgUYeYPk,normal_speech,train
bdNJgUYeYPk_seg_046.wav,data/processed/train_set/normal_speech/bdNJgUYeYPk_seg_046.wav,bdNJgUYeYPk,normal_speech,train
bdNJgUYeYPk_seg_047.wav,data/processed/train_set/normal_speech/bdNJgUYeYPk_seg_047.wav,bdNJgUYeYPk,normal_speech,train
bdNJgUYeYPk_seg_048.wav,data/processed/train_set/normal_speech/bdNJgUYeYPk_seg_048.wav,bdNJgUYeYPk,normal_speech,train
bdNJgUYeYPk_seg_049.wav,data/processed/train_set/normal_speech/bdNJgUYeYPk_seg_049.wav,bdNJgUYeYPk,normal_speech,train
bdNJgUYeYPk_seg_050.wav,data/processed/train_set/normal_speech/bdNJgUYeYPk_seg_050.wav,bdNJgUYeYPk,normal_speech,train
bdNJgUYeYPk_seg_051.wav,data/processed/train_set/normal_speech/bdNJgUYeYPk_seg_051.wav,bdNJgUYeYPk,normal_speech,train
bdNJgUYeYPk_seg_052.wav,data/processed/train_set/normal_speech/bdNJgUYeYPk_seg_052.wav,bdNJgUYeYPk,normal_speech,train
bdNJgUYeYPk_seg_053.wav,data/processed/train_set/normal_speech/bdNJgUYeYPk_seg_053.wav,bdNJgUYeYPk,normal_speech,train
bdNJgUYeYPk_seg_054.wav,data/processed/train_set/normal_speech/bdNJgUYeYPk_seg_054.wav,bdNJgUYeYPk,normal_speech,train
bdNJgUYeYPk_seg_055.wav,data/processed/train_set/normal_speech/bdNJgUYeYPk_seg_055.wav,bdNJgUYeYPk,normal_speech,train
bdNJgUYeYPk_seg_056.wav,data/processed/train_set/normal_speech/bdNJgUYeYPk_seg_056.wav,bdNJgUYeYPk,normal_speech,train
bdNJgUYeYPk_seg_057.wav,data/processed/train_set/normal_speech/bdNJgUYeYPk_seg_057.wav,bdNJgUYeYPk,normal_speech,train
bdNJgUYeYPk_seg_058.wav,data/processed/train_set/normal_speech/bdNJgUYeYPk_seg_058.wav,bdNJgUYeYPk,normal_speech,train
bdNJgUYeYPk_seg_059.wav,data/processed/train_set/normal_speech/bdNJgUYeYPk_seg_059.wav,bdNJgUYeYPk,normal_speech,train
bdNJgUYeYPk_seg_060.wav,data/processed/train_set/normal_speech/bdNJgUYeYPk_seg_060.wav,bdNJgUYeYPk,normal_speech,train
bdNJgUYeYPk_seg_061.wav,data/processed/train_set/normal_speech/bdNJgUYeYPk_seg_061.wav,bdNJgUYeYPk,normal_speech,train
bdNJgUYeYPk_seg_062.wav,data/processed/train_set/normal_speech/bdNJgUYeYPk_seg_062.wav,bdNJgUYeYPk,normal_speech,train
bdNJgUYeYPk_seg_063.wav,data/processed/train_set/normal_speech/bdNJgUYeYPk_seg_063.wav,bdNJgUYeYPk,normal_speech,train
bdNJgUYeYPk_seg_064.wav,data/processed/train_set/normal_speech/bdNJgUYeYPk_seg_064.wav,bdNJgUYeYPk,normal_speech,train
bdNJgUYeYPk_seg_065.wav,data/processed/train_set/normal_speech/bdNJgUYeYPk_seg_065.wav,bdNJgUYeYPk,normal_speech,train
bdNJgUYeYPk_seg_066.wav,data/processed/train_set/normal_speech/bdNJgUYeYPk_seg_066.wav,bdNJgUYeYPk,normal_speech,train
bdNJgUYeYPk_seg_067.wav,data/processed/train_set/normal_speech/bdNJgUYeYPk_seg_067.wav,bdNJgUYeYPk,normal_speech,train
bdNJgUYeYPk_seg_068.wav,data/processed/train_set/normal_speech/bdNJgUYeYPk_seg_068.wav,bdNJgUYeYPk,normal_speech,train
bdNJgUYeYPk_seg_069.wav,data/processed/train_set/normal_speech/bdNJgUYeYPk_seg_069.wav,bdNJgUYeYPk,normal_speech,train
bdNJgUYeYPk_seg_070.wav,data/processed/train_set/normal_speech/bdNJgUYeYPk_seg_070.wav,bdNJgUYeYPk,normal_speech,train
bdNJgUYeYPk_seg_071.wav,data/processed/train_set/normal_speech/bdNJgUYeYPk_seg_071.wav,bdNJgUYeYPk,normal_speech,train
bdNJgUYeYPk_seg_072.wav,data/processed/train_set/normal_speech/bdNJgUYeYPk_seg_072.wav,bdNJgUYeYPk,normal_speech,train
bdNJgUYeYPk_seg_073.wav,data/processed/train_set/normal_speech/bdNJgUYeYPk_seg_073.wav,bdNJgUYeYPk,normal_speech,train
bdNJgUYeYPk_seg_074.wav,data/processed/train_set/normal_speech/bdNJgUYeYPk_seg_074.wav,bdNJgUYeYPk,normal_speech,train
bdNJgUYeYPk_seg_075.wav,data/processed/train_set/normal_speech/bdNJgUYeYPk_seg_075.wav,bdNJgUYeYPk,normal_speech,train
bdNJgUYeYPk_seg_076.wav,data/processed/train_set/normal_speech/bdNJgUYeYPk_seg_076.wav,bdNJgUYeYPk,normal_speech,train
bdNJgUYeYPk_seg_077.wav,data/processed/train_set/normal_speech/bdNJgUYeYPk_seg_077.wav,bdNJgUYeYPk,normal_speech,train
bdNJgUYeYPk_seg_078.wav,data/processed/train_set/normal_speech/bdNJgUYeYPk_seg_078.wav,bdNJgUYeYPk,normal_speech,train
bdNJgUYeYPk_seg_079.wav,data/processed/train_set/normal_speech/bdNJgUYeYPk_seg_079.wav,bdNJgUYeYPk,normal_speech,train
bdNJgUYeYPk_seg_080.wav,data/processed/train_set/normal_speech/bdNJgUYeYPk_seg_080.wav,bdNJgUYeYPk,normal_speech,train
bdNJgUYeYPk_seg_081.wav,data/processed/train_set/normal_speech/bdNJgUYeYPk_seg_081.wav,bdNJgUYeYPk,normal_speech,train
bdNJgUYeYPk_seg_082.wav,data/processed/train_set/normal_speech/bdNJgUYeYPk_seg_082.wav,bdNJgUYeYPk,normal_speech,train
bdNJgUYeYPk_seg_083.wav,data/processed/train_set/normal_speech/bdNJgUYeYPk_seg_083.wav,bdNJgUYeYPk,normal_speech,train
bdNJgUYeYPk_seg_084.wav,data/processed/train_set/normal_speech/bdNJgUYeYPk_seg_084.wav,bdNJgUYeYPk,normal_speech,train
bdNJgUYeYPk_seg_085.wav,data/processed/train_set/normal_speech/bdNJgUYeYPk_seg_085.wav,bdNJgUYeYPk,normal_speech,train
bdNJgUYeYPk_seg_086.wav,data/processed/train_set/normal_speech/bdNJgUYeYPk_seg_086.wav,bdNJgUYeYPk,normal_speech,train
bdNJgUYeYPk_seg_087.wav,data/processed/train_set/normal_speech/bdNJgUYeYPk_seg_087.wav,bdNJgUYeYPk,normal_speech,train
bdNJgUYeYPk_seg_088.wav,data/processed/train_set/normal_speech/bdNJgUYeYPk_seg_088.wav,bdNJgUYeYPk,normal_speech,train
bdNJgUYeYPk_seg_089.wav,data/processed/train_set/normal_speech/bdNJgUYeYPk_seg_089.wav,bdNJgUYeYPk,normal_speech,train
bdNJgUYeYPk_seg_090.wav,data/processed/train_set/normal_speech/bdNJgUYeYPk_seg_090.wav,bdNJgUYeYPk,normal_speech,train
bdNJgUYeYPk_seg_091.wav,data/processed/train_set/normal_speech/bdNJgUYeYPk_seg_091.wav,bdNJgUYeYPk,normal_speech,train
bdNJgUYeYPk_seg_092.wav,data/processed/train_set/normal_speech/bdNJgUYeYPk_seg_092.wav,bdNJgUYeYPk,normal_speech,train
bdNJgUYeYPk_seg_093.wav,data/processed/train_set/normal_speech/bdNJgUYeYPk_seg_093.wav,bdNJgUYeYPk,normal_speech,train
bdNJgUYeYPk_seg_094.wav,data/processed/train_set/normal_speech/bdNJgUYeYPk_seg_094.wav,bdNJgUYeYPk,normal_speech,train
bdNJgUYeYPk_seg_095.wav,data/processed/train_set/normal_speech/bdNJgUYeYPk_seg_095.wav,bdNJgUYeYPk,normal_speech,train
bdNJgUYeYPk_seg_096.wav,data/processed/train_set/normal_speech/bdNJgUYeYPk_seg_096.wav,bdNJgUYeYPk,normal_speech,train
bdNJgUYeYPk_seg_097.wav,data/processed/train_set/normal_speech/bdNJgUYeYPk_seg_097.wav,bdNJgUYeYPk,normal_speech,train
bdNJgUYeYPk_seg_098.wav,data/processed/train_set/normal_speech/bdNJgUYeYPk_seg_098.wav,bdNJgUYeYPk,normal_speech,train
bdNJgUYeYPk_seg_099.wav,data/processed/train_set/normal_speech/bdNJgUYeYPk_seg_099.wav,bdNJgUYeYPk,normal_speech,train
bdNJgUYeYPk_seg_100.wav,data/processed/train_set/normal_speech/bdNJgUYeYPk_seg_100.wav,bdNJgUYeYPk,normal_speech,train
bdNJgUYeYPk_seg_101.wav,data/processed/train_set/normal_speech/bdNJgUYeYPk_seg_101.wav,bdNJgUYeYPk,normal_speech,train
bdNJgUYeYPk_seg_102.wav,data/processed/train_set/normal_speech/bdNJgUYeYPk_seg_102.wav,bdNJgUYeYPk,normal_speech,train
bdNJgUYeYPk_seg_103.wav,data/processed/train_set/normal_speech/bdNJgUYeYPk_seg_103.wav,bdNJgUYeYPk,normal_speech,train
bdNJgUYeYPk_seg_104.wav,data/processed/train_set/normal_speech/bdNJgUYeYPk_seg_104.wav,bdNJgUYeYPk,normal_speech,train
bdNJgUYeYPk_seg_105.wav,data/processed/train_set/normal_speech/bdNJgUYeYPk_seg_105.wav,bdNJgUYeYPk,normal_speech,train
bdNJgUYeYPk_seg_106.wav,data/processed/train_set/normal_speech/bdNJgUYeYPk_seg_106.wav,bdNJgUYeYPk,normal_speech,train
bdNJgUYeYPk_seg_107.wav,data/processed/train_set/normal_speech/bdNJgUYeYPk_seg_107.wav,bdNJgUYeYPk,normal_speech,train
bdNJgUYeYPk_seg_108.wav,data/processed/train_set/normal_speech/bdNJgUYeYPk_seg_108.wav,bdNJgUYeYPk,normal_speech,train
bdNJgUYeYPk_seg_109.wav,data/processed/train_set/normal_speech/bdNJgUYeYPk_seg_109.wav,bdNJgUYeYPk,normal_speech,train
bdNJgUYeYPk_seg_110.wav,data/processed/train_set/normal_speech/bdNJgUYeYPk_seg_110.wav,bdNJgUYeYPk,normal_speech,train
bdNJgUYeYPk_seg_111.wav,data/processed/train_set/normal_speech/bdNJgUYeYPk_seg_111.wav,bdNJgUYeYPk,normal_speech,train
bdNJgUYeYPk_seg_112.wav,data/processed/train_set/normal_speech/bdNJgUYeYPk_seg_112.wav,bdNJgUYeYPk,normal_speech,train
bdNJgUYeYPk_seg_113.wav,data/processed/train_set/normal_speech/bdNJgUYeYPk_seg_113.wav,bdNJgUYeYPk,normal_speech,train
bdNJgUYeYPk_seg_114.wav,data/processed/train_set/normal_speech/bdNJgUYeYPk_seg_114.wav,bdNJgUYeYPk,normal_speech,train
bdNJgUYeYPk_seg_115.wav,data/processed/train_set/normal_speech/bdNJgUYeYPk_seg_115.wav,bdNJgUYeYPk,normal_speech,train
bdNJgUYeYPk_seg_116.wav,data/processed/train_set/normal_speech/bdNJgUYeYPk_seg_116.wav,bdNJgUYeYPk,normal_speech,train
hNZy603as5w_seg_000.wav,data/processed/train_set/normal_speech/hNZy603as5w_seg_000.wav,hNZy603as5w,normal_speech,train
hNZy603as5w_seg_001.wav,data/processed/train_set/normal_speech/hNZy603as5w_seg_001.wav,hNZy603as5w,normal_speech,train
hNZy603as5w_seg_002.wav,data/processed/train_set/normal_speech/hNZy603as5w_seg_002.wav,hNZy603as5w,normal_speech,train
hNZy603as5w_seg_003.wav,data/processed/train_set/normal_speech/hNZy603as5w_seg_003.wav,hNZy603as5w,normal_speech,train
hNZy603as5w_seg_004.wav,data/processed/train_set/normal_speech/hNZy603as5w_seg_004.wav,hNZy603as5w,normal_speech,train
hNZy603as5w_seg_005.wav,data/processed/train_set/normal_speech/hNZy603as5w_seg_005.wav,hNZy603as5w,normal_speech,train
hNZy603as5w_seg_006.wav,data/processed/train_set/normal_speech/hNZy603as5w_seg_006.wav,hNZy603as5w,normal_speech,train
hNZy603as5w_seg_007.wav,data/processed/train_set/normal_speech/hNZy603as5w_seg_007.wav,hNZy603as5w,normal_speech,train
hNZy603as5w_seg_008.wav,data/processed/train_set/normal_speech/hNZy603as5w_seg_008.wav,hNZy603as5w,normal_speech,train
hNZy603as5w_seg_009.wav,data/processed/train_set/normal_speech/hNZy603as5w_seg_009.wav,hNZy603as5w,normal_speech,train
hNZy603as5w_seg_010.wav,data/processed/train_set/normal_speech/hNZy603as5w_seg_010.wav,hNZy603as5w,normal_speech,train
hNZy603as5w_seg_011.wav,data/processed/train_set/normal_speech/hNZy603as5w_seg_011.wav,hNZy603as5w,normal_speech,train
hNZy603as5w_seg_012.wav,data/processed/train_set/normal_speech/hNZy603as5w_seg_012.wav,hNZy603as5w,normal_speech,train
hNZy603as5w_seg_013.wav,data/processed/train_set/normal_speech/hNZy603as5w_seg_013.wav,hNZy603as5w,normal_speech,train
hNZy603as5w_seg_014.wav,data/processed/train_set/normal_speech/hNZy603as5w_seg_014.wav,hNZy603as5w,normal_speech,train
hNZy603as5w_seg_015.wav,data/processed/train_set/normal_speech/hNZy603as5w_seg_015.wav,hNZy603as5w,normal_speech,train
hNZy603as5w_seg_016.wav,data/processed/train_set/normal_speech/hNZy603as5w_seg_016.wav,hNZy603as5w,normal_speech,train
hNZy603as5w_seg_017.wav,data/processed/train_set/normal_speech/hNZy603as5w_seg_017.wav,hNZy603as5w,normal_speech,train
hNZy603as5w_seg_018.wav,data/processed/train_set/normal_speech/hNZy603as5w_seg_018.wav,hNZy603as5w,normal_speech,train
hNZy603as5w_seg_019.wav,data/processed/train_set/normal_speech/hNZy603as5w_seg_019.wav,hNZy603as5w,normal_speech,train
hNZy603as5w_seg_020.wav,data/processed/train_set/normal_speech/hNZy603as5w_seg_020.wav,hNZy603as5w,normal_speech,train
hNZy603as5w_seg_021.wav,data/processed/train_set/normal_speech/hNZy603as5w_seg_021.wav,hNZy603as5w,normal_speech,train
hNZy603as5w_seg_022.wav,data/processed/train_set/normal_speech/hNZy603as5w_seg_022.wav,hNZy603as5w,normal_speech,train
hNZy603as5w_seg_023.wav,data/processed/train_set/normal_speech/hNZy603as5w_seg_023.wav,hNZy603as5w,normal_speech,train
hNZy603as5w_seg_024.wav,data/processed/train_set/normal_speech/hNZy603as5w_seg_024.wav,hNZy603as5w,normal_speech,train
hNZy603as5w_seg_025.wav,data/processed/train_set/normal_speech/hNZy603as5w_seg_025.wav,hNZy603as5w,normal_speech,train
hNZy603as5w_seg_026.wav,data/processed/train_set/normal_speech/hNZy603as5w_seg_026.wav,hNZy603as5w,normal_speech,train
hNZy603as5w_seg_027.wav,data/processed/train_set/normal_speech/hNZy603as5w_seg_027.wav,hNZy603as5w,normal_speech,train
hNZy603as5w_seg_028.wav,data/processed/train_set/normal_speech/hNZy603as5w_seg_028.wav,hNZy603as5w,normal_speech,train
hNZy603as5w_seg_029.wav,data/processed/train_set/normal_speech/hNZy603as5w_seg_029.wav,hNZy603as5w,normal_speech,train
hNZy603as5w_seg_030.wav,data/processed/train_set/normal_speech/hNZy603as5w_seg_030.wav,hNZy603as5w,normal_speech,train
hNZy603as5w_seg_031.wav,data/processed/train_set/normal_speech/hNZy603as5w_seg_031.wav,hNZy603as5w,normal_speech,train
hNZy603as5w_seg_032.wav,data/processed/train_set/normal_speech/hNZy603as5w_seg_032.wav,hNZy603as5w,normal_speech,train
hNZy603as5w_seg_033.wav,data/processed/train_set/normal_speech/hNZy603as5w_seg_033.wav,hNZy603as5w,normal_speech,train
hNZy603as5w_seg_034.wav,data/processed/train_set/normal_speech/hNZy603as5w_seg_034.wav,hNZy603as5w,normal_speech,train
hNZy603as5w_seg_035.wav,data/processed/train_set/normal_speech/hNZy603as5w_seg_035.wav,hNZy603as5w,normal_speech,train
hNZy603as5w_seg_036.wav,data/processed/train_set/normal_speech/hNZy603as5w_seg_036.wav,hNZy603as5w,normal_speech,train
hNZy603as5w_seg_037.wav,data/processed/train_set/normal_speech/hNZy603as5w_seg_037.wav,hNZy603as5w,normal_speech,train
hNZy603as5w_seg_038.wav,data/processed/train_set/normal_speech/hNZy603as5w_seg_038.wav,hNZy603as5w,normal_speech,train
hNZy603as5w_seg_039.wav,data/processed/train_set/normal_speech/hNZy603as5w_seg_039.wav,hNZy603as5w,normal_speech,train
hNZy603as5w_seg_040.wav,data/processed/train_set/normal_speech/hNZy603as5w_seg_040.wav,hNZy603as5w,normal_speech,train
hNZy603as5w_seg_041.wav,data/processed/train_set/normal_speech/hNZy603as5w_seg_041.wav,hNZy603as5w,normal_speech,train
hNZy603as5w_seg_042.wav,data/processed/train_set/normal_speech/hNZy603as5w_seg_042.wav,hNZy603as5w,normal_speech,train
hNZy603as5w_seg_043.wav,data/processed/train_set/normal_speech/hNZy603as5w_seg_043.wav,hNZy603as5w,normal_speech,train
hNZy603as5w_seg_044.wav,data/processed/train_set/normal_speech/hNZy603as5w_seg_044.wav,hNZy603as5w,normal_speech,train
hNZy603as5w_seg_045.wav,data/processed/train_set/normal_speech/hNZy603as5w_seg_045.wav,hNZy603as5w,normal_speech,train
hNZy603as5w_seg_046.wav,data/processed/train_set/normal_speech/hNZy603as5w_seg_046.wav,hNZy603as5w,normal_speech,train
hNZy603as5w_seg_047.wav,data/processed/train_set/normal_speech/hNZy603as5w_seg_047.wav,hNZy603as5w,normal_speech,train
hNZy603as5w_seg_048.wav,data/processed/train_set/normal_speech/hNZy603as5w_seg_048.wav,hNZy603as5w,normal_speech,train
hNZy603as5w_seg_049.wav,data/processed/train_set/normal_speech/hNZy603as5w_seg_049.wav,hNZy603as5w,normal_speech,train
hNZy603as5w_seg_050.wav,data/processed/train_set/normal_speech/hNZy603as5w_seg_050.wav,hNZy603as5w,normal_speech,train
hNZy603as5w_seg_051.wav,data/processed/train_set/normal_speech/hNZy603as5w_seg_051.wav,hNZy603as5w,normal_speech,train
hNZy603as5w_seg_052.wav,data/processed/train_set/normal_speech/hNZy603as5w_seg_052.wav,hNZy603as5w,normal_speech,train
hNZy603as5w_seg_053.wav,data/processed/train_set/normal_speech/hNZy603as5w_seg_053.wav,hNZy603as5w,normal_speech,train
hNZy603as5w_seg_054.wav,data/processed/train_set/normal_speech/hNZy603as5w_seg_054.wav,hNZy603as5w,normal_speech,train
hNZy603as5w_seg_055.wav,data/processed/train_set/normal_speech/hNZy603as5w_seg_055.wav,hNZy603as5w,normal_speech,train
hNZy603as5w_seg_056.wav,data/processed/train_set/normal_speech/hNZy603as5w_seg_056.wav,hNZy603as5w,normal_speech,train
hNZy603as5w_seg_057.wav,data/processed/train_set/normal_speech/hNZy603as5w_seg_057.wav,hNZy603as5w,normal_speech,train
hNZy603as5w_seg_058.wav,data/processed/train_set/normal_speech/hNZy603as5w_seg_058.wav,hNZy603as5w,normal_speech,train
hNZy603as5w_seg_059.wav,data/processed/train_set/normal_speech/hNZy603as5w_seg_059.wav,hNZy603as5w,normal_speech,train
hNZy603as5w_seg_060.wav,data/processed/train_set/normal_speech/hNZy603as5w_seg_060.wav,hNZy603as5w,normal_speech,train
hNZy603as5w_seg_061.wav,data/processed/train_set/normal_speech/hNZy603as5w_seg_061.wav,hNZy603as5w,normal_speech,train
hNZy603as5w_seg_062.wav,data/processed/train_set/normal_speech/hNZy603as5w_seg_062.wav,hNZy603as5w,normal_speech,train
hNZy603as5w_seg_063.wav,data/processed/train_set/normal_speech/hNZy603as5w_seg_063.wav,hNZy603as5w,normal_speech,train
hNZy603as5w_seg_064.wav,data/processed/train_set/normal_speech/hNZy603as5w_seg_064.wav,hNZy603as5w,normal_speech,train
hNZy603as5w_seg_065.wav,data/processed/train_set/normal_speech/hNZy603as5w_seg_065.wav,hNZy603as5w,normal_speech,train
hNZy603as5w_seg_066.wav,data/processed/train_set/normal_speech/hNZy603as5w_seg_066.wav,hNZy603as5w,normal_speech,train
hNZy603as5w_seg_067.wav,data/processed/train_set/normal_speech/hNZy603as5w_seg_067.wav,hNZy603as5w,normal_speech,train
hNZy603as5w_seg_068.wav,data/processed/train_set/normal_speech/hNZy603as5w_seg_068.wav,hNZy603as5w,normal_speech,train
hNZy603as5w_seg_069.wav,data/processed/train_set/normal_speech/hNZy603as5w_seg_069.wav,hNZy603as5w,normal_speech,train
hNZy603as5w_seg_070.wav,data/processed/train_set/normal_speech/hNZy603as5w_seg_070.wav,hNZy603as5w,normal_speech,train
hNZy603as5w_seg_071.wav,data/processed/train_set/normal_speech/hNZy603as5w_seg_071.wav,hNZy603as5w,normal_speech,train
hNZy603as5w_seg_072.wav,data/processed/train_set/normal_speech/hNZy603as5w_seg_072.wav,hNZy603as5w,normal_speech,train
hNZy603as5w_seg_073.wav,data/processed/train_set/normal_speech/hNZy603as5w_seg_073.wav,hNZy603as5w,normal_speech,train
hNZy603as5w_seg_074.wav,data/processed/train_set/normal_speech/hNZy603as5w_seg_074.wav,hNZy603as5w,normal_speech,train
hNZy603as5w_seg_075.wav,data/processed/train_set/normal_speech/hNZy603as5w_seg_075.wav,hNZy603as5w,normal_speech,train
hNZy603as5w_seg_076.wav,data/processed/train_set/normal_speech/hNZy603as5w_seg_076.wav,hNZy603as5w,normal_speech,train
hNZy603as5w_seg_077.wav,data/processed/train_set/normal_speech/hNZy603as5w_seg_077.wav,hNZy603as5w,normal_speech,train
hNZy603as5w_seg_078.wav,data/processed/train_set/normal_speech/hNZy603as5w_seg_078.wav,hNZy603as5w,normal_speech,train
hNZy603as5w_seg_079.wav,data/processed/train_set/normal_speech/hNZy603as5w_seg_079.wav,hNZy603as5w,normal_speech,train
hNZy603as5w_seg_080.wav,data/processed/train_set/normal_speech/hNZy603as5w_seg_080.wav,hNZy603as5w,normal_speech,train
hNZy603as5w_seg_081.wav,data/processed/train_set/normal_speech/hNZy603as5w_seg_081.wav,hNZy603as5w,normal_speech,train
hNZy603as5w_seg_082.wav,data/processed/train_set/normal_speech/hNZy603as5w_seg_082.wav,hNZy603as5w,normal_speech,train
hNZy603as5w_seg_083.wav,data/processed/train_set/normal_speech/hNZy603as5w_seg_083.wav,hNZy603as5w,normal_speech,train
hNZy603as5w_seg_084.wav,data/processed/train_set/normal_speech/hNZy603as5w_seg_084.wav,hNZy603as5w,normal_speech,train
hNZy603as5w_seg_085.wav,data/processed/train_set/normal_speech/hNZy603as5w_seg_085.wav,hNZy603as5w,normal_speech,train
hNZy603as5w_seg_086.wav,data/processed/train_set/normal_speech/hNZy603as5w_seg_086.wav,hNZy603as5w,normal_speech,train
hNZy603as5w_seg_087.wav,data/processed/train_set/normal_speech/hNZy603as5w_seg_087.wav,hNZy603as5w,normal_speech,train
hNZy603as5w_seg_088.wav,data/processed/train_set/normal_speech/hNZy603as5w_seg_088.wav,hNZy603as5w,normal_speech,train
hNZy603as5w_seg_089.wav,data/processed/train_set/normal_speech/hNZy603as5w_seg_089.wav,hNZy603as5w,normal_speech,train
hNZy603as5w_seg_090.wav,data/processed/train_set/normal_speech/hNZy603as5w_seg_090.wav,hNZy603as5w,normal_speech,train
hNZy603as5w_seg_091.wav,data/processed/train_set/normal_speech/hNZy603as5w_seg_091.wav,hNZy603as5w,normal_speech,train
hNZy603as5w_seg_092.wav,data/processed/train_set/normal_speech/hNZy603as5w_seg_092.wav,hNZy603as5w,normal_speech,train
hNZy603as5w_seg_093.wav,data/processed/train_set/normal_speech/hNZy603as5w_seg_093.wav,hNZy603as5w,normal_speech,train
hNZy603as5w_seg_094.wav,data/processed/train_set/normal_speech/hNZy603as5w_seg_094.wav,hNZy603as5w,normal_speech,train
hNZy603as5w_seg_095.wav,data/processed/train_set/normal_speech/hNZy603as5w_seg_095.wav,hNZy603as5w,normal_speech,train
hNZy603as5w_seg_096.wav,data/processed/train_set/normal_speech/hNZy603as5w_seg_096.wav,hNZy603as5w,normal_speech,train
hNZy603as5w_seg_097.wav,data/processed/train_set/normal_speech/hNZy603as5w_seg_097.wav,hNZy603as5w,normal_speech,train
hNZy603as5w_seg_098.wav,data/processed/train_set/normal_speech/hNZy603as5w_seg_098.wav,hNZy603as5w,normal_speech,train
hNZy603as5w_seg_099.wav,data/processed/train_set/normal_speech/hNZy603as5w_seg_099.wav,hNZy603as5w,normal_speech,train
hNZy603as5w_seg_100.wav,data/processed/train_set/normal_speech/hNZy603as5w_seg_100.wav,hNZy603as5w,normal_speech,train
hNZy603as5w_seg_101.wav,data/processed/train_set/normal_speech/hNZy603as5w_seg_101.wav,hNZy603as5w,normal_speech,train
hNZy603as5w_seg_102.wav,data/processed/train_set/normal_speech/hNZy603as5w_seg_102.wav,hNZy603as5w,normal_speech,train
hNZy603as5w_seg_103.wav,data/processed/train_set/normal_speech/hNZy603as5w_seg_103.wav,hNZy603as5w,normal_speech,train
hNZy603as5w_seg_104.wav,data/processed/train_set/normal_speech/hNZy603as5w_seg_104.wav,hNZy603as5w,normal_speech,train
hNZy603as5w_seg_105.wav,data/processed/train_set/normal_speech/hNZy603as5w_seg_105.wav,hNZy603as5w,normal_speech,train
zIdv2NDRExI_seg_000.wav,data/processed/train_set/normal_speech/zIdv2NDRExI_seg_000.wav,zIdv2NDRExI,normal_speech,train
zIdv2NDRExI_seg_001.wav,data/processed/train_set/normal_speech/zIdv2NDRExI_seg_001.wav,zIdv2NDRExI,normal_speech,train
zIdv2NDRExI_seg_002.wav,data/processed/train_set/normal_speech/zIdv2NDRExI_seg_002.wav,zIdv2NDRExI,normal_speech,train
zIdv2NDRExI_seg_003.wav,data/processed/train_set/normal_speech/zIdv2NDRExI_seg_003.wav,zIdv2NDRExI,normal_speech,train
zIdv2NDRExI_seg_004.wav,data/processed/train_set/normal_speech/zIdv2NDRExI_seg_004.wav,zIdv2NDRExI,normal_speech,train
zIdv2NDRExI_seg_005.wav,data/processed/train_set/normal_speech/zIdv2NDRExI_seg_005.wav,zIdv2NDRExI,normal_speech,train
zIdv2NDRExI_seg_006.wav,data/processed/train_set/normal_speech/zIdv2NDRExI_seg_006.wav,zIdv2NDRExI,normal_speech,train
zIdv2NDRExI_seg_007.wav,data/processed/train_set/normal_speech/zIdv2NDRExI_seg_007.wav,zIdv2NDRExI,normal_speech,train
zIdv2NDRExI_seg_008.wav,data/processed/train_set/normal_speech/zIdv2NDRExI_seg_008.wav,zIdv2NDRExI,normal_speech,train
zIdv2NDRExI_seg_009.wav,data/processed/train_set/normal_speech/zIdv2NDRExI_seg_009.wav,zIdv2NDRExI,normal_speech,train
zIdv2NDRExI_seg_010.wav,data/processed/train_set/normal_speech/zIdv2NDRExI_seg_010.wav,zIdv2NDRExI,normal_speech,train
zIdv2NDRExI_seg_011.wav,data/processed/train_set/normal_speech/zIdv2NDRExI_seg_011.wav,zIdv2NDRExI,normal_speech,train
zIdv2NDRExI_seg_012.wav,data/processed/train_set/normal_speech/zIdv2NDRExI_seg_012.wav,zIdv2NDRExI,normal_speech,train
zIdv2NDRExI_seg_013.wav,data/processed/train_set/normal_speech/zIdv2NDRExI_seg_013.wav,zIdv2NDRExI,normal_speech,train
zIdv2NDRExI_seg_014.wav,data/processed/train_set/normal_speech/zIdv2NDRExI_seg_014.wav,zIdv2NDRExI,normal_speech,train
zIdv2NDRExI_seg_015.wav,data/processed/train_set/normal_speech/zIdv2NDRExI_seg_015.wav,zIdv2NDRExI,normal_speech,train
zIdv2NDRExI_seg_016.wav,data/processed/train_set/normal_speech/zIdv2NDRExI_seg_016.wav,zIdv2NDRExI,normal_speech,train
zIdv2NDRExI_seg_017.wav,data/processed/train_set/normal_speech/zIdv2NDRExI_seg_017.wav,zIdv2NDRExI,normal_speech,train
zIdv2NDRExI_seg_018.wav,data/processed/train_set/normal_speech/zIdv2NDRExI_seg_018.wav,zIdv2NDRExI,normal_speech,train
zIdv2NDRExI_seg_019.wav,data/processed/train_set/normal_speech/zIdv2NDRExI_seg_019.wav,zIdv2NDRExI,normal_speech,train
zIdv2NDRExI_seg_020.wav,data/processed/train_set/normal_speech/zIdv2NDRExI_seg_020.wav,zIdv2NDRExI,normal_speech,train
zIdv2NDRExI_seg_021.wav,data/processed/train_set/normal_speech/zIdv2NDRExI_seg_021.wav,zIdv2NDRExI,normal_speech,train
zIdv2NDRExI_seg_022.wav,data/processed/train_set/normal_speech/zIdv2NDRExI_seg_022.wav,zIdv2NDRExI,normal_speech,train
zIdv2NDRExI_seg_023.wav,data/processed/train_set/normal_speech/zIdv2NDRExI_seg_023.wav,zIdv2NDRExI,normal_speech,train
zIdv2NDRExI_seg_024.wav,data/processed/train_set/normal_speech/zIdv2NDRExI_seg_024.wav,zIdv2NDRExI,normal_speech,train
zIdv2NDRExI_seg_025.wav,data/processed/train_set/normal_speech/zIdv2NDRExI_seg_025.wav,zIdv2NDRExI,normal_speech,train
zIdv2NDRExI_seg_026.wav,data/processed/train_set/normal_speech/zIdv2NDRExI_seg_026.wav,zIdv2NDRExI,normal_speech,train
zIdv2NDRExI_seg_027.wav,data/processed/train_set/normal_speech/zIdv2NDRExI_seg_027.wav,zIdv2NDRExI,normal_speech,train
zIdv2NDRExI_seg_028.wav,data/processed/train_set/normal_speech/zIdv2NDRExI_seg_028.wav,zIdv2NDRExI,normal_speech,train
zIdv2NDRExI_seg_029.wav,data/processed/train_set/normal_speech/zIdv2NDRExI_seg_029.wav,zIdv2NDRExI,normal_speech,train
zIdv2NDRExI_seg_030.wav,data/processed/train_set/normal_speech/zIdv2NDRExI_seg_030.wav,zIdv2NDRExI,normal_speech,train
zIdv2NDRExI_seg_031.wav,data/processed/train_set/normal_speech/zIdv2NDRExI_seg_031.wav,zIdv2NDRExI,normal_speech,train
zIdv2NDRExI_seg_032.wav,data/processed/train_set/normal_speech/zIdv2NDRExI_seg_032.wav,zIdv2NDRExI,normal_speech,train
zIdv2NDRExI_seg_033.wav,data/processed/train_set/normal_speech/zIdv2NDRExI_seg_033.wav,zIdv2NDRExI,normal_speech,train
zIdv2NDRExI_seg_034.wav,data/processed/train_set/normal_speech/zIdv2NDRExI_seg_034.wav,zIdv2NDRExI,normal_speech,train
zIdv2NDRExI_seg_035.wav,data/processed/train_set/normal_speech/zIdv2NDRExI_seg_035.wav,zIdv2NDRExI,normal_speech,train
zIdv2NDRExI_seg_036.wav,data/processed/train_set/normal_speech/zIdv2NDRExI_seg_036.wav,zIdv2NDRExI,normal_speech,train
zIdv2NDRExI_seg_037.wav,data/processed/train_set/normal_speech/zIdv2NDRExI_seg_037.wav,zIdv2NDRExI,normal_speech,train
zIdv2NDRExI_seg_038.wav,data/processed/train_set/normal_speech/zIdv2NDRExI_seg_038.wav,zIdv2NDRExI,normal_speech,train
zIdv2NDRExI_seg_039.wav,data/processed/train_set/normal_speech/zIdv2NDRExI_seg_039.wav,zIdv2NDRExI,normal_speech,train
zIdv2NDRExI_seg_040.wav,data/processed/train_set/normal_speech/zIdv2NDRExI_seg_040.wav,zIdv2NDRExI,normal_speech,train
zIdv2NDRExI_seg_041.wav,data/processed/train_set/normal_speech/zIdv2NDRExI_seg_041.wav,zIdv2NDRExI,normal_speech,train
zIdv2NDRExI_seg_042.wav,data/processed/train_set/normal_speech/zIdv2NDRExI_seg_042.wav,zIdv2NDRExI,normal_speech,train
zIdv2NDRExI_seg_043.wav,data/processed/train_set/normal_speech/zIdv2NDRExI_seg_043.wav,zIdv2NDRExI,normal_speech,train
zIdv2NDRExI_seg_044.wav,data/processed/train_set/normal_speech/zIdv2NDRExI_seg_044.wav,zIdv2NDRExI,normal_speech,train
zIdv2NDRExI_seg_045.wav,data/processed/train_set/normal_speech/zIdv2NDRExI_seg_045.wav,zIdv2NDRExI,normal_speech,train
zIdv2NDRExI_seg_046.wav,data/processed/train_set/normal_speech/zIdv2NDRExI_seg_046.wav,zIdv2NDRExI,normal_speech,train
zIdv2NDRExI_seg_047.wav,data/processed/train_set/normal_speech/zIdv2NDRExI_seg_047.wav,zIdv2NDRExI,normal_speech,train
zIdv2NDRExI_seg_048.wav,data/processed/train_set/normal_speech/zIdv2NDRExI_seg_048.wav,zIdv2NDRExI,normal_speech,train
zIdv2NDRExI_seg_049.wav,data/processed/train_set/normal_speech/zIdv2NDRExI_seg_049.wav,zIdv2NDRExI,normal_speech,train
zIdv2NDRExI_seg_050.wav,data/processed/train_set/normal_speech/zIdv2NDRExI_seg_050.wav,zIdv2NDRExI,normal_speech,train
zIdv2NDRExI_seg_051.wav,data/processed/train_set/normal_speech/zIdv2NDRExI_seg_051.wav,zIdv2NDRExI,normal_speech,train
zIdv2NDRExI_seg_052.wav,data/processed/train_set/normal_speech/zIdv2NDRExI_seg_052.wav,zIdv2NDRExI,normal_speech,train
zIdv2NDRExI_seg_053.wav,data/processed/train_set/normal_speech/zIdv2NDRExI_seg_053.wav,zIdv2NDRExI,normal_speech,train
zIdv2NDRExI_seg_054.wav,data/processed/train_set/normal_speech/zIdv2NDRExI_seg_054.wav,zIdv2NDRExI,normal_speech,train
zIdv2NDRExI_seg_055.wav,data/processed/train_set/normal_speech/zIdv2NDRExI_seg_055.wav,zIdv2NDRExI,normal_speech,train
zIdv2NDRExI_seg_056.wav,data/processed/train_set/normal_speech/zIdv2NDRExI_seg_056.wav,zIdv2NDRExI,normal_speech,train
zIdv2NDRExI_seg_057.wav,data/processed/train_set/normal_speech/zIdv2NDRExI_seg_057.wav,zIdv2NDRExI,normal_speech,train
zIdv2NDRExI_seg_058.wav,data/processed/train_set/normal_speech/zIdv2NDRExI_seg_058.wav,zIdv2NDRExI,normal_speech,train
zIdv2NDRExI_seg_059.wav,data/processed/train_set/normal_speech/zIdv2NDRExI_seg_059.wav,zIdv2NDRExI,normal_speech,train
zIdv2NDRExI_seg_060.wav,data/processed/train_set/normal_speech/zIdv2NDRExI_seg_060.wav,zIdv2NDRExI,normal_speech,train
zIdv2NDRExI_seg_061.wav,data/processed/train_set/normal_speech/zIdv2NDRExI_seg_061.wav,zIdv2NDRExI,normal_speech,train
zIdv2NDRExI_seg_062.wav,data/processed/train_set/normal_speech/zIdv2NDRExI_seg_062.wav,zIdv2NDRExI,normal_speech,train
zIdv2NDRExI_seg_063.wav,data/processed/train_set/normal_speech/zIdv2NDRExI_seg_063.wav,zIdv2NDRExI,normal_speech,train
zIdv2NDRExI_seg_064.wav,data/processed/train_set/normal_speech/zIdv2NDRExI_seg_064.wav,zIdv2NDRExI,normal_speech,train
zIdv2NDRExI_seg_065.wav,data/processed/train_set/normal_speech/zIdv2NDRExI_seg_065.wav,zIdv2NDRExI,normal_speech,train
zIdv2NDRExI_seg_066.wav,data/processed/train_set/normal_speech/zIdv2NDRExI_seg_066.wav,zIdv2NDRExI,normal_speech,train
zIdv2NDRExI_seg_067.wav,data/processed/train_set/normal_speech/zIdv2NDRExI_seg_067.wav,zIdv2NDRExI,normal_speech,train
zIdv2NDRExI_seg_068.wav,data/processed/train_set/normal_speech/zIdv2NDRExI_seg_068.wav,zIdv2NDRExI,normal_speech,train
zIdv2NDRExI_seg_069.wav,data/processed/train_set/normal_speech/zIdv2NDRExI_seg_069.wav,zIdv2NDRExI,normal_speech,train
zIdv2NDRExI_seg_070.wav,data/processed/train_set/normal_speech/zIdv2NDRExI_seg_070.wav,zIdv2NDRExI,normal_speech,train
zIdv2NDRExI_seg_071.wav,data/processed/train_set/normal_speech/zIdv2NDRExI_seg_071.wav,zIdv2NDRExI,normal_speech,train
zIdv2NDRExI_seg_072.wav,data/processed/train_set/normal_speech/zIdv2NDRExI_seg_072.wav,zIdv2NDRExI,normal_speech,train
zIdv2NDRExI_seg_073.wav,data/processed/train_set/normal_speech/zIdv2NDRExI_seg_073.wav,zIdv2NDRExI,normal_speech,train
zIdv2NDRExI_seg_074.wav,data/processed/train_set/normal_speech/zIdv2NDRExI_seg_074.wav,zIdv2NDRExI,normal_speech,train
zIdv2NDRExI_seg_075.wav,data/processed/train_set/normal_speech/zIdv2NDRExI_seg_075.wav,zIdv2NDRExI,normal_speech,train
zIdv2NDRExI_seg_076.wav,data/processed/train_set/normal_speech/zIdv2NDRExI_seg_076.wav,zIdv2NDRExI,normal_speech,train
zIdv2NDRExI_seg_077.wav,data/processed/train_set/normal_speech/zIdv2NDRExI_seg_077.wav,zIdv2NDRExI,normal_speech,train
zIdv2NDRExI_seg_078.wav,data/processed/train_set/normal_speech/zIdv2NDRExI_seg_078.wav,zIdv2NDRExI,normal_speech,train
zIdv2NDRExI_seg_079.wav,data/processed/train_set/normal_speech/zIdv2NDRExI_seg_079.wav,zIdv2NDRExI,normal_speech,train
zIdv2NDRExI_seg_080.wav,data/processed/train_set/normal_speech/zIdv2NDRExI_seg_080.wav,zIdv2NDRExI,normal_speech,train
zIdv2NDRExI_seg_081.wav,data/processed/train_set/normal_speech/zIdv2NDRExI_seg_081.wav,zIdv2NDRExI,normal_speech,train
zIdv2NDRExI_seg_082.wav,data/processed/train_set/normal_speech/zIdv2NDRExI_seg_082.wav,zIdv2NDRExI,normal_speech,train
SMza0FPS0Js_seg_000.wav,data/processed/test_set/normal_speech/SMza0FPS0Js_seg_000.wav,SMza0FPS0Js,normal_speech,test
SMza0FPS0Js_seg_001.wav,data/processed/test_set/normal_speech/SMza0FPS0Js_seg_001.wav,SMza0FPS0Js,normal_speech,test
SMza0FPS0Js_seg_002.wav,data/processed/test_set/normal_speech/SMza0FPS0Js_seg_002.wav,SMza0FPS0Js,normal_speech,test
SMza0FPS0Js_seg_003.wav,data/processed/test_set/normal_speech/SMza0FPS0Js_seg_003.wav,SMza0FPS0Js,normal_speech,test
SMza0FPS0Js_seg_004.wav,data/processed/test_set/normal_speech/SMza0FPS0Js_seg_004.wav,SMza0FPS0Js,normal_speech,test
SMza0FPS0Js_seg_005.wav,data/processed/test_set/normal_speech/SMza0FPS0Js_seg_005.wav,SMza0FPS0Js,normal_speech,test
SMza0FPS0Js_seg_006.wav,data/processed/test_set/normal_speech/SMza0FPS0Js_seg_006.wav,SMza0FPS0Js,normal_speech,test
SMza0FPS0Js_seg_007.wav,data/processed/test_set/normal_speech/SMza0FPS0Js_seg_007.wav,SMza0FPS0Js,normal_speech,test
SMza0FPS0Js_seg_008.wav,data/processed/test_set/normal_speech/SMza0FPS0Js_seg_008.wav,SMza0FPS0Js,normal_speech,test
SMza0FPS0Js_seg_009.wav,data/processed/test_set/normal_speech/SMza0FPS0Js_seg_009.wav,SMza0FPS0Js,normal_speech,test
SMza0FPS0Js_seg_010.wav,data/processed/test_set/normal_speech/SMza0FPS0Js_seg_010.wav,SMza0FPS0Js,normal_speech,test
SMza0FPS0Js_seg_011.wav,data/processed/test_set/normal_speech/SMza0FPS0Js_seg_011.wav,SMza0FPS0Js,normal_speech,test
SMza0FPS0Js_seg_012.wav,data/processed/test_set/normal_speech/SMza0FPS0Js_seg_012.wav,SMza0FPS0Js,normal_speech,test
SMza0FPS0Js_seg_013.wav,data/processed/test_set/normal_speech/SMza0FPS0Js_seg_013.wav,SMza0FPS0Js,normal_speech,test
SMza0FPS0Js_seg_014.wav,data/processed/test_set/normal_speech/SMza0FPS0Js_seg_014.wav,SMza0FPS0Js,normal_speech,test
SMza0FPS0Js_seg_015.wav,data/processed/test_set/normal_speech/SMza0FPS0Js_seg_015.wav,SMza0FPS0Js,normal_speech,test
SMza0FPS0Js_seg_016.wav,data/processed/test_set/normal_speech/SMza0FPS0Js_seg_016.wav,SMza0FPS0Js,normal_speech,test
SMza0FPS0Js_seg_017.wav,data/processed/test_set/normal_speech/SMza0FPS0Js_seg_017.wav,SMza0FPS0Js,normal_speech,test
SMza0FPS0Js_seg_018.wav,data/processed/test_set/normal_speech/SMza0FPS0Js_seg_018.wav,SMza0FPS0Js,normal_speech,test
SMza0FPS0Js_seg_019.wav,data/processed/test_set/normal_speech/SMza0FPS0Js_seg_019.wav,SMza0FPS0Js,normal_speech,test
SMza0FPS0Js_seg_020.wav,data/processed/test_set/normal_speech/SMza0FPS0Js_seg_020.wav,SMza0FPS0Js,normal_speech,test
SMza0FPS0Js_seg_021.wav,data/processed/test_set/normal_speech/SMza0FPS0Js_seg_021.wav,SMza0FPS0Js,normal_speech,test
SMza0FPS0Js_seg_022.wav,data/processed/test_set/normal_speech/SMza0FPS0Js_seg_022.wav,SMza0FPS0Js,normal_speech,test
SMza0FPS0Js_seg_023.wav,data/processed/test_set/normal_speech/SMza0FPS0Js_seg_023.wav,SMza0FPS0Js,normal_speech,test
SMza0FPS0Js_seg_024.wav,data/processed/test_set/normal_speech/SMza0FPS0Js_seg_024.wav,SMza0FPS0Js,normal_speech,test
SMza0FPS0Js_seg_025.wav,data/processed/test_set/normal_speech/SMza0FPS0Js_seg_025.wav,SMza0FPS0Js,normal_speech,test
SMza0FPS0Js_seg_026.wav,data/processed/test_set/normal_speech/SMza0FPS0Js_seg_026.wav,SMza0FPS0Js,normal_speech,test
SMza0FPS0Js_seg_027.wav,data/processed/test_set/normal_speech/SMza0FPS0Js_seg_027.wav,SMza0FPS0Js,normal_speech,test
SMza0FPS0Js_seg_028.wav,data/processed/test_set/normal_speech/SMza0FPS0Js_seg_028.wav,SMza0FPS0Js,normal_speech,test
SMza0FPS0Js_seg_029.wav,data/processed/test_set/normal_speech/SMza0FPS0Js_seg_029.wav,SMza0FPS0Js,normal_speech,test
SMza0FPS0Js_seg_030.wav,data/processed/test_set/normal_speech/SMza0FPS0Js_seg_030.wav,SMza0FPS0Js,normal_speech,test
SMza0FPS0Js_seg_031.wav,data/processed/test_set/normal_speech/SMza0FPS0Js_seg_031.wav,SMza0FPS0Js,normal_speech,test
SMza0FPS0Js_seg_032.wav,data/processed/test_set/normal_speech/SMza0FPS0Js_seg_032.wav,SMza0FPS0Js,normal_speech,test
SMza0FPS0Js_seg_033.wav,data/processed/test_set/normal_speech/SMza0FPS0Js_seg_033.wav,SMza0FPS0Js,normal_speech,test
SMza0FPS0Js_seg_034.wav,data/processed/test_set/normal_speech/SMza0FPS0Js_seg_034.wav,SMza0FPS0Js,normal_speech,test
SMza0FPS0Js_seg_035.wav,data/processed/test_set/normal_speech/SMza0FPS0Js_seg_035.wav,SMza0FPS0Js,normal_speech,test
SMza0FPS0Js_seg_036.wav,data/processed/test_set/normal_speech/SMza0FPS0Js_seg_036.wav,SMza0FPS0Js,normal_speech,test
SMza0FPS0Js_seg_037.wav,data/processed/test_set/normal_speech/SMza0FPS0Js_seg_037.wav,SMza0FPS0Js,normal_speech,test
SMza0FPS0Js_seg_038.wav,data/processed/test_set/normal_speech/SMza0FPS0Js_seg_038.wav,SMza0FPS0Js,normal_speech,test
SMza0FPS0Js_seg_039.wav,data/processed/test_set/normal_speech/SMza0FPS0Js_seg_039.wav,SMza0FPS0Js,normal_speech,test
SMza0FPS0Js_seg_040.wav,data/processed/test_set/normal_speech/SMza0FPS0Js_seg_040.wav,SMza0FPS0Js,normal_speech,test
SMza0FPS0Js_seg_041.wav,data/processed/test_set/normal_speech/SMza0FPS0Js_seg_041.wav,SMza0FPS0Js,normal_speech,test
SMza0FPS0Js_seg_042.wav,data/processed/test_set/normal_speech/SMza0FPS0Js_seg_042.wav,SMza0FPS0Js,normal_speech,test
SMza0FPS0Js_seg_043.wav,data/processed/test_set/normal_speech/SMza0FPS0Js_seg_043.wav,SMza0FPS0Js,normal_speech,test
SMza0FPS0Js_seg_044.wav,data/processed/test_set/normal_speech/SMza0FPS0Js_seg_044.wav,SMza0FPS0Js,normal_speech,test
SMza0FPS0Js_seg_045.wav,data/processed/test_set/normal_speech/SMza0FPS0Js_seg_045.wav,SMza0FPS0Js,normal_speech,test
SMza0FPS0Js_seg_046.wav,data/processed/test_set/normal_speech/SMza0FPS0Js_seg_046.wav,SMza0FPS0Js,normal_speech,test
SMza0FPS0Js_seg_047.wav,data/processed/test_set/normal_speech/SMza0FPS0Js_seg_047.wav,SMza0FPS0Js,normal_speech,test
SMza0FPS0Js_seg_048.wav,data/processed/test_set/normal_speech/SMza0FPS0Js_seg_048.wav,SMza0FPS0Js,normal_speech,test
SMza0FPS0Js_seg_049.wav,data/processed/test_set/normal_speech/SMza0FPS0Js_seg_049.wav,SMza0FPS0Js,normal_speech,test
SMza0FPS0Js_seg_050.wav,data/processed/test_set/normal_speech/SMza0FPS0Js_seg_050.wav,SMza0FPS0Js,normal_speech,test
SMza0FPS0Js_seg_051.wav,data/processed/test_set/normal_speech/SMza0FPS0Js_seg_051.wav,SMza0FPS0Js,normal_speech,test
SMza0FPS0Js_seg_052.wav,data/processed/test_set/normal_speech/SMza0FPS0Js_seg_052.wav,SMza0FPS0Js,normal_speech,test
SMza0FPS0Js_seg_053.wav,data/processed/test_set/normal_speech/SMza0FPS0Js_seg_053.wav,SMza0FPS0Js,normal_speech,test
SMza0FPS0Js_seg_054.wav,data/processed/test_set/normal_speech/SMza0FPS0Js_seg_054.wav,SMza0FPS0Js,normal_speech,test
SMza0FPS0Js_seg_055.wav,data/processed/test_set/normal_speech/SMza0FPS0Js_seg_055.wav,SMza0FPS0Js,normal_speech,test
SMza0FPS0Js_seg_056.wav,data/processed/test_set/normal_speech/SMza0FPS0Js_seg_056.wav,SMza0FPS0Js,normal_speech,test
SMza0FPS0Js_seg_057.wav,data/processed/test_set/normal_speech/SMza0FPS0Js_seg_057.wav,SMza0FPS0Js,normal_speech,test
SMza0FPS0Js_seg_058.wav,data/processed/test_set/normal_speech/SMza0FPS0Js_seg_058.wav,SMza0FPS0Js,normal_speech,test
SMza0FPS0Js_seg_059.wav,data/processed/test_set/normal_speech/SMza0FPS0Js_seg_059.wav,SMza0FPS0Js,normal_speech,test
SMza0FPS0Js_seg_060.wav,data/processed/test_set/normal_speech/SMza0FPS0Js_seg_060.wav,SMza0FPS0Js,normal_speech,test
SMza0FPS0Js_seg_061.wav,data/processed/test_set/normal_speech/SMza0FPS0Js_seg_061.wav,SMza0FPS0Js,normal_speech,test
SMza0FPS0Js_seg_062.wav,data/processed/test_set/normal_speech/SMza0FPS0Js_seg_062.wav,SMza0FPS0Js,normal_speech,test
SMza0FPS0Js_seg_063.wav,data/processed/test_set/normal_speech/SMza0FPS0Js_seg_063.wav,SMza0FPS0Js,normal_speech,test
SMza0FPS0Js_seg_064.wav,data/processed/test_set/normal_speech/SMza0FPS0Js_seg_064.wav,SMza0FPS0Js,normal_speech,test
SMza0FPS0Js_seg_065.wav,data/processed/test_set/normal_speech/SMza0FPS0Js_seg_065.wav,SMza0FPS0Js,normal_speech,test
SMza0FPS0Js_seg_066.wav,data/processed/test_set/normal_speech/SMza0FPS0Js_seg_066.wav,SMza0FPS0Js,normal_speech,test
SMza0FPS0Js_seg_067.wav,data/processed/test_set/normal_speech/SMza0FPS0Js_seg_067.wav,SMza0FPS0Js,normal_speech,test
SMza0FPS0Js_seg_068.wav,data/processed/test_set/normal_speech/SMza0FPS0Js_seg_068.wav,SMza0FPS0Js,normal_speech,test
SMza0FPS0Js_seg_069.wav,data/processed/test_set/normal_speech/SMza0FPS0Js_seg_069.wav,SMza0FPS0Js,normal_speech,test
SMza0FPS0Js_seg_070.wav,data/processed/test_set/normal_speech/SMza0FPS0Js_seg_070.wav,SMza0FPS0Js,normal_speech,test
SMza0FPS0Js_seg_071.wav,data/processed/test_set/normal_speech/SMza0FPS0Js_seg_071.wav,SMza0FPS0Js,normal_speech,test
SMza0FPS0Js_seg_072.wav,data/processed/test_set/normal_speech/SMza0FPS0Js_seg_072.wav,SMza0FPS0Js,normal_speech,test
SMza0FPS0Js_seg_073.wav,data/processed/test_set/normal_speech/SMza0FPS0Js_seg_073.wav,SMza0FPS0Js,normal_speech,test
SMza0FPS0Js_seg_074.wav,data/processed/test_set/normal_speech/SMza0FPS0Js_seg_074.wav,SMza0FPS0Js,normal_speech,test
SMza0FPS0Js_seg_075.wav,data/processed/test_set/normal_speech/SMza0FPS0Js_seg_075.wav,SMza0FPS0Js,normal_speech,test
SMza0FPS0Js_seg_076.wav,data/processed/test_set/normal_speech/SMza0FPS0Js_seg_076.wav,SMza0FPS0Js,normal_speech,test
SMza0FPS0Js_seg_077.wav,data/processed/test_set/normal_speech/SMza0FPS0Js_seg_077.wav,SMza0FPS0Js,normal_speech,test
SMza0FPS0Js_seg_078.wav,data/processed/test_set/normal_speech/SMza0FPS0Js_seg_078.wav,SMza0FPS0Js,normal_speech,test
SMza0FPS0Js_seg_079.wav,data/processed/test_set/normal_speech/SMza0FPS0Js_seg_079.wav,SMza0FPS0Js,normal_speech,test
SMza0FPS0Js_seg_080.wav,data/processed/test_set/normal_speech/SMza0FPS0Js_seg_080.wav,SMza0FPS0Js,normal_speech,test
SMza0FPS0Js_seg_081.wav,data/processed/test_set/normal_speech/SMza0FPS0Js_seg_081.wav,SMza0FPS0Js,normal_speech,test
SMza0FPS0Js_seg_082.wav,data/processed/test_set/normal_speech/SMza0FPS0Js_seg_082.wav,SMza0FPS0Js,normal_speech,test
SMza0FPS0Js_seg_083.wav,data/processed/test_set/normal_speech/SMza0FPS0Js_seg_083.wav,SMza0FPS0Js,normal_speech,test
SMza0FPS0Js_seg_084.wav,data/processed/test_set/normal_speech/SMza0FPS0Js_seg_084.wav,SMza0FPS0Js,normal_speech,test
SMza0FPS0Js_seg_085.wav,data/processed/test_set/normal_speech/SMza0FPS0Js_seg_085.wav,SMza0FPS0Js,normal_speech,test
SMza0FPS0Js_seg_086.wav,data/processed/test_set/normal_speech/SMza0FPS0Js_seg_086.wav,SMza0FPS0Js,normal_speech,test
SMza0FPS0Js_seg_087.wav,data/processed/test_set/normal_speech/SMza0FPS0Js_seg_087.wav,SMza0FPS0Js,normal_speech,test
SMza0FPS0Js_seg_088.wav,data/processed/test_set/normal_speech/SMza0FPS0Js_seg_088.wav,SMza0FPS0Js,normal_speech,test
SMza0FPS0Js_seg_089.wav,data/processed/test_set/normal_speech/SMza0FPS0Js_seg_089.wav,SMza0FPS0Js,normal_speech,test
SMza0FPS0Js_seg_090.wav,data/processed/test_set/normal_speech/SMza0FPS0Js_seg_090.wav,SMza0FPS0Js,normal_speech,test
SMza0FPS0Js_seg_091.wav,data/processed/test_set/normal_speech/SMza0FPS0Js_seg_091.wav,SMza0FPS0Js,normal_speech,test
SMza0FPS0Js_seg_092.wav,data/processed/test_set/normal_speech/SMza0FPS0Js_seg_092.wav,SMza0FPS0Js,normal_speech,test
SMza0FPS0Js_seg_093.wav,data/processed/test_set/normal_speech/SMza0FPS0Js_seg_093.wav,SMza0FPS0Js,normal_speech,test
SMza0FPS0Js_seg_094.wav,data/processed/test_set/normal_speech/SMza0FPS0Js_seg_094.wav,SMza0FPS0Js,normal_speech,test
SMza0FPS0Js_seg_095.wav,data/processed/test_set/normal_speech/SMza0FPS0Js_seg_095.wav,SMza0FPS0Js,normal_speech,test
SMza0FPS0Js_seg_096.wav,data/processed/test_set/normal_speech/SMza0FPS0Js_seg_096.wav,SMza0FPS0Js,normal_speech,test
SMza0FPS0Js_seg_097.wav,data/processed/test_set/normal_speech/SMza0FPS0Js_seg_097.wav,SMza0FPS0Js,normal_speech,test
SMza0FPS0Js_seg_098.wav,data/processed/test_set/normal_speech/SMza0FPS0Js_seg_098.wav,SMza0FPS0Js,normal_speech,test
SMza0FPS0Js_seg_099.wav,data/processed/test_set/normal_speech/SMza0FPS0Js_seg_099.wav,SMza0FPS0Js,normal_speech,test
SMza0FPS0Js_seg_100.wav,data/processed/test_set/normal_speech/SMza0FPS0Js_seg_100.wav,SMza0FPS0Js,normal_speech,test
SMza0FPS0Js_seg_101.wav,data/processed/test_set/normal_speech/SMza0FPS0Js_seg_101.wav,SMza0FPS0Js,normal_speech,test
SMza0FPS0Js_seg_102.wav,data/processed/test_set/normal_speech/SMza0FPS0Js_seg_102.wav,SMza0FPS0Js,normal_speech,test
SMza0FPS0Js_seg_103.wav,data/processed/test_set/normal_speech/SMza0FPS0Js_seg_103.wav,SMza0FPS0Js,normal_speech,test
SMza0FPS0Js_seg_104.wav,data/processed/test_set/normal_speech/SMza0FPS0Js_seg_104.wav,SMza0FPS0Js,normal_speech,test
SMza0FPS0Js_seg_105.wav,data/processed/test_set/normal_speech/SMza0FPS0Js_seg_105.wav,SMza0FPS0Js,normal_speech,test
SMza0FPS0Js_seg_106.wav,data/processed/test_set/normal_speech/SMza0FPS0Js_seg_106.wav,SMza0FPS0Js,normal_speech,test
SMza0FPS0Js_seg_107.wav,data/processed/test_set/normal_speech/SMza0FPS0Js_seg_107.wav,SMza0FPS0Js,normal_speech,test
SMza0FPS0Js_seg_108.wav,data/processed/test_set/normal_speech/SMza0FPS0Js_seg_108.wav,SMza0FPS0Js,normal_speech,test
SMza0FPS0Js_seg_109.wav,data/processed/test_set/normal_speech/SMza0FPS0Js_seg_109.wav,SMza0FPS0Js,normal_speech,test
SMza0FPS0Js_seg_110.wav,data/processed/test_set/normal_speech/SMza0FPS0Js_seg_110.wav,SMza0FPS0Js,normal_speech,test
SMza0FPS0Js_seg_111.wav,data/processed/test_set/normal_speech/SMza0FPS0Js_seg_111.wav,SMza0FPS0Js,normal_speech,test
SMza0FPS0Js_seg_112.wav,data/processed/test_set/normal_speech/SMza0FPS0Js_seg_112.wav,SMza0FPS0Js,normal_speech,test
SMza0FPS0Js_seg_113.wav,data/processed/test_set/normal_speech/SMza0FPS0Js_seg_113.wav,SMza0FPS0Js,normal_speech,test
SMza0FPS0Js_seg_114.wav,data/processed/test_set/normal_speech/SMza0FPS0Js_seg_114.wav,SMza0FPS0Js,normal_speech,test
SMza0FPS0Js_seg_115.wav,data/processed/test_set/normal_speech/SMza0FPS0Js_seg_115.wav,SMza0FPS0Js,normal_speech,test
SMza0FPS0Js_seg_116.wav,data/processed/test_set/normal_speech/SMza0FPS0Js_seg_116.wav,SMza0FPS0Js,normal_speech,test
SMza0FPS0Js_seg_117.wav,data/processed/test_set/normal_speech/SMza0FPS0Js_seg_117.wav,SMza0FPS0Js,normal_speech,test
SMza0FPS0Js_seg_118.wav,data/processed/test_set/normal_speech/SMza0FPS0Js_seg_118.wav,SMza0FPS0Js,normal_speech,test
SMza0FPS0Js_seg_119.wav,data/processed/test_set/normal_speech/SMza0FPS0Js_seg_119.wav,SMza0FPS0Js,normal_speech,test
SMza0FPS0Js_seg_120.wav,data/processed/test_set/normal_speech/SMza0FPS0Js_seg_120.wav,SMza0FPS0Js,normal_speech,test
SMza0FPS0Js_seg_121.wav,data/processed/test_set/normal_speech/SMza0FPS0Js_seg_121.wav,SMza0FPS0Js,normal_speech,test
SMza0FPS0Js_seg_122.wav,data/processed/test_set/normal_speech/SMza0FPS0Js_seg_122.wav,SMza0FPS0Js,normal_speech,test
SMza0FPS0Js_seg_123.wav,data/processed/test_set/normal_speech/SMza0FPS0Js_seg_123.wav,SMza0FPS0Js,normal_speech,test
SMza0FPS0Js_seg_124.wav,data/processed/test_set/normal_speech/SMza0FPS0Js_seg_124.wav,SMza0FPS0Js,normal_speech,test
SMza0FPS0Js_seg_125.wav,data/processed/test_set/normal_speech/SMza0FPS0Js_seg_125.wav,SMza0FPS0Js,normal_speech,test
SMza0FPS0Js_seg_126.wav,data/processed/test_set/normal_speech/SMza0FPS0Js_seg_126.wav,SMza0FPS0Js,normal_speech,test
SMza0FPS0Js_seg_127.wav,data/processed/test_set/normal_speech/SMza0FPS0Js_seg_127.wav,SMza0FPS0Js,normal_speech,test
SMza0FPS0Js_seg_128.wav,data/processed/test_set/normal_speech/SMza0FPS0Js_seg_128.wav,SMza0FPS0Js,normal_speech,test
SMza0FPS0Js_seg_129.wav,data/processed/test_set/normal_speech/SMza0FPS0Js_seg_129.wav,SMza0FPS0Js,normal_speech,test
SMza0FPS0Js_seg_130.wav,data/processed/test_set/normal_speech/SMza0FPS0Js_seg_130.wav,SMza0FPS0Js,normal_speech,test
SMza0FPS0Js_seg_131.wav,data/processed/test_set/normal_speech/SMza0FPS0Js_seg_131.wav,SMza0FPS0Js,normal_speech,test
cTMl1IUj8Lw_seg_000.wav,data/processed/test_set/normal_speech/cTMl1IUj8Lw_seg_000.wav,cTMl1IUj8Lw,normal_speech,test
cTMl1IUj8Lw_seg_001.wav,data/processed/test_set/normal_speech/cTMl1IUj8Lw_seg_001.wav,cTMl1IUj8Lw,normal_speech,test
cTMl1IUj8Lw_seg_002.wav,data/processed/test_set/normal_speech/cTMl1IUj8Lw_seg_002.wav,cTMl1IUj8Lw,normal_speech,test
cTMl1IUj8Lw_seg_003.wav,data/processed/test_set/normal_speech/cTMl1IUj8Lw_seg_003.wav,cTMl1IUj8Lw,normal_speech,test
cTMl1IUj8Lw_seg_004.wav,data/processed/test_set/normal_speech/cTMl1IUj8Lw_seg_004.wav,cTMl1IUj8Lw,normal_speech,test
cTMl1IUj8Lw_seg_005.wav,data/processed/test_set/normal_speech/cTMl1IUj8Lw_seg_005.wav,cTMl1IUj8Lw,normal_speech,test
cTMl1IUj8Lw_seg_006.wav,data/processed/test_set/normal_speech/cTMl1IUj8Lw_seg_006.wav,cTMl1IUj8Lw,normal_speech,test
cTMl1IUj8Lw_seg_007.wav,data/processed/test_set/normal_speech/cTMl1IUj8Lw_seg_007.wav,cTMl1IUj8Lw,normal_speech,test
cTMl1IUj8Lw_seg_008.wav,data/processed/test_set/normal_speech/cTMl1IUj8Lw_seg_008.wav,cTMl1IUj8Lw,normal_speech,test
cTMl1IUj8Lw_seg_009.wav,data/processed/test_set/normal_speech/cTMl1IUj8Lw_seg_009.wav,cTMl1IUj8Lw,normal_speech,test
cTMl1IUj8Lw_seg_010.wav,data/processed/test_set/normal_speech/cTMl1IUj8Lw_seg_010.wav,cTMl1IUj8Lw,normal_speech,test
cTMl1IUj8Lw_seg_011.wav,data/processed/test_set/normal_speech/cTMl1IUj8Lw_seg_011.wav,cTMl1IUj8Lw,normal_speech,test
cTMl1IUj8Lw_seg_012.wav,data/processed/test_set/normal_speech/cTMl1IUj8Lw_seg_012.wav,cTMl1IUj8Lw,normal_speech,test
cTMl1IUj8Lw_seg_013.wav,data/processed/test_set/normal_speech/cTMl1IUj8Lw_seg_013.wav,cTMl1IUj8Lw,normal_speech,test
cTMl1IUj8Lw_seg_014.wav,data/processed/test_set/normal_speech/cTMl1IUj8Lw_seg_014.wav,cTMl1IUj8Lw,normal_speech,test
cTMl1IUj8Lw_seg_015.wav,data/processed/test_set/normal_speech/cTMl1IUj8Lw_seg_015.wav,cTMl1IUj8Lw,normal_speech,test
cTMl1IUj8Lw_seg_016.wav,data/processed/test_set/normal_speech/cTMl1IUj8Lw_seg_016.wav,cTMl1IUj8Lw,normal_speech,test
cTMl1IUj8Lw_seg_017.wav,data/processed/test_set/normal_speech/cTMl1IUj8Lw_seg_017.wav,cTMl1IUj8Lw,normal_speech,test
cTMl1IUj8Lw_seg_018.wav,data/processed/test_set/normal_speech/cTMl1IUj8Lw_seg_018.wav,cTMl1IUj8Lw,normal_speech,test
cTMl1IUj8Lw_seg_019.wav,data/processed/test_set/normal_speech/cTMl1IUj8Lw_seg_019.wav,cTMl1IUj8Lw,normal_speech,test
cTMl1IUj8Lw_seg_020.wav,data/processed/test_set/normal_speech/cTMl1IUj8Lw_seg_020.wav,cTMl1IUj8Lw,normal_speech,test
cTMl1IUj8Lw_seg_021.wav,data/processed/test_set/normal_speech/cTMl1IUj8Lw_seg_021.wav,cTMl1IUj8Lw,normal_speech,test
cTMl1IUj8Lw_seg_022.wav,data/processed/test_set/normal_speech/cTMl1IUj8Lw_seg_022.wav,cTMl1IUj8Lw,normal_speech,test
cTMl1IUj8Lw_seg_023.wav,data/processed/test_set/normal_speech/cTMl1IUj8Lw_seg_023.wav,cTMl1IUj8Lw,normal_speech,test
cTMl1IUj8Lw_seg_024.wav,data/processed/test_set/normal_speech/cTMl1IUj8Lw_seg_024.wav,cTMl1IUj8Lw,normal_speech,test
cTMl1IUj8Lw_seg_025.wav,data/processed/test_set/normal_speech/cTMl1IUj8Lw_seg_025.wav,cTMl1IUj8Lw,normal_speech,test
cTMl1IUj8Lw_seg_026.wav,data/processed/test_set/normal_speech/cTMl1IUj8Lw_seg_026.wav,cTMl1IUj8Lw,normal_speech,test
cTMl1IUj8Lw_seg_027.wav,data/processed/test_set/normal_speech/cTMl1IUj8Lw_seg_027.wav,cTMl1IUj8Lw,normal_speech,test
cTMl1IUj8Lw_seg_028.wav,data/processed/test_set/normal_speech/cTMl1IUj8Lw_seg_028.wav,cTMl1IUj8Lw,normal_speech,test
cTMl1IUj8Lw_seg_029.wav,data/processed/test_set/normal_speech/cTMl1IUj8Lw_seg_029.wav,cTMl1IUj8Lw,normal_speech,test
cTMl1IUj8Lw_seg_030.wav,data/processed/test_set/normal_speech/cTMl1IUj8Lw_seg_030.wav,cTMl1IUj8Lw,normal_speech,test
cTMl1IUj8Lw_seg_031.wav,data/processed/test_set/normal_speech/cTMl1IUj8Lw_seg_031.wav,cTMl1IUj8Lw,normal_speech,test
cTMl1IUj8Lw_seg_032.wav,data/processed/test_set/normal_speech/cTMl1IUj8Lw_seg_032.wav,cTMl1IUj8Lw,normal_speech,test
cTMl1IUj8Lw_seg_033.wav,data/processed/test_set/normal_speech/cTMl1IUj8Lw_seg_033.wav,cTMl1IUj8Lw,normal_speech,test
cTMl1IUj8Lw_seg_034.wav,data/processed/test_set/normal_speech/cTMl1IUj8Lw_seg_034.wav,cTMl1IUj8Lw,normal_speech,test
cTMl1IUj8Lw_seg_035.wav,data/processed/test_set/normal_speech/cTMl1IUj8Lw_seg_035.wav,cTMl1IUj8Lw,normal_speech,test
cTMl1IUj8Lw_seg_036.wav,data/processed/test_set/normal_speech/cTMl1IUj8Lw_seg_036.wav,cTMl1IUj8Lw,normal_speech,test
cTMl1IUj8Lw_seg_037.wav,data/processed/test_set/normal_speech/cTMl1IUj8Lw_seg_037.wav,cTMl1IUj8Lw,normal_speech,test
cTMl1IUj8Lw_seg_038.wav,data/processed/test_set/normal_speech/cTMl1IUj8Lw_seg_038.wav,cTMl1IUj8Lw,normal_speech,test
cTMl1IUj8Lw_seg_039.wav,data/processed/test_set/normal_speech/cTMl1IUj8Lw_seg_039.wav,cTMl1IUj8Lw,normal_speech,test
cTMl1IUj8Lw_seg_040.wav,data/processed/test_set/normal_speech/cTMl1IUj8Lw_seg_040.wav,cTMl1IUj8Lw,normal_speech,test
cTMl1IUj8Lw_seg_041.wav,data/processed/test_set/normal_speech/cTMl1IUj8Lw_seg_041.wav,cTMl1IUj8Lw,normal_speech,test
cTMl1IUj8Lw_seg_042.wav,data/processed/test_set/normal_speech/cTMl1IUj8Lw_seg_042.wav,cTMl1IUj8Lw,normal_speech,test
cTMl1IUj8Lw_seg_043.wav,data/processed/test_set/normal_speech/cTMl1IUj8Lw_seg_043.wav,cTMl1IUj8Lw,normal_speech,test
cTMl1IUj8Lw_seg_044.wav,data/processed/test_set/normal_speech/cTMl1IUj8Lw_seg_044.wav,cTMl1IUj8Lw,normal_speech,test
cTMl1IUj8Lw_seg_045.wav,data/processed/test_set/normal_speech/cTMl1IUj8Lw_seg_045.wav,cTMl1IUj8Lw,normal_speech,test
cTMl1IUj8Lw_seg_046.wav,data/processed/test_set/normal_speech/cTMl1IUj8Lw_seg_046.wav,cTMl1IUj8Lw,normal_speech,test
cTMl1IUj8Lw_seg_047.wav,data/processed/test_set/normal_speech/cTMl1IUj8Lw_seg_047.wav,cTMl1IUj8Lw,normal_speech,test
cTMl1IUj8Lw_seg_048.wav,data/processed/test_set/normal_speech/cTMl1IUj8Lw_seg_048.wav,cTMl1IUj8Lw,normal_speech,test
cTMl1IUj8Lw_seg_049.wav,data/processed/test_set/normal_speech/cTMl1IUj8Lw_seg_049.wav,cTMl1IUj8Lw,normal_speech,test
cTMl1IUj8Lw_seg_050.wav,data/processed/test_set/normal_speech/cTMl1IUj8Lw_seg_050.wav,cTMl1IUj8Lw,normal_speech,test
cTMl1IUj8Lw_seg_051.wav,data/processed/test_set/normal_speech/cTMl1IUj8Lw_seg_051.wav,cTMl1IUj8Lw,normal_speech,test
cTMl1IUj8Lw_seg_052.wav,data/processed/test_set/normal_speech/cTMl1IUj8Lw_seg_052.wav,cTMl1IUj8Lw,normal_speech,test
cTMl1IUj8Lw_seg_053.wav,data/processed/test_set/normal_speech/cTMl1IUj8Lw_seg_053.wav,cTMl1IUj8Lw,normal_speech,test
cTMl1IUj8Lw_seg_054.wav,data/processed/test_set/normal_speech/cTMl1IUj8Lw_seg_054.wav,cTMl1IUj8Lw,normal_speech,test
cTMl1IUj8Lw_seg_055.wav,data/processed/test_set/normal_speech/cTMl1IUj8Lw_seg_055.wav,cTMl1IUj8Lw,normal_speech,test
cTMl1IUj8Lw_seg_056.wav,data/processed/test_set/normal_speech/cTMl1IUj8Lw_seg_056.wav,cTMl1IUj8Lw,normal_speech,test
cTMl1IUj8Lw_seg_057.wav,data/processed/test_set/normal_speech/cTMl1IUj8Lw_seg_057.wav,cTMl1IUj8Lw,normal_speech,test
cTMl1IUj8Lw_seg_058.wav,data/processed/test_set/normal_speech/cTMl1IUj8Lw_seg_058.wav,cTMl1IUj8Lw,normal_speech,test
cTMl1IUj8Lw_seg_059.wav,data/processed/test_set/normal_speech/cTMl1IUj8Lw_seg_059.wav,cTMl1IUj8Lw,normal_speech,test
cTMl1IUj8Lw_seg_060.wav,data/processed/test_set/normal_speech/cTMl1IUj8Lw_seg_060.wav,cTMl1IUj8Lw,normal_speech,test
cTMl1IUj8Lw_seg_061.wav,data/processed/test_set/normal_speech/cTMl1IUj8Lw_seg_061.wav,cTMl1IUj8Lw,normal_speech,test
cTMl1IUj8Lw_seg_062.wav,data/processed/test_set/normal_speech/cTMl1IUj8Lw_seg_062.wav,cTMl1IUj8Lw,normal_speech,test
cTMl1IUj8Lw_seg_063.wav,data/processed/test_set/normal_speech/cTMl1IUj8Lw_seg_063.wav,cTMl1IUj8Lw,normal_speech,test
cTMl1IUj8Lw_seg_064.wav,data/processed/test_set/normal_speech/cTMl1IUj8Lw_seg_064.wav,cTMl1IUj8Lw,normal_speech,test
cTMl1IUj8Lw_seg_065.wav,data/processed/test_set/normal_speech/cTMl1IUj8Lw_seg_065.wav,cTMl1IUj8Lw,normal_speech,test
cTMl1IUj8Lw_seg_066.wav,data/processed/test_set/normal_speech/cTMl1IUj8Lw_seg_066.wav,cTMl1IUj8Lw,normal_speech,test
cTMl1IUj8Lw_seg_067.wav,data/processed/test_set/normal_speech/cTMl1IUj8Lw_seg_067.wav,cTMl1IUj8Lw,normal_speech,test
cTMl1IUj8Lw_seg_068.wav,data/processed/test_set/normal_speech/cTMl1IUj8Lw_seg_068.wav,cTMl1IUj8Lw,normal_speech,test
cTMl1IUj8Lw_seg_069.wav,data/processed/test_set/normal_speech/cTMl1IUj8Lw_seg_069.wav,cTMl1IUj8Lw,normal_speech,test
cTMl1IUj8Lw_seg_070.wav,data/processed/test_set/normal_speech/cTMl1IUj8Lw_seg_070.wav,cTMl1IUj8Lw,normal_speech,test
cTMl1IUj8Lw_seg_071.wav,data/processed/test_set/normal_speech/cTMl1IUj8Lw_seg_071.wav,cTMl1IUj8Lw,normal_speech,test
cTMl1IUj8Lw_seg_072.wav,data/processed/test_set/normal_speech/cTMl1IUj8Lw_seg_072.wav,cTMl1IUj8Lw,normal_speech,test
cTMl1IUj8Lw_seg_073.wav,data/processed/test_set/normal_speech/cTMl1IUj8Lw_seg_073.wav,cTMl1IUj8Lw,normal_speech,test
cTMl1IUj8Lw_seg_074.wav,data/processed/test_set/normal_speech/cTMl1IUj8Lw_seg_074.wav,cTMl1IUj8Lw,normal_speech,test
cTMl1IUj8Lw_seg_075.wav,data/processed/test_set/normal_speech/cTMl1IUj8Lw_seg_075.wav,cTMl1IUj8Lw,normal_speech,test
cTMl1IUj8Lw_seg_076.wav,data/processed/test_set/normal_speech/cTMl1IUj8Lw_seg_076.wav,cTMl1IUj8Lw,normal_speech,test
cTMl1IUj8Lw_seg_077.wav,data/processed/test_set/normal_speech/cTMl1IUj8Lw_seg_077.wav,cTMl1IUj8Lw,normal_speech,test
cTMl1IUj8Lw_seg_078.wav,data/processed/test_set/normal_speech/cTMl1IUj8Lw_seg_078.wav,cTMl1IUj8Lw,normal_speech,test
cTMl1IUj8Lw_seg_079.wav,data/processed/test_set/normal_speech/cTMl1IUj8Lw_seg_079.wav,cTMl1IUj8Lw,normal_speech,test
cTMl1IUj8Lw_seg_080.wav,data/processed/test_set/normal_speech/cTMl1IUj8Lw_seg_080.wav,cTMl1IUj8Lw,normal_speech,test
ke5EkD0K8UA_seg_000.wav,data/processed/test_set/normal_speech/ke5EkD0K8UA_seg_000.wav,ke5EkD0K8UA,normal_speech,test
ke5EkD0K8UA_seg_001.wav,data/processed/test_set/normal_speech/ke5EkD0K8UA_seg_001.wav,ke5EkD0K8UA,normal_speech,test
ke5EkD0K8UA_seg_002.wav,data/processed/test_set/normal_speech/ke5EkD0K8UA_seg_002.wav,ke5EkD0K8UA,normal_speech,test
ke5EkD0K8UA_seg_003.wav,data/processed/test_set/normal_speech/ke5EkD0K8UA_seg_003.wav,ke5EkD0K8UA,normal_speech,test
ke5EkD0K8UA_seg_004.wav,data/processed/test_set/normal_speech/ke5EkD0K8UA_seg_004.wav,ke5EkD0K8UA,normal_speech,test
ke5EkD0K8UA_seg_005.wav,data/processed/test_set/normal_speech/ke5EkD0K8UA_seg_005.wav,ke5EkD0K8UA,normal_speech,test
ke5EkD0K8UA_seg_006.wav,data/processed/test_set/normal_speech/ke5EkD0K8UA_seg_006.wav,ke5EkD0K8UA,normal_speech,test
ke5EkD0K8UA_seg_007.wav,data/processed/test_set/normal_speech/ke5EkD0K8UA_seg_007.wav,ke5EkD0K8UA,normal_speech,test
ke5EkD0K8UA_seg_008.wav,data/processed/test_set/normal_speech/ke5EkD0K8UA_seg_008.wav,ke5EkD0K8UA,normal_speech,test
ke5EkD0K8UA_seg_009.wav,data/processed/test_set/normal_speech/ke5EkD0K8UA_seg_009.wav,ke5EkD0K8UA,normal_speech,test
ke5EkD0K8UA_seg_010.wav,data/processed/test_set/normal_speech/ke5EkD0K8UA_seg_010.wav,ke5EkD0K8UA,normal_speech,test
ke5EkD0K8UA_seg_011.wav,data/processed/test_set/normal_speech/ke5EkD0K8UA_seg_011.wav,ke5EkD0K8UA,normal_speech,test
ke5EkD0K8UA_seg_012.wav,data/processed/test_set/normal_speech/ke5EkD0K8UA_seg_012.wav,ke5EkD0K8UA,normal_speech,test
ke5EkD0K8UA_seg_013.wav,data/processed/test_set/normal_speech/ke5EkD0K8UA_seg_013.wav,ke5EkD0K8UA,normal_speech,test
ke5EkD0K8UA_seg_014.wav,data/processed/test_set/normal_speech/ke5EkD0K8UA_seg_014.wav,ke5EkD0K8UA,normal_speech,test
ke5EkD0K8UA_seg_015.wav,data/processed/test_set/normal_speech/ke5EkD0K8UA_seg_015.wav,ke5EkD0K8UA,normal_speech,test
ke5EkD0K8UA_seg_016.wav,data/processed/test_set/normal_speech/ke5EkD0K8UA_seg_016.wav,ke5EkD0K8UA,normal_speech,test
ke5EkD0K8UA_seg_017.wav,data/processed/test_set/normal_speech/ke5EkD0K8UA_seg_017.wav,ke5EkD0K8UA,normal_speech,test
ke5EkD0K8UA_seg_018.wav,data/processed/test_set/normal_speech/ke5EkD0K8UA_seg_018.wav,ke5EkD0K8UA,normal_speech,test
ke5EkD0K8UA_seg_019.wav,data/processed/test_set/normal_speech/ke5EkD0K8UA_seg_019.wav,ke5EkD0K8UA,normal_speech,test
ke5EkD0K8UA_seg_020.wav,data/processed/test_set/normal_speech/ke5EkD0K8UA_seg_020.wav,ke5EkD0K8UA,normal_speech,test
ke5EkD0K8UA_seg_021.wav,data/processed/test_set/normal_speech/ke5EkD0K8UA_seg_021.wav,ke5EkD0K8UA,normal_speech,test
ke5EkD0K8UA_seg_022.wav,data/processed/test_set/normal_speech/ke5EkD0K8UA_seg_022.wav,ke5EkD0K8UA,normal_speech,test
ke5EkD0K8UA_seg_023.wav,data/processed/test_set/normal_speech/ke5EkD0K8UA_seg_023.wav,ke5EkD0K8UA,normal_speech,test
ke5EkD0K8UA_seg_024.wav,data/processed/test_set/normal_speech/ke5EkD0K8UA_seg_024.wav,ke5EkD0K8UA,normal_speech,test
ke5EkD0K8UA_seg_025.wav,data/processed/test_set/normal_speech/ke5EkD0K8UA_seg_025.wav,ke5EkD0K8UA,normal_speech,test
ke5EkD0K8UA_seg_026.wav,data/processed/test_set/normal_speech/ke5EkD0K8UA_seg_026.wav,ke5EkD0K8UA,normal_speech,test
ke5EkD0K8UA_seg_027.wav,data/processed/test_set/normal_speech/ke5EkD0K8UA_seg_027.wav,ke5EkD0K8UA,normal_speech,test
ke5EkD0K8UA_seg_028.wav,data/processed/test_set/normal_speech/ke5EkD0K8UA_seg_028.wav,ke5EkD0K8UA,normal_speech,test
ke5EkD0K8UA_seg_029.wav,data/processed/test_set/normal_speech/ke5EkD0K8UA_seg_029.wav,ke5EkD0K8UA,normal_speech,test
ke5EkD0K8UA_seg_030.wav,data/processed/test_set/normal_speech/ke5EkD0K8UA_seg_030.wav,ke5EkD0K8UA,normal_speech,test
ke5EkD0K8UA_seg_031.wav,data/processed/test_set/normal_speech/ke5EkD0K8UA_seg_031.wav,ke5EkD0K8UA,normal_speech,test
ke5EkD0K8UA_seg_032.wav,data/processed/test_set/normal_speech/ke5EkD0K8UA_seg_032.wav,ke5EkD0K8UA,normal_speech,test
ke5EkD0K8UA_seg_033.wav,data/processed/test_set/normal_speech/ke5EkD0K8UA_seg_033.wav,ke5EkD0K8UA,normal_speech,test
ke5EkD0K8UA_seg_034.wav,data/processed/test_set/normal_speech/ke5EkD0K8UA_seg_034.wav,ke5EkD0K8UA,normal_speech,test
ke5EkD0K8UA_seg_035.wav,data/processed/test_set/normal_speech/ke5EkD0K8UA_seg_035.wav,ke5EkD0K8UA,normal_speech,test
ke5EkD0K8UA_seg_036.wav,data/processed/test_set/normal_speech/ke5EkD0K8UA_seg_036.wav,ke5EkD0K8UA,normal_speech,test
ke5EkD0K8UA_seg_037.wav,data/processed/test_set/normal_speech/ke5EkD0K8UA_seg_037.wav,ke5EkD0K8UA,normal_speech,test
ke5EkD0K8UA_seg_038.wav,data/processed/test_set/normal_speech/ke5EkD0K8UA_seg_038.wav,ke5EkD0K8UA,normal_speech,test
ke5EkD0K8UA_seg_039.wav,data/processed/test_set/normal_speech/ke5EkD0K8UA_seg_039.wav,ke5EkD0K8UA,normal_speech,test
ke5EkD0K8UA_seg_040.wav,data/processed/test_set/normal_speech/ke5EkD0K8UA_seg_040.wav,ke5EkD0K8UA,normal_speech,test
ke5EkD0K8UA_seg_041.wav,data/processed/test_set/normal_speech/ke5EkD0K8UA_seg_041.wav,ke5EkD0K8UA,normal_speech,test
ke5EkD0K8UA_seg_042.wav,data/processed/test_set/normal_speech/ke5EkD0K8UA_seg_042.wav,ke5EkD0K8UA,normal_speech,test
ke5EkD0K8UA_seg_043.wav,data/processed/test_set/normal_speech/ke5EkD0K8UA_seg_043.wav,ke5EkD0K8UA,normal_speech,test
ke5EkD0K8UA_seg_044.wav,data/processed/test_set/normal_speech/ke5EkD0K8UA_seg_044.wav,ke5EkD0K8UA,normal_speech,test
ke5EkD0K8UA_seg_045.wav,data/processed/test_set/normal_speech/ke5EkD0K8UA_seg_045.wav,ke5EkD0K8UA,normal_speech,test
ke5EkD0K8UA_seg_046.wav,data/processed/test_set/normal_speech/ke5EkD0K8UA_seg_046.wav,ke5EkD0K8UA,normal_speech,test
ke5EkD0K8UA_seg_047.wav,data/processed/test_set/normal_speech/ke5EkD0K8UA_seg_047.wav,ke5EkD0K8UA,normal_speech,test
ke5EkD0K8UA_seg_048.wav,data/processed/test_set/normal_speech/ke5EkD0K8UA_seg_048.wav,ke5EkD0K8UA,normal_speech,test
ke5EkD0K8UA_seg_049.wav,data/processed/test_set/normal_speech/ke5EkD0K8UA_seg_049.wav,ke5EkD0K8UA,normal_speech,test
ke5EkD0K8UA_seg_050.wav,data/processed/test_set/normal_speech/ke5EkD0K8UA_seg_050.wav,ke5EkD0K8UA,normal_speech,test
ke5EkD0K8UA_seg_051.wav,data/processed/test_set/normal_speech/ke5EkD0K8UA_seg_051.wav,ke5EkD0K8UA,normal_speech,test
ke5EkD0K8UA_seg_052.wav,data/processed/test_set/normal_speech/ke5EkD0K8UA_seg_052.wav,ke5EkD0K8UA,normal_speech,test
ke5EkD0K8UA_seg_053.wav,data/processed/test_set/normal_speech/ke5EkD0K8UA_seg_053.wav,ke5EkD0K8UA,normal_speech,test
ke5EkD0K8UA_seg_054.wav,data/processed/test_set/normal_speech/ke5EkD0K8UA_seg_054.wav,ke5EkD0K8UA,normal_speech,test
ke5EkD0K8UA_seg_055.wav,data/processed/test_set/normal_speech/ke5EkD0K8UA_seg_055.wav,ke5EkD0K8UA,normal_speech,test
ke5EkD0K8UA_seg_056.wav,data/processed/test_set/normal_speech/ke5EkD0K8UA_seg_056.wav,ke5EkD0K8UA,normal_speech,test
ke5EkD0K8UA_seg_057.wav,data/processed/test_set/normal_speech/ke5EkD0K8UA_seg_057.wav,ke5EkD0K8UA,normal_speech,test
ke5EkD0K8UA_seg_058.wav,data/processed/test_set/normal_speech/ke5EkD0K8UA_seg_058.wav,ke5EkD0K8UA,normal_speech,test
ke5EkD0K8UA_seg_059.wav,data/processed/test_set/normal_speech/ke5EkD0K8UA_seg_059.wav,ke5EkD0K8UA,normal_speech,test
ke5EkD0K8UA_seg_060.wav,data/processed/test_set/normal_speech/ke5EkD0K8UA_seg_060.wav,ke5EkD0K8UA,normal_speech,test
ke5EkD0K8UA_seg_061.wav,data/processed/test_set/normal_speech/ke5EkD0K8UA_seg_061.wav,ke5EkD0K8UA,normal_speech,test
ke5EkD0K8UA_seg_062.wav,data/processed/test_set/normal_speech/ke5EkD0K8UA_seg_062.wav,ke5EkD0K8UA,normal_speech,test
ke5EkD0K8UA_seg_063.wav,data/processed/test_set/normal_speech/ke5EkD0K8UA_seg_063.wav,ke5EkD0K8UA,normal_speech,test
ke5EkD0K8UA_seg_064.wav,data/processed/test_set/normal_speech/ke5EkD0K8UA_seg_064.wav,ke5EkD0K8UA,normal_speech,test
ke5EkD0K8UA_seg_065.wav,data/processed/test_set/normal_speech/ke5EkD0K8UA_seg_065.wav,ke5EkD0K8UA,normal_speech,test
ke5EkD0K8UA_seg_066.wav,data/processed/test_set/normal_speech/ke5EkD0K8UA_seg_066.wav,ke5EkD0K8UA,normal_speech,test
ke5EkD0K8UA_seg_067.wav,data/processed/test_set/normal_speech/ke5EkD0K8UA_seg_067.wav,ke5EkD0K8UA,normal_speech,test
ke5EkD0K8UA_seg_068.wav,data/processed/test_set/normal_speech/ke5EkD0K8UA_seg_068.wav,ke5EkD0K8UA,normal_speech,test
ke5EkD0K8UA_seg_069.wav,data/processed/test_set/normal_speech/ke5EkD0K8UA_seg_069.wav,ke5EkD0K8UA,normal_speech,test
ke5EkD0K8UA_seg_070.wav,data/processed/test_set/normal_speech/ke5EkD0K8UA_seg_070.wav,ke5EkD0K8UA,normal_speech,test
ke5EkD0K8UA_seg_071.wav,data/processed/test_set/normal_speech/ke5EkD0K8UA_seg_071.wav,ke5EkD0K8UA,normal_speech,test
ke5EkD0K8UA_seg_072.wav,data/processed/test_set/normal_speech/ke5EkD0K8UA_seg_072.wav,ke5EkD0K8UA,normal_speech,test
ke5EkD0K8UA_seg_073.wav,data/processed/test_set/normal_speech/ke5EkD0K8UA_seg_073.wav,ke5EkD0K8UA,normal_speech,test
ke5EkD0K8UA_seg_074.wav,data/processed/test_set/normal_speech/ke5EkD0K8UA_seg_074.wav,ke5EkD0K8UA,normal_speech,test
ke5EkD0K8UA_seg_075.wav,data/processed/test_set/normal_speech/ke5EkD0K8UA_seg_075.wav,ke5EkD0K8UA,normal_speech,test
ke5EkD0K8UA_seg_076.wav,data/processed/test_set/normal_speech/ke5EkD0K8UA_seg_076.wav,ke5EkD0K8UA,normal_speech,test
ke5EkD0K8UA_seg_077.wav,data/processed/test_set/normal_speech/ke5EkD0K8UA_seg_077.wav,ke5EkD0K8UA,normal_speech,test
ke5EkD0K8UA_seg_078.wav,data/processed/test_set/normal_speech/ke5EkD0K8UA_seg_078.wav,ke5EkD0K8UA,normal_speech,test
ke5EkD0K8UA_seg_079.wav,data/processed/test_set/normal_speech/ke5EkD0K8UA_seg_079.wav,ke5EkD0K8UA,normal_speech,test
ke5EkD0K8UA_seg_080.wav,data/processed/test_set/normal_speech/ke5EkD0K8UA_seg_080.wav,ke5EkD0K8UA,normal_speech,test
ke5EkD0K8UA_seg_081.wav,data/processed/test_set/normal_speech/ke5EkD0K8UA_seg_081.wav,ke5EkD0K8UA,normal_speech,test
ke5EkD0K8UA_seg_082.wav,data/processed/test_set/normal_speech/ke5EkD0K8UA_seg_082.wav,ke5EkD0K8UA,normal_speech,test
ke5EkD0K8UA_seg_083.wav,data/processed/test_set/normal_speech/ke5EkD0K8UA_seg_083.wav,ke5EkD0K8UA,normal_speech,test
ke5EkD0K8UA_seg_084.wav,data/processed/test_set/normal_speech/ke5EkD0K8UA_seg_084.wav,ke5EkD0K8UA,normal_speech,test
ke5EkD0K8UA_seg_085.wav,data/processed/test_set/normal_speech/ke5EkD0K8UA_seg_085.wav,ke5EkD0K8UA,normal_speech,test
ke5EkD0K8UA_seg_086.wav,data/processed/test_set/normal_speech/ke5EkD0K8UA_seg_086.wav,ke5EkD0K8UA,normal_speech,test
ke5EkD0K8UA_seg_087.wav,data/processed/test_set/normal_speech/ke5EkD0K8UA_seg_087.wav,ke5EkD0K8UA,normal_speech,test
ke5EkD0K8UA_seg_088.wav,data/processed/test_set/normal_speech/ke5EkD0K8UA_seg_088.wav,ke5EkD0K8UA,normal_speech,test
ke5EkD0K8UA_seg_089.wav,data/processed/test_set/normal_speech/ke5EkD0K8UA_seg_089.wav,ke5EkD0K8UA,normal_speech,test
ke5EkD0K8UA_seg_090.wav,data/processed/test_set/normal_speech/ke5EkD0K8UA_seg_090.wav,ke5EkD0K8UA,normal_speech,test
ke5EkD0K8UA_seg_091.wav,data/processed/test_set/normal_speech/ke5EkD0K8UA_seg_091.wav,ke5EkD0K8UA,normal_speech,test
ke5EkD0K8UA_seg_092.wav,data/processed/test_set/normal_speech/ke5EkD0K8UA_seg_092.wav,ke5EkD0K8UA,normal_speech,test
ke5EkD0K8UA_seg_093.wav,data/processed/test_set/normal_speech/ke5EkD0K8UA_seg_093.wav,ke5EkD0K8UA,normal_speech,test
ke5EkD0K8UA_seg_094.wav,data/processed/test_set/normal_speech/ke5EkD0K8UA_seg_094.wav,ke5EkD0K8UA,normal_speech,test
ke5EkD0K8UA_seg_095.wav,data/processed/test_set/normal_speech/ke5EkD0K8UA_seg_095.wav,ke5EkD0K8UA,normal_speech,test
ke5EkD0K8UA_seg_096.wav,data/processed/test_set/normal_speech/ke5EkD0K8UA_seg_096.wav,ke5EkD0K8UA,normal_speech,test
ke5EkD0K8UA_seg_097.wav,data/processed/test_set/normal_speech/ke5EkD0K8UA_seg_097.wav,ke5EkD0K8UA,normal_speech,test
ke5EkD0K8UA_seg_098.wav,data/processed/test_set/normal_speech/ke5EkD0K8UA_seg_098.wav,ke5EkD0K8UA,normal_speech,test
ke5EkD0K8UA_seg_099.wav,data/processed/test_set/normal_speech/ke5EkD0K8UA_seg_099.wav,ke5EkD0K8UA,normal_speech,test
ke5EkD0K8UA_seg_100.wav,data/processed/test_set/normal_speech/ke5EkD0K8UA_seg_100.wav,ke5EkD0K8UA,normal_speech,test
ke5EkD0K8UA_seg_101.wav,data/processed/test_set/normal_speech/ke5EkD0K8UA_seg_101.wav,ke5EkD0K8UA,normal_speech,test
ke5EkD0K8UA_seg_102.wav,data/processed/test_set/normal_speech/ke5EkD0K8UA_seg_102.wav,ke5EkD0K8UA,normal_speech,test
ke5EkD0K8UA_seg_103.wav,data/processed/test_set/normal_speech/ke5EkD0K8UA_seg_103.wav,ke5EkD0K8UA,normal_speech,test
ke5EkD0K8UA_seg_104.wav,data/processed/test_set/normal_speech/ke5EkD0K8UA_seg_104.wav,ke5EkD0K8UA,normal_speech,test
ke5EkD0K8UA_seg_105.wav,data/processed/test_set/normal_speech/ke5EkD0K8UA_seg_105.wav,ke5EkD0K8UA,normal_speech,test
ke5EkD0K8UA_seg_106.wav,data/processed/test_set/normal_speech/ke5EkD0K8UA_seg_106.wav,ke5EkD0K8UA,normal_speech,test
