path,filename,video_id,ok_read,sample_rate,channels,duration_s,rms_dbfs,peak_dbfs,silence_ratio,clipping_ratio,keep_auto,reason
data\interim\segmented\spasmodic_dysphonia\0eDJFB70peE_seg_000.wav,0eDJFB70peE_seg_000.wav,0eDJFB70peE,True,16000,1,3.0,-26.8541,-4.1275,0.416,0.0,True,ok
data\interim\segmented\spasmodic_dysphonia\0eDJFB70peE_seg_001.wav,0eDJFB70peE_seg_001.wav,0eDJFB70peE,True,16000,1,3.0,-30.1681,-5.0334,0.6523,0.0,True,ok
data\interim\segmented\spasmodic_dysphonia\0eDJFB70peE_seg_002.wav,0eDJFB70peE_seg_002.wav,0eDJFB70peE,True,16000,1,3.0,-31.666,-8.5165,0.7354,0.0,True,ok
data\interim\segmented\spasmodic_dysphonia\0eDJFB70peE_seg_003.wav,0eDJFB70peE_seg_003.wav,0eDJFB70peE,True,16000,1,3.0,-30.5784,-3.9816,0.6743,0.0,True,ok
data\interim\segmented\spasmodic_dysphonia\0eDJFB70peE_seg_004.wav,0eDJFB70peE_seg_004.wav,0eDJFB70peE,True,16000,1,3.0,-29.1414,-6.7444,0.5099,0.0,True,ok
data\interim\segmented\spasmodic_dysphonia\0eDJFB70peE_seg_005.wav,0eDJFB70peE_seg_005.wav,0eDJFB70peE,True,16000,1,3.0,-38.0116,-13.5345,0.8199,0.0,False,mostly_silence:0.82
data\interim\segmented\spasmodic_dysphonia\0eDJFB70peE_seg_006.wav,0eDJFB70peE_seg_006.wav,0eDJFB70peE,True,16000,1,3.0,-28.0379,-0.1735,0.5556,0.0,True,ok
data\interim\segmented\spasmodic_dysphonia\0eDJFB70peE_seg_007.wav,0eDJFB70peE_seg_007.wav,0eDJFB70peE,True,16000,1,3.0,-26.0686,-4.6285,0.3678,0.0,True,ok
data\interim\segmented\spasmodic_dysphonia\0eDJFB70peE_seg_008.wav,0eDJFB70peE_seg_008.wav,0eDJFB70peE,True,16000,1,3.0,-39.5771,-6.8511,0.9312,0.0,False,mostly_silence:0.93
data\interim\segmented\spasmodic_dysphonia\0eDJFB70peE_seg_009.wav,0eDJFB70peE_seg_009.wav,0eDJFB70peE,True,16000,1,3.0,-32.717,-9.4457,0.6102,0.0,True,ok
data\interim\segmented\spasmodic_dysphonia\0eDJFB70peE_seg_010.wav,0eDJFB70peE_seg_010.wav,0eDJFB70peE,True,16000,1,3.0,-35.2321,-10.8206,0.7398,0.0,True,ok
data\interim\segmented\spasmodic_dysphonia\0eDJFB70peE_seg_011.wav,0eDJFB70peE_seg_011.wav,0eDJFB70peE,True,16000,1,3.0,-57.8993,-35.2988,0.9955,0.0,False,too_quiet:-57.9dBFS;mostly_silence:1.00
data\interim\segmented\spasmodic_dysphonia\0eDJFB70peE_seg_012.wav,0eDJFB70peE_seg_012.wav,0eDJFB70peE,True,16000,1,3.0,-33.9195,-2.9749,0.6967,0.0,True,ok
data\interim\segmented\spasmodic_dysphonia\0eDJFB70peE_seg_013.wav,0eDJFB70peE_seg_013.wav,0eDJFB70peE,True,16000,1,3.0,-37.8963,-10.8742,0.8441,0.0,False,mostly_silence:0.84
data\interim\segmented\spasmodic_dysphonia\0eDJFB70peE_seg_014.wav,0eDJFB70peE_seg_014.wav,0eDJFB70peE,True,16000,1,3.0,-31.6537,-7.8693,0.7019,0.0,True,ok
data\interim\segmented\spasmodic_dysphonia\0eDJFB70peE_seg_015.wav,0eDJFB70peE_seg_015.wav,0eDJFB70peE,True,16000,1,3.0,-44.2725,-18.8748,0.9204,0.0,False,mostly_silence:0.92
data\interim\segmented\spasmodic_dysphonia\0eDJFB70peE_seg_016.wav,0eDJFB70peE_seg_016.wav,0eDJFB70peE,True,16000,1,3.0,-32.3701,-9.3955,0.585,0.0,True,ok
data\interim\segmented\spasmodic_dysphonia\0eDJFB70peE_seg_017.wav,0eDJFB70peE_seg_017.wav,0eDJFB70peE,True,16000,1,3.0,-32.1594,-9.5605,0.6587,0.0,True,ok
data\interim\segmented\spasmodic_dysphonia\0eDJFB70peE_seg_018.wav,0eDJFB70peE_seg_018.wav,0eDJFB70peE,True,16000,1,3.0,-34.0015,-5.4453,0.815,0.0,False,mostly_silence:0.81
data\interim\segmented\spasmodic_dysphonia\0eDJFB70peE_seg_019.wav,0eDJFB70peE_seg_019.wav,0eDJFB70peE,True,16000,1,3.0,-36.5975,-6.4443,0.8817,0.0,False,mostly_silence:0.88
data\interim\segmented\spasmodic_dysphonia\0eDJFB70peE_seg_020.wav,0eDJFB70peE_seg_020.wav,0eDJFB70peE,True,16000,1,3.0,-45.5136,-16.6571,0.9833,0.0,False,mostly_silence:0.98
data\interim\segmented\spasmodic_dysphonia\0eDJFB70peE_seg_021.wav,0eDJFB70peE_seg_021.wav,0eDJFB70peE,True,16000,1,3.0,-60.4709,-41.6817,0.9998,0.0,False,too_quiet:-60.5dBFS;mostly_silence:1.00
data\interim\segmented\spasmodic_dysphonia\0eDJFB70peE_seg_022.wav,0eDJFB70peE_seg_022.wav,0eDJFB70peE,True,16000,1,3.0,-59.1642,-36.9041,0.9983,0.0,False,too_quiet:-59.2dBFS;mostly_silence:1.00
data\interim\segmented\spasmodic_dysphonia\0eDJFB70peE_seg_023.wav,0eDJFB70peE_seg_023.wav,0eDJFB70peE,True,16000,1,3.0,-56.8607,-38.5548,0.9965,0.0,False,too_quiet:-56.9dBFS;mostly_silence:1.00
data\interim\segmented\spasmodic_dysphonia\0eDJFB70peE_seg_024.wav,0eDJFB70peE_seg_024.wav,0eDJFB70peE,True,16000,1,3.0,-61.182,-46.4465,1.0,0.0,False,too_quiet:-61.2dBFS;mostly_silence:1.00
data\interim\segmented\spasmodic_dysphonia\0eDJFB70peE_seg_025.wav,0eDJFB70peE_seg_025.wav,0eDJFB70peE,True,16000,1,3.0,-45.8942,-18.2787,0.9735,0.0,False,mostly_silence:0.97
data\interim\segmented\spasmodic_dysphonia\0eDJFB70peE_seg_026.wav,0eDJFB70peE_seg_026.wav,0eDJFB70peE,True,16000,1,3.0,-63.135,-49.3246,1.0,0.0,False,too_quiet:-63.1dBFS;mostly_silence:1.00
data\interim\segmented\spasmodic_dysphonia\0eDJFB70peE_seg_027.wav,0eDJFB70peE_seg_027.wav,0eDJFB70peE,True,16000,1,3.0,-60.5763,-42.1103,0.9997,0.0,False,too_quiet:-60.6dBFS;mostly_silence:1.00
data\interim\segmented\spasmodic_dysphonia\0eDJFB70peE_seg_028.wav,0eDJFB70peE_seg_028.wav,0eDJFB70peE,True,16000,1,3.0,-61.9096,-42.741,0.9999,0.0,False,too_quiet:-61.9dBFS;mostly_silence:1.00
data\interim\segmented\spasmodic_dysphonia\0eDJFB70peE_seg_029.wav,0eDJFB70peE_seg_029.wav,0eDJFB70peE,True,16000,1,3.0,-63.0594,-47.3864,1.0,0.0,False,too_quiet:-63.1dBFS;mostly_silence:1.00
data\interim\segmented\spasmodic_dysphonia\0eDJFB70peE_seg_030.wav,0eDJFB70peE_seg_030.wav,0eDJFB70peE,True,16000,1,3.0,-55.0143,-31.331,0.9856,0.0,False,too_quiet:-55.0dBFS;mostly_silence:0.99
data\interim\segmented\spasmodic_dysphonia\0eDJFB70peE_seg_031.wav,0eDJFB70peE_seg_031.wav,0eDJFB70peE,True,16000,1,3.0,-59.6942,-31.1952,0.999,0.0,False,too_quiet:-59.7dBFS;mostly_silence:1.00
data\interim\segmented\spasmodic_dysphonia\0eDJFB70peE_seg_032.wav,0eDJFB70peE_seg_032.wav,0eDJFB70peE,True,16000,1,3.0,-61.3008,-34.1583,0.9998,0.0,False,too_quiet:-61.3dBFS;mostly_silence:1.00
data\interim\segmented\spasmodic_dysphonia\0eDJFB70peE_seg_033.wav,0eDJFB70peE_seg_033.wav,0eDJFB70peE,True,16000,1,3.0,-58.6263,-36.1746,0.9986,0.0,False,too_quiet:-58.6dBFS;mostly_silence:1.00
data\interim\segmented\spasmodic_dysphonia\0eDJFB70peE_seg_034.wav,0eDJFB70peE_seg_034.wav,0eDJFB70peE,True,16000,1,3.0,-54.0592,-32.7501,0.9866,0.0,False,mostly_silence:0.99
data\interim\segmented\spasmodic_dysphonia\0eDJFB70peE_seg_035.wav,0eDJFB70peE_seg_035.wav,0eDJFB70peE,True,16000,1,3.0,-51.1867,-26.9449,0.9826,0.0,False,mostly_silence:0.98
data\interim\segmented\spasmodic_dysphonia\0eDJFB70peE_seg_036.wav,0eDJFB70peE_seg_036.wav,0eDJFB70peE,True,16000,1,3.0,-60.2407,-42.4903,0.9998,0.0,False,too_quiet:-60.2dBFS;mostly_silence:1.00
data\interim\segmented\spasmodic_dysphonia\0eDJFB70peE_seg_037.wav,0eDJFB70peE_seg_037.wav,0eDJFB70peE,True,16000,1,3.0,-59.2994,-34.024,0.9969,0.0,False,too_quiet:-59.3dBFS;mostly_silence:1.00
data\interim\segmented\spasmodic_dysphonia\0eDJFB70peE_seg_038.wav,0eDJFB70peE_seg_038.wav,0eDJFB70peE,True,16000,1,3.0,-46.1177,-20.9746,0.9735,0.0,False,mostly_silence:0.97
data\interim\segmented\spasmodic_dysphonia\0eDJFB70peE_seg_039.wav,0eDJFB70peE_seg_039.wav,0eDJFB70peE,True,16000,1,3.0,-53.9941,-31.9379,0.9891,0.0,False,mostly_silence:0.99
data\interim\segmented\spasmodic_dysphonia\0eDJFB70peE_seg_040.wav,0eDJFB70peE_seg_040.wav,0eDJFB70peE,True,16000,1,3.0,-59.8566,-46.6152,1.0,0.0,False,too_quiet:-59.9dBFS;mostly_silence:1.00
data\interim\segmented\spasmodic_dysphonia\0eDJFB70peE_seg_041.wav,0eDJFB70peE_seg_041.wav,0eDJFB70peE,True,16000,1,3.0,-60.5748,-44.7798,1.0,0.0,False,too_quiet:-60.6dBFS;mostly_silence:1.00
data\interim\segmented\spasmodic_dysphonia\0eDJFB70peE_seg_042.wav,0eDJFB70peE_seg_042.wav,0eDJFB70peE,True,16000,1,3.0,-56.0096,-29.7457,0.991,0.0,False,too_quiet:-56.0dBFS;mostly_silence:0.99
data\interim\segmented\spasmodic_dysphonia\0eDJFB70peE_seg_043.wav,0eDJFB70peE_seg_043.wav,0eDJFB70peE,True,16000,1,3.0,-60.5909,-41.5857,0.9995,0.0,False,too_quiet:-60.6dBFS;mostly_silence:1.00
data\interim\segmented\spasmodic_dysphonia\0eDJFB70peE_seg_044.wav,0eDJFB70peE_seg_044.wav,0eDJFB70peE,True,16000,1,3.0,-59.8309,-39.1109,0.9991,0.0,False,too_quiet:-59.8dBFS;mostly_silence:1.00
data\interim\segmented\spasmodic_dysphonia\0eDJFB70peE_seg_045.wav,0eDJFB70peE_seg_045.wav,0eDJFB70peE,True,16000,1,3.0,-47.8027,-15.9689,0.9824,0.0,False,mostly_silence:0.98
data\interim\segmented\spasmodic_dysphonia\0eDJFB70peE_seg_046.wav,0eDJFB70peE_seg_046.wav,0eDJFB70peE,True,16000,1,3.0,-46.4278,-11.9841,0.9897,0.0,False,mostly_silence:0.99
data\interim\segmented\spasmodic_dysphonia\0eDJFB70peE_seg_047.wav,0eDJFB70peE_seg_047.wav,0eDJFB70peE,True,16000,1,3.0,-54.6382,-31.69,0.9874,0.0,False,mostly_silence:0.99
data\interim\segmented\spasmodic_dysphonia\0eDJFB70peE_seg_048.wav,0eDJFB70peE_seg_048.wav,0eDJFB70peE,True,16000,1,3.0,-61.2101,-45.4482,1.0,0.0,False,too_quiet:-61.2dBFS;mostly_silence:1.00
data\interim\segmented\spasmodic_dysphonia\0eDJFB70peE_seg_049.wav,0eDJFB70peE_seg_049.wav,0eDJFB70peE,True,16000,1,3.0,-57.9084,-32.0221,0.9966,0.0,False,too_quiet:-57.9dBFS;mostly_silence:1.00
data\interim\segmented\spasmodic_dysphonia\0eDJFB70peE_seg_050.wav,0eDJFB70peE_seg_050.wav,0eDJFB70peE,True,16000,1,3.0,-51.7785,-22.0699,0.9894,0.0,False,mostly_silence:0.99
data\interim\segmented\spasmodic_dysphonia\0eDJFB70peE_seg_051.wav,0eDJFB70peE_seg_051.wav,0eDJFB70peE,True,16000,1,3.0,-62.2038,-45.2519,1.0,0.0,False,too_quiet:-62.2dBFS;mostly_silence:1.00
data\interim\segmented\spasmodic_dysphonia\0eDJFB70peE_seg_052.wav,0eDJFB70peE_seg_052.wav,0eDJFB70peE,True,16000,1,3.0,-60.4005,-32.4894,0.999,0.0,False,too_quiet:-60.4dBFS;mostly_silence:1.00
data\interim\segmented\spasmodic_dysphonia\0eDJFB70peE_seg_053.wav,0eDJFB70peE_seg_053.wav,0eDJFB70peE,True,16000,1,3.0,-49.6528,-15.7111,0.9882,0.0,False,mostly_silence:0.99
data\interim\segmented\spasmodic_dysphonia\0eDJFB70peE_seg_054.wav,0eDJFB70peE_seg_054.wav,0eDJFB70peE,True,16000,1,3.0,-57.1405,-31.5687,0.9957,0.0,False,too_quiet:-57.1dBFS;mostly_silence:1.00
data\interim\segmented\spasmodic_dysphonia\0eDJFB70peE_seg_055.wav,0eDJFB70peE_seg_055.wav,0eDJFB70peE,True,16000,1,3.0,-38.8229,-13.344,0.8756,0.0,False,mostly_silence:0.88
data\interim\segmented\spasmodic_dysphonia\0eDJFB70peE_seg_056.wav,0eDJFB70peE_seg_056.wav,0eDJFB70peE,True,16000,1,3.0,-51.946,-26.1026,0.9754,0.0,False,mostly_silence:0.98
data\interim\segmented\spasmodic_dysphonia\0eDJFB70peE_seg_057.wav,0eDJFB70peE_seg_057.wav,0eDJFB70peE,True,16000,1,3.0,-49.8175,-15.3158,0.9764,0.0,False,mostly_silence:0.98
data\interim\segmented\spasmodic_dysphonia\0eDJFB70peE_seg_058.wav,0eDJFB70peE_seg_058.wav,0eDJFB70peE,True,16000,1,3.0,-60.4269,-45.3006,1.0,0.0,False,too_quiet:-60.4dBFS;mostly_silence:1.00
data\interim\segmented\spasmodic_dysphonia\0eDJFB70peE_seg_059.wav,0eDJFB70peE_seg_059.wav,0eDJFB70peE,True,16000,1,3.0,-58.2637,-35.1156,0.9951,0.0,False,too_quiet:-58.3dBFS;mostly_silence:1.00
data\interim\segmented\spasmodic_dysphonia\0eDJFB70peE_seg_060.wav,0eDJFB70peE_seg_060.wav,0eDJFB70peE,True,16000,1,3.0,-53.3451,-20.9184,0.9864,0.0,False,mostly_silence:0.99
data\interim\segmented\spasmodic_dysphonia\0eDJFB70peE_seg_061.wav,0eDJFB70peE_seg_061.wav,0eDJFB70peE,True,16000,1,3.0,-59.5092,-39.4029,0.9997,0.0,False,too_quiet:-59.5dBFS;mostly_silence:1.00
data\interim\segmented\spasmodic_dysphonia\0eDJFB70peE_seg_062.wav,0eDJFB70peE_seg_062.wav,0eDJFB70peE,True,16000,1,3.0,-57.6542,-34.4612,0.9954,0.0,False,too_quiet:-57.7dBFS;mostly_silence:1.00
data\interim\segmented\spasmodic_dysphonia\0eDJFB70peE_seg_063.wav,0eDJFB70peE_seg_063.wav,0eDJFB70peE,True,16000,1,3.0,-39.6527,-8.4672,0.8686,0.0,False,mostly_silence:0.87
data\interim\segmented\spasmodic_dysphonia\0eDJFB70peE_seg_064.wav,0eDJFB70peE_seg_064.wav,0eDJFB70peE,True,16000,1,3.0,-53.3099,-22.6975,0.9858,0.0,False,mostly_silence:0.99
data\interim\segmented\spasmodic_dysphonia\0eDJFB70peE_seg_065.wav,0eDJFB70peE_seg_065.wav,0eDJFB70peE,True,16000,1,3.0,-53.4779,-28.82,0.9857,0.0,False,mostly_silence:0.99
data\interim\segmented\spasmodic_dysphonia\0eDJFB70peE_seg_066.wav,0eDJFB70peE_seg_066.wav,0eDJFB70peE,True,16000,1,3.0,-51.2419,-18.67,0.9886,0.0,False,mostly_silence:0.99
data\interim\segmented\spasmodic_dysphonia\0eDJFB70peE_seg_067.wav,0eDJFB70peE_seg_067.wav,0eDJFB70peE,True,16000,1,3.0,-53.5881,-26.5192,0.9811,0.0,False,mostly_silence:0.98
data\interim\segmented\spasmodic_dysphonia\0eDJFB70peE_seg_068.wav,0eDJFB70peE_seg_068.wav,0eDJFB70peE,True,16000,1,3.0,-60.2935,-43.3819,1.0,0.0,False,too_quiet:-60.3dBFS;mostly_silence:1.00
data\interim\segmented\spasmodic_dysphonia\0eDJFB70peE_seg_069.wav,0eDJFB70peE_seg_069.wav,0eDJFB70peE,True,16000,1,3.0,-58.469,-34.8187,0.9973,0.0,False,too_quiet:-58.5dBFS;mostly_silence:1.00
data\interim\segmented\spasmodic_dysphonia\0eDJFB70peE_seg_070.wav,0eDJFB70peE_seg_070.wav,0eDJFB70peE,True,16000,1,3.0,-51.5651,-20.1546,0.9853,0.0,False,mostly_silence:0.99
data\interim\segmented\spasmodic_dysphonia\0eDJFB70peE_seg_071.wav,0eDJFB70peE_seg_071.wav,0eDJFB70peE,True,16000,1,3.0,-49.5027,-23.1237,0.9753,0.0,False,mostly_silence:0.98
data\interim\segmented\spasmodic_dysphonia\0eDJFB70peE_seg_072.wav,0eDJFB70peE_seg_072.wav,0eDJFB70peE,True,16000,1,3.0,-56.2664,-39.3289,0.9913,0.0,False,too_quiet:-56.3dBFS;mostly_silence:0.99
data\interim\segmented\spasmodic_dysphonia\0eDJFB70peE_seg_073.wav,0eDJFB70peE_seg_073.wav,0eDJFB70peE,True,16000,1,3.0,-53.4052,-20.9126,0.9939,0.0,False,mostly_silence:0.99
data\interim\segmented\spasmodic_dysphonia\0eDJFB70peE_seg_074.wav,0eDJFB70peE_seg_074.wav,0eDJFB70peE,True,16000,1,3.0,-52.1351,-16.2828,0.9928,0.0,False,mostly_silence:0.99
data\interim\segmented\spasmodic_dysphonia\0eDJFB70peE_seg_075.wav,0eDJFB70peE_seg_075.wav,0eDJFB70peE,True,16000,1,3.0,-60.0085,-31.619,0.9987,0.0,False,too_quiet:-60.0dBFS;mostly_silence:1.00
data\interim\segmented\spasmodic_dysphonia\0eDJFB70peE_seg_076.wav,0eDJFB70peE_seg_076.wav,0eDJFB70peE,True,16000,1,3.0,-59.2009,-30.3351,0.9984,0.0,False,too_quiet:-59.2dBFS;mostly_silence:1.00
data\interim\segmented\spasmodic_dysphonia\0eDJFB70peE_seg_077.wav,0eDJFB70peE_seg_077.wav,0eDJFB70peE,True,16000,1,3.0,-55.1655,-26.9627,0.989,0.0,False,too_quiet:-55.2dBFS;mostly_silence:0.99
data\interim\segmented\spasmodic_dysphonia\0eDJFB70peE_seg_078.wav,0eDJFB70peE_seg_078.wav,0eDJFB70peE,True,16000,1,3.0,-51.7076,-26.793,0.9827,0.0,False,mostly_silence:0.98
data\interim\segmented\spasmodic_dysphonia\0eDJFB70peE_seg_079.wav,0eDJFB70peE_seg_079.wav,0eDJFB70peE,True,16000,1,3.0,-60.4171,-40.9421,0.9997,0.0,False,too_quiet:-60.4dBFS;mostly_silence:1.00
data\interim\segmented\spasmodic_dysphonia\0eDJFB70peE_seg_080.wav,0eDJFB70peE_seg_080.wav,0eDJFB70peE,True,16000,1,3.0,-47.4744,-13.9445,0.9655,0.0,False,mostly_silence:0.97
data\interim\segmented\spasmodic_dysphonia\0eDJFB70peE_seg_081.wav,0eDJFB70peE_seg_081.wav,0eDJFB70peE,True,16000,1,3.0,-52.8271,-30.4491,0.972,0.0,False,mostly_silence:0.97
data\interim\segmented\spasmodic_dysphonia\0eDJFB70peE_seg_082.wav,0eDJFB70peE_seg_082.wav,0eDJFB70peE,True,16000,1,3.0,-49.4453,-19.154,0.9653,0.0,False,mostly_silence:0.97
data\interim\segmented\spasmodic_dysphonia\0eDJFB70peE_seg_083.wav,0eDJFB70peE_seg_083.wav,0eDJFB70peE,True,16000,1,3.0,-59.0763,-37.6801,0.9969,0.0,False,too_quiet:-59.1dBFS;mostly_silence:1.00
data\interim\segmented\spasmodic_dysphonia\0eDJFB70peE_seg_084.wav,0eDJFB70peE_seg_084.wav,0eDJFB70peE,True,16000,1,3.0,-56.4424,-33.1383,0.9935,0.0,False,too_quiet:-56.4dBFS;mostly_silence:0.99
data\interim\segmented\spasmodic_dysphonia\0eDJFB70peE_seg_085.wav,0eDJFB70peE_seg_085.wav,0eDJFB70peE,True,16000,1,3.0,-58.4078,-36.5228,0.9941,0.0,False,too_quiet:-58.4dBFS;mostly_silence:0.99
data\interim\segmented\spasmodic_dysphonia\0eDJFB70peE_seg_086.wav,0eDJFB70peE_seg_086.wav,0eDJFB70peE,True,16000,1,3.0,-44.7783,-12.8136,0.9514,0.0,False,mostly_silence:0.95
data\interim\segmented\spasmodic_dysphonia\0eDJFB70peE_seg_087.wav,0eDJFB70peE_seg_087.wav,0eDJFB70peE,True,16000,1,3.0,-49.4883,-27.9968,0.9207,0.0,False,mostly_silence:0.92
data\interim\segmented\spasmodic_dysphonia\0eDJFB70peE_seg_088.wav,0eDJFB70peE_seg_088.wav,0eDJFB70peE,True,16000,1,3.0,-58.836,-29.5684,0.9984,0.0,False,too_quiet:-58.8dBFS;mostly_silence:1.00
data\interim\segmented\spasmodic_dysphonia\0eDJFB70peE_seg_089.wav,0eDJFB70peE_seg_089.wav,0eDJFB70peE,True,16000,1,3.0,-58.7599,-37.6195,0.9983,0.0,False,too_quiet:-58.8dBFS;mostly_silence:1.00
data\interim\segmented\spasmodic_dysphonia\0eDJFB70peE_seg_090.wav,0eDJFB70peE_seg_090.wav,0eDJFB70peE,True,16000,1,3.0,-60.3207,-41.9762,0.9999,0.0,False,too_quiet:-60.3dBFS;mostly_silence:1.00
data\interim\segmented\spasmodic_dysphonia\0eDJFB70peE_seg_091.wav,0eDJFB70peE_seg_091.wav,0eDJFB70peE,True,16000,1,3.0,-47.9007,-12.6097,0.9922,0.0,False,mostly_silence:0.99
data\interim\segmented\spasmodic_dysphonia\0eDJFB70peE_seg_092.wav,0eDJFB70peE_seg_092.wav,0eDJFB70peE,True,16000,1,3.0,-59.9989,-36.3819,0.9992,0.0,False,too_quiet:-60.0dBFS;mostly_silence:1.00
data\interim\segmented\spasmodic_dysphonia\0eDJFB70peE_seg_093.wav,0eDJFB70peE_seg_093.wav,0eDJFB70peE,True,16000,1,3.0,-53.912,-27.5936,0.9857,0.0,False,mostly_silence:0.99
data\interim\segmented\spasmodic_dysphonia\0eDJFB70peE_seg_094.wav,0eDJFB70peE_seg_094.wav,0eDJFB70peE,True,16000,1,3.0,-61.7509,-47.7669,1.0,0.0,False,too_quiet:-61.8dBFS;mostly_silence:1.00
data\interim\segmented\spasmodic_dysphonia\0eDJFB70peE_seg_095.wav,0eDJFB70peE_seg_095.wav,0eDJFB70peE,True,16000,1,3.0,-48.0735,-20.7175,0.9785,0.0,False,mostly_silence:0.98
data\interim\segmented\spasmodic_dysphonia\0eDJFB70peE_seg_096.wav,0eDJFB70peE_seg_096.wav,0eDJFB70peE,True,16000,1,3.0,-48.4399,-20.4454,0.9775,0.0,False,mostly_silence:0.98
data\interim\segmented\spasmodic_dysphonia\0eDJFB70peE_seg_097.wav,0eDJFB70peE_seg_097.wav,0eDJFB70peE,True,16000,1,3.0,-53.2007,-22.6543,0.9805,0.0,False,mostly_silence:0.98
data\interim\segmented\spasmodic_dysphonia\0eDJFB70peE_seg_098.wav,0eDJFB70peE_seg_098.wav,0eDJFB70peE,True,16000,1,3.0,-60.9096,-44.4197,0.9999,0.0,False,too_quiet:-60.9dBFS;mostly_silence:1.00
data\interim\segmented\spasmodic_dysphonia\0eDJFB70peE_seg_099.wav,0eDJFB70peE_seg_099.wav,0eDJFB70peE,True,16000,1,3.0,-48.4169,-14.4374,0.9623,0.0,False,mostly_silence:0.96
data\interim\segmented\spasmodic_dysphonia\0eDJFB70peE_seg_100.wav,0eDJFB70peE_seg_100.wav,0eDJFB70peE,True,16000,1,3.0,-55.3088,-27.9503,0.9916,0.0,False,too_quiet:-55.3dBFS;mostly_silence:0.99
data\interim\segmented\spasmodic_dysphonia\0eDJFB70peE_seg_101.wav,0eDJFB70peE_seg_101.wav,0eDJFB70peE,True,16000,1,3.0,-58.8147,-35.8893,0.9968,0.0,False,too_quiet:-58.8dBFS;mostly_silence:1.00
data\interim\segmented\spasmodic_dysphonia\0eDJFB70peE_seg_102.wav,0eDJFB70peE_seg_102.wav,0eDJFB70peE,True,16000,1,3.0,-51.2714,-19.45,0.9869,0.0,False,mostly_silence:0.99
data\interim\segmented\spasmodic_dysphonia\0eDJFB70peE_seg_103.wav,0eDJFB70peE_seg_103.wav,0eDJFB70peE,True,16000,1,3.0,-61.2655,-41.1817,1.0,0.0,False,too_quiet:-61.3dBFS;mostly_silence:1.00
data\interim\segmented\spasmodic_dysphonia\0eDJFB70peE_seg_104.wav,0eDJFB70peE_seg_104.wav,0eDJFB70peE,True,16000,1,3.0,-46.8441,-16.9918,0.9704,0.0,False,mostly_silence:0.97
data\interim\segmented\spasmodic_dysphonia\0eDJFB70peE_seg_105.wav,0eDJFB70peE_seg_105.wav,0eDJFB70peE,True,16000,1,3.0,-52.4157,-25.8495,0.9877,0.0,False,mostly_silence:0.99
data\interim\segmented\spasmodic_dysphonia\0eDJFB70peE_seg_106.wav,0eDJFB70peE_seg_106.wav,0eDJFB70peE,True,16000,1,3.0,-55.4933,-21.5953,0.9962,0.0,False,too_quiet:-55.5dBFS;mostly_silence:1.00
data\interim\segmented\spasmodic_dysphonia\0eDJFB70peE_seg_107.wav,0eDJFB70peE_seg_107.wav,0eDJFB70peE,True,16000,1,3.0,-51.6273,-19.4202,0.9732,0.0,False,mostly_silence:0.97
data\interim\segmented\spasmodic_dysphonia\0eDJFB70peE_seg_108.wav,0eDJFB70peE_seg_108.wav,0eDJFB70peE,True,16000,1,3.0,-50.1817,-15.081,0.9956,0.0,False,mostly_silence:1.00
data\interim\segmented\spasmodic_dysphonia\0eDJFB70peE_seg_109.wav,0eDJFB70peE_seg_109.wav,0eDJFB70peE,True,16000,1,3.0,-43.7827,-9.3838,0.9639,0.0,False,mostly_silence:0.96
data\interim\segmented\spasmodic_dysphonia\0eDJFB70peE_seg_110.wav,0eDJFB70peE_seg_110.wav,0eDJFB70peE,True,16000,1,3.0,-57.7801,-30.7454,0.9958,0.0,False,too_quiet:-57.8dBFS;mostly_silence:1.00
data\interim\segmented\spasmodic_dysphonia\0eDJFB70peE_seg_111.wav,0eDJFB70peE_seg_111.wav,0eDJFB70peE,True,16000,1,3.0,-51.1296,-26.4354,0.9597,0.0,False,mostly_silence:0.96
data\interim\segmented\spasmodic_dysphonia\0eDJFB70peE_seg_112.wav,0eDJFB70peE_seg_112.wav,0eDJFB70peE,True,16000,1,3.0,-54.023,-24.5979,0.9827,0.0,False,mostly_silence:0.98
data\interim\segmented\spasmodic_dysphonia\0eDJFB70peE_seg_113.wav,0eDJFB70peE_seg_113.wav,0eDJFB70peE,True,16000,1,3.0,-61.366,-47.7023,1.0,0.0,False,too_quiet:-61.4dBFS;mostly_silence:1.00
data\interim\segmented\spasmodic_dysphonia\0eDJFB70peE_seg_114.wav,0eDJFB70peE_seg_114.wav,0eDJFB70peE,True,16000,1,3.0,-55.3688,-29.1633,0.9889,0.0,False,too_quiet:-55.4dBFS;mostly_silence:0.99
data\interim\segmented\spasmodic_dysphonia\0eDJFB70peE_seg_115.wav,0eDJFB70peE_seg_115.wav,0eDJFB70peE,True,16000,1,3.0,-45.9889,-20.7204,0.9361,0.0,False,mostly_silence:0.94
data\interim\segmented\spasmodic_dysphonia\0eDJFB70peE_seg_116.wav,0eDJFB70peE_seg_116.wav,0eDJFB70peE,True,16000,1,3.0,-54.3653,-29.5684,0.9917,0.0,False,mostly_silence:0.99
data\interim\segmented\spasmodic_dysphonia\0eDJFB70peE_seg_117.wav,0eDJFB70peE_seg_117.wav,0eDJFB70peE,True,16000,1,3.0,-47.9787,-15.8728,0.9706,0.0,False,mostly_silence:0.97
data\interim\segmented\spasmodic_dysphonia\0eDJFB70peE_seg_118.wav,0eDJFB70peE_seg_118.wav,0eDJFB70peE,True,16000,1,3.0,-53.1551,-21.8572,0.9907,0.0,False,mostly_silence:0.99
data\interim\segmented\spasmodic_dysphonia\0eDJFB70peE_seg_119.wav,0eDJFB70peE_seg_119.wav,0eDJFB70peE,True,16000,1,3.0,-50.4504,-14.2727,0.9896,0.0,False,mostly_silence:0.99
data\interim\segmented\spasmodic_dysphonia\0eDJFB70peE_seg_120.wav,0eDJFB70peE_seg_120.wav,0eDJFB70peE,True,16000,1,3.0,-52.7285,-29.4575,0.971,0.0,False,mostly_silence:0.97
data\interim\segmented\spasmodic_dysphonia\0eDJFB70peE_seg_121.wav,0eDJFB70peE_seg_121.wav,0eDJFB70peE,True,16000,1,3.0,-62.1882,-48.3708,1.0,0.0,False,too_quiet:-62.2dBFS;mostly_silence:1.00
data\interim\segmented\spasmodic_dysphonia\0eDJFB70peE_seg_122.wav,0eDJFB70peE_seg_122.wav,0eDJFB70peE,True,16000,1,3.0,-52.0483,-20.2087,0.9886,0.0,False,mostly_silence:0.99
data\interim\segmented\spasmodic_dysphonia\0eDJFB70peE_seg_123.wav,0eDJFB70peE_seg_123.wav,0eDJFB70peE,True,16000,1,3.0,-47.8005,-11.8992,0.9897,0.0,False,mostly_silence:0.99
data\interim\segmented\spasmodic_dysphonia\0eDJFB70peE_seg_124.wav,0eDJFB70peE_seg_124.wav,0eDJFB70peE,True,16000,1,3.0,-51.8755,-18.8632,0.9718,0.0,False,mostly_silence:0.97
data\interim\segmented\spasmodic_dysphonia\0eDJFB70peE_seg_125.wav,0eDJFB70peE_seg_125.wav,0eDJFB70peE,True,16000,1,3.0,-52.2585,-19.5526,0.9949,0.0,False,mostly_silence:0.99
data\interim\segmented\spasmodic_dysphonia\0eDJFB70peE_seg_126.wav,0eDJFB70peE_seg_126.wav,0eDJFB70peE,True,16000,1,3.0,-50.9765,-17.5953,0.9828,0.0,False,mostly_silence:0.98
data\interim\segmented\spasmodic_dysphonia\0eDJFB70peE_seg_127.wav,0eDJFB70peE_seg_127.wav,0eDJFB70peE,True,16000,1,3.0,-57.9069,-25.6592,0.9979,0.0,False,too_quiet:-57.9dBFS;mostly_silence:1.00
data\interim\segmented\spasmodic_dysphonia\0eDJFB70peE_seg_128.wav,0eDJFB70peE_seg_128.wav,0eDJFB70peE,True,16000,1,3.0,-50.8162,-13.4818,0.9966,0.0,False,mostly_silence:1.00
data\interim\segmented\spasmodic_dysphonia\0eDJFB70peE_seg_129.wav,0eDJFB70peE_seg_129.wav,0eDJFB70peE,True,16000,1,3.0,-56.3102,-34.7171,0.9907,0.0,False,too_quiet:-56.3dBFS;mostly_silence:0.99
data\interim\segmented\spasmodic_dysphonia\0eDJFB70peE_seg_130.wav,0eDJFB70peE_seg_130.wav,0eDJFB70peE,True,16000,1,3.0,-60.4258,-39.8601,0.9992,0.0,False,too_quiet:-60.4dBFS;mostly_silence:1.00
data\interim\segmented\spasmodic_dysphonia\0eDJFB70peE_seg_131.wav,0eDJFB70peE_seg_131.wav,0eDJFB70peE,True,16000,1,3.0,-49.7505,-14.0668,0.9819,0.0,False,mostly_silence:0.98
data\interim\segmented\spasmodic_dysphonia\0eDJFB70peE_seg_132.wav,0eDJFB70peE_seg_132.wav,0eDJFB70peE,True,16000,1,3.0,-59.0636,-42.7775,0.9989,0.0,False,too_quiet:-59.1dBFS;mostly_silence:1.00
data\interim\segmented\spasmodic_dysphonia\0eDJFB70peE_seg_133.wav,0eDJFB70peE_seg_133.wav,0eDJFB70peE,True,16000,1,3.0,-54.0716,-22.427,0.992,0.0,False,mostly_silence:0.99
data\interim\segmented\spasmodic_dysphonia\0eDJFB70peE_seg_134.wav,0eDJFB70peE_seg_134.wav,0eDJFB70peE,True,16000,1,3.0,-55.8454,-24.7522,0.9961,0.0,False,too_quiet:-55.8dBFS;mostly_silence:1.00
data\interim\segmented\spasmodic_dysphonia\0eDJFB70peE_seg_135.wav,0eDJFB70peE_seg_135.wav,0eDJFB70peE,True,16000,1,3.0,-58.182,-39.1589,0.9978,0.0,False,too_quiet:-58.2dBFS;mostly_silence:1.00
data\interim\segmented\spasmodic_dysphonia\0eDJFB70peE_seg_136.wav,0eDJFB70peE_seg_136.wav,0eDJFB70peE,True,16000,1,3.0,-49.1267,-14.0427,0.9647,0.0,False,mostly_silence:0.96
data\interim\segmented\spasmodic_dysphonia\0eDJFB70peE_seg_137.wav,0eDJFB70peE_seg_137.wav,0eDJFB70peE,True,16000,1,3.0,-51.5814,-17.7474,0.9776,0.0,False,mostly_silence:0.98
data\interim\segmented\spasmodic_dysphonia\0eDJFB70peE_seg_138.wav,0eDJFB70peE_seg_138.wav,0eDJFB70peE,True,16000,1,3.0,-43.8704,-16.4891,0.9438,0.0,False,mostly_silence:0.94
data\interim\segmented\spasmodic_dysphonia\0eDJFB70peE_seg_139.wav,0eDJFB70peE_seg_139.wav,0eDJFB70peE,True,16000,1,3.0,-51.6742,-27.6318,0.9735,0.0,False,mostly_silence:0.97
data\interim\segmented\spasmodic_dysphonia\1gqAGauWj4U_seg_000.wav,1gqAGauWj4U_seg_000.wav,1gqAGauWj4U,True,16000,1,3.0,-30.9342,-19.2849,0.1538,0.0,True,ok
data\interim\segmented\spasmodic_dysphonia\1gqAGauWj4U_seg_001.wav,1gqAGauWj4U_seg_001.wav,1gqAGauWj4U,True,16000,1,3.0,-28.2675,-9.3363,0.2781,0.0,True,ok
data\interim\segmented\spasmodic_dysphonia\1gqAGauWj4U_seg_002.wav,1gqAGauWj4U_seg_002.wav,1gqAGauWj4U,True,16000,1,3.0,-28.3623,-11.4847,0.4479,0.0,True,ok
data\interim\segmented\spasmodic_dysphonia\1gqAGauWj4U_seg_003.wav,1gqAGauWj4U_seg_003.wav,1gqAGauWj4U,True,16000,1,3.0,-30.8139,-11.5326,0.4481,0.0,True,ok
data\interim\segmented\spasmodic_dysphonia\1gqAGauWj4U_seg_004.wav,1gqAGauWj4U_seg_004.wav,1gqAGauWj4U,True,16000,1,3.0,-30.339,-11.3359,0.4166,0.0,True,ok
data\interim\segmented\spasmodic_dysphonia\1gqAGauWj4U_seg_005.wav,1gqAGauWj4U_seg_005.wav,1gqAGauWj4U,True,16000,1,3.0,-33.2994,-11.6737,0.6114,0.0,True,ok
data\interim\segmented\spasmodic_dysphonia\1gqAGauWj4U_seg_006.wav,1gqAGauWj4U_seg_006.wav,1gqAGauWj4U,True,16000,1,3.0,-32.0961,-12.9138,0.4993,0.0,True,ok
data\interim\segmented\spasmodic_dysphonia\1gqAGauWj4U_seg_007.wav,1gqAGauWj4U_seg_007.wav,1gqAGauWj4U,True,16000,1,3.0,-32.3871,-15.2773,0.5002,0.0,True,ok
data\interim\segmented\spasmodic_dysphonia\1gqAGauWj4U_seg_008.wav,1gqAGauWj4U_seg_008.wav,1gqAGauWj4U,True,16000,1,3.0,-32.5274,-12.2787,0.5029,0.0,True,ok
data\interim\segmented\spasmodic_dysphonia\1gqAGauWj4U_seg_009.wav,1gqAGauWj4U_seg_009.wav,1gqAGauWj4U,True,16000,1,3.0,-29.4832,-11.2861,0.3749,0.0,True,ok
data\interim\segmented\spasmodic_dysphonia\1gqAGauWj4U_seg_010.wav,1gqAGauWj4U_seg_010.wav,1gqAGauWj4U,True,16000,1,3.0,-29.8687,-10.7308,0.5296,0.0,True,ok
data\interim\segmented\spasmodic_dysphonia\1gqAGauWj4U_seg_011.wav,1gqAGauWj4U_seg_011.wav,1gqAGauWj4U,True,16000,1,3.0,-29.684,-11.0003,0.323,0.0,True,ok
data\interim\segmented\spasmodic_dysphonia\1gqAGauWj4U_seg_012.wav,1gqAGauWj4U_seg_012.wav,1gqAGauWj4U,True,16000,1,3.0,-30.8643,-11.9159,0.6336,0.0,True,ok
data\interim\segmented\spasmodic_dysphonia\1gqAGauWj4U_seg_013.wav,1gqAGauWj4U_seg_013.wav,1gqAGauWj4U,True,16000,1,3.0,-29.7716,-10.1977,0.5995,0.0,True,ok
data\interim\segmented\spasmodic_dysphonia\1gqAGauWj4U_seg_014.wav,1gqAGauWj4U_seg_014.wav,1gqAGauWj4U,True,16000,1,3.0,-33.1885,-13.7435,0.5435,0.0,True,ok
data\interim\segmented\spasmodic_dysphonia\1gqAGauWj4U_seg_015.wav,1gqAGauWj4U_seg_015.wav,1gqAGauWj4U,True,16000,1,3.0,-30.9206,-12.942,0.4728,0.0,True,ok
data\interim\segmented\spasmodic_dysphonia\1gqAGauWj4U_seg_016.wav,1gqAGauWj4U_seg_016.wav,1gqAGauWj4U,True,16000,1,3.0,-28.6801,-12.6745,0.4518,0.0,True,ok
data\interim\segmented\spasmodic_dysphonia\1gqAGauWj4U_seg_017.wav,1gqAGauWj4U_seg_017.wav,1gqAGauWj4U,True,16000,1,3.0,-30.7364,-13.7204,0.4354,0.0,True,ok
data\interim\segmented\spasmodic_dysphonia\1gqAGauWj4U_seg_018.wav,1gqAGauWj4U_seg_018.wav,1gqAGauWj4U,True,16000,1,3.0,-32.1682,-15.3608,0.4735,0.0,True,ok
data\interim\segmented\spasmodic_dysphonia\1gqAGauWj4U_seg_019.wav,1gqAGauWj4U_seg_019.wav,1gqAGauWj4U,True,16000,1,3.0,-30.4209,-12.2212,0.473,0.0,True,ok
data\interim\segmented\spasmodic_dysphonia\1gqAGauWj4U_seg_020.wav,1gqAGauWj4U_seg_020.wav,1gqAGauWj4U,True,16000,1,3.0,-31.6643,-14.1111,0.4513,0.0,True,ok
data\interim\segmented\spasmodic_dysphonia\1gqAGauWj4U_seg_021.wav,1gqAGauWj4U_seg_021.wav,1gqAGauWj4U,True,16000,1,3.0,-30.0343,-13.2229,0.2999,0.0,True,ok
data\interim\segmented\spasmodic_dysphonia\1gqAGauWj4U_seg_022.wav,1gqAGauWj4U_seg_022.wav,1gqAGauWj4U,True,16000,1,3.0,-31.3427,-11.8524,0.3429,0.0,True,ok
data\interim\segmented\spasmodic_dysphonia\1gqAGauWj4U_seg_023.wav,1gqAGauWj4U_seg_023.wav,1gqAGauWj4U,True,16000,1,3.0,-36.088,-20.706,0.5035,0.0,True,ok
data\interim\segmented\spasmodic_dysphonia\1gqAGauWj4U_seg_024.wav,1gqAGauWj4U_seg_024.wav,1gqAGauWj4U,True,16000,1,3.0,-31.5099,-12.3312,0.5309,0.0,True,ok
data\interim\segmented\spasmodic_dysphonia\1gqAGauWj4U_seg_025.wav,1gqAGauWj4U_seg_025.wav,1gqAGauWj4U,True,16000,1,3.0,-32.2434,-14.4542,0.5178,0.0,True,ok
data\interim\segmented\spasmodic_dysphonia\1gqAGauWj4U_seg_026.wav,1gqAGauWj4U_seg_026.wav,1gqAGauWj4U,True,16000,1,3.0,-31.0571,-13.0117,0.4681,0.0,True,ok
data\interim\segmented\spasmodic_dysphonia\1gqAGauWj4U_seg_027.wav,1gqAGauWj4U_seg_027.wav,1gqAGauWj4U,True,16000,1,3.0,-28.9845,-8.6569,0.4025,0.0,True,ok
data\interim\segmented\spasmodic_dysphonia\1gqAGauWj4U_seg_028.wav,1gqAGauWj4U_seg_028.wav,1gqAGauWj4U,True,16000,1,3.0,-32.3843,-13.4456,0.5129,0.0,True,ok
data\interim\segmented\spasmodic_dysphonia\1gqAGauWj4U_seg_029.wav,1gqAGauWj4U_seg_029.wav,1gqAGauWj4U,True,16000,1,3.0,-32.1589,-13.687,0.4422,0.0,True,ok
data\interim\segmented\spasmodic_dysphonia\1gqAGauWj4U_seg_030.wav,1gqAGauWj4U_seg_030.wav,1gqAGauWj4U,True,16000,1,3.0,-31.6647,-12.8566,0.5018,0.0,True,ok
data\interim\segmented\spasmodic_dysphonia\1gqAGauWj4U_seg_031.wav,1gqAGauWj4U_seg_031.wav,1gqAGauWj4U,True,16000,1,3.0,-27.6324,-11.8566,0.3287,0.0,True,ok
data\interim\segmented\spasmodic_dysphonia\1gqAGauWj4U_seg_032.wav,1gqAGauWj4U_seg_032.wav,1gqAGauWj4U,True,16000,1,3.0,-30.1656,-11.1597,0.4654,0.0,True,ok
data\interim\segmented\spasmodic_dysphonia\1gqAGauWj4U_seg_033.wav,1gqAGauWj4U_seg_033.wav,1gqAGauWj4U,True,16000,1,3.0,-39.7095,-23.1808,0.7191,0.0,True,ok
data\interim\segmented\spasmodic_dysphonia\1gqAGauWj4U_seg_034.wav,1gqAGauWj4U_seg_034.wav,1gqAGauWj4U,True,16000,1,3.0,-27.1232,-8.8368,0.3129,0.0,True,ok
data\interim\segmented\spasmodic_dysphonia\1gqAGauWj4U_seg_035.wav,1gqAGauWj4U_seg_035.wav,1gqAGauWj4U,True,16000,1,3.0,-32.2564,-15.5715,0.4641,0.0,True,ok
data\interim\segmented\spasmodic_dysphonia\1gqAGauWj4U_seg_036.wav,1gqAGauWj4U_seg_036.wav,1gqAGauWj4U,True,16000,1,3.0,-31.5444,-14.6081,0.4286,0.0,True,ok
data\interim\segmented\spasmodic_dysphonia\1gqAGauWj4U_seg_037.wav,1gqAGauWj4U_seg_037.wav,1gqAGauWj4U,True,16000,1,3.0,-30.2303,-9.1359,0.4549,0.0,True,ok
data\interim\segmented\spasmodic_dysphonia\1gqAGauWj4U_seg_038.wav,1gqAGauWj4U_seg_038.wav,1gqAGauWj4U,True,16000,1,3.0,-29.5192,-13.0711,0.3373,0.0,True,ok
data\interim\segmented\spasmodic_dysphonia\1gqAGauWj4U_seg_039.wav,1gqAGauWj4U_seg_039.wav,1gqAGauWj4U,True,16000,1,3.0,-27.5176,-10.5111,0.3651,0.0,True,ok
data\interim\segmented\spasmodic_dysphonia\1gqAGauWj4U_seg_040.wav,1gqAGauWj4U_seg_040.wav,1gqAGauWj4U,True,16000,1,3.0,-29.4208,-12.2613,0.2804,0.0,True,ok
data\interim\segmented\spasmodic_dysphonia\1gqAGauWj4U_seg_041.wav,1gqAGauWj4U_seg_041.wav,1gqAGauWj4U,True,16000,1,3.0,-30.6032,-12.7489,0.3066,0.0,True,ok
data\interim\segmented\spasmodic_dysphonia\1gqAGauWj4U_seg_042.wav,1gqAGauWj4U_seg_042.wav,1gqAGauWj4U,True,16000,1,3.0,-29.309,-11.9873,0.3969,0.0,True,ok
data\interim\segmented\spasmodic_dysphonia\1gqAGauWj4U_seg_043.wav,1gqAGauWj4U_seg_043.wav,1gqAGauWj4U,True,16000,1,3.0,-26.9212,-9.6309,0.3607,0.0,True,ok
data\interim\segmented\spasmodic_dysphonia\1gqAGauWj4U_seg_044.wav,1gqAGauWj4U_seg_044.wav,1gqAGauWj4U,True,16000,1,3.0,-27.2283,-9.5541,0.4395,0.0,True,ok
data\interim\segmented\spasmodic_dysphonia\1gqAGauWj4U_seg_045.wav,1gqAGauWj4U_seg_045.wav,1gqAGauWj4U,True,16000,1,3.0,-20.671,-7.0751,0.1621,0.0,True,ok
data\interim\segmented\spasmodic_dysphonia\1gqAGauWj4U_seg_046.wav,1gqAGauWj4U_seg_046.wav,1gqAGauWj4U,True,16000,1,3.0,-23.8779,-8.1968,0.3092,0.0,True,ok
data\interim\segmented\spasmodic_dysphonia\1gqAGauWj4U_seg_047.wav,1gqAGauWj4U_seg_047.wav,1gqAGauWj4U,True,16000,1,3.0,-28.6223,-11.5326,0.3976,0.0,True,ok
data\interim\segmented\spasmodic_dysphonia\1gqAGauWj4U_seg_048.wav,1gqAGauWj4U_seg_048.wav,1gqAGauWj4U,True,16000,1,3.0,-28.3676,-9.9383,0.4891,0.0,True,ok
data\interim\segmented\spasmodic_dysphonia\1gqAGauWj4U_seg_049.wav,1gqAGauWj4U_seg_049.wav,1gqAGauWj4U,True,16000,1,3.0,-31.9857,-15.2389,0.409,0.0,True,ok
data\interim\segmented\spasmodic_dysphonia\1gqAGauWj4U_seg_050.wav,1gqAGauWj4U_seg_050.wav,1gqAGauWj4U,True,16000,1,3.0,-34.4415,-14.0294,0.6709,0.0,True,ok
data\interim\segmented\spasmodic_dysphonia\1gqAGauWj4U_seg_051.wav,1gqAGauWj4U_seg_051.wav,1gqAGauWj4U,True,16000,1,3.0,-30.8639,-12.0391,0.4661,0.0,True,ok
data\interim\segmented\spasmodic_dysphonia\1gqAGauWj4U_seg_052.wav,1gqAGauWj4U_seg_052.wav,1gqAGauWj4U,True,16000,1,3.0,-28.6648,-9.7238,0.3505,0.0,True,ok
data\interim\segmented\spasmodic_dysphonia\1gqAGauWj4U_seg_053.wav,1gqAGauWj4U_seg_053.wav,1gqAGauWj4U,True,16000,1,3.0,-29.2454,-14.1084,0.3707,0.0,True,ok
data\interim\segmented\spasmodic_dysphonia\1gqAGauWj4U_seg_054.wav,1gqAGauWj4U_seg_054.wav,1gqAGauWj4U,True,16000,1,3.0,-32.7601,-12.867,0.5497,0.0,True,ok
data\interim\segmented\spasmodic_dysphonia\1gqAGauWj4U_seg_055.wav,1gqAGauWj4U_seg_055.wav,1gqAGauWj4U,True,16000,1,3.0,-32.5504,-13.1106,0.5712,0.0,True,ok
data\interim\segmented\spasmodic_dysphonia\1gqAGauWj4U_seg_056.wav,1gqAGauWj4U_seg_056.wav,1gqAGauWj4U,True,16000,1,3.0,-35.2156,-17.1545,0.4999,0.0,True,ok
data\interim\segmented\spasmodic_dysphonia\1gqAGauWj4U_seg_057.wav,1gqAGauWj4U_seg_057.wav,1gqAGauWj4U,True,16000,1,3.0,-27.5915,-9.2267,0.3729,0.0,True,ok
data\interim\segmented\spasmodic_dysphonia\1gqAGauWj4U_seg_058.wav,1gqAGauWj4U_seg_058.wav,1gqAGauWj4U,True,16000,1,3.0,-30.6268,-14.1394,0.3951,0.0,True,ok
data\interim\segmented\spasmodic_dysphonia\1gqAGauWj4U_seg_059.wav,1gqAGauWj4U_seg_059.wav,1gqAGauWj4U,True,16000,1,3.0,-26.1086,-9.3107,0.2704,0.0,True,ok
data\interim\segmented\spasmodic_dysphonia\1gqAGauWj4U_seg_060.wav,1gqAGauWj4U_seg_060.wav,1gqAGauWj4U,True,16000,1,3.0,-30.6427,-12.7282,0.398,0.0,True,ok
data\interim\segmented\spasmodic_dysphonia\1gqAGauWj4U_seg_061.wav,1gqAGauWj4U_seg_061.wav,1gqAGauWj4U,True,16000,1,3.0,-34.3823,-12.7053,0.6335,0.0,True,ok
data\interim\segmented\spasmodic_dysphonia\1gqAGauWj4U_seg_062.wav,1gqAGauWj4U_seg_062.wav,1gqAGauWj4U,True,16000,1,3.0,-26.9312,-11.0692,0.3819,0.0,True,ok
data\interim\segmented\spasmodic_dysphonia\1gqAGauWj4U_seg_063.wav,1gqAGauWj4U_seg_063.wav,1gqAGauWj4U,True,16000,1,3.0,-29.4639,-11.6575,0.414,0.0,True,ok
data\interim\segmented\spasmodic_dysphonia\1gqAGauWj4U_seg_064.wav,1gqAGauWj4U_seg_064.wav,1gqAGauWj4U,True,16000,1,3.0,-28.0647,-10.2648,0.2904,0.0,True,ok
data\interim\segmented\spasmodic_dysphonia\1gqAGauWj4U_seg_065.wav,1gqAGauWj4U_seg_065.wav,1gqAGauWj4U,True,16000,1,3.0,-31.7634,-12.5151,0.4002,0.0,True,ok
data\interim\segmented\spasmodic_dysphonia\1gqAGauWj4U_seg_066.wav,1gqAGauWj4U_seg_066.wav,1gqAGauWj4U,True,16000,1,3.0,-31.9907,-11.619,0.5938,0.0,True,ok
data\interim\segmented\spasmodic_dysphonia\1gqAGauWj4U_seg_067.wav,1gqAGauWj4U_seg_067.wav,1gqAGauWj4U,True,16000,1,3.0,-29.2404,-10.2269,0.3901,0.0,True,ok
data\interim\segmented\spasmodic_dysphonia\1gqAGauWj4U_seg_068.wav,1gqAGauWj4U_seg_068.wav,1gqAGauWj4U,True,16000,1,3.0,-26.0288,-9.1602,0.5669,0.0,True,ok
data\interim\segmented\spasmodic_dysphonia\1gqAGauWj4U_seg_069.wav,1gqAGauWj4U_seg_069.wav,1gqAGauWj4U,True,16000,1,3.0,-32.9159,-14.0788,0.4931,0.0,True,ok
data\interim\segmented\spasmodic_dysphonia\1gqAGauWj4U_seg_070.wav,1gqAGauWj4U_seg_070.wav,1gqAGauWj4U,True,16000,1,3.0,-30.647,-13.9076,0.4526,0.0,True,ok
data\interim\segmented\spasmodic_dysphonia\1gqAGauWj4U_seg_071.wav,1gqAGauWj4U_seg_071.wav,1gqAGauWj4U,True,16000,1,3.0,-30.3073,-13.8879,0.535,0.0,True,ok
data\interim\segmented\spasmodic_dysphonia\1gqAGauWj4U_seg_072.wav,1gqAGauWj4U_seg_072.wav,1gqAGauWj4U,True,16000,1,3.0,-30.7441,-13.8148,0.5419,0.0,True,ok
data\interim\segmented\spasmodic_dysphonia\1gqAGauWj4U_seg_073.wav,1gqAGauWj4U_seg_073.wav,1gqAGauWj4U,True,16000,1,3.0,-29.5281,-10.5191,0.3177,0.0,True,ok
data\interim\segmented\spasmodic_dysphonia\1gqAGauWj4U_seg_074.wav,1gqAGauWj4U_seg_074.wav,1gqAGauWj4U,True,16000,1,3.0,-27.7606,-11.812,0.279,0.0,True,ok
data\interim\segmented\spasmodic_dysphonia\1gqAGauWj4U_seg_075.wav,1gqAGauWj4U_seg_075.wav,1gqAGauWj4U,True,16000,1,3.0,-24.849,-8.8986,0.3283,0.0,True,ok
data\interim\segmented\spasmodic_dysphonia\1gqAGauWj4U_seg_076.wav,1gqAGauWj4U_seg_076.wav,1gqAGauWj4U,True,16000,1,3.0,-31.4413,-10.9524,0.4717,0.0,True,ok
data\interim\segmented\spasmodic_dysphonia\1gqAGauWj4U_seg_077.wav,1gqAGauWj4U_seg_077.wav,1gqAGauWj4U,True,16000,1,3.0,-31.3237,-13.6155,0.4657,0.0,True,ok
data\interim\segmented\spasmodic_dysphonia\1gqAGauWj4U_seg_078.wav,1gqAGauWj4U_seg_078.wav,1gqAGauWj4U,True,16000,1,3.0,-31.6593,-14.1949,0.4113,0.0,True,ok
data\interim\segmented\spasmodic_dysphonia\1gqAGauWj4U_seg_079.wav,1gqAGauWj4U_seg_079.wav,1gqAGauWj4U,True,16000,1,3.0,-30.509,-8.8669,0.4864,0.0,True,ok
data\interim\segmented\spasmodic_dysphonia\1gqAGauWj4U_seg_080.wav,1gqAGauWj4U_seg_080.wav,1gqAGauWj4U,True,16000,1,3.0,-30.8142,-9.6607,0.5012,0.0,True,ok
data\interim\segmented\spasmodic_dysphonia\1gqAGauWj4U_seg_081.wav,1gqAGauWj4U_seg_081.wav,1gqAGauWj4U,True,16000,1,3.0,-30.5388,-12.5702,0.4899,0.0,True,ok
data\interim\segmented\spasmodic_dysphonia\1gqAGauWj4U_seg_082.wav,1gqAGauWj4U_seg_082.wav,1gqAGauWj4U,True,16000,1,3.0,-28.3802,-11.7339,0.4985,0.0,True,ok
data\interim\segmented\spasmodic_dysphonia\1gqAGauWj4U_seg_083.wav,1gqAGauWj4U_seg_083.wav,1gqAGauWj4U,True,16000,1,3.0,-30.8645,-11.7595,0.4555,0.0,True,ok
data\interim\segmented\spasmodic_dysphonia\1gqAGauWj4U_seg_084.wav,1gqAGauWj4U_seg_084.wav,1gqAGauWj4U,True,16000,1,3.0,-31.423,-13.2692,0.5307,0.0,True,ok
data\interim\segmented\spasmodic_dysphonia\1gqAGauWj4U_seg_085.wav,1gqAGauWj4U_seg_085.wav,1gqAGauWj4U,True,16000,1,3.0,-30.6303,-8.0649,0.4823,0.0,True,ok
data\interim\segmented\spasmodic_dysphonia\1gqAGauWj4U_seg_086.wav,1gqAGauWj4U_seg_086.wav,1gqAGauWj4U,True,16000,1,3.0,-32.762,-10.3849,0.6043,0.0,True,ok
data\interim\segmented\spasmodic_dysphonia\1gqAGauWj4U_seg_087.wav,1gqAGauWj4U_seg_087.wav,1gqAGauWj4U,True,16000,1,3.0,-30.3515,-13.1926,0.4682,0.0,True,ok
data\interim\segmented\spasmodic_dysphonia\1gqAGauWj4U_seg_088.wav,1gqAGauWj4U_seg_088.wav,1gqAGauWj4U,True,16000,1,3.0,-25.7481,-9.0198,0.2194,0.0,True,ok
data\interim\segmented\spasmodic_dysphonia\1gqAGauWj4U_seg_089.wav,1gqAGauWj4U_seg_089.wav,1gqAGauWj4U,True,16000,1,3.0,-33.2558,-14.3043,0.4989,0.0,True,ok
data\interim\segmented\spasmodic_dysphonia\1gqAGauWj4U_seg_090.wav,1gqAGauWj4U_seg_090.wav,1gqAGauWj4U,True,16000,1,3.0,-31.4812,-14.3208,0.5515,0.0,True,ok
data\interim\segmented\spasmodic_dysphonia\1gqAGauWj4U_seg_091.wav,1gqAGauWj4U_seg_091.wav,1gqAGauWj4U,True,16000,1,3.0,-32.9382,-14.6983,0.4993,0.0,True,ok
data\interim\segmented\spasmodic_dysphonia\1gqAGauWj4U_seg_092.wav,1gqAGauWj4U_seg_092.wav,1gqAGauWj4U,True,16000,1,3.0,-28.7847,-8.729,0.3245,0.0,True,ok
data\interim\segmented\spasmodic_dysphonia\1gqAGauWj4U_seg_093.wav,1gqAGauWj4U_seg_093.wav,1gqAGauWj4U,True,16000,1,3.0,-29.1723,-11.7145,0.5482,0.0,True,ok
data\interim\segmented\spasmodic_dysphonia\1gqAGauWj4U_seg_094.wav,1gqAGauWj4U_seg_094.wav,1gqAGauWj4U,True,16000,1,3.0,-30.5785,-9.4088,0.5161,0.0,True,ok
data\interim\segmented\spasmodic_dysphonia\1gqAGauWj4U_seg_095.wav,1gqAGauWj4U_seg_095.wav,1gqAGauWj4U,True,16000,1,3.0,-32.5562,-12.4205,0.5273,0.0,True,ok
data\interim\segmented\spasmodic_dysphonia\1gqAGauWj4U_seg_096.wav,1gqAGauWj4U_seg_096.wav,1gqAGauWj4U,True,16000,1,3.0,-31.8825,-14.5768,0.4828,0.0,True,ok
data\interim\segmented\spasmodic_dysphonia\1gqAGauWj4U_seg_097.wav,1gqAGauWj4U_seg_097.wav,1gqAGauWj4U,True,16000,1,3.0,-26.6597,-10.7262,0.2717,0.0,True,ok
data\interim\segmented\spasmodic_dysphonia\1gqAGauWj4U_seg_098.wav,1gqAGauWj4U_seg_098.wav,1gqAGauWj4U,True,16000,1,3.0,-25.2899,-7.4531,0.4278,0.0,True,ok
data\interim\segmented\spasmodic_dysphonia\1gqAGauWj4U_seg_099.wav,1gqAGauWj4U_seg_099.wav,1gqAGauWj4U,True,16000,1,3.0,-29.2433,-12.8356,0.3948,0.0,True,ok
data\interim\segmented\spasmodic_dysphonia\1gqAGauWj4U_seg_100.wav,1gqAGauWj4U_seg_100.wav,1gqAGauWj4U,True,16000,1,3.0,-28.8474,-12.4849,0.4392,0.0,True,ok
data\interim\segmented\spasmodic_dysphonia\1gqAGauWj4U_seg_101.wav,1gqAGauWj4U_seg_101.wav,1gqAGauWj4U,True,16000,1,3.0,-28.3785,-12.3115,0.3499,0.0,True,ok
data\interim\segmented\spasmodic_dysphonia\1gqAGauWj4U_seg_102.wav,1gqAGauWj4U_seg_102.wav,1gqAGauWj4U,True,16000,1,3.0,-29.7113,-10.9506,0.4565,0.0,True,ok
data\interim\segmented\spasmodic_dysphonia\1gqAGauWj4U_seg_103.wav,1gqAGauWj4U_seg_103.wav,1gqAGauWj4U,True,16000,1,3.0,-27.6126,-8.9468,0.3773,0.0,True,ok
data\interim\segmented\spasmodic_dysphonia\1gqAGauWj4U_seg_104.wav,1gqAGauWj4U_seg_104.wav,1gqAGauWj4U,True,16000,1,3.0,-32.4368,-15.4986,0.4618,0.0,True,ok
data\interim\segmented\spasmodic_dysphonia\1gqAGauWj4U_seg_105.wav,1gqAGauWj4U_seg_105.wav,1gqAGauWj4U,True,16000,1,3.0,-32.3307,-13.4618,0.4934,0.0,True,ok
data\interim\segmented\spasmodic_dysphonia\1gqAGauWj4U_seg_106.wav,1gqAGauWj4U_seg_106.wav,1gqAGauWj4U,True,16000,1,3.0,-29.0114,-10.632,0.4456,0.0,True,ok
data\interim\segmented\spasmodic_dysphonia\1gqAGauWj4U_seg_107.wav,1gqAGauWj4U_seg_107.wav,1gqAGauWj4U,True,16000,1,3.0,-27.7771,-10.9768,0.3377,0.0,True,ok
data\interim\segmented\spasmodic_dysphonia\1gqAGauWj4U_seg_108.wav,1gqAGauWj4U_seg_108.wav,1gqAGauWj4U,True,16000,1,3.0,-29.1517,-12.8659,0.4593,0.0,True,ok
data\interim\segmented\spasmodic_dysphonia\1gqAGauWj4U_seg_109.wav,1gqAGauWj4U_seg_109.wav,1gqAGauWj4U,True,16000,1,3.0,-33.503,-11.6281,0.5941,0.0,True,ok
data\interim\segmented\spasmodic_dysphonia\1gqAGauWj4U_seg_110.wav,1gqAGauWj4U_seg_110.wav,1gqAGauWj4U,True,16000,1,3.0,-30.6294,-12.1812,0.4274,0.0,True,ok
data\interim\segmented\spasmodic_dysphonia\1gqAGauWj4U_seg_111.wav,1gqAGauWj4U_seg_111.wav,1gqAGauWj4U,True,16000,1,3.0,-31.4491,-10.3133,0.5721,0.0,True,ok
data\interim\segmented\spasmodic_dysphonia\1gqAGauWj4U_seg_112.wav,1gqAGauWj4U_seg_112.wav,1gqAGauWj4U,True,16000,1,3.0,-38.5809,-20.5493,0.4704,0.0,True,ok
data\interim\segmented\spasmodic_dysphonia\1gqAGauWj4U_seg_113.wav,1gqAGauWj4U_seg_113.wav,1gqAGauWj4U,True,16000,1,3.0,-36.5963,-23.6522,0.2196,0.0,True,ok
data\interim\segmented\spasmodic_dysphonia\1gqAGauWj4U_seg_114.wav,1gqAGauWj4U_seg_114.wav,1gqAGauWj4U,True,16000,1,3.0,-36.3541,-23.4843,0.2165,0.0,True,ok
data\interim\segmented\spasmodic_dysphonia\1gqAGauWj4U_seg_115.wav,1gqAGauWj4U_seg_115.wav,1gqAGauWj4U,True,16000,1,1.568,-36.9731,-26.0652,0.21,0.0,True,ok
data\interim\segmented\spasmodic_dysphonia\1xoBQiIrWRU_seg_000.wav,1xoBQiIrWRU_seg_000.wav,1xoBQiIrWRU,True,16000,1,3.0,-33.0447,-13.5345,0.534,0.0,True,ok
data\interim\segmented\spasmodic_dysphonia\1xoBQiIrWRU_seg_001.wav,1xoBQiIrWRU_seg_001.wav,1xoBQiIrWRU,True,16000,1,3.0,-34.9972,-20.0874,0.5042,0.0,True,ok
data\interim\segmented\spasmodic_dysphonia\1xoBQiIrWRU_seg_002.wav,1xoBQiIrWRU_seg_002.wav,1xoBQiIrWRU,True,16000,1,3.0,-36.7144,-19.0394,0.5489,0.0,True,ok
data\interim\segmented\spasmodic_dysphonia\1xoBQiIrWRU_seg_003.wav,1xoBQiIrWRU_seg_003.wav,1xoBQiIrWRU,True,16000,1,3.0,-36.8897,-19.3216,0.6352,0.0,True,ok
data\interim\segmented\spasmodic_dysphonia\1xoBQiIrWRU_seg_004.wav,1xoBQiIrWRU_seg_004.wav,1xoBQiIrWRU,True,16000,1,3.0,-37.9979,-20.5691,0.5943,0.0,True,ok
data\interim\segmented\spasmodic_dysphonia\1xoBQiIrWRU_seg_005.wav,1xoBQiIrWRU_seg_005.wav,1xoBQiIrWRU,True,16000,1,3.0,-36.7008,-17.3496,0.6996,0.0,True,ok
data\interim\segmented\spasmodic_dysphonia\1xoBQiIrWRU_seg_006.wav,1xoBQiIrWRU_seg_006.wav,1xoBQiIrWRU,True,16000,1,3.0,-32.148,-16.6535,0.5565,0.0,True,ok
data\interim\segmented\spasmodic_dysphonia\1xoBQiIrWRU_seg_007.wav,1xoBQiIrWRU_seg_007.wav,1xoBQiIrWRU,True,16000,1,3.0,-35.6809,-15.4844,0.6212,0.0,True,ok
data\interim\segmented\spasmodic_dysphonia\1xoBQiIrWRU_seg_008.wav,1xoBQiIrWRU_seg_008.wav,1xoBQiIrWRU,True,16000,1,3.0,-36.097,-20.451,0.5027,0.0,True,ok
data\interim\segmented\spasmodic_dysphonia\1xoBQiIrWRU_seg_009.wav,1xoBQiIrWRU_seg_009.wav,1xoBQiIrWRU,True,16000,1,3.0,-32.2252,-14.492,0.4879,0.0,True,ok
data\interim\segmented\spasmodic_dysphonia\1xoBQiIrWRU_seg_010.wav,1xoBQiIrWRU_seg_010.wav,1xoBQiIrWRU,True,16000,1,3.0,-34.7805,-18.4366,0.5226,0.0,True,ok
data\interim\segmented\spasmodic_dysphonia\1xoBQiIrWRU_seg_011.wav,1xoBQiIrWRU_seg_011.wav,1xoBQiIrWRU,True,16000,1,3.0,-34.8173,-18.7845,0.5596,0.0,True,ok
data\interim\segmented\spasmodic_dysphonia\1xoBQiIrWRU_seg_012.wav,1xoBQiIrWRU_seg_012.wav,1xoBQiIrWRU,True,16000,1,3.0,-36.2735,-18.9732,0.5981,0.0,True,ok
data\interim\segmented\spasmodic_dysphonia\1xoBQiIrWRU_seg_013.wav,1xoBQiIrWRU_seg_013.wav,1xoBQiIrWRU,True,16000,1,3.0,-32.803,-14.6638,0.5098,0.0,True,ok
data\interim\segmented\spasmodic_dysphonia\1xoBQiIrWRU_seg_014.wav,1xoBQiIrWRU_seg_014.wav,1xoBQiIrWRU,True,16000,1,3.0,-33.8398,-15.4263,0.5257,0.0,True,ok
data\interim\segmented\spasmodic_dysphonia\1xoBQiIrWRU_seg_015.wav,1xoBQiIrWRU_seg_015.wav,1xoBQiIrWRU,True,16000,1,3.0,-38.1731,-18.5301,0.7146,0.0,True,ok
data\interim\segmented\spasmodic_dysphonia\1xoBQiIrWRU_seg_016.wav,1xoBQiIrWRU_seg_016.wav,1xoBQiIrWRU,True,16000,1,3.0,-35.6468,-20.3566,0.4703,0.0,True,ok
data\interim\segmented\spasmodic_dysphonia\1xoBQiIrWRU_seg_017.wav,1xoBQiIrWRU_seg_017.wav,1xoBQiIrWRU,True,16000,1,3.0,-34.6661,-14.7373,0.5989,0.0,True,ok
data\interim\segmented\spasmodic_dysphonia\1xoBQiIrWRU_seg_018.wav,1xoBQiIrWRU_seg_018.wav,1xoBQiIrWRU,True,16000,1,3.0,-36.5264,-17.6457,0.534,0.0,True,ok
data\interim\segmented\spasmodic_dysphonia\1xoBQiIrWRU_seg_019.wav,1xoBQiIrWRU_seg_019.wav,1xoBQiIrWRU,True,16000,1,3.0,-36.8709,-19.195,0.6151,0.0,True,ok
data\interim\segmented\spasmodic_dysphonia\1xoBQiIrWRU_seg_020.wav,1xoBQiIrWRU_seg_020.wav,1xoBQiIrWRU,True,16000,1,3.0,-33.8768,-17.8399,0.6311,0.0,True,ok
data\interim\segmented\spasmodic_dysphonia\1xoBQiIrWRU_seg_021.wav,1xoBQiIrWRU_seg_021.wav,1xoBQiIrWRU,True,16000,1,3.0,-35.6521,-18.2375,0.5366,0.0,True,ok
data\interim\segmented\spasmodic_dysphonia\1xoBQiIrWRU_seg_022.wav,1xoBQiIrWRU_seg_022.wav,1xoBQiIrWRU,True,16000,1,3.0,-34.2646,-18.5615,0.4871,0.0,True,ok
data\interim\segmented\spasmodic_dysphonia\1xoBQiIrWRU_seg_023.wav,1xoBQiIrWRU_seg_023.wav,1xoBQiIrWRU,True,16000,1,3.0,-37.4267,-19.9335,0.6536,0.0,True,ok
data\interim\segmented\spasmodic_dysphonia\1xoBQiIrWRU_seg_024.wav,1xoBQiIrWRU_seg_024.wav,1xoBQiIrWRU,True,16000,1,3.0,-31.8517,-15.2159,0.4106,0.0,True,ok
data\interim\segmented\spasmodic_dysphonia\1xoBQiIrWRU_seg_025.wav,1xoBQiIrWRU_seg_025.wav,1xoBQiIrWRU,True,16000,1,3.0,-34.2545,-16.1712,0.5275,0.0,True,ok
data\interim\segmented\spasmodic_dysphonia\1xoBQiIrWRU_seg_026.wav,1xoBQiIrWRU_seg_026.wav,1xoBQiIrWRU,True,16000,1,3.0,-33.386,-14.92,0.5274,0.0,True,ok
data\interim\segmented\spasmodic_dysphonia\1xoBQiIrWRU_seg_027.wav,1xoBQiIrWRU_seg_027.wav,1xoBQiIrWRU,True,16000,1,3.0,-33.8789,-15.009,0.4612,0.0,True,ok
data\interim\segmented\spasmodic_dysphonia\1xoBQiIrWRU_seg_028.wav,1xoBQiIrWRU_seg_028.wav,1xoBQiIrWRU,True,16000,1,3.0,-34.2655,-16.8874,0.6204,0.0,True,ok
data\interim\segmented\spasmodic_dysphonia\1xoBQiIrWRU_seg_029.wav,1xoBQiIrWRU_seg_029.wav,1xoBQiIrWRU,True,16000,1,3.0,-33.1487,-15.1976,0.4518,0.0,True,ok
data\interim\segmented\spasmodic_dysphonia\1xoBQiIrWRU_seg_030.wav,1xoBQiIrWRU_seg_030.wav,1xoBQiIrWRU,True,16000,1,3.0,-35.6094,-18.3398,0.5943,0.0,True,ok
data\interim\segmented\spasmodic_dysphonia\1xoBQiIrWRU_seg_031.wav,1xoBQiIrWRU_seg_031.wav,1xoBQiIrWRU,True,16000,1,3.0,-35.4078,-17.925,0.6065,0.0,True,ok
data\interim\segmented\spasmodic_dysphonia\1xoBQiIrWRU_seg_032.wav,1xoBQiIrWRU_seg_032.wav,1xoBQiIrWRU,True,16000,1,3.0,-34.1277,-16.8191,0.5425,0.0,True,ok
data\interim\segmented\spasmodic_dysphonia\1xoBQiIrWRU_seg_033.wav,1xoBQiIrWRU_seg_033.wav,1xoBQiIrWRU,True,16000,1,3.0,-31.8989,-13.963,0.4502,0.0,True,ok
data\interim\segmented\spasmodic_dysphonia\1xoBQiIrWRU_seg_034.wav,1xoBQiIrWRU_seg_034.wav,1xoBQiIrWRU,True,16000,1,3.0,-32.7459,-13.8984,0.5925,0.0,True,ok
data\interim\segmented\spasmodic_dysphonia\1xoBQiIrWRU_seg_035.wav,1xoBQiIrWRU_seg_035.wav,1xoBQiIrWRU,True,16000,1,3.0,-32.4801,-10.5093,0.5634,0.0,True,ok
data\interim\segmented\spasmodic_dysphonia\1xoBQiIrWRU_seg_036.wav,1xoBQiIrWRU_seg_036.wav,1xoBQiIrWRU,True,16000,1,3.0,-32.8479,-15.2251,0.4369,0.0,True,ok
data\interim\segmented\spasmodic_dysphonia\1xoBQiIrWRU_seg_037.wav,1xoBQiIrWRU_seg_037.wav,1xoBQiIrWRU,True,16000,1,3.0,-34.2345,-17.813,0.5593,0.0,True,ok
data\interim\segmented\spasmodic_dysphonia\1xoBQiIrWRU_seg_038.wav,1xoBQiIrWRU_seg_038.wav,1xoBQiIrWRU,True,16000,1,3.0,-35.9195,-19.54,0.5684,0.0,True,ok
data\interim\segmented\spasmodic_dysphonia\1xoBQiIrWRU_seg_039.wav,1xoBQiIrWRU_seg_039.wav,1xoBQiIrWRU,True,16000,1,3.0,-32.0202,-15.6756,0.4348,0.0,True,ok
data\interim\segmented\spasmodic_dysphonia\1xoBQiIrWRU_seg_040.wav,1xoBQiIrWRU_seg_040.wav,1xoBQiIrWRU,True,16000,1,3.0,-33.2018,-15.9973,0.4442,0.0,True,ok
data\interim\segmented\spasmodic_dysphonia\1xoBQiIrWRU_seg_041.wav,1xoBQiIrWRU_seg_041.wav,1xoBQiIrWRU,True,16000,1,3.0,-34.8796,-12.6358,0.6715,0.0,True,ok
data\interim\segmented\spasmodic_dysphonia\1xoBQiIrWRU_seg_042.wav,1xoBQiIrWRU_seg_042.wav,1xoBQiIrWRU,True,16000,1,3.0,-34.6539,-15.5779,0.537,0.0,True,ok
data\interim\segmented\spasmodic_dysphonia\1xoBQiIrWRU_seg_043.wav,1xoBQiIrWRU_seg_043.wav,1xoBQiIrWRU,True,16000,1,3.0,-36.9111,-18.2202,0.5985,0.0,True,ok
data\interim\segmented\spasmodic_dysphonia\1xoBQiIrWRU_seg_044.wav,1xoBQiIrWRU_seg_044.wav,1xoBQiIrWRU,True,16000,1,3.0,-32.2852,-11.8224,0.5305,0.0,True,ok
data\interim\segmented\spasmodic_dysphonia\1xoBQiIrWRU_seg_045.wav,1xoBQiIrWRU_seg_045.wav,1xoBQiIrWRU,True,16000,1,3.0,-32.3999,-14.4822,0.5169,0.0,True,ok
data\interim\segmented\spasmodic_dysphonia\1xoBQiIrWRU_seg_046.wav,1xoBQiIrWRU_seg_046.wav,1xoBQiIrWRU,True,16000,1,3.0,-33.757,-16.735,0.5435,0.0,True,ok
data\interim\segmented\spasmodic_dysphonia\1xoBQiIrWRU_seg_047.wav,1xoBQiIrWRU_seg_047.wav,1xoBQiIrWRU,True,16000,1,3.0,-36.2362,-14.1218,0.5984,0.0,True,ok
data\interim\segmented\spasmodic_dysphonia\1xoBQiIrWRU_seg_048.wav,1xoBQiIrWRU_seg_048.wav,1xoBQiIrWRU,True,16000,1,3.0,-33.9371,-15.2266,0.5282,0.0,True,ok
data\interim\segmented\spasmodic_dysphonia\4Nmd8u5sXGw_seg_000.wav,4Nmd8u5sXGw_seg_000.wav,4Nmd8u5sXGw,True,16000,1,3.0,-30.0913,-10.2338,0.618,0.0,True,ok
data\interim\segmented\spasmodic_dysphonia\4Nmd8u5sXGw_seg_001.wav,4Nmd8u5sXGw_seg_001.wav,4Nmd8u5sXGw,True,16000,1,3.0,-34.2295,-13.5446,0.7376,0.0,True,ok
data\interim\segmented\spasmodic_dysphonia\4Nmd8u5sXGw_seg_002.wav,4Nmd8u5sXGw_seg_002.wav,4Nmd8u5sXGw,True,16000,1,3.0,-36.9536,-10.1745,0.7814,0.0,True,ok
data\interim\segmented\spasmodic_dysphonia\4Nmd8u5sXGw_seg_003.wav,4Nmd8u5sXGw_seg_003.wav,4Nmd8u5sXGw,True,16000,1,3.0,-36.1617,-16.4204,0.7128,0.0,True,ok
data\interim\segmented\spasmodic_dysphonia\4Nmd8u5sXGw_seg_004.wav,4Nmd8u5sXGw_seg_004.wav,4Nmd8u5sXGw,True,16000,1,3.0,-37.5532,-12.6449,0.8513,0.0,False,mostly_silence:0.85
data\interim\segmented\spasmodic_dysphonia\4Nmd8u5sXGw_seg_005.wav,4Nmd8u5sXGw_seg_005.wav,4Nmd8u5sXGw,True,16000,1,3.0,-39.2023,-19.118,0.8091,0.0,False,mostly_silence:0.81
data\interim\segmented\spasmodic_dysphonia\4Nmd8u5sXGw_seg_006.wav,4Nmd8u5sXGw_seg_006.wav,4Nmd8u5sXGw,True,16000,1,3.0,-40.2291,-19.037,0.7961,0.0,True,ok
data\interim\segmented\spasmodic_dysphonia\4Nmd8u5sXGw_seg_007.wav,4Nmd8u5sXGw_seg_007.wav,4Nmd8u5sXGw,True,16000,1,3.0,-35.1038,-18.2874,0.6102,0.0,True,ok
data\interim\segmented\spasmodic_dysphonia\4Nmd8u5sXGw_seg_008.wav,4Nmd8u5sXGw_seg_008.wav,4Nmd8u5sXGw,True,16000,1,3.0,-36.8065,-12.1286,0.8088,0.0,False,mostly_silence:0.81
data\interim\segmented\spasmodic_dysphonia\4Nmd8u5sXGw_seg_009.wav,4Nmd8u5sXGw_seg_009.wav,4Nmd8u5sXGw,True,16000,1,3.0,-33.1659,-12.2951,0.7236,0.0,True,ok
data\interim\segmented\spasmodic_dysphonia\4Nmd8u5sXGw_seg_010.wav,4Nmd8u5sXGw_seg_010.wav,4Nmd8u5sXGw,True,16000,1,3.0,-27.4251,-8.7457,0.6519,0.0,True,ok
data\interim\segmented\spasmodic_dysphonia\4Nmd8u5sXGw_seg_011.wav,4Nmd8u5sXGw_seg_011.wav,4Nmd8u5sXGw,True,16000,1,3.0,-36.3344,-11.5096,0.6877,0.0,True,ok
data\interim\segmented\spasmodic_dysphonia\4Nmd8u5sXGw_seg_012.wav,4Nmd8u5sXGw_seg_012.wav,4Nmd8u5sXGw,True,16000,1,3.0,-37.5675,-13.6397,0.6402,0.0,True,ok
data\interim\segmented\spasmodic_dysphonia\4Nmd8u5sXGw_seg_013.wav,4Nmd8u5sXGw_seg_013.wav,4Nmd8u5sXGw,True,16000,1,3.0,-37.0236,-13.4681,0.8,0.0,True,ok
data\interim\segmented\spasmodic_dysphonia\4Nmd8u5sXGw_seg_014.wav,4Nmd8u5sXGw_seg_014.wav,4Nmd8u5sXGw,True,16000,1,3.0,-36.9499,-13.1696,0.6726,0.0,True,ok
data\interim\segmented\spasmodic_dysphonia\4Nmd8u5sXGw_seg_015.wav,4Nmd8u5sXGw_seg_015.wav,4Nmd8u5sXGw,True,16000,1,3.0,-37.5445,-14.5626,0.8207,0.0,False,mostly_silence:0.82
data\interim\segmented\spasmodic_dysphonia\4Nmd8u5sXGw_seg_016.wav,4Nmd8u5sXGw_seg_016.wav,4Nmd8u5sXGw,True,16000,1,3.0,-37.969,-13.8578,0.707,0.0,True,ok
data\interim\segmented\spasmodic_dysphonia\4Nmd8u5sXGw_seg_017.wav,4Nmd8u5sXGw_seg_017.wav,4Nmd8u5sXGw,True,16000,1,3.0,-31.6224,-13.3194,0.4621,0.0,True,ok
data\interim\segmented\spasmodic_dysphonia\4Nmd8u5sXGw_seg_018.wav,4Nmd8u5sXGw_seg_018.wav,4Nmd8u5sXGw,True,16000,1,3.0,-35.6053,-18.3113,0.6158,0.0,True,ok
data\interim\segmented\spasmodic_dysphonia\4Nmd8u5sXGw_seg_019.wav,4Nmd8u5sXGw_seg_019.wav,4Nmd8u5sXGw,True,16000,1,3.0,-39.3719,-13.6985,0.6034,0.0,True,ok
data\interim\segmented\spasmodic_dysphonia\4Nmd8u5sXGw_seg_020.wav,4Nmd8u5sXGw_seg_020.wav,4Nmd8u5sXGw,True,16000,1,3.0,-37.6486,-14.9822,0.5635,0.0,True,ok
data\interim\segmented\spasmodic_dysphonia\4Nmd8u5sXGw_seg_021.wav,4Nmd8u5sXGw_seg_021.wav,4Nmd8u5sXGw,True,16000,1,3.0,-41.4726,-21.9099,0.5409,0.0,True,ok
data\interim\segmented\spasmodic_dysphonia\4Nmd8u5sXGw_seg_022.wav,4Nmd8u5sXGw_seg_022.wav,4Nmd8u5sXGw,True,16000,1,3.0,-39.2193,-18.1428,0.6876,0.0,True,ok
data\interim\segmented\spasmodic_dysphonia\4Nmd8u5sXGw_seg_023.wav,4Nmd8u5sXGw_seg_023.wav,4Nmd8u5sXGw,True,16000,1,2.404,-42.2244,-15.9157,0.7914,0.0,True,ok
data\interim\segmented\spasmodic_dysphonia\55qJ3dI1kDI_seg_000.wav,55qJ3dI1kDI_seg_000.wav,55qJ3dI1kDI,True,16000,1,3.0,-30.3734,-11.5386,0.387,0.0,True,ok
data\interim\segmented\spasmodic_dysphonia\55qJ3dI1kDI_seg_001.wav,55qJ3dI1kDI_seg_001.wav,55qJ3dI1kDI,True,16000,1,3.0,-30.9494,-11.8898,0.3988,0.0,True,ok
data\interim\segmented\spasmodic_dysphonia\55qJ3dI1kDI_seg_002.wav,55qJ3dI1kDI_seg_002.wav,55qJ3dI1kDI,True,16000,1,3.0,-33.7174,-14.8611,0.488,0.0,True,ok
data\interim\segmented\spasmodic_dysphonia\55qJ3dI1kDI_seg_003.wav,55qJ3dI1kDI_seg_003.wav,55qJ3dI1kDI,True,16000,1,3.0,-28.4788,-9.3705,0.4211,0.0,True,ok
data\interim\segmented\spasmodic_dysphonia\55qJ3dI1kDI_seg_004.wav,55qJ3dI1kDI_seg_004.wav,55qJ3dI1kDI,True,16000,1,3.0,-32.6212,-14.8201,0.4034,0.0,True,ok
data\interim\segmented\spasmodic_dysphonia\55qJ3dI1kDI_seg_005.wav,55qJ3dI1kDI_seg_005.wav,55qJ3dI1kDI,True,16000,1,3.0,-35.1578,-18.833,0.5859,0.0,True,ok
data\interim\segmented\spasmodic_dysphonia\55qJ3dI1kDI_seg_006.wav,55qJ3dI1kDI_seg_006.wav,55qJ3dI1kDI,True,16000,1,3.0,-35.1562,-10.9956,0.5712,0.0,True,ok
data\interim\segmented\spasmodic_dysphonia\55qJ3dI1kDI_seg_007.wav,55qJ3dI1kDI_seg_007.wav,55qJ3dI1kDI,True,16000,1,3.0,-29.7279,-14.8245,0.3077,0.0,True,ok
data\interim\segmented\spasmodic_dysphonia\55qJ3dI1kDI_seg_008.wav,55qJ3dI1kDI_seg_008.wav,55qJ3dI1kDI,True,16000,1,3.0,-32.43,-13.5408,0.3731,0.0,True,ok
data\interim\segmented\spasmodic_dysphonia\55qJ3dI1kDI_seg_009.wav,55qJ3dI1kDI_seg_009.wav,55qJ3dI1kDI,True,16000,1,3.0,-36.0595,-17.3281,0.4497,0.0,True,ok
data\interim\segmented\spasmodic_dysphonia\55qJ3dI1kDI_seg_010.wav,55qJ3dI1kDI_seg_010.wav,55qJ3dI1kDI,True,16000,1,3.0,-31.7151,-11.9841,0.3859,0.0,True,ok
data\interim\segmented\spasmodic_dysphonia\55qJ3dI1kDI_seg_011.wav,55qJ3dI1kDI_seg_011.wav,55qJ3dI1kDI,True,16000,1,3.0,-32.1287,-12.0317,0.2045,0.0,True,ok
data\interim\segmented\spasmodic_dysphonia\55qJ3dI1kDI_seg_012.wav,55qJ3dI1kDI_seg_012.wav,55qJ3dI1kDI,True,16000,1,3.0,-28.2513,-8.5541,0.2325,0.0,True,ok
data\interim\segmented\spasmodic_dysphonia\55qJ3dI1kDI_seg_013.wav,55qJ3dI1kDI_seg_013.wav,55qJ3dI1kDI,True,16000,1,3.0,-34.6828,-16.4011,0.3938,0.0,True,ok
data\interim\segmented\spasmodic_dysphonia\55qJ3dI1kDI_seg_014.wav,55qJ3dI1kDI_seg_014.wav,55qJ3dI1kDI,True,16000,1,3.0,-33.1624,-14.4053,0.3785,0.0,True,ok
data\interim\segmented\spasmodic_dysphonia\55qJ3dI1kDI_seg_015.wav,55qJ3dI1kDI_seg_015.wav,55qJ3dI1kDI,True,16000,1,3.0,-30.9858,-13.8135,0.2821,0.0,True,ok
data\interim\segmented\spasmodic_dysphonia\55qJ3dI1kDI_seg_016.wav,55qJ3dI1kDI_seg_016.wav,55qJ3dI1kDI,True,16000,1,3.0,-33.5593,-16.1627,0.5066,0.0,True,ok
data\interim\segmented\spasmodic_dysphonia\55qJ3dI1kDI_seg_017.wav,55qJ3dI1kDI_seg_017.wav,55qJ3dI1kDI,True,16000,1,3.0,-32.311,-16.238,0.434,0.0,True,ok
data\interim\segmented\spasmodic_dysphonia\55qJ3dI1kDI_seg_018.wav,55qJ3dI1kDI_seg_018.wav,55qJ3dI1kDI,True,16000,1,3.0,-32.4633,-12.2082,0.3849,0.0,True,ok
data\interim\segmented\spasmodic_dysphonia\55qJ3dI1kDI_seg_019.wav,55qJ3dI1kDI_seg_019.wav,55qJ3dI1kDI,True,16000,1,3.0,-37.1309,-18.67,0.6119,0.0,True,ok
data\interim\segmented\spasmodic_dysphonia\55qJ3dI1kDI_seg_020.wav,55qJ3dI1kDI_seg_020.wav,55qJ3dI1kDI,True,16000,1,3.0,-32.8037,-14.6352,0.374,0.0,True,ok
data\interim\segmented\spasmodic_dysphonia\55qJ3dI1kDI_seg_021.wav,55qJ3dI1kDI_seg_021.wav,55qJ3dI1kDI,True,16000,1,3.0,-38.658,-17.7719,0.6623,0.0,True,ok
data\interim\segmented\spasmodic_dysphonia\55qJ3dI1kDI_seg_022.wav,55qJ3dI1kDI_seg_022.wav,55qJ3dI1kDI,True,16000,1,3.0,-31.379,-13.5031,0.3881,0.0,True,ok
data\interim\segmented\spasmodic_dysphonia\55qJ3dI1kDI_seg_023.wav,55qJ3dI1kDI_seg_023.wav,55qJ3dI1kDI,True,16000,1,3.0,-33.7069,-15.0135,0.545,0.0,True,ok
data\interim\segmented\spasmodic_dysphonia\55qJ3dI1kDI_seg_024.wav,55qJ3dI1kDI_seg_024.wav,55qJ3dI1kDI,True,16000,1,3.0,-34.7277,-13.955,0.6059,0.0,True,ok
data\interim\segmented\spasmodic_dysphonia\55qJ3dI1kDI_seg_025.wav,55qJ3dI1kDI_seg_025.wav,55qJ3dI1kDI,True,16000,1,3.0,-30.4887,-9.9142,0.4612,0.0,True,ok
data\interim\segmented\spasmodic_dysphonia\55qJ3dI1kDI_seg_026.wav,55qJ3dI1kDI_seg_026.wav,55qJ3dI1kDI,True,16000,1,3.0,-32.574,-16.4222,0.3345,0.0,True,ok
data\interim\segmented\spasmodic_dysphonia\55qJ3dI1kDI_seg_027.wav,55qJ3dI1kDI_seg_027.wav,55qJ3dI1kDI,True,16000,1,3.0,-30.631,-8.1046,0.5585,0.0,True,ok
data\interim\segmented\spasmodic_dysphonia\55qJ3dI1kDI_seg_028.wav,55qJ3dI1kDI_seg_028.wav,55qJ3dI1kDI,True,16000,1,3.0,-28.7075,-9.6245,0.543,0.0,True,ok
data\interim\segmented\spasmodic_dysphonia\55qJ3dI1kDI_seg_029.wav,55qJ3dI1kDI_seg_029.wav,55qJ3dI1kDI,True,16000,1,3.0,-31.3658,-12.2798,0.5245,0.0,True,ok
data\interim\segmented\spasmodic_dysphonia\55qJ3dI1kDI_seg_030.wav,55qJ3dI1kDI_seg_030.wav,55qJ3dI1kDI,True,16000,1,3.0,-33.2526,-14.6567,0.539,0.0,True,ok
data\interim\segmented\spasmodic_dysphonia\55qJ3dI1kDI_seg_031.wav,55qJ3dI1kDI_seg_031.wav,55qJ3dI1kDI,True,16000,1,3.0,-31.1851,-12.671,0.4555,0.0,True,ok
data\interim\segmented\spasmodic_dysphonia\55qJ3dI1kDI_seg_032.wav,55qJ3dI1kDI_seg_032.wav,55qJ3dI1kDI,True,16000,1,3.0,-29.3046,-13.6041,0.4228,0.0,True,ok
data\interim\segmented\spasmodic_dysphonia\55qJ3dI1kDI_seg_033.wav,55qJ3dI1kDI_seg_033.wav,55qJ3dI1kDI,True,16000,1,3.0,-33.4099,-14.2003,0.5448,0.0,True,ok
data\interim\segmented\spasmodic_dysphonia\55qJ3dI1kDI_seg_034.wav,55qJ3dI1kDI_seg_034.wav,55qJ3dI1kDI,True,16000,1,3.0,-41.0906,-17.5672,0.6864,0.0,True,ok
data\interim\segmented\spasmodic_dysphonia\55qJ3dI1kDI_seg_035.wav,55qJ3dI1kDI_seg_035.wav,55qJ3dI1kDI,True,16000,1,3.0,-32.7506,-15.5922,0.3439,0.0,True,ok
data\interim\segmented\spasmodic_dysphonia\55qJ3dI1kDI_seg_036.wav,55qJ3dI1kDI_seg_036.wav,55qJ3dI1kDI,True,16000,1,3.0,-29.6321,-10.7217,0.3572,0.0,True,ok
data\interim\segmented\spasmodic_dysphonia\55qJ3dI1kDI_seg_037.wav,55qJ3dI1kDI_seg_037.wav,55qJ3dI1kDI,True,16000,1,3.0,-30.9098,-10.2735,0.4975,0.0,True,ok
data\interim\segmented\spasmodic_dysphonia\55qJ3dI1kDI_seg_038.wav,55qJ3dI1kDI_seg_038.wav,55qJ3dI1kDI,True,16000,1,3.0,-31.4081,-12.9963,0.467,0.0,True,ok
data\interim\segmented\spasmodic_dysphonia\55qJ3dI1kDI_seg_039.wav,55qJ3dI1kDI_seg_039.wav,55qJ3dI1kDI,True,16000,1,3.0,-34.3615,-16.7605,0.5597,0.0,True,ok
data\interim\segmented\spasmodic_dysphonia\55qJ3dI1kDI_seg_040.wav,55qJ3dI1kDI_seg_040.wav,55qJ3dI1kDI,True,16000,1,3.0,-46.4573,-29.8029,0.7668,0.0,True,ok
data\interim\segmented\spasmodic_dysphonia\55qJ3dI1kDI_seg_041.wav,55qJ3dI1kDI_seg_041.wav,55qJ3dI1kDI,True,16000,1,3.0,-32.2112,-12.3719,0.567,0.0,True,ok
data\interim\segmented\spasmodic_dysphonia\55qJ3dI1kDI_seg_042.wav,55qJ3dI1kDI_seg_042.wav,55qJ3dI1kDI,True,16000,1,2.766,-37.1929,-17.3613,0.5975,0.0,True,ok
data\interim\segmented\spasmodic_dysphonia\84fz-E-ZphY_seg_000.wav,84fz-E-ZphY_seg_000.wav,84fz-E-ZphY,True,16000,1,3.0,-31.0789,-12.3477,0.2681,0.0,True,ok
data\interim\segmented\spasmodic_dysphonia\84fz-E-ZphY_seg_001.wav,84fz-E-ZphY_seg_001.wav,84fz-E-ZphY,True,16000,1,3.0,-29.7712,-9.4725,0.3489,0.0,True,ok
data\interim\segmented\spasmodic_dysphonia\84fz-E-ZphY_seg_002.wav,84fz-E-ZphY_seg_002.wav,84fz-E-ZphY,True,16000,1,3.0,-28.844,-7.9915,0.2235,0.0,True,ok
data\interim\segmented\spasmodic_dysphonia\84fz-E-ZphY_seg_003.wav,84fz-E-ZphY_seg_003.wav,84fz-E-ZphY,True,16000,1,3.0,-32.7826,-15.4122,0.2998,0.0,True,ok
data\interim\segmented\spasmodic_dysphonia\84fz-E-ZphY_seg_004.wav,84fz-E-ZphY_seg_004.wav,84fz-E-ZphY,True,16000,1,3.0,-27.8431,-7.2841,0.3333,0.0,True,ok
data\interim\segmented\spasmodic_dysphonia\84fz-E-ZphY_seg_005.wav,84fz-E-ZphY_seg_005.wav,84fz-E-ZphY,True,16000,1,3.0,-29.2685,-10.9571,0.2625,0.0,True,ok
data\interim\segmented\spasmodic_dysphonia\84fz-E-ZphY_seg_006.wav,84fz-E-ZphY_seg_006.wav,84fz-E-ZphY,True,16000,1,3.0,-28.1606,-7.4662,0.3498,0.0,True,ok
data\interim\segmented\spasmodic_dysphonia\84fz-E-ZphY_seg_007.wav,84fz-E-ZphY_seg_007.wav,84fz-E-ZphY,True,16000,1,3.0,-26.826,-4.4043,0.315,0.0,True,ok
data\interim\segmented\spasmodic_dysphonia\84fz-E-ZphY_seg_008.wav,84fz-E-ZphY_seg_008.wav,84fz-E-ZphY,True,16000,1,3.0,-29.4551,-9.4733,0.3417,0.0,True,ok
data\interim\segmented\spasmodic_dysphonia\84fz-E-ZphY_seg_009.wav,84fz-E-ZphY_seg_009.wav,84fz-E-ZphY,True,16000,1,3.0,-28.0342,-10.2002,0.3429,0.0,True,ok
data\interim\segmented\spasmodic_dysphonia\84fz-E-ZphY_seg_010.wav,84fz-E-ZphY_seg_010.wav,84fz-E-ZphY,True,16000,1,3.0,-28.3226,-6.3243,0.3991,0.0,True,ok
data\interim\segmented\spasmodic_dysphonia\84fz-E-ZphY_seg_011.wav,84fz-E-ZphY_seg_011.wav,84fz-E-ZphY,True,16000,1,3.0,-32.162,-9.6156,0.4662,0.0,True,ok
data\interim\segmented\spasmodic_dysphonia\84fz-E-ZphY_seg_012.wav,84fz-E-ZphY_seg_012.wav,84fz-E-ZphY,True,16000,1,3.0,-27.5395,-8.5081,0.2943,0.0,True,ok
data\interim\segmented\spasmodic_dysphonia\84fz-E-ZphY_seg_013.wav,84fz-E-ZphY_seg_013.wav,84fz-E-ZphY,True,16000,1,3.0,-24.4948,-7.0739,0.2516,0.0,True,ok
data\interim\segmented\spasmodic_dysphonia\84fz-E-ZphY_seg_014.wav,84fz-E-ZphY_seg_014.wav,84fz-E-ZphY,True,16000,1,3.0,-27.2442,-5.1329,0.2943,0.0,True,ok
data\interim\segmented\spasmodic_dysphonia\84fz-E-ZphY_seg_015.wav,84fz-E-ZphY_seg_015.wav,84fz-E-ZphY,True,16000,1,3.0,-31.2148,-6.5327,0.4535,0.0,True,ok
data\interim\segmented\spasmodic_dysphonia\84fz-E-ZphY_seg_016.wav,84fz-E-ZphY_seg_016.wav,84fz-E-ZphY,True,16000,1,3.0,-22.9941,-3.5176,0.2181,0.0,True,ok
data\interim\segmented\spasmodic_dysphonia\84fz-E-ZphY_seg_017.wav,84fz-E-ZphY_seg_017.wav,84fz-E-ZphY,True,16000,1,3.0,-25.911,-4.6797,0.2301,0.0,True,ok
data\interim\segmented\spasmodic_dysphonia\84fz-E-ZphY_seg_018.wav,84fz-E-ZphY_seg_018.wav,84fz-E-ZphY,True,16000,1,3.0,-31.0402,-12.0179,0.3497,0.0,True,ok
data\interim\segmented\spasmodic_dysphonia\84fz-E-ZphY_seg_019.wav,84fz-E-ZphY_seg_019.wav,84fz-E-ZphY,True,16000,1,3.0,-26.802,-4.643,0.3605,0.0,True,ok
data\interim\segmented\spasmodic_dysphonia\84fz-E-ZphY_seg_020.wav,84fz-E-ZphY_seg_020.wav,84fz-E-ZphY,True,16000,1,3.0,-28.8384,-7.9715,0.2805,0.0,True,ok
data\interim\segmented\spasmodic_dysphonia\84fz-E-ZphY_seg_021.wav,84fz-E-ZphY_seg_021.wav,84fz-E-ZphY,True,16000,1,3.0,-32.3245,-9.3783,0.3236,0.0,True,ok
data\interim\segmented\spasmodic_dysphonia\84fz-E-ZphY_seg_022.wav,84fz-E-ZphY_seg_022.wav,84fz-E-ZphY,True,16000,1,3.0,-28.493,-11.2978,0.2423,0.0,True,ok
data\interim\segmented\spasmodic_dysphonia\84fz-E-ZphY_seg_023.wav,84fz-E-ZphY_seg_023.wav,84fz-E-ZphY,True,16000,1,3.0,-30.2466,-9.574,0.341,0.0,True,ok
data\interim\segmented\spasmodic_dysphonia\84fz-E-ZphY_seg_024.wav,84fz-E-ZphY_seg_024.wav,84fz-E-ZphY,True,16000,1,3.0,-25.3879,-2.7888,0.3864,0.0,True,ok
data\interim\segmented\spasmodic_dysphonia\84fz-E-ZphY_seg_025.wav,84fz-E-ZphY_seg_025.wav,84fz-E-ZphY,True,16000,1,3.0,-38.3573,-18.5368,0.4737,0.0,True,ok
data\interim\segmented\spasmodic_dysphonia\84fz-E-ZphY_seg_026.wav,84fz-E-ZphY_seg_026.wav,84fz-E-ZphY,True,16000,1,2.376,-39.8144,-24.2321,0.5095,0.0,True,ok
data\interim\segmented\spasmodic_dysphonia\9CX2xcq1P9A_seg_000.wav,9CX2xcq1P9A_seg_000.wav,9CX2xcq1P9A,True,16000,1,3.0,-27.9614,-5.9372,0.5682,0.0,True,ok
data\interim\segmented\spasmodic_dysphonia\9CX2xcq1P9A_seg_001.wav,9CX2xcq1P9A_seg_001.wav,9CX2xcq1P9A,True,16000,1,3.0,-26.2878,-5.2757,0.534,0.0,True,ok
data\interim\segmented\spasmodic_dysphonia\9CX2xcq1P9A_seg_002.wav,9CX2xcq1P9A_seg_002.wav,9CX2xcq1P9A,True,16000,1,3.0,-32.2491,-12.9279,0.6247,0.0,True,ok
data\interim\segmented\spasmodic_dysphonia\9CX2xcq1P9A_seg_003.wav,9CX2xcq1P9A_seg_003.wav,9CX2xcq1P9A,True,16000,1,3.0,-33.3995,-13.5497,0.6486,0.0,True,ok
data\interim\segmented\spasmodic_dysphonia\9CX2xcq1P9A_seg_004.wav,9CX2xcq1P9A_seg_004.wav,9CX2xcq1P9A,True,16000,1,3.0,-39.5762,-16.0023,0.8121,0.0,False,mostly_silence:0.81
data\interim\segmented\spasmodic_dysphonia\9CX2xcq1P9A_seg_005.wav,9CX2xcq1P9A_seg_005.wav,9CX2xcq1P9A,True,16000,1,3.0,-32.2341,-12.1104,0.6308,0.0,True,ok
data\interim\segmented\spasmodic_dysphonia\9CX2xcq1P9A_seg_006.wav,9CX2xcq1P9A_seg_006.wav,9CX2xcq1P9A,True,16000,1,3.0,-35.3667,-16.9227,0.5599,0.0,True,ok
data\interim\segmented\spasmodic_dysphonia\9CX2xcq1P9A_seg_007.wav,9CX2xcq1P9A_seg_007.wav,9CX2xcq1P9A,True,16000,1,3.0,-34.9387,-17.9522,0.4636,0.0,True,ok
data\interim\segmented\spasmodic_dysphonia\9CX2xcq1P9A_seg_008.wav,9CX2xcq1P9A_seg_008.wav,9CX2xcq1P9A,True,16000,1,3.0,-34.0913,-13.9696,0.6691,0.0,True,ok
data\interim\segmented\spasmodic_dysphonia\9CX2xcq1P9A_seg_009.wav,9CX2xcq1P9A_seg_009.wav,9CX2xcq1P9A,True,16000,1,3.0,-33.8602,-13.9155,0.5216,0.0,True,ok
data\interim\segmented\spasmodic_dysphonia\9CX2xcq1P9A_seg_010.wav,9CX2xcq1P9A_seg_010.wav,9CX2xcq1P9A,True,16000,1,3.0,-31.8623,-12.6471,0.4503,0.0,True,ok
data\interim\segmented\spasmodic_dysphonia\9CX2xcq1P9A_seg_011.wav,9CX2xcq1P9A_seg_011.wav,9CX2xcq1P9A,True,16000,1,3.0,-36.0501,-18.7822,0.6968,0.0,True,ok
data\interim\segmented\spasmodic_dysphonia\9CX2xcq1P9A_seg_012.wav,9CX2xcq1P9A_seg_012.wav,9CX2xcq1P9A,True,16000,1,3.0,-33.1997,-16.9637,0.4391,0.0,True,ok
data\interim\segmented\spasmodic_dysphonia\9CX2xcq1P9A_seg_013.wav,9CX2xcq1P9A_seg_013.wav,9CX2xcq1P9A,True,16000,1,3.0,-37.2162,-18.2656,0.8201,0.0,False,mostly_silence:0.82
data\interim\segmented\spasmodic_dysphonia\9CX2xcq1P9A_seg_014.wav,9CX2xcq1P9A_seg_014.wav,9CX2xcq1P9A,True,16000,1,3.0,-34.2264,-12.8484,0.6008,0.0,True,ok
data\interim\segmented\spasmodic_dysphonia\9CX2xcq1P9A_seg_015.wav,9CX2xcq1P9A_seg_015.wav,9CX2xcq1P9A,True,16000,1,3.0,-33.7197,-10.6203,0.6551,0.0,True,ok
data\interim\segmented\spasmodic_dysphonia\9CX2xcq1P9A_seg_016.wav,9CX2xcq1P9A_seg_016.wav,9CX2xcq1P9A,True,16000,1,3.0,-32.7179,-14.7127,0.5481,0.0,True,ok
data\interim\segmented\spasmodic_dysphonia\9CX2xcq1P9A_seg_017.wav,9CX2xcq1P9A_seg_017.wav,9CX2xcq1P9A,True,16000,1,3.0,-39.0488,-20.5126,0.7391,0.0,True,ok
data\interim\segmented\spasmodic_dysphonia\9CX2xcq1P9A_seg_018.wav,9CX2xcq1P9A_seg_018.wav,9CX2xcq1P9A,True,16000,1,3.0,-32.9246,-11.9799,0.5446,0.0,True,ok
data\interim\segmented\spasmodic_dysphonia\9CX2xcq1P9A_seg_019.wav,9CX2xcq1P9A_seg_019.wav,9CX2xcq1P9A,True,16000,1,3.0,-36.1855,-13.846,0.7276,0.0,True,ok
data\interim\segmented\spasmodic_dysphonia\9CX2xcq1P9A_seg_020.wav,9CX2xcq1P9A_seg_020.wav,9CX2xcq1P9A,True,16000,1,3.0,-33.1729,-17.7208,0.4875,0.0,True,ok
data\interim\segmented\spasmodic_dysphonia\9CX2xcq1P9A_seg_021.wav,9CX2xcq1P9A_seg_021.wav,9CX2xcq1P9A,True,16000,1,3.0,-31.9532,-10.45,0.7439,0.0,True,ok
data\interim\segmented\spasmodic_dysphonia\9CX2xcq1P9A_seg_022.wav,9CX2xcq1P9A_seg_022.wav,9CX2xcq1P9A,True,16000,1,3.0,-35.4575,-15.527,0.5123,0.0,True,ok
data\interim\segmented\spasmodic_dysphonia\9CX2xcq1P9A_seg_023.wav,9CX2xcq1P9A_seg_023.wav,9CX2xcq1P9A,True,16000,1,3.0,-37.6243,-18.8702,0.7855,0.0,True,ok
data\interim\segmented\spasmodic_dysphonia\9CX2xcq1P9A_seg_024.wav,9CX2xcq1P9A_seg_024.wav,9CX2xcq1P9A,True,16000,1,3.0,-37.0969,-18.083,0.7105,0.0,True,ok
data\interim\segmented\spasmodic_dysphonia\9CX2xcq1P9A_seg_025.wav,9CX2xcq1P9A_seg_025.wav,9CX2xcq1P9A,True,16000,1,3.0,-38.9118,-15.4044,0.746,0.0,True,ok
data\interim\segmented\spasmodic_dysphonia\9CX2xcq1P9A_seg_026.wav,9CX2xcq1P9A_seg_026.wav,9CX2xcq1P9A,True,16000,1,3.0,-42.5763,-19.4401,0.8891,0.0,False,mostly_silence:0.89
data\interim\segmented\spasmodic_dysphonia\cWMQSoEqCl0_seg_000.wav,cWMQSoEqCl0_seg_000.wav,cWMQSoEqCl0,True,16000,1,3.0,-29.7054,-9.139,0.3629,0.0,True,ok
data\interim\segmented\spasmodic_dysphonia\cWMQSoEqCl0_seg_001.wav,cWMQSoEqCl0_seg_001.wav,cWMQSoEqCl0,True,16000,1,3.0,-34.2508,-15.2419,0.4427,0.0,True,ok
data\interim\segmented\spasmodic_dysphonia\cWMQSoEqCl0_seg_002.wav,cWMQSoEqCl0_seg_002.wav,cWMQSoEqCl0,True,16000,1,3.0,-29.4834,-7.7929,0.5871,0.0,True,ok
data\interim\segmented\spasmodic_dysphonia\cWMQSoEqCl0_seg_003.wav,cWMQSoEqCl0_seg_003.wav,cWMQSoEqCl0,True,16000,1,3.0,-30.1532,-8.0831,0.3618,0.0,True,ok
data\interim\segmented\spasmodic_dysphonia\cWMQSoEqCl0_seg_004.wav,cWMQSoEqCl0_seg_004.wav,cWMQSoEqCl0,True,16000,1,3.0,-32.1498,-12.4894,0.3954,0.0,True,ok
data\interim\segmented\spasmodic_dysphonia\cWMQSoEqCl0_seg_005.wav,cWMQSoEqCl0_seg_005.wav,cWMQSoEqCl0,True,16000,1,3.0,-30.844,-13.033,0.461,0.0,True,ok
data\interim\segmented\spasmodic_dysphonia\cWMQSoEqCl0_seg_006.wav,cWMQSoEqCl0_seg_006.wav,cWMQSoEqCl0,True,16000,1,3.0,-33.1312,-16.3557,0.4391,0.0,True,ok
data\interim\segmented\spasmodic_dysphonia\cWMQSoEqCl0_seg_007.wav,cWMQSoEqCl0_seg_007.wav,cWMQSoEqCl0,True,16000,1,3.0,-33.0366,-15.8137,0.4392,0.0,True,ok
data\interim\segmented\spasmodic_dysphonia\cWMQSoEqCl0_seg_008.wav,cWMQSoEqCl0_seg_008.wav,cWMQSoEqCl0,True,16000,1,3.0,-31.0873,-12.8066,0.4652,0.0,True,ok
data\interim\segmented\spasmodic_dysphonia\cWMQSoEqCl0_seg_009.wav,cWMQSoEqCl0_seg_009.wav,cWMQSoEqCl0,True,16000,1,3.0,-28.2286,-14.8626,0.2211,0.0,True,ok
data\interim\segmented\spasmodic_dysphonia\cWMQSoEqCl0_seg_010.wav,cWMQSoEqCl0_seg_010.wav,cWMQSoEqCl0,True,16000,1,3.0,-31.1521,-11.2531,0.3358,0.0,True,ok
data\interim\segmented\spasmodic_dysphonia\cWMQSoEqCl0_seg_011.wav,cWMQSoEqCl0_seg_011.wav,cWMQSoEqCl0,True,16000,1,3.0,-29.134,-13.4618,0.3902,0.0,True,ok
data\interim\segmented\spasmodic_dysphonia\cWMQSoEqCl0_seg_012.wav,cWMQSoEqCl0_seg_012.wav,cWMQSoEqCl0,True,16000,1,3.0,-32.4496,-12.4794,0.5642,0.0,True,ok
data\interim\segmented\spasmodic_dysphonia\cWMQSoEqCl0_seg_013.wav,cWMQSoEqCl0_seg_013.wav,cWMQSoEqCl0,True,16000,1,3.0,-30.5629,-10.3238,0.5252,0.0,True,ok
data\interim\segmented\spasmodic_dysphonia\cWMQSoEqCl0_seg_014.wav,cWMQSoEqCl0_seg_014.wav,cWMQSoEqCl0,True,16000,1,3.0,-30.5717,-11.7442,0.3912,0.0,True,ok
data\interim\segmented\spasmodic_dysphonia\cWMQSoEqCl0_seg_015.wav,cWMQSoEqCl0_seg_015.wav,cWMQSoEqCl0,True,16000,1,3.0,-28.6314,-14.1949,0.3191,0.0,True,ok
data\interim\segmented\spasmodic_dysphonia\cWMQSoEqCl0_seg_016.wav,cWMQSoEqCl0_seg_016.wav,cWMQSoEqCl0,True,16000,1,3.0,-29.3438,-10.4095,0.3352,0.0,True,ok
data\interim\segmented\spasmodic_dysphonia\cWMQSoEqCl0_seg_017.wav,cWMQSoEqCl0_seg_017.wav,cWMQSoEqCl0,True,16000,1,3.0,-31.2418,-12.962,0.5471,0.0,True,ok
data\interim\segmented\spasmodic_dysphonia\cWMQSoEqCl0_seg_018.wav,cWMQSoEqCl0_seg_018.wav,cWMQSoEqCl0,True,16000,1,3.0,-30.6839,-14.8187,0.4034,0.0,True,ok
data\interim\segmented\spasmodic_dysphonia\cWMQSoEqCl0_seg_019.wav,cWMQSoEqCl0_seg_019.wav,cWMQSoEqCl0,True,16000,1,3.0,-31.0079,-12.2201,0.4329,0.0,True,ok
data\interim\segmented\spasmodic_dysphonia\cWMQSoEqCl0_seg_020.wav,cWMQSoEqCl0_seg_020.wav,cWMQSoEqCl0,True,16000,1,3.0,-30.008,-12.5051,0.4468,0.0,True,ok
data\interim\segmented\spasmodic_dysphonia\cWMQSoEqCl0_seg_021.wav,cWMQSoEqCl0_seg_021.wav,cWMQSoEqCl0,True,16000,1,3.0,-29.9276,-15.4639,0.2879,0.0,True,ok
data\interim\segmented\spasmodic_dysphonia\cWMQSoEqCl0_seg_022.wav,cWMQSoEqCl0_seg_022.wav,cWMQSoEqCl0,True,16000,1,3.0,-31.572,-12.3422,0.4804,0.0,True,ok
data\interim\segmented\spasmodic_dysphonia\cWMQSoEqCl0_seg_023.wav,cWMQSoEqCl0_seg_023.wav,cWMQSoEqCl0,True,16000,1,3.0,-31.0743,-13.4531,0.5093,0.0,True,ok
data\interim\segmented\spasmodic_dysphonia\cWMQSoEqCl0_seg_024.wav,cWMQSoEqCl0_seg_024.wav,cWMQSoEqCl0,True,16000,1,3.0,-28.3519,-12.5905,0.3655,0.0,True,ok
data\interim\segmented\spasmodic_dysphonia\cWMQSoEqCl0_seg_025.wav,cWMQSoEqCl0_seg_025.wav,cWMQSoEqCl0,True,16000,1,3.0,-27.5999,-8.3299,0.3269,0.0,True,ok
data\interim\segmented\spasmodic_dysphonia\cWMQSoEqCl0_seg_026.wav,cWMQSoEqCl0_seg_026.wav,cWMQSoEqCl0,True,16000,1,3.0,-31.2406,-11.9831,0.4657,0.0,True,ok
data\interim\segmented\spasmodic_dysphonia\cWMQSoEqCl0_seg_027.wav,cWMQSoEqCl0_seg_027.wav,cWMQSoEqCl0,True,16000,1,3.0,-29.0724,-10.2908,0.3535,0.0,True,ok
data\interim\segmented\spasmodic_dysphonia\cWMQSoEqCl0_seg_028.wav,cWMQSoEqCl0_seg_028.wav,cWMQSoEqCl0,True,16000,1,3.0,-29.7826,-12.3246,0.365,0.0,True,ok
data\interim\segmented\spasmodic_dysphonia\cWMQSoEqCl0_seg_029.wav,cWMQSoEqCl0_seg_029.wav,cWMQSoEqCl0,True,16000,1,3.0,-30.9102,-11.5918,0.4636,0.0,True,ok
data\interim\segmented\spasmodic_dysphonia\cWMQSoEqCl0_seg_030.wav,cWMQSoEqCl0_seg_030.wav,cWMQSoEqCl0,True,16000,1,3.0,-31.8602,-9.4646,0.6015,0.0,True,ok
data\interim\segmented\spasmodic_dysphonia\cWMQSoEqCl0_seg_031.wav,cWMQSoEqCl0_seg_031.wav,cWMQSoEqCl0,True,16000,1,3.0,-31.8967,-11.5346,0.6091,0.0,True,ok
data\interim\segmented\spasmodic_dysphonia\cWMQSoEqCl0_seg_032.wav,cWMQSoEqCl0_seg_032.wav,cWMQSoEqCl0,True,16000,1,3.0,-33.2036,-14.951,0.6153,0.0,True,ok
data\interim\segmented\spasmodic_dysphonia\cWMQSoEqCl0_seg_033.wav,cWMQSoEqCl0_seg_033.wav,cWMQSoEqCl0,True,16000,1,3.0,-29.3212,-10.528,0.3703,0.0,True,ok
data\interim\segmented\spasmodic_dysphonia\cWMQSoEqCl0_seg_034.wav,cWMQSoEqCl0_seg_034.wav,cWMQSoEqCl0,True,16000,1,3.0,-28.6803,-11.45,0.4396,0.0,True,ok
data\interim\segmented\spasmodic_dysphonia\cWMQSoEqCl0_seg_035.wav,cWMQSoEqCl0_seg_035.wav,cWMQSoEqCl0,True,16000,1,3.0,-30.217,-11.5767,0.3354,0.0,True,ok
data\interim\segmented\spasmodic_dysphonia\cWMQSoEqCl0_seg_036.wav,cWMQSoEqCl0_seg_036.wav,cWMQSoEqCl0,True,16000,1,3.0,-29.4285,-10.8031,0.3609,0.0,True,ok
data\interim\segmented\spasmodic_dysphonia\cWMQSoEqCl0_seg_037.wav,cWMQSoEqCl0_seg_037.wav,cWMQSoEqCl0,True,16000,1,3.0,-32.2582,-15.1383,0.5962,0.0,True,ok
data\interim\segmented\spasmodic_dysphonia\cWMQSoEqCl0_seg_038.wav,cWMQSoEqCl0_seg_038.wav,cWMQSoEqCl0,True,16000,1,3.0,-30.404,-12.6233,0.4744,0.0,True,ok
data\interim\segmented\spasmodic_dysphonia\cWMQSoEqCl0_seg_039.wav,cWMQSoEqCl0_seg_039.wav,cWMQSoEqCl0,True,16000,1,3.0,-28.2324,-11.4046,0.315,0.0,True,ok
data\interim\segmented\spasmodic_dysphonia\cWMQSoEqCl0_seg_040.wav,cWMQSoEqCl0_seg_040.wav,cWMQSoEqCl0,True,16000,1,3.0,-30.3462,-13.2204,0.3126,0.0,True,ok
data\interim\segmented\spasmodic_dysphonia\cWMQSoEqCl0_seg_041.wav,cWMQSoEqCl0_seg_041.wav,cWMQSoEqCl0,True,16000,1,3.0,-32.7106,-11.6443,0.5078,0.0,True,ok
data\interim\segmented\spasmodic_dysphonia\cWMQSoEqCl0_seg_042.wav,cWMQSoEqCl0_seg_042.wav,cWMQSoEqCl0,True,16000,1,3.0,-29.971,-12.4028,0.455,0.0,True,ok
data\interim\segmented\spasmodic_dysphonia\cWMQSoEqCl0_seg_043.wav,cWMQSoEqCl0_seg_043.wav,cWMQSoEqCl0,True,16000,1,3.0,-30.585,-16.7441,0.3321,0.0,True,ok
data\interim\segmented\spasmodic_dysphonia\cWMQSoEqCl0_seg_044.wav,cWMQSoEqCl0_seg_044.wav,cWMQSoEqCl0,True,16000,1,3.0,-31.3826,-13.3292,0.4244,0.0,True,ok
data\interim\segmented\spasmodic_dysphonia\cWMQSoEqCl0_seg_045.wav,cWMQSoEqCl0_seg_045.wav,cWMQSoEqCl0,True,16000,1,3.0,-31.279,-13.0188,0.4295,0.0,True,ok
data\interim\segmented\spasmodic_dysphonia\cWMQSoEqCl0_seg_046.wav,cWMQSoEqCl0_seg_046.wav,cWMQSoEqCl0,True,16000,1,3.0,-31.8688,-13.7229,0.4309,0.0,True,ok
data\interim\segmented\spasmodic_dysphonia\cWMQSoEqCl0_seg_047.wav,cWMQSoEqCl0_seg_047.wav,cWMQSoEqCl0,True,16000,1,3.0,-31.2456,-9.8152,0.4704,0.0,True,ok
data\interim\segmented\spasmodic_dysphonia\cWMQSoEqCl0_seg_048.wav,cWMQSoEqCl0_seg_048.wav,cWMQSoEqCl0,True,16000,1,3.0,-30.2883,-11.5978,0.414,0.0,True,ok
data\interim\segmented\spasmodic_dysphonia\cWMQSoEqCl0_seg_049.wav,cWMQSoEqCl0_seg_049.wav,cWMQSoEqCl0,True,16000,1,3.0,-31.9873,-15.4529,0.4237,0.0,True,ok
data\interim\segmented\spasmodic_dysphonia\cWMQSoEqCl0_seg_050.wav,cWMQSoEqCl0_seg_050.wav,cWMQSoEqCl0,True,16000,1,3.0,-29.0654,-9.4276,0.5168,0.0,True,ok
data\interim\segmented\spasmodic_dysphonia\cWMQSoEqCl0_seg_051.wav,cWMQSoEqCl0_seg_051.wav,cWMQSoEqCl0,True,16000,1,3.0,-30.5254,-12.4005,0.3841,0.0,True,ok
data\interim\segmented\spasmodic_dysphonia\cWMQSoEqCl0_seg_052.wav,cWMQSoEqCl0_seg_052.wav,cWMQSoEqCl0,True,16000,1,3.0,-32.162,-13.5724,0.3921,0.0,True,ok
data\interim\segmented\spasmodic_dysphonia\cWMQSoEqCl0_seg_053.wav,cWMQSoEqCl0_seg_053.wav,cWMQSoEqCl0,True,16000,1,3.0,-30.4758,-11.5027,0.5763,0.0,True,ok
data\interim\segmented\spasmodic_dysphonia\cWMQSoEqCl0_seg_054.wav,cWMQSoEqCl0_seg_054.wav,cWMQSoEqCl0,True,16000,1,3.0,-30.6029,-12.3137,0.349,0.0,True,ok
data\interim\segmented\spasmodic_dysphonia\cWMQSoEqCl0_seg_055.wav,cWMQSoEqCl0_seg_055.wav,cWMQSoEqCl0,True,16000,1,3.0,-27.0817,-5.5365,0.5248,0.0,True,ok
data\interim\segmented\spasmodic_dysphonia\cWMQSoEqCl0_seg_056.wav,cWMQSoEqCl0_seg_056.wav,cWMQSoEqCl0,True,16000,1,3.0,-28.5411,-9.1648,0.2935,0.0,True,ok
data\interim\segmented\spasmodic_dysphonia\cWMQSoEqCl0_seg_057.wav,cWMQSoEqCl0_seg_057.wav,cWMQSoEqCl0,True,16000,1,3.0,-32.3119,-13.3761,0.4955,0.0,True,ok
data\interim\segmented\spasmodic_dysphonia\cWMQSoEqCl0_seg_058.wav,cWMQSoEqCl0_seg_058.wav,cWMQSoEqCl0,True,16000,1,3.0,-33.3008,-13.8565,0.51,0.0,True,ok
data\interim\segmented\spasmodic_dysphonia\cWMQSoEqCl0_seg_059.wav,cWMQSoEqCl0_seg_059.wav,cWMQSoEqCl0,True,16000,1,3.0,-28.8973,-12.2995,0.386,0.0,True,ok
data\interim\segmented\spasmodic_dysphonia\cWMQSoEqCl0_seg_060.wav,cWMQSoEqCl0_seg_060.wav,cWMQSoEqCl0,True,16000,1,3.0,-28.402,-10.6329,0.2885,0.0,True,ok
data\interim\segmented\spasmodic_dysphonia\cWMQSoEqCl0_seg_061.wav,cWMQSoEqCl0_seg_061.wav,cWMQSoEqCl0,True,16000,1,3.0,-33.4914,-14.2508,0.4664,0.0,True,ok
data\interim\segmented\spasmodic_dysphonia\cWMQSoEqCl0_seg_062.wav,cWMQSoEqCl0_seg_062.wav,cWMQSoEqCl0,True,16000,1,3.0,-33.0039,-16.0358,0.4265,0.0,True,ok
data\interim\segmented\spasmodic_dysphonia\cWMQSoEqCl0_seg_063.wav,cWMQSoEqCl0_seg_063.wav,cWMQSoEqCl0,True,16000,1,3.0,-30.5924,-10.48,0.5881,0.0,True,ok
data\interim\segmented\spasmodic_dysphonia\cWMQSoEqCl0_seg_064.wav,cWMQSoEqCl0_seg_064.wav,cWMQSoEqCl0,True,16000,1,2.713,-36.9194,-13.3157,0.8231,0.0,False,mostly_silence:0.82
data\interim\segmented\spasmodic_dysphonia\EGTvMFLjJxg_seg_000.wav,EGTvMFLjJxg_seg_000.wav,EGTvMFLjJxg,True,16000,1,3.0,-36.7145,-18.6586,0.6918,0.0,True,ok
data\interim\segmented\spasmodic_dysphonia\EGTvMFLjJxg_seg_001.wav,EGTvMFLjJxg_seg_001.wav,EGTvMFLjJxg,True,16000,1,3.0,-40.4648,-19.3142,0.7621,0.0,True,ok
data\interim\segmented\spasmodic_dysphonia\EGTvMFLjJxg_seg_002.wav,EGTvMFLjJxg_seg_002.wav,EGTvMFLjJxg,True,16000,1,3.0,-39.4948,-21.085,0.7392,0.0,True,ok
data\interim\segmented\spasmodic_dysphonia\EGTvMFLjJxg_seg_003.wav,EGTvMFLjJxg_seg_003.wav,EGTvMFLjJxg,True,16000,1,3.0,-40.1152,-19.4924,0.7734,0.0,True,ok
data\interim\segmented\spasmodic_dysphonia\EGTvMFLjJxg_seg_004.wav,EGTvMFLjJxg_seg_004.wav,EGTvMFLjJxg,True,16000,1,3.0,-36.5921,-17.9397,0.7269,0.0,True,ok
data\interim\segmented\spasmodic_dysphonia\EGTvMFLjJxg_seg_005.wav,EGTvMFLjJxg_seg_005.wav,EGTvMFLjJxg,True,16000,1,3.0,-36.6356,-17.2139,0.7526,0.0,True,ok
data\interim\segmented\spasmodic_dysphonia\EGTvMFLjJxg_seg_006.wav,EGTvMFLjJxg_seg_006.wav,EGTvMFLjJxg,True,16000,1,3.0,-38.6026,-19.6871,0.7506,0.0,True,ok
data\interim\segmented\spasmodic_dysphonia\EGTvMFLjJxg_seg_007.wav,EGTvMFLjJxg_seg_007.wav,EGTvMFLjJxg,True,16000,1,3.0,-36.879,-14.0334,0.7251,0.0,True,ok
data\interim\segmented\spasmodic_dysphonia\EGTvMFLjJxg_seg_008.wav,EGTvMFLjJxg_seg_008.wav,EGTvMFLjJxg,True,16000,1,3.0,-37.7252,-17.299,0.8237,0.0,False,mostly_silence:0.82
data\interim\segmented\spasmodic_dysphonia\EGTvMFLjJxg_seg_009.wav,EGTvMFLjJxg_seg_009.wav,EGTvMFLjJxg,True,16000,1,3.0,-43.9529,-19.3388,0.8961,0.0,False,mostly_silence:0.90
data\interim\segmented\spasmodic_dysphonia\EGTvMFLjJxg_seg_010.wav,EGTvMFLjJxg_seg_010.wav,EGTvMFLjJxg,True,16000,1,3.0,-35.7112,-17.3907,0.736,0.0,True,ok
data\interim\segmented\spasmodic_dysphonia\EGTvMFLjJxg_seg_011.wav,EGTvMFLjJxg_seg_011.wav,EGTvMFLjJxg,True,16000,1,3.0,-37.9328,-17.5372,0.8172,0.0,False,mostly_silence:0.82
data\interim\segmented\spasmodic_dysphonia\EGTvMFLjJxg_seg_012.wav,EGTvMFLjJxg_seg_012.wav,EGTvMFLjJxg,True,16000,1,3.0,-37.6131,-18.19,0.7047,0.0,True,ok
data\interim\segmented\spasmodic_dysphonia\EGTvMFLjJxg_seg_013.wav,EGTvMFLjJxg_seg_013.wav,EGTvMFLjJxg,True,16000,1,3.0,-38.8348,-17.2854,0.7721,0.0,True,ok
data\interim\segmented\spasmodic_dysphonia\EGTvMFLjJxg_seg_014.wav,EGTvMFLjJxg_seg_014.wav,EGTvMFLjJxg,True,16000,1,3.0,-35.7513,-19.2654,0.6554,0.0,True,ok
data\interim\segmented\spasmodic_dysphonia\EGTvMFLjJxg_seg_015.wav,EGTvMFLjJxg_seg_015.wav,EGTvMFLjJxg,True,16000,1,3.0,-39.0926,-18.9873,0.7438,0.0,True,ok
data\interim\segmented\spasmodic_dysphonia\EGTvMFLjJxg_seg_016.wav,EGTvMFLjJxg_seg_016.wav,EGTvMFLjJxg,True,16000,1,3.0,-32.0884,-13.0437,0.6537,0.0,True,ok
data\interim\segmented\spasmodic_dysphonia\EGTvMFLjJxg_seg_017.wav,EGTvMFLjJxg_seg_017.wav,EGTvMFLjJxg,True,16000,1,3.0,-35.77,-17.434,0.6175,0.0,True,ok
data\interim\segmented\spasmodic_dysphonia\EGTvMFLjJxg_seg_018.wav,EGTvMFLjJxg_seg_018.wav,EGTvMFLjJxg,True,16000,1,3.0,-38.5294,-18.4721,0.7624,0.0,True,ok
data\interim\segmented\spasmodic_dysphonia\EGTvMFLjJxg_seg_019.wav,EGTvMFLjJxg_seg_019.wav,EGTvMFLjJxg,True,16000,1,3.0,-34.3425,-14.9674,0.7932,0.0,True,ok
data\interim\segmented\spasmodic_dysphonia\EGTvMFLjJxg_seg_020.wav,EGTvMFLjJxg_seg_020.wav,EGTvMFLjJxg,True,16000,1,3.0,-35.7923,-19.037,0.8218,0.0,False,mostly_silence:0.82
data\interim\segmented\spasmodic_dysphonia\EGTvMFLjJxg_seg_021.wav,EGTvMFLjJxg_seg_021.wav,EGTvMFLjJxg,True,16000,1,3.0,-28.894,-11.8566,0.6834,0.0,True,ok
data\interim\segmented\spasmodic_dysphonia\EGTvMFLjJxg_seg_022.wav,EGTvMFLjJxg_seg_022.wav,EGTvMFLjJxg,True,16000,1,3.0,-38.3849,-12.9502,0.797,0.0,True,ok
data\interim\segmented\spasmodic_dysphonia\EGTvMFLjJxg_seg_023.wav,EGTvMFLjJxg_seg_023.wav,EGTvMFLjJxg,True,16000,1,3.0,-32.2203,-10.2424,0.7815,0.0,True,ok
data\interim\segmented\spasmodic_dysphonia\EGTvMFLjJxg_seg_024.wav,EGTvMFLjJxg_seg_024.wav,EGTvMFLjJxg,True,16000,1,3.0,-34.9774,-15.5859,0.7919,0.0,True,ok
data\interim\segmented\spasmodic_dysphonia\EGTvMFLjJxg_seg_025.wav,EGTvMFLjJxg_seg_025.wav,EGTvMFLjJxg,True,16000,1,3.0,-37.0444,-19.8367,0.6824,0.0,True,ok
data\interim\segmented\spasmodic_dysphonia\EGTvMFLjJxg_seg_026.wav,EGTvMFLjJxg_seg_026.wav,EGTvMFLjJxg,True,16000,1,3.0,-33.0179,-15.6322,0.6914,0.0,True,ok
data\interim\segmented\spasmodic_dysphonia\EGTvMFLjJxg_seg_027.wav,EGTvMFLjJxg_seg_027.wav,EGTvMFLjJxg,True,16000,1,3.0,-36.2215,-18.2504,0.6974,0.0,True,ok
data\interim\segmented\spasmodic_dysphonia\EGTvMFLjJxg_seg_028.wav,EGTvMFLjJxg_seg_028.wav,EGTvMFLjJxg,True,16000,1,3.0,-37.8331,-20.1223,0.7743,0.0,True,ok
data\interim\segmented\spasmodic_dysphonia\EGTvMFLjJxg_seg_029.wav,EGTvMFLjJxg_seg_029.wav,EGTvMFLjJxg,True,16000,1,3.0,-33.1308,-15.6354,0.8313,0.0,False,mostly_silence:0.83
data\interim\segmented\spasmodic_dysphonia\EGTvMFLjJxg_seg_030.wav,EGTvMFLjJxg_seg_030.wav,EGTvMFLjJxg,True,16000,1,3.0,-37.1532,-17.6316,0.7923,0.0,True,ok
data\interim\segmented\spasmodic_dysphonia\EGTvMFLjJxg_seg_031.wav,EGTvMFLjJxg_seg_031.wav,EGTvMFLjJxg,True,16000,1,3.0,-36.0484,-16.7532,0.8024,0.0,False,mostly_silence:0.80
data\interim\segmented\spasmodic_dysphonia\EGTvMFLjJxg_seg_032.wav,EGTvMFLjJxg_seg_032.wav,EGTvMFLjJxg,True,16000,1,3.0,-34.3834,-17.3927,0.7676,0.0,True,ok
data\interim\segmented\spasmodic_dysphonia\EGTvMFLjJxg_seg_033.wav,EGTvMFLjJxg_seg_033.wav,EGTvMFLjJxg,True,16000,1,3.0,-36.2144,-14.8802,0.7459,0.0,True,ok
data\interim\segmented\spasmodic_dysphonia\EGTvMFLjJxg_seg_034.wav,EGTvMFLjJxg_seg_034.wav,EGTvMFLjJxg,True,16000,1,3.0,-37.6675,-15.2251,0.8105,0.0,False,mostly_silence:0.81
data\interim\segmented\spasmodic_dysphonia\fc4oF-q1SXg_seg_000.wav,fc4oF-q1SXg_seg_000.wav,fc4oF-q1SXg,True,16000,1,3.0,-30.5965,-11.0323,0.232,0.0,True,ok
data\interim\segmented\spasmodic_dysphonia\fc4oF-q1SXg_seg_001.wav,fc4oF-q1SXg_seg_001.wav,fc4oF-q1SXg,True,16000,1,3.0,-23.141,-5.8635,0.1943,0.0,True,ok
data\interim\segmented\spasmodic_dysphonia\fc4oF-q1SXg_seg_002.wav,fc4oF-q1SXg_seg_002.wav,fc4oF-q1SXg,True,16000,1,3.0,-27.2514,-10.4553,0.3655,0.0,True,ok
data\interim\segmented\spasmodic_dysphonia\fc4oF-q1SXg_seg_003.wav,fc4oF-q1SXg_seg_003.wav,fc4oF-q1SXg,True,16000,1,3.0,-25.5514,-7.1508,0.2455,0.0,True,ok
data\interim\segmented\spasmodic_dysphonia\fc4oF-q1SXg_seg_004.wav,fc4oF-q1SXg_seg_004.wav,fc4oF-q1SXg,True,16000,1,3.0,-28.9734,-10.9459,0.3639,0.0,True,ok
data\interim\segmented\spasmodic_dysphonia\fc4oF-q1SXg_seg_005.wav,fc4oF-q1SXg_seg_005.wav,fc4oF-q1SXg,True,16000,1,3.0,-25.8847,-8.3861,0.4728,0.0,True,ok
data\interim\segmented\spasmodic_dysphonia\fc4oF-q1SXg_seg_006.wav,fc4oF-q1SXg_seg_006.wav,fc4oF-q1SXg,True,16000,1,3.0,-26.7449,-9.3978,0.4276,0.0,True,ok
data\interim\segmented\spasmodic_dysphonia\fc4oF-q1SXg_seg_007.wav,fc4oF-q1SXg_seg_007.wav,fc4oF-q1SXg,True,16000,1,3.0,-28.7939,-10.1166,0.4541,0.0,True,ok
data\interim\segmented\spasmodic_dysphonia\fc4oF-q1SXg_seg_008.wav,fc4oF-q1SXg_seg_008.wav,fc4oF-q1SXg,True,16000,1,3.0,-29.2932,-12.0997,0.428,0.0,True,ok
data\interim\segmented\spasmodic_dysphonia\fc4oF-q1SXg_seg_009.wav,fc4oF-q1SXg_seg_009.wav,fc4oF-q1SXg,True,16000,1,3.0,-26.3579,-5.3756,0.4188,0.0,True,ok
data\interim\segmented\spasmodic_dysphonia\fc4oF-q1SXg_seg_010.wav,fc4oF-q1SXg_seg_010.wav,fc4oF-q1SXg,True,16000,1,3.0,-27.3293,-11.8151,0.3767,0.0,True,ok
data\interim\segmented\spasmodic_dysphonia\fc4oF-q1SXg_seg_011.wav,fc4oF-q1SXg_seg_011.wav,fc4oF-q1SXg,True,16000,1,3.0,-25.9768,-10.4209,0.2337,0.0,True,ok
data\interim\segmented\spasmodic_dysphonia\fc4oF-q1SXg_seg_012.wav,fc4oF-q1SXg_seg_012.wav,fc4oF-q1SXg,True,16000,1,3.0,-24.537,-6.7048,0.3558,0.0,True,ok
data\interim\segmented\spasmodic_dysphonia\fc4oF-q1SXg_seg_013.wav,fc4oF-q1SXg_seg_013.wav,fc4oF-q1SXg,True,16000,1,3.0,-25.7982,-10.9132,0.2276,0.0,True,ok
data\interim\segmented\spasmodic_dysphonia\fc4oF-q1SXg_seg_014.wav,fc4oF-q1SXg_seg_014.wav,fc4oF-q1SXg,True,16000,1,3.0,-27.3279,-11.9926,0.3722,0.0,True,ok
data\interim\segmented\spasmodic_dysphonia\fc4oF-q1SXg_seg_015.wav,fc4oF-q1SXg_seg_015.wav,fc4oF-q1SXg,True,16000,1,3.0,-28.128,-11.0295,0.4785,0.0,True,ok
data\interim\segmented\spasmodic_dysphonia\fc4oF-q1SXg_seg_016.wav,fc4oF-q1SXg_seg_016.wav,fc4oF-q1SXg,True,16000,1,3.0,-23.096,-2.5676,0.3571,0.0,True,ok
data\interim\segmented\spasmodic_dysphonia\fc4oF-q1SXg_seg_017.wav,fc4oF-q1SXg_seg_017.wav,fc4oF-q1SXg,True,16000,1,3.0,-30.9238,-14.759,0.3554,0.0,True,ok
data\interim\segmented\spasmodic_dysphonia\fc4oF-q1SXg_seg_018.wav,fc4oF-q1SXg_seg_018.wav,fc4oF-q1SXg,True,16000,1,3.0,-24.2123,-4.2945,0.3825,0.0,True,ok
data\interim\segmented\spasmodic_dysphonia\fc4oF-q1SXg_seg_019.wav,fc4oF-q1SXg_seg_019.wav,fc4oF-q1SXg,True,16000,1,3.0,-27.6463,-6.6944,0.3947,0.0,True,ok
data\interim\segmented\spasmodic_dysphonia\fc4oF-q1SXg_seg_020.wav,fc4oF-q1SXg_seg_020.wav,fc4oF-q1SXg,True,16000,1,3.0,-29.8279,-12.2624,0.374,0.0,True,ok
data\interim\segmented\spasmodic_dysphonia\fc4oF-q1SXg_seg_021.wav,fc4oF-q1SXg_seg_021.wav,fc4oF-q1SXg,True,16000,1,3.0,-30.6407,-11.7616,0.3969,0.0,True,ok
data\interim\segmented\spasmodic_dysphonia\fc4oF-q1SXg_seg_022.wav,fc4oF-q1SXg_seg_022.wav,fc4oF-q1SXg,True,16000,1,3.0,-30.1475,-8.4028,0.5661,0.0,True,ok
data\interim\segmented\spasmodic_dysphonia\fc4oF-q1SXg_seg_023.wav,fc4oF-q1SXg_seg_023.wav,fc4oF-q1SXg,True,16000,1,3.0,-30.0446,-9.8728,0.5217,0.0,True,ok
data\interim\segmented\spasmodic_dysphonia\fc4oF-q1SXg_seg_024.wav,fc4oF-q1SXg_seg_024.wav,fc4oF-q1SXg,True,16000,1,3.0,-27.223,-9.4315,0.4185,0.0,True,ok
data\interim\segmented\spasmodic_dysphonia\fc4oF-q1SXg_seg_025.wav,fc4oF-q1SXg_seg_025.wav,fc4oF-q1SXg,True,16000,1,3.0,-27.09,-7.7714,0.3654,0.0,True,ok
data\interim\segmented\spasmodic_dysphonia\fc4oF-q1SXg_seg_026.wav,fc4oF-q1SXg_seg_026.wav,fc4oF-q1SXg,True,16000,1,3.0,-31.0022,-11.2058,0.4069,0.0,True,ok
data\interim\segmented\spasmodic_dysphonia\fc4oF-q1SXg_seg_027.wav,fc4oF-q1SXg_seg_027.wav,fc4oF-q1SXg,True,16000,1,3.0,-28.4195,-10.8844,0.2916,0.0,True,ok
data\interim\segmented\spasmodic_dysphonia\fc4oF-q1SXg_seg_028.wav,fc4oF-q1SXg_seg_028.wav,fc4oF-q1SXg,True,16000,1,3.0,-21.864,-4.0739,0.3588,0.0,True,ok
data\interim\segmented\spasmodic_dysphonia\fc4oF-q1SXg_seg_029.wav,fc4oF-q1SXg_seg_029.wav,fc4oF-q1SXg,True,16000,1,3.0,-22.4495,-1.7635,0.3719,0.0,True,ok
data\interim\segmented\spasmodic_dysphonia\fc4oF-q1SXg_seg_030.wav,fc4oF-q1SXg_seg_030.wav,fc4oF-q1SXg,True,16000,1,3.0,-20.7646,0.0,0.3894,6.3e-05,True,ok
data\interim\segmented\spasmodic_dysphonia\fc4oF-q1SXg_seg_031.wav,fc4oF-q1SXg_seg_031.wav,fc4oF-q1SXg,True,16000,1,3.0,-14.8094,0.0,0.1325,2.1e-05,True,ok
data\interim\segmented\spasmodic_dysphonia\fc4oF-q1SXg_seg_032.wav,fc4oF-q1SXg_seg_032.wav,fc4oF-q1SXg,True,16000,1,3.0,-20.2723,-1.7117,0.3068,0.0,True,ok
data\interim\segmented\spasmodic_dysphonia\fc4oF-q1SXg_seg_033.wav,fc4oF-q1SXg_seg_033.wav,fc4oF-q1SXg,True,16000,1,3.0,-25.0501,-5.6496,0.361,0.0,True,ok
data\interim\segmented\spasmodic_dysphonia\fc4oF-q1SXg_seg_034.wav,fc4oF-q1SXg_seg_034.wav,fc4oF-q1SXg,True,16000,1,3.0,-17.4371,-0.7964,0.1323,0.0,True,ok
data\interim\segmented\spasmodic_dysphonia\fc4oF-q1SXg_seg_035.wav,fc4oF-q1SXg_seg_035.wav,fc4oF-q1SXg,True,16000,1,3.0,-22.077,-4.5691,0.1886,0.0,True,ok
data\interim\segmented\spasmodic_dysphonia\fc4oF-q1SXg_seg_036.wav,fc4oF-q1SXg_seg_036.wav,fc4oF-q1SXg,True,16000,1,3.0,-20.1746,-1.7059,0.5384,0.0,True,ok
data\interim\segmented\spasmodic_dysphonia\fc4oF-q1SXg_seg_037.wav,fc4oF-q1SXg_seg_037.wav,fc4oF-q1SXg,True,16000,1,3.0,-15.7123,0.0,0.2423,0.0005,True,ok
data\interim\segmented\spasmodic_dysphonia\fc4oF-q1SXg_seg_038.wav,fc4oF-q1SXg_seg_038.wav,fc4oF-q1SXg,True,16000,1,3.0,-20.2743,-4.2282,0.1316,0.0,True,ok
data\interim\segmented\spasmodic_dysphonia\fc4oF-q1SXg_seg_039.wav,fc4oF-q1SXg_seg_039.wav,fc4oF-q1SXg,True,16000,1,3.0,-21.0596,-2.0393,0.573,0.0,True,ok
data\interim\segmented\spasmodic_dysphonia\fc4oF-q1SXg_seg_040.wav,fc4oF-q1SXg_seg_040.wav,fc4oF-q1SXg,True,16000,1,3.0,-19.3641,-0.0003,0.2221,6.3e-05,True,ok
data\interim\segmented\spasmodic_dysphonia\fc4oF-q1SXg_seg_041.wav,fc4oF-q1SXg_seg_041.wav,fc4oF-q1SXg,True,16000,1,3.0,-23.5643,-6.6796,0.3606,0.0,True,ok
data\interim\segmented\spasmodic_dysphonia\fc4oF-q1SXg_seg_042.wav,fc4oF-q1SXg_seg_042.wav,fc4oF-q1SXg,True,16000,1,3.0,-22.5559,-2.6972,0.317,0.0,True,ok
data\interim\segmented\spasmodic_dysphonia\fc4oF-q1SXg_seg_043.wav,fc4oF-q1SXg_seg_043.wav,fc4oF-q1SXg,True,16000,1,3.0,-20.3031,-1.9995,0.3001,0.0,True,ok
data\interim\segmented\spasmodic_dysphonia\fc4oF-q1SXg_seg_044.wav,fc4oF-q1SXg_seg_044.wav,fc4oF-q1SXg,True,16000,1,3.0,-19.5264,0.0,0.4251,0.000188,True,ok
data\interim\segmented\spasmodic_dysphonia\fc4oF-q1SXg_seg_045.wav,fc4oF-q1SXg_seg_045.wav,fc4oF-q1SXg,True,16000,1,3.0,-18.3386,-2.0353,0.1893,0.0,True,ok
data\interim\segmented\spasmodic_dysphonia\fc4oF-q1SXg_seg_046.wav,fc4oF-q1SXg_seg_046.wav,fc4oF-q1SXg,True,16000,1,3.0,-20.5667,-1.3807,0.3345,0.0,True,ok
data\interim\segmented\spasmodic_dysphonia\fc4oF-q1SXg_seg_047.wav,fc4oF-q1SXg_seg_047.wav,fc4oF-q1SXg,True,16000,1,3.0,-18.5481,-1.0724,0.3402,0.0,True,ok
data\interim\segmented\spasmodic_dysphonia\fc4oF-q1SXg_seg_048.wav,fc4oF-q1SXg_seg_048.wav,fc4oF-q1SXg,True,16000,1,3.0,-21.2365,-4.5871,0.477,0.0,True,ok
data\interim\segmented\spasmodic_dysphonia\fc4oF-q1SXg_seg_049.wav,fc4oF-q1SXg_seg_049.wav,fc4oF-q1SXg,True,16000,1,3.0,-19.6923,-4.888,0.3329,0.0,True,ok
data\interim\segmented\spasmodic_dysphonia\fc4oF-q1SXg_seg_050.wav,fc4oF-q1SXg_seg_050.wav,fc4oF-q1SXg,True,16000,1,3.0,-22.7727,-7.1926,0.1215,0.0,True,ok
data\interim\segmented\spasmodic_dysphonia\fc4oF-q1SXg_seg_051.wav,fc4oF-q1SXg_seg_051.wav,fc4oF-q1SXg,True,16000,1,3.0,-25.8913,-8.4413,0.3676,0.0,True,ok
data\interim\segmented\spasmodic_dysphonia\fc4oF-q1SXg_seg_052.wav,fc4oF-q1SXg_seg_052.wav,fc4oF-q1SXg,True,16000,1,3.0,-26.046,-8.6641,0.2924,0.0,True,ok
data\interim\segmented\spasmodic_dysphonia\fc4oF-q1SXg_seg_053.wav,fc4oF-q1SXg_seg_053.wav,fc4oF-q1SXg,True,16000,1,3.0,-21.9667,-4.7811,0.2651,0.0,True,ok
data\interim\segmented\spasmodic_dysphonia\fc4oF-q1SXg_seg_054.wav,fc4oF-q1SXg_seg_054.wav,fc4oF-q1SXg,True,16000,1,3.0,-20.1253,-5.2311,0.2948,0.0,True,ok
data\interim\segmented\spasmodic_dysphonia\fc4oF-q1SXg_seg_055.wav,fc4oF-q1SXg_seg_055.wav,fc4oF-q1SXg,True,16000,1,3.0,-22.3723,-7.0285,0.2045,0.0,True,ok
data\interim\segmented\spasmodic_dysphonia\fc4oF-q1SXg_seg_056.wav,fc4oF-q1SXg_seg_056.wav,fc4oF-q1SXg,True,16000,1,3.0,-40.6123,-22.8508,0.769,0.0,True,ok
data\interim\segmented\spasmodic_dysphonia\fc4oF-q1SXg_seg_057.wav,fc4oF-q1SXg_seg_057.wav,fc4oF-q1SXg,True,16000,1,3.0,-37.9343,-19.0894,0.7311,0.0,True,ok
data\interim\segmented\spasmodic_dysphonia\fc4oF-q1SXg_seg_058.wav,fc4oF-q1SXg_seg_058.wav,fc4oF-q1SXg,True,16000,1,3.0,-48.1917,-27.6382,0.9132,0.0,False,mostly_silence:0.91
data\interim\segmented\spasmodic_dysphonia\fc4oF-q1SXg_seg_059.wav,fc4oF-q1SXg_seg_059.wav,fc4oF-q1SXg,True,16000,1,3.0,-57.5724,-35.8235,0.9926,0.0,False,too_quiet:-57.6dBFS;mostly_silence:0.99
data\interim\segmented\spasmodic_dysphonia\fc4oF-q1SXg_seg_060.wav,fc4oF-q1SXg_seg_060.wav,fc4oF-q1SXg,True,16000,1,3.0,-59.5169,-39.0631,0.9985,0.0,False,too_quiet:-59.5dBFS;mostly_silence:1.00
data\interim\segmented\spasmodic_dysphonia\fc4oF-q1SXg_seg_061.wav,fc4oF-q1SXg_seg_061.wav,fc4oF-q1SXg,True,16000,1,3.0,-37.1501,-16.4081,0.7919,0.0,True,ok
data\interim\segmented\spasmodic_dysphonia\fc4oF-q1SXg_seg_062.wav,fc4oF-q1SXg_seg_062.wav,fc4oF-q1SXg,True,16000,1,3.0,-56.699,-34.7605,0.9864,0.0,False,too_quiet:-56.7dBFS;mostly_silence:0.99
data\interim\segmented\spasmodic_dysphonia\fc4oF-q1SXg_seg_063.wav,fc4oF-q1SXg_seg_063.wav,fc4oF-q1SXg,True,16000,1,3.0,-62.4108,-41.3969,0.9999,0.0,False,too_quiet:-62.4dBFS;mostly_silence:1.00
data\interim\segmented\spasmodic_dysphonia\fc4oF-q1SXg_seg_064.wav,fc4oF-q1SXg_seg_064.wav,fc4oF-q1SXg,True,16000,1,3.0,-22.4733,-1.5883,0.7541,0.0,True,ok
data\interim\segmented\spasmodic_dysphonia\fc4oF-q1SXg_seg_065.wav,fc4oF-q1SXg_seg_065.wav,fc4oF-q1SXg,True,16000,1,3.0,-49.1089,-32.2907,0.9143,0.0,False,mostly_silence:0.91
data\interim\segmented\spasmodic_dysphonia\fc4oF-q1SXg_seg_066.wav,fc4oF-q1SXg_seg_066.wav,fc4oF-q1SXg,True,16000,1,3.0,-21.4332,0.0,0.7667,0.00025,True,ok
data\interim\segmented\spasmodic_dysphonia\fc4oF-q1SXg_seg_067.wav,fc4oF-q1SXg_seg_067.wav,fc4oF-q1SXg,True,16000,1,3.0,-17.5353,0.0,0.1671,4.2e-05,True,ok
data\interim\segmented\spasmodic_dysphonia\fc4oF-q1SXg_seg_068.wav,fc4oF-q1SXg_seg_068.wav,fc4oF-q1SXg,True,16000,1,3.0,-17.4537,-0.8673,0.2299,0.0,True,ok
data\interim\segmented\spasmodic_dysphonia\fc4oF-q1SXg_seg_069.wav,fc4oF-q1SXg_seg_069.wav,fc4oF-q1SXg,True,16000,1,3.0,-19.1159,-2.4329,0.3511,0.0,True,ok
data\interim\segmented\spasmodic_dysphonia\fc4oF-q1SXg_seg_070.wav,fc4oF-q1SXg_seg_070.wav,fc4oF-q1SXg,True,16000,1,3.0,-24.3223,-6.2098,0.2926,0.0,True,ok
data\interim\segmented\spasmodic_dysphonia\fc4oF-q1SXg_seg_071.wav,fc4oF-q1SXg_seg_071.wav,fc4oF-q1SXg,True,16000,1,3.0,-19.9748,-2.5438,0.3961,0.0,True,ok
data\interim\segmented\spasmodic_dysphonia\fc4oF-q1SXg_seg_072.wav,fc4oF-q1SXg_seg_072.wav,fc4oF-q1SXg,True,16000,1,3.0,-21.8848,-3.8605,0.2176,0.0,True,ok
data\interim\segmented\spasmodic_dysphonia\fc4oF-q1SXg_seg_073.wav,fc4oF-q1SXg_seg_073.wav,fc4oF-q1SXg,True,16000,1,3.0,-23.9766,-5.1348,0.296,0.0,True,ok
data\interim\segmented\spasmodic_dysphonia\fc4oF-q1SXg_seg_074.wav,fc4oF-q1SXg_seg_074.wav,fc4oF-q1SXg,True,16000,1,3.0,-19.1982,-0.0513,0.2079,0.0,True,ok
data\interim\segmented\spasmodic_dysphonia\fc4oF-q1SXg_seg_075.wav,fc4oF-q1SXg_seg_075.wav,fc4oF-q1SXg,True,16000,1,3.0,-25.5698,-2.3502,0.2577,0.0,True,ok
data\interim\segmented\spasmodic_dysphonia\fc4oF-q1SXg_seg_076.wav,fc4oF-q1SXg_seg_076.wav,fc4oF-q1SXg,True,16000,1,3.0,-22.4548,-4.4901,0.1612,0.0,True,ok
data\interim\segmented\spasmodic_dysphonia\fc4oF-q1SXg_seg_077.wav,fc4oF-q1SXg_seg_077.wav,fc4oF-q1SXg,True,16000,1,3.0,-20.142,-0.4023,0.4029,0.0,True,ok
data\interim\segmented\spasmodic_dysphonia\fc4oF-q1SXg_seg_078.wav,fc4oF-q1SXg_seg_078.wav,fc4oF-q1SXg,True,16000,1,3.0,-22.6402,-3.7324,0.3304,0.0,True,ok
data\interim\segmented\spasmodic_dysphonia\fc4oF-q1SXg_seg_079.wav,fc4oF-q1SXg_seg_079.wav,fc4oF-q1SXg,True,16000,1,3.0,-16.9408,-0.4574,0.0853,0.0,True,ok
data\interim\segmented\spasmodic_dysphonia\fc4oF-q1SXg_seg_080.wav,fc4oF-q1SXg_seg_080.wav,fc4oF-q1SXg,True,16000,1,3.0,-23.2725,-4.3906,0.1875,0.0,True,ok
data\interim\segmented\spasmodic_dysphonia\fc4oF-q1SXg_seg_081.wav,fc4oF-q1SXg_seg_081.wav,fc4oF-q1SXg,True,16000,1,3.0,-19.5578,0.0,0.3218,0.000229,True,ok
data\interim\segmented\spasmodic_dysphonia\fc4oF-q1SXg_seg_082.wav,fc4oF-q1SXg_seg_082.wav,fc4oF-q1SXg,True,16000,1,3.0,-17.8062,-1.021,0.2316,0.0,True,ok
data\interim\segmented\spasmodic_dysphonia\fc4oF-q1SXg_seg_083.wav,fc4oF-q1SXg_seg_083.wav,fc4oF-q1SXg,True,16000,1,3.0,-21.5735,-5.5015,0.2464,0.0,True,ok
data\interim\segmented\spasmodic_dysphonia\fc4oF-q1SXg_seg_084.wav,fc4oF-q1SXg_seg_084.wav,fc4oF-q1SXg,True,16000,1,3.0,-19.7476,-1.434,0.2522,0.0,True,ok
data\interim\segmented\spasmodic_dysphonia\fc4oF-q1SXg_seg_085.wav,fc4oF-q1SXg_seg_085.wav,fc4oF-q1SXg,True,16000,1,3.0,-29.6095,-4.4608,0.3196,0.0,True,ok
data\interim\segmented\spasmodic_dysphonia\fc4oF-q1SXg_seg_086.wav,fc4oF-q1SXg_seg_086.wav,fc4oF-q1SXg,True,16000,1,3.0,-17.1633,0.0,0.233,0.000188,True,ok
data\interim\segmented\spasmodic_dysphonia\fc4oF-q1SXg_seg_087.wav,fc4oF-q1SXg_seg_087.wav,fc4oF-q1SXg,True,16000,1,3.0,-18.8828,0.0,0.3141,8.3e-05,True,ok
data\interim\segmented\spasmodic_dysphonia\fc4oF-q1SXg_seg_088.wav,fc4oF-q1SXg_seg_088.wav,fc4oF-q1SXg,True,16000,1,3.0,-22.2931,-4.2693,0.3194,0.0,True,ok
data\interim\segmented\spasmodic_dysphonia\fc4oF-q1SXg_seg_089.wav,fc4oF-q1SXg_seg_089.wav,fc4oF-q1SXg,True,16000,1,3.0,-21.4049,-4.1172,0.1205,0.0,True,ok
data\interim\segmented\spasmodic_dysphonia\fc4oF-q1SXg_seg_090.wav,fc4oF-q1SXg_seg_090.wav,fc4oF-q1SXg,True,16000,1,3.0,-32.4979,-3.2789,0.5029,0.0,True,ok
data\interim\segmented\spasmodic_dysphonia\fc4oF-q1SXg_seg_091.wav,fc4oF-q1SXg_seg_091.wav,fc4oF-q1SXg,True,16000,1,3.0,-15.6313,0.0,0.2547,0.000229,True,ok
data\interim\segmented\spasmodic_dysphonia\fc4oF-q1SXg_seg_092.wav,fc4oF-q1SXg_seg_092.wav,fc4oF-q1SXg,True,16000,1,3.0,-21.7814,-2.6979,0.2149,0.0,True,ok
data\interim\segmented\spasmodic_dysphonia\fc4oF-q1SXg_seg_093.wav,fc4oF-q1SXg_seg_093.wav,fc4oF-q1SXg,True,16000,1,3.0,-26.7023,-7.7896,0.4019,0.0,True,ok
data\interim\segmented\spasmodic_dysphonia\fc4oF-q1SXg_seg_094.wav,fc4oF-q1SXg_seg_094.wav,fc4oF-q1SXg,True,16000,1,3.0,-30.1906,-3.0718,0.3649,0.0,True,ok
data\interim\segmented\spasmodic_dysphonia\fc4oF-q1SXg_seg_095.wav,fc4oF-q1SXg_seg_095.wav,fc4oF-q1SXg,True,16000,1,3.0,-28.4477,-2.4586,0.2629,0.0,True,ok
data\interim\segmented\spasmodic_dysphonia\fc4oF-q1SXg_seg_096.wav,fc4oF-q1SXg_seg_096.wav,fc4oF-q1SXg,True,16000,1,3.0,-21.5693,-2.4431,0.517,0.0,True,ok
data\interim\segmented\spasmodic_dysphonia\fc4oF-q1SXg_seg_097.wav,fc4oF-q1SXg_seg_097.wav,fc4oF-q1SXg,True,16000,1,3.0,-24.653,-7.3654,0.3771,0.0,True,ok
data\interim\segmented\spasmodic_dysphonia\fc4oF-q1SXg_seg_098.wav,fc4oF-q1SXg_seg_098.wav,fc4oF-q1SXg,True,16000,1,3.0,-20.6037,-4.377,0.1709,0.0,True,ok
data\interim\segmented\spasmodic_dysphonia\fc4oF-q1SXg_seg_099.wav,fc4oF-q1SXg_seg_099.wav,fc4oF-q1SXg,True,16000,1,3.0,-26.3134,-7.955,0.2371,0.0,True,ok
data\interim\segmented\spasmodic_dysphonia\fc4oF-q1SXg_seg_100.wav,fc4oF-q1SXg_seg_100.wav,fc4oF-q1SXg,True,16000,1,3.0,-29.5574,-1.9175,0.4407,0.0,True,ok
data\interim\segmented\spasmodic_dysphonia\fc4oF-q1SXg_seg_101.wav,fc4oF-q1SXg_seg_101.wav,fc4oF-q1SXg,True,16000,1,3.0,-31.9036,-4.8439,0.4903,0.0,True,ok
data\interim\segmented\spasmodic_dysphonia\fc4oF-q1SXg_seg_102.wav,fc4oF-q1SXg_seg_102.wav,fc4oF-q1SXg,True,16000,1,3.0,-19.7692,-5.0089,0.343,0.0,True,ok
data\interim\segmented\spasmodic_dysphonia\fc4oF-q1SXg_seg_103.wav,fc4oF-q1SXg_seg_103.wav,fc4oF-q1SXg,True,16000,1,3.0,-21.13,-6.044,0.2052,0.0,True,ok
data\interim\segmented\spasmodic_dysphonia\fc4oF-q1SXg_seg_104.wav,fc4oF-q1SXg_seg_104.wav,fc4oF-q1SXg,True,16000,1,3.0,-23.6257,-4.5651,0.2417,0.0,True,ok
data\interim\segmented\spasmodic_dysphonia\fc4oF-q1SXg_seg_105.wav,fc4oF-q1SXg_seg_105.wav,fc4oF-q1SXg,True,16000,1,3.0,-23.7427,-6.0525,0.2394,0.0,True,ok
data\interim\segmented\spasmodic_dysphonia\fc4oF-q1SXg_seg_106.wav,fc4oF-q1SXg_seg_106.wav,fc4oF-q1SXg,True,16000,1,3.0,-21.9562,-2.8825,0.4154,0.0,True,ok
data\interim\segmented\spasmodic_dysphonia\fc4oF-q1SXg_seg_107.wav,fc4oF-q1SXg_seg_107.wav,fc4oF-q1SXg,True,16000,1,3.0,-23.788,-3.567,0.3105,0.0,True,ok
data\interim\segmented\spasmodic_dysphonia\fc4oF-q1SXg_seg_108.wav,fc4oF-q1SXg_seg_108.wav,fc4oF-q1SXg,True,16000,1,3.0,-26.7643,-3.6505,0.3177,0.0,True,ok
data\interim\segmented\spasmodic_dysphonia\fc4oF-q1SXg_seg_109.wav,fc4oF-q1SXg_seg_109.wav,fc4oF-q1SXg,True,16000,1,3.0,-18.6849,-0.8002,0.1915,0.0,True,ok
data\interim\segmented\spasmodic_dysphonia\fc4oF-q1SXg_seg_110.wav,fc4oF-q1SXg_seg_110.wav,fc4oF-q1SXg,True,16000,1,3.0,-29.4395,-11.2493,0.5124,0.0,True,ok
data\interim\segmented\spasmodic_dysphonia\fc4oF-q1SXg_seg_111.wav,fc4oF-q1SXg_seg_111.wav,fc4oF-q1SXg,True,16000,1,3.0,-20.6368,0.0,0.44,4.2e-05,True,ok
data\interim\segmented\spasmodic_dysphonia\fc4oF-q1SXg_seg_112.wav,fc4oF-q1SXg_seg_112.wav,fc4oF-q1SXg,True,16000,1,3.0,-23.851,-5.6623,0.2105,0.0,True,ok
data\interim\segmented\spasmodic_dysphonia\fc4oF-q1SXg_seg_113.wav,fc4oF-q1SXg_seg_113.wav,fc4oF-q1SXg,True,16000,1,3.0,-24.9088,-3.4172,0.2428,0.0,True,ok
data\interim\segmented\spasmodic_dysphonia\fc4oF-q1SXg_seg_114.wav,fc4oF-q1SXg_seg_114.wav,fc4oF-q1SXg,True,16000,1,3.0,-17.2163,0.0,0.1875,0.000333,True,ok
data\interim\segmented\spasmodic_dysphonia\fc4oF-q1SXg_seg_115.wav,fc4oF-q1SXg_seg_115.wav,fc4oF-q1SXg,True,16000,1,3.0,-19.8149,-1.9862,0.181,0.0,True,ok
data\interim\segmented\spasmodic_dysphonia\fc4oF-q1SXg_seg_116.wav,fc4oF-q1SXg_seg_116.wav,fc4oF-q1SXg,True,16000,1,3.0,-24.8539,-7.3697,0.4343,0.0,True,ok
data\interim\segmented\spasmodic_dysphonia\fc4oF-q1SXg_seg_117.wav,fc4oF-q1SXg_seg_117.wav,fc4oF-q1SXg,True,16000,1,3.0,-20.3183,-3.8028,0.5246,0.0,True,ok
data\interim\segmented\spasmodic_dysphonia\fc4oF-q1SXg_seg_118.wav,fc4oF-q1SXg_seg_118.wav,fc4oF-q1SXg,True,16000,1,3.0,-20.9123,-2.9032,0.2698,0.0,True,ok
data\interim\segmented\spasmodic_dysphonia\fc4oF-q1SXg_seg_119.wav,fc4oF-q1SXg_seg_119.wav,fc4oF-q1SXg,True,16000,1,3.0,-17.9373,-0.1792,0.193,0.0,True,ok
data\interim\segmented\spasmodic_dysphonia\fc4oF-q1SXg_seg_120.wav,fc4oF-q1SXg_seg_120.wav,fc4oF-q1SXg,True,16000,1,3.0,-18.1775,0.0,0.3564,2.1e-05,True,ok
data\interim\segmented\spasmodic_dysphonia\fc4oF-q1SXg_seg_121.wav,fc4oF-q1SXg_seg_121.wav,fc4oF-q1SXg,True,16000,1,3.0,-23.7269,-5.2103,0.2933,0.0,True,ok
data\interim\segmented\spasmodic_dysphonia\fc4oF-q1SXg_seg_122.wav,fc4oF-q1SXg_seg_122.wav,fc4oF-q1SXg,True,16000,1,3.0,-20.0488,-2.9366,0.3336,0.0,True,ok
data\interim\segmented\spasmodic_dysphonia\fc4oF-q1SXg_seg_123.wav,fc4oF-q1SXg_seg_123.wav,fc4oF-q1SXg,True,16000,1,3.0,-21.0153,-4.8268,0.2593,0.0,True,ok
data\interim\segmented\spasmodic_dysphonia\fc4oF-q1SXg_seg_124.wav,fc4oF-q1SXg_seg_124.wav,fc4oF-q1SXg,True,16000,1,3.0,-20.9873,-2.1205,0.2454,0.0,True,ok
data\interim\segmented\spasmodic_dysphonia\fc4oF-q1SXg_seg_125.wav,fc4oF-q1SXg_seg_125.wav,fc4oF-q1SXg,True,16000,1,3.0,-23.5963,-5.7853,0.1952,0.0,True,ok
data\interim\segmented\spasmodic_dysphonia\fc4oF-q1SXg_seg_126.wav,fc4oF-q1SXg_seg_126.wav,fc4oF-q1SXg,True,16000,1,3.0,-17.0634,-0.1317,0.1756,0.0,True,ok
data\interim\segmented\spasmodic_dysphonia\fc4oF-q1SXg_seg_127.wav,fc4oF-q1SXg_seg_127.wav,fc4oF-q1SXg,True,16000,1,3.0,-19.495,-1.3783,0.2448,0.0,True,ok
data\interim\segmented\spasmodic_dysphonia\fc4oF-q1SXg_seg_128.wav,fc4oF-q1SXg_seg_128.wav,fc4oF-q1SXg,True,16000,1,3.0,-18.0561,0.0,0.1751,2.1e-05,True,ok
data\interim\segmented\spasmodic_dysphonia\fc4oF-q1SXg_seg_129.wav,fc4oF-q1SXg_seg_129.wav,fc4oF-q1SXg,True,16000,1,3.0,-22.9088,-4.5114,0.4279,0.0,True,ok
data\interim\segmented\spasmodic_dysphonia\fc4oF-q1SXg_seg_130.wav,fc4oF-q1SXg_seg_130.wav,fc4oF-q1SXg,True,16000,1,3.0,-18.0205,-2.8817,0.1021,0.0,True,ok
data\interim\segmented\spasmodic_dysphonia\fc4oF-q1SXg_seg_131.wav,fc4oF-q1SXg_seg_131.wav,fc4oF-q1SXg,True,16000,1,3.0,-16.0641,0.0,0.2657,8.3e-05,True,ok
data\interim\segmented\spasmodic_dysphonia\fc4oF-q1SXg_seg_132.wav,fc4oF-q1SXg_seg_132.wav,fc4oF-q1SXg,True,16000,1,3.0,-16.9989,-1.684,0.1294,0.0,True,ok
data\interim\segmented\spasmodic_dysphonia\fc4oF-q1SXg_seg_133.wav,fc4oF-q1SXg_seg_133.wav,fc4oF-q1SXg,True,16000,1,3.0,-21.6891,-3.2234,0.418,0.0,True,ok
data\interim\segmented\spasmodic_dysphonia\fc4oF-q1SXg_seg_134.wav,fc4oF-q1SXg_seg_134.wav,fc4oF-q1SXg,True,16000,1,3.0,-19.2167,-2.0605,0.1769,0.0,True,ok
data\interim\segmented\spasmodic_dysphonia\fc4oF-q1SXg_seg_135.wav,fc4oF-q1SXg_seg_135.wav,fc4oF-q1SXg,True,16000,1,3.0,-20.0413,-1.7114,0.2527,0.0,True,ok
data\interim\segmented\spasmodic_dysphonia\fc4oF-q1SXg_seg_136.wav,fc4oF-q1SXg_seg_136.wav,fc4oF-q1SXg,True,16000,1,3.0,-18.6068,-3.0514,0.1917,0.0,True,ok
data\interim\segmented\spasmodic_dysphonia\fc4oF-q1SXg_seg_137.wav,fc4oF-q1SXg_seg_137.wav,fc4oF-q1SXg,True,16000,1,3.0,-25.704,-5.3574,0.5258,0.0,True,ok
data\interim\segmented\spasmodic_dysphonia\fc4oF-q1SXg_seg_138.wav,fc4oF-q1SXg_seg_138.wav,fc4oF-q1SXg,True,16000,1,3.0,-21.7243,-2.0568,0.7465,0.0,True,ok
data\interim\segmented\spasmodic_dysphonia\fc4oF-q1SXg_seg_139.wav,fc4oF-q1SXg_seg_139.wav,fc4oF-q1SXg,True,16000,1,3.0,-17.1663,-0.0489,0.3014,0.0,True,ok
data\interim\segmented\spasmodic_dysphonia\fc4oF-q1SXg_seg_140.wav,fc4oF-q1SXg_seg_140.wav,fc4oF-q1SXg,True,16000,1,3.0,-22.0809,-6.3982,0.1651,0.0,True,ok
data\interim\segmented\spasmodic_dysphonia\fc4oF-q1SXg_seg_141.wav,fc4oF-q1SXg_seg_141.wav,fc4oF-q1SXg,True,16000,1,3.0,-26.3439,-8.2193,0.4044,0.0,True,ok
data\interim\segmented\spasmodic_dysphonia\fc4oF-q1SXg_seg_142.wav,fc4oF-q1SXg_seg_142.wav,fc4oF-q1SXg,True,16000,1,3.0,-21.5534,0.0,0.2906,0.000292,True,ok
data\interim\segmented\spasmodic_dysphonia\fc4oF-q1SXg_seg_143.wav,fc4oF-q1SXg_seg_143.wav,fc4oF-q1SXg,True,16000,1,3.0,-19.6261,0.0,0.3565,0.000146,True,ok
data\interim\segmented\spasmodic_dysphonia\fc4oF-q1SXg_seg_144.wav,fc4oF-q1SXg_seg_144.wav,fc4oF-q1SXg,True,16000,1,3.0,-16.4738,-1.8267,0.1412,0.0,True,ok
data\interim\segmented\spasmodic_dysphonia\fc4oF-q1SXg_seg_145.wav,fc4oF-q1SXg_seg_145.wav,fc4oF-q1SXg,True,16000,1,3.0,-23.2717,-4.8527,0.2608,0.0,True,ok
data\interim\segmented\spasmodic_dysphonia\fc4oF-q1SXg_seg_146.wav,fc4oF-q1SXg_seg_146.wav,fc4oF-q1SXg,True,16000,1,3.0,-25.8386,-9.4496,0.3584,0.0,True,ok
data\interim\segmented\spasmodic_dysphonia\fc4oF-q1SXg_seg_147.wav,fc4oF-q1SXg_seg_147.wav,fc4oF-q1SXg,True,16000,1,3.0,-25.2995,-7.4013,0.3181,0.0,True,ok
data\interim\segmented\spasmodic_dysphonia\fc4oF-q1SXg_seg_148.wav,fc4oF-q1SXg_seg_148.wav,fc4oF-q1SXg,True,16000,1,3.0,-22.6596,-4.7756,0.1738,0.0,True,ok
data\interim\segmented\spasmodic_dysphonia\fc4oF-q1SXg_seg_149.wav,fc4oF-q1SXg_seg_149.wav,fc4oF-q1SXg,True,16000,1,3.0,-20.413,-3.2326,0.2876,0.0,True,ok
data\interim\segmented\spasmodic_dysphonia\fc4oF-q1SXg_seg_150.wav,fc4oF-q1SXg_seg_150.wav,fc4oF-q1SXg,True,16000,1,3.0,-21.1162,-4.4201,0.2555,0.0,True,ok
data\interim\segmented\spasmodic_dysphonia\fc4oF-q1SXg_seg_151.wav,fc4oF-q1SXg_seg_151.wav,fc4oF-q1SXg,True,16000,1,3.0,-25.4094,-7.5784,0.2391,0.0,True,ok
data\interim\segmented\spasmodic_dysphonia\fc4oF-q1SXg_seg_152.wav,fc4oF-q1SXg_seg_152.wav,fc4oF-q1SXg,True,16000,1,3.0,-28.0912,-9.6454,0.4161,0.0,True,ok
data\interim\segmented\spasmodic_dysphonia\fc4oF-q1SXg_seg_153.wav,fc4oF-q1SXg_seg_153.wav,fc4oF-q1SXg,True,16000,1,3.0,-21.6545,-2.2199,0.2857,0.0,True,ok
data\interim\segmented\spasmodic_dysphonia\fc4oF-q1SXg_seg_154.wav,fc4oF-q1SXg_seg_154.wav,fc4oF-q1SXg,True,16000,1,3.0,-23.7492,-7.4875,0.2093,0.0,True,ok
data\interim\segmented\spasmodic_dysphonia\fc4oF-q1SXg_seg_155.wav,fc4oF-q1SXg_seg_155.wav,fc4oF-q1SXg,True,16000,1,3.0,-24.9284,-5.0823,0.2581,0.0,True,ok
data\interim\segmented\spasmodic_dysphonia\fc4oF-q1SXg_seg_156.wav,fc4oF-q1SXg_seg_156.wav,fc4oF-q1SXg,True,16000,1,3.0,-19.1526,-1.1729,0.2514,0.0,True,ok
data\interim\segmented\spasmodic_dysphonia\fc4oF-q1SXg_seg_157.wav,fc4oF-q1SXg_seg_157.wav,fc4oF-q1SXg,True,16000,1,3.0,-24.2583,-4.2093,0.2523,0.0,True,ok
data\interim\segmented\spasmodic_dysphonia\fc4oF-q1SXg_seg_158.wav,fc4oF-q1SXg_seg_158.wav,fc4oF-q1SXg,True,16000,1,3.0,-23.9341,-6.0227,0.3361,0.0,True,ok
data\interim\segmented\spasmodic_dysphonia\fc4oF-q1SXg_seg_159.wav,fc4oF-q1SXg_seg_159.wav,fc4oF-q1SXg,True,16000,1,3.0,-27.5123,-10.202,0.329,0.0,True,ok
data\interim\segmented\spasmodic_dysphonia\fc4oF-q1SXg_seg_160.wav,fc4oF-q1SXg_seg_160.wav,fc4oF-q1SXg,True,16000,1,3.0,-21.8989,-2.6683,0.3374,0.0,True,ok
data\interim\segmented\spasmodic_dysphonia\fc4oF-q1SXg_seg_161.wav,fc4oF-q1SXg_seg_161.wav,fc4oF-q1SXg,True,16000,1,3.0,-25.5785,-7.5373,0.3034,0.0,True,ok
data\interim\segmented\spasmodic_dysphonia\fc4oF-q1SXg_seg_162.wav,fc4oF-q1SXg_seg_162.wav,fc4oF-q1SXg,True,16000,1,3.0,-22.9271,-3.9198,0.2006,0.0,True,ok
data\interim\segmented\spasmodic_dysphonia\fc4oF-q1SXg_seg_163.wav,fc4oF-q1SXg_seg_163.wav,fc4oF-q1SXg,True,16000,1,3.0,-23.1061,-5.6247,0.4383,0.0,True,ok
data\interim\segmented\spasmodic_dysphonia\fc4oF-q1SXg_seg_164.wav,fc4oF-q1SXg_seg_164.wav,fc4oF-q1SXg,True,16000,1,3.0,-22.4562,-4.4413,0.3111,0.0,True,ok
data\interim\segmented\spasmodic_dysphonia\fc4oF-q1SXg_seg_165.wav,fc4oF-q1SXg_seg_165.wav,fc4oF-q1SXg,True,16000,1,3.0,-19.8374,-3.4133,0.1469,0.0,True,ok
data\interim\segmented\spasmodic_dysphonia\fc4oF-q1SXg_seg_166.wav,fc4oF-q1SXg_seg_166.wav,fc4oF-q1SXg,True,16000,1,3.0,-23.8839,-6.5868,0.2158,0.0,True,ok
data\interim\segmented\spasmodic_dysphonia\fc4oF-q1SXg_seg_167.wav,fc4oF-q1SXg_seg_167.wav,fc4oF-q1SXg,True,16000,1,3.0,-17.9143,-0.0101,0.3261,0.0,True,ok
data\interim\segmented\spasmodic_dysphonia\fc4oF-q1SXg_seg_168.wav,fc4oF-q1SXg_seg_168.wav,fc4oF-q1SXg,True,16000,1,3.0,-20.2787,-2.8984,0.4164,0.0,True,ok
data\interim\segmented\spasmodic_dysphonia\fc4oF-q1SXg_seg_169.wav,fc4oF-q1SXg_seg_169.wav,fc4oF-q1SXg,True,16000,1,3.0,-20.5128,-1.9838,0.5839,0.0,True,ok
data\interim\segmented\spasmodic_dysphonia\fc4oF-q1SXg_seg_170.wav,fc4oF-q1SXg_seg_170.wav,fc4oF-q1SXg,True,16000,1,3.0,-26.8657,-8.9587,0.3965,0.0,True,ok
data\interim\segmented\spasmodic_dysphonia\fc4oF-q1SXg_seg_171.wav,fc4oF-q1SXg_seg_171.wav,fc4oF-q1SXg,True,16000,1,3.0,-25.5669,-9.8497,0.2375,0.0,True,ok
data\interim\segmented\spasmodic_dysphonia\fc4oF-q1SXg_seg_172.wav,fc4oF-q1SXg_seg_172.wav,fc4oF-q1SXg,True,16000,1,3.0,-23.2479,-5.416,0.3204,0.0,True,ok
data\interim\segmented\spasmodic_dysphonia\fc4oF-q1SXg_seg_173.wav,fc4oF-q1SXg_seg_173.wav,fc4oF-q1SXg,True,16000,1,3.0,-17.7697,-3.8106,0.1,0.0,True,ok
data\interim\segmented\spasmodic_dysphonia\fc4oF-q1SXg_seg_174.wav,fc4oF-q1SXg_seg_174.wav,fc4oF-q1SXg,True,16000,1,3.0,-22.0959,-4.2429,0.2333,0.0,True,ok
data\interim\segmented\spasmodic_dysphonia\fc4oF-q1SXg_seg_175.wav,fc4oF-q1SXg_seg_175.wav,fc4oF-q1SXg,True,16000,1,3.0,-18.0126,-0.1957,0.4044,0.0,True,ok
data\interim\segmented\spasmodic_dysphonia\fc4oF-q1SXg_seg_176.wav,fc4oF-q1SXg_seg_176.wav,fc4oF-q1SXg,True,16000,1,3.0,-22.1399,-3.7917,0.2879,0.0,True,ok
data\interim\segmented\spasmodic_dysphonia\fc4oF-q1SXg_seg_177.wav,fc4oF-q1SXg_seg_177.wav,fc4oF-q1SXg,True,16000,1,3.0,-29.212,-10.4996,0.5356,0.0,True,ok
data\interim\segmented\spasmodic_dysphonia\fc4oF-q1SXg_seg_178.wav,fc4oF-q1SXg_seg_178.wav,fc4oF-q1SXg,True,16000,1,3.0,-19.2052,-1.7749,0.3064,0.0,True,ok
data\interim\segmented\spasmodic_dysphonia\fc4oF-q1SXg_seg_179.wav,fc4oF-q1SXg_seg_179.wav,fc4oF-q1SXg,True,16000,1,3.0,-25.8773,-6.5063,0.3853,0.0,True,ok
data\interim\segmented\spasmodic_dysphonia\fc4oF-q1SXg_seg_180.wav,fc4oF-q1SXg_seg_180.wav,fc4oF-q1SXg,True,16000,1,3.0,-22.7578,-5.0899,0.2876,0.0,True,ok
data\interim\segmented\spasmodic_dysphonia\fc4oF-q1SXg_seg_181.wav,fc4oF-q1SXg_seg_181.wav,fc4oF-q1SXg,True,16000,1,3.0,-23.2054,-6.3634,0.3527,0.0,True,ok
data\interim\segmented\spasmodic_dysphonia\fc4oF-q1SXg_seg_182.wav,fc4oF-q1SXg_seg_182.wav,fc4oF-q1SXg,True,16000,1,3.0,-24.1981,-5.2374,0.36,0.0,True,ok
data\interim\segmented\spasmodic_dysphonia\fc4oF-q1SXg_seg_183.wav,fc4oF-q1SXg_seg_183.wav,fc4oF-q1SXg,True,16000,1,3.0,-25.2698,-7.4206,0.2833,0.0,True,ok
data\interim\segmented\spasmodic_dysphonia\fc4oF-q1SXg_seg_184.wav,fc4oF-q1SXg_seg_184.wav,fc4oF-q1SXg,True,16000,1,3.0,-18.0257,-0.1365,0.2978,0.0,True,ok
data\interim\segmented\spasmodic_dysphonia\fc4oF-q1SXg_seg_185.wav,fc4oF-q1SXg_seg_185.wav,fc4oF-q1SXg,True,16000,1,3.0,-25.409,-5.3776,0.4139,0.0,True,ok
data\interim\segmented\spasmodic_dysphonia\fc4oF-q1SXg_seg_186.wav,fc4oF-q1SXg_seg_186.wav,fc4oF-q1SXg,True,16000,1,3.0,-21.9641,-6.4571,0.1386,0.0,True,ok
data\interim\segmented\spasmodic_dysphonia\fc4oF-q1SXg_seg_187.wav,fc4oF-q1SXg_seg_187.wav,fc4oF-q1SXg,True,16000,1,3.0,-23.4004,-4.6118,0.443,0.0,True,ok
data\interim\segmented\spasmodic_dysphonia\fc4oF-q1SXg_seg_188.wav,fc4oF-q1SXg_seg_188.wav,fc4oF-q1SXg,True,16000,1,3.0,-23.1558,-4.0922,0.2995,0.0,True,ok
data\interim\segmented\spasmodic_dysphonia\fc4oF-q1SXg_seg_189.wav,fc4oF-q1SXg_seg_189.wav,fc4oF-q1SXg,True,16000,1,3.0,-22.666,-4.3691,0.3853,0.0,True,ok
data\interim\segmented\spasmodic_dysphonia\fc4oF-q1SXg_seg_190.wav,fc4oF-q1SXg_seg_190.wav,fc4oF-q1SXg,True,16000,1,3.0,-23.6193,-5.0159,0.3663,0.0,True,ok
data\interim\segmented\spasmodic_dysphonia\fc4oF-q1SXg_seg_191.wav,fc4oF-q1SXg_seg_191.wav,fc4oF-q1SXg,True,16000,1,3.0,-21.5609,-4.6055,0.1597,0.0,True,ok
data\interim\segmented\spasmodic_dysphonia\fc4oF-q1SXg_seg_192.wav,fc4oF-q1SXg_seg_192.wav,fc4oF-q1SXg,True,16000,1,3.0,-24.5732,-9.2574,0.2236,0.0,True,ok
data\interim\segmented\spasmodic_dysphonia\fc4oF-q1SXg_seg_193.wav,fc4oF-q1SXg_seg_193.wav,fc4oF-q1SXg,True,16000,1,3.0,-25.8958,-7.1574,0.4776,0.0,True,ok
data\interim\segmented\spasmodic_dysphonia\fc4oF-q1SXg_seg_194.wav,fc4oF-q1SXg_seg_194.wav,fc4oF-q1SXg,True,16000,1,3.0,-23.1542,-6.793,0.2246,0.0,True,ok
data\interim\segmented\spasmodic_dysphonia\fc4oF-q1SXg_seg_195.wav,fc4oF-q1SXg_seg_195.wav,fc4oF-q1SXg,True,16000,1,3.0,-26.9289,-9.8201,0.3612,0.0,True,ok
data\interim\segmented\spasmodic_dysphonia\fc4oF-q1SXg_seg_196.wav,fc4oF-q1SXg_seg_196.wav,fc4oF-q1SXg,True,16000,1,3.0,-19.6796,-2.169,0.3542,0.0,True,ok
data\interim\segmented\spasmodic_dysphonia\fc4oF-q1SXg_seg_197.wav,fc4oF-q1SXg_seg_197.wav,fc4oF-q1SXg,True,16000,1,3.0,-22.3336,-5.515,0.2404,0.0,True,ok
data\interim\segmented\spasmodic_dysphonia\fc4oF-q1SXg_seg_198.wav,fc4oF-q1SXg_seg_198.wav,fc4oF-q1SXg,True,16000,1,3.0,-27.1174,-9.8464,0.514,0.0,True,ok
data\interim\segmented\spasmodic_dysphonia\fc4oF-q1SXg_seg_199.wav,fc4oF-q1SXg_seg_199.wav,fc4oF-q1SXg,True,16000,1,3.0,-18.5129,-2.9254,0.1591,0.0,True,ok
data\interim\segmented\spasmodic_dysphonia\fc4oF-q1SXg_seg_200.wav,fc4oF-q1SXg_seg_200.wav,fc4oF-q1SXg,True,16000,1,3.0,-23.7303,-3.7765,0.4102,0.0,True,ok
data\interim\segmented\spasmodic_dysphonia\fc4oF-q1SXg_seg_201.wav,fc4oF-q1SXg_seg_201.wav,fc4oF-q1SXg,True,16000,1,3.0,-24.1115,-5.9709,0.2355,0.0,True,ok
data\interim\segmented\spasmodic_dysphonia\fc4oF-q1SXg_seg_202.wav,fc4oF-q1SXg_seg_202.wav,fc4oF-q1SXg,True,16000,1,3.0,-21.764,-6.2141,0.4276,0.0,True,ok
data\interim\segmented\spasmodic_dysphonia\fc4oF-q1SXg_seg_203.wav,fc4oF-q1SXg_seg_203.wav,fc4oF-q1SXg,True,16000,1,3.0,-23.319,-5.2928,0.3472,0.0,True,ok
data\interim\segmented\spasmodic_dysphonia\fc4oF-q1SXg_seg_204.wav,fc4oF-q1SXg_seg_204.wav,fc4oF-q1SXg,True,16000,1,3.0,-25.7803,-9.6598,0.2578,0.0,True,ok
data\interim\segmented\spasmodic_dysphonia\fc4oF-q1SXg_seg_205.wav,fc4oF-q1SXg_seg_205.wav,fc4oF-q1SXg,True,16000,1,3.0,-28.2303,-8.0422,0.434,0.0,True,ok
data\interim\segmented\spasmodic_dysphonia\fc4oF-q1SXg_seg_206.wav,fc4oF-q1SXg_seg_206.wav,fc4oF-q1SXg,True,16000,1,3.0,-26.9108,-11.9515,0.4231,0.0,True,ok
data\interim\segmented\spasmodic_dysphonia\fc4oF-q1SXg_seg_207.wav,fc4oF-q1SXg_seg_207.wav,fc4oF-q1SXg,True,16000,1,3.0,-20.4114,-1.9063,0.2804,0.0,True,ok
data\interim\segmented\spasmodic_dysphonia\fc4oF-q1SXg_seg_208.wav,fc4oF-q1SXg_seg_208.wav,fc4oF-q1SXg,True,16000,1,3.0,-25.8243,-7.1381,0.5351,0.0,True,ok
data\interim\segmented\spasmodic_dysphonia\fc4oF-q1SXg_seg_209.wav,fc4oF-q1SXg_seg_209.wav,fc4oF-q1SXg,True,16000,1,3.0,-19.3791,-3.1659,0.1191,0.0,True,ok
data\interim\segmented\spasmodic_dysphonia\fc4oF-q1SXg_seg_210.wav,fc4oF-q1SXg_seg_210.wav,fc4oF-q1SXg,True,16000,1,3.0,-23.1831,-4.8991,0.3164,0.0,True,ok
data\interim\segmented\spasmodic_dysphonia\fc4oF-q1SXg_seg_211.wav,fc4oF-q1SXg_seg_211.wav,fc4oF-q1SXg,True,16000,1,3.0,-22.6523,-6.3772,0.1876,0.0,True,ok
data\interim\segmented\spasmodic_dysphonia\fc4oF-q1SXg_seg_212.wav,fc4oF-q1SXg_seg_212.wav,fc4oF-q1SXg,True,16000,1,3.0,-23.0757,-6.0631,0.3273,0.0,True,ok
data\interim\segmented\spasmodic_dysphonia\fc4oF-q1SXg_seg_213.wav,fc4oF-q1SXg_seg_213.wav,fc4oF-q1SXg,True,16000,1,3.0,-24.4055,-7.5803,0.3092,0.0,True,ok
data\interim\segmented\spasmodic_dysphonia\fc4oF-q1SXg_seg_214.wav,fc4oF-q1SXg_seg_214.wav,fc4oF-q1SXg,True,16000,1,3.0,-26.8667,-8.3548,0.3679,0.0,True,ok
data\interim\segmented\spasmodic_dysphonia\fc4oF-q1SXg_seg_215.wav,fc4oF-q1SXg_seg_215.wav,fc4oF-q1SXg,True,16000,1,3.0,-27.8676,-5.7405,0.4372,0.0,True,ok
data\interim\segmented\spasmodic_dysphonia\fc4oF-q1SXg_seg_216.wav,fc4oF-q1SXg_seg_216.wav,fc4oF-q1SXg,True,16000,1,3.0,-23.2954,-5.943,0.2929,0.0,True,ok
data\interim\segmented\spasmodic_dysphonia\fc4oF-q1SXg_seg_217.wav,fc4oF-q1SXg_seg_217.wav,fc4oF-q1SXg,True,16000,1,3.0,-20.6189,-5.0895,0.3915,0.0,True,ok
data\interim\segmented\spasmodic_dysphonia\fc4oF-q1SXg_seg_218.wav,fc4oF-q1SXg_seg_218.wav,fc4oF-q1SXg,True,16000,1,3.0,-24.8884,-7.0715,0.3156,0.0,True,ok
data\interim\segmented\spasmodic_dysphonia\fc4oF-q1SXg_seg_219.wav,fc4oF-q1SXg_seg_219.wav,fc4oF-q1SXg,True,16000,1,3.0,-25.737,-7.1829,0.253,0.0,True,ok
data\interim\segmented\spasmodic_dysphonia\fc4oF-q1SXg_seg_220.wav,fc4oF-q1SXg_seg_220.wav,fc4oF-q1SXg,True,16000,1,3.0,-25.1296,-4.3162,0.6106,0.0,True,ok
data\interim\segmented\spasmodic_dysphonia\fc4oF-q1SXg_seg_221.wav,fc4oF-q1SXg_seg_221.wav,fc4oF-q1SXg,True,16000,1,3.0,-21.0375,-2.515,0.2435,0.0,True,ok
data\interim\segmented\spasmodic_dysphonia\fc4oF-q1SXg_seg_222.wav,fc4oF-q1SXg_seg_222.wav,fc4oF-q1SXg,True,16000,1,3.0,-27.1054,-8.8802,0.3299,0.0,True,ok
data\interim\segmented\spasmodic_dysphonia\fc4oF-q1SXg_seg_223.wav,fc4oF-q1SXg_seg_223.wav,fc4oF-q1SXg,True,16000,1,3.0,-30.364,-11.054,0.5898,0.0,True,ok
data\interim\segmented\spasmodic_dysphonia\fc4oF-q1SXg_seg_224.wav,fc4oF-q1SXg_seg_224.wav,fc4oF-q1SXg,True,16000,1,3.0,-22.5515,-0.4921,0.1988,0.0,True,ok
data\interim\segmented\spasmodic_dysphonia\fc4oF-q1SXg_seg_225.wav,fc4oF-q1SXg_seg_225.wav,fc4oF-q1SXg,True,16000,1,3.0,-16.6127,-0.907,0.283,0.0,True,ok
data\interim\segmented\spasmodic_dysphonia\fc4oF-q1SXg_seg_226.wav,fc4oF-q1SXg_seg_226.wav,fc4oF-q1SXg,True,16000,1,3.0,-21.292,-4.6888,0.1711,0.0,True,ok
data\interim\segmented\spasmodic_dysphonia\fc4oF-q1SXg_seg_227.wav,fc4oF-q1SXg_seg_227.wav,fc4oF-q1SXg,True,16000,1,3.0,-24.0092,-7.316,0.2042,0.0,True,ok
data\interim\segmented\spasmodic_dysphonia\fc4oF-q1SXg_seg_228.wav,fc4oF-q1SXg_seg_228.wav,fc4oF-q1SXg,True,16000,1,3.0,-28.7278,-9.1094,0.4837,0.0,True,ok
data\interim\segmented\spasmodic_dysphonia\fc4oF-q1SXg_seg_229.wav,fc4oF-q1SXg_seg_229.wav,fc4oF-q1SXg,True,16000,1,3.0,-24.8431,-3.8791,0.2013,0.0,True,ok
data\interim\segmented\spasmodic_dysphonia\fc4oF-q1SXg_seg_230.wav,fc4oF-q1SXg_seg_230.wav,fc4oF-q1SXg,True,16000,1,3.0,-29.0776,-10.1022,0.4546,0.0,True,ok
data\interim\segmented\spasmodic_dysphonia\fc4oF-q1SXg_seg_231.wav,fc4oF-q1SXg_seg_231.wav,fc4oF-q1SXg,True,16000,1,3.0,-24.1983,-5.823,0.2535,0.0,True,ok
data\interim\segmented\spasmodic_dysphonia\fc4oF-q1SXg_seg_232.wav,fc4oF-q1SXg_seg_232.wav,fc4oF-q1SXg,True,16000,1,3.0,-24.9819,-7.2449,0.3641,0.0,True,ok
data\interim\segmented\spasmodic_dysphonia\fc4oF-q1SXg_seg_233.wav,fc4oF-q1SXg_seg_233.wav,fc4oF-q1SXg,True,16000,1,3.0,-29.3981,-10.5476,0.5606,0.0,True,ok
data\interim\segmented\spasmodic_dysphonia\fc4oF-q1SXg_seg_234.wav,fc4oF-q1SXg_seg_234.wav,fc4oF-q1SXg,True,16000,1,3.0,-21.0957,-3.5802,0.3763,0.0,True,ok
data\interim\segmented\spasmodic_dysphonia\fc4oF-q1SXg_seg_235.wav,fc4oF-q1SXg_seg_235.wav,fc4oF-q1SXg,True,16000,1,3.0,-21.2629,-5.887,0.2061,0.0,True,ok
data\interim\segmented\spasmodic_dysphonia\fc4oF-q1SXg_seg_236.wav,fc4oF-q1SXg_seg_236.wav,fc4oF-q1SXg,True,16000,1,3.0,-23.0479,-7.9028,0.3166,0.0,True,ok
data\interim\segmented\spasmodic_dysphonia\fc4oF-q1SXg_seg_237.wav,fc4oF-q1SXg_seg_237.wav,fc4oF-q1SXg,True,16000,1,3.0,-25.1004,-5.4602,0.2747,0.0,True,ok
data\interim\segmented\spasmodic_dysphonia\fc4oF-q1SXg_seg_238.wav,fc4oF-q1SXg_seg_238.wav,fc4oF-q1SXg,True,16000,1,3.0,-30.7299,-11.6433,0.5783,0.0,True,ok
data\interim\segmented\spasmodic_dysphonia\fc4oF-q1SXg_seg_239.wav,fc4oF-q1SXg_seg_239.wav,fc4oF-q1SXg,True,16000,1,3.0,-21.3641,-3.2084,0.2881,0.0,True,ok
data\interim\segmented\spasmodic_dysphonia\fc4oF-q1SXg_seg_240.wav,fc4oF-q1SXg_seg_240.wav,fc4oF-q1SXg,True,16000,1,3.0,-23.8922,-9.478,0.1707,0.0,True,ok
data\interim\segmented\spasmodic_dysphonia\fc4oF-q1SXg_seg_241.wav,fc4oF-q1SXg_seg_241.wav,fc4oF-q1SXg,True,16000,1,3.0,-20.8897,-5.759,0.2985,0.0,True,ok
data\interim\segmented\spasmodic_dysphonia\fc4oF-q1SXg_seg_242.wav,fc4oF-q1SXg_seg_242.wav,fc4oF-q1SXg,True,16000,1,3.0,-24.6725,-5.6883,0.2327,0.0,True,ok
data\interim\segmented\spasmodic_dysphonia\fc4oF-q1SXg_seg_243.wav,fc4oF-q1SXg_seg_243.wav,fc4oF-q1SXg,True,16000,1,3.0,-25.6866,-8.842,0.2903,0.0,True,ok
data\interim\segmented\spasmodic_dysphonia\fc4oF-q1SXg_seg_244.wav,fc4oF-q1SXg_seg_244.wav,fc4oF-q1SXg,True,16000,1,3.0,-26.6357,-7.3864,0.424,0.0,True,ok
data\interim\segmented\spasmodic_dysphonia\fc4oF-q1SXg_seg_245.wav,fc4oF-q1SXg_seg_245.wav,fc4oF-q1SXg,True,16000,1,3.0,-20.4823,-4.4382,0.3182,0.0,True,ok
data\interim\segmented\spasmodic_dysphonia\fc4oF-q1SXg_seg_246.wav,fc4oF-q1SXg_seg_246.wav,fc4oF-q1SXg,True,16000,1,3.0,-23.9043,-8.4975,0.3333,0.0,True,ok
data\interim\segmented\spasmodic_dysphonia\fc4oF-q1SXg_seg_247.wav,fc4oF-q1SXg_seg_247.wav,fc4oF-q1SXg,True,16000,1,3.0,-22.1804,-2.6284,0.4595,0.0,True,ok
data\interim\segmented\spasmodic_dysphonia\fc4oF-q1SXg_seg_248.wav,fc4oF-q1SXg_seg_248.wav,fc4oF-q1SXg,True,16000,1,3.0,-26.632,-5.1143,0.4417,0.0,True,ok
data\interim\segmented\spasmodic_dysphonia\fc4oF-q1SXg_seg_249.wav,fc4oF-q1SXg_seg_249.wav,fc4oF-q1SXg,True,16000,1,3.0,-24.1578,-4.9862,0.23,0.0,True,ok
data\interim\segmented\spasmodic_dysphonia\fc4oF-q1SXg_seg_250.wav,fc4oF-q1SXg_seg_250.wav,fc4oF-q1SXg,True,16000,1,3.0,-23.9705,-5.6816,0.2565,0.0,True,ok
data\interim\segmented\spasmodic_dysphonia\fc4oF-q1SXg_seg_251.wav,fc4oF-q1SXg_seg_251.wav,fc4oF-q1SXg,True,16000,1,3.0,-28.9824,-7.8339,0.7046,0.0,True,ok
data\interim\segmented\spasmodic_dysphonia\fc4oF-q1SXg_seg_252.wav,fc4oF-q1SXg_seg_252.wav,fc4oF-q1SXg,True,16000,1,3.0,-19.5082,-4.6046,0.2194,0.0,True,ok
data\interim\segmented\spasmodic_dysphonia\fc4oF-q1SXg_seg_253.wav,fc4oF-q1SXg_seg_253.wav,fc4oF-q1SXg,True,16000,1,3.0,-22.6561,-7.4094,0.1858,0.0,True,ok
data\interim\segmented\spasmodic_dysphonia\fc4oF-q1SXg_seg_254.wav,fc4oF-q1SXg_seg_254.wav,fc4oF-q1SXg,True,16000,1,3.0,-22.8343,-5.4631,0.4209,0.0,True,ok
data\interim\segmented\spasmodic_dysphonia\fc4oF-q1SXg_seg_255.wav,fc4oF-q1SXg_seg_255.wav,fc4oF-q1SXg,True,16000,1,3.0,-22.3377,-3.7565,0.4566,0.0,True,ok
data\interim\segmented\spasmodic_dysphonia\fc4oF-q1SXg_seg_256.wav,fc4oF-q1SXg_seg_256.wav,fc4oF-q1SXg,True,16000,1,3.0,-25.8464,-7.6197,0.3314,0.0,True,ok
data\interim\segmented\spasmodic_dysphonia\fc4oF-q1SXg_seg_257.wav,fc4oF-q1SXg_seg_257.wav,fc4oF-q1SXg,True,16000,1,3.0,-25.6302,-5.2432,0.3185,0.0,True,ok
data\interim\segmented\spasmodic_dysphonia\fc4oF-q1SXg_seg_258.wav,fc4oF-q1SXg_seg_258.wav,fc4oF-q1SXg,True,16000,1,3.0,-23.2371,-5.6293,0.37,0.0,True,ok
data\interim\segmented\spasmodic_dysphonia\fc4oF-q1SXg_seg_259.wav,fc4oF-q1SXg_seg_259.wav,fc4oF-q1SXg,True,16000,1,3.0,-24.0233,-6.6061,0.3267,0.0,True,ok
data\interim\segmented\spasmodic_dysphonia\fc4oF-q1SXg_seg_260.wav,fc4oF-q1SXg_seg_260.wav,fc4oF-q1SXg,True,16000,1,3.0,-28.482,-9.0461,0.4287,0.0,True,ok
data\interim\segmented\spasmodic_dysphonia\fc4oF-q1SXg_seg_261.wav,fc4oF-q1SXg_seg_261.wav,fc4oF-q1SXg,True,16000,1,3.0,-26.6346,-9.296,0.4108,0.0,True,ok
data\interim\segmented\spasmodic_dysphonia\fc4oF-q1SXg_seg_262.wav,fc4oF-q1SXg_seg_262.wav,fc4oF-q1SXg,True,16000,1,3.0,-26.2191,-8.7399,0.2804,0.0,True,ok
data\interim\segmented\spasmodic_dysphonia\fc4oF-q1SXg_seg_263.wav,fc4oF-q1SXg_seg_263.wav,fc4oF-q1SXg,True,16000,1,3.0,-28.1507,-9.9917,0.3725,0.0,True,ok
data\interim\segmented\spasmodic_dysphonia\fc4oF-q1SXg_seg_264.wav,fc4oF-q1SXg_seg_264.wav,fc4oF-q1SXg,True,16000,1,3.0,-26.6443,-8.4609,0.3973,0.0,True,ok
data\interim\segmented\spasmodic_dysphonia\fc4oF-q1SXg_seg_265.wav,fc4oF-q1SXg_seg_265.wav,fc4oF-q1SXg,True,16000,1,3.0,-29.0176,-8.224,0.5416,0.0,True,ok
data\interim\segmented\spasmodic_dysphonia\fc4oF-q1SXg_seg_266.wav,fc4oF-q1SXg_seg_266.wav,fc4oF-q1SXg,True,16000,1,3.0,-23.6185,-9.0852,0.1791,0.0,True,ok
data\interim\segmented\spasmodic_dysphonia\fc4oF-q1SXg_seg_267.wav,fc4oF-q1SXg_seg_267.wav,fc4oF-q1SXg,True,16000,1,3.0,-26.8535,-6.2772,0.5058,0.0,True,ok
data\interim\segmented\spasmodic_dysphonia\fc4oF-q1SXg_seg_268.wav,fc4oF-q1SXg_seg_268.wav,fc4oF-q1SXg,True,16000,1,3.0,-27.1809,-8.552,0.2695,0.0,True,ok
data\interim\segmented\spasmodic_dysphonia\fc4oF-q1SXg_seg_269.wav,fc4oF-q1SXg_seg_269.wav,fc4oF-q1SXg,True,16000,1,3.0,-23.717,-6.4856,0.3416,0.0,True,ok
data\interim\segmented\spasmodic_dysphonia\fc4oF-q1SXg_seg_270.wav,fc4oF-q1SXg_seg_270.wav,fc4oF-q1SXg,True,16000,1,3.0,-28.3096,-9.7857,0.2907,0.0,True,ok
data\interim\segmented\spasmodic_dysphonia\fc4oF-q1SXg_seg_271.wav,fc4oF-q1SXg_seg_271.wav,fc4oF-q1SXg,True,16000,1,3.0,-28.5757,-12.1361,0.4157,0.0,True,ok
data\interim\segmented\spasmodic_dysphonia\fc4oF-q1SXg_seg_272.wav,fc4oF-q1SXg_seg_272.wav,fc4oF-q1SXg,True,16000,1,3.0,-28.1241,-7.2266,0.4501,0.0,True,ok
data\interim\segmented\spasmodic_dysphonia\fc4oF-q1SXg_seg_273.wav,fc4oF-q1SXg_seg_273.wav,fc4oF-q1SXg,True,16000,1,3.0,-24.3984,-6.077,0.2723,0.0,True,ok
data\interim\segmented\spasmodic_dysphonia\fc4oF-q1SXg_seg_274.wav,fc4oF-q1SXg_seg_274.wav,fc4oF-q1SXg,True,16000,1,3.0,-31.1624,-11.8059,0.6499,0.0,True,ok
data\interim\segmented\spasmodic_dysphonia\fc4oF-q1SXg_seg_275.wav,fc4oF-q1SXg_seg_275.wav,fc4oF-q1SXg,True,16000,1,3.0,-20.2416,-5.5803,0.1757,0.0,True,ok
data\interim\segmented\spasmodic_dysphonia\fc4oF-q1SXg_seg_276.wav,fc4oF-q1SXg_seg_276.wav,fc4oF-q1SXg,True,16000,1,3.0,-24.3229,-5.1152,0.2413,0.0,True,ok
data\interim\segmented\spasmodic_dysphonia\fc4oF-q1SXg_seg_277.wav,fc4oF-q1SXg_seg_277.wav,fc4oF-q1SXg,True,16000,1,3.0,-27.4197,-9.0109,0.4555,0.0,True,ok
data\interim\segmented\spasmodic_dysphonia\fc4oF-q1SXg_seg_278.wav,fc4oF-q1SXg_seg_278.wav,fc4oF-q1SXg,True,16000,1,3.0,-24.2048,-7.2785,0.3884,0.0,True,ok
data\interim\segmented\spasmodic_dysphonia\fc4oF-q1SXg_seg_279.wav,fc4oF-q1SXg_seg_279.wav,fc4oF-q1SXg,True,16000,1,3.0,-25.0872,-9.5049,0.2063,0.0,True,ok
data\interim\segmented\spasmodic_dysphonia\fc4oF-q1SXg_seg_280.wav,fc4oF-q1SXg_seg_280.wav,fc4oF-q1SXg,True,16000,1,3.0,-29.9214,-11.4342,0.422,0.0,True,ok
data\interim\segmented\spasmodic_dysphonia\fc4oF-q1SXg_seg_281.wav,fc4oF-q1SXg_seg_281.wav,fc4oF-q1SXg,True,16000,1,3.0,-23.8295,-3.0112,0.4044,0.0,True,ok
data\interim\segmented\spasmodic_dysphonia\fc4oF-q1SXg_seg_282.wav,fc4oF-q1SXg_seg_282.wav,fc4oF-q1SXg,True,16000,1,3.0,-21.25,-6.6044,0.1676,0.0,True,ok
data\interim\segmented\spasmodic_dysphonia\fc4oF-q1SXg_seg_283.wav,fc4oF-q1SXg_seg_283.wav,fc4oF-q1SXg,True,16000,1,3.0,-23.7757,-5.4259,0.4711,0.0,True,ok
data\interim\segmented\spasmodic_dysphonia\fc4oF-q1SXg_seg_284.wav,fc4oF-q1SXg_seg_284.wav,fc4oF-q1SXg,True,16000,1,3.0,-20.2269,-2.3471,0.3114,0.0,True,ok
data\interim\segmented\spasmodic_dysphonia\fc4oF-q1SXg_seg_285.wav,fc4oF-q1SXg_seg_285.wav,fc4oF-q1SXg,True,16000,1,3.0,-25.4531,-8.6053,0.3713,0.0,True,ok
data\interim\segmented\spasmodic_dysphonia\fc4oF-q1SXg_seg_286.wav,fc4oF-q1SXg_seg_286.wav,fc4oF-q1SXg,True,16000,1,3.0,-25.2061,-8.3652,0.3448,0.0,True,ok
data\interim\segmented\spasmodic_dysphonia\fc4oF-q1SXg_seg_287.wav,fc4oF-q1SXg_seg_287.wav,fc4oF-q1SXg,True,16000,1,3.0,-26.4267,-8.7232,0.2189,0.0,True,ok
data\interim\segmented\spasmodic_dysphonia\fc4oF-q1SXg_seg_288.wav,fc4oF-q1SXg_seg_288.wav,fc4oF-q1SXg,True,16000,1,3.0,-27.1632,-7.9563,0.5827,0.0,True,ok
data\interim\segmented\spasmodic_dysphonia\fc4oF-q1SXg_seg_289.wav,fc4oF-q1SXg_seg_289.wav,fc4oF-q1SXg,True,16000,1,3.0,-22.4043,-4.8908,0.4309,0.0,True,ok
data\interim\segmented\spasmodic_dysphonia\fc4oF-q1SXg_seg_290.wav,fc4oF-q1SXg_seg_290.wav,fc4oF-q1SXg,True,16000,1,3.0,-22.0262,-4.3577,0.2836,0.0,True,ok
data\interim\segmented\spasmodic_dysphonia\fc4oF-q1SXg_seg_291.wav,fc4oF-q1SXg_seg_291.wav,fc4oF-q1SXg,True,16000,1,3.0,-26.0733,-7.9384,0.3822,0.0,True,ok
data\interim\segmented\spasmodic_dysphonia\G4EAQfQ9qb4_seg_000.wav,G4EAQfQ9qb4_seg_000.wav,G4EAQfQ9qb4,True,16000,1,3.0,-41.0425,-26.793,0.6422,0.0,True,ok
data\interim\segmented\spasmodic_dysphonia\G4EAQfQ9qb4_seg_001.wav,G4EAQfQ9qb4_seg_001.wav,G4EAQfQ9qb4,True,16000,1,3.0,-43.9079,-29.1938,0.6956,0.0,True,ok
data\interim\segmented\spasmodic_dysphonia\G4EAQfQ9qb4_seg_002.wav,G4EAQfQ9qb4_seg_002.wav,G4EAQfQ9qb4,True,16000,1,3.0,-42.1134,-26.4521,0.7105,0.0,True,ok
data\interim\segmented\spasmodic_dysphonia\G4EAQfQ9qb4_seg_003.wav,G4EAQfQ9qb4_seg_003.wav,G4EAQfQ9qb4,True,16000,1,3.0,-43.1441,-27.7864,0.6642,0.0,True,ok
data\interim\segmented\spasmodic_dysphonia\G4EAQfQ9qb4_seg_004.wav,G4EAQfQ9qb4_seg_004.wav,G4EAQfQ9qb4,True,16000,1,3.0,-47.9313,-29.3713,0.8698,0.0,False,mostly_silence:0.87
data\interim\segmented\spasmodic_dysphonia\G4EAQfQ9qb4_seg_005.wav,G4EAQfQ9qb4_seg_005.wav,G4EAQfQ9qb4,True,16000,1,3.0,-39.5973,-22.0095,0.6402,0.0,True,ok
data\interim\segmented\spasmodic_dysphonia\G4EAQfQ9qb4_seg_006.wav,G4EAQfQ9qb4_seg_006.wav,G4EAQfQ9qb4,True,16000,1,3.0,-42.4816,-27.9107,0.6669,0.0,True,ok
data\interim\segmented\spasmodic_dysphonia\G4EAQfQ9qb4_seg_007.wav,G4EAQfQ9qb4_seg_007.wav,G4EAQfQ9qb4,True,16000,1,3.0,-43.6831,-25.3692,0.7341,0.0,True,ok
data\interim\segmented\spasmodic_dysphonia\G4EAQfQ9qb4_seg_008.wav,G4EAQfQ9qb4_seg_008.wav,G4EAQfQ9qb4,True,16000,1,3.0,-39.4954,-22.5257,0.55,0.0,True,ok
data\interim\segmented\spasmodic_dysphonia\G4EAQfQ9qb4_seg_009.wav,G4EAQfQ9qb4_seg_009.wav,G4EAQfQ9qb4,True,16000,1,3.0,-42.1555,-28.8054,0.6079,0.0,True,ok
data\interim\segmented\spasmodic_dysphonia\G4EAQfQ9qb4_seg_010.wav,G4EAQfQ9qb4_seg_010.wav,G4EAQfQ9qb4,True,16000,1,3.0,-40.1617,-22.2535,0.6281,0.0,True,ok
data\interim\segmented\spasmodic_dysphonia\G4EAQfQ9qb4_seg_011.wav,G4EAQfQ9qb4_seg_011.wav,G4EAQfQ9qb4,True,16000,1,3.0,-42.4956,-25.8859,0.646,0.0,True,ok
data\interim\segmented\spasmodic_dysphonia\G4EAQfQ9qb4_seg_012.wav,G4EAQfQ9qb4_seg_012.wav,G4EAQfQ9qb4,True,16000,1,3.0,-40.2291,-24.3494,0.6498,0.0,True,ok
data\interim\segmented\spasmodic_dysphonia\G4EAQfQ9qb4_seg_013.wav,G4EAQfQ9qb4_seg_013.wav,G4EAQfQ9qb4,True,16000,1,2.097,-40.0832,-25.1123,0.5853,0.0,True,ok
data\interim\segmented\spasmodic_dysphonia\g6oef19xr38_seg_000.wav,g6oef19xr38_seg_000.wav,g6oef19xr38,True,16000,1,3.0,-25.2965,-13.2509,0.0947,0.0,True,ok
data\interim\segmented\spasmodic_dysphonia\g6oef19xr38_seg_001.wav,g6oef19xr38_seg_001.wav,g6oef19xr38,True,16000,1,3.0,-23.6166,-5.249,0.1588,0.0,True,ok
data\interim\segmented\spasmodic_dysphonia\g6oef19xr38_seg_002.wav,g6oef19xr38_seg_002.wav,g6oef19xr38,True,16000,1,3.0,-25.8991,-8.878,0.1966,0.0,True,ok
data\interim\segmented\spasmodic_dysphonia\g6oef19xr38_seg_003.wav,g6oef19xr38_seg_003.wav,g6oef19xr38,True,16000,1,3.0,-26.3368,-10.1259,0.1361,0.0,True,ok
data\interim\segmented\spasmodic_dysphonia\g6oef19xr38_seg_004.wav,g6oef19xr38_seg_004.wav,g6oef19xr38,True,16000,1,3.0,-28.2219,-11.9957,0.2226,0.0,True,ok
data\interim\segmented\spasmodic_dysphonia\g6oef19xr38_seg_005.wav,g6oef19xr38_seg_005.wav,g6oef19xr38,True,16000,1,3.0,-26.7542,-8.1445,0.1794,0.0,True,ok
data\interim\segmented\spasmodic_dysphonia\g6oef19xr38_seg_006.wav,g6oef19xr38_seg_006.wav,g6oef19xr38,True,16000,1,3.0,-27.4625,-10.8714,0.211,0.0,True,ok
data\interim\segmented\spasmodic_dysphonia\g6oef19xr38_seg_007.wav,g6oef19xr38_seg_007.wav,g6oef19xr38,True,16000,1,3.0,-27.754,-8.8266,0.2645,0.0,True,ok
data\interim\segmented\spasmodic_dysphonia\g6oef19xr38_seg_008.wav,g6oef19xr38_seg_008.wav,g6oef19xr38,True,16000,1,3.0,-27.7595,-9.8736,0.2531,0.0,True,ok
data\interim\segmented\spasmodic_dysphonia\g6oef19xr38_seg_009.wav,g6oef19xr38_seg_009.wav,g6oef19xr38,True,16000,1,3.0,-28.7103,-8.9691,0.4446,0.0,True,ok
data\interim\segmented\spasmodic_dysphonia\g6oef19xr38_seg_010.wav,g6oef19xr38_seg_010.wav,g6oef19xr38,True,16000,1,3.0,-26.7465,-8.5619,0.4288,0.0,True,ok
data\interim\segmented\spasmodic_dysphonia\g6oef19xr38_seg_011.wav,g6oef19xr38_seg_011.wav,g6oef19xr38,True,16000,1,3.0,-29.5604,-12.3488,0.4881,0.0,True,ok
data\interim\segmented\spasmodic_dysphonia\g6oef19xr38_seg_012.wav,g6oef19xr38_seg_012.wav,g6oef19xr38,True,16000,1,3.0,-27.3403,-9.8062,0.3704,0.0,True,ok
data\interim\segmented\spasmodic_dysphonia\g6oef19xr38_seg_013.wav,g6oef19xr38_seg_013.wav,g6oef19xr38,True,16000,1,3.0,-27.757,-8.7981,0.3812,0.0,True,ok
data\interim\segmented\spasmodic_dysphonia\g6oef19xr38_seg_014.wav,g6oef19xr38_seg_014.wav,g6oef19xr38,True,16000,1,3.0,-26.6192,-7.3592,0.4411,0.0,True,ok
data\interim\segmented\spasmodic_dysphonia\g6oef19xr38_seg_015.wav,g6oef19xr38_seg_015.wav,g6oef19xr38,True,16000,1,3.0,-26.5308,-8.073,0.2153,0.0,True,ok
data\interim\segmented\spasmodic_dysphonia\g6oef19xr38_seg_016.wav,g6oef19xr38_seg_016.wav,g6oef19xr38,True,16000,1,3.0,-27.9837,-9.516,0.2644,0.0,True,ok
data\interim\segmented\spasmodic_dysphonia\g6oef19xr38_seg_017.wav,g6oef19xr38_seg_017.wav,g6oef19xr38,True,16000,1,3.0,-27.3327,-8.9899,0.224,0.0,True,ok
data\interim\segmented\spasmodic_dysphonia\g6oef19xr38_seg_018.wav,g6oef19xr38_seg_018.wav,g6oef19xr38,True,16000,1,3.0,-27.5653,-11.0389,0.201,0.0,True,ok
data\interim\segmented\spasmodic_dysphonia\g6oef19xr38_seg_019.wav,g6oef19xr38_seg_019.wav,g6oef19xr38,True,16000,1,3.0,-24.9408,-7.4813,0.1546,0.0,True,ok
data\interim\segmented\spasmodic_dysphonia\g6oef19xr38_seg_020.wav,g6oef19xr38_seg_020.wav,g6oef19xr38,True,16000,1,3.0,-26.8449,-8.4504,0.2776,0.0,True,ok
data\interim\segmented\spasmodic_dysphonia\g6oef19xr38_seg_021.wav,g6oef19xr38_seg_021.wav,g6oef19xr38,True,16000,1,3.0,-25.9852,-7.9133,0.2437,0.0,True,ok
data\interim\segmented\spasmodic_dysphonia\g6oef19xr38_seg_022.wav,g6oef19xr38_seg_022.wav,g6oef19xr38,True,16000,1,3.0,-26.6463,-8.7762,0.1993,0.0,True,ok
data\interim\segmented\spasmodic_dysphonia\g6oef19xr38_seg_023.wav,g6oef19xr38_seg_023.wav,g6oef19xr38,True,16000,1,3.0,-25.9069,-9.1724,0.2761,0.0,True,ok
data\interim\segmented\spasmodic_dysphonia\g6oef19xr38_seg_024.wav,g6oef19xr38_seg_024.wav,g6oef19xr38,True,16000,1,3.0,-21.544,-3.2322,0.1128,0.0,True,ok
data\interim\segmented\spasmodic_dysphonia\g6oef19xr38_seg_025.wav,g6oef19xr38_seg_025.wav,g6oef19xr38,True,16000,1,3.0,-23.1704,-4.4497,0.2684,0.0,True,ok
data\interim\segmented\spasmodic_dysphonia\g6oef19xr38_seg_026.wav,g6oef19xr38_seg_026.wav,g6oef19xr38,True,16000,1,3.0,-23.0096,-7.0035,0.2365,0.0,True,ok
data\interim\segmented\spasmodic_dysphonia\g6oef19xr38_seg_027.wav,g6oef19xr38_seg_027.wav,g6oef19xr38,True,16000,1,3.0,-22.9778,-7.7721,0.2753,0.0,True,ok
data\interim\segmented\spasmodic_dysphonia\g6oef19xr38_seg_028.wav,g6oef19xr38_seg_028.wav,g6oef19xr38,True,16000,1,3.0,-24.2455,-7.8575,0.2202,0.0,True,ok
data\interim\segmented\spasmodic_dysphonia\g6oef19xr38_seg_029.wav,g6oef19xr38_seg_029.wav,g6oef19xr38,True,16000,1,3.0,-23.5929,-8.0328,0.2727,0.0,True,ok
data\interim\segmented\spasmodic_dysphonia\g6oef19xr38_seg_030.wav,g6oef19xr38_seg_030.wav,g6oef19xr38,True,16000,1,3.0,-23.7356,-8.0141,0.2751,0.0,True,ok
data\interim\segmented\spasmodic_dysphonia\g6oef19xr38_seg_031.wav,g6oef19xr38_seg_031.wav,g6oef19xr38,True,16000,1,3.0,-23.5145,-6.1214,0.2074,0.0,True,ok
data\interim\segmented\spasmodic_dysphonia\g6oef19xr38_seg_032.wav,g6oef19xr38_seg_032.wav,g6oef19xr38,True,16000,1,3.0,-25.8509,-10.4482,0.239,0.0,True,ok
data\interim\segmented\spasmodic_dysphonia\g6oef19xr38_seg_033.wav,g6oef19xr38_seg_033.wav,g6oef19xr38,True,16000,1,3.0,-27.8591,-11.4917,0.4259,0.0,True,ok
data\interim\segmented\spasmodic_dysphonia\g6oef19xr38_seg_034.wav,g6oef19xr38_seg_034.wav,g6oef19xr38,True,16000,1,3.0,-26.8011,-4.8328,0.4618,0.0,True,ok
data\interim\segmented\spasmodic_dysphonia\g6oef19xr38_seg_035.wav,g6oef19xr38_seg_035.wav,g6oef19xr38,True,16000,1,3.0,-29.5882,-9.9617,0.3261,0.0,True,ok
data\interim\segmented\spasmodic_dysphonia\g6oef19xr38_seg_036.wav,g6oef19xr38_seg_036.wav,g6oef19xr38,True,16000,1,3.0,-25.1244,-1.3863,0.5351,0.0,True,ok
data\interim\segmented\spasmodic_dysphonia\g6oef19xr38_seg_037.wav,g6oef19xr38_seg_037.wav,g6oef19xr38,True,16000,1,3.0,-27.9251,-9.0431,0.2647,0.0,True,ok
data\interim\segmented\spasmodic_dysphonia\g6oef19xr38_seg_038.wav,g6oef19xr38_seg_038.wav,g6oef19xr38,True,16000,1,3.0,-31.3749,-13.1274,0.395,0.0,True,ok
data\interim\segmented\spasmodic_dysphonia\g6oef19xr38_seg_039.wav,g6oef19xr38_seg_039.wav,g6oef19xr38,True,16000,1,3.0,-26.5248,-7.6127,0.4173,0.0,True,ok
data\interim\segmented\spasmodic_dysphonia\g6oef19xr38_seg_040.wav,g6oef19xr38_seg_040.wav,g6oef19xr38,True,16000,1,3.0,-27.4839,-8.1553,0.3222,0.0,True,ok
data\interim\segmented\spasmodic_dysphonia\g6oef19xr38_seg_041.wav,g6oef19xr38_seg_041.wav,g6oef19xr38,True,16000,1,3.0,-30.2037,-10.214,0.3424,0.0,True,ok
data\interim\segmented\spasmodic_dysphonia\g6oef19xr38_seg_042.wav,g6oef19xr38_seg_042.wav,g6oef19xr38,True,16000,1,3.0,-30.7039,-8.4799,0.3425,0.0,True,ok
data\interim\segmented\spasmodic_dysphonia\g6oef19xr38_seg_043.wav,g6oef19xr38_seg_043.wav,g6oef19xr38,True,16000,1,3.0,-31.9715,-11.5037,0.4139,0.0,True,ok
data\interim\segmented\spasmodic_dysphonia\g6oef19xr38_seg_044.wav,g6oef19xr38_seg_044.wav,g6oef19xr38,True,16000,1,3.0,-31.6422,-9.6752,0.402,0.0,True,ok
data\interim\segmented\spasmodic_dysphonia\g6oef19xr38_seg_045.wav,g6oef19xr38_seg_045.wav,g6oef19xr38,True,16000,1,3.0,-27.0795,-14.1124,0.0716,0.0,True,ok
data\interim\segmented\spasmodic_dysphonia\g6oef19xr38_seg_046.wav,g6oef19xr38_seg_046.wav,g6oef19xr38,True,16000,1,3.0,-25.2221,-12.3565,0.0561,0.0,True,ok
data\interim\segmented\spasmodic_dysphonia\g6oef19xr38_seg_047.wav,g6oef19xr38_seg_047.wav,g6oef19xr38,True,16000,1,2.819,-28.5603,-17.2873,0.104,0.0,True,ok
data\interim\segmented\spasmodic_dysphonia\G_-Y87hhuYk_seg_000.wav,G_-Y87hhuYk_seg_000.wav,G_-Y87hhuYk,True,16000,1,3.0,-22.305,-4.2287,0.3575,0.0,True,ok
data\interim\segmented\spasmodic_dysphonia\G_-Y87hhuYk_seg_001.wav,G_-Y87hhuYk_seg_001.wav,G_-Y87hhuYk,True,16000,1,3.0,-21.9706,-1.4088,0.3522,0.0,True,ok
data\interim\segmented\spasmodic_dysphonia\G_-Y87hhuYk_seg_002.wav,G_-Y87hhuYk_seg_002.wav,G_-Y87hhuYk,True,16000,1,3.0,-20.0507,-5.6481,0.2326,0.0,True,ok
data\interim\segmented\spasmodic_dysphonia\G_-Y87hhuYk_seg_003.wav,G_-Y87hhuYk_seg_003.wav,G_-Y87hhuYk,True,16000,1,3.0,-21.5429,-3.3172,0.4016,0.0,True,ok
data\interim\segmented\spasmodic_dysphonia\G_-Y87hhuYk_seg_004.wav,G_-Y87hhuYk_seg_004.wav,G_-Y87hhuYk,True,16000,1,3.0,-21.1067,-1.9878,0.3157,0.0,True,ok
data\interim\segmented\spasmodic_dysphonia\G_-Y87hhuYk_seg_005.wav,G_-Y87hhuYk_seg_005.wav,G_-Y87hhuYk,True,16000,1,3.0,-21.6569,-4.0098,0.3039,0.0,True,ok
data\interim\segmented\spasmodic_dysphonia\G_-Y87hhuYk_seg_006.wav,G_-Y87hhuYk_seg_006.wav,G_-Y87hhuYk,True,16000,1,3.0,-20.5597,-2.3756,0.3896,0.0,True,ok
data\interim\segmented\spasmodic_dysphonia\G_-Y87hhuYk_seg_007.wav,G_-Y87hhuYk_seg_007.wav,G_-Y87hhuYk,True,16000,1,3.0,-18.5042,-3.2592,0.1737,0.0,True,ok
data\interim\segmented\spasmodic_dysphonia\G_-Y87hhuYk_seg_008.wav,G_-Y87hhuYk_seg_008.wav,G_-Y87hhuYk,True,16000,1,3.0,-21.4779,-3.1701,0.5131,0.0,True,ok
data\interim\segmented\spasmodic_dysphonia\G_-Y87hhuYk_seg_009.wav,G_-Y87hhuYk_seg_009.wav,G_-Y87hhuYk,True,16000,1,3.0,-20.0712,-1.8398,0.1781,0.0,True,ok
data\interim\segmented\spasmodic_dysphonia\G_-Y87hhuYk_seg_010.wav,G_-Y87hhuYk_seg_010.wav,G_-Y87hhuYk,True,16000,1,3.0,-21.0108,-3.8949,0.3278,0.0,True,ok
data\interim\segmented\spasmodic_dysphonia\G_-Y87hhuYk_seg_011.wav,G_-Y87hhuYk_seg_011.wav,G_-Y87hhuYk,True,16000,1,3.0,-20.3163,-4.1771,0.1341,0.0,True,ok
data\interim\segmented\spasmodic_dysphonia\G_-Y87hhuYk_seg_012.wav,G_-Y87hhuYk_seg_012.wav,G_-Y87hhuYk,True,16000,1,3.0,-19.8726,-3.8572,0.2211,0.0,True,ok
data\interim\segmented\spasmodic_dysphonia\G_-Y87hhuYk_seg_013.wav,G_-Y87hhuYk_seg_013.wav,G_-Y87hhuYk,True,16000,1,3.0,-20.7969,-1.5768,0.2572,0.0,True,ok
data\interim\segmented\spasmodic_dysphonia\G_-Y87hhuYk_seg_014.wav,G_-Y87hhuYk_seg_014.wav,G_-Y87hhuYk,True,16000,1,3.0,-21.5157,-2.1826,0.299,0.0,True,ok
data\interim\segmented\spasmodic_dysphonia\G_-Y87hhuYk_seg_015.wav,G_-Y87hhuYk_seg_015.wav,G_-Y87hhuYk,True,16000,1,3.0,-21.3419,-1.1438,0.3186,0.0,True,ok
data\interim\segmented\spasmodic_dysphonia\G_-Y87hhuYk_seg_016.wav,G_-Y87hhuYk_seg_016.wav,G_-Y87hhuYk,True,16000,1,3.0,-20.2653,-3.0971,0.3496,0.0,True,ok
data\interim\segmented\spasmodic_dysphonia\G_-Y87hhuYk_seg_017.wav,G_-Y87hhuYk_seg_017.wav,G_-Y87hhuYk,True,16000,1,3.0,-18.9938,-1.647,0.4878,0.0,True,ok
data\interim\segmented\spasmodic_dysphonia\G_-Y87hhuYk_seg_018.wav,G_-Y87hhuYk_seg_018.wav,G_-Y87hhuYk,True,16000,1,3.0,-19.9337,-3.9181,0.2983,0.0,True,ok
data\interim\segmented\spasmodic_dysphonia\G_-Y87hhuYk_seg_019.wav,G_-Y87hhuYk_seg_019.wav,G_-Y87hhuYk,True,16000,1,3.0,-20.8897,-4.8578,0.3012,0.0,True,ok
data\interim\segmented\spasmodic_dysphonia\G_-Y87hhuYk_seg_020.wav,G_-Y87hhuYk_seg_020.wav,G_-Y87hhuYk,True,16000,1,3.0,-22.5501,-4.7403,0.4982,0.0,True,ok
data\interim\segmented\spasmodic_dysphonia\G_-Y87hhuYk_seg_021.wav,G_-Y87hhuYk_seg_021.wav,G_-Y87hhuYk,True,16000,1,3.0,-19.4063,-3.3949,0.1112,0.0,True,ok
data\interim\segmented\spasmodic_dysphonia\G_-Y87hhuYk_seg_022.wav,G_-Y87hhuYk_seg_022.wav,G_-Y87hhuYk,True,16000,1,3.0,-22.4876,-2.3913,0.355,0.0,True,ok
data\interim\segmented\spasmodic_dysphonia\G_-Y87hhuYk_seg_023.wav,G_-Y87hhuYk_seg_023.wav,G_-Y87hhuYk,True,16000,1,3.0,-21.8561,-4.0638,0.1821,0.0,True,ok
data\interim\segmented\spasmodic_dysphonia\G_-Y87hhuYk_seg_024.wav,G_-Y87hhuYk_seg_024.wav,G_-Y87hhuYk,True,16000,1,3.0,-19.9876,-0.9785,0.3298,0.0,True,ok
data\interim\segmented\spasmodic_dysphonia\G_-Y87hhuYk_seg_025.wav,G_-Y87hhuYk_seg_025.wav,G_-Y87hhuYk,True,16000,1,3.0,-20.502,-1.4103,0.3426,0.0,True,ok
data\interim\segmented\spasmodic_dysphonia\G_-Y87hhuYk_seg_026.wav,G_-Y87hhuYk_seg_026.wav,G_-Y87hhuYk,True,16000,1,3.0,-22.066,-4.4905,0.2481,0.0,True,ok
data\interim\segmented\spasmodic_dysphonia\G_-Y87hhuYk_seg_027.wav,G_-Y87hhuYk_seg_027.wav,G_-Y87hhuYk,True,16000,1,3.0,-21.1934,-0.6527,0.4899,0.0,True,ok
data\interim\segmented\spasmodic_dysphonia\G_-Y87hhuYk_seg_028.wav,G_-Y87hhuYk_seg_028.wav,G_-Y87hhuYk,True,16000,1,3.0,-21.35,-0.8738,0.4032,0.0,True,ok
data\interim\segmented\spasmodic_dysphonia\G_-Y87hhuYk_seg_029.wav,G_-Y87hhuYk_seg_029.wav,G_-Y87hhuYk,True,16000,1,3.0,-20.884,-4.4759,0.373,0.0,True,ok
data\interim\segmented\spasmodic_dysphonia\G_-Y87hhuYk_seg_030.wav,G_-Y87hhuYk_seg_030.wav,G_-Y87hhuYk,True,16000,1,3.0,-21.2808,-2.291,0.2128,0.0,True,ok
data\interim\segmented\spasmodic_dysphonia\G_-Y87hhuYk_seg_031.wav,G_-Y87hhuYk_seg_031.wav,G_-Y87hhuYk,True,16000,1,3.0,-20.6495,-2.2607,0.3174,0.0,True,ok
data\interim\segmented\spasmodic_dysphonia\G_-Y87hhuYk_seg_032.wav,G_-Y87hhuYk_seg_032.wav,G_-Y87hhuYk,True,16000,1,3.0,-20.5689,-4.5902,0.4992,0.0,True,ok
data\interim\segmented\spasmodic_dysphonia\G_-Y87hhuYk_seg_033.wav,G_-Y87hhuYk_seg_033.wav,G_-Y87hhuYk,True,16000,1,3.0,-19.4912,-2.7552,0.2675,0.0,True,ok
data\interim\segmented\spasmodic_dysphonia\G_-Y87hhuYk_seg_034.wav,G_-Y87hhuYk_seg_034.wav,G_-Y87hhuYk,True,16000,1,3.0,-20.5671,-2.0427,0.3538,0.0,True,ok
data\interim\segmented\spasmodic_dysphonia\G_-Y87hhuYk_seg_035.wav,G_-Y87hhuYk_seg_035.wav,G_-Y87hhuYk,True,16000,1,3.0,-19.9708,-0.9542,0.2819,0.0,True,ok
data\interim\segmented\spasmodic_dysphonia\G_-Y87hhuYk_seg_036.wav,G_-Y87hhuYk_seg_036.wav,G_-Y87hhuYk,True,16000,1,3.0,-19.9629,-4.4838,0.3349,0.0,True,ok
data\interim\segmented\spasmodic_dysphonia\G_-Y87hhuYk_seg_037.wav,G_-Y87hhuYk_seg_037.wav,G_-Y87hhuYk,True,16000,1,3.0,-19.9875,-1.4603,0.4248,0.0,True,ok
data\interim\segmented\spasmodic_dysphonia\G_-Y87hhuYk_seg_038.wav,G_-Y87hhuYk_seg_038.wav,G_-Y87hhuYk,True,16000,1,3.0,-19.5586,-3.0964,0.2033,0.0,True,ok
data\interim\segmented\spasmodic_dysphonia\G_-Y87hhuYk_seg_039.wav,G_-Y87hhuYk_seg_039.wav,G_-Y87hhuYk,True,16000,1,3.0,-22.0646,-0.9081,0.4871,0.0,True,ok
data\interim\segmented\spasmodic_dysphonia\G_-Y87hhuYk_seg_040.wav,G_-Y87hhuYk_seg_040.wav,G_-Y87hhuYk,True,16000,1,3.0,-21.0537,-2.7665,0.289,0.0,True,ok
data\interim\segmented\spasmodic_dysphonia\G_-Y87hhuYk_seg_041.wav,G_-Y87hhuYk_seg_041.wav,G_-Y87hhuYk,True,16000,1,3.0,-21.0786,-4.5181,0.4547,0.0,True,ok
data\interim\segmented\spasmodic_dysphonia\G_-Y87hhuYk_seg_042.wav,G_-Y87hhuYk_seg_042.wav,G_-Y87hhuYk,True,16000,1,3.0,-21.9807,-2.2958,0.2464,0.0,True,ok
data\interim\segmented\spasmodic_dysphonia\G_-Y87hhuYk_seg_043.wav,G_-Y87hhuYk_seg_043.wav,G_-Y87hhuYk,True,16000,1,3.0,-19.4936,-1.3519,0.1386,0.0,True,ok
data\interim\segmented\spasmodic_dysphonia\G_-Y87hhuYk_seg_044.wav,G_-Y87hhuYk_seg_044.wav,G_-Y87hhuYk,True,16000,1,3.0,-19.2072,-1.2139,0.2871,0.0,True,ok
data\interim\segmented\spasmodic_dysphonia\G_-Y87hhuYk_seg_045.wav,G_-Y87hhuYk_seg_045.wav,G_-Y87hhuYk,True,16000,1,3.0,-19.7674,-2.04,0.1954,0.0,True,ok
data\interim\segmented\spasmodic_dysphonia\G_-Y87hhuYk_seg_046.wav,G_-Y87hhuYk_seg_046.wav,G_-Y87hhuYk,True,16000,1,3.0,-20.5682,-2.3718,0.3094,0.0,True,ok
data\interim\segmented\spasmodic_dysphonia\G_-Y87hhuYk_seg_047.wav,G_-Y87hhuYk_seg_047.wav,G_-Y87hhuYk,True,16000,1,3.0,-19.5089,-2.0166,0.1729,0.0,True,ok
data\interim\segmented\spasmodic_dysphonia\G_-Y87hhuYk_seg_048.wav,G_-Y87hhuYk_seg_048.wav,G_-Y87hhuYk,True,16000,1,3.0,-19.9342,-3.3859,0.3608,0.0,True,ok
data\interim\segmented\spasmodic_dysphonia\G_-Y87hhuYk_seg_049.wav,G_-Y87hhuYk_seg_049.wav,G_-Y87hhuYk,True,16000,1,3.0,-21.3037,-3.3223,0.1875,0.0,True,ok
data\interim\segmented\spasmodic_dysphonia\G_-Y87hhuYk_seg_050.wav,G_-Y87hhuYk_seg_050.wav,G_-Y87hhuYk,True,16000,1,3.0,-19.5879,-2.1273,0.3782,0.0,True,ok
data\interim\segmented\spasmodic_dysphonia\G_-Y87hhuYk_seg_051.wav,G_-Y87hhuYk_seg_051.wav,G_-Y87hhuYk,True,16000,1,3.0,-21.0998,-2.1833,0.2657,0.0,True,ok
data\interim\segmented\spasmodic_dysphonia\G_-Y87hhuYk_seg_052.wav,G_-Y87hhuYk_seg_052.wav,G_-Y87hhuYk,True,16000,1,3.0,-20.4113,-3.3843,0.2594,0.0,True,ok
data\interim\segmented\spasmodic_dysphonia\G_-Y87hhuYk_seg_053.wav,G_-Y87hhuYk_seg_053.wav,G_-Y87hhuYk,True,16000,1,2.112,-24.3351,-0.9607,0.5946,0.0,True,ok
data\interim\segmented\spasmodic_dysphonia\gdHAkgFHWpQ_seg_000.wav,gdHAkgFHWpQ_seg_000.wav,gdHAkgFHWpQ,True,16000,1,3.0,-28.1895,-16.088,0.1032,0.0,True,ok
data\interim\segmented\spasmodic_dysphonia\gdHAkgFHWpQ_seg_001.wav,gdHAkgFHWpQ_seg_001.wav,gdHAkgFHWpQ,True,16000,1,3.0,-28.581,-9.437,0.2573,0.0,True,ok
data\interim\segmented\spasmodic_dysphonia\gdHAkgFHWpQ_seg_002.wav,gdHAkgFHWpQ_seg_002.wav,gdHAkgFHWpQ,True,16000,1,3.0,-29.1698,-12.9679,0.2481,0.0,True,ok
data\interim\segmented\spasmodic_dysphonia\gdHAkgFHWpQ_seg_003.wav,gdHAkgFHWpQ_seg_003.wav,gdHAkgFHWpQ,True,16000,1,3.0,-30.453,-12.0795,0.3076,0.0,True,ok
data\interim\segmented\spasmodic_dysphonia\gdHAkgFHWpQ_seg_004.wav,gdHAkgFHWpQ_seg_004.wav,gdHAkgFHWpQ,True,16000,1,3.0,-27.9481,-10.528,0.2342,0.0,True,ok
data\interim\segmented\spasmodic_dysphonia\gdHAkgFHWpQ_seg_005.wav,gdHAkgFHWpQ_seg_005.wav,gdHAkgFHWpQ,True,16000,1,3.0,-27.8181,-8.9393,0.1872,0.0,True,ok
data\interim\segmented\spasmodic_dysphonia\gdHAkgFHWpQ_seg_006.wav,gdHAkgFHWpQ_seg_006.wav,gdHAkgFHWpQ,True,16000,1,3.0,-30.5815,-12.0858,0.2501,0.0,True,ok
data\interim\segmented\spasmodic_dysphonia\gdHAkgFHWpQ_seg_007.wav,gdHAkgFHWpQ_seg_007.wav,gdHAkgFHWpQ,True,16000,1,3.0,-27.6419,-9.4418,0.2351,0.0,True,ok
data\interim\segmented\spasmodic_dysphonia\gdHAkgFHWpQ_seg_008.wav,gdHAkgFHWpQ_seg_008.wav,gdHAkgFHWpQ,True,16000,1,3.0,-29.4174,-10.3578,0.252,0.0,True,ok
data\interim\segmented\spasmodic_dysphonia\gdHAkgFHWpQ_seg_009.wav,gdHAkgFHWpQ_seg_009.wav,gdHAkgFHWpQ,True,16000,1,3.0,-28.0535,-11.0863,0.2113,0.0,True,ok
data\interim\segmented\spasmodic_dysphonia\gdHAkgFHWpQ_seg_010.wav,gdHAkgFHWpQ_seg_010.wav,gdHAkgFHWpQ,True,16000,1,3.0,-26.554,-8.7798,0.2143,0.0,True,ok
data\interim\segmented\spasmodic_dysphonia\gdHAkgFHWpQ_seg_011.wav,gdHAkgFHWpQ_seg_011.wav,gdHAkgFHWpQ,True,16000,1,3.0,-28.147,-8.8515,0.2074,0.0,True,ok
data\interim\segmented\spasmodic_dysphonia\gdHAkgFHWpQ_seg_012.wav,gdHAkgFHWpQ_seg_012.wav,gdHAkgFHWpQ,True,16000,1,3.0,-29.9233,-11.3888,0.2319,0.0,True,ok
data\interim\segmented\spasmodic_dysphonia\gdHAkgFHWpQ_seg_013.wav,gdHAkgFHWpQ_seg_013.wav,gdHAkgFHWpQ,True,16000,1,3.0,-27.548,-8.1235,0.2338,0.0,True,ok
data\interim\segmented\spasmodic_dysphonia\gdHAkgFHWpQ_seg_014.wav,gdHAkgFHWpQ_seg_014.wav,gdHAkgFHWpQ,True,16000,1,3.0,-26.9282,-10.2269,0.2027,0.0,True,ok
data\interim\segmented\spasmodic_dysphonia\gdHAkgFHWpQ_seg_015.wav,gdHAkgFHWpQ_seg_015.wav,gdHAkgFHWpQ,True,16000,1,3.0,-30.1754,-11.5486,0.2352,0.0,True,ok
data\interim\segmented\spasmodic_dysphonia\gdHAkgFHWpQ_seg_016.wav,gdHAkgFHWpQ_seg_016.wav,gdHAkgFHWpQ,True,16000,1,3.0,-30.9299,-11.7176,0.287,0.0,True,ok
data\interim\segmented\spasmodic_dysphonia\gdHAkgFHWpQ_seg_017.wav,gdHAkgFHWpQ_seg_017.wav,gdHAkgFHWpQ,True,16000,1,3.0,-28.9494,-10.9225,0.2716,0.0,True,ok
data\interim\segmented\spasmodic_dysphonia\gdHAkgFHWpQ_seg_018.wav,gdHAkgFHWpQ_seg_018.wav,gdHAkgFHWpQ,True,16000,1,3.0,-28.6922,-11.6453,0.2213,0.0,True,ok
data\interim\segmented\spasmodic_dysphonia\gdHAkgFHWpQ_seg_019.wav,gdHAkgFHWpQ_seg_019.wav,gdHAkgFHWpQ,True,16000,1,3.0,-27.8057,-6.7513,0.2996,0.0,True,ok
data\interim\segmented\spasmodic_dysphonia\gdHAkgFHWpQ_seg_020.wav,gdHAkgFHWpQ_seg_020.wav,gdHAkgFHWpQ,True,16000,1,3.0,-26.9321,-6.8657,0.1986,0.0,True,ok
data\interim\segmented\spasmodic_dysphonia\gdHAkgFHWpQ_seg_021.wav,gdHAkgFHWpQ_seg_021.wav,gdHAkgFHWpQ,True,16000,1,3.0,-25.5246,-7.4863,0.1852,0.0,True,ok
data\interim\segmented\spasmodic_dysphonia\gdHAkgFHWpQ_seg_022.wav,gdHAkgFHWpQ_seg_022.wav,gdHAkgFHWpQ,True,16000,1,3.0,-27.2414,-10.5102,0.2108,0.0,True,ok
data\interim\segmented\spasmodic_dysphonia\gdHAkgFHWpQ_seg_023.wav,gdHAkgFHWpQ_seg_023.wav,gdHAkgFHWpQ,True,16000,1,3.0,-28.0288,-10.0911,0.2109,0.0,True,ok
data\interim\segmented\spasmodic_dysphonia\gdHAkgFHWpQ_seg_024.wav,gdHAkgFHWpQ_seg_024.wav,gdHAkgFHWpQ,True,16000,1,3.0,-26.7886,-8.9171,0.1665,0.0,True,ok
data\interim\segmented\spasmodic_dysphonia\gdHAkgFHWpQ_seg_025.wav,gdHAkgFHWpQ_seg_025.wav,gdHAkgFHWpQ,True,16000,1,3.0,-27.3631,-8.0148,0.1945,0.0,True,ok
data\interim\segmented\spasmodic_dysphonia\gdHAkgFHWpQ_seg_026.wav,gdHAkgFHWpQ_seg_026.wav,gdHAkgFHWpQ,True,16000,1,3.0,-28.4491,-11.1789,0.2068,0.0,True,ok
data\interim\segmented\spasmodic_dysphonia\gdHAkgFHWpQ_seg_027.wav,gdHAkgFHWpQ_seg_027.wav,gdHAkgFHWpQ,True,16000,1,3.0,-28.7105,-11.4629,0.2337,0.0,True,ok
data\interim\segmented\spasmodic_dysphonia\gdHAkgFHWpQ_seg_028.wav,gdHAkgFHWpQ_seg_028.wav,gdHAkgFHWpQ,True,16000,1,3.0,-29.2293,-11.8888,0.2138,0.0,True,ok
data\interim\segmented\spasmodic_dysphonia\gdHAkgFHWpQ_seg_029.wav,gdHAkgFHWpQ_seg_029.wav,gdHAkgFHWpQ,True,16000,1,3.0,-27.3358,-9.7327,0.169,0.0,True,ok
data\interim\segmented\spasmodic_dysphonia\gdHAkgFHWpQ_seg_030.wav,gdHAkgFHWpQ_seg_030.wav,gdHAkgFHWpQ,True,16000,1,3.0,-29.2377,-9.3565,0.233,0.0,True,ok
data\interim\segmented\spasmodic_dysphonia\gdHAkgFHWpQ_seg_031.wav,gdHAkgFHWpQ_seg_031.wav,gdHAkgFHWpQ,True,16000,1,3.0,-25.8453,-6.6904,0.1911,0.0,True,ok
data\interim\segmented\spasmodic_dysphonia\gdHAkgFHWpQ_seg_032.wav,gdHAkgFHWpQ_seg_032.wav,gdHAkgFHWpQ,True,16000,1,3.0,-26.4683,-6.922,0.1837,0.0,True,ok
data\interim\segmented\spasmodic_dysphonia\gdHAkgFHWpQ_seg_033.wav,gdHAkgFHWpQ_seg_033.wav,gdHAkgFHWpQ,True,16000,1,3.0,-26.0965,-6.2947,0.1981,0.0,True,ok
data\interim\segmented\spasmodic_dysphonia\gdHAkgFHWpQ_seg_034.wav,gdHAkgFHWpQ_seg_034.wav,gdHAkgFHWpQ,True,16000,1,3.0,-28.8292,-8.463,0.2422,0.0,True,ok
data\interim\segmented\spasmodic_dysphonia\gdHAkgFHWpQ_seg_035.wav,gdHAkgFHWpQ_seg_035.wav,gdHAkgFHWpQ,True,16000,1,3.0,-25.9963,-5.9309,0.2335,0.0,True,ok
data\interim\segmented\spasmodic_dysphonia\gdHAkgFHWpQ_seg_036.wav,gdHAkgFHWpQ_seg_036.wav,gdHAkgFHWpQ,True,16000,1,3.0,-27.9815,-9.3549,0.2527,0.0,True,ok
data\interim\segmented\spasmodic_dysphonia\gdHAkgFHWpQ_seg_037.wav,gdHAkgFHWpQ_seg_037.wav,gdHAkgFHWpQ,True,16000,1,3.0,-31.1478,-10.6654,0.2858,0.0,True,ok
data\interim\segmented\spasmodic_dysphonia\gdHAkgFHWpQ_seg_038.wav,gdHAkgFHWpQ_seg_038.wav,gdHAkgFHWpQ,True,16000,1,3.0,-25.7043,-8.073,0.1847,0.0,True,ok
data\interim\segmented\spasmodic_dysphonia\gdHAkgFHWpQ_seg_039.wav,gdHAkgFHWpQ_seg_039.wav,gdHAkgFHWpQ,True,16000,1,3.0,-27.7307,-6.0525,0.1996,0.0,True,ok
data\interim\segmented\spasmodic_dysphonia\gdHAkgFHWpQ_seg_040.wav,gdHAkgFHWpQ_seg_040.wav,gdHAkgFHWpQ,True,16000,1,3.0,-28.002,-11.2222,0.1848,0.0,True,ok
data\interim\segmented\spasmodic_dysphonia\gdHAkgFHWpQ_seg_041.wav,gdHAkgFHWpQ_seg_041.wav,gdHAkgFHWpQ,True,16000,1,3.0,-28.4522,-10.5334,0.2309,0.0,True,ok
data\interim\segmented\spasmodic_dysphonia\gdHAkgFHWpQ_seg_042.wav,gdHAkgFHWpQ_seg_042.wav,gdHAkgFHWpQ,True,16000,1,3.0,-27.7779,-6.5897,0.2919,0.0,True,ok
data\interim\segmented\spasmodic_dysphonia\gdHAkgFHWpQ_seg_043.wav,gdHAkgFHWpQ_seg_043.wav,gdHAkgFHWpQ,True,16000,1,3.0,-25.3656,-7.7968,0.1984,0.0,True,ok
data\interim\segmented\spasmodic_dysphonia\gdHAkgFHWpQ_seg_044.wav,gdHAkgFHWpQ_seg_044.wav,gdHAkgFHWpQ,True,16000,1,3.0,-29.4431,-13.0128,0.2201,0.0,True,ok
data\interim\segmented\spasmodic_dysphonia\gdHAkgFHWpQ_seg_045.wav,gdHAkgFHWpQ_seg_045.wav,gdHAkgFHWpQ,True,16000,1,3.0,-29.934,-11.8213,0.2753,0.0,True,ok
data\interim\segmented\spasmodic_dysphonia\gdHAkgFHWpQ_seg_046.wav,gdHAkgFHWpQ_seg_046.wav,gdHAkgFHWpQ,True,16000,1,3.0,-27.3259,-6.6271,0.2472,0.0,True,ok
data\interim\segmented\spasmodic_dysphonia\gdHAkgFHWpQ_seg_047.wav,gdHAkgFHWpQ_seg_047.wav,gdHAkgFHWpQ,True,16000,1,3.0,-27.5004,-8.4504,0.2383,0.0,True,ok
data\interim\segmented\spasmodic_dysphonia\gdHAkgFHWpQ_seg_048.wav,gdHAkgFHWpQ_seg_048.wav,gdHAkgFHWpQ,True,16000,1,3.0,-28.5094,-10.1259,0.2569,0.0,True,ok
data\interim\segmented\spasmodic_dysphonia\gdHAkgFHWpQ_seg_049.wav,gdHAkgFHWpQ_seg_049.wav,gdHAkgFHWpQ,True,16000,1,3.0,-29.5792,-10.154,0.2569,0.0,True,ok
data\interim\segmented\spasmodic_dysphonia\gdHAkgFHWpQ_seg_050.wav,gdHAkgFHWpQ_seg_050.wav,gdHAkgFHWpQ,True,16000,1,3.0,-29.762,-13.1575,0.2228,0.0,True,ok
data\interim\segmented\spasmodic_dysphonia\gdHAkgFHWpQ_seg_051.wav,gdHAkgFHWpQ_seg_051.wav,gdHAkgFHWpQ,True,16000,1,3.0,-29.5586,-11.7298,0.2491,0.0,True,ok
data\interim\segmented\spasmodic_dysphonia\gdHAkgFHWpQ_seg_052.wav,gdHAkgFHWpQ_seg_052.wav,gdHAkgFHWpQ,True,16000,1,3.0,-29.0628,-11.2232,0.2657,0.0,True,ok
data\interim\segmented\spasmodic_dysphonia\gdHAkgFHWpQ_seg_053.wav,gdHAkgFHWpQ_seg_053.wav,gdHAkgFHWpQ,True,16000,1,3.0,-28.3009,-10.001,0.2302,0.0,True,ok
data\interim\segmented\spasmodic_dysphonia\gdHAkgFHWpQ_seg_054.wav,gdHAkgFHWpQ_seg_054.wav,gdHAkgFHWpQ,True,16000,1,3.0,-30.7016,-12.6802,0.2786,0.0,True,ok
data\interim\segmented\spasmodic_dysphonia\gdHAkgFHWpQ_seg_055.wav,gdHAkgFHWpQ_seg_055.wav,gdHAkgFHWpQ,True,16000,1,3.0,-31.9175,-10.2114,0.3215,0.0,True,ok
data\interim\segmented\spasmodic_dysphonia\gdHAkgFHWpQ_seg_056.wav,gdHAkgFHWpQ_seg_056.wav,gdHAkgFHWpQ,True,16000,1,3.0,-26.6067,-9.0506,0.1926,0.0,True,ok
data\interim\segmented\spasmodic_dysphonia\gdHAkgFHWpQ_seg_057.wav,gdHAkgFHWpQ_seg_057.wav,gdHAkgFHWpQ,True,16000,1,3.0,-30.0147,-12.3686,0.2698,0.0,True,ok
data\interim\segmented\spasmodic_dysphonia\gdHAkgFHWpQ_seg_058.wav,gdHAkgFHWpQ_seg_058.wav,gdHAkgFHWpQ,True,16000,1,3.0,-27.4337,-8.616,0.1861,0.0,True,ok
data\interim\segmented\spasmodic_dysphonia\gdHAkgFHWpQ_seg_059.wav,gdHAkgFHWpQ_seg_059.wav,gdHAkgFHWpQ,True,16000,1,3.0,-29.4799,-12.1694,0.2396,0.0,True,ok
data\interim\segmented\spasmodic_dysphonia\gdHAkgFHWpQ_seg_060.wav,gdHAkgFHWpQ_seg_060.wav,gdHAkgFHWpQ,True,16000,1,3.0,-29.8787,-11.7237,0.239,0.0,True,ok
data\interim\segmented\spasmodic_dysphonia\gdHAkgFHWpQ_seg_061.wav,gdHAkgFHWpQ_seg_061.wav,gdHAkgFHWpQ,True,16000,1,3.0,-29.0222,-9.0928,0.259,0.0,True,ok
data\interim\segmented\spasmodic_dysphonia\gdHAkgFHWpQ_seg_062.wav,gdHAkgFHWpQ_seg_062.wav,gdHAkgFHWpQ,True,16000,1,3.0,-28.5607,-10.6167,0.2234,0.0,True,ok
data\interim\segmented\spasmodic_dysphonia\gdHAkgFHWpQ_seg_063.wav,gdHAkgFHWpQ_seg_063.wav,gdHAkgFHWpQ,True,16000,1,3.0,-32.4435,-11.5627,0.3075,0.0,True,ok
data\interim\segmented\spasmodic_dysphonia\gdHAkgFHWpQ_seg_064.wav,gdHAkgFHWpQ_seg_064.wav,gdHAkgFHWpQ,True,16000,1,3.0,-26.1026,-8.8185,0.2445,0.0,True,ok
data\interim\segmented\spasmodic_dysphonia\gdHAkgFHWpQ_seg_065.wav,gdHAkgFHWpQ_seg_065.wav,gdHAkgFHWpQ,True,16000,1,3.0,-28.0577,-9.1026,0.312,0.0,True,ok
data\interim\segmented\spasmodic_dysphonia\gdHAkgFHWpQ_seg_066.wav,gdHAkgFHWpQ_seg_066.wav,gdHAkgFHWpQ,True,16000,1,3.0,-27.6097,-8.9038,0.2586,0.0,True,ok
data\interim\segmented\spasmodic_dysphonia\gdHAkgFHWpQ_seg_067.wav,gdHAkgFHWpQ_seg_067.wav,gdHAkgFHWpQ,True,16000,1,3.0,-29.681,-12.5364,0.2351,0.0,True,ok
data\interim\segmented\spasmodic_dysphonia\gdHAkgFHWpQ_seg_068.wav,gdHAkgFHWpQ_seg_068.wav,gdHAkgFHWpQ,True,16000,1,3.0,-30.2797,-12.4271,0.2409,0.0,True,ok
data\interim\segmented\spasmodic_dysphonia\gdHAkgFHWpQ_seg_069.wav,gdHAkgFHWpQ_seg_069.wav,gdHAkgFHWpQ,True,16000,1,3.0,-29.3385,-11.2454,0.2424,0.0,True,ok
data\interim\segmented\spasmodic_dysphonia\gdHAkgFHWpQ_seg_070.wav,gdHAkgFHWpQ_seg_070.wav,gdHAkgFHWpQ,True,16000,1,3.0,-29.7769,-10.5458,0.274,0.0,True,ok
data\interim\segmented\spasmodic_dysphonia\gdHAkgFHWpQ_seg_071.wav,gdHAkgFHWpQ_seg_071.wav,gdHAkgFHWpQ,True,16000,1,3.0,-31.1076,-12.7916,0.2749,0.0,True,ok
data\interim\segmented\spasmodic_dysphonia\gdHAkgFHWpQ_seg_072.wav,gdHAkgFHWpQ_seg_072.wav,gdHAkgFHWpQ,True,16000,1,3.0,-31.3476,-13.2023,0.2876,0.0,True,ok
data\interim\segmented\spasmodic_dysphonia\gdHAkgFHWpQ_seg_073.wav,gdHAkgFHWpQ_seg_073.wav,gdHAkgFHWpQ,True,16000,1,3.0,-30.0189,-11.5086,0.246,0.0,True,ok
data\interim\segmented\spasmodic_dysphonia\gdHAkgFHWpQ_seg_074.wav,gdHAkgFHWpQ_seg_074.wav,gdHAkgFHWpQ,True,16000,1,3.0,-28.2572,-10.958,0.2153,0.0,True,ok
data\interim\segmented\spasmodic_dysphonia\gdHAkgFHWpQ_seg_075.wav,gdHAkgFHWpQ_seg_075.wav,gdHAkgFHWpQ,True,16000,1,3.0,-31.1449,-13.5282,0.2695,0.0,True,ok
data\interim\segmented\spasmodic_dysphonia\gdHAkgFHWpQ_seg_076.wav,gdHAkgFHWpQ_seg_076.wav,gdHAkgFHWpQ,True,16000,1,3.0,-32.0862,-12.9655,0.3395,0.0,True,ok
data\interim\segmented\spasmodic_dysphonia\gdHAkgFHWpQ_seg_077.wav,gdHAkgFHWpQ_seg_077.wav,gdHAkgFHWpQ,True,16000,1,3.0,-36.4728,-23.7496,0.2116,0.0,True,ok
data\interim\segmented\spasmodic_dysphonia\gdHAkgFHWpQ_seg_078.wav,gdHAkgFHWpQ_seg_078.wav,gdHAkgFHWpQ,True,16000,1,3.0,-36.7678,-25.5632,0.2166,0.0,True,ok
data\interim\segmented\spasmodic_dysphonia\gdHAkgFHWpQ_seg_079.wav,gdHAkgFHWpQ_seg_079.wav,gdHAkgFHWpQ,True,16000,1,3.0,-36.7294,-23.5878,0.2242,0.0,True,ok
data\interim\segmented\spasmodic_dysphonia\GYuVGKtNUfg_seg_000.wav,GYuVGKtNUfg_seg_000.wav,GYuVGKtNUfg,True,16000,1,3.0,-35.8433,-16.0864,0.6075,0.0,True,ok
data\interim\segmented\spasmodic_dysphonia\GYuVGKtNUfg_seg_001.wav,GYuVGKtNUfg_seg_001.wav,GYuVGKtNUfg,True,16000,1,3.0,-38.2874,-20.7319,0.6236,0.0,True,ok
data\interim\segmented\spasmodic_dysphonia\GYuVGKtNUfg_seg_002.wav,GYuVGKtNUfg_seg_002.wav,GYuVGKtNUfg,True,16000,1,3.0,-37.1227,-18.6496,0.571,0.0,True,ok
data\interim\segmented\spasmodic_dysphonia\GYuVGKtNUfg_seg_003.wav,GYuVGKtNUfg_seg_003.wav,GYuVGKtNUfg,True,16000,1,3.0,-38.6524,-22.3121,0.5994,0.0,True,ok
data\interim\segmented\spasmodic_dysphonia\GYuVGKtNUfg_seg_004.wav,GYuVGKtNUfg_seg_004.wav,GYuVGKtNUfg,True,16000,1,3.0,-39.5178,-21.3938,0.6106,0.0,True,ok
data\interim\segmented\spasmodic_dysphonia\GYuVGKtNUfg_seg_005.wav,GYuVGKtNUfg_seg_005.wav,GYuVGKtNUfg,True,16000,1,3.0,-37.7603,-16.8357,0.6072,0.0,True,ok
data\interim\segmented\spasmodic_dysphonia\GYuVGKtNUfg_seg_006.wav,GYuVGKtNUfg_seg_006.wav,GYuVGKtNUfg,True,16000,1,3.0,-38.4493,-22.448,0.5606,0.0,True,ok
data\interim\segmented\spasmodic_dysphonia\GYuVGKtNUfg_seg_007.wav,GYuVGKtNUfg_seg_007.wav,GYuVGKtNUfg,True,16000,1,3.0,-35.5059,-19.4053,0.5364,0.0,True,ok
data\interim\segmented\spasmodic_dysphonia\GYuVGKtNUfg_seg_008.wav,GYuVGKtNUfg_seg_008.wav,GYuVGKtNUfg,True,16000,1,3.0,-38.8245,-22.5399,0.624,0.0,True,ok
data\interim\segmented\spasmodic_dysphonia\GYuVGKtNUfg_seg_009.wav,GYuVGKtNUfg_seg_009.wav,GYuVGKtNUfg,True,16000,1,3.0,-38.7685,-23.5399,0.5867,0.0,True,ok
data\interim\segmented\spasmodic_dysphonia\GYuVGKtNUfg_seg_010.wav,GYuVGKtNUfg_seg_010.wav,GYuVGKtNUfg,True,16000,1,3.0,-37.8887,-21.6272,0.5766,0.0,True,ok
data\interim\segmented\spasmodic_dysphonia\GYuVGKtNUfg_seg_011.wav,GYuVGKtNUfg_seg_011.wav,GYuVGKtNUfg,True,16000,1,3.0,-38.7105,-22.741,0.5534,0.0,True,ok
data\interim\segmented\spasmodic_dysphonia\GYuVGKtNUfg_seg_012.wav,GYuVGKtNUfg_seg_012.wav,GYuVGKtNUfg,True,16000,1,3.0,-38.4379,-23.3546,0.5372,0.0,True,ok
data\interim\segmented\spasmodic_dysphonia\GYuVGKtNUfg_seg_013.wav,GYuVGKtNUfg_seg_013.wav,GYuVGKtNUfg,True,16000,1,3.0,-40.5089,-20.8832,0.681,0.0,True,ok
data\interim\segmented\spasmodic_dysphonia\GYuVGKtNUfg_seg_014.wav,GYuVGKtNUfg_seg_014.wav,GYuVGKtNUfg,True,16000,1,3.0,-36.0744,-19.8575,0.5537,0.0,True,ok
data\interim\segmented\spasmodic_dysphonia\GYuVGKtNUfg_seg_015.wav,GYuVGKtNUfg_seg_015.wav,GYuVGKtNUfg,True,16000,1,3.0,-34.3515,-17.9459,0.4529,0.0,True,ok
data\interim\segmented\spasmodic_dysphonia\GYuVGKtNUfg_seg_016.wav,GYuVGKtNUfg_seg_016.wav,GYuVGKtNUfg,True,16000,1,3.0,-36.4337,-18.0343,0.5621,0.0,True,ok
data\interim\segmented\spasmodic_dysphonia\GYuVGKtNUfg_seg_017.wav,GYuVGKtNUfg_seg_017.wav,GYuVGKtNUfg,True,16000,1,3.0,-36.3404,-19.8862,0.5493,0.0,True,ok
data\interim\segmented\spasmodic_dysphonia\GYuVGKtNUfg_seg_018.wav,GYuVGKtNUfg_seg_018.wav,GYuVGKtNUfg,True,16000,1,3.0,-37.1417,-19.759,0.5483,0.0,True,ok
data\interim\segmented\spasmodic_dysphonia\GYuVGKtNUfg_seg_019.wav,GYuVGKtNUfg_seg_019.wav,GYuVGKtNUfg,True,16000,1,3.0,-35.8391,-17.5233,0.596,0.0,True,ok
data\interim\segmented\spasmodic_dysphonia\GYuVGKtNUfg_seg_020.wav,GYuVGKtNUfg_seg_020.wav,GYuVGKtNUfg,True,16000,1,3.0,-38.6803,-22.7775,0.536,0.0,True,ok
data\interim\segmented\spasmodic_dysphonia\GYuVGKtNUfg_seg_021.wav,GYuVGKtNUfg_seg_021.wav,GYuVGKtNUfg,True,16000,1,3.0,-34.2598,-17.5652,0.4479,0.0,True,ok
data\interim\segmented\spasmodic_dysphonia\GYuVGKtNUfg_seg_022.wav,GYuVGKtNUfg_seg_022.wav,GYuVGKtNUfg,True,16000,1,3.0,-36.3359,-18.1556,0.5542,0.0,True,ok
data\interim\segmented\spasmodic_dysphonia\GYuVGKtNUfg_seg_023.wav,GYuVGKtNUfg_seg_023.wav,GYuVGKtNUfg,True,16000,1,3.0,-35.6657,-19.3658,0.5005,0.0,True,ok
data\interim\segmented\spasmodic_dysphonia\GYuVGKtNUfg_seg_024.wav,GYuVGKtNUfg_seg_024.wav,GYuVGKtNUfg,True,16000,1,3.0,-35.7499,-15.8186,0.5026,0.0,True,ok
data\interim\segmented\spasmodic_dysphonia\GYuVGKtNUfg_seg_025.wav,GYuVGKtNUfg_seg_025.wav,GYuVGKtNUfg,True,16000,1,3.0,-36.6447,-22.3815,0.4284,0.0,True,ok
data\interim\segmented\spasmodic_dysphonia\GYuVGKtNUfg_seg_026.wav,GYuVGKtNUfg_seg_026.wav,GYuVGKtNUfg,True,16000,1,3.0,-36.7346,-22.5683,0.4099,0.0,True,ok
data\interim\segmented\spasmodic_dysphonia\GYuVGKtNUfg_seg_027.wav,GYuVGKtNUfg_seg_027.wav,GYuVGKtNUfg,True,16000,1,3.0,-33.793,-12.7259,0.3931,0.0,True,ok
data\interim\segmented\spasmodic_dysphonia\GYuVGKtNUfg_seg_028.wav,GYuVGKtNUfg_seg_028.wav,GYuVGKtNUfg,True,16000,1,3.0,-34.2549,-18.4721,0.371,0.0,True,ok
data\interim\segmented\spasmodic_dysphonia\GYuVGKtNUfg_seg_029.wav,GYuVGKtNUfg_seg_029.wav,GYuVGKtNUfg,True,16000,1,3.0,-35.1793,-19.8185,0.3579,0.0,True,ok
data\interim\segmented\spasmodic_dysphonia\GYuVGKtNUfg_seg_030.wav,GYuVGKtNUfg_seg_030.wav,GYuVGKtNUfg,True,16000,1,3.0,-33.8728,-17.4419,0.3899,0.0,True,ok
data\interim\segmented\spasmodic_dysphonia\GYuVGKtNUfg_seg_031.wav,GYuVGKtNUfg_seg_031.wav,GYuVGKtNUfg,True,16000,1,3.0,-32.8305,-14.6581,0.3483,0.0,True,ok
data\interim\segmented\spasmodic_dysphonia\GYuVGKtNUfg_seg_032.wav,GYuVGKtNUfg_seg_032.wav,GYuVGKtNUfg,True,16000,1,3.0,-34.8504,-17.776,0.3898,0.0,True,ok
data\interim\segmented\spasmodic_dysphonia\GYuVGKtNUfg_seg_033.wav,GYuVGKtNUfg_seg_033.wav,GYuVGKtNUfg,True,16000,1,3.0,-35.5286,-20.8276,0.4522,0.0,True,ok
data\interim\segmented\spasmodic_dysphonia\GYuVGKtNUfg_seg_034.wav,GYuVGKtNUfg_seg_034.wav,GYuVGKtNUfg,True,16000,1,3.0,-34.9222,-16.7733,0.4884,0.0,True,ok
data\interim\segmented\spasmodic_dysphonia\GYuVGKtNUfg_seg_035.wav,GYuVGKtNUfg_seg_035.wav,GYuVGKtNUfg,True,16000,1,3.0,-34.8466,-18.7523,0.52,0.0,True,ok
data\interim\segmented\spasmodic_dysphonia\GYuVGKtNUfg_seg_036.wav,GYuVGKtNUfg_seg_036.wav,GYuVGKtNUfg,True,16000,1,3.0,-34.3834,-18.9802,0.428,0.0,True,ok
data\interim\segmented\spasmodic_dysphonia\GYuVGKtNUfg_seg_037.wav,GYuVGKtNUfg_seg_037.wav,GYuVGKtNUfg,True,16000,1,3.0,-34.2138,-14.7779,0.4502,0.0,True,ok
data\interim\segmented\spasmodic_dysphonia\GYuVGKtNUfg_seg_038.wav,GYuVGKtNUfg_seg_038.wav,GYuVGKtNUfg,True,16000,1,3.0,-37.0722,-19.9072,0.5851,0.0,True,ok
data\interim\segmented\spasmodic_dysphonia\GYuVGKtNUfg_seg_039.wav,GYuVGKtNUfg_seg_039.wav,GYuVGKtNUfg,True,16000,1,3.0,-37.0787,-17.5472,0.5761,0.0,True,ok
data\interim\segmented\spasmodic_dysphonia\GYuVGKtNUfg_seg_040.wav,GYuVGKtNUfg_seg_040.wav,GYuVGKtNUfg,True,16000,1,3.0,-36.0322,-16.8026,0.6184,0.0,True,ok
data\interim\segmented\spasmodic_dysphonia\GYuVGKtNUfg_seg_041.wav,GYuVGKtNUfg_seg_041.wav,GYuVGKtNUfg,True,16000,1,3.0,-37.0279,-14.7895,0.5971,0.0,True,ok
data\interim\segmented\spasmodic_dysphonia\GYuVGKtNUfg_seg_042.wav,GYuVGKtNUfg_seg_042.wav,GYuVGKtNUfg,True,16000,1,2.731,-35.9788,-19.4401,0.561,0.0,True,ok
data\interim\segmented\spasmodic_dysphonia\H1ZwDVx0WTY_seg_000.wav,H1ZwDVx0WTY_seg_000.wav,H1ZwDVx0WTY,True,16000,1,3.0,-31.1841,-19.1348,0.1395,0.0,True,ok
data\interim\segmented\spasmodic_dysphonia\H1ZwDVx0WTY_seg_001.wav,H1ZwDVx0WTY_seg_001.wav,H1ZwDVx0WTY,True,16000,1,3.0,-22.3792,-5.7472,0.2142,0.0,True,ok
data\interim\segmented\spasmodic_dysphonia\H1ZwDVx0WTY_seg_002.wav,H1ZwDVx0WTY_seg_002.wav,H1ZwDVx0WTY,True,16000,1,3.0,-23.8548,-9.2259,0.2824,0.0,True,ok
data\interim\segmented\spasmodic_dysphonia\H1ZwDVx0WTY_seg_003.wav,H1ZwDVx0WTY_seg_003.wav,H1ZwDVx0WTY,True,16000,1,3.0,-23.6687,-5.2952,0.3484,0.0,True,ok
data\interim\segmented\spasmodic_dysphonia\H1ZwDVx0WTY_seg_004.wav,H1ZwDVx0WTY_seg_004.wav,H1ZwDVx0WTY,True,16000,1,3.0,-24.1987,-6.7646,0.3775,0.0,True,ok
data\interim\segmented\spasmodic_dysphonia\H1ZwDVx0WTY_seg_005.wav,H1ZwDVx0WTY_seg_005.wav,H1ZwDVx0WTY,True,16000,1,3.0,-23.045,-7.2547,0.2607,0.0,True,ok
data\interim\segmented\spasmodic_dysphonia\H1ZwDVx0WTY_seg_006.wav,H1ZwDVx0WTY_seg_006.wav,H1ZwDVx0WTY,True,16000,1,3.0,-25.5872,-9.0071,0.479,0.0,True,ok
data\interim\segmented\spasmodic_dysphonia\H1ZwDVx0WTY_seg_007.wav,H1ZwDVx0WTY_seg_007.wav,H1ZwDVx0WTY,True,16000,1,3.0,-25.263,-7.3369,0.3473,0.0,True,ok
data\interim\segmented\spasmodic_dysphonia\H1ZwDVx0WTY_seg_008.wav,H1ZwDVx0WTY_seg_008.wav,H1ZwDVx0WTY,True,16000,1,3.0,-21.7713,-6.2718,0.2003,0.0,True,ok
data\interim\segmented\spasmodic_dysphonia\H1ZwDVx0WTY_seg_009.wav,H1ZwDVx0WTY_seg_009.wav,H1ZwDVx0WTY,True,16000,1,3.0,-23.3339,-7.8719,0.1937,0.0,True,ok
data\interim\segmented\spasmodic_dysphonia\H1ZwDVx0WTY_seg_010.wav,H1ZwDVx0WTY_seg_010.wav,H1ZwDVx0WTY,True,16000,1,3.0,-23.8056,-4.7825,0.3933,0.0,True,ok
data\interim\segmented\spasmodic_dysphonia\H1ZwDVx0WTY_seg_011.wav,H1ZwDVx0WTY_seg_011.wav,H1ZwDVx0WTY,True,16000,1,3.0,-23.0864,-7.7139,0.2875,0.0,True,ok
data\interim\segmented\spasmodic_dysphonia\H1ZwDVx0WTY_seg_012.wav,H1ZwDVx0WTY_seg_012.wav,H1ZwDVx0WTY,True,16000,1,3.0,-25.0479,-7.2035,0.3499,0.0,True,ok
data\interim\segmented\spasmodic_dysphonia\H1ZwDVx0WTY_seg_013.wav,H1ZwDVx0WTY_seg_013.wav,H1ZwDVx0WTY,True,16000,1,3.0,-24.153,-8.4371,0.2496,0.0,True,ok
data\interim\segmented\spasmodic_dysphonia\H1ZwDVx0WTY_seg_014.wav,H1ZwDVx0WTY_seg_014.wav,H1ZwDVx0WTY,True,16000,1,3.0,-27.4601,-8.9609,0.5311,0.0,True,ok
data\interim\segmented\spasmodic_dysphonia\H1ZwDVx0WTY_seg_015.wav,H1ZwDVx0WTY_seg_015.wav,H1ZwDVx0WTY,True,16000,1,3.0,-19.3406,-2.9959,0.1993,0.0,True,ok
data\interim\segmented\spasmodic_dysphonia\H1ZwDVx0WTY_seg_016.wav,H1ZwDVx0WTY_seg_016.wav,H1ZwDVx0WTY,True,16000,1,3.0,-21.1874,-7.1014,0.1743,0.0,True,ok
data\interim\segmented\spasmodic_dysphonia\H1ZwDVx0WTY_seg_017.wav,H1ZwDVx0WTY_seg_017.wav,H1ZwDVx0WTY,True,16000,1,3.0,-21.8892,-5.963,0.378,0.0,True,ok
data\interim\segmented\spasmodic_dysphonia\H1ZwDVx0WTY_seg_018.wav,H1ZwDVx0WTY_seg_018.wav,H1ZwDVx0WTY,True,16000,1,3.0,-23.7094,-7.885,0.2612,0.0,True,ok
data\interim\segmented\spasmodic_dysphonia\H1ZwDVx0WTY_seg_019.wav,H1ZwDVx0WTY_seg_019.wav,H1ZwDVx0WTY,True,16000,1,3.0,-23.8359,-6.4304,0.3971,0.0,True,ok
data\interim\segmented\spasmodic_dysphonia\H1ZwDVx0WTY_seg_020.wav,H1ZwDVx0WTY_seg_020.wav,H1ZwDVx0WTY,True,16000,1,3.0,-22.4154,-5.5511,0.3953,0.0,True,ok
data\interim\segmented\spasmodic_dysphonia\H1ZwDVx0WTY_seg_021.wav,H1ZwDVx0WTY_seg_021.wav,H1ZwDVx0WTY,True,16000,1,3.0,-22.5606,-4.2511,0.2928,0.0,True,ok
data\interim\segmented\spasmodic_dysphonia\H1ZwDVx0WTY_seg_022.wav,H1ZwDVx0WTY_seg_022.wav,H1ZwDVx0WTY,True,16000,1,3.0,-24.48,-4.8457,0.4371,0.0,True,ok
data\interim\segmented\spasmodic_dysphonia\H1ZwDVx0WTY_seg_023.wav,H1ZwDVx0WTY_seg_023.wav,H1ZwDVx0WTY,True,16000,1,3.0,-23.6149,-7.2798,0.3619,0.0,True,ok
data\interim\segmented\spasmodic_dysphonia\H1ZwDVx0WTY_seg_024.wav,H1ZwDVx0WTY_seg_024.wav,H1ZwDVx0WTY,True,16000,1,3.0,-25.2717,-6.9514,0.2186,0.0,True,ok
data\interim\segmented\spasmodic_dysphonia\H1ZwDVx0WTY_seg_025.wav,H1ZwDVx0WTY_seg_025.wav,H1ZwDVx0WTY,True,16000,1,3.0,-22.5138,-6.1,0.4853,0.0,True,ok
data\interim\segmented\spasmodic_dysphonia\H1ZwDVx0WTY_seg_026.wav,H1ZwDVx0WTY_seg_026.wav,H1ZwDVx0WTY,True,16000,1,3.0,-20.6904,-2.3159,0.2053,0.0,True,ok
data\interim\segmented\spasmodic_dysphonia\H1ZwDVx0WTY_seg_027.wav,H1ZwDVx0WTY_seg_027.wav,H1ZwDVx0WTY,True,16000,1,3.0,-21.1979,-5.2991,0.2656,0.0,True,ok
data\interim\segmented\spasmodic_dysphonia\H1ZwDVx0WTY_seg_028.wav,H1ZwDVx0WTY_seg_028.wav,H1ZwDVx0WTY,True,16000,1,3.0,-20.0074,-4.499,0.1156,0.0,True,ok
data\interim\segmented\spasmodic_dysphonia\H1ZwDVx0WTY_seg_029.wav,H1ZwDVx0WTY_seg_029.wav,H1ZwDVx0WTY,True,16000,1,3.0,-21.0155,-3.2011,0.2669,0.0,True,ok
data\interim\segmented\spasmodic_dysphonia\H1ZwDVx0WTY_seg_030.wav,H1ZwDVx0WTY_seg_030.wav,H1ZwDVx0WTY,True,16000,1,3.0,-20.4203,-5.2359,0.3317,0.0,True,ok
data\interim\segmented\spasmodic_dysphonia\H1ZwDVx0WTY_seg_031.wav,H1ZwDVx0WTY_seg_031.wav,H1ZwDVx0WTY,True,16000,1,3.0,-20.9896,-1.5274,0.3725,0.0,True,ok
data\interim\segmented\spasmodic_dysphonia\H1ZwDVx0WTY_seg_032.wav,H1ZwDVx0WTY_seg_032.wav,H1ZwDVx0WTY,True,16000,1,3.0,-22.2389,-5.6776,0.3189,0.0,True,ok
data\interim\segmented\spasmodic_dysphonia\H1ZwDVx0WTY_seg_033.wav,H1ZwDVx0WTY_seg_033.wav,H1ZwDVx0WTY,True,16000,1,3.0,-21.1814,-3.4365,0.313,0.0,True,ok
data\interim\segmented\spasmodic_dysphonia\H1ZwDVx0WTY_seg_034.wav,H1ZwDVx0WTY_seg_034.wav,H1ZwDVx0WTY,True,16000,1,3.0,-21.4099,-5.3948,0.1981,0.0,True,ok
data\interim\segmented\spasmodic_dysphonia\H1ZwDVx0WTY_seg_035.wav,H1ZwDVx0WTY_seg_035.wav,H1ZwDVx0WTY,True,16000,1,3.0,-20.9247,-4.4963,0.2423,0.0,True,ok
data\interim\segmented\spasmodic_dysphonia\H1ZwDVx0WTY_seg_036.wav,H1ZwDVx0WTY_seg_036.wav,H1ZwDVx0WTY,True,16000,1,3.0,-21.7088,-6.1919,0.2891,0.0,True,ok
data\interim\segmented\spasmodic_dysphonia\H1ZwDVx0WTY_seg_037.wav,H1ZwDVx0WTY_seg_037.wav,H1ZwDVx0WTY,True,16000,1,3.0,-21.2667,-6.4599,0.3477,0.0,True,ok
data\interim\segmented\spasmodic_dysphonia\H1ZwDVx0WTY_seg_038.wav,H1ZwDVx0WTY_seg_038.wav,H1ZwDVx0WTY,True,16000,1,3.0,-20.6718,-3.6392,0.2752,0.0,True,ok
data\interim\segmented\spasmodic_dysphonia\H1ZwDVx0WTY_seg_039.wav,H1ZwDVx0WTY_seg_039.wav,H1ZwDVx0WTY,True,16000,1,3.0,-22.1165,-5.6684,0.1415,0.0,True,ok
data\interim\segmented\spasmodic_dysphonia\H1ZwDVx0WTY_seg_040.wav,H1ZwDVx0WTY_seg_040.wav,H1ZwDVx0WTY,True,16000,1,3.0,-23.7794,-6.1741,0.2333,0.0,True,ok
data\interim\segmented\spasmodic_dysphonia\H1ZwDVx0WTY_seg_041.wav,H1ZwDVx0WTY_seg_041.wav,H1ZwDVx0WTY,True,16000,1,3.0,-20.8951,-2.7262,0.3279,0.0,True,ok
data\interim\segmented\spasmodic_dysphonia\H1ZwDVx0WTY_seg_042.wav,H1ZwDVx0WTY_seg_042.wav,H1ZwDVx0WTY,True,16000,1,3.0,-19.8108,-6.571,0.2607,0.0,True,ok
data\interim\segmented\spasmodic_dysphonia\H1ZwDVx0WTY_seg_043.wav,H1ZwDVx0WTY_seg_043.wav,H1ZwDVx0WTY,True,16000,1,3.0,-18.8849,-1.8487,0.3817,0.0,True,ok
data\interim\segmented\spasmodic_dysphonia\H1ZwDVx0WTY_seg_044.wav,H1ZwDVx0WTY_seg_044.wav,H1ZwDVx0WTY,True,16000,1,3.0,-20.1796,-4.3328,0.1357,0.0,True,ok
data\interim\segmented\spasmodic_dysphonia\H1ZwDVx0WTY_seg_045.wav,H1ZwDVx0WTY_seg_045.wav,H1ZwDVx0WTY,True,16000,1,3.0,-22.5579,-5.1949,0.3662,0.0,True,ok
data\interim\segmented\spasmodic_dysphonia\H1ZwDVx0WTY_seg_046.wav,H1ZwDVx0WTY_seg_046.wav,H1ZwDVx0WTY,True,16000,1,3.0,-19.9727,-4.1245,0.134,0.0,True,ok
data\interim\segmented\spasmodic_dysphonia\H1ZwDVx0WTY_seg_047.wav,H1ZwDVx0WTY_seg_047.wav,H1ZwDVx0WTY,True,16000,1,3.0,-22.1338,-5.4339,0.1566,0.0,True,ok
data\interim\segmented\spasmodic_dysphonia\H1ZwDVx0WTY_seg_048.wav,H1ZwDVx0WTY_seg_048.wav,H1ZwDVx0WTY,True,16000,1,3.0,-20.1654,-3.4479,0.259,0.0,True,ok
data\interim\segmented\spasmodic_dysphonia\H1ZwDVx0WTY_seg_049.wav,H1ZwDVx0WTY_seg_049.wav,H1ZwDVx0WTY,True,16000,1,3.0,-23.0914,-5.6374,0.2752,0.0,True,ok
data\interim\segmented\spasmodic_dysphonia\H1ZwDVx0WTY_seg_050.wav,H1ZwDVx0WTY_seg_050.wav,H1ZwDVx0WTY,True,16000,1,3.0,-24.9391,-7.1629,0.2691,0.0,True,ok
data\interim\segmented\spasmodic_dysphonia\H1ZwDVx0WTY_seg_051.wav,H1ZwDVx0WTY_seg_051.wav,H1ZwDVx0WTY,True,16000,1,3.0,-21.9187,-6.5874,0.3315,0.0,True,ok
data\interim\segmented\spasmodic_dysphonia\H1ZwDVx0WTY_seg_052.wav,H1ZwDVx0WTY_seg_052.wav,H1ZwDVx0WTY,True,16000,1,3.0,-24.9127,-8.8054,0.3364,0.0,True,ok
data\interim\segmented\spasmodic_dysphonia\H1ZwDVx0WTY_seg_053.wav,H1ZwDVx0WTY_seg_053.wav,H1ZwDVx0WTY,True,16000,1,3.0,-23.5392,-7.0505,0.3174,0.0,True,ok
data\interim\segmented\spasmodic_dysphonia\H1ZwDVx0WTY_seg_054.wav,H1ZwDVx0WTY_seg_054.wav,H1ZwDVx0WTY,True,16000,1,3.0,-20.7484,-4.9985,0.3232,0.0,True,ok
data\interim\segmented\spasmodic_dysphonia\H1ZwDVx0WTY_seg_055.wav,H1ZwDVx0WTY_seg_055.wav,H1ZwDVx0WTY,True,16000,1,3.0,-21.3679,-3.1446,0.2971,0.0,True,ok
data\interim\segmented\spasmodic_dysphonia\H1ZwDVx0WTY_seg_056.wav,H1ZwDVx0WTY_seg_056.wav,H1ZwDVx0WTY,True,16000,1,3.0,-20.3807,-4.849,0.2774,0.0,True,ok
data\interim\segmented\spasmodic_dysphonia\H1ZwDVx0WTY_seg_057.wav,H1ZwDVx0WTY_seg_057.wav,H1ZwDVx0WTY,True,16000,1,3.0,-19.8613,-3.6954,0.2778,0.0,True,ok
data\interim\segmented\spasmodic_dysphonia\H1ZwDVx0WTY_seg_058.wav,H1ZwDVx0WTY_seg_058.wav,H1ZwDVx0WTY,True,16000,1,3.0,-22.6392,-4.0777,0.3438,0.0,True,ok
data\interim\segmented\spasmodic_dysphonia\H1ZwDVx0WTY_seg_059.wav,H1ZwDVx0WTY_seg_059.wav,H1ZwDVx0WTY,True,16000,1,3.0,-21.0148,-3.3996,0.3348,0.0,True,ok
data\interim\segmented\spasmodic_dysphonia\H1ZwDVx0WTY_seg_060.wav,H1ZwDVx0WTY_seg_060.wav,H1ZwDVx0WTY,True,16000,1,3.0,-21.8178,-2.6424,0.3586,0.0,True,ok
data\interim\segmented\spasmodic_dysphonia\H1ZwDVx0WTY_seg_061.wav,H1ZwDVx0WTY_seg_061.wav,H1ZwDVx0WTY,True,16000,1,3.0,-17.6898,-4.0106,0.1155,0.0,True,ok
data\interim\segmented\spasmodic_dysphonia\H1ZwDVx0WTY_seg_062.wav,H1ZwDVx0WTY_seg_062.wav,H1ZwDVx0WTY,True,16000,1,3.0,-24.1313,-6.4755,0.3688,0.0,True,ok
data\interim\segmented\spasmodic_dysphonia\H1ZwDVx0WTY_seg_063.wav,H1ZwDVx0WTY_seg_063.wav,H1ZwDVx0WTY,True,16000,1,3.0,-21.0349,-5.2616,0.3492,0.0,True,ok
data\interim\segmented\spasmodic_dysphonia\H1ZwDVx0WTY_seg_064.wav,H1ZwDVx0WTY_seg_064.wav,H1ZwDVx0WTY,True,16000,1,3.0,-21.2607,-5.521,0.3341,0.0,True,ok
data\interim\segmented\spasmodic_dysphonia\H1ZwDVx0WTY_seg_065.wav,H1ZwDVx0WTY_seg_065.wav,H1ZwDVx0WTY,True,16000,1,3.0,-22.2758,-7.3074,0.3005,0.0,True,ok
data\interim\segmented\spasmodic_dysphonia\H1ZwDVx0WTY_seg_066.wav,H1ZwDVx0WTY_seg_066.wav,H1ZwDVx0WTY,True,16000,1,3.0,-25.1871,-5.7415,0.4014,0.0,True,ok
data\interim\segmented\spasmodic_dysphonia\H1ZwDVx0WTY_seg_067.wav,H1ZwDVx0WTY_seg_067.wav,H1ZwDVx0WTY,True,16000,1,3.0,-19.7461,-7.1968,0.113,0.0,True,ok
data\interim\segmented\spasmodic_dysphonia\H1ZwDVx0WTY_seg_068.wav,H1ZwDVx0WTY_seg_068.wav,H1ZwDVx0WTY,True,16000,1,3.0,-24.2046,-5.8287,0.4069,0.0,True,ok
data\interim\segmented\spasmodic_dysphonia\H1ZwDVx0WTY_seg_069.wav,H1ZwDVx0WTY_seg_069.wav,H1ZwDVx0WTY,True,16000,1,3.0,-21.2157,-4.6389,0.2811,0.0,True,ok
data\interim\segmented\spasmodic_dysphonia\H1ZwDVx0WTY_seg_070.wav,H1ZwDVx0WTY_seg_070.wav,H1ZwDVx0WTY,True,16000,1,3.0,-20.893,-5.498,0.2009,0.0,True,ok
data\interim\segmented\spasmodic_dysphonia\H1ZwDVx0WTY_seg_071.wav,H1ZwDVx0WTY_seg_071.wav,H1ZwDVx0WTY,True,16000,1,3.0,-22.1345,-5.5566,0.355,0.0,True,ok
data\interim\segmented\spasmodic_dysphonia\H1ZwDVx0WTY_seg_072.wav,H1ZwDVx0WTY_seg_072.wav,H1ZwDVx0WTY,True,16000,1,3.0,-19.9831,-5.9032,0.1984,0.0,True,ok
data\interim\segmented\spasmodic_dysphonia\H1ZwDVx0WTY_seg_073.wav,H1ZwDVx0WTY_seg_073.wav,H1ZwDVx0WTY,True,16000,1,3.0,-21.8697,-4.9595,0.2619,0.0,True,ok
data\interim\segmented\spasmodic_dysphonia\H1ZwDVx0WTY_seg_074.wav,H1ZwDVx0WTY_seg_074.wav,H1ZwDVx0WTY,True,16000,1,3.0,-22.6738,-8.0925,0.1607,0.0,True,ok
data\interim\segmented\spasmodic_dysphonia\H1ZwDVx0WTY_seg_075.wav,H1ZwDVx0WTY_seg_075.wav,H1ZwDVx0WTY,True,16000,1,3.0,-22.843,-7.7075,0.2992,0.0,True,ok
data\interim\segmented\spasmodic_dysphonia\H1ZwDVx0WTY_seg_076.wav,H1ZwDVx0WTY_seg_076.wav,H1ZwDVx0WTY,True,16000,1,3.0,-21.1806,-6.1042,0.3971,0.0,True,ok
data\interim\segmented\spasmodic_dysphonia\H1ZwDVx0WTY_seg_077.wav,H1ZwDVx0WTY_seg_077.wav,H1ZwDVx0WTY,True,16000,1,3.0,-19.5976,-2.613,0.2234,0.0,True,ok
data\interim\segmented\spasmodic_dysphonia\H1ZwDVx0WTY_seg_078.wav,H1ZwDVx0WTY_seg_078.wav,H1ZwDVx0WTY,True,16000,1,3.0,-22.9759,-7.2669,0.2941,0.0,True,ok
data\interim\segmented\spasmodic_dysphonia\H1ZwDVx0WTY_seg_079.wav,H1ZwDVx0WTY_seg_079.wav,H1ZwDVx0WTY,True,16000,1,3.0,-23.0204,-6.8307,0.2614,0.0,True,ok
data\interim\segmented\spasmodic_dysphonia\H1ZwDVx0WTY_seg_080.wav,H1ZwDVx0WTY_seg_080.wav,H1ZwDVx0WTY,True,16000,1,3.0,-23.1782,-4.682,0.3987,0.0,True,ok
data\interim\segmented\spasmodic_dysphonia\H1ZwDVx0WTY_seg_081.wav,H1ZwDVx0WTY_seg_081.wav,H1ZwDVx0WTY,True,16000,1,3.0,-21.8336,-5.8536,0.3519,0.0,True,ok
data\interim\segmented\spasmodic_dysphonia\H1ZwDVx0WTY_seg_082.wav,H1ZwDVx0WTY_seg_082.wav,H1ZwDVx0WTY,True,16000,1,3.0,-23.0997,-7.7249,0.3049,0.0,True,ok
data\interim\segmented\spasmodic_dysphonia\H1ZwDVx0WTY_seg_083.wav,H1ZwDVx0WTY_seg_083.wav,H1ZwDVx0WTY,True,16000,1,3.0,-23.5377,-7.9729,0.3438,0.0,True,ok
data\interim\segmented\spasmodic_dysphonia\H1ZwDVx0WTY_seg_084.wav,H1ZwDVx0WTY_seg_084.wav,H1ZwDVx0WTY,True,16000,1,3.0,-25.1487,-6.6237,0.4143,0.0,True,ok
data\interim\segmented\spasmodic_dysphonia\H1ZwDVx0WTY_seg_085.wav,H1ZwDVx0WTY_seg_085.wav,H1ZwDVx0WTY,True,16000,1,3.0,-25.0822,-5.0056,0.3554,0.0,True,ok
data\interim\segmented\spasmodic_dysphonia\H1ZwDVx0WTY_seg_086.wav,H1ZwDVx0WTY_seg_086.wav,H1ZwDVx0WTY,True,16000,1,3.0,-36.2723,-23.4054,0.2124,0.0,True,ok
data\interim\segmented\spasmodic_dysphonia\H1ZwDVx0WTY_seg_087.wav,H1ZwDVx0WTY_seg_087.wav,H1ZwDVx0WTY,True,16000,1,3.0,-36.2908,-23.5958,0.21,0.0,True,ok
data\interim\segmented\spasmodic_dysphonia\H1ZwDVx0WTY_seg_088.wav,H1ZwDVx0WTY_seg_088.wav,H1ZwDVx0WTY,True,16000,1,2.115,-37.1754,-26.3194,0.2214,0.0,True,ok
data\interim\segmented\spasmodic_dysphonia\H6qBrb2fkDU_seg_000.wav,H6qBrb2fkDU_seg_000.wav,H6qBrb2fkDU,True,16000,1,3.0,-28.8105,-14.5939,0.3551,0.0,True,ok
data\interim\segmented\spasmodic_dysphonia\H6qBrb2fkDU_seg_001.wav,H6qBrb2fkDU_seg_001.wav,H6qBrb2fkDU,True,16000,1,3.0,-29.5098,-15.3081,0.3581,0.0,True,ok
data\interim\segmented\spasmodic_dysphonia\H6qBrb2fkDU_seg_002.wav,H6qBrb2fkDU_seg_002.wav,H6qBrb2fkDU,True,16000,1,3.0,-28.4746,-12.1307,0.4447,0.0,True,ok
data\interim\segmented\spasmodic_dysphonia\H6qBrb2fkDU_seg_003.wav,H6qBrb2fkDU_seg_003.wav,H6qBrb2fkDU,True,16000,1,3.0,-31.7392,-16.9264,0.3965,0.0,True,ok
data\interim\segmented\spasmodic_dysphonia\H6qBrb2fkDU_seg_004.wav,H6qBrb2fkDU_seg_004.wav,H6qBrb2fkDU,True,16000,1,3.0,-30.1119,-16.1849,0.3229,0.0,True,ok
data\interim\segmented\spasmodic_dysphonia\H6qBrb2fkDU_seg_005.wav,H6qBrb2fkDU_seg_005.wav,H6qBrb2fkDU,True,16000,1,3.0,-26.1744,-7.2742,0.4457,0.0,True,ok
data\interim\segmented\spasmodic_dysphonia\H6qBrb2fkDU_seg_006.wav,H6qBrb2fkDU_seg_006.wav,H6qBrb2fkDU,True,16000,1,3.0,-26.9958,-11.6049,0.2281,0.0,True,ok
data\interim\segmented\spasmodic_dysphonia\H6qBrb2fkDU_seg_007.wav,H6qBrb2fkDU_seg_007.wav,H6qBrb2fkDU,True,16000,1,3.0,-27.533,-13.6269,0.2427,0.0,True,ok
data\interim\segmented\spasmodic_dysphonia\H6qBrb2fkDU_seg_008.wav,H6qBrb2fkDU_seg_008.wav,H6qBrb2fkDU,True,16000,1,3.0,-26.5567,-13.3798,0.266,0.0,True,ok
data\interim\segmented\spasmodic_dysphonia\H6qBrb2fkDU_seg_009.wav,H6qBrb2fkDU_seg_009.wav,H6qBrb2fkDU,True,16000,1,3.0,-28.9892,-13.618,0.2591,0.0,True,ok
data\interim\segmented\spasmodic_dysphonia\H6qBrb2fkDU_seg_010.wav,H6qBrb2fkDU_seg_010.wav,H6qBrb2fkDU,True,16000,1,3.0,-29.1938,-8.7726,0.5572,0.0,True,ok
data\interim\segmented\spasmodic_dysphonia\H6qBrb2fkDU_seg_011.wav,H6qBrb2fkDU_seg_011.wav,H6qBrb2fkDU,True,16000,1,3.0,-25.7024,-9.4049,0.2219,0.0,True,ok
data\interim\segmented\spasmodic_dysphonia\H6qBrb2fkDU_seg_012.wav,H6qBrb2fkDU_seg_012.wav,H6qBrb2fkDU,True,16000,1,3.0,-27.9891,-11.3232,0.2477,0.0,True,ok
data\interim\segmented\spasmodic_dysphonia\H6qBrb2fkDU_seg_013.wav,H6qBrb2fkDU_seg_013.wav,H6qBrb2fkDU,True,16000,1,3.0,-28.5298,-12.351,0.3554,0.0,True,ok
data\interim\segmented\spasmodic_dysphonia\H6qBrb2fkDU_seg_014.wav,H6qBrb2fkDU_seg_014.wav,H6qBrb2fkDU,True,16000,1,3.0,-30.6406,-10.6726,0.5907,0.0,True,ok
data\interim\segmented\spasmodic_dysphonia\H6qBrb2fkDU_seg_015.wav,H6qBrb2fkDU_seg_015.wav,H6qBrb2fkDU,True,16000,1,3.0,-27.0489,-7.8522,0.2786,0.0,True,ok
data\interim\segmented\spasmodic_dysphonia\H6qBrb2fkDU_seg_016.wav,H6qBrb2fkDU_seg_016.wav,H6qBrb2fkDU,True,16000,1,3.0,-28.0072,-14.7968,0.1837,0.0,True,ok
data\interim\segmented\spasmodic_dysphonia\H6qBrb2fkDU_seg_017.wav,H6qBrb2fkDU_seg_017.wav,H6qBrb2fkDU,True,16000,1,3.0,-27.1923,-4.9066,0.444,0.0,True,ok
data\interim\segmented\spasmodic_dysphonia\H6qBrb2fkDU_seg_018.wav,H6qBrb2fkDU_seg_018.wav,H6qBrb2fkDU,True,16000,1,3.0,-28.0664,-13.8787,0.2988,0.0,True,ok
data\interim\segmented\spasmodic_dysphonia\H6qBrb2fkDU_seg_019.wav,H6qBrb2fkDU_seg_019.wav,H6qBrb2fkDU,True,16000,1,3.0,-28.3543,-15.5413,0.3065,0.0,True,ok
data\interim\segmented\spasmodic_dysphonia\H6qBrb2fkDU_seg_020.wav,H6qBrb2fkDU_seg_020.wav,H6qBrb2fkDU,True,16000,1,3.0,-28.8099,-13.0604,0.3838,0.0,True,ok
data\interim\segmented\spasmodic_dysphonia\H6qBrb2fkDU_seg_021.wav,H6qBrb2fkDU_seg_021.wav,H6qBrb2fkDU,True,16000,1,3.0,-29.0483,-13.3934,0.2796,0.0,True,ok
data\interim\segmented\spasmodic_dysphonia\H6qBrb2fkDU_seg_022.wav,H6qBrb2fkDU_seg_022.wav,H6qBrb2fkDU,True,16000,1,3.0,-25.4425,-6.3474,0.2047,0.0,True,ok
data\interim\segmented\spasmodic_dysphonia\H6qBrb2fkDU_seg_023.wav,H6qBrb2fkDU_seg_023.wav,H6qBrb2fkDU,True,16000,1,3.0,-31.4495,-15.4451,0.3237,0.0,True,ok
data\interim\segmented\spasmodic_dysphonia\H6qBrb2fkDU_seg_024.wav,H6qBrb2fkDU_seg_024.wav,H6qBrb2fkDU,True,16000,1,3.0,-28.985,-9.5414,0.5063,0.0,True,ok
data\interim\segmented\spasmodic_dysphonia\H6qBrb2fkDU_seg_025.wav,H6qBrb2fkDU_seg_025.wav,H6qBrb2fkDU,True,16000,1,3.0,-27.7388,-16.715,0.2832,0.0,True,ok
data\interim\segmented\spasmodic_dysphonia\H6qBrb2fkDU_seg_026.wav,H6qBrb2fkDU_seg_026.wav,H6qBrb2fkDU,True,16000,1,3.0,-27.9377,-11.6646,0.4023,0.0,True,ok
data\interim\segmented\spasmodic_dysphonia\H6qBrb2fkDU_seg_027.wav,H6qBrb2fkDU_seg_027.wav,H6qBrb2fkDU,True,16000,1,3.0,-29.9017,-16.0864,0.4201,0.0,True,ok
data\interim\segmented\spasmodic_dysphonia\H6qBrb2fkDU_seg_028.wav,H6qBrb2fkDU_seg_028.wav,H6qBrb2fkDU,True,16000,1,3.0,-28.8232,-12.7466,0.3321,0.0,True,ok
data\interim\segmented\spasmodic_dysphonia\H6qBrb2fkDU_seg_029.wav,H6qBrb2fkDU_seg_029.wav,H6qBrb2fkDU,True,16000,1,3.0,-30.4437,-14.6883,0.4605,0.0,True,ok
data\interim\segmented\spasmodic_dysphonia\H6qBrb2fkDU_seg_030.wav,H6qBrb2fkDU_seg_030.wav,H6qBrb2fkDU,True,16000,1,3.0,-29.42,-15.0825,0.3422,0.0,True,ok
data\interim\segmented\spasmodic_dysphonia\H6qBrb2fkDU_seg_031.wav,H6qBrb2fkDU_seg_031.wav,H6qBrb2fkDU,True,16000,1,3.0,-33.2219,-14.3098,0.6628,0.0,True,ok
data\interim\segmented\spasmodic_dysphonia\H6qBrb2fkDU_seg_032.wav,H6qBrb2fkDU_seg_032.wav,H6qBrb2fkDU,True,16000,1,3.0,-25.4363,-10.988,0.3278,0.0,True,ok
data\interim\segmented\spasmodic_dysphonia\H6qBrb2fkDU_seg_033.wav,H6qBrb2fkDU_seg_033.wav,H6qBrb2fkDU,True,16000,1,3.0,-28.4302,-9.0521,0.3214,0.0,True,ok
data\interim\segmented\spasmodic_dysphonia\H6qBrb2fkDU_seg_034.wav,H6qBrb2fkDU_seg_034.wav,H6qBrb2fkDU,True,16000,1,3.0,-28.4765,-10.8742,0.4348,0.0,True,ok
data\interim\segmented\spasmodic_dysphonia\H6qBrb2fkDU_seg_035.wav,H6qBrb2fkDU_seg_035.wav,H6qBrb2fkDU,True,16000,1,3.0,-28.3947,-11.7227,0.4252,0.0,True,ok
data\interim\segmented\spasmodic_dysphonia\H6qBrb2fkDU_seg_036.wav,H6qBrb2fkDU_seg_036.wav,H6qBrb2fkDU,True,16000,1,3.0,-26.7942,-12.1996,0.3361,0.0,True,ok
data\interim\segmented\spasmodic_dysphonia\H6qBrb2fkDU_seg_037.wav,H6qBrb2fkDU_seg_037.wav,H6qBrb2fkDU,True,16000,1,3.0,-28.374,-10.7509,0.3712,0.0,True,ok
data\interim\segmented\spasmodic_dysphonia\H6qBrb2fkDU_seg_038.wav,H6qBrb2fkDU_seg_038.wav,H6qBrb2fkDU,True,16000,1,3.0,-28.0089,-12.2526,0.3332,0.0,True,ok
data\interim\segmented\spasmodic_dysphonia\H6qBrb2fkDU_seg_039.wav,H6qBrb2fkDU_seg_039.wav,H6qBrb2fkDU,True,16000,1,3.0,-27.3001,-8.7602,0.3885,0.0,True,ok
data\interim\segmented\spasmodic_dysphonia\H6qBrb2fkDU_seg_040.wav,H6qBrb2fkDU_seg_040.wav,H6qBrb2fkDU,True,16000,1,3.0,-29.2153,-12.4638,0.4383,0.0,True,ok
data\interim\segmented\spasmodic_dysphonia\H6qBrb2fkDU_seg_041.wav,H6qBrb2fkDU_seg_041.wav,H6qBrb2fkDU,True,16000,1,3.0,-24.8658,-10.0026,0.2084,0.0,True,ok
data\interim\segmented\spasmodic_dysphonia\H6qBrb2fkDU_seg_042.wav,H6qBrb2fkDU_seg_042.wav,H6qBrb2fkDU,True,16000,1,3.0,-27.215,-14.1407,0.2921,0.0,True,ok
data\interim\segmented\spasmodic_dysphonia\H6qBrb2fkDU_seg_043.wav,H6qBrb2fkDU_seg_043.wav,H6qBrb2fkDU,True,16000,1,3.0,-28.658,-11.4669,0.3306,0.0,True,ok
data\interim\segmented\spasmodic_dysphonia\H6qBrb2fkDU_seg_044.wav,H6qBrb2fkDU_seg_044.wav,H6qBrb2fkDU,True,16000,1,3.0,-26.3603,-5.9357,0.4324,0.0,True,ok
data\interim\segmented\spasmodic_dysphonia\H6qBrb2fkDU_seg_045.wav,H6qBrb2fkDU_seg_045.wav,H6qBrb2fkDU,True,16000,1,3.0,-28.3521,-10.9272,0.2924,0.0,True,ok
data\interim\segmented\spasmodic_dysphonia\H6qBrb2fkDU_seg_046.wav,H6qBrb2fkDU_seg_046.wav,H6qBrb2fkDU,True,16000,1,3.0,-26.4657,-9.4811,0.3819,0.0,True,ok
data\interim\segmented\spasmodic_dysphonia\H6qBrb2fkDU_seg_047.wav,H6qBrb2fkDU_seg_047.wav,H6qBrb2fkDU,True,16000,1,3.0,-26.0598,-10.5888,0.1958,0.0,True,ok
data\interim\segmented\spasmodic_dysphonia\H6qBrb2fkDU_seg_048.wav,H6qBrb2fkDU_seg_048.wav,H6qBrb2fkDU,True,16000,1,3.0,-29.5369,-13.6716,0.3418,0.0,True,ok
data\interim\segmented\spasmodic_dysphonia\H6qBrb2fkDU_seg_049.wav,H6qBrb2fkDU_seg_049.wav,H6qBrb2fkDU,True,16000,1,3.0,-30.1651,-11.2348,0.5133,0.0,True,ok
data\interim\segmented\spasmodic_dysphonia\H6qBrb2fkDU_seg_050.wav,H6qBrb2fkDU_seg_050.wav,H6qBrb2fkDU,True,16000,1,3.0,-32.5284,-14.8377,0.4227,0.0,True,ok
data\interim\segmented\spasmodic_dysphonia\H6qBrb2fkDU_seg_051.wav,H6qBrb2fkDU_seg_051.wav,H6qBrb2fkDU,True,16000,1,3.0,-24.9915,-9.8357,0.233,0.0,True,ok
data\interim\segmented\spasmodic_dysphonia\H6qBrb2fkDU_seg_052.wav,H6qBrb2fkDU_seg_052.wav,H6qBrb2fkDU,True,16000,1,3.0,-29.9488,-9.9725,0.3226,0.0,True,ok
data\interim\segmented\spasmodic_dysphonia\H6qBrb2fkDU_seg_053.wav,H6qBrb2fkDU_seg_053.wav,H6qBrb2fkDU,True,16000,1,3.0,-28.6359,-11.0853,0.331,0.0,True,ok
data\interim\segmented\spasmodic_dysphonia\H6qBrb2fkDU_seg_054.wav,H6qBrb2fkDU_seg_054.wav,H6qBrb2fkDU,True,16000,1,3.0,-28.2588,-11.6291,0.3849,0.0,True,ok
data\interim\segmented\spasmodic_dysphonia\H6qBrb2fkDU_seg_055.wav,H6qBrb2fkDU_seg_055.wav,H6qBrb2fkDU,True,16000,1,3.0,-27.8978,-9.6108,0.2994,0.0,True,ok
data\interim\segmented\spasmodic_dysphonia\H6qBrb2fkDU_seg_056.wav,H6qBrb2fkDU_seg_056.wav,H6qBrb2fkDU,True,16000,1,3.0,-28.0634,-13.0271,0.3734,0.0,True,ok
data\interim\segmented\spasmodic_dysphonia\H6qBrb2fkDU_seg_057.wav,H6qBrb2fkDU_seg_057.wav,H6qBrb2fkDU,True,16000,1,3.0,-26.4037,-8.8574,0.3422,0.0,True,ok
data\interim\segmented\spasmodic_dysphonia\H6qBrb2fkDU_seg_058.wav,H6qBrb2fkDU_seg_058.wav,H6qBrb2fkDU,True,16000,1,3.0,-29.14,-14.2276,0.4107,0.0,True,ok
data\interim\segmented\spasmodic_dysphonia\H6qBrb2fkDU_seg_059.wav,H6qBrb2fkDU_seg_059.wav,H6qBrb2fkDU,True,16000,1,3.0,-33.6567,-17.6174,0.4834,0.0,True,ok
data\interim\segmented\spasmodic_dysphonia\H6qBrb2fkDU_seg_060.wav,H6qBrb2fkDU_seg_060.wav,H6qBrb2fkDU,True,16000,1,3.0,-23.7641,-8.1621,0.1645,0.0,True,ok
data\interim\segmented\spasmodic_dysphonia\H6qBrb2fkDU_seg_061.wav,H6qBrb2fkDU_seg_061.wav,H6qBrb2fkDU,True,16000,1,3.0,-30.2504,-13.7629,0.3407,0.0,True,ok
data\interim\segmented\spasmodic_dysphonia\H6qBrb2fkDU_seg_062.wav,H6qBrb2fkDU_seg_062.wav,H6qBrb2fkDU,True,16000,1,3.0,-27.8594,-13.6665,0.384,0.0,True,ok
data\interim\segmented\spasmodic_dysphonia\H6qBrb2fkDU_seg_063.wav,H6qBrb2fkDU_seg_063.wav,H6qBrb2fkDU,True,16000,1,3.0,-26.6583,-11.4867,0.3226,0.0,True,ok
data\interim\segmented\spasmodic_dysphonia\H6qBrb2fkDU_seg_064.wav,H6qBrb2fkDU_seg_064.wav,H6qBrb2fkDU,True,16000,1,3.0,-29.9277,-11.9841,0.5102,0.0,True,ok
data\interim\segmented\spasmodic_dysphonia\H6qBrb2fkDU_seg_065.wav,H6qBrb2fkDU_seg_065.wav,H6qBrb2fkDU,True,16000,1,3.0,-27.6687,-12.1029,0.3082,0.0,True,ok
data\interim\segmented\spasmodic_dysphonia\H6qBrb2fkDU_seg_066.wav,H6qBrb2fkDU_seg_066.wav,H6qBrb2fkDU,True,16000,1,3.0,-27.5812,-13.0188,0.3794,0.0,True,ok
data\interim\segmented\spasmodic_dysphonia\H6qBrb2fkDU_seg_067.wav,H6qBrb2fkDU_seg_067.wav,H6qBrb2fkDU,True,16000,1,3.0,-29.7177,-16.4591,0.35,0.0,True,ok
data\interim\segmented\spasmodic_dysphonia\H6qBrb2fkDU_seg_068.wav,H6qBrb2fkDU_seg_068.wav,H6qBrb2fkDU,True,16000,1,3.0,-29.1581,-15.3359,0.3316,0.0,True,ok
data\interim\segmented\spasmodic_dysphonia\H6qBrb2fkDU_seg_069.wav,H6qBrb2fkDU_seg_069.wav,H6qBrb2fkDU,True,16000,1,3.0,-31.3695,-15.222,0.3353,0.0,True,ok
data\interim\segmented\spasmodic_dysphonia\H6qBrb2fkDU_seg_070.wav,H6qBrb2fkDU_seg_070.wav,H6qBrb2fkDU,True,16000,1,3.0,-30.0384,-11.3437,0.4127,0.0,True,ok
data\interim\segmented\spasmodic_dysphonia\H6qBrb2fkDU_seg_071.wav,H6qBrb2fkDU_seg_071.wav,H6qBrb2fkDU,True,16000,1,3.0,-23.673,-9.0281,0.2449,0.0,True,ok
data\interim\segmented\spasmodic_dysphonia\H6qBrb2fkDU_seg_072.wav,H6qBrb2fkDU_seg_072.wav,H6qBrb2fkDU,True,16000,1,3.0,-27.7643,-13.8604,0.2824,0.0,True,ok
data\interim\segmented\spasmodic_dysphonia\H6qBrb2fkDU_seg_073.wav,H6qBrb2fkDU_seg_073.wav,H6qBrb2fkDU,True,16000,1,3.0,-26.081,-9.2605,0.1116,0.0,True,ok
data\interim\segmented\spasmodic_dysphonia\H6qBrb2fkDU_seg_074.wav,H6qBrb2fkDU_seg_074.wav,H6qBrb2fkDU,True,16000,1,3.0,-28.1767,-14.7344,0.204,0.0,True,ok
data\interim\segmented\spasmodic_dysphonia\H6qBrb2fkDU_seg_075.wav,H6qBrb2fkDU_seg_075.wav,H6qBrb2fkDU,True,16000,1,3.0,-27.3911,-12.104,0.185,0.0,True,ok
data\interim\segmented\spasmodic_dysphonia\H6qBrb2fkDU_seg_076.wav,H6qBrb2fkDU_seg_076.wav,H6qBrb2fkDU,True,16000,1,3.0,-30.3692,-14.5953,0.4826,0.0,True,ok
data\interim\segmented\spasmodic_dysphonia\H6qBrb2fkDU_seg_077.wav,H6qBrb2fkDU_seg_077.wav,H6qBrb2fkDU,True,16000,1,3.0,-25.3651,-8.8332,0.2356,0.0,True,ok
data\interim\segmented\spasmodic_dysphonia\H6qBrb2fkDU_seg_078.wav,H6qBrb2fkDU_seg_078.wav,H6qBrb2fkDU,True,16000,1,3.0,-27.2287,-10.5987,0.2947,0.0,True,ok
data\interim\segmented\spasmodic_dysphonia\H6qBrb2fkDU_seg_079.wav,H6qBrb2fkDU_seg_079.wav,H6qBrb2fkDU,True,16000,1,3.0,-28.2406,-11.9757,0.4126,0.0,True,ok
data\interim\segmented\spasmodic_dysphonia\H6qBrb2fkDU_seg_080.wav,H6qBrb2fkDU_seg_080.wav,H6qBrb2fkDU,True,16000,1,3.0,-27.4957,-10.0827,0.3041,0.0,True,ok
data\interim\segmented\spasmodic_dysphonia\H6qBrb2fkDU_seg_081.wav,H6qBrb2fkDU_seg_081.wav,H6qBrb2fkDU,True,16000,1,3.0,-28.2893,-12.8519,0.4084,0.0,True,ok
data\interim\segmented\spasmodic_dysphonia\H6qBrb2fkDU_seg_082.wav,H6qBrb2fkDU_seg_082.wav,H6qBrb2fkDU,True,16000,1,3.0,-28.7436,-14.826,0.2615,0.0,True,ok
data\interim\segmented\spasmodic_dysphonia\H6qBrb2fkDU_seg_083.wav,H6qBrb2fkDU_seg_083.wav,H6qBrb2fkDU,True,16000,1,3.0,-28.2548,-11.0645,0.3892,0.0,True,ok
data\interim\segmented\spasmodic_dysphonia\H6qBrb2fkDU_seg_084.wav,H6qBrb2fkDU_seg_084.wav,H6qBrb2fkDU,True,16000,1,3.0,-28.0258,-10.3403,0.3131,0.0,True,ok
data\interim\segmented\spasmodic_dysphonia\H6qBrb2fkDU_seg_085.wav,H6qBrb2fkDU_seg_085.wav,H6qBrb2fkDU,True,16000,1,3.0,-28.0409,-15.4466,0.3072,0.0,True,ok
data\interim\segmented\spasmodic_dysphonia\H6qBrb2fkDU_seg_086.wav,H6qBrb2fkDU_seg_086.wav,H6qBrb2fkDU,True,16000,1,3.0,-30.8863,-11.5596,0.4661,0.0,True,ok
data\interim\segmented\spasmodic_dysphonia\H6qBrb2fkDU_seg_087.wav,H6qBrb2fkDU_seg_087.wav,H6qBrb2fkDU,True,16000,1,3.0,-28.249,-11.375,0.3421,0.0,True,ok
data\interim\segmented\spasmodic_dysphonia\H6qBrb2fkDU_seg_088.wav,H6qBrb2fkDU_seg_088.wav,H6qBrb2fkDU,True,16000,1,3.0,-27.8188,-13.8421,0.3462,0.0,True,ok
data\interim\segmented\spasmodic_dysphonia\H6qBrb2fkDU_seg_089.wav,H6qBrb2fkDU_seg_089.wav,H6qBrb2fkDU,True,16000,1,3.0,-28.8256,-14.296,0.356,0.0,True,ok
data\interim\segmented\spasmodic_dysphonia\H6qBrb2fkDU_seg_090.wav,H6qBrb2fkDU_seg_090.wav,H6qBrb2fkDU,True,16000,1,3.0,-27.9621,-13.2582,0.2863,0.0,True,ok
data\interim\segmented\spasmodic_dysphonia\H6qBrb2fkDU_seg_091.wav,H6qBrb2fkDU_seg_091.wav,H6qBrb2fkDU,True,16000,1,3.0,-31.6091,-17.0746,0.4706,0.0,True,ok
data\interim\segmented\spasmodic_dysphonia\H6qBrb2fkDU_seg_092.wav,H6qBrb2fkDU_seg_092.wav,H6qBrb2fkDU,True,16000,1,3.0,-31.48,-15.4294,0.4479,0.0,True,ok
data\interim\segmented\spasmodic_dysphonia\Hpbo6QD01_I_seg_000.wav,Hpbo6QD01_I_seg_000.wav,Hpbo6QD01_I,True,16000,1,3.0,-31.1823,-19.1324,0.1391,0.0,True,ok
data\interim\segmented\spasmodic_dysphonia\Hpbo6QD01_I_seg_001.wav,Hpbo6QD01_I_seg_001.wav,Hpbo6QD01_I,True,16000,1,3.0,-29.9994,-13.5396,0.3017,0.0,True,ok
data\interim\segmented\spasmodic_dysphonia\Hpbo6QD01_I_seg_002.wav,Hpbo6QD01_I_seg_002.wav,Hpbo6QD01_I,True,16000,1,3.0,-30.5963,-12.037,0.354,0.0,True,ok
data\interim\segmented\spasmodic_dysphonia\Hpbo6QD01_I_seg_003.wav,Hpbo6QD01_I_seg_003.wav,Hpbo6QD01_I,True,16000,1,3.0,-34.277,-18.8029,0.3772,0.0,True,ok
data\interim\segmented\spasmodic_dysphonia\Hpbo6QD01_I_seg_004.wav,Hpbo6QD01_I_seg_004.wav,Hpbo6QD01_I,True,16000,1,3.0,-31.9306,-11.4075,0.4824,0.0,True,ok
data\interim\segmented\spasmodic_dysphonia\Hpbo6QD01_I_seg_005.wav,Hpbo6QD01_I_seg_005.wav,Hpbo6QD01_I,True,16000,1,3.0,-30.8231,-15.6354,0.4533,0.0,True,ok
data\interim\segmented\spasmodic_dysphonia\Hpbo6QD01_I_seg_006.wav,Hpbo6QD01_I_seg_006.wav,Hpbo6QD01_I,True,16000,1,3.0,-32.5779,-14.2399,0.3585,0.0,True,ok
data\interim\segmented\spasmodic_dysphonia\Hpbo6QD01_I_seg_007.wav,Hpbo6QD01_I_seg_007.wav,Hpbo6QD01_I,True,16000,1,3.0,-31.3196,-12.9714,0.3921,0.0,True,ok
data\interim\segmented\spasmodic_dysphonia\Hpbo6QD01_I_seg_008.wav,Hpbo6QD01_I_seg_008.wav,Hpbo6QD01_I,True,16000,1,3.0,-34.2229,-14.7532,0.3998,0.0,True,ok
data\interim\segmented\spasmodic_dysphonia\Hpbo6QD01_I_seg_009.wav,Hpbo6QD01_I_seg_009.wav,Hpbo6QD01_I,True,16000,1,3.0,-31.38,-16.8449,0.3412,0.0,True,ok
data\interim\segmented\spasmodic_dysphonia\Hpbo6QD01_I_seg_010.wav,Hpbo6QD01_I_seg_010.wav,Hpbo6QD01_I,True,16000,1,3.0,-32.1209,-16.6463,0.2933,0.0,True,ok
data\interim\segmented\spasmodic_dysphonia\Hpbo6QD01_I_seg_011.wav,Hpbo6QD01_I_seg_011.wav,Hpbo6QD01_I,True,16000,1,3.0,-36.4678,-18.1171,0.4654,0.0,True,ok
data\interim\segmented\spasmodic_dysphonia\Hpbo6QD01_I_seg_012.wav,Hpbo6QD01_I_seg_012.wav,Hpbo6QD01_I,True,16000,1,3.0,-34.8357,-19.1589,0.412,0.0,True,ok
data\interim\segmented\spasmodic_dysphonia\Hpbo6QD01_I_seg_013.wav,Hpbo6QD01_I_seg_013.wav,Hpbo6QD01_I,True,16000,1,3.0,-31.6409,-14.1718,0.3499,0.0,True,ok
data\interim\segmented\spasmodic_dysphonia\Hpbo6QD01_I_seg_014.wav,Hpbo6QD01_I_seg_014.wav,Hpbo6QD01_I,True,16000,1,3.0,-33.7058,-14.7055,0.4199,0.0,True,ok
data\interim\segmented\spasmodic_dysphonia\Hpbo6QD01_I_seg_015.wav,Hpbo6QD01_I_seg_015.wav,Hpbo6QD01_I,True,16000,1,3.0,-34.7262,-17.3087,0.3818,0.0,True,ok
data\interim\segmented\spasmodic_dysphonia\Hpbo6QD01_I_seg_016.wav,Hpbo6QD01_I_seg_016.wav,Hpbo6QD01_I,True,16000,1,3.0,-30.1715,-11.689,0.3099,0.0,True,ok
data\interim\segmented\spasmodic_dysphonia\Hpbo6QD01_I_seg_017.wav,Hpbo6QD01_I_seg_017.wav,Hpbo6QD01_I,True,16000,1,3.0,-31.7067,-12.0869,0.4673,0.0,True,ok
data\interim\segmented\spasmodic_dysphonia\Hpbo6QD01_I_seg_018.wav,Hpbo6QD01_I_seg_018.wav,Hpbo6QD01_I,True,16000,1,3.0,-32.703,-16.3662,0.4736,0.0,True,ok
data\interim\segmented\spasmodic_dysphonia\Hpbo6QD01_I_seg_019.wav,Hpbo6QD01_I_seg_019.wav,Hpbo6QD01_I,True,16000,1,3.0,-32.9426,-16.7332,0.3706,0.0,True,ok
data\interim\segmented\spasmodic_dysphonia\Hpbo6QD01_I_seg_020.wav,Hpbo6QD01_I_seg_020.wav,Hpbo6QD01_I,True,16000,1,3.0,-35.4197,-17.5652,0.442,0.0,True,ok
data\interim\segmented\spasmodic_dysphonia\Hpbo6QD01_I_seg_021.wav,Hpbo6QD01_I_seg_021.wav,Hpbo6QD01_I,True,16000,1,3.0,-35.034,-20.2006,0.3889,0.0,True,ok
data\interim\segmented\spasmodic_dysphonia\Hpbo6QD01_I_seg_022.wav,Hpbo6QD01_I_seg_022.wav,Hpbo6QD01_I,True,16000,1,3.0,-35.0591,-16.5033,0.4592,0.0,True,ok
data\interim\segmented\spasmodic_dysphonia\Hpbo6QD01_I_seg_023.wav,Hpbo6QD01_I_seg_023.wav,Hpbo6QD01_I,True,16000,1,3.0,-35.4759,-21.7723,0.3902,0.0,True,ok
data\interim\segmented\spasmodic_dysphonia\Hpbo6QD01_I_seg_024.wav,Hpbo6QD01_I_seg_024.wav,Hpbo6QD01_I,True,16000,1,3.0,-39.1212,-17.124,0.6092,0.0,True,ok
data\interim\segmented\spasmodic_dysphonia\Hpbo6QD01_I_seg_025.wav,Hpbo6QD01_I_seg_025.wav,Hpbo6QD01_I,True,16000,1,3.0,-37.7284,-18.4278,0.517,0.0,True,ok
data\interim\segmented\spasmodic_dysphonia\Hpbo6QD01_I_seg_026.wav,Hpbo6QD01_I_seg_026.wav,Hpbo6QD01_I,True,16000,1,3.0,-33.5851,-15.8959,0.4328,0.0,True,ok
data\interim\segmented\spasmodic_dysphonia\Hpbo6QD01_I_seg_027.wav,Hpbo6QD01_I_seg_027.wav,Hpbo6QD01_I,True,16000,1,3.0,-35.0829,-17.8544,0.4514,0.0,True,ok
data\interim\segmented\spasmodic_dysphonia\Hpbo6QD01_I_seg_028.wav,Hpbo6QD01_I_seg_028.wav,Hpbo6QD01_I,True,16000,1,3.0,-35.7912,-17.6295,0.5294,0.0,True,ok
data\interim\segmented\spasmodic_dysphonia\Hpbo6QD01_I_seg_029.wav,Hpbo6QD01_I_seg_029.wav,Hpbo6QD01_I,True,16000,1,3.0,-35.0849,-18.0703,0.4124,0.0,True,ok
data\interim\segmented\spasmodic_dysphonia\Hpbo6QD01_I_seg_030.wav,Hpbo6QD01_I_seg_030.wav,Hpbo6QD01_I,True,16000,1,3.0,-32.6281,-18.1556,0.314,0.0,True,ok
data\interim\segmented\spasmodic_dysphonia\Hpbo6QD01_I_seg_031.wav,Hpbo6QD01_I_seg_031.wav,Hpbo6QD01_I,True,16000,1,3.0,-33.561,-18.2223,0.3939,0.0,True,ok
data\interim\segmented\spasmodic_dysphonia\Hpbo6QD01_I_seg_032.wav,Hpbo6QD01_I_seg_032.wav,Hpbo6QD01_I,True,16000,1,3.0,-31.7029,-14.3734,0.3647,0.0,True,ok
data\interim\segmented\spasmodic_dysphonia\Hpbo6QD01_I_seg_033.wav,Hpbo6QD01_I_seg_033.wav,Hpbo6QD01_I,True,16000,1,3.0,-31.9274,-15.2757,0.419,0.0,True,ok
data\interim\segmented\spasmodic_dysphonia\Hpbo6QD01_I_seg_034.wav,Hpbo6QD01_I_seg_034.wav,Hpbo6QD01_I,True,16000,1,3.0,-32.1263,-18.9005,0.2585,0.0,True,ok
data\interim\segmented\spasmodic_dysphonia\Hpbo6QD01_I_seg_035.wav,Hpbo6QD01_I_seg_035.wav,Hpbo6QD01_I,True,16000,1,3.0,-34.9861,-19.1902,0.4146,0.0,True,ok
data\interim\segmented\spasmodic_dysphonia\Hpbo6QD01_I_seg_036.wav,Hpbo6QD01_I_seg_036.wav,Hpbo6QD01_I,True,16000,1,3.0,-33.9404,-15.3825,0.4361,0.0,True,ok
data\interim\segmented\spasmodic_dysphonia\Hpbo6QD01_I_seg_037.wav,Hpbo6QD01_I_seg_037.wav,Hpbo6QD01_I,True,16000,1,3.0,-32.1973,-14.3222,0.3869,0.0,True,ok
data\interim\segmented\spasmodic_dysphonia\Hpbo6QD01_I_seg_038.wav,Hpbo6QD01_I_seg_038.wav,Hpbo6QD01_I,True,16000,1,3.0,-34.9346,-19.9545,0.3536,0.0,True,ok
data\interim\segmented\spasmodic_dysphonia\Hpbo6QD01_I_seg_039.wav,Hpbo6QD01_I_seg_039.wav,Hpbo6QD01_I,True,16000,1,3.0,-30.56,-15.7403,0.3979,0.0,True,ok
data\interim\segmented\spasmodic_dysphonia\Hpbo6QD01_I_seg_040.wav,Hpbo6QD01_I_seg_040.wav,Hpbo6QD01_I,True,16000,1,3.0,-31.7049,-14.3194,0.3392,0.0,True,ok
data\interim\segmented\spasmodic_dysphonia\Hpbo6QD01_I_seg_041.wav,Hpbo6QD01_I_seg_041.wav,Hpbo6QD01_I,True,16000,1,3.0,-29.0422,-14.4346,0.2218,0.0,True,ok
data\interim\segmented\spasmodic_dysphonia\Hpbo6QD01_I_seg_042.wav,Hpbo6QD01_I_seg_042.wav,Hpbo6QD01_I,True,16000,1,3.0,-28.2454,-9.7816,0.2525,0.0,True,ok
data\interim\segmented\spasmodic_dysphonia\Hpbo6QD01_I_seg_043.wav,Hpbo6QD01_I_seg_043.wav,Hpbo6QD01_I,True,16000,1,3.0,-29.0342,-15.1141,0.2274,0.0,True,ok
data\interim\segmented\spasmodic_dysphonia\Hpbo6QD01_I_seg_044.wav,Hpbo6QD01_I_seg_044.wav,Hpbo6QD01_I,True,16000,1,3.0,-27.9466,-11.3701,0.2629,0.0,True,ok
data\interim\segmented\spasmodic_dysphonia\Hpbo6QD01_I_seg_045.wav,Hpbo6QD01_I_seg_045.wav,Hpbo6QD01_I,True,16000,1,3.0,-29.0837,-12.4638,0.3157,0.0,True,ok
data\interim\segmented\spasmodic_dysphonia\Hpbo6QD01_I_seg_046.wav,Hpbo6QD01_I_seg_046.wav,Hpbo6QD01_I,True,16000,1,3.0,-32.2152,-15.6676,0.3292,0.0,True,ok
data\interim\segmented\spasmodic_dysphonia\Hpbo6QD01_I_seg_047.wav,Hpbo6QD01_I_seg_047.wav,Hpbo6QD01_I,True,16000,1,3.0,-27.1734,-11.6332,0.2325,0.0,True,ok
data\interim\segmented\spasmodic_dysphonia\Hpbo6QD01_I_seg_048.wav,Hpbo6QD01_I_seg_048.wav,Hpbo6QD01_I,True,16000,1,3.0,-30.044,-11.69,0.2769,0.0,True,ok
data\interim\segmented\spasmodic_dysphonia\Hpbo6QD01_I_seg_049.wav,Hpbo6QD01_I_seg_049.wav,Hpbo6QD01_I,True,16000,1,3.0,-28.2342,-13.5965,0.2398,0.0,True,ok
data\interim\segmented\spasmodic_dysphonia\Hpbo6QD01_I_seg_050.wav,Hpbo6QD01_I_seg_050.wav,Hpbo6QD01_I,True,16000,1,3.0,-28.1692,-9.3146,0.2539,0.0,True,ok
data\interim\segmented\spasmodic_dysphonia\Hpbo6QD01_I_seg_051.wav,Hpbo6QD01_I_seg_051.wav,Hpbo6QD01_I,True,16000,1,3.0,-27.5852,-11.7955,0.2221,0.0,True,ok
data\interim\segmented\spasmodic_dysphonia\Hpbo6QD01_I_seg_052.wav,Hpbo6QD01_I_seg_052.wav,Hpbo6QD01_I,True,16000,1,3.0,-29.687,-13.2241,0.2561,0.0,True,ok
data\interim\segmented\spasmodic_dysphonia\Hpbo6QD01_I_seg_053.wav,Hpbo6QD01_I_seg_053.wav,Hpbo6QD01_I,True,16000,1,3.0,-28.3789,-11.9883,0.2547,0.0,True,ok
data\interim\segmented\spasmodic_dysphonia\Hpbo6QD01_I_seg_054.wav,Hpbo6QD01_I_seg_054.wav,Hpbo6QD01_I,True,16000,1,3.0,-27.7296,-11.0408,0.2328,0.0,True,ok
data\interim\segmented\spasmodic_dysphonia\Hpbo6QD01_I_seg_055.wav,Hpbo6QD01_I_seg_055.wav,Hpbo6QD01_I,True,16000,1,3.0,-28.9128,-14.7012,0.2247,0.0,True,ok
data\interim\segmented\spasmodic_dysphonia\Hpbo6QD01_I_seg_056.wav,Hpbo6QD01_I_seg_056.wav,Hpbo6QD01_I,True,16000,1,3.0,-30.5921,-14.6324,0.2542,0.0,True,ok
data\interim\segmented\spasmodic_dysphonia\Hpbo6QD01_I_seg_057.wav,Hpbo6QD01_I_seg_057.wav,Hpbo6QD01_I,True,16000,1,3.0,-31.2283,-14.0668,0.3157,0.0,True,ok
data\interim\segmented\spasmodic_dysphonia\Hpbo6QD01_I_seg_058.wav,Hpbo6QD01_I_seg_058.wav,Hpbo6QD01_I,True,16000,1,3.0,-28.7842,-13.6895,0.2131,0.0,True,ok
data\interim\segmented\spasmodic_dysphonia\Hpbo6QD01_I_seg_059.wav,Hpbo6QD01_I_seg_059.wav,Hpbo6QD01_I,True,16000,1,3.0,-29.1298,-12.9561,0.2632,0.0,True,ok
data\interim\segmented\spasmodic_dysphonia\Hpbo6QD01_I_seg_060.wav,Hpbo6QD01_I_seg_060.wav,Hpbo6QD01_I,True,16000,1,3.0,-30.5104,-13.4593,0.3242,0.0,True,ok
data\interim\segmented\spasmodic_dysphonia\Hpbo6QD01_I_seg_061.wav,Hpbo6QD01_I_seg_061.wav,Hpbo6QD01_I,True,16000,1,3.0,-33.7842,-14.2494,0.3832,0.0,True,ok
data\interim\segmented\spasmodic_dysphonia\Hpbo6QD01_I_seg_062.wav,Hpbo6QD01_I_seg_062.wav,Hpbo6QD01_I,True,16000,1,3.0,-31.8981,-15.2988,0.3381,0.0,True,ok
data\interim\segmented\spasmodic_dysphonia\Hpbo6QD01_I_seg_063.wav,Hpbo6QD01_I_seg_063.wav,Hpbo6QD01_I,True,16000,1,3.0,-32.7913,-15.6386,0.3416,0.0,True,ok
data\interim\segmented\spasmodic_dysphonia\Hpbo6QD01_I_seg_064.wav,Hpbo6QD01_I_seg_064.wav,Hpbo6QD01_I,True,16000,1,3.0,-33.3202,-18.0427,0.3226,0.0,True,ok
data\interim\segmented\spasmodic_dysphonia\Hpbo6QD01_I_seg_065.wav,Hpbo6QD01_I_seg_065.wav,Hpbo6QD01_I,True,16000,1,3.0,-33.1393,-16.2191,0.33,0.0,True,ok
data\interim\segmented\spasmodic_dysphonia\Hpbo6QD01_I_seg_066.wav,Hpbo6QD01_I_seg_066.wav,Hpbo6QD01_I,True,16000,1,3.0,-32.5811,-12.8356,0.4124,0.0,True,ok
data\interim\segmented\spasmodic_dysphonia\Hpbo6QD01_I_seg_067.wav,Hpbo6QD01_I_seg_067.wav,Hpbo6QD01_I,True,16000,1,3.0,-28.9539,-13.7577,0.2819,0.0,True,ok
data\interim\segmented\spasmodic_dysphonia\Hpbo6QD01_I_seg_068.wav,Hpbo6QD01_I_seg_068.wav,Hpbo6QD01_I,True,16000,1,3.0,-30.7269,-16.1576,0.2356,0.0,True,ok
data\interim\segmented\spasmodic_dysphonia\Hpbo6QD01_I_seg_069.wav,Hpbo6QD01_I_seg_069.wav,Hpbo6QD01_I,True,16000,1,3.0,-35.5541,-18.9591,0.385,0.0,True,ok
data\interim\segmented\spasmodic_dysphonia\Hpbo6QD01_I_seg_070.wav,Hpbo6QD01_I_seg_070.wav,Hpbo6QD01_I,True,16000,1,3.0,-34.7779,-17.5014,0.3807,0.0,True,ok
data\interim\segmented\spasmodic_dysphonia\Hpbo6QD01_I_seg_071.wav,Hpbo6QD01_I_seg_071.wav,Hpbo6QD01_I,True,16000,1,3.0,-30.1014,-12.8892,0.3018,0.0,True,ok
data\interim\segmented\spasmodic_dysphonia\Hpbo6QD01_I_seg_072.wav,Hpbo6QD01_I_seg_072.wav,Hpbo6QD01_I,True,16000,1,3.0,-32.5914,-16.3348,0.3315,0.0,True,ok
data\interim\segmented\spasmodic_dysphonia\Hpbo6QD01_I_seg_073.wav,Hpbo6QD01_I_seg_073.wav,Hpbo6QD01_I,True,16000,1,3.0,-33.7521,-19.1157,0.3338,0.0,True,ok
data\interim\segmented\spasmodic_dysphonia\Hpbo6QD01_I_seg_074.wav,Hpbo6QD01_I_seg_074.wav,Hpbo6QD01_I,True,16000,1,3.0,-30.6557,-12.6029,0.351,0.0,True,ok
data\interim\segmented\spasmodic_dysphonia\Hpbo6QD01_I_seg_075.wav,Hpbo6QD01_I_seg_075.wav,Hpbo6QD01_I,True,16000,1,3.0,-32.0858,-16.1883,0.2975,0.0,True,ok
data\interim\segmented\spasmodic_dysphonia\Hpbo6QD01_I_seg_076.wav,Hpbo6QD01_I_seg_076.wav,Hpbo6QD01_I,True,16000,1,3.0,-29.7302,-14.7619,0.2871,0.0,True,ok
data\interim\segmented\spasmodic_dysphonia\Hpbo6QD01_I_seg_077.wav,Hpbo6QD01_I_seg_077.wav,Hpbo6QD01_I,True,16000,1,3.0,-31.9268,-13.4556,0.3828,0.0,True,ok
data\interim\segmented\spasmodic_dysphonia\Hpbo6QD01_I_seg_078.wav,Hpbo6QD01_I_seg_078.wav,Hpbo6QD01_I,True,16000,1,3.0,-29.4911,-17.0993,0.2117,0.0,True,ok
data\interim\segmented\spasmodic_dysphonia\Hpbo6QD01_I_seg_079.wav,Hpbo6QD01_I_seg_079.wav,Hpbo6QD01_I,True,16000,1,3.0,-31.9027,-17.2447,0.2926,0.0,True,ok
data\interim\segmented\spasmodic_dysphonia\Hpbo6QD01_I_seg_080.wav,Hpbo6QD01_I_seg_080.wav,Hpbo6QD01_I,True,16000,1,3.0,-31.8712,-16.6806,0.3179,0.0,True,ok
data\interim\segmented\spasmodic_dysphonia\Hpbo6QD01_I_seg_081.wav,Hpbo6QD01_I_seg_081.wav,Hpbo6QD01_I,True,16000,1,3.0,-31.9083,-14.9882,0.3102,0.0,True,ok
data\interim\segmented\spasmodic_dysphonia\Hpbo6QD01_I_seg_082.wav,Hpbo6QD01_I_seg_082.wav,Hpbo6QD01_I,True,16000,1,3.0,-34.5771,-16.8467,0.4376,0.0,True,ok
data\interim\segmented\spasmodic_dysphonia\Hpbo6QD01_I_seg_083.wav,Hpbo6QD01_I_seg_083.wav,Hpbo6QD01_I,True,16000,1,3.0,-30.4024,-14.5414,0.3448,0.0,True,ok
data\interim\segmented\spasmodic_dysphonia\Hpbo6QD01_I_seg_084.wav,Hpbo6QD01_I_seg_084.wav,Hpbo6QD01_I,True,16000,1,3.0,-31.0062,-17.3457,0.2614,0.0,True,ok
data\interim\segmented\spasmodic_dysphonia\Hpbo6QD01_I_seg_085.wav,Hpbo6QD01_I_seg_085.wav,Hpbo6QD01_I,True,16000,1,3.0,-33.2247,-16.0459,0.3872,0.0,True,ok
data\interim\segmented\spasmodic_dysphonia\Hpbo6QD01_I_seg_086.wav,Hpbo6QD01_I_seg_086.wav,Hpbo6QD01_I,True,16000,1,3.0,-29.7885,-14.2248,0.281,0.0,True,ok
data\interim\segmented\spasmodic_dysphonia\Hpbo6QD01_I_seg_087.wav,Hpbo6QD01_I_seg_087.wav,Hpbo6QD01_I,True,16000,1,3.0,-30.0707,-11.4322,0.3184,0.0,True,ok
data\interim\segmented\spasmodic_dysphonia\Hpbo6QD01_I_seg_088.wav,Hpbo6QD01_I_seg_088.wav,Hpbo6QD01_I,True,16000,1,3.0,-33.049,-15.5715,0.3642,0.0,True,ok
data\interim\segmented\spasmodic_dysphonia\Hpbo6QD01_I_seg_089.wav,Hpbo6QD01_I_seg_089.wav,Hpbo6QD01_I,True,16000,1,3.0,-35.358,-17.0652,0.4164,0.0,True,ok
data\interim\segmented\spasmodic_dysphonia\Hpbo6QD01_I_seg_090.wav,Hpbo6QD01_I_seg_090.wav,Hpbo6QD01_I,True,16000,1,3.0,-31.9594,-15.3344,0.3215,0.0,True,ok
data\interim\segmented\spasmodic_dysphonia\Hpbo6QD01_I_seg_091.wav,Hpbo6QD01_I_seg_091.wav,Hpbo6QD01_I,True,16000,1,3.0,-31.6935,-17.6578,0.2913,0.0,True,ok
data\interim\segmented\spasmodic_dysphonia\Hpbo6QD01_I_seg_092.wav,Hpbo6QD01_I_seg_092.wav,Hpbo6QD01_I,True,16000,1,3.0,-31.4014,-15.2942,0.293,0.0,True,ok
data\interim\segmented\spasmodic_dysphonia\Hpbo6QD01_I_seg_093.wav,Hpbo6QD01_I_seg_093.wav,Hpbo6QD01_I,True,16000,1,3.0,-33.5104,-18.6586,0.3404,0.0,True,ok
data\interim\segmented\spasmodic_dysphonia\Hpbo6QD01_I_seg_094.wav,Hpbo6QD01_I_seg_094.wav,Hpbo6QD01_I,True,16000,1,3.0,-34.0478,-16.832,0.401,0.0,True,ok
data\interim\segmented\spasmodic_dysphonia\Hpbo6QD01_I_seg_095.wav,Hpbo6QD01_I_seg_095.wav,Hpbo6QD01_I,True,16000,1,3.0,-33.2143,-14.4374,0.3213,0.0,True,ok
data\interim\segmented\spasmodic_dysphonia\Hpbo6QD01_I_seg_096.wav,Hpbo6QD01_I_seg_096.wav,Hpbo6QD01_I,True,16000,1,3.0,-32.4036,-15.5588,0.3789,0.0,True,ok
data\interim\segmented\spasmodic_dysphonia\Hpbo6QD01_I_seg_097.wav,Hpbo6QD01_I_seg_097.wav,Hpbo6QD01_I,True,16000,1,3.0,-32.0533,-14.3374,0.2629,0.0,True,ok
data\interim\segmented\spasmodic_dysphonia\Hpbo6QD01_I_seg_098.wav,Hpbo6QD01_I_seg_098.wav,Hpbo6QD01_I,True,16000,1,3.0,-32.587,-14.5782,0.4133,0.0,True,ok
data\interim\segmented\spasmodic_dysphonia\Hpbo6QD01_I_seg_099.wav,Hpbo6QD01_I_seg_099.wav,Hpbo6QD01_I,True,16000,1,3.0,-29.9991,-13.1346,0.2604,0.0,True,ok
data\interim\segmented\spasmodic_dysphonia\Hpbo6QD01_I_seg_100.wav,Hpbo6QD01_I_seg_100.wav,Hpbo6QD01_I,True,16000,1,3.0,-30.0358,-14.1922,0.275,0.0,True,ok
data\interim\segmented\spasmodic_dysphonia\Hpbo6QD01_I_seg_101.wav,Hpbo6QD01_I_seg_101.wav,Hpbo6QD01_I,True,16000,1,3.0,-33.1907,-18.9285,0.3237,0.0,True,ok
data\interim\segmented\spasmodic_dysphonia\Hpbo6QD01_I_seg_102.wav,Hpbo6QD01_I_seg_102.wav,Hpbo6QD01_I,True,16000,1,3.0,-30.9993,-10.9347,0.3615,0.0,True,ok
data\interim\segmented\spasmodic_dysphonia\Hpbo6QD01_I_seg_103.wav,Hpbo6QD01_I_seg_103.wav,Hpbo6QD01_I,True,16000,1,3.0,-30.1931,-12.3906,0.3354,0.0,True,ok
data\interim\segmented\spasmodic_dysphonia\Hpbo6QD01_I_seg_104.wav,Hpbo6QD01_I_seg_104.wav,Hpbo6QD01_I,True,16000,1,3.0,-29.483,-14.867,0.251,0.0,True,ok
data\interim\segmented\spasmodic_dysphonia\Hpbo6QD01_I_seg_105.wav,Hpbo6QD01_I_seg_105.wav,Hpbo6QD01_I,True,16000,1,3.0,-30.1228,-14.5033,0.2846,0.0,True,ok
data\interim\segmented\spasmodic_dysphonia\Hpbo6QD01_I_seg_106.wav,Hpbo6QD01_I_seg_106.wav,Hpbo6QD01_I,True,16000,1,3.0,-29.6267,-12.9833,0.3224,0.0,True,ok
data\interim\segmented\spasmodic_dysphonia\Hpbo6QD01_I_seg_107.wav,Hpbo6QD01_I_seg_107.wav,Hpbo6QD01_I,True,16000,1,3.0,-33.183,-14.9496,0.372,0.0,True,ok
data\interim\segmented\spasmodic_dysphonia\Hpbo6QD01_I_seg_108.wav,Hpbo6QD01_I_seg_108.wav,Hpbo6QD01_I,True,16000,1,3.0,-33.6197,-16.9282,0.4413,0.0,True,ok
data\interim\segmented\spasmodic_dysphonia\Hpbo6QD01_I_seg_109.wav,Hpbo6QD01_I_seg_109.wav,Hpbo6QD01_I,True,16000,1,3.0,-34.0404,-15.3205,0.4655,0.0,True,ok
data\interim\segmented\spasmodic_dysphonia\Hpbo6QD01_I_seg_110.wav,Hpbo6QD01_I_seg_110.wav,Hpbo6QD01_I,True,16000,1,3.0,-35.418,-19.7332,0.3967,0.0,True,ok
data\interim\segmented\spasmodic_dysphonia\Hpbo6QD01_I_seg_111.wav,Hpbo6QD01_I_seg_111.wav,Hpbo6QD01_I,True,16000,1,3.0,-35.9221,-14.8567,0.4795,0.0,True,ok
data\interim\segmented\spasmodic_dysphonia\Hpbo6QD01_I_seg_112.wav,Hpbo6QD01_I_seg_112.wav,Hpbo6QD01_I,True,16000,1,3.0,-32.524,-15.2557,0.3459,0.0,True,ok
data\interim\segmented\spasmodic_dysphonia\Hpbo6QD01_I_seg_113.wav,Hpbo6QD01_I_seg_113.wav,Hpbo6QD01_I,True,16000,1,3.0,-33.2041,-16.4151,0.4268,0.0,True,ok
data\interim\segmented\spasmodic_dysphonia\Hpbo6QD01_I_seg_114.wav,Hpbo6QD01_I_seg_114.wav,Hpbo6QD01_I,True,16000,1,3.0,-30.2281,-13.3047,0.349,0.0,True,ok
data\interim\segmented\spasmodic_dysphonia\Hpbo6QD01_I_seg_115.wav,Hpbo6QD01_I_seg_115.wav,Hpbo6QD01_I,True,16000,1,3.0,-32.0867,-14.8362,0.4086,0.0,True,ok
data\interim\segmented\spasmodic_dysphonia\Hpbo6QD01_I_seg_116.wav,Hpbo6QD01_I_seg_116.wav,Hpbo6QD01_I,True,16000,1,3.0,-32.6108,-17.5272,0.3403,0.0,True,ok
data\interim\segmented\spasmodic_dysphonia\Hpbo6QD01_I_seg_117.wav,Hpbo6QD01_I_seg_117.wav,Hpbo6QD01_I,True,16000,1,3.0,-33.0534,-18.8678,0.3362,0.0,True,ok
data\interim\segmented\spasmodic_dysphonia\Hpbo6QD01_I_seg_118.wav,Hpbo6QD01_I_seg_118.wav,Hpbo6QD01_I,True,16000,1,3.0,-33.9418,-15.9423,0.4272,0.0,True,ok
data\interim\segmented\spasmodic_dysphonia\Hpbo6QD01_I_seg_119.wav,Hpbo6QD01_I_seg_119.wav,Hpbo6QD01_I,True,16000,1,3.0,-32.6828,-14.6324,0.3843,0.0,True,ok
data\interim\segmented\spasmodic_dysphonia\Hpbo6QD01_I_seg_120.wav,Hpbo6QD01_I_seg_120.wav,Hpbo6QD01_I,True,16000,1,3.0,-31.6941,-16.0745,0.36,0.0,True,ok
data\interim\segmented\spasmodic_dysphonia\Hpbo6QD01_I_seg_121.wav,Hpbo6QD01_I_seg_121.wav,Hpbo6QD01_I,True,16000,1,3.0,-33.6743,-18.03,0.4067,0.0,True,ok
data\interim\segmented\spasmodic_dysphonia\Hpbo6QD01_I_seg_122.wav,Hpbo6QD01_I_seg_122.wav,Hpbo6QD01_I,True,16000,1,3.0,-32.0731,-15.5827,0.369,0.0,True,ok
data\interim\segmented\spasmodic_dysphonia\Hpbo6QD01_I_seg_123.wav,Hpbo6QD01_I_seg_123.wav,Hpbo6QD01_I,True,16000,1,3.0,-33.9594,-18.4322,0.4074,0.0,True,ok
data\interim\segmented\spasmodic_dysphonia\Hpbo6QD01_I_seg_124.wav,Hpbo6QD01_I_seg_124.wav,Hpbo6QD01_I,True,16000,1,3.0,-30.0889,-13.7966,0.3321,0.0,True,ok
data\interim\segmented\spasmodic_dysphonia\Hpbo6QD01_I_seg_125.wav,Hpbo6QD01_I_seg_125.wav,Hpbo6QD01_I,True,16000,1,3.0,-34.2776,-17.9104,0.4159,0.0,True,ok
data\interim\segmented\spasmodic_dysphonia\Hpbo6QD01_I_seg_126.wav,Hpbo6QD01_I_seg_126.wav,Hpbo6QD01_I,True,16000,1,3.0,-30.4969,-13.6257,0.3796,0.0,True,ok
data\interim\segmented\spasmodic_dysphonia\Hpbo6QD01_I_seg_127.wav,Hpbo6QD01_I_seg_127.wav,Hpbo6QD01_I,True,16000,1,3.0,-32.8845,-17.6316,0.4123,0.0,True,ok
data\interim\segmented\spasmodic_dysphonia\Hpbo6QD01_I_seg_128.wav,Hpbo6QD01_I_seg_128.wav,Hpbo6QD01_I,True,16000,1,3.0,-33.6802,-17.0086,0.3271,0.0,True,ok
data\interim\segmented\spasmodic_dysphonia\Hpbo6QD01_I_seg_129.wav,Hpbo6QD01_I_seg_129.wav,Hpbo6QD01_I,True,16000,1,3.0,-36.1071,-23.3351,0.2039,0.0,True,ok
data\interim\segmented\spasmodic_dysphonia\Hpbo6QD01_I_seg_130.wav,Hpbo6QD01_I_seg_130.wav,Hpbo6QD01_I,True,16000,1,3.0,-36.7059,-23.2422,0.2218,0.0,True,ok
data\interim\segmented\spasmodic_dysphonia\Hpbo6QD01_I_seg_131.wav,Hpbo6QD01_I_seg_131.wav,Hpbo6QD01_I,True,16000,1,2.881,-37.0633,-25.7667,0.2249,0.0,True,ok
data\interim\segmented\spasmodic_dysphonia\HzThFtf2At4_seg_000.wav,HzThFtf2At4_seg_000.wav,HzThFtf2At4,True,16000,1,3.0,-18.3053,-5.3451,0.2417,0.0,True,ok
data\interim\segmented\spasmodic_dysphonia\HzThFtf2At4_seg_001.wav,HzThFtf2At4_seg_001.wav,HzThFtf2At4,True,16000,1,3.0,-20.028,-6.2147,0.3352,0.0,True,ok
data\interim\segmented\spasmodic_dysphonia\HzThFtf2At4_seg_002.wav,HzThFtf2At4_seg_002.wav,HzThFtf2At4,True,16000,1,3.0,-23.439,-6.7134,0.284,0.0,True,ok
data\interim\segmented\spasmodic_dysphonia\HzThFtf2At4_seg_003.wav,HzThFtf2At4_seg_003.wav,HzThFtf2At4,True,16000,1,3.0,-18.9571,-6.3617,0.1935,0.0,True,ok
data\interim\segmented\spasmodic_dysphonia\HzThFtf2At4_seg_004.wav,HzThFtf2At4_seg_004.wav,HzThFtf2At4,True,16000,1,3.0,-22.6495,-7.3765,0.1951,0.0,True,ok
data\interim\segmented\spasmodic_dysphonia\HzThFtf2At4_seg_005.wav,HzThFtf2At4_seg_005.wav,HzThFtf2At4,True,16000,1,3.0,-21.8971,-6.1558,0.4755,0.0,True,ok
data\interim\segmented\spasmodic_dysphonia\HzThFtf2At4_seg_006.wav,HzThFtf2At4_seg_006.wav,HzThFtf2At4,True,16000,1,3.0,-18.7888,-6.3199,0.2017,0.0,True,ok
data\interim\segmented\spasmodic_dysphonia\HzThFtf2At4_seg_007.wav,HzThFtf2At4_seg_007.wav,HzThFtf2At4,True,16000,1,3.0,-21.4442,-6.1267,0.2345,0.0,True,ok
data\interim\segmented\spasmodic_dysphonia\HzThFtf2At4_seg_008.wav,HzThFtf2At4_seg_008.wav,HzThFtf2At4,True,16000,1,3.0,-18.6587,-6.238,0.18,0.0,True,ok
data\interim\segmented\spasmodic_dysphonia\HzThFtf2At4_seg_009.wav,HzThFtf2At4_seg_009.wav,HzThFtf2At4,True,16000,1,3.0,-19.1785,-6.6499,0.1701,0.0,True,ok
data\interim\segmented\spasmodic_dysphonia\HzThFtf2At4_seg_010.wav,HzThFtf2At4_seg_010.wav,HzThFtf2At4,True,16000,1,3.0,-20.6006,-6.1703,0.182,0.0,True,ok
data\interim\segmented\spasmodic_dysphonia\HzThFtf2At4_seg_011.wav,HzThFtf2At4_seg_011.wav,HzThFtf2At4,True,16000,1,3.0,-20.4394,-6.9367,0.1032,0.0,True,ok
data\interim\segmented\spasmodic_dysphonia\HzThFtf2At4_seg_012.wav,HzThFtf2At4_seg_012.wav,HzThFtf2At4,True,16000,1,3.0,-20.2081,-5.489,0.3314,0.0,True,ok
data\interim\segmented\spasmodic_dysphonia\HzThFtf2At4_seg_013.wav,HzThFtf2At4_seg_013.wav,HzThFtf2At4,True,16000,1,3.0,-20.9934,-5.3334,0.1857,0.0,True,ok
data\interim\segmented\spasmodic_dysphonia\HzThFtf2At4_seg_014.wav,HzThFtf2At4_seg_014.wav,HzThFtf2At4,True,16000,1,3.0,-20.8584,-6.6089,0.1589,0.0,True,ok
data\interim\segmented\spasmodic_dysphonia\HzThFtf2At4_seg_015.wav,HzThFtf2At4_seg_015.wav,HzThFtf2At4,True,16000,1,3.0,-18.4571,-6.1725,0.1306,0.0,True,ok
data\interim\segmented\spasmodic_dysphonia\HzThFtf2At4_seg_016.wav,HzThFtf2At4_seg_016.wav,HzThFtf2At4,True,16000,1,3.0,-19.7708,-5.6106,0.2597,0.0,True,ok
data\interim\segmented\spasmodic_dysphonia\HzThFtf2At4_seg_017.wav,HzThFtf2At4_seg_017.wav,HzThFtf2At4,True,16000,1,3.0,-21.4999,-5.8059,0.224,0.0,True,ok
data\interim\segmented\spasmodic_dysphonia\HzThFtf2At4_seg_018.wav,HzThFtf2At4_seg_018.wav,HzThFtf2At4,True,16000,1,3.0,-19.8242,-5.8391,0.1419,0.0,True,ok
data\interim\segmented\spasmodic_dysphonia\IBwFTEmk1Sw_seg_000.wav,IBwFTEmk1Sw_seg_000.wav,IBwFTEmk1Sw,True,16000,1,3.0,-25.2347,-12.9596,0.0829,0.0,True,ok
data\interim\segmented\spasmodic_dysphonia\IBwFTEmk1Sw_seg_001.wav,IBwFTEmk1Sw_seg_001.wav,IBwFTEmk1Sw,True,16000,1,3.0,-24.6841,-4.3459,0.1668,0.0,True,ok
data\interim\segmented\spasmodic_dysphonia\IBwFTEmk1Sw_seg_002.wav,IBwFTEmk1Sw_seg_002.wav,IBwFTEmk1Sw,True,16000,1,3.0,-26.0716,-6.5948,0.2773,0.0,True,ok
data\interim\segmented\spasmodic_dysphonia\IBwFTEmk1Sw_seg_003.wav,IBwFTEmk1Sw_seg_003.wav,IBwFTEmk1Sw,True,16000,1,3.0,-24.5693,-4.3788,0.3078,0.0,True,ok
data\interim\segmented\spasmodic_dysphonia\IBwFTEmk1Sw_seg_004.wav,IBwFTEmk1Sw_seg_004.wav,IBwFTEmk1Sw,True,16000,1,3.0,-27.5272,-6.8173,0.2447,0.0,True,ok
data\interim\segmented\spasmodic_dysphonia\IBwFTEmk1Sw_seg_005.wav,IBwFTEmk1Sw_seg_005.wav,IBwFTEmk1Sw,True,16000,1,3.0,-27.4445,-7.8365,0.3554,0.0,True,ok
data\interim\segmented\spasmodic_dysphonia\IBwFTEmk1Sw_seg_006.wav,IBwFTEmk1Sw_seg_006.wav,IBwFTEmk1Sw,True,16000,1,3.0,-27.4209,-6.9149,0.2613,0.0,True,ok
data\interim\segmented\spasmodic_dysphonia\IBwFTEmk1Sw_seg_007.wav,IBwFTEmk1Sw_seg_007.wav,IBwFTEmk1Sw,True,16000,1,3.0,-28.9959,-7.7961,0.3885,0.0,True,ok
data\interim\segmented\spasmodic_dysphonia\IBwFTEmk1Sw_seg_008.wav,IBwFTEmk1Sw_seg_008.wav,IBwFTEmk1Sw,True,16000,1,3.0,-26.0821,-5.179,0.4034,0.0,True,ok
data\interim\segmented\spasmodic_dysphonia\IBwFTEmk1Sw_seg_009.wav,IBwFTEmk1Sw_seg_009.wav,IBwFTEmk1Sw,True,16000,1,3.0,-26.7637,-4.6339,0.2689,0.0,True,ok
data\interim\segmented\spasmodic_dysphonia\IBwFTEmk1Sw_seg_010.wav,IBwFTEmk1Sw_seg_010.wav,IBwFTEmk1Sw,True,16000,1,3.0,-30.3544,-9.0958,0.3436,0.0,True,ok
data\interim\segmented\spasmodic_dysphonia\IBwFTEmk1Sw_seg_011.wav,IBwFTEmk1Sw_seg_011.wav,IBwFTEmk1Sw,True,16000,1,3.0,-25.8804,-7.8785,0.3413,0.0,True,ok
data\interim\segmented\spasmodic_dysphonia\IBwFTEmk1Sw_seg_012.wav,IBwFTEmk1Sw_seg_012.wav,IBwFTEmk1Sw,True,16000,1,3.0,-28.1459,-9.7636,0.2255,0.0,True,ok
data\interim\segmented\spasmodic_dysphonia\IBwFTEmk1Sw_seg_013.wav,IBwFTEmk1Sw_seg_013.wav,IBwFTEmk1Sw,True,16000,1,3.0,-28.8761,-11.9715,0.2766,0.0,True,ok
data\interim\segmented\spasmodic_dysphonia\IBwFTEmk1Sw_seg_014.wav,IBwFTEmk1Sw_seg_014.wav,IBwFTEmk1Sw,True,16000,1,3.0,-29.1217,-10.3691,0.2898,0.0,True,ok
data\interim\segmented\spasmodic_dysphonia\IBwFTEmk1Sw_seg_015.wav,IBwFTEmk1Sw_seg_015.wav,IBwFTEmk1Sw,True,16000,1,3.0,-30.1237,-14.8787,0.2248,0.0,True,ok
data\interim\segmented\spasmodic_dysphonia\IBwFTEmk1Sw_seg_016.wav,IBwFTEmk1Sw_seg_016.wav,IBwFTEmk1Sw,True,16000,1,3.0,-30.4938,-12.7076,0.3284,0.0,True,ok
data\interim\segmented\spasmodic_dysphonia\IBwFTEmk1Sw_seg_017.wav,IBwFTEmk1Sw_seg_017.wav,IBwFTEmk1Sw,True,16000,1,3.0,-27.8707,-11.6463,0.3438,0.0,True,ok
data\interim\segmented\spasmodic_dysphonia\IBwFTEmk1Sw_seg_018.wav,IBwFTEmk1Sw_seg_018.wav,IBwFTEmk1Sw,True,16000,1,3.0,-26.4293,-12.072,0.2863,0.0,True,ok
data\interim\segmented\spasmodic_dysphonia\IBwFTEmk1Sw_seg_019.wav,IBwFTEmk1Sw_seg_019.wav,IBwFTEmk1Sw,True,16000,1,3.0,-24.5245,-9.6946,0.2364,0.0,True,ok
data\interim\segmented\spasmodic_dysphonia\IBwFTEmk1Sw_seg_020.wav,IBwFTEmk1Sw_seg_020.wav,IBwFTEmk1Sw,True,16000,1,3.0,-29.6493,-13.9842,0.4597,0.0,True,ok
data\interim\segmented\spasmodic_dysphonia\IBwFTEmk1Sw_seg_021.wav,IBwFTEmk1Sw_seg_021.wav,IBwFTEmk1Sw,True,16000,1,3.0,-28.0613,-11.6221,0.3954,0.0,True,ok
data\interim\segmented\spasmodic_dysphonia\IBwFTEmk1Sw_seg_022.wav,IBwFTEmk1Sw_seg_022.wav,IBwFTEmk1Sw,True,16000,1,3.0,-26.0488,-7.3215,0.3886,0.0,True,ok
data\interim\segmented\spasmodic_dysphonia\IBwFTEmk1Sw_seg_023.wav,IBwFTEmk1Sw_seg_023.wav,IBwFTEmk1Sw,True,16000,1,3.0,-24.8769,-6.833,0.2203,0.0,True,ok
data\interim\segmented\spasmodic_dysphonia\IBwFTEmk1Sw_seg_024.wav,IBwFTEmk1Sw_seg_024.wav,IBwFTEmk1Sw,True,16000,1,3.0,-25.4666,-12.3017,0.3199,0.0,True,ok
data\interim\segmented\spasmodic_dysphonia\IBwFTEmk1Sw_seg_025.wav,IBwFTEmk1Sw_seg_025.wav,IBwFTEmk1Sw,True,16000,1,3.0,-25.033,-7.4312,0.2312,0.0,True,ok
data\interim\segmented\spasmodic_dysphonia\IBwFTEmk1Sw_seg_026.wav,IBwFTEmk1Sw_seg_026.wav,IBwFTEmk1Sw,True,16000,1,3.0,-25.0379,-7.3518,0.3583,0.0,True,ok
data\interim\segmented\spasmodic_dysphonia\IBwFTEmk1Sw_seg_027.wav,IBwFTEmk1Sw_seg_027.wav,IBwFTEmk1Sw,True,16000,1,3.0,-27.127,-7.8085,0.412,0.0,True,ok
data\interim\segmented\spasmodic_dysphonia\IBwFTEmk1Sw_seg_028.wav,IBwFTEmk1Sw_seg_028.wav,IBwFTEmk1Sw,True,16000,1,3.0,-31.6923,-11.9253,0.4759,0.0,True,ok
data\interim\segmented\spasmodic_dysphonia\IBwFTEmk1Sw_seg_029.wav,IBwFTEmk1Sw_seg_029.wav,IBwFTEmk1Sw,True,16000,1,3.0,-26.8589,-8.8449,0.3267,0.0,True,ok
data\interim\segmented\spasmodic_dysphonia\IBwFTEmk1Sw_seg_030.wav,IBwFTEmk1Sw_seg_030.wav,IBwFTEmk1Sw,True,16000,1,3.0,-29.9416,-12.5073,0.3744,0.0,True,ok
data\interim\segmented\spasmodic_dysphonia\IBwFTEmk1Sw_seg_031.wav,IBwFTEmk1Sw_seg_031.wav,IBwFTEmk1Sw,True,16000,1,3.0,-27.2498,-9.0011,0.34,0.0,True,ok
data\interim\segmented\spasmodic_dysphonia\IBwFTEmk1Sw_seg_032.wav,IBwFTEmk1Sw_seg_032.wav,IBwFTEmk1Sw,True,16000,1,3.0,-28.7027,-9.9101,0.2269,0.0,True,ok
data\interim\segmented\spasmodic_dysphonia\IBwFTEmk1Sw_seg_033.wav,IBwFTEmk1Sw_seg_033.wav,IBwFTEmk1Sw,True,16000,1,3.0,-30.1399,-13.4008,0.4029,0.0,True,ok
data\interim\segmented\spasmodic_dysphonia\IBwFTEmk1Sw_seg_034.wav,IBwFTEmk1Sw_seg_034.wav,IBwFTEmk1Sw,True,16000,1,3.0,-25.8366,-11.004,0.2412,0.0,True,ok
data\interim\segmented\spasmodic_dysphonia\IBwFTEmk1Sw_seg_035.wav,IBwFTEmk1Sw_seg_035.wav,IBwFTEmk1Sw,True,16000,1,3.0,-27.356,-11.5747,0.2404,0.0,True,ok
data\interim\segmented\spasmodic_dysphonia\IBwFTEmk1Sw_seg_036.wav,IBwFTEmk1Sw_seg_036.wav,IBwFTEmk1Sw,True,16000,1,3.0,-28.3439,-11.3319,0.3143,0.0,True,ok
data\interim\segmented\spasmodic_dysphonia\IBwFTEmk1Sw_seg_037.wav,IBwFTEmk1Sw_seg_037.wav,IBwFTEmk1Sw,True,16000,1,3.0,-29.074,-10.7062,0.3517,0.0,True,ok
data\interim\segmented\spasmodic_dysphonia\IBwFTEmk1Sw_seg_038.wav,IBwFTEmk1Sw_seg_038.wav,IBwFTEmk1Sw,True,16000,1,3.0,-25.7861,-9.6237,0.2212,0.0,True,ok
data\interim\segmented\spasmodic_dysphonia\IBwFTEmk1Sw_seg_039.wav,IBwFTEmk1Sw_seg_039.wav,IBwFTEmk1Sw,True,16000,1,3.0,-28.839,-11.7894,0.2802,0.0,True,ok
data\interim\segmented\spasmodic_dysphonia\IBwFTEmk1Sw_seg_040.wav,IBwFTEmk1Sw_seg_040.wav,IBwFTEmk1Sw,True,16000,1,3.0,-27.8844,-10.7646,0.2145,0.0,True,ok
data\interim\segmented\spasmodic_dysphonia\IBwFTEmk1Sw_seg_041.wav,IBwFTEmk1Sw_seg_041.wav,IBwFTEmk1Sw,True,16000,1,3.0,-31.7435,-13.4593,0.281,0.0,True,ok
data\interim\segmented\spasmodic_dysphonia\IBwFTEmk1Sw_seg_042.wav,IBwFTEmk1Sw_seg_042.wav,IBwFTEmk1Sw,True,16000,1,3.0,-31.2766,-12.8892,0.285,0.0,True,ok
data\interim\segmented\spasmodic_dysphonia\IBwFTEmk1Sw_seg_043.wav,IBwFTEmk1Sw_seg_043.wav,IBwFTEmk1Sw,True,16000,1,3.0,-24.7388,-7.6369,0.4552,0.0,True,ok
data\interim\segmented\spasmodic_dysphonia\IBwFTEmk1Sw_seg_044.wav,IBwFTEmk1Sw_seg_044.wav,IBwFTEmk1Sw,True,16000,1,3.0,-23.5967,-7.4393,0.5129,0.0,True,ok
data\interim\segmented\spasmodic_dysphonia\IBwFTEmk1Sw_seg_045.wav,IBwFTEmk1Sw_seg_045.wav,IBwFTEmk1Sw,True,16000,1,3.0,-26.5277,-7.5733,0.6959,0.0,True,ok
data\interim\segmented\spasmodic_dysphonia\IBwFTEmk1Sw_seg_046.wav,IBwFTEmk1Sw_seg_046.wav,IBwFTEmk1Sw,True,16000,1,3.0,-25.6915,-7.7275,0.3879,0.0,True,ok
data\interim\segmented\spasmodic_dysphonia\IBwFTEmk1Sw_seg_047.wav,IBwFTEmk1Sw_seg_047.wav,IBwFTEmk1Sw,True,16000,1,3.0,-24.6077,-7.7281,0.4633,0.0,True,ok
data\interim\segmented\spasmodic_dysphonia\IBwFTEmk1Sw_seg_048.wav,IBwFTEmk1Sw_seg_048.wav,IBwFTEmk1Sw,True,16000,1,3.0,-25.4552,-7.912,0.4262,0.0,True,ok
data\interim\segmented\spasmodic_dysphonia\IBwFTEmk1Sw_seg_049.wav,IBwFTEmk1Sw_seg_049.wav,IBwFTEmk1Sw,True,16000,1,3.0,-22.3538,-7.44,0.3955,0.0,True,ok
data\interim\segmented\spasmodic_dysphonia\IBwFTEmk1Sw_seg_050.wav,IBwFTEmk1Sw_seg_050.wav,IBwFTEmk1Sw,True,16000,1,3.0,-28.2191,-7.8549,0.5838,0.0,True,ok
data\interim\segmented\spasmodic_dysphonia\IBwFTEmk1Sw_seg_051.wav,IBwFTEmk1Sw_seg_051.wav,IBwFTEmk1Sw,True,16000,1,3.0,-28.144,-8.0121,0.4751,0.0,True,ok
data\interim\segmented\spasmodic_dysphonia\IBwFTEmk1Sw_seg_052.wav,IBwFTEmk1Sw_seg_052.wav,IBwFTEmk1Sw,True,16000,1,3.0,-31.3168,-11.7442,0.5404,0.0,True,ok
data\interim\segmented\spasmodic_dysphonia\IBwFTEmk1Sw_seg_053.wav,IBwFTEmk1Sw_seg_053.wav,IBwFTEmk1Sw,True,16000,1,3.0,-27.9677,-8.1418,0.2439,0.0,True,ok
data\interim\segmented\spasmodic_dysphonia\IBwFTEmk1Sw_seg_054.wav,IBwFTEmk1Sw_seg_054.wav,IBwFTEmk1Sw,True,16000,1,3.0,-24.6778,-12.2984,0.0536,0.0,True,ok
data\interim\segmented\spasmodic_dysphonia\IBwFTEmk1Sw_seg_055.wav,IBwFTEmk1Sw_seg_055.wav,IBwFTEmk1Sw,True,16000,1,3.0,-23.173,-10.4456,0.0448,0.0,True,ok
data\interim\segmented\spasmodic_dysphonia\IBwFTEmk1Sw_seg_056.wav,IBwFTEmk1Sw_seg_056.wav,IBwFTEmk1Sw,True,16000,1,2.466,-27.4163,-15.7241,0.0932,0.0,True,ok
data\interim\segmented\spasmodic_dysphonia\JLmolhp7Nes_seg_000.wav,JLmolhp7Nes_seg_000.wav,JLmolhp7Nes,True,16000,1,3.0,-28.1895,-16.088,0.1032,0.0,True,ok
data\interim\segmented\spasmodic_dysphonia\JLmolhp7Nes_seg_001.wav,JLmolhp7Nes_seg_001.wav,JLmolhp7Nes,True,16000,1,3.0,-28.581,-9.437,0.2573,0.0,True,ok
data\interim\segmented\spasmodic_dysphonia\JLmolhp7Nes_seg_002.wav,JLmolhp7Nes_seg_002.wav,JLmolhp7Nes,True,16000,1,3.0,-29.1698,-12.9679,0.2481,0.0,True,ok
data\interim\segmented\spasmodic_dysphonia\JLmolhp7Nes_seg_003.wav,JLmolhp7Nes_seg_003.wav,JLmolhp7Nes,True,16000,1,3.0,-30.453,-12.0795,0.3076,0.0,True,ok
data\interim\segmented\spasmodic_dysphonia\JLmolhp7Nes_seg_004.wav,JLmolhp7Nes_seg_004.wav,JLmolhp7Nes,True,16000,1,3.0,-27.9481,-10.528,0.2342,0.0,True,ok
data\interim\segmented\spasmodic_dysphonia\JLmolhp7Nes_seg_005.wav,JLmolhp7Nes_seg_005.wav,JLmolhp7Nes,True,16000,1,3.0,-27.8181,-8.9393,0.1872,0.0,True,ok
data\interim\segmented\spasmodic_dysphonia\JLmolhp7Nes_seg_006.wav,JLmolhp7Nes_seg_006.wav,JLmolhp7Nes,True,16000,1,3.0,-30.5815,-12.0858,0.2501,0.0,True,ok
data\interim\segmented\spasmodic_dysphonia\JLmolhp7Nes_seg_007.wav,JLmolhp7Nes_seg_007.wav,JLmolhp7Nes,True,16000,1,3.0,-27.6419,-9.4418,0.2351,0.0,True,ok
data\interim\segmented\spasmodic_dysphonia\JLmolhp7Nes_seg_008.wav,JLmolhp7Nes_seg_008.wav,JLmolhp7Nes,True,16000,1,3.0,-29.4174,-10.3578,0.252,0.0,True,ok
data\interim\segmented\spasmodic_dysphonia\JLmolhp7Nes_seg_009.wav,JLmolhp7Nes_seg_009.wav,JLmolhp7Nes,True,16000,1,3.0,-28.0535,-11.0863,0.2113,0.0,True,ok
data\interim\segmented\spasmodic_dysphonia\JLmolhp7Nes_seg_010.wav,JLmolhp7Nes_seg_010.wav,JLmolhp7Nes,True,16000,1,3.0,-26.554,-8.7798,0.2143,0.0,True,ok
data\interim\segmented\spasmodic_dysphonia\JLmolhp7Nes_seg_011.wav,JLmolhp7Nes_seg_011.wav,JLmolhp7Nes,True,16000,1,3.0,-28.147,-8.8515,0.2074,0.0,True,ok
data\interim\segmented\spasmodic_dysphonia\JLmolhp7Nes_seg_012.wav,JLmolhp7Nes_seg_012.wav,JLmolhp7Nes,True,16000,1,3.0,-29.9233,-11.3888,0.2319,0.0,True,ok
data\interim\segmented\spasmodic_dysphonia\JLmolhp7Nes_seg_013.wav,JLmolhp7Nes_seg_013.wav,JLmolhp7Nes,True,16000,1,3.0,-27.548,-8.1235,0.2338,0.0,True,ok
data\interim\segmented\spasmodic_dysphonia\JLmolhp7Nes_seg_014.wav,JLmolhp7Nes_seg_014.wav,JLmolhp7Nes,True,16000,1,3.0,-26.9282,-10.2269,0.2027,0.0,True,ok
data\interim\segmented\spasmodic_dysphonia\JLmolhp7Nes_seg_015.wav,JLmolhp7Nes_seg_015.wav,JLmolhp7Nes,True,16000,1,3.0,-30.1754,-11.5486,0.2352,0.0,True,ok
data\interim\segmented\spasmodic_dysphonia\JLmolhp7Nes_seg_016.wav,JLmolhp7Nes_seg_016.wav,JLmolhp7Nes,True,16000,1,3.0,-30.9299,-11.7176,0.287,0.0,True,ok
data\interim\segmented\spasmodic_dysphonia\JLmolhp7Nes_seg_017.wav,JLmolhp7Nes_seg_017.wav,JLmolhp7Nes,True,16000,1,3.0,-28.9494,-10.9225,0.2716,0.0,True,ok
data\interim\segmented\spasmodic_dysphonia\JLmolhp7Nes_seg_018.wav,JLmolhp7Nes_seg_018.wav,JLmolhp7Nes,True,16000,1,3.0,-28.6922,-11.6453,0.2213,0.0,True,ok
data\interim\segmented\spasmodic_dysphonia\JLmolhp7Nes_seg_019.wav,JLmolhp7Nes_seg_019.wav,JLmolhp7Nes,True,16000,1,3.0,-27.8057,-6.7513,0.2996,0.0,True,ok
data\interim\segmented\spasmodic_dysphonia\JLmolhp7Nes_seg_020.wav,JLmolhp7Nes_seg_020.wav,JLmolhp7Nes,True,16000,1,3.0,-26.9321,-6.8657,0.1986,0.0,True,ok
data\interim\segmented\spasmodic_dysphonia\JLmolhp7Nes_seg_021.wav,JLmolhp7Nes_seg_021.wav,JLmolhp7Nes,True,16000,1,3.0,-25.5246,-7.4863,0.1852,0.0,True,ok
data\interim\segmented\spasmodic_dysphonia\JLmolhp7Nes_seg_022.wav,JLmolhp7Nes_seg_022.wav,JLmolhp7Nes,True,16000,1,3.0,-27.2414,-10.5102,0.2108,0.0,True,ok
data\interim\segmented\spasmodic_dysphonia\JLmolhp7Nes_seg_023.wav,JLmolhp7Nes_seg_023.wav,JLmolhp7Nes,True,16000,1,3.0,-28.0288,-10.0911,0.2109,0.0,True,ok
data\interim\segmented\spasmodic_dysphonia\JLmolhp7Nes_seg_024.wav,JLmolhp7Nes_seg_024.wav,JLmolhp7Nes,True,16000,1,3.0,-26.7886,-8.9171,0.1665,0.0,True,ok
data\interim\segmented\spasmodic_dysphonia\JLmolhp7Nes_seg_025.wav,JLmolhp7Nes_seg_025.wav,JLmolhp7Nes,True,16000,1,3.0,-27.3631,-8.0148,0.1945,0.0,True,ok
data\interim\segmented\spasmodic_dysphonia\JLmolhp7Nes_seg_026.wav,JLmolhp7Nes_seg_026.wav,JLmolhp7Nes,True,16000,1,3.0,-28.4491,-11.1789,0.2068,0.0,True,ok
data\interim\segmented\spasmodic_dysphonia\JLmolhp7Nes_seg_027.wav,JLmolhp7Nes_seg_027.wav,JLmolhp7Nes,True,16000,1,3.0,-28.7105,-11.4629,0.2337,0.0,True,ok
data\interim\segmented\spasmodic_dysphonia\JLmolhp7Nes_seg_028.wav,JLmolhp7Nes_seg_028.wav,JLmolhp7Nes,True,16000,1,3.0,-29.2293,-11.8888,0.2138,0.0,True,ok
data\interim\segmented\spasmodic_dysphonia\JLmolhp7Nes_seg_029.wav,JLmolhp7Nes_seg_029.wav,JLmolhp7Nes,True,16000,1,3.0,-27.3358,-9.7327,0.169,0.0,True,ok
data\interim\segmented\spasmodic_dysphonia\JLmolhp7Nes_seg_030.wav,JLmolhp7Nes_seg_030.wav,JLmolhp7Nes,True,16000,1,3.0,-29.2377,-9.3565,0.233,0.0,True,ok
data\interim\segmented\spasmodic_dysphonia\JLmolhp7Nes_seg_031.wav,JLmolhp7Nes_seg_031.wav,JLmolhp7Nes,True,16000,1,3.0,-25.8453,-6.6904,0.1911,0.0,True,ok
data\interim\segmented\spasmodic_dysphonia\JLmolhp7Nes_seg_032.wav,JLmolhp7Nes_seg_032.wav,JLmolhp7Nes,True,16000,1,3.0,-26.4683,-6.922,0.1837,0.0,True,ok
data\interim\segmented\spasmodic_dysphonia\JLmolhp7Nes_seg_033.wav,JLmolhp7Nes_seg_033.wav,JLmolhp7Nes,True,16000,1,3.0,-26.0965,-6.2947,0.1981,0.0,True,ok
data\interim\segmented\spasmodic_dysphonia\JLmolhp7Nes_seg_034.wav,JLmolhp7Nes_seg_034.wav,JLmolhp7Nes,True,16000,1,3.0,-28.8292,-8.463,0.2422,0.0,True,ok
data\interim\segmented\spasmodic_dysphonia\JLmolhp7Nes_seg_035.wav,JLmolhp7Nes_seg_035.wav,JLmolhp7Nes,True,16000,1,3.0,-25.9963,-5.9309,0.2335,0.0,True,ok
data\interim\segmented\spasmodic_dysphonia\JLmolhp7Nes_seg_036.wav,JLmolhp7Nes_seg_036.wav,JLmolhp7Nes,True,16000,1,3.0,-27.9815,-9.3549,0.2527,0.0,True,ok
data\interim\segmented\spasmodic_dysphonia\JLmolhp7Nes_seg_037.wav,JLmolhp7Nes_seg_037.wav,JLmolhp7Nes,True,16000,1,3.0,-31.1478,-10.6654,0.2858,0.0,True,ok
data\interim\segmented\spasmodic_dysphonia\JLmolhp7Nes_seg_038.wav,JLmolhp7Nes_seg_038.wav,JLmolhp7Nes,True,16000,1,3.0,-25.7043,-8.073,0.1847,0.0,True,ok
data\interim\segmented\spasmodic_dysphonia\JLmolhp7Nes_seg_039.wav,JLmolhp7Nes_seg_039.wav,JLmolhp7Nes,True,16000,1,3.0,-27.7307,-6.0525,0.1996,0.0,True,ok
data\interim\segmented\spasmodic_dysphonia\JLmolhp7Nes_seg_040.wav,JLmolhp7Nes_seg_040.wav,JLmolhp7Nes,True,16000,1,3.0,-28.002,-11.2222,0.1848,0.0,True,ok
data\interim\segmented\spasmodic_dysphonia\JLmolhp7Nes_seg_041.wav,JLmolhp7Nes_seg_041.wav,JLmolhp7Nes,True,16000,1,3.0,-28.4522,-10.5334,0.2309,0.0,True,ok
data\interim\segmented\spasmodic_dysphonia\JLmolhp7Nes_seg_042.wav,JLmolhp7Nes_seg_042.wav,JLmolhp7Nes,True,16000,1,3.0,-27.7779,-6.5897,0.2919,0.0,True,ok
data\interim\segmented\spasmodic_dysphonia\JLmolhp7Nes_seg_043.wav,JLmolhp7Nes_seg_043.wav,JLmolhp7Nes,True,16000,1,3.0,-25.3656,-7.7968,0.1984,0.0,True,ok
data\interim\segmented\spasmodic_dysphonia\JLmolhp7Nes_seg_044.wav,JLmolhp7Nes_seg_044.wav,JLmolhp7Nes,True,16000,1,3.0,-29.4431,-13.0128,0.2201,0.0,True,ok
data\interim\segmented\spasmodic_dysphonia\JLmolhp7Nes_seg_045.wav,JLmolhp7Nes_seg_045.wav,JLmolhp7Nes,True,16000,1,3.0,-29.934,-11.8213,0.2753,0.0,True,ok
data\interim\segmented\spasmodic_dysphonia\JLmolhp7Nes_seg_046.wav,JLmolhp7Nes_seg_046.wav,JLmolhp7Nes,True,16000,1,3.0,-27.3259,-6.6271,0.2472,0.0,True,ok
data\interim\segmented\spasmodic_dysphonia\JLmolhp7Nes_seg_047.wav,JLmolhp7Nes_seg_047.wav,JLmolhp7Nes,True,16000,1,3.0,-27.5004,-8.4504,0.2383,0.0,True,ok
data\interim\segmented\spasmodic_dysphonia\JLmolhp7Nes_seg_048.wav,JLmolhp7Nes_seg_048.wav,JLmolhp7Nes,True,16000,1,3.0,-28.5094,-10.1259,0.2569,0.0,True,ok
data\interim\segmented\spasmodic_dysphonia\JLmolhp7Nes_seg_049.wav,JLmolhp7Nes_seg_049.wav,JLmolhp7Nes,True,16000,1,3.0,-29.5792,-10.154,0.2569,0.0,True,ok
data\interim\segmented\spasmodic_dysphonia\JLmolhp7Nes_seg_050.wav,JLmolhp7Nes_seg_050.wav,JLmolhp7Nes,True,16000,1,3.0,-29.762,-13.1575,0.2228,0.0,True,ok
data\interim\segmented\spasmodic_dysphonia\JLmolhp7Nes_seg_051.wav,JLmolhp7Nes_seg_051.wav,JLmolhp7Nes,True,16000,1,3.0,-29.5586,-11.7298,0.2491,0.0,True,ok
data\interim\segmented\spasmodic_dysphonia\JLmolhp7Nes_seg_052.wav,JLmolhp7Nes_seg_052.wav,JLmolhp7Nes,True,16000,1,3.0,-29.0628,-11.2232,0.2657,0.0,True,ok
data\interim\segmented\spasmodic_dysphonia\JLmolhp7Nes_seg_053.wav,JLmolhp7Nes_seg_053.wav,JLmolhp7Nes,True,16000,1,3.0,-28.3009,-10.001,0.2302,0.0,True,ok
data\interim\segmented\spasmodic_dysphonia\JLmolhp7Nes_seg_054.wav,JLmolhp7Nes_seg_054.wav,JLmolhp7Nes,True,16000,1,3.0,-30.7016,-12.6802,0.2786,0.0,True,ok
data\interim\segmented\spasmodic_dysphonia\JLmolhp7Nes_seg_055.wav,JLmolhp7Nes_seg_055.wav,JLmolhp7Nes,True,16000,1,3.0,-31.9175,-10.2114,0.3215,0.0,True,ok
data\interim\segmented\spasmodic_dysphonia\JLmolhp7Nes_seg_056.wav,JLmolhp7Nes_seg_056.wav,JLmolhp7Nes,True,16000,1,3.0,-26.6067,-9.0506,0.1926,0.0,True,ok
data\interim\segmented\spasmodic_dysphonia\JLmolhp7Nes_seg_057.wav,JLmolhp7Nes_seg_057.wav,JLmolhp7Nes,True,16000,1,3.0,-30.0147,-12.3686,0.2698,0.0,True,ok
data\interim\segmented\spasmodic_dysphonia\JLmolhp7Nes_seg_058.wav,JLmolhp7Nes_seg_058.wav,JLmolhp7Nes,True,16000,1,3.0,-27.4337,-8.616,0.1861,0.0,True,ok
data\interim\segmented\spasmodic_dysphonia\JLmolhp7Nes_seg_059.wav,JLmolhp7Nes_seg_059.wav,JLmolhp7Nes,True,16000,1,3.0,-29.4799,-12.1694,0.2396,0.0,True,ok
data\interim\segmented\spasmodic_dysphonia\JLmolhp7Nes_seg_060.wav,JLmolhp7Nes_seg_060.wav,JLmolhp7Nes,True,16000,1,3.0,-29.8787,-11.7237,0.239,0.0,True,ok
data\interim\segmented\spasmodic_dysphonia\JLmolhp7Nes_seg_061.wav,JLmolhp7Nes_seg_061.wav,JLmolhp7Nes,True,16000,1,3.0,-29.0222,-9.0928,0.259,0.0,True,ok
data\interim\segmented\spasmodic_dysphonia\JLmolhp7Nes_seg_062.wav,JLmolhp7Nes_seg_062.wav,JLmolhp7Nes,True,16000,1,3.0,-28.5607,-10.6167,0.2234,0.0,True,ok
data\interim\segmented\spasmodic_dysphonia\JLmolhp7Nes_seg_063.wav,JLmolhp7Nes_seg_063.wav,JLmolhp7Nes,True,16000,1,3.0,-32.4435,-11.5627,0.3075,0.0,True,ok
data\interim\segmented\spasmodic_dysphonia\JLmolhp7Nes_seg_064.wav,JLmolhp7Nes_seg_064.wav,JLmolhp7Nes,True,16000,1,3.0,-26.1026,-8.8185,0.2445,0.0,True,ok
data\interim\segmented\spasmodic_dysphonia\JLmolhp7Nes_seg_065.wav,JLmolhp7Nes_seg_065.wav,JLmolhp7Nes,True,16000,1,3.0,-28.0577,-9.1026,0.312,0.0,True,ok
data\interim\segmented\spasmodic_dysphonia\JLmolhp7Nes_seg_066.wav,JLmolhp7Nes_seg_066.wav,JLmolhp7Nes,True,16000,1,3.0,-27.6097,-8.9038,0.2586,0.0,True,ok
data\interim\segmented\spasmodic_dysphonia\JLmolhp7Nes_seg_067.wav,JLmolhp7Nes_seg_067.wav,JLmolhp7Nes,True,16000,1,3.0,-29.681,-12.5364,0.2351,0.0,True,ok
data\interim\segmented\spasmodic_dysphonia\JLmolhp7Nes_seg_068.wav,JLmolhp7Nes_seg_068.wav,JLmolhp7Nes,True,16000,1,3.0,-30.2797,-12.4271,0.2409,0.0,True,ok
data\interim\segmented\spasmodic_dysphonia\JLmolhp7Nes_seg_069.wav,JLmolhp7Nes_seg_069.wav,JLmolhp7Nes,True,16000,1,3.0,-29.3385,-11.2454,0.2424,0.0,True,ok
data\interim\segmented\spasmodic_dysphonia\JLmolhp7Nes_seg_070.wav,JLmolhp7Nes_seg_070.wav,JLmolhp7Nes,True,16000,1,3.0,-29.7769,-10.5458,0.274,0.0,True,ok
data\interim\segmented\spasmodic_dysphonia\JLmolhp7Nes_seg_071.wav,JLmolhp7Nes_seg_071.wav,JLmolhp7Nes,True,16000,1,3.0,-31.1076,-12.7916,0.2749,0.0,True,ok
data\interim\segmented\spasmodic_dysphonia\JLmolhp7Nes_seg_072.wav,JLmolhp7Nes_seg_072.wav,JLmolhp7Nes,True,16000,1,3.0,-31.3476,-13.2023,0.2876,0.0,True,ok
data\interim\segmented\spasmodic_dysphonia\JLmolhp7Nes_seg_073.wav,JLmolhp7Nes_seg_073.wav,JLmolhp7Nes,True,16000,1,3.0,-30.0189,-11.5086,0.246,0.0,True,ok
data\interim\segmented\spasmodic_dysphonia\JLmolhp7Nes_seg_074.wav,JLmolhp7Nes_seg_074.wav,JLmolhp7Nes,True,16000,1,3.0,-28.2572,-10.958,0.2153,0.0,True,ok
data\interim\segmented\spasmodic_dysphonia\JLmolhp7Nes_seg_075.wav,JLmolhp7Nes_seg_075.wav,JLmolhp7Nes,True,16000,1,3.0,-31.1449,-13.5282,0.2695,0.0,True,ok
data\interim\segmented\spasmodic_dysphonia\JLmolhp7Nes_seg_076.wav,JLmolhp7Nes_seg_076.wav,JLmolhp7Nes,True,16000,1,3.0,-32.0862,-12.9655,0.3395,0.0,True,ok
data\interim\segmented\spasmodic_dysphonia\JLmolhp7Nes_seg_077.wav,JLmolhp7Nes_seg_077.wav,JLmolhp7Nes,True,16000,1,3.0,-36.4728,-23.7496,0.2116,0.0,True,ok
data\interim\segmented\spasmodic_dysphonia\JLmolhp7Nes_seg_078.wav,JLmolhp7Nes_seg_078.wav,JLmolhp7Nes,True,16000,1,3.0,-36.7678,-25.5632,0.2166,0.0,True,ok
data\interim\segmented\spasmodic_dysphonia\JLmolhp7Nes_seg_079.wav,JLmolhp7Nes_seg_079.wav,JLmolhp7Nes,True,16000,1,3.0,-36.7294,-23.5878,0.2242,0.0,True,ok
data\interim\segmented\spasmodic_dysphonia\k6rQPJ8uZfE_seg_000.wav,k6rQPJ8uZfE_seg_000.wav,k6rQPJ8uZfE,True,16000,1,3.0,-25.3479,-13.1407,0.107,0.0,True,ok
data\interim\segmented\spasmodic_dysphonia\k6rQPJ8uZfE_seg_001.wav,k6rQPJ8uZfE_seg_001.wav,k6rQPJ8uZfE,True,16000,1,3.0,-25.1341,-7.1835,0.2247,0.0,True,ok
data\interim\segmented\spasmodic_dysphonia\k6rQPJ8uZfE_seg_002.wav,k6rQPJ8uZfE_seg_002.wav,k6rQPJ8uZfE,True,16000,1,3.0,-29.1775,-7.9808,0.5083,0.0,True,ok
data\interim\segmented\spasmodic_dysphonia\k6rQPJ8uZfE_seg_003.wav,k6rQPJ8uZfE_seg_003.wav,k6rQPJ8uZfE,True,16000,1,3.0,-26.777,-7.8929,0.3483,0.0,True,ok
data\interim\segmented\spasmodic_dysphonia\k6rQPJ8uZfE_seg_004.wav,k6rQPJ8uZfE_seg_004.wav,k6rQPJ8uZfE,True,16000,1,3.0,-27.0678,-8.25,0.4678,0.0,True,ok
data\interim\segmented\spasmodic_dysphonia\k6rQPJ8uZfE_seg_005.wav,k6rQPJ8uZfE_seg_005.wav,k6rQPJ8uZfE,True,16000,1,3.0,-25.5971,-7.3123,0.3157,0.0,True,ok
data\interim\segmented\spasmodic_dysphonia\k6rQPJ8uZfE_seg_006.wav,k6rQPJ8uZfE_seg_006.wav,k6rQPJ8uZfE,True,16000,1,3.0,-28.3052,-7.2144,0.4408,0.0,True,ok
data\interim\segmented\spasmodic_dysphonia\k6rQPJ8uZfE_seg_007.wav,k6rQPJ8uZfE_seg_007.wav,k6rQPJ8uZfE,True,16000,1,3.0,-27.2279,-7.0071,0.5245,0.0,True,ok
data\interim\segmented\spasmodic_dysphonia\k6rQPJ8uZfE_seg_008.wav,k6rQPJ8uZfE_seg_008.wav,k6rQPJ8uZfE,True,16000,1,3.0,-25.8945,-8.758,0.2844,0.0,True,ok
data\interim\segmented\spasmodic_dysphonia\k6rQPJ8uZfE_seg_009.wav,k6rQPJ8uZfE_seg_009.wav,k6rQPJ8uZfE,True,16000,1,3.0,-28.6422,-9.5302,0.4657,0.0,True,ok
data\interim\segmented\spasmodic_dysphonia\k6rQPJ8uZfE_seg_010.wav,k6rQPJ8uZfE_seg_010.wav,k6rQPJ8uZfE,True,16000,1,3.0,-24.4721,-7.5949,0.3629,0.0,True,ok
data\interim\segmented\spasmodic_dysphonia\k6rQPJ8uZfE_seg_011.wav,k6rQPJ8uZfE_seg_011.wav,k6rQPJ8uZfE,True,16000,1,3.0,-25.2138,-10.8096,0.3031,0.0,True,ok
data\interim\segmented\spasmodic_dysphonia\k6rQPJ8uZfE_seg_012.wav,k6rQPJ8uZfE_seg_012.wav,k6rQPJ8uZfE,True,16000,1,3.0,-26.0395,-7.2547,0.4106,0.0,True,ok
data\interim\segmented\spasmodic_dysphonia\k6rQPJ8uZfE_seg_013.wav,k6rQPJ8uZfE_seg_013.wav,k6rQPJ8uZfE,True,16000,1,3.0,-26.1241,-8.6196,0.4135,0.0,True,ok
data\interim\segmented\spasmodic_dysphonia\k6rQPJ8uZfE_seg_014.wav,k6rQPJ8uZfE_seg_014.wav,k6rQPJ8uZfE,True,16000,1,3.0,-24.6523,-9.1034,0.2843,0.0,True,ok
data\interim\segmented\spasmodic_dysphonia\k6rQPJ8uZfE_seg_015.wav,k6rQPJ8uZfE_seg_015.wav,k6rQPJ8uZfE,True,16000,1,3.0,-28.9316,-10.2088,0.5487,0.0,True,ok
data\interim\segmented\spasmodic_dysphonia\k6rQPJ8uZfE_seg_016.wav,k6rQPJ8uZfE_seg_016.wav,k6rQPJ8uZfE,True,16000,1,3.0,-25.5039,-9.3729,0.2806,0.0,True,ok
data\interim\segmented\spasmodic_dysphonia\k6rQPJ8uZfE_seg_017.wav,k6rQPJ8uZfE_seg_017.wav,k6rQPJ8uZfE,True,16000,1,3.0,-25.9234,-8.2995,0.4442,0.0,True,ok
data\interim\segmented\spasmodic_dysphonia\k6rQPJ8uZfE_seg_018.wav,k6rQPJ8uZfE_seg_018.wav,k6rQPJ8uZfE,True,16000,1,3.0,-24.3903,-9.9759,0.1381,0.0,True,ok
data\interim\segmented\spasmodic_dysphonia\k6rQPJ8uZfE_seg_019.wav,k6rQPJ8uZfE_seg_019.wav,k6rQPJ8uZfE,True,16000,1,3.0,-27.4729,-11.3085,0.2522,0.0,True,ok
data\interim\segmented\spasmodic_dysphonia\k6rQPJ8uZfE_seg_020.wav,k6rQPJ8uZfE_seg_020.wav,k6rQPJ8uZfE,True,16000,1,3.0,-30.5044,-14.18,0.2136,0.0,True,ok
data\interim\segmented\spasmodic_dysphonia\k6rQPJ8uZfE_seg_021.wav,k6rQPJ8uZfE_seg_021.wav,k6rQPJ8uZfE,True,16000,1,3.0,-29.1121,-9.164,0.3321,0.0,True,ok
data\interim\segmented\spasmodic_dysphonia\k6rQPJ8uZfE_seg_022.wav,k6rQPJ8uZfE_seg_022.wav,k6rQPJ8uZfE,True,16000,1,3.0,-29.02,-10.5736,0.2611,0.0,True,ok
data\interim\segmented\spasmodic_dysphonia\k6rQPJ8uZfE_seg_023.wav,k6rQPJ8uZfE_seg_023.wav,k6rQPJ8uZfE,True,16000,1,3.0,-29.8788,-11.9641,0.3139,0.0,True,ok
data\interim\segmented\spasmodic_dysphonia\k6rQPJ8uZfE_seg_024.wav,k6rQPJ8uZfE_seg_024.wav,k6rQPJ8uZfE,True,16000,1,3.0,-29.2559,-10.1985,0.3044,0.0,True,ok
data\interim\segmented\spasmodic_dysphonia\k6rQPJ8uZfE_seg_025.wav,k6rQPJ8uZfE_seg_025.wav,k6rQPJ8uZfE,True,16000,1,3.0,-30.4214,-12.6574,0.2907,0.0,True,ok
data\interim\segmented\spasmodic_dysphonia\k6rQPJ8uZfE_seg_026.wav,k6rQPJ8uZfE_seg_026.wav,k6rQPJ8uZfE,True,16000,1,3.0,-28.3346,-10.7171,0.3049,0.0,True,ok
data\interim\segmented\spasmodic_dysphonia\k6rQPJ8uZfE_seg_027.wav,k6rQPJ8uZfE_seg_027.wav,k6rQPJ8uZfE,True,16000,1,3.0,-29.4425,-12.6358,0.2862,0.0,True,ok
data\interim\segmented\spasmodic_dysphonia\k6rQPJ8uZfE_seg_028.wav,k6rQPJ8uZfE_seg_028.wav,k6rQPJ8uZfE,True,16000,1,3.0,-28.5163,-12.8507,0.2356,0.0,True,ok
data\interim\segmented\spasmodic_dysphonia\k6rQPJ8uZfE_seg_029.wav,k6rQPJ8uZfE_seg_029.wav,k6rQPJ8uZfE,True,16000,1,3.0,-30.0392,-13.0915,0.31,0.0,True,ok
data\interim\segmented\spasmodic_dysphonia\k6rQPJ8uZfE_seg_030.wav,k6rQPJ8uZfE_seg_030.wav,k6rQPJ8uZfE,True,16000,1,3.0,-27.1017,-9.2829,0.3305,0.0,True,ok
data\interim\segmented\spasmodic_dysphonia\k6rQPJ8uZfE_seg_031.wav,k6rQPJ8uZfE_seg_031.wav,k6rQPJ8uZfE,True,16000,1,3.0,-29.1686,-13.2411,0.258,0.0,True,ok
data\interim\segmented\spasmodic_dysphonia\k6rQPJ8uZfE_seg_032.wav,k6rQPJ8uZfE_seg_032.wav,k6rQPJ8uZfE,True,16000,1,3.0,-28.3348,-9.8481,0.237,0.0,True,ok
data\interim\segmented\spasmodic_dysphonia\k6rQPJ8uZfE_seg_033.wav,k6rQPJ8uZfE_seg_033.wav,k6rQPJ8uZfE,True,16000,1,3.0,-26.1731,-8.0088,0.2453,0.0,True,ok
data\interim\segmented\spasmodic_dysphonia\k6rQPJ8uZfE_seg_034.wav,k6rQPJ8uZfE_seg_034.wav,k6rQPJ8uZfE,True,16000,1,3.0,-29.0041,-13.4394,0.1923,0.0,True,ok
data\interim\segmented\spasmodic_dysphonia\k6rQPJ8uZfE_seg_035.wav,k6rQPJ8uZfE_seg_035.wav,k6rQPJ8uZfE,True,16000,1,3.0,-34.8355,-16.9562,0.407,0.0,True,ok
data\interim\segmented\spasmodic_dysphonia\k6rQPJ8uZfE_seg_036.wav,k6rQPJ8uZfE_seg_036.wav,k6rQPJ8uZfE,True,16000,1,3.0,-28.0821,-11.6059,0.2842,0.0,True,ok
data\interim\segmented\spasmodic_dysphonia\k6rQPJ8uZfE_seg_037.wav,k6rQPJ8uZfE_seg_037.wav,k6rQPJ8uZfE,True,16000,1,3.0,-30.1902,-13.5901,0.2938,0.0,True,ok
data\interim\segmented\spasmodic_dysphonia\k6rQPJ8uZfE_seg_038.wav,k6rQPJ8uZfE_seg_038.wav,k6rQPJ8uZfE,True,16000,1,3.0,-32.489,-14.9882,0.347,0.0,True,ok
data\interim\segmented\spasmodic_dysphonia\k6rQPJ8uZfE_seg_039.wav,k6rQPJ8uZfE_seg_039.wav,k6rQPJ8uZfE,True,16000,1,3.0,-31.9892,-14.7142,0.3051,0.0,True,ok
data\interim\segmented\spasmodic_dysphonia\k6rQPJ8uZfE_seg_040.wav,k6rQPJ8uZfE_seg_040.wav,k6rQPJ8uZfE,True,16000,1,3.0,-31.1739,-14.3222,0.2696,0.0,True,ok
data\interim\segmented\spasmodic_dysphonia\k6rQPJ8uZfE_seg_041.wav,k6rQPJ8uZfE_seg_041.wav,k6rQPJ8uZfE,True,16000,1,3.0,-30.0424,-13.2095,0.2898,0.0,True,ok
data\interim\segmented\spasmodic_dysphonia\k6rQPJ8uZfE_seg_042.wav,k6rQPJ8uZfE_seg_042.wav,k6rQPJ8uZfE,True,16000,1,3.0,-31.9469,-13.4656,0.3087,0.0,True,ok
data\interim\segmented\spasmodic_dysphonia\k6rQPJ8uZfE_seg_043.wav,k6rQPJ8uZfE_seg_043.wav,k6rQPJ8uZfE,True,16000,1,3.0,-32.3924,-16.4186,0.3063,0.0,True,ok
data\interim\segmented\spasmodic_dysphonia\k6rQPJ8uZfE_seg_044.wav,k6rQPJ8uZfE_seg_044.wav,k6rQPJ8uZfE,True,16000,1,3.0,-25.672,-10.8169,0.185,0.0,True,ok
data\interim\segmented\spasmodic_dysphonia\k6rQPJ8uZfE_seg_045.wav,k6rQPJ8uZfE_seg_045.wav,k6rQPJ8uZfE,True,16000,1,3.0,-26.7496,-10.5156,0.211,0.0,True,ok
data\interim\segmented\spasmodic_dysphonia\k6rQPJ8uZfE_seg_046.wav,k6rQPJ8uZfE_seg_046.wav,k6rQPJ8uZfE,True,16000,1,3.0,-29.9671,-14.8817,0.2305,0.0,True,ok
data\interim\segmented\spasmodic_dysphonia\k6rQPJ8uZfE_seg_047.wav,k6rQPJ8uZfE_seg_047.wav,k6rQPJ8uZfE,True,16000,1,3.0,-27.9522,-9.2014,0.3002,0.0,True,ok
data\interim\segmented\spasmodic_dysphonia\k6rQPJ8uZfE_seg_048.wav,k6rQPJ8uZfE_seg_048.wav,k6rQPJ8uZfE,True,16000,1,3.0,-25.9325,-11.5677,0.2513,0.0,True,ok
data\interim\segmented\spasmodic_dysphonia\k6rQPJ8uZfE_seg_049.wav,k6rQPJ8uZfE_seg_049.wav,k6rQPJ8uZfE,True,16000,1,3.0,-28.1404,-11.037,0.2019,0.0,True,ok
data\interim\segmented\spasmodic_dysphonia\k6rQPJ8uZfE_seg_050.wav,k6rQPJ8uZfE_seg_050.wav,k6rQPJ8uZfE,True,16000,1,3.0,-26.7112,-9.5128,0.229,0.0,True,ok
data\interim\segmented\spasmodic_dysphonia\k6rQPJ8uZfE_seg_051.wav,k6rQPJ8uZfE_seg_051.wav,k6rQPJ8uZfE,True,16000,1,3.0,-29.333,-12.3334,0.24,0.0,True,ok
data\interim\segmented\spasmodic_dysphonia\k6rQPJ8uZfE_seg_052.wav,k6rQPJ8uZfE_seg_052.wav,k6rQPJ8uZfE,True,16000,1,3.0,-27.3602,-12.8647,0.2205,0.0,True,ok
data\interim\segmented\spasmodic_dysphonia\k6rQPJ8uZfE_seg_053.wav,k6rQPJ8uZfE_seg_053.wav,k6rQPJ8uZfE,True,16000,1,3.0,-27.678,-14.5273,0.1764,0.0,True,ok
data\interim\segmented\spasmodic_dysphonia\k6rQPJ8uZfE_seg_054.wav,k6rQPJ8uZfE_seg_054.wav,k6rQPJ8uZfE,True,16000,1,3.0,-32.0935,-15.75,0.2965,0.0,True,ok
data\interim\segmented\spasmodic_dysphonia\k6rQPJ8uZfE_seg_055.wav,k6rQPJ8uZfE_seg_055.wav,k6rQPJ8uZfE,True,16000,1,3.0,-30.2425,-16.9918,0.2432,0.0,True,ok
data\interim\segmented\spasmodic_dysphonia\k6rQPJ8uZfE_seg_056.wav,k6rQPJ8uZfE_seg_056.wav,k6rQPJ8uZfE,True,16000,1,3.0,-27.1135,-11.9715,0.1837,0.0,True,ok
data\interim\segmented\spasmodic_dysphonia\k6rQPJ8uZfE_seg_057.wav,k6rQPJ8uZfE_seg_057.wav,k6rQPJ8uZfE,True,16000,1,3.0,-29.5897,-12.1147,0.26,0.0,True,ok
data\interim\segmented\spasmodic_dysphonia\k6rQPJ8uZfE_seg_058.wav,k6rQPJ8uZfE_seg_058.wav,k6rQPJ8uZfE,True,16000,1,3.0,-30.0708,-14.6969,0.229,0.0,True,ok
data\interim\segmented\spasmodic_dysphonia\k6rQPJ8uZfE_seg_059.wav,k6rQPJ8uZfE_seg_059.wav,k6rQPJ8uZfE,True,16000,1,3.0,-25.6839,-8.9001,0.1819,0.0,True,ok
data\interim\segmented\spasmodic_dysphonia\k6rQPJ8uZfE_seg_060.wav,k6rQPJ8uZfE_seg_060.wav,k6rQPJ8uZfE,True,16000,1,3.0,-26.9543,-10.0793,0.2717,0.0,True,ok
data\interim\segmented\spasmodic_dysphonia\k6rQPJ8uZfE_seg_061.wav,k6rQPJ8uZfE_seg_061.wav,k6rQPJ8uZfE,True,16000,1,3.0,-31.6664,-15.5524,0.3318,0.0,True,ok
data\interim\segmented\spasmodic_dysphonia\k6rQPJ8uZfE_seg_062.wav,k6rQPJ8uZfE_seg_062.wav,k6rQPJ8uZfE,True,16000,1,3.0,-31.316,-12.245,0.4098,0.0,True,ok
data\interim\segmented\spasmodic_dysphonia\k6rQPJ8uZfE_seg_063.wav,k6rQPJ8uZfE_seg_063.wav,k6rQPJ8uZfE,True,16000,1,3.0,-31.3904,-14.2988,0.4191,0.0,True,ok
data\interim\segmented\spasmodic_dysphonia\k6rQPJ8uZfE_seg_064.wav,k6rQPJ8uZfE_seg_064.wav,k6rQPJ8uZfE,True,16000,1,3.0,-32.805,-17.5893,0.3681,0.0,True,ok
data\interim\segmented\spasmodic_dysphonia\k6rQPJ8uZfE_seg_065.wav,k6rQPJ8uZfE_seg_065.wav,k6rQPJ8uZfE,True,16000,1,3.0,-32.5449,-13.9023,0.5045,0.0,True,ok
data\interim\segmented\spasmodic_dysphonia\k6rQPJ8uZfE_seg_066.wav,k6rQPJ8uZfE_seg_066.wav,k6rQPJ8uZfE,True,16000,1,3.0,-31.7055,-13.613,0.4897,0.0,True,ok
data\interim\segmented\spasmodic_dysphonia\k6rQPJ8uZfE_seg_067.wav,k6rQPJ8uZfE_seg_067.wav,k6rQPJ8uZfE,True,16000,1,3.0,-31.6318,-13.5673,0.4352,0.0,True,ok
data\interim\segmented\spasmodic_dysphonia\k6rQPJ8uZfE_seg_068.wav,k6rQPJ8uZfE_seg_068.wav,k6rQPJ8uZfE,True,16000,1,3.0,-30.0814,-12.6733,0.3584,0.0,True,ok
data\interim\segmented\spasmodic_dysphonia\k6rQPJ8uZfE_seg_069.wav,k6rQPJ8uZfE_seg_069.wav,k6rQPJ8uZfE,True,16000,1,3.0,-31.2197,-14.4808,0.3365,0.0,True,ok
data\interim\segmented\spasmodic_dysphonia\k6rQPJ8uZfE_seg_070.wav,k6rQPJ8uZfE_seg_070.wav,k6rQPJ8uZfE,True,16000,1,3.0,-29.8887,-13.4993,0.3988,0.0,True,ok
data\interim\segmented\spasmodic_dysphonia\k6rQPJ8uZfE_seg_071.wav,k6rQPJ8uZfE_seg_071.wav,k6rQPJ8uZfE,True,16000,1,3.0,-32.4534,-15.9772,0.3209,0.0,True,ok
data\interim\segmented\spasmodic_dysphonia\k6rQPJ8uZfE_seg_072.wav,k6rQPJ8uZfE_seg_072.wav,k6rQPJ8uZfE,True,16000,1,3.0,-31.9416,-12.8659,0.4407,0.0,True,ok
data\interim\segmented\spasmodic_dysphonia\k6rQPJ8uZfE_seg_073.wav,k6rQPJ8uZfE_seg_073.wav,k6rQPJ8uZfE,True,16000,1,3.0,-30.5293,-13.9736,0.4121,0.0,True,ok
data\interim\segmented\spasmodic_dysphonia\k6rQPJ8uZfE_seg_074.wav,k6rQPJ8uZfE_seg_074.wav,k6rQPJ8uZfE,True,16000,1,3.0,-30.9406,-14.6897,0.3731,0.0,True,ok
data\interim\segmented\spasmodic_dysphonia\k6rQPJ8uZfE_seg_075.wav,k6rQPJ8uZfE_seg_075.wav,k6rQPJ8uZfE,True,16000,1,3.0,-32.8369,-14.1773,0.5346,0.0,True,ok
data\interim\segmented\spasmodic_dysphonia\k6rQPJ8uZfE_seg_076.wav,k6rQPJ8uZfE_seg_076.wav,k6rQPJ8uZfE,True,16000,1,3.0,-30.0449,-14.3997,0.3953,0.0,True,ok
data\interim\segmented\spasmodic_dysphonia\k6rQPJ8uZfE_seg_077.wav,k6rQPJ8uZfE_seg_077.wav,k6rQPJ8uZfE,True,16000,1,3.0,-31.8432,-14.1908,0.4189,0.0,True,ok
data\interim\segmented\spasmodic_dysphonia\k6rQPJ8uZfE_seg_078.wav,k6rQPJ8uZfE_seg_078.wav,k6rQPJ8uZfE,True,16000,1,3.0,-30.6621,-12.881,0.3865,0.0,True,ok
data\interim\segmented\spasmodic_dysphonia\k6rQPJ8uZfE_seg_079.wav,k6rQPJ8uZfE_seg_079.wav,k6rQPJ8uZfE,True,16000,1,3.0,-33.5709,-14.759,0.5306,0.0,True,ok
data\interim\segmented\spasmodic_dysphonia\k6rQPJ8uZfE_seg_080.wav,k6rQPJ8uZfE_seg_080.wav,k6rQPJ8uZfE,True,16000,1,3.0,-32.7973,-15.3344,0.4193,0.0,True,ok
data\interim\segmented\spasmodic_dysphonia\k6rQPJ8uZfE_seg_081.wav,k6rQPJ8uZfE_seg_081.wav,k6rQPJ8uZfE,True,16000,1,3.0,-33.3653,-15.4734,0.5314,0.0,True,ok
data\interim\segmented\spasmodic_dysphonia\k6rQPJ8uZfE_seg_082.wav,k6rQPJ8uZfE_seg_082.wav,k6rQPJ8uZfE,True,16000,1,3.0,-22.7352,-8.6032,0.2624,0.0,True,ok
data\interim\segmented\spasmodic_dysphonia\k6rQPJ8uZfE_seg_083.wav,k6rQPJ8uZfE_seg_083.wav,k6rQPJ8uZfE,True,16000,1,3.0,-24.565,-10.166,0.2776,0.0,True,ok
data\interim\segmented\spasmodic_dysphonia\k6rQPJ8uZfE_seg_084.wav,k6rQPJ8uZfE_seg_084.wav,k6rQPJ8uZfE,True,16000,1,3.0,-25.6693,-8.0589,0.2194,0.0,True,ok
data\interim\segmented\spasmodic_dysphonia\k6rQPJ8uZfE_seg_085.wav,k6rQPJ8uZfE_seg_085.wav,k6rQPJ8uZfE,True,16000,1,3.0,-22.9233,-6.4744,0.3169,0.0,True,ok
data\interim\segmented\spasmodic_dysphonia\k6rQPJ8uZfE_seg_086.wav,k6rQPJ8uZfE_seg_086.wav,k6rQPJ8uZfE,True,16000,1,3.0,-25.3621,-9.2405,0.262,0.0,True,ok
data\interim\segmented\spasmodic_dysphonia\k6rQPJ8uZfE_seg_087.wav,k6rQPJ8uZfE_seg_087.wav,k6rQPJ8uZfE,True,16000,1,3.0,-24.6123,-7.3976,0.3529,0.0,True,ok
data\interim\segmented\spasmodic_dysphonia\k6rQPJ8uZfE_seg_088.wav,k6rQPJ8uZfE_seg_088.wav,k6rQPJ8uZfE,True,16000,1,3.0,-21.697,-0.0072,0.3938,2.1e-05,True,ok
data\interim\segmented\spasmodic_dysphonia\k6rQPJ8uZfE_seg_089.wav,k6rQPJ8uZfE_seg_089.wav,k6rQPJ8uZfE,True,16000,1,3.0,-17.9363,-0.0003,0.3392,0.000458,True,ok
data\interim\segmented\spasmodic_dysphonia\k6rQPJ8uZfE_seg_090.wav,k6rQPJ8uZfE_seg_090.wav,k6rQPJ8uZfE,True,16000,1,3.0,-20.4371,-0.0003,0.3604,0.000167,True,ok
data\interim\segmented\spasmodic_dysphonia\k6rQPJ8uZfE_seg_091.wav,k6rQPJ8uZfE_seg_091.wav,k6rQPJ8uZfE,True,16000,1,3.0,-27.556,-7.7598,0.5204,0.0,True,ok
data\interim\segmented\spasmodic_dysphonia\k6rQPJ8uZfE_seg_092.wav,k6rQPJ8uZfE_seg_092.wav,k6rQPJ8uZfE,True,16000,1,3.0,-24.1398,-1.8792,0.4182,0.0,True,ok
data\interim\segmented\spasmodic_dysphonia\k6rQPJ8uZfE_seg_093.wav,k6rQPJ8uZfE_seg_093.wav,k6rQPJ8uZfE,True,16000,1,3.0,-26.4459,-5.6954,0.5281,0.0,True,ok
data\interim\segmented\spasmodic_dysphonia\k6rQPJ8uZfE_seg_094.wav,k6rQPJ8uZfE_seg_094.wav,k6rQPJ8uZfE,True,16000,1,3.0,-25.1703,-2.8236,0.4934,0.0,True,ok
data\interim\segmented\spasmodic_dysphonia\k6rQPJ8uZfE_seg_095.wav,k6rQPJ8uZfE_seg_095.wav,k6rQPJ8uZfE,True,16000,1,3.0,-23.1064,0.0,0.6355,6.3e-05,True,ok
data\interim\segmented\spasmodic_dysphonia\k6rQPJ8uZfE_seg_096.wav,k6rQPJ8uZfE_seg_096.wav,k6rQPJ8uZfE,True,16000,1,3.0,-19.9798,-0.0027,0.4043,2.1e-05,True,ok
data\interim\segmented\spasmodic_dysphonia\k6rQPJ8uZfE_seg_097.wav,k6rQPJ8uZfE_seg_097.wav,k6rQPJ8uZfE,True,16000,1,3.0,-28.2769,-8.5961,0.5445,0.0,True,ok
data\interim\segmented\spasmodic_dysphonia\k6rQPJ8uZfE_seg_098.wav,k6rQPJ8uZfE_seg_098.wav,k6rQPJ8uZfE,True,16000,1,3.0,-24.8884,-0.0874,0.4519,0.0,True,ok
data\interim\segmented\spasmodic_dysphonia\k6rQPJ8uZfE_seg_099.wav,k6rQPJ8uZfE_seg_099.wav,k6rQPJ8uZfE,True,16000,1,3.0,-23.4739,-0.0449,0.4012,0.0,True,ok
data\interim\segmented\spasmodic_dysphonia\k6rQPJ8uZfE_seg_100.wav,k6rQPJ8uZfE_seg_100.wav,k6rQPJ8uZfE,True,16000,1,3.0,-24.4996,-0.1835,0.4612,0.0,True,ok
data\interim\segmented\spasmodic_dysphonia\k6rQPJ8uZfE_seg_101.wav,k6rQPJ8uZfE_seg_101.wav,k6rQPJ8uZfE,True,16000,1,3.0,-26.6166,-1.9244,0.5421,0.0,True,ok
data\interim\segmented\spasmodic_dysphonia\k6rQPJ8uZfE_seg_102.wav,k6rQPJ8uZfE_seg_102.wav,k6rQPJ8uZfE,True,16000,1,3.0,-19.724,0.0,0.3884,8.3e-05,True,ok
data\interim\segmented\spasmodic_dysphonia\k6rQPJ8uZfE_seg_103.wav,k6rQPJ8uZfE_seg_103.wav,k6rQPJ8uZfE,True,16000,1,3.0,-22.2997,-0.1129,0.3857,0.0,True,ok
data\interim\segmented\spasmodic_dysphonia\k6rQPJ8uZfE_seg_104.wav,k6rQPJ8uZfE_seg_104.wav,k6rQPJ8uZfE,True,16000,1,3.0,-20.5264,-0.0003,0.4705,0.00025,True,ok
data\interim\segmented\spasmodic_dysphonia\k6rQPJ8uZfE_seg_105.wav,k6rQPJ8uZfE_seg_105.wav,k6rQPJ8uZfE,True,16000,1,3.0,-23.1632,-0.0003,0.3147,4.2e-05,True,ok
data\interim\segmented\spasmodic_dysphonia\k6rQPJ8uZfE_seg_106.wav,k6rQPJ8uZfE_seg_106.wav,k6rQPJ8uZfE,True,16000,1,3.0,-24.8387,-2.7902,0.4803,0.0,True,ok
data\interim\segmented\spasmodic_dysphonia\k6rQPJ8uZfE_seg_107.wav,k6rQPJ8uZfE_seg_107.wav,k6rQPJ8uZfE,True,16000,1,3.0,-20.464,-0.0003,0.4385,4.2e-05,True,ok
data\interim\segmented\spasmodic_dysphonia\k6rQPJ8uZfE_seg_108.wav,k6rQPJ8uZfE_seg_108.wav,k6rQPJ8uZfE,True,16000,1,3.0,-25.3468,-4.9632,0.2886,0.0,True,ok
data\interim\segmented\spasmodic_dysphonia\k6rQPJ8uZfE_seg_109.wav,k6rQPJ8uZfE_seg_109.wav,k6rQPJ8uZfE,True,16000,1,3.0,-26.7247,-14.3029,0.0686,0.0,True,ok
data\interim\segmented\spasmodic_dysphonia\k6rQPJ8uZfE_seg_110.wav,k6rQPJ8uZfE_seg_110.wav,k6rQPJ8uZfE,True,16000,1,3.0,-25.1754,-12.5331,0.0562,0.0,True,ok
data\interim\segmented\spasmodic_dysphonia\k6rQPJ8uZfE_seg_111.wav,k6rQPJ8uZfE_seg_111.wav,k6rQPJ8uZfE,True,16000,1,2.323,-29.1501,-17.6619,0.1099,0.0,True,ok
data\interim\segmented\spasmodic_dysphonia\KCiiYb5sesY_seg_000.wav,KCiiYb5sesY_seg_000.wav,KCiiYb5sesY,True,16000,1,3.0,-25.3474,-13.3391,0.1157,0.0,True,ok
data\interim\segmented\spasmodic_dysphonia\KCiiYb5sesY_seg_001.wav,KCiiYb5sesY_seg_001.wav,KCiiYb5sesY,True,16000,1,3.0,-28.5387,-8.0482,0.2656,0.0,True,ok
data\interim\segmented\spasmodic_dysphonia\KCiiYb5sesY_seg_002.wav,KCiiYb5sesY_seg_002.wav,KCiiYb5sesY,True,16000,1,3.0,-30.1685,-12.4704,0.3703,0.0,True,ok
data\interim\segmented\spasmodic_dysphonia\KCiiYb5sesY_seg_003.wav,KCiiYb5sesY_seg_003.wav,KCiiYb5sesY,True,16000,1,3.0,-30.7155,-11.9589,0.4827,0.0,True,ok
data\interim\segmented\spasmodic_dysphonia\KCiiYb5sesY_seg_004.wav,KCiiYb5sesY_seg_004.wav,KCiiYb5sesY,True,16000,1,3.0,-28.5985,-5.5115,0.3512,0.0,True,ok
data\interim\segmented\spasmodic_dysphonia\KCiiYb5sesY_seg_005.wav,KCiiYb5sesY_seg_005.wav,KCiiYb5sesY,True,16000,1,3.0,-27.585,-7.7397,0.2868,0.0,True,ok
data\interim\segmented\spasmodic_dysphonia\KCiiYb5sesY_seg_006.wav,KCiiYb5sesY_seg_006.wav,KCiiYb5sesY,True,16000,1,3.0,-28.5677,-8.9661,0.1981,0.0,True,ok
data\interim\segmented\spasmodic_dysphonia\KCiiYb5sesY_seg_007.wav,KCiiYb5sesY_seg_007.wav,KCiiYb5sesY,True,16000,1,3.0,-28.151,-4.7371,0.3375,0.0,True,ok
data\interim\segmented\spasmodic_dysphonia\KCiiYb5sesY_seg_008.wav,KCiiYb5sesY_seg_008.wav,KCiiYb5sesY,True,16000,1,3.0,-31.9547,-11.7966,0.3696,0.0,True,ok
data\interim\segmented\spasmodic_dysphonia\KCiiYb5sesY_seg_009.wav,KCiiYb5sesY_seg_009.wav,KCiiYb5sesY,True,16000,1,3.0,-30.2028,-8.5484,0.2926,0.0,True,ok
data\interim\segmented\spasmodic_dysphonia\KCiiYb5sesY_seg_010.wav,KCiiYb5sesY_seg_010.wav,KCiiYb5sesY,True,16000,1,3.0,-31.0752,-8.8861,0.3426,0.0,True,ok
data\interim\segmented\spasmodic_dysphonia\KCiiYb5sesY_seg_011.wav,KCiiYb5sesY_seg_011.wav,KCiiYb5sesY,True,16000,1,3.0,-29.0632,-5.8054,0.3686,0.0,True,ok
data\interim\segmented\spasmodic_dysphonia\KCiiYb5sesY_seg_012.wav,KCiiYb5sesY_seg_012.wav,KCiiYb5sesY,True,16000,1,3.0,-31.1958,-5.9825,0.3772,0.0,True,ok
data\interim\segmented\spasmodic_dysphonia\KCiiYb5sesY_seg_013.wav,KCiiYb5sesY_seg_013.wav,KCiiYb5sesY,True,16000,1,3.0,-30.7249,-11.0739,0.3452,0.0,True,ok
data\interim\segmented\spasmodic_dysphonia\KCiiYb5sesY_seg_014.wav,KCiiYb5sesY_seg_014.wav,KCiiYb5sesY,True,16000,1,3.0,-31.3525,-8.9371,0.4849,0.0,True,ok
data\interim\segmented\spasmodic_dysphonia\KCiiYb5sesY_seg_015.wav,KCiiYb5sesY_seg_015.wav,KCiiYb5sesY,True,16000,1,3.0,-30.002,-7.5613,0.3636,0.0,True,ok
data\interim\segmented\spasmodic_dysphonia\KCiiYb5sesY_seg_016.wav,KCiiYb5sesY_seg_016.wav,KCiiYb5sesY,True,16000,1,3.0,-25.0323,-5.4806,0.3515,0.0,True,ok
data\interim\segmented\spasmodic_dysphonia\KCiiYb5sesY_seg_017.wav,KCiiYb5sesY_seg_017.wav,KCiiYb5sesY,True,16000,1,3.0,-23.8565,-9.95,0.1812,0.0,True,ok
data\interim\segmented\spasmodic_dysphonia\KCiiYb5sesY_seg_018.wav,KCiiYb5sesY_seg_018.wav,KCiiYb5sesY,True,16000,1,3.0,-28.2716,-12.3565,0.1964,0.0,True,ok
data\interim\segmented\spasmodic_dysphonia\KCiiYb5sesY_seg_019.wav,KCiiYb5sesY_seg_019.wav,KCiiYb5sesY,True,16000,1,3.0,-27.4273,-12.8194,0.2754,0.0,True,ok
data\interim\segmented\spasmodic_dysphonia\KCiiYb5sesY_seg_020.wav,KCiiYb5sesY_seg_020.wav,KCiiYb5sesY,True,16000,1,3.0,-26.482,-10.1293,0.2582,0.0,True,ok
data\interim\segmented\spasmodic_dysphonia\KCiiYb5sesY_seg_021.wav,KCiiYb5sesY_seg_021.wav,KCiiYb5sesY,True,16000,1,3.0,-28.5704,-7.6875,0.2336,0.0,True,ok
data\interim\segmented\spasmodic_dysphonia\KCiiYb5sesY_seg_022.wav,KCiiYb5sesY_seg_022.wav,KCiiYb5sesY,True,16000,1,3.0,-29.0804,-10.4306,0.2467,0.0,True,ok
data\interim\segmented\spasmodic_dysphonia\KCiiYb5sesY_seg_023.wav,KCiiYb5sesY_seg_023.wav,KCiiYb5sesY,True,16000,1,3.0,-24.7049,-4.944,0.1708,0.0,True,ok
data\interim\segmented\spasmodic_dysphonia\KCiiYb5sesY_seg_024.wav,KCiiYb5sesY_seg_024.wav,KCiiYb5sesY,True,16000,1,3.0,-25.4925,-9.145,0.1916,0.0,True,ok
data\interim\segmented\spasmodic_dysphonia\KCiiYb5sesY_seg_025.wav,KCiiYb5sesY_seg_025.wav,KCiiYb5sesY,True,16000,1,3.0,-25.4399,-8.158,0.1713,0.0,True,ok
data\interim\segmented\spasmodic_dysphonia\KCiiYb5sesY_seg_026.wav,KCiiYb5sesY_seg_026.wav,KCiiYb5sesY,True,16000,1,3.0,-26.604,-9.586,0.2064,0.0,True,ok
data\interim\segmented\spasmodic_dysphonia\KCiiYb5sesY_seg_027.wav,KCiiYb5sesY_seg_027.wav,KCiiYb5sesY,True,16000,1,3.0,-26.8798,-7.3678,0.2122,0.0,True,ok
data\interim\segmented\spasmodic_dysphonia\KCiiYb5sesY_seg_028.wav,KCiiYb5sesY_seg_028.wav,KCiiYb5sesY,True,16000,1,3.0,-28.5346,-8.6842,0.2781,0.0,True,ok
data\interim\segmented\spasmodic_dysphonia\KCiiYb5sesY_seg_029.wav,KCiiYb5sesY_seg_029.wav,KCiiYb5sesY,True,16000,1,3.0,-19.6328,-4.648,0.1134,0.0,True,ok
data\interim\segmented\spasmodic_dysphonia\KCiiYb5sesY_seg_030.wav,KCiiYb5sesY_seg_030.wav,KCiiYb5sesY,True,16000,1,3.0,-24.238,-5.7801,0.1866,0.0,True,ok
data\interim\segmented\spasmodic_dysphonia\KCiiYb5sesY_seg_031.wav,KCiiYb5sesY_seg_031.wav,KCiiYb5sesY,True,16000,1,3.0,-25.3212,-10.4139,0.1808,0.0,True,ok
data\interim\segmented\spasmodic_dysphonia\KCiiYb5sesY_seg_032.wav,KCiiYb5sesY_seg_032.wav,KCiiYb5sesY,True,16000,1,3.0,-24.6317,-9.2183,0.1537,0.0,True,ok
data\interim\segmented\spasmodic_dysphonia\KCiiYb5sesY_seg_033.wav,KCiiYb5sesY_seg_033.wav,KCiiYb5sesY,True,16000,1,3.0,-22.7723,-6.4705,0.156,0.0,True,ok
data\interim\segmented\spasmodic_dysphonia\KCiiYb5sesY_seg_034.wav,KCiiYb5sesY_seg_034.wav,KCiiYb5sesY,True,16000,1,3.0,-24.7167,-10.5512,0.1734,0.0,True,ok
data\interim\segmented\spasmodic_dysphonia\KCiiYb5sesY_seg_035.wav,KCiiYb5sesY_seg_035.wav,KCiiYb5sesY,True,16000,1,3.0,-26.6848,-10.7591,0.1596,0.0,True,ok
data\interim\segmented\spasmodic_dysphonia\KCiiYb5sesY_seg_036.wav,KCiiYb5sesY_seg_036.wav,KCiiYb5sesY,True,16000,1,3.0,-26.8978,-7.2175,0.1969,0.0,True,ok
data\interim\segmented\spasmodic_dysphonia\KCiiYb5sesY_seg_037.wav,KCiiYb5sesY_seg_037.wav,KCiiYb5sesY,True,16000,1,3.0,-26.4469,-6.8383,0.1681,0.0,True,ok
data\interim\segmented\spasmodic_dysphonia\KCiiYb5sesY_seg_038.wav,KCiiYb5sesY_seg_038.wav,KCiiYb5sesY,True,16000,1,3.0,-24.0767,-6.7421,0.1426,0.0,True,ok
data\interim\segmented\spasmodic_dysphonia\KCiiYb5sesY_seg_039.wav,KCiiYb5sesY_seg_039.wav,KCiiYb5sesY,True,16000,1,3.0,-28.6373,-12.9033,0.1925,0.0,True,ok
data\interim\segmented\spasmodic_dysphonia\KCiiYb5sesY_seg_040.wav,KCiiYb5sesY_seg_040.wav,KCiiYb5sesY,True,16000,1,3.0,-26.1233,-9.2644,0.1979,0.0,True,ok
data\interim\segmented\spasmodic_dysphonia\KCiiYb5sesY_seg_041.wav,KCiiYb5sesY_seg_041.wav,KCiiYb5sesY,True,16000,1,3.0,-31.0125,-11.6382,0.2185,0.0,True,ok
data\interim\segmented\spasmodic_dysphonia\KCiiYb5sesY_seg_042.wav,KCiiYb5sesY_seg_042.wav,KCiiYb5sesY,True,16000,1,3.0,-26.9302,-9.1003,0.1936,0.0,True,ok
data\interim\segmented\spasmodic_dysphonia\KCiiYb5sesY_seg_043.wav,KCiiYb5sesY_seg_043.wav,KCiiYb5sesY,True,16000,1,3.0,-26.4762,-8.3057,0.1566,0.0,True,ok
data\interim\segmented\spasmodic_dysphonia\KCiiYb5sesY_seg_044.wav,KCiiYb5sesY_seg_044.wav,KCiiYb5sesY,True,16000,1,3.0,-27.9331,-9.0258,0.2671,0.0,True,ok
data\interim\segmented\spasmodic_dysphonia\KCiiYb5sesY_seg_045.wav,KCiiYb5sesY_seg_045.wav,KCiiYb5sesY,True,16000,1,3.0,-27.8405,-12.3356,0.4457,0.0,True,ok
data\interim\segmented\spasmodic_dysphonia\KCiiYb5sesY_seg_046.wav,KCiiYb5sesY_seg_046.wav,KCiiYb5sesY,True,16000,1,3.0,-25.5402,-9.279,0.2325,0.0,True,ok
data\interim\segmented\spasmodic_dysphonia\KCiiYb5sesY_seg_047.wav,KCiiYb5sesY_seg_047.wav,KCiiYb5sesY,True,16000,1,3.0,-27.6643,-11.5426,0.3037,0.0,True,ok
data\interim\segmented\spasmodic_dysphonia\KCiiYb5sesY_seg_048.wav,KCiiYb5sesY_seg_048.wav,KCiiYb5sesY,True,16000,1,3.0,-27.026,-9.8349,0.191,0.0,True,ok
data\interim\segmented\spasmodic_dysphonia\KCiiYb5sesY_seg_049.wav,KCiiYb5sesY_seg_049.wav,KCiiYb5sesY,True,16000,1,3.0,-28.028,-11.2978,0.2702,0.0,True,ok
data\interim\segmented\spasmodic_dysphonia\KCiiYb5sesY_seg_050.wav,KCiiYb5sesY_seg_050.wav,KCiiYb5sesY,True,16000,1,3.0,-27.2149,-9.5382,0.3188,0.0,True,ok
data\interim\segmented\spasmodic_dysphonia\KCiiYb5sesY_seg_051.wav,KCiiYb5sesY_seg_051.wav,KCiiYb5sesY,True,16000,1,3.0,-28.0218,-5.862,0.5439,0.0,True,ok
data\interim\segmented\spasmodic_dysphonia\KCiiYb5sesY_seg_052.wav,KCiiYb5sesY_seg_052.wav,KCiiYb5sesY,True,16000,1,3.0,-27.6134,-8.3451,0.343,0.0,True,ok
data\interim\segmented\spasmodic_dysphonia\KCiiYb5sesY_seg_053.wav,KCiiYb5sesY_seg_053.wav,KCiiYb5sesY,True,16000,1,3.0,-30.7804,-10.6853,0.6593,0.0,True,ok
data\interim\segmented\spasmodic_dysphonia\KCiiYb5sesY_seg_054.wav,KCiiYb5sesY_seg_054.wav,KCiiYb5sesY,True,16000,1,3.0,-29.657,-9.3635,0.7006,0.0,True,ok
data\interim\segmented\spasmodic_dysphonia\KCiiYb5sesY_seg_055.wav,KCiiYb5sesY_seg_055.wav,KCiiYb5sesY,True,16000,1,3.0,-28.4582,-8.9832,0.4309,0.0,True,ok
data\interim\segmented\spasmodic_dysphonia\KCiiYb5sesY_seg_056.wav,KCiiYb5sesY_seg_056.wav,KCiiYb5sesY,True,16000,1,3.0,-28.1032,-6.1074,0.4413,0.0,True,ok
data\interim\segmented\spasmodic_dysphonia\KCiiYb5sesY_seg_057.wav,KCiiYb5sesY_seg_057.wav,KCiiYb5sesY,True,16000,1,3.0,-34.6474,-15.4404,0.5856,0.0,True,ok
data\interim\segmented\spasmodic_dysphonia\KCiiYb5sesY_seg_058.wav,KCiiYb5sesY_seg_058.wav,KCiiYb5sesY,True,16000,1,3.0,-25.8879,-8.0717,0.3356,0.0,True,ok
data\interim\segmented\spasmodic_dysphonia\KCiiYb5sesY_seg_059.wav,KCiiYb5sesY_seg_059.wav,KCiiYb5sesY,True,16000,1,3.0,-23.2794,-4.7596,0.4433,0.0,True,ok
data\interim\segmented\spasmodic_dysphonia\KCiiYb5sesY_seg_060.wav,KCiiYb5sesY_seg_060.wav,KCiiYb5sesY,True,16000,1,3.0,-21.812,-7.2035,0.239,0.0,True,ok
data\interim\segmented\spasmodic_dysphonia\KCiiYb5sesY_seg_061.wav,KCiiYb5sesY_seg_061.wav,KCiiYb5sesY,True,16000,1,3.0,-22.0526,-6.1187,0.2835,0.0,True,ok
data\interim\segmented\spasmodic_dysphonia\KCiiYb5sesY_seg_062.wav,KCiiYb5sesY_seg_062.wav,KCiiYb5sesY,True,16000,1,3.0,-23.23,-7.47,0.3676,0.0,True,ok
data\interim\segmented\spasmodic_dysphonia\KCiiYb5sesY_seg_063.wav,KCiiYb5sesY_seg_063.wav,KCiiYb5sesY,True,16000,1,3.0,-22.3827,-5.0306,0.3327,0.0,True,ok
data\interim\segmented\spasmodic_dysphonia\KCiiYb5sesY_seg_064.wav,KCiiYb5sesY_seg_064.wav,KCiiYb5sesY,True,16000,1,3.0,-21.865,-5.6638,0.2761,0.0,True,ok
data\interim\segmented\spasmodic_dysphonia\KCiiYb5sesY_seg_065.wav,KCiiYb5sesY_seg_065.wav,KCiiYb5sesY,True,16000,1,3.0,-22.6023,-6.4287,0.3471,0.0,True,ok
data\interim\segmented\spasmodic_dysphonia\KCiiYb5sesY_seg_066.wav,KCiiYb5sesY_seg_066.wav,KCiiYb5sesY,True,16000,1,3.0,-25.9005,-9.1481,0.4506,0.0,True,ok
data\interim\segmented\spasmodic_dysphonia\KCiiYb5sesY_seg_067.wav,KCiiYb5sesY_seg_067.wav,KCiiYb5sesY,True,16000,1,3.0,-26.1495,-7.2053,0.44,0.0,True,ok
data\interim\segmented\spasmodic_dysphonia\KCiiYb5sesY_seg_068.wav,KCiiYb5sesY_seg_068.wav,KCiiYb5sesY,True,16000,1,3.0,-20.4808,-3.453,0.4315,0.0,True,ok
data\interim\segmented\spasmodic_dysphonia\KCiiYb5sesY_seg_069.wav,KCiiYb5sesY_seg_069.wav,KCiiYb5sesY,True,16000,1,3.0,-20.7497,-5.526,0.1663,0.0,True,ok
data\interim\segmented\spasmodic_dysphonia\KCiiYb5sesY_seg_070.wav,KCiiYb5sesY_seg_070.wav,KCiiYb5sesY,True,16000,1,3.0,-22.2906,-5.219,0.2794,0.0,True,ok
data\interim\segmented\spasmodic_dysphonia\KCiiYb5sesY_seg_071.wav,KCiiYb5sesY_seg_071.wav,KCiiYb5sesY,True,16000,1,3.0,-23.1708,-7.7799,0.1787,0.0,True,ok
data\interim\segmented\spasmodic_dysphonia\KCiiYb5sesY_seg_072.wav,KCiiYb5sesY_seg_072.wav,KCiiYb5sesY,True,16000,1,3.0,-25.4504,-6.5513,0.5086,0.0,True,ok
data\interim\segmented\spasmodic_dysphonia\KCiiYb5sesY_seg_073.wav,KCiiYb5sesY_seg_073.wav,KCiiYb5sesY,True,16000,1,3.0,-22.0723,-2.6471,0.4155,0.0,True,ok
data\interim\segmented\spasmodic_dysphonia\KCiiYb5sesY_seg_074.wav,KCiiYb5sesY_seg_074.wav,KCiiYb5sesY,True,16000,1,3.0,-21.3221,-5.1809,0.2414,0.0,True,ok
data\interim\segmented\spasmodic_dysphonia\KCiiYb5sesY_seg_075.wav,KCiiYb5sesY_seg_075.wav,KCiiYb5sesY,True,16000,1,3.0,-22.4813,-8.4119,0.2371,0.0,True,ok
data\interim\segmented\spasmodic_dysphonia\KCiiYb5sesY_seg_076.wav,KCiiYb5sesY_seg_076.wav,KCiiYb5sesY,True,16000,1,3.0,-23.5963,-4.6204,0.3896,0.0,True,ok
data\interim\segmented\spasmodic_dysphonia\KCiiYb5sesY_seg_077.wav,KCiiYb5sesY_seg_077.wav,KCiiYb5sesY,True,16000,1,3.0,-23.3118,-7.2029,0.2039,0.0,True,ok
data\interim\segmented\spasmodic_dysphonia\KCiiYb5sesY_seg_078.wav,KCiiYb5sesY_seg_078.wav,KCiiYb5sesY,True,16000,1,3.0,-25.7197,-8.9208,0.4257,0.0,True,ok
data\interim\segmented\spasmodic_dysphonia\KCiiYb5sesY_seg_079.wav,KCiiYb5sesY_seg_079.wav,KCiiYb5sesY,True,16000,1,3.0,-23.7165,-7.6382,0.2856,0.0,True,ok
data\interim\segmented\spasmodic_dysphonia\KCiiYb5sesY_seg_080.wav,KCiiYb5sesY_seg_080.wav,KCiiYb5sesY,True,16000,1,3.0,-25.0591,-8.0435,0.4074,0.0,True,ok
data\interim\segmented\spasmodic_dysphonia\KCiiYb5sesY_seg_081.wav,KCiiYb5sesY_seg_081.wav,KCiiYb5sesY,True,16000,1,3.0,-24.4207,-6.4794,0.429,0.0,True,ok
data\interim\segmented\spasmodic_dysphonia\KCiiYb5sesY_seg_082.wav,KCiiYb5sesY_seg_082.wav,KCiiYb5sesY,True,16000,1,3.0,-24.0037,-7.5708,0.2385,0.0,True,ok
data\interim\segmented\spasmodic_dysphonia\KCiiYb5sesY_seg_083.wav,KCiiYb5sesY_seg_083.wav,KCiiYb5sesY,True,16000,1,3.0,-26.4647,-7.7036,0.4734,0.0,True,ok
data\interim\segmented\spasmodic_dysphonia\KCiiYb5sesY_seg_084.wav,KCiiYb5sesY_seg_084.wav,KCiiYb5sesY,True,16000,1,3.0,-30.0366,-9.9591,0.4711,0.0,True,ok
data\interim\segmented\spasmodic_dysphonia\KCiiYb5sesY_seg_085.wav,KCiiYb5sesY_seg_085.wav,KCiiYb5sesY,True,16000,1,3.0,-24.4507,-7.5663,0.3934,0.0,True,ok
data\interim\segmented\spasmodic_dysphonia\KCiiYb5sesY_seg_086.wav,KCiiYb5sesY_seg_086.wav,KCiiYb5sesY,True,16000,1,3.0,-23.2475,-7.5398,0.4785,0.0,True,ok
data\interim\segmented\spasmodic_dysphonia\KCiiYb5sesY_seg_087.wav,KCiiYb5sesY_seg_087.wav,KCiiYb5sesY,True,16000,1,3.0,-25.5897,-7.9371,0.3085,0.0,True,ok
data\interim\segmented\spasmodic_dysphonia\KCiiYb5sesY_seg_088.wav,KCiiYb5sesY_seg_088.wav,KCiiYb5sesY,True,16000,1,3.0,-35.3024,-12.1672,0.7066,0.0,True,ok
data\interim\segmented\spasmodic_dysphonia\KCiiYb5sesY_seg_089.wav,KCiiYb5sesY_seg_089.wav,KCiiYb5sesY,True,16000,1,3.0,-27.5795,-7.9113,0.4772,0.0,True,ok
data\interim\segmented\spasmodic_dysphonia\KCiiYb5sesY_seg_090.wav,KCiiYb5sesY_seg_090.wav,KCiiYb5sesY,True,16000,1,3.0,-28.9006,-8.0556,0.4387,0.0,True,ok
data\interim\segmented\spasmodic_dysphonia\KCiiYb5sesY_seg_091.wav,KCiiYb5sesY_seg_091.wav,KCiiYb5sesY,True,16000,1,3.0,-27.4762,-11.0238,0.473,0.0,True,ok
data\interim\segmented\spasmodic_dysphonia\KCiiYb5sesY_seg_092.wav,KCiiYb5sesY_seg_092.wav,KCiiYb5sesY,True,16000,1,3.0,-27.5676,-13.5623,0.3522,0.0,True,ok
data\interim\segmented\spasmodic_dysphonia\KCiiYb5sesY_seg_093.wav,KCiiYb5sesY_seg_093.wav,KCiiYb5sesY,True,16000,1,3.0,-28.4338,-12.0274,0.3773,0.0,True,ok
data\interim\segmented\spasmodic_dysphonia\KCiiYb5sesY_seg_094.wav,KCiiYb5sesY_seg_094.wav,KCiiYb5sesY,True,16000,1,3.0,-27.3183,-14.9141,0.1263,0.0,True,ok
data\interim\segmented\spasmodic_dysphonia\KCiiYb5sesY_seg_095.wav,KCiiYb5sesY_seg_095.wav,KCiiYb5sesY,True,16000,1,3.0,-24.7068,-12.1909,0.0523,0.0,True,ok
data\interim\segmented\spasmodic_dysphonia\KCiiYb5sesY_seg_096.wav,KCiiYb5sesY_seg_096.wav,KCiiYb5sesY,True,16000,1,3.0,-23.2688,-10.6509,0.0473,0.0,True,ok
data\interim\segmented\spasmodic_dysphonia\KCiiYb5sesY_seg_097.wav,KCiiYb5sesY_seg_097.wav,KCiiYb5sesY,True,16000,1,2.091,-27.7915,-15.4734,0.0997,0.0,True,ok
data\interim\segmented\spasmodic_dysphonia\kLlHVBwxGGg_seg_000.wav,kLlHVBwxGGg_seg_000.wav,kLlHVBwxGGg,True,16000,1,3.0,-31.2254,-19.4849,0.1602,0.0,True,ok
data\interim\segmented\spasmodic_dysphonia\kLlHVBwxGGg_seg_001.wav,kLlHVBwxGGg_seg_001.wav,kLlHVBwxGGg,True,16000,1,3.0,-25.2633,-7.0822,0.3431,0.0,True,ok
data\interim\segmented\spasmodic_dysphonia\kLlHVBwxGGg_seg_002.wav,kLlHVBwxGGg_seg_002.wav,kLlHVBwxGGg,True,16000,1,3.0,-26.2366,-9.4512,0.397,0.0,True,ok
data\interim\segmented\spasmodic_dysphonia\kLlHVBwxGGg_seg_003.wav,kLlHVBwxGGg_seg_003.wav,kLlHVBwxGGg,True,16000,1,3.0,-25.3746,-6.0466,0.4482,0.0,True,ok
data\interim\segmented\spasmodic_dysphonia\kLlHVBwxGGg_seg_004.wav,kLlHVBwxGGg_seg_004.wav,kLlHVBwxGGg,True,16000,1,3.0,-26.1557,-10.2071,0.2575,0.0,True,ok
data\interim\segmented\spasmodic_dysphonia\kLlHVBwxGGg_seg_005.wav,kLlHVBwxGGg_seg_005.wav,kLlHVBwxGGg,True,16000,1,3.0,-23.3196,-6.1542,0.2895,0.0,True,ok
data\interim\segmented\spasmodic_dysphonia\kLlHVBwxGGg_seg_006.wav,kLlHVBwxGGg_seg_006.wav,kLlHVBwxGGg,True,16000,1,3.0,-21.5328,-7.7171,0.1434,0.0,True,ok
data\interim\segmented\spasmodic_dysphonia\kLlHVBwxGGg_seg_007.wav,kLlHVBwxGGg_seg_007.wav,kLlHVBwxGGg,True,16000,1,3.0,-25.2119,-6.456,0.3728,0.0,True,ok
data\interim\segmented\spasmodic_dysphonia\kLlHVBwxGGg_seg_008.wav,kLlHVBwxGGg_seg_008.wav,kLlHVBwxGGg,True,16000,1,3.0,-25.4751,-6.6243,0.226,0.0,True,ok
data\interim\segmented\spasmodic_dysphonia\kLlHVBwxGGg_seg_009.wav,kLlHVBwxGGg_seg_009.wav,kLlHVBwxGGg,True,16000,1,3.0,-27.2094,-11.02,0.3609,0.0,True,ok
data\interim\segmented\spasmodic_dysphonia\kLlHVBwxGGg_seg_010.wav,kLlHVBwxGGg_seg_010.wav,kLlHVBwxGGg,True,16000,1,3.0,-26.2188,-11.6829,0.2873,0.0,True,ok
data\interim\segmented\spasmodic_dysphonia\kLlHVBwxGGg_seg_011.wav,kLlHVBwxGGg_seg_011.wav,kLlHVBwxGGg,True,16000,1,3.0,-26.1276,-13.2851,0.3311,0.0,True,ok
data\interim\segmented\spasmodic_dysphonia\kLlHVBwxGGg_seg_012.wav,kLlHVBwxGGg_seg_012.wav,kLlHVBwxGGg,True,16000,1,3.0,-23.7225,-7.6108,0.294,0.0,True,ok
data\interim\segmented\spasmodic_dysphonia\kLlHVBwxGGg_seg_013.wav,kLlHVBwxGGg_seg_013.wav,kLlHVBwxGGg,True,16000,1,3.0,-26.1468,-4.9745,0.3651,0.0,True,ok
data\interim\segmented\spasmodic_dysphonia\kLlHVBwxGGg_seg_014.wav,kLlHVBwxGGg_seg_014.wav,kLlHVBwxGGg,True,16000,1,3.0,-26.6783,-6.3728,0.52,0.0,True,ok
data\interim\segmented\spasmodic_dysphonia\kLlHVBwxGGg_seg_015.wav,kLlHVBwxGGg_seg_015.wav,kLlHVBwxGGg,True,16000,1,3.0,-25.1766,-10.52,0.2013,0.0,True,ok
data\interim\segmented\spasmodic_dysphonia\kLlHVBwxGGg_seg_016.wav,kLlHVBwxGGg_seg_016.wav,kLlHVBwxGGg,True,16000,1,3.0,-24.1993,-5.4801,0.41,0.0,True,ok
data\interim\segmented\spasmodic_dysphonia\kLlHVBwxGGg_seg_017.wav,kLlHVBwxGGg_seg_017.wav,kLlHVBwxGGg,True,16000,1,3.0,-26.2527,-12.257,0.1579,0.0,True,ok
data\interim\segmented\spasmodic_dysphonia\kLlHVBwxGGg_seg_018.wav,kLlHVBwxGGg_seg_018.wav,kLlHVBwxGGg,True,16000,1,3.0,-27.0818,-11.1444,0.3912,0.0,True,ok
data\interim\segmented\spasmodic_dysphonia\kLlHVBwxGGg_seg_019.wav,kLlHVBwxGGg_seg_019.wav,kLlHVBwxGGg,True,16000,1,3.0,-26.655,-11.3574,0.2695,0.0,True,ok
data\interim\segmented\spasmodic_dysphonia\kLlHVBwxGGg_seg_020.wav,kLlHVBwxGGg_seg_020.wav,kLlHVBwxGGg,True,16000,1,3.0,-26.223,-10.6899,0.4145,0.0,True,ok
data\interim\segmented\spasmodic_dysphonia\kLlHVBwxGGg_seg_021.wav,kLlHVBwxGGg_seg_021.wav,kLlHVBwxGGg,True,16000,1,3.0,-25.3496,-10.5458,0.2098,0.0,True,ok
data\interim\segmented\spasmodic_dysphonia\kLlHVBwxGGg_seg_022.wav,kLlHVBwxGGg_seg_022.wav,kLlHVBwxGGg,True,16000,1,3.0,-26.1959,-7.0966,0.2441,0.0,True,ok
data\interim\segmented\spasmodic_dysphonia\kLlHVBwxGGg_seg_023.wav,kLlHVBwxGGg_seg_023.wav,kLlHVBwxGGg,True,16000,1,3.0,-28.9815,-8.11,0.4398,0.0,True,ok
data\interim\segmented\spasmodic_dysphonia\kLlHVBwxGGg_seg_024.wav,kLlHVBwxGGg_seg_024.wav,kLlHVBwxGGg,True,16000,1,3.0,-27.9436,-13.1034,0.322,0.0,True,ok
data\interim\segmented\spasmodic_dysphonia\kLlHVBwxGGg_seg_025.wav,kLlHVBwxGGg_seg_025.wav,kLlHVBwxGGg,True,16000,1,3.0,-26.2958,-5.7739,0.4558,0.0,True,ok
data\interim\segmented\spasmodic_dysphonia\kLlHVBwxGGg_seg_026.wav,kLlHVBwxGGg_seg_026.wav,kLlHVBwxGGg,True,16000,1,3.0,-24.6027,-9.303,0.2138,0.0,True,ok
data\interim\segmented\spasmodic_dysphonia\kLlHVBwxGGg_seg_027.wav,kLlHVBwxGGg_seg_027.wav,kLlHVBwxGGg,True,16000,1,3.0,-23.7387,-5.8729,0.1513,0.0,True,ok
data\interim\segmented\spasmodic_dysphonia\kLlHVBwxGGg_seg_028.wav,kLlHVBwxGGg_seg_028.wav,kLlHVBwxGGg,True,16000,1,3.0,-23.061,-4.5561,0.3498,0.0,True,ok
data\interim\segmented\spasmodic_dysphonia\kLlHVBwxGGg_seg_029.wav,kLlHVBwxGGg_seg_029.wav,kLlHVBwxGGg,True,16000,1,3.0,-24.6352,-9.1869,0.3276,0.0,True,ok
data\interim\segmented\spasmodic_dysphonia\kLlHVBwxGGg_seg_030.wav,kLlHVBwxGGg_seg_030.wav,kLlHVBwxGGg,True,16000,1,3.0,-24.3332,-9.2505,0.3123,0.0,True,ok
data\interim\segmented\spasmodic_dysphonia\kLlHVBwxGGg_seg_031.wav,kLlHVBwxGGg_seg_031.wav,kLlHVBwxGGg,True,16000,1,3.0,-24.2683,-8.9996,0.2982,0.0,True,ok
data\interim\segmented\spasmodic_dysphonia\kLlHVBwxGGg_seg_032.wav,kLlHVBwxGGg_seg_032.wav,kLlHVBwxGGg,True,16000,1,3.0,-26.808,-11.0626,0.3248,0.0,True,ok
data\interim\segmented\spasmodic_dysphonia\kLlHVBwxGGg_seg_033.wav,kLlHVBwxGGg_seg_033.wav,kLlHVBwxGGg,True,16000,1,3.0,-25.4074,-8.3195,0.4494,0.0,True,ok
data\interim\segmented\spasmodic_dysphonia\kLlHVBwxGGg_seg_034.wav,kLlHVBwxGGg_seg_034.wav,kLlHVBwxGGg,True,16000,1,3.0,-23.3899,-9.9333,0.1791,0.0,True,ok
data\interim\segmented\spasmodic_dysphonia\kLlHVBwxGGg_seg_035.wav,kLlHVBwxGGg_seg_035.wav,kLlHVBwxGGg,True,16000,1,3.0,-25.9647,-8.6684,0.2244,0.0,True,ok
data\interim\segmented\spasmodic_dysphonia\kLlHVBwxGGg_seg_036.wav,kLlHVBwxGGg_seg_036.wav,kLlHVBwxGGg,True,16000,1,3.0,-26.0355,-9.2544,0.3367,0.0,True,ok
data\interim\segmented\spasmodic_dysphonia\kLlHVBwxGGg_seg_037.wav,kLlHVBwxGGg_seg_037.wav,kLlHVBwxGGg,True,16000,1,3.0,-23.1578,-6.2756,0.2187,0.0,True,ok
data\interim\segmented\spasmodic_dysphonia\kLlHVBwxGGg_seg_038.wav,kLlHVBwxGGg_seg_038.wav,kLlHVBwxGGg,True,16000,1,3.0,-25.7527,-7.0912,0.4175,0.0,True,ok
data\interim\segmented\spasmodic_dysphonia\kLlHVBwxGGg_seg_039.wav,kLlHVBwxGGg_seg_039.wav,kLlHVBwxGGg,True,16000,1,3.0,-26.4086,-9.0867,0.1883,0.0,True,ok
data\interim\segmented\spasmodic_dysphonia\kLlHVBwxGGg_seg_040.wav,kLlHVBwxGGg_seg_040.wav,kLlHVBwxGGg,True,16000,1,3.0,-29.0278,-13.0497,0.3829,0.0,True,ok
data\interim\segmented\spasmodic_dysphonia\kLlHVBwxGGg_seg_041.wav,kLlHVBwxGGg_seg_041.wav,kLlHVBwxGGg,True,16000,1,3.0,-27.6539,-12.2288,0.3538,0.0,True,ok
data\interim\segmented\spasmodic_dysphonia\kLlHVBwxGGg_seg_042.wav,kLlHVBwxGGg_seg_042.wav,kLlHVBwxGGg,True,16000,1,3.0,-27.2809,-10.3534,0.2916,0.0,True,ok
data\interim\segmented\spasmodic_dysphonia\kLlHVBwxGGg_seg_043.wav,kLlHVBwxGGg_seg_043.wav,kLlHVBwxGGg,True,16000,1,3.0,-26.1492,-11.4718,0.3029,0.0,True,ok
data\interim\segmented\spasmodic_dysphonia\kLlHVBwxGGg_seg_044.wav,kLlHVBwxGGg_seg_044.wav,kLlHVBwxGGg,True,16000,1,3.0,-23.2346,-7.9087,0.1538,0.0,True,ok
data\interim\segmented\spasmodic_dysphonia\kLlHVBwxGGg_seg_045.wav,kLlHVBwxGGg_seg_045.wav,kLlHVBwxGGg,True,16000,1,3.0,-29.9782,-13.0188,0.3686,0.0,True,ok
data\interim\segmented\spasmodic_dysphonia\kLlHVBwxGGg_seg_046.wav,kLlHVBwxGGg_seg_046.wav,kLlHVBwxGGg,True,16000,1,3.0,-23.0029,-8.1073,0.1735,0.0,True,ok
data\interim\segmented\spasmodic_dysphonia\kLlHVBwxGGg_seg_047.wav,kLlHVBwxGGg_seg_047.wav,kLlHVBwxGGg,True,16000,1,3.0,-28.4335,-13.6117,0.3435,0.0,True,ok
data\interim\segmented\spasmodic_dysphonia\kLlHVBwxGGg_seg_048.wav,kLlHVBwxGGg_seg_048.wav,kLlHVBwxGGg,True,16000,1,3.0,-25.0717,-10.6708,0.2743,0.0,True,ok
data\interim\segmented\spasmodic_dysphonia\kLlHVBwxGGg_seg_049.wav,kLlHVBwxGGg_seg_049.wav,kLlHVBwxGGg,True,16000,1,3.0,-23.9147,-6.4984,0.4245,0.0,True,ok
data\interim\segmented\spasmodic_dysphonia\kLlHVBwxGGg_seg_050.wav,kLlHVBwxGGg_seg_050.wav,kLlHVBwxGGg,True,16000,1,3.0,-26.1736,-10.1745,0.3264,0.0,True,ok
data\interim\segmented\spasmodic_dysphonia\kLlHVBwxGGg_seg_051.wav,kLlHVBwxGGg_seg_051.wav,kLlHVBwxGGg,True,16000,1,3.0,-25.3994,-10.3963,0.1563,0.0,True,ok
data\interim\segmented\spasmodic_dysphonia\kLlHVBwxGGg_seg_052.wav,kLlHVBwxGGg_seg_052.wav,kLlHVBwxGGg,True,16000,1,3.0,-26.5474,-7.3759,0.4513,0.0,True,ok
data\interim\segmented\spasmodic_dysphonia\kLlHVBwxGGg_seg_053.wav,kLlHVBwxGGg_seg_053.wav,kLlHVBwxGGg,True,16000,1,3.0,-23.8808,-6.4576,0.3929,0.0,True,ok
data\interim\segmented\spasmodic_dysphonia\kLlHVBwxGGg_seg_054.wav,kLlHVBwxGGg_seg_054.wav,kLlHVBwxGGg,True,16000,1,3.0,-23.5093,-8.314,0.2181,0.0,True,ok
data\interim\segmented\spasmodic_dysphonia\kLlHVBwxGGg_seg_055.wav,kLlHVBwxGGg_seg_055.wav,kLlHVBwxGGg,True,16000,1,3.0,-26.0656,-8.9053,0.3327,0.0,True,ok
data\interim\segmented\spasmodic_dysphonia\kLlHVBwxGGg_seg_056.wav,kLlHVBwxGGg_seg_056.wav,kLlHVBwxGGg,True,16000,1,3.0,-22.9886,-6.4621,0.224,0.0,True,ok
data\interim\segmented\spasmodic_dysphonia\kLlHVBwxGGg_seg_057.wav,kLlHVBwxGGg_seg_057.wav,kLlHVBwxGGg,True,16000,1,3.0,-28.0917,-10.6853,0.4291,0.0,True,ok
data\interim\segmented\spasmodic_dysphonia\kLlHVBwxGGg_seg_058.wav,kLlHVBwxGGg_seg_058.wav,kLlHVBwxGGg,True,16000,1,3.0,-29.8597,-12.4471,0.4397,0.0,True,ok
data\interim\segmented\spasmodic_dysphonia\kLlHVBwxGGg_seg_059.wav,kLlHVBwxGGg_seg_059.wav,kLlHVBwxGGg,True,16000,1,3.0,-24.9177,-7.1297,0.2963,0.0,True,ok
data\interim\segmented\spasmodic_dysphonia\kLlHVBwxGGg_seg_060.wav,kLlHVBwxGGg_seg_060.wav,kLlHVBwxGGg,True,16000,1,3.0,-27.671,-9.8538,0.4729,0.0,True,ok
data\interim\segmented\spasmodic_dysphonia\kLlHVBwxGGg_seg_061.wav,kLlHVBwxGGg_seg_061.wav,kLlHVBwxGGg,True,16000,1,3.0,-25.4883,-5.8901,0.325,0.0,True,ok
data\interim\segmented\spasmodic_dysphonia\kLlHVBwxGGg_seg_062.wav,kLlHVBwxGGg_seg_062.wav,kLlHVBwxGGg,True,16000,1,3.0,-27.6217,-8.8736,0.3272,0.0,True,ok
data\interim\segmented\spasmodic_dysphonia\kLlHVBwxGGg_seg_063.wav,kLlHVBwxGGg_seg_063.wav,kLlHVBwxGGg,True,16000,1,3.0,-28.3812,-9.3799,0.3513,0.0,True,ok
data\interim\segmented\spasmodic_dysphonia\kLlHVBwxGGg_seg_064.wav,kLlHVBwxGGg_seg_064.wav,kLlHVBwxGGg,True,16000,1,3.0,-26.8806,-11.7033,0.2392,0.0,True,ok
data\interim\segmented\spasmodic_dysphonia\kLlHVBwxGGg_seg_065.wav,kLlHVBwxGGg_seg_065.wav,kLlHVBwxGGg,True,16000,1,3.0,-24.8069,-7.0942,0.465,0.0,True,ok
data\interim\segmented\spasmodic_dysphonia\kLlHVBwxGGg_seg_066.wav,kLlHVBwxGGg_seg_066.wav,kLlHVBwxGGg,True,16000,1,3.0,-25.7452,-11.9484,0.19,0.0,True,ok
data\interim\segmented\spasmodic_dysphonia\kLlHVBwxGGg_seg_067.wav,kLlHVBwxGGg_seg_067.wav,kLlHVBwxGGg,True,16000,1,3.0,-25.7964,-12.7294,0.2652,0.0,True,ok
data\interim\segmented\spasmodic_dysphonia\kLlHVBwxGGg_seg_068.wav,kLlHVBwxGGg_seg_068.wav,kLlHVBwxGGg,True,16000,1,3.0,-28.6045,-12.817,0.3769,0.0,True,ok
data\interim\segmented\spasmodic_dysphonia\kLlHVBwxGGg_seg_069.wav,kLlHVBwxGGg_seg_069.wav,kLlHVBwxGGg,True,16000,1,3.0,-25.3495,-9.4985,0.4295,0.0,True,ok
data\interim\segmented\spasmodic_dysphonia\kLlHVBwxGGg_seg_070.wav,kLlHVBwxGGg_seg_070.wav,kLlHVBwxGGg,True,16000,1,3.0,-25.4242,-7.9788,0.2542,0.0,True,ok
data\interim\segmented\spasmodic_dysphonia\kLlHVBwxGGg_seg_071.wav,kLlHVBwxGGg_seg_071.wav,kLlHVBwxGGg,True,16000,1,3.0,-28.1421,-8.9408,0.3472,0.0,True,ok
data\interim\segmented\spasmodic_dysphonia\kLlHVBwxGGg_seg_072.wav,kLlHVBwxGGg_seg_072.wav,kLlHVBwxGGg,True,16000,1,3.0,-27.2635,-10.0844,0.4165,0.0,True,ok
data\interim\segmented\spasmodic_dysphonia\kLlHVBwxGGg_seg_073.wav,kLlHVBwxGGg_seg_073.wav,kLlHVBwxGGg,True,16000,1,3.0,-29.5146,-15.7435,0.2582,0.0,True,ok
data\interim\segmented\spasmodic_dysphonia\kLlHVBwxGGg_seg_074.wav,kLlHVBwxGGg_seg_074.wav,kLlHVBwxGGg,True,16000,1,3.0,-25.4983,-10.0346,0.2669,0.0,True,ok
data\interim\segmented\spasmodic_dysphonia\kLlHVBwxGGg_seg_075.wav,kLlHVBwxGGg_seg_075.wav,kLlHVBwxGGg,True,16000,1,3.0,-26.5902,-11.9484,0.2476,0.0,True,ok
data\interim\segmented\spasmodic_dysphonia\kLlHVBwxGGg_seg_076.wav,kLlHVBwxGGg_seg_076.wav,kLlHVBwxGGg,True,16000,1,3.0,-23.9625,-8.6511,0.434,0.0,True,ok
data\interim\segmented\spasmodic_dysphonia\kLlHVBwxGGg_seg_077.wav,kLlHVBwxGGg_seg_077.wav,kLlHVBwxGGg,True,16000,1,3.0,-26.9664,-9.9026,0.2543,0.0,True,ok
data\interim\segmented\spasmodic_dysphonia\kLlHVBwxGGg_seg_078.wav,kLlHVBwxGGg_seg_078.wav,kLlHVBwxGGg,True,16000,1,3.0,-27.6309,-12.4271,0.2989,0.0,True,ok
data\interim\segmented\spasmodic_dysphonia\kLlHVBwxGGg_seg_079.wav,kLlHVBwxGGg_seg_079.wav,kLlHVBwxGGg,True,16000,1,3.0,-27.6462,-11.7257,0.3648,0.0,True,ok
data\interim\segmented\spasmodic_dysphonia\kLlHVBwxGGg_seg_080.wav,kLlHVBwxGGg_seg_080.wav,kLlHVBwxGGg,True,16000,1,3.0,-26.6093,-12.4205,0.2633,0.0,True,ok
data\interim\segmented\spasmodic_dysphonia\kLlHVBwxGGg_seg_081.wav,kLlHVBwxGGg_seg_081.wav,kLlHVBwxGGg,True,16000,1,3.0,-24.8177,-9.5852,0.2417,0.0,True,ok
data\interim\segmented\spasmodic_dysphonia\kLlHVBwxGGg_seg_082.wav,kLlHVBwxGGg_seg_082.wav,kLlHVBwxGGg,True,16000,1,3.0,-29.2412,-14.1326,0.4816,0.0,True,ok
data\interim\segmented\spasmodic_dysphonia\kLlHVBwxGGg_seg_083.wav,kLlHVBwxGGg_seg_083.wav,kLlHVBwxGGg,True,16000,1,3.0,-27.0576,-11.3437,0.4072,0.0,True,ok
data\interim\segmented\spasmodic_dysphonia\kLlHVBwxGGg_seg_084.wav,kLlHVBwxGGg_seg_084.wav,kLlHVBwxGGg,True,16000,1,3.0,-25.6261,-7.5676,0.3684,0.0,True,ok
data\interim\segmented\spasmodic_dysphonia\kLlHVBwxGGg_seg_085.wav,kLlHVBwxGGg_seg_085.wav,kLlHVBwxGGg,True,16000,1,3.0,-25.0681,-6.7237,0.2462,0.0,True,ok
data\interim\segmented\spasmodic_dysphonia\kLlHVBwxGGg_seg_086.wav,kLlHVBwxGGg_seg_086.wav,kLlHVBwxGGg,True,16000,1,3.0,-26.2981,-12.2277,0.3393,0.0,True,ok
data\interim\segmented\spasmodic_dysphonia\kLlHVBwxGGg_seg_087.wav,kLlHVBwxGGg_seg_087.wav,kLlHVBwxGGg,True,16000,1,3.0,-24.946,-7.289,0.2578,0.0,True,ok
data\interim\segmented\spasmodic_dysphonia\kLlHVBwxGGg_seg_088.wav,kLlHVBwxGGg_seg_088.wav,kLlHVBwxGGg,True,16000,1,3.0,-24.4131,-9.2121,0.3183,0.0,True,ok
data\interim\segmented\spasmodic_dysphonia\kLlHVBwxGGg_seg_089.wav,kLlHVBwxGGg_seg_089.wav,kLlHVBwxGGg,True,16000,1,3.0,-26.1439,-12.1996,0.2465,0.0,True,ok
data\interim\segmented\spasmodic_dysphonia\kLlHVBwxGGg_seg_090.wav,kLlHVBwxGGg_seg_090.wav,kLlHVBwxGGg,True,16000,1,3.0,-26.4176,-11.8784,0.2501,0.0,True,ok
data\interim\segmented\spasmodic_dysphonia\kLlHVBwxGGg_seg_091.wav,kLlHVBwxGGg_seg_091.wav,kLlHVBwxGGg,True,16000,1,3.0,-25.0384,-8.6239,0.299,0.0,True,ok
data\interim\segmented\spasmodic_dysphonia\kLlHVBwxGGg_seg_092.wav,kLlHVBwxGGg_seg_092.wav,kLlHVBwxGGg,True,16000,1,3.0,-23.5937,-7.8883,0.1393,0.0,True,ok
data\interim\segmented\spasmodic_dysphonia\kLlHVBwxGGg_seg_093.wav,kLlHVBwxGGg_seg_093.wav,kLlHVBwxGGg,True,16000,1,3.0,-26.6855,-9.2091,0.3755,0.0,True,ok
data\interim\segmented\spasmodic_dysphonia\kLlHVBwxGGg_seg_094.wav,kLlHVBwxGGg_seg_094.wav,kLlHVBwxGGg,True,16000,1,3.0,-26.9458,-12.3939,0.3159,0.0,True,ok
data\interim\segmented\spasmodic_dysphonia\kLlHVBwxGGg_seg_095.wav,kLlHVBwxGGg_seg_095.wav,kLlHVBwxGGg,True,16000,1,3.0,-24.868,-9.0101,0.2975,0.0,True,ok
data\interim\segmented\spasmodic_dysphonia\kLlHVBwxGGg_seg_096.wav,kLlHVBwxGGg_seg_096.wav,kLlHVBwxGGg,True,16000,1,3.0,-24.7608,-9.853,0.2175,0.0,True,ok
data\interim\segmented\spasmodic_dysphonia\kLlHVBwxGGg_seg_097.wav,kLlHVBwxGGg_seg_097.wav,kLlHVBwxGGg,True,16000,1,3.0,-25.6591,-7.3672,0.4563,0.0,True,ok
data\interim\segmented\spasmodic_dysphonia\kLlHVBwxGGg_seg_098.wav,kLlHVBwxGGg_seg_098.wav,kLlHVBwxGGg,True,16000,1,3.0,-24.4823,-9.4906,0.2777,0.0,True,ok
data\interim\segmented\spasmodic_dysphonia\kLlHVBwxGGg_seg_099.wav,kLlHVBwxGGg_seg_099.wav,kLlHVBwxGGg,True,16000,1,3.0,-27.051,-10.2838,0.3123,0.0,True,ok
data\interim\segmented\spasmodic_dysphonia\kLlHVBwxGGg_seg_100.wav,kLlHVBwxGGg_seg_100.wav,kLlHVBwxGGg,True,16000,1,3.0,-22.3675,-5.5005,0.3723,0.0,True,ok
data\interim\segmented\spasmodic_dysphonia\kLlHVBwxGGg_seg_101.wav,kLlHVBwxGGg_seg_101.wav,kLlHVBwxGGg,True,16000,1,3.0,-26.9704,-10.6844,0.2268,0.0,True,ok
data\interim\segmented\spasmodic_dysphonia\kLlHVBwxGGg_seg_102.wav,kLlHVBwxGGg_seg_102.wav,kLlHVBwxGGg,True,16000,1,3.0,-26.8759,-11.611,0.4969,0.0,True,ok
data\interim\segmented\spasmodic_dysphonia\kLlHVBwxGGg_seg_103.wav,kLlHVBwxGGg_seg_103.wav,kLlHVBwxGGg,True,16000,1,3.0,-23.4025,-6.6089,0.2709,0.0,True,ok
data\interim\segmented\spasmodic_dysphonia\kLlHVBwxGGg_seg_104.wav,kLlHVBwxGGg_seg_104.wav,kLlHVBwxGGg,True,16000,1,3.0,-28.0001,-11.5496,0.429,0.0,True,ok
data\interim\segmented\spasmodic_dysphonia\kLlHVBwxGGg_seg_105.wav,kLlHVBwxGGg_seg_105.wav,kLlHVBwxGGg,True,16000,1,3.0,-25.5523,-6.7295,0.488,0.0,True,ok
data\interim\segmented\spasmodic_dysphonia\kLlHVBwxGGg_seg_106.wav,kLlHVBwxGGg_seg_106.wav,kLlHVBwxGGg,True,16000,1,3.0,-26.6179,-11.3212,0.2827,0.0,True,ok
data\interim\segmented\spasmodic_dysphonia\kLlHVBwxGGg_seg_107.wav,kLlHVBwxGGg_seg_107.wav,kLlHVBwxGGg,True,16000,1,3.0,-24.6796,-8.449,0.1447,0.0,True,ok
data\interim\segmented\spasmodic_dysphonia\kLlHVBwxGGg_seg_108.wav,kLlHVBwxGGg_seg_108.wav,kLlHVBwxGGg,True,16000,1,3.0,-29.6238,-13.1383,0.4648,0.0,True,ok
data\interim\segmented\spasmodic_dysphonia\kLlHVBwxGGg_seg_109.wav,kLlHVBwxGGg_seg_109.wav,kLlHVBwxGGg,True,16000,1,3.0,-29.9155,-11.2735,0.263,0.0,True,ok
data\interim\segmented\spasmodic_dysphonia\kLlHVBwxGGg_seg_110.wav,kLlHVBwxGGg_seg_110.wav,kLlHVBwxGGg,True,16000,1,3.0,-36.3377,-23.3976,0.2159,0.0,True,ok
data\interim\segmented\spasmodic_dysphonia\kLlHVBwxGGg_seg_111.wav,kLlHVBwxGGg_seg_111.wav,kLlHVBwxGGg,True,16000,1,3.0,-36.3351,-23.223,0.209,0.0,True,ok
data\interim\segmented\spasmodic_dysphonia\kLlHVBwxGGg_seg_112.wav,kLlHVBwxGGg_seg_112.wav,kLlHVBwxGGg,True,16000,1,2.031,-37.2196,-26.4021,0.2215,0.0,True,ok
data\interim\segmented\spasmodic_dysphonia\Kxm-QspPf28_seg_000.wav,Kxm-QspPf28_seg_000.wav,Kxm-QspPf28,True,16000,1,3.0,-28.2865,-10.1763,0.255,0.0,True,ok
data\interim\segmented\spasmodic_dysphonia\Kxm-QspPf28_seg_001.wav,Kxm-QspPf28_seg_001.wav,Kxm-QspPf28,True,16000,1,3.0,-28.8221,-13.5257,0.1972,0.0,True,ok
data\interim\segmented\spasmodic_dysphonia\Kxm-QspPf28_seg_002.wav,Kxm-QspPf28_seg_002.wav,Kxm-QspPf28,True,16000,1,3.0,-26.7892,-11.1645,0.1826,0.0,True,ok
data\interim\segmented\spasmodic_dysphonia\Kxm-QspPf28_seg_003.wav,Kxm-QspPf28_seg_003.wav,Kxm-QspPf28,True,16000,1,3.0,-30.486,-11.2386,0.2234,0.0,True,ok
data\interim\segmented\spasmodic_dysphonia\Kxm-QspPf28_seg_004.wav,Kxm-QspPf28_seg_004.wav,Kxm-QspPf28,True,16000,1,3.0,-29.2485,-15.4466,0.205,0.0,True,ok
data\interim\segmented\spasmodic_dysphonia\Kxm-QspPf28_seg_005.wav,Kxm-QspPf28_seg_005.wav,Kxm-QspPf28,True,16000,1,3.0,-27.4573,-14.0775,0.1606,0.0,True,ok
data\interim\segmented\spasmodic_dysphonia\Kxm-QspPf28_seg_006.wav,Kxm-QspPf28_seg_006.wav,Kxm-QspPf28,True,16000,1,3.0,-29.364,-13.9855,0.199,0.0,True,ok
data\interim\segmented\spasmodic_dysphonia\Kxm-QspPf28_seg_007.wav,Kxm-QspPf28_seg_007.wav,Kxm-QspPf28,True,16000,1,3.0,-32.059,-16.6139,0.2271,0.0,True,ok
data\interim\segmented\spasmodic_dysphonia\Kxm-QspPf28_seg_008.wav,Kxm-QspPf28_seg_008.wav,Kxm-QspPf28,True,16000,1,3.0,-29.6134,-17.1202,0.2263,0.0,True,ok
data\interim\segmented\spasmodic_dysphonia\Kxm-QspPf28_seg_009.wav,Kxm-QspPf28_seg_009.wav,Kxm-QspPf28,True,16000,1,3.0,-30.8072,-14.5527,0.3306,0.0,True,ok
data\interim\segmented\spasmodic_dysphonia\Kxm-QspPf28_seg_010.wav,Kxm-QspPf28_seg_010.wav,Kxm-QspPf28,True,16000,1,3.0,-29.8631,-9.3045,0.3099,0.0,True,ok
data\interim\segmented\spasmodic_dysphonia\Kxm-QspPf28_seg_011.wav,Kxm-QspPf28_seg_011.wav,Kxm-QspPf28,True,16000,1,3.0,-29.7161,-10.5209,0.296,0.0,True,ok
data\interim\segmented\spasmodic_dysphonia\Kxm-QspPf28_seg_012.wav,Kxm-QspPf28_seg_012.wav,Kxm-QspPf28,True,16000,1,3.0,-29.7771,-11.2832,0.3331,0.0,True,ok
data\interim\segmented\spasmodic_dysphonia\Kxm-QspPf28_seg_013.wav,Kxm-QspPf28_seg_013.wav,Kxm-QspPf28,True,16000,1,3.0,-29.9233,-11.038,0.4616,0.0,True,ok
data\interim\segmented\spasmodic_dysphonia\Kxm-QspPf28_seg_014.wav,Kxm-QspPf28_seg_014.wav,Kxm-QspPf28,True,16000,1,3.0,-29.931,-11.3329,0.4103,0.0,True,ok
data\interim\segmented\spasmodic_dysphonia\Kxm-QspPf28_seg_015.wav,Kxm-QspPf28_seg_015.wav,Kxm-QspPf28,True,16000,1,3.0,-29.2345,-11.962,0.3987,0.0,True,ok
data\interim\segmented\spasmodic_dysphonia\Kxm-QspPf28_seg_016.wav,Kxm-QspPf28_seg_016.wav,Kxm-QspPf28,True,16000,1,3.0,-30.4164,-12.6199,0.4129,0.0,True,ok
data\interim\segmented\spasmodic_dysphonia\Kxm-QspPf28_seg_017.wav,Kxm-QspPf28_seg_017.wav,Kxm-QspPf28,True,16000,1,3.0,-32.6758,-13.1226,0.4309,0.0,True,ok
data\interim\segmented\spasmodic_dysphonia\Kxm-QspPf28_seg_018.wav,Kxm-QspPf28_seg_018.wav,Kxm-QspPf28,True,16000,1,3.0,-30.3984,-13.3071,0.348,0.0,True,ok
data\interim\segmented\spasmodic_dysphonia\Kxm-QspPf28_seg_019.wav,Kxm-QspPf28_seg_019.wav,Kxm-QspPf28,True,16000,1,3.0,-33.4441,-18.0639,0.3036,0.0,True,ok
data\interim\segmented\spasmodic_dysphonia\Kxm-QspPf28_seg_020.wav,Kxm-QspPf28_seg_020.wav,Kxm-QspPf28,True,16000,1,3.0,-31.9434,-14.3858,0.4168,0.0,True,ok
data\interim\segmented\spasmodic_dysphonia\Kxm-QspPf28_seg_021.wav,Kxm-QspPf28_seg_021.wav,Kxm-QspPf28,True,16000,1,3.0,-29.0,-11.8618,0.2905,0.0,True,ok
data\interim\segmented\spasmodic_dysphonia\Kxm-QspPf28_seg_022.wav,Kxm-QspPf28_seg_022.wav,Kxm-QspPf28,True,16000,1,3.0,-29.368,-13.0164,0.2531,0.0,True,ok
data\interim\segmented\spasmodic_dysphonia\Kxm-QspPf28_seg_023.wav,Kxm-QspPf28_seg_023.wav,Kxm-QspPf28,True,16000,1,3.0,-30.8,-15.7565,0.3459,0.0,True,ok
data\interim\segmented\spasmodic_dysphonia\Kxm-QspPf28_seg_024.wav,Kxm-QspPf28_seg_024.wav,Kxm-QspPf28,True,16000,1,3.0,-29.8275,-14.2262,0.3231,0.0,True,ok
data\interim\segmented\spasmodic_dysphonia\Kxm-QspPf28_seg_025.wav,Kxm-QspPf28_seg_025.wav,Kxm-QspPf28,True,16000,1,3.0,-27.2395,-0.0676,0.4255,0.0,True,ok
data\interim\segmented\spasmodic_dysphonia\Kxm-QspPf28_seg_026.wav,Kxm-QspPf28_seg_026.wav,Kxm-QspPf28,True,16000,1,3.0,-26.5427,-13.7178,0.1828,0.0,True,ok
data\interim\segmented\spasmodic_dysphonia\Kxm-QspPf28_seg_027.wav,Kxm-QspPf28_seg_027.wav,Kxm-QspPf28,True,16000,1,3.0,-29.4076,-9.0251,0.2607,0.0,True,ok
data\interim\segmented\spasmodic_dysphonia\Kxm-QspPf28_seg_028.wav,Kxm-QspPf28_seg_028.wav,Kxm-QspPf28,True,16000,1,3.0,-31.2601,-13.0354,0.3268,0.0,True,ok
data\interim\segmented\spasmodic_dysphonia\Kxm-QspPf28_seg_029.wav,Kxm-QspPf28_seg_029.wav,Kxm-QspPf28,True,16000,1,3.0,-30.4095,-12.6836,0.3715,0.0,True,ok
data\interim\segmented\spasmodic_dysphonia\Kxm-QspPf28_seg_030.wav,Kxm-QspPf28_seg_030.wav,Kxm-QspPf28,True,16000,1,3.0,-29.4048,-8.9855,0.214,0.0,True,ok
data\interim\segmented\spasmodic_dysphonia\Kxm-QspPf28_seg_031.wav,Kxm-QspPf28_seg_031.wav,Kxm-QspPf28,True,16000,1,3.0,-32.3604,-11.1588,0.336,0.0,True,ok
data\interim\segmented\spasmodic_dysphonia\Kxm-QspPf28_seg_032.wav,Kxm-QspPf28_seg_032.wav,Kxm-QspPf28,True,16000,1,3.0,-29.493,-12.6199,0.3719,0.0,True,ok
data\interim\segmented\spasmodic_dysphonia\Kxm-QspPf28_seg_033.wav,Kxm-QspPf28_seg_033.wav,Kxm-QspPf28,True,16000,1,3.0,-28.628,-13.2716,0.1987,0.0,True,ok
data\interim\segmented\spasmodic_dysphonia\Kxm-QspPf28_seg_034.wav,Kxm-QspPf28_seg_034.wav,Kxm-QspPf28,True,16000,1,3.0,-32.7553,-14.3222,0.2695,0.0,True,ok
data\interim\segmented\spasmodic_dysphonia\Kxm-QspPf28_seg_035.wav,Kxm-QspPf28_seg_035.wav,Kxm-QspPf28,True,16000,1,3.0,-27.8637,-12.1436,0.1772,0.0,True,ok
data\interim\segmented\spasmodic_dysphonia\Kxm-QspPf28_seg_036.wav,Kxm-QspPf28_seg_036.wav,Kxm-QspPf28,True,16000,1,3.0,-28.2549,-11.9978,0.2024,0.0,True,ok
data\interim\segmented\spasmodic_dysphonia\Kxm-QspPf28_seg_037.wav,Kxm-QspPf28_seg_037.wav,Kxm-QspPf28,True,16000,1,3.0,-30.4055,-11.619,0.2551,0.0,True,ok
data\interim\segmented\spasmodic_dysphonia\Kxm-QspPf28_seg_038.wav,Kxm-QspPf28_seg_038.wav,Kxm-QspPf28,True,16000,1,3.0,-26.7677,-12.5803,0.1527,0.0,True,ok
data\interim\segmented\spasmodic_dysphonia\Kxm-QspPf28_seg_039.wav,Kxm-QspPf28_seg_039.wav,Kxm-QspPf28,True,16000,1,3.0,-27.8291,-11.0172,0.2026,0.0,True,ok
data\interim\segmented\spasmodic_dysphonia\Kxm-QspPf28_seg_040.wav,Kxm-QspPf28_seg_040.wav,Kxm-QspPf28,True,16000,1,3.0,-28.308,-10.336,0.2156,0.0,True,ok
data\interim\segmented\spasmodic_dysphonia\Kxm-QspPf28_seg_041.wav,Kxm-QspPf28_seg_041.wav,Kxm-QspPf28,True,16000,1,3.0,-27.0355,-6.4382,0.3558,0.0,True,ok
data\interim\segmented\spasmodic_dysphonia\Kxm-QspPf28_seg_042.wav,Kxm-QspPf28_seg_042.wav,Kxm-QspPf28,True,16000,1,3.0,-31.9875,-9.2167,0.514,0.0,True,ok
data\interim\segmented\spasmodic_dysphonia\Kxm-QspPf28_seg_043.wav,Kxm-QspPf28_seg_043.wav,Kxm-QspPf28,True,16000,1,3.0,-30.0867,-10.6284,0.4419,0.0,True,ok
data\interim\segmented\spasmodic_dysphonia\Kxm-QspPf28_seg_044.wav,Kxm-QspPf28_seg_044.wav,Kxm-QspPf28,True,16000,1,3.0,-30.7919,-14.27,0.453,0.0,True,ok
data\interim\segmented\spasmodic_dysphonia\Kxm-QspPf28_seg_045.wav,Kxm-QspPf28_seg_045.wav,Kxm-QspPf28,True,16000,1,3.0,-34.4856,-15.3919,0.507,0.0,True,ok
data\interim\segmented\spasmodic_dysphonia\Kxm-QspPf28_seg_046.wav,Kxm-QspPf28_seg_046.wav,Kxm-QspPf28,True,16000,1,3.0,-30.9274,-15.6982,0.3104,0.0,True,ok
data\interim\segmented\spasmodic_dysphonia\Kxm-QspPf28_seg_047.wav,Kxm-QspPf28_seg_047.wav,Kxm-QspPf28,True,16000,1,3.0,-30.2745,-15.8104,0.3419,0.0,True,ok
data\interim\segmented\spasmodic_dysphonia\Kxm-QspPf28_seg_048.wav,Kxm-QspPf28_seg_048.wav,Kxm-QspPf28,True,16000,1,3.0,-39.728,-18.8076,0.694,0.0,True,ok
data\interim\segmented\spasmodic_dysphonia\Kxm-QspPf28_seg_049.wav,Kxm-QspPf28_seg_049.wav,Kxm-QspPf28,True,16000,1,3.0,-26.4616,-8.0804,0.2115,0.0,True,ok
data\interim\segmented\spasmodic_dysphonia\Kxm-QspPf28_seg_050.wav,Kxm-QspPf28_seg_050.wav,Kxm-QspPf28,True,16000,1,3.0,-28.546,-12.3126,0.2829,0.0,True,ok
data\interim\segmented\spasmodic_dysphonia\Kxm-QspPf28_seg_051.wav,Kxm-QspPf28_seg_051.wav,Kxm-QspPf28,True,16000,1,3.0,-26.2243,-12.1952,0.2182,0.0,True,ok
data\interim\segmented\spasmodic_dysphonia\Kxm-QspPf28_seg_052.wav,Kxm-QspPf28_seg_052.wav,Kxm-QspPf28,True,16000,1,3.0,-27.6749,-12.7927,0.2546,0.0,True,ok
data\interim\segmented\spasmodic_dysphonia\Kxm-QspPf28_seg_053.wav,Kxm-QspPf28_seg_053.wav,Kxm-QspPf28,True,16000,1,3.0,-30.8396,-16.4169,0.3268,0.0,True,ok
data\interim\segmented\spasmodic_dysphonia\Kxm-QspPf28_seg_054.wav,Kxm-QspPf28_seg_054.wav,Kxm-QspPf28,True,16000,1,3.0,-27.5668,-12.0105,0.2398,0.0,True,ok
data\interim\segmented\spasmodic_dysphonia\Kxm-QspPf28_seg_055.wav,Kxm-QspPf28_seg_055.wav,Kxm-QspPf28,True,16000,1,3.0,-29.4803,-14.161,0.2524,0.0,True,ok
data\interim\segmented\spasmodic_dysphonia\Kxm-QspPf28_seg_056.wav,Kxm-QspPf28_seg_056.wav,Kxm-QspPf28,True,16000,1,3.0,-28.7068,-12.5803,0.226,0.0,True,ok
data\interim\segmented\spasmodic_dysphonia\Kxm-QspPf28_seg_057.wav,Kxm-QspPf28_seg_057.wav,Kxm-QspPf28,True,16000,1,3.0,-32.2281,-14.9155,0.4208,0.0,True,ok
data\interim\segmented\spasmodic_dysphonia\Kxm-QspPf28_seg_058.wav,Kxm-QspPf28_seg_058.wav,Kxm-QspPf28,True,16000,1,3.0,-33.4997,-15.2236,0.3315,0.0,True,ok
data\interim\segmented\spasmodic_dysphonia\Kxm-QspPf28_seg_059.wav,Kxm-QspPf28_seg_059.wav,Kxm-QspPf28,True,16000,1,3.0,-32.0372,-13.4781,0.346,0.0,True,ok
data\interim\segmented\spasmodic_dysphonia\Kxm-QspPf28_seg_060.wav,Kxm-QspPf28_seg_060.wav,Kxm-QspPf28,True,16000,1,3.0,-31.5096,-13.7397,0.346,0.0,True,ok
data\interim\segmented\spasmodic_dysphonia\Kxm-QspPf28_seg_061.wav,Kxm-QspPf28_seg_061.wav,Kxm-QspPf28,True,16000,1,3.0,-32.3018,-14.6124,0.2982,0.0,True,ok
data\interim\segmented\spasmodic_dysphonia\Kxm-QspPf28_seg_062.wav,Kxm-QspPf28_seg_062.wav,Kxm-QspPf28,True,16000,1,3.0,-27.2765,-12.9396,0.1822,0.0,True,ok
data\interim\segmented\spasmodic_dysphonia\Kxm-QspPf28_seg_063.wav,Kxm-QspPf28_seg_063.wav,Kxm-QspPf28,True,16000,1,3.0,-30.0172,-13.7681,0.3224,0.0,True,ok
data\interim\segmented\spasmodic_dysphonia\Kxm-QspPf28_seg_064.wav,Kxm-QspPf28_seg_064.wav,Kxm-QspPf28,True,16000,1,3.0,-30.8447,-16.6409,0.275,0.0,True,ok
data\interim\segmented\spasmodic_dysphonia\Kxm-QspPf28_seg_065.wav,Kxm-QspPf28_seg_065.wav,Kxm-QspPf28,True,16000,1,3.0,-29.6857,-11.8919,0.3649,0.0,True,ok
data\interim\segmented\spasmodic_dysphonia\Kxm-QspPf28_seg_066.wav,Kxm-QspPf28_seg_066.wav,Kxm-QspPf28,True,16000,1,3.0,-31.6575,-16.1338,0.3412,0.0,True,ok
data\interim\segmented\spasmodic_dysphonia\Kxm-QspPf28_seg_067.wav,Kxm-QspPf28_seg_067.wav,Kxm-QspPf28,True,16000,1,3.0,-31.5947,-17.9209,0.3043,0.0,True,ok
data\interim\segmented\spasmodic_dysphonia\Kxm-QspPf28_seg_068.wav,Kxm-QspPf28_seg_068.wav,Kxm-QspPf28,True,16000,1,3.0,-32.8018,-18.9544,0.2433,0.0,True,ok
data\interim\segmented\spasmodic_dysphonia\Kxm-QspPf28_seg_069.wav,Kxm-QspPf28_seg_069.wav,Kxm-QspPf28,True,16000,1,3.0,-36.2655,-15.9523,0.5631,0.0,True,ok
data\interim\segmented\spasmodic_dysphonia\Kxm-QspPf28_seg_070.wav,Kxm-QspPf28_seg_070.wav,Kxm-QspPf28,True,16000,1,3.0,-27.392,-11.4619,0.18,0.0,True,ok
data\interim\segmented\spasmodic_dysphonia\Kxm-QspPf28_seg_071.wav,Kxm-QspPf28_seg_071.wav,Kxm-QspPf28,True,16000,1,3.0,-28.4692,-15.2297,0.3067,0.0,True,ok
data\interim\segmented\spasmodic_dysphonia\Kxm-QspPf28_seg_072.wav,Kxm-QspPf28_seg_072.wav,Kxm-QspPf28,True,16000,1,3.0,-28.2685,-11.5627,0.2356,0.0,True,ok
data\interim\segmented\spasmodic_dysphonia\Kxm-QspPf28_seg_073.wav,Kxm-QspPf28_seg_073.wav,Kxm-QspPf28,True,16000,1,3.0,-30.3417,-16.9171,0.3123,0.0,True,ok
data\interim\segmented\spasmodic_dysphonia\Kxm-QspPf28_seg_074.wav,Kxm-QspPf28_seg_074.wav,Kxm-QspPf28,True,16000,1,3.0,-28.0344,-11.7791,0.2634,0.0,True,ok
data\interim\segmented\spasmodic_dysphonia\Kxm-QspPf28_seg_075.wav,Kxm-QspPf28_seg_075.wav,Kxm-QspPf28,True,16000,1,3.0,-25.5434,-7.9318,0.3129,0.0,True,ok
data\interim\segmented\spasmodic_dysphonia\Kxm-QspPf28_seg_076.wav,Kxm-QspPf28_seg_076.wav,Kxm-QspPf28,True,16000,1,3.0,-27.2157,-8.6633,0.2511,0.0,True,ok
data\interim\segmented\spasmodic_dysphonia\Kxm-QspPf28_seg_077.wav,Kxm-QspPf28_seg_077.wav,Kxm-QspPf28,True,16000,1,3.0,-28.51,-7.5467,0.387,0.0,True,ok
data\interim\segmented\spasmodic_dysphonia\Kxm-QspPf28_seg_078.wav,Kxm-QspPf28_seg_078.wav,Kxm-QspPf28,True,16000,1,3.0,-25.624,-10.8603,0.1721,0.0,True,ok
data\interim\segmented\spasmodic_dysphonia\Kxm-QspPf28_seg_079.wav,Kxm-QspPf28_seg_079.wav,Kxm-QspPf28,True,16000,1,3.0,-29.6276,-14.5005,0.2191,0.0,True,ok
data\interim\segmented\spasmodic_dysphonia\Kxm-QspPf28_seg_080.wav,Kxm-QspPf28_seg_080.wav,Kxm-QspPf28,True,16000,1,3.0,-28.25,-12.1801,0.1782,0.0,True,ok
data\interim\segmented\spasmodic_dysphonia\Kxm-QspPf28_seg_081.wav,Kxm-QspPf28_seg_081.wav,Kxm-QspPf28,True,16000,1,3.0,-31.7658,-13.1539,0.2601,0.0,True,ok
data\interim\segmented\spasmodic_dysphonia\Kxm-QspPf28_seg_082.wav,Kxm-QspPf28_seg_082.wav,Kxm-QspPf28,True,16000,1,3.0,-26.5768,-8.9342,0.1747,0.0,True,ok
data\interim\segmented\spasmodic_dysphonia\Kxm-QspPf28_seg_083.wav,Kxm-QspPf28_seg_083.wav,Kxm-QspPf28,True,16000,1,3.0,-28.3385,-12.7524,0.204,0.0,True,ok
data\interim\segmented\spasmodic_dysphonia\Kxm-QspPf28_seg_084.wav,Kxm-QspPf28_seg_084.wav,Kxm-QspPf28,True,16000,1,3.0,-30.6194,-15.6066,0.2571,0.0,True,ok
data\interim\segmented\spasmodic_dysphonia\Kxm-QspPf28_seg_085.wav,Kxm-QspPf28_seg_085.wav,Kxm-QspPf28,True,16000,1,3.0,-27.8252,-13.2998,0.1998,0.0,True,ok
data\interim\segmented\spasmodic_dysphonia\Kxm-QspPf28_seg_086.wav,Kxm-QspPf28_seg_086.wav,Kxm-QspPf28,True,16000,1,3.0,-28.1968,-9.6615,0.1839,0.0,True,ok
data\interim\segmented\spasmodic_dysphonia\Kxm-QspPf28_seg_087.wav,Kxm-QspPf28_seg_087.wav,Kxm-QspPf28,True,16000,1,3.0,-28.4617,-11.1301,0.1857,0.0,True,ok
data\interim\segmented\spasmodic_dysphonia\Kxm-QspPf28_seg_088.wav,Kxm-QspPf28_seg_088.wav,Kxm-QspPf28,True,16000,1,3.0,-29.2757,-12.9173,0.2158,0.0,True,ok
data\interim\segmented\spasmodic_dysphonia\Kxm-QspPf28_seg_089.wav,Kxm-QspPf28_seg_089.wav,Kxm-QspPf28,True,16000,1,3.0,-31.0205,-16.0023,0.3127,0.0,True,ok
data\interim\segmented\spasmodic_dysphonia\Kxm-QspPf28_seg_090.wav,Kxm-QspPf28_seg_090.wav,Kxm-QspPf28,True,16000,1,3.0,-28.1555,-9.1869,0.4117,0.0,True,ok
data\interim\segmented\spasmodic_dysphonia\Kxm-QspPf28_seg_091.wav,Kxm-QspPf28_seg_091.wav,Kxm-QspPf28,True,16000,1,3.0,-28.2481,-5.492,0.3836,0.0,True,ok
data\interim\segmented\spasmodic_dysphonia\Kxm-QspPf28_seg_092.wav,Kxm-QspPf28_seg_092.wav,Kxm-QspPf28,True,16000,1,3.0,-34.3631,-11.153,0.6611,0.0,True,ok
data\interim\segmented\spasmodic_dysphonia\Kxm-QspPf28_seg_093.wav,Kxm-QspPf28_seg_093.wav,Kxm-QspPf28,True,16000,1,3.0,-27.8595,-10.3047,0.4018,0.0,True,ok
data\interim\segmented\spasmodic_dysphonia\Kxm-QspPf28_seg_094.wav,Kxm-QspPf28_seg_094.wav,Kxm-QspPf28,True,16000,1,3.0,-27.4269,-6.6055,0.4581,0.0,True,ok
data\interim\segmented\spasmodic_dysphonia\Kxm-QspPf28_seg_095.wav,Kxm-QspPf28_seg_095.wav,Kxm-QspPf28,True,16000,1,3.0,-29.9222,-11.9191,0.4197,0.0,True,ok
data\interim\segmented\spasmodic_dysphonia\Kxm-QspPf28_seg_096.wav,Kxm-QspPf28_seg_096.wav,Kxm-QspPf28,True,16000,1,3.0,-30.3407,-10.0455,0.5129,0.0,True,ok
data\interim\segmented\spasmodic_dysphonia\Kxm-QspPf28_seg_097.wav,Kxm-QspPf28_seg_097.wav,Kxm-QspPf28,True,16000,1,3.0,-27.9103,-9.2014,0.3884,0.0,True,ok
data\interim\segmented\spasmodic_dysphonia\Kxm-QspPf28_seg_098.wav,Kxm-QspPf28_seg_098.wav,Kxm-QspPf28,True,16000,1,3.0,-29.4496,-11.3417,0.2758,0.0,True,ok
data\interim\segmented\spasmodic_dysphonia\Kxm-QspPf28_seg_099.wav,Kxm-QspPf28_seg_099.wav,Kxm-QspPf28,True,16000,1,3.0,-32.2163,-13.4831,0.381,0.0,True,ok
data\interim\segmented\spasmodic_dysphonia\Kxm-QspPf28_seg_100.wav,Kxm-QspPf28_seg_100.wav,Kxm-QspPf28,True,16000,1,3.0,-35.4018,-18.2461,0.3937,0.0,True,ok
data\interim\segmented\spasmodic_dysphonia\Kxm-QspPf28_seg_101.wav,Kxm-QspPf28_seg_101.wav,Kxm-QspPf28,True,16000,1,3.0,-35.2139,-11.8244,0.5272,0.0,True,ok
data\interim\segmented\spasmodic_dysphonia\MLhE5_GcLbw_seg_000.wav,MLhE5_GcLbw_seg_000.wav,MLhE5_GcLbw,True,16000,1,3.0,-25.9188,-4.687,0.4237,0.0,True,ok
data\interim\segmented\spasmodic_dysphonia\MLhE5_GcLbw_seg_001.wav,MLhE5_GcLbw_seg_001.wav,MLhE5_GcLbw,True,16000,1,3.0,-27.2033,-6.8482,0.4843,0.0,True,ok
data\interim\segmented\spasmodic_dysphonia\MLhE5_GcLbw_seg_002.wav,MLhE5_GcLbw_seg_002.wav,MLhE5_GcLbw,True,16000,1,3.0,-27.1599,-5.7574,0.4324,0.0,True,ok
data\interim\segmented\spasmodic_dysphonia\MLhE5_GcLbw_seg_003.wav,MLhE5_GcLbw_seg_003.wav,MLhE5_GcLbw,True,16000,1,3.0,-24.6832,-5.2952,0.4337,0.0,True,ok
data\interim\segmented\spasmodic_dysphonia\MLhE5_GcLbw_seg_004.wav,MLhE5_GcLbw_seg_004.wav,MLhE5_GcLbw,True,16000,1,3.0,-32.4896,-13.3625,0.4206,0.0,True,ok
data\interim\segmented\spasmodic_dysphonia\MLhE5_GcLbw_seg_005.wav,MLhE5_GcLbw_seg_005.wav,MLhE5_GcLbw,True,16000,1,3.0,-29.6855,-9.512,0.3879,0.0,True,ok
data\interim\segmented\spasmodic_dysphonia\MLhE5_GcLbw_seg_006.wav,MLhE5_GcLbw_seg_006.wav,MLhE5_GcLbw,True,16000,1,3.0,-31.1623,-8.9661,0.3165,0.0,True,ok
data\interim\segmented\spasmodic_dysphonia\MLhE5_GcLbw_seg_007.wav,MLhE5_GcLbw_seg_007.wav,MLhE5_GcLbw,True,16000,1,3.0,-27.7567,-5.5521,0.3498,0.0,True,ok
data\interim\segmented\spasmodic_dysphonia\MLhE5_GcLbw_seg_008.wav,MLhE5_GcLbw_seg_008.wav,MLhE5_GcLbw,True,16000,1,3.0,-29.1793,-9.6269,0.3387,0.0,True,ok
data\interim\segmented\spasmodic_dysphonia\MLhE5_GcLbw_seg_009.wav,MLhE5_GcLbw_seg_009.wav,MLhE5_GcLbw,True,16000,1,3.0,-29.8053,-9.6004,0.3515,0.0,True,ok
data\interim\segmented\spasmodic_dysphonia\MLhE5_GcLbw_seg_010.wav,MLhE5_GcLbw_seg_010.wav,MLhE5_GcLbw,True,16000,1,3.0,-27.2811,-7.8261,0.3401,0.0,True,ok
data\interim\segmented\spasmodic_dysphonia\MLhE5_GcLbw_seg_011.wav,MLhE5_GcLbw_seg_011.wav,MLhE5_GcLbw,True,16000,1,3.0,-31.3136,-10.3246,0.428,0.0,True,ok
data\interim\segmented\spasmodic_dysphonia\MLhE5_GcLbw_seg_012.wav,MLhE5_GcLbw_seg_012.wav,MLhE5_GcLbw,True,16000,1,3.0,-28.8445,-10.9534,0.3643,0.0,True,ok
data\interim\segmented\spasmodic_dysphonia\MLhE5_GcLbw_seg_013.wav,MLhE5_GcLbw_seg_013.wav,MLhE5_GcLbw,True,16000,1,3.0,-35.2796,-13.3341,0.5412,0.0,True,ok
data\interim\segmented\spasmodic_dysphonia\MLhE5_GcLbw_seg_014.wav,MLhE5_GcLbw_seg_014.wav,MLhE5_GcLbw,True,16000,1,3.0,-29.8746,-9.6357,0.504,0.0,True,ok
data\interim\segmented\spasmodic_dysphonia\MLhE5_GcLbw_seg_015.wav,MLhE5_GcLbw_seg_015.wav,MLhE5_GcLbw,True,16000,1,3.0,-32.9948,-14.7547,0.501,0.0,True,ok
data\interim\segmented\spasmodic_dysphonia\MLhE5_GcLbw_seg_016.wav,MLhE5_GcLbw_seg_016.wav,MLhE5_GcLbw,True,16000,1,3.0,-28.8494,-5.644,0.4557,0.0,True,ok
data\interim\segmented\spasmodic_dysphonia\MLhE5_GcLbw_seg_017.wav,MLhE5_GcLbw_seg_017.wav,MLhE5_GcLbw,True,16000,1,3.0,-30.1825,-10.4685,0.5078,0.0,True,ok
data\interim\segmented\spasmodic_dysphonia\MLhE5_GcLbw_seg_018.wav,MLhE5_GcLbw_seg_018.wav,MLhE5_GcLbw,True,16000,1,1.846,-31.2466,-11.9862,0.5543,0.0,True,ok
data\interim\segmented\spasmodic_dysphonia\N0Sbo2g8iVs_seg_000.wav,N0Sbo2g8iVs_seg_000.wav,N0Sbo2g8iVs,True,16000,1,3.0,-27.9842,-11.3173,0.4632,0.0,True,ok
data\interim\segmented\spasmodic_dysphonia\N0Sbo2g8iVs_seg_001.wav,N0Sbo2g8iVs_seg_001.wav,N0Sbo2g8iVs,True,16000,1,3.0,-25.4219,-8.4539,0.2814,0.0,True,ok
data\interim\segmented\spasmodic_dysphonia\N0Sbo2g8iVs_seg_002.wav,N0Sbo2g8iVs_seg_002.wav,N0Sbo2g8iVs,True,16000,1,3.0,-27.4209,-10.7363,0.4355,0.0,True,ok
data\interim\segmented\spasmodic_dysphonia\N0Sbo2g8iVs_seg_003.wav,N0Sbo2g8iVs_seg_003.wav,N0Sbo2g8iVs,True,16000,1,3.0,-30.7726,-13.3909,0.3673,0.0,True,ok
data\interim\segmented\spasmodic_dysphonia\N0Sbo2g8iVs_seg_004.wav,N0Sbo2g8iVs_seg_004.wav,N0Sbo2g8iVs,True,16000,1,3.0,-31.1012,-12.4515,0.4348,0.0,True,ok
data\interim\segmented\spasmodic_dysphonia\N0Sbo2g8iVs_seg_005.wav,N0Sbo2g8iVs_seg_005.wav,N0Sbo2g8iVs,True,16000,1,3.0,-33.2128,-12.8275,0.6279,0.0,True,ok
data\interim\segmented\spasmodic_dysphonia\N0Sbo2g8iVs_seg_006.wav,N0Sbo2g8iVs_seg_006.wav,N0Sbo2g8iVs,True,16000,1,3.0,-27.5829,-10.4235,0.441,0.0,True,ok
data\interim\segmented\spasmodic_dysphonia\N0Sbo2g8iVs_seg_007.wav,N0Sbo2g8iVs_seg_007.wav,N0Sbo2g8iVs,True,16000,1,3.0,-28.3095,-10.178,0.44,0.0,True,ok
data\interim\segmented\spasmodic_dysphonia\N0Sbo2g8iVs_seg_008.wav,N0Sbo2g8iVs_seg_008.wav,N0Sbo2g8iVs,True,16000,1,3.0,-29.9935,-10.0523,0.6177,0.0,True,ok
data\interim\segmented\spasmodic_dysphonia\N0Sbo2g8iVs_seg_009.wav,N0Sbo2g8iVs_seg_009.wav,N0Sbo2g8iVs,True,16000,1,3.0,-27.7752,-10.1106,0.5118,0.0,True,ok
data\interim\segmented\spasmodic_dysphonia\N0Sbo2g8iVs_seg_010.wav,N0Sbo2g8iVs_seg_010.wav,N0Sbo2g8iVs,True,16000,1,3.0,-27.7858,-13.1708,0.4482,0.0,True,ok
data\interim\segmented\spasmodic_dysphonia\N0Sbo2g8iVs_seg_011.wav,N0Sbo2g8iVs_seg_011.wav,N0Sbo2g8iVs,True,16000,1,3.0,-27.6293,-9.7808,0.4445,0.0,True,ok
data\interim\segmented\spasmodic_dysphonia\N0Sbo2g8iVs_seg_012.wav,N0Sbo2g8iVs_seg_012.wav,N0Sbo2g8iVs,True,16000,1,3.0,-28.2122,-9.8497,0.5218,0.0,True,ok
data\interim\segmented\spasmodic_dysphonia\N0Sbo2g8iVs_seg_013.wav,N0Sbo2g8iVs_seg_013.wav,N0Sbo2g8iVs,True,16000,1,3.0,-27.9796,-10.4376,0.5323,0.0,True,ok
data\interim\segmented\spasmodic_dysphonia\N0Sbo2g8iVs_seg_014.wav,N0Sbo2g8iVs_seg_014.wav,N0Sbo2g8iVs,True,16000,1,3.0,-27.5792,-9.0116,0.5318,0.0,True,ok
data\interim\segmented\spasmodic_dysphonia\N0Sbo2g8iVs_seg_015.wav,N0Sbo2g8iVs_seg_015.wav,N0Sbo2g8iVs,True,16000,1,3.0,-27.8165,-11.7678,0.5196,0.0,True,ok
data\interim\segmented\spasmodic_dysphonia\N0Sbo2g8iVs_seg_016.wav,N0Sbo2g8iVs_seg_016.wav,N0Sbo2g8iVs,True,16000,1,3.0,-32.0155,-13.0152,0.6615,0.0,True,ok
data\interim\segmented\spasmodic_dysphonia\N0Sbo2g8iVs_seg_017.wav,N0Sbo2g8iVs_seg_017.wav,N0Sbo2g8iVs,True,16000,1,3.0,-25.6261,-8.1235,0.4505,0.0,True,ok
data\interim\segmented\spasmodic_dysphonia\N0Sbo2g8iVs_seg_018.wav,N0Sbo2g8iVs_seg_018.wav,N0Sbo2g8iVs,True,16000,1,3.0,-27.5443,-10.7756,0.3738,0.0,True,ok
data\interim\segmented\spasmodic_dysphonia\N0Sbo2g8iVs_seg_019.wav,N0Sbo2g8iVs_seg_019.wav,N0Sbo2g8iVs,True,16000,1,3.0,-27.7931,-9.9617,0.6002,0.0,True,ok
data\interim\segmented\spasmodic_dysphonia\N0Sbo2g8iVs_seg_020.wav,N0Sbo2g8iVs_seg_020.wav,N0Sbo2g8iVs,True,16000,1,3.0,-31.6391,-12.192,0.6261,0.0,True,ok
data\interim\segmented\spasmodic_dysphonia\N0Sbo2g8iVs_seg_021.wav,N0Sbo2g8iVs_seg_021.wav,N0Sbo2g8iVs,True,16000,1,3.0,-29.4596,-9.2328,0.5669,0.0,True,ok
data\interim\segmented\spasmodic_dysphonia\N0Sbo2g8iVs_seg_022.wav,N0Sbo2g8iVs_seg_022.wav,N0Sbo2g8iVs,True,16000,1,3.0,-30.5637,-11.9547,0.6124,0.0,True,ok
data\interim\segmented\spasmodic_dysphonia\N0Sbo2g8iVs_seg_023.wav,N0Sbo2g8iVs_seg_023.wav,N0Sbo2g8iVs,True,16000,1,3.0,-25.5236,-8.8846,0.4252,0.0,True,ok
data\interim\segmented\spasmodic_dysphonia\N0Sbo2g8iVs_seg_024.wav,N0Sbo2g8iVs_seg_024.wav,N0Sbo2g8iVs,True,16000,1,3.0,-26.9029,-9.8448,0.4247,0.0,True,ok
data\interim\segmented\spasmodic_dysphonia\N0Sbo2g8iVs_seg_025.wav,N0Sbo2g8iVs_seg_025.wav,N0Sbo2g8iVs,True,16000,1,3.0,-29.4579,-13.5838,0.4408,0.0,True,ok
data\interim\segmented\spasmodic_dysphonia\N0Sbo2g8iVs_seg_026.wav,N0Sbo2g8iVs_seg_026.wav,N0Sbo2g8iVs,True,16000,1,3.0,-29.4923,-10.6681,0.5299,0.0,True,ok
data\interim\segmented\spasmodic_dysphonia\N0Sbo2g8iVs_seg_027.wav,N0Sbo2g8iVs_seg_027.wav,N0Sbo2g8iVs,True,16000,1,3.0,-33.6573,-11.8141,0.7322,0.0,True,ok
data\interim\segmented\spasmodic_dysphonia\N0Sbo2g8iVs_seg_028.wav,N0Sbo2g8iVs_seg_028.wav,N0Sbo2g8iVs,True,16000,1,3.0,-29.2242,-9.4159,0.5923,0.0,True,ok
data\interim\segmented\spasmodic_dysphonia\N0Sbo2g8iVs_seg_029.wav,N0Sbo2g8iVs_seg_029.wav,N0Sbo2g8iVs,True,16000,1,3.0,-29.4413,-10.5906,0.6139,0.0,True,ok
data\interim\segmented\spasmodic_dysphonia\N0Sbo2g8iVs_seg_030.wav,N0Sbo2g8iVs_seg_030.wav,N0Sbo2g8iVs,True,16000,1,3.0,-32.8948,-15.0569,0.8019,0.0,False,mostly_silence:0.80
data\interim\segmented\spasmodic_dysphonia\N0Sbo2g8iVs_seg_031.wav,N0Sbo2g8iVs_seg_031.wav,N0Sbo2g8iVs,True,16000,1,3.0,-29.887,-8.0248,0.6542,0.0,True,ok
data\interim\segmented\spasmodic_dysphonia\N0Sbo2g8iVs_seg_032.wav,N0Sbo2g8iVs_seg_032.wav,N0Sbo2g8iVs,True,16000,1,3.0,-28.7585,-8.8647,0.4668,0.0,True,ok
data\interim\segmented\spasmodic_dysphonia\N0Sbo2g8iVs_seg_033.wav,N0Sbo2g8iVs_seg_033.wav,N0Sbo2g8iVs,True,16000,1,3.0,-32.863,-13.9037,0.6882,0.0,True,ok
data\interim\segmented\spasmodic_dysphonia\N0Sbo2g8iVs_seg_034.wav,N0Sbo2g8iVs_seg_034.wav,N0Sbo2g8iVs,True,16000,1,3.0,-27.6609,-9.2206,0.4611,0.0,True,ok
data\interim\segmented\spasmodic_dysphonia\N0Sbo2g8iVs_seg_035.wav,N0Sbo2g8iVs_seg_035.wav,N0Sbo2g8iVs,True,16000,1,3.0,-27.9687,-11.3153,0.5625,0.0,True,ok
data\interim\segmented\spasmodic_dysphonia\N0Sbo2g8iVs_seg_036.wav,N0Sbo2g8iVs_seg_036.wav,N0Sbo2g8iVs,True,16000,1,3.0,-27.9625,-13.2643,0.417,0.0,True,ok
data\interim\segmented\spasmodic_dysphonia\N0Sbo2g8iVs_seg_037.wav,N0Sbo2g8iVs_seg_037.wav,N0Sbo2g8iVs,True,16000,1,3.0,-30.7224,-8.1607,0.5675,0.0,True,ok
data\interim\segmented\spasmodic_dysphonia\N0Sbo2g8iVs_seg_038.wav,N0Sbo2g8iVs_seg_038.wav,N0Sbo2g8iVs,True,16000,1,3.0,-27.4691,-7.4926,0.6873,0.0,True,ok
data\interim\segmented\spasmodic_dysphonia\N0Sbo2g8iVs_seg_039.wav,N0Sbo2g8iVs_seg_039.wav,N0Sbo2g8iVs,True,16000,1,3.0,-27.87,-8.4371,0.765,0.0,True,ok
data\interim\segmented\spasmodic_dysphonia\N0Sbo2g8iVs_seg_040.wav,N0Sbo2g8iVs_seg_040.wav,N0Sbo2g8iVs,True,16000,1,3.0,-27.8987,-8.7522,0.5167,0.0,True,ok
data\interim\segmented\spasmodic_dysphonia\N0Sbo2g8iVs_seg_041.wav,N0Sbo2g8iVs_seg_041.wav,N0Sbo2g8iVs,True,16000,1,3.0,-26.6527,-9.8267,0.4302,0.0,True,ok
data\interim\segmented\spasmodic_dysphonia\N0Sbo2g8iVs_seg_042.wav,N0Sbo2g8iVs_seg_042.wav,N0Sbo2g8iVs,True,16000,1,3.0,-27.3898,-9.3542,0.5695,0.0,True,ok
data\interim\segmented\spasmodic_dysphonia\N0Sbo2g8iVs_seg_043.wav,N0Sbo2g8iVs_seg_043.wav,N0Sbo2g8iVs,True,16000,1,3.0,-24.5618,-7.7216,0.3398,0.0,True,ok
data\interim\segmented\spasmodic_dysphonia\N0Sbo2g8iVs_seg_044.wav,N0Sbo2g8iVs_seg_044.wav,N0Sbo2g8iVs,True,16000,1,3.0,-26.9463,-9.9067,0.5759,0.0,True,ok
data\interim\segmented\spasmodic_dysphonia\N0Sbo2g8iVs_seg_045.wav,N0Sbo2g8iVs_seg_045.wav,N0Sbo2g8iVs,True,16000,1,3.0,-28.2113,-11.9484,0.5061,0.0,True,ok
data\interim\segmented\spasmodic_dysphonia\N0Sbo2g8iVs_seg_046.wav,N0Sbo2g8iVs_seg_046.wav,N0Sbo2g8iVs,True,16000,1,3.0,-29.864,-15.012,0.6577,0.0,True,ok
data\interim\segmented\spasmodic_dysphonia\n8NqvTvhf_k_seg_000.wav,n8NqvTvhf_k_seg_000.wav,n8NqvTvhf_k,True,16000,1,3.0,-25.2326,-12.9703,0.0823,0.0,True,ok
data\interim\segmented\spasmodic_dysphonia\n8NqvTvhf_k_seg_001.wav,n8NqvTvhf_k_seg_001.wav,n8NqvTvhf_k,True,16000,1,3.0,-28.0991,-8.3368,0.2752,0.0,True,ok
data\interim\segmented\spasmodic_dysphonia\n8NqvTvhf_k_seg_002.wav,n8NqvTvhf_k_seg_002.wav,n8NqvTvhf_k,True,16000,1,3.0,-29.6589,-9.3262,0.6276,0.0,True,ok
data\interim\segmented\spasmodic_dysphonia\n8NqvTvhf_k_seg_003.wav,n8NqvTvhf_k_seg_003.wav,n8NqvTvhf_k,True,16000,1,3.0,-32.5381,-12.9809,0.4194,0.0,True,ok
data\interim\segmented\spasmodic_dysphonia\n8NqvTvhf_k_seg_004.wav,n8NqvTvhf_k_seg_004.wav,n8NqvTvhf_k,True,16000,1,3.0,-32.2532,-9.7596,0.437,0.0,True,ok
data\interim\segmented\spasmodic_dysphonia\n8NqvTvhf_k_seg_005.wav,n8NqvTvhf_k_seg_005.wav,n8NqvTvhf_k,True,16000,1,3.0,-29.7443,-9.1056,0.3327,0.0,True,ok
data\interim\segmented\spasmodic_dysphonia\n8NqvTvhf_k_seg_006.wav,n8NqvTvhf_k_seg_006.wav,n8NqvTvhf_k,True,16000,1,3.0,-31.0681,-14.2631,0.2743,0.0,True,ok
data\interim\segmented\spasmodic_dysphonia\n8NqvTvhf_k_seg_007.wav,n8NqvTvhf_k_seg_007.wav,n8NqvTvhf_k,True,16000,1,3.0,-31.2254,-10.903,0.3984,0.0,True,ok
data\interim\segmented\spasmodic_dysphonia\n8NqvTvhf_k_seg_008.wav,n8NqvTvhf_k_seg_008.wav,n8NqvTvhf_k,True,16000,1,3.0,-29.9638,-9.9491,0.4321,0.0,True,ok
data\interim\segmented\spasmodic_dysphonia\n8NqvTvhf_k_seg_009.wav,n8NqvTvhf_k_seg_009.wav,n8NqvTvhf_k,True,16000,1,3.0,-29.076,-9.2667,0.3706,0.0,True,ok
data\interim\segmented\spasmodic_dysphonia\n8NqvTvhf_k_seg_010.wav,n8NqvTvhf_k_seg_010.wav,n8NqvTvhf_k,True,16000,1,3.0,-29.409,-7.6766,0.3256,0.0,True,ok
data\interim\segmented\spasmodic_dysphonia\n8NqvTvhf_k_seg_011.wav,n8NqvTvhf_k_seg_011.wav,n8NqvTvhf_k,True,16000,1,3.0,-29.7515,-8.7152,0.3545,0.0,True,ok
data\interim\segmented\spasmodic_dysphonia\n8NqvTvhf_k_seg_012.wav,n8NqvTvhf_k_seg_012.wav,n8NqvTvhf_k,True,16000,1,3.0,-29.629,-6.9044,0.2841,0.0,True,ok
data\interim\segmented\spasmodic_dysphonia\n8NqvTvhf_k_seg_013.wav,n8NqvTvhf_k_seg_013.wav,n8NqvTvhf_k,True,16000,1,3.0,-31.4435,-11.0408,0.2943,0.0,True,ok
data\interim\segmented\spasmodic_dysphonia\n8NqvTvhf_k_seg_014.wav,n8NqvTvhf_k_seg_014.wav,n8NqvTvhf_k,True,16000,1,3.0,-31.747,-14.8655,0.3386,0.0,True,ok
data\interim\segmented\spasmodic_dysphonia\n8NqvTvhf_k_seg_015.wav,n8NqvTvhf_k_seg_015.wav,n8NqvTvhf_k,True,16000,1,3.0,-28.9771,-5.9509,0.3477,0.0,True,ok
data\interim\segmented\spasmodic_dysphonia\n8NqvTvhf_k_seg_016.wav,n8NqvTvhf_k_seg_016.wav,n8NqvTvhf_k,True,16000,1,3.0,-30.7532,-8.5449,0.2783,0.0,True,ok
data\interim\segmented\spasmodic_dysphonia\n8NqvTvhf_k_seg_017.wav,n8NqvTvhf_k_seg_017.wav,n8NqvTvhf_k,True,16000,1,3.0,-28.1566,-9.463,0.3708,0.0,True,ok
data\interim\segmented\spasmodic_dysphonia\n8NqvTvhf_k_seg_018.wav,n8NqvTvhf_k_seg_018.wav,n8NqvTvhf_k,True,16000,1,3.0,-29.5413,-12.001,0.3479,0.0,True,ok
data\interim\segmented\spasmodic_dysphonia\n8NqvTvhf_k_seg_019.wav,n8NqvTvhf_k_seg_019.wav,n8NqvTvhf_k,True,16000,1,3.0,-24.5859,-7.6083,0.1997,0.0,True,ok
data\interim\segmented\spasmodic_dysphonia\n8NqvTvhf_k_seg_020.wav,n8NqvTvhf_k_seg_020.wav,n8NqvTvhf_k,True,16000,1,3.0,-27.4404,-12.5645,0.314,0.0,True,ok
data\interim\segmented\spasmodic_dysphonia\n8NqvTvhf_k_seg_021.wav,n8NqvTvhf_k_seg_021.wav,n8NqvTvhf_k,True,16000,1,3.0,-26.3707,-12.7236,0.2603,0.0,True,ok
data\interim\segmented\spasmodic_dysphonia\n8NqvTvhf_k_seg_022.wav,n8NqvTvhf_k_seg_022.wav,n8NqvTvhf_k,True,16000,1,3.0,-26.7615,-8.5505,0.3631,0.0,True,ok
data\interim\segmented\spasmodic_dysphonia\n8NqvTvhf_k_seg_023.wav,n8NqvTvhf_k_seg_023.wav,n8NqvTvhf_k,True,16000,1,3.0,-26.7277,-10.5557,0.3885,0.0,True,ok
data\interim\segmented\spasmodic_dysphonia\n8NqvTvhf_k_seg_024.wav,n8NqvTvhf_k_seg_024.wav,n8NqvTvhf_k,True,16000,1,3.0,-24.6935,-7.953,0.3497,0.0,True,ok
data\interim\segmented\spasmodic_dysphonia\n8NqvTvhf_k_seg_025.wav,n8NqvTvhf_k_seg_025.wav,n8NqvTvhf_k,True,16000,1,3.0,-25.9914,-10.9618,0.2539,0.0,True,ok
data\interim\segmented\spasmodic_dysphonia\n8NqvTvhf_k_seg_026.wav,n8NqvTvhf_k_seg_026.wav,n8NqvTvhf_k,True,16000,1,3.0,-26.578,-10.8891,0.4136,0.0,True,ok
data\interim\segmented\spasmodic_dysphonia\n8NqvTvhf_k_seg_027.wav,n8NqvTvhf_k_seg_027.wav,n8NqvTvhf_k,True,16000,1,3.0,-30.9489,-9.2975,0.3075,0.0,True,ok
data\interim\segmented\spasmodic_dysphonia\n8NqvTvhf_k_seg_028.wav,n8NqvTvhf_k_seg_028.wav,n8NqvTvhf_k,True,16000,1,3.0,-26.9723,-8.8317,0.2167,0.0,True,ok
data\interim\segmented\spasmodic_dysphonia\n8NqvTvhf_k_seg_029.wav,n8NqvTvhf_k_seg_029.wav,n8NqvTvhf_k,True,16000,1,3.0,-27.8283,-6.7145,0.2,0.0,True,ok
data\interim\segmented\spasmodic_dysphonia\n8NqvTvhf_k_seg_030.wav,n8NqvTvhf_k_seg_030.wav,n8NqvTvhf_k,True,16000,1,3.0,-28.9442,-11.3192,0.2145,0.0,True,ok
data\interim\segmented\spasmodic_dysphonia\n8NqvTvhf_k_seg_031.wav,n8NqvTvhf_k_seg_031.wav,n8NqvTvhf_k,True,16000,1,3.0,-30.4882,-12.0105,0.2741,0.0,True,ok
data\interim\segmented\spasmodic_dysphonia\n8NqvTvhf_k_seg_032.wav,n8NqvTvhf_k_seg_032.wav,n8NqvTvhf_k,True,16000,1,3.0,-25.9236,-8.5583,0.2416,0.0,True,ok
data\interim\segmented\spasmodic_dysphonia\n8NqvTvhf_k_seg_033.wav,n8NqvTvhf_k_seg_033.wav,n8NqvTvhf_k,True,16000,1,3.0,-24.3887,-5.1396,0.5089,0.0,True,ok
data\interim\segmented\spasmodic_dysphonia\n8NqvTvhf_k_seg_034.wav,n8NqvTvhf_k_seg_034.wav,n8NqvTvhf_k,True,16000,1,3.0,-27.9111,-10.2432,0.4301,0.0,True,ok
data\interim\segmented\spasmodic_dysphonia\n8NqvTvhf_k_seg_035.wav,n8NqvTvhf_k_seg_035.wav,n8NqvTvhf_k,True,16000,1,3.0,-23.6728,-10.5798,0.2066,0.0,True,ok
data\interim\segmented\spasmodic_dysphonia\n8NqvTvhf_k_seg_036.wav,n8NqvTvhf_k_seg_036.wav,n8NqvTvhf_k,True,16000,1,3.0,-27.4967,-10.2795,0.4599,0.0,True,ok
data\interim\segmented\spasmodic_dysphonia\n8NqvTvhf_k_seg_037.wav,n8NqvTvhf_k_seg_037.wav,n8NqvTvhf_k,True,16000,1,3.0,-27.0206,-13.5044,0.415,0.0,True,ok
data\interim\segmented\spasmodic_dysphonia\n8NqvTvhf_k_seg_038.wav,n8NqvTvhf_k_seg_038.wav,n8NqvTvhf_k,True,16000,1,3.0,-25.8961,-7.7974,0.4029,0.0,True,ok
data\interim\segmented\spasmodic_dysphonia\n8NqvTvhf_k_seg_039.wav,n8NqvTvhf_k_seg_039.wav,n8NqvTvhf_k,True,16000,1,3.0,-24.5653,-7.7158,0.4583,0.0,True,ok
data\interim\segmented\spasmodic_dysphonia\n8NqvTvhf_k_seg_040.wav,n8NqvTvhf_k_seg_040.wav,n8NqvTvhf_k,True,16000,1,3.0,-30.5499,-9.9358,0.5044,0.0,True,ok
data\interim\segmented\spasmodic_dysphonia\n8NqvTvhf_k_seg_041.wav,n8NqvTvhf_k_seg_041.wav,n8NqvTvhf_k,True,16000,1,3.0,-35.5339,-14.1218,0.6096,0.0,True,ok
data\interim\segmented\spasmodic_dysphonia\n8NqvTvhf_k_seg_042.wav,n8NqvTvhf_k_seg_042.wav,n8NqvTvhf_k,True,16000,1,3.0,-29.342,-9.0882,0.5764,0.0,True,ok
data\interim\segmented\spasmodic_dysphonia\n8NqvTvhf_k_seg_043.wav,n8NqvTvhf_k_seg_043.wav,n8NqvTvhf_k,True,16000,1,3.0,-34.7859,-9.2999,0.7247,0.0,True,ok
data\interim\segmented\spasmodic_dysphonia\n8NqvTvhf_k_seg_044.wav,n8NqvTvhf_k_seg_044.wav,n8NqvTvhf_k,True,16000,1,3.0,-29.3584,-8.0248,0.5719,0.0,True,ok
data\interim\segmented\spasmodic_dysphonia\n8NqvTvhf_k_seg_045.wav,n8NqvTvhf_k_seg_045.wav,n8NqvTvhf_k,True,16000,1,3.0,-24.7307,-7.41,0.5993,0.0,True,ok
data\interim\segmented\spasmodic_dysphonia\n8NqvTvhf_k_seg_046.wav,n8NqvTvhf_k_seg_046.wav,n8NqvTvhf_k,True,16000,1,3.0,-30.5106,-7.887,0.6255,0.0,True,ok
data\interim\segmented\spasmodic_dysphonia\n8NqvTvhf_k_seg_047.wav,n8NqvTvhf_k_seg_047.wav,n8NqvTvhf_k,True,16000,1,3.0,-27.6687,-7.6933,0.6165,0.0,True,ok
data\interim\segmented\spasmodic_dysphonia\n8NqvTvhf_k_seg_048.wav,n8NqvTvhf_k_seg_048.wav,n8NqvTvhf_k,True,16000,1,3.0,-31.7495,-9.5136,0.6158,0.0,True,ok
data\interim\segmented\spasmodic_dysphonia\n8NqvTvhf_k_seg_049.wav,n8NqvTvhf_k_seg_049.wav,n8NqvTvhf_k,True,16000,1,3.0,-30.5909,-9.9733,0.521,0.0,True,ok
data\interim\segmented\spasmodic_dysphonia\n8NqvTvhf_k_seg_050.wav,n8NqvTvhf_k_seg_050.wav,n8NqvTvhf_k,True,16000,1,3.0,-21.996,-8.0442,0.2288,0.0,True,ok
data\interim\segmented\spasmodic_dysphonia\n8NqvTvhf_k_seg_051.wav,n8NqvTvhf_k_seg_051.wav,n8NqvTvhf_k,True,16000,1,3.0,-22.8052,-8.5215,0.1187,0.0,True,ok
data\interim\segmented\spasmodic_dysphonia\n8NqvTvhf_k_seg_052.wav,n8NqvTvhf_k_seg_052.wav,n8NqvTvhf_k,True,16000,1,3.0,-24.3086,-9.9333,0.1246,0.0,True,ok
data\interim\segmented\spasmodic_dysphonia\n8NqvTvhf_k_seg_053.wav,n8NqvTvhf_k_seg_053.wav,n8NqvTvhf_k,True,16000,1,3.0,-24.7783,-6.9467,0.1471,0.0,True,ok
data\interim\segmented\spasmodic_dysphonia\n8NqvTvhf_k_seg_054.wav,n8NqvTvhf_k_seg_054.wav,n8NqvTvhf_k,True,16000,1,3.0,-24.8417,-9.7181,0.1501,0.0,True,ok
data\interim\segmented\spasmodic_dysphonia\n8NqvTvhf_k_seg_055.wav,n8NqvTvhf_k_seg_055.wav,n8NqvTvhf_k,True,16000,1,3.0,-21.1434,-7.9981,0.1049,0.0,True,ok
data\interim\segmented\spasmodic_dysphonia\n8NqvTvhf_k_seg_056.wav,n8NqvTvhf_k_seg_056.wav,n8NqvTvhf_k,True,16000,1,3.0,-23.337,-8.878,0.1264,0.0,True,ok
data\interim\segmented\spasmodic_dysphonia\n8NqvTvhf_k_seg_057.wav,n8NqvTvhf_k_seg_057.wav,n8NqvTvhf_k,True,16000,1,3.0,-24.4481,-9.5136,0.1355,0.0,True,ok
data\interim\segmented\spasmodic_dysphonia\n8NqvTvhf_k_seg_058.wav,n8NqvTvhf_k_seg_058.wav,n8NqvTvhf_k,True,16000,1,3.0,-24.5744,-10.3525,0.1255,0.0,True,ok
data\interim\segmented\spasmodic_dysphonia\n8NqvTvhf_k_seg_059.wav,n8NqvTvhf_k_seg_059.wav,n8NqvTvhf_k,True,16000,1,3.0,-23.9056,-8.1954,0.1202,0.0,True,ok
data\interim\segmented\spasmodic_dysphonia\n8NqvTvhf_k_seg_060.wav,n8NqvTvhf_k_seg_060.wav,n8NqvTvhf_k,True,16000,1,3.0,-23.3259,-9.7433,0.114,0.0,True,ok
data\interim\segmented\spasmodic_dysphonia\n8NqvTvhf_k_seg_061.wav,n8NqvTvhf_k_seg_061.wav,n8NqvTvhf_k,True,16000,1,3.0,-23.7129,-10.9665,0.1238,0.0,True,ok
data\interim\segmented\spasmodic_dysphonia\n8NqvTvhf_k_seg_062.wav,n8NqvTvhf_k_seg_062.wav,n8NqvTvhf_k,True,16000,1,3.0,-24.9885,-9.7824,0.1571,0.0,True,ok
data\interim\segmented\spasmodic_dysphonia\n8NqvTvhf_k_seg_063.wav,n8NqvTvhf_k_seg_063.wav,n8NqvTvhf_k,True,16000,1,3.0,-24.1857,-9.8695,0.1041,0.0,True,ok
data\interim\segmented\spasmodic_dysphonia\n8NqvTvhf_k_seg_064.wav,n8NqvTvhf_k_seg_064.wav,n8NqvTvhf_k,True,16000,1,3.0,-24.8161,-10.8031,0.1306,0.0,True,ok
data\interim\segmented\spasmodic_dysphonia\n8NqvTvhf_k_seg_065.wav,n8NqvTvhf_k_seg_065.wav,n8NqvTvhf_k,True,16000,1,3.0,-23.9096,-6.3018,0.1773,0.0,True,ok
data\interim\segmented\spasmodic_dysphonia\n8NqvTvhf_k_seg_066.wav,n8NqvTvhf_k_seg_066.wav,n8NqvTvhf_k,True,16000,1,3.0,-26.9904,-4.0414,0.3012,0.0,True,ok
data\interim\segmented\spasmodic_dysphonia\n8NqvTvhf_k_seg_067.wav,n8NqvTvhf_k_seg_067.wav,n8NqvTvhf_k,True,16000,1,3.0,-27.8286,-5.7513,0.3307,0.0,True,ok
data\interim\segmented\spasmodic_dysphonia\n8NqvTvhf_k_seg_068.wav,n8NqvTvhf_k_seg_068.wav,n8NqvTvhf_k,True,16000,1,3.0,-27.9824,-9.749,0.2953,0.0,True,ok
data\interim\segmented\spasmodic_dysphonia\n8NqvTvhf_k_seg_069.wav,n8NqvTvhf_k_seg_069.wav,n8NqvTvhf_k,True,16000,1,3.0,-27.6374,-7.6491,0.2206,0.0,True,ok
data\interim\segmented\spasmodic_dysphonia\n8NqvTvhf_k_seg_070.wav,n8NqvTvhf_k_seg_070.wav,n8NqvTvhf_k,True,16000,1,3.0,-31.0459,-13.2132,0.2684,0.0,True,ok
data\interim\segmented\spasmodic_dysphonia\n8NqvTvhf_k_seg_071.wav,n8NqvTvhf_k_seg_071.wav,n8NqvTvhf_k,True,16000,1,3.0,-26.7415,-14.9333,0.0671,0.0,True,ok
data\interim\segmented\spasmodic_dysphonia\n8NqvTvhf_k_seg_072.wav,n8NqvTvhf_k_seg_072.wav,n8NqvTvhf_k,True,16000,1,3.0,-25.0639,-12.1243,0.0544,0.0,True,ok
data\interim\segmented\spasmodic_dysphonia\n8NqvTvhf_k_seg_073.wav,n8NqvTvhf_k_seg_073.wav,n8NqvTvhf_k,True,16000,1,2.658,-28.9568,-16.5852,0.1058,0.0,True,ok
data\interim\segmented\spasmodic_dysphonia\nIqc5Oj4grM_seg_000.wav,nIqc5Oj4grM_seg_000.wav,nIqc5Oj4grM,True,16000,1,3.0,-31.1968,-19.0941,0.1398,0.0,True,ok
data\interim\segmented\spasmodic_dysphonia\nIqc5Oj4grM_seg_001.wav,nIqc5Oj4grM_seg_001.wav,nIqc5Oj4grM,True,16000,1,3.0,-21.9021,-0.7857,0.1825,0.0,True,ok
data\interim\segmented\spasmodic_dysphonia\nIqc5Oj4grM_seg_002.wav,nIqc5Oj4grM_seg_002.wav,nIqc5Oj4grM,True,16000,1,3.0,-28.7254,-5.8028,0.5911,0.0,True,ok
data\interim\segmented\spasmodic_dysphonia\nIqc5Oj4grM_seg_003.wav,nIqc5Oj4grM_seg_003.wav,nIqc5Oj4grM,True,16000,1,3.0,-23.6139,-1.1514,0.3914,0.0,True,ok
data\interim\segmented\spasmodic_dysphonia\nIqc5Oj4grM_seg_004.wav,nIqc5Oj4grM_seg_004.wav,nIqc5Oj4grM,True,16000,1,3.0,-25.0188,-5.7791,0.2737,0.0,True,ok
data\interim\segmented\spasmodic_dysphonia\nIqc5Oj4grM_seg_005.wav,nIqc5Oj4grM_seg_005.wav,nIqc5Oj4grM,True,16000,1,3.0,-26.1359,-6.575,0.2472,0.0,True,ok
data\interim\segmented\spasmodic_dysphonia\nIqc5Oj4grM_seg_006.wav,nIqc5Oj4grM_seg_006.wav,nIqc5Oj4grM,True,16000,1,3.0,-26.3008,-8.8112,0.2682,0.0,True,ok
data\interim\segmented\spasmodic_dysphonia\nIqc5Oj4grM_seg_007.wav,nIqc5Oj4grM_seg_007.wav,nIqc5Oj4grM,True,16000,1,3.0,-22.5586,-0.2925,0.258,0.0,True,ok
data\interim\segmented\spasmodic_dysphonia\nIqc5Oj4grM_seg_008.wav,nIqc5Oj4grM_seg_008.wav,nIqc5Oj4grM,True,16000,1,3.0,-24.8451,-4.5382,0.1836,0.0,True,ok
data\interim\segmented\spasmodic_dysphonia\nIqc5Oj4grM_seg_009.wav,nIqc5Oj4grM_seg_009.wav,nIqc5Oj4grM,True,16000,1,3.0,-25.6537,-5.3608,0.1705,0.0,True,ok
data\interim\segmented\spasmodic_dysphonia\nIqc5Oj4grM_seg_010.wav,nIqc5Oj4grM_seg_010.wav,nIqc5Oj4grM,True,16000,1,3.0,-24.2676,-0.3331,0.2247,0.0,True,ok
data\interim\segmented\spasmodic_dysphonia\nIqc5Oj4grM_seg_011.wav,nIqc5Oj4grM_seg_011.wav,nIqc5Oj4grM,True,16000,1,3.0,-26.6887,-5.415,0.223,0.0,True,ok
data\interim\segmented\spasmodic_dysphonia\nIqc5Oj4grM_seg_012.wav,nIqc5Oj4grM_seg_012.wav,nIqc5Oj4grM,True,16000,1,3.0,-26.9617,-4.1151,0.2642,0.0,True,ok
data\interim\segmented\spasmodic_dysphonia\nIqc5Oj4grM_seg_013.wav,nIqc5Oj4grM_seg_013.wav,nIqc5Oj4grM,True,16000,1,3.0,-28.381,-11.2068,0.2595,0.0,True,ok
data\interim\segmented\spasmodic_dysphonia\nIqc5Oj4grM_seg_014.wav,nIqc5Oj4grM_seg_014.wav,nIqc5Oj4grM,True,16000,1,3.0,-25.2203,-1.2322,0.2782,0.0,True,ok
data\interim\segmented\spasmodic_dysphonia\nIqc5Oj4grM_seg_015.wav,nIqc5Oj4grM_seg_015.wav,nIqc5Oj4grM,True,16000,1,3.0,-25.7824,-2.9095,0.2153,0.0,True,ok
data\interim\segmented\spasmodic_dysphonia\nIqc5Oj4grM_seg_016.wav,nIqc5Oj4grM_seg_016.wav,nIqc5Oj4grM,True,16000,1,3.0,-27.0711,-4.7143,0.2562,0.0,True,ok
data\interim\segmented\spasmodic_dysphonia\nIqc5Oj4grM_seg_017.wav,nIqc5Oj4grM_seg_017.wav,nIqc5Oj4grM,True,16000,1,3.0,-25.4221,-3.9992,0.3457,0.0,True,ok
data\interim\segmented\spasmodic_dysphonia\nIqc5Oj4grM_seg_018.wav,nIqc5Oj4grM_seg_018.wav,nIqc5Oj4grM,True,16000,1,3.0,-30.1122,-12.0646,0.299,0.0,True,ok
data\interim\segmented\spasmodic_dysphonia\nIqc5Oj4grM_seg_019.wav,nIqc5Oj4grM_seg_019.wav,nIqc5Oj4grM,True,16000,1,3.0,-21.6313,-1.4786,0.1907,0.0,True,ok
data\interim\segmented\spasmodic_dysphonia\nIqc5Oj4grM_seg_020.wav,nIqc5Oj4grM_seg_020.wav,nIqc5Oj4grM,True,16000,1,3.0,-25.4889,-1.9056,0.2879,0.0,True,ok
data\interim\segmented\spasmodic_dysphonia\nIqc5Oj4grM_seg_021.wav,nIqc5Oj4grM_seg_021.wav,nIqc5Oj4grM,True,16000,1,3.0,-30.7615,-11.4569,0.4695,0.0,True,ok
data\interim\segmented\spasmodic_dysphonia\nIqc5Oj4grM_seg_022.wav,nIqc5Oj4grM_seg_022.wav,nIqc5Oj4grM,True,16000,1,3.0,-23.5495,-1.2723,0.2368,0.0,True,ok
data\interim\segmented\spasmodic_dysphonia\nIqc5Oj4grM_seg_023.wav,nIqc5Oj4grM_seg_023.wav,nIqc5Oj4grM,True,16000,1,3.0,-24.9055,-3.4282,0.2639,0.0,True,ok
data\interim\segmented\spasmodic_dysphonia\nIqc5Oj4grM_seg_024.wav,nIqc5Oj4grM_seg_024.wav,nIqc5Oj4grM,True,16000,1,3.0,-27.866,-7.6172,0.21,0.0,True,ok
data\interim\segmented\spasmodic_dysphonia\nIqc5Oj4grM_seg_025.wav,nIqc5Oj4grM_seg_025.wav,nIqc5Oj4grM,True,16000,1,3.0,-26.6574,-3.8419,0.3637,0.0,True,ok
data\interim\segmented\spasmodic_dysphonia\nIqc5Oj4grM_seg_026.wav,nIqc5Oj4grM_seg_026.wav,nIqc5Oj4grM,True,16000,1,3.0,-25.0672,-1.8937,0.3186,0.0,True,ok
data\interim\segmented\spasmodic_dysphonia\nIqc5Oj4grM_seg_027.wav,nIqc5Oj4grM_seg_027.wav,nIqc5Oj4grM,True,16000,1,3.0,-23.7243,-2.6943,0.2065,0.0,True,ok
data\interim\segmented\spasmodic_dysphonia\nIqc5Oj4grM_seg_028.wav,nIqc5Oj4grM_seg_028.wav,nIqc5Oj4grM,True,16000,1,3.0,-26.1065,-2.799,0.3217,0.0,True,ok
data\interim\segmented\spasmodic_dysphonia\nIqc5Oj4grM_seg_029.wav,nIqc5Oj4grM_seg_029.wav,nIqc5Oj4grM,True,16000,1,3.0,-25.6427,-3.6328,0.1922,0.0,True,ok
data\interim\segmented\spasmodic_dysphonia\nIqc5Oj4grM_seg_030.wav,nIqc5Oj4grM_seg_030.wav,nIqc5Oj4grM,True,16000,1,3.0,-23.3222,-1.0249,0.2196,0.0,True,ok
data\interim\segmented\spasmodic_dysphonia\nIqc5Oj4grM_seg_031.wav,nIqc5Oj4grM_seg_031.wav,nIqc5Oj4grM,True,16000,1,3.0,-25.7976,-2.1581,0.2514,0.0,True,ok
data\interim\segmented\spasmodic_dysphonia\nIqc5Oj4grM_seg_032.wav,nIqc5Oj4grM_seg_032.wav,nIqc5Oj4grM,True,16000,1,3.0,-24.6214,-0.7573,0.2454,0.0,True,ok
data\interim\segmented\spasmodic_dysphonia\nIqc5Oj4grM_seg_033.wav,nIqc5Oj4grM_seg_033.wav,nIqc5Oj4grM,True,16000,1,3.0,-22.8388,-2.6309,0.1469,0.0,True,ok
data\interim\segmented\spasmodic_dysphonia\nIqc5Oj4grM_seg_034.wav,nIqc5Oj4grM_seg_034.wav,nIqc5Oj4grM,True,16000,1,3.0,-24.2755,-2.3436,0.1679,0.0,True,ok
data\interim\segmented\spasmodic_dysphonia\nIqc5Oj4grM_seg_035.wav,nIqc5Oj4grM_seg_035.wav,nIqc5Oj4grM,True,16000,1,3.0,-26.471,-7.4637,0.2673,0.0,True,ok
data\interim\segmented\spasmodic_dysphonia\nIqc5Oj4grM_seg_036.wav,nIqc5Oj4grM_seg_036.wav,nIqc5Oj4grM,True,16000,1,3.0,-25.6236,-7.3031,0.1803,0.0,True,ok
data\interim\segmented\spasmodic_dysphonia\nIqc5Oj4grM_seg_037.wav,nIqc5Oj4grM_seg_037.wav,nIqc5Oj4grM,True,16000,1,3.0,-22.8368,-0.4056,0.2245,0.0,True,ok
data\interim\segmented\spasmodic_dysphonia\nIqc5Oj4grM_seg_038.wav,nIqc5Oj4grM_seg_038.wav,nIqc5Oj4grM,True,16000,1,3.0,-25.354,-5.3913,0.2654,0.0,True,ok
data\interim\segmented\spasmodic_dysphonia\nIqc5Oj4grM_seg_039.wav,nIqc5Oj4grM_seg_039.wav,nIqc5Oj4grM,True,16000,1,3.0,-22.6993,-1.6173,0.1833,0.0,True,ok
data\interim\segmented\spasmodic_dysphonia\nIqc5Oj4grM_seg_040.wav,nIqc5Oj4grM_seg_040.wav,nIqc5Oj4grM,True,16000,1,3.0,-23.6476,-0.786,0.1723,0.0,True,ok
data\interim\segmented\spasmodic_dysphonia\nIqc5Oj4grM_seg_041.wav,nIqc5Oj4grM_seg_041.wav,nIqc5Oj4grM,True,16000,1,3.0,-24.6406,-4.9192,0.2434,0.0,True,ok
data\interim\segmented\spasmodic_dysphonia\nIqc5Oj4grM_seg_042.wav,nIqc5Oj4grM_seg_042.wav,nIqc5Oj4grM,True,16000,1,3.0,-24.4127,-3.3273,0.1604,0.0,True,ok
data\interim\segmented\spasmodic_dysphonia\nIqc5Oj4grM_seg_043.wav,nIqc5Oj4grM_seg_043.wav,nIqc5Oj4grM,True,16000,1,3.0,-24.4842,-3.5754,0.1895,0.0,True,ok
data\interim\segmented\spasmodic_dysphonia\nIqc5Oj4grM_seg_044.wav,nIqc5Oj4grM_seg_044.wav,nIqc5Oj4grM,True,16000,1,3.0,-22.5065,0.0,0.286,6.3e-05,True,ok
data\interim\segmented\spasmodic_dysphonia\nIqc5Oj4grM_seg_045.wav,nIqc5Oj4grM_seg_045.wav,nIqc5Oj4grM,True,16000,1,3.0,-25.6679,-8.1757,0.2376,0.0,True,ok
data\interim\segmented\spasmodic_dysphonia\nIqc5Oj4grM_seg_046.wav,nIqc5Oj4grM_seg_046.wav,nIqc5Oj4grM,True,16000,1,3.0,-25.3216,-3.4231,0.2595,0.0,True,ok
data\interim\segmented\spasmodic_dysphonia\nIqc5Oj4grM_seg_047.wav,nIqc5Oj4grM_seg_047.wav,nIqc5Oj4grM,True,16000,1,3.0,-26.4031,-5.3864,0.2353,0.0,True,ok
data\interim\segmented\spasmodic_dysphonia\nIqc5Oj4grM_seg_048.wav,nIqc5Oj4grM_seg_048.wav,nIqc5Oj4grM,True,16000,1,3.0,-24.4847,-6.6419,0.2906,0.0,True,ok
data\interim\segmented\spasmodic_dysphonia\nIqc5Oj4grM_seg_049.wav,nIqc5Oj4grM_seg_049.wav,nIqc5Oj4grM,True,16000,1,3.0,-27.0578,-4.7903,0.2559,0.0,True,ok
data\interim\segmented\spasmodic_dysphonia\nIqc5Oj4grM_seg_050.wav,nIqc5Oj4grM_seg_050.wav,nIqc5Oj4grM,True,16000,1,3.0,-26.5283,-5.7205,0.2591,0.0,True,ok
data\interim\segmented\spasmodic_dysphonia\nIqc5Oj4grM_seg_051.wav,nIqc5Oj4grM_seg_051.wav,nIqc5Oj4grM,True,16000,1,3.0,-27.939,-9.6897,0.3181,0.0,True,ok
data\interim\segmented\spasmodic_dysphonia\nIqc5Oj4grM_seg_052.wav,nIqc5Oj4grM_seg_052.wav,nIqc5Oj4grM,True,16000,1,3.0,-29.0487,-9.3115,0.288,0.0,True,ok
data\interim\segmented\spasmodic_dysphonia\nIqc5Oj4grM_seg_053.wav,nIqc5Oj4grM_seg_053.wav,nIqc5Oj4grM,True,16000,1,3.0,-29.342,-9.9683,0.2815,0.0,True,ok
data\interim\segmented\spasmodic_dysphonia\nIqc5Oj4grM_seg_054.wav,nIqc5Oj4grM_seg_054.wav,nIqc5Oj4grM,True,16000,1,3.0,-22.0931,-0.3906,0.2963,0.0,True,ok
data\interim\segmented\spasmodic_dysphonia\nIqc5Oj4grM_seg_055.wav,nIqc5Oj4grM_seg_055.wav,nIqc5Oj4grM,True,16000,1,3.0,-26.2439,-3.6268,0.2142,0.0,True,ok
data\interim\segmented\spasmodic_dysphonia\nIqc5Oj4grM_seg_056.wav,nIqc5Oj4grM_seg_056.wav,nIqc5Oj4grM,True,16000,1,3.0,-25.2411,-1.0904,0.2099,0.0,True,ok
data\interim\segmented\spasmodic_dysphonia\nIqc5Oj4grM_seg_057.wav,nIqc5Oj4grM_seg_057.wav,nIqc5Oj4grM,True,16000,1,3.0,-29.2413,-7.4712,0.2664,0.0,True,ok
data\interim\segmented\spasmodic_dysphonia\nIqc5Oj4grM_seg_058.wav,nIqc5Oj4grM_seg_058.wav,nIqc5Oj4grM,True,16000,1,3.0,-24.8935,-6.9061,0.2031,0.0,True,ok
data\interim\segmented\spasmodic_dysphonia\nIqc5Oj4grM_seg_059.wav,nIqc5Oj4grM_seg_059.wav,nIqc5Oj4grM,True,16000,1,3.0,-26.2476,-9.1177,0.3457,0.0,True,ok
data\interim\segmented\spasmodic_dysphonia\nIqc5Oj4grM_seg_060.wav,nIqc5Oj4grM_seg_060.wav,nIqc5Oj4grM,True,16000,1,3.0,-25.9813,-3.4015,0.2592,0.0,True,ok
data\interim\segmented\spasmodic_dysphonia\nIqc5Oj4grM_seg_061.wav,nIqc5Oj4grM_seg_061.wav,nIqc5Oj4grM,True,16000,1,3.0,-24.8674,-0.6784,0.4549,0.0,True,ok
data\interim\segmented\spasmodic_dysphonia\nIqc5Oj4grM_seg_062.wav,nIqc5Oj4grM_seg_062.wav,nIqc5Oj4grM,True,16000,1,3.0,-29.8902,-12.5713,0.4102,0.0,True,ok
data\interim\segmented\spasmodic_dysphonia\nIqc5Oj4grM_seg_063.wav,nIqc5Oj4grM_seg_063.wav,nIqc5Oj4grM,True,16000,1,3.0,-24.0987,-4.2408,0.2137,0.0,True,ok
data\interim\segmented\spasmodic_dysphonia\nIqc5Oj4grM_seg_064.wav,nIqc5Oj4grM_seg_064.wav,nIqc5Oj4grM,True,16000,1,3.0,-25.0007,-5.6085,0.4609,0.0,True,ok
data\interim\segmented\spasmodic_dysphonia\nIqc5Oj4grM_seg_065.wav,nIqc5Oj4grM_seg_065.wav,nIqc5Oj4grM,True,16000,1,3.0,-29.4804,-9.7898,0.3096,0.0,True,ok
data\interim\segmented\spasmodic_dysphonia\nIqc5Oj4grM_seg_066.wav,nIqc5Oj4grM_seg_066.wav,nIqc5Oj4grM,True,16000,1,3.0,-27.6833,-6.3661,0.3034,0.0,True,ok
data\interim\segmented\spasmodic_dysphonia\nIqc5Oj4grM_seg_067.wav,nIqc5Oj4grM_seg_067.wav,nIqc5Oj4grM,True,16000,1,3.0,-25.8068,-5.0971,0.2246,0.0,True,ok
data\interim\segmented\spasmodic_dysphonia\nIqc5Oj4grM_seg_068.wav,nIqc5Oj4grM_seg_068.wav,nIqc5Oj4grM,True,16000,1,3.0,-27.5948,-7.7883,0.229,0.0,True,ok
data\interim\segmented\spasmodic_dysphonia\nIqc5Oj4grM_seg_069.wav,nIqc5Oj4grM_seg_069.wav,nIqc5Oj4grM,True,16000,1,3.0,-27.2379,-7.1708,0.2853,0.0,True,ok
data\interim\segmented\spasmodic_dysphonia\nIqc5Oj4grM_seg_070.wav,nIqc5Oj4grM_seg_070.wav,nIqc5Oj4grM,True,16000,1,3.0,-24.9531,-5.2636,0.2897,0.0,True,ok
data\interim\segmented\spasmodic_dysphonia\nIqc5Oj4grM_seg_071.wav,nIqc5Oj4grM_seg_071.wav,nIqc5Oj4grM,True,16000,1,3.0,-25.0078,-4.3276,0.2805,0.0,True,ok
data\interim\segmented\spasmodic_dysphonia\nIqc5Oj4grM_seg_072.wav,nIqc5Oj4grM_seg_072.wav,nIqc5Oj4grM,True,16000,1,3.0,-25.9537,-3.6695,0.2246,0.0,True,ok
data\interim\segmented\spasmodic_dysphonia\nIqc5Oj4grM_seg_073.wav,nIqc5Oj4grM_seg_073.wav,nIqc5Oj4grM,True,16000,1,3.0,-25.8711,-2.8625,0.2446,0.0,True,ok
data\interim\segmented\spasmodic_dysphonia\nIqc5Oj4grM_seg_074.wav,nIqc5Oj4grM_seg_074.wav,nIqc5Oj4grM,True,16000,1,3.0,-25.7919,-3.0277,0.1846,0.0,True,ok
data\interim\segmented\spasmodic_dysphonia\nIqc5Oj4grM_seg_075.wav,nIqc5Oj4grM_seg_075.wav,nIqc5Oj4grM,True,16000,1,3.0,-26.6918,-9.0732,0.1756,0.0,True,ok
data\interim\segmented\spasmodic_dysphonia\nIqc5Oj4grM_seg_076.wav,nIqc5Oj4grM_seg_076.wav,nIqc5Oj4grM,True,16000,1,3.0,-27.3576,-12.9809,0.2552,0.0,True,ok
data\interim\segmented\spasmodic_dysphonia\nIqc5Oj4grM_seg_077.wav,nIqc5Oj4grM_seg_077.wav,nIqc5Oj4grM,True,16000,1,3.0,-25.3732,-2.2082,0.2398,0.0,True,ok
data\interim\segmented\spasmodic_dysphonia\nIqc5Oj4grM_seg_078.wav,nIqc5Oj4grM_seg_078.wav,nIqc5Oj4grM,True,16000,1,3.0,-27.0839,-7.0,0.2353,0.0,True,ok
data\interim\segmented\spasmodic_dysphonia\nIqc5Oj4grM_seg_079.wav,nIqc5Oj4grM_seg_079.wav,nIqc5Oj4grM,True,16000,1,3.0,-25.5777,-4.749,0.2237,0.0,True,ok
data\interim\segmented\spasmodic_dysphonia\nIqc5Oj4grM_seg_080.wav,nIqc5Oj4grM_seg_080.wav,nIqc5Oj4grM,True,16000,1,3.0,-25.9195,-8.53,0.1713,0.0,True,ok
data\interim\segmented\spasmodic_dysphonia\nIqc5Oj4grM_seg_081.wav,nIqc5Oj4grM_seg_081.wav,nIqc5Oj4grM,True,16000,1,3.0,-27.0014,-4.7894,0.2558,0.0,True,ok
data\interim\segmented\spasmodic_dysphonia\nIqc5Oj4grM_seg_082.wav,nIqc5Oj4grM_seg_082.wav,nIqc5Oj4grM,True,16000,1,3.0,-26.5873,-5.9294,0.3189,0.0,True,ok
data\interim\segmented\spasmodic_dysphonia\nIqc5Oj4grM_seg_083.wav,nIqc5Oj4grM_seg_083.wav,nIqc5Oj4grM,True,16000,1,3.0,-25.2836,-9.2167,0.5025,0.0,True,ok
data\interim\segmented\spasmodic_dysphonia\nIqc5Oj4grM_seg_084.wav,nIqc5Oj4grM_seg_084.wav,nIqc5Oj4grM,True,16000,1,3.0,-23.7743,-1.3305,0.2718,0.0,True,ok
data\interim\segmented\spasmodic_dysphonia\nIqc5Oj4grM_seg_085.wav,nIqc5Oj4grM_seg_085.wav,nIqc5Oj4grM,True,16000,1,3.0,-22.747,0.0,0.4218,0.000333,True,ok
data\interim\segmented\spasmodic_dysphonia\nIqc5Oj4grM_seg_086.wav,nIqc5Oj4grM_seg_086.wav,nIqc5Oj4grM,True,16000,1,3.0,-25.3211,-6.9143,0.3303,0.0,True,ok
data\interim\segmented\spasmodic_dysphonia\nIqc5Oj4grM_seg_087.wav,nIqc5Oj4grM_seg_087.wav,nIqc5Oj4grM,True,16000,1,3.0,-27.1223,-6.6459,0.2125,0.0,True,ok
data\interim\segmented\spasmodic_dysphonia\nIqc5Oj4grM_seg_088.wav,nIqc5Oj4grM_seg_088.wav,nIqc5Oj4grM,True,16000,1,3.0,-28.0679,-5.0079,0.437,0.0,True,ok
data\interim\segmented\spasmodic_dysphonia\nIqc5Oj4grM_seg_089.wav,nIqc5Oj4grM_seg_089.wav,nIqc5Oj4grM,True,16000,1,3.0,-23.4244,-5.0164,0.2076,0.0,True,ok
data\interim\segmented\spasmodic_dysphonia\nIqc5Oj4grM_seg_090.wav,nIqc5Oj4grM_seg_090.wav,nIqc5Oj4grM,True,16000,1,3.0,-26.8331,-6.8973,0.2891,0.0,True,ok
data\interim\segmented\spasmodic_dysphonia\nIqc5Oj4grM_seg_091.wav,nIqc5Oj4grM_seg_091.wav,nIqc5Oj4grM,True,16000,1,3.0,-26.5127,-6.2233,0.2479,0.0,True,ok
data\interim\segmented\spasmodic_dysphonia\nIqc5Oj4grM_seg_092.wav,nIqc5Oj4grM_seg_092.wav,nIqc5Oj4grM,True,16000,1,3.0,-29.9464,-9.6946,0.3334,0.0,True,ok
data\interim\segmented\spasmodic_dysphonia\nIqc5Oj4grM_seg_093.wav,nIqc5Oj4grM_seg_093.wav,nIqc5Oj4grM,True,16000,1,3.0,-25.2546,-3.628,0.3063,0.0,True,ok
data\interim\segmented\spasmodic_dysphonia\nIqc5Oj4grM_seg_094.wav,nIqc5Oj4grM_seg_094.wav,nIqc5Oj4grM,True,16000,1,3.0,-35.3288,-11.4728,0.2805,0.0,True,ok
data\interim\segmented\spasmodic_dysphonia\nIqc5Oj4grM_seg_095.wav,nIqc5Oj4grM_seg_095.wav,nIqc5Oj4grM,True,16000,1,3.0,-36.6544,-23.2808,0.2202,0.0,True,ok
data\interim\segmented\spasmodic_dysphonia\nIqc5Oj4grM_seg_096.wav,nIqc5Oj4grM_seg_096.wav,nIqc5Oj4grM,True,16000,1,3.0,-36.3451,-23.5958,0.2175,0.0,True,ok
data\interim\segmented\spasmodic_dysphonia\nIqc5Oj4grM_seg_097.wav,nIqc5Oj4grM_seg_097.wav,nIqc5Oj4grM,True,16000,1,1.548,-36.9671,-25.8807,0.2079,0.0,True,ok
data\interim\segmented\spasmodic_dysphonia\niRsTERVEEQ_seg_000.wav,niRsTERVEEQ_seg_000.wav,niRsTERVEEQ,True,16000,1,3.0,-25.2331,-12.9608,0.0824,0.0,True,ok
data\interim\segmented\spasmodic_dysphonia\niRsTERVEEQ_seg_001.wav,niRsTERVEEQ_seg_001.wav,niRsTERVEEQ,True,16000,1,3.0,-22.2809,-6.5338,0.1404,0.0,True,ok
data\interim\segmented\spasmodic_dysphonia\niRsTERVEEQ_seg_002.wav,niRsTERVEEQ_seg_002.wav,niRsTERVEEQ,True,16000,1,3.0,-25.5877,-7.8496,0.2565,0.0,True,ok
data\interim\segmented\spasmodic_dysphonia\niRsTERVEEQ_seg_003.wav,niRsTERVEEQ_seg_003.wav,niRsTERVEEQ,True,16000,1,3.0,-29.3435,-7.9975,0.5833,0.0,True,ok
data\interim\segmented\spasmodic_dysphonia\niRsTERVEEQ_seg_004.wav,niRsTERVEEQ_seg_004.wav,niRsTERVEEQ,True,16000,1,3.0,-26.9969,-7.7792,0.592,0.0,True,ok
data\interim\segmented\spasmodic_dysphonia\niRsTERVEEQ_seg_005.wav,niRsTERVEEQ_seg_005.wav,niRsTERVEEQ,True,16000,1,3.0,-23.215,-7.2847,0.3376,0.0,True,ok
data\interim\segmented\spasmodic_dysphonia\niRsTERVEEQ_seg_006.wav,niRsTERVEEQ_seg_006.wav,niRsTERVEEQ,True,16000,1,3.0,-23.9274,-5.8152,0.3013,0.0,True,ok
data\interim\segmented\spasmodic_dysphonia\niRsTERVEEQ_seg_007.wav,niRsTERVEEQ_seg_007.wav,niRsTERVEEQ,True,16000,1,3.0,-22.9172,-5.4185,0.2462,0.0,True,ok
data\interim\segmented\spasmodic_dysphonia\niRsTERVEEQ_seg_008.wav,niRsTERVEEQ_seg_008.wav,niRsTERVEEQ,True,16000,1,3.0,-27.189,-7.7779,0.4357,0.0,True,ok
data\interim\segmented\spasmodic_dysphonia\niRsTERVEEQ_seg_009.wav,niRsTERVEEQ_seg_009.wav,niRsTERVEEQ,True,16000,1,3.0,-27.8262,-9.6655,0.21,0.0,True,ok
data\interim\segmented\spasmodic_dysphonia\niRsTERVEEQ_seg_010.wav,niRsTERVEEQ_seg_010.wav,niRsTERVEEQ,True,16000,1,3.0,-27.6612,-10.2501,0.2058,0.0,True,ok
data\interim\segmented\spasmodic_dysphonia\niRsTERVEEQ_seg_011.wav,niRsTERVEEQ_seg_011.wav,niRsTERVEEQ,True,16000,1,3.0,-29.2003,-9.92,0.2808,0.0,True,ok
data\interim\segmented\spasmodic_dysphonia\niRsTERVEEQ_seg_012.wav,niRsTERVEEQ_seg_012.wav,niRsTERVEEQ,True,16000,1,3.0,-26.7826,-11.3721,0.2037,0.0,True,ok
data\interim\segmented\spasmodic_dysphonia\niRsTERVEEQ_seg_013.wav,niRsTERVEEQ_seg_013.wav,niRsTERVEEQ,True,16000,1,3.0,-27.8694,-9.512,0.2359,0.0,True,ok
data\interim\segmented\spasmodic_dysphonia\niRsTERVEEQ_seg_014.wav,niRsTERVEEQ_seg_014.wav,niRsTERVEEQ,True,16000,1,3.0,-30.5573,-14.2426,0.2585,0.0,True,ok
data\interim\segmented\spasmodic_dysphonia\niRsTERVEEQ_seg_015.wav,niRsTERVEEQ_seg_015.wav,niRsTERVEEQ,True,16000,1,3.0,-25.8661,-7.6427,0.2268,0.0,True,ok
data\interim\segmented\spasmodic_dysphonia\niRsTERVEEQ_seg_016.wav,niRsTERVEEQ_seg_016.wav,niRsTERVEEQ,True,16000,1,3.0,-27.472,-7.3246,0.4714,0.0,True,ok
data\interim\segmented\spasmodic_dysphonia\niRsTERVEEQ_seg_017.wav,niRsTERVEEQ_seg_017.wav,niRsTERVEEQ,True,16000,1,3.0,-24.6066,-7.0077,0.1829,0.0,True,ok
data\interim\segmented\spasmodic_dysphonia\niRsTERVEEQ_seg_018.wav,niRsTERVEEQ_seg_018.wav,niRsTERVEEQ,True,16000,1,3.0,-28.5371,-11.2628,0.1491,0.0,True,ok
data\interim\segmented\spasmodic_dysphonia\niRsTERVEEQ_seg_019.wav,niRsTERVEEQ_seg_019.wav,niRsTERVEEQ,True,16000,1,3.0,-26.0993,-14.5655,0.0623,0.0,True,ok
data\interim\segmented\spasmodic_dysphonia\niRsTERVEEQ_seg_020.wav,niRsTERVEEQ_seg_020.wav,niRsTERVEEQ,True,16000,1,3.0,-25.8425,-12.4194,0.0626,0.0,True,ok
data\interim\segmented\spasmodic_dysphonia\NoNFIQGDkEM_seg_000.wav,NoNFIQGDkEM_seg_000.wav,NoNFIQGDkEM,True,16000,1,3.0,-32.7661,-14.694,0.432,0.0,True,ok
data\interim\segmented\spasmodic_dysphonia\NoNFIQGDkEM_seg_001.wav,NoNFIQGDkEM_seg_001.wav,NoNFIQGDkEM,True,16000,1,3.0,-34.9938,-16.4944,0.4944,0.0,True,ok
data\interim\segmented\spasmodic_dysphonia\NoNFIQGDkEM_seg_002.wav,NoNFIQGDkEM_seg_002.wav,NoNFIQGDkEM,True,16000,1,3.0,-38.8802,-21.9662,0.5668,0.0,True,ok
data\interim\segmented\spasmodic_dysphonia\NoNFIQGDkEM_seg_003.wav,NoNFIQGDkEM_seg_003.wav,NoNFIQGDkEM,True,16000,1,3.0,-38.7636,-21.5603,0.6079,0.0,True,ok
data\interim\segmented\spasmodic_dysphonia\NoNFIQGDkEM_seg_004.wav,NoNFIQGDkEM_seg_004.wav,NoNFIQGDkEM,True,16000,1,3.0,-39.0002,-25.6694,0.6088,0.0,True,ok
data\interim\segmented\spasmodic_dysphonia\NoNFIQGDkEM_seg_005.wav,NoNFIQGDkEM_seg_005.wav,NoNFIQGDkEM,True,16000,1,3.0,-37.7276,-21.0043,0.5644,0.0,True,ok
data\interim\segmented\spasmodic_dysphonia\NoNFIQGDkEM_seg_006.wav,NoNFIQGDkEM_seg_006.wav,NoNFIQGDkEM,True,16000,1,3.0,-43.4386,-25.2519,0.7861,0.0,True,ok
data\interim\segmented\spasmodic_dysphonia\NoNFIQGDkEM_seg_007.wav,NoNFIQGDkEM_seg_007.wav,NoNFIQGDkEM,True,16000,1,3.0,-37.7069,-18.6428,0.5851,0.0,True,ok
data\interim\segmented\spasmodic_dysphonia\NoNFIQGDkEM_seg_008.wav,NoNFIQGDkEM_seg_008.wav,NoNFIQGDkEM,True,16000,1,3.0,-39.5553,-23.0744,0.6585,0.0,True,ok
data\interim\segmented\spasmodic_dysphonia\NoNFIQGDkEM_seg_009.wav,NoNFIQGDkEM_seg_009.wav,NoNFIQGDkEM,True,16000,1,3.0,-37.1611,-19.1637,0.5643,0.0,True,ok
data\interim\segmented\spasmodic_dysphonia\NoNFIQGDkEM_seg_010.wav,NoNFIQGDkEM_seg_010.wav,NoNFIQGDkEM,True,16000,1,3.0,-36.6283,-21.1514,0.4595,0.0,True,ok
data\interim\segmented\spasmodic_dysphonia\NoNFIQGDkEM_seg_011.wav,NoNFIQGDkEM_seg_011.wav,NoNFIQGDkEM,True,16000,1,3.0,-39.5111,-25.1746,0.58,0.0,True,ok
data\interim\segmented\spasmodic_dysphonia\NoNFIQGDkEM_seg_012.wav,NoNFIQGDkEM_seg_012.wav,NoNFIQGDkEM,True,16000,1,3.0,-40.1774,-24.1036,0.6777,0.0,True,ok
data\interim\segmented\spasmodic_dysphonia\NoNFIQGDkEM_seg_013.wav,NoNFIQGDkEM_seg_013.wav,NoNFIQGDkEM,True,16000,1,3.0,-40.2635,-22.168,0.5787,0.0,True,ok
data\interim\segmented\spasmodic_dysphonia\NoNFIQGDkEM_seg_014.wav,NoNFIQGDkEM_seg_014.wav,NoNFIQGDkEM,True,16000,1,3.0,-40.8803,-19.8341,0.6846,0.0,True,ok
data\interim\segmented\spasmodic_dysphonia\NoNFIQGDkEM_seg_015.wav,NoNFIQGDkEM_seg_015.wav,NoNFIQGDkEM,True,16000,1,3.0,-39.4563,-18.5436,0.6779,0.0,True,ok
data\interim\segmented\spasmodic_dysphonia\NoNFIQGDkEM_seg_016.wav,NoNFIQGDkEM_seg_016.wav,NoNFIQGDkEM,True,16000,1,3.0,-38.3971,-21.2457,0.5822,0.0,True,ok
data\interim\segmented\spasmodic_dysphonia\NoNFIQGDkEM_seg_017.wav,NoNFIQGDkEM_seg_017.wav,NoNFIQGDkEM,True,16000,1,3.0,-41.9848,-24.6702,0.7384,0.0,True,ok
data\interim\segmented\spasmodic_dysphonia\NoNFIQGDkEM_seg_018.wav,NoNFIQGDkEM_seg_018.wav,NoNFIQGDkEM,True,16000,1,3.0,-35.8859,-21.5889,0.4267,0.0,True,ok
data\interim\segmented\spasmodic_dysphonia\NoNFIQGDkEM_seg_019.wav,NoNFIQGDkEM_seg_019.wav,NoNFIQGDkEM,True,16000,1,3.0,-39.926,-22.9098,0.5852,0.0,True,ok
data\interim\segmented\spasmodic_dysphonia\NoNFIQGDkEM_seg_020.wav,NoNFIQGDkEM_seg_020.wav,NoNFIQGDkEM,True,16000,1,3.0,-40.1225,-25.7051,0.6041,0.0,True,ok
data\interim\segmented\spasmodic_dysphonia\NoNFIQGDkEM_seg_021.wav,NoNFIQGDkEM_seg_021.wav,NoNFIQGDkEM,True,16000,1,3.0,-41.3926,-25.6035,0.678,0.0,True,ok
data\interim\segmented\spasmodic_dysphonia\NoNFIQGDkEM_seg_022.wav,NoNFIQGDkEM_seg_022.wav,NoNFIQGDkEM,True,16000,1,3.0,-38.7325,-24.2149,0.6035,0.0,True,ok
data\interim\segmented\spasmodic_dysphonia\NoNFIQGDkEM_seg_023.wav,NoNFIQGDkEM_seg_023.wav,NoNFIQGDkEM,True,16000,1,3.0,-40.7856,-23.6401,0.6399,0.0,True,ok
data\interim\segmented\spasmodic_dysphonia\NoNFIQGDkEM_seg_024.wav,NoNFIQGDkEM_seg_024.wav,NoNFIQGDkEM,True,16000,1,3.0,-38.3465,-23.429,0.4858,0.0,True,ok
data\interim\segmented\spasmodic_dysphonia\NoNFIQGDkEM_seg_025.wav,NoNFIQGDkEM_seg_025.wav,NoNFIQGDkEM,True,16000,1,3.0,-44.1301,-26.9332,0.7937,0.0,True,ok
data\interim\segmented\spasmodic_dysphonia\NoNFIQGDkEM_seg_026.wav,NoNFIQGDkEM_seg_026.wav,NoNFIQGDkEM,True,16000,1,3.0,-40.9727,-26.4409,0.6219,0.0,True,ok
data\interim\segmented\spasmodic_dysphonia\NoNFIQGDkEM_seg_027.wav,NoNFIQGDkEM_seg_027.wav,NoNFIQGDkEM,True,16000,1,2.238,-42.2188,-20.2359,0.803,0.0,False,mostly_silence:0.80
data\interim\segmented\spasmodic_dysphonia\OXS_KK1MeRk_seg_000.wav,OXS_KK1MeRk_seg_000.wav,OXS_KK1MeRk,True,16000,1,3.0,-30.3814,-12.9033,0.2306,0.0,True,ok
data\interim\segmented\spasmodic_dysphonia\OXS_KK1MeRk_seg_001.wav,OXS_KK1MeRk_seg_001.wav,OXS_KK1MeRk,True,16000,1,3.0,-29.4667,-13.901,0.2372,0.0,True,ok
data\interim\segmented\spasmodic_dysphonia\OXS_KK1MeRk_seg_002.wav,OXS_KK1MeRk_seg_002.wav,OXS_KK1MeRk,True,16000,1,3.0,-30.7264,-14.7634,0.3687,0.0,True,ok
data\interim\segmented\spasmodic_dysphonia\OXS_KK1MeRk_seg_003.wav,OXS_KK1MeRk_seg_003.wav,OXS_KK1MeRk,True,16000,1,3.0,-28.0858,-13.1407,0.2246,0.0,True,ok
data\interim\segmented\spasmodic_dysphonia\OXS_KK1MeRk_seg_004.wav,OXS_KK1MeRk_seg_004.wav,OXS_KK1MeRk,True,16000,1,3.0,-30.7694,-13.178,0.373,0.0,True,ok
data\interim\segmented\spasmodic_dysphonia\OXS_KK1MeRk_seg_005.wav,OXS_KK1MeRk_seg_005.wav,OXS_KK1MeRk,True,16000,1,3.0,-28.5748,-11.0967,0.2111,0.0,True,ok
data\interim\segmented\spasmodic_dysphonia\OXS_KK1MeRk_seg_006.wav,OXS_KK1MeRk_seg_006.wav,OXS_KK1MeRk,True,16000,1,3.0,-27.5205,-8.5109,0.2685,0.0,True,ok
data\interim\segmented\spasmodic_dysphonia\OXS_KK1MeRk_seg_007.wav,OXS_KK1MeRk_seg_007.wav,OXS_KK1MeRk,True,16000,1,3.0,-30.3479,-12.4382,0.4156,0.0,True,ok
data\interim\segmented\spasmodic_dysphonia\OXS_KK1MeRk_seg_008.wav,OXS_KK1MeRk_seg_008.wav,OXS_KK1MeRk,True,16000,1,3.0,-28.3662,-12.0391,0.2661,0.0,True,ok
data\interim\segmented\spasmodic_dysphonia\OXS_KK1MeRk_seg_009.wav,OXS_KK1MeRk_seg_009.wav,OXS_KK1MeRk,True,16000,1,3.0,-29.8203,-14.2631,0.2662,0.0,True,ok
data\interim\segmented\spasmodic_dysphonia\OXS_KK1MeRk_seg_010.wav,OXS_KK1MeRk_seg_010.wav,OXS_KK1MeRk,True,16000,1,3.0,-29.9289,-11.5606,0.2119,0.0,True,ok
data\interim\segmented\spasmodic_dysphonia\OXS_KK1MeRk_seg_011.wav,OXS_KK1MeRk_seg_011.wav,OXS_KK1MeRk,True,16000,1,3.0,-28.9769,-13.669,0.1459,0.0,True,ok
data\interim\segmented\spasmodic_dysphonia\OXS_KK1MeRk_seg_012.wav,OXS_KK1MeRk_seg_012.wav,OXS_KK1MeRk,True,16000,1,3.0,-27.6484,-13.8304,0.1139,0.0,True,ok
data\interim\segmented\spasmodic_dysphonia\OXS_KK1MeRk_seg_013.wav,OXS_KK1MeRk_seg_013.wav,OXS_KK1MeRk,True,16000,1,3.0,-29.404,-11.5436,0.1898,0.0,True,ok
data\interim\segmented\spasmodic_dysphonia\OXS_KK1MeRk_seg_014.wav,OXS_KK1MeRk_seg_014.wav,OXS_KK1MeRk,True,16000,1,3.0,-28.5445,-10.4235,0.1826,0.0,True,ok
data\interim\segmented\spasmodic_dysphonia\OXS_KK1MeRk_seg_015.wav,OXS_KK1MeRk_seg_015.wav,OXS_KK1MeRk,True,16000,1,3.0,-30.4511,-12.6505,0.2255,0.0,True,ok
data\interim\segmented\spasmodic_dysphonia\OXS_KK1MeRk_seg_016.wav,OXS_KK1MeRk_seg_016.wav,OXS_KK1MeRk,True,16000,1,3.0,-26.5852,-9.7189,0.1215,0.0,True,ok
data\interim\segmented\spasmodic_dysphonia\OXS_KK1MeRk_seg_017.wav,OXS_KK1MeRk_seg_017.wav,OXS_KK1MeRk,True,16000,1,3.0,-26.7826,-10.8483,0.1785,0.0,True,ok
data\interim\segmented\spasmodic_dysphonia\OXS_KK1MeRk_seg_018.wav,OXS_KK1MeRk_seg_018.wav,OXS_KK1MeRk,True,16000,1,3.0,-28.4566,-7.1581,0.2075,0.0,True,ok
data\interim\segmented\spasmodic_dysphonia\OXS_KK1MeRk_seg_019.wav,OXS_KK1MeRk_seg_019.wav,OXS_KK1MeRk,True,16000,1,3.0,-28.2942,-11.4837,0.1931,0.0,True,ok
data\interim\segmented\spasmodic_dysphonia\OXS_KK1MeRk_seg_020.wav,OXS_KK1MeRk_seg_020.wav,OXS_KK1MeRk,True,16000,1,3.0,-28.6192,-11.8089,0.2385,0.0,True,ok
data\interim\segmented\spasmodic_dysphonia\OXS_KK1MeRk_seg_021.wav,OXS_KK1MeRk_seg_021.wav,OXS_KK1MeRk,True,16000,1,3.0,-29.3144,-11.447,0.2265,0.0,True,ok
data\interim\segmented\spasmodic_dysphonia\OXS_KK1MeRk_seg_022.wav,OXS_KK1MeRk_seg_022.wav,OXS_KK1MeRk,True,16000,1,3.0,-27.7045,-11.7708,0.1307,0.0,True,ok
data\interim\segmented\spasmodic_dysphonia\prjvqTJpQE4_seg_000.wav,prjvqTJpQE4_seg_000.wav,prjvqTJpQE4,True,16000,1,3.0,-30.1866,-11.5046,0.4659,0.0,True,ok
data\interim\segmented\spasmodic_dysphonia\prjvqTJpQE4_seg_001.wav,prjvqTJpQE4_seg_001.wav,prjvqTJpQE4,True,16000,1,3.0,-32.2611,-16.88,0.4515,0.0,True,ok
data\interim\segmented\spasmodic_dysphonia\prjvqTJpQE4_seg_002.wav,prjvqTJpQE4_seg_002.wav,prjvqTJpQE4,True,16000,1,3.0,-30.2921,-13.365,0.616,0.0,True,ok
data\interim\segmented\spasmodic_dysphonia\prjvqTJpQE4_seg_003.wav,prjvqTJpQE4_seg_003.wav,prjvqTJpQE4,True,16000,1,3.0,-29.8367,-13.2448,0.4891,0.0,True,ok
data\interim\segmented\spasmodic_dysphonia\prjvqTJpQE4_seg_004.wav,prjvqTJpQE4_seg_004.wav,prjvqTJpQE4,True,16000,1,3.0,-31.9629,-12.874,0.6631,0.0,True,ok
data\interim\segmented\spasmodic_dysphonia\prjvqTJpQE4_seg_005.wav,prjvqTJpQE4_seg_005.wav,prjvqTJpQE4,True,16000,1,3.0,-30.8222,-10.6536,0.6916,0.0,True,ok
data\interim\segmented\spasmodic_dysphonia\prjvqTJpQE4_seg_006.wav,prjvqTJpQE4_seg_006.wav,prjvqTJpQE4,True,16000,1,3.0,-26.6654,-8.5768,0.6255,0.0,True,ok
data\interim\segmented\spasmodic_dysphonia\prjvqTJpQE4_seg_007.wav,prjvqTJpQE4_seg_007.wav,prjvqTJpQE4,True,16000,1,3.0,-27.5903,-10.5987,0.6126,0.0,True,ok
data\interim\segmented\spasmodic_dysphonia\prjvqTJpQE4_seg_008.wav,prjvqTJpQE4_seg_008.wav,prjvqTJpQE4,True,16000,1,3.0,-30.6368,-14.1313,0.6192,0.0,True,ok
data\interim\segmented\spasmodic_dysphonia\prjvqTJpQE4_seg_009.wav,prjvqTJpQE4_seg_009.wav,prjvqTJpQE4,True,16000,1,3.0,-28.5833,-9.3744,0.638,0.0,True,ok
data\interim\segmented\spasmodic_dysphonia\prjvqTJpQE4_seg_010.wav,prjvqTJpQE4_seg_010.wav,prjvqTJpQE4,True,16000,1,3.0,-26.2302,-13.3538,0.5,0.0,True,ok
data\interim\segmented\spasmodic_dysphonia\prjvqTJpQE4_seg_011.wav,prjvqTJpQE4_seg_011.wav,prjvqTJpQE4,True,16000,1,3.0,-26.9336,-10.9076,0.5035,0.0,True,ok
data\interim\segmented\spasmodic_dysphonia\prjvqTJpQE4_seg_012.wav,prjvqTJpQE4_seg_012.wav,prjvqTJpQE4,True,16000,1,3.0,-27.0145,-7.1345,0.6886,0.0,True,ok
data\interim\segmented\spasmodic_dysphonia\prjvqTJpQE4_seg_013.wav,prjvqTJpQE4_seg_013.wav,prjvqTJpQE4,True,16000,1,3.0,-32.6056,-14.0588,0.6739,0.0,True,ok
data\interim\segmented\spasmodic_dysphonia\prjvqTJpQE4_seg_014.wav,prjvqTJpQE4_seg_014.wav,prjvqTJpQE4,True,16000,1,3.0,-30.5794,-13.1684,0.6833,0.0,True,ok
data\interim\segmented\spasmodic_dysphonia\prjvqTJpQE4_seg_015.wav,prjvqTJpQE4_seg_015.wav,prjvqTJpQE4,True,16000,1,3.0,-24.1964,-6.6881,0.5724,0.0,True,ok
data\interim\segmented\spasmodic_dysphonia\prjvqTJpQE4_seg_016.wav,prjvqTJpQE4_seg_016.wav,prjvqTJpQE4,True,16000,1,3.0,-30.4113,-13.3736,0.6635,0.0,True,ok
data\interim\segmented\spasmodic_dysphonia\prjvqTJpQE4_seg_017.wav,prjvqTJpQE4_seg_017.wav,prjvqTJpQE4,True,16000,1,3.0,-30.1649,-12.8531,0.6777,0.0,True,ok
data\interim\segmented\spasmodic_dysphonia\prjvqTJpQE4_seg_018.wav,prjvqTJpQE4_seg_018.wav,prjvqTJpQE4,True,16000,1,3.0,-29.0319,-11.6413,0.5523,0.0,True,ok
data\interim\segmented\spasmodic_dysphonia\prjvqTJpQE4_seg_019.wav,prjvqTJpQE4_seg_019.wav,prjvqTJpQE4,True,16000,1,3.0,-26.832,-10.1805,0.5465,0.0,True,ok
data\interim\segmented\spasmodic_dysphonia\prjvqTJpQE4_seg_020.wav,prjvqTJpQE4_seg_020.wav,prjvqTJpQE4,True,16000,1,3.0,-30.0227,-13.1926,0.5383,0.0,True,ok
data\interim\segmented\spasmodic_dysphonia\prjvqTJpQE4_seg_021.wav,prjvqTJpQE4_seg_021.wav,prjvqTJpQE4,True,16000,1,3.0,-32.8605,-13.4681,0.6519,0.0,True,ok
data\interim\segmented\spasmodic_dysphonia\prjvqTJpQE4_seg_022.wav,prjvqTJpQE4_seg_022.wav,prjvqTJpQE4,True,16000,1,3.0,-28.8694,-10.4279,0.5518,0.0,True,ok
data\interim\segmented\spasmodic_dysphonia\prjvqTJpQE4_seg_023.wav,prjvqTJpQE4_seg_023.wav,prjvqTJpQE4,True,16000,1,3.0,-28.9131,-12.2668,0.5993,0.0,True,ok
data\interim\segmented\spasmodic_dysphonia\prjvqTJpQE4_seg_024.wav,prjvqTJpQE4_seg_024.wav,prjvqTJpQE4,True,16000,1,3.0,-29.9776,-10.9039,0.5466,0.0,True,ok
data\interim\segmented\spasmodic_dysphonia\prjvqTJpQE4_seg_025.wav,prjvqTJpQE4_seg_025.wav,prjvqTJpQE4,True,16000,1,3.0,-30.5636,-11.5898,0.6249,0.0,True,ok
data\interim\segmented\spasmodic_dysphonia\prjvqTJpQE4_seg_026.wav,prjvqTJpQE4_seg_026.wav,prjvqTJpQE4,True,16000,1,3.0,-30.7452,-12.7673,0.5479,0.0,True,ok
data\interim\segmented\spasmodic_dysphonia\prjvqTJpQE4_seg_027.wav,prjvqTJpQE4_seg_027.wav,prjvqTJpQE4,True,16000,1,3.0,-30.378,-13.8031,0.55,0.0,True,ok
data\interim\segmented\spasmodic_dysphonia\prjvqTJpQE4_seg_028.wav,prjvqTJpQE4_seg_028.wav,prjvqTJpQE4,True,16000,1,3.0,-31.319,-15.4639,0.5937,0.0,True,ok
data\interim\segmented\spasmodic_dysphonia\prjvqTJpQE4_seg_029.wav,prjvqTJpQE4_seg_029.wav,prjvqTJpQE4,True,16000,1,3.0,-30.8533,-14.1868,0.6099,0.0,True,ok
data\interim\segmented\spasmodic_dysphonia\prjvqTJpQE4_seg_030.wav,prjvqTJpQE4_seg_030.wav,prjvqTJpQE4,True,16000,1,3.0,-30.5478,-13.8722,0.5073,0.0,True,ok
data\interim\segmented\spasmodic_dysphonia\prjvqTJpQE4_seg_031.wav,prjvqTJpQE4_seg_031.wav,prjvqTJpQE4,True,16000,1,3.0,-36.7151,-15.858,0.6561,0.0,True,ok
data\interim\segmented\spasmodic_dysphonia\prjvqTJpQE4_seg_032.wav,prjvqTJpQE4_seg_032.wav,prjvqTJpQE4,True,16000,1,3.0,-30.6096,-14.7445,0.5679,0.0,True,ok
data\interim\segmented\spasmodic_dysphonia\prjvqTJpQE4_seg_033.wav,prjvqTJpQE4_seg_033.wav,prjvqTJpQE4,True,16000,1,3.0,-34.2642,-14.1003,0.6254,0.0,True,ok
data\interim\segmented\spasmodic_dysphonia\RwScK54s9Ys_seg_000.wav,RwScK54s9Ys_seg_000.wav,RwScK54s9Ys,True,16000,1,3.0,-27.1885,-15.1111,0.1043,0.0,True,ok
data\interim\segmented\spasmodic_dysphonia\RwScK54s9Ys_seg_001.wav,RwScK54s9Ys_seg_001.wav,RwScK54s9Ys,True,16000,1,3.0,-30.6599,-10.6636,0.5778,0.0,True,ok
data\interim\segmented\spasmodic_dysphonia\RwScK54s9Ys_seg_002.wav,RwScK54s9Ys_seg_002.wav,RwScK54s9Ys,True,16000,1,3.0,-30.2258,-10.9412,0.6706,0.0,True,ok
data\interim\segmented\spasmodic_dysphonia\RwScK54s9Ys_seg_003.wav,RwScK54s9Ys_seg_003.wav,RwScK54s9Ys,True,16000,1,3.0,-35.1601,-13.5813,0.6665,0.0,True,ok
data\interim\segmented\spasmodic_dysphonia\RwScK54s9Ys_seg_004.wav,RwScK54s9Ys_seg_004.wav,RwScK54s9Ys,True,16000,1,3.0,-32.4528,-10.8538,0.6519,0.0,True,ok
data\interim\segmented\spasmodic_dysphonia\RwScK54s9Ys_seg_005.wav,RwScK54s9Ys_seg_005.wav,RwScK54s9Ys,True,16000,1,3.0,-36.6231,-13.6104,0.7024,0.0,True,ok
data\interim\segmented\spasmodic_dysphonia\RwScK54s9Ys_seg_006.wav,RwScK54s9Ys_seg_006.wav,RwScK54s9Ys,True,16000,1,3.0,-37.6171,-17.4577,0.7169,0.0,True,ok
data\interim\segmented\spasmodic_dysphonia\RwScK54s9Ys_seg_007.wav,RwScK54s9Ys_seg_007.wav,RwScK54s9Ys,True,16000,1,3.0,-36.3994,-14.429,0.7355,0.0,True,ok
data\interim\segmented\spasmodic_dysphonia\RwScK54s9Ys_seg_008.wav,RwScK54s9Ys_seg_008.wav,RwScK54s9Ys,True,16000,1,3.0,-44.7618,-22.8104,0.919,0.0,False,mostly_silence:0.92
data\interim\segmented\spasmodic_dysphonia\RwScK54s9Ys_seg_009.wav,RwScK54s9Ys_seg_009.wav,RwScK54s9Ys,True,16000,1,3.0,-31.4093,-10.8965,0.6486,0.0,True,ok
data\interim\segmented\spasmodic_dysphonia\RwScK54s9Ys_seg_010.wav,RwScK54s9Ys_seg_010.wav,RwScK54s9Ys,True,16000,1,3.0,-35.0257,-12.9103,0.7063,0.0,True,ok
data\interim\segmented\spasmodic_dysphonia\RwScK54s9Ys_seg_011.wav,RwScK54s9Ys_seg_011.wav,RwScK54s9Ys,True,16000,1,3.0,-38.4435,-17.1813,0.729,0.0,True,ok
data\interim\segmented\spasmodic_dysphonia\RwScK54s9Ys_seg_012.wav,RwScK54s9Ys_seg_012.wav,RwScK54s9Ys,True,16000,1,3.0,-34.2782,-11.1751,0.6814,0.0,True,ok
data\interim\segmented\spasmodic_dysphonia\RwScK54s9Ys_seg_013.wav,RwScK54s9Ys_seg_013.wav,RwScK54s9Ys,True,16000,1,3.0,-36.2693,-11.3908,0.7009,0.0,True,ok
data\interim\segmented\spasmodic_dysphonia\RwScK54s9Ys_seg_014.wav,RwScK54s9Ys_seg_014.wav,RwScK54s9Ys,True,16000,1,3.0,-37.56,-13.687,0.7381,0.0,True,ok
data\interim\segmented\spasmodic_dysphonia\RwScK54s9Ys_seg_015.wav,RwScK54s9Ys_seg_015.wav,RwScK54s9Ys,True,16000,1,3.0,-33.204,-10.7062,0.7463,0.0,True,ok
data\interim\segmented\spasmodic_dysphonia\RwScK54s9Ys_seg_016.wav,RwScK54s9Ys_seg_016.wav,RwScK54s9Ys,True,16000,1,3.0,-32.1378,-10.7948,0.6079,0.0,True,ok
data\interim\segmented\spasmodic_dysphonia\RwScK54s9Ys_seg_017.wav,RwScK54s9Ys_seg_017.wav,RwScK54s9Ys,True,16000,1,3.0,-40.6889,-17.4104,0.8125,0.0,False,mostly_silence:0.81
data\interim\segmented\spasmodic_dysphonia\RwScK54s9Ys_seg_018.wav,RwScK54s9Ys_seg_018.wav,RwScK54s9Ys,True,16000,1,3.0,-31.145,-10.6917,0.642,0.0,True,ok
data\interim\segmented\spasmodic_dysphonia\RwScK54s9Ys_seg_019.wav,RwScK54s9Ys_seg_019.wav,RwScK54s9Ys,True,16000,1,3.0,-35.7502,-13.4145,0.6864,0.0,True,ok
data\interim\segmented\spasmodic_dysphonia\RwScK54s9Ys_seg_020.wav,RwScK54s9Ys_seg_020.wav,RwScK54s9Ys,True,16000,1,3.0,-31.9406,-10.9683,0.6655,0.0,True,ok
data\interim\segmented\spasmodic_dysphonia\RwScK54s9Ys_seg_021.wav,RwScK54s9Ys_seg_021.wav,RwScK54s9Ys,True,16000,1,3.0,-33.6695,-9.6212,0.6851,0.0,True,ok
data\interim\segmented\spasmodic_dysphonia\RwScK54s9Ys_seg_022.wav,RwScK54s9Ys_seg_022.wav,RwScK54s9Ys,True,16000,1,3.0,-31.0073,-8.0945,0.5204,0.0,True,ok
data\interim\segmented\spasmodic_dysphonia\RwScK54s9Ys_seg_023.wav,RwScK54s9Ys_seg_023.wav,RwScK54s9Ys,True,16000,1,3.0,-27.6147,-7.5127,0.5263,0.0,True,ok
data\interim\segmented\spasmodic_dysphonia\RwScK54s9Ys_seg_024.wav,RwScK54s9Ys_seg_024.wav,RwScK54s9Ys,True,16000,1,3.0,-27.1703,-7.7507,0.4595,0.0,True,ok
data\interim\segmented\spasmodic_dysphonia\RwScK54s9Ys_seg_025.wav,RwScK54s9Ys_seg_025.wav,RwScK54s9Ys,True,16000,1,3.0,-32.7196,-9.4685,0.6161,0.0,True,ok
data\interim\segmented\spasmodic_dysphonia\RwScK54s9Ys_seg_026.wav,RwScK54s9Ys_seg_026.wav,RwScK54s9Ys,True,16000,1,3.0,-27.0413,-7.2242,0.6539,0.0,True,ok
data\interim\segmented\spasmodic_dysphonia\RwScK54s9Ys_seg_027.wav,RwScK54s9Ys_seg_027.wav,RwScK54s9Ys,True,16000,1,3.0,-26.3323,-7.5746,0.6166,0.0,True,ok
data\interim\segmented\spasmodic_dysphonia\RwScK54s9Ys_seg_028.wav,RwScK54s9Ys_seg_028.wav,RwScK54s9Ys,True,16000,1,3.0,-32.2616,-9.0935,0.6322,0.0,True,ok
data\interim\segmented\spasmodic_dysphonia\RwScK54s9Ys_seg_029.wav,RwScK54s9Ys_seg_029.wav,RwScK54s9Ys,True,16000,1,3.0,-31.6674,-9.3402,0.5911,0.0,True,ok
data\interim\segmented\spasmodic_dysphonia\RwScK54s9Ys_seg_030.wav,RwScK54s9Ys_seg_030.wav,RwScK54s9Ys,True,16000,1,3.0,-33.658,-13.1443,0.6475,0.0,True,ok
data\interim\segmented\spasmodic_dysphonia\RwScK54s9Ys_seg_031.wav,RwScK54s9Ys_seg_031.wav,RwScK54s9Ys,True,16000,1,3.0,-26.9418,-7.7838,0.5226,0.0,True,ok
data\interim\segmented\spasmodic_dysphonia\RwScK54s9Ys_seg_032.wav,RwScK54s9Ys_seg_032.wav,RwScK54s9Ys,True,16000,1,3.0,-34.5821,-15.7014,0.5639,0.0,True,ok
data\interim\segmented\spasmodic_dysphonia\RwScK54s9Ys_seg_033.wav,RwScK54s9Ys_seg_033.wav,RwScK54s9Ys,True,16000,1,3.0,-27.8553,-7.8673,0.5132,0.0,True,ok
data\interim\segmented\spasmodic_dysphonia\RwScK54s9Ys_seg_034.wav,RwScK54s9Ys_seg_034.wav,RwScK54s9Ys,True,16000,1,3.0,-30.8738,-8.1553,0.5932,0.0,True,ok
data\interim\segmented\spasmodic_dysphonia\RwScK54s9Ys_seg_035.wav,RwScK54s9Ys_seg_035.wav,RwScK54s9Ys,True,16000,1,3.0,-29.8167,-7.9212,0.6035,0.0,True,ok
data\interim\segmented\spasmodic_dysphonia\RwScK54s9Ys_seg_036.wav,RwScK54s9Ys_seg_036.wav,RwScK54s9Ys,True,16000,1,3.0,-27.3064,-7.9259,0.4952,0.0,True,ok
data\interim\segmented\spasmodic_dysphonia\RwScK54s9Ys_seg_037.wav,RwScK54s9Ys_seg_037.wav,RwScK54s9Ys,True,16000,1,3.0,-27.3409,-7.9988,0.5914,0.0,True,ok
data\interim\segmented\spasmodic_dysphonia\RwScK54s9Ys_seg_038.wav,RwScK54s9Ys_seg_038.wav,RwScK54s9Ys,True,16000,1,3.0,-25.1248,-7.6083,0.6179,0.0,True,ok
data\interim\segmented\spasmodic_dysphonia\RwScK54s9Ys_seg_039.wav,RwScK54s9Ys_seg_039.wav,RwScK54s9Ys,True,16000,1,3.0,-28.4962,-7.9755,0.4377,0.0,True,ok
data\interim\segmented\spasmodic_dysphonia\RwScK54s9Ys_seg_040.wav,RwScK54s9Ys_seg_040.wav,RwScK54s9Ys,True,16000,1,3.0,-33.3827,-8.5961,0.7087,0.0,True,ok
data\interim\segmented\spasmodic_dysphonia\RwScK54s9Ys_seg_041.wav,RwScK54s9Ys_seg_041.wav,RwScK54s9Ys,True,16000,1,3.0,-25.0061,-7.5108,0.5868,0.0,True,ok
data\interim\segmented\spasmodic_dysphonia\RwScK54s9Ys_seg_042.wav,RwScK54s9Ys_seg_042.wav,RwScK54s9Ys,True,16000,1,3.0,-25.4769,-7.8706,0.6301,0.0,True,ok
data\interim\segmented\spasmodic_dysphonia\RwScK54s9Ys_seg_043.wav,RwScK54s9Ys_seg_043.wav,RwScK54s9Ys,True,16000,1,3.0,-27.1305,-7.9193,0.64,0.0,True,ok
data\interim\segmented\spasmodic_dysphonia\RwScK54s9Ys_seg_044.wav,RwScK54s9Ys_seg_044.wav,RwScK54s9Ys,True,16000,1,3.0,-26.1599,-7.5733,0.6276,0.0,True,ok
data\interim\segmented\spasmodic_dysphonia\RwScK54s9Ys_seg_045.wav,RwScK54s9Ys_seg_045.wav,RwScK54s9Ys,True,16000,1,3.0,-28.7874,-7.7294,0.5065,0.0,True,ok
data\interim\segmented\spasmodic_dysphonia\RwScK54s9Ys_seg_046.wav,RwScK54s9Ys_seg_046.wav,RwScK54s9Ys,True,16000,1,3.0,-29.2598,-7.8804,0.5891,0.0,True,ok
data\interim\segmented\spasmodic_dysphonia\RwScK54s9Ys_seg_047.wav,RwScK54s9Ys_seg_047.wav,RwScK54s9Ys,True,16000,1,3.0,-23.5952,-7.4662,0.5966,0.0,True,ok
data\interim\segmented\spasmodic_dysphonia\RwScK54s9Ys_seg_048.wav,RwScK54s9Ys_seg_048.wav,RwScK54s9Ys,True,16000,1,3.0,-25.3289,-7.5278,0.5483,0.0,True,ok
data\interim\segmented\spasmodic_dysphonia\RwScK54s9Ys_seg_049.wav,RwScK54s9Ys_seg_049.wav,RwScK54s9Ys,True,16000,1,3.0,-26.3017,-7.7404,0.4596,0.0,True,ok
data\interim\segmented\spasmodic_dysphonia\RwScK54s9Ys_seg_050.wav,RwScK54s9Ys_seg_050.wav,RwScK54s9Ys,True,16000,1,3.0,-26.0523,-7.6248,0.5624,0.0,True,ok
data\interim\segmented\spasmodic_dysphonia\RwScK54s9Ys_seg_051.wav,RwScK54s9Ys_seg_051.wav,RwScK54s9Ys,True,16000,1,3.0,-28.2061,-10.5754,0.6349,0.0,True,ok
data\interim\segmented\spasmodic_dysphonia\RwScK54s9Ys_seg_052.wav,RwScK54s9Ys_seg_052.wav,RwScK54s9Ys,True,16000,1,3.0,-31.3729,-10.8197,0.5869,0.0,True,ok
data\interim\segmented\spasmodic_dysphonia\RwScK54s9Ys_seg_053.wav,RwScK54s9Ys_seg_053.wav,RwScK54s9Ys,True,16000,1,3.0,-35.2129,-16.6842,0.6035,0.0,True,ok
data\interim\segmented\spasmodic_dysphonia\RwScK54s9Ys_seg_054.wav,RwScK54s9Ys_seg_054.wav,RwScK54s9Ys,True,16000,1,3.0,-36.1105,-14.1407,0.716,0.0,True,ok
data\interim\segmented\spasmodic_dysphonia\RwScK54s9Ys_seg_055.wav,RwScK54s9Ys_seg_055.wav,RwScK54s9Ys,True,16000,1,3.0,-33.4648,-11.9358,0.6684,0.0,True,ok
data\interim\segmented\spasmodic_dysphonia\RwScK54s9Ys_seg_056.wav,RwScK54s9Ys_seg_056.wav,RwScK54s9Ys,True,16000,1,3.0,-33.4535,-10.8826,0.616,0.0,True,ok
data\interim\segmented\spasmodic_dysphonia\RwScK54s9Ys_seg_057.wav,RwScK54s9Ys_seg_057.wav,RwScK54s9Ys,True,16000,1,3.0,-27.7063,-10.4429,0.6714,0.0,True,ok
data\interim\segmented\spasmodic_dysphonia\RwScK54s9Ys_seg_058.wav,RwScK54s9Ys_seg_058.wav,RwScK54s9Ys,True,16000,1,3.0,-32.2149,-10.8004,0.6865,0.0,True,ok
data\interim\segmented\spasmodic_dysphonia\RwScK54s9Ys_seg_059.wav,RwScK54s9Ys_seg_059.wav,RwScK54s9Ys,True,16000,1,3.0,-30.6792,-10.989,0.6566,0.0,True,ok
data\interim\segmented\spasmodic_dysphonia\RwScK54s9Ys_seg_060.wav,RwScK54s9Ys_seg_060.wav,RwScK54s9Ys,True,16000,1,3.0,-35.3746,-12.5454,0.7338,0.0,True,ok
data\interim\segmented\spasmodic_dysphonia\RwScK54s9Ys_seg_061.wav,RwScK54s9Ys_seg_061.wav,RwScK54s9Ys,True,16000,1,3.0,-34.5259,-12.78,0.6056,0.0,True,ok
data\interim\segmented\spasmodic_dysphonia\RwScK54s9Ys_seg_062.wav,RwScK54s9Ys_seg_062.wav,RwScK54s9Ys,True,16000,1,3.0,-29.7898,-7.7987,0.6186,0.0,True,ok
data\interim\segmented\spasmodic_dysphonia\RwScK54s9Ys_seg_063.wav,RwScK54s9Ys_seg_063.wav,RwScK54s9Ys,True,16000,1,3.0,-32.8991,-10.4677,0.6803,0.0,True,ok
data\interim\segmented\spasmodic_dysphonia\RwScK54s9Ys_seg_064.wav,RwScK54s9Ys_seg_064.wav,RwScK54s9Ys,True,16000,1,3.0,-34.8636,-11.2852,0.7248,0.0,True,ok
data\interim\segmented\spasmodic_dysphonia\RwScK54s9Ys_seg_065.wav,RwScK54s9Ys_seg_065.wav,RwScK54s9Ys,True,16000,1,3.0,-32.9661,-11.6941,0.6429,0.0,True,ok
data\interim\segmented\spasmodic_dysphonia\RwScK54s9Ys_seg_066.wav,RwScK54s9Ys_seg_066.wav,RwScK54s9Ys,True,16000,1,3.0,-37.2268,-18.5413,0.6794,0.0,True,ok
data\interim\segmented\spasmodic_dysphonia\RwScK54s9Ys_seg_067.wav,RwScK54s9Ys_seg_067.wav,RwScK54s9Ys,True,16000,1,3.0,-34.9677,-10.7866,0.6697,0.0,True,ok
data\interim\segmented\spasmodic_dysphonia\RwScK54s9Ys_seg_068.wav,RwScK54s9Ys_seg_068.wav,RwScK54s9Ys,True,16000,1,3.0,-29.542,-7.8274,0.6812,0.0,True,ok
data\interim\segmented\spasmodic_dysphonia\RwScK54s9Ys_seg_069.wav,RwScK54s9Ys_seg_069.wav,RwScK54s9Ys,True,16000,1,3.0,-28.6193,-7.7139,0.6038,0.0,True,ok
data\interim\segmented\spasmodic_dysphonia\RwScK54s9Ys_seg_070.wav,RwScK54s9Ys_seg_070.wav,RwScK54s9Ys,True,16000,1,3.0,-38.9957,-25.777,0.3454,0.0,True,ok
data\interim\segmented\spasmodic_dysphonia\RwScK54s9Ys_seg_071.wav,RwScK54s9Ys_seg_071.wav,RwScK54s9Ys,True,16000,1,3.0,-38.7756,-27.6255,0.286,0.0,True,ok
data\interim\segmented\spasmodic_dysphonia\RwScK54s9Ys_seg_072.wav,RwScK54s9Ys_seg_072.wav,RwScK54s9Ys,True,16000,1,3.0,-38.6372,-25.7205,0.2807,0.0,True,ok
data\interim\segmented\spasmodic_dysphonia\s5j1RbYLwQY_seg_000.wav,s5j1RbYLwQY_seg_000.wav,s5j1RbYLwQY,True,16000,1,3.0,-25.6011,-6.8156,0.589,0.0,True,ok
data\interim\segmented\spasmodic_dysphonia\s5j1RbYLwQY_seg_001.wav,s5j1RbYLwQY_seg_001.wav,s5j1RbYLwQY,True,16000,1,3.0,-26.8616,-8.0482,0.3982,0.0,True,ok
data\interim\segmented\spasmodic_dysphonia\s5j1RbYLwQY_seg_002.wav,s5j1RbYLwQY_seg_002.wav,s5j1RbYLwQY,True,16000,1,3.0,-24.5851,-7.5784,0.6134,0.0,True,ok
data\interim\segmented\spasmodic_dysphonia\s5j1RbYLwQY_seg_003.wav,s5j1RbYLwQY_seg_003.wav,s5j1RbYLwQY,True,16000,1,3.0,-27.1099,-9.3549,0.5115,0.0,True,ok
data\interim\segmented\spasmodic_dysphonia\s5j1RbYLwQY_seg_004.wav,s5j1RbYLwQY_seg_004.wav,s5j1RbYLwQY,True,16000,1,3.0,-29.6,-10.1055,0.5347,0.0,True,ok
data\interim\segmented\spasmodic_dysphonia\s5j1RbYLwQY_seg_005.wav,s5j1RbYLwQY_seg_005.wav,s5j1RbYLwQY,True,16000,1,3.0,-21.9993,-7.2394,0.4093,0.0,True,ok
data\interim\segmented\spasmodic_dysphonia\s5j1RbYLwQY_seg_006.wav,s5j1RbYLwQY_seg_006.wav,s5j1RbYLwQY,True,16000,1,3.0,-25.5894,-9.676,0.5154,0.0,True,ok
data\interim\segmented\spasmodic_dysphonia\s5j1RbYLwQY_seg_007.wav,s5j1RbYLwQY_seg_007.wav,s5j1RbYLwQY,True,16000,1,3.0,-25.5362,-9.4938,0.3726,0.0,True,ok
data\interim\segmented\spasmodic_dysphonia\s5j1RbYLwQY_seg_008.wav,s5j1RbYLwQY_seg_008.wav,s5j1RbYLwQY,True,16000,1,3.0,-30.4993,-10.9796,0.662,0.0,True,ok
data\interim\segmented\spasmodic_dysphonia\s5j1RbYLwQY_seg_009.wav,s5j1RbYLwQY_seg_009.wav,s5j1RbYLwQY,True,16000,1,3.0,-25.5524,-7.3722,0.3942,0.0,True,ok
data\interim\segmented\spasmodic_dysphonia\s5j1RbYLwQY_seg_010.wav,s5j1RbYLwQY_seg_010.wav,s5j1RbYLwQY,True,16000,1,3.0,-26.2593,-7.7637,0.5316,0.0,True,ok
data\interim\segmented\spasmodic_dysphonia\s5j1RbYLwQY_seg_011.wav,s5j1RbYLwQY_seg_011.wav,s5j1RbYLwQY,True,16000,1,3.0,-26.8878,-9.1892,0.5742,0.0,True,ok
data\interim\segmented\spasmodic_dysphonia\s5j1RbYLwQY_seg_012.wav,s5j1RbYLwQY_seg_012.wav,s5j1RbYLwQY,True,16000,1,3.0,-27.6634,-7.402,0.551,0.0,True,ok
data\interim\segmented\spasmodic_dysphonia\s5j1RbYLwQY_seg_013.wav,s5j1RbYLwQY_seg_013.wav,s5j1RbYLwQY,True,16000,1,3.0,-30.8708,-8.1363,0.6926,0.0,True,ok
data\interim\segmented\spasmodic_dysphonia\s5j1RbYLwQY_seg_014.wav,s5j1RbYLwQY_seg_014.wav,s5j1RbYLwQY,True,16000,1,3.0,-27.3839,-8.0542,0.4972,0.0,True,ok
data\interim\segmented\spasmodic_dysphonia\s5j1RbYLwQY_seg_015.wav,s5j1RbYLwQY_seg_015.wav,s5j1RbYLwQY,True,16000,1,3.0,-27.6123,-9.7465,0.5314,0.0,True,ok
data\interim\segmented\spasmodic_dysphonia\s5j1RbYLwQY_seg_016.wav,s5j1RbYLwQY_seg_016.wav,s5j1RbYLwQY,True,16000,1,3.0,-27.353,-7.7792,0.6055,0.0,True,ok
data\interim\segmented\spasmodic_dysphonia\s5j1RbYLwQY_seg_017.wav,s5j1RbYLwQY_seg_017.wav,s5j1RbYLwQY,True,16000,1,3.0,-29.2782,-9.5223,0.5225,0.0,True,ok
data\interim\segmented\spasmodic_dysphonia\s5j1RbYLwQY_seg_018.wav,s5j1RbYLwQY_seg_018.wav,s5j1RbYLwQY,True,16000,1,3.0,-29.5437,-11.8213,0.5689,0.0,True,ok
data\interim\segmented\spasmodic_dysphonia\s5j1RbYLwQY_seg_019.wav,s5j1RbYLwQY_seg_019.wav,s5j1RbYLwQY,True,16000,1,3.0,-27.611,-11.737,0.3674,0.0,True,ok
data\interim\segmented\spasmodic_dysphonia\s5j1RbYLwQY_seg_020.wav,s5j1RbYLwQY_seg_020.wav,s5j1RbYLwQY,True,16000,1,3.0,-28.2654,-6.7918,0.6666,0.0,True,ok
data\interim\segmented\spasmodic_dysphonia\s5j1RbYLwQY_seg_021.wav,s5j1RbYLwQY_seg_021.wav,s5j1RbYLwQY,True,16000,1,3.0,-23.8063,-7.5165,0.2674,0.0,True,ok
data\interim\segmented\spasmodic_dysphonia\s5j1RbYLwQY_seg_022.wav,s5j1RbYLwQY_seg_022.wav,s5j1RbYLwQY,True,16000,1,3.0,-28.918,-11.4233,0.4753,0.0,True,ok
data\interim\segmented\spasmodic_dysphonia\s5j1RbYLwQY_seg_023.wav,s5j1RbYLwQY_seg_023.wav,s5j1RbYLwQY,True,16000,1,3.0,-27.1312,-7.41,0.5972,0.0,True,ok
data\interim\segmented\spasmodic_dysphonia\s5j1RbYLwQY_seg_024.wav,s5j1RbYLwQY_seg_024.wav,s5j1RbYLwQY,True,16000,1,3.0,-24.9281,-9.4166,0.3077,0.0,True,ok
data\interim\segmented\spasmodic_dysphonia\s5j1RbYLwQY_seg_025.wav,s5j1RbYLwQY_seg_025.wav,s5j1RbYLwQY,True,16000,1,3.0,-32.9275,-11.0012,0.6102,0.0,True,ok
data\interim\segmented\spasmodic_dysphonia\SqzfsKMaLqk_seg_000.wav,SqzfsKMaLqk_seg_000.wav,SqzfsKMaLqk,True,16000,1,3.0,-25.3348,-9.0762,0.2955,0.0,True,ok
data\interim\segmented\spasmodic_dysphonia\SqzfsKMaLqk_seg_001.wav,SqzfsKMaLqk_seg_001.wav,SqzfsKMaLqk,True,16000,1,3.0,-27.5659,-12.3148,0.209,0.0,True,ok
data\interim\segmented\spasmodic_dysphonia\SqzfsKMaLqk_seg_002.wav,SqzfsKMaLqk_seg_002.wav,SqzfsKMaLqk,True,16000,1,3.0,-25.5016,-9.5996,0.2132,0.0,True,ok
data\interim\segmented\spasmodic_dysphonia\SqzfsKMaLqk_seg_003.wav,SqzfsKMaLqk_seg_003.wav,SqzfsKMaLqk,True,16000,1,3.0,-25.1208,-10.0413,0.1785,0.0,True,ok
data\interim\segmented\spasmodic_dysphonia\SqzfsKMaLqk_seg_004.wav,SqzfsKMaLqk_seg_004.wav,SqzfsKMaLqk,True,16000,1,3.0,-27.961,-11.7002,0.2915,0.0,True,ok
data\interim\segmented\spasmodic_dysphonia\SqzfsKMaLqk_seg_005.wav,SqzfsKMaLqk_seg_005.wav,SqzfsKMaLqk,True,16000,1,3.0,-27.9321,-9.9591,0.5711,0.0,True,ok
data\interim\segmented\spasmodic_dysphonia\SqzfsKMaLqk_seg_006.wav,SqzfsKMaLqk_seg_006.wav,SqzfsKMaLqk,True,16000,1,3.0,-27.043,-10.3875,0.2664,0.0,True,ok
data\interim\segmented\spasmodic_dysphonia\SqzfsKMaLqk_seg_007.wav,SqzfsKMaLqk_seg_007.wav,SqzfsKMaLqk,True,16000,1,3.0,-27.6349,-10.6401,0.2856,0.0,True,ok
data\interim\segmented\spasmodic_dysphonia\SqzfsKMaLqk_seg_008.wav,SqzfsKMaLqk_seg_008.wav,SqzfsKMaLqk,True,16000,1,3.0,-27.0461,-8.9386,0.3112,0.0,True,ok
data\interim\segmented\spasmodic_dysphonia\SqzfsKMaLqk_seg_009.wav,SqzfsKMaLqk_seg_009.wav,SqzfsKMaLqk,True,16000,1,3.0,-26.6884,-11.6372,0.5045,0.0,True,ok
data\interim\segmented\spasmodic_dysphonia\SqzfsKMaLqk_seg_010.wav,SqzfsKMaLqk_seg_010.wav,SqzfsKMaLqk,True,16000,1,3.0,-24.7502,-14.0762,0.2666,0.0,True,ok
data\interim\segmented\spasmodic_dysphonia\SqzfsKMaLqk_seg_011.wav,SqzfsKMaLqk_seg_011.wav,SqzfsKMaLqk,True,16000,1,3.0,-28.9984,-11.9264,0.6943,0.0,True,ok
data\interim\segmented\spasmodic_dysphonia\SqzfsKMaLqk_seg_012.wav,SqzfsKMaLqk_seg_012.wav,SqzfsKMaLqk,True,16000,1,3.0,-25.1039,-10.9468,0.1232,0.0,True,ok
data\interim\segmented\spasmodic_dysphonia\SqzfsKMaLqk_seg_013.wav,SqzfsKMaLqk_seg_013.wav,SqzfsKMaLqk,True,16000,1,3.0,-27.9266,-11.072,0.2246,0.0,True,ok
data\interim\segmented\spasmodic_dysphonia\SqzfsKMaLqk_seg_014.wav,SqzfsKMaLqk_seg_014.wav,SqzfsKMaLqk,True,16000,1,3.0,-25.5689,-11.7022,0.3447,0.0,True,ok
data\interim\segmented\spasmodic_dysphonia\SqzfsKMaLqk_seg_015.wav,SqzfsKMaLqk_seg_015.wav,SqzfsKMaLqk,True,16000,1,3.0,-28.2506,-5.6827,0.2322,0.0,True,ok
data\interim\segmented\spasmodic_dysphonia\SqzfsKMaLqk_seg_016.wav,SqzfsKMaLqk_seg_016.wav,SqzfsKMaLqk,True,16000,1,3.0,-29.4632,-11.02,0.2939,0.0,True,ok
data\interim\segmented\spasmodic_dysphonia\SqzfsKMaLqk_seg_017.wav,SqzfsKMaLqk_seg_017.wav,SqzfsKMaLqk,True,16000,1,3.0,-30.7949,-11.2764,0.3153,0.0,True,ok
data\interim\segmented\spasmodic_dysphonia\SqzfsKMaLqk_seg_018.wav,SqzfsKMaLqk_seg_018.wav,SqzfsKMaLqk,True,16000,1,3.0,-24.5189,-8.5868,0.4298,0.0,True,ok
data\interim\segmented\spasmodic_dysphonia\SqzfsKMaLqk_seg_019.wav,SqzfsKMaLqk_seg_019.wav,SqzfsKMaLqk,True,16000,1,3.0,-23.5237,-10.1149,0.294,0.0,True,ok
data\interim\segmented\spasmodic_dysphonia\SqzfsKMaLqk_seg_020.wav,SqzfsKMaLqk_seg_020.wav,SqzfsKMaLqk,True,16000,1,3.0,-26.8926,-5.7246,0.4291,0.0,True,ok
data\interim\segmented\spasmodic_dysphonia\SqzfsKMaLqk_seg_021.wav,SqzfsKMaLqk_seg_021.wav,SqzfsKMaLqk,True,16000,1,3.0,-27.5538,-4.8185,0.3464,0.0,True,ok
data\interim\segmented\spasmodic_dysphonia\SqzfsKMaLqk_seg_022.wav,SqzfsKMaLqk_seg_022.wav,SqzfsKMaLqk,True,16000,1,3.0,-27.7145,-7.6728,0.2717,0.0,True,ok
data\interim\segmented\spasmodic_dysphonia\SqzfsKMaLqk_seg_023.wav,SqzfsKMaLqk_seg_023.wav,SqzfsKMaLqk,True,16000,1,3.0,-29.9096,-11.4827,0.4738,0.0,True,ok
data\interim\segmented\spasmodic_dysphonia\SqzfsKMaLqk_seg_024.wav,SqzfsKMaLqk_seg_024.wav,SqzfsKMaLqk,True,16000,1,3.0,-26.3962,-6.3419,0.2789,0.0,True,ok
data\interim\segmented\spasmodic_dysphonia\SqzfsKMaLqk_seg_025.wav,SqzfsKMaLqk_seg_025.wav,SqzfsKMaLqk,True,16000,1,3.0,-28.2507,-9.6261,0.3147,0.0,True,ok
data\interim\segmented\spasmodic_dysphonia\SqzfsKMaLqk_seg_026.wav,SqzfsKMaLqk_seg_026.wav,SqzfsKMaLqk,True,16000,1,3.0,-40.8415,-14.3429,0.8258,0.0,False,mostly_silence:0.83
data\interim\segmented\spasmodic_dysphonia\SqzfsKMaLqk_seg_027.wav,SqzfsKMaLqk_seg_027.wav,SqzfsKMaLqk,True,16000,1,3.0,-26.9576,-8.6182,0.3345,0.0,True,ok
data\interim\segmented\spasmodic_dysphonia\SqzfsKMaLqk_seg_028.wav,SqzfsKMaLqk_seg_028.wav,SqzfsKMaLqk,True,16000,1,3.0,-28.798,-10.0497,0.357,0.0,True,ok
data\interim\segmented\spasmodic_dysphonia\SqzfsKMaLqk_seg_029.wav,SqzfsKMaLqk_seg_029.wav,SqzfsKMaLqk,True,16000,1,3.0,-28.7324,-11.6403,0.3799,0.0,True,ok
data\interim\segmented\spasmodic_dysphonia\SqzfsKMaLqk_seg_030.wav,SqzfsKMaLqk_seg_030.wav,SqzfsKMaLqk,True,16000,1,3.0,-29.6403,-11.7626,0.3297,0.0,True,ok
data\interim\segmented\spasmodic_dysphonia\SqzfsKMaLqk_seg_031.wav,SqzfsKMaLqk_seg_031.wav,SqzfsKMaLqk,True,16000,1,3.0,-28.9855,-13.1142,0.3754,0.0,True,ok
data\interim\segmented\spasmodic_dysphonia\SqzfsKMaLqk_seg_032.wav,SqzfsKMaLqk_seg_032.wav,SqzfsKMaLqk,True,16000,1,3.0,-31.9448,-14.2481,0.5452,0.0,True,ok
data\interim\segmented\spasmodic_dysphonia\SqzfsKMaLqk_seg_033.wav,SqzfsKMaLqk_seg_033.wav,SqzfsKMaLqk,True,16000,1,3.0,-28.0867,-7.7043,0.3225,0.0,True,ok
data\interim\segmented\spasmodic_dysphonia\SqzfsKMaLqk_seg_034.wav,SqzfsKMaLqk_seg_034.wav,SqzfsKMaLqk,True,16000,1,3.0,-30.8787,-16.4186,0.3266,0.0,True,ok
data\interim\segmented\spasmodic_dysphonia\SqzfsKMaLqk_seg_035.wav,SqzfsKMaLqk_seg_035.wav,SqzfsKMaLqk,True,16000,1,3.0,-27.1047,-7.2675,0.7231,0.0,True,ok
data\interim\segmented\spasmodic_dysphonia\SqzfsKMaLqk_seg_036.wav,SqzfsKMaLqk_seg_036.wav,SqzfsKMaLqk,True,16000,1,3.0,-28.3681,-7.8844,0.7007,0.0,True,ok
data\interim\segmented\spasmodic_dysphonia\SqzfsKMaLqk_seg_037.wav,SqzfsKMaLqk_seg_037.wav,SqzfsKMaLqk,True,16000,1,3.0,-25.8433,-12.1597,0.1391,0.0,True,ok
data\interim\segmented\spasmodic_dysphonia\SqzfsKMaLqk_seg_038.wav,SqzfsKMaLqk_seg_038.wav,SqzfsKMaLqk,True,16000,1,3.0,-28.0224,-13.8031,0.1399,0.0,True,ok
data\interim\segmented\spasmodic_dysphonia\SqzfsKMaLqk_seg_039.wav,SqzfsKMaLqk_seg_039.wav,SqzfsKMaLqk,True,16000,1,3.0,-33.0579,-7.0667,0.6599,0.0,True,ok
data\interim\segmented\spasmodic_dysphonia\SqzfsKMaLqk_seg_040.wav,SqzfsKMaLqk_seg_040.wav,SqzfsKMaLqk,True,16000,1,3.0,-24.805,-7.0721,0.0665,0.0,True,ok
data\interim\segmented\spasmodic_dysphonia\SqzfsKMaLqk_seg_041.wav,SqzfsKMaLqk_seg_041.wav,SqzfsKMaLqk,True,16000,1,3.0,-26.7902,-8.3209,0.5822,0.0,True,ok
data\interim\segmented\spasmodic_dysphonia\SqzfsKMaLqk_seg_042.wav,SqzfsKMaLqk_seg_042.wav,SqzfsKMaLqk,True,16000,1,3.0,-25.5745,-10.4544,0.3306,0.0,True,ok
data\interim\segmented\spasmodic_dysphonia\SqzfsKMaLqk_seg_043.wav,SqzfsKMaLqk_seg_043.wav,SqzfsKMaLqk,True,16000,1,3.0,-25.4891,-12.329,0.5279,0.0,True,ok
data\interim\segmented\spasmodic_dysphonia\SqzfsKMaLqk_seg_044.wav,SqzfsKMaLqk_seg_044.wav,SqzfsKMaLqk,True,16000,1,3.0,-28.0413,-14.791,0.264,0.0,True,ok
data\interim\segmented\spasmodic_dysphonia\SqzfsKMaLqk_seg_045.wav,SqzfsKMaLqk_seg_045.wav,SqzfsKMaLqk,True,16000,1,3.0,-25.3669,-12.9197,0.1449,0.0,True,ok
data\interim\segmented\spasmodic_dysphonia\SqzfsKMaLqk_seg_046.wav,SqzfsKMaLqk_seg_046.wav,SqzfsKMaLqk,True,16000,1,3.0,-26.7079,-9.0626,0.218,0.0,True,ok
data\interim\segmented\spasmodic_dysphonia\SqzfsKMaLqk_seg_047.wav,SqzfsKMaLqk_seg_047.wav,SqzfsKMaLqk,True,16000,1,3.0,-26.2322,-12.6824,0.526,0.0,True,ok
data\interim\segmented\spasmodic_dysphonia\SqzfsKMaLqk_seg_048.wav,SqzfsKMaLqk_seg_048.wav,SqzfsKMaLqk,True,16000,1,3.0,-24.8996,-6.0925,0.0845,0.0,True,ok
data\interim\segmented\spasmodic_dysphonia\SqzfsKMaLqk_seg_049.wav,SqzfsKMaLqk_seg_049.wav,SqzfsKMaLqk,True,16000,1,3.0,-30.3469,-16.3227,0.7687,0.0,True,ok
data\interim\segmented\spasmodic_dysphonia\SqzfsKMaLqk_seg_050.wav,SqzfsKMaLqk_seg_050.wav,SqzfsKMaLqk,True,16000,1,3.0,-26.4336,-6.7157,0.33,0.0,True,ok
data\interim\segmented\spasmodic_dysphonia\SqzfsKMaLqk_seg_051.wav,SqzfsKMaLqk_seg_051.wav,SqzfsKMaLqk,True,16000,1,3.0,-26.9349,-7.1853,0.2761,0.0,True,ok
data\interim\segmented\spasmodic_dysphonia\SqzfsKMaLqk_seg_052.wav,SqzfsKMaLqk_seg_052.wav,SqzfsKMaLqk,True,16000,1,3.0,-26.0254,-11.2628,0.2465,0.0,True,ok
data\interim\segmented\spasmodic_dysphonia\SqzfsKMaLqk_seg_053.wav,SqzfsKMaLqk_seg_053.wav,SqzfsKMaLqk,True,16000,1,3.0,-26.4837,-10.7399,0.1973,0.0,True,ok
data\interim\segmented\spasmodic_dysphonia\SqzfsKMaLqk_seg_054.wav,SqzfsKMaLqk_seg_054.wav,SqzfsKMaLqk,True,16000,1,3.0,-27.9502,-11.3554,0.1719,0.0,True,ok
data\interim\segmented\spasmodic_dysphonia\SqzfsKMaLqk_seg_055.wav,SqzfsKMaLqk_seg_055.wav,SqzfsKMaLqk,True,16000,1,3.0,-31.5978,-15.527,0.316,0.0,True,ok
data\interim\segmented\spasmodic_dysphonia\SqzfsKMaLqk_seg_056.wav,SqzfsKMaLqk_seg_056.wav,SqzfsKMaLqk,True,16000,1,3.0,-27.7791,-9.1374,0.1695,0.0,True,ok
data\interim\segmented\spasmodic_dysphonia\SqzfsKMaLqk_seg_057.wav,SqzfsKMaLqk_seg_057.wav,SqzfsKMaLqk,True,16000,1,3.0,-33.8652,-11.4897,0.3105,0.0,True,ok
data\interim\segmented\spasmodic_dysphonia\SqzfsKMaLqk_seg_058.wav,SqzfsKMaLqk_seg_058.wav,SqzfsKMaLqk,True,16000,1,3.0,-35.5622,-13.3022,0.5776,0.0,True,ok
data\interim\segmented\spasmodic_dysphonia\SqzfsKMaLqk_seg_059.wav,SqzfsKMaLqk_seg_059.wav,SqzfsKMaLqk,True,16000,1,3.0,-26.5788,-10.4588,0.4356,0.0,True,ok
data\interim\segmented\spasmodic_dysphonia\SqzfsKMaLqk_seg_060.wav,SqzfsKMaLqk_seg_060.wav,SqzfsKMaLqk,True,16000,1,3.0,-29.1616,-9.7849,0.3877,0.0,True,ok
data\interim\segmented\spasmodic_dysphonia\SqzfsKMaLqk_seg_061.wav,SqzfsKMaLqk_seg_061.wav,SqzfsKMaLqk,True,16000,1,3.0,-23.7535,-9.4488,0.0881,0.0,True,ok
data\interim\segmented\spasmodic_dysphonia\SqzfsKMaLqk_seg_062.wav,SqzfsKMaLqk_seg_062.wav,SqzfsKMaLqk,True,16000,1,3.0,-28.1828,-11.1837,0.3323,0.0,True,ok
data\interim\segmented\spasmodic_dysphonia\SqzfsKMaLqk_seg_063.wav,SqzfsKMaLqk_seg_063.wav,SqzfsKMaLqk,True,16000,1,3.0,-30.0228,-8.391,0.5683,0.0,True,ok
data\interim\segmented\spasmodic_dysphonia\SqzfsKMaLqk_seg_064.wav,SqzfsKMaLqk_seg_064.wav,SqzfsKMaLqk,True,16000,1,3.0,-23.4023,-7.1502,0.3676,0.0,True,ok
data\interim\segmented\spasmodic_dysphonia\SqzfsKMaLqk_seg_065.wav,SqzfsKMaLqk_seg_065.wav,SqzfsKMaLqk,True,16000,1,3.0,-24.6895,-7.5234,0.4108,0.0,True,ok
data\interim\segmented\spasmodic_dysphonia\SqzfsKMaLqk_seg_066.wav,SqzfsKMaLqk_seg_066.wav,SqzfsKMaLqk,True,16000,1,3.0,-26.9035,-10.5503,0.3192,0.0,True,ok
data\interim\segmented\spasmodic_dysphonia\SqzfsKMaLqk_seg_067.wav,SqzfsKMaLqk_seg_067.wav,SqzfsKMaLqk,True,16000,1,3.0,-25.2735,-11.0474,0.1335,0.0,True,ok
data\interim\segmented\spasmodic_dysphonia\SqzfsKMaLqk_seg_068.wav,SqzfsKMaLqk_seg_068.wav,SqzfsKMaLqk,True,16000,1,3.0,-25.609,-13.3354,0.1,0.0,True,ok
data\interim\segmented\spasmodic_dysphonia\SqzfsKMaLqk_seg_069.wav,SqzfsKMaLqk_seg_069.wav,SqzfsKMaLqk,True,16000,1,3.0,-25.6668,-10.864,0.1104,0.0,True,ok
data\interim\segmented\spasmodic_dysphonia\SqzfsKMaLqk_seg_070.wav,SqzfsKMaLqk_seg_070.wav,SqzfsKMaLqk,True,16000,1,3.0,-27.9385,-12.3433,0.4289,0.0,True,ok
data\interim\segmented\spasmodic_dysphonia\SqzfsKMaLqk_seg_071.wav,SqzfsKMaLqk_seg_071.wav,SqzfsKMaLqk,True,16000,1,3.0,-24.8362,-13.0568,0.187,0.0,True,ok
data\interim\segmented\spasmodic_dysphonia\SqzfsKMaLqk_seg_072.wav,SqzfsKMaLqk_seg_072.wav,SqzfsKMaLqk,True,16000,1,3.0,-24.6856,-10.9207,0.1246,0.0,True,ok
data\interim\segmented\spasmodic_dysphonia\SqzfsKMaLqk_seg_073.wav,SqzfsKMaLqk_seg_073.wav,SqzfsKMaLqk,True,16000,1,3.0,-25.3228,-11.4738,0.1398,0.0,True,ok
data\interim\segmented\spasmodic_dysphonia\SqzfsKMaLqk_seg_074.wav,SqzfsKMaLqk_seg_074.wav,SqzfsKMaLqk,True,16000,1,3.0,-24.579,-11.5667,0.1179,0.0,True,ok
data\interim\segmented\spasmodic_dysphonia\SqzfsKMaLqk_seg_075.wav,SqzfsKMaLqk_seg_075.wav,SqzfsKMaLqk,True,16000,1,3.0,-24.7428,-11.6049,0.1376,0.0,True,ok
data\interim\segmented\spasmodic_dysphonia\SqzfsKMaLqk_seg_076.wav,SqzfsKMaLqk_seg_076.wav,SqzfsKMaLqk,True,16000,1,3.0,-26.9655,-8.3313,0.3563,0.0,True,ok
data\interim\segmented\spasmodic_dysphonia\SqzfsKMaLqk_seg_077.wav,SqzfsKMaLqk_seg_077.wav,SqzfsKMaLqk,True,16000,1,3.0,-23.6422,-9.566,0.072,0.0,True,ok
data\interim\segmented\spasmodic_dysphonia\SqzfsKMaLqk_seg_078.wav,SqzfsKMaLqk_seg_078.wav,SqzfsKMaLqk,True,16000,1,1.864,-24.9917,-11.7935,0.1106,0.0,True,ok
data\interim\segmented\spasmodic_dysphonia\t1nAJvgf_Ls_seg_000.wav,t1nAJvgf_Ls_seg_000.wav,t1nAJvgf_Ls,True,16000,1,3.0,-27.7276,-12.4928,0.3145,0.0,True,ok
data\interim\segmented\spasmodic_dysphonia\t1nAJvgf_Ls_seg_001.wav,t1nAJvgf_Ls_seg_001.wav,t1nAJvgf_Ls,True,16000,1,3.0,-28.119,-11.1751,0.2429,0.0,True,ok
data\interim\segmented\spasmodic_dysphonia\t1nAJvgf_Ls_seg_002.wav,t1nAJvgf_Ls_seg_002.wav,t1nAJvgf_Ls,True,16000,1,3.0,-29.7489,-16.596,0.2359,0.0,True,ok
data\interim\segmented\spasmodic_dysphonia\t1nAJvgf_Ls_seg_003.wav,t1nAJvgf_Ls_seg_003.wav,t1nAJvgf_Ls,True,16000,1,3.0,-31.2686,-14.6109,0.3432,0.0,True,ok
data\interim\segmented\spasmodic_dysphonia\t1nAJvgf_Ls_seg_004.wav,t1nAJvgf_Ls_seg_004.wav,t1nAJvgf_Ls,True,16000,1,3.0,-28.4111,-12.1457,0.2668,0.0,True,ok
data\interim\segmented\spasmodic_dysphonia\t1nAJvgf_Ls_seg_005.wav,t1nAJvgf_Ls_seg_005.wav,t1nAJvgf_Ls,True,16000,1,3.0,-28.615,-13.6614,0.1648,0.0,True,ok
data\interim\segmented\spasmodic_dysphonia\t1nAJvgf_Ls_seg_006.wav,t1nAJvgf_Ls_seg_006.wav,t1nAJvgf_Ls,True,16000,1,3.0,-27.6876,-9.2474,0.2584,0.0,True,ok
data\interim\segmented\spasmodic_dysphonia\t1nAJvgf_Ls_seg_007.wav,t1nAJvgf_Ls_seg_007.wav,t1nAJvgf_Ls,True,16000,1,3.0,-28.138,-12.2136,0.2494,0.0,True,ok
data\interim\segmented\spasmodic_dysphonia\t1nAJvgf_Ls_seg_008.wav,t1nAJvgf_Ls_seg_008.wav,t1nAJvgf_Ls,True,16000,1,3.0,-28.7664,-11.6951,0.2757,0.0,True,ok
data\interim\segmented\spasmodic_dysphonia\t1nAJvgf_Ls_seg_009.wav,t1nAJvgf_Ls_seg_009.wav,t1nAJvgf_Ls,True,16000,1,3.0,-28.9868,-11.7924,0.2411,0.0,True,ok
data\interim\segmented\spasmodic_dysphonia\t1nAJvgf_Ls_seg_010.wav,t1nAJvgf_Ls_seg_010.wav,t1nAJvgf_Ls,True,16000,1,3.0,-27.3818,-11.0616,0.1891,0.0,True,ok
data\interim\segmented\spasmodic_dysphonia\t1nAJvgf_Ls_seg_011.wav,t1nAJvgf_Ls_seg_011.wav,t1nAJvgf_Ls,True,16000,1,3.0,-28.2771,-11.3095,0.2429,0.0,True,ok
data\interim\segmented\spasmodic_dysphonia\t1nAJvgf_Ls_seg_012.wav,t1nAJvgf_Ls_seg_012.wav,t1nAJvgf_Ls,True,16000,1,3.0,-29.2194,-12.6063,0.257,0.0,True,ok
data\interim\segmented\spasmodic_dysphonia\t1nAJvgf_Ls_seg_013.wav,t1nAJvgf_Ls_seg_013.wav,t1nAJvgf_Ls,True,16000,1,3.0,-29.6805,-13.7229,0.1989,0.0,True,ok
data\interim\segmented\spasmodic_dysphonia\t1nAJvgf_Ls_seg_014.wav,t1nAJvgf_Ls_seg_014.wav,t1nAJvgf_Ls,True,16000,1,3.0,-27.5796,-13.02,0.2221,0.0,True,ok
data\interim\segmented\spasmodic_dysphonia\t1nAJvgf_Ls_seg_015.wav,t1nAJvgf_Ls_seg_015.wav,t1nAJvgf_Ls,True,16000,1,3.0,-27.3491,-13.0342,0.196,0.0,True,ok
data\interim\segmented\spasmodic_dysphonia\t1nAJvgf_Ls_seg_016.wav,t1nAJvgf_Ls_seg_016.wav,t1nAJvgf_Ls,True,16000,1,3.0,-30.1651,-15.353,0.2814,0.0,True,ok
data\interim\segmented\spasmodic_dysphonia\t1nAJvgf_Ls_seg_017.wav,t1nAJvgf_Ls_seg_017.wav,t1nAJvgf_Ls,True,16000,1,3.0,-25.8811,-9.1268,0.1695,0.0,True,ok
data\interim\segmented\spasmodic_dysphonia\t1nAJvgf_Ls_seg_018.wav,t1nAJvgf_Ls_seg_018.wav,t1nAJvgf_Ls,True,16000,1,3.0,-30.9623,-14.3512,0.3506,0.0,True,ok
data\interim\segmented\spasmodic_dysphonia\t1nAJvgf_Ls_seg_019.wav,t1nAJvgf_Ls_seg_019.wav,t1nAJvgf_Ls,True,16000,1,3.0,-27.0827,-10.805,0.2714,0.0,True,ok
data\interim\segmented\spasmodic_dysphonia\t1nAJvgf_Ls_seg_020.wav,t1nAJvgf_Ls_seg_020.wav,t1nAJvgf_Ls,True,16000,1,3.0,-29.694,-14.3803,0.2339,0.0,True,ok
data\interim\segmented\spasmodic_dysphonia\t1nAJvgf_Ls_seg_021.wav,t1nAJvgf_Ls_seg_021.wav,t1nAJvgf_Ls,True,16000,1,3.0,-28.3709,-10.7875,0.3972,0.0,True,ok
data\interim\segmented\spasmodic_dysphonia\t1nAJvgf_Ls_seg_022.wav,t1nAJvgf_Ls_seg_022.wav,t1nAJvgf_Ls,True,16000,1,3.0,-25.5303,-8.7189,0.2456,0.0,True,ok
data\interim\segmented\spasmodic_dysphonia\t1nAJvgf_Ls_seg_023.wav,t1nAJvgf_Ls_seg_023.wav,t1nAJvgf_Ls,True,16000,1,3.0,-28.3868,-12.6859,0.3427,0.0,True,ok
data\interim\segmented\spasmodic_dysphonia\t1nAJvgf_Ls_seg_024.wav,t1nAJvgf_Ls_seg_024.wav,t1nAJvgf_Ls,True,16000,1,3.0,-27.0155,-8.3666,0.3745,0.0,True,ok
data\interim\segmented\spasmodic_dysphonia\t1nAJvgf_Ls_seg_025.wav,t1nAJvgf_Ls_seg_025.wav,t1nAJvgf_Ls,True,16000,1,3.0,-26.5767,-9.4614,0.416,0.0,True,ok
data\interim\segmented\spasmodic_dysphonia\t1nAJvgf_Ls_seg_026.wav,t1nAJvgf_Ls_seg_026.wav,t1nAJvgf_Ls,True,16000,1,3.0,-27.3899,-8.9847,0.4481,0.0,True,ok
data\interim\segmented\spasmodic_dysphonia\t1nAJvgf_Ls_seg_027.wav,t1nAJvgf_Ls_seg_027.wav,t1nAJvgf_Ls,True,16000,1,3.0,-28.0037,-11.4203,0.3271,0.0,True,ok
data\interim\segmented\spasmodic_dysphonia\t1nAJvgf_Ls_seg_028.wav,t1nAJvgf_Ls_seg_028.wav,t1nAJvgf_Ls,True,16000,1,3.0,-27.0983,-11.4233,0.3252,0.0,True,ok
data\interim\segmented\spasmodic_dysphonia\t1nAJvgf_Ls_seg_029.wav,t1nAJvgf_Ls_seg_029.wav,t1nAJvgf_Ls,True,16000,1,2.385,-27.7217,-10.6781,0.2156,0.0,True,ok
data\interim\segmented\spasmodic_dysphonia\y3CpA15UtBQ_seg_000.wav,y3CpA15UtBQ_seg_000.wav,y3CpA15UtBQ,True,16000,1,3.0,-25.3479,-13.1407,0.107,0.0,True,ok
data\interim\segmented\spasmodic_dysphonia\y3CpA15UtBQ_seg_001.wav,y3CpA15UtBQ_seg_001.wav,y3CpA15UtBQ,True,16000,1,3.0,-23.7595,-9.142,0.1108,0.0,True,ok
data\interim\segmented\spasmodic_dysphonia\y3CpA15UtBQ_seg_002.wav,y3CpA15UtBQ_seg_002.wav,y3CpA15UtBQ,True,16000,1,3.0,-27.6137,-11.69,0.1909,0.0,True,ok
data\interim\segmented\spasmodic_dysphonia\y3CpA15UtBQ_seg_003.wav,y3CpA15UtBQ_seg_003.wav,y3CpA15UtBQ,True,16000,1,3.0,-27.9887,-11.8048,0.1945,0.0,True,ok
data\interim\segmented\spasmodic_dysphonia\y3CpA15UtBQ_seg_004.wav,y3CpA15UtBQ_seg_004.wav,y3CpA15UtBQ,True,16000,1,3.0,-28.4057,-13.2411,0.1826,0.0,True,ok
data\interim\segmented\spasmodic_dysphonia\y3CpA15UtBQ_seg_005.wav,y3CpA15UtBQ_seg_005.wav,y3CpA15UtBQ,True,16000,1,3.0,-26.5626,-10.7582,0.1962,0.0,True,ok
data\interim\segmented\spasmodic_dysphonia\y3CpA15UtBQ_seg_006.wav,y3CpA15UtBQ_seg_006.wav,y3CpA15UtBQ,True,16000,1,3.0,-25.8702,-10.8649,0.1583,0.0,True,ok
data\interim\segmented\spasmodic_dysphonia\y3CpA15UtBQ_seg_007.wav,y3CpA15UtBQ_seg_007.wav,y3CpA15UtBQ,True,16000,1,3.0,-28.2744,-12.5567,0.1968,0.0,True,ok
data\interim\segmented\spasmodic_dysphonia\y3CpA15UtBQ_seg_008.wav,y3CpA15UtBQ_seg_008.wav,y3CpA15UtBQ,True,16000,1,3.0,-29.6095,-13.0034,0.2093,0.0,True,ok
data\interim\segmented\spasmodic_dysphonia\y3CpA15UtBQ_seg_009.wav,y3CpA15UtBQ_seg_009.wav,y3CpA15UtBQ,True,16000,1,3.0,-28.4671,-12.7639,0.1962,0.0,True,ok
data\interim\segmented\spasmodic_dysphonia\y3CpA15UtBQ_seg_010.wav,y3CpA15UtBQ_seg_010.wav,y3CpA15UtBQ,True,16000,1,3.0,-25.075,-7.3277,0.1496,0.0,True,ok
data\interim\segmented\spasmodic_dysphonia\y3CpA15UtBQ_seg_011.wav,y3CpA15UtBQ_seg_011.wav,y3CpA15UtBQ,True,16000,1,3.0,-29.2781,-9.8176,0.447,0.0,True,ok
data\interim\segmented\spasmodic_dysphonia\y3CpA15UtBQ_seg_012.wav,y3CpA15UtBQ_seg_012.wav,y3CpA15UtBQ,True,16000,1,3.0,-30.2202,-10.7912,0.5419,0.0,True,ok
data\interim\segmented\spasmodic_dysphonia\y3CpA15UtBQ_seg_013.wav,y3CpA15UtBQ_seg_013.wav,y3CpA15UtBQ,True,16000,1,3.0,-28.189,-9.0717,0.4923,0.0,True,ok
data\interim\segmented\spasmodic_dysphonia\y3CpA15UtBQ_seg_014.wav,y3CpA15UtBQ_seg_014.wav,y3CpA15UtBQ,True,16000,1,3.0,-29.5364,-11.3868,0.4285,0.0,True,ok
data\interim\segmented\spasmodic_dysphonia\y3CpA15UtBQ_seg_015.wav,y3CpA15UtBQ_seg_015.wav,y3CpA15UtBQ,True,16000,1,3.0,-29.2755,-8.7624,0.5426,0.0,True,ok
data\interim\segmented\spasmodic_dysphonia\y3CpA15UtBQ_seg_016.wav,y3CpA15UtBQ_seg_016.wav,y3CpA15UtBQ,True,16000,1,3.0,-29.178,-9.5605,0.5333,0.0,True,ok
data\interim\segmented\spasmodic_dysphonia\y3CpA15UtBQ_seg_017.wav,y3CpA15UtBQ_seg_017.wav,y3CpA15UtBQ,True,16000,1,3.0,-27.6969,-9.8053,0.3846,0.0,True,ok
data\interim\segmented\spasmodic_dysphonia\y3CpA15UtBQ_seg_018.wav,y3CpA15UtBQ_seg_018.wav,y3CpA15UtBQ,True,16000,1,3.0,-32.1585,-13.1395,0.519,0.0,True,ok
data\interim\segmented\spasmodic_dysphonia\y3CpA15UtBQ_seg_019.wav,y3CpA15UtBQ_seg_019.wav,y3CpA15UtBQ,True,16000,1,3.0,-28.5481,-9.1109,0.4637,0.0,True,ok
data\interim\segmented\spasmodic_dysphonia\y3CpA15UtBQ_seg_020.wav,y3CpA15UtBQ_seg_020.wav,y3CpA15UtBQ,True,16000,1,3.0,-31.6937,-9.6986,0.577,0.0,True,ok
data\interim\segmented\spasmodic_dysphonia\y3CpA15UtBQ_seg_021.wav,y3CpA15UtBQ_seg_021.wav,y3CpA15UtBQ,True,16000,1,3.0,-30.4635,-13.2912,0.4519,0.0,True,ok
data\interim\segmented\spasmodic_dysphonia\y3CpA15UtBQ_seg_022.wav,y3CpA15UtBQ_seg_022.wav,y3CpA15UtBQ,True,16000,1,3.0,-31.2304,-12.8612,0.5589,0.0,True,ok
data\interim\segmented\spasmodic_dysphonia\y3CpA15UtBQ_seg_023.wav,y3CpA15UtBQ_seg_023.wav,y3CpA15UtBQ,True,16000,1,3.0,-29.2179,-7.9417,0.5116,0.0,True,ok
data\interim\segmented\spasmodic_dysphonia\y3CpA15UtBQ_seg_024.wav,y3CpA15UtBQ_seg_024.wav,y3CpA15UtBQ,True,16000,1,3.0,-29.6623,-9.3705,0.4366,0.0,True,ok
data\interim\segmented\spasmodic_dysphonia\y3CpA15UtBQ_seg_025.wav,y3CpA15UtBQ_seg_025.wav,y3CpA15UtBQ,True,16000,1,3.0,-32.6053,-12.0063,0.5426,0.0,True,ok
data\interim\segmented\spasmodic_dysphonia\y3CpA15UtBQ_seg_026.wav,y3CpA15UtBQ_seg_026.wav,y3CpA15UtBQ,True,16000,1,3.0,-31.5631,-11.5898,0.5928,0.0,True,ok
data\interim\segmented\spasmodic_dysphonia\y3CpA15UtBQ_seg_027.wav,y3CpA15UtBQ_seg_027.wav,y3CpA15UtBQ,True,16000,1,3.0,-32.3561,-11.6778,0.5715,0.0,True,ok
data\interim\segmented\spasmodic_dysphonia\y3CpA15UtBQ_seg_028.wav,y3CpA15UtBQ_seg_028.wav,y3CpA15UtBQ,True,16000,1,3.0,-31.9077,-11.448,0.5479,0.0,True,ok
data\interim\segmented\spasmodic_dysphonia\y3CpA15UtBQ_seg_029.wav,y3CpA15UtBQ_seg_029.wav,y3CpA15UtBQ,True,16000,1,3.0,-29.7646,-10.059,0.4448,0.0,True,ok
data\interim\segmented\spasmodic_dysphonia\y3CpA15UtBQ_seg_030.wav,y3CpA15UtBQ_seg_030.wav,y3CpA15UtBQ,True,16000,1,3.0,-25.7093,-11.6646,0.1699,0.0,True,ok
data\interim\segmented\spasmodic_dysphonia\y3CpA15UtBQ_seg_031.wav,y3CpA15UtBQ_seg_031.wav,y3CpA15UtBQ,True,16000,1,3.0,-27.6086,-11.5817,0.2323,0.0,True,ok
data\interim\segmented\spasmodic_dysphonia\y3CpA15UtBQ_seg_032.wav,y3CpA15UtBQ_seg_032.wav,y3CpA15UtBQ,True,16000,1,3.0,-25.373,-6.8127,0.1759,0.0,True,ok
data\interim\segmented\spasmodic_dysphonia\y3CpA15UtBQ_seg_033.wav,y3CpA15UtBQ_seg_033.wav,y3CpA15UtBQ,True,16000,1,3.0,-26.161,-11.0276,0.1805,0.0,True,ok
data\interim\segmented\spasmodic_dysphonia\y3CpA15UtBQ_seg_034.wav,y3CpA15UtBQ_seg_034.wav,y3CpA15UtBQ,True,16000,1,3.0,-27.1829,-13.2375,0.1844,0.0,True,ok
data\interim\segmented\spasmodic_dysphonia\y3CpA15UtBQ_seg_035.wav,y3CpA15UtBQ_seg_035.wav,y3CpA15UtBQ,True,16000,1,3.0,-23.9545,-8.2275,0.1592,0.0,True,ok
data\interim\segmented\spasmodic_dysphonia\y3CpA15UtBQ_seg_036.wav,y3CpA15UtBQ_seg_036.wav,y3CpA15UtBQ,True,16000,1,3.0,-27.4666,-9.6808,0.2452,0.0,True,ok
data\interim\segmented\spasmodic_dysphonia\y3CpA15UtBQ_seg_037.wav,y3CpA15UtBQ_seg_037.wav,y3CpA15UtBQ,True,16000,1,3.0,-25.4386,-8.5463,0.2111,0.0,True,ok
data\interim\segmented\spasmodic_dysphonia\y3CpA15UtBQ_seg_038.wav,y3CpA15UtBQ_seg_038.wav,y3CpA15UtBQ,True,16000,1,3.0,-25.8339,-8.8772,0.1786,0.0,True,ok
data\interim\segmented\spasmodic_dysphonia\y3CpA15UtBQ_seg_039.wav,y3CpA15UtBQ_seg_039.wav,y3CpA15UtBQ,True,16000,1,3.0,-28.0055,-12.2179,0.2199,0.0,True,ok
data\interim\segmented\spasmodic_dysphonia\y3CpA15UtBQ_seg_040.wav,y3CpA15UtBQ_seg_040.wav,y3CpA15UtBQ,True,16000,1,3.0,-24.6538,-9.3588,0.1594,0.0,True,ok
data\interim\segmented\spasmodic_dysphonia\y3CpA15UtBQ_seg_041.wav,y3CpA15UtBQ_seg_041.wav,y3CpA15UtBQ,True,16000,1,3.0,-25.0678,-6.2098,0.1652,0.0,True,ok
data\interim\segmented\spasmodic_dysphonia\y3CpA15UtBQ_seg_042.wav,y3CpA15UtBQ_seg_042.wav,y3CpA15UtBQ,True,16000,1,3.0,-24.9016,-9.0206,0.1804,0.0,True,ok
data\interim\segmented\spasmodic_dysphonia\y3CpA15UtBQ_seg_043.wav,y3CpA15UtBQ_seg_043.wav,y3CpA15UtBQ,True,16000,1,3.0,-25.6593,-8.7566,0.2009,0.0,True,ok
data\interim\segmented\spasmodic_dysphonia\y3CpA15UtBQ_seg_044.wav,y3CpA15UtBQ_seg_044.wav,y3CpA15UtBQ,True,16000,1,3.0,-26.947,-11.8503,0.1893,0.0,True,ok
data\interim\segmented\spasmodic_dysphonia\y3CpA15UtBQ_seg_045.wav,y3CpA15UtBQ_seg_045.wav,y3CpA15UtBQ,True,16000,1,3.0,-24.3859,-8.1012,0.1583,0.0,True,ok
data\interim\segmented\spasmodic_dysphonia\y3CpA15UtBQ_seg_046.wav,y3CpA15UtBQ_seg_046.wav,y3CpA15UtBQ,True,16000,1,3.0,-26.7412,-11.7832,0.1799,0.0,True,ok
data\interim\segmented\spasmodic_dysphonia\y3CpA15UtBQ_seg_047.wav,y3CpA15UtBQ_seg_047.wav,y3CpA15UtBQ,True,16000,1,3.0,-27.1785,-11.1005,0.1802,0.0,True,ok
data\interim\segmented\spasmodic_dysphonia\y3CpA15UtBQ_seg_048.wav,y3CpA15UtBQ_seg_048.wav,y3CpA15UtBQ,True,16000,1,3.0,-27.2492,-10.6266,0.2076,0.0,True,ok
data\interim\segmented\spasmodic_dysphonia\y3CpA15UtBQ_seg_049.wav,y3CpA15UtBQ_seg_049.wav,y3CpA15UtBQ,True,16000,1,3.0,-26.8549,-10.9468,0.197,0.0,True,ok
data\interim\segmented\spasmodic_dysphonia\y3CpA15UtBQ_seg_050.wav,y3CpA15UtBQ_seg_050.wav,y3CpA15UtBQ,True,16000,1,3.0,-26.7853,-10.0262,0.2111,0.0,True,ok
data\interim\segmented\spasmodic_dysphonia\y3CpA15UtBQ_seg_051.wav,y3CpA15UtBQ_seg_051.wav,y3CpA15UtBQ,True,16000,1,3.0,-23.0788,-3.9599,0.1551,0.0,True,ok
data\interim\segmented\spasmodic_dysphonia\y3CpA15UtBQ_seg_052.wav,y3CpA15UtBQ_seg_052.wav,y3CpA15UtBQ,True,16000,1,3.0,-27.7814,-12.6779,0.2025,0.0,True,ok
data\interim\segmented\spasmodic_dysphonia\y3CpA15UtBQ_seg_053.wav,y3CpA15UtBQ_seg_053.wav,y3CpA15UtBQ,True,16000,1,3.0,-25.37,-10.0489,0.1517,0.0,True,ok
data\interim\segmented\spasmodic_dysphonia\y3CpA15UtBQ_seg_054.wav,y3CpA15UtBQ_seg_054.wav,y3CpA15UtBQ,True,16000,1,3.0,-29.2094,-13.6754,0.1967,0.0,True,ok
data\interim\segmented\spasmodic_dysphonia\y3CpA15UtBQ_seg_055.wav,y3CpA15UtBQ_seg_055.wav,y3CpA15UtBQ,True,16000,1,3.0,-26.7612,-8.2857,0.2181,0.0,True,ok
data\interim\segmented\spasmodic_dysphonia\y3CpA15UtBQ_seg_056.wav,y3CpA15UtBQ_seg_056.wav,y3CpA15UtBQ,True,16000,1,3.0,-25.886,-7.658,0.2662,0.0,True,ok
data\interim\segmented\spasmodic_dysphonia\y3CpA15UtBQ_seg_057.wav,y3CpA15UtBQ_seg_057.wav,y3CpA15UtBQ,True,16000,1,3.0,-28.3209,-10.7026,0.281,0.0,True,ok
data\interim\segmented\spasmodic_dysphonia\y3CpA15UtBQ_seg_058.wav,y3CpA15UtBQ_seg_058.wav,y3CpA15UtBQ,True,16000,1,3.0,-27.6443,-10.9151,0.3066,0.0,True,ok
data\interim\segmented\spasmodic_dysphonia\y3CpA15UtBQ_seg_059.wav,y3CpA15UtBQ_seg_059.wav,y3CpA15UtBQ,True,16000,1,3.0,-22.7463,-4.5261,0.28,0.0,True,ok
data\interim\segmented\spasmodic_dysphonia\y3CpA15UtBQ_seg_060.wav,y3CpA15UtBQ_seg_060.wav,y3CpA15UtBQ,True,16000,1,3.0,-24.7618,-7.5924,0.2592,0.0,True,ok
data\interim\segmented\spasmodic_dysphonia\y3CpA15UtBQ_seg_061.wav,y3CpA15UtBQ_seg_061.wav,y3CpA15UtBQ,True,16000,1,3.0,-24.3275,-7.2663,0.2047,0.0,True,ok
data\interim\segmented\spasmodic_dysphonia\y3CpA15UtBQ_seg_062.wav,y3CpA15UtBQ_seg_062.wav,y3CpA15UtBQ,True,16000,1,3.0,-26.3777,-6.8985,0.3101,0.0,True,ok
data\interim\segmented\spasmodic_dysphonia\y3CpA15UtBQ_seg_063.wav,y3CpA15UtBQ_seg_063.wav,y3CpA15UtBQ,True,16000,1,3.0,-22.2348,-6.9538,0.1844,0.0,True,ok
data\interim\segmented\spasmodic_dysphonia\y3CpA15UtBQ_seg_064.wav,y3CpA15UtBQ_seg_064.wav,y3CpA15UtBQ,True,16000,1,3.0,-25.0528,-9.5884,0.3941,0.0,True,ok
data\interim\segmented\spasmodic_dysphonia\y3CpA15UtBQ_seg_065.wav,y3CpA15UtBQ_seg_065.wav,y3CpA15UtBQ,True,16000,1,3.0,-22.4563,-6.0615,0.2958,0.0,True,ok
data\interim\segmented\spasmodic_dysphonia\y3CpA15UtBQ_seg_066.wav,y3CpA15UtBQ_seg_066.wav,y3CpA15UtBQ,True,16000,1,3.0,-21.4244,-8.0529,0.1253,0.0,True,ok
data\interim\segmented\spasmodic_dysphonia\y3CpA15UtBQ_seg_067.wav,y3CpA15UtBQ_seg_067.wav,y3CpA15UtBQ,True,16000,1,3.0,-25.0286,-6.7042,0.1941,0.0,True,ok
data\interim\segmented\spasmodic_dysphonia\y3CpA15UtBQ_seg_068.wav,y3CpA15UtBQ_seg_068.wav,y3CpA15UtBQ,True,16000,1,3.0,-21.9519,-4.1595,0.2703,0.0,True,ok
data\interim\segmented\spasmodic_dysphonia\y3CpA15UtBQ_seg_069.wav,y3CpA15UtBQ_seg_069.wav,y3CpA15UtBQ,True,16000,1,3.0,-22.9264,-5.0814,0.2442,0.0,True,ok
data\interim\segmented\spasmodic_dysphonia\y3CpA15UtBQ_seg_070.wav,y3CpA15UtBQ_seg_070.wav,y3CpA15UtBQ,True,16000,1,3.0,-22.8417,-4.9971,0.3218,0.0,True,ok
data\interim\segmented\spasmodic_dysphonia\y3CpA15UtBQ_seg_071.wav,y3CpA15UtBQ_seg_071.wav,y3CpA15UtBQ,True,16000,1,3.0,-25.4283,-10.6591,0.2242,0.0,True,ok
data\interim\segmented\spasmodic_dysphonia\y3CpA15UtBQ_seg_072.wav,y3CpA15UtBQ_seg_072.wav,y3CpA15UtBQ,True,16000,1,3.0,-28.5255,-10.6962,0.4171,0.0,True,ok
data\interim\segmented\spasmodic_dysphonia\y3CpA15UtBQ_seg_073.wav,y3CpA15UtBQ_seg_073.wav,y3CpA15UtBQ,True,16000,1,3.0,-24.7699,-10.1617,0.162,0.0,True,ok
data\interim\segmented\spasmodic_dysphonia\y3CpA15UtBQ_seg_074.wav,y3CpA15UtBQ_seg_074.wav,y3CpA15UtBQ,True,16000,1,3.0,-24.33,-8.4322,0.3038,0.0,True,ok
data\interim\segmented\spasmodic_dysphonia\y3CpA15UtBQ_seg_075.wav,y3CpA15UtBQ_seg_075.wav,y3CpA15UtBQ,True,16000,1,3.0,-25.9483,-10.7582,0.2305,0.0,True,ok
data\interim\segmented\spasmodic_dysphonia\y3CpA15UtBQ_seg_076.wav,y3CpA15UtBQ_seg_076.wav,y3CpA15UtBQ,True,16000,1,3.0,-26.3199,-5.91,0.2057,0.0,True,ok
data\interim\segmented\spasmodic_dysphonia\y3CpA15UtBQ_seg_077.wav,y3CpA15UtBQ_seg_077.wav,y3CpA15UtBQ,True,16000,1,3.0,-26.9104,-10.4597,0.271,0.0,True,ok
data\interim\segmented\spasmodic_dysphonia\y3CpA15UtBQ_seg_078.wav,y3CpA15UtBQ_seg_078.wav,y3CpA15UtBQ,True,16000,1,3.0,-25.1806,-8.8699,0.2299,0.0,True,ok
data\interim\segmented\spasmodic_dysphonia\y3CpA15UtBQ_seg_079.wav,y3CpA15UtBQ_seg_079.wav,y3CpA15UtBQ,True,16000,1,3.0,-27.5962,-13.4331,0.2305,0.0,True,ok
data\interim\segmented\spasmodic_dysphonia\y3CpA15UtBQ_seg_080.wav,y3CpA15UtBQ_seg_080.wav,y3CpA15UtBQ,True,16000,1,3.0,-28.3513,-11.1895,0.2931,0.0,True,ok
data\interim\segmented\spasmodic_dysphonia\y3CpA15UtBQ_seg_081.wav,y3CpA15UtBQ_seg_081.wav,y3CpA15UtBQ,True,16000,1,3.0,-25.4213,-7.0715,0.1971,0.0,True,ok
data\interim\segmented\spasmodic_dysphonia\y3CpA15UtBQ_seg_082.wav,y3CpA15UtBQ_seg_082.wav,y3CpA15UtBQ,True,16000,1,3.0,-29.0956,-12.4782,0.2833,0.0,True,ok
data\interim\segmented\spasmodic_dysphonia\y3CpA15UtBQ_seg_083.wav,y3CpA15UtBQ_seg_083.wav,y3CpA15UtBQ,True,16000,1,3.0,-28.6593,-12.8542,0.2512,0.0,True,ok
data\interim\segmented\spasmodic_dysphonia\y3CpA15UtBQ_seg_084.wav,y3CpA15UtBQ_seg_084.wav,y3CpA15UtBQ,True,16000,1,3.0,-30.3114,-13.6818,0.3284,0.0,True,ok
data\interim\segmented\spasmodic_dysphonia\y3CpA15UtBQ_seg_085.wav,y3CpA15UtBQ_seg_085.wav,y3CpA15UtBQ,True,16000,1,3.0,-27.1178,-9.9759,0.2875,0.0,True,ok
data\interim\segmented\spasmodic_dysphonia\y3CpA15UtBQ_seg_086.wav,y3CpA15UtBQ_seg_086.wav,y3CpA15UtBQ,True,16000,1,3.0,-24.7118,-8.672,0.2574,0.0,True,ok
data\interim\segmented\spasmodic_dysphonia\y3CpA15UtBQ_seg_087.wav,y3CpA15UtBQ_seg_087.wav,y3CpA15UtBQ,True,16000,1,3.0,-28.8864,-12.405,0.3436,0.0,True,ok
data\interim\segmented\spasmodic_dysphonia\y3CpA15UtBQ_seg_088.wav,y3CpA15UtBQ_seg_088.wav,y3CpA15UtBQ,True,16000,1,3.0,-27.1083,-11.9589,0.205,0.0,True,ok
data\interim\segmented\spasmodic_dysphonia\y3CpA15UtBQ_seg_089.wav,y3CpA15UtBQ_seg_089.wav,y3CpA15UtBQ,True,16000,1,3.0,-28.7905,-10.2277,0.2882,0.0,True,ok
data\interim\segmented\spasmodic_dysphonia\y3CpA15UtBQ_seg_090.wav,y3CpA15UtBQ_seg_090.wav,y3CpA15UtBQ,True,16000,1,3.0,-28.9062,-9.8234,0.3258,0.0,True,ok
data\interim\segmented\spasmodic_dysphonia\y3CpA15UtBQ_seg_091.wav,y3CpA15UtBQ_seg_091.wav,y3CpA15UtBQ,True,16000,1,3.0,-26.4326,-10.1677,0.2508,0.0,True,ok
data\interim\segmented\spasmodic_dysphonia\y3CpA15UtBQ_seg_092.wav,y3CpA15UtBQ_seg_092.wav,y3CpA15UtBQ,True,16000,1,3.0,-27.2417,-7.0225,0.2898,0.0,True,ok
data\interim\segmented\spasmodic_dysphonia\y3CpA15UtBQ_seg_093.wav,y3CpA15UtBQ_seg_093.wav,y3CpA15UtBQ,True,16000,1,3.0,-27.3307,-10.2795,0.2779,0.0,True,ok
data\interim\segmented\spasmodic_dysphonia\y3CpA15UtBQ_seg_094.wav,y3CpA15UtBQ_seg_094.wav,y3CpA15UtBQ,True,16000,1,3.0,-28.4986,-11.2949,0.3176,0.0,True,ok
data\interim\segmented\spasmodic_dysphonia\y3CpA15UtBQ_seg_095.wav,y3CpA15UtBQ_seg_095.wav,y3CpA15UtBQ,True,16000,1,3.0,-27.6041,-7.1956,0.2832,0.0,True,ok
data\interim\segmented\spasmodic_dysphonia\y3CpA15UtBQ_seg_096.wav,y3CpA15UtBQ_seg_096.wav,y3CpA15UtBQ,True,16000,1,3.0,-29.7554,-10.7208,0.3116,0.0,True,ok
data\interim\segmented\spasmodic_dysphonia\y3CpA15UtBQ_seg_097.wav,y3CpA15UtBQ_seg_097.wav,y3CpA15UtBQ,True,16000,1,3.0,-28.6934,-12.5533,0.2906,0.0,True,ok
data\interim\segmented\spasmodic_dysphonia\y3CpA15UtBQ_seg_098.wav,y3CpA15UtBQ_seg_098.wav,y3CpA15UtBQ,True,16000,1,3.0,-29.7402,-11.842,0.3108,0.0,True,ok
data\interim\segmented\spasmodic_dysphonia\y3CpA15UtBQ_seg_099.wav,y3CpA15UtBQ_seg_099.wav,y3CpA15UtBQ,True,16000,1,3.0,-27.2776,-10.8585,0.212,0.0,True,ok
data\interim\segmented\spasmodic_dysphonia\y3CpA15UtBQ_seg_100.wav,y3CpA15UtBQ_seg_100.wav,y3CpA15UtBQ,True,16000,1,3.0,-26.0887,-5.9089,0.3053,0.0,True,ok
data\interim\segmented\spasmodic_dysphonia\y3CpA15UtBQ_seg_101.wav,y3CpA15UtBQ_seg_101.wav,y3CpA15UtBQ,True,16000,1,3.0,-28.923,-6.2511,0.5503,0.0,True,ok
data\interim\segmented\spasmodic_dysphonia\y3CpA15UtBQ_seg_102.wav,y3CpA15UtBQ_seg_102.wav,y3CpA15UtBQ,True,16000,1,3.0,-27.9183,-5.9189,0.5688,0.0,True,ok
data\interim\segmented\spasmodic_dysphonia\y3CpA15UtBQ_seg_103.wav,y3CpA15UtBQ_seg_103.wav,y3CpA15UtBQ,True,16000,1,3.0,-25.3171,-5.9525,0.4602,0.0,True,ok
data\interim\segmented\spasmodic_dysphonia\y3CpA15UtBQ_seg_104.wav,y3CpA15UtBQ_seg_104.wav,y3CpA15UtBQ,True,16000,1,3.0,-25.2376,-5.9136,0.5574,0.0,True,ok
data\interim\segmented\spasmodic_dysphonia\y3CpA15UtBQ_seg_105.wav,y3CpA15UtBQ_seg_105.wav,y3CpA15UtBQ,True,16000,1,3.0,-23.16,-5.5984,0.5823,0.0,True,ok
data\interim\segmented\spasmodic_dysphonia\y3CpA15UtBQ_seg_106.wav,y3CpA15UtBQ_seg_106.wav,y3CpA15UtBQ,True,16000,1,3.0,-26.5365,-6.0445,0.395,0.0,True,ok
data\interim\segmented\spasmodic_dysphonia\y3CpA15UtBQ_seg_107.wav,y3CpA15UtBQ_seg_107.wav,y3CpA15UtBQ,True,16000,1,3.0,-31.5076,-6.8552,0.6787,0.0,True,ok
data\interim\segmented\spasmodic_dysphonia\y3CpA15UtBQ_seg_108.wav,y3CpA15UtBQ_seg_108.wav,y3CpA15UtBQ,True,16000,1,3.0,-23.0157,-5.5863,0.5624,0.0,True,ok
data\interim\segmented\spasmodic_dysphonia\y3CpA15UtBQ_seg_109.wav,y3CpA15UtBQ_seg_109.wav,y3CpA15UtBQ,True,16000,1,3.0,-34.0515,-17.0105,0.5869,0.0,True,ok
data\interim\segmented\spasmodic_dysphonia\y3CpA15UtBQ_seg_110.wav,y3CpA15UtBQ_seg_110.wav,y3CpA15UtBQ,True,16000,1,3.0,-26.7491,-14.464,0.0687,0.0,True,ok
data\interim\segmented\spasmodic_dysphonia\y3CpA15UtBQ_seg_111.wav,y3CpA15UtBQ_seg_111.wav,y3CpA15UtBQ,True,16000,1,3.0,-25.179,-12.2494,0.0554,0.0,True,ok
data\interim\segmented\spasmodic_dysphonia\y3CpA15UtBQ_seg_112.wav,y3CpA15UtBQ_seg_112.wav,y3CpA15UtBQ,True,16000,1,2.426,-29.0146,-16.988,0.1084,0.0,True,ok
data\interim\segmented\spasmodic_dysphonia\yMSkzVjc-Lg_seg_000.wav,yMSkzVjc-Lg_seg_000.wav,yMSkzVjc-Lg,True,16000,1,3.0,-31.3227,-11.6362,0.5628,0.0,True,ok
data\interim\segmented\spasmodic_dysphonia\yMSkzVjc-Lg_seg_001.wav,yMSkzVjc-Lg_seg_001.wav,yMSkzVjc-Lg,True,16000,1,3.0,-31.7252,-10.043,0.5549,0.0,True,ok
data\interim\segmented\spasmodic_dysphonia\yMSkzVjc-Lg_seg_002.wav,yMSkzVjc-Lg_seg_002.wav,yMSkzVjc-Lg,True,16000,1,3.0,-33.8303,-14.7851,0.3341,0.0,True,ok
data\interim\segmented\spasmodic_dysphonia\yMSkzVjc-Lg_seg_003.wav,yMSkzVjc-Lg_seg_003.wav,yMSkzVjc-Lg,True,16000,1,3.0,-34.1171,-12.1189,0.6498,0.0,True,ok
data\interim\segmented\spasmodic_dysphonia\yMSkzVjc-Lg_seg_004.wav,yMSkzVjc-Lg_seg_004.wav,yMSkzVjc-Lg,True,16000,1,3.0,-32.441,-12.8031,0.4168,0.0,True,ok
data\interim\segmented\spasmodic_dysphonia\yMSkzVjc-Lg_seg_005.wav,yMSkzVjc-Lg_seg_005.wav,yMSkzVjc-Lg,True,16000,1,3.0,-31.834,-11.3407,0.4703,0.0,True,ok
data\interim\segmented\spasmodic_dysphonia\yMSkzVjc-Lg_seg_006.wav,yMSkzVjc-Lg_seg_006.wav,yMSkzVjc-Lg,True,16000,1,3.0,-34.3951,-9.0935,0.6515,0.0,True,ok
data\interim\segmented\spasmodic_dysphonia\yMSkzVjc-Lg_seg_007.wav,yMSkzVjc-Lg_seg_007.wav,yMSkzVjc-Lg,True,16000,1,3.0,-32.6716,-8.6454,0.5132,0.0,True,ok
data\interim\segmented\spasmodic_dysphonia\yMSkzVjc-Lg_seg_008.wav,yMSkzVjc-Lg_seg_008.wav,yMSkzVjc-Lg,True,16000,1,3.0,-31.1553,-12.6688,0.3807,0.0,True,ok
data\interim\segmented\spasmodic_dysphonia\yMSkzVjc-Lg_seg_009.wav,yMSkzVjc-Lg_seg_009.wav,yMSkzVjc-Lg,True,16000,1,3.0,-32.5645,-12.6256,0.665,0.0,True,ok
data\interim\segmented\spasmodic_dysphonia\yMSkzVjc-Lg_seg_010.wav,yMSkzVjc-Lg_seg_010.wav,yMSkzVjc-Lg,True,16000,1,3.0,-28.6271,-5.6587,0.4926,0.0,True,ok
data\interim\segmented\spasmodic_dysphonia\yMSkzVjc-Lg_seg_011.wav,yMSkzVjc-Lg_seg_011.wav,yMSkzVjc-Lg,True,16000,1,3.0,-32.8984,-12.3675,0.5292,0.0,True,ok
data\interim\segmented\spasmodic_dysphonia\yMSkzVjc-Lg_seg_012.wav,yMSkzVjc-Lg_seg_012.wav,yMSkzVjc-Lg,True,16000,1,3.0,-31.5945,-9.3713,0.3873,0.0,True,ok
data\interim\segmented\spasmodic_dysphonia\yMSkzVjc-Lg_seg_013.wav,yMSkzVjc-Lg_seg_013.wav,yMSkzVjc-Lg,True,16000,1,3.0,-29.6283,-10.6862,0.4466,0.0,True,ok
data\interim\segmented\spasmodic_dysphonia\yMSkzVjc-Lg_seg_014.wav,yMSkzVjc-Lg_seg_014.wav,yMSkzVjc-Lg,True,16000,1,3.0,-31.9784,-10.4306,0.535,0.0,True,ok
data\interim\segmented\spasmodic_dysphonia\yMSkzVjc-Lg_seg_015.wav,yMSkzVjc-Lg_seg_015.wav,yMSkzVjc-Lg,True,16000,1,3.0,-33.5905,-14.4416,0.6373,0.0,True,ok
data\interim\segmented\spasmodic_dysphonia\yMSkzVjc-Lg_seg_016.wav,yMSkzVjc-Lg_seg_016.wav,yMSkzVjc-Lg,True,16000,1,3.0,-30.3358,-11.7002,0.5343,0.0,True,ok
data\interim\segmented\spasmodic_dysphonia\yMSkzVjc-Lg_seg_017.wav,yMSkzVjc-Lg_seg_017.wav,yMSkzVjc-Lg,True,16000,1,3.0,-31.9042,-8.8068,0.4153,0.0,True,ok
data\interim\segmented\spasmodic_dysphonia\yMSkzVjc-Lg_seg_018.wav,yMSkzVjc-Lg_seg_018.wav,yMSkzVjc-Lg,True,16000,1,3.0,-30.9533,-6.286,0.5085,0.0,True,ok
data\interim\segmented\spasmodic_dysphonia\yMSkzVjc-Lg_seg_019.wav,yMSkzVjc-Lg_seg_019.wav,yMSkzVjc-Lg,True,16000,1,3.0,-32.3036,-12.3159,0.5229,0.0,True,ok
data\interim\segmented\spasmodic_dysphonia\yMSkzVjc-Lg_seg_020.wav,yMSkzVjc-Lg_seg_020.wav,yMSkzVjc-Lg,True,16000,1,3.0,-30.8085,-8.7102,0.3745,0.0,True,ok
data\interim\segmented\spasmodic_dysphonia\yMSkzVjc-Lg_seg_021.wav,yMSkzVjc-Lg_seg_021.wav,yMSkzVjc-Lg,True,16000,1,3.0,-33.7029,-9.7522,0.5343,0.0,True,ok
data\interim\segmented\spasmodic_dysphonia\yMSkzVjc-Lg_seg_022.wav,yMSkzVjc-Lg_seg_022.wav,yMSkzVjc-Lg,True,16000,1,3.0,-28.7585,-8.8994,0.3719,0.0,True,ok
data\interim\segmented\spasmodic_dysphonia\yMSkzVjc-Lg_seg_023.wav,yMSkzVjc-Lg_seg_023.wav,yMSkzVjc-Lg,True,16000,1,3.0,-36.0586,-13.3059,0.6671,0.0,True,ok
data\interim\segmented\spasmodic_dysphonia\yMSkzVjc-Lg_seg_024.wav,yMSkzVjc-Lg_seg_024.wav,yMSkzVjc-Lg,True,16000,1,3.0,-30.386,-3.5766,0.5187,0.0,True,ok
data\interim\segmented\spasmodic_dysphonia\yMSkzVjc-Lg_seg_025.wav,yMSkzVjc-Lg_seg_025.wav,yMSkzVjc-Lg,True,16000,1,3.0,-29.9233,-9.9483,0.4266,0.0,True,ok
data\interim\segmented\spasmodic_dysphonia\yMSkzVjc-Lg_seg_026.wav,yMSkzVjc-Lg_seg_026.wav,yMSkzVjc-Lg,True,16000,1,3.0,-31.8462,-9.6962,0.515,0.0,True,ok
data\interim\segmented\spasmodic_dysphonia\yMSkzVjc-Lg_seg_027.wav,yMSkzVjc-Lg_seg_027.wav,yMSkzVjc-Lg,True,16000,1,3.0,-34.1747,-8.494,0.5205,0.0,True,ok
data\interim\segmented\spasmodic_dysphonia\yMSkzVjc-Lg_seg_028.wav,yMSkzVjc-Lg_seg_028.wav,yMSkzVjc-Lg,True,16000,1,3.0,-33.3645,-15.9273,0.59,0.0,True,ok
data\interim\segmented\spasmodic_dysphonia\yMSkzVjc-Lg_seg_029.wav,yMSkzVjc-Lg_seg_029.wav,yMSkzVjc-Lg,True,16000,1,3.0,-34.5372,-16.2106,0.5386,0.0,True,ok
data\interim\segmented\spasmodic_dysphonia\yMSkzVjc-Lg_seg_030.wav,yMSkzVjc-Lg_seg_030.wav,yMSkzVjc-Lg,True,16000,1,3.0,-31.8234,-6.6067,0.5624,0.0,True,ok
data\interim\segmented\spasmodic_dysphonia\yMSkzVjc-Lg_seg_031.wav,yMSkzVjc-Lg_seg_031.wav,yMSkzVjc-Lg,True,16000,1,3.0,-32.115,-10.0835,0.4353,0.0,True,ok
data\interim\segmented\spasmodic_dysphonia\yMSkzVjc-Lg_seg_032.wav,yMSkzVjc-Lg_seg_032.wav,yMSkzVjc-Lg,True,16000,1,3.0,-32.3531,-16.1151,0.4201,0.0,True,ok
data\interim\segmented\spasmodic_dysphonia\yMSkzVjc-Lg_seg_033.wav,yMSkzVjc-Lg_seg_033.wav,yMSkzVjc-Lg,True,16000,1,3.0,-30.107,-11.2754,0.3275,0.0,True,ok
data\interim\segmented\spasmodic_dysphonia\yMSkzVjc-Lg_seg_034.wav,yMSkzVjc-Lg_seg_034.wav,yMSkzVjc-Lg,True,16000,1,3.0,-30.9872,-8.6289,0.5341,0.0,True,ok
data\interim\segmented\spasmodic_dysphonia\yMSkzVjc-Lg_seg_035.wav,yMSkzVjc-Lg_seg_035.wav,yMSkzVjc-Lg,True,16000,1,3.0,-30.3616,-7.2785,0.4437,0.0,True,ok
data\interim\segmented\spasmodic_dysphonia\yMSkzVjc-Lg_seg_036.wav,yMSkzVjc-Lg_seg_036.wav,yMSkzVjc-Lg,True,16000,1,3.0,-31.3486,-11.6737,0.6114,0.0,True,ok
data\interim\segmented\spasmodic_dysphonia\yMSkzVjc-Lg_seg_037.wav,yMSkzVjc-Lg_seg_037.wav,yMSkzVjc-Lg,True,16000,1,3.0,-29.3673,-11.1588,0.299,0.0,True,ok
data\interim\segmented\spasmodic_dysphonia\yMSkzVjc-Lg_seg_038.wav,yMSkzVjc-Lg_seg_038.wav,yMSkzVjc-Lg,True,16000,1,3.0,-29.7788,-7.455,0.3774,0.0,True,ok
data\interim\segmented\spasmodic_dysphonia\yMSkzVjc-Lg_seg_039.wav,yMSkzVjc-Lg_seg_039.wav,yMSkzVjc-Lg,True,16000,1,3.0,-28.493,-9.1124,0.3984,0.0,True,ok
data\interim\segmented\spasmodic_dysphonia\yMSkzVjc-Lg_seg_040.wav,yMSkzVjc-Lg_seg_040.wav,yMSkzVjc-Lg,True,16000,1,3.0,-29.6816,-8.0341,0.3727,0.0,True,ok
data\interim\segmented\spasmodic_dysphonia\yMSkzVjc-Lg_seg_041.wav,yMSkzVjc-Lg_seg_041.wav,yMSkzVjc-Lg,True,16000,1,3.0,-30.4486,-7.7695,0.4463,0.0,True,ok
data\interim\segmented\spasmodic_dysphonia\yMSkzVjc-Lg_seg_042.wav,yMSkzVjc-Lg_seg_042.wav,yMSkzVjc-Lg,True,16000,1,3.0,-28.5232,-5.492,0.2984,0.0,True,ok
data\interim\segmented\spasmodic_dysphonia\yMSkzVjc-Lg_seg_043.wav,yMSkzVjc-Lg_seg_043.wav,yMSkzVjc-Lg,True,16000,1,3.0,-31.6002,-6.1854,0.568,0.0,True,ok
data\interim\segmented\spasmodic_dysphonia\yMSkzVjc-Lg_seg_044.wav,yMSkzVjc-Lg_seg_044.wav,yMSkzVjc-Lg,True,16000,1,3.0,-32.2832,-12.1963,0.5841,0.0,True,ok
data\interim\segmented\spasmodic_dysphonia\yMSkzVjc-Lg_seg_045.wav,yMSkzVjc-Lg_seg_045.wav,yMSkzVjc-Lg,True,16000,1,3.0,-28.9678,-10.3805,0.5488,0.0,True,ok
data\interim\segmented\spasmodic_dysphonia\yMSkzVjc-Lg_seg_046.wav,yMSkzVjc-Lg_seg_046.wav,yMSkzVjc-Lg,True,16000,1,3.0,-29.3245,-8.6461,0.4451,0.0,True,ok
data\interim\segmented\spasmodic_dysphonia\yMSkzVjc-Lg_seg_047.wav,yMSkzVjc-Lg_seg_047.wav,yMSkzVjc-Lg,True,16000,1,3.0,-35.3308,-15.6162,0.7319,0.0,True,ok
data\interim\segmented\spasmodic_dysphonia\yMSkzVjc-Lg_seg_048.wav,yMSkzVjc-Lg_seg_048.wav,yMSkzVjc-Lg,True,16000,1,3.0,-35.5525,-4.771,0.6944,0.0,True,ok
data\interim\segmented\spasmodic_dysphonia\yMSkzVjc-Lg_seg_049.wav,yMSkzVjc-Lg_seg_049.wav,yMSkzVjc-Lg,True,16000,1,3.0,-33.2798,-11.5186,0.666,0.0,True,ok
data\interim\segmented\spasmodic_dysphonia\yMSkzVjc-Lg_seg_050.wav,yMSkzVjc-Lg_seg_050.wav,yMSkzVjc-Lg,True,16000,1,2.061,-31.6012,-9.2914,0.5619,0.0,True,ok
data\interim\segmented\spasmodic_dysphonia\ZyxthRDykx0_seg_000.wav,ZyxthRDykx0_seg_000.wav,ZyxthRDykx0,True,16000,1,3.0,-21.4238,-5.9778,0.2585,0.0,True,ok
data\interim\segmented\spasmodic_dysphonia\ZyxthRDykx0_seg_001.wav,ZyxthRDykx0_seg_001.wav,ZyxthRDykx0,True,16000,1,3.0,-21.3701,-6.4415,0.2729,0.0,True,ok
data\interim\segmented\spasmodic_dysphonia\ZyxthRDykx0_seg_002.wav,ZyxthRDykx0_seg_002.wav,ZyxthRDykx0,True,16000,1,3.0,-21.1602,-2.9002,0.3161,0.0,True,ok
data\interim\segmented\spasmodic_dysphonia\ZyxthRDykx0_seg_003.wav,ZyxthRDykx0_seg_003.wav,ZyxthRDykx0,True,16000,1,3.0,-23.3439,-8.4876,0.2548,0.0,True,ok
data\interim\segmented\spasmodic_dysphonia\ZyxthRDykx0_seg_004.wav,ZyxthRDykx0_seg_004.wav,ZyxthRDykx0,True,16000,1,3.0,-20.2227,-1.9453,0.1342,0.0,True,ok
data\interim\segmented\spasmodic_dysphonia\ZyxthRDykx0_seg_005.wav,ZyxthRDykx0_seg_005.wav,ZyxthRDykx0,True,16000,1,3.0,-21.1332,-2.3155,0.1995,0.0,True,ok
data\interim\segmented\spasmodic_dysphonia\ZyxthRDykx0_seg_006.wav,ZyxthRDykx0_seg_006.wav,ZyxthRDykx0,True,16000,1,3.0,-23.1781,-5.5185,0.3545,0.0,True,ok
data\interim\segmented\spasmodic_dysphonia\ZyxthRDykx0_seg_007.wav,ZyxthRDykx0_seg_007.wav,ZyxthRDykx0,True,16000,1,3.0,-18.9993,-2.0591,0.1784,0.0,True,ok
data\interim\segmented\spasmodic_dysphonia\ZyxthRDykx0_seg_008.wav,ZyxthRDykx0_seg_008.wav,ZyxthRDykx0,True,16000,1,3.0,-21.556,-3.5986,0.2976,0.0,True,ok
data\interim\segmented\spasmodic_dysphonia\ZyxthRDykx0_seg_009.wav,ZyxthRDykx0_seg_009.wav,ZyxthRDykx0,True,16000,1,3.0,-22.8898,-2.6633,0.3478,0.0,True,ok
data\interim\segmented\spasmodic_dysphonia\ZyxthRDykx0_seg_010.wav,ZyxthRDykx0_seg_010.wav,ZyxthRDykx0,True,16000,1,3.0,-22.0177,-1.44,0.3738,0.0,True,ok
data\interim\segmented\spasmodic_dysphonia\ZyxthRDykx0_seg_011.wav,ZyxthRDykx0_seg_011.wav,ZyxthRDykx0,True,16000,1,3.0,-20.0604,-0.8346,0.1814,0.0,True,ok
data\interim\segmented\spasmodic_dysphonia\ZyxthRDykx0_seg_012.wav,ZyxthRDykx0_seg_012.wav,ZyxthRDykx0,True,16000,1,3.0,-20.2733,-4.5449,0.311,0.0,True,ok
data\interim\segmented\spasmodic_dysphonia\ZyxthRDykx0_seg_013.wav,ZyxthRDykx0_seg_013.wav,ZyxthRDykx0,True,16000,1,3.0,-24.4868,-4.4206,0.4672,0.0,True,ok
data\interim\segmented\spasmodic_dysphonia\ZyxthRDykx0_seg_014.wav,ZyxthRDykx0_seg_014.wav,ZyxthRDykx0,True,16000,1,3.0,-19.394,-1.3386,0.3008,0.0,True,ok
data\interim\segmented\spasmodic_dysphonia\ZyxthRDykx0_seg_015.wav,ZyxthRDykx0_seg_015.wav,ZyxthRDykx0,True,16000,1,3.0,-21.6806,-4.388,0.3518,0.0,True,ok
data\interim\segmented\spasmodic_dysphonia\ZyxthRDykx0_seg_016.wav,ZyxthRDykx0_seg_016.wav,ZyxthRDykx0,True,16000,1,3.0,-18.5589,-0.7336,0.1986,0.0,True,ok
data\interim\segmented\spasmodic_dysphonia\ZyxthRDykx0_seg_017.wav,ZyxthRDykx0_seg_017.wav,ZyxthRDykx0,True,16000,1,3.0,-21.2107,-5.6308,0.2015,0.0,True,ok
data\interim\segmented\spasmodic_dysphonia\ZyxthRDykx0_seg_018.wav,ZyxthRDykx0_seg_018.wav,ZyxthRDykx0,True,16000,1,3.0,-21.5515,-0.7161,0.4323,0.0,True,ok
data\interim\segmented\spasmodic_dysphonia\ZyxthRDykx0_seg_019.wav,ZyxthRDykx0_seg_019.wav,ZyxthRDykx0,True,16000,1,3.0,-19.6094,-2.5257,0.3636,0.0,True,ok
data\interim\segmented\spasmodic_dysphonia\ZyxthRDykx0_seg_020.wav,ZyxthRDykx0_seg_020.wav,ZyxthRDykx0,True,16000,1,3.0,-21.3806,-4.3394,0.3753,0.0,True,ok
data\interim\segmented\spasmodic_dysphonia\ZyxthRDykx0_seg_021.wav,ZyxthRDykx0_seg_021.wav,ZyxthRDykx0,True,16000,1,3.0,-19.0123,-0.6187,0.3162,0.0,True,ok
data\interim\segmented\spasmodic_dysphonia\ZyxthRDykx0_seg_022.wav,ZyxthRDykx0_seg_022.wav,ZyxthRDykx0,True,16000,1,3.0,-21.1574,-3.5435,0.3469,0.0,True,ok
data\interim\segmented\spasmodic_dysphonia\ZyxthRDykx0_seg_023.wav,ZyxthRDykx0_seg_023.wav,ZyxthRDykx0,True,16000,1,3.0,-18.2455,-0.8451,0.2976,0.0,True,ok
data\interim\segmented\spasmodic_dysphonia\ZyxthRDykx0_seg_024.wav,ZyxthRDykx0_seg_024.wav,ZyxthRDykx0,True,16000,1,3.0,-20.6035,-0.8078,0.3104,0.0,True,ok
data\interim\segmented\spasmodic_dysphonia\ZyxthRDykx0_seg_025.wav,ZyxthRDykx0_seg_025.wav,ZyxthRDykx0,True,16000,1,3.0,-22.1739,0.0,0.4448,2.1e-05,True,ok
data\interim\segmented\spasmodic_dysphonia\ZyxthRDykx0_seg_026.wav,ZyxthRDykx0_seg_026.wav,ZyxthRDykx0,True,16000,1,3.0,-19.2733,-0.7031,0.2286,0.0,True,ok
data\interim\segmented\spasmodic_dysphonia\ZyxthRDykx0_seg_027.wav,ZyxthRDykx0_seg_027.wav,ZyxthRDykx0,True,16000,1,3.0,-19.5428,-3.3448,0.1983,0.0,True,ok
data\interim\segmented\spasmodic_dysphonia\ZyxthRDykx0_seg_028.wav,ZyxthRDykx0_seg_028.wav,ZyxthRDykx0,True,16000,1,3.0,-18.061,-0.8197,0.293,0.0,True,ok
data\interim\segmented\spasmodic_dysphonia\ZyxthRDykx0_seg_029.wav,ZyxthRDykx0_seg_029.wav,ZyxthRDykx0,True,16000,1,3.0,-16.5119,-3.9252,0.0721,0.0,True,ok
data\interim\segmented\spasmodic_dysphonia\ZyxthRDykx0_seg_030.wav,ZyxthRDykx0_seg_030.wav,ZyxthRDykx0,True,16000,1,3.0,-22.83,-9.6566,0.3579,0.0,True,ok
data\interim\segmented\spasmodic_dysphonia\ZyxthRDykx0_seg_031.wav,ZyxthRDykx0_seg_031.wav,ZyxthRDykx0,True,16000,1,3.0,-21.3785,-0.7666,0.3681,0.0,True,ok
data\interim\segmented\spasmodic_dysphonia\ZyxthRDykx0_seg_032.wav,ZyxthRDykx0_seg_032.wav,ZyxthRDykx0,True,16000,1,3.0,-17.6643,-0.6418,0.2179,0.0,True,ok
data\interim\segmented\spasmodic_dysphonia\ZyxthRDykx0_seg_033.wav,ZyxthRDykx0_seg_033.wav,ZyxthRDykx0,True,16000,1,3.0,-21.4732,-4.5132,0.4083,0.0,True,ok
data\interim\segmented\spasmodic_dysphonia\ZyxthRDykx0_seg_034.wav,ZyxthRDykx0_seg_034.wav,ZyxthRDykx0,True,16000,1,3.0,-18.7968,-1.3401,0.2225,0.0,True,ok
data\interim\segmented\spasmodic_dysphonia\ZyxthRDykx0_seg_035.wav,ZyxthRDykx0_seg_035.wav,ZyxthRDykx0,True,16000,1,3.0,-19.0947,-0.8509,0.2296,0.0,True,ok
data\interim\segmented\spasmodic_dysphonia\ZyxthRDykx0_seg_036.wav,ZyxthRDykx0_seg_036.wav,ZyxthRDykx0,True,16000,1,2.758,-21.784,-4.2971,0.3713,0.0,True,ok
