filename,relative_path,video_id,label,split
0eDJFB70peE_seg_000.wav,data/processed/train_set/spasmodic_dysphonia/0eDJFB70peE_seg_000.wav,0eDJFB70peE,spasmodic_dysphonia,train
0eDJFB70peE_seg_001.wav,data/processed/train_set/spasmodic_dysphonia/0eDJFB70peE_seg_001.wav,0eDJFB70peE,spasmodic_dysphonia,train
0eDJFB70peE_seg_002.wav,data/processed/train_set/spasmodic_dysphonia/0eDJFB70peE_seg_002.wav,0eDJFB70peE,spasmodic_dysphonia,train
0eDJFB70peE_seg_003.wav,data/processed/train_set/spasmodic_dysphonia/0eDJFB70peE_seg_003.wav,0eDJFB70peE,spasmodic_dysphonia,train
0eDJFB70peE_seg_004.wav,data/processed/train_set/spasmodic_dysphonia/0eDJFB70peE_seg_004.wav,0eDJFB70peE,spasmodic_dysphonia,train
0eDJFB70peE_seg_006.wav,data/processed/train_set/spasmodic_dysphonia/0eDJFB70peE_seg_006.wav,0eDJFB70peE,spasmodic_dysphonia,train
0eDJFB70peE_seg_007.wav,data/processed/train_set/spasmodic_dysphonia/0eDJFB70peE_seg_007.wav,0eDJFB70peE,spasmodic_dysphonia,train
0eDJFB70peE_seg_009.wav,data/processed/train_set/spasmodic_dysphonia/0eDJFB70peE_seg_009.wav,0eDJFB70peE,spasmodic_dysphonia,train
0eDJFB70peE_seg_010.wav,data/processed/train_set/spasmodic_dysphonia/0eDJFB70peE_seg_010.wav,0eDJFB70peE,spasmodic_dysphonia,train
0eDJFB70peE_seg_012.wav,data/processed/train_set/spasmodic_dysphonia/0eDJFB70peE_seg_012.wav,0eDJFB70peE,spasmodic_dysphonia,train
0eDJFB70peE_seg_014.wav,data/processed/train_set/spasmodic_dysphonia/0eDJFB70peE_seg_014.wav,0eDJFB70peE,spasmodic_dysphonia,train
0eDJFB70peE_seg_016.wav,data/processed/train_set/spasmodic_dysphonia/0eDJFB70peE_seg_016.wav,0eDJFB70peE,spasmodic_dysphonia,train
0eDJFB70peE_seg_017.wav,data/processed/train_set/spasmodic_dysphonia/0eDJFB70peE_seg_017.wav,0eDJFB70peE,spasmodic_dysphonia,train
1gqAGauWj4U_seg_000.wav,data/processed/train_set/spasmodic_dysphonia/1gqAGauWj4U_seg_000.wav,1gqAGauWj4U,spasmodic_dysphonia,train
1gqAGauWj4U_seg_001.wav,data/processed/train_set/spasmodic_dysphonia/1gqAGauWj4U_seg_001.wav,1gqAGauWj4U,spasmodic_dysphonia,train
1gqAGauWj4U_seg_002.wav,data/processed/train_set/spasmodic_dysphonia/1gqAGauWj4U_seg_002.wav,1gqAGauWj4U,spasmodic_dysphonia,train
1gqAGauWj4U_seg_003.wav,data/processed/train_set/spasmodic_dysphonia/1gqAGauWj4U_seg_003.wav,1gqAGauWj4U,spasmodic_dysphonia,train
1gqAGauWj4U_seg_004.wav,data/processed/train_set/spasmodic_dysphonia/1gqAGauWj4U_seg_004.wav,1gqAGauWj4U,spasmodic_dysphonia,train
1gqAGauWj4U_seg_005.wav,data/processed/train_set/spasmodic_dysphonia/1gqAGauWj4U_seg_005.wav,1gqAGauWj4U,spasmodic_dysphonia,train
1gqAGauWj4U_seg_006.wav,data/processed/train_set/spasmodic_dysphonia/1gqAGauWj4U_seg_006.wav,1gqAGauWj4U,spasmodic_dysphonia,train
1gqAGauWj4U_seg_007.wav,data/processed/train_set/spasmodic_dysphonia/1gqAGauWj4U_seg_007.wav,1gqAGauWj4U,spasmodic_dysphonia,train
1gqAGauWj4U_seg_008.wav,data/processed/train_set/spasmodic_dysphonia/1gqAGauWj4U_seg_008.wav,1gqAGauWj4U,spasmodic_dysphonia,train
1gqAGauWj4U_seg_009.wav,data/processed/train_set/spasmodic_dysphonia/1gqAGauWj4U_seg_009.wav,1gqAGauWj4U,spasmodic_dysphonia,train
1gqAGauWj4U_seg_010.wav,data/processed/train_set/spasmodic_dysphonia/1gqAGauWj4U_seg_010.wav,1gqAGauWj4U,spasmodic_dysphonia,train
1gqAGauWj4U_seg_011.wav,data/processed/train_set/spasmodic_dysphonia/1gqAGauWj4U_seg_011.wav,1gqAGauWj4U,spasmodic_dysphonia,train
1gqAGauWj4U_seg_012.wav,data/processed/train_set/spasmodic_dysphonia/1gqAGauWj4U_seg_012.wav,1gqAGauWj4U,spasmodic_dysphonia,train
1gqAGauWj4U_seg_013.wav,data/processed/train_set/spasmodic_dysphonia/1gqAGauWj4U_seg_013.wav,1gqAGauWj4U,spasmodic_dysphonia,train
1gqAGauWj4U_seg_014.wav,data/processed/train_set/spasmodic_dysphonia/1gqAGauWj4U_seg_014.wav,1gqAGauWj4U,spasmodic_dysphonia,train
1gqAGauWj4U_seg_015.wav,data/processed/train_set/spasmodic_dysphonia/1gqAGauWj4U_seg_015.wav,1gqAGauWj4U,spasmodic_dysphonia,train
1gqAGauWj4U_seg_016.wav,data/processed/train_set/spasmodic_dysphonia/1gqAGauWj4U_seg_016.wav,1gqAGauWj4U,spasmodic_dysphonia,train
1gqAGauWj4U_seg_017.wav,data/processed/train_set/spasmodic_dysphonia/1gqAGauWj4U_seg_017.wav,1gqAGauWj4U,spasmodic_dysphonia,train
1gqAGauWj4U_seg_018.wav,data/processed/train_set/spasmodic_dysphonia/1gqAGauWj4U_seg_018.wav,1gqAGauWj4U,spasmodic_dysphonia,train
1gqAGauWj4U_seg_019.wav,data/processed/train_set/spasmodic_dysphonia/1gqAGauWj4U_seg_019.wav,1gqAGauWj4U,spasmodic_dysphonia,train
1gqAGauWj4U_seg_020.wav,data/processed/train_set/spasmodic_dysphonia/1gqAGauWj4U_seg_020.wav,1gqAGauWj4U,spasmodic_dysphonia,train
1gqAGauWj4U_seg_021.wav,data/processed/train_set/spasmodic_dysphonia/1gqAGauWj4U_seg_021.wav,1gqAGauWj4U,spasmodic_dysphonia,train
1gqAGauWj4U_seg_022.wav,data/processed/train_set/spasmodic_dysphonia/1gqAGauWj4U_seg_022.wav,1gqAGauWj4U,spasmodic_dysphonia,train
1gqAGauWj4U_seg_023.wav,data/processed/train_set/spasmodic_dysphonia/1gqAGauWj4U_seg_023.wav,1gqAGauWj4U,spasmodic_dysphonia,train
1gqAGauWj4U_seg_024.wav,data/processed/train_set/spasmodic_dysphonia/1gqAGauWj4U_seg_024.wav,1gqAGauWj4U,spasmodic_dysphonia,train
1gqAGauWj4U_seg_025.wav,data/processed/train_set/spasmodic_dysphonia/1gqAGauWj4U_seg_025.wav,1gqAGauWj4U,spasmodic_dysphonia,train
1gqAGauWj4U_seg_026.wav,data/processed/train_set/spasmodic_dysphonia/1gqAGauWj4U_seg_026.wav,1gqAGauWj4U,spasmodic_dysphonia,train
1gqAGauWj4U_seg_027.wav,data/processed/train_set/spasmodic_dysphonia/1gqAGauWj4U_seg_027.wav,1gqAGauWj4U,spasmodic_dysphonia,train
1gqAGauWj4U_seg_028.wav,data/processed/train_set/spasmodic_dysphonia/1gqAGauWj4U_seg_028.wav,1gqAGauWj4U,spasmodic_dysphonia,train
1gqAGauWj4U_seg_029.wav,data/processed/train_set/spasmodic_dysphonia/1gqAGauWj4U_seg_029.wav,1gqAGauWj4U,spasmodic_dysphonia,train
1gqAGauWj4U_seg_030.wav,data/processed/train_set/spasmodic_dysphonia/1gqAGauWj4U_seg_030.wav,1gqAGauWj4U,spasmodic_dysphonia,train
1gqAGauWj4U_seg_031.wav,data/processed/train_set/spasmodic_dysphonia/1gqAGauWj4U_seg_031.wav,1gqAGauWj4U,spasmodic_dysphonia,train
1gqAGauWj4U_seg_032.wav,data/processed/train_set/spasmodic_dysphonia/1gqAGauWj4U_seg_032.wav,1gqAGauWj4U,spasmodic_dysphonia,train
1gqAGauWj4U_seg_033.wav,data/processed/train_set/spasmodic_dysphonia/1gqAGauWj4U_seg_033.wav,1gqAGauWj4U,spasmodic_dysphonia,train
1gqAGauWj4U_seg_034.wav,data/processed/train_set/spasmodic_dysphonia/1gqAGauWj4U_seg_034.wav,1gqAGauWj4U,spasmodic_dysphonia,train
1gqAGauWj4U_seg_035.wav,data/processed/train_set/spasmodic_dysphonia/1gqAGauWj4U_seg_035.wav,1gqAGauWj4U,spasmodic_dysphonia,train
1gqAGauWj4U_seg_036.wav,data/processed/train_set/spasmodic_dysphonia/1gqAGauWj4U_seg_036.wav,1gqAGauWj4U,spasmodic_dysphonia,train
1gqAGauWj4U_seg_037.wav,data/processed/train_set/spasmodic_dysphonia/1gqAGauWj4U_seg_037.wav,1gqAGauWj4U,spasmodic_dysphonia,train
1gqAGauWj4U_seg_038.wav,data/processed/train_set/spasmodic_dysphonia/1gqAGauWj4U_seg_038.wav,1gqAGauWj4U,spasmodic_dysphonia,train
1gqAGauWj4U_seg_039.wav,data/processed/train_set/spasmodic_dysphonia/1gqAGauWj4U_seg_039.wav,1gqAGauWj4U,spasmodic_dysphonia,train
1gqAGauWj4U_seg_040.wav,data/processed/train_set/spasmodic_dysphonia/1gqAGauWj4U_seg_040.wav,1gqAGauWj4U,spasmodic_dysphonia,train
1gqAGauWj4U_seg_041.wav,data/processed/train_set/spasmodic_dysphonia/1gqAGauWj4U_seg_041.wav,1gqAGauWj4U,spasmodic_dysphonia,train
1gqAGauWj4U_seg_042.wav,data/processed/train_set/spasmodic_dysphonia/1gqAGauWj4U_seg_042.wav,1gqAGauWj4U,spasmodic_dysphonia,train
1gqAGauWj4U_seg_043.wav,data/processed/train_set/spasmodic_dysphonia/1gqAGauWj4U_seg_043.wav,1gqAGauWj4U,spasmodic_dysphonia,train
1gqAGauWj4U_seg_044.wav,data/processed/train_set/spasmodic_dysphonia/1gqAGauWj4U_seg_044.wav,1gqAGauWj4U,spasmodic_dysphonia,train
1gqAGauWj4U_seg_045.wav,data/processed/train_set/spasmodic_dysphonia/1gqAGauWj4U_seg_045.wav,1gqAGauWj4U,spasmodic_dysphonia,train
1gqAGauWj4U_seg_046.wav,data/processed/train_set/spasmodic_dysphonia/1gqAGauWj4U_seg_046.wav,1gqAGauWj4U,spasmodic_dysphonia,train
1gqAGauWj4U_seg_047.wav,data/processed/train_set/spasmodic_dysphonia/1gqAGauWj4U_seg_047.wav,1gqAGauWj4U,spasmodic_dysphonia,train
1gqAGauWj4U_seg_048.wav,data/processed/train_set/spasmodic_dysphonia/1gqAGauWj4U_seg_048.wav,1gqAGauWj4U,spasmodic_dysphonia,train
1gqAGauWj4U_seg_049.wav,data/processed/train_set/spasmodic_dysphonia/1gqAGauWj4U_seg_049.wav,1gqAGauWj4U,spasmodic_dysphonia,train
1gqAGauWj4U_seg_050.wav,data/processed/train_set/spasmodic_dysphonia/1gqAGauWj4U_seg_050.wav,1gqAGauWj4U,spasmodic_dysphonia,train
1gqAGauWj4U_seg_051.wav,data/processed/train_set/spasmodic_dysphonia/1gqAGauWj4U_seg_051.wav,1gqAGauWj4U,spasmodic_dysphonia,train
1gqAGauWj4U_seg_052.wav,data/processed/train_set/spasmodic_dysphonia/1gqAGauWj4U_seg_052.wav,1gqAGauWj4U,spasmodic_dysphonia,train
1gqAGauWj4U_seg_053.wav,data/processed/train_set/spasmodic_dysphonia/1gqAGauWj4U_seg_053.wav,1gqAGauWj4U,spasmodic_dysphonia,train
1gqAGauWj4U_seg_054.wav,data/processed/train_set/spasmodic_dysphonia/1gqAGauWj4U_seg_054.wav,1gqAGauWj4U,spasmodic_dysphonia,train
1gqAGauWj4U_seg_055.wav,data/processed/train_set/spasmodic_dysphonia/1gqAGauWj4U_seg_055.wav,1gqAGauWj4U,spasmodic_dysphonia,train
1gqAGauWj4U_seg_056.wav,data/processed/train_set/spasmodic_dysphonia/1gqAGauWj4U_seg_056.wav,1gqAGauWj4U,spasmodic_dysphonia,train
1gqAGauWj4U_seg_057.wav,data/processed/train_set/spasmodic_dysphonia/1gqAGauWj4U_seg_057.wav,1gqAGauWj4U,spasmodic_dysphonia,train
1gqAGauWj4U_seg_058.wav,data/processed/train_set/spasmodic_dysphonia/1gqAGauWj4U_seg_058.wav,1gqAGauWj4U,spasmodic_dysphonia,train
1gqAGauWj4U_seg_059.wav,data/processed/train_set/spasmodic_dysphonia/1gqAGauWj4U_seg_059.wav,1gqAGauWj4U,spasmodic_dysphonia,train
1gqAGauWj4U_seg_060.wav,data/processed/train_set/spasmodic_dysphonia/1gqAGauWj4U_seg_060.wav,1gqAGauWj4U,spasmodic_dysphonia,train
1gqAGauWj4U_seg_061.wav,data/processed/train_set/spasmodic_dysphonia/1gqAGauWj4U_seg_061.wav,1gqAGauWj4U,spasmodic_dysphonia,train
1gqAGauWj4U_seg_062.wav,data/processed/train_set/spasmodic_dysphonia/1gqAGauWj4U_seg_062.wav,1gqAGauWj4U,spasmodic_dysphonia,train
1gqAGauWj4U_seg_063.wav,data/processed/train_set/spasmodic_dysphonia/1gqAGauWj4U_seg_063.wav,1gqAGauWj4U,spasmodic_dysphonia,train
1gqAGauWj4U_seg_064.wav,data/processed/train_set/spasmodic_dysphonia/1gqAGauWj4U_seg_064.wav,1gqAGauWj4U,spasmodic_dysphonia,train
1gqAGauWj4U_seg_065.wav,data/processed/train_set/spasmodic_dysphonia/1gqAGauWj4U_seg_065.wav,1gqAGauWj4U,spasmodic_dysphonia,train
1gqAGauWj4U_seg_066.wav,data/processed/train_set/spasmodic_dysphonia/1gqAGauWj4U_seg_066.wav,1gqAGauWj4U,spasmodic_dysphonia,train
1gqAGauWj4U_seg_067.wav,data/processed/train_set/spasmodic_dysphonia/1gqAGauWj4U_seg_067.wav,1gqAGauWj4U,spasmodic_dysphonia,train
1gqAGauWj4U_seg_068.wav,data/processed/train_set/spasmodic_dysphonia/1gqAGauWj4U_seg_068.wav,1gqAGauWj4U,spasmodic_dysphonia,train
1gqAGauWj4U_seg_069.wav,data/processed/train_set/spasmodic_dysphonia/1gqAGauWj4U_seg_069.wav,1gqAGauWj4U,spasmodic_dysphonia,train
1gqAGauWj4U_seg_070.wav,data/processed/train_set/spasmodic_dysphonia/1gqAGauWj4U_seg_070.wav,1gqAGauWj4U,spasmodic_dysphonia,train
1gqAGauWj4U_seg_071.wav,data/processed/train_set/spasmodic_dysphonia/1gqAGauWj4U_seg_071.wav,1gqAGauWj4U,spasmodic_dysphonia,train
1gqAGauWj4U_seg_072.wav,data/processed/train_set/spasmodic_dysphonia/1gqAGauWj4U_seg_072.wav,1gqAGauWj4U,spasmodic_dysphonia,train
1gqAGauWj4U_seg_073.wav,data/processed/train_set/spasmodic_dysphonia/1gqAGauWj4U_seg_073.wav,1gqAGauWj4U,spasmodic_dysphonia,train
1gqAGauWj4U_seg_074.wav,data/processed/train_set/spasmodic_dysphonia/1gqAGauWj4U_seg_074.wav,1gqAGauWj4U,spasmodic_dysphonia,train
1gqAGauWj4U_seg_075.wav,data/processed/train_set/spasmodic_dysphonia/1gqAGauWj4U_seg_075.wav,1gqAGauWj4U,spasmodic_dysphonia,train
1gqAGauWj4U_seg_076.wav,data/processed/train_set/spasmodic_dysphonia/1gqAGauWj4U_seg_076.wav,1gqAGauWj4U,spasmodic_dysphonia,train
1gqAGauWj4U_seg_077.wav,data/processed/train_set/spasmodic_dysphonia/1gqAGauWj4U_seg_077.wav,1gqAGauWj4U,spasmodic_dysphonia,train
1gqAGauWj4U_seg_078.wav,data/processed/train_set/spasmodic_dysphonia/1gqAGauWj4U_seg_078.wav,1gqAGauWj4U,spasmodic_dysphonia,train
1gqAGauWj4U_seg_079.wav,data/processed/train_set/spasmodic_dysphonia/1gqAGauWj4U_seg_079.wav,1gqAGauWj4U,spasmodic_dysphonia,train
1gqAGauWj4U_seg_080.wav,data/processed/train_set/spasmodic_dysphonia/1gqAGauWj4U_seg_080.wav,1gqAGauWj4U,spasmodic_dysphonia,train
1gqAGauWj4U_seg_081.wav,data/processed/train_set/spasmodic_dysphonia/1gqAGauWj4U_seg_081.wav,1gqAGauWj4U,spasmodic_dysphonia,train
1gqAGauWj4U_seg_082.wav,data/processed/train_set/spasmodic_dysphonia/1gqAGauWj4U_seg_082.wav,1gqAGauWj4U,spasmodic_dysphonia,train
1gqAGauWj4U_seg_083.wav,data/processed/train_set/spasmodic_dysphonia/1gqAGauWj4U_seg_083.wav,1gqAGauWj4U,spasmodic_dysphonia,train
1gqAGauWj4U_seg_084.wav,data/processed/train_set/spasmodic_dysphonia/1gqAGauWj4U_seg_084.wav,1gqAGauWj4U,spasmodic_dysphonia,train
1gqAGauWj4U_seg_085.wav,data/processed/train_set/spasmodic_dysphonia/1gqAGauWj4U_seg_085.wav,1gqAGauWj4U,spasmodic_dysphonia,train
1gqAGauWj4U_seg_086.wav,data/processed/train_set/spasmodic_dysphonia/1gqAGauWj4U_seg_086.wav,1gqAGauWj4U,spasmodic_dysphonia,train
1gqAGauWj4U_seg_087.wav,data/processed/train_set/spasmodic_dysphonia/1gqAGauWj4U_seg_087.wav,1gqAGauWj4U,spasmodic_dysphonia,train
1gqAGauWj4U_seg_088.wav,data/processed/train_set/spasmodic_dysphonia/1gqAGauWj4U_seg_088.wav,1gqAGauWj4U,spasmodic_dysphonia,train
1gqAGauWj4U_seg_089.wav,data/processed/train_set/spasmodic_dysphonia/1gqAGauWj4U_seg_089.wav,1gqAGauWj4U,spasmodic_dysphonia,train
1gqAGauWj4U_seg_090.wav,data/processed/train_set/spasmodic_dysphonia/1gqAGauWj4U_seg_090.wav,1gqAGauWj4U,spasmodic_dysphonia,train
1gqAGauWj4U_seg_091.wav,data/processed/train_set/spasmodic_dysphonia/1gqAGauWj4U_seg_091.wav,1gqAGauWj4U,spasmodic_dysphonia,train
1gqAGauWj4U_seg_092.wav,data/processed/train_set/spasmodic_dysphonia/1gqAGauWj4U_seg_092.wav,1gqAGauWj4U,spasmodic_dysphonia,train
1gqAGauWj4U_seg_093.wav,data/processed/train_set/spasmodic_dysphonia/1gqAGauWj4U_seg_093.wav,1gqAGauWj4U,spasmodic_dysphonia,train
1gqAGauWj4U_seg_094.wav,data/processed/train_set/spasmodic_dysphonia/1gqAGauWj4U_seg_094.wav,1gqAGauWj4U,spasmodic_dysphonia,train
1gqAGauWj4U_seg_095.wav,data/processed/train_set/spasmodic_dysphonia/1gqAGauWj4U_seg_095.wav,1gqAGauWj4U,spasmodic_dysphonia,train
1gqAGauWj4U_seg_096.wav,data/processed/train_set/spasmodic_dysphonia/1gqAGauWj4U_seg_096.wav,1gqAGauWj4U,spasmodic_dysphonia,train
1gqAGauWj4U_seg_097.wav,data/processed/train_set/spasmodic_dysphonia/1gqAGauWj4U_seg_097.wav,1gqAGauWj4U,spasmodic_dysphonia,train
1gqAGauWj4U_seg_098.wav,data/processed/train_set/spasmodic_dysphonia/1gqAGauWj4U_seg_098.wav,1gqAGauWj4U,spasmodic_dysphonia,train
1gqAGauWj4U_seg_099.wav,data/processed/train_set/spasmodic_dysphonia/1gqAGauWj4U_seg_099.wav,1gqAGauWj4U,spasmodic_dysphonia,train
1gqAGauWj4U_seg_100.wav,data/processed/train_set/spasmodic_dysphonia/1gqAGauWj4U_seg_100.wav,1gqAGauWj4U,spasmodic_dysphonia,train
1gqAGauWj4U_seg_101.wav,data/processed/train_set/spasmodic_dysphonia/1gqAGauWj4U_seg_101.wav,1gqAGauWj4U,spasmodic_dysphonia,train
1gqAGauWj4U_seg_102.wav,data/processed/train_set/spasmodic_dysphonia/1gqAGauWj4U_seg_102.wav,1gqAGauWj4U,spasmodic_dysphonia,train
1gqAGauWj4U_seg_103.wav,data/processed/train_set/spasmodic_dysphonia/1gqAGauWj4U_seg_103.wav,1gqAGauWj4U,spasmodic_dysphonia,train
1gqAGauWj4U_seg_104.wav,data/processed/train_set/spasmodic_dysphonia/1gqAGauWj4U_seg_104.wav,1gqAGauWj4U,spasmodic_dysphonia,train
1gqAGauWj4U_seg_105.wav,data/processed/train_set/spasmodic_dysphonia/1gqAGauWj4U_seg_105.wav,1gqAGauWj4U,spasmodic_dysphonia,train
1gqAGauWj4U_seg_106.wav,data/processed/train_set/spasmodic_dysphonia/1gqAGauWj4U_seg_106.wav,1gqAGauWj4U,spasmodic_dysphonia,train
1gqAGauWj4U_seg_107.wav,data/processed/train_set/spasmodic_dysphonia/1gqAGauWj4U_seg_107.wav,1gqAGauWj4U,spasmodic_dysphonia,train
1gqAGauWj4U_seg_108.wav,data/processed/train_set/spasmodic_dysphonia/1gqAGauWj4U_seg_108.wav,1gqAGauWj4U,spasmodic_dysphonia,train
1gqAGauWj4U_seg_109.wav,data/processed/train_set/spasmodic_dysphonia/1gqAGauWj4U_seg_109.wav,1gqAGauWj4U,spasmodic_dysphonia,train
1gqAGauWj4U_seg_110.wav,data/processed/train_set/spasmodic_dysphonia/1gqAGauWj4U_seg_110.wav,1gqAGauWj4U,spasmodic_dysphonia,train
1gqAGauWj4U_seg_111.wav,data/processed/train_set/spasmodic_dysphonia/1gqAGauWj4U_seg_111.wav,1gqAGauWj4U,spasmodic_dysphonia,train
1gqAGauWj4U_seg_112.wav,data/processed/train_set/spasmodic_dysphonia/1gqAGauWj4U_seg_112.wav,1gqAGauWj4U,spasmodic_dysphonia,train
1gqAGauWj4U_seg_113.wav,data/processed/train_set/spasmodic_dysphonia/1gqAGauWj4U_seg_113.wav,1gqAGauWj4U,spasmodic_dysphonia,train
1gqAGauWj4U_seg_114.wav,data/processed/train_set/spasmodic_dysphonia/1gqAGauWj4U_seg_114.wav,1gqAGauWj4U,spasmodic_dysphonia,train
1gqAGauWj4U_seg_115.wav,data/processed/train_set/spasmodic_dysphonia/1gqAGauWj4U_seg_115.wav,1gqAGauWj4U,spasmodic_dysphonia,train
4Nmd8u5sXGw_seg_000.wav,data/processed/train_set/spasmodic_dysphonia/4Nmd8u5sXGw_seg_000.wav,4Nmd8u5sXGw,spasmodic_dysphonia,train
4Nmd8u5sXGw_seg_001.wav,data/processed/train_set/spasmodic_dysphonia/4Nmd8u5sXGw_seg_001.wav,4Nmd8u5sXGw,spasmodic_dysphonia,train
4Nmd8u5sXGw_seg_002.wav,data/processed/train_set/spasmodic_dysphonia/4Nmd8u5sXGw_seg_002.wav,4Nmd8u5sXGw,spasmodic_dysphonia,train
4Nmd8u5sXGw_seg_003.wav,data/processed/train_set/spasmodic_dysphonia/4Nmd8u5sXGw_seg_003.wav,4Nmd8u5sXGw,spasmodic_dysphonia,train
4Nmd8u5sXGw_seg_006.wav,data/processed/train_set/spasmodic_dysphonia/4Nmd8u5sXGw_seg_006.wav,4Nmd8u5sXGw,spasmodic_dysphonia,train
4Nmd8u5sXGw_seg_007.wav,data/processed/train_set/spasmodic_dysphonia/4Nmd8u5sXGw_seg_007.wav,4Nmd8u5sXGw,spasmodic_dysphonia,train
4Nmd8u5sXGw_seg_009.wav,data/processed/train_set/spasmodic_dysphonia/4Nmd8u5sXGw_seg_009.wav,4Nmd8u5sXGw,spasmodic_dysphonia,train
4Nmd8u5sXGw_seg_010.wav,data/processed/train_set/spasmodic_dysphonia/4Nmd8u5sXGw_seg_010.wav,4Nmd8u5sXGw,spasmodic_dysphonia,train
4Nmd8u5sXGw_seg_011.wav,data/processed/train_set/spasmodic_dysphonia/4Nmd8u5sXGw_seg_011.wav,4Nmd8u5sXGw,spasmodic_dysphonia,train
4Nmd8u5sXGw_seg_012.wav,data/processed/train_set/spasmodic_dysphonia/4Nmd8u5sXGw_seg_012.wav,4Nmd8u5sXGw,spasmodic_dysphonia,train
4Nmd8u5sXGw_seg_013.wav,data/processed/train_set/spasmodic_dysphonia/4Nmd8u5sXGw_seg_013.wav,4Nmd8u5sXGw,spasmodic_dysphonia,train
4Nmd8u5sXGw_seg_014.wav,data/processed/train_set/spasmodic_dysphonia/4Nmd8u5sXGw_seg_014.wav,4Nmd8u5sXGw,spasmodic_dysphonia,train
4Nmd8u5sXGw_seg_015.wav,data/processed/train_set/spasmodic_dysphonia/4Nmd8u5sXGw_seg_015.wav,4Nmd8u5sXGw,spasmodic_dysphonia,train
4Nmd8u5sXGw_seg_016.wav,data/processed/train_set/spasmodic_dysphonia/4Nmd8u5sXGw_seg_016.wav,4Nmd8u5sXGw,spasmodic_dysphonia,train
4Nmd8u5sXGw_seg_017.wav,data/processed/train_set/spasmodic_dysphonia/4Nmd8u5sXGw_seg_017.wav,4Nmd8u5sXGw,spasmodic_dysphonia,train
4Nmd8u5sXGw_seg_018.wav,data/processed/train_set/spasmodic_dysphonia/4Nmd8u5sXGw_seg_018.wav,4Nmd8u5sXGw,spasmodic_dysphonia,train
4Nmd8u5sXGw_seg_019.wav,data/processed/train_set/spasmodic_dysphonia/4Nmd8u5sXGw_seg_019.wav,4Nmd8u5sXGw,spasmodic_dysphonia,train
4Nmd8u5sXGw_seg_020.wav,data/processed/train_set/spasmodic_dysphonia/4Nmd8u5sXGw_seg_020.wav,4Nmd8u5sXGw,spasmodic_dysphonia,train
4Nmd8u5sXGw_seg_021.wav,data/processed/train_set/spasmodic_dysphonia/4Nmd8u5sXGw_seg_021.wav,4Nmd8u5sXGw,spasmodic_dysphonia,train
4Nmd8u5sXGw_seg_022.wav,data/processed/train_set/spasmodic_dysphonia/4Nmd8u5sXGw_seg_022.wav,4Nmd8u5sXGw,spasmodic_dysphonia,train
4Nmd8u5sXGw_seg_023.wav,data/processed/train_set/spasmodic_dysphonia/4Nmd8u5sXGw_seg_023.wav,4Nmd8u5sXGw,spasmodic_dysphonia,train
55qJ3dI1kDI_seg_000.wav,data/processed/train_set/spasmodic_dysphonia/55qJ3dI1kDI_seg_000.wav,55qJ3dI1kDI,spasmodic_dysphonia,train
55qJ3dI1kDI_seg_001.wav,data/processed/train_set/spasmodic_dysphonia/55qJ3dI1kDI_seg_001.wav,55qJ3dI1kDI,spasmodic_dysphonia,train
55qJ3dI1kDI_seg_002.wav,data/processed/train_set/spasmodic_dysphonia/55qJ3dI1kDI_seg_002.wav,55qJ3dI1kDI,spasmodic_dysphonia,train
55qJ3dI1kDI_seg_003.wav,data/processed/train_set/spasmodic_dysphonia/55qJ3dI1kDI_seg_003.wav,55qJ3dI1kDI,spasmodic_dysphonia,train
55qJ3dI1kDI_seg_004.wav,data/processed/train_set/spasmodic_dysphonia/55qJ3dI1kDI_seg_004.wav,55qJ3dI1kDI,spasmodic_dysphonia,train
55qJ3dI1kDI_seg_005.wav,data/processed/train_set/spasmodic_dysphonia/55qJ3dI1kDI_seg_005.wav,55qJ3dI1kDI,spasmodic_dysphonia,train
55qJ3dI1kDI_seg_006.wav,data/processed/train_set/spasmodic_dysphonia/55qJ3dI1kDI_seg_006.wav,55qJ3dI1kDI,spasmodic_dysphonia,train
55qJ3dI1kDI_seg_007.wav,data/processed/train_set/spasmodic_dysphonia/55qJ3dI1kDI_seg_007.wav,55qJ3dI1kDI,spasmodic_dysphonia,train
55qJ3dI1kDI_seg_008.wav,data/processed/train_set/spasmodic_dysphonia/55qJ3dI1kDI_seg_008.wav,55qJ3dI1kDI,spasmodic_dysphonia,train
55qJ3dI1kDI_seg_009.wav,data/processed/train_set/spasmodic_dysphonia/55qJ3dI1kDI_seg_009.wav,55qJ3dI1kDI,spasmodic_dysphonia,train
55qJ3dI1kDI_seg_010.wav,data/processed/train_set/spasmodic_dysphonia/55qJ3dI1kDI_seg_010.wav,55qJ3dI1kDI,spasmodic_dysphonia,train
55qJ3dI1kDI_seg_011.wav,data/processed/train_set/spasmodic_dysphonia/55qJ3dI1kDI_seg_011.wav,55qJ3dI1kDI,spasmodic_dysphonia,train
55qJ3dI1kDI_seg_012.wav,data/processed/train_set/spasmodic_dysphonia/55qJ3dI1kDI_seg_012.wav,55qJ3dI1kDI,spasmodic_dysphonia,train
55qJ3dI1kDI_seg_013.wav,data/processed/train_set/spasmodic_dysphonia/55qJ3dI1kDI_seg_013.wav,55qJ3dI1kDI,spasmodic_dysphonia,train
55qJ3dI1kDI_seg_014.wav,data/processed/train_set/spasmodic_dysphonia/55qJ3dI1kDI_seg_014.wav,55qJ3dI1kDI,spasmodic_dysphonia,train
55qJ3dI1kDI_seg_015.wav,data/processed/train_set/spasmodic_dysphonia/55qJ3dI1kDI_seg_015.wav,55qJ3dI1kDI,spasmodic_dysphonia,train
55qJ3dI1kDI_seg_016.wav,data/processed/train_set/spasmodic_dysphonia/55qJ3dI1kDI_seg_016.wav,55qJ3dI1kDI,spasmodic_dysphonia,train
55qJ3dI1kDI_seg_017.wav,data/processed/train_set/spasmodic_dysphonia/55qJ3dI1kDI_seg_017.wav,55qJ3dI1kDI,spasmodic_dysphonia,train
55qJ3dI1kDI_seg_018.wav,data/processed/train_set/spasmodic_dysphonia/55qJ3dI1kDI_seg_018.wav,55qJ3dI1kDI,spasmodic_dysphonia,train
55qJ3dI1kDI_seg_019.wav,data/processed/train_set/spasmodic_dysphonia/55qJ3dI1kDI_seg_019.wav,55qJ3dI1kDI,spasmodic_dysphonia,train
55qJ3dI1kDI_seg_020.wav,data/processed/train_set/spasmodic_dysphonia/55qJ3dI1kDI_seg_020.wav,55qJ3dI1kDI,spasmodic_dysphonia,train
55qJ3dI1kDI_seg_021.wav,data/processed/train_set/spasmodic_dysphonia/55qJ3dI1kDI_seg_021.wav,55qJ3dI1kDI,spasmodic_dysphonia,train
55qJ3dI1kDI_seg_022.wav,data/processed/train_set/spasmodic_dysphonia/55qJ3dI1kDI_seg_022.wav,55qJ3dI1kDI,spasmodic_dysphonia,train
55qJ3dI1kDI_seg_023.wav,data/processed/train_set/spasmodic_dysphonia/55qJ3dI1kDI_seg_023.wav,55qJ3dI1kDI,spasmodic_dysphonia,train
55qJ3dI1kDI_seg_024.wav,data/processed/train_set/spasmodic_dysphonia/55qJ3dI1kDI_seg_024.wav,55qJ3dI1kDI,spasmodic_dysphonia,train
55qJ3dI1kDI_seg_025.wav,data/processed/train_set/spasmodic_dysphonia/55qJ3dI1kDI_seg_025.wav,55qJ3dI1kDI,spasmodic_dysphonia,train
55qJ3dI1kDI_seg_026.wav,data/processed/train_set/spasmodic_dysphonia/55qJ3dI1kDI_seg_026.wav,55qJ3dI1kDI,spasmodic_dysphonia,train
55qJ3dI1kDI_seg_027.wav,data/processed/train_set/spasmodic_dysphonia/55qJ3dI1kDI_seg_027.wav,55qJ3dI1kDI,spasmodic_dysphonia,train
55qJ3dI1kDI_seg_028.wav,data/processed/train_set/spasmodic_dysphonia/55qJ3dI1kDI_seg_028.wav,55qJ3dI1kDI,spasmodic_dysphonia,train
55qJ3dI1kDI_seg_029.wav,data/processed/train_set/spasmodic_dysphonia/55qJ3dI1kDI_seg_029.wav,55qJ3dI1kDI,spasmodic_dysphonia,train
55qJ3dI1kDI_seg_030.wav,data/processed/train_set/spasmodic_dysphonia/55qJ3dI1kDI_seg_030.wav,55qJ3dI1kDI,spasmodic_dysphonia,train
55qJ3dI1kDI_seg_031.wav,data/processed/train_set/spasmodic_dysphonia/55qJ3dI1kDI_seg_031.wav,55qJ3dI1kDI,spasmodic_dysphonia,train
55qJ3dI1kDI_seg_032.wav,data/processed/train_set/spasmodic_dysphonia/55qJ3dI1kDI_seg_032.wav,55qJ3dI1kDI,spasmodic_dysphonia,train
55qJ3dI1kDI_seg_033.wav,data/processed/train_set/spasmodic_dysphonia/55qJ3dI1kDI_seg_033.wav,55qJ3dI1kDI,spasmodic_dysphonia,train
55qJ3dI1kDI_seg_034.wav,data/processed/train_set/spasmodic_dysphonia/55qJ3dI1kDI_seg_034.wav,55qJ3dI1kDI,spasmodic_dysphonia,train
55qJ3dI1kDI_seg_035.wav,data/processed/train_set/spasmodic_dysphonia/55qJ3dI1kDI_seg_035.wav,55qJ3dI1kDI,spasmodic_dysphonia,train
55qJ3dI1kDI_seg_036.wav,data/processed/train_set/spasmodic_dysphonia/55qJ3dI1kDI_seg_036.wav,55qJ3dI1kDI,spasmodic_dysphonia,train
55qJ3dI1kDI_seg_037.wav,data/processed/train_set/spasmodic_dysphonia/55qJ3dI1kDI_seg_037.wav,55qJ3dI1kDI,spasmodic_dysphonia,train
55qJ3dI1kDI_seg_038.wav,data/processed/train_set/spasmodic_dysphonia/55qJ3dI1kDI_seg_038.wav,55qJ3dI1kDI,spasmodic_dysphonia,train
55qJ3dI1kDI_seg_039.wav,data/processed/train_set/spasmodic_dysphonia/55qJ3dI1kDI_seg_039.wav,55qJ3dI1kDI,spasmodic_dysphonia,train
55qJ3dI1kDI_seg_040.wav,data/processed/train_set/spasmodic_dysphonia/55qJ3dI1kDI_seg_040.wav,55qJ3dI1kDI,spasmodic_dysphonia,train
55qJ3dI1kDI_seg_041.wav,data/processed/train_set/spasmodic_dysphonia/55qJ3dI1kDI_seg_041.wav,55qJ3dI1kDI,spasmodic_dysphonia,train
55qJ3dI1kDI_seg_042.wav,data/processed/train_set/spasmodic_dysphonia/55qJ3dI1kDI_seg_042.wav,55qJ3dI1kDI,spasmodic_dysphonia,train
84fz-E-ZphY_seg_000.wav,data/processed/train_set/spasmodic_dysphonia/84fz-E-ZphY_seg_000.wav,84fz-E-ZphY,spasmodic_dysphonia,train
84fz-E-ZphY_seg_001.wav,data/processed/train_set/spasmodic_dysphonia/84fz-E-ZphY_seg_001.wav,84fz-E-ZphY,spasmodic_dysphonia,train
84fz-E-ZphY_seg_002.wav,data/processed/train_set/spasmodic_dysphonia/84fz-E-ZphY_seg_002.wav,84fz-E-ZphY,spasmodic_dysphonia,train
84fz-E-ZphY_seg_003.wav,data/processed/train_set/spasmodic_dysphonia/84fz-E-ZphY_seg_003.wav,84fz-E-ZphY,spasmodic_dysphonia,train
84fz-E-ZphY_seg_004.wav,data/processed/train_set/spasmodic_dysphonia/84fz-E-ZphY_seg_004.wav,84fz-E-ZphY,spasmodic_dysphonia,train
84fz-E-ZphY_seg_005.wav,data/processed/train_set/spasmodic_dysphonia/84fz-E-ZphY_seg_005.wav,84fz-E-ZphY,spasmodic_dysphonia,train
84fz-E-ZphY_seg_006.wav,data/processed/train_set/spasmodic_dysphonia/84fz-E-ZphY_seg_006.wav,84fz-E-ZphY,spasmodic_dysphonia,train
84fz-E-ZphY_seg_007.wav,data/processed/train_set/spasmodic_dysphonia/84fz-E-ZphY_seg_007.wav,84fz-E-ZphY,spasmodic_dysphonia,train
84fz-E-ZphY_seg_008.wav,data/processed/train_set/spasmodic_dysphonia/84fz-E-ZphY_seg_008.wav,84fz-E-ZphY,spasmodic_dysphonia,train
84fz-E-ZphY_seg_009.wav,data/processed/train_set/spasmodic_dysphonia/84fz-E-ZphY_seg_009.wav,84fz-E-ZphY,spasmodic_dysphonia,train
84fz-E-ZphY_seg_010.wav,data/processed/train_set/spasmodic_dysphonia/84fz-E-ZphY_seg_010.wav,84fz-E-ZphY,spasmodic_dysphonia,train
84fz-E-ZphY_seg_011.wav,data/processed/train_set/spasmodic_dysphonia/84fz-E-ZphY_seg_011.wav,84fz-E-ZphY,spasmodic_dysphonia,train
84fz-E-ZphY_seg_012.wav,data/processed/train_set/spasmodic_dysphonia/84fz-E-ZphY_seg_012.wav,84fz-E-ZphY,spasmodic_dysphonia,train
84fz-E-ZphY_seg_013.wav,data/processed/train_set/spasmodic_dysphonia/84fz-E-ZphY_seg_013.wav,84fz-E-ZphY,spasmodic_dysphonia,train
84fz-E-ZphY_seg_014.wav,data/processed/train_set/spasmodic_dysphonia/84fz-E-ZphY_seg_014.wav,84fz-E-ZphY,spasmodic_dysphonia,train
84fz-E-ZphY_seg_015.wav,data/processed/train_set/spasmodic_dysphonia/84fz-E-ZphY_seg_015.wav,84fz-E-ZphY,spasmodic_dysphonia,train
84fz-E-ZphY_seg_016.wav,data/processed/train_set/spasmodic_dysphonia/84fz-E-ZphY_seg_016.wav,84fz-E-ZphY,spasmodic_dysphonia,train
84fz-E-ZphY_seg_017.wav,data/processed/train_set/spasmodic_dysphonia/84fz-E-ZphY_seg_017.wav,84fz-E-ZphY,spasmodic_dysphonia,train
84fz-E-ZphY_seg_018.wav,data/processed/train_set/spasmodic_dysphonia/84fz-E-ZphY_seg_018.wav,84fz-E-ZphY,spasmodic_dysphonia,train
84fz-E-ZphY_seg_019.wav,data/processed/train_set/spasmodic_dysphonia/84fz-E-ZphY_seg_019.wav,84fz-E-ZphY,spasmodic_dysphonia,train
84fz-E-ZphY_seg_020.wav,data/processed/train_set/spasmodic_dysphonia/84fz-E-ZphY_seg_020.wav,84fz-E-ZphY,spasmodic_dysphonia,train
84fz-E-ZphY_seg_021.wav,data/processed/train_set/spasmodic_dysphonia/84fz-E-ZphY_seg_021.wav,84fz-E-ZphY,spasmodic_dysphonia,train
84fz-E-ZphY_seg_022.wav,data/processed/train_set/spasmodic_dysphonia/84fz-E-ZphY_seg_022.wav,84fz-E-ZphY,spasmodic_dysphonia,train
84fz-E-ZphY_seg_023.wav,data/processed/train_set/spasmodic_dysphonia/84fz-E-ZphY_seg_023.wav,84fz-E-ZphY,spasmodic_dysphonia,train
84fz-E-ZphY_seg_024.wav,data/processed/train_set/spasmodic_dysphonia/84fz-E-ZphY_seg_024.wav,84fz-E-ZphY,spasmodic_dysphonia,train
84fz-E-ZphY_seg_025.wav,data/processed/train_set/spasmodic_dysphonia/84fz-E-ZphY_seg_025.wav,84fz-E-ZphY,spasmodic_dysphonia,train
84fz-E-ZphY_seg_026.wav,data/processed/train_set/spasmodic_dysphonia/84fz-E-ZphY_seg_026.wav,84fz-E-ZphY,spasmodic_dysphonia,train
9CX2xcq1P9A_seg_000.wav,data/processed/train_set/spasmodic_dysphonia/9CX2xcq1P9A_seg_000.wav,9CX2xcq1P9A,spasmodic_dysphonia,train
9CX2xcq1P9A_seg_001.wav,data/processed/train_set/spasmodic_dysphonia/9CX2xcq1P9A_seg_001.wav,9CX2xcq1P9A,spasmodic_dysphonia,train
9CX2xcq1P9A_seg_002.wav,data/processed/train_set/spasmodic_dysphonia/9CX2xcq1P9A_seg_002.wav,9CX2xcq1P9A,spasmodic_dysphonia,train
9CX2xcq1P9A_seg_003.wav,data/processed/train_set/spasmodic_dysphonia/9CX2xcq1P9A_seg_003.wav,9CX2xcq1P9A,spasmodic_dysphonia,train
9CX2xcq1P9A_seg_005.wav,data/processed/train_set/spasmodic_dysphonia/9CX2xcq1P9A_seg_005.wav,9CX2xcq1P9A,spasmodic_dysphonia,train
9CX2xcq1P9A_seg_006.wav,data/processed/train_set/spasmodic_dysphonia/9CX2xcq1P9A_seg_006.wav,9CX2xcq1P9A,spasmodic_dysphonia,train
9CX2xcq1P9A_seg_007.wav,data/processed/train_set/spasmodic_dysphonia/9CX2xcq1P9A_seg_007.wav,9CX2xcq1P9A,spasmodic_dysphonia,train
9CX2xcq1P9A_seg_008.wav,data/processed/train_set/spasmodic_dysphonia/9CX2xcq1P9A_seg_008.wav,9CX2xcq1P9A,spasmodic_dysphonia,train
9CX2xcq1P9A_seg_009.wav,data/processed/train_set/spasmodic_dysphonia/9CX2xcq1P9A_seg_009.wav,9CX2xcq1P9A,spasmodic_dysphonia,train
9CX2xcq1P9A_seg_010.wav,data/processed/train_set/spasmodic_dysphonia/9CX2xcq1P9A_seg_010.wav,9CX2xcq1P9A,spasmodic_dysphonia,train
9CX2xcq1P9A_seg_011.wav,data/processed/train_set/spasmodic_dysphonia/9CX2xcq1P9A_seg_011.wav,9CX2xcq1P9A,spasmodic_dysphonia,train
9CX2xcq1P9A_seg_012.wav,data/processed/train_set/spasmodic_dysphonia/9CX2xcq1P9A_seg_012.wav,9CX2xcq1P9A,spasmodic_dysphonia,train
9CX2xcq1P9A_seg_014.wav,data/processed/train_set/spasmodic_dysphonia/9CX2xcq1P9A_seg_014.wav,9CX2xcq1P9A,spasmodic_dysphonia,train
9CX2xcq1P9A_seg_015.wav,data/processed/train_set/spasmodic_dysphonia/9CX2xcq1P9A_seg_015.wav,9CX2xcq1P9A,spasmodic_dysphonia,train
9CX2xcq1P9A_seg_016.wav,data/processed/train_set/spasmodic_dysphonia/9CX2xcq1P9A_seg_016.wav,9CX2xcq1P9A,spasmodic_dysphonia,train
9CX2xcq1P9A_seg_017.wav,data/processed/train_set/spasmodic_dysphonia/9CX2xcq1P9A_seg_017.wav,9CX2xcq1P9A,spasmodic_dysphonia,train
9CX2xcq1P9A_seg_018.wav,data/processed/train_set/spasmodic_dysphonia/9CX2xcq1P9A_seg_018.wav,9CX2xcq1P9A,spasmodic_dysphonia,train
9CX2xcq1P9A_seg_019.wav,data/processed/train_set/spasmodic_dysphonia/9CX2xcq1P9A_seg_019.wav,9CX2xcq1P9A,spasmodic_dysphonia,train
9CX2xcq1P9A_seg_020.wav,data/processed/train_set/spasmodic_dysphonia/9CX2xcq1P9A_seg_020.wav,9CX2xcq1P9A,spasmodic_dysphonia,train
9CX2xcq1P9A_seg_021.wav,data/processed/train_set/spasmodic_dysphonia/9CX2xcq1P9A_seg_021.wav,9CX2xcq1P9A,spasmodic_dysphonia,train
9CX2xcq1P9A_seg_022.wav,data/processed/train_set/spasmodic_dysphonia/9CX2xcq1P9A_seg_022.wav,9CX2xcq1P9A,spasmodic_dysphonia,train
9CX2xcq1P9A_seg_023.wav,data/processed/train_set/spasmodic_dysphonia/9CX2xcq1P9A_seg_023.wav,9CX2xcq1P9A,spasmodic_dysphonia,train
9CX2xcq1P9A_seg_024.wav,data/processed/train_set/spasmodic_dysphonia/9CX2xcq1P9A_seg_024.wav,9CX2xcq1P9A,spasmodic_dysphonia,train
9CX2xcq1P9A_seg_025.wav,data/processed/train_set/spasmodic_dysphonia/9CX2xcq1P9A_seg_025.wav,9CX2xcq1P9A,spasmodic_dysphonia,train
cWMQSoEqCl0_seg_000.wav,data/processed/train_set/spasmodic_dysphonia/cWMQSoEqCl0_seg_000.wav,cWMQSoEqCl0,spasmodic_dysphonia,train
cWMQSoEqCl0_seg_001.wav,data/processed/train_set/spasmodic_dysphonia/cWMQSoEqCl0_seg_001.wav,cWMQSoEqCl0,spasmodic_dysphonia,train
cWMQSoEqCl0_seg_002.wav,data/processed/train_set/spasmodic_dysphonia/cWMQSoEqCl0_seg_002.wav,cWMQSoEqCl0,spasmodic_dysphonia,train
cWMQSoEqCl0_seg_003.wav,data/processed/train_set/spasmodic_dysphonia/cWMQSoEqCl0_seg_003.wav,cWMQSoEqCl0,spasmodic_dysphonia,train
cWMQSoEqCl0_seg_004.wav,data/processed/train_set/spasmodic_dysphonia/cWMQSoEqCl0_seg_004.wav,cWMQSoEqCl0,spasmodic_dysphonia,train
cWMQSoEqCl0_seg_005.wav,data/processed/train_set/spasmodic_dysphonia/cWMQSoEqCl0_seg_005.wav,cWMQSoEqCl0,spasmodic_dysphonia,train
cWMQSoEqCl0_seg_006.wav,data/processed/train_set/spasmodic_dysphonia/cWMQSoEqCl0_seg_006.wav,cWMQSoEqCl0,spasmodic_dysphonia,train
cWMQSoEqCl0_seg_007.wav,data/processed/train_set/spasmodic_dysphonia/cWMQSoEqCl0_seg_007.wav,cWMQSoEqCl0,spasmodic_dysphonia,train
cWMQSoEqCl0_seg_008.wav,data/processed/train_set/spasmodic_dysphonia/cWMQSoEqCl0_seg_008.wav,cWMQSoEqCl0,spasmodic_dysphonia,train
cWMQSoEqCl0_seg_009.wav,data/processed/train_set/spasmodic_dysphonia/cWMQSoEqCl0_seg_009.wav,cWMQSoEqCl0,spasmodic_dysphonia,train
cWMQSoEqCl0_seg_010.wav,data/processed/train_set/spasmodic_dysphonia/cWMQSoEqCl0_seg_010.wav,cWMQSoEqCl0,spasmodic_dysphonia,train
cWMQSoEqCl0_seg_011.wav,data/processed/train_set/spasmodic_dysphonia/cWMQSoEqCl0_seg_011.wav,cWMQSoEqCl0,spasmodic_dysphonia,train
cWMQSoEqCl0_seg_012.wav,data/processed/train_set/spasmodic_dysphonia/cWMQSoEqCl0_seg_012.wav,cWMQSoEqCl0,spasmodic_dysphonia,train
cWMQSoEqCl0_seg_013.wav,data/processed/train_set/spasmodic_dysphonia/cWMQSoEqCl0_seg_013.wav,cWMQSoEqCl0,spasmodic_dysphonia,train
cWMQSoEqCl0_seg_014.wav,data/processed/train_set/spasmodic_dysphonia/cWMQSoEqCl0_seg_014.wav,cWMQSoEqCl0,spasmodic_dysphonia,train
cWMQSoEqCl0_seg_015.wav,data/processed/train_set/spasmodic_dysphonia/cWMQSoEqCl0_seg_015.wav,cWMQSoEqCl0,spasmodic_dysphonia,train
cWMQSoEqCl0_seg_016.wav,data/processed/train_set/spasmodic_dysphonia/cWMQSoEqCl0_seg_016.wav,cWMQSoEqCl0,spasmodic_dysphonia,train
cWMQSoEqCl0_seg_017.wav,data/processed/train_set/spasmodic_dysphonia/cWMQSoEqCl0_seg_017.wav,cWMQSoEqCl0,spasmodic_dysphonia,train
cWMQSoEqCl0_seg_018.wav,data/processed/train_set/spasmodic_dysphonia/cWMQSoEqCl0_seg_018.wav,cWMQSoEqCl0,spasmodic_dysphonia,train
cWMQSoEqCl0_seg_019.wav,data/processed/train_set/spasmodic_dysphonia/cWMQSoEqCl0_seg_019.wav,cWMQSoEqCl0,spasmodic_dysphonia,train
cWMQSoEqCl0_seg_020.wav,data/processed/train_set/spasmodic_dysphonia/cWMQSoEqCl0_seg_020.wav,cWMQSoEqCl0,spasmodic_dysphonia,train
cWMQSoEqCl0_seg_021.wav,data/processed/train_set/spasmodic_dysphonia/cWMQSoEqCl0_seg_021.wav,cWMQSoEqCl0,spasmodic_dysphonia,train
cWMQSoEqCl0_seg_022.wav,data/processed/train_set/spasmodic_dysphonia/cWMQSoEqCl0_seg_022.wav,cWMQSoEqCl0,spasmodic_dysphonia,train
cWMQSoEqCl0_seg_023.wav,data/processed/train_set/spasmodic_dysphonia/cWMQSoEqCl0_seg_023.wav,cWMQSoEqCl0,spasmodic_dysphonia,train
cWMQSoEqCl0_seg_024.wav,data/processed/train_set/spasmodic_dysphonia/cWMQSoEqCl0_seg_024.wav,cWMQSoEqCl0,spasmodic_dysphonia,train
cWMQSoEqCl0_seg_025.wav,data/processed/train_set/spasmodic_dysphonia/cWMQSoEqCl0_seg_025.wav,cWMQSoEqCl0,spasmodic_dysphonia,train
cWMQSoEqCl0_seg_026.wav,data/processed/train_set/spasmodic_dysphonia/cWMQSoEqCl0_seg_026.wav,cWMQSoEqCl0,spasmodic_dysphonia,train
cWMQSoEqCl0_seg_027.wav,data/processed/train_set/spasmodic_dysphonia/cWMQSoEqCl0_seg_027.wav,cWMQSoEqCl0,spasmodic_dysphonia,train
cWMQSoEqCl0_seg_028.wav,data/processed/train_set/spasmodic_dysphonia/cWMQSoEqCl0_seg_028.wav,cWMQSoEqCl0,spasmodic_dysphonia,train
cWMQSoEqCl0_seg_029.wav,data/processed/train_set/spasmodic_dysphonia/cWMQSoEqCl0_seg_029.wav,cWMQSoEqCl0,spasmodic_dysphonia,train
cWMQSoEqCl0_seg_030.wav,data/processed/train_set/spasmodic_dysphonia/cWMQSoEqCl0_seg_030.wav,cWMQSoEqCl0,spasmodic_dysphonia,train
cWMQSoEqCl0_seg_031.wav,data/processed/train_set/spasmodic_dysphonia/cWMQSoEqCl0_seg_031.wav,cWMQSoEqCl0,spasmodic_dysphonia,train
cWMQSoEqCl0_seg_032.wav,data/processed/train_set/spasmodic_dysphonia/cWMQSoEqCl0_seg_032.wav,cWMQSoEqCl0,spasmodic_dysphonia,train
cWMQSoEqCl0_seg_033.wav,data/processed/train_set/spasmodic_dysphonia/cWMQSoEqCl0_seg_033.wav,cWMQSoEqCl0,spasmodic_dysphonia,train
cWMQSoEqCl0_seg_034.wav,data/processed/train_set/spasmodic_dysphonia/cWMQSoEqCl0_seg_034.wav,cWMQSoEqCl0,spasmodic_dysphonia,train
cWMQSoEqCl0_seg_035.wav,data/processed/train_set/spasmodic_dysphonia/cWMQSoEqCl0_seg_035.wav,cWMQSoEqCl0,spasmodic_dysphonia,train
cWMQSoEqCl0_seg_036.wav,data/processed/train_set/spasmodic_dysphonia/cWMQSoEqCl0_seg_036.wav,cWMQSoEqCl0,spasmodic_dysphonia,train
cWMQSoEqCl0_seg_037.wav,data/processed/train_set/spasmodic_dysphonia/cWMQSoEqCl0_seg_037.wav,cWMQSoEqCl0,spasmodic_dysphonia,train
cWMQSoEqCl0_seg_038.wav,data/processed/train_set/spasmodic_dysphonia/cWMQSoEqCl0_seg_038.wav,cWMQSoEqCl0,spasmodic_dysphonia,train
cWMQSoEqCl0_seg_039.wav,data/processed/train_set/spasmodic_dysphonia/cWMQSoEqCl0_seg_039.wav,cWMQSoEqCl0,spasmodic_dysphonia,train
cWMQSoEqCl0_seg_040.wav,data/processed/train_set/spasmodic_dysphonia/cWMQSoEqCl0_seg_040.wav,cWMQSoEqCl0,spasmodic_dysphonia,train
cWMQSoEqCl0_seg_041.wav,data/processed/train_set/spasmodic_dysphonia/cWMQSoEqCl0_seg_041.wav,cWMQSoEqCl0,spasmodic_dysphonia,train
cWMQSoEqCl0_seg_042.wav,data/processed/train_set/spasmodic_dysphonia/cWMQSoEqCl0_seg_042.wav,cWMQSoEqCl0,spasmodic_dysphonia,train
cWMQSoEqCl0_seg_043.wav,data/processed/train_set/spasmodic_dysphonia/cWMQSoEqCl0_seg_043.wav,cWMQSoEqCl0,spasmodic_dysphonia,train
cWMQSoEqCl0_seg_044.wav,data/processed/train_set/spasmodic_dysphonia/cWMQSoEqCl0_seg_044.wav,cWMQSoEqCl0,spasmodic_dysphonia,train
cWMQSoEqCl0_seg_045.wav,data/processed/train_set/spasmodic_dysphonia/cWMQSoEqCl0_seg_045.wav,cWMQSoEqCl0,spasmodic_dysphonia,train
cWMQSoEqCl0_seg_046.wav,data/processed/train_set/spasmodic_dysphonia/cWMQSoEqCl0_seg_046.wav,cWMQSoEqCl0,spasmodic_dysphonia,train
cWMQSoEqCl0_seg_047.wav,data/processed/train_set/spasmodic_dysphonia/cWMQSoEqCl0_seg_047.wav,cWMQSoEqCl0,spasmodic_dysphonia,train
cWMQSoEqCl0_seg_048.wav,data/processed/train_set/spasmodic_dysphonia/cWMQSoEqCl0_seg_048.wav,cWMQSoEqCl0,spasmodic_dysphonia,train
cWMQSoEqCl0_seg_049.wav,data/processed/train_set/spasmodic_dysphonia/cWMQSoEqCl0_seg_049.wav,cWMQSoEqCl0,spasmodic_dysphonia,train
cWMQSoEqCl0_seg_050.wav,data/processed/train_set/spasmodic_dysphonia/cWMQSoEqCl0_seg_050.wav,cWMQSoEqCl0,spasmodic_dysphonia,train
cWMQSoEqCl0_seg_051.wav,data/processed/train_set/spasmodic_dysphonia/cWMQSoEqCl0_seg_051.wav,cWMQSoEqCl0,spasmodic_dysphonia,train
cWMQSoEqCl0_seg_052.wav,data/processed/train_set/spasmodic_dysphonia/cWMQSoEqCl0_seg_052.wav,cWMQSoEqCl0,spasmodic_dysphonia,train
cWMQSoEqCl0_seg_053.wav,data/processed/train_set/spasmodic_dysphonia/cWMQSoEqCl0_seg_053.wav,cWMQSoEqCl0,spasmodic_dysphonia,train
cWMQSoEqCl0_seg_054.wav,data/processed/train_set/spasmodic_dysphonia/cWMQSoEqCl0_seg_054.wav,cWMQSoEqCl0,spasmodic_dysphonia,train
cWMQSoEqCl0_seg_055.wav,data/processed/train_set/spasmodic_dysphonia/cWMQSoEqCl0_seg_055.wav,cWMQSoEqCl0,spasmodic_dysphonia,train
cWMQSoEqCl0_seg_056.wav,data/processed/train_set/spasmodic_dysphonia/cWMQSoEqCl0_seg_056.wav,cWMQSoEqCl0,spasmodic_dysphonia,train
cWMQSoEqCl0_seg_057.wav,data/processed/train_set/spasmodic_dysphonia/cWMQSoEqCl0_seg_057.wav,cWMQSoEqCl0,spasmodic_dysphonia,train
cWMQSoEqCl0_seg_058.wav,data/processed/train_set/spasmodic_dysphonia/cWMQSoEqCl0_seg_058.wav,cWMQSoEqCl0,spasmodic_dysphonia,train
cWMQSoEqCl0_seg_059.wav,data/processed/train_set/spasmodic_dysphonia/cWMQSoEqCl0_seg_059.wav,cWMQSoEqCl0,spasmodic_dysphonia,train
cWMQSoEqCl0_seg_060.wav,data/processed/train_set/spasmodic_dysphonia/cWMQSoEqCl0_seg_060.wav,cWMQSoEqCl0,spasmodic_dysphonia,train
cWMQSoEqCl0_seg_061.wav,data/processed/train_set/spasmodic_dysphonia/cWMQSoEqCl0_seg_061.wav,cWMQSoEqCl0,spasmodic_dysphonia,train
cWMQSoEqCl0_seg_062.wav,data/processed/train_set/spasmodic_dysphonia/cWMQSoEqCl0_seg_062.wav,cWMQSoEqCl0,spasmodic_dysphonia,train
cWMQSoEqCl0_seg_063.wav,data/processed/train_set/spasmodic_dysphonia/cWMQSoEqCl0_seg_063.wav,cWMQSoEqCl0,spasmodic_dysphonia,train
EGTvMFLjJxg_seg_000.wav,data/processed/train_set/spasmodic_dysphonia/EGTvMFLjJxg_seg_000.wav,EGTvMFLjJxg,spasmodic_dysphonia,train
EGTvMFLjJxg_seg_001.wav,data/processed/train_set/spasmodic_dysphonia/EGTvMFLjJxg_seg_001.wav,EGTvMFLjJxg,spasmodic_dysphonia,train
EGTvMFLjJxg_seg_002.wav,data/processed/train_set/spasmodic_dysphonia/EGTvMFLjJxg_seg_002.wav,EGTvMFLjJxg,spasmodic_dysphonia,train
EGTvMFLjJxg_seg_003.wav,data/processed/train_set/spasmodic_dysphonia/EGTvMFLjJxg_seg_003.wav,EGTvMFLjJxg,spasmodic_dysphonia,train
EGTvMFLjJxg_seg_004.wav,data/processed/train_set/spasmodic_dysphonia/EGTvMFLjJxg_seg_004.wav,EGTvMFLjJxg,spasmodic_dysphonia,train
EGTvMFLjJxg_seg_005.wav,data/processed/train_set/spasmodic_dysphonia/EGTvMFLjJxg_seg_005.wav,EGTvMFLjJxg,spasmodic_dysphonia,train
EGTvMFLjJxg_seg_006.wav,data/processed/train_set/spasmodic_dysphonia/EGTvMFLjJxg_seg_006.wav,EGTvMFLjJxg,spasmodic_dysphonia,train
EGTvMFLjJxg_seg_007.wav,data/processed/train_set/spasmodic_dysphonia/EGTvMFLjJxg_seg_007.wav,EGTvMFLjJxg,spasmodic_dysphonia,train
EGTvMFLjJxg_seg_009.wav,data/processed/train_set/spasmodic_dysphonia/EGTvMFLjJxg_seg_009.wav,EGTvMFLjJxg,spasmodic_dysphonia,train
EGTvMFLjJxg_seg_010.wav,data/processed/train_set/spasmodic_dysphonia/EGTvMFLjJxg_seg_010.wav,EGTvMFLjJxg,spasmodic_dysphonia,train
EGTvMFLjJxg_seg_012.wav,data/processed/train_set/spasmodic_dysphonia/EGTvMFLjJxg_seg_012.wav,EGTvMFLjJxg,spasmodic_dysphonia,train
EGTvMFLjJxg_seg_013.wav,data/processed/train_set/spasmodic_dysphonia/EGTvMFLjJxg_seg_013.wav,EGTvMFLjJxg,spasmodic_dysphonia,train
EGTvMFLjJxg_seg_014.wav,data/processed/train_set/spasmodic_dysphonia/EGTvMFLjJxg_seg_014.wav,EGTvMFLjJxg,spasmodic_dysphonia,train
EGTvMFLjJxg_seg_015.wav,data/processed/train_set/spasmodic_dysphonia/EGTvMFLjJxg_seg_015.wav,EGTvMFLjJxg,spasmodic_dysphonia,train
EGTvMFLjJxg_seg_016.wav,data/processed/train_set/spasmodic_dysphonia/EGTvMFLjJxg_seg_016.wav,EGTvMFLjJxg,spasmodic_dysphonia,train
EGTvMFLjJxg_seg_017.wav,data/processed/train_set/spasmodic_dysphonia/EGTvMFLjJxg_seg_017.wav,EGTvMFLjJxg,spasmodic_dysphonia,train
EGTvMFLjJxg_seg_018.wav,data/processed/train_set/spasmodic_dysphonia/EGTvMFLjJxg_seg_018.wav,EGTvMFLjJxg,spasmodic_dysphonia,train
EGTvMFLjJxg_seg_019.wav,data/processed/train_set/spasmodic_dysphonia/EGTvMFLjJxg_seg_019.wav,EGTvMFLjJxg,spasmodic_dysphonia,train
EGTvMFLjJxg_seg_021.wav,data/processed/train_set/spasmodic_dysphonia/EGTvMFLjJxg_seg_021.wav,EGTvMFLjJxg,spasmodic_dysphonia,train
EGTvMFLjJxg_seg_022.wav,data/processed/train_set/spasmodic_dysphonia/EGTvMFLjJxg_seg_022.wav,EGTvMFLjJxg,spasmodic_dysphonia,train
EGTvMFLjJxg_seg_023.wav,data/processed/train_set/spasmodic_dysphonia/EGTvMFLjJxg_seg_023.wav,EGTvMFLjJxg,spasmodic_dysphonia,train
EGTvMFLjJxg_seg_024.wav,data/processed/train_set/spasmodic_dysphonia/EGTvMFLjJxg_seg_024.wav,EGTvMFLjJxg,spasmodic_dysphonia,train
EGTvMFLjJxg_seg_025.wav,data/processed/train_set/spasmodic_dysphonia/EGTvMFLjJxg_seg_025.wav,EGTvMFLjJxg,spasmodic_dysphonia,train
EGTvMFLjJxg_seg_026.wav,data/processed/train_set/spasmodic_dysphonia/EGTvMFLjJxg_seg_026.wav,EGTvMFLjJxg,spasmodic_dysphonia,train
EGTvMFLjJxg_seg_027.wav,data/processed/train_set/spasmodic_dysphonia/EGTvMFLjJxg_seg_027.wav,EGTvMFLjJxg,spasmodic_dysphonia,train
EGTvMFLjJxg_seg_028.wav,data/processed/train_set/spasmodic_dysphonia/EGTvMFLjJxg_seg_028.wav,EGTvMFLjJxg,spasmodic_dysphonia,train
EGTvMFLjJxg_seg_029.wav,data/processed/train_set/spasmodic_dysphonia/EGTvMFLjJxg_seg_029.wav,EGTvMFLjJxg,spasmodic_dysphonia,train
EGTvMFLjJxg_seg_030.wav,data/processed/train_set/spasmodic_dysphonia/EGTvMFLjJxg_seg_030.wav,EGTvMFLjJxg,spasmodic_dysphonia,train
EGTvMFLjJxg_seg_031.wav,data/processed/train_set/spasmodic_dysphonia/EGTvMFLjJxg_seg_031.wav,EGTvMFLjJxg,spasmodic_dysphonia,train
EGTvMFLjJxg_seg_032.wav,data/processed/train_set/spasmodic_dysphonia/EGTvMFLjJxg_seg_032.wav,EGTvMFLjJxg,spasmodic_dysphonia,train
EGTvMFLjJxg_seg_033.wav,data/processed/train_set/spasmodic_dysphonia/EGTvMFLjJxg_seg_033.wav,EGTvMFLjJxg,spasmodic_dysphonia,train
EGTvMFLjJxg_seg_034.wav,data/processed/train_set/spasmodic_dysphonia/EGTvMFLjJxg_seg_034.wav,EGTvMFLjJxg,spasmodic_dysphonia,train
fc4oF-q1SXg_seg_000.wav,data/processed/train_set/spasmodic_dysphonia/fc4oF-q1SXg_seg_000.wav,fc4oF-q1SXg,spasmodic_dysphonia,train
fc4oF-q1SXg_seg_001.wav,data/processed/train_set/spasmodic_dysphonia/fc4oF-q1SXg_seg_001.wav,fc4oF-q1SXg,spasmodic_dysphonia,train
fc4oF-q1SXg_seg_002.wav,data/processed/train_set/spasmodic_dysphonia/fc4oF-q1SXg_seg_002.wav,fc4oF-q1SXg,spasmodic_dysphonia,train
fc4oF-q1SXg_seg_003.wav,data/processed/train_set/spasmodic_dysphonia/fc4oF-q1SXg_seg_003.wav,fc4oF-q1SXg,spasmodic_dysphonia,train
fc4oF-q1SXg_seg_004.wav,data/processed/train_set/spasmodic_dysphonia/fc4oF-q1SXg_seg_004.wav,fc4oF-q1SXg,spasmodic_dysphonia,train
fc4oF-q1SXg_seg_005.wav,data/processed/train_set/spasmodic_dysphonia/fc4oF-q1SXg_seg_005.wav,fc4oF-q1SXg,spasmodic_dysphonia,train
fc4oF-q1SXg_seg_006.wav,data/processed/train_set/spasmodic_dysphonia/fc4oF-q1SXg_seg_006.wav,fc4oF-q1SXg,spasmodic_dysphonia,train
fc4oF-q1SXg_seg_007.wav,data/processed/train_set/spasmodic_dysphonia/fc4oF-q1SXg_seg_007.wav,fc4oF-q1SXg,spasmodic_dysphonia,train
fc4oF-q1SXg_seg_008.wav,data/processed/train_set/spasmodic_dysphonia/fc4oF-q1SXg_seg_008.wav,fc4oF-q1SXg,spasmodic_dysphonia,train
fc4oF-q1SXg_seg_009.wav,data/processed/train_set/spasmodic_dysphonia/fc4oF-q1SXg_seg_009.wav,fc4oF-q1SXg,spasmodic_dysphonia,train
fc4oF-q1SXg_seg_010.wav,data/processed/train_set/spasmodic_dysphonia/fc4oF-q1SXg_seg_010.wav,fc4oF-q1SXg,spasmodic_dysphonia,train
fc4oF-q1SXg_seg_011.wav,data/processed/train_set/spasmodic_dysphonia/fc4oF-q1SXg_seg_011.wav,fc4oF-q1SXg,spasmodic_dysphonia,train
fc4oF-q1SXg_seg_012.wav,data/processed/train_set/spasmodic_dysphonia/fc4oF-q1SXg_seg_012.wav,fc4oF-q1SXg,spasmodic_dysphonia,train
fc4oF-q1SXg_seg_013.wav,data/processed/train_set/spasmodic_dysphonia/fc4oF-q1SXg_seg_013.wav,fc4oF-q1SXg,spasmodic_dysphonia,train
fc4oF-q1SXg_seg_014.wav,data/processed/train_set/spasmodic_dysphonia/fc4oF-q1SXg_seg_014.wav,fc4oF-q1SXg,spasmodic_dysphonia,train
fc4oF-q1SXg_seg_015.wav,data/processed/train_set/spasmodic_dysphonia/fc4oF-q1SXg_seg_015.wav,fc4oF-q1SXg,spasmodic_dysphonia,train
fc4oF-q1SXg_seg_016.wav,data/processed/train_set/spasmodic_dysphonia/fc4oF-q1SXg_seg_016.wav,fc4oF-q1SXg,spasmodic_dysphonia,train
fc4oF-q1SXg_seg_017.wav,data/processed/train_set/spasmodic_dysphonia/fc4oF-q1SXg_seg_017.wav,fc4oF-q1SXg,spasmodic_dysphonia,train
fc4oF-q1SXg_seg_018.wav,data/processed/train_set/spasmodic_dysphonia/fc4oF-q1SXg_seg_018.wav,fc4oF-q1SXg,spasmodic_dysphonia,train
fc4oF-q1SXg_seg_019.wav,data/processed/train_set/spasmodic_dysphonia/fc4oF-q1SXg_seg_019.wav,fc4oF-q1SXg,spasmodic_dysphonia,train
fc4oF-q1SXg_seg_020.wav,data/processed/train_set/spasmodic_dysphonia/fc4oF-q1SXg_seg_020.wav,fc4oF-q1SXg,spasmodic_dysphonia,train
fc4oF-q1SXg_seg_021.wav,data/processed/train_set/spasmodic_dysphonia/fc4oF-q1SXg_seg_021.wav,fc4oF-q1SXg,spasmodic_dysphonia,train
fc4oF-q1SXg_seg_022.wav,data/processed/train_set/spasmodic_dysphonia/fc4oF-q1SXg_seg_022.wav,fc4oF-q1SXg,spasmodic_dysphonia,train
fc4oF-q1SXg_seg_023.wav,data/processed/train_set/spasmodic_dysphonia/fc4oF-q1SXg_seg_023.wav,fc4oF-q1SXg,spasmodic_dysphonia,train
fc4oF-q1SXg_seg_024.wav,data/processed/train_set/spasmodic_dysphonia/fc4oF-q1SXg_seg_024.wav,fc4oF-q1SXg,spasmodic_dysphonia,train
fc4oF-q1SXg_seg_025.wav,data/processed/train_set/spasmodic_dysphonia/fc4oF-q1SXg_seg_025.wav,fc4oF-q1SXg,spasmodic_dysphonia,train
fc4oF-q1SXg_seg_026.wav,data/processed/train_set/spasmodic_dysphonia/fc4oF-q1SXg_seg_026.wav,fc4oF-q1SXg,spasmodic_dysphonia,train
fc4oF-q1SXg_seg_027.wav,data/processed/train_set/spasmodic_dysphonia/fc4oF-q1SXg_seg_027.wav,fc4oF-q1SXg,spasmodic_dysphonia,train
fc4oF-q1SXg_seg_028.wav,data/processed/train_set/spasmodic_dysphonia/fc4oF-q1SXg_seg_028.wav,fc4oF-q1SXg,spasmodic_dysphonia,train
fc4oF-q1SXg_seg_029.wav,data/processed/train_set/spasmodic_dysphonia/fc4oF-q1SXg_seg_029.wav,fc4oF-q1SXg,spasmodic_dysphonia,train
fc4oF-q1SXg_seg_030.wav,data/processed/train_set/spasmodic_dysphonia/fc4oF-q1SXg_seg_030.wav,fc4oF-q1SXg,spasmodic_dysphonia,train
fc4oF-q1SXg_seg_031.wav,data/processed/train_set/spasmodic_dysphonia/fc4oF-q1SXg_seg_031.wav,fc4oF-q1SXg,spasmodic_dysphonia,train
fc4oF-q1SXg_seg_032.wav,data/processed/train_set/spasmodic_dysphonia/fc4oF-q1SXg_seg_032.wav,fc4oF-q1SXg,spasmodic_dysphonia,train
fc4oF-q1SXg_seg_033.wav,data/processed/train_set/spasmodic_dysphonia/fc4oF-q1SXg_seg_033.wav,fc4oF-q1SXg,spasmodic_dysphonia,train
fc4oF-q1SXg_seg_034.wav,data/processed/train_set/spasmodic_dysphonia/fc4oF-q1SXg_seg_034.wav,fc4oF-q1SXg,spasmodic_dysphonia,train
fc4oF-q1SXg_seg_035.wav,data/processed/train_set/spasmodic_dysphonia/fc4oF-q1SXg_seg_035.wav,fc4oF-q1SXg,spasmodic_dysphonia,train
fc4oF-q1SXg_seg_036.wav,data/processed/train_set/spasmodic_dysphonia/fc4oF-q1SXg_seg_036.wav,fc4oF-q1SXg,spasmodic_dysphonia,train
fc4oF-q1SXg_seg_037.wav,data/processed/train_set/spasmodic_dysphonia/fc4oF-q1SXg_seg_037.wav,fc4oF-q1SXg,spasmodic_dysphonia,train
fc4oF-q1SXg_seg_038.wav,data/processed/train_set/spasmodic_dysphonia/fc4oF-q1SXg_seg_038.wav,fc4oF-q1SXg,spasmodic_dysphonia,train
fc4oF-q1SXg_seg_039.wav,data/processed/train_set/spasmodic_dysphonia/fc4oF-q1SXg_seg_039.wav,fc4oF-q1SXg,spasmodic_dysphonia,train
fc4oF-q1SXg_seg_040.wav,data/processed/train_set/spasmodic_dysphonia/fc4oF-q1SXg_seg_040.wav,fc4oF-q1SXg,spasmodic_dysphonia,train
fc4oF-q1SXg_seg_041.wav,data/processed/train_set/spasmodic_dysphonia/fc4oF-q1SXg_seg_041.wav,fc4oF-q1SXg,spasmodic_dysphonia,train
fc4oF-q1SXg_seg_042.wav,data/processed/train_set/spasmodic_dysphonia/fc4oF-q1SXg_seg_042.wav,fc4oF-q1SXg,spasmodic_dysphonia,train
fc4oF-q1SXg_seg_043.wav,data/processed/train_set/spasmodic_dysphonia/fc4oF-q1SXg_seg_043.wav,fc4oF-q1SXg,spasmodic_dysphonia,train
fc4oF-q1SXg_seg_044.wav,data/processed/train_set/spasmodic_dysphonia/fc4oF-q1SXg_seg_044.wav,fc4oF-q1SXg,spasmodic_dysphonia,train
fc4oF-q1SXg_seg_045.wav,data/processed/train_set/spasmodic_dysphonia/fc4oF-q1SXg_seg_045.wav,fc4oF-q1SXg,spasmodic_dysphonia,train
fc4oF-q1SXg_seg_046.wav,data/processed/train_set/spasmodic_dysphonia/fc4oF-q1SXg_seg_046.wav,fc4oF-q1SXg,spasmodic_dysphonia,train
fc4oF-q1SXg_seg_047.wav,data/processed/train_set/spasmodic_dysphonia/fc4oF-q1SXg_seg_047.wav,fc4oF-q1SXg,spasmodic_dysphonia,train
fc4oF-q1SXg_seg_048.wav,data/processed/train_set/spasmodic_dysphonia/fc4oF-q1SXg_seg_048.wav,fc4oF-q1SXg,spasmodic_dysphonia,train
fc4oF-q1SXg_seg_049.wav,data/processed/train_set/spasmodic_dysphonia/fc4oF-q1SXg_seg_049.wav,fc4oF-q1SXg,spasmodic_dysphonia,train
fc4oF-q1SXg_seg_050.wav,data/processed/train_set/spasmodic_dysphonia/fc4oF-q1SXg_seg_050.wav,fc4oF-q1SXg,spasmodic_dysphonia,train
fc4oF-q1SXg_seg_051.wav,data/processed/train_set/spasmodic_dysphonia/fc4oF-q1SXg_seg_051.wav,fc4oF-q1SXg,spasmodic_dysphonia,train
fc4oF-q1SXg_seg_052.wav,data/processed/train_set/spasmodic_dysphonia/fc4oF-q1SXg_seg_052.wav,fc4oF-q1SXg,spasmodic_dysphonia,train
fc4oF-q1SXg_seg_053.wav,data/processed/train_set/spasmodic_dysphonia/fc4oF-q1SXg_seg_053.wav,fc4oF-q1SXg,spasmodic_dysphonia,train
fc4oF-q1SXg_seg_054.wav,data/processed/train_set/spasmodic_dysphonia/fc4oF-q1SXg_seg_054.wav,fc4oF-q1SXg,spasmodic_dysphonia,train
fc4oF-q1SXg_seg_055.wav,data/processed/train_set/spasmodic_dysphonia/fc4oF-q1SXg_seg_055.wav,fc4oF-q1SXg,spasmodic_dysphonia,train
fc4oF-q1SXg_seg_056.wav,data/processed/train_set/spasmodic_dysphonia/fc4oF-q1SXg_seg_056.wav,fc4oF-q1SXg,spasmodic_dysphonia,train
fc4oF-q1SXg_seg_057.wav,data/processed/train_set/spasmodic_dysphonia/fc4oF-q1SXg_seg_057.wav,fc4oF-q1SXg,spasmodic_dysphonia,train
fc4oF-q1SXg_seg_061.wav,data/processed/train_set/spasmodic_dysphonia/fc4oF-q1SXg_seg_061.wav,fc4oF-q1SXg,spasmodic_dysphonia,train
fc4oF-q1SXg_seg_064.wav,data/processed/train_set/spasmodic_dysphonia/fc4oF-q1SXg_seg_064.wav,fc4oF-q1SXg,spasmodic_dysphonia,train
fc4oF-q1SXg_seg_066.wav,data/processed/train_set/spasmodic_dysphonia/fc4oF-q1SXg_seg_066.wav,fc4oF-q1SXg,spasmodic_dysphonia,train
fc4oF-q1SXg_seg_067.wav,data/processed/train_set/spasmodic_dysphonia/fc4oF-q1SXg_seg_067.wav,fc4oF-q1SXg,spasmodic_dysphonia,train
fc4oF-q1SXg_seg_068.wav,data/processed/train_set/spasmodic_dysphonia/fc4oF-q1SXg_seg_068.wav,fc4oF-q1SXg,spasmodic_dysphonia,train
fc4oF-q1SXg_seg_069.wav,data/processed/train_set/spasmodic_dysphonia/fc4oF-q1SXg_seg_069.wav,fc4oF-q1SXg,spasmodic_dysphonia,train
fc4oF-q1SXg_seg_070.wav,data/processed/train_set/spasmodic_dysphonia/fc4oF-q1SXg_seg_070.wav,fc4oF-q1SXg,spasmodic_dysphonia,train
fc4oF-q1SXg_seg_071.wav,data/processed/train_set/spasmodic_dysphonia/fc4oF-q1SXg_seg_071.wav,fc4oF-q1SXg,spasmodic_dysphonia,train
fc4oF-q1SXg_seg_072.wav,data/processed/train_set/spasmodic_dysphonia/fc4oF-q1SXg_seg_072.wav,fc4oF-q1SXg,spasmodic_dysphonia,train
fc4oF-q1SXg_seg_073.wav,data/processed/train_set/spasmodic_dysphonia/fc4oF-q1SXg_seg_073.wav,fc4oF-q1SXg,spasmodic_dysphonia,train
fc4oF-q1SXg_seg_074.wav,data/processed/train_set/spasmodic_dysphonia/fc4oF-q1SXg_seg_074.wav,fc4oF-q1SXg,spasmodic_dysphonia,train
fc4oF-q1SXg_seg_075.wav,data/processed/train_set/spasmodic_dysphonia/fc4oF-q1SXg_seg_075.wav,fc4oF-q1SXg,spasmodic_dysphonia,train
fc4oF-q1SXg_seg_076.wav,data/processed/train_set/spasmodic_dysphonia/fc4oF-q1SXg_seg_076.wav,fc4oF-q1SXg,spasmodic_dysphonia,train
fc4oF-q1SXg_seg_077.wav,data/processed/train_set/spasmodic_dysphonia/fc4oF-q1SXg_seg_077.wav,fc4oF-q1SXg,spasmodic_dysphonia,train
fc4oF-q1SXg_seg_078.wav,data/processed/train_set/spasmodic_dysphonia/fc4oF-q1SXg_seg_078.wav,fc4oF-q1SXg,spasmodic_dysphonia,train
fc4oF-q1SXg_seg_079.wav,data/processed/train_set/spasmodic_dysphonia/fc4oF-q1SXg_seg_079.wav,fc4oF-q1SXg,spasmodic_dysphonia,train
fc4oF-q1SXg_seg_080.wav,data/processed/train_set/spasmodic_dysphonia/fc4oF-q1SXg_seg_080.wav,fc4oF-q1SXg,spasmodic_dysphonia,train
fc4oF-q1SXg_seg_081.wav,data/processed/train_set/spasmodic_dysphonia/fc4oF-q1SXg_seg_081.wav,fc4oF-q1SXg,spasmodic_dysphonia,train
fc4oF-q1SXg_seg_082.wav,data/processed/train_set/spasmodic_dysphonia/fc4oF-q1SXg_seg_082.wav,fc4oF-q1SXg,spasmodic_dysphonia,train
fc4oF-q1SXg_seg_083.wav,data/processed/train_set/spasmodic_dysphonia/fc4oF-q1SXg_seg_083.wav,fc4oF-q1SXg,spasmodic_dysphonia,train
fc4oF-q1SXg_seg_084.wav,data/processed/train_set/spasmodic_dysphonia/fc4oF-q1SXg_seg_084.wav,fc4oF-q1SXg,spasmodic_dysphonia,train
fc4oF-q1SXg_seg_085.wav,data/processed/train_set/spasmodic_dysphonia/fc4oF-q1SXg_seg_085.wav,fc4oF-q1SXg,spasmodic_dysphonia,train
fc4oF-q1SXg_seg_086.wav,data/processed/train_set/spasmodic_dysphonia/fc4oF-q1SXg_seg_086.wav,fc4oF-q1SXg,spasmodic_dysphonia,train
fc4oF-q1SXg_seg_087.wav,data/processed/train_set/spasmodic_dysphonia/fc4oF-q1SXg_seg_087.wav,fc4oF-q1SXg,spasmodic_dysphonia,train
fc4oF-q1SXg_seg_088.wav,data/processed/train_set/spasmodic_dysphonia/fc4oF-q1SXg_seg_088.wav,fc4oF-q1SXg,spasmodic_dysphonia,train
fc4oF-q1SXg_seg_089.wav,data/processed/train_set/spasmodic_dysphonia/fc4oF-q1SXg_seg_089.wav,fc4oF-q1SXg,spasmodic_dysphonia,train
fc4oF-q1SXg_seg_090.wav,data/processed/train_set/spasmodic_dysphonia/fc4oF-q1SXg_seg_090.wav,fc4oF-q1SXg,spasmodic_dysphonia,train
fc4oF-q1SXg_seg_091.wav,data/processed/train_set/spasmodic_dysphonia/fc4oF-q1SXg_seg_091.wav,fc4oF-q1SXg,spasmodic_dysphonia,train
fc4oF-q1SXg_seg_092.wav,data/processed/train_set/spasmodic_dysphonia/fc4oF-q1SXg_seg_092.wav,fc4oF-q1SXg,spasmodic_dysphonia,train
fc4oF-q1SXg_seg_093.wav,data/processed/train_set/spasmodic_dysphonia/fc4oF-q1SXg_seg_093.wav,fc4oF-q1SXg,spasmodic_dysphonia,train
fc4oF-q1SXg_seg_094.wav,data/processed/train_set/spasmodic_dysphonia/fc4oF-q1SXg_seg_094.wav,fc4oF-q1SXg,spasmodic_dysphonia,train
fc4oF-q1SXg_seg_095.wav,data/processed/train_set/spasmodic_dysphonia/fc4oF-q1SXg_seg_095.wav,fc4oF-q1SXg,spasmodic_dysphonia,train
fc4oF-q1SXg_seg_096.wav,data/processed/train_set/spasmodic_dysphonia/fc4oF-q1SXg_seg_096.wav,fc4oF-q1SXg,spasmodic_dysphonia,train
fc4oF-q1SXg_seg_097.wav,data/processed/train_set/spasmodic_dysphonia/fc4oF-q1SXg_seg_097.wav,fc4oF-q1SXg,spasmodic_dysphonia,train
fc4oF-q1SXg_seg_098.wav,data/processed/train_set/spasmodic_dysphonia/fc4oF-q1SXg_seg_098.wav,fc4oF-q1SXg,spasmodic_dysphonia,train
fc4oF-q1SXg_seg_099.wav,data/processed/train_set/spasmodic_dysphonia/fc4oF-q1SXg_seg_099.wav,fc4oF-q1SXg,spasmodic_dysphonia,train
fc4oF-q1SXg_seg_100.wav,data/processed/train_set/spasmodic_dysphonia/fc4oF-q1SXg_seg_100.wav,fc4oF-q1SXg,spasmodic_dysphonia,train
fc4oF-q1SXg_seg_101.wav,data/processed/train_set/spasmodic_dysphonia/fc4oF-q1SXg_seg_101.wav,fc4oF-q1SXg,spasmodic_dysphonia,train
fc4oF-q1SXg_seg_102.wav,data/processed/train_set/spasmodic_dysphonia/fc4oF-q1SXg_seg_102.wav,fc4oF-q1SXg,spasmodic_dysphonia,train
fc4oF-q1SXg_seg_103.wav,data/processed/train_set/spasmodic_dysphonia/fc4oF-q1SXg_seg_103.wav,fc4oF-q1SXg,spasmodic_dysphonia,train
fc4oF-q1SXg_seg_104.wav,data/processed/train_set/spasmodic_dysphonia/fc4oF-q1SXg_seg_104.wav,fc4oF-q1SXg,spasmodic_dysphonia,train
fc4oF-q1SXg_seg_105.wav,data/processed/train_set/spasmodic_dysphonia/fc4oF-q1SXg_seg_105.wav,fc4oF-q1SXg,spasmodic_dysphonia,train
fc4oF-q1SXg_seg_106.wav,data/processed/train_set/spasmodic_dysphonia/fc4oF-q1SXg_seg_106.wav,fc4oF-q1SXg,spasmodic_dysphonia,train
fc4oF-q1SXg_seg_107.wav,data/processed/train_set/spasmodic_dysphonia/fc4oF-q1SXg_seg_107.wav,fc4oF-q1SXg,spasmodic_dysphonia,train
fc4oF-q1SXg_seg_108.wav,data/processed/train_set/spasmodic_dysphonia/fc4oF-q1SXg_seg_108.wav,fc4oF-q1SXg,spasmodic_dysphonia,train
fc4oF-q1SXg_seg_109.wav,data/processed/train_set/spasmodic_dysphonia/fc4oF-q1SXg_seg_109.wav,fc4oF-q1SXg,spasmodic_dysphonia,train
fc4oF-q1SXg_seg_110.wav,data/processed/train_set/spasmodic_dysphonia/fc4oF-q1SXg_seg_110.wav,fc4oF-q1SXg,spasmodic_dysphonia,train
fc4oF-q1SXg_seg_111.wav,data/processed/train_set/spasmodic_dysphonia/fc4oF-q1SXg_seg_111.wav,fc4oF-q1SXg,spasmodic_dysphonia,train
fc4oF-q1SXg_seg_112.wav,data/processed/train_set/spasmodic_dysphonia/fc4oF-q1SXg_seg_112.wav,fc4oF-q1SXg,spasmodic_dysphonia,train
fc4oF-q1SXg_seg_113.wav,data/processed/train_set/spasmodic_dysphonia/fc4oF-q1SXg_seg_113.wav,fc4oF-q1SXg,spasmodic_dysphonia,train
fc4oF-q1SXg_seg_114.wav,data/processed/train_set/spasmodic_dysphonia/fc4oF-q1SXg_seg_114.wav,fc4oF-q1SXg,spasmodic_dysphonia,train
fc4oF-q1SXg_seg_115.wav,data/processed/train_set/spasmodic_dysphonia/fc4oF-q1SXg_seg_115.wav,fc4oF-q1SXg,spasmodic_dysphonia,train
fc4oF-q1SXg_seg_116.wav,data/processed/train_set/spasmodic_dysphonia/fc4oF-q1SXg_seg_116.wav,fc4oF-q1SXg,spasmodic_dysphonia,train
fc4oF-q1SXg_seg_117.wav,data/processed/train_set/spasmodic_dysphonia/fc4oF-q1SXg_seg_117.wav,fc4oF-q1SXg,spasmodic_dysphonia,train
fc4oF-q1SXg_seg_118.wav,data/processed/train_set/spasmodic_dysphonia/fc4oF-q1SXg_seg_118.wav,fc4oF-q1SXg,spasmodic_dysphonia,train
fc4oF-q1SXg_seg_119.wav,data/processed/train_set/spasmodic_dysphonia/fc4oF-q1SXg_seg_119.wav,fc4oF-q1SXg,spasmodic_dysphonia,train
fc4oF-q1SXg_seg_120.wav,data/processed/train_set/spasmodic_dysphonia/fc4oF-q1SXg_seg_120.wav,fc4oF-q1SXg,spasmodic_dysphonia,train
fc4oF-q1SXg_seg_121.wav,data/processed/train_set/spasmodic_dysphonia/fc4oF-q1SXg_seg_121.wav,fc4oF-q1SXg,spasmodic_dysphonia,train
fc4oF-q1SXg_seg_122.wav,data/processed/train_set/spasmodic_dysphonia/fc4oF-q1SXg_seg_122.wav,fc4oF-q1SXg,spasmodic_dysphonia,train
fc4oF-q1SXg_seg_123.wav,data/processed/train_set/spasmodic_dysphonia/fc4oF-q1SXg_seg_123.wav,fc4oF-q1SXg,spasmodic_dysphonia,train
fc4oF-q1SXg_seg_124.wav,data/processed/train_set/spasmodic_dysphonia/fc4oF-q1SXg_seg_124.wav,fc4oF-q1SXg,spasmodic_dysphonia,train
fc4oF-q1SXg_seg_125.wav,data/processed/train_set/spasmodic_dysphonia/fc4oF-q1SXg_seg_125.wav,fc4oF-q1SXg,spasmodic_dysphonia,train
fc4oF-q1SXg_seg_126.wav,data/processed/train_set/spasmodic_dysphonia/fc4oF-q1SXg_seg_126.wav,fc4oF-q1SXg,spasmodic_dysphonia,train
fc4oF-q1SXg_seg_127.wav,data/processed/train_set/spasmodic_dysphonia/fc4oF-q1SXg_seg_127.wav,fc4oF-q1SXg,spasmodic_dysphonia,train
fc4oF-q1SXg_seg_128.wav,data/processed/train_set/spasmodic_dysphonia/fc4oF-q1SXg_seg_128.wav,fc4oF-q1SXg,spasmodic_dysphonia,train
fc4oF-q1SXg_seg_129.wav,data/processed/train_set/spasmodic_dysphonia/fc4oF-q1SXg_seg_129.wav,fc4oF-q1SXg,spasmodic_dysphonia,train
fc4oF-q1SXg_seg_130.wav,data/processed/train_set/spasmodic_dysphonia/fc4oF-q1SXg_seg_130.wav,fc4oF-q1SXg,spasmodic_dysphonia,train
fc4oF-q1SXg_seg_131.wav,data/processed/train_set/spasmodic_dysphonia/fc4oF-q1SXg_seg_131.wav,fc4oF-q1SXg,spasmodic_dysphonia,train
fc4oF-q1SXg_seg_132.wav,data/processed/train_set/spasmodic_dysphonia/fc4oF-q1SXg_seg_132.wav,fc4oF-q1SXg,spasmodic_dysphonia,train
fc4oF-q1SXg_seg_133.wav,data/processed/train_set/spasmodic_dysphonia/fc4oF-q1SXg_seg_133.wav,fc4oF-q1SXg,spasmodic_dysphonia,train
fc4oF-q1SXg_seg_134.wav,data/processed/train_set/spasmodic_dysphonia/fc4oF-q1SXg_seg_134.wav,fc4oF-q1SXg,spasmodic_dysphonia,train
fc4oF-q1SXg_seg_135.wav,data/processed/train_set/spasmodic_dysphonia/fc4oF-q1SXg_seg_135.wav,fc4oF-q1SXg,spasmodic_dysphonia,train
fc4oF-q1SXg_seg_136.wav,data/processed/train_set/spasmodic_dysphonia/fc4oF-q1SXg_seg_136.wav,fc4oF-q1SXg,spasmodic_dysphonia,train
fc4oF-q1SXg_seg_137.wav,data/processed/train_set/spasmodic_dysphonia/fc4oF-q1SXg_seg_137.wav,fc4oF-q1SXg,spasmodic_dysphonia,train
fc4oF-q1SXg_seg_138.wav,data/processed/train_set/spasmodic_dysphonia/fc4oF-q1SXg_seg_138.wav,fc4oF-q1SXg,spasmodic_dysphonia,train
fc4oF-q1SXg_seg_139.wav,data/processed/train_set/spasmodic_dysphonia/fc4oF-q1SXg_seg_139.wav,fc4oF-q1SXg,spasmodic_dysphonia,train
fc4oF-q1SXg_seg_140.wav,data/processed/train_set/spasmodic_dysphonia/fc4oF-q1SXg_seg_140.wav,fc4oF-q1SXg,spasmodic_dysphonia,train
fc4oF-q1SXg_seg_141.wav,data/processed/train_set/spasmodic_dysphonia/fc4oF-q1SXg_seg_141.wav,fc4oF-q1SXg,spasmodic_dysphonia,train
fc4oF-q1SXg_seg_142.wav,data/processed/train_set/spasmodic_dysphonia/fc4oF-q1SXg_seg_142.wav,fc4oF-q1SXg,spasmodic_dysphonia,train
fc4oF-q1SXg_seg_143.wav,data/processed/train_set/spasmodic_dysphonia/fc4oF-q1SXg_seg_143.wav,fc4oF-q1SXg,spasmodic_dysphonia,train
fc4oF-q1SXg_seg_144.wav,data/processed/train_set/spasmodic_dysphonia/fc4oF-q1SXg_seg_144.wav,fc4oF-q1SXg,spasmodic_dysphonia,train
fc4oF-q1SXg_seg_145.wav,data/processed/train_set/spasmodic_dysphonia/fc4oF-q1SXg_seg_145.wav,fc4oF-q1SXg,spasmodic_dysphonia,train
fc4oF-q1SXg_seg_146.wav,data/processed/train_set/spasmodic_dysphonia/fc4oF-q1SXg_seg_146.wav,fc4oF-q1SXg,spasmodic_dysphonia,train
fc4oF-q1SXg_seg_147.wav,data/processed/train_set/spasmodic_dysphonia/fc4oF-q1SXg_seg_147.wav,fc4oF-q1SXg,spasmodic_dysphonia,train
fc4oF-q1SXg_seg_148.wav,data/processed/train_set/spasmodic_dysphonia/fc4oF-q1SXg_seg_148.wav,fc4oF-q1SXg,spasmodic_dysphonia,train
fc4oF-q1SXg_seg_149.wav,data/processed/train_set/spasmodic_dysphonia/fc4oF-q1SXg_seg_149.wav,fc4oF-q1SXg,spasmodic_dysphonia,train
fc4oF-q1SXg_seg_150.wav,data/processed/train_set/spasmodic_dysphonia/fc4oF-q1SXg_seg_150.wav,fc4oF-q1SXg,spasmodic_dysphonia,train
fc4oF-q1SXg_seg_151.wav,data/processed/train_set/spasmodic_dysphonia/fc4oF-q1SXg_seg_151.wav,fc4oF-q1SXg,spasmodic_dysphonia,train
fc4oF-q1SXg_seg_152.wav,data/processed/train_set/spasmodic_dysphonia/fc4oF-q1SXg_seg_152.wav,fc4oF-q1SXg,spasmodic_dysphonia,train
fc4oF-q1SXg_seg_153.wav,data/processed/train_set/spasmodic_dysphonia/fc4oF-q1SXg_seg_153.wav,fc4oF-q1SXg,spasmodic_dysphonia,train
fc4oF-q1SXg_seg_154.wav,data/processed/train_set/spasmodic_dysphonia/fc4oF-q1SXg_seg_154.wav,fc4oF-q1SXg,spasmodic_dysphonia,train
fc4oF-q1SXg_seg_155.wav,data/processed/train_set/spasmodic_dysphonia/fc4oF-q1SXg_seg_155.wav,fc4oF-q1SXg,spasmodic_dysphonia,train
fc4oF-q1SXg_seg_156.wav,data/processed/train_set/spasmodic_dysphonia/fc4oF-q1SXg_seg_156.wav,fc4oF-q1SXg,spasmodic_dysphonia,train
fc4oF-q1SXg_seg_157.wav,data/processed/train_set/spasmodic_dysphonia/fc4oF-q1SXg_seg_157.wav,fc4oF-q1SXg,spasmodic_dysphonia,train
fc4oF-q1SXg_seg_158.wav,data/processed/train_set/spasmodic_dysphonia/fc4oF-q1SXg_seg_158.wav,fc4oF-q1SXg,spasmodic_dysphonia,train
fc4oF-q1SXg_seg_159.wav,data/processed/train_set/spasmodic_dysphonia/fc4oF-q1SXg_seg_159.wav,fc4oF-q1SXg,spasmodic_dysphonia,train
fc4oF-q1SXg_seg_160.wav,data/processed/train_set/spasmodic_dysphonia/fc4oF-q1SXg_seg_160.wav,fc4oF-q1SXg,spasmodic_dysphonia,train
fc4oF-q1SXg_seg_161.wav,data/processed/train_set/spasmodic_dysphonia/fc4oF-q1SXg_seg_161.wav,fc4oF-q1SXg,spasmodic_dysphonia,train
fc4oF-q1SXg_seg_162.wav,data/processed/train_set/spasmodic_dysphonia/fc4oF-q1SXg_seg_162.wav,fc4oF-q1SXg,spasmodic_dysphonia,train
fc4oF-q1SXg_seg_163.wav,data/processed/train_set/spasmodic_dysphonia/fc4oF-q1SXg_seg_163.wav,fc4oF-q1SXg,spasmodic_dysphonia,train
fc4oF-q1SXg_seg_164.wav,data/processed/train_set/spasmodic_dysphonia/fc4oF-q1SXg_seg_164.wav,fc4oF-q1SXg,spasmodic_dysphonia,train
fc4oF-q1SXg_seg_165.wav,data/processed/train_set/spasmodic_dysphonia/fc4oF-q1SXg_seg_165.wav,fc4oF-q1SXg,spasmodic_dysphonia,train
fc4oF-q1SXg_seg_166.wav,data/processed/train_set/spasmodic_dysphonia/fc4oF-q1SXg_seg_166.wav,fc4oF-q1SXg,spasmodic_dysphonia,train
fc4oF-q1SXg_seg_167.wav,data/processed/train_set/spasmodic_dysphonia/fc4oF-q1SXg_seg_167.wav,fc4oF-q1SXg,spasmodic_dysphonia,train
fc4oF-q1SXg_seg_168.wav,data/processed/train_set/spasmodic_dysphonia/fc4oF-q1SXg_seg_168.wav,fc4oF-q1SXg,spasmodic_dysphonia,train
fc4oF-q1SXg_seg_169.wav,data/processed/train_set/spasmodic_dysphonia/fc4oF-q1SXg_seg_169.wav,fc4oF-q1SXg,spasmodic_dysphonia,train
fc4oF-q1SXg_seg_170.wav,data/processed/train_set/spasmodic_dysphonia/fc4oF-q1SXg_seg_170.wav,fc4oF-q1SXg,spasmodic_dysphonia,train
fc4oF-q1SXg_seg_171.wav,data/processed/train_set/spasmodic_dysphonia/fc4oF-q1SXg_seg_171.wav,fc4oF-q1SXg,spasmodic_dysphonia,train
fc4oF-q1SXg_seg_172.wav,data/processed/train_set/spasmodic_dysphonia/fc4oF-q1SXg_seg_172.wav,fc4oF-q1SXg,spasmodic_dysphonia,train
fc4oF-q1SXg_seg_173.wav,data/processed/train_set/spasmodic_dysphonia/fc4oF-q1SXg_seg_173.wav,fc4oF-q1SXg,spasmodic_dysphonia,train
fc4oF-q1SXg_seg_174.wav,data/processed/train_set/spasmodic_dysphonia/fc4oF-q1SXg_seg_174.wav,fc4oF-q1SXg,spasmodic_dysphonia,train
fc4oF-q1SXg_seg_175.wav,data/processed/train_set/spasmodic_dysphonia/fc4oF-q1SXg_seg_175.wav,fc4oF-q1SXg,spasmodic_dysphonia,train
fc4oF-q1SXg_seg_176.wav,data/processed/train_set/spasmodic_dysphonia/fc4oF-q1SXg_seg_176.wav,fc4oF-q1SXg,spasmodic_dysphonia,train
fc4oF-q1SXg_seg_177.wav,data/processed/train_set/spasmodic_dysphonia/fc4oF-q1SXg_seg_177.wav,fc4oF-q1SXg,spasmodic_dysphonia,train
fc4oF-q1SXg_seg_178.wav,data/processed/train_set/spasmodic_dysphonia/fc4oF-q1SXg_seg_178.wav,fc4oF-q1SXg,spasmodic_dysphonia,train
fc4oF-q1SXg_seg_179.wav,data/processed/train_set/spasmodic_dysphonia/fc4oF-q1SXg_seg_179.wav,fc4oF-q1SXg,spasmodic_dysphonia,train
fc4oF-q1SXg_seg_180.wav,data/processed/train_set/spasmodic_dysphonia/fc4oF-q1SXg_seg_180.wav,fc4oF-q1SXg,spasmodic_dysphonia,train
fc4oF-q1SXg_seg_181.wav,data/processed/train_set/spasmodic_dysphonia/fc4oF-q1SXg_seg_181.wav,fc4oF-q1SXg,spasmodic_dysphonia,train
fc4oF-q1SXg_seg_182.wav,data/processed/train_set/spasmodic_dysphonia/fc4oF-q1SXg_seg_182.wav,fc4oF-q1SXg,spasmodic_dysphonia,train
fc4oF-q1SXg_seg_183.wav,data/processed/train_set/spasmodic_dysphonia/fc4oF-q1SXg_seg_183.wav,fc4oF-q1SXg,spasmodic_dysphonia,train
fc4oF-q1SXg_seg_184.wav,data/processed/train_set/spasmodic_dysphonia/fc4oF-q1SXg_seg_184.wav,fc4oF-q1SXg,spasmodic_dysphonia,train
fc4oF-q1SXg_seg_185.wav,data/processed/train_set/spasmodic_dysphonia/fc4oF-q1SXg_seg_185.wav,fc4oF-q1SXg,spasmodic_dysphonia,train
fc4oF-q1SXg_seg_186.wav,data/processed/train_set/spasmodic_dysphonia/fc4oF-q1SXg_seg_186.wav,fc4oF-q1SXg,spasmodic_dysphonia,train
fc4oF-q1SXg_seg_187.wav,data/processed/train_set/spasmodic_dysphonia/fc4oF-q1SXg_seg_187.wav,fc4oF-q1SXg,spasmodic_dysphonia,train
fc4oF-q1SXg_seg_188.wav,data/processed/train_set/spasmodic_dysphonia/fc4oF-q1SXg_seg_188.wav,fc4oF-q1SXg,spasmodic_dysphonia,train
fc4oF-q1SXg_seg_189.wav,data/processed/train_set/spasmodic_dysphonia/fc4oF-q1SXg_seg_189.wav,fc4oF-q1SXg,spasmodic_dysphonia,train
fc4oF-q1SXg_seg_190.wav,data/processed/train_set/spasmodic_dysphonia/fc4oF-q1SXg_seg_190.wav,fc4oF-q1SXg,spasmodic_dysphonia,train
fc4oF-q1SXg_seg_191.wav,data/processed/train_set/spasmodic_dysphonia/fc4oF-q1SXg_seg_191.wav,fc4oF-q1SXg,spasmodic_dysphonia,train
fc4oF-q1SXg_seg_192.wav,data/processed/train_set/spasmodic_dysphonia/fc4oF-q1SXg_seg_192.wav,fc4oF-q1SXg,spasmodic_dysphonia,train
fc4oF-q1SXg_seg_193.wav,data/processed/train_set/spasmodic_dysphonia/fc4oF-q1SXg_seg_193.wav,fc4oF-q1SXg,spasmodic_dysphonia,train
fc4oF-q1SXg_seg_194.wav,data/processed/train_set/spasmodic_dysphonia/fc4oF-q1SXg_seg_194.wav,fc4oF-q1SXg,spasmodic_dysphonia,train
fc4oF-q1SXg_seg_195.wav,data/processed/train_set/spasmodic_dysphonia/fc4oF-q1SXg_seg_195.wav,fc4oF-q1SXg,spasmodic_dysphonia,train
fc4oF-q1SXg_seg_196.wav,data/processed/train_set/spasmodic_dysphonia/fc4oF-q1SXg_seg_196.wav,fc4oF-q1SXg,spasmodic_dysphonia,train
fc4oF-q1SXg_seg_197.wav,data/processed/train_set/spasmodic_dysphonia/fc4oF-q1SXg_seg_197.wav,fc4oF-q1SXg,spasmodic_dysphonia,train
fc4oF-q1SXg_seg_198.wav,data/processed/train_set/spasmodic_dysphonia/fc4oF-q1SXg_seg_198.wav,fc4oF-q1SXg,spasmodic_dysphonia,train
fc4oF-q1SXg_seg_199.wav,data/processed/train_set/spasmodic_dysphonia/fc4oF-q1SXg_seg_199.wav,fc4oF-q1SXg,spasmodic_dysphonia,train
fc4oF-q1SXg_seg_200.wav,data/processed/train_set/spasmodic_dysphonia/fc4oF-q1SXg_seg_200.wav,fc4oF-q1SXg,spasmodic_dysphonia,train
fc4oF-q1SXg_seg_201.wav,data/processed/train_set/spasmodic_dysphonia/fc4oF-q1SXg_seg_201.wav,fc4oF-q1SXg,spasmodic_dysphonia,train
fc4oF-q1SXg_seg_202.wav,data/processed/train_set/spasmodic_dysphonia/fc4oF-q1SXg_seg_202.wav,fc4oF-q1SXg,spasmodic_dysphonia,train
fc4oF-q1SXg_seg_203.wav,data/processed/train_set/spasmodic_dysphonia/fc4oF-q1SXg_seg_203.wav,fc4oF-q1SXg,spasmodic_dysphonia,train
fc4oF-q1SXg_seg_204.wav,data/processed/train_set/spasmodic_dysphonia/fc4oF-q1SXg_seg_204.wav,fc4oF-q1SXg,spasmodic_dysphonia,train
fc4oF-q1SXg_seg_205.wav,data/processed/train_set/spasmodic_dysphonia/fc4oF-q1SXg_seg_205.wav,fc4oF-q1SXg,spasmodic_dysphonia,train
fc4oF-q1SXg_seg_206.wav,data/processed/train_set/spasmodic_dysphonia/fc4oF-q1SXg_seg_206.wav,fc4oF-q1SXg,spasmodic_dysphonia,train
fc4oF-q1SXg_seg_207.wav,data/processed/train_set/spasmodic_dysphonia/fc4oF-q1SXg_seg_207.wav,fc4oF-q1SXg,spasmodic_dysphonia,train
fc4oF-q1SXg_seg_208.wav,data/processed/train_set/spasmodic_dysphonia/fc4oF-q1SXg_seg_208.wav,fc4oF-q1SXg,spasmodic_dysphonia,train
fc4oF-q1SXg_seg_209.wav,data/processed/train_set/spasmodic_dysphonia/fc4oF-q1SXg_seg_209.wav,fc4oF-q1SXg,spasmodic_dysphonia,train
fc4oF-q1SXg_seg_210.wav,data/processed/train_set/spasmodic_dysphonia/fc4oF-q1SXg_seg_210.wav,fc4oF-q1SXg,spasmodic_dysphonia,train
fc4oF-q1SXg_seg_211.wav,data/processed/train_set/spasmodic_dysphonia/fc4oF-q1SXg_seg_211.wav,fc4oF-q1SXg,spasmodic_dysphonia,train
fc4oF-q1SXg_seg_212.wav,data/processed/train_set/spasmodic_dysphonia/fc4oF-q1SXg_seg_212.wav,fc4oF-q1SXg,spasmodic_dysphonia,train
fc4oF-q1SXg_seg_213.wav,data/processed/train_set/spasmodic_dysphonia/fc4oF-q1SXg_seg_213.wav,fc4oF-q1SXg,spasmodic_dysphonia,train
fc4oF-q1SXg_seg_214.wav,data/processed/train_set/spasmodic_dysphonia/fc4oF-q1SXg_seg_214.wav,fc4oF-q1SXg,spasmodic_dysphonia,train
fc4oF-q1SXg_seg_215.wav,data/processed/train_set/spasmodic_dysphonia/fc4oF-q1SXg_seg_215.wav,fc4oF-q1SXg,spasmodic_dysphonia,train
fc4oF-q1SXg_seg_216.wav,data/processed/train_set/spasmodic_dysphonia/fc4oF-q1SXg_seg_216.wav,fc4oF-q1SXg,spasmodic_dysphonia,train
fc4oF-q1SXg_seg_217.wav,data/processed/train_set/spasmodic_dysphonia/fc4oF-q1SXg_seg_217.wav,fc4oF-q1SXg,spasmodic_dysphonia,train
fc4oF-q1SXg_seg_218.wav,data/processed/train_set/spasmodic_dysphonia/fc4oF-q1SXg_seg_218.wav,fc4oF-q1SXg,spasmodic_dysphonia,train
fc4oF-q1SXg_seg_219.wav,data/processed/train_set/spasmodic_dysphonia/fc4oF-q1SXg_seg_219.wav,fc4oF-q1SXg,spasmodic_dysphonia,train
fc4oF-q1SXg_seg_220.wav,data/processed/train_set/spasmodic_dysphonia/fc4oF-q1SXg_seg_220.wav,fc4oF-q1SXg,spasmodic_dysphonia,train
fc4oF-q1SXg_seg_221.wav,data/processed/train_set/spasmodic_dysphonia/fc4oF-q1SXg_seg_221.wav,fc4oF-q1SXg,spasmodic_dysphonia,train
fc4oF-q1SXg_seg_222.wav,data/processed/train_set/spasmodic_dysphonia/fc4oF-q1SXg_seg_222.wav,fc4oF-q1SXg,spasmodic_dysphonia,train
fc4oF-q1SXg_seg_223.wav,data/processed/train_set/spasmodic_dysphonia/fc4oF-q1SXg_seg_223.wav,fc4oF-q1SXg,spasmodic_dysphonia,train
fc4oF-q1SXg_seg_224.wav,data/processed/train_set/spasmodic_dysphonia/fc4oF-q1SXg_seg_224.wav,fc4oF-q1SXg,spasmodic_dysphonia,train
fc4oF-q1SXg_seg_225.wav,data/processed/train_set/spasmodic_dysphonia/fc4oF-q1SXg_seg_225.wav,fc4oF-q1SXg,spasmodic_dysphonia,train
fc4oF-q1SXg_seg_226.wav,data/processed/train_set/spasmodic_dysphonia/fc4oF-q1SXg_seg_226.wav,fc4oF-q1SXg,spasmodic_dysphonia,train
fc4oF-q1SXg_seg_227.wav,data/processed/train_set/spasmodic_dysphonia/fc4oF-q1SXg_seg_227.wav,fc4oF-q1SXg,spasmodic_dysphonia,train
fc4oF-q1SXg_seg_228.wav,data/processed/train_set/spasmodic_dysphonia/fc4oF-q1SXg_seg_228.wav,fc4oF-q1SXg,spasmodic_dysphonia,train
fc4oF-q1SXg_seg_229.wav,data/processed/train_set/spasmodic_dysphonia/fc4oF-q1SXg_seg_229.wav,fc4oF-q1SXg,spasmodic_dysphonia,train
fc4oF-q1SXg_seg_230.wav,data/processed/train_set/spasmodic_dysphonia/fc4oF-q1SXg_seg_230.wav,fc4oF-q1SXg,spasmodic_dysphonia,train
fc4oF-q1SXg_seg_231.wav,data/processed/train_set/spasmodic_dysphonia/fc4oF-q1SXg_seg_231.wav,fc4oF-q1SXg,spasmodic_dysphonia,train
fc4oF-q1SXg_seg_232.wav,data/processed/train_set/spasmodic_dysphonia/fc4oF-q1SXg_seg_232.wav,fc4oF-q1SXg,spasmodic_dysphonia,train
fc4oF-q1SXg_seg_233.wav,data/processed/train_set/spasmodic_dysphonia/fc4oF-q1SXg_seg_233.wav,fc4oF-q1SXg,spasmodic_dysphonia,train
fc4oF-q1SXg_seg_234.wav,data/processed/train_set/spasmodic_dysphonia/fc4oF-q1SXg_seg_234.wav,fc4oF-q1SXg,spasmodic_dysphonia,train
fc4oF-q1SXg_seg_235.wav,data/processed/train_set/spasmodic_dysphonia/fc4oF-q1SXg_seg_235.wav,fc4oF-q1SXg,spasmodic_dysphonia,train
fc4oF-q1SXg_seg_236.wav,data/processed/train_set/spasmodic_dysphonia/fc4oF-q1SXg_seg_236.wav,fc4oF-q1SXg,spasmodic_dysphonia,train
fc4oF-q1SXg_seg_237.wav,data/processed/train_set/spasmodic_dysphonia/fc4oF-q1SXg_seg_237.wav,fc4oF-q1SXg,spasmodic_dysphonia,train
fc4oF-q1SXg_seg_238.wav,data/processed/train_set/spasmodic_dysphonia/fc4oF-q1SXg_seg_238.wav,fc4oF-q1SXg,spasmodic_dysphonia,train
fc4oF-q1SXg_seg_239.wav,data/processed/train_set/spasmodic_dysphonia/fc4oF-q1SXg_seg_239.wav,fc4oF-q1SXg,spasmodic_dysphonia,train
fc4oF-q1SXg_seg_240.wav,data/processed/train_set/spasmodic_dysphonia/fc4oF-q1SXg_seg_240.wav,fc4oF-q1SXg,spasmodic_dysphonia,train
fc4oF-q1SXg_seg_241.wav,data/processed/train_set/spasmodic_dysphonia/fc4oF-q1SXg_seg_241.wav,fc4oF-q1SXg,spasmodic_dysphonia,train
fc4oF-q1SXg_seg_242.wav,data/processed/train_set/spasmodic_dysphonia/fc4oF-q1SXg_seg_242.wav,fc4oF-q1SXg,spasmodic_dysphonia,train
fc4oF-q1SXg_seg_243.wav,data/processed/train_set/spasmodic_dysphonia/fc4oF-q1SXg_seg_243.wav,fc4oF-q1SXg,spasmodic_dysphonia,train
fc4oF-q1SXg_seg_244.wav,data/processed/train_set/spasmodic_dysphonia/fc4oF-q1SXg_seg_244.wav,fc4oF-q1SXg,spasmodic_dysphonia,train
fc4oF-q1SXg_seg_245.wav,data/processed/train_set/spasmodic_dysphonia/fc4oF-q1SXg_seg_245.wav,fc4oF-q1SXg,spasmodic_dysphonia,train
fc4oF-q1SXg_seg_246.wav,data/processed/train_set/spasmodic_dysphonia/fc4oF-q1SXg_seg_246.wav,fc4oF-q1SXg,spasmodic_dysphonia,train
fc4oF-q1SXg_seg_247.wav,data/processed/train_set/spasmodic_dysphonia/fc4oF-q1SXg_seg_247.wav,fc4oF-q1SXg,spasmodic_dysphonia,train
fc4oF-q1SXg_seg_248.wav,data/processed/train_set/spasmodic_dysphonia/fc4oF-q1SXg_seg_248.wav,fc4oF-q1SXg,spasmodic_dysphonia,train
fc4oF-q1SXg_seg_249.wav,data/processed/train_set/spasmodic_dysphonia/fc4oF-q1SXg_seg_249.wav,fc4oF-q1SXg,spasmodic_dysphonia,train
fc4oF-q1SXg_seg_250.wav,data/processed/train_set/spasmodic_dysphonia/fc4oF-q1SXg_seg_250.wav,fc4oF-q1SXg,spasmodic_dysphonia,train
fc4oF-q1SXg_seg_251.wav,data/processed/train_set/spasmodic_dysphonia/fc4oF-q1SXg_seg_251.wav,fc4oF-q1SXg,spasmodic_dysphonia,train
fc4oF-q1SXg_seg_252.wav,data/processed/train_set/spasmodic_dysphonia/fc4oF-q1SXg_seg_252.wav,fc4oF-q1SXg,spasmodic_dysphonia,train
fc4oF-q1SXg_seg_253.wav,data/processed/train_set/spasmodic_dysphonia/fc4oF-q1SXg_seg_253.wav,fc4oF-q1SXg,spasmodic_dysphonia,train
fc4oF-q1SXg_seg_254.wav,data/processed/train_set/spasmodic_dysphonia/fc4oF-q1SXg_seg_254.wav,fc4oF-q1SXg,spasmodic_dysphonia,train
fc4oF-q1SXg_seg_255.wav,data/processed/train_set/spasmodic_dysphonia/fc4oF-q1SXg_seg_255.wav,fc4oF-q1SXg,spasmodic_dysphonia,train
fc4oF-q1SXg_seg_256.wav,data/processed/train_set/spasmodic_dysphonia/fc4oF-q1SXg_seg_256.wav,fc4oF-q1SXg,spasmodic_dysphonia,train
fc4oF-q1SXg_seg_257.wav,data/processed/train_set/spasmodic_dysphonia/fc4oF-q1SXg_seg_257.wav,fc4oF-q1SXg,spasmodic_dysphonia,train
fc4oF-q1SXg_seg_258.wav,data/processed/train_set/spasmodic_dysphonia/fc4oF-q1SXg_seg_258.wav,fc4oF-q1SXg,spasmodic_dysphonia,train
fc4oF-q1SXg_seg_259.wav,data/processed/train_set/spasmodic_dysphonia/fc4oF-q1SXg_seg_259.wav,fc4oF-q1SXg,spasmodic_dysphonia,train
fc4oF-q1SXg_seg_260.wav,data/processed/train_set/spasmodic_dysphonia/fc4oF-q1SXg_seg_260.wav,fc4oF-q1SXg,spasmodic_dysphonia,train
fc4oF-q1SXg_seg_261.wav,data/processed/train_set/spasmodic_dysphonia/fc4oF-q1SXg_seg_261.wav,fc4oF-q1SXg,spasmodic_dysphonia,train
fc4oF-q1SXg_seg_262.wav,data/processed/train_set/spasmodic_dysphonia/fc4oF-q1SXg_seg_262.wav,fc4oF-q1SXg,spasmodic_dysphonia,train
fc4oF-q1SXg_seg_263.wav,data/processed/train_set/spasmodic_dysphonia/fc4oF-q1SXg_seg_263.wav,fc4oF-q1SXg,spasmodic_dysphonia,train
fc4oF-q1SXg_seg_264.wav,data/processed/train_set/spasmodic_dysphonia/fc4oF-q1SXg_seg_264.wav,fc4oF-q1SXg,spasmodic_dysphonia,train
fc4oF-q1SXg_seg_265.wav,data/processed/train_set/spasmodic_dysphonia/fc4oF-q1SXg_seg_265.wav,fc4oF-q1SXg,spasmodic_dysphonia,train
fc4oF-q1SXg_seg_266.wav,data/processed/train_set/spasmodic_dysphonia/fc4oF-q1SXg_seg_266.wav,fc4oF-q1SXg,spasmodic_dysphonia,train
fc4oF-q1SXg_seg_267.wav,data/processed/train_set/spasmodic_dysphonia/fc4oF-q1SXg_seg_267.wav,fc4oF-q1SXg,spasmodic_dysphonia,train
fc4oF-q1SXg_seg_268.wav,data/processed/train_set/spasmodic_dysphonia/fc4oF-q1SXg_seg_268.wav,fc4oF-q1SXg,spasmodic_dysphonia,train
fc4oF-q1SXg_seg_269.wav,data/processed/train_set/spasmodic_dysphonia/fc4oF-q1SXg_seg_269.wav,fc4oF-q1SXg,spasmodic_dysphonia,train
fc4oF-q1SXg_seg_270.wav,data/processed/train_set/spasmodic_dysphonia/fc4oF-q1SXg_seg_270.wav,fc4oF-q1SXg,spasmodic_dysphonia,train
fc4oF-q1SXg_seg_271.wav,data/processed/train_set/spasmodic_dysphonia/fc4oF-q1SXg_seg_271.wav,fc4oF-q1SXg,spasmodic_dysphonia,train
fc4oF-q1SXg_seg_272.wav,data/processed/train_set/spasmodic_dysphonia/fc4oF-q1SXg_seg_272.wav,fc4oF-q1SXg,spasmodic_dysphonia,train
fc4oF-q1SXg_seg_273.wav,data/processed/train_set/spasmodic_dysphonia/fc4oF-q1SXg_seg_273.wav,fc4oF-q1SXg,spasmodic_dysphonia,train
fc4oF-q1SXg_seg_274.wav,data/processed/train_set/spasmodic_dysphonia/fc4oF-q1SXg_seg_274.wav,fc4oF-q1SXg,spasmodic_dysphonia,train
fc4oF-q1SXg_seg_275.wav,data/processed/train_set/spasmodic_dysphonia/fc4oF-q1SXg_seg_275.wav,fc4oF-q1SXg,spasmodic_dysphonia,train
fc4oF-q1SXg_seg_276.wav,data/processed/train_set/spasmodic_dysphonia/fc4oF-q1SXg_seg_276.wav,fc4oF-q1SXg,spasmodic_dysphonia,train
fc4oF-q1SXg_seg_277.wav,data/processed/train_set/spasmodic_dysphonia/fc4oF-q1SXg_seg_277.wav,fc4oF-q1SXg,spasmodic_dysphonia,train
fc4oF-q1SXg_seg_278.wav,data/processed/train_set/spasmodic_dysphonia/fc4oF-q1SXg_seg_278.wav,fc4oF-q1SXg,spasmodic_dysphonia,train
fc4oF-q1SXg_seg_279.wav,data/processed/train_set/spasmodic_dysphonia/fc4oF-q1SXg_seg_279.wav,fc4oF-q1SXg,spasmodic_dysphonia,train
fc4oF-q1SXg_seg_280.wav,data/processed/train_set/spasmodic_dysphonia/fc4oF-q1SXg_seg_280.wav,fc4oF-q1SXg,spasmodic_dysphonia,train
fc4oF-q1SXg_seg_281.wav,data/processed/train_set/spasmodic_dysphonia/fc4oF-q1SXg_seg_281.wav,fc4oF-q1SXg,spasmodic_dysphonia,train
fc4oF-q1SXg_seg_282.wav,data/processed/train_set/spasmodic_dysphonia/fc4oF-q1SXg_seg_282.wav,fc4oF-q1SXg,spasmodic_dysphonia,train
fc4oF-q1SXg_seg_283.wav,data/processed/train_set/spasmodic_dysphonia/fc4oF-q1SXg_seg_283.wav,fc4oF-q1SXg,spasmodic_dysphonia,train
fc4oF-q1SXg_seg_284.wav,data/processed/train_set/spasmodic_dysphonia/fc4oF-q1SXg_seg_284.wav,fc4oF-q1SXg,spasmodic_dysphonia,train
fc4oF-q1SXg_seg_285.wav,data/processed/train_set/spasmodic_dysphonia/fc4oF-q1SXg_seg_285.wav,fc4oF-q1SXg,spasmodic_dysphonia,train
fc4oF-q1SXg_seg_286.wav,data/processed/train_set/spasmodic_dysphonia/fc4oF-q1SXg_seg_286.wav,fc4oF-q1SXg,spasmodic_dysphonia,train
fc4oF-q1SXg_seg_287.wav,data/processed/train_set/spasmodic_dysphonia/fc4oF-q1SXg_seg_287.wav,fc4oF-q1SXg,spasmodic_dysphonia,train
fc4oF-q1SXg_seg_288.wav,data/processed/train_set/spasmodic_dysphonia/fc4oF-q1SXg_seg_288.wav,fc4oF-q1SXg,spasmodic_dysphonia,train
fc4oF-q1SXg_seg_289.wav,data/processed/train_set/spasmodic_dysphonia/fc4oF-q1SXg_seg_289.wav,fc4oF-q1SXg,spasmodic_dysphonia,train
fc4oF-q1SXg_seg_290.wav,data/processed/train_set/spasmodic_dysphonia/fc4oF-q1SXg_seg_290.wav,fc4oF-q1SXg,spasmodic_dysphonia,train
fc4oF-q1SXg_seg_291.wav,data/processed/train_set/spasmodic_dysphonia/fc4oF-q1SXg_seg_291.wav,fc4oF-q1SXg,spasmodic_dysphonia,train
G4EAQfQ9qb4_seg_000.wav,data/processed/train_set/spasmodic_dysphonia/G4EAQfQ9qb4_seg_000.wav,G4EAQfQ9qb4,spasmodic_dysphonia,train
G4EAQfQ9qb4_seg_001.wav,data/processed/train_set/spasmodic_dysphonia/G4EAQfQ9qb4_seg_001.wav,G4EAQfQ9qb4,spasmodic_dysphonia,train
G4EAQfQ9qb4_seg_002.wav,data/processed/train_set/spasmodic_dysphonia/G4EAQfQ9qb4_seg_002.wav,G4EAQfQ9qb4,spasmodic_dysphonia,train
G4EAQfQ9qb4_seg_003.wav,data/processed/train_set/spasmodic_dysphonia/G4EAQfQ9qb4_seg_003.wav,G4EAQfQ9qb4,spasmodic_dysphonia,train
G4EAQfQ9qb4_seg_004.wav,data/processed/train_set/spasmodic_dysphonia/G4EAQfQ9qb4_seg_004.wav,G4EAQfQ9qb4,spasmodic_dysphonia,train
G4EAQfQ9qb4_seg_005.wav,data/processed/train_set/spasmodic_dysphonia/G4EAQfQ9qb4_seg_005.wav,G4EAQfQ9qb4,spasmodic_dysphonia,train
G4EAQfQ9qb4_seg_006.wav,data/processed/train_set/spasmodic_dysphonia/G4EAQfQ9qb4_seg_006.wav,G4EAQfQ9qb4,spasmodic_dysphonia,train
G4EAQfQ9qb4_seg_007.wav,data/processed/train_set/spasmodic_dysphonia/G4EAQfQ9qb4_seg_007.wav,G4EAQfQ9qb4,spasmodic_dysphonia,train
G4EAQfQ9qb4_seg_008.wav,data/processed/train_set/spasmodic_dysphonia/G4EAQfQ9qb4_seg_008.wav,G4EAQfQ9qb4,spasmodic_dysphonia,train
G4EAQfQ9qb4_seg_009.wav,data/processed/train_set/spasmodic_dysphonia/G4EAQfQ9qb4_seg_009.wav,G4EAQfQ9qb4,spasmodic_dysphonia,train
G4EAQfQ9qb4_seg_010.wav,data/processed/train_set/spasmodic_dysphonia/G4EAQfQ9qb4_seg_010.wav,G4EAQfQ9qb4,spasmodic_dysphonia,train
G4EAQfQ9qb4_seg_011.wav,data/processed/train_set/spasmodic_dysphonia/G4EAQfQ9qb4_seg_011.wav,G4EAQfQ9qb4,spasmodic_dysphonia,train
G4EAQfQ9qb4_seg_012.wav,data/processed/train_set/spasmodic_dysphonia/G4EAQfQ9qb4_seg_012.wav,G4EAQfQ9qb4,spasmodic_dysphonia,train
G4EAQfQ9qb4_seg_013.wav,data/processed/train_set/spasmodic_dysphonia/G4EAQfQ9qb4_seg_013.wav,G4EAQfQ9qb4,spasmodic_dysphonia,train
g6oef19xr38_seg_000.wav,data/processed/train_set/spasmodic_dysphonia/g6oef19xr38_seg_000.wav,g6oef19xr38,spasmodic_dysphonia,train
g6oef19xr38_seg_001.wav,data/processed/train_set/spasmodic_dysphonia/g6oef19xr38_seg_001.wav,g6oef19xr38,spasmodic_dysphonia,train
g6oef19xr38_seg_002.wav,data/processed/train_set/spasmodic_dysphonia/g6oef19xr38_seg_002.wav,g6oef19xr38,spasmodic_dysphonia,train
g6oef19xr38_seg_003.wav,data/processed/train_set/spasmodic_dysphonia/g6oef19xr38_seg_003.wav,g6oef19xr38,spasmodic_dysphonia,train
g6oef19xr38_seg_004.wav,data/processed/train_set/spasmodic_dysphonia/g6oef19xr38_seg_004.wav,g6oef19xr38,spasmodic_dysphonia,train
g6oef19xr38_seg_005.wav,data/processed/train_set/spasmodic_dysphonia/g6oef19xr38_seg_005.wav,g6oef19xr38,spasmodic_dysphonia,train
g6oef19xr38_seg_006.wav,data/processed/train_set/spasmodic_dysphonia/g6oef19xr38_seg_006.wav,g6oef19xr38,spasmodic_dysphonia,train
g6oef19xr38_seg_007.wav,data/processed/train_set/spasmodic_dysphonia/g6oef19xr38_seg_007.wav,g6oef19xr38,spasmodic_dysphonia,train
g6oef19xr38_seg_008.wav,data/processed/train_set/spasmodic_dysphonia/g6oef19xr38_seg_008.wav,g6oef19xr38,spasmodic_dysphonia,train
g6oef19xr38_seg_009.wav,data/processed/train_set/spasmodic_dysphonia/g6oef19xr38_seg_009.wav,g6oef19xr38,spasmodic_dysphonia,train
g6oef19xr38_seg_010.wav,data/processed/train_set/spasmodic_dysphonia/g6oef19xr38_seg_010.wav,g6oef19xr38,spasmodic_dysphonia,train
g6oef19xr38_seg_011.wav,data/processed/train_set/spasmodic_dysphonia/g6oef19xr38_seg_011.wav,g6oef19xr38,spasmodic_dysphonia,train
g6oef19xr38_seg_012.wav,data/processed/train_set/spasmodic_dysphonia/g6oef19xr38_seg_012.wav,g6oef19xr38,spasmodic_dysphonia,train
g6oef19xr38_seg_013.wav,data/processed/train_set/spasmodic_dysphonia/g6oef19xr38_seg_013.wav,g6oef19xr38,spasmodic_dysphonia,train
g6oef19xr38_seg_014.wav,data/processed/train_set/spasmodic_dysphonia/g6oef19xr38_seg_014.wav,g6oef19xr38,spasmodic_dysphonia,train
g6oef19xr38_seg_015.wav,data/processed/train_set/spasmodic_dysphonia/g6oef19xr38_seg_015.wav,g6oef19xr38,spasmodic_dysphonia,train
g6oef19xr38_seg_016.wav,data/processed/train_set/spasmodic_dysphonia/g6oef19xr38_seg_016.wav,g6oef19xr38,spasmodic_dysphonia,train
g6oef19xr38_seg_017.wav,data/processed/train_set/spasmodic_dysphonia/g6oef19xr38_seg_017.wav,g6oef19xr38,spasmodic_dysphonia,train
g6oef19xr38_seg_018.wav,data/processed/train_set/spasmodic_dysphonia/g6oef19xr38_seg_018.wav,g6oef19xr38,spasmodic_dysphonia,train
g6oef19xr38_seg_019.wav,data/processed/train_set/spasmodic_dysphonia/g6oef19xr38_seg_019.wav,g6oef19xr38,spasmodic_dysphonia,train
g6oef19xr38_seg_020.wav,data/processed/train_set/spasmodic_dysphonia/g6oef19xr38_seg_020.wav,g6oef19xr38,spasmodic_dysphonia,train
g6oef19xr38_seg_021.wav,data/processed/train_set/spasmodic_dysphonia/g6oef19xr38_seg_021.wav,g6oef19xr38,spasmodic_dysphonia,train
g6oef19xr38_seg_022.wav,data/processed/train_set/spasmodic_dysphonia/g6oef19xr38_seg_022.wav,g6oef19xr38,spasmodic_dysphonia,train
g6oef19xr38_seg_023.wav,data/processed/train_set/spasmodic_dysphonia/g6oef19xr38_seg_023.wav,g6oef19xr38,spasmodic_dysphonia,train
g6oef19xr38_seg_024.wav,data/processed/train_set/spasmodic_dysphonia/g6oef19xr38_seg_024.wav,g6oef19xr38,spasmodic_dysphonia,train
g6oef19xr38_seg_025.wav,data/processed/train_set/spasmodic_dysphonia/g6oef19xr38_seg_025.wav,g6oef19xr38,spasmodic_dysphonia,train
g6oef19xr38_seg_026.wav,data/processed/train_set/spasmodic_dysphonia/g6oef19xr38_seg_026.wav,g6oef19xr38,spasmodic_dysphonia,train
g6oef19xr38_seg_027.wav,data/processed/train_set/spasmodic_dysphonia/g6oef19xr38_seg_027.wav,g6oef19xr38,spasmodic_dysphonia,train
g6oef19xr38_seg_028.wav,data/processed/train_set/spasmodic_dysphonia/g6oef19xr38_seg_028.wav,g6oef19xr38,spasmodic_dysphonia,train
g6oef19xr38_seg_029.wav,data/processed/train_set/spasmodic_dysphonia/g6oef19xr38_seg_029.wav,g6oef19xr38,spasmodic_dysphonia,train
g6oef19xr38_seg_030.wav,data/processed/train_set/spasmodic_dysphonia/g6oef19xr38_seg_030.wav,g6oef19xr38,spasmodic_dysphonia,train
g6oef19xr38_seg_031.wav,data/processed/train_set/spasmodic_dysphonia/g6oef19xr38_seg_031.wav,g6oef19xr38,spasmodic_dysphonia,train
g6oef19xr38_seg_032.wav,data/processed/train_set/spasmodic_dysphonia/g6oef19xr38_seg_032.wav,g6oef19xr38,spasmodic_dysphonia,train
g6oef19xr38_seg_033.wav,data/processed/train_set/spasmodic_dysphonia/g6oef19xr38_seg_033.wav,g6oef19xr38,spasmodic_dysphonia,train
g6oef19xr38_seg_034.wav,data/processed/train_set/spasmodic_dysphonia/g6oef19xr38_seg_034.wav,g6oef19xr38,spasmodic_dysphonia,train
g6oef19xr38_seg_035.wav,data/processed/train_set/spasmodic_dysphonia/g6oef19xr38_seg_035.wav,g6oef19xr38,spasmodic_dysphonia,train
g6oef19xr38_seg_036.wav,data/processed/train_set/spasmodic_dysphonia/g6oef19xr38_seg_036.wav,g6oef19xr38,spasmodic_dysphonia,train
g6oef19xr38_seg_037.wav,data/processed/train_set/spasmodic_dysphonia/g6oef19xr38_seg_037.wav,g6oef19xr38,spasmodic_dysphonia,train
g6oef19xr38_seg_038.wav,data/processed/train_set/spasmodic_dysphonia/g6oef19xr38_seg_038.wav,g6oef19xr38,spasmodic_dysphonia,train
g6oef19xr38_seg_039.wav,data/processed/train_set/spasmodic_dysphonia/g6oef19xr38_seg_039.wav,g6oef19xr38,spasmodic_dysphonia,train
g6oef19xr38_seg_040.wav,data/processed/train_set/spasmodic_dysphonia/g6oef19xr38_seg_040.wav,g6oef19xr38,spasmodic_dysphonia,train
g6oef19xr38_seg_041.wav,data/processed/train_set/spasmodic_dysphonia/g6oef19xr38_seg_041.wav,g6oef19xr38,spasmodic_dysphonia,train
g6oef19xr38_seg_042.wav,data/processed/train_set/spasmodic_dysphonia/g6oef19xr38_seg_042.wav,g6oef19xr38,spasmodic_dysphonia,train
g6oef19xr38_seg_043.wav,data/processed/train_set/spasmodic_dysphonia/g6oef19xr38_seg_043.wav,g6oef19xr38,spasmodic_dysphonia,train
g6oef19xr38_seg_044.wav,data/processed/train_set/spasmodic_dysphonia/g6oef19xr38_seg_044.wav,g6oef19xr38,spasmodic_dysphonia,train
g6oef19xr38_seg_045.wav,data/processed/train_set/spasmodic_dysphonia/g6oef19xr38_seg_045.wav,g6oef19xr38,spasmodic_dysphonia,train
g6oef19xr38_seg_046.wav,data/processed/train_set/spasmodic_dysphonia/g6oef19xr38_seg_046.wav,g6oef19xr38,spasmodic_dysphonia,train
g6oef19xr38_seg_047.wav,data/processed/train_set/spasmodic_dysphonia/g6oef19xr38_seg_047.wav,g6oef19xr38,spasmodic_dysphonia,train
G_-Y87hhuYk_seg_000.wav,data/processed/train_set/spasmodic_dysphonia/G_-Y87hhuYk_seg_000.wav,G_-Y87hhuYk,spasmodic_dysphonia,train
G_-Y87hhuYk_seg_001.wav,data/processed/train_set/spasmodic_dysphonia/G_-Y87hhuYk_seg_001.wav,G_-Y87hhuYk,spasmodic_dysphonia,train
G_-Y87hhuYk_seg_002.wav,data/processed/train_set/spasmodic_dysphonia/G_-Y87hhuYk_seg_002.wav,G_-Y87hhuYk,spasmodic_dysphonia,train
G_-Y87hhuYk_seg_003.wav,data/processed/train_set/spasmodic_dysphonia/G_-Y87hhuYk_seg_003.wav,G_-Y87hhuYk,spasmodic_dysphonia,train
G_-Y87hhuYk_seg_004.wav,data/processed/train_set/spasmodic_dysphonia/G_-Y87hhuYk_seg_004.wav,G_-Y87hhuYk,spasmodic_dysphonia,train
G_-Y87hhuYk_seg_005.wav,data/processed/train_set/spasmodic_dysphonia/G_-Y87hhuYk_seg_005.wav,G_-Y87hhuYk,spasmodic_dysphonia,train
G_-Y87hhuYk_seg_006.wav,data/processed/train_set/spasmodic_dysphonia/G_-Y87hhuYk_seg_006.wav,G_-Y87hhuYk,spasmodic_dysphonia,train
G_-Y87hhuYk_seg_007.wav,data/processed/train_set/spasmodic_dysphonia/G_-Y87hhuYk_seg_007.wav,G_-Y87hhuYk,spasmodic_dysphonia,train
G_-Y87hhuYk_seg_008.wav,data/processed/train_set/spasmodic_dysphonia/G_-Y87hhuYk_seg_008.wav,G_-Y87hhuYk,spasmodic_dysphonia,train
G_-Y87hhuYk_seg_009.wav,data/processed/train_set/spasmodic_dysphonia/G_-Y87hhuYk_seg_009.wav,G_-Y87hhuYk,spasmodic_dysphonia,train
G_-Y87hhuYk_seg_010.wav,data/processed/train_set/spasmodic_dysphonia/G_-Y87hhuYk_seg_010.wav,G_-Y87hhuYk,spasmodic_dysphonia,train
G_-Y87hhuYk_seg_011.wav,data/processed/train_set/spasmodic_dysphonia/G_-Y87hhuYk_seg_011.wav,G_-Y87hhuYk,spasmodic_dysphonia,train
G_-Y87hhuYk_seg_012.wav,data/processed/train_set/spasmodic_dysphonia/G_-Y87hhuYk_seg_012.wav,G_-Y87hhuYk,spasmodic_dysphonia,train
G_-Y87hhuYk_seg_013.wav,data/processed/train_set/spasmodic_dysphonia/G_-Y87hhuYk_seg_013.wav,G_-Y87hhuYk,spasmodic_dysphonia,train
G_-Y87hhuYk_seg_014.wav,data/processed/train_set/spasmodic_dysphonia/G_-Y87hhuYk_seg_014.wav,G_-Y87hhuYk,spasmodic_dysphonia,train
G_-Y87hhuYk_seg_015.wav,data/processed/train_set/spasmodic_dysphonia/G_-Y87hhuYk_seg_015.wav,G_-Y87hhuYk,spasmodic_dysphonia,train
G_-Y87hhuYk_seg_016.wav,data/processed/train_set/spasmodic_dysphonia/G_-Y87hhuYk_seg_016.wav,G_-Y87hhuYk,spasmodic_dysphonia,train
G_-Y87hhuYk_seg_017.wav,data/processed/train_set/spasmodic_dysphonia/G_-Y87hhuYk_seg_017.wav,G_-Y87hhuYk,spasmodic_dysphonia,train
G_-Y87hhuYk_seg_018.wav,data/processed/train_set/spasmodic_dysphonia/G_-Y87hhuYk_seg_018.wav,G_-Y87hhuYk,spasmodic_dysphonia,train
G_-Y87hhuYk_seg_019.wav,data/processed/train_set/spasmodic_dysphonia/G_-Y87hhuYk_seg_019.wav,G_-Y87hhuYk,spasmodic_dysphonia,train
G_-Y87hhuYk_seg_020.wav,data/processed/train_set/spasmodic_dysphonia/G_-Y87hhuYk_seg_020.wav,G_-Y87hhuYk,spasmodic_dysphonia,train
G_-Y87hhuYk_seg_021.wav,data/processed/train_set/spasmodic_dysphonia/G_-Y87hhuYk_seg_021.wav,G_-Y87hhuYk,spasmodic_dysphonia,train
G_-Y87hhuYk_seg_022.wav,data/processed/train_set/spasmodic_dysphonia/G_-Y87hhuYk_seg_022.wav,G_-Y87hhuYk,spasmodic_dysphonia,train
G_-Y87hhuYk_seg_023.wav,data/processed/train_set/spasmodic_dysphonia/G_-Y87hhuYk_seg_023.wav,G_-Y87hhuYk,spasmodic_dysphonia,train
G_-Y87hhuYk_seg_024.wav,data/processed/train_set/spasmodic_dysphonia/G_-Y87hhuYk_seg_024.wav,G_-Y87hhuYk,spasmodic_dysphonia,train
G_-Y87hhuYk_seg_025.wav,data/processed/train_set/spasmodic_dysphonia/G_-Y87hhuYk_seg_025.wav,G_-Y87hhuYk,spasmodic_dysphonia,train
G_-Y87hhuYk_seg_026.wav,data/processed/train_set/spasmodic_dysphonia/G_-Y87hhuYk_seg_026.wav,G_-Y87hhuYk,spasmodic_dysphonia,train
G_-Y87hhuYk_seg_027.wav,data/processed/train_set/spasmodic_dysphonia/G_-Y87hhuYk_seg_027.wav,G_-Y87hhuYk,spasmodic_dysphonia,train
G_-Y87hhuYk_seg_028.wav,data/processed/train_set/spasmodic_dysphonia/G_-Y87hhuYk_seg_028.wav,G_-Y87hhuYk,spasmodic_dysphonia,train
G_-Y87hhuYk_seg_029.wav,data/processed/train_set/spasmodic_dysphonia/G_-Y87hhuYk_seg_029.wav,G_-Y87hhuYk,spasmodic_dysphonia,train
G_-Y87hhuYk_seg_030.wav,data/processed/train_set/spasmodic_dysphonia/G_-Y87hhuYk_seg_030.wav,G_-Y87hhuYk,spasmodic_dysphonia,train
G_-Y87hhuYk_seg_031.wav,data/processed/train_set/spasmodic_dysphonia/G_-Y87hhuYk_seg_031.wav,G_-Y87hhuYk,spasmodic_dysphonia,train
G_-Y87hhuYk_seg_032.wav,data/processed/train_set/spasmodic_dysphonia/G_-Y87hhuYk_seg_032.wav,G_-Y87hhuYk,spasmodic_dysphonia,train
G_-Y87hhuYk_seg_033.wav,data/processed/train_set/spasmodic_dysphonia/G_-Y87hhuYk_seg_033.wav,G_-Y87hhuYk,spasmodic_dysphonia,train
G_-Y87hhuYk_seg_034.wav,data/processed/train_set/spasmodic_dysphonia/G_-Y87hhuYk_seg_034.wav,G_-Y87hhuYk,spasmodic_dysphonia,train
G_-Y87hhuYk_seg_035.wav,data/processed/train_set/spasmodic_dysphonia/G_-Y87hhuYk_seg_035.wav,G_-Y87hhuYk,spasmodic_dysphonia,train
G_-Y87hhuYk_seg_036.wav,data/processed/train_set/spasmodic_dysphonia/G_-Y87hhuYk_seg_036.wav,G_-Y87hhuYk,spasmodic_dysphonia,train
G_-Y87hhuYk_seg_037.wav,data/processed/train_set/spasmodic_dysphonia/G_-Y87hhuYk_seg_037.wav,G_-Y87hhuYk,spasmodic_dysphonia,train
G_-Y87hhuYk_seg_038.wav,data/processed/train_set/spasmodic_dysphonia/G_-Y87hhuYk_seg_038.wav,G_-Y87hhuYk,spasmodic_dysphonia,train
G_-Y87hhuYk_seg_039.wav,data/processed/train_set/spasmodic_dysphonia/G_-Y87hhuYk_seg_039.wav,G_-Y87hhuYk,spasmodic_dysphonia,train
G_-Y87hhuYk_seg_040.wav,data/processed/train_set/spasmodic_dysphonia/G_-Y87hhuYk_seg_040.wav,G_-Y87hhuYk,spasmodic_dysphonia,train
G_-Y87hhuYk_seg_041.wav,data/processed/train_set/spasmodic_dysphonia/G_-Y87hhuYk_seg_041.wav,G_-Y87hhuYk,spasmodic_dysphonia,train
G_-Y87hhuYk_seg_042.wav,data/processed/train_set/spasmodic_dysphonia/G_-Y87hhuYk_seg_042.wav,G_-Y87hhuYk,spasmodic_dysphonia,train
G_-Y87hhuYk_seg_043.wav,data/processed/train_set/spasmodic_dysphonia/G_-Y87hhuYk_seg_043.wav,G_-Y87hhuYk,spasmodic_dysphonia,train
G_-Y87hhuYk_seg_044.wav,data/processed/train_set/spasmodic_dysphonia/G_-Y87hhuYk_seg_044.wav,G_-Y87hhuYk,spasmodic_dysphonia,train
G_-Y87hhuYk_seg_045.wav,data/processed/train_set/spasmodic_dysphonia/G_-Y87hhuYk_seg_045.wav,G_-Y87hhuYk,spasmodic_dysphonia,train
G_-Y87hhuYk_seg_046.wav,data/processed/train_set/spasmodic_dysphonia/G_-Y87hhuYk_seg_046.wav,G_-Y87hhuYk,spasmodic_dysphonia,train
G_-Y87hhuYk_seg_047.wav,data/processed/train_set/spasmodic_dysphonia/G_-Y87hhuYk_seg_047.wav,G_-Y87hhuYk,spasmodic_dysphonia,train
G_-Y87hhuYk_seg_048.wav,data/processed/train_set/spasmodic_dysphonia/G_-Y87hhuYk_seg_048.wav,G_-Y87hhuYk,spasmodic_dysphonia,train
G_-Y87hhuYk_seg_049.wav,data/processed/train_set/spasmodic_dysphonia/G_-Y87hhuYk_seg_049.wav,G_-Y87hhuYk,spasmodic_dysphonia,train
G_-Y87hhuYk_seg_050.wav,data/processed/train_set/spasmodic_dysphonia/G_-Y87hhuYk_seg_050.wav,G_-Y87hhuYk,spasmodic_dysphonia,train
G_-Y87hhuYk_seg_051.wav,data/processed/train_set/spasmodic_dysphonia/G_-Y87hhuYk_seg_051.wav,G_-Y87hhuYk,spasmodic_dysphonia,train
G_-Y87hhuYk_seg_052.wav,data/processed/train_set/spasmodic_dysphonia/G_-Y87hhuYk_seg_052.wav,G_-Y87hhuYk,spasmodic_dysphonia,train
G_-Y87hhuYk_seg_053.wav,data/processed/train_set/spasmodic_dysphonia/G_-Y87hhuYk_seg_053.wav,G_-Y87hhuYk,spasmodic_dysphonia,train
gdHAkgFHWpQ_seg_000.wav,data/processed/train_set/spasmodic_dysphonia/gdHAkgFHWpQ_seg_000.wav,gdHAkgFHWpQ,spasmodic_dysphonia,train
gdHAkgFHWpQ_seg_001.wav,data/processed/train_set/spasmodic_dysphonia/gdHAkgFHWpQ_seg_001.wav,gdHAkgFHWpQ,spasmodic_dysphonia,train
gdHAkgFHWpQ_seg_002.wav,data/processed/train_set/spasmodic_dysphonia/gdHAkgFHWpQ_seg_002.wav,gdHAkgFHWpQ,spasmodic_dysphonia,train
gdHAkgFHWpQ_seg_003.wav,data/processed/train_set/spasmodic_dysphonia/gdHAkgFHWpQ_seg_003.wav,gdHAkgFHWpQ,spasmodic_dysphonia,train
gdHAkgFHWpQ_seg_004.wav,data/processed/train_set/spasmodic_dysphonia/gdHAkgFHWpQ_seg_004.wav,gdHAkgFHWpQ,spasmodic_dysphonia,train
gdHAkgFHWpQ_seg_005.wav,data/processed/train_set/spasmodic_dysphonia/gdHAkgFHWpQ_seg_005.wav,gdHAkgFHWpQ,spasmodic_dysphonia,train
gdHAkgFHWpQ_seg_006.wav,data/processed/train_set/spasmodic_dysphonia/gdHAkgFHWpQ_seg_006.wav,gdHAkgFHWpQ,spasmodic_dysphonia,train
gdHAkgFHWpQ_seg_007.wav,data/processed/train_set/spasmodic_dysphonia/gdHAkgFHWpQ_seg_007.wav,gdHAkgFHWpQ,spasmodic_dysphonia,train
gdHAkgFHWpQ_seg_008.wav,data/processed/train_set/spasmodic_dysphonia/gdHAkgFHWpQ_seg_008.wav,gdHAkgFHWpQ,spasmodic_dysphonia,train
gdHAkgFHWpQ_seg_009.wav,data/processed/train_set/spasmodic_dysphonia/gdHAkgFHWpQ_seg_009.wav,gdHAkgFHWpQ,spasmodic_dysphonia,train
gdHAkgFHWpQ_seg_010.wav,data/processed/train_set/spasmodic_dysphonia/gdHAkgFHWpQ_seg_010.wav,gdHAkgFHWpQ,spasmodic_dysphonia,train
gdHAkgFHWpQ_seg_011.wav,data/processed/train_set/spasmodic_dysphonia/gdHAkgFHWpQ_seg_011.wav,gdHAkgFHWpQ,spasmodic_dysphonia,train
gdHAkgFHWpQ_seg_012.wav,data/processed/train_set/spasmodic_dysphonia/gdHAkgFHWpQ_seg_012.wav,gdHAkgFHWpQ,spasmodic_dysphonia,train
gdHAkgFHWpQ_seg_013.wav,data/processed/train_set/spasmodic_dysphonia/gdHAkgFHWpQ_seg_013.wav,gdHAkgFHWpQ,spasmodic_dysphonia,train
gdHAkgFHWpQ_seg_014.wav,data/processed/train_set/spasmodic_dysphonia/gdHAkgFHWpQ_seg_014.wav,gdHAkgFHWpQ,spasmodic_dysphonia,train
gdHAkgFHWpQ_seg_015.wav,data/processed/train_set/spasmodic_dysphonia/gdHAkgFHWpQ_seg_015.wav,gdHAkgFHWpQ,spasmodic_dysphonia,train
gdHAkgFHWpQ_seg_016.wav,data/processed/train_set/spasmodic_dysphonia/gdHAkgFHWpQ_seg_016.wav,gdHAkgFHWpQ,spasmodic_dysphonia,train
gdHAkgFHWpQ_seg_017.wav,data/processed/train_set/spasmodic_dysphonia/gdHAkgFHWpQ_seg_017.wav,gdHAkgFHWpQ,spasmodic_dysphonia,train
gdHAkgFHWpQ_seg_018.wav,data/processed/train_set/spasmodic_dysphonia/gdHAkgFHWpQ_seg_018.wav,gdHAkgFHWpQ,spasmodic_dysphonia,train
gdHAkgFHWpQ_seg_019.wav,data/processed/train_set/spasmodic_dysphonia/gdHAkgFHWpQ_seg_019.wav,gdHAkgFHWpQ,spasmodic_dysphonia,train
gdHAkgFHWpQ_seg_020.wav,data/processed/train_set/spasmodic_dysphonia/gdHAkgFHWpQ_seg_020.wav,gdHAkgFHWpQ,spasmodic_dysphonia,train
gdHAkgFHWpQ_seg_021.wav,data/processed/train_set/spasmodic_dysphonia/gdHAkgFHWpQ_seg_021.wav,gdHAkgFHWpQ,spasmodic_dysphonia,train
gdHAkgFHWpQ_seg_022.wav,data/processed/train_set/spasmodic_dysphonia/gdHAkgFHWpQ_seg_022.wav,gdHAkgFHWpQ,spasmodic_dysphonia,train
gdHAkgFHWpQ_seg_023.wav,data/processed/train_set/spasmodic_dysphonia/gdHAkgFHWpQ_seg_023.wav,gdHAkgFHWpQ,spasmodic_dysphonia,train
gdHAkgFHWpQ_seg_024.wav,data/processed/train_set/spasmodic_dysphonia/gdHAkgFHWpQ_seg_024.wav,gdHAkgFHWpQ,spasmodic_dysphonia,train
gdHAkgFHWpQ_seg_025.wav,data/processed/train_set/spasmodic_dysphonia/gdHAkgFHWpQ_seg_025.wav,gdHAkgFHWpQ,spasmodic_dysphonia,train
gdHAkgFHWpQ_seg_026.wav,data/processed/train_set/spasmodic_dysphonia/gdHAkgFHWpQ_seg_026.wav,gdHAkgFHWpQ,spasmodic_dysphonia,train
gdHAkgFHWpQ_seg_027.wav,data/processed/train_set/spasmodic_dysphonia/gdHAkgFHWpQ_seg_027.wav,gdHAkgFHWpQ,spasmodic_dysphonia,train
gdHAkgFHWpQ_seg_028.wav,data/processed/train_set/spasmodic_dysphonia/gdHAkgFHWpQ_seg_028.wav,gdHAkgFHWpQ,spasmodic_dysphonia,train
gdHAkgFHWpQ_seg_029.wav,data/processed/train_set/spasmodic_dysphonia/gdHAkgFHWpQ_seg_029.wav,gdHAkgFHWpQ,spasmodic_dysphonia,train
gdHAkgFHWpQ_seg_030.wav,data/processed/train_set/spasmodic_dysphonia/gdHAkgFHWpQ_seg_030.wav,gdHAkgFHWpQ,spasmodic_dysphonia,train
gdHAkgFHWpQ_seg_031.wav,data/processed/train_set/spasmodic_dysphonia/gdHAkgFHWpQ_seg_031.wav,gdHAkgFHWpQ,spasmodic_dysphonia,train
gdHAkgFHWpQ_seg_032.wav,data/processed/train_set/spasmodic_dysphonia/gdHAkgFHWpQ_seg_032.wav,gdHAkgFHWpQ,spasmodic_dysphonia,train
gdHAkgFHWpQ_seg_033.wav,data/processed/train_set/spasmodic_dysphonia/gdHAkgFHWpQ_seg_033.wav,gdHAkgFHWpQ,spasmodic_dysphonia,train
gdHAkgFHWpQ_seg_034.wav,data/processed/train_set/spasmodic_dysphonia/gdHAkgFHWpQ_seg_034.wav,gdHAkgFHWpQ,spasmodic_dysphonia,train
gdHAkgFHWpQ_seg_035.wav,data/processed/train_set/spasmodic_dysphonia/gdHAkgFHWpQ_seg_035.wav,gdHAkgFHWpQ,spasmodic_dysphonia,train
gdHAkgFHWpQ_seg_036.wav,data/processed/train_set/spasmodic_dysphonia/gdHAkgFHWpQ_seg_036.wav,gdHAkgFHWpQ,spasmodic_dysphonia,train
gdHAkgFHWpQ_seg_037.wav,data/processed/train_set/spasmodic_dysphonia/gdHAkgFHWpQ_seg_037.wav,gdHAkgFHWpQ,spasmodic_dysphonia,train
gdHAkgFHWpQ_seg_038.wav,data/processed/train_set/spasmodic_dysphonia/gdHAkgFHWpQ_seg_038.wav,gdHAkgFHWpQ,spasmodic_dysphonia,train
gdHAkgFHWpQ_seg_039.wav,data/processed/train_set/spasmodic_dysphonia/gdHAkgFHWpQ_seg_039.wav,gdHAkgFHWpQ,spasmodic_dysphonia,train
gdHAkgFHWpQ_seg_040.wav,data/processed/train_set/spasmodic_dysphonia/gdHAkgFHWpQ_seg_040.wav,gdHAkgFHWpQ,spasmodic_dysphonia,train
gdHAkgFHWpQ_seg_041.wav,data/processed/train_set/spasmodic_dysphonia/gdHAkgFHWpQ_seg_041.wav,gdHAkgFHWpQ,spasmodic_dysphonia,train
gdHAkgFHWpQ_seg_042.wav,data/processed/train_set/spasmodic_dysphonia/gdHAkgFHWpQ_seg_042.wav,gdHAkgFHWpQ,spasmodic_dysphonia,train
gdHAkgFHWpQ_seg_043.wav,data/processed/train_set/spasmodic_dysphonia/gdHAkgFHWpQ_seg_043.wav,gdHAkgFHWpQ,spasmodic_dysphonia,train
gdHAkgFHWpQ_seg_044.wav,data/processed/train_set/spasmodic_dysphonia/gdHAkgFHWpQ_seg_044.wav,gdHAkgFHWpQ,spasmodic_dysphonia,train
gdHAkgFHWpQ_seg_045.wav,data/processed/train_set/spasmodic_dysphonia/gdHAkgFHWpQ_seg_045.wav,gdHAkgFHWpQ,spasmodic_dysphonia,train
gdHAkgFHWpQ_seg_046.wav,data/processed/train_set/spasmodic_dysphonia/gdHAkgFHWpQ_seg_046.wav,gdHAkgFHWpQ,spasmodic_dysphonia,train
gdHAkgFHWpQ_seg_047.wav,data/processed/train_set/spasmodic_dysphonia/gdHAkgFHWpQ_seg_047.wav,gdHAkgFHWpQ,spasmodic_dysphonia,train
gdHAkgFHWpQ_seg_048.wav,data/processed/train_set/spasmodic_dysphonia/gdHAkgFHWpQ_seg_048.wav,gdHAkgFHWpQ,spasmodic_dysphonia,train
gdHAkgFHWpQ_seg_049.wav,data/processed/train_set/spasmodic_dysphonia/gdHAkgFHWpQ_seg_049.wav,gdHAkgFHWpQ,spasmodic_dysphonia,train
gdHAkgFHWpQ_seg_050.wav,data/processed/train_set/spasmodic_dysphonia/gdHAkgFHWpQ_seg_050.wav,gdHAkgFHWpQ,spasmodic_dysphonia,train
gdHAkgFHWpQ_seg_051.wav,data/processed/train_set/spasmodic_dysphonia/gdHAkgFHWpQ_seg_051.wav,gdHAkgFHWpQ,spasmodic_dysphonia,train
gdHAkgFHWpQ_seg_052.wav,data/processed/train_set/spasmodic_dysphonia/gdHAkgFHWpQ_seg_052.wav,gdHAkgFHWpQ,spasmodic_dysphonia,train
gdHAkgFHWpQ_seg_053.wav,data/processed/train_set/spasmodic_dysphonia/gdHAkgFHWpQ_seg_053.wav,gdHAkgFHWpQ,spasmodic_dysphonia,train
gdHAkgFHWpQ_seg_054.wav,data/processed/train_set/spasmodic_dysphonia/gdHAkgFHWpQ_seg_054.wav,gdHAkgFHWpQ,spasmodic_dysphonia,train
gdHAkgFHWpQ_seg_055.wav,data/processed/train_set/spasmodic_dysphonia/gdHAkgFHWpQ_seg_055.wav,gdHAkgFHWpQ,spasmodic_dysphonia,train
gdHAkgFHWpQ_seg_056.wav,data/processed/train_set/spasmodic_dysphonia/gdHAkgFHWpQ_seg_056.wav,gdHAkgFHWpQ,spasmodic_dysphonia,train
gdHAkgFHWpQ_seg_057.wav,data/processed/train_set/spasmodic_dysphonia/gdHAkgFHWpQ_seg_057.wav,gdHAkgFHWpQ,spasmodic_dysphonia,train
gdHAkgFHWpQ_seg_058.wav,data/processed/train_set/spasmodic_dysphonia/gdHAkgFHWpQ_seg_058.wav,gdHAkgFHWpQ,spasmodic_dysphonia,train
gdHAkgFHWpQ_seg_059.wav,data/processed/train_set/spasmodic_dysphonia/gdHAkgFHWpQ_seg_059.wav,gdHAkgFHWpQ,spasmodic_dysphonia,train
gdHAkgFHWpQ_seg_060.wav,data/processed/train_set/spasmodic_dysphonia/gdHAkgFHWpQ_seg_060.wav,gdHAkgFHWpQ,spasmodic_dysphonia,train
gdHAkgFHWpQ_seg_061.wav,data/processed/train_set/spasmodic_dysphonia/gdHAkgFHWpQ_seg_061.wav,gdHAkgFHWpQ,spasmodic_dysphonia,train
gdHAkgFHWpQ_seg_062.wav,data/processed/train_set/spasmodic_dysphonia/gdHAkgFHWpQ_seg_062.wav,gdHAkgFHWpQ,spasmodic_dysphonia,train
gdHAkgFHWpQ_seg_063.wav,data/processed/train_set/spasmodic_dysphonia/gdHAkgFHWpQ_seg_063.wav,gdHAkgFHWpQ,spasmodic_dysphonia,train
gdHAkgFHWpQ_seg_064.wav,data/processed/train_set/spasmodic_dysphonia/gdHAkgFHWpQ_seg_064.wav,gdHAkgFHWpQ,spasmodic_dysphonia,train
gdHAkgFHWpQ_seg_065.wav,data/processed/train_set/spasmodic_dysphonia/gdHAkgFHWpQ_seg_065.wav,gdHAkgFHWpQ,spasmodic_dysphonia,train
gdHAkgFHWpQ_seg_066.wav,data/processed/train_set/spasmodic_dysphonia/gdHAkgFHWpQ_seg_066.wav,gdHAkgFHWpQ,spasmodic_dysphonia,train
gdHAkgFHWpQ_seg_067.wav,data/processed/train_set/spasmodic_dysphonia/gdHAkgFHWpQ_seg_067.wav,gdHAkgFHWpQ,spasmodic_dysphonia,train
gdHAkgFHWpQ_seg_068.wav,data/processed/train_set/spasmodic_dysphonia/gdHAkgFHWpQ_seg_068.wav,gdHAkgFHWpQ,spasmodic_dysphonia,train
gdHAkgFHWpQ_seg_069.wav,data/processed/train_set/spasmodic_dysphonia/gdHAkgFHWpQ_seg_069.wav,gdHAkgFHWpQ,spasmodic_dysphonia,train
gdHAkgFHWpQ_seg_070.wav,data/processed/train_set/spasmodic_dysphonia/gdHAkgFHWpQ_seg_070.wav,gdHAkgFHWpQ,spasmodic_dysphonia,train
gdHAkgFHWpQ_seg_071.wav,data/processed/train_set/spasmodic_dysphonia/gdHAkgFHWpQ_seg_071.wav,gdHAkgFHWpQ,spasmodic_dysphonia,train
gdHAkgFHWpQ_seg_072.wav,data/processed/train_set/spasmodic_dysphonia/gdHAkgFHWpQ_seg_072.wav,gdHAkgFHWpQ,spasmodic_dysphonia,train
gdHAkgFHWpQ_seg_073.wav,data/processed/train_set/spasmodic_dysphonia/gdHAkgFHWpQ_seg_073.wav,gdHAkgFHWpQ,spasmodic_dysphonia,train
gdHAkgFHWpQ_seg_074.wav,data/processed/train_set/spasmodic_dysphonia/gdHAkgFHWpQ_seg_074.wav,gdHAkgFHWpQ,spasmodic_dysphonia,train
gdHAkgFHWpQ_seg_075.wav,data/processed/train_set/spasmodic_dysphonia/gdHAkgFHWpQ_seg_075.wav,gdHAkgFHWpQ,spasmodic_dysphonia,train
gdHAkgFHWpQ_seg_076.wav,data/processed/train_set/spasmodic_dysphonia/gdHAkgFHWpQ_seg_076.wav,gdHAkgFHWpQ,spasmodic_dysphonia,train
gdHAkgFHWpQ_seg_077.wav,data/processed/train_set/spasmodic_dysphonia/gdHAkgFHWpQ_seg_077.wav,gdHAkgFHWpQ,spasmodic_dysphonia,train
gdHAkgFHWpQ_seg_078.wav,data/processed/train_set/spasmodic_dysphonia/gdHAkgFHWpQ_seg_078.wav,gdHAkgFHWpQ,spasmodic_dysphonia,train
gdHAkgFHWpQ_seg_079.wav,data/processed/train_set/spasmodic_dysphonia/gdHAkgFHWpQ_seg_079.wav,gdHAkgFHWpQ,spasmodic_dysphonia,train
GYuVGKtNUfg_seg_000.wav,data/processed/train_set/spasmodic_dysphonia/GYuVGKtNUfg_seg_000.wav,GYuVGKtNUfg,spasmodic_dysphonia,train
GYuVGKtNUfg_seg_001.wav,data/processed/train_set/spasmodic_dysphonia/GYuVGKtNUfg_seg_001.wav,GYuVGKtNUfg,spasmodic_dysphonia,train
GYuVGKtNUfg_seg_002.wav,data/processed/train_set/spasmodic_dysphonia/GYuVGKtNUfg_seg_002.wav,GYuVGKtNUfg,spasmodic_dysphonia,train
GYuVGKtNUfg_seg_003.wav,data/processed/train_set/spasmodic_dysphonia/GYuVGKtNUfg_seg_003.wav,GYuVGKtNUfg,spasmodic_dysphonia,train
GYuVGKtNUfg_seg_004.wav,data/processed/train_set/spasmodic_dysphonia/GYuVGKtNUfg_seg_004.wav,GYuVGKtNUfg,spasmodic_dysphonia,train
GYuVGKtNUfg_seg_005.wav,data/processed/train_set/spasmodic_dysphonia/GYuVGKtNUfg_seg_005.wav,GYuVGKtNUfg,spasmodic_dysphonia,train
GYuVGKtNUfg_seg_006.wav,data/processed/train_set/spasmodic_dysphonia/GYuVGKtNUfg_seg_006.wav,GYuVGKtNUfg,spasmodic_dysphonia,train
GYuVGKtNUfg_seg_007.wav,data/processed/train_set/spasmodic_dysphonia/GYuVGKtNUfg_seg_007.wav,GYuVGKtNUfg,spasmodic_dysphonia,train
GYuVGKtNUfg_seg_008.wav,data/processed/train_set/spasmodic_dysphonia/GYuVGKtNUfg_seg_008.wav,GYuVGKtNUfg,spasmodic_dysphonia,train
GYuVGKtNUfg_seg_009.wav,data/processed/train_set/spasmodic_dysphonia/GYuVGKtNUfg_seg_009.wav,GYuVGKtNUfg,spasmodic_dysphonia,train
GYuVGKtNUfg_seg_010.wav,data/processed/train_set/spasmodic_dysphonia/GYuVGKtNUfg_seg_010.wav,GYuVGKtNUfg,spasmodic_dysphonia,train
GYuVGKtNUfg_seg_011.wav,data/processed/train_set/spasmodic_dysphonia/GYuVGKtNUfg_seg_011.wav,GYuVGKtNUfg,spasmodic_dysphonia,train
GYuVGKtNUfg_seg_012.wav,data/processed/train_set/spasmodic_dysphonia/GYuVGKtNUfg_seg_012.wav,GYuVGKtNUfg,spasmodic_dysphonia,train
GYuVGKtNUfg_seg_013.wav,data/processed/train_set/spasmodic_dysphonia/GYuVGKtNUfg_seg_013.wav,GYuVGKtNUfg,spasmodic_dysphonia,train
GYuVGKtNUfg_seg_014.wav,data/processed/train_set/spasmodic_dysphonia/GYuVGKtNUfg_seg_014.wav,GYuVGKtNUfg,spasmodic_dysphonia,train
GYuVGKtNUfg_seg_015.wav,data/processed/train_set/spasmodic_dysphonia/GYuVGKtNUfg_seg_015.wav,GYuVGKtNUfg,spasmodic_dysphonia,train
GYuVGKtNUfg_seg_016.wav,data/processed/train_set/spasmodic_dysphonia/GYuVGKtNUfg_seg_016.wav,GYuVGKtNUfg,spasmodic_dysphonia,train
GYuVGKtNUfg_seg_017.wav,data/processed/train_set/spasmodic_dysphonia/GYuVGKtNUfg_seg_017.wav,GYuVGKtNUfg,spasmodic_dysphonia,train
GYuVGKtNUfg_seg_018.wav,data/processed/train_set/spasmodic_dysphonia/GYuVGKtNUfg_seg_018.wav,GYuVGKtNUfg,spasmodic_dysphonia,train
GYuVGKtNUfg_seg_019.wav,data/processed/train_set/spasmodic_dysphonia/GYuVGKtNUfg_seg_019.wav,GYuVGKtNUfg,spasmodic_dysphonia,train
GYuVGKtNUfg_seg_020.wav,data/processed/train_set/spasmodic_dysphonia/GYuVGKtNUfg_seg_020.wav,GYuVGKtNUfg,spasmodic_dysphonia,train
GYuVGKtNUfg_seg_021.wav,data/processed/train_set/spasmodic_dysphonia/GYuVGKtNUfg_seg_021.wav,GYuVGKtNUfg,spasmodic_dysphonia,train
GYuVGKtNUfg_seg_022.wav,data/processed/train_set/spasmodic_dysphonia/GYuVGKtNUfg_seg_022.wav,GYuVGKtNUfg,spasmodic_dysphonia,train
GYuVGKtNUfg_seg_023.wav,data/processed/train_set/spasmodic_dysphonia/GYuVGKtNUfg_seg_023.wav,GYuVGKtNUfg,spasmodic_dysphonia,train
GYuVGKtNUfg_seg_024.wav,data/processed/train_set/spasmodic_dysphonia/GYuVGKtNUfg_seg_024.wav,GYuVGKtNUfg,spasmodic_dysphonia,train
GYuVGKtNUfg_seg_025.wav,data/processed/train_set/spasmodic_dysphonia/GYuVGKtNUfg_seg_025.wav,GYuVGKtNUfg,spasmodic_dysphonia,train
GYuVGKtNUfg_seg_026.wav,data/processed/train_set/spasmodic_dysphonia/GYuVGKtNUfg_seg_026.wav,GYuVGKtNUfg,spasmodic_dysphonia,train
GYuVGKtNUfg_seg_027.wav,data/processed/train_set/spasmodic_dysphonia/GYuVGKtNUfg_seg_027.wav,GYuVGKtNUfg,spasmodic_dysphonia,train
GYuVGKtNUfg_seg_028.wav,data/processed/train_set/spasmodic_dysphonia/GYuVGKtNUfg_seg_028.wav,GYuVGKtNUfg,spasmodic_dysphonia,train
GYuVGKtNUfg_seg_029.wav,data/processed/train_set/spasmodic_dysphonia/GYuVGKtNUfg_seg_029.wav,GYuVGKtNUfg,spasmodic_dysphonia,train
GYuVGKtNUfg_seg_030.wav,data/processed/train_set/spasmodic_dysphonia/GYuVGKtNUfg_seg_030.wav,GYuVGKtNUfg,spasmodic_dysphonia,train
GYuVGKtNUfg_seg_031.wav,data/processed/train_set/spasmodic_dysphonia/GYuVGKtNUfg_seg_031.wav,GYuVGKtNUfg,spasmodic_dysphonia,train
GYuVGKtNUfg_seg_032.wav,data/processed/train_set/spasmodic_dysphonia/GYuVGKtNUfg_seg_032.wav,GYuVGKtNUfg,spasmodic_dysphonia,train
GYuVGKtNUfg_seg_033.wav,data/processed/train_set/spasmodic_dysphonia/GYuVGKtNUfg_seg_033.wav,GYuVGKtNUfg,spasmodic_dysphonia,train
GYuVGKtNUfg_seg_034.wav,data/processed/train_set/spasmodic_dysphonia/GYuVGKtNUfg_seg_034.wav,GYuVGKtNUfg,spasmodic_dysphonia,train
GYuVGKtNUfg_seg_035.wav,data/processed/train_set/spasmodic_dysphonia/GYuVGKtNUfg_seg_035.wav,GYuVGKtNUfg,spasmodic_dysphonia,train
GYuVGKtNUfg_seg_036.wav,data/processed/train_set/spasmodic_dysphonia/GYuVGKtNUfg_seg_036.wav,GYuVGKtNUfg,spasmodic_dysphonia,train
GYuVGKtNUfg_seg_037.wav,data/processed/train_set/spasmodic_dysphonia/GYuVGKtNUfg_seg_037.wav,GYuVGKtNUfg,spasmodic_dysphonia,train
GYuVGKtNUfg_seg_038.wav,data/processed/train_set/spasmodic_dysphonia/GYuVGKtNUfg_seg_038.wav,GYuVGKtNUfg,spasmodic_dysphonia,train
GYuVGKtNUfg_seg_039.wav,data/processed/train_set/spasmodic_dysphonia/GYuVGKtNUfg_seg_039.wav,GYuVGKtNUfg,spasmodic_dysphonia,train
GYuVGKtNUfg_seg_040.wav,data/processed/train_set/spasmodic_dysphonia/GYuVGKtNUfg_seg_040.wav,GYuVGKtNUfg,spasmodic_dysphonia,train
GYuVGKtNUfg_seg_041.wav,data/processed/train_set/spasmodic_dysphonia/GYuVGKtNUfg_seg_041.wav,GYuVGKtNUfg,spasmodic_dysphonia,train
GYuVGKtNUfg_seg_042.wav,data/processed/train_set/spasmodic_dysphonia/GYuVGKtNUfg_seg_042.wav,GYuVGKtNUfg,spasmodic_dysphonia,train
H1ZwDVx0WTY_seg_000.wav,data/processed/train_set/spasmodic_dysphonia/H1ZwDVx0WTY_seg_000.wav,H1ZwDVx0WTY,spasmodic_dysphonia,train
H1ZwDVx0WTY_seg_001.wav,data/processed/train_set/spasmodic_dysphonia/H1ZwDVx0WTY_seg_001.wav,H1ZwDVx0WTY,spasmodic_dysphonia,train
H1ZwDVx0WTY_seg_002.wav,data/processed/train_set/spasmodic_dysphonia/H1ZwDVx0WTY_seg_002.wav,H1ZwDVx0WTY,spasmodic_dysphonia,train
H1ZwDVx0WTY_seg_003.wav,data/processed/train_set/spasmodic_dysphonia/H1ZwDVx0WTY_seg_003.wav,H1ZwDVx0WTY,spasmodic_dysphonia,train
H1ZwDVx0WTY_seg_004.wav,data/processed/train_set/spasmodic_dysphonia/H1ZwDVx0WTY_seg_004.wav,H1ZwDVx0WTY,spasmodic_dysphonia,train
H1ZwDVx0WTY_seg_005.wav,data/processed/train_set/spasmodic_dysphonia/H1ZwDVx0WTY_seg_005.wav,H1ZwDVx0WTY,spasmodic_dysphonia,train
H1ZwDVx0WTY_seg_006.wav,data/processed/train_set/spasmodic_dysphonia/H1ZwDVx0WTY_seg_006.wav,H1ZwDVx0WTY,spasmodic_dysphonia,train
H1ZwDVx0WTY_seg_007.wav,data/processed/train_set/spasmodic_dysphonia/H1ZwDVx0WTY_seg_007.wav,H1ZwDVx0WTY,spasmodic_dysphonia,train
H1ZwDVx0WTY_seg_008.wav,data/processed/train_set/spasmodic_dysphonia/H1ZwDVx0WTY_seg_008.wav,H1ZwDVx0WTY,spasmodic_dysphonia,train
H1ZwDVx0WTY_seg_009.wav,data/processed/train_set/spasmodic_dysphonia/H1ZwDVx0WTY_seg_009.wav,H1ZwDVx0WTY,spasmodic_dysphonia,train
H1ZwDVx0WTY_seg_010.wav,data/processed/train_set/spasmodic_dysphonia/H1ZwDVx0WTY_seg_010.wav,H1ZwDVx0WTY,spasmodic_dysphonia,train
H1ZwDVx0WTY_seg_011.wav,data/processed/train_set/spasmodic_dysphonia/H1ZwDVx0WTY_seg_011.wav,H1ZwDVx0WTY,spasmodic_dysphonia,train
H1ZwDVx0WTY_seg_012.wav,data/processed/train_set/spasmodic_dysphonia/H1ZwDVx0WTY_seg_012.wav,H1ZwDVx0WTY,spasmodic_dysphonia,train
H1ZwDVx0WTY_seg_013.wav,data/processed/train_set/spasmodic_dysphonia/H1ZwDVx0WTY_seg_013.wav,H1ZwDVx0WTY,spasmodic_dysphonia,train
H1ZwDVx0WTY_seg_014.wav,data/processed/train_set/spasmodic_dysphonia/H1ZwDVx0WTY_seg_014.wav,H1ZwDVx0WTY,spasmodic_dysphonia,train
H1ZwDVx0WTY_seg_015.wav,data/processed/train_set/spasmodic_dysphonia/H1ZwDVx0WTY_seg_015.wav,H1ZwDVx0WTY,spasmodic_dysphonia,train
H1ZwDVx0WTY_seg_016.wav,data/processed/train_set/spasmodic_dysphonia/H1ZwDVx0WTY_seg_016.wav,H1ZwDVx0WTY,spasmodic_dysphonia,train
H1ZwDVx0WTY_seg_017.wav,data/processed/train_set/spasmodic_dysphonia/H1ZwDVx0WTY_seg_017.wav,H1ZwDVx0WTY,spasmodic_dysphonia,train
H1ZwDVx0WTY_seg_018.wav,data/processed/train_set/spasmodic_dysphonia/H1ZwDVx0WTY_seg_018.wav,H1ZwDVx0WTY,spasmodic_dysphonia,train
H1ZwDVx0WTY_seg_019.wav,data/processed/train_set/spasmodic_dysphonia/H1ZwDVx0WTY_seg_019.wav,H1ZwDVx0WTY,spasmodic_dysphonia,train
H1ZwDVx0WTY_seg_020.wav,data/processed/train_set/spasmodic_dysphonia/H1ZwDVx0WTY_seg_020.wav,H1ZwDVx0WTY,spasmodic_dysphonia,train
H1ZwDVx0WTY_seg_021.wav,data/processed/train_set/spasmodic_dysphonia/H1ZwDVx0WTY_seg_021.wav,H1ZwDVx0WTY,spasmodic_dysphonia,train
H1ZwDVx0WTY_seg_022.wav,data/processed/train_set/spasmodic_dysphonia/H1ZwDVx0WTY_seg_022.wav,H1ZwDVx0WTY,spasmodic_dysphonia,train
H1ZwDVx0WTY_seg_023.wav,data/processed/train_set/spasmodic_dysphonia/H1ZwDVx0WTY_seg_023.wav,H1ZwDVx0WTY,spasmodic_dysphonia,train
H1ZwDVx0WTY_seg_024.wav,data/processed/train_set/spasmodic_dysphonia/H1ZwDVx0WTY_seg_024.wav,H1ZwDVx0WTY,spasmodic_dysphonia,train
H1ZwDVx0WTY_seg_025.wav,data/processed/train_set/spasmodic_dysphonia/H1ZwDVx0WTY_seg_025.wav,H1ZwDVx0WTY,spasmodic_dysphonia,train
H1ZwDVx0WTY_seg_026.wav,data/processed/train_set/spasmodic_dysphonia/H1ZwDVx0WTY_seg_026.wav,H1ZwDVx0WTY,spasmodic_dysphonia,train
H1ZwDVx0WTY_seg_027.wav,data/processed/train_set/spasmodic_dysphonia/H1ZwDVx0WTY_seg_027.wav,H1ZwDVx0WTY,spasmodic_dysphonia,train
H1ZwDVx0WTY_seg_028.wav,data/processed/train_set/spasmodic_dysphonia/H1ZwDVx0WTY_seg_028.wav,H1ZwDVx0WTY,spasmodic_dysphonia,train
H1ZwDVx0WTY_seg_029.wav,data/processed/train_set/spasmodic_dysphonia/H1ZwDVx0WTY_seg_029.wav,H1ZwDVx0WTY,spasmodic_dysphonia,train
H1ZwDVx0WTY_seg_030.wav,data/processed/train_set/spasmodic_dysphonia/H1ZwDVx0WTY_seg_030.wav,H1ZwDVx0WTY,spasmodic_dysphonia,train
H1ZwDVx0WTY_seg_031.wav,data/processed/train_set/spasmodic_dysphonia/H1ZwDVx0WTY_seg_031.wav,H1ZwDVx0WTY,spasmodic_dysphonia,train
H1ZwDVx0WTY_seg_032.wav,data/processed/train_set/spasmodic_dysphonia/H1ZwDVx0WTY_seg_032.wav,H1ZwDVx0WTY,spasmodic_dysphonia,train
H1ZwDVx0WTY_seg_033.wav,data/processed/train_set/spasmodic_dysphonia/H1ZwDVx0WTY_seg_033.wav,H1ZwDVx0WTY,spasmodic_dysphonia,train
H1ZwDVx0WTY_seg_034.wav,data/processed/train_set/spasmodic_dysphonia/H1ZwDVx0WTY_seg_034.wav,H1ZwDVx0WTY,spasmodic_dysphonia,train
H1ZwDVx0WTY_seg_035.wav,data/processed/train_set/spasmodic_dysphonia/H1ZwDVx0WTY_seg_035.wav,H1ZwDVx0WTY,spasmodic_dysphonia,train
H1ZwDVx0WTY_seg_036.wav,data/processed/train_set/spasmodic_dysphonia/H1ZwDVx0WTY_seg_036.wav,H1ZwDVx0WTY,spasmodic_dysphonia,train
H1ZwDVx0WTY_seg_037.wav,data/processed/train_set/spasmodic_dysphonia/H1ZwDVx0WTY_seg_037.wav,H1ZwDVx0WTY,spasmodic_dysphonia,train
H1ZwDVx0WTY_seg_038.wav,data/processed/train_set/spasmodic_dysphonia/H1ZwDVx0WTY_seg_038.wav,H1ZwDVx0WTY,spasmodic_dysphonia,train
H1ZwDVx0WTY_seg_039.wav,data/processed/train_set/spasmodic_dysphonia/H1ZwDVx0WTY_seg_039.wav,H1ZwDVx0WTY,spasmodic_dysphonia,train
H1ZwDVx0WTY_seg_040.wav,data/processed/train_set/spasmodic_dysphonia/H1ZwDVx0WTY_seg_040.wav,H1ZwDVx0WTY,spasmodic_dysphonia,train
H1ZwDVx0WTY_seg_041.wav,data/processed/train_set/spasmodic_dysphonia/H1ZwDVx0WTY_seg_041.wav,H1ZwDVx0WTY,spasmodic_dysphonia,train
H1ZwDVx0WTY_seg_042.wav,data/processed/train_set/spasmodic_dysphonia/H1ZwDVx0WTY_seg_042.wav,H1ZwDVx0WTY,spasmodic_dysphonia,train
H1ZwDVx0WTY_seg_043.wav,data/processed/train_set/spasmodic_dysphonia/H1ZwDVx0WTY_seg_043.wav,H1ZwDVx0WTY,spasmodic_dysphonia,train
H1ZwDVx0WTY_seg_044.wav,data/processed/train_set/spasmodic_dysphonia/H1ZwDVx0WTY_seg_044.wav,H1ZwDVx0WTY,spasmodic_dysphonia,train
H1ZwDVx0WTY_seg_045.wav,data/processed/train_set/spasmodic_dysphonia/H1ZwDVx0WTY_seg_045.wav,H1ZwDVx0WTY,spasmodic_dysphonia,train
H1ZwDVx0WTY_seg_046.wav,data/processed/train_set/spasmodic_dysphonia/H1ZwDVx0WTY_seg_046.wav,H1ZwDVx0WTY,spasmodic_dysphonia,train
H1ZwDVx0WTY_seg_047.wav,data/processed/train_set/spasmodic_dysphonia/H1ZwDVx0WTY_seg_047.wav,H1ZwDVx0WTY,spasmodic_dysphonia,train
H1ZwDVx0WTY_seg_048.wav,data/processed/train_set/spasmodic_dysphonia/H1ZwDVx0WTY_seg_048.wav,H1ZwDVx0WTY,spasmodic_dysphonia,train
H1ZwDVx0WTY_seg_049.wav,data/processed/train_set/spasmodic_dysphonia/H1ZwDVx0WTY_seg_049.wav,H1ZwDVx0WTY,spasmodic_dysphonia,train
H1ZwDVx0WTY_seg_050.wav,data/processed/train_set/spasmodic_dysphonia/H1ZwDVx0WTY_seg_050.wav,H1ZwDVx0WTY,spasmodic_dysphonia,train
H1ZwDVx0WTY_seg_051.wav,data/processed/train_set/spasmodic_dysphonia/H1ZwDVx0WTY_seg_051.wav,H1ZwDVx0WTY,spasmodic_dysphonia,train
H1ZwDVx0WTY_seg_052.wav,data/processed/train_set/spasmodic_dysphonia/H1ZwDVx0WTY_seg_052.wav,H1ZwDVx0WTY,spasmodic_dysphonia,train
H1ZwDVx0WTY_seg_053.wav,data/processed/train_set/spasmodic_dysphonia/H1ZwDVx0WTY_seg_053.wav,H1ZwDVx0WTY,spasmodic_dysphonia,train
H1ZwDVx0WTY_seg_054.wav,data/processed/train_set/spasmodic_dysphonia/H1ZwDVx0WTY_seg_054.wav,H1ZwDVx0WTY,spasmodic_dysphonia,train
H1ZwDVx0WTY_seg_055.wav,data/processed/train_set/spasmodic_dysphonia/H1ZwDVx0WTY_seg_055.wav,H1ZwDVx0WTY,spasmodic_dysphonia,train
H1ZwDVx0WTY_seg_056.wav,data/processed/train_set/spasmodic_dysphonia/H1ZwDVx0WTY_seg_056.wav,H1ZwDVx0WTY,spasmodic_dysphonia,train
H1ZwDVx0WTY_seg_057.wav,data/processed/train_set/spasmodic_dysphonia/H1ZwDVx0WTY_seg_057.wav,H1ZwDVx0WTY,spasmodic_dysphonia,train
H1ZwDVx0WTY_seg_058.wav,data/processed/train_set/spasmodic_dysphonia/H1ZwDVx0WTY_seg_058.wav,H1ZwDVx0WTY,spasmodic_dysphonia,train
H1ZwDVx0WTY_seg_059.wav,data/processed/train_set/spasmodic_dysphonia/H1ZwDVx0WTY_seg_059.wav,H1ZwDVx0WTY,spasmodic_dysphonia,train
H1ZwDVx0WTY_seg_060.wav,data/processed/train_set/spasmodic_dysphonia/H1ZwDVx0WTY_seg_060.wav,H1ZwDVx0WTY,spasmodic_dysphonia,train
H1ZwDVx0WTY_seg_061.wav,data/processed/train_set/spasmodic_dysphonia/H1ZwDVx0WTY_seg_061.wav,H1ZwDVx0WTY,spasmodic_dysphonia,train
H1ZwDVx0WTY_seg_062.wav,data/processed/train_set/spasmodic_dysphonia/H1ZwDVx0WTY_seg_062.wav,H1ZwDVx0WTY,spasmodic_dysphonia,train
H1ZwDVx0WTY_seg_063.wav,data/processed/train_set/spasmodic_dysphonia/H1ZwDVx0WTY_seg_063.wav,H1ZwDVx0WTY,spasmodic_dysphonia,train
H1ZwDVx0WTY_seg_064.wav,data/processed/train_set/spasmodic_dysphonia/H1ZwDVx0WTY_seg_064.wav,H1ZwDVx0WTY,spasmodic_dysphonia,train
H1ZwDVx0WTY_seg_065.wav,data/processed/train_set/spasmodic_dysphonia/H1ZwDVx0WTY_seg_065.wav,H1ZwDVx0WTY,spasmodic_dysphonia,train
H1ZwDVx0WTY_seg_066.wav,data/processed/train_set/spasmodic_dysphonia/H1ZwDVx0WTY_seg_066.wav,H1ZwDVx0WTY,spasmodic_dysphonia,train
H1ZwDVx0WTY_seg_067.wav,data/processed/train_set/spasmodic_dysphonia/H1ZwDVx0WTY_seg_067.wav,H1ZwDVx0WTY,spasmodic_dysphonia,train
H1ZwDVx0WTY_seg_068.wav,data/processed/train_set/spasmodic_dysphonia/H1ZwDVx0WTY_seg_068.wav,H1ZwDVx0WTY,spasmodic_dysphonia,train
H1ZwDVx0WTY_seg_069.wav,data/processed/train_set/spasmodic_dysphonia/H1ZwDVx0WTY_seg_069.wav,H1ZwDVx0WTY,spasmodic_dysphonia,train
H1ZwDVx0WTY_seg_070.wav,data/processed/train_set/spasmodic_dysphonia/H1ZwDVx0WTY_seg_070.wav,H1ZwDVx0WTY,spasmodic_dysphonia,train
H1ZwDVx0WTY_seg_071.wav,data/processed/train_set/spasmodic_dysphonia/H1ZwDVx0WTY_seg_071.wav,H1ZwDVx0WTY,spasmodic_dysphonia,train
H1ZwDVx0WTY_seg_072.wav,data/processed/train_set/spasmodic_dysphonia/H1ZwDVx0WTY_seg_072.wav,H1ZwDVx0WTY,spasmodic_dysphonia,train
H1ZwDVx0WTY_seg_073.wav,data/processed/train_set/spasmodic_dysphonia/H1ZwDVx0WTY_seg_073.wav,H1ZwDVx0WTY,spasmodic_dysphonia,train
H1ZwDVx0WTY_seg_074.wav,data/processed/train_set/spasmodic_dysphonia/H1ZwDVx0WTY_seg_074.wav,H1ZwDVx0WTY,spasmodic_dysphonia,train
H1ZwDVx0WTY_seg_075.wav,data/processed/train_set/spasmodic_dysphonia/H1ZwDVx0WTY_seg_075.wav,H1ZwDVx0WTY,spasmodic_dysphonia,train
H1ZwDVx0WTY_seg_076.wav,data/processed/train_set/spasmodic_dysphonia/H1ZwDVx0WTY_seg_076.wav,H1ZwDVx0WTY,spasmodic_dysphonia,train
H1ZwDVx0WTY_seg_077.wav,data/processed/train_set/spasmodic_dysphonia/H1ZwDVx0WTY_seg_077.wav,H1ZwDVx0WTY,spasmodic_dysphonia,train
H1ZwDVx0WTY_seg_078.wav,data/processed/train_set/spasmodic_dysphonia/H1ZwDVx0WTY_seg_078.wav,H1ZwDVx0WTY,spasmodic_dysphonia,train
H1ZwDVx0WTY_seg_079.wav,data/processed/train_set/spasmodic_dysphonia/H1ZwDVx0WTY_seg_079.wav,H1ZwDVx0WTY,spasmodic_dysphonia,train
H1ZwDVx0WTY_seg_080.wav,data/processed/train_set/spasmodic_dysphonia/H1ZwDVx0WTY_seg_080.wav,H1ZwDVx0WTY,spasmodic_dysphonia,train
H1ZwDVx0WTY_seg_081.wav,data/processed/train_set/spasmodic_dysphonia/H1ZwDVx0WTY_seg_081.wav,H1ZwDVx0WTY,spasmodic_dysphonia,train
H1ZwDVx0WTY_seg_082.wav,data/processed/train_set/spasmodic_dysphonia/H1ZwDVx0WTY_seg_082.wav,H1ZwDVx0WTY,spasmodic_dysphonia,train
H1ZwDVx0WTY_seg_083.wav,data/processed/train_set/spasmodic_dysphonia/H1ZwDVx0WTY_seg_083.wav,H1ZwDVx0WTY,spasmodic_dysphonia,train
H1ZwDVx0WTY_seg_084.wav,data/processed/train_set/spasmodic_dysphonia/H1ZwDVx0WTY_seg_084.wav,H1ZwDVx0WTY,spasmodic_dysphonia,train
H1ZwDVx0WTY_seg_085.wav,data/processed/train_set/spasmodic_dysphonia/H1ZwDVx0WTY_seg_085.wav,H1ZwDVx0WTY,spasmodic_dysphonia,train
H1ZwDVx0WTY_seg_086.wav,data/processed/train_set/spasmodic_dysphonia/H1ZwDVx0WTY_seg_086.wav,H1ZwDVx0WTY,spasmodic_dysphonia,train
H1ZwDVx0WTY_seg_087.wav,data/processed/train_set/spasmodic_dysphonia/H1ZwDVx0WTY_seg_087.wav,H1ZwDVx0WTY,spasmodic_dysphonia,train
H1ZwDVx0WTY_seg_088.wav,data/processed/train_set/spasmodic_dysphonia/H1ZwDVx0WTY_seg_088.wav,H1ZwDVx0WTY,spasmodic_dysphonia,train
H6qBrb2fkDU_seg_000.wav,data/processed/train_set/spasmodic_dysphonia/H6qBrb2fkDU_seg_000.wav,H6qBrb2fkDU,spasmodic_dysphonia,train
H6qBrb2fkDU_seg_001.wav,data/processed/train_set/spasmodic_dysphonia/H6qBrb2fkDU_seg_001.wav,H6qBrb2fkDU,spasmodic_dysphonia,train
H6qBrb2fkDU_seg_002.wav,data/processed/train_set/spasmodic_dysphonia/H6qBrb2fkDU_seg_002.wav,H6qBrb2fkDU,spasmodic_dysphonia,train
H6qBrb2fkDU_seg_003.wav,data/processed/train_set/spasmodic_dysphonia/H6qBrb2fkDU_seg_003.wav,H6qBrb2fkDU,spasmodic_dysphonia,train
H6qBrb2fkDU_seg_004.wav,data/processed/train_set/spasmodic_dysphonia/H6qBrb2fkDU_seg_004.wav,H6qBrb2fkDU,spasmodic_dysphonia,train
H6qBrb2fkDU_seg_005.wav,data/processed/train_set/spasmodic_dysphonia/H6qBrb2fkDU_seg_005.wav,H6qBrb2fkDU,spasmodic_dysphonia,train
H6qBrb2fkDU_seg_006.wav,data/processed/train_set/spasmodic_dysphonia/H6qBrb2fkDU_seg_006.wav,H6qBrb2fkDU,spasmodic_dysphonia,train
H6qBrb2fkDU_seg_007.wav,data/processed/train_set/spasmodic_dysphonia/H6qBrb2fkDU_seg_007.wav,H6qBrb2fkDU,spasmodic_dysphonia,train
H6qBrb2fkDU_seg_008.wav,data/processed/train_set/spasmodic_dysphonia/H6qBrb2fkDU_seg_008.wav,H6qBrb2fkDU,spasmodic_dysphonia,train
H6qBrb2fkDU_seg_009.wav,data/processed/train_set/spasmodic_dysphonia/H6qBrb2fkDU_seg_009.wav,H6qBrb2fkDU,spasmodic_dysphonia,train
H6qBrb2fkDU_seg_010.wav,data/processed/train_set/spasmodic_dysphonia/H6qBrb2fkDU_seg_010.wav,H6qBrb2fkDU,spasmodic_dysphonia,train
H6qBrb2fkDU_seg_011.wav,data/processed/train_set/spasmodic_dysphonia/H6qBrb2fkDU_seg_011.wav,H6qBrb2fkDU,spasmodic_dysphonia,train
H6qBrb2fkDU_seg_012.wav,data/processed/train_set/spasmodic_dysphonia/H6qBrb2fkDU_seg_012.wav,H6qBrb2fkDU,spasmodic_dysphonia,train
H6qBrb2fkDU_seg_013.wav,data/processed/train_set/spasmodic_dysphonia/H6qBrb2fkDU_seg_013.wav,H6qBrb2fkDU,spasmodic_dysphonia,train
H6qBrb2fkDU_seg_014.wav,data/processed/train_set/spasmodic_dysphonia/H6qBrb2fkDU_seg_014.wav,H6qBrb2fkDU,spasmodic_dysphonia,train
H6qBrb2fkDU_seg_015.wav,data/processed/train_set/spasmodic_dysphonia/H6qBrb2fkDU_seg_015.wav,H6qBrb2fkDU,spasmodic_dysphonia,train
H6qBrb2fkDU_seg_016.wav,data/processed/train_set/spasmodic_dysphonia/H6qBrb2fkDU_seg_016.wav,H6qBrb2fkDU,spasmodic_dysphonia,train
H6qBrb2fkDU_seg_017.wav,data/processed/train_set/spasmodic_dysphonia/H6qBrb2fkDU_seg_017.wav,H6qBrb2fkDU,spasmodic_dysphonia,train
H6qBrb2fkDU_seg_018.wav,data/processed/train_set/spasmodic_dysphonia/H6qBrb2fkDU_seg_018.wav,H6qBrb2fkDU,spasmodic_dysphonia,train
H6qBrb2fkDU_seg_019.wav,data/processed/train_set/spasmodic_dysphonia/H6qBrb2fkDU_seg_019.wav,H6qBrb2fkDU,spasmodic_dysphonia,train
H6qBrb2fkDU_seg_020.wav,data/processed/train_set/spasmodic_dysphonia/H6qBrb2fkDU_seg_020.wav,H6qBrb2fkDU,spasmodic_dysphonia,train
H6qBrb2fkDU_seg_021.wav,data/processed/train_set/spasmodic_dysphonia/H6qBrb2fkDU_seg_021.wav,H6qBrb2fkDU,spasmodic_dysphonia,train
H6qBrb2fkDU_seg_022.wav,data/processed/train_set/spasmodic_dysphonia/H6qBrb2fkDU_seg_022.wav,H6qBrb2fkDU,spasmodic_dysphonia,train
H6qBrb2fkDU_seg_023.wav,data/processed/train_set/spasmodic_dysphonia/H6qBrb2fkDU_seg_023.wav,H6qBrb2fkDU,spasmodic_dysphonia,train
H6qBrb2fkDU_seg_024.wav,data/processed/train_set/spasmodic_dysphonia/H6qBrb2fkDU_seg_024.wav,H6qBrb2fkDU,spasmodic_dysphonia,train
H6qBrb2fkDU_seg_025.wav,data/processed/train_set/spasmodic_dysphonia/H6qBrb2fkDU_seg_025.wav,H6qBrb2fkDU,spasmodic_dysphonia,train
H6qBrb2fkDU_seg_026.wav,data/processed/train_set/spasmodic_dysphonia/H6qBrb2fkDU_seg_026.wav,H6qBrb2fkDU,spasmodic_dysphonia,train
H6qBrb2fkDU_seg_027.wav,data/processed/train_set/spasmodic_dysphonia/H6qBrb2fkDU_seg_027.wav,H6qBrb2fkDU,spasmodic_dysphonia,train
H6qBrb2fkDU_seg_028.wav,data/processed/train_set/spasmodic_dysphonia/H6qBrb2fkDU_seg_028.wav,H6qBrb2fkDU,spasmodic_dysphonia,train
H6qBrb2fkDU_seg_029.wav,data/processed/train_set/spasmodic_dysphonia/H6qBrb2fkDU_seg_029.wav,H6qBrb2fkDU,spasmodic_dysphonia,train
H6qBrb2fkDU_seg_030.wav,data/processed/train_set/spasmodic_dysphonia/H6qBrb2fkDU_seg_030.wav,H6qBrb2fkDU,spasmodic_dysphonia,train
H6qBrb2fkDU_seg_031.wav,data/processed/train_set/spasmodic_dysphonia/H6qBrb2fkDU_seg_031.wav,H6qBrb2fkDU,spasmodic_dysphonia,train
H6qBrb2fkDU_seg_032.wav,data/processed/train_set/spasmodic_dysphonia/H6qBrb2fkDU_seg_032.wav,H6qBrb2fkDU,spasmodic_dysphonia,train
H6qBrb2fkDU_seg_033.wav,data/processed/train_set/spasmodic_dysphonia/H6qBrb2fkDU_seg_033.wav,H6qBrb2fkDU,spasmodic_dysphonia,train
H6qBrb2fkDU_seg_034.wav,data/processed/train_set/spasmodic_dysphonia/H6qBrb2fkDU_seg_034.wav,H6qBrb2fkDU,spasmodic_dysphonia,train
H6qBrb2fkDU_seg_035.wav,data/processed/train_set/spasmodic_dysphonia/H6qBrb2fkDU_seg_035.wav,H6qBrb2fkDU,spasmodic_dysphonia,train
H6qBrb2fkDU_seg_036.wav,data/processed/train_set/spasmodic_dysphonia/H6qBrb2fkDU_seg_036.wav,H6qBrb2fkDU,spasmodic_dysphonia,train
H6qBrb2fkDU_seg_037.wav,data/processed/train_set/spasmodic_dysphonia/H6qBrb2fkDU_seg_037.wav,H6qBrb2fkDU,spasmodic_dysphonia,train
H6qBrb2fkDU_seg_038.wav,data/processed/train_set/spasmodic_dysphonia/H6qBrb2fkDU_seg_038.wav,H6qBrb2fkDU,spasmodic_dysphonia,train
H6qBrb2fkDU_seg_039.wav,data/processed/train_set/spasmodic_dysphonia/H6qBrb2fkDU_seg_039.wav,H6qBrb2fkDU,spasmodic_dysphonia,train
H6qBrb2fkDU_seg_040.wav,data/processed/train_set/spasmodic_dysphonia/H6qBrb2fkDU_seg_040.wav,H6qBrb2fkDU,spasmodic_dysphonia,train
H6qBrb2fkDU_seg_041.wav,data/processed/train_set/spasmodic_dysphonia/H6qBrb2fkDU_seg_041.wav,H6qBrb2fkDU,spasmodic_dysphonia,train
H6qBrb2fkDU_seg_042.wav,data/processed/train_set/spasmodic_dysphonia/H6qBrb2fkDU_seg_042.wav,H6qBrb2fkDU,spasmodic_dysphonia,train
H6qBrb2fkDU_seg_043.wav,data/processed/train_set/spasmodic_dysphonia/H6qBrb2fkDU_seg_043.wav,H6qBrb2fkDU,spasmodic_dysphonia,train
H6qBrb2fkDU_seg_044.wav,data/processed/train_set/spasmodic_dysphonia/H6qBrb2fkDU_seg_044.wav,H6qBrb2fkDU,spasmodic_dysphonia,train
H6qBrb2fkDU_seg_045.wav,data/processed/train_set/spasmodic_dysphonia/H6qBrb2fkDU_seg_045.wav,H6qBrb2fkDU,spasmodic_dysphonia,train
H6qBrb2fkDU_seg_046.wav,data/processed/train_set/spasmodic_dysphonia/H6qBrb2fkDU_seg_046.wav,H6qBrb2fkDU,spasmodic_dysphonia,train
H6qBrb2fkDU_seg_047.wav,data/processed/train_set/spasmodic_dysphonia/H6qBrb2fkDU_seg_047.wav,H6qBrb2fkDU,spasmodic_dysphonia,train
H6qBrb2fkDU_seg_048.wav,data/processed/train_set/spasmodic_dysphonia/H6qBrb2fkDU_seg_048.wav,H6qBrb2fkDU,spasmodic_dysphonia,train
H6qBrb2fkDU_seg_049.wav,data/processed/train_set/spasmodic_dysphonia/H6qBrb2fkDU_seg_049.wav,H6qBrb2fkDU,spasmodic_dysphonia,train
H6qBrb2fkDU_seg_050.wav,data/processed/train_set/spasmodic_dysphonia/H6qBrb2fkDU_seg_050.wav,H6qBrb2fkDU,spasmodic_dysphonia,train
H6qBrb2fkDU_seg_051.wav,data/processed/train_set/spasmodic_dysphonia/H6qBrb2fkDU_seg_051.wav,H6qBrb2fkDU,spasmodic_dysphonia,train
H6qBrb2fkDU_seg_052.wav,data/processed/train_set/spasmodic_dysphonia/H6qBrb2fkDU_seg_052.wav,H6qBrb2fkDU,spasmodic_dysphonia,train
H6qBrb2fkDU_seg_053.wav,data/processed/train_set/spasmodic_dysphonia/H6qBrb2fkDU_seg_053.wav,H6qBrb2fkDU,spasmodic_dysphonia,train
H6qBrb2fkDU_seg_054.wav,data/processed/train_set/spasmodic_dysphonia/H6qBrb2fkDU_seg_054.wav,H6qBrb2fkDU,spasmodic_dysphonia,train
H6qBrb2fkDU_seg_055.wav,data/processed/train_set/spasmodic_dysphonia/H6qBrb2fkDU_seg_055.wav,H6qBrb2fkDU,spasmodic_dysphonia,train
H6qBrb2fkDU_seg_056.wav,data/processed/train_set/spasmodic_dysphonia/H6qBrb2fkDU_seg_056.wav,H6qBrb2fkDU,spasmodic_dysphonia,train
H6qBrb2fkDU_seg_057.wav,data/processed/train_set/spasmodic_dysphonia/H6qBrb2fkDU_seg_057.wav,H6qBrb2fkDU,spasmodic_dysphonia,train
H6qBrb2fkDU_seg_058.wav,data/processed/train_set/spasmodic_dysphonia/H6qBrb2fkDU_seg_058.wav,H6qBrb2fkDU,spasmodic_dysphonia,train
H6qBrb2fkDU_seg_059.wav,data/processed/train_set/spasmodic_dysphonia/H6qBrb2fkDU_seg_059.wav,H6qBrb2fkDU,spasmodic_dysphonia,train
H6qBrb2fkDU_seg_060.wav,data/processed/train_set/spasmodic_dysphonia/H6qBrb2fkDU_seg_060.wav,H6qBrb2fkDU,spasmodic_dysphonia,train
H6qBrb2fkDU_seg_061.wav,data/processed/train_set/spasmodic_dysphonia/H6qBrb2fkDU_seg_061.wav,H6qBrb2fkDU,spasmodic_dysphonia,train
H6qBrb2fkDU_seg_062.wav,data/processed/train_set/spasmodic_dysphonia/H6qBrb2fkDU_seg_062.wav,H6qBrb2fkDU,spasmodic_dysphonia,train
H6qBrb2fkDU_seg_063.wav,data/processed/train_set/spasmodic_dysphonia/H6qBrb2fkDU_seg_063.wav,H6qBrb2fkDU,spasmodic_dysphonia,train
H6qBrb2fkDU_seg_064.wav,data/processed/train_set/spasmodic_dysphonia/H6qBrb2fkDU_seg_064.wav,H6qBrb2fkDU,spasmodic_dysphonia,train
H6qBrb2fkDU_seg_065.wav,data/processed/train_set/spasmodic_dysphonia/H6qBrb2fkDU_seg_065.wav,H6qBrb2fkDU,spasmodic_dysphonia,train
H6qBrb2fkDU_seg_066.wav,data/processed/train_set/spasmodic_dysphonia/H6qBrb2fkDU_seg_066.wav,H6qBrb2fkDU,spasmodic_dysphonia,train
H6qBrb2fkDU_seg_067.wav,data/processed/train_set/spasmodic_dysphonia/H6qBrb2fkDU_seg_067.wav,H6qBrb2fkDU,spasmodic_dysphonia,train
H6qBrb2fkDU_seg_068.wav,data/processed/train_set/spasmodic_dysphonia/H6qBrb2fkDU_seg_068.wav,H6qBrb2fkDU,spasmodic_dysphonia,train
H6qBrb2fkDU_seg_069.wav,data/processed/train_set/spasmodic_dysphonia/H6qBrb2fkDU_seg_069.wav,H6qBrb2fkDU,spasmodic_dysphonia,train
H6qBrb2fkDU_seg_070.wav,data/processed/train_set/spasmodic_dysphonia/H6qBrb2fkDU_seg_070.wav,H6qBrb2fkDU,spasmodic_dysphonia,train
H6qBrb2fkDU_seg_071.wav,data/processed/train_set/spasmodic_dysphonia/H6qBrb2fkDU_seg_071.wav,H6qBrb2fkDU,spasmodic_dysphonia,train
H6qBrb2fkDU_seg_072.wav,data/processed/train_set/spasmodic_dysphonia/H6qBrb2fkDU_seg_072.wav,H6qBrb2fkDU,spasmodic_dysphonia,train
H6qBrb2fkDU_seg_073.wav,data/processed/train_set/spasmodic_dysphonia/H6qBrb2fkDU_seg_073.wav,H6qBrb2fkDU,spasmodic_dysphonia,train
H6qBrb2fkDU_seg_074.wav,data/processed/train_set/spasmodic_dysphonia/H6qBrb2fkDU_seg_074.wav,H6qBrb2fkDU,spasmodic_dysphonia,train
H6qBrb2fkDU_seg_075.wav,data/processed/train_set/spasmodic_dysphonia/H6qBrb2fkDU_seg_075.wav,H6qBrb2fkDU,spasmodic_dysphonia,train
H6qBrb2fkDU_seg_076.wav,data/processed/train_set/spasmodic_dysphonia/H6qBrb2fkDU_seg_076.wav,H6qBrb2fkDU,spasmodic_dysphonia,train
H6qBrb2fkDU_seg_077.wav,data/processed/train_set/spasmodic_dysphonia/H6qBrb2fkDU_seg_077.wav,H6qBrb2fkDU,spasmodic_dysphonia,train
H6qBrb2fkDU_seg_078.wav,data/processed/train_set/spasmodic_dysphonia/H6qBrb2fkDU_seg_078.wav,H6qBrb2fkDU,spasmodic_dysphonia,train
H6qBrb2fkDU_seg_079.wav,data/processed/train_set/spasmodic_dysphonia/H6qBrb2fkDU_seg_079.wav,H6qBrb2fkDU,spasmodic_dysphonia,train
H6qBrb2fkDU_seg_080.wav,data/processed/train_set/spasmodic_dysphonia/H6qBrb2fkDU_seg_080.wav,H6qBrb2fkDU,spasmodic_dysphonia,train
H6qBrb2fkDU_seg_081.wav,data/processed/train_set/spasmodic_dysphonia/H6qBrb2fkDU_seg_081.wav,H6qBrb2fkDU,spasmodic_dysphonia,train
H6qBrb2fkDU_seg_082.wav,data/processed/train_set/spasmodic_dysphonia/H6qBrb2fkDU_seg_082.wav,H6qBrb2fkDU,spasmodic_dysphonia,train
H6qBrb2fkDU_seg_083.wav,data/processed/train_set/spasmodic_dysphonia/H6qBrb2fkDU_seg_083.wav,H6qBrb2fkDU,spasmodic_dysphonia,train
H6qBrb2fkDU_seg_084.wav,data/processed/train_set/spasmodic_dysphonia/H6qBrb2fkDU_seg_084.wav,H6qBrb2fkDU,spasmodic_dysphonia,train
H6qBrb2fkDU_seg_085.wav,data/processed/train_set/spasmodic_dysphonia/H6qBrb2fkDU_seg_085.wav,H6qBrb2fkDU,spasmodic_dysphonia,train
H6qBrb2fkDU_seg_086.wav,data/processed/train_set/spasmodic_dysphonia/H6qBrb2fkDU_seg_086.wav,H6qBrb2fkDU,spasmodic_dysphonia,train
H6qBrb2fkDU_seg_087.wav,data/processed/train_set/spasmodic_dysphonia/H6qBrb2fkDU_seg_087.wav,H6qBrb2fkDU,spasmodic_dysphonia,train
H6qBrb2fkDU_seg_088.wav,data/processed/train_set/spasmodic_dysphonia/H6qBrb2fkDU_seg_088.wav,H6qBrb2fkDU,spasmodic_dysphonia,train
H6qBrb2fkDU_seg_089.wav,data/processed/train_set/spasmodic_dysphonia/H6qBrb2fkDU_seg_089.wav,H6qBrb2fkDU,spasmodic_dysphonia,train
H6qBrb2fkDU_seg_090.wav,data/processed/train_set/spasmodic_dysphonia/H6qBrb2fkDU_seg_090.wav,H6qBrb2fkDU,spasmodic_dysphonia,train
H6qBrb2fkDU_seg_091.wav,data/processed/train_set/spasmodic_dysphonia/H6qBrb2fkDU_seg_091.wav,H6qBrb2fkDU,spasmodic_dysphonia,train
H6qBrb2fkDU_seg_092.wav,data/processed/train_set/spasmodic_dysphonia/H6qBrb2fkDU_seg_092.wav,H6qBrb2fkDU,spasmodic_dysphonia,train
Hpbo6QD01_I_seg_000.wav,data/processed/train_set/spasmodic_dysphonia/Hpbo6QD01_I_seg_000.wav,Hpbo6QD01_I,spasmodic_dysphonia,train
Hpbo6QD01_I_seg_001.wav,data/processed/train_set/spasmodic_dysphonia/Hpbo6QD01_I_seg_001.wav,Hpbo6QD01_I,spasmodic_dysphonia,train
Hpbo6QD01_I_seg_002.wav,data/processed/train_set/spasmodic_dysphonia/Hpbo6QD01_I_seg_002.wav,Hpbo6QD01_I,spasmodic_dysphonia,train
Hpbo6QD01_I_seg_003.wav,data/processed/train_set/spasmodic_dysphonia/Hpbo6QD01_I_seg_003.wav,Hpbo6QD01_I,spasmodic_dysphonia,train
Hpbo6QD01_I_seg_004.wav,data/processed/train_set/spasmodic_dysphonia/Hpbo6QD01_I_seg_004.wav,Hpbo6QD01_I,spasmodic_dysphonia,train
Hpbo6QD01_I_seg_005.wav,data/processed/train_set/spasmodic_dysphonia/Hpbo6QD01_I_seg_005.wav,Hpbo6QD01_I,spasmodic_dysphonia,train
Hpbo6QD01_I_seg_006.wav,data/processed/train_set/spasmodic_dysphonia/Hpbo6QD01_I_seg_006.wav,Hpbo6QD01_I,spasmodic_dysphonia,train
Hpbo6QD01_I_seg_007.wav,data/processed/train_set/spasmodic_dysphonia/Hpbo6QD01_I_seg_007.wav,Hpbo6QD01_I,spasmodic_dysphonia,train
Hpbo6QD01_I_seg_008.wav,data/processed/train_set/spasmodic_dysphonia/Hpbo6QD01_I_seg_008.wav,Hpbo6QD01_I,spasmodic_dysphonia,train
Hpbo6QD01_I_seg_009.wav,data/processed/train_set/spasmodic_dysphonia/Hpbo6QD01_I_seg_009.wav,Hpbo6QD01_I,spasmodic_dysphonia,train
Hpbo6QD01_I_seg_010.wav,data/processed/train_set/spasmodic_dysphonia/Hpbo6QD01_I_seg_010.wav,Hpbo6QD01_I,spasmodic_dysphonia,train
Hpbo6QD01_I_seg_011.wav,data/processed/train_set/spasmodic_dysphonia/Hpbo6QD01_I_seg_011.wav,Hpbo6QD01_I,spasmodic_dysphonia,train
Hpbo6QD01_I_seg_012.wav,data/processed/train_set/spasmodic_dysphonia/Hpbo6QD01_I_seg_012.wav,Hpbo6QD01_I,spasmodic_dysphonia,train
Hpbo6QD01_I_seg_013.wav,data/processed/train_set/spasmodic_dysphonia/Hpbo6QD01_I_seg_013.wav,Hpbo6QD01_I,spasmodic_dysphonia,train
Hpbo6QD01_I_seg_014.wav,data/processed/train_set/spasmodic_dysphonia/Hpbo6QD01_I_seg_014.wav,Hpbo6QD01_I,spasmodic_dysphonia,train
Hpbo6QD01_I_seg_015.wav,data/processed/train_set/spasmodic_dysphonia/Hpbo6QD01_I_seg_015.wav,Hpbo6QD01_I,spasmodic_dysphonia,train
Hpbo6QD01_I_seg_016.wav,data/processed/train_set/spasmodic_dysphonia/Hpbo6QD01_I_seg_016.wav,Hpbo6QD01_I,spasmodic_dysphonia,train
Hpbo6QD01_I_seg_017.wav,data/processed/train_set/spasmodic_dysphonia/Hpbo6QD01_I_seg_017.wav,Hpbo6QD01_I,spasmodic_dysphonia,train
Hpbo6QD01_I_seg_018.wav,data/processed/train_set/spasmodic_dysphonia/Hpbo6QD01_I_seg_018.wav,Hpbo6QD01_I,spasmodic_dysphonia,train
Hpbo6QD01_I_seg_019.wav,data/processed/train_set/spasmodic_dysphonia/Hpbo6QD01_I_seg_019.wav,Hpbo6QD01_I,spasmodic_dysphonia,train
Hpbo6QD01_I_seg_020.wav,data/processed/train_set/spasmodic_dysphonia/Hpbo6QD01_I_seg_020.wav,Hpbo6QD01_I,spasmodic_dysphonia,train
Hpbo6QD01_I_seg_021.wav,data/processed/train_set/spasmodic_dysphonia/Hpbo6QD01_I_seg_021.wav,Hpbo6QD01_I,spasmodic_dysphonia,train
Hpbo6QD01_I_seg_022.wav,data/processed/train_set/spasmodic_dysphonia/Hpbo6QD01_I_seg_022.wav,Hpbo6QD01_I,spasmodic_dysphonia,train
Hpbo6QD01_I_seg_023.wav,data/processed/train_set/spasmodic_dysphonia/Hpbo6QD01_I_seg_023.wav,Hpbo6QD01_I,spasmodic_dysphonia,train
Hpbo6QD01_I_seg_024.wav,data/processed/train_set/spasmodic_dysphonia/Hpbo6QD01_I_seg_024.wav,Hpbo6QD01_I,spasmodic_dysphonia,train
Hpbo6QD01_I_seg_025.wav,data/processed/train_set/spasmodic_dysphonia/Hpbo6QD01_I_seg_025.wav,Hpbo6QD01_I,spasmodic_dysphonia,train
Hpbo6QD01_I_seg_026.wav,data/processed/train_set/spasmodic_dysphonia/Hpbo6QD01_I_seg_026.wav,Hpbo6QD01_I,spasmodic_dysphonia,train
Hpbo6QD01_I_seg_027.wav,data/processed/train_set/spasmodic_dysphonia/Hpbo6QD01_I_seg_027.wav,Hpbo6QD01_I,spasmodic_dysphonia,train
Hpbo6QD01_I_seg_028.wav,data/processed/train_set/spasmodic_dysphonia/Hpbo6QD01_I_seg_028.wav,Hpbo6QD01_I,spasmodic_dysphonia,train
Hpbo6QD01_I_seg_029.wav,data/processed/train_set/spasmodic_dysphonia/Hpbo6QD01_I_seg_029.wav,Hpbo6QD01_I,spasmodic_dysphonia,train
Hpbo6QD01_I_seg_030.wav,data/processed/train_set/spasmodic_dysphonia/Hpbo6QD01_I_seg_030.wav,Hpbo6QD01_I,spasmodic_dysphonia,train
Hpbo6QD01_I_seg_031.wav,data/processed/train_set/spasmodic_dysphonia/Hpbo6QD01_I_seg_031.wav,Hpbo6QD01_I,spasmodic_dysphonia,train
Hpbo6QD01_I_seg_032.wav,data/processed/train_set/spasmodic_dysphonia/Hpbo6QD01_I_seg_032.wav,Hpbo6QD01_I,spasmodic_dysphonia,train
Hpbo6QD01_I_seg_033.wav,data/processed/train_set/spasmodic_dysphonia/Hpbo6QD01_I_seg_033.wav,Hpbo6QD01_I,spasmodic_dysphonia,train
Hpbo6QD01_I_seg_034.wav,data/processed/train_set/spasmodic_dysphonia/Hpbo6QD01_I_seg_034.wav,Hpbo6QD01_I,spasmodic_dysphonia,train
Hpbo6QD01_I_seg_035.wav,data/processed/train_set/spasmodic_dysphonia/Hpbo6QD01_I_seg_035.wav,Hpbo6QD01_I,spasmodic_dysphonia,train
Hpbo6QD01_I_seg_036.wav,data/processed/train_set/spasmodic_dysphonia/Hpbo6QD01_I_seg_036.wav,Hpbo6QD01_I,spasmodic_dysphonia,train
Hpbo6QD01_I_seg_037.wav,data/processed/train_set/spasmodic_dysphonia/Hpbo6QD01_I_seg_037.wav,Hpbo6QD01_I,spasmodic_dysphonia,train
Hpbo6QD01_I_seg_038.wav,data/processed/train_set/spasmodic_dysphonia/Hpbo6QD01_I_seg_038.wav,Hpbo6QD01_I,spasmodic_dysphonia,train
Hpbo6QD01_I_seg_039.wav,data/processed/train_set/spasmodic_dysphonia/Hpbo6QD01_I_seg_039.wav,Hpbo6QD01_I,spasmodic_dysphonia,train
Hpbo6QD01_I_seg_040.wav,data/processed/train_set/spasmodic_dysphonia/Hpbo6QD01_I_seg_040.wav,Hpbo6QD01_I,spasmodic_dysphonia,train
Hpbo6QD01_I_seg_041.wav,data/processed/train_set/spasmodic_dysphonia/Hpbo6QD01_I_seg_041.wav,Hpbo6QD01_I,spasmodic_dysphonia,train
Hpbo6QD01_I_seg_042.wav,data/processed/train_set/spasmodic_dysphonia/Hpbo6QD01_I_seg_042.wav,Hpbo6QD01_I,spasmodic_dysphonia,train
Hpbo6QD01_I_seg_043.wav,data/processed/train_set/spasmodic_dysphonia/Hpbo6QD01_I_seg_043.wav,Hpbo6QD01_I,spasmodic_dysphonia,train
Hpbo6QD01_I_seg_044.wav,data/processed/train_set/spasmodic_dysphonia/Hpbo6QD01_I_seg_044.wav,Hpbo6QD01_I,spasmodic_dysphonia,train
Hpbo6QD01_I_seg_045.wav,data/processed/train_set/spasmodic_dysphonia/Hpbo6QD01_I_seg_045.wav,Hpbo6QD01_I,spasmodic_dysphonia,train
Hpbo6QD01_I_seg_046.wav,data/processed/train_set/spasmodic_dysphonia/Hpbo6QD01_I_seg_046.wav,Hpbo6QD01_I,spasmodic_dysphonia,train
Hpbo6QD01_I_seg_047.wav,data/processed/train_set/spasmodic_dysphonia/Hpbo6QD01_I_seg_047.wav,Hpbo6QD01_I,spasmodic_dysphonia,train
Hpbo6QD01_I_seg_048.wav,data/processed/train_set/spasmodic_dysphonia/Hpbo6QD01_I_seg_048.wav,Hpbo6QD01_I,spasmodic_dysphonia,train
Hpbo6QD01_I_seg_049.wav,data/processed/train_set/spasmodic_dysphonia/Hpbo6QD01_I_seg_049.wav,Hpbo6QD01_I,spasmodic_dysphonia,train
Hpbo6QD01_I_seg_050.wav,data/processed/train_set/spasmodic_dysphonia/Hpbo6QD01_I_seg_050.wav,Hpbo6QD01_I,spasmodic_dysphonia,train
Hpbo6QD01_I_seg_051.wav,data/processed/train_set/spasmodic_dysphonia/Hpbo6QD01_I_seg_051.wav,Hpbo6QD01_I,spasmodic_dysphonia,train
Hpbo6QD01_I_seg_052.wav,data/processed/train_set/spasmodic_dysphonia/Hpbo6QD01_I_seg_052.wav,Hpbo6QD01_I,spasmodic_dysphonia,train
Hpbo6QD01_I_seg_053.wav,data/processed/train_set/spasmodic_dysphonia/Hpbo6QD01_I_seg_053.wav,Hpbo6QD01_I,spasmodic_dysphonia,train
Hpbo6QD01_I_seg_054.wav,data/processed/train_set/spasmodic_dysphonia/Hpbo6QD01_I_seg_054.wav,Hpbo6QD01_I,spasmodic_dysphonia,train
Hpbo6QD01_I_seg_055.wav,data/processed/train_set/spasmodic_dysphonia/Hpbo6QD01_I_seg_055.wav,Hpbo6QD01_I,spasmodic_dysphonia,train
Hpbo6QD01_I_seg_056.wav,data/processed/train_set/spasmodic_dysphonia/Hpbo6QD01_I_seg_056.wav,Hpbo6QD01_I,spasmodic_dysphonia,train
Hpbo6QD01_I_seg_057.wav,data/processed/train_set/spasmodic_dysphonia/Hpbo6QD01_I_seg_057.wav,Hpbo6QD01_I,spasmodic_dysphonia,train
Hpbo6QD01_I_seg_058.wav,data/processed/train_set/spasmodic_dysphonia/Hpbo6QD01_I_seg_058.wav,Hpbo6QD01_I,spasmodic_dysphonia,train
Hpbo6QD01_I_seg_059.wav,data/processed/train_set/spasmodic_dysphonia/Hpbo6QD01_I_seg_059.wav,Hpbo6QD01_I,spasmodic_dysphonia,train
Hpbo6QD01_I_seg_060.wav,data/processed/train_set/spasmodic_dysphonia/Hpbo6QD01_I_seg_060.wav,Hpbo6QD01_I,spasmodic_dysphonia,train
Hpbo6QD01_I_seg_061.wav,data/processed/train_set/spasmodic_dysphonia/Hpbo6QD01_I_seg_061.wav,Hpbo6QD01_I,spasmodic_dysphonia,train
Hpbo6QD01_I_seg_062.wav,data/processed/train_set/spasmodic_dysphonia/Hpbo6QD01_I_seg_062.wav,Hpbo6QD01_I,spasmodic_dysphonia,train
Hpbo6QD01_I_seg_063.wav,data/processed/train_set/spasmodic_dysphonia/Hpbo6QD01_I_seg_063.wav,Hpbo6QD01_I,spasmodic_dysphonia,train
Hpbo6QD01_I_seg_064.wav,data/processed/train_set/spasmodic_dysphonia/Hpbo6QD01_I_seg_064.wav,Hpbo6QD01_I,spasmodic_dysphonia,train
Hpbo6QD01_I_seg_065.wav,data/processed/train_set/spasmodic_dysphonia/Hpbo6QD01_I_seg_065.wav,Hpbo6QD01_I,spasmodic_dysphonia,train
Hpbo6QD01_I_seg_066.wav,data/processed/train_set/spasmodic_dysphonia/Hpbo6QD01_I_seg_066.wav,Hpbo6QD01_I,spasmodic_dysphonia,train
Hpbo6QD01_I_seg_067.wav,data/processed/train_set/spasmodic_dysphonia/Hpbo6QD01_I_seg_067.wav,Hpbo6QD01_I,spasmodic_dysphonia,train
Hpbo6QD01_I_seg_068.wav,data/processed/train_set/spasmodic_dysphonia/Hpbo6QD01_I_seg_068.wav,Hpbo6QD01_I,spasmodic_dysphonia,train
Hpbo6QD01_I_seg_069.wav,data/processed/train_set/spasmodic_dysphonia/Hpbo6QD01_I_seg_069.wav,Hpbo6QD01_I,spasmodic_dysphonia,train
Hpbo6QD01_I_seg_070.wav,data/processed/train_set/spasmodic_dysphonia/Hpbo6QD01_I_seg_070.wav,Hpbo6QD01_I,spasmodic_dysphonia,train
Hpbo6QD01_I_seg_071.wav,data/processed/train_set/spasmodic_dysphonia/Hpbo6QD01_I_seg_071.wav,Hpbo6QD01_I,spasmodic_dysphonia,train
Hpbo6QD01_I_seg_072.wav,data/processed/train_set/spasmodic_dysphonia/Hpbo6QD01_I_seg_072.wav,Hpbo6QD01_I,spasmodic_dysphonia,train
Hpbo6QD01_I_seg_073.wav,data/processed/train_set/spasmodic_dysphonia/Hpbo6QD01_I_seg_073.wav,Hpbo6QD01_I,spasmodic_dysphonia,train
Hpbo6QD01_I_seg_074.wav,data/processed/train_set/spasmodic_dysphonia/Hpbo6QD01_I_seg_074.wav,Hpbo6QD01_I,spasmodic_dysphonia,train
Hpbo6QD01_I_seg_075.wav,data/processed/train_set/spasmodic_dysphonia/Hpbo6QD01_I_seg_075.wav,Hpbo6QD01_I,spasmodic_dysphonia,train
Hpbo6QD01_I_seg_076.wav,data/processed/train_set/spasmodic_dysphonia/Hpbo6QD01_I_seg_076.wav,Hpbo6QD01_I,spasmodic_dysphonia,train
Hpbo6QD01_I_seg_077.wav,data/processed/train_set/spasmodic_dysphonia/Hpbo6QD01_I_seg_077.wav,Hpbo6QD01_I,spasmodic_dysphonia,train
Hpbo6QD01_I_seg_078.wav,data/processed/train_set/spasmodic_dysphonia/Hpbo6QD01_I_seg_078.wav,Hpbo6QD01_I,spasmodic_dysphonia,train
Hpbo6QD01_I_seg_079.wav,data/processed/train_set/spasmodic_dysphonia/Hpbo6QD01_I_seg_079.wav,Hpbo6QD01_I,spasmodic_dysphonia,train
Hpbo6QD01_I_seg_080.wav,data/processed/train_set/spasmodic_dysphonia/Hpbo6QD01_I_seg_080.wav,Hpbo6QD01_I,spasmodic_dysphonia,train
Hpbo6QD01_I_seg_081.wav,data/processed/train_set/spasmodic_dysphonia/Hpbo6QD01_I_seg_081.wav,Hpbo6QD01_I,spasmodic_dysphonia,train
Hpbo6QD01_I_seg_082.wav,data/processed/train_set/spasmodic_dysphonia/Hpbo6QD01_I_seg_082.wav,Hpbo6QD01_I,spasmodic_dysphonia,train
Hpbo6QD01_I_seg_083.wav,data/processed/train_set/spasmodic_dysphonia/Hpbo6QD01_I_seg_083.wav,Hpbo6QD01_I,spasmodic_dysphonia,train
Hpbo6QD01_I_seg_084.wav,data/processed/train_set/spasmodic_dysphonia/Hpbo6QD01_I_seg_084.wav,Hpbo6QD01_I,spasmodic_dysphonia,train
Hpbo6QD01_I_seg_085.wav,data/processed/train_set/spasmodic_dysphonia/Hpbo6QD01_I_seg_085.wav,Hpbo6QD01_I,spasmodic_dysphonia,train
Hpbo6QD01_I_seg_086.wav,data/processed/train_set/spasmodic_dysphonia/Hpbo6QD01_I_seg_086.wav,Hpbo6QD01_I,spasmodic_dysphonia,train
Hpbo6QD01_I_seg_087.wav,data/processed/train_set/spasmodic_dysphonia/Hpbo6QD01_I_seg_087.wav,Hpbo6QD01_I,spasmodic_dysphonia,train
Hpbo6QD01_I_seg_088.wav,data/processed/train_set/spasmodic_dysphonia/Hpbo6QD01_I_seg_088.wav,Hpbo6QD01_I,spasmodic_dysphonia,train
Hpbo6QD01_I_seg_089.wav,data/processed/train_set/spasmodic_dysphonia/Hpbo6QD01_I_seg_089.wav,Hpbo6QD01_I,spasmodic_dysphonia,train
Hpbo6QD01_I_seg_090.wav,data/processed/train_set/spasmodic_dysphonia/Hpbo6QD01_I_seg_090.wav,Hpbo6QD01_I,spasmodic_dysphonia,train
Hpbo6QD01_I_seg_091.wav,data/processed/train_set/spasmodic_dysphonia/Hpbo6QD01_I_seg_091.wav,Hpbo6QD01_I,spasmodic_dysphonia,train
Hpbo6QD01_I_seg_092.wav,data/processed/train_set/spasmodic_dysphonia/Hpbo6QD01_I_seg_092.wav,Hpbo6QD01_I,spasmodic_dysphonia,train
Hpbo6QD01_I_seg_093.wav,data/processed/train_set/spasmodic_dysphonia/Hpbo6QD01_I_seg_093.wav,Hpbo6QD01_I,spasmodic_dysphonia,train
Hpbo6QD01_I_seg_094.wav,data/processed/train_set/spasmodic_dysphonia/Hpbo6QD01_I_seg_094.wav,Hpbo6QD01_I,spasmodic_dysphonia,train
Hpbo6QD01_I_seg_095.wav,data/processed/train_set/spasmodic_dysphonia/Hpbo6QD01_I_seg_095.wav,Hpbo6QD01_I,spasmodic_dysphonia,train
Hpbo6QD01_I_seg_096.wav,data/processed/train_set/spasmodic_dysphonia/Hpbo6QD01_I_seg_096.wav,Hpbo6QD01_I,spasmodic_dysphonia,train
Hpbo6QD01_I_seg_097.wav,data/processed/train_set/spasmodic_dysphonia/Hpbo6QD01_I_seg_097.wav,Hpbo6QD01_I,spasmodic_dysphonia,train
Hpbo6QD01_I_seg_098.wav,data/processed/train_set/spasmodic_dysphonia/Hpbo6QD01_I_seg_098.wav,Hpbo6QD01_I,spasmodic_dysphonia,train
Hpbo6QD01_I_seg_099.wav,data/processed/train_set/spasmodic_dysphonia/Hpbo6QD01_I_seg_099.wav,Hpbo6QD01_I,spasmodic_dysphonia,train
Hpbo6QD01_I_seg_100.wav,data/processed/train_set/spasmodic_dysphonia/Hpbo6QD01_I_seg_100.wav,Hpbo6QD01_I,spasmodic_dysphonia,train
Hpbo6QD01_I_seg_101.wav,data/processed/train_set/spasmodic_dysphonia/Hpbo6QD01_I_seg_101.wav,Hpbo6QD01_I,spasmodic_dysphonia,train
Hpbo6QD01_I_seg_102.wav,data/processed/train_set/spasmodic_dysphonia/Hpbo6QD01_I_seg_102.wav,Hpbo6QD01_I,spasmodic_dysphonia,train
Hpbo6QD01_I_seg_103.wav,data/processed/train_set/spasmodic_dysphonia/Hpbo6QD01_I_seg_103.wav,Hpbo6QD01_I,spasmodic_dysphonia,train
Hpbo6QD01_I_seg_104.wav,data/processed/train_set/spasmodic_dysphonia/Hpbo6QD01_I_seg_104.wav,Hpbo6QD01_I,spasmodic_dysphonia,train
Hpbo6QD01_I_seg_105.wav,data/processed/train_set/spasmodic_dysphonia/Hpbo6QD01_I_seg_105.wav,Hpbo6QD01_I,spasmodic_dysphonia,train
Hpbo6QD01_I_seg_106.wav,data/processed/train_set/spasmodic_dysphonia/Hpbo6QD01_I_seg_106.wav,Hpbo6QD01_I,spasmodic_dysphonia,train
Hpbo6QD01_I_seg_107.wav,data/processed/train_set/spasmodic_dysphonia/Hpbo6QD01_I_seg_107.wav,Hpbo6QD01_I,spasmodic_dysphonia,train
Hpbo6QD01_I_seg_108.wav,data/processed/train_set/spasmodic_dysphonia/Hpbo6QD01_I_seg_108.wav,Hpbo6QD01_I,spasmodic_dysphonia,train
Hpbo6QD01_I_seg_109.wav,data/processed/train_set/spasmodic_dysphonia/Hpbo6QD01_I_seg_109.wav,Hpbo6QD01_I,spasmodic_dysphonia,train
Hpbo6QD01_I_seg_110.wav,data/processed/train_set/spasmodic_dysphonia/Hpbo6QD01_I_seg_110.wav,Hpbo6QD01_I,spasmodic_dysphonia,train
Hpbo6QD01_I_seg_111.wav,data/processed/train_set/spasmodic_dysphonia/Hpbo6QD01_I_seg_111.wav,Hpbo6QD01_I,spasmodic_dysphonia,train
Hpbo6QD01_I_seg_112.wav,data/processed/train_set/spasmodic_dysphonia/Hpbo6QD01_I_seg_112.wav,Hpbo6QD01_I,spasmodic_dysphonia,train
Hpbo6QD01_I_seg_113.wav,data/processed/train_set/spasmodic_dysphonia/Hpbo6QD01_I_seg_113.wav,Hpbo6QD01_I,spasmodic_dysphonia,train
Hpbo6QD01_I_seg_114.wav,data/processed/train_set/spasmodic_dysphonia/Hpbo6QD01_I_seg_114.wav,Hpbo6QD01_I,spasmodic_dysphonia,train
Hpbo6QD01_I_seg_115.wav,data/processed/train_set/spasmodic_dysphonia/Hpbo6QD01_I_seg_115.wav,Hpbo6QD01_I,spasmodic_dysphonia,train
Hpbo6QD01_I_seg_116.wav,data/processed/train_set/spasmodic_dysphonia/Hpbo6QD01_I_seg_116.wav,Hpbo6QD01_I,spasmodic_dysphonia,train
Hpbo6QD01_I_seg_117.wav,data/processed/train_set/spasmodic_dysphonia/Hpbo6QD01_I_seg_117.wav,Hpbo6QD01_I,spasmodic_dysphonia,train
Hpbo6QD01_I_seg_118.wav,data/processed/train_set/spasmodic_dysphonia/Hpbo6QD01_I_seg_118.wav,Hpbo6QD01_I,spasmodic_dysphonia,train
Hpbo6QD01_I_seg_119.wav,data/processed/train_set/spasmodic_dysphonia/Hpbo6QD01_I_seg_119.wav,Hpbo6QD01_I,spasmodic_dysphonia,train
Hpbo6QD01_I_seg_120.wav,data/processed/train_set/spasmodic_dysphonia/Hpbo6QD01_I_seg_120.wav,Hpbo6QD01_I,spasmodic_dysphonia,train
Hpbo6QD01_I_seg_121.wav,data/processed/train_set/spasmodic_dysphonia/Hpbo6QD01_I_seg_121.wav,Hpbo6QD01_I,spasmodic_dysphonia,train
Hpbo6QD01_I_seg_122.wav,data/processed/train_set/spasmodic_dysphonia/Hpbo6QD01_I_seg_122.wav,Hpbo6QD01_I,spasmodic_dysphonia,train
Hpbo6QD01_I_seg_123.wav,data/processed/train_set/spasmodic_dysphonia/Hpbo6QD01_I_seg_123.wav,Hpbo6QD01_I,spasmodic_dysphonia,train
Hpbo6QD01_I_seg_124.wav,data/processed/train_set/spasmodic_dysphonia/Hpbo6QD01_I_seg_124.wav,Hpbo6QD01_I,spasmodic_dysphonia,train
Hpbo6QD01_I_seg_125.wav,data/processed/train_set/spasmodic_dysphonia/Hpbo6QD01_I_seg_125.wav,Hpbo6QD01_I,spasmodic_dysphonia,train
Hpbo6QD01_I_seg_126.wav,data/processed/train_set/spasmodic_dysphonia/Hpbo6QD01_I_seg_126.wav,Hpbo6QD01_I,spasmodic_dysphonia,train
Hpbo6QD01_I_seg_127.wav,data/processed/train_set/spasmodic_dysphonia/Hpbo6QD01_I_seg_127.wav,Hpbo6QD01_I,spasmodic_dysphonia,train
Hpbo6QD01_I_seg_128.wav,data/processed/train_set/spasmodic_dysphonia/Hpbo6QD01_I_seg_128.wav,Hpbo6QD01_I,spasmodic_dysphonia,train
Hpbo6QD01_I_seg_129.wav,data/processed/train_set/spasmodic_dysphonia/Hpbo6QD01_I_seg_129.wav,Hpbo6QD01_I,spasmodic_dysphonia,train
Hpbo6QD01_I_seg_130.wav,data/processed/train_set/spasmodic_dysphonia/Hpbo6QD01_I_seg_130.wav,Hpbo6QD01_I,spasmodic_dysphonia,train
Hpbo6QD01_I_seg_131.wav,data/processed/train_set/spasmodic_dysphonia/Hpbo6QD01_I_seg_131.wav,Hpbo6QD01_I,spasmodic_dysphonia,train
HzThFtf2At4_seg_000.wav,data/processed/train_set/spasmodic_dysphonia/HzThFtf2At4_seg_000.wav,HzThFtf2At4,spasmodic_dysphonia,train
HzThFtf2At4_seg_001.wav,data/processed/train_set/spasmodic_dysphonia/HzThFtf2At4_seg_001.wav,HzThFtf2At4,spasmodic_dysphonia,train
HzThFtf2At4_seg_002.wav,data/processed/train_set/spasmodic_dysphonia/HzThFtf2At4_seg_002.wav,HzThFtf2At4,spasmodic_dysphonia,train
HzThFtf2At4_seg_003.wav,data/processed/train_set/spasmodic_dysphonia/HzThFtf2At4_seg_003.wav,HzThFtf2At4,spasmodic_dysphonia,train
HzThFtf2At4_seg_004.wav,data/processed/train_set/spasmodic_dysphonia/HzThFtf2At4_seg_004.wav,HzThFtf2At4,spasmodic_dysphonia,train
HzThFtf2At4_seg_005.wav,data/processed/train_set/spasmodic_dysphonia/HzThFtf2At4_seg_005.wav,HzThFtf2At4,spasmodic_dysphonia,train
HzThFtf2At4_seg_006.wav,data/processed/train_set/spasmodic_dysphonia/HzThFtf2At4_seg_006.wav,HzThFtf2At4,spasmodic_dysphonia,train
HzThFtf2At4_seg_007.wav,data/processed/train_set/spasmodic_dysphonia/HzThFtf2At4_seg_007.wav,HzThFtf2At4,spasmodic_dysphonia,train
HzThFtf2At4_seg_008.wav,data/processed/train_set/spasmodic_dysphonia/HzThFtf2At4_seg_008.wav,HzThFtf2At4,spasmodic_dysphonia,train
HzThFtf2At4_seg_009.wav,data/processed/train_set/spasmodic_dysphonia/HzThFtf2At4_seg_009.wav,HzThFtf2At4,spasmodic_dysphonia,train
HzThFtf2At4_seg_010.wav,data/processed/train_set/spasmodic_dysphonia/HzThFtf2At4_seg_010.wav,HzThFtf2At4,spasmodic_dysphonia,train
HzThFtf2At4_seg_011.wav,data/processed/train_set/spasmodic_dysphonia/HzThFtf2At4_seg_011.wav,HzThFtf2At4,spasmodic_dysphonia,train
HzThFtf2At4_seg_012.wav,data/processed/train_set/spasmodic_dysphonia/HzThFtf2At4_seg_012.wav,HzThFtf2At4,spasmodic_dysphonia,train
HzThFtf2At4_seg_013.wav,data/processed/train_set/spasmodic_dysphonia/HzThFtf2At4_seg_013.wav,HzThFtf2At4,spasmodic_dysphonia,train
HzThFtf2At4_seg_014.wav,data/processed/train_set/spasmodic_dysphonia/HzThFtf2At4_seg_014.wav,HzThFtf2At4,spasmodic_dysphonia,train
HzThFtf2At4_seg_015.wav,data/processed/train_set/spasmodic_dysphonia/HzThFtf2At4_seg_015.wav,HzThFtf2At4,spasmodic_dysphonia,train
HzThFtf2At4_seg_016.wav,data/processed/train_set/spasmodic_dysphonia/HzThFtf2At4_seg_016.wav,HzThFtf2At4,spasmodic_dysphonia,train
HzThFtf2At4_seg_017.wav,data/processed/train_set/spasmodic_dysphonia/HzThFtf2At4_seg_017.wav,HzThFtf2At4,spasmodic_dysphonia,train
HzThFtf2At4_seg_018.wav,data/processed/train_set/spasmodic_dysphonia/HzThFtf2At4_seg_018.wav,HzThFtf2At4,spasmodic_dysphonia,train
IBwFTEmk1Sw_seg_000.wav,data/processed/train_set/spasmodic_dysphonia/IBwFTEmk1Sw_seg_000.wav,IBwFTEmk1Sw,spasmodic_dysphonia,train
IBwFTEmk1Sw_seg_001.wav,data/processed/train_set/spasmodic_dysphonia/IBwFTEmk1Sw_seg_001.wav,IBwFTEmk1Sw,spasmodic_dysphonia,train
IBwFTEmk1Sw_seg_002.wav,data/processed/train_set/spasmodic_dysphonia/IBwFTEmk1Sw_seg_002.wav,IBwFTEmk1Sw,spasmodic_dysphonia,train
IBwFTEmk1Sw_seg_003.wav,data/processed/train_set/spasmodic_dysphonia/IBwFTEmk1Sw_seg_003.wav,IBwFTEmk1Sw,spasmodic_dysphonia,train
IBwFTEmk1Sw_seg_004.wav,data/processed/train_set/spasmodic_dysphonia/IBwFTEmk1Sw_seg_004.wav,IBwFTEmk1Sw,spasmodic_dysphonia,train
IBwFTEmk1Sw_seg_005.wav,data/processed/train_set/spasmodic_dysphonia/IBwFTEmk1Sw_seg_005.wav,IBwFTEmk1Sw,spasmodic_dysphonia,train
IBwFTEmk1Sw_seg_006.wav,data/processed/train_set/spasmodic_dysphonia/IBwFTEmk1Sw_seg_006.wav,IBwFTEmk1Sw,spasmodic_dysphonia,train
IBwFTEmk1Sw_seg_007.wav,data/processed/train_set/spasmodic_dysphonia/IBwFTEmk1Sw_seg_007.wav,IBwFTEmk1Sw,spasmodic_dysphonia,train
IBwFTEmk1Sw_seg_008.wav,data/processed/train_set/spasmodic_dysphonia/IBwFTEmk1Sw_seg_008.wav,IBwFTEmk1Sw,spasmodic_dysphonia,train
IBwFTEmk1Sw_seg_009.wav,data/processed/train_set/spasmodic_dysphonia/IBwFTEmk1Sw_seg_009.wav,IBwFTEmk1Sw,spasmodic_dysphonia,train
IBwFTEmk1Sw_seg_010.wav,data/processed/train_set/spasmodic_dysphonia/IBwFTEmk1Sw_seg_010.wav,IBwFTEmk1Sw,spasmodic_dysphonia,train
IBwFTEmk1Sw_seg_011.wav,data/processed/train_set/spasmodic_dysphonia/IBwFTEmk1Sw_seg_011.wav,IBwFTEmk1Sw,spasmodic_dysphonia,train
IBwFTEmk1Sw_seg_012.wav,data/processed/train_set/spasmodic_dysphonia/IBwFTEmk1Sw_seg_012.wav,IBwFTEmk1Sw,spasmodic_dysphonia,train
IBwFTEmk1Sw_seg_013.wav,data/processed/train_set/spasmodic_dysphonia/IBwFTEmk1Sw_seg_013.wav,IBwFTEmk1Sw,spasmodic_dysphonia,train
IBwFTEmk1Sw_seg_014.wav,data/processed/train_set/spasmodic_dysphonia/IBwFTEmk1Sw_seg_014.wav,IBwFTEmk1Sw,spasmodic_dysphonia,train
IBwFTEmk1Sw_seg_015.wav,data/processed/train_set/spasmodic_dysphonia/IBwFTEmk1Sw_seg_015.wav,IBwFTEmk1Sw,spasmodic_dysphonia,train
IBwFTEmk1Sw_seg_016.wav,data/processed/train_set/spasmodic_dysphonia/IBwFTEmk1Sw_seg_016.wav,IBwFTEmk1Sw,spasmodic_dysphonia,train
IBwFTEmk1Sw_seg_017.wav,data/processed/train_set/spasmodic_dysphonia/IBwFTEmk1Sw_seg_017.wav,IBwFTEmk1Sw,spasmodic_dysphonia,train
IBwFTEmk1Sw_seg_018.wav,data/processed/train_set/spasmodic_dysphonia/IBwFTEmk1Sw_seg_018.wav,IBwFTEmk1Sw,spasmodic_dysphonia,train
IBwFTEmk1Sw_seg_019.wav,data/processed/train_set/spasmodic_dysphonia/IBwFTEmk1Sw_seg_019.wav,IBwFTEmk1Sw,spasmodic_dysphonia,train
IBwFTEmk1Sw_seg_020.wav,data/processed/train_set/spasmodic_dysphonia/IBwFTEmk1Sw_seg_020.wav,IBwFTEmk1Sw,spasmodic_dysphonia,train
IBwFTEmk1Sw_seg_021.wav,data/processed/train_set/spasmodic_dysphonia/IBwFTEmk1Sw_seg_021.wav,IBwFTEmk1Sw,spasmodic_dysphonia,train
IBwFTEmk1Sw_seg_022.wav,data/processed/train_set/spasmodic_dysphonia/IBwFTEmk1Sw_seg_022.wav,IBwFTEmk1Sw,spasmodic_dysphonia,train
IBwFTEmk1Sw_seg_023.wav,data/processed/train_set/spasmodic_dysphonia/IBwFTEmk1Sw_seg_023.wav,IBwFTEmk1Sw,spasmodic_dysphonia,train
IBwFTEmk1Sw_seg_024.wav,data/processed/train_set/spasmodic_dysphonia/IBwFTEmk1Sw_seg_024.wav,IBwFTEmk1Sw,spasmodic_dysphonia,train
IBwFTEmk1Sw_seg_025.wav,data/processed/train_set/spasmodic_dysphonia/IBwFTEmk1Sw_seg_025.wav,IBwFTEmk1Sw,spasmodic_dysphonia,train
IBwFTEmk1Sw_seg_026.wav,data/processed/train_set/spasmodic_dysphonia/IBwFTEmk1Sw_seg_026.wav,IBwFTEmk1Sw,spasmodic_dysphonia,train
IBwFTEmk1Sw_seg_027.wav,data/processed/train_set/spasmodic_dysphonia/IBwFTEmk1Sw_seg_027.wav,IBwFTEmk1Sw,spasmodic_dysphonia,train
IBwFTEmk1Sw_seg_028.wav,data/processed/train_set/spasmodic_dysphonia/IBwFTEmk1Sw_seg_028.wav,IBwFTEmk1Sw,spasmodic_dysphonia,train
IBwFTEmk1Sw_seg_029.wav,data/processed/train_set/spasmodic_dysphonia/IBwFTEmk1Sw_seg_029.wav,IBwFTEmk1Sw,spasmodic_dysphonia,train
IBwFTEmk1Sw_seg_030.wav,data/processed/train_set/spasmodic_dysphonia/IBwFTEmk1Sw_seg_030.wav,IBwFTEmk1Sw,spasmodic_dysphonia,train
IBwFTEmk1Sw_seg_031.wav,data/processed/train_set/spasmodic_dysphonia/IBwFTEmk1Sw_seg_031.wav,IBwFTEmk1Sw,spasmodic_dysphonia,train
IBwFTEmk1Sw_seg_032.wav,data/processed/train_set/spasmodic_dysphonia/IBwFTEmk1Sw_seg_032.wav,IBwFTEmk1Sw,spasmodic_dysphonia,train
IBwFTEmk1Sw_seg_033.wav,data/processed/train_set/spasmodic_dysphonia/IBwFTEmk1Sw_seg_033.wav,IBwFTEmk1Sw,spasmodic_dysphonia,train
IBwFTEmk1Sw_seg_034.wav,data/processed/train_set/spasmodic_dysphonia/IBwFTEmk1Sw_seg_034.wav,IBwFTEmk1Sw,spasmodic_dysphonia,train
IBwFTEmk1Sw_seg_035.wav,data/processed/train_set/spasmodic_dysphonia/IBwFTEmk1Sw_seg_035.wav,IBwFTEmk1Sw,spasmodic_dysphonia,train
IBwFTEmk1Sw_seg_036.wav,data/processed/train_set/spasmodic_dysphonia/IBwFTEmk1Sw_seg_036.wav,IBwFTEmk1Sw,spasmodic_dysphonia,train
IBwFTEmk1Sw_seg_037.wav,data/processed/train_set/spasmodic_dysphonia/IBwFTEmk1Sw_seg_037.wav,IBwFTEmk1Sw,spasmodic_dysphonia,train
IBwFTEmk1Sw_seg_038.wav,data/processed/train_set/spasmodic_dysphonia/IBwFTEmk1Sw_seg_038.wav,IBwFTEmk1Sw,spasmodic_dysphonia,train
IBwFTEmk1Sw_seg_039.wav,data/processed/train_set/spasmodic_dysphonia/IBwFTEmk1Sw_seg_039.wav,IBwFTEmk1Sw,spasmodic_dysphonia,train
IBwFTEmk1Sw_seg_040.wav,data/processed/train_set/spasmodic_dysphonia/IBwFTEmk1Sw_seg_040.wav,IBwFTEmk1Sw,spasmodic_dysphonia,train
IBwFTEmk1Sw_seg_041.wav,data/processed/train_set/spasmodic_dysphonia/IBwFTEmk1Sw_seg_041.wav,IBwFTEmk1Sw,spasmodic_dysphonia,train
IBwFTEmk1Sw_seg_042.wav,data/processed/train_set/spasmodic_dysphonia/IBwFTEmk1Sw_seg_042.wav,IBwFTEmk1Sw,spasmodic_dysphonia,train
IBwFTEmk1Sw_seg_043.wav,data/processed/train_set/spasmodic_dysphonia/IBwFTEmk1Sw_seg_043.wav,IBwFTEmk1Sw,spasmodic_dysphonia,train
IBwFTEmk1Sw_seg_044.wav,data/processed/train_set/spasmodic_dysphonia/IBwFTEmk1Sw_seg_044.wav,IBwFTEmk1Sw,spasmodic_dysphonia,train
IBwFTEmk1Sw_seg_045.wav,data/processed/train_set/spasmodic_dysphonia/IBwFTEmk1Sw_seg_045.wav,IBwFTEmk1Sw,spasmodic_dysphonia,train
IBwFTEmk1Sw_seg_046.wav,data/processed/train_set/spasmodic_dysphonia/IBwFTEmk1Sw_seg_046.wav,IBwFTEmk1Sw,spasmodic_dysphonia,train
IBwFTEmk1Sw_seg_047.wav,data/processed/train_set/spasmodic_dysphonia/IBwFTEmk1Sw_seg_047.wav,IBwFTEmk1Sw,spasmodic_dysphonia,train
IBwFTEmk1Sw_seg_048.wav,data/processed/train_set/spasmodic_dysphonia/IBwFTEmk1Sw_seg_048.wav,IBwFTEmk1Sw,spasmodic_dysphonia,train
IBwFTEmk1Sw_seg_049.wav,data/processed/train_set/spasmodic_dysphonia/IBwFTEmk1Sw_seg_049.wav,IBwFTEmk1Sw,spasmodic_dysphonia,train
IBwFTEmk1Sw_seg_050.wav,data/processed/train_set/spasmodic_dysphonia/IBwFTEmk1Sw_seg_050.wav,IBwFTEmk1Sw,spasmodic_dysphonia,train
IBwFTEmk1Sw_seg_051.wav,data/processed/train_set/spasmodic_dysphonia/IBwFTEmk1Sw_seg_051.wav,IBwFTEmk1Sw,spasmodic_dysphonia,train
IBwFTEmk1Sw_seg_052.wav,data/processed/train_set/spasmodic_dysphonia/IBwFTEmk1Sw_seg_052.wav,IBwFTEmk1Sw,spasmodic_dysphonia,train
IBwFTEmk1Sw_seg_053.wav,data/processed/train_set/spasmodic_dysphonia/IBwFTEmk1Sw_seg_053.wav,IBwFTEmk1Sw,spasmodic_dysphonia,train
IBwFTEmk1Sw_seg_054.wav,data/processed/train_set/spasmodic_dysphonia/IBwFTEmk1Sw_seg_054.wav,IBwFTEmk1Sw,spasmodic_dysphonia,train
IBwFTEmk1Sw_seg_055.wav,data/processed/train_set/spasmodic_dysphonia/IBwFTEmk1Sw_seg_055.wav,IBwFTEmk1Sw,spasmodic_dysphonia,train
IBwFTEmk1Sw_seg_056.wav,data/processed/train_set/spasmodic_dysphonia/IBwFTEmk1Sw_seg_056.wav,IBwFTEmk1Sw,spasmodic_dysphonia,train
KCiiYb5sesY_seg_000.wav,data/processed/train_set/spasmodic_dysphonia/KCiiYb5sesY_seg_000.wav,KCiiYb5sesY,spasmodic_dysphonia,train
KCiiYb5sesY_seg_001.wav,data/processed/train_set/spasmodic_dysphonia/KCiiYb5sesY_seg_001.wav,KCiiYb5sesY,spasmodic_dysphonia,train
KCiiYb5sesY_seg_002.wav,data/processed/train_set/spasmodic_dysphonia/KCiiYb5sesY_seg_002.wav,KCiiYb5sesY,spasmodic_dysphonia,train
KCiiYb5sesY_seg_003.wav,data/processed/train_set/spasmodic_dysphonia/KCiiYb5sesY_seg_003.wav,KCiiYb5sesY,spasmodic_dysphonia,train
KCiiYb5sesY_seg_004.wav,data/processed/train_set/spasmodic_dysphonia/KCiiYb5sesY_seg_004.wav,KCiiYb5sesY,spasmodic_dysphonia,train
KCiiYb5sesY_seg_005.wav,data/processed/train_set/spasmodic_dysphonia/KCiiYb5sesY_seg_005.wav,KCiiYb5sesY,spasmodic_dysphonia,train
KCiiYb5sesY_seg_006.wav,data/processed/train_set/spasmodic_dysphonia/KCiiYb5sesY_seg_006.wav,KCiiYb5sesY,spasmodic_dysphonia,train
KCiiYb5sesY_seg_007.wav,data/processed/train_set/spasmodic_dysphonia/KCiiYb5sesY_seg_007.wav,KCiiYb5sesY,spasmodic_dysphonia,train
KCiiYb5sesY_seg_008.wav,data/processed/train_set/spasmodic_dysphonia/KCiiYb5sesY_seg_008.wav,KCiiYb5sesY,spasmodic_dysphonia,train
KCiiYb5sesY_seg_009.wav,data/processed/train_set/spasmodic_dysphonia/KCiiYb5sesY_seg_009.wav,KCiiYb5sesY,spasmodic_dysphonia,train
KCiiYb5sesY_seg_010.wav,data/processed/train_set/spasmodic_dysphonia/KCiiYb5sesY_seg_010.wav,KCiiYb5sesY,spasmodic_dysphonia,train
KCiiYb5sesY_seg_011.wav,data/processed/train_set/spasmodic_dysphonia/KCiiYb5sesY_seg_011.wav,KCiiYb5sesY,spasmodic_dysphonia,train
KCiiYb5sesY_seg_012.wav,data/processed/train_set/spasmodic_dysphonia/KCiiYb5sesY_seg_012.wav,KCiiYb5sesY,spasmodic_dysphonia,train
KCiiYb5sesY_seg_013.wav,data/processed/train_set/spasmodic_dysphonia/KCiiYb5sesY_seg_013.wav,KCiiYb5sesY,spasmodic_dysphonia,train
KCiiYb5sesY_seg_014.wav,data/processed/train_set/spasmodic_dysphonia/KCiiYb5sesY_seg_014.wav,KCiiYb5sesY,spasmodic_dysphonia,train
KCiiYb5sesY_seg_015.wav,data/processed/train_set/spasmodic_dysphonia/KCiiYb5sesY_seg_015.wav,KCiiYb5sesY,spasmodic_dysphonia,train
KCiiYb5sesY_seg_016.wav,data/processed/train_set/spasmodic_dysphonia/KCiiYb5sesY_seg_016.wav,KCiiYb5sesY,spasmodic_dysphonia,train
KCiiYb5sesY_seg_017.wav,data/processed/train_set/spasmodic_dysphonia/KCiiYb5sesY_seg_017.wav,KCiiYb5sesY,spasmodic_dysphonia,train
KCiiYb5sesY_seg_018.wav,data/processed/train_set/spasmodic_dysphonia/KCiiYb5sesY_seg_018.wav,KCiiYb5sesY,spasmodic_dysphonia,train
KCiiYb5sesY_seg_019.wav,data/processed/train_set/spasmodic_dysphonia/KCiiYb5sesY_seg_019.wav,KCiiYb5sesY,spasmodic_dysphonia,train
KCiiYb5sesY_seg_020.wav,data/processed/train_set/spasmodic_dysphonia/KCiiYb5sesY_seg_020.wav,KCiiYb5sesY,spasmodic_dysphonia,train
KCiiYb5sesY_seg_021.wav,data/processed/train_set/spasmodic_dysphonia/KCiiYb5sesY_seg_021.wav,KCiiYb5sesY,spasmodic_dysphonia,train
KCiiYb5sesY_seg_022.wav,data/processed/train_set/spasmodic_dysphonia/KCiiYb5sesY_seg_022.wav,KCiiYb5sesY,spasmodic_dysphonia,train
KCiiYb5sesY_seg_023.wav,data/processed/train_set/spasmodic_dysphonia/KCiiYb5sesY_seg_023.wav,KCiiYb5sesY,spasmodic_dysphonia,train
KCiiYb5sesY_seg_024.wav,data/processed/train_set/spasmodic_dysphonia/KCiiYb5sesY_seg_024.wav,KCiiYb5sesY,spasmodic_dysphonia,train
KCiiYb5sesY_seg_025.wav,data/processed/train_set/spasmodic_dysphonia/KCiiYb5sesY_seg_025.wav,KCiiYb5sesY,spasmodic_dysphonia,train
KCiiYb5sesY_seg_026.wav,data/processed/train_set/spasmodic_dysphonia/KCiiYb5sesY_seg_026.wav,KCiiYb5sesY,spasmodic_dysphonia,train
KCiiYb5sesY_seg_027.wav,data/processed/train_set/spasmodic_dysphonia/KCiiYb5sesY_seg_027.wav,KCiiYb5sesY,spasmodic_dysphonia,train
KCiiYb5sesY_seg_028.wav,data/processed/train_set/spasmodic_dysphonia/KCiiYb5sesY_seg_028.wav,KCiiYb5sesY,spasmodic_dysphonia,train
KCiiYb5sesY_seg_029.wav,data/processed/train_set/spasmodic_dysphonia/KCiiYb5sesY_seg_029.wav,KCiiYb5sesY,spasmodic_dysphonia,train
KCiiYb5sesY_seg_030.wav,data/processed/train_set/spasmodic_dysphonia/KCiiYb5sesY_seg_030.wav,KCiiYb5sesY,spasmodic_dysphonia,train
KCiiYb5sesY_seg_031.wav,data/processed/train_set/spasmodic_dysphonia/KCiiYb5sesY_seg_031.wav,KCiiYb5sesY,spasmodic_dysphonia,train
KCiiYb5sesY_seg_032.wav,data/processed/train_set/spasmodic_dysphonia/KCiiYb5sesY_seg_032.wav,KCiiYb5sesY,spasmodic_dysphonia,train
KCiiYb5sesY_seg_033.wav,data/processed/train_set/spasmodic_dysphonia/KCiiYb5sesY_seg_033.wav,KCiiYb5sesY,spasmodic_dysphonia,train
KCiiYb5sesY_seg_034.wav,data/processed/train_set/spasmodic_dysphonia/KCiiYb5sesY_seg_034.wav,KCiiYb5sesY,spasmodic_dysphonia,train
KCiiYb5sesY_seg_035.wav,data/processed/train_set/spasmodic_dysphonia/KCiiYb5sesY_seg_035.wav,KCiiYb5sesY,spasmodic_dysphonia,train
KCiiYb5sesY_seg_036.wav,data/processed/train_set/spasmodic_dysphonia/KCiiYb5sesY_seg_036.wav,KCiiYb5sesY,spasmodic_dysphonia,train
KCiiYb5sesY_seg_037.wav,data/processed/train_set/spasmodic_dysphonia/KCiiYb5sesY_seg_037.wav,KCiiYb5sesY,spasmodic_dysphonia,train
KCiiYb5sesY_seg_038.wav,data/processed/train_set/spasmodic_dysphonia/KCiiYb5sesY_seg_038.wav,KCiiYb5sesY,spasmodic_dysphonia,train
KCiiYb5sesY_seg_039.wav,data/processed/train_set/spasmodic_dysphonia/KCiiYb5sesY_seg_039.wav,KCiiYb5sesY,spasmodic_dysphonia,train
KCiiYb5sesY_seg_040.wav,data/processed/train_set/spasmodic_dysphonia/KCiiYb5sesY_seg_040.wav,KCiiYb5sesY,spasmodic_dysphonia,train
KCiiYb5sesY_seg_041.wav,data/processed/train_set/spasmodic_dysphonia/KCiiYb5sesY_seg_041.wav,KCiiYb5sesY,spasmodic_dysphonia,train
KCiiYb5sesY_seg_042.wav,data/processed/train_set/spasmodic_dysphonia/KCiiYb5sesY_seg_042.wav,KCiiYb5sesY,spasmodic_dysphonia,train
KCiiYb5sesY_seg_043.wav,data/processed/train_set/spasmodic_dysphonia/KCiiYb5sesY_seg_043.wav,KCiiYb5sesY,spasmodic_dysphonia,train
KCiiYb5sesY_seg_044.wav,data/processed/train_set/spasmodic_dysphonia/KCiiYb5sesY_seg_044.wav,KCiiYb5sesY,spasmodic_dysphonia,train
KCiiYb5sesY_seg_045.wav,data/processed/train_set/spasmodic_dysphonia/KCiiYb5sesY_seg_045.wav,KCiiYb5sesY,spasmodic_dysphonia,train
KCiiYb5sesY_seg_046.wav,data/processed/train_set/spasmodic_dysphonia/KCiiYb5sesY_seg_046.wav,KCiiYb5sesY,spasmodic_dysphonia,train
KCiiYb5sesY_seg_047.wav,data/processed/train_set/spasmodic_dysphonia/KCiiYb5sesY_seg_047.wav,KCiiYb5sesY,spasmodic_dysphonia,train
KCiiYb5sesY_seg_048.wav,data/processed/train_set/spasmodic_dysphonia/KCiiYb5sesY_seg_048.wav,KCiiYb5sesY,spasmodic_dysphonia,train
KCiiYb5sesY_seg_049.wav,data/processed/train_set/spasmodic_dysphonia/KCiiYb5sesY_seg_049.wav,KCiiYb5sesY,spasmodic_dysphonia,train
KCiiYb5sesY_seg_050.wav,data/processed/train_set/spasmodic_dysphonia/KCiiYb5sesY_seg_050.wav,KCiiYb5sesY,spasmodic_dysphonia,train
KCiiYb5sesY_seg_051.wav,data/processed/train_set/spasmodic_dysphonia/KCiiYb5sesY_seg_051.wav,KCiiYb5sesY,spasmodic_dysphonia,train
KCiiYb5sesY_seg_052.wav,data/processed/train_set/spasmodic_dysphonia/KCiiYb5sesY_seg_052.wav,KCiiYb5sesY,spasmodic_dysphonia,train
KCiiYb5sesY_seg_053.wav,data/processed/train_set/spasmodic_dysphonia/KCiiYb5sesY_seg_053.wav,KCiiYb5sesY,spasmodic_dysphonia,train
KCiiYb5sesY_seg_054.wav,data/processed/train_set/spasmodic_dysphonia/KCiiYb5sesY_seg_054.wav,KCiiYb5sesY,spasmodic_dysphonia,train
KCiiYb5sesY_seg_055.wav,data/processed/train_set/spasmodic_dysphonia/KCiiYb5sesY_seg_055.wav,KCiiYb5sesY,spasmodic_dysphonia,train
KCiiYb5sesY_seg_056.wav,data/processed/train_set/spasmodic_dysphonia/KCiiYb5sesY_seg_056.wav,KCiiYb5sesY,spasmodic_dysphonia,train
KCiiYb5sesY_seg_057.wav,data/processed/train_set/spasmodic_dysphonia/KCiiYb5sesY_seg_057.wav,KCiiYb5sesY,spasmodic_dysphonia,train
KCiiYb5sesY_seg_058.wav,data/processed/train_set/spasmodic_dysphonia/KCiiYb5sesY_seg_058.wav,KCiiYb5sesY,spasmodic_dysphonia,train
KCiiYb5sesY_seg_059.wav,data/processed/train_set/spasmodic_dysphonia/KCiiYb5sesY_seg_059.wav,KCiiYb5sesY,spasmodic_dysphonia,train
KCiiYb5sesY_seg_060.wav,data/processed/train_set/spasmodic_dysphonia/KCiiYb5sesY_seg_060.wav,KCiiYb5sesY,spasmodic_dysphonia,train
KCiiYb5sesY_seg_061.wav,data/processed/train_set/spasmodic_dysphonia/KCiiYb5sesY_seg_061.wav,KCiiYb5sesY,spasmodic_dysphonia,train
KCiiYb5sesY_seg_062.wav,data/processed/train_set/spasmodic_dysphonia/KCiiYb5sesY_seg_062.wav,KCiiYb5sesY,spasmodic_dysphonia,train
KCiiYb5sesY_seg_063.wav,data/processed/train_set/spasmodic_dysphonia/KCiiYb5sesY_seg_063.wav,KCiiYb5sesY,spasmodic_dysphonia,train
KCiiYb5sesY_seg_064.wav,data/processed/train_set/spasmodic_dysphonia/KCiiYb5sesY_seg_064.wav,KCiiYb5sesY,spasmodic_dysphonia,train
KCiiYb5sesY_seg_065.wav,data/processed/train_set/spasmodic_dysphonia/KCiiYb5sesY_seg_065.wav,KCiiYb5sesY,spasmodic_dysphonia,train
KCiiYb5sesY_seg_066.wav,data/processed/train_set/spasmodic_dysphonia/KCiiYb5sesY_seg_066.wav,KCiiYb5sesY,spasmodic_dysphonia,train
KCiiYb5sesY_seg_067.wav,data/processed/train_set/spasmodic_dysphonia/KCiiYb5sesY_seg_067.wav,KCiiYb5sesY,spasmodic_dysphonia,train
KCiiYb5sesY_seg_068.wav,data/processed/train_set/spasmodic_dysphonia/KCiiYb5sesY_seg_068.wav,KCiiYb5sesY,spasmodic_dysphonia,train
KCiiYb5sesY_seg_069.wav,data/processed/train_set/spasmodic_dysphonia/KCiiYb5sesY_seg_069.wav,KCiiYb5sesY,spasmodic_dysphonia,train
KCiiYb5sesY_seg_070.wav,data/processed/train_set/spasmodic_dysphonia/KCiiYb5sesY_seg_070.wav,KCiiYb5sesY,spasmodic_dysphonia,train
KCiiYb5sesY_seg_071.wav,data/processed/train_set/spasmodic_dysphonia/KCiiYb5sesY_seg_071.wav,KCiiYb5sesY,spasmodic_dysphonia,train
KCiiYb5sesY_seg_072.wav,data/processed/train_set/spasmodic_dysphonia/KCiiYb5sesY_seg_072.wav,KCiiYb5sesY,spasmodic_dysphonia,train
KCiiYb5sesY_seg_073.wav,data/processed/train_set/spasmodic_dysphonia/KCiiYb5sesY_seg_073.wav,KCiiYb5sesY,spasmodic_dysphonia,train
KCiiYb5sesY_seg_074.wav,data/processed/train_set/spasmodic_dysphonia/KCiiYb5sesY_seg_074.wav,KCiiYb5sesY,spasmodic_dysphonia,train
KCiiYb5sesY_seg_075.wav,data/processed/train_set/spasmodic_dysphonia/KCiiYb5sesY_seg_075.wav,KCiiYb5sesY,spasmodic_dysphonia,train
KCiiYb5sesY_seg_076.wav,data/processed/train_set/spasmodic_dysphonia/KCiiYb5sesY_seg_076.wav,KCiiYb5sesY,spasmodic_dysphonia,train
KCiiYb5sesY_seg_077.wav,data/processed/train_set/spasmodic_dysphonia/KCiiYb5sesY_seg_077.wav,KCiiYb5sesY,spasmodic_dysphonia,train
KCiiYb5sesY_seg_078.wav,data/processed/train_set/spasmodic_dysphonia/KCiiYb5sesY_seg_078.wav,KCiiYb5sesY,spasmodic_dysphonia,train
KCiiYb5sesY_seg_079.wav,data/processed/train_set/spasmodic_dysphonia/KCiiYb5sesY_seg_079.wav,KCiiYb5sesY,spasmodic_dysphonia,train
KCiiYb5sesY_seg_080.wav,data/processed/train_set/spasmodic_dysphonia/KCiiYb5sesY_seg_080.wav,KCiiYb5sesY,spasmodic_dysphonia,train
KCiiYb5sesY_seg_081.wav,data/processed/train_set/spasmodic_dysphonia/KCiiYb5sesY_seg_081.wav,KCiiYb5sesY,spasmodic_dysphonia,train
KCiiYb5sesY_seg_082.wav,data/processed/train_set/spasmodic_dysphonia/KCiiYb5sesY_seg_082.wav,KCiiYb5sesY,spasmodic_dysphonia,train
KCiiYb5sesY_seg_083.wav,data/processed/train_set/spasmodic_dysphonia/KCiiYb5sesY_seg_083.wav,KCiiYb5sesY,spasmodic_dysphonia,train
KCiiYb5sesY_seg_084.wav,data/processed/train_set/spasmodic_dysphonia/KCiiYb5sesY_seg_084.wav,KCiiYb5sesY,spasmodic_dysphonia,train
KCiiYb5sesY_seg_085.wav,data/processed/train_set/spasmodic_dysphonia/KCiiYb5sesY_seg_085.wav,KCiiYb5sesY,spasmodic_dysphonia,train
KCiiYb5sesY_seg_086.wav,data/processed/train_set/spasmodic_dysphonia/KCiiYb5sesY_seg_086.wav,KCiiYb5sesY,spasmodic_dysphonia,train
KCiiYb5sesY_seg_087.wav,data/processed/train_set/spasmodic_dysphonia/KCiiYb5sesY_seg_087.wav,KCiiYb5sesY,spasmodic_dysphonia,train
KCiiYb5sesY_seg_088.wav,data/processed/train_set/spasmodic_dysphonia/KCiiYb5sesY_seg_088.wav,KCiiYb5sesY,spasmodic_dysphonia,train
KCiiYb5sesY_seg_089.wav,data/processed/train_set/spasmodic_dysphonia/KCiiYb5sesY_seg_089.wav,KCiiYb5sesY,spasmodic_dysphonia,train
KCiiYb5sesY_seg_090.wav,data/processed/train_set/spasmodic_dysphonia/KCiiYb5sesY_seg_090.wav,KCiiYb5sesY,spasmodic_dysphonia,train
KCiiYb5sesY_seg_091.wav,data/processed/train_set/spasmodic_dysphonia/KCiiYb5sesY_seg_091.wav,KCiiYb5sesY,spasmodic_dysphonia,train
KCiiYb5sesY_seg_092.wav,data/processed/train_set/spasmodic_dysphonia/KCiiYb5sesY_seg_092.wav,KCiiYb5sesY,spasmodic_dysphonia,train
KCiiYb5sesY_seg_093.wav,data/processed/train_set/spasmodic_dysphonia/KCiiYb5sesY_seg_093.wav,KCiiYb5sesY,spasmodic_dysphonia,train
KCiiYb5sesY_seg_094.wav,data/processed/train_set/spasmodic_dysphonia/KCiiYb5sesY_seg_094.wav,KCiiYb5sesY,spasmodic_dysphonia,train
KCiiYb5sesY_seg_095.wav,data/processed/train_set/spasmodic_dysphonia/KCiiYb5sesY_seg_095.wav,KCiiYb5sesY,spasmodic_dysphonia,train
KCiiYb5sesY_seg_096.wav,data/processed/train_set/spasmodic_dysphonia/KCiiYb5sesY_seg_096.wav,KCiiYb5sesY,spasmodic_dysphonia,train
KCiiYb5sesY_seg_097.wav,data/processed/train_set/spasmodic_dysphonia/KCiiYb5sesY_seg_097.wav,KCiiYb5sesY,spasmodic_dysphonia,train
Kxm-QspPf28_seg_000.wav,data/processed/train_set/spasmodic_dysphonia/Kxm-QspPf28_seg_000.wav,Kxm-QspPf28,spasmodic_dysphonia,train
Kxm-QspPf28_seg_001.wav,data/processed/train_set/spasmodic_dysphonia/Kxm-QspPf28_seg_001.wav,Kxm-QspPf28,spasmodic_dysphonia,train
Kxm-QspPf28_seg_002.wav,data/processed/train_set/spasmodic_dysphonia/Kxm-QspPf28_seg_002.wav,Kxm-QspPf28,spasmodic_dysphonia,train
Kxm-QspPf28_seg_003.wav,data/processed/train_set/spasmodic_dysphonia/Kxm-QspPf28_seg_003.wav,Kxm-QspPf28,spasmodic_dysphonia,train
Kxm-QspPf28_seg_004.wav,data/processed/train_set/spasmodic_dysphonia/Kxm-QspPf28_seg_004.wav,Kxm-QspPf28,spasmodic_dysphonia,train
Kxm-QspPf28_seg_005.wav,data/processed/train_set/spasmodic_dysphonia/Kxm-QspPf28_seg_005.wav,Kxm-QspPf28,spasmodic_dysphonia,train
Kxm-QspPf28_seg_006.wav,data/processed/train_set/spasmodic_dysphonia/Kxm-QspPf28_seg_006.wav,Kxm-QspPf28,spasmodic_dysphonia,train
Kxm-QspPf28_seg_007.wav,data/processed/train_set/spasmodic_dysphonia/Kxm-QspPf28_seg_007.wav,Kxm-QspPf28,spasmodic_dysphonia,train
Kxm-QspPf28_seg_008.wav,data/processed/train_set/spasmodic_dysphonia/Kxm-QspPf28_seg_008.wav,Kxm-QspPf28,spasmodic_dysphonia,train
Kxm-QspPf28_seg_009.wav,data/processed/train_set/spasmodic_dysphonia/Kxm-QspPf28_seg_009.wav,Kxm-QspPf28,spasmodic_dysphonia,train
Kxm-QspPf28_seg_010.wav,data/processed/train_set/spasmodic_dysphonia/Kxm-QspPf28_seg_010.wav,Kxm-QspPf28,spasmodic_dysphonia,train
Kxm-QspPf28_seg_011.wav,data/processed/train_set/spasmodic_dysphonia/Kxm-QspPf28_seg_011.wav,Kxm-QspPf28,spasmodic_dysphonia,train
Kxm-QspPf28_seg_012.wav,data/processed/train_set/spasmodic_dysphonia/Kxm-QspPf28_seg_012.wav,Kxm-QspPf28,spasmodic_dysphonia,train
Kxm-QspPf28_seg_013.wav,data/processed/train_set/spasmodic_dysphonia/Kxm-QspPf28_seg_013.wav,Kxm-QspPf28,spasmodic_dysphonia,train
Kxm-QspPf28_seg_014.wav,data/processed/train_set/spasmodic_dysphonia/Kxm-QspPf28_seg_014.wav,Kxm-QspPf28,spasmodic_dysphonia,train
Kxm-QspPf28_seg_015.wav,data/processed/train_set/spasmodic_dysphonia/Kxm-QspPf28_seg_015.wav,Kxm-QspPf28,spasmodic_dysphonia,train
Kxm-QspPf28_seg_016.wav,data/processed/train_set/spasmodic_dysphonia/Kxm-QspPf28_seg_016.wav,Kxm-QspPf28,spasmodic_dysphonia,train
Kxm-QspPf28_seg_017.wav,data/processed/train_set/spasmodic_dysphonia/Kxm-QspPf28_seg_017.wav,Kxm-QspPf28,spasmodic_dysphonia,train
Kxm-QspPf28_seg_018.wav,data/processed/train_set/spasmodic_dysphonia/Kxm-QspPf28_seg_018.wav,Kxm-QspPf28,spasmodic_dysphonia,train
Kxm-QspPf28_seg_019.wav,data/processed/train_set/spasmodic_dysphonia/Kxm-QspPf28_seg_019.wav,Kxm-QspPf28,spasmodic_dysphonia,train
Kxm-QspPf28_seg_020.wav,data/processed/train_set/spasmodic_dysphonia/Kxm-QspPf28_seg_020.wav,Kxm-QspPf28,spasmodic_dysphonia,train
Kxm-QspPf28_seg_021.wav,data/processed/train_set/spasmodic_dysphonia/Kxm-QspPf28_seg_021.wav,Kxm-QspPf28,spasmodic_dysphonia,train
Kxm-QspPf28_seg_022.wav,data/processed/train_set/spasmodic_dysphonia/Kxm-QspPf28_seg_022.wav,Kxm-QspPf28,spasmodic_dysphonia,train
Kxm-QspPf28_seg_023.wav,data/processed/train_set/spasmodic_dysphonia/Kxm-QspPf28_seg_023.wav,Kxm-QspPf28,spasmodic_dysphonia,train
Kxm-QspPf28_seg_024.wav,data/processed/train_set/spasmodic_dysphonia/Kxm-QspPf28_seg_024.wav,Kxm-QspPf28,spasmodic_dysphonia,train
Kxm-QspPf28_seg_025.wav,data/processed/train_set/spasmodic_dysphonia/Kxm-QspPf28_seg_025.wav,Kxm-QspPf28,spasmodic_dysphonia,train
Kxm-QspPf28_seg_026.wav,data/processed/train_set/spasmodic_dysphonia/Kxm-QspPf28_seg_026.wav,Kxm-QspPf28,spasmodic_dysphonia,train
Kxm-QspPf28_seg_027.wav,data/processed/train_set/spasmodic_dysphonia/Kxm-QspPf28_seg_027.wav,Kxm-QspPf28,spasmodic_dysphonia,train
Kxm-QspPf28_seg_028.wav,data/processed/train_set/spasmodic_dysphonia/Kxm-QspPf28_seg_028.wav,Kxm-QspPf28,spasmodic_dysphonia,train
Kxm-QspPf28_seg_029.wav,data/processed/train_set/spasmodic_dysphonia/Kxm-QspPf28_seg_029.wav,Kxm-QspPf28,spasmodic_dysphonia,train
Kxm-QspPf28_seg_030.wav,data/processed/train_set/spasmodic_dysphonia/Kxm-QspPf28_seg_030.wav,Kxm-QspPf28,spasmodic_dysphonia,train
Kxm-QspPf28_seg_031.wav,data/processed/train_set/spasmodic_dysphonia/Kxm-QspPf28_seg_031.wav,Kxm-QspPf28,spasmodic_dysphonia,train
Kxm-QspPf28_seg_032.wav,data/processed/train_set/spasmodic_dysphonia/Kxm-QspPf28_seg_032.wav,Kxm-QspPf28,spasmodic_dysphonia,train
Kxm-QspPf28_seg_033.wav,data/processed/train_set/spasmodic_dysphonia/Kxm-QspPf28_seg_033.wav,Kxm-QspPf28,spasmodic_dysphonia,train
Kxm-QspPf28_seg_034.wav,data/processed/train_set/spasmodic_dysphonia/Kxm-QspPf28_seg_034.wav,Kxm-QspPf28,spasmodic_dysphonia,train
Kxm-QspPf28_seg_035.wav,data/processed/train_set/spasmodic_dysphonia/Kxm-QspPf28_seg_035.wav,Kxm-QspPf28,spasmodic_dysphonia,train
Kxm-QspPf28_seg_036.wav,data/processed/train_set/spasmodic_dysphonia/Kxm-QspPf28_seg_036.wav,Kxm-QspPf28,spasmodic_dysphonia,train
Kxm-QspPf28_seg_037.wav,data/processed/train_set/spasmodic_dysphonia/Kxm-QspPf28_seg_037.wav,Kxm-QspPf28,spasmodic_dysphonia,train
Kxm-QspPf28_seg_038.wav,data/processed/train_set/spasmodic_dysphonia/Kxm-QspPf28_seg_038.wav,Kxm-QspPf28,spasmodic_dysphonia,train
Kxm-QspPf28_seg_039.wav,data/processed/train_set/spasmodic_dysphonia/Kxm-QspPf28_seg_039.wav,Kxm-QspPf28,spasmodic_dysphonia,train
Kxm-QspPf28_seg_040.wav,data/processed/train_set/spasmodic_dysphonia/Kxm-QspPf28_seg_040.wav,Kxm-QspPf28,spasmodic_dysphonia,train
Kxm-QspPf28_seg_041.wav,data/processed/train_set/spasmodic_dysphonia/Kxm-QspPf28_seg_041.wav,Kxm-QspPf28,spasmodic_dysphonia,train
Kxm-QspPf28_seg_042.wav,data/processed/train_set/spasmodic_dysphonia/Kxm-QspPf28_seg_042.wav,Kxm-QspPf28,spasmodic_dysphonia,train
Kxm-QspPf28_seg_043.wav,data/processed/train_set/spasmodic_dysphonia/Kxm-QspPf28_seg_043.wav,Kxm-QspPf28,spasmodic_dysphonia,train
Kxm-QspPf28_seg_044.wav,data/processed/train_set/spasmodic_dysphonia/Kxm-QspPf28_seg_044.wav,Kxm-QspPf28,spasmodic_dysphonia,train
Kxm-QspPf28_seg_045.wav,data/processed/train_set/spasmodic_dysphonia/Kxm-QspPf28_seg_045.wav,Kxm-QspPf28,spasmodic_dysphonia,train
Kxm-QspPf28_seg_046.wav,data/processed/train_set/spasmodic_dysphonia/Kxm-QspPf28_seg_046.wav,Kxm-QspPf28,spasmodic_dysphonia,train
Kxm-QspPf28_seg_047.wav,data/processed/train_set/spasmodic_dysphonia/Kxm-QspPf28_seg_047.wav,Kxm-QspPf28,spasmodic_dysphonia,train
Kxm-QspPf28_seg_048.wav,data/processed/train_set/spasmodic_dysphonia/Kxm-QspPf28_seg_048.wav,Kxm-QspPf28,spasmodic_dysphonia,train
Kxm-QspPf28_seg_049.wav,data/processed/train_set/spasmodic_dysphonia/Kxm-QspPf28_seg_049.wav,Kxm-QspPf28,spasmodic_dysphonia,train
Kxm-QspPf28_seg_050.wav,data/processed/train_set/spasmodic_dysphonia/Kxm-QspPf28_seg_050.wav,Kxm-QspPf28,spasmodic_dysphonia,train
Kxm-QspPf28_seg_051.wav,data/processed/train_set/spasmodic_dysphonia/Kxm-QspPf28_seg_051.wav,Kxm-QspPf28,spasmodic_dysphonia,train
Kxm-QspPf28_seg_052.wav,data/processed/train_set/spasmodic_dysphonia/Kxm-QspPf28_seg_052.wav,Kxm-QspPf28,spasmodic_dysphonia,train
Kxm-QspPf28_seg_053.wav,data/processed/train_set/spasmodic_dysphonia/Kxm-QspPf28_seg_053.wav,Kxm-QspPf28,spasmodic_dysphonia,train
Kxm-QspPf28_seg_054.wav,data/processed/train_set/spasmodic_dysphonia/Kxm-QspPf28_seg_054.wav,Kxm-QspPf28,spasmodic_dysphonia,train
Kxm-QspPf28_seg_055.wav,data/processed/train_set/spasmodic_dysphonia/Kxm-QspPf28_seg_055.wav,Kxm-QspPf28,spasmodic_dysphonia,train
Kxm-QspPf28_seg_056.wav,data/processed/train_set/spasmodic_dysphonia/Kxm-QspPf28_seg_056.wav,Kxm-QspPf28,spasmodic_dysphonia,train
Kxm-QspPf28_seg_057.wav,data/processed/train_set/spasmodic_dysphonia/Kxm-QspPf28_seg_057.wav,Kxm-QspPf28,spasmodic_dysphonia,train
Kxm-QspPf28_seg_058.wav,data/processed/train_set/spasmodic_dysphonia/Kxm-QspPf28_seg_058.wav,Kxm-QspPf28,spasmodic_dysphonia,train
Kxm-QspPf28_seg_059.wav,data/processed/train_set/spasmodic_dysphonia/Kxm-QspPf28_seg_059.wav,Kxm-QspPf28,spasmodic_dysphonia,train
Kxm-QspPf28_seg_060.wav,data/processed/train_set/spasmodic_dysphonia/Kxm-QspPf28_seg_060.wav,Kxm-QspPf28,spasmodic_dysphonia,train
Kxm-QspPf28_seg_061.wav,data/processed/train_set/spasmodic_dysphonia/Kxm-QspPf28_seg_061.wav,Kxm-QspPf28,spasmodic_dysphonia,train
Kxm-QspPf28_seg_062.wav,data/processed/train_set/spasmodic_dysphonia/Kxm-QspPf28_seg_062.wav,Kxm-QspPf28,spasmodic_dysphonia,train
Kxm-QspPf28_seg_063.wav,data/processed/train_set/spasmodic_dysphonia/Kxm-QspPf28_seg_063.wav,Kxm-QspPf28,spasmodic_dysphonia,train
Kxm-QspPf28_seg_064.wav,data/processed/train_set/spasmodic_dysphonia/Kxm-QspPf28_seg_064.wav,Kxm-QspPf28,spasmodic_dysphonia,train
Kxm-QspPf28_seg_065.wav,data/processed/train_set/spasmodic_dysphonia/Kxm-QspPf28_seg_065.wav,Kxm-QspPf28,spasmodic_dysphonia,train
Kxm-QspPf28_seg_066.wav,data/processed/train_set/spasmodic_dysphonia/Kxm-QspPf28_seg_066.wav,Kxm-QspPf28,spasmodic_dysphonia,train
Kxm-QspPf28_seg_067.wav,data/processed/train_set/spasmodic_dysphonia/Kxm-QspPf28_seg_067.wav,Kxm-QspPf28,spasmodic_dysphonia,train
Kxm-QspPf28_seg_068.wav,data/processed/train_set/spasmodic_dysphonia/Kxm-QspPf28_seg_068.wav,Kxm-QspPf28,spasmodic_dysphonia,train
Kxm-QspPf28_seg_069.wav,data/processed/train_set/spasmodic_dysphonia/Kxm-QspPf28_seg_069.wav,Kxm-QspPf28,spasmodic_dysphonia,train
Kxm-QspPf28_seg_070.wav,data/processed/train_set/spasmodic_dysphonia/Kxm-QspPf28_seg_070.wav,Kxm-QspPf28,spasmodic_dysphonia,train
Kxm-QspPf28_seg_071.wav,data/processed/train_set/spasmodic_dysphonia/Kxm-QspPf28_seg_071.wav,Kxm-QspPf28,spasmodic_dysphonia,train
Kxm-QspPf28_seg_072.wav,data/processed/train_set/spasmodic_dysphonia/Kxm-QspPf28_seg_072.wav,Kxm-QspPf28,spasmodic_dysphonia,train
Kxm-QspPf28_seg_073.wav,data/processed/train_set/spasmodic_dysphonia/Kxm-QspPf28_seg_073.wav,Kxm-QspPf28,spasmodic_dysphonia,train
Kxm-QspPf28_seg_074.wav,data/processed/train_set/spasmodic_dysphonia/Kxm-QspPf28_seg_074.wav,Kxm-QspPf28,spasmodic_dysphonia,train
Kxm-QspPf28_seg_075.wav,data/processed/train_set/spasmodic_dysphonia/Kxm-QspPf28_seg_075.wav,Kxm-QspPf28,spasmodic_dysphonia,train
Kxm-QspPf28_seg_076.wav,data/processed/train_set/spasmodic_dysphonia/Kxm-QspPf28_seg_076.wav,Kxm-QspPf28,spasmodic_dysphonia,train
Kxm-QspPf28_seg_077.wav,data/processed/train_set/spasmodic_dysphonia/Kxm-QspPf28_seg_077.wav,Kxm-QspPf28,spasmodic_dysphonia,train
Kxm-QspPf28_seg_078.wav,data/processed/train_set/spasmodic_dysphonia/Kxm-QspPf28_seg_078.wav,Kxm-QspPf28,spasmodic_dysphonia,train
Kxm-QspPf28_seg_079.wav,data/processed/train_set/spasmodic_dysphonia/Kxm-QspPf28_seg_079.wav,Kxm-QspPf28,spasmodic_dysphonia,train
Kxm-QspPf28_seg_080.wav,data/processed/train_set/spasmodic_dysphonia/Kxm-QspPf28_seg_080.wav,Kxm-QspPf28,spasmodic_dysphonia,train
Kxm-QspPf28_seg_081.wav,data/processed/train_set/spasmodic_dysphonia/Kxm-QspPf28_seg_081.wav,Kxm-QspPf28,spasmodic_dysphonia,train
Kxm-QspPf28_seg_082.wav,data/processed/train_set/spasmodic_dysphonia/Kxm-QspPf28_seg_082.wav,Kxm-QspPf28,spasmodic_dysphonia,train
Kxm-QspPf28_seg_083.wav,data/processed/train_set/spasmodic_dysphonia/Kxm-QspPf28_seg_083.wav,Kxm-QspPf28,spasmodic_dysphonia,train
Kxm-QspPf28_seg_084.wav,data/processed/train_set/spasmodic_dysphonia/Kxm-QspPf28_seg_084.wav,Kxm-QspPf28,spasmodic_dysphonia,train
Kxm-QspPf28_seg_085.wav,data/processed/train_set/spasmodic_dysphonia/Kxm-QspPf28_seg_085.wav,Kxm-QspPf28,spasmodic_dysphonia,train
Kxm-QspPf28_seg_086.wav,data/processed/train_set/spasmodic_dysphonia/Kxm-QspPf28_seg_086.wav,Kxm-QspPf28,spasmodic_dysphonia,train
Kxm-QspPf28_seg_087.wav,data/processed/train_set/spasmodic_dysphonia/Kxm-QspPf28_seg_087.wav,Kxm-QspPf28,spasmodic_dysphonia,train
Kxm-QspPf28_seg_088.wav,data/processed/train_set/spasmodic_dysphonia/Kxm-QspPf28_seg_088.wav,Kxm-QspPf28,spasmodic_dysphonia,train
Kxm-QspPf28_seg_089.wav,data/processed/train_set/spasmodic_dysphonia/Kxm-QspPf28_seg_089.wav,Kxm-QspPf28,spasmodic_dysphonia,train
Kxm-QspPf28_seg_090.wav,data/processed/train_set/spasmodic_dysphonia/Kxm-QspPf28_seg_090.wav,Kxm-QspPf28,spasmodic_dysphonia,train
Kxm-QspPf28_seg_091.wav,data/processed/train_set/spasmodic_dysphonia/Kxm-QspPf28_seg_091.wav,Kxm-QspPf28,spasmodic_dysphonia,train
Kxm-QspPf28_seg_092.wav,data/processed/train_set/spasmodic_dysphonia/Kxm-QspPf28_seg_092.wav,Kxm-QspPf28,spasmodic_dysphonia,train
Kxm-QspPf28_seg_093.wav,data/processed/train_set/spasmodic_dysphonia/Kxm-QspPf28_seg_093.wav,Kxm-QspPf28,spasmodic_dysphonia,train
Kxm-QspPf28_seg_094.wav,data/processed/train_set/spasmodic_dysphonia/Kxm-QspPf28_seg_094.wav,Kxm-QspPf28,spasmodic_dysphonia,train
Kxm-QspPf28_seg_095.wav,data/processed/train_set/spasmodic_dysphonia/Kxm-QspPf28_seg_095.wav,Kxm-QspPf28,spasmodic_dysphonia,train
Kxm-QspPf28_seg_096.wav,data/processed/train_set/spasmodic_dysphonia/Kxm-QspPf28_seg_096.wav,Kxm-QspPf28,spasmodic_dysphonia,train
Kxm-QspPf28_seg_097.wav,data/processed/train_set/spasmodic_dysphonia/Kxm-QspPf28_seg_097.wav,Kxm-QspPf28,spasmodic_dysphonia,train
Kxm-QspPf28_seg_098.wav,data/processed/train_set/spasmodic_dysphonia/Kxm-QspPf28_seg_098.wav,Kxm-QspPf28,spasmodic_dysphonia,train
Kxm-QspPf28_seg_099.wav,data/processed/train_set/spasmodic_dysphonia/Kxm-QspPf28_seg_099.wav,Kxm-QspPf28,spasmodic_dysphonia,train
Kxm-QspPf28_seg_100.wav,data/processed/train_set/spasmodic_dysphonia/Kxm-QspPf28_seg_100.wav,Kxm-QspPf28,spasmodic_dysphonia,train
Kxm-QspPf28_seg_101.wav,data/processed/train_set/spasmodic_dysphonia/Kxm-QspPf28_seg_101.wav,Kxm-QspPf28,spasmodic_dysphonia,train
MLhE5_GcLbw_seg_000.wav,data/processed/train_set/spasmodic_dysphonia/MLhE5_GcLbw_seg_000.wav,MLhE5_GcLbw,spasmodic_dysphonia,train
MLhE5_GcLbw_seg_001.wav,data/processed/train_set/spasmodic_dysphonia/MLhE5_GcLbw_seg_001.wav,MLhE5_GcLbw,spasmodic_dysphonia,train
MLhE5_GcLbw_seg_002.wav,data/processed/train_set/spasmodic_dysphonia/MLhE5_GcLbw_seg_002.wav,MLhE5_GcLbw,spasmodic_dysphonia,train
MLhE5_GcLbw_seg_003.wav,data/processed/train_set/spasmodic_dysphonia/MLhE5_GcLbw_seg_003.wav,MLhE5_GcLbw,spasmodic_dysphonia,train
MLhE5_GcLbw_seg_004.wav,data/processed/train_set/spasmodic_dysphonia/MLhE5_GcLbw_seg_004.wav,MLhE5_GcLbw,spasmodic_dysphonia,train
MLhE5_GcLbw_seg_005.wav,data/processed/train_set/spasmodic_dysphonia/MLhE5_GcLbw_seg_005.wav,MLhE5_GcLbw,spasmodic_dysphonia,train
MLhE5_GcLbw_seg_006.wav,data/processed/train_set/spasmodic_dysphonia/MLhE5_GcLbw_seg_006.wav,MLhE5_GcLbw,spasmodic_dysphonia,train
MLhE5_GcLbw_seg_007.wav,data/processed/train_set/spasmodic_dysphonia/MLhE5_GcLbw_seg_007.wav,MLhE5_GcLbw,spasmodic_dysphonia,train
MLhE5_GcLbw_seg_008.wav,data/processed/train_set/spasmodic_dysphonia/MLhE5_GcLbw_seg_008.wav,MLhE5_GcLbw,spasmodic_dysphonia,train
MLhE5_GcLbw_seg_009.wav,data/processed/train_set/spasmodic_dysphonia/MLhE5_GcLbw_seg_009.wav,MLhE5_GcLbw,spasmodic_dysphonia,train
MLhE5_GcLbw_seg_010.wav,data/processed/train_set/spasmodic_dysphonia/MLhE5_GcLbw_seg_010.wav,MLhE5_GcLbw,spasmodic_dysphonia,train
MLhE5_GcLbw_seg_011.wav,data/processed/train_set/spasmodic_dysphonia/MLhE5_GcLbw_seg_011.wav,MLhE5_GcLbw,spasmodic_dysphonia,train
MLhE5_GcLbw_seg_012.wav,data/processed/train_set/spasmodic_dysphonia/MLhE5_GcLbw_seg_012.wav,MLhE5_GcLbw,spasmodic_dysphonia,train
MLhE5_GcLbw_seg_013.wav,data/processed/train_set/spasmodic_dysphonia/MLhE5_GcLbw_seg_013.wav,MLhE5_GcLbw,spasmodic_dysphonia,train
MLhE5_GcLbw_seg_014.wav,data/processed/train_set/spasmodic_dysphonia/MLhE5_GcLbw_seg_014.wav,MLhE5_GcLbw,spasmodic_dysphonia,train
MLhE5_GcLbw_seg_015.wav,data/processed/train_set/spasmodic_dysphonia/MLhE5_GcLbw_seg_015.wav,MLhE5_GcLbw,spasmodic_dysphonia,train
MLhE5_GcLbw_seg_016.wav,data/processed/train_set/spasmodic_dysphonia/MLhE5_GcLbw_seg_016.wav,MLhE5_GcLbw,spasmodic_dysphonia,train
MLhE5_GcLbw_seg_017.wav,data/processed/train_set/spasmodic_dysphonia/MLhE5_GcLbw_seg_017.wav,MLhE5_GcLbw,spasmodic_dysphonia,train
MLhE5_GcLbw_seg_018.wav,data/processed/train_set/spasmodic_dysphonia/MLhE5_GcLbw_seg_018.wav,MLhE5_GcLbw,spasmodic_dysphonia,train
N0Sbo2g8iVs_seg_000.wav,data/processed/train_set/spasmodic_dysphonia/N0Sbo2g8iVs_seg_000.wav,N0Sbo2g8iVs,spasmodic_dysphonia,train
N0Sbo2g8iVs_seg_001.wav,data/processed/train_set/spasmodic_dysphonia/N0Sbo2g8iVs_seg_001.wav,N0Sbo2g8iVs,spasmodic_dysphonia,train
N0Sbo2g8iVs_seg_002.wav,data/processed/train_set/spasmodic_dysphonia/N0Sbo2g8iVs_seg_002.wav,N0Sbo2g8iVs,spasmodic_dysphonia,train
N0Sbo2g8iVs_seg_003.wav,data/processed/train_set/spasmodic_dysphonia/N0Sbo2g8iVs_seg_003.wav,N0Sbo2g8iVs,spasmodic_dysphonia,train
N0Sbo2g8iVs_seg_004.wav,data/processed/train_set/spasmodic_dysphonia/N0Sbo2g8iVs_seg_004.wav,N0Sbo2g8iVs,spasmodic_dysphonia,train
N0Sbo2g8iVs_seg_005.wav,data/processed/train_set/spasmodic_dysphonia/N0Sbo2g8iVs_seg_005.wav,N0Sbo2g8iVs,spasmodic_dysphonia,train
N0Sbo2g8iVs_seg_006.wav,data/processed/train_set/spasmodic_dysphonia/N0Sbo2g8iVs_seg_006.wav,N0Sbo2g8iVs,spasmodic_dysphonia,train
N0Sbo2g8iVs_seg_007.wav,data/processed/train_set/spasmodic_dysphonia/N0Sbo2g8iVs_seg_007.wav,N0Sbo2g8iVs,spasmodic_dysphonia,train
N0Sbo2g8iVs_seg_008.wav,data/processed/train_set/spasmodic_dysphonia/N0Sbo2g8iVs_seg_008.wav,N0Sbo2g8iVs,spasmodic_dysphonia,train
N0Sbo2g8iVs_seg_009.wav,data/processed/train_set/spasmodic_dysphonia/N0Sbo2g8iVs_seg_009.wav,N0Sbo2g8iVs,spasmodic_dysphonia,train
N0Sbo2g8iVs_seg_010.wav,data/processed/train_set/spasmodic_dysphonia/N0Sbo2g8iVs_seg_010.wav,N0Sbo2g8iVs,spasmodic_dysphonia,train
N0Sbo2g8iVs_seg_011.wav,data/processed/train_set/spasmodic_dysphonia/N0Sbo2g8iVs_seg_011.wav,N0Sbo2g8iVs,spasmodic_dysphonia,train
N0Sbo2g8iVs_seg_012.wav,data/processed/train_set/spasmodic_dysphonia/N0Sbo2g8iVs_seg_012.wav,N0Sbo2g8iVs,spasmodic_dysphonia,train
N0Sbo2g8iVs_seg_013.wav,data/processed/train_set/spasmodic_dysphonia/N0Sbo2g8iVs_seg_013.wav,N0Sbo2g8iVs,spasmodic_dysphonia,train
N0Sbo2g8iVs_seg_014.wav,data/processed/train_set/spasmodic_dysphonia/N0Sbo2g8iVs_seg_014.wav,N0Sbo2g8iVs,spasmodic_dysphonia,train
N0Sbo2g8iVs_seg_015.wav,data/processed/train_set/spasmodic_dysphonia/N0Sbo2g8iVs_seg_015.wav,N0Sbo2g8iVs,spasmodic_dysphonia,train
N0Sbo2g8iVs_seg_016.wav,data/processed/train_set/spasmodic_dysphonia/N0Sbo2g8iVs_seg_016.wav,N0Sbo2g8iVs,spasmodic_dysphonia,train
N0Sbo2g8iVs_seg_017.wav,data/processed/train_set/spasmodic_dysphonia/N0Sbo2g8iVs_seg_017.wav,N0Sbo2g8iVs,spasmodic_dysphonia,train
N0Sbo2g8iVs_seg_018.wav,data/processed/train_set/spasmodic_dysphonia/N0Sbo2g8iVs_seg_018.wav,N0Sbo2g8iVs,spasmodic_dysphonia,train
N0Sbo2g8iVs_seg_019.wav,data/processed/train_set/spasmodic_dysphonia/N0Sbo2g8iVs_seg_019.wav,N0Sbo2g8iVs,spasmodic_dysphonia,train
N0Sbo2g8iVs_seg_020.wav,data/processed/train_set/spasmodic_dysphonia/N0Sbo2g8iVs_seg_020.wav,N0Sbo2g8iVs,spasmodic_dysphonia,train
N0Sbo2g8iVs_seg_021.wav,data/processed/train_set/spasmodic_dysphonia/N0Sbo2g8iVs_seg_021.wav,N0Sbo2g8iVs,spasmodic_dysphonia,train
N0Sbo2g8iVs_seg_022.wav,data/processed/train_set/spasmodic_dysphonia/N0Sbo2g8iVs_seg_022.wav,N0Sbo2g8iVs,spasmodic_dysphonia,train
N0Sbo2g8iVs_seg_023.wav,data/processed/train_set/spasmodic_dysphonia/N0Sbo2g8iVs_seg_023.wav,N0Sbo2g8iVs,spasmodic_dysphonia,train
N0Sbo2g8iVs_seg_024.wav,data/processed/train_set/spasmodic_dysphonia/N0Sbo2g8iVs_seg_024.wav,N0Sbo2g8iVs,spasmodic_dysphonia,train
N0Sbo2g8iVs_seg_025.wav,data/processed/train_set/spasmodic_dysphonia/N0Sbo2g8iVs_seg_025.wav,N0Sbo2g8iVs,spasmodic_dysphonia,train
N0Sbo2g8iVs_seg_026.wav,data/processed/train_set/spasmodic_dysphonia/N0Sbo2g8iVs_seg_026.wav,N0Sbo2g8iVs,spasmodic_dysphonia,train
N0Sbo2g8iVs_seg_027.wav,data/processed/train_set/spasmodic_dysphonia/N0Sbo2g8iVs_seg_027.wav,N0Sbo2g8iVs,spasmodic_dysphonia,train
N0Sbo2g8iVs_seg_028.wav,data/processed/train_set/spasmodic_dysphonia/N0Sbo2g8iVs_seg_028.wav,N0Sbo2g8iVs,spasmodic_dysphonia,train
N0Sbo2g8iVs_seg_029.wav,data/processed/train_set/spasmodic_dysphonia/N0Sbo2g8iVs_seg_029.wav,N0Sbo2g8iVs,spasmodic_dysphonia,train
N0Sbo2g8iVs_seg_031.wav,data/processed/train_set/spasmodic_dysphonia/N0Sbo2g8iVs_seg_031.wav,N0Sbo2g8iVs,spasmodic_dysphonia,train
N0Sbo2g8iVs_seg_032.wav,data/processed/train_set/spasmodic_dysphonia/N0Sbo2g8iVs_seg_032.wav,N0Sbo2g8iVs,spasmodic_dysphonia,train
N0Sbo2g8iVs_seg_033.wav,data/processed/train_set/spasmodic_dysphonia/N0Sbo2g8iVs_seg_033.wav,N0Sbo2g8iVs,spasmodic_dysphonia,train
N0Sbo2g8iVs_seg_034.wav,data/processed/train_set/spasmodic_dysphonia/N0Sbo2g8iVs_seg_034.wav,N0Sbo2g8iVs,spasmodic_dysphonia,train
N0Sbo2g8iVs_seg_035.wav,data/processed/train_set/spasmodic_dysphonia/N0Sbo2g8iVs_seg_035.wav,N0Sbo2g8iVs,spasmodic_dysphonia,train
N0Sbo2g8iVs_seg_036.wav,data/processed/train_set/spasmodic_dysphonia/N0Sbo2g8iVs_seg_036.wav,N0Sbo2g8iVs,spasmodic_dysphonia,train
N0Sbo2g8iVs_seg_037.wav,data/processed/train_set/spasmodic_dysphonia/N0Sbo2g8iVs_seg_037.wav,N0Sbo2g8iVs,spasmodic_dysphonia,train
N0Sbo2g8iVs_seg_038.wav,data/processed/train_set/spasmodic_dysphonia/N0Sbo2g8iVs_seg_038.wav,N0Sbo2g8iVs,spasmodic_dysphonia,train
N0Sbo2g8iVs_seg_039.wav,data/processed/train_set/spasmodic_dysphonia/N0Sbo2g8iVs_seg_039.wav,N0Sbo2g8iVs,spasmodic_dysphonia,train
N0Sbo2g8iVs_seg_040.wav,data/processed/train_set/spasmodic_dysphonia/N0Sbo2g8iVs_seg_040.wav,N0Sbo2g8iVs,spasmodic_dysphonia,train
N0Sbo2g8iVs_seg_041.wav,data/processed/train_set/spasmodic_dysphonia/N0Sbo2g8iVs_seg_041.wav,N0Sbo2g8iVs,spasmodic_dysphonia,train
N0Sbo2g8iVs_seg_042.wav,data/processed/train_set/spasmodic_dysphonia/N0Sbo2g8iVs_seg_042.wav,N0Sbo2g8iVs,spasmodic_dysphonia,train
N0Sbo2g8iVs_seg_043.wav,data/processed/train_set/spasmodic_dysphonia/N0Sbo2g8iVs_seg_043.wav,N0Sbo2g8iVs,spasmodic_dysphonia,train
N0Sbo2g8iVs_seg_044.wav,data/processed/train_set/spasmodic_dysphonia/N0Sbo2g8iVs_seg_044.wav,N0Sbo2g8iVs,spasmodic_dysphonia,train
N0Sbo2g8iVs_seg_045.wav,data/processed/train_set/spasmodic_dysphonia/N0Sbo2g8iVs_seg_045.wav,N0Sbo2g8iVs,spasmodic_dysphonia,train
N0Sbo2g8iVs_seg_046.wav,data/processed/train_set/spasmodic_dysphonia/N0Sbo2g8iVs_seg_046.wav,N0Sbo2g8iVs,spasmodic_dysphonia,train
n8NqvTvhf_k_seg_000.wav,data/processed/train_set/spasmodic_dysphonia/n8NqvTvhf_k_seg_000.wav,n8NqvTvhf_k,spasmodic_dysphonia,train
n8NqvTvhf_k_seg_001.wav,data/processed/train_set/spasmodic_dysphonia/n8NqvTvhf_k_seg_001.wav,n8NqvTvhf_k,spasmodic_dysphonia,train
n8NqvTvhf_k_seg_002.wav,data/processed/train_set/spasmodic_dysphonia/n8NqvTvhf_k_seg_002.wav,n8NqvTvhf_k,spasmodic_dysphonia,train
n8NqvTvhf_k_seg_003.wav,data/processed/train_set/spasmodic_dysphonia/n8NqvTvhf_k_seg_003.wav,n8NqvTvhf_k,spasmodic_dysphonia,train
n8NqvTvhf_k_seg_004.wav,data/processed/train_set/spasmodic_dysphonia/n8NqvTvhf_k_seg_004.wav,n8NqvTvhf_k,spasmodic_dysphonia,train
n8NqvTvhf_k_seg_005.wav,data/processed/train_set/spasmodic_dysphonia/n8NqvTvhf_k_seg_005.wav,n8NqvTvhf_k,spasmodic_dysphonia,train
n8NqvTvhf_k_seg_006.wav,data/processed/train_set/spasmodic_dysphonia/n8NqvTvhf_k_seg_006.wav,n8NqvTvhf_k,spasmodic_dysphonia,train
n8NqvTvhf_k_seg_007.wav,data/processed/train_set/spasmodic_dysphonia/n8NqvTvhf_k_seg_007.wav,n8NqvTvhf_k,spasmodic_dysphonia,train
n8NqvTvhf_k_seg_008.wav,data/processed/train_set/spasmodic_dysphonia/n8NqvTvhf_k_seg_008.wav,n8NqvTvhf_k,spasmodic_dysphonia,train
n8NqvTvhf_k_seg_009.wav,data/processed/train_set/spasmodic_dysphonia/n8NqvTvhf_k_seg_009.wav,n8NqvTvhf_k,spasmodic_dysphonia,train
n8NqvTvhf_k_seg_010.wav,data/processed/train_set/spasmodic_dysphonia/n8NqvTvhf_k_seg_010.wav,n8NqvTvhf_k,spasmodic_dysphonia,train
n8NqvTvhf_k_seg_011.wav,data/processed/train_set/spasmodic_dysphonia/n8NqvTvhf_k_seg_011.wav,n8NqvTvhf_k,spasmodic_dysphonia,train
n8NqvTvhf_k_seg_012.wav,data/processed/train_set/spasmodic_dysphonia/n8NqvTvhf_k_seg_012.wav,n8NqvTvhf_k,spasmodic_dysphonia,train
n8NqvTvhf_k_seg_013.wav,data/processed/train_set/spasmodic_dysphonia/n8NqvTvhf_k_seg_013.wav,n8NqvTvhf_k,spasmodic_dysphonia,train
n8NqvTvhf_k_seg_014.wav,data/processed/train_set/spasmodic_dysphonia/n8NqvTvhf_k_seg_014.wav,n8NqvTvhf_k,spasmodic_dysphonia,train
n8NqvTvhf_k_seg_015.wav,data/processed/train_set/spasmodic_dysphonia/n8NqvTvhf_k_seg_015.wav,n8NqvTvhf_k,spasmodic_dysphonia,train
n8NqvTvhf_k_seg_016.wav,data/processed/train_set/spasmodic_dysphonia/n8NqvTvhf_k_seg_016.wav,n8NqvTvhf_k,spasmodic_dysphonia,train
n8NqvTvhf_k_seg_017.wav,data/processed/train_set/spasmodic_dysphonia/n8NqvTvhf_k_seg_017.wav,n8NqvTvhf_k,spasmodic_dysphonia,train
n8NqvTvhf_k_seg_018.wav,data/processed/train_set/spasmodic_dysphonia/n8NqvTvhf_k_seg_018.wav,n8NqvTvhf_k,spasmodic_dysphonia,train
n8NqvTvhf_k_seg_019.wav,data/processed/train_set/spasmodic_dysphonia/n8NqvTvhf_k_seg_019.wav,n8NqvTvhf_k,spasmodic_dysphonia,train
n8NqvTvhf_k_seg_020.wav,data/processed/train_set/spasmodic_dysphonia/n8NqvTvhf_k_seg_020.wav,n8NqvTvhf_k,spasmodic_dysphonia,train
n8NqvTvhf_k_seg_021.wav,data/processed/train_set/spasmodic_dysphonia/n8NqvTvhf_k_seg_021.wav,n8NqvTvhf_k,spasmodic_dysphonia,train
n8NqvTvhf_k_seg_022.wav,data/processed/train_set/spasmodic_dysphonia/n8NqvTvhf_k_seg_022.wav,n8NqvTvhf_k,spasmodic_dysphonia,train
n8NqvTvhf_k_seg_023.wav,data/processed/train_set/spasmodic_dysphonia/n8NqvTvhf_k_seg_023.wav,n8NqvTvhf_k,spasmodic_dysphonia,train
n8NqvTvhf_k_seg_024.wav,data/processed/train_set/spasmodic_dysphonia/n8NqvTvhf_k_seg_024.wav,n8NqvTvhf_k,spasmodic_dysphonia,train
n8NqvTvhf_k_seg_025.wav,data/processed/train_set/spasmodic_dysphonia/n8NqvTvhf_k_seg_025.wav,n8NqvTvhf_k,spasmodic_dysphonia,train
n8NqvTvhf_k_seg_026.wav,data/processed/train_set/spasmodic_dysphonia/n8NqvTvhf_k_seg_026.wav,n8NqvTvhf_k,spasmodic_dysphonia,train
n8NqvTvhf_k_seg_027.wav,data/processed/train_set/spasmodic_dysphonia/n8NqvTvhf_k_seg_027.wav,n8NqvTvhf_k,spasmodic_dysphonia,train
n8NqvTvhf_k_seg_028.wav,data/processed/train_set/spasmodic_dysphonia/n8NqvTvhf_k_seg_028.wav,n8NqvTvhf_k,spasmodic_dysphonia,train
n8NqvTvhf_k_seg_029.wav,data/processed/train_set/spasmodic_dysphonia/n8NqvTvhf_k_seg_029.wav,n8NqvTvhf_k,spasmodic_dysphonia,train
n8NqvTvhf_k_seg_030.wav,data/processed/train_set/spasmodic_dysphonia/n8NqvTvhf_k_seg_030.wav,n8NqvTvhf_k,spasmodic_dysphonia,train
n8NqvTvhf_k_seg_031.wav,data/processed/train_set/spasmodic_dysphonia/n8NqvTvhf_k_seg_031.wav,n8NqvTvhf_k,spasmodic_dysphonia,train
n8NqvTvhf_k_seg_032.wav,data/processed/train_set/spasmodic_dysphonia/n8NqvTvhf_k_seg_032.wav,n8NqvTvhf_k,spasmodic_dysphonia,train
n8NqvTvhf_k_seg_033.wav,data/processed/train_set/spasmodic_dysphonia/n8NqvTvhf_k_seg_033.wav,n8NqvTvhf_k,spasmodic_dysphonia,train
n8NqvTvhf_k_seg_034.wav,data/processed/train_set/spasmodic_dysphonia/n8NqvTvhf_k_seg_034.wav,n8NqvTvhf_k,spasmodic_dysphonia,train
n8NqvTvhf_k_seg_035.wav,data/processed/train_set/spasmodic_dysphonia/n8NqvTvhf_k_seg_035.wav,n8NqvTvhf_k,spasmodic_dysphonia,train
n8NqvTvhf_k_seg_036.wav,data/processed/train_set/spasmodic_dysphonia/n8NqvTvhf_k_seg_036.wav,n8NqvTvhf_k,spasmodic_dysphonia,train
n8NqvTvhf_k_seg_037.wav,data/processed/train_set/spasmodic_dysphonia/n8NqvTvhf_k_seg_037.wav,n8NqvTvhf_k,spasmodic_dysphonia,train
n8NqvTvhf_k_seg_038.wav,data/processed/train_set/spasmodic_dysphonia/n8NqvTvhf_k_seg_038.wav,n8NqvTvhf_k,spasmodic_dysphonia,train
n8NqvTvhf_k_seg_039.wav,data/processed/train_set/spasmodic_dysphonia/n8NqvTvhf_k_seg_039.wav,n8NqvTvhf_k,spasmodic_dysphonia,train
n8NqvTvhf_k_seg_040.wav,data/processed/train_set/spasmodic_dysphonia/n8NqvTvhf_k_seg_040.wav,n8NqvTvhf_k,spasmodic_dysphonia,train
n8NqvTvhf_k_seg_041.wav,data/processed/train_set/spasmodic_dysphonia/n8NqvTvhf_k_seg_041.wav,n8NqvTvhf_k,spasmodic_dysphonia,train
n8NqvTvhf_k_seg_042.wav,data/processed/train_set/spasmodic_dysphonia/n8NqvTvhf_k_seg_042.wav,n8NqvTvhf_k,spasmodic_dysphonia,train
n8NqvTvhf_k_seg_043.wav,data/processed/train_set/spasmodic_dysphonia/n8NqvTvhf_k_seg_043.wav,n8NqvTvhf_k,spasmodic_dysphonia,train
n8NqvTvhf_k_seg_044.wav,data/processed/train_set/spasmodic_dysphonia/n8NqvTvhf_k_seg_044.wav,n8NqvTvhf_k,spasmodic_dysphonia,train
n8NqvTvhf_k_seg_045.wav,data/processed/train_set/spasmodic_dysphonia/n8NqvTvhf_k_seg_045.wav,n8NqvTvhf_k,spasmodic_dysphonia,train
n8NqvTvhf_k_seg_046.wav,data/processed/train_set/spasmodic_dysphonia/n8NqvTvhf_k_seg_046.wav,n8NqvTvhf_k,spasmodic_dysphonia,train
n8NqvTvhf_k_seg_047.wav,data/processed/train_set/spasmodic_dysphonia/n8NqvTvhf_k_seg_047.wav,n8NqvTvhf_k,spasmodic_dysphonia,train
n8NqvTvhf_k_seg_048.wav,data/processed/train_set/spasmodic_dysphonia/n8NqvTvhf_k_seg_048.wav,n8NqvTvhf_k,spasmodic_dysphonia,train
n8NqvTvhf_k_seg_049.wav,data/processed/train_set/spasmodic_dysphonia/n8NqvTvhf_k_seg_049.wav,n8NqvTvhf_k,spasmodic_dysphonia,train
n8NqvTvhf_k_seg_050.wav,data/processed/train_set/spasmodic_dysphonia/n8NqvTvhf_k_seg_050.wav,n8NqvTvhf_k,spasmodic_dysphonia,train
n8NqvTvhf_k_seg_051.wav,data/processed/train_set/spasmodic_dysphonia/n8NqvTvhf_k_seg_051.wav,n8NqvTvhf_k,spasmodic_dysphonia,train
n8NqvTvhf_k_seg_052.wav,data/processed/train_set/spasmodic_dysphonia/n8NqvTvhf_k_seg_052.wav,n8NqvTvhf_k,spasmodic_dysphonia,train
n8NqvTvhf_k_seg_053.wav,data/processed/train_set/spasmodic_dysphonia/n8NqvTvhf_k_seg_053.wav,n8NqvTvhf_k,spasmodic_dysphonia,train
n8NqvTvhf_k_seg_054.wav,data/processed/train_set/spasmodic_dysphonia/n8NqvTvhf_k_seg_054.wav,n8NqvTvhf_k,spasmodic_dysphonia,train
n8NqvTvhf_k_seg_055.wav,data/processed/train_set/spasmodic_dysphonia/n8NqvTvhf_k_seg_055.wav,n8NqvTvhf_k,spasmodic_dysphonia,train
n8NqvTvhf_k_seg_056.wav,data/processed/train_set/spasmodic_dysphonia/n8NqvTvhf_k_seg_056.wav,n8NqvTvhf_k,spasmodic_dysphonia,train
n8NqvTvhf_k_seg_057.wav,data/processed/train_set/spasmodic_dysphonia/n8NqvTvhf_k_seg_057.wav,n8NqvTvhf_k,spasmodic_dysphonia,train
n8NqvTvhf_k_seg_058.wav,data/processed/train_set/spasmodic_dysphonia/n8NqvTvhf_k_seg_058.wav,n8NqvTvhf_k,spasmodic_dysphonia,train
n8NqvTvhf_k_seg_059.wav,data/processed/train_set/spasmodic_dysphonia/n8NqvTvhf_k_seg_059.wav,n8NqvTvhf_k,spasmodic_dysphonia,train
n8NqvTvhf_k_seg_060.wav,data/processed/train_set/spasmodic_dysphonia/n8NqvTvhf_k_seg_060.wav,n8NqvTvhf_k,spasmodic_dysphonia,train
n8NqvTvhf_k_seg_061.wav,data/processed/train_set/spasmodic_dysphonia/n8NqvTvhf_k_seg_061.wav,n8NqvTvhf_k,spasmodic_dysphonia,train
n8NqvTvhf_k_seg_062.wav,data/processed/train_set/spasmodic_dysphonia/n8NqvTvhf_k_seg_062.wav,n8NqvTvhf_k,spasmodic_dysphonia,train
n8NqvTvhf_k_seg_063.wav,data/processed/train_set/spasmodic_dysphonia/n8NqvTvhf_k_seg_063.wav,n8NqvTvhf_k,spasmodic_dysphonia,train
n8NqvTvhf_k_seg_064.wav,data/processed/train_set/spasmodic_dysphonia/n8NqvTvhf_k_seg_064.wav,n8NqvTvhf_k,spasmodic_dysphonia,train
n8NqvTvhf_k_seg_065.wav,data/processed/train_set/spasmodic_dysphonia/n8NqvTvhf_k_seg_065.wav,n8NqvTvhf_k,spasmodic_dysphonia,train
n8NqvTvhf_k_seg_066.wav,data/processed/train_set/spasmodic_dysphonia/n8NqvTvhf_k_seg_066.wav,n8NqvTvhf_k,spasmodic_dysphonia,train
n8NqvTvhf_k_seg_067.wav,data/processed/train_set/spasmodic_dysphonia/n8NqvTvhf_k_seg_067.wav,n8NqvTvhf_k,spasmodic_dysphonia,train
n8NqvTvhf_k_seg_068.wav,data/processed/train_set/spasmodic_dysphonia/n8NqvTvhf_k_seg_068.wav,n8NqvTvhf_k,spasmodic_dysphonia,train
n8NqvTvhf_k_seg_069.wav,data/processed/train_set/spasmodic_dysphonia/n8NqvTvhf_k_seg_069.wav,n8NqvTvhf_k,spasmodic_dysphonia,train
n8NqvTvhf_k_seg_070.wav,data/processed/train_set/spasmodic_dysphonia/n8NqvTvhf_k_seg_070.wav,n8NqvTvhf_k,spasmodic_dysphonia,train
n8NqvTvhf_k_seg_071.wav,data/processed/train_set/spasmodic_dysphonia/n8NqvTvhf_k_seg_071.wav,n8NqvTvhf_k,spasmodic_dysphonia,train
n8NqvTvhf_k_seg_072.wav,data/processed/train_set/spasmodic_dysphonia/n8NqvTvhf_k_seg_072.wav,n8NqvTvhf_k,spasmodic_dysphonia,train
n8NqvTvhf_k_seg_073.wav,data/processed/train_set/spasmodic_dysphonia/n8NqvTvhf_k_seg_073.wav,n8NqvTvhf_k,spasmodic_dysphonia,train
niRsTERVEEQ_seg_000.wav,data/processed/train_set/spasmodic_dysphonia/niRsTERVEEQ_seg_000.wav,niRsTERVEEQ,spasmodic_dysphonia,train
niRsTERVEEQ_seg_001.wav,data/processed/train_set/spasmodic_dysphonia/niRsTERVEEQ_seg_001.wav,niRsTERVEEQ,spasmodic_dysphonia,train
niRsTERVEEQ_seg_002.wav,data/processed/train_set/spasmodic_dysphonia/niRsTERVEEQ_seg_002.wav,niRsTERVEEQ,spasmodic_dysphonia,train
niRsTERVEEQ_seg_003.wav,data/processed/train_set/spasmodic_dysphonia/niRsTERVEEQ_seg_003.wav,niRsTERVEEQ,spasmodic_dysphonia,train
niRsTERVEEQ_seg_004.wav,data/processed/train_set/spasmodic_dysphonia/niRsTERVEEQ_seg_004.wav,niRsTERVEEQ,spasmodic_dysphonia,train
niRsTERVEEQ_seg_005.wav,data/processed/train_set/spasmodic_dysphonia/niRsTERVEEQ_seg_005.wav,niRsTERVEEQ,spasmodic_dysphonia,train
niRsTERVEEQ_seg_006.wav,data/processed/train_set/spasmodic_dysphonia/niRsTERVEEQ_seg_006.wav,niRsTERVEEQ,spasmodic_dysphonia,train
niRsTERVEEQ_seg_007.wav,data/processed/train_set/spasmodic_dysphonia/niRsTERVEEQ_seg_007.wav,niRsTERVEEQ,spasmodic_dysphonia,train
niRsTERVEEQ_seg_008.wav,data/processed/train_set/spasmodic_dysphonia/niRsTERVEEQ_seg_008.wav,niRsTERVEEQ,spasmodic_dysphonia,train
niRsTERVEEQ_seg_009.wav,data/processed/train_set/spasmodic_dysphonia/niRsTERVEEQ_seg_009.wav,niRsTERVEEQ,spasmodic_dysphonia,train
niRsTERVEEQ_seg_010.wav,data/processed/train_set/spasmodic_dysphonia/niRsTERVEEQ_seg_010.wav,niRsTERVEEQ,spasmodic_dysphonia,train
niRsTERVEEQ_seg_011.wav,data/processed/train_set/spasmodic_dysphonia/niRsTERVEEQ_seg_011.wav,niRsTERVEEQ,spasmodic_dysphonia,train
niRsTERVEEQ_seg_012.wav,data/processed/train_set/spasmodic_dysphonia/niRsTERVEEQ_seg_012.wav,niRsTERVEEQ,spasmodic_dysphonia,train
niRsTERVEEQ_seg_013.wav,data/processed/train_set/spasmodic_dysphonia/niRsTERVEEQ_seg_013.wav,niRsTERVEEQ,spasmodic_dysphonia,train
niRsTERVEEQ_seg_014.wav,data/processed/train_set/spasmodic_dysphonia/niRsTERVEEQ_seg_014.wav,niRsTERVEEQ,spasmodic_dysphonia,train
niRsTERVEEQ_seg_015.wav,data/processed/train_set/spasmodic_dysphonia/niRsTERVEEQ_seg_015.wav,niRsTERVEEQ,spasmodic_dysphonia,train
niRsTERVEEQ_seg_016.wav,data/processed/train_set/spasmodic_dysphonia/niRsTERVEEQ_seg_016.wav,niRsTERVEEQ,spasmodic_dysphonia,train
niRsTERVEEQ_seg_017.wav,data/processed/train_set/spasmodic_dysphonia/niRsTERVEEQ_seg_017.wav,niRsTERVEEQ,spasmodic_dysphonia,train
niRsTERVEEQ_seg_018.wav,data/processed/train_set/spasmodic_dysphonia/niRsTERVEEQ_seg_018.wav,niRsTERVEEQ,spasmodic_dysphonia,train
niRsTERVEEQ_seg_019.wav,data/processed/train_set/spasmodic_dysphonia/niRsTERVEEQ_seg_019.wav,niRsTERVEEQ,spasmodic_dysphonia,train
niRsTERVEEQ_seg_020.wav,data/processed/train_set/spasmodic_dysphonia/niRsTERVEEQ_seg_020.wav,niRsTERVEEQ,spasmodic_dysphonia,train
OXS_KK1MeRk_seg_000.wav,data/processed/train_set/spasmodic_dysphonia/OXS_KK1MeRk_seg_000.wav,OXS_KK1MeRk,spasmodic_dysphonia,train
OXS_KK1MeRk_seg_001.wav,data/processed/train_set/spasmodic_dysphonia/OXS_KK1MeRk_seg_001.wav,OXS_KK1MeRk,spasmodic_dysphonia,train
OXS_KK1MeRk_seg_002.wav,data/processed/train_set/spasmodic_dysphonia/OXS_KK1MeRk_seg_002.wav,OXS_KK1MeRk,spasmodic_dysphonia,train
OXS_KK1MeRk_seg_003.wav,data/processed/train_set/spasmodic_dysphonia/OXS_KK1MeRk_seg_003.wav,OXS_KK1MeRk,spasmodic_dysphonia,train
OXS_KK1MeRk_seg_004.wav,data/processed/train_set/spasmodic_dysphonia/OXS_KK1MeRk_seg_004.wav,OXS_KK1MeRk,spasmodic_dysphonia,train
OXS_KK1MeRk_seg_005.wav,data/processed/train_set/spasmodic_dysphonia/OXS_KK1MeRk_seg_005.wav,OXS_KK1MeRk,spasmodic_dysphonia,train
OXS_KK1MeRk_seg_006.wav,data/processed/train_set/spasmodic_dysphonia/OXS_KK1MeRk_seg_006.wav,OXS_KK1MeRk,spasmodic_dysphonia,train
OXS_KK1MeRk_seg_007.wav,data/processed/train_set/spasmodic_dysphonia/OXS_KK1MeRk_seg_007.wav,OXS_KK1MeRk,spasmodic_dysphonia,train
OXS_KK1MeRk_seg_008.wav,data/processed/train_set/spasmodic_dysphonia/OXS_KK1MeRk_seg_008.wav,OXS_KK1MeRk,spasmodic_dysphonia,train
OXS_KK1MeRk_seg_009.wav,data/processed/train_set/spasmodic_dysphonia/OXS_KK1MeRk_seg_009.wav,OXS_KK1MeRk,spasmodic_dysphonia,train
OXS_KK1MeRk_seg_010.wav,data/processed/train_set/spasmodic_dysphonia/OXS_KK1MeRk_seg_010.wav,OXS_KK1MeRk,spasmodic_dysphonia,train
OXS_KK1MeRk_seg_011.wav,data/processed/train_set/spasmodic_dysphonia/OXS_KK1MeRk_seg_011.wav,OXS_KK1MeRk,spasmodic_dysphonia,train
OXS_KK1MeRk_seg_012.wav,data/processed/train_set/spasmodic_dysphonia/OXS_KK1MeRk_seg_012.wav,OXS_KK1MeRk,spasmodic_dysphonia,train
OXS_KK1MeRk_seg_013.wav,data/processed/train_set/spasmodic_dysphonia/OXS_KK1MeRk_seg_013.wav,OXS_KK1MeRk,spasmodic_dysphonia,train
OXS_KK1MeRk_seg_014.wav,data/processed/train_set/spasmodic_dysphonia/OXS_KK1MeRk_seg_014.wav,OXS_KK1MeRk,spasmodic_dysphonia,train
OXS_KK1MeRk_seg_015.wav,data/processed/train_set/spasmodic_dysphonia/OXS_KK1MeRk_seg_015.wav,OXS_KK1MeRk,spasmodic_dysphonia,train
OXS_KK1MeRk_seg_016.wav,data/processed/train_set/spasmodic_dysphonia/OXS_KK1MeRk_seg_016.wav,OXS_KK1MeRk,spasmodic_dysphonia,train
OXS_KK1MeRk_seg_017.wav,data/processed/train_set/spasmodic_dysphonia/OXS_KK1MeRk_seg_017.wav,OXS_KK1MeRk,spasmodic_dysphonia,train
OXS_KK1MeRk_seg_018.wav,data/processed/train_set/spasmodic_dysphonia/OXS_KK1MeRk_seg_018.wav,OXS_KK1MeRk,spasmodic_dysphonia,train
OXS_KK1MeRk_seg_019.wav,data/processed/train_set/spasmodic_dysphonia/OXS_KK1MeRk_seg_019.wav,OXS_KK1MeRk,spasmodic_dysphonia,train
OXS_KK1MeRk_seg_020.wav,data/processed/train_set/spasmodic_dysphonia/OXS_KK1MeRk_seg_020.wav,OXS_KK1MeRk,spasmodic_dysphonia,train
OXS_KK1MeRk_seg_021.wav,data/processed/train_set/spasmodic_dysphonia/OXS_KK1MeRk_seg_021.wav,OXS_KK1MeRk,spasmodic_dysphonia,train
OXS_KK1MeRk_seg_022.wav,data/processed/train_set/spasmodic_dysphonia/OXS_KK1MeRk_seg_022.wav,OXS_KK1MeRk,spasmodic_dysphonia,train
RwScK54s9Ys_seg_000.wav,data/processed/train_set/spasmodic_dysphonia/RwScK54s9Ys_seg_000.wav,RwScK54s9Ys,spasmodic_dysphonia,train
RwScK54s9Ys_seg_001.wav,data/processed/train_set/spasmodic_dysphonia/RwScK54s9Ys_seg_001.wav,RwScK54s9Ys,spasmodic_dysphonia,train
RwScK54s9Ys_seg_002.wav,data/processed/train_set/spasmodic_dysphonia/RwScK54s9Ys_seg_002.wav,RwScK54s9Ys,spasmodic_dysphonia,train
RwScK54s9Ys_seg_003.wav,data/processed/train_set/spasmodic_dysphonia/RwScK54s9Ys_seg_003.wav,RwScK54s9Ys,spasmodic_dysphonia,train
RwScK54s9Ys_seg_004.wav,data/processed/train_set/spasmodic_dysphonia/RwScK54s9Ys_seg_004.wav,RwScK54s9Ys,spasmodic_dysphonia,train
RwScK54s9Ys_seg_005.wav,data/processed/train_set/spasmodic_dysphonia/RwScK54s9Ys_seg_005.wav,RwScK54s9Ys,spasmodic_dysphonia,train
RwScK54s9Ys_seg_006.wav,data/processed/train_set/spasmodic_dysphonia/RwScK54s9Ys_seg_006.wav,RwScK54s9Ys,spasmodic_dysphonia,train
RwScK54s9Ys_seg_007.wav,data/processed/train_set/spasmodic_dysphonia/RwScK54s9Ys_seg_007.wav,RwScK54s9Ys,spasmodic_dysphonia,train
RwScK54s9Ys_seg_009.wav,data/processed/train_set/spasmodic_dysphonia/RwScK54s9Ys_seg_009.wav,RwScK54s9Ys,spasmodic_dysphonia,train
RwScK54s9Ys_seg_010.wav,data/processed/train_set/spasmodic_dysphonia/RwScK54s9Ys_seg_010.wav,RwScK54s9Ys,spasmodic_dysphonia,train
RwScK54s9Ys_seg_011.wav,data/processed/train_set/spasmodic_dysphonia/RwScK54s9Ys_seg_011.wav,RwScK54s9Ys,spasmodic_dysphonia,train
RwScK54s9Ys_seg_012.wav,data/processed/train_set/spasmodic_dysphonia/RwScK54s9Ys_seg_012.wav,RwScK54s9Ys,spasmodic_dysphonia,train
RwScK54s9Ys_seg_013.wav,data/processed/train_set/spasmodic_dysphonia/RwScK54s9Ys_seg_013.wav,RwScK54s9Ys,spasmodic_dysphonia,train
RwScK54s9Ys_seg_014.wav,data/processed/train_set/spasmodic_dysphonia/RwScK54s9Ys_seg_014.wav,RwScK54s9Ys,spasmodic_dysphonia,train
RwScK54s9Ys_seg_015.wav,data/processed/train_set/spasmodic_dysphonia/RwScK54s9Ys_seg_015.wav,RwScK54s9Ys,spasmodic_dysphonia,train
RwScK54s9Ys_seg_016.wav,data/processed/train_set/spasmodic_dysphonia/RwScK54s9Ys_seg_016.wav,RwScK54s9Ys,spasmodic_dysphonia,train
RwScK54s9Ys_seg_017.wav,data/processed/train_set/spasmodic_dysphonia/RwScK54s9Ys_seg_017.wav,RwScK54s9Ys,spasmodic_dysphonia,train
RwScK54s9Ys_seg_018.wav,data/processed/train_set/spasmodic_dysphonia/RwScK54s9Ys_seg_018.wav,RwScK54s9Ys,spasmodic_dysphonia,train
RwScK54s9Ys_seg_019.wav,data/processed/train_set/spasmodic_dysphonia/RwScK54s9Ys_seg_019.wav,RwScK54s9Ys,spasmodic_dysphonia,train
RwScK54s9Ys_seg_020.wav,data/processed/train_set/spasmodic_dysphonia/RwScK54s9Ys_seg_020.wav,RwScK54s9Ys,spasmodic_dysphonia,train
RwScK54s9Ys_seg_021.wav,data/processed/train_set/spasmodic_dysphonia/RwScK54s9Ys_seg_021.wav,RwScK54s9Ys,spasmodic_dysphonia,train
RwScK54s9Ys_seg_022.wav,data/processed/train_set/spasmodic_dysphonia/RwScK54s9Ys_seg_022.wav,RwScK54s9Ys,spasmodic_dysphonia,train
RwScK54s9Ys_seg_023.wav,data/processed/train_set/spasmodic_dysphonia/RwScK54s9Ys_seg_023.wav,RwScK54s9Ys,spasmodic_dysphonia,train
RwScK54s9Ys_seg_024.wav,data/processed/train_set/spasmodic_dysphonia/RwScK54s9Ys_seg_024.wav,RwScK54s9Ys,spasmodic_dysphonia,train
RwScK54s9Ys_seg_025.wav,data/processed/train_set/spasmodic_dysphonia/RwScK54s9Ys_seg_025.wav,RwScK54s9Ys,spasmodic_dysphonia,train
RwScK54s9Ys_seg_026.wav,data/processed/train_set/spasmodic_dysphonia/RwScK54s9Ys_seg_026.wav,RwScK54s9Ys,spasmodic_dysphonia,train
RwScK54s9Ys_seg_027.wav,data/processed/train_set/spasmodic_dysphonia/RwScK54s9Ys_seg_027.wav,RwScK54s9Ys,spasmodic_dysphonia,train
RwScK54s9Ys_seg_028.wav,data/processed/train_set/spasmodic_dysphonia/RwScK54s9Ys_seg_028.wav,RwScK54s9Ys,spasmodic_dysphonia,train
RwScK54s9Ys_seg_029.wav,data/processed/train_set/spasmodic_dysphonia/RwScK54s9Ys_seg_029.wav,RwScK54s9Ys,spasmodic_dysphonia,train
RwScK54s9Ys_seg_030.wav,data/processed/train_set/spasmodic_dysphonia/RwScK54s9Ys_seg_030.wav,RwScK54s9Ys,spasmodic_dysphonia,train
RwScK54s9Ys_seg_031.wav,data/processed/train_set/spasmodic_dysphonia/RwScK54s9Ys_seg_031.wav,RwScK54s9Ys,spasmodic_dysphonia,train
RwScK54s9Ys_seg_032.wav,data/processed/train_set/spasmodic_dysphonia/RwScK54s9Ys_seg_032.wav,RwScK54s9Ys,spasmodic_dysphonia,train
RwScK54s9Ys_seg_033.wav,data/processed/train_set/spasmodic_dysphonia/RwScK54s9Ys_seg_033.wav,RwScK54s9Ys,spasmodic_dysphonia,train
RwScK54s9Ys_seg_034.wav,data/processed/train_set/spasmodic_dysphonia/RwScK54s9Ys_seg_034.wav,RwScK54s9Ys,spasmodic_dysphonia,train
RwScK54s9Ys_seg_035.wav,data/processed/train_set/spasmodic_dysphonia/RwScK54s9Ys_seg_035.wav,RwScK54s9Ys,spasmodic_dysphonia,train
RwScK54s9Ys_seg_036.wav,data/processed/train_set/spasmodic_dysphonia/RwScK54s9Ys_seg_036.wav,RwScK54s9Ys,spasmodic_dysphonia,train
RwScK54s9Ys_seg_037.wav,data/processed/train_set/spasmodic_dysphonia/RwScK54s9Ys_seg_037.wav,RwScK54s9Ys,spasmodic_dysphonia,train
RwScK54s9Ys_seg_038.wav,data/processed/train_set/spasmodic_dysphonia/RwScK54s9Ys_seg_038.wav,RwScK54s9Ys,spasmodic_dysphonia,train
RwScK54s9Ys_seg_039.wav,data/processed/train_set/spasmodic_dysphonia/RwScK54s9Ys_seg_039.wav,RwScK54s9Ys,spasmodic_dysphonia,train
RwScK54s9Ys_seg_040.wav,data/processed/train_set/spasmodic_dysphonia/RwScK54s9Ys_seg_040.wav,RwScK54s9Ys,spasmodic_dysphonia,train
RwScK54s9Ys_seg_041.wav,data/processed/train_set/spasmodic_dysphonia/RwScK54s9Ys_seg_041.wav,RwScK54s9Ys,spasmodic_dysphonia,train
RwScK54s9Ys_seg_042.wav,data/processed/train_set/spasmodic_dysphonia/RwScK54s9Ys_seg_042.wav,RwScK54s9Ys,spasmodic_dysphonia,train
RwScK54s9Ys_seg_043.wav,data/processed/train_set/spasmodic_dysphonia/RwScK54s9Ys_seg_043.wav,RwScK54s9Ys,spasmodic_dysphonia,train
RwScK54s9Ys_seg_044.wav,data/processed/train_set/spasmodic_dysphonia/RwScK54s9Ys_seg_044.wav,RwScK54s9Ys,spasmodic_dysphonia,train
RwScK54s9Ys_seg_045.wav,data/processed/train_set/spasmodic_dysphonia/RwScK54s9Ys_seg_045.wav,RwScK54s9Ys,spasmodic_dysphonia,train
RwScK54s9Ys_seg_046.wav,data/processed/train_set/spasmodic_dysphonia/RwScK54s9Ys_seg_046.wav,RwScK54s9Ys,spasmodic_dysphonia,train
RwScK54s9Ys_seg_047.wav,data/processed/train_set/spasmodic_dysphonia/RwScK54s9Ys_seg_047.wav,RwScK54s9Ys,spasmodic_dysphonia,train
RwScK54s9Ys_seg_048.wav,data/processed/train_set/spasmodic_dysphonia/RwScK54s9Ys_seg_048.wav,RwScK54s9Ys,spasmodic_dysphonia,train
RwScK54s9Ys_seg_049.wav,data/processed/train_set/spasmodic_dysphonia/RwScK54s9Ys_seg_049.wav,RwScK54s9Ys,spasmodic_dysphonia,train
RwScK54s9Ys_seg_050.wav,data/processed/train_set/spasmodic_dysphonia/RwScK54s9Ys_seg_050.wav,RwScK54s9Ys,spasmodic_dysphonia,train
RwScK54s9Ys_seg_051.wav,data/processed/train_set/spasmodic_dysphonia/RwScK54s9Ys_seg_051.wav,RwScK54s9Ys,spasmodic_dysphonia,train
RwScK54s9Ys_seg_052.wav,data/processed/train_set/spasmodic_dysphonia/RwScK54s9Ys_seg_052.wav,RwScK54s9Ys,spasmodic_dysphonia,train
RwScK54s9Ys_seg_053.wav,data/processed/train_set/spasmodic_dysphonia/RwScK54s9Ys_seg_053.wav,RwScK54s9Ys,spasmodic_dysphonia,train
RwScK54s9Ys_seg_054.wav,data/processed/train_set/spasmodic_dysphonia/RwScK54s9Ys_seg_054.wav,RwScK54s9Ys,spasmodic_dysphonia,train
RwScK54s9Ys_seg_055.wav,data/processed/train_set/spasmodic_dysphonia/RwScK54s9Ys_seg_055.wav,RwScK54s9Ys,spasmodic_dysphonia,train
RwScK54s9Ys_seg_056.wav,data/processed/train_set/spasmodic_dysphonia/RwScK54s9Ys_seg_056.wav,RwScK54s9Ys,spasmodic_dysphonia,train
RwScK54s9Ys_seg_057.wav,data/processed/train_set/spasmodic_dysphonia/RwScK54s9Ys_seg_057.wav,RwScK54s9Ys,spasmodic_dysphonia,train
RwScK54s9Ys_seg_058.wav,data/processed/train_set/spasmodic_dysphonia/RwScK54s9Ys_seg_058.wav,RwScK54s9Ys,spasmodic_dysphonia,train
RwScK54s9Ys_seg_059.wav,data/processed/train_set/spasmodic_dysphonia/RwScK54s9Ys_seg_059.wav,RwScK54s9Ys,spasmodic_dysphonia,train
RwScK54s9Ys_seg_060.wav,data/processed/train_set/spasmodic_dysphonia/RwScK54s9Ys_seg_060.wav,RwScK54s9Ys,spasmodic_dysphonia,train
RwScK54s9Ys_seg_061.wav,data/processed/train_set/spasmodic_dysphonia/RwScK54s9Ys_seg_061.wav,RwScK54s9Ys,spasmodic_dysphonia,train
RwScK54s9Ys_seg_062.wav,data/processed/train_set/spasmodic_dysphonia/RwScK54s9Ys_seg_062.wav,RwScK54s9Ys,spasmodic_dysphonia,train
RwScK54s9Ys_seg_063.wav,data/processed/train_set/spasmodic_dysphonia/RwScK54s9Ys_seg_063.wav,RwScK54s9Ys,spasmodic_dysphonia,train
RwScK54s9Ys_seg_064.wav,data/processed/train_set/spasmodic_dysphonia/RwScK54s9Ys_seg_064.wav,RwScK54s9Ys,spasmodic_dysphonia,train
RwScK54s9Ys_seg_065.wav,data/processed/train_set/spasmodic_dysphonia/RwScK54s9Ys_seg_065.wav,RwScK54s9Ys,spasmodic_dysphonia,train
RwScK54s9Ys_seg_066.wav,data/processed/train_set/spasmodic_dysphonia/RwScK54s9Ys_seg_066.wav,RwScK54s9Ys,spasmodic_dysphonia,train
RwScK54s9Ys_seg_067.wav,data/processed/train_set/spasmodic_dysphonia/RwScK54s9Ys_seg_067.wav,RwScK54s9Ys,spasmodic_dysphonia,train
RwScK54s9Ys_seg_068.wav,data/processed/train_set/spasmodic_dysphonia/RwScK54s9Ys_seg_068.wav,RwScK54s9Ys,spasmodic_dysphonia,train
RwScK54s9Ys_seg_069.wav,data/processed/train_set/spasmodic_dysphonia/RwScK54s9Ys_seg_069.wav,RwScK54s9Ys,spasmodic_dysphonia,train
RwScK54s9Ys_seg_070.wav,data/processed/train_set/spasmodic_dysphonia/RwScK54s9Ys_seg_070.wav,RwScK54s9Ys,spasmodic_dysphonia,train
RwScK54s9Ys_seg_071.wav,data/processed/train_set/spasmodic_dysphonia/RwScK54s9Ys_seg_071.wav,RwScK54s9Ys,spasmodic_dysphonia,train
RwScK54s9Ys_seg_072.wav,data/processed/train_set/spasmodic_dysphonia/RwScK54s9Ys_seg_072.wav,RwScK54s9Ys,spasmodic_dysphonia,train
SqzfsKMaLqk_seg_000.wav,data/processed/train_set/spasmodic_dysphonia/SqzfsKMaLqk_seg_000.wav,SqzfsKMaLqk,spasmodic_dysphonia,train
SqzfsKMaLqk_seg_001.wav,data/processed/train_set/spasmodic_dysphonia/SqzfsKMaLqk_seg_001.wav,SqzfsKMaLqk,spasmodic_dysphonia,train
SqzfsKMaLqk_seg_002.wav,data/processed/train_set/spasmodic_dysphonia/SqzfsKMaLqk_seg_002.wav,SqzfsKMaLqk,spasmodic_dysphonia,train
SqzfsKMaLqk_seg_003.wav,data/processed/train_set/spasmodic_dysphonia/SqzfsKMaLqk_seg_003.wav,SqzfsKMaLqk,spasmodic_dysphonia,train
SqzfsKMaLqk_seg_004.wav,data/processed/train_set/spasmodic_dysphonia/SqzfsKMaLqk_seg_004.wav,SqzfsKMaLqk,spasmodic_dysphonia,train
SqzfsKMaLqk_seg_005.wav,data/processed/train_set/spasmodic_dysphonia/SqzfsKMaLqk_seg_005.wav,SqzfsKMaLqk,spasmodic_dysphonia,train
SqzfsKMaLqk_seg_006.wav,data/processed/train_set/spasmodic_dysphonia/SqzfsKMaLqk_seg_006.wav,SqzfsKMaLqk,spasmodic_dysphonia,train
SqzfsKMaLqk_seg_007.wav,data/processed/train_set/spasmodic_dysphonia/SqzfsKMaLqk_seg_007.wav,SqzfsKMaLqk,spasmodic_dysphonia,train
SqzfsKMaLqk_seg_008.wav,data/processed/train_set/spasmodic_dysphonia/SqzfsKMaLqk_seg_008.wav,SqzfsKMaLqk,spasmodic_dysphonia,train
SqzfsKMaLqk_seg_009.wav,data/processed/train_set/spasmodic_dysphonia/SqzfsKMaLqk_seg_009.wav,SqzfsKMaLqk,spasmodic_dysphonia,train
SqzfsKMaLqk_seg_010.wav,data/processed/train_set/spasmodic_dysphonia/SqzfsKMaLqk_seg_010.wav,SqzfsKMaLqk,spasmodic_dysphonia,train
SqzfsKMaLqk_seg_011.wav,data/processed/train_set/spasmodic_dysphonia/SqzfsKMaLqk_seg_011.wav,SqzfsKMaLqk,spasmodic_dysphonia,train
SqzfsKMaLqk_seg_012.wav,data/processed/train_set/spasmodic_dysphonia/SqzfsKMaLqk_seg_012.wav,SqzfsKMaLqk,spasmodic_dysphonia,train
SqzfsKMaLqk_seg_013.wav,data/processed/train_set/spasmodic_dysphonia/SqzfsKMaLqk_seg_013.wav,SqzfsKMaLqk,spasmodic_dysphonia,train
SqzfsKMaLqk_seg_014.wav,data/processed/train_set/spasmodic_dysphonia/SqzfsKMaLqk_seg_014.wav,SqzfsKMaLqk,spasmodic_dysphonia,train
SqzfsKMaLqk_seg_015.wav,data/processed/train_set/spasmodic_dysphonia/SqzfsKMaLqk_seg_015.wav,SqzfsKMaLqk,spasmodic_dysphonia,train
SqzfsKMaLqk_seg_016.wav,data/processed/train_set/spasmodic_dysphonia/SqzfsKMaLqk_seg_016.wav,SqzfsKMaLqk,spasmodic_dysphonia,train
SqzfsKMaLqk_seg_017.wav,data/processed/train_set/spasmodic_dysphonia/SqzfsKMaLqk_seg_017.wav,SqzfsKMaLqk,spasmodic_dysphonia,train
SqzfsKMaLqk_seg_018.wav,data/processed/train_set/spasmodic_dysphonia/SqzfsKMaLqk_seg_018.wav,SqzfsKMaLqk,spasmodic_dysphonia,train
SqzfsKMaLqk_seg_019.wav,data/processed/train_set/spasmodic_dysphonia/SqzfsKMaLqk_seg_019.wav,SqzfsKMaLqk,spasmodic_dysphonia,train
SqzfsKMaLqk_seg_020.wav,data/processed/train_set/spasmodic_dysphonia/SqzfsKMaLqk_seg_020.wav,SqzfsKMaLqk,spasmodic_dysphonia,train
SqzfsKMaLqk_seg_021.wav,data/processed/train_set/spasmodic_dysphonia/SqzfsKMaLqk_seg_021.wav,SqzfsKMaLqk,spasmodic_dysphonia,train
SqzfsKMaLqk_seg_022.wav,data/processed/train_set/spasmodic_dysphonia/SqzfsKMaLqk_seg_022.wav,SqzfsKMaLqk,spasmodic_dysphonia,train
SqzfsKMaLqk_seg_023.wav,data/processed/train_set/spasmodic_dysphonia/SqzfsKMaLqk_seg_023.wav,SqzfsKMaLqk,spasmodic_dysphonia,train
SqzfsKMaLqk_seg_024.wav,data/processed/train_set/spasmodic_dysphonia/SqzfsKMaLqk_seg_024.wav,SqzfsKMaLqk,spasmodic_dysphonia,train
SqzfsKMaLqk_seg_025.wav,data/processed/train_set/spasmodic_dysphonia/SqzfsKMaLqk_seg_025.wav,SqzfsKMaLqk,spasmodic_dysphonia,train
SqzfsKMaLqk_seg_027.wav,data/processed/train_set/spasmodic_dysphonia/SqzfsKMaLqk_seg_027.wav,SqzfsKMaLqk,spasmodic_dysphonia,train
SqzfsKMaLqk_seg_028.wav,data/processed/train_set/spasmodic_dysphonia/SqzfsKMaLqk_seg_028.wav,SqzfsKMaLqk,spasmodic_dysphonia,train
SqzfsKMaLqk_seg_029.wav,data/processed/train_set/spasmodic_dysphonia/SqzfsKMaLqk_seg_029.wav,SqzfsKMaLqk,spasmodic_dysphonia,train
SqzfsKMaLqk_seg_030.wav,data/processed/train_set/spasmodic_dysphonia/SqzfsKMaLqk_seg_030.wav,SqzfsKMaLqk,spasmodic_dysphonia,train
SqzfsKMaLqk_seg_031.wav,data/processed/train_set/spasmodic_dysphonia/SqzfsKMaLqk_seg_031.wav,SqzfsKMaLqk,spasmodic_dysphonia,train
SqzfsKMaLqk_seg_032.wav,data/processed/train_set/spasmodic_dysphonia/SqzfsKMaLqk_seg_032.wav,SqzfsKMaLqk,spasmodic_dysphonia,train
SqzfsKMaLqk_seg_033.wav,data/processed/train_set/spasmodic_dysphonia/SqzfsKMaLqk_seg_033.wav,SqzfsKMaLqk,spasmodic_dysphonia,train
SqzfsKMaLqk_seg_034.wav,data/processed/train_set/spasmodic_dysphonia/SqzfsKMaLqk_seg_034.wav,SqzfsKMaLqk,spasmodic_dysphonia,train
SqzfsKMaLqk_seg_035.wav,data/processed/train_set/spasmodic_dysphonia/SqzfsKMaLqk_seg_035.wav,SqzfsKMaLqk,spasmodic_dysphonia,train
SqzfsKMaLqk_seg_036.wav,data/processed/train_set/spasmodic_dysphonia/SqzfsKMaLqk_seg_036.wav,SqzfsKMaLqk,spasmodic_dysphonia,train
SqzfsKMaLqk_seg_037.wav,data/processed/train_set/spasmodic_dysphonia/SqzfsKMaLqk_seg_037.wav,SqzfsKMaLqk,spasmodic_dysphonia,train
SqzfsKMaLqk_seg_038.wav,data/processed/train_set/spasmodic_dysphonia/SqzfsKMaLqk_seg_038.wav,SqzfsKMaLqk,spasmodic_dysphonia,train
SqzfsKMaLqk_seg_039.wav,data/processed/train_set/spasmodic_dysphonia/SqzfsKMaLqk_seg_039.wav,SqzfsKMaLqk,spasmodic_dysphonia,train
SqzfsKMaLqk_seg_040.wav,data/processed/train_set/spasmodic_dysphonia/SqzfsKMaLqk_seg_040.wav,SqzfsKMaLqk,spasmodic_dysphonia,train
SqzfsKMaLqk_seg_041.wav,data/processed/train_set/spasmodic_dysphonia/SqzfsKMaLqk_seg_041.wav,SqzfsKMaLqk,spasmodic_dysphonia,train
SqzfsKMaLqk_seg_042.wav,data/processed/train_set/spasmodic_dysphonia/SqzfsKMaLqk_seg_042.wav,SqzfsKMaLqk,spasmodic_dysphonia,train
SqzfsKMaLqk_seg_043.wav,data/processed/train_set/spasmodic_dysphonia/SqzfsKMaLqk_seg_043.wav,SqzfsKMaLqk,spasmodic_dysphonia,train
SqzfsKMaLqk_seg_044.wav,data/processed/train_set/spasmodic_dysphonia/SqzfsKMaLqk_seg_044.wav,SqzfsKMaLqk,spasmodic_dysphonia,train
SqzfsKMaLqk_seg_045.wav,data/processed/train_set/spasmodic_dysphonia/SqzfsKMaLqk_seg_045.wav,SqzfsKMaLqk,spasmodic_dysphonia,train
SqzfsKMaLqk_seg_046.wav,data/processed/train_set/spasmodic_dysphonia/SqzfsKMaLqk_seg_046.wav,SqzfsKMaLqk,spasmodic_dysphonia,train
SqzfsKMaLqk_seg_047.wav,data/processed/train_set/spasmodic_dysphonia/SqzfsKMaLqk_seg_047.wav,SqzfsKMaLqk,spasmodic_dysphonia,train
SqzfsKMaLqk_seg_048.wav,data/processed/train_set/spasmodic_dysphonia/SqzfsKMaLqk_seg_048.wav,SqzfsKMaLqk,spasmodic_dysphonia,train
SqzfsKMaLqk_seg_049.wav,data/processed/train_set/spasmodic_dysphonia/SqzfsKMaLqk_seg_049.wav,SqzfsKMaLqk,spasmodic_dysphonia,train
SqzfsKMaLqk_seg_050.wav,data/processed/train_set/spasmodic_dysphonia/SqzfsKMaLqk_seg_050.wav,SqzfsKMaLqk,spasmodic_dysphonia,train
SqzfsKMaLqk_seg_051.wav,data/processed/train_set/spasmodic_dysphonia/SqzfsKMaLqk_seg_051.wav,SqzfsKMaLqk,spasmodic_dysphonia,train
SqzfsKMaLqk_seg_052.wav,data/processed/train_set/spasmodic_dysphonia/SqzfsKMaLqk_seg_052.wav,SqzfsKMaLqk,spasmodic_dysphonia,train
SqzfsKMaLqk_seg_053.wav,data/processed/train_set/spasmodic_dysphonia/SqzfsKMaLqk_seg_053.wav,SqzfsKMaLqk,spasmodic_dysphonia,train
SqzfsKMaLqk_seg_054.wav,data/processed/train_set/spasmodic_dysphonia/SqzfsKMaLqk_seg_054.wav,SqzfsKMaLqk,spasmodic_dysphonia,train
SqzfsKMaLqk_seg_055.wav,data/processed/train_set/spasmodic_dysphonia/SqzfsKMaLqk_seg_055.wav,SqzfsKMaLqk,spasmodic_dysphonia,train
SqzfsKMaLqk_seg_056.wav,data/processed/train_set/spasmodic_dysphonia/SqzfsKMaLqk_seg_056.wav,SqzfsKMaLqk,spasmodic_dysphonia,train
SqzfsKMaLqk_seg_057.wav,data/processed/train_set/spasmodic_dysphonia/SqzfsKMaLqk_seg_057.wav,SqzfsKMaLqk,spasmodic_dysphonia,train
SqzfsKMaLqk_seg_058.wav,data/processed/train_set/spasmodic_dysphonia/SqzfsKMaLqk_seg_058.wav,SqzfsKMaLqk,spasmodic_dysphonia,train
SqzfsKMaLqk_seg_059.wav,data/processed/train_set/spasmodic_dysphonia/SqzfsKMaLqk_seg_059.wav,SqzfsKMaLqk,spasmodic_dysphonia,train
SqzfsKMaLqk_seg_060.wav,data/processed/train_set/spasmodic_dysphonia/SqzfsKMaLqk_seg_060.wav,SqzfsKMaLqk,spasmodic_dysphonia,train
SqzfsKMaLqk_seg_061.wav,data/processed/train_set/spasmodic_dysphonia/SqzfsKMaLqk_seg_061.wav,SqzfsKMaLqk,spasmodic_dysphonia,train
SqzfsKMaLqk_seg_062.wav,data/processed/train_set/spasmodic_dysphonia/SqzfsKMaLqk_seg_062.wav,SqzfsKMaLqk,spasmodic_dysphonia,train
SqzfsKMaLqk_seg_063.wav,data/processed/train_set/spasmodic_dysphonia/SqzfsKMaLqk_seg_063.wav,SqzfsKMaLqk,spasmodic_dysphonia,train
SqzfsKMaLqk_seg_064.wav,data/processed/train_set/spasmodic_dysphonia/SqzfsKMaLqk_seg_064.wav,SqzfsKMaLqk,spasmodic_dysphonia,train
SqzfsKMaLqk_seg_065.wav,data/processed/train_set/spasmodic_dysphonia/SqzfsKMaLqk_seg_065.wav,SqzfsKMaLqk,spasmodic_dysphonia,train
SqzfsKMaLqk_seg_066.wav,data/processed/train_set/spasmodic_dysphonia/SqzfsKMaLqk_seg_066.wav,SqzfsKMaLqk,spasmodic_dysphonia,train
SqzfsKMaLqk_seg_067.wav,data/processed/train_set/spasmodic_dysphonia/SqzfsKMaLqk_seg_067.wav,SqzfsKMaLqk,spasmodic_dysphonia,train
SqzfsKMaLqk_seg_068.wav,data/processed/train_set/spasmodic_dysphonia/SqzfsKMaLqk_seg_068.wav,SqzfsKMaLqk,spasmodic_dysphonia,train
SqzfsKMaLqk_seg_069.wav,data/processed/train_set/spasmodic_dysphonia/SqzfsKMaLqk_seg_069.wav,SqzfsKMaLqk,spasmodic_dysphonia,train
SqzfsKMaLqk_seg_070.wav,data/processed/train_set/spasmodic_dysphonia/SqzfsKMaLqk_seg_070.wav,SqzfsKMaLqk,spasmodic_dysphonia,train
SqzfsKMaLqk_seg_071.wav,data/processed/train_set/spasmodic_dysphonia/SqzfsKMaLqk_seg_071.wav,SqzfsKMaLqk,spasmodic_dysphonia,train
SqzfsKMaLqk_seg_072.wav,data/processed/train_set/spasmodic_dysphonia/SqzfsKMaLqk_seg_072.wav,SqzfsKMaLqk,spasmodic_dysphonia,train
SqzfsKMaLqk_seg_073.wav,data/processed/train_set/spasmodic_dysphonia/SqzfsKMaLqk_seg_073.wav,SqzfsKMaLqk,spasmodic_dysphonia,train
SqzfsKMaLqk_seg_074.wav,data/processed/train_set/spasmodic_dysphonia/SqzfsKMaLqk_seg_074.wav,SqzfsKMaLqk,spasmodic_dysphonia,train
SqzfsKMaLqk_seg_075.wav,data/processed/train_set/spasmodic_dysphonia/SqzfsKMaLqk_seg_075.wav,SqzfsKMaLqk,spasmodic_dysphonia,train
SqzfsKMaLqk_seg_076.wav,data/processed/train_set/spasmodic_dysphonia/SqzfsKMaLqk_seg_076.wav,SqzfsKMaLqk,spasmodic_dysphonia,train
SqzfsKMaLqk_seg_077.wav,data/processed/train_set/spasmodic_dysphonia/SqzfsKMaLqk_seg_077.wav,SqzfsKMaLqk,spasmodic_dysphonia,train
SqzfsKMaLqk_seg_078.wav,data/processed/train_set/spasmodic_dysphonia/SqzfsKMaLqk_seg_078.wav,SqzfsKMaLqk,spasmodic_dysphonia,train
t1nAJvgf_Ls_seg_000.wav,data/processed/train_set/spasmodic_dysphonia/t1nAJvgf_Ls_seg_000.wav,t1nAJvgf_Ls,spasmodic_dysphonia,train
t1nAJvgf_Ls_seg_001.wav,data/processed/train_set/spasmodic_dysphonia/t1nAJvgf_Ls_seg_001.wav,t1nAJvgf_Ls,spasmodic_dysphonia,train
t1nAJvgf_Ls_seg_002.wav,data/processed/train_set/spasmodic_dysphonia/t1nAJvgf_Ls_seg_002.wav,t1nAJvgf_Ls,spasmodic_dysphonia,train
t1nAJvgf_Ls_seg_003.wav,data/processed/train_set/spasmodic_dysphonia/t1nAJvgf_Ls_seg_003.wav,t1nAJvgf_Ls,spasmodic_dysphonia,train
t1nAJvgf_Ls_seg_004.wav,data/processed/train_set/spasmodic_dysphonia/t1nAJvgf_Ls_seg_004.wav,t1nAJvgf_Ls,spasmodic_dysphonia,train
t1nAJvgf_Ls_seg_005.wav,data/processed/train_set/spasmodic_dysphonia/t1nAJvgf_Ls_seg_005.wav,t1nAJvgf_Ls,spasmodic_dysphonia,train
t1nAJvgf_Ls_seg_006.wav,data/processed/train_set/spasmodic_dysphonia/t1nAJvgf_Ls_seg_006.wav,t1nAJvgf_Ls,spasmodic_dysphonia,train
t1nAJvgf_Ls_seg_007.wav,data/processed/train_set/spasmodic_dysphonia/t1nAJvgf_Ls_seg_007.wav,t1nAJvgf_Ls,spasmodic_dysphonia,train
t1nAJvgf_Ls_seg_008.wav,data/processed/train_set/spasmodic_dysphonia/t1nAJvgf_Ls_seg_008.wav,t1nAJvgf_Ls,spasmodic_dysphonia,train
t1nAJvgf_Ls_seg_009.wav,data/processed/train_set/spasmodic_dysphonia/t1nAJvgf_Ls_seg_009.wav,t1nAJvgf_Ls,spasmodic_dysphonia,train
t1nAJvgf_Ls_seg_010.wav,data/processed/train_set/spasmodic_dysphonia/t1nAJvgf_Ls_seg_010.wav,t1nAJvgf_Ls,spasmodic_dysphonia,train
t1nAJvgf_Ls_seg_011.wav,data/processed/train_set/spasmodic_dysphonia/t1nAJvgf_Ls_seg_011.wav,t1nAJvgf_Ls,spasmodic_dysphonia,train
t1nAJvgf_Ls_seg_012.wav,data/processed/train_set/spasmodic_dysphonia/t1nAJvgf_Ls_seg_012.wav,t1nAJvgf_Ls,spasmodic_dysphonia,train
t1nAJvgf_Ls_seg_013.wav,data/processed/train_set/spasmodic_dysphonia/t1nAJvgf_Ls_seg_013.wav,t1nAJvgf_Ls,spasmodic_dysphonia,train
t1nAJvgf_Ls_seg_014.wav,data/processed/train_set/spasmodic_dysphonia/t1nAJvgf_Ls_seg_014.wav,t1nAJvgf_Ls,spasmodic_dysphonia,train
t1nAJvgf_Ls_seg_015.wav,data/processed/train_set/spasmodic_dysphonia/t1nAJvgf_Ls_seg_015.wav,t1nAJvgf_Ls,spasmodic_dysphonia,train
t1nAJvgf_Ls_seg_016.wav,data/processed/train_set/spasmodic_dysphonia/t1nAJvgf_Ls_seg_016.wav,t1nAJvgf_Ls,spasmodic_dysphonia,train
t1nAJvgf_Ls_seg_017.wav,data/processed/train_set/spasmodic_dysphonia/t1nAJvgf_Ls_seg_017.wav,t1nAJvgf_Ls,spasmodic_dysphonia,train
t1nAJvgf_Ls_seg_018.wav,data/processed/train_set/spasmodic_dysphonia/t1nAJvgf_Ls_seg_018.wav,t1nAJvgf_Ls,spasmodic_dysphonia,train
t1nAJvgf_Ls_seg_019.wav,data/processed/train_set/spasmodic_dysphonia/t1nAJvgf_Ls_seg_019.wav,t1nAJvgf_Ls,spasmodic_dysphonia,train
t1nAJvgf_Ls_seg_020.wav,data/processed/train_set/spasmodic_dysphonia/t1nAJvgf_Ls_seg_020.wav,t1nAJvgf_Ls,spasmodic_dysphonia,train
t1nAJvgf_Ls_seg_021.wav,data/processed/train_set/spasmodic_dysphonia/t1nAJvgf_Ls_seg_021.wav,t1nAJvgf_Ls,spasmodic_dysphonia,train
t1nAJvgf_Ls_seg_022.wav,data/processed/train_set/spasmodic_dysphonia/t1nAJvgf_Ls_seg_022.wav,t1nAJvgf_Ls,spasmodic_dysphonia,train
t1nAJvgf_Ls_seg_023.wav,data/processed/train_set/spasmodic_dysphonia/t1nAJvgf_Ls_seg_023.wav,t1nAJvgf_Ls,spasmodic_dysphonia,train
t1nAJvgf_Ls_seg_024.wav,data/processed/train_set/spasmodic_dysphonia/t1nAJvgf_Ls_seg_024.wav,t1nAJvgf_Ls,spasmodic_dysphonia,train
t1nAJvgf_Ls_seg_025.wav,data/processed/train_set/spasmodic_dysphonia/t1nAJvgf_Ls_seg_025.wav,t1nAJvgf_Ls,spasmodic_dysphonia,train
t1nAJvgf_Ls_seg_026.wav,data/processed/train_set/spasmodic_dysphonia/t1nAJvgf_Ls_seg_026.wav,t1nAJvgf_Ls,spasmodic_dysphonia,train
t1nAJvgf_Ls_seg_027.wav,data/processed/train_set/spasmodic_dysphonia/t1nAJvgf_Ls_seg_027.wav,t1nAJvgf_Ls,spasmodic_dysphonia,train
t1nAJvgf_Ls_seg_028.wav,data/processed/train_set/spasmodic_dysphonia/t1nAJvgf_Ls_seg_028.wav,t1nAJvgf_Ls,spasmodic_dysphonia,train
t1nAJvgf_Ls_seg_029.wav,data/processed/train_set/spasmodic_dysphonia/t1nAJvgf_Ls_seg_029.wav,t1nAJvgf_Ls,spasmodic_dysphonia,train
y3CpA15UtBQ_seg_000.wav,data/processed/train_set/spasmodic_dysphonia/y3CpA15UtBQ_seg_000.wav,y3CpA15UtBQ,spasmodic_dysphonia,train
y3CpA15UtBQ_seg_001.wav,data/processed/train_set/spasmodic_dysphonia/y3CpA15UtBQ_seg_001.wav,y3CpA15UtBQ,spasmodic_dysphonia,train
y3CpA15UtBQ_seg_002.wav,data/processed/train_set/spasmodic_dysphonia/y3CpA15UtBQ_seg_002.wav,y3CpA15UtBQ,spasmodic_dysphonia,train
y3CpA15UtBQ_seg_003.wav,data/processed/train_set/spasmodic_dysphonia/y3CpA15UtBQ_seg_003.wav,y3CpA15UtBQ,spasmodic_dysphonia,train
y3CpA15UtBQ_seg_004.wav,data/processed/train_set/spasmodic_dysphonia/y3CpA15UtBQ_seg_004.wav,y3CpA15UtBQ,spasmodic_dysphonia,train
y3CpA15UtBQ_seg_005.wav,data/processed/train_set/spasmodic_dysphonia/y3CpA15UtBQ_seg_005.wav,y3CpA15UtBQ,spasmodic_dysphonia,train
y3CpA15UtBQ_seg_006.wav,data/processed/train_set/spasmodic_dysphonia/y3CpA15UtBQ_seg_006.wav,y3CpA15UtBQ,spasmodic_dysphonia,train
y3CpA15UtBQ_seg_007.wav,data/processed/train_set/spasmodic_dysphonia/y3CpA15UtBQ_seg_007.wav,y3CpA15UtBQ,spasmodic_dysphonia,train
y3CpA15UtBQ_seg_008.wav,data/processed/train_set/spasmodic_dysphonia/y3CpA15UtBQ_seg_008.wav,y3CpA15UtBQ,spasmodic_dysphonia,train
y3CpA15UtBQ_seg_009.wav,data/processed/train_set/spasmodic_dysphonia/y3CpA15UtBQ_seg_009.wav,y3CpA15UtBQ,spasmodic_dysphonia,train
y3CpA15UtBQ_seg_010.wav,data/processed/train_set/spasmodic_dysphonia/y3CpA15UtBQ_seg_010.wav,y3CpA15UtBQ,spasmodic_dysphonia,train
y3CpA15UtBQ_seg_011.wav,data/processed/train_set/spasmodic_dysphonia/y3CpA15UtBQ_seg_011.wav,y3CpA15UtBQ,spasmodic_dysphonia,train
y3CpA15UtBQ_seg_012.wav,data/processed/train_set/spasmodic_dysphonia/y3CpA15UtBQ_seg_012.wav,y3CpA15UtBQ,spasmodic_dysphonia,train
y3CpA15UtBQ_seg_013.wav,data/processed/train_set/spasmodic_dysphonia/y3CpA15UtBQ_seg_013.wav,y3CpA15UtBQ,spasmodic_dysphonia,train
y3CpA15UtBQ_seg_014.wav,data/processed/train_set/spasmodic_dysphonia/y3CpA15UtBQ_seg_014.wav,y3CpA15UtBQ,spasmodic_dysphonia,train
y3CpA15UtBQ_seg_015.wav,data/processed/train_set/spasmodic_dysphonia/y3CpA15UtBQ_seg_015.wav,y3CpA15UtBQ,spasmodic_dysphonia,train
y3CpA15UtBQ_seg_016.wav,data/processed/train_set/spasmodic_dysphonia/y3CpA15UtBQ_seg_016.wav,y3CpA15UtBQ,spasmodic_dysphonia,train
y3CpA15UtBQ_seg_017.wav,data/processed/train_set/spasmodic_dysphonia/y3CpA15UtBQ_seg_017.wav,y3CpA15UtBQ,spasmodic_dysphonia,train
y3CpA15UtBQ_seg_018.wav,data/processed/train_set/spasmodic_dysphonia/y3CpA15UtBQ_seg_018.wav,y3CpA15UtBQ,spasmodic_dysphonia,train
y3CpA15UtBQ_seg_019.wav,data/processed/train_set/spasmodic_dysphonia/y3CpA15UtBQ_seg_019.wav,y3CpA15UtBQ,spasmodic_dysphonia,train
y3CpA15UtBQ_seg_020.wav,data/processed/train_set/spasmodic_dysphonia/y3CpA15UtBQ_seg_020.wav,y3CpA15UtBQ,spasmodic_dysphonia,train
y3CpA15UtBQ_seg_021.wav,data/processed/train_set/spasmodic_dysphonia/y3CpA15UtBQ_seg_021.wav,y3CpA15UtBQ,spasmodic_dysphonia,train
y3CpA15UtBQ_seg_022.wav,data/processed/train_set/spasmodic_dysphonia/y3CpA15UtBQ_seg_022.wav,y3CpA15UtBQ,spasmodic_dysphonia,train
y3CpA15UtBQ_seg_023.wav,data/processed/train_set/spasmodic_dysphonia/y3CpA15UtBQ_seg_023.wav,y3CpA15UtBQ,spasmodic_dysphonia,train
y3CpA15UtBQ_seg_024.wav,data/processed/train_set/spasmodic_dysphonia/y3CpA15UtBQ_seg_024.wav,y3CpA15UtBQ,spasmodic_dysphonia,train
y3CpA15UtBQ_seg_025.wav,data/processed/train_set/spasmodic_dysphonia/y3CpA15UtBQ_seg_025.wav,y3CpA15UtBQ,spasmodic_dysphonia,train
y3CpA15UtBQ_seg_026.wav,data/processed/train_set/spasmodic_dysphonia/y3CpA15UtBQ_seg_026.wav,y3CpA15UtBQ,spasmodic_dysphonia,train
y3CpA15UtBQ_seg_027.wav,data/processed/train_set/spasmodic_dysphonia/y3CpA15UtBQ_seg_027.wav,y3CpA15UtBQ,spasmodic_dysphonia,train
y3CpA15UtBQ_seg_028.wav,data/processed/train_set/spasmodic_dysphonia/y3CpA15UtBQ_seg_028.wav,y3CpA15UtBQ,spasmodic_dysphonia,train
y3CpA15UtBQ_seg_029.wav,data/processed/train_set/spasmodic_dysphonia/y3CpA15UtBQ_seg_029.wav,y3CpA15UtBQ,spasmodic_dysphonia,train
y3CpA15UtBQ_seg_030.wav,data/processed/train_set/spasmodic_dysphonia/y3CpA15UtBQ_seg_030.wav,y3CpA15UtBQ,spasmodic_dysphonia,train
y3CpA15UtBQ_seg_031.wav,data/processed/train_set/spasmodic_dysphonia/y3CpA15UtBQ_seg_031.wav,y3CpA15UtBQ,spasmodic_dysphonia,train
y3CpA15UtBQ_seg_032.wav,data/processed/train_set/spasmodic_dysphonia/y3CpA15UtBQ_seg_032.wav,y3CpA15UtBQ,spasmodic_dysphonia,train
y3CpA15UtBQ_seg_033.wav,data/processed/train_set/spasmodic_dysphonia/y3CpA15UtBQ_seg_033.wav,y3CpA15UtBQ,spasmodic_dysphonia,train
y3CpA15UtBQ_seg_034.wav,data/processed/train_set/spasmodic_dysphonia/y3CpA15UtBQ_seg_034.wav,y3CpA15UtBQ,spasmodic_dysphonia,train
y3CpA15UtBQ_seg_035.wav,data/processed/train_set/spasmodic_dysphonia/y3CpA15UtBQ_seg_035.wav,y3CpA15UtBQ,spasmodic_dysphonia,train
y3CpA15UtBQ_seg_036.wav,data/processed/train_set/spasmodic_dysphonia/y3CpA15UtBQ_seg_036.wav,y3CpA15UtBQ,spasmodic_dysphonia,train
y3CpA15UtBQ_seg_037.wav,data/processed/train_set/spasmodic_dysphonia/y3CpA15UtBQ_seg_037.wav,y3CpA15UtBQ,spasmodic_dysphonia,train
y3CpA15UtBQ_seg_038.wav,data/processed/train_set/spasmodic_dysphonia/y3CpA15UtBQ_seg_038.wav,y3CpA15UtBQ,spasmodic_dysphonia,train
y3CpA15UtBQ_seg_039.wav,data/processed/train_set/spasmodic_dysphonia/y3CpA15UtBQ_seg_039.wav,y3CpA15UtBQ,spasmodic_dysphonia,train
y3CpA15UtBQ_seg_040.wav,data/processed/train_set/spasmodic_dysphonia/y3CpA15UtBQ_seg_040.wav,y3CpA15UtBQ,spasmodic_dysphonia,train
y3CpA15UtBQ_seg_041.wav,data/processed/train_set/spasmodic_dysphonia/y3CpA15UtBQ_seg_041.wav,y3CpA15UtBQ,spasmodic_dysphonia,train
y3CpA15UtBQ_seg_042.wav,data/processed/train_set/spasmodic_dysphonia/y3CpA15UtBQ_seg_042.wav,y3CpA15UtBQ,spasmodic_dysphonia,train
y3CpA15UtBQ_seg_043.wav,data/processed/train_set/spasmodic_dysphonia/y3CpA15UtBQ_seg_043.wav,y3CpA15UtBQ,spasmodic_dysphonia,train
y3CpA15UtBQ_seg_044.wav,data/processed/train_set/spasmodic_dysphonia/y3CpA15UtBQ_seg_044.wav,y3CpA15UtBQ,spasmodic_dysphonia,train
y3CpA15UtBQ_seg_045.wav,data/processed/train_set/spasmodic_dysphonia/y3CpA15UtBQ_seg_045.wav,y3CpA15UtBQ,spasmodic_dysphonia,train
y3CpA15UtBQ_seg_046.wav,data/processed/train_set/spasmodic_dysphonia/y3CpA15UtBQ_seg_046.wav,y3CpA15UtBQ,spasmodic_dysphonia,train
y3CpA15UtBQ_seg_047.wav,data/processed/train_set/spasmodic_dysphonia/y3CpA15UtBQ_seg_047.wav,y3CpA15UtBQ,spasmodic_dysphonia,train
y3CpA15UtBQ_seg_048.wav,data/processed/train_set/spasmodic_dysphonia/y3CpA15UtBQ_seg_048.wav,y3CpA15UtBQ,spasmodic_dysphonia,train
y3CpA15UtBQ_seg_049.wav,data/processed/train_set/spasmodic_dysphonia/y3CpA15UtBQ_seg_049.wav,y3CpA15UtBQ,spasmodic_dysphonia,train
y3CpA15UtBQ_seg_050.wav,data/processed/train_set/spasmodic_dysphonia/y3CpA15UtBQ_seg_050.wav,y3CpA15UtBQ,spasmodic_dysphonia,train
y3CpA15UtBQ_seg_051.wav,data/processed/train_set/spasmodic_dysphonia/y3CpA15UtBQ_seg_051.wav,y3CpA15UtBQ,spasmodic_dysphonia,train
y3CpA15UtBQ_seg_052.wav,data/processed/train_set/spasmodic_dysphonia/y3CpA15UtBQ_seg_052.wav,y3CpA15UtBQ,spasmodic_dysphonia,train
y3CpA15UtBQ_seg_053.wav,data/processed/train_set/spasmodic_dysphonia/y3CpA15UtBQ_seg_053.wav,y3CpA15UtBQ,spasmodic_dysphonia,train
y3CpA15UtBQ_seg_054.wav,data/processed/train_set/spasmodic_dysphonia/y3CpA15UtBQ_seg_054.wav,y3CpA15UtBQ,spasmodic_dysphonia,train
y3CpA15UtBQ_seg_055.wav,data/processed/train_set/spasmodic_dysphonia/y3CpA15UtBQ_seg_055.wav,y3CpA15UtBQ,spasmodic_dysphonia,train
y3CpA15UtBQ_seg_056.wav,data/processed/train_set/spasmodic_dysphonia/y3CpA15UtBQ_seg_056.wav,y3CpA15UtBQ,spasmodic_dysphonia,train
y3CpA15UtBQ_seg_057.wav,data/processed/train_set/spasmodic_dysphonia/y3CpA15UtBQ_seg_057.wav,y3CpA15UtBQ,spasmodic_dysphonia,train
y3CpA15UtBQ_seg_058.wav,data/processed/train_set/spasmodic_dysphonia/y3CpA15UtBQ_seg_058.wav,y3CpA15UtBQ,spasmodic_dysphonia,train
y3CpA15UtBQ_seg_059.wav,data/processed/train_set/spasmodic_dysphonia/y3CpA15UtBQ_seg_059.wav,y3CpA15UtBQ,spasmodic_dysphonia,train
y3CpA15UtBQ_seg_060.wav,data/processed/train_set/spasmodic_dysphonia/y3CpA15UtBQ_seg_060.wav,y3CpA15UtBQ,spasmodic_dysphonia,train
y3CpA15UtBQ_seg_061.wav,data/processed/train_set/spasmodic_dysphonia/y3CpA15UtBQ_seg_061.wav,y3CpA15UtBQ,spasmodic_dysphonia,train
y3CpA15UtBQ_seg_062.wav,data/processed/train_set/spasmodic_dysphonia/y3CpA15UtBQ_seg_062.wav,y3CpA15UtBQ,spasmodic_dysphonia,train
y3CpA15UtBQ_seg_063.wav,data/processed/train_set/spasmodic_dysphonia/y3CpA15UtBQ_seg_063.wav,y3CpA15UtBQ,spasmodic_dysphonia,train
y3CpA15UtBQ_seg_064.wav,data/processed/train_set/spasmodic_dysphonia/y3CpA15UtBQ_seg_064.wav,y3CpA15UtBQ,spasmodic_dysphonia,train
y3CpA15UtBQ_seg_065.wav,data/processed/train_set/spasmodic_dysphonia/y3CpA15UtBQ_seg_065.wav,y3CpA15UtBQ,spasmodic_dysphonia,train
y3CpA15UtBQ_seg_066.wav,data/processed/train_set/spasmodic_dysphonia/y3CpA15UtBQ_seg_066.wav,y3CpA15UtBQ,spasmodic_dysphonia,train
y3CpA15UtBQ_seg_067.wav,data/processed/train_set/spasmodic_dysphonia/y3CpA15UtBQ_seg_067.wav,y3CpA15UtBQ,spasmodic_dysphonia,train
y3CpA15UtBQ_seg_068.wav,data/processed/train_set/spasmodic_dysphonia/y3CpA15UtBQ_seg_068.wav,y3CpA15UtBQ,spasmodic_dysphonia,train
y3CpA15UtBQ_seg_069.wav,data/processed/train_set/spasmodic_dysphonia/y3CpA15UtBQ_seg_069.wav,y3CpA15UtBQ,spasmodic_dysphonia,train
y3CpA15UtBQ_seg_070.wav,data/processed/train_set/spasmodic_dysphonia/y3CpA15UtBQ_seg_070.wav,y3CpA15UtBQ,spasmodic_dysphonia,train
y3CpA15UtBQ_seg_071.wav,data/processed/train_set/spasmodic_dysphonia/y3CpA15UtBQ_seg_071.wav,y3CpA15UtBQ,spasmodic_dysphonia,train
y3CpA15UtBQ_seg_072.wav,data/processed/train_set/spasmodic_dysphonia/y3CpA15UtBQ_seg_072.wav,y3CpA15UtBQ,spasmodic_dysphonia,train
y3CpA15UtBQ_seg_073.wav,data/processed/train_set/spasmodic_dysphonia/y3CpA15UtBQ_seg_073.wav,y3CpA15UtBQ,spasmodic_dysphonia,train
y3CpA15UtBQ_seg_074.wav,data/processed/train_set/spasmodic_dysphonia/y3CpA15UtBQ_seg_074.wav,y3CpA15UtBQ,spasmodic_dysphonia,train
y3CpA15UtBQ_seg_075.wav,data/processed/train_set/spasmodic_dysphonia/y3CpA15UtBQ_seg_075.wav,y3CpA15UtBQ,spasmodic_dysphonia,train
y3CpA15UtBQ_seg_076.wav,data/processed/train_set/spasmodic_dysphonia/y3CpA15UtBQ_seg_076.wav,y3CpA15UtBQ,spasmodic_dysphonia,train
y3CpA15UtBQ_seg_077.wav,data/processed/train_set/spasmodic_dysphonia/y3CpA15UtBQ_seg_077.wav,y3CpA15UtBQ,spasmodic_dysphonia,train
y3CpA15UtBQ_seg_078.wav,data/processed/train_set/spasmodic_dysphonia/y3CpA15UtBQ_seg_078.wav,y3CpA15UtBQ,spasmodic_dysphonia,train
y3CpA15UtBQ_seg_079.wav,data/processed/train_set/spasmodic_dysphonia/y3CpA15UtBQ_seg_079.wav,y3CpA15UtBQ,spasmodic_dysphonia,train
y3CpA15UtBQ_seg_080.wav,data/processed/train_set/spasmodic_dysphonia/y3CpA15UtBQ_seg_080.wav,y3CpA15UtBQ,spasmodic_dysphonia,train
y3CpA15UtBQ_seg_081.wav,data/processed/train_set/spasmodic_dysphonia/y3CpA15UtBQ_seg_081.wav,y3CpA15UtBQ,spasmodic_dysphonia,train
y3CpA15UtBQ_seg_082.wav,data/processed/train_set/spasmodic_dysphonia/y3CpA15UtBQ_seg_082.wav,y3CpA15UtBQ,spasmodic_dysphonia,train
y3CpA15UtBQ_seg_083.wav,data/processed/train_set/spasmodic_dysphonia/y3CpA15UtBQ_seg_083.wav,y3CpA15UtBQ,spasmodic_dysphonia,train
y3CpA15UtBQ_seg_084.wav,data/processed/train_set/spasmodic_dysphonia/y3CpA15UtBQ_seg_084.wav,y3CpA15UtBQ,spasmodic_dysphonia,train
y3CpA15UtBQ_seg_085.wav,data/processed/train_set/spasmodic_dysphonia/y3CpA15UtBQ_seg_085.wav,y3CpA15UtBQ,spasmodic_dysphonia,train
y3CpA15UtBQ_seg_086.wav,data/processed/train_set/spasmodic_dysphonia/y3CpA15UtBQ_seg_086.wav,y3CpA15UtBQ,spasmodic_dysphonia,train
y3CpA15UtBQ_seg_087.wav,data/processed/train_set/spasmodic_dysphonia/y3CpA15UtBQ_seg_087.wav,y3CpA15UtBQ,spasmodic_dysphonia,train
y3CpA15UtBQ_seg_088.wav,data/processed/train_set/spasmodic_dysphonia/y3CpA15UtBQ_seg_088.wav,y3CpA15UtBQ,spasmodic_dysphonia,train
y3CpA15UtBQ_seg_089.wav,data/processed/train_set/spasmodic_dysphonia/y3CpA15UtBQ_seg_089.wav,y3CpA15UtBQ,spasmodic_dysphonia,train
y3CpA15UtBQ_seg_090.wav,data/processed/train_set/spasmodic_dysphonia/y3CpA15UtBQ_seg_090.wav,y3CpA15UtBQ,spasmodic_dysphonia,train
y3CpA15UtBQ_seg_091.wav,data/processed/train_set/spasmodic_dysphonia/y3CpA15UtBQ_seg_091.wav,y3CpA15UtBQ,spasmodic_dysphonia,train
y3CpA15UtBQ_seg_092.wav,data/processed/train_set/spasmodic_dysphonia/y3CpA15UtBQ_seg_092.wav,y3CpA15UtBQ,spasmodic_dysphonia,train
y3CpA15UtBQ_seg_093.wav,data/processed/train_set/spasmodic_dysphonia/y3CpA15UtBQ_seg_093.wav,y3CpA15UtBQ,spasmodic_dysphonia,train
y3CpA15UtBQ_seg_094.wav,data/processed/train_set/spasmodic_dysphonia/y3CpA15UtBQ_seg_094.wav,y3CpA15UtBQ,spasmodic_dysphonia,train
y3CpA15UtBQ_seg_095.wav,data/processed/train_set/spasmodic_dysphonia/y3CpA15UtBQ_seg_095.wav,y3CpA15UtBQ,spasmodic_dysphonia,train
y3CpA15UtBQ_seg_096.wav,data/processed/train_set/spasmodic_dysphonia/y3CpA15UtBQ_seg_096.wav,y3CpA15UtBQ,spasmodic_dysphonia,train
y3CpA15UtBQ_seg_097.wav,data/processed/train_set/spasmodic_dysphonia/y3CpA15UtBQ_seg_097.wav,y3CpA15UtBQ,spasmodic_dysphonia,train
y3CpA15UtBQ_seg_098.wav,data/processed/train_set/spasmodic_dysphonia/y3CpA15UtBQ_seg_098.wav,y3CpA15UtBQ,spasmodic_dysphonia,train
y3CpA15UtBQ_seg_099.wav,data/processed/train_set/spasmodic_dysphonia/y3CpA15UtBQ_seg_099.wav,y3CpA15UtBQ,spasmodic_dysphonia,train
y3CpA15UtBQ_seg_100.wav,data/processed/train_set/spasmodic_dysphonia/y3CpA15UtBQ_seg_100.wav,y3CpA15UtBQ,spasmodic_dysphonia,train
y3CpA15UtBQ_seg_101.wav,data/processed/train_set/spasmodic_dysphonia/y3CpA15UtBQ_seg_101.wav,y3CpA15UtBQ,spasmodic_dysphonia,train
y3CpA15UtBQ_seg_102.wav,data/processed/train_set/spasmodic_dysphonia/y3CpA15UtBQ_seg_102.wav,y3CpA15UtBQ,spasmodic_dysphonia,train
y3CpA15UtBQ_seg_103.wav,data/processed/train_set/spasmodic_dysphonia/y3CpA15UtBQ_seg_103.wav,y3CpA15UtBQ,spasmodic_dysphonia,train
y3CpA15UtBQ_seg_104.wav,data/processed/train_set/spasmodic_dysphonia/y3CpA15UtBQ_seg_104.wav,y3CpA15UtBQ,spasmodic_dysphonia,train
y3CpA15UtBQ_seg_105.wav,data/processed/train_set/spasmodic_dysphonia/y3CpA15UtBQ_seg_105.wav,y3CpA15UtBQ,spasmodic_dysphonia,train
y3CpA15UtBQ_seg_106.wav,data/processed/train_set/spasmodic_dysphonia/y3CpA15UtBQ_seg_106.wav,y3CpA15UtBQ,spasmodic_dysphonia,train
y3CpA15UtBQ_seg_107.wav,data/processed/train_set/spasmodic_dysphonia/y3CpA15UtBQ_seg_107.wav,y3CpA15UtBQ,spasmodic_dysphonia,train
y3CpA15UtBQ_seg_108.wav,data/processed/train_set/spasmodic_dysphonia/y3CpA15UtBQ_seg_108.wav,y3CpA15UtBQ,spasmodic_dysphonia,train
y3CpA15UtBQ_seg_109.wav,data/processed/train_set/spasmodic_dysphonia/y3CpA15UtBQ_seg_109.wav,y3CpA15UtBQ,spasmodic_dysphonia,train
y3CpA15UtBQ_seg_110.wav,data/processed/train_set/spasmodic_dysphonia/y3CpA15UtBQ_seg_110.wav,y3CpA15UtBQ,spasmodic_dysphonia,train
y3CpA15UtBQ_seg_111.wav,data/processed/train_set/spasmodic_dysphonia/y3CpA15UtBQ_seg_111.wav,y3CpA15UtBQ,spasmodic_dysphonia,train
y3CpA15UtBQ_seg_112.wav,data/processed/train_set/spasmodic_dysphonia/y3CpA15UtBQ_seg_112.wav,y3CpA15UtBQ,spasmodic_dysphonia,train
yMSkzVjc-Lg_seg_000.wav,data/processed/train_set/spasmodic_dysphonia/yMSkzVjc-Lg_seg_000.wav,yMSkzVjc-Lg,spasmodic_dysphonia,train
yMSkzVjc-Lg_seg_001.wav,data/processed/train_set/spasmodic_dysphonia/yMSkzVjc-Lg_seg_001.wav,yMSkzVjc-Lg,spasmodic_dysphonia,train
yMSkzVjc-Lg_seg_002.wav,data/processed/train_set/spasmodic_dysphonia/yMSkzVjc-Lg_seg_002.wav,yMSkzVjc-Lg,spasmodic_dysphonia,train
yMSkzVjc-Lg_seg_003.wav,data/processed/train_set/spasmodic_dysphonia/yMSkzVjc-Lg_seg_003.wav,yMSkzVjc-Lg,spasmodic_dysphonia,train
yMSkzVjc-Lg_seg_004.wav,data/processed/train_set/spasmodic_dysphonia/yMSkzVjc-Lg_seg_004.wav,yMSkzVjc-Lg,spasmodic_dysphonia,train
yMSkzVjc-Lg_seg_005.wav,data/processed/train_set/spasmodic_dysphonia/yMSkzVjc-Lg_seg_005.wav,yMSkzVjc-Lg,spasmodic_dysphonia,train
yMSkzVjc-Lg_seg_006.wav,data/processed/train_set/spasmodic_dysphonia/yMSkzVjc-Lg_seg_006.wav,yMSkzVjc-Lg,spasmodic_dysphonia,train
yMSkzVjc-Lg_seg_007.wav,data/processed/train_set/spasmodic_dysphonia/yMSkzVjc-Lg_seg_007.wav,yMSkzVjc-Lg,spasmodic_dysphonia,train
yMSkzVjc-Lg_seg_008.wav,data/processed/train_set/spasmodic_dysphonia/yMSkzVjc-Lg_seg_008.wav,yMSkzVjc-Lg,spasmodic_dysphonia,train
yMSkzVjc-Lg_seg_009.wav,data/processed/train_set/spasmodic_dysphonia/yMSkzVjc-Lg_seg_009.wav,yMSkzVjc-Lg,spasmodic_dysphonia,train
yMSkzVjc-Lg_seg_010.wav,data/processed/train_set/spasmodic_dysphonia/yMSkzVjc-Lg_seg_010.wav,yMSkzVjc-Lg,spasmodic_dysphonia,train
yMSkzVjc-Lg_seg_011.wav,data/processed/train_set/spasmodic_dysphonia/yMSkzVjc-Lg_seg_011.wav,yMSkzVjc-Lg,spasmodic_dysphonia,train
yMSkzVjc-Lg_seg_012.wav,data/processed/train_set/spasmodic_dysphonia/yMSkzVjc-Lg_seg_012.wav,yMSkzVjc-Lg,spasmodic_dysphonia,train
yMSkzVjc-Lg_seg_013.wav,data/processed/train_set/spasmodic_dysphonia/yMSkzVjc-Lg_seg_013.wav,yMSkzVjc-Lg,spasmodic_dysphonia,train
yMSkzVjc-Lg_seg_014.wav,data/processed/train_set/spasmodic_dysphonia/yMSkzVjc-Lg_seg_014.wav,yMSkzVjc-Lg,spasmodic_dysphonia,train
yMSkzVjc-Lg_seg_015.wav,data/processed/train_set/spasmodic_dysphonia/yMSkzVjc-Lg_seg_015.wav,yMSkzVjc-Lg,spasmodic_dysphonia,train
yMSkzVjc-Lg_seg_016.wav,data/processed/train_set/spasmodic_dysphonia/yMSkzVjc-Lg_seg_016.wav,yMSkzVjc-Lg,spasmodic_dysphonia,train
yMSkzVjc-Lg_seg_017.wav,data/processed/train_set/spasmodic_dysphonia/yMSkzVjc-Lg_seg_017.wav,yMSkzVjc-Lg,spasmodic_dysphonia,train
yMSkzVjc-Lg_seg_018.wav,data/processed/train_set/spasmodic_dysphonia/yMSkzVjc-Lg_seg_018.wav,yMSkzVjc-Lg,spasmodic_dysphonia,train
yMSkzVjc-Lg_seg_019.wav,data/processed/train_set/spasmodic_dysphonia/yMSkzVjc-Lg_seg_019.wav,yMSkzVjc-Lg,spasmodic_dysphonia,train
yMSkzVjc-Lg_seg_020.wav,data/processed/train_set/spasmodic_dysphonia/yMSkzVjc-Lg_seg_020.wav,yMSkzVjc-Lg,spasmodic_dysphonia,train
yMSkzVjc-Lg_seg_021.wav,data/processed/train_set/spasmodic_dysphonia/yMSkzVjc-Lg_seg_021.wav,yMSkzVjc-Lg,spasmodic_dysphonia,train
yMSkzVjc-Lg_seg_022.wav,data/processed/train_set/spasmodic_dysphonia/yMSkzVjc-Lg_seg_022.wav,yMSkzVjc-Lg,spasmodic_dysphonia,train
yMSkzVjc-Lg_seg_023.wav,data/processed/train_set/spasmodic_dysphonia/yMSkzVjc-Lg_seg_023.wav,yMSkzVjc-Lg,spasmodic_dysphonia,train
yMSkzVjc-Lg_seg_024.wav,data/processed/train_set/spasmodic_dysphonia/yMSkzVjc-Lg_seg_024.wav,yMSkzVjc-Lg,spasmodic_dysphonia,train
yMSkzVjc-Lg_seg_025.wav,data/processed/train_set/spasmodic_dysphonia/yMSkzVjc-Lg_seg_025.wav,yMSkzVjc-Lg,spasmodic_dysphonia,train
yMSkzVjc-Lg_seg_026.wav,data/processed/train_set/spasmodic_dysphonia/yMSkzVjc-Lg_seg_026.wav,yMSkzVjc-Lg,spasmodic_dysphonia,train
yMSkzVjc-Lg_seg_027.wav,data/processed/train_set/spasmodic_dysphonia/yMSkzVjc-Lg_seg_027.wav,yMSkzVjc-Lg,spasmodic_dysphonia,train
yMSkzVjc-Lg_seg_028.wav,data/processed/train_set/spasmodic_dysphonia/yMSkzVjc-Lg_seg_028.wav,yMSkzVjc-Lg,spasmodic_dysphonia,train
yMSkzVjc-Lg_seg_029.wav,data/processed/train_set/spasmodic_dysphonia/yMSkzVjc-Lg_seg_029.wav,yMSkzVjc-Lg,spasmodic_dysphonia,train
yMSkzVjc-Lg_seg_030.wav,data/processed/train_set/spasmodic_dysphonia/yMSkzVjc-Lg_seg_030.wav,yMSkzVjc-Lg,spasmodic_dysphonia,train
yMSkzVjc-Lg_seg_031.wav,data/processed/train_set/spasmodic_dysphonia/yMSkzVjc-Lg_seg_031.wav,yMSkzVjc-Lg,spasmodic_dysphonia,train
yMSkzVjc-Lg_seg_032.wav,data/processed/train_set/spasmodic_dysphonia/yMSkzVjc-Lg_seg_032.wav,yMSkzVjc-Lg,spasmodic_dysphonia,train
yMSkzVjc-Lg_seg_033.wav,data/processed/train_set/spasmodic_dysphonia/yMSkzVjc-Lg_seg_033.wav,yMSkzVjc-Lg,spasmodic_dysphonia,train
yMSkzVjc-Lg_seg_034.wav,data/processed/train_set/spasmodic_dysphonia/yMSkzVjc-Lg_seg_034.wav,yMSkzVjc-Lg,spasmodic_dysphonia,train
yMSkzVjc-Lg_seg_035.wav,data/processed/train_set/spasmodic_dysphonia/yMSkzVjc-Lg_seg_035.wav,yMSkzVjc-Lg,spasmodic_dysphonia,train
yMSkzVjc-Lg_seg_036.wav,data/processed/train_set/spasmodic_dysphonia/yMSkzVjc-Lg_seg_036.wav,yMSkzVjc-Lg,spasmodic_dysphonia,train
yMSkzVjc-Lg_seg_037.wav,data/processed/train_set/spasmodic_dysphonia/yMSkzVjc-Lg_seg_037.wav,yMSkzVjc-Lg,spasmodic_dysphonia,train
yMSkzVjc-Lg_seg_038.wav,data/processed/train_set/spasmodic_dysphonia/yMSkzVjc-Lg_seg_038.wav,yMSkzVjc-Lg,spasmodic_dysphonia,train
yMSkzVjc-Lg_seg_039.wav,data/processed/train_set/spasmodic_dysphonia/yMSkzVjc-Lg_seg_039.wav,yMSkzVjc-Lg,spasmodic_dysphonia,train
yMSkzVjc-Lg_seg_040.wav,data/processed/train_set/spasmodic_dysphonia/yMSkzVjc-Lg_seg_040.wav,yMSkzVjc-Lg,spasmodic_dysphonia,train
yMSkzVjc-Lg_seg_041.wav,data/processed/train_set/spasmodic_dysphonia/yMSkzVjc-Lg_seg_041.wav,yMSkzVjc-Lg,spasmodic_dysphonia,train
yMSkzVjc-Lg_seg_042.wav,data/processed/train_set/spasmodic_dysphonia/yMSkzVjc-Lg_seg_042.wav,yMSkzVjc-Lg,spasmodic_dysphonia,train
yMSkzVjc-Lg_seg_043.wav,data/processed/train_set/spasmodic_dysphonia/yMSkzVjc-Lg_seg_043.wav,yMSkzVjc-Lg,spasmodic_dysphonia,train
yMSkzVjc-Lg_seg_044.wav,data/processed/train_set/spasmodic_dysphonia/yMSkzVjc-Lg_seg_044.wav,yMSkzVjc-Lg,spasmodic_dysphonia,train
yMSkzVjc-Lg_seg_045.wav,data/processed/train_set/spasmodic_dysphonia/yMSkzVjc-Lg_seg_045.wav,yMSkzVjc-Lg,spasmodic_dysphonia,train
yMSkzVjc-Lg_seg_046.wav,data/processed/train_set/spasmodic_dysphonia/yMSkzVjc-Lg_seg_046.wav,yMSkzVjc-Lg,spasmodic_dysphonia,train
yMSkzVjc-Lg_seg_047.wav,data/processed/train_set/spasmodic_dysphonia/yMSkzVjc-Lg_seg_047.wav,yMSkzVjc-Lg,spasmodic_dysphonia,train
yMSkzVjc-Lg_seg_048.wav,data/processed/train_set/spasmodic_dysphonia/yMSkzVjc-Lg_seg_048.wav,yMSkzVjc-Lg,spasmodic_dysphonia,train
yMSkzVjc-Lg_seg_049.wav,data/processed/train_set/spasmodic_dysphonia/yMSkzVjc-Lg_seg_049.wav,yMSkzVjc-Lg,spasmodic_dysphonia,train
yMSkzVjc-Lg_seg_050.wav,data/processed/train_set/spasmodic_dysphonia/yMSkzVjc-Lg_seg_050.wav,yMSkzVjc-Lg,spasmodic_dysphonia,train
1xoBQiIrWRU_seg_000.wav,data/processed/test_set/spasmodic_dysphonia/1xoBQiIrWRU_seg_000.wav,1xoBQiIrWRU,spasmodic_dysphonia,test
1xoBQiIrWRU_seg_001.wav,data/processed/test_set/spasmodic_dysphonia/1xoBQiIrWRU_seg_001.wav,1xoBQiIrWRU,spasmodic_dysphonia,test
1xoBQiIrWRU_seg_002.wav,data/processed/test_set/spasmodic_dysphonia/1xoBQiIrWRU_seg_002.wav,1xoBQiIrWRU,spasmodic_dysphonia,test
1xoBQiIrWRU_seg_003.wav,data/processed/test_set/spasmodic_dysphonia/1xoBQiIrWRU_seg_003.wav,1xoBQiIrWRU,spasmodic_dysphonia,test
1xoBQiIrWRU_seg_004.wav,data/processed/test_set/spasmodic_dysphonia/1xoBQiIrWRU_seg_004.wav,1xoBQiIrWRU,spasmodic_dysphonia,test
1xoBQiIrWRU_seg_005.wav,data/processed/test_set/spasmodic_dysphonia/1xoBQiIrWRU_seg_005.wav,1xoBQiIrWRU,spasmodic_dysphonia,test
1xoBQiIrWRU_seg_006.wav,data/processed/test_set/spasmodic_dysphonia/1xoBQiIrWRU_seg_006.wav,1xoBQiIrWRU,spasmodic_dysphonia,test
1xoBQiIrWRU_seg_007.wav,data/processed/test_set/spasmodic_dysphonia/1xoBQiIrWRU_seg_007.wav,1xoBQiIrWRU,spasmodic_dysphonia,test
1xoBQiIrWRU_seg_008.wav,data/processed/test_set/spasmodic_dysphonia/1xoBQiIrWRU_seg_008.wav,1xoBQiIrWRU,spasmodic_dysphonia,test
1xoBQiIrWRU_seg_009.wav,data/processed/test_set/spasmodic_dysphonia/1xoBQiIrWRU_seg_009.wav,1xoBQiIrWRU,spasmodic_dysphonia,test
1xoBQiIrWRU_seg_010.wav,data/processed/test_set/spasmodic_dysphonia/1xoBQiIrWRU_seg_010.wav,1xoBQiIrWRU,spasmodic_dysphonia,test
1xoBQiIrWRU_seg_011.wav,data/processed/test_set/spasmodic_dysphonia/1xoBQiIrWRU_seg_011.wav,1xoBQiIrWRU,spasmodic_dysphonia,test
1xoBQiIrWRU_seg_012.wav,data/processed/test_set/spasmodic_dysphonia/1xoBQiIrWRU_seg_012.wav,1xoBQiIrWRU,spasmodic_dysphonia,test
1xoBQiIrWRU_seg_013.wav,data/processed/test_set/spasmodic_dysphonia/1xoBQiIrWRU_seg_013.wav,1xoBQiIrWRU,spasmodic_dysphonia,test
1xoBQiIrWRU_seg_014.wav,data/processed/test_set/spasmodic_dysphonia/1xoBQiIrWRU_seg_014.wav,1xoBQiIrWRU,spasmodic_dysphonia,test
1xoBQiIrWRU_seg_015.wav,data/processed/test_set/spasmodic_dysphonia/1xoBQiIrWRU_seg_015.wav,1xoBQiIrWRU,spasmodic_dysphonia,test
1xoBQiIrWRU_seg_016.wav,data/processed/test_set/spasmodic_dysphonia/1xoBQiIrWRU_seg_016.wav,1xoBQiIrWRU,spasmodic_dysphonia,test
1xoBQiIrWRU_seg_017.wav,data/processed/test_set/spasmodic_dysphonia/1xoBQiIrWRU_seg_017.wav,1xoBQiIrWRU,spasmodic_dysphonia,test
1xoBQiIrWRU_seg_018.wav,data/processed/test_set/spasmodic_dysphonia/1xoBQiIrWRU_seg_018.wav,1xoBQiIrWRU,spasmodic_dysphonia,test
1xoBQiIrWRU_seg_019.wav,data/processed/test_set/spasmodic_dysphonia/1xoBQiIrWRU_seg_019.wav,1xoBQiIrWRU,spasmodic_dysphonia,test
1xoBQiIrWRU_seg_020.wav,data/processed/test_set/spasmodic_dysphonia/1xoBQiIrWRU_seg_020.wav,1xoBQiIrWRU,spasmodic_dysphonia,test
1xoBQiIrWRU_seg_021.wav,data/processed/test_set/spasmodic_dysphonia/1xoBQiIrWRU_seg_021.wav,1xoBQiIrWRU,spasmodic_dysphonia,test
1xoBQiIrWRU_seg_022.wav,data/processed/test_set/spasmodic_dysphonia/1xoBQiIrWRU_seg_022.wav,1xoBQiIrWRU,spasmodic_dysphonia,test
1xoBQiIrWRU_seg_023.wav,data/processed/test_set/spasmodic_dysphonia/1xoBQiIrWRU_seg_023.wav,1xoBQiIrWRU,spasmodic_dysphonia,test
1xoBQiIrWRU_seg_024.wav,data/processed/test_set/spasmodic_dysphonia/1xoBQiIrWRU_seg_024.wav,1xoBQiIrWRU,spasmodic_dysphonia,test
1xoBQiIrWRU_seg_025.wav,data/processed/test_set/spasmodic_dysphonia/1xoBQiIrWRU_seg_025.wav,1xoBQiIrWRU,spasmodic_dysphonia,test
1xoBQiIrWRU_seg_026.wav,data/processed/test_set/spasmodic_dysphonia/1xoBQiIrWRU_seg_026.wav,1xoBQiIrWRU,spasmodic_dysphonia,test
1xoBQiIrWRU_seg_027.wav,data/processed/test_set/spasmodic_dysphonia/1xoBQiIrWRU_seg_027.wav,1xoBQiIrWRU,spasmodic_dysphonia,test
1xoBQiIrWRU_seg_028.wav,data/processed/test_set/spasmodic_dysphonia/1xoBQiIrWRU_seg_028.wav,1xoBQiIrWRU,spasmodic_dysphonia,test
1xoBQiIrWRU_seg_029.wav,data/processed/test_set/spasmodic_dysphonia/1xoBQiIrWRU_seg_029.wav,1xoBQiIrWRU,spasmodic_dysphonia,test
1xoBQiIrWRU_seg_030.wav,data/processed/test_set/spasmodic_dysphonia/1xoBQiIrWRU_seg_030.wav,1xoBQiIrWRU,spasmodic_dysphonia,test
1xoBQiIrWRU_seg_031.wav,data/processed/test_set/spasmodic_dysphonia/1xoBQiIrWRU_seg_031.wav,1xoBQiIrWRU,spasmodic_dysphonia,test
1xoBQiIrWRU_seg_032.wav,data/processed/test_set/spasmodic_dysphonia/1xoBQiIrWRU_seg_032.wav,1xoBQiIrWRU,spasmodic_dysphonia,test
1xoBQiIrWRU_seg_033.wav,data/processed/test_set/spasmodic_dysphonia/1xoBQiIrWRU_seg_033.wav,1xoBQiIrWRU,spasmodic_dysphonia,test
1xoBQiIrWRU_seg_034.wav,data/processed/test_set/spasmodic_dysphonia/1xoBQiIrWRU_seg_034.wav,1xoBQiIrWRU,spasmodic_dysphonia,test
1xoBQiIrWRU_seg_035.wav,data/processed/test_set/spasmodic_dysphonia/1xoBQiIrWRU_seg_035.wav,1xoBQiIrWRU,spasmodic_dysphonia,test
1xoBQiIrWRU_seg_036.wav,data/processed/test_set/spasmodic_dysphonia/1xoBQiIrWRU_seg_036.wav,1xoBQiIrWRU,spasmodic_dysphonia,test
1xoBQiIrWRU_seg_037.wav,data/processed/test_set/spasmodic_dysphonia/1xoBQiIrWRU_seg_037.wav,1xoBQiIrWRU,spasmodic_dysphonia,test
1xoBQiIrWRU_seg_038.wav,data/processed/test_set/spasmodic_dysphonia/1xoBQiIrWRU_seg_038.wav,1xoBQiIrWRU,spasmodic_dysphonia,test
1xoBQiIrWRU_seg_039.wav,data/processed/test_set/spasmodic_dysphonia/1xoBQiIrWRU_seg_039.wav,1xoBQiIrWRU,spasmodic_dysphonia,test
1xoBQiIrWRU_seg_040.wav,data/processed/test_set/spasmodic_dysphonia/1xoBQiIrWRU_seg_040.wav,1xoBQiIrWRU,spasmodic_dysphonia,test
1xoBQiIrWRU_seg_041.wav,data/processed/test_set/spasmodic_dysphonia/1xoBQiIrWRU_seg_041.wav,1xoBQiIrWRU,spasmodic_dysphonia,test
1xoBQiIrWRU_seg_042.wav,data/processed/test_set/spasmodic_dysphonia/1xoBQiIrWRU_seg_042.wav,1xoBQiIrWRU,spasmodic_dysphonia,test
1xoBQiIrWRU_seg_043.wav,data/processed/test_set/spasmodic_dysphonia/1xoBQiIrWRU_seg_043.wav,1xoBQiIrWRU,spasmodic_dysphonia,test
1xoBQiIrWRU_seg_044.wav,data/processed/test_set/spasmodic_dysphonia/1xoBQiIrWRU_seg_044.wav,1xoBQiIrWRU,spasmodic_dysphonia,test
1xoBQiIrWRU_seg_045.wav,data/processed/test_set/spasmodic_dysphonia/1xoBQiIrWRU_seg_045.wav,1xoBQiIrWRU,spasmodic_dysphonia,test
1xoBQiIrWRU_seg_046.wav,data/processed/test_set/spasmodic_dysphonia/1xoBQiIrWRU_seg_046.wav,1xoBQiIrWRU,spasmodic_dysphonia,test
1xoBQiIrWRU_seg_047.wav,data/processed/test_set/spasmodic_dysphonia/1xoBQiIrWRU_seg_047.wav,1xoBQiIrWRU,spasmodic_dysphonia,test
1xoBQiIrWRU_seg_048.wav,data/processed/test_set/spasmodic_dysphonia/1xoBQiIrWRU_seg_048.wav,1xoBQiIrWRU,spasmodic_dysphonia,test
k6rQPJ8uZfE_seg_000.wav,data/processed/test_set/spasmodic_dysphonia/k6rQPJ8uZfE_seg_000.wav,k6rQPJ8uZfE,spasmodic_dysphonia,test
k6rQPJ8uZfE_seg_001.wav,data/processed/test_set/spasmodic_dysphonia/k6rQPJ8uZfE_seg_001.wav,k6rQPJ8uZfE,spasmodic_dysphonia,test
k6rQPJ8uZfE_seg_002.wav,data/processed/test_set/spasmodic_dysphonia/k6rQPJ8uZfE_seg_002.wav,k6rQPJ8uZfE,spasmodic_dysphonia,test
k6rQPJ8uZfE_seg_003.wav,data/processed/test_set/spasmodic_dysphonia/k6rQPJ8uZfE_seg_003.wav,k6rQPJ8uZfE,spasmodic_dysphonia,test
k6rQPJ8uZfE_seg_004.wav,data/processed/test_set/spasmodic_dysphonia/k6rQPJ8uZfE_seg_004.wav,k6rQPJ8uZfE,spasmodic_dysphonia,test
k6rQPJ8uZfE_seg_005.wav,data/processed/test_set/spasmodic_dysphonia/k6rQPJ8uZfE_seg_005.wav,k6rQPJ8uZfE,spasmodic_dysphonia,test
k6rQPJ8uZfE_seg_006.wav,data/processed/test_set/spasmodic_dysphonia/k6rQPJ8uZfE_seg_006.wav,k6rQPJ8uZfE,spasmodic_dysphonia,test
k6rQPJ8uZfE_seg_007.wav,data/processed/test_set/spasmodic_dysphonia/k6rQPJ8uZfE_seg_007.wav,k6rQPJ8uZfE,spasmodic_dysphonia,test
k6rQPJ8uZfE_seg_008.wav,data/processed/test_set/spasmodic_dysphonia/k6rQPJ8uZfE_seg_008.wav,k6rQPJ8uZfE,spasmodic_dysphonia,test
k6rQPJ8uZfE_seg_009.wav,data/processed/test_set/spasmodic_dysphonia/k6rQPJ8uZfE_seg_009.wav,k6rQPJ8uZfE,spasmodic_dysphonia,test
k6rQPJ8uZfE_seg_010.wav,data/processed/test_set/spasmodic_dysphonia/k6rQPJ8uZfE_seg_010.wav,k6rQPJ8uZfE,spasmodic_dysphonia,test
k6rQPJ8uZfE_seg_011.wav,data/processed/test_set/spasmodic_dysphonia/k6rQPJ8uZfE_seg_011.wav,k6rQPJ8uZfE,spasmodic_dysphonia,test
k6rQPJ8uZfE_seg_012.wav,data/processed/test_set/spasmodic_dysphonia/k6rQPJ8uZfE_seg_012.wav,k6rQPJ8uZfE,spasmodic_dysphonia,test
k6rQPJ8uZfE_seg_013.wav,data/processed/test_set/spasmodic_dysphonia/k6rQPJ8uZfE_seg_013.wav,k6rQPJ8uZfE,spasmodic_dysphonia,test
k6rQPJ8uZfE_seg_014.wav,data/processed/test_set/spasmodic_dysphonia/k6rQPJ8uZfE_seg_014.wav,k6rQPJ8uZfE,spasmodic_dysphonia,test
k6rQPJ8uZfE_seg_015.wav,data/processed/test_set/spasmodic_dysphonia/k6rQPJ8uZfE_seg_015.wav,k6rQPJ8uZfE,spasmodic_dysphonia,test
k6rQPJ8uZfE_seg_016.wav,data/processed/test_set/spasmodic_dysphonia/k6rQPJ8uZfE_seg_016.wav,k6rQPJ8uZfE,spasmodic_dysphonia,test
k6rQPJ8uZfE_seg_017.wav,data/processed/test_set/spasmodic_dysphonia/k6rQPJ8uZfE_seg_017.wav,k6rQPJ8uZfE,spasmodic_dysphonia,test
k6rQPJ8uZfE_seg_018.wav,data/processed/test_set/spasmodic_dysphonia/k6rQPJ8uZfE_seg_018.wav,k6rQPJ8uZfE,spasmodic_dysphonia,test
k6rQPJ8uZfE_seg_019.wav,data/processed/test_set/spasmodic_dysphonia/k6rQPJ8uZfE_seg_019.wav,k6rQPJ8uZfE,spasmodic_dysphonia,test
k6rQPJ8uZfE_seg_020.wav,data/processed/test_set/spasmodic_dysphonia/k6rQPJ8uZfE_seg_020.wav,k6rQPJ8uZfE,spasmodic_dysphonia,test
k6rQPJ8uZfE_seg_021.wav,data/processed/test_set/spasmodic_dysphonia/k6rQPJ8uZfE_seg_021.wav,k6rQPJ8uZfE,spasmodic_dysphonia,test
k6rQPJ8uZfE_seg_022.wav,data/processed/test_set/spasmodic_dysphonia/k6rQPJ8uZfE_seg_022.wav,k6rQPJ8uZfE,spasmodic_dysphonia,test
k6rQPJ8uZfE_seg_023.wav,data/processed/test_set/spasmodic_dysphonia/k6rQPJ8uZfE_seg_023.wav,k6rQPJ8uZfE,spasmodic_dysphonia,test
k6rQPJ8uZfE_seg_024.wav,data/processed/test_set/spasmodic_dysphonia/k6rQPJ8uZfE_seg_024.wav,k6rQPJ8uZfE,spasmodic_dysphonia,test
k6rQPJ8uZfE_seg_025.wav,data/processed/test_set/spasmodic_dysphonia/k6rQPJ8uZfE_seg_025.wav,k6rQPJ8uZfE,spasmodic_dysphonia,test
k6rQPJ8uZfE_seg_026.wav,data/processed/test_set/spasmodic_dysphonia/k6rQPJ8uZfE_seg_026.wav,k6rQPJ8uZfE,spasmodic_dysphonia,test
k6rQPJ8uZfE_seg_027.wav,data/processed/test_set/spasmodic_dysphonia/k6rQPJ8uZfE_seg_027.wav,k6rQPJ8uZfE,spasmodic_dysphonia,test
k6rQPJ8uZfE_seg_028.wav,data/processed/test_set/spasmodic_dysphonia/k6rQPJ8uZfE_seg_028.wav,k6rQPJ8uZfE,spasmodic_dysphonia,test
k6rQPJ8uZfE_seg_029.wav,data/processed/test_set/spasmodic_dysphonia/k6rQPJ8uZfE_seg_029.wav,k6rQPJ8uZfE,spasmodic_dysphonia,test
k6rQPJ8uZfE_seg_030.wav,data/processed/test_set/spasmodic_dysphonia/k6rQPJ8uZfE_seg_030.wav,k6rQPJ8uZfE,spasmodic_dysphonia,test
k6rQPJ8uZfE_seg_031.wav,data/processed/test_set/spasmodic_dysphonia/k6rQPJ8uZfE_seg_031.wav,k6rQPJ8uZfE,spasmodic_dysphonia,test
k6rQPJ8uZfE_seg_032.wav,data/processed/test_set/spasmodic_dysphonia/k6rQPJ8uZfE_seg_032.wav,k6rQPJ8uZfE,spasmodic_dysphonia,test
k6rQPJ8uZfE_seg_033.wav,data/processed/test_set/spasmodic_dysphonia/k6rQPJ8uZfE_seg_033.wav,k6rQPJ8uZfE,spasmodic_dysphonia,test
k6rQPJ8uZfE_seg_034.wav,data/processed/test_set/spasmodic_dysphonia/k6rQPJ8uZfE_seg_034.wav,k6rQPJ8uZfE,spasmodic_dysphonia,test
k6rQPJ8uZfE_seg_035.wav,data/processed/test_set/spasmodic_dysphonia/k6rQPJ8uZfE_seg_035.wav,k6rQPJ8uZfE,spasmodic_dysphonia,test
k6rQPJ8uZfE_seg_036.wav,data/processed/test_set/spasmodic_dysphonia/k6rQPJ8uZfE_seg_036.wav,k6rQPJ8uZfE,spasmodic_dysphonia,test
k6rQPJ8uZfE_seg_037.wav,data/processed/test_set/spasmodic_dysphonia/k6rQPJ8uZfE_seg_037.wav,k6rQPJ8uZfE,spasmodic_dysphonia,test
k6rQPJ8uZfE_seg_038.wav,data/processed/test_set/spasmodic_dysphonia/k6rQPJ8uZfE_seg_038.wav,k6rQPJ8uZfE,spasmodic_dysphonia,test
k6rQPJ8uZfE_seg_039.wav,data/processed/test_set/spasmodic_dysphonia/k6rQPJ8uZfE_seg_039.wav,k6rQPJ8uZfE,spasmodic_dysphonia,test
k6rQPJ8uZfE_seg_040.wav,data/processed/test_set/spasmodic_dysphonia/k6rQPJ8uZfE_seg_040.wav,k6rQPJ8uZfE,spasmodic_dysphonia,test
k6rQPJ8uZfE_seg_041.wav,data/processed/test_set/spasmodic_dysphonia/k6rQPJ8uZfE_seg_041.wav,k6rQPJ8uZfE,spasmodic_dysphonia,test
k6rQPJ8uZfE_seg_042.wav,data/processed/test_set/spasmodic_dysphonia/k6rQPJ8uZfE_seg_042.wav,k6rQPJ8uZfE,spasmodic_dysphonia,test
k6rQPJ8uZfE_seg_043.wav,data/processed/test_set/spasmodic_dysphonia/k6rQPJ8uZfE_seg_043.wav,k6rQPJ8uZfE,spasmodic_dysphonia,test
k6rQPJ8uZfE_seg_044.wav,data/processed/test_set/spasmodic_dysphonia/k6rQPJ8uZfE_seg_044.wav,k6rQPJ8uZfE,spasmodic_dysphonia,test
k6rQPJ8uZfE_seg_045.wav,data/processed/test_set/spasmodic_dysphonia/k6rQPJ8uZfE_seg_045.wav,k6rQPJ8uZfE,spasmodic_dysphonia,test
k6rQPJ8uZfE_seg_046.wav,data/processed/test_set/spasmodic_dysphonia/k6rQPJ8uZfE_seg_046.wav,k6rQPJ8uZfE,spasmodic_dysphonia,test
k6rQPJ8uZfE_seg_047.wav,data/processed/test_set/spasmodic_dysphonia/k6rQPJ8uZfE_seg_047.wav,k6rQPJ8uZfE,spasmodic_dysphonia,test
k6rQPJ8uZfE_seg_048.wav,data/processed/test_set/spasmodic_dysphonia/k6rQPJ8uZfE_seg_048.wav,k6rQPJ8uZfE,spasmodic_dysphonia,test
k6rQPJ8uZfE_seg_049.wav,data/processed/test_set/spasmodic_dysphonia/k6rQPJ8uZfE_seg_049.wav,k6rQPJ8uZfE,spasmodic_dysphonia,test
k6rQPJ8uZfE_seg_050.wav,data/processed/test_set/spasmodic_dysphonia/k6rQPJ8uZfE_seg_050.wav,k6rQPJ8uZfE,spasmodic_dysphonia,test
k6rQPJ8uZfE_seg_051.wav,data/processed/test_set/spasmodic_dysphonia/k6rQPJ8uZfE_seg_051.wav,k6rQPJ8uZfE,spasmodic_dysphonia,test
k6rQPJ8uZfE_seg_052.wav,data/processed/test_set/spasmodic_dysphonia/k6rQPJ8uZfE_seg_052.wav,k6rQPJ8uZfE,spasmodic_dysphonia,test
k6rQPJ8uZfE_seg_053.wav,data/processed/test_set/spasmodic_dysphonia/k6rQPJ8uZfE_seg_053.wav,k6rQPJ8uZfE,spasmodic_dysphonia,test
k6rQPJ8uZfE_seg_054.wav,data/processed/test_set/spasmodic_dysphonia/k6rQPJ8uZfE_seg_054.wav,k6rQPJ8uZfE,spasmodic_dysphonia,test
k6rQPJ8uZfE_seg_055.wav,data/processed/test_set/spasmodic_dysphonia/k6rQPJ8uZfE_seg_055.wav,k6rQPJ8uZfE,spasmodic_dysphonia,test
k6rQPJ8uZfE_seg_056.wav,data/processed/test_set/spasmodic_dysphonia/k6rQPJ8uZfE_seg_056.wav,k6rQPJ8uZfE,spasmodic_dysphonia,test
k6rQPJ8uZfE_seg_057.wav,data/processed/test_set/spasmodic_dysphonia/k6rQPJ8uZfE_seg_057.wav,k6rQPJ8uZfE,spasmodic_dysphonia,test
k6rQPJ8uZfE_seg_058.wav,data/processed/test_set/spasmodic_dysphonia/k6rQPJ8uZfE_seg_058.wav,k6rQPJ8uZfE,spasmodic_dysphonia,test
k6rQPJ8uZfE_seg_059.wav,data/processed/test_set/spasmodic_dysphonia/k6rQPJ8uZfE_seg_059.wav,k6rQPJ8uZfE,spasmodic_dysphonia,test
k6rQPJ8uZfE_seg_060.wav,data/processed/test_set/spasmodic_dysphonia/k6rQPJ8uZfE_seg_060.wav,k6rQPJ8uZfE,spasmodic_dysphonia,test
k6rQPJ8uZfE_seg_061.wav,data/processed/test_set/spasmodic_dysphonia/k6rQPJ8uZfE_seg_061.wav,k6rQPJ8uZfE,spasmodic_dysphonia,test
k6rQPJ8uZfE_seg_062.wav,data/processed/test_set/spasmodic_dysphonia/k6rQPJ8uZfE_seg_062.wav,k6rQPJ8uZfE,spasmodic_dysphonia,test
k6rQPJ8uZfE_seg_063.wav,data/processed/test_set/spasmodic_dysphonia/k6rQPJ8uZfE_seg_063.wav,k6rQPJ8uZfE,spasmodic_dysphonia,test
k6rQPJ8uZfE_seg_064.wav,data/processed/test_set/spasmodic_dysphonia/k6rQPJ8uZfE_seg_064.wav,k6rQPJ8uZfE,spasmodic_dysphonia,test
k6rQPJ8uZfE_seg_065.wav,data/processed/test_set/spasmodic_dysphonia/k6rQPJ8uZfE_seg_065.wav,k6rQPJ8uZfE,spasmodic_dysphonia,test
k6rQPJ8uZfE_seg_066.wav,data/processed/test_set/spasmodic_dysphonia/k6rQPJ8uZfE_seg_066.wav,k6rQPJ8uZfE,spasmodic_dysphonia,test
k6rQPJ8uZfE_seg_067.wav,data/processed/test_set/spasmodic_dysphonia/k6rQPJ8uZfE_seg_067.wav,k6rQPJ8uZfE,spasmodic_dysphonia,test
k6rQPJ8uZfE_seg_068.wav,data/processed/test_set/spasmodic_dysphonia/k6rQPJ8uZfE_seg_068.wav,k6rQPJ8uZfE,spasmodic_dysphonia,test
k6rQPJ8uZfE_seg_069.wav,data/processed/test_set/spasmodic_dysphonia/k6rQPJ8uZfE_seg_069.wav,k6rQPJ8uZfE,spasmodic_dysphonia,test
k6rQPJ8uZfE_seg_070.wav,data/processed/test_set/spasmodic_dysphonia/k6rQPJ8uZfE_seg_070.wav,k6rQPJ8uZfE,spasmodic_dysphonia,test
k6rQPJ8uZfE_seg_071.wav,data/processed/test_set/spasmodic_dysphonia/k6rQPJ8uZfE_seg_071.wav,k6rQPJ8uZfE,spasmodic_dysphonia,test
k6rQPJ8uZfE_seg_072.wav,data/processed/test_set/spasmodic_dysphonia/k6rQPJ8uZfE_seg_072.wav,k6rQPJ8uZfE,spasmodic_dysphonia,test
k6rQPJ8uZfE_seg_073.wav,data/processed/test_set/spasmodic_dysphonia/k6rQPJ8uZfE_seg_073.wav,k6rQPJ8uZfE,spasmodic_dysphonia,test
k6rQPJ8uZfE_seg_074.wav,data/processed/test_set/spasmodic_dysphonia/k6rQPJ8uZfE_seg_074.wav,k6rQPJ8uZfE,spasmodic_dysphonia,test
k6rQPJ8uZfE_seg_075.wav,data/processed/test_set/spasmodic_dysphonia/k6rQPJ8uZfE_seg_075.wav,k6rQPJ8uZfE,spasmodic_dysphonia,test
k6rQPJ8uZfE_seg_076.wav,data/processed/test_set/spasmodic_dysphonia/k6rQPJ8uZfE_seg_076.wav,k6rQPJ8uZfE,spasmodic_dysphonia,test
k6rQPJ8uZfE_seg_077.wav,data/processed/test_set/spasmodic_dysphonia/k6rQPJ8uZfE_seg_077.wav,k6rQPJ8uZfE,spasmodic_dysphonia,test
k6rQPJ8uZfE_seg_078.wav,data/processed/test_set/spasmodic_dysphonia/k6rQPJ8uZfE_seg_078.wav,k6rQPJ8uZfE,spasmodic_dysphonia,test
k6rQPJ8uZfE_seg_079.wav,data/processed/test_set/spasmodic_dysphonia/k6rQPJ8uZfE_seg_079.wav,k6rQPJ8uZfE,spasmodic_dysphonia,test
k6rQPJ8uZfE_seg_080.wav,data/processed/test_set/spasmodic_dysphonia/k6rQPJ8uZfE_seg_080.wav,k6rQPJ8uZfE,spasmodic_dysphonia,test
k6rQPJ8uZfE_seg_081.wav,data/processed/test_set/spasmodic_dysphonia/k6rQPJ8uZfE_seg_081.wav,k6rQPJ8uZfE,spasmodic_dysphonia,test
k6rQPJ8uZfE_seg_082.wav,data/processed/test_set/spasmodic_dysphonia/k6rQPJ8uZfE_seg_082.wav,k6rQPJ8uZfE,spasmodic_dysphonia,test
k6rQPJ8uZfE_seg_083.wav,data/processed/test_set/spasmodic_dysphonia/k6rQPJ8uZfE_seg_083.wav,k6rQPJ8uZfE,spasmodic_dysphonia,test
k6rQPJ8uZfE_seg_084.wav,data/processed/test_set/spasmodic_dysphonia/k6rQPJ8uZfE_seg_084.wav,k6rQPJ8uZfE,spasmodic_dysphonia,test
k6rQPJ8uZfE_seg_085.wav,data/processed/test_set/spasmodic_dysphonia/k6rQPJ8uZfE_seg_085.wav,k6rQPJ8uZfE,spasmodic_dysphonia,test
k6rQPJ8uZfE_seg_086.wav,data/processed/test_set/spasmodic_dysphonia/k6rQPJ8uZfE_seg_086.wav,k6rQPJ8uZfE,spasmodic_dysphonia,test
k6rQPJ8uZfE_seg_087.wav,data/processed/test_set/spasmodic_dysphonia/k6rQPJ8uZfE_seg_087.wav,k6rQPJ8uZfE,spasmodic_dysphonia,test
k6rQPJ8uZfE_seg_088.wav,data/processed/test_set/spasmodic_dysphonia/k6rQPJ8uZfE_seg_088.wav,k6rQPJ8uZfE,spasmodic_dysphonia,test
k6rQPJ8uZfE_seg_089.wav,data/processed/test_set/spasmodic_dysphonia/k6rQPJ8uZfE_seg_089.wav,k6rQPJ8uZfE,spasmodic_dysphonia,test
k6rQPJ8uZfE_seg_090.wav,data/processed/test_set/spasmodic_dysphonia/k6rQPJ8uZfE_seg_090.wav,k6rQPJ8uZfE,spasmodic_dysphonia,test
k6rQPJ8uZfE_seg_091.wav,data/processed/test_set/spasmodic_dysphonia/k6rQPJ8uZfE_seg_091.wav,k6rQPJ8uZfE,spasmodic_dysphonia,test
k6rQPJ8uZfE_seg_092.wav,data/processed/test_set/spasmodic_dysphonia/k6rQPJ8uZfE_seg_092.wav,k6rQPJ8uZfE,spasmodic_dysphonia,test
k6rQPJ8uZfE_seg_093.wav,data/processed/test_set/spasmodic_dysphonia/k6rQPJ8uZfE_seg_093.wav,k6rQPJ8uZfE,spasmodic_dysphonia,test
k6rQPJ8uZfE_seg_094.wav,data/processed/test_set/spasmodic_dysphonia/k6rQPJ8uZfE_seg_094.wav,k6rQPJ8uZfE,spasmodic_dysphonia,test
k6rQPJ8uZfE_seg_095.wav,data/processed/test_set/spasmodic_dysphonia/k6rQPJ8uZfE_seg_095.wav,k6rQPJ8uZfE,spasmodic_dysphonia,test
k6rQPJ8uZfE_seg_096.wav,data/processed/test_set/spasmodic_dysphonia/k6rQPJ8uZfE_seg_096.wav,k6rQPJ8uZfE,spasmodic_dysphonia,test
k6rQPJ8uZfE_seg_097.wav,data/processed/test_set/spasmodic_dysphonia/k6rQPJ8uZfE_seg_097.wav,k6rQPJ8uZfE,spasmodic_dysphonia,test
k6rQPJ8uZfE_seg_098.wav,data/processed/test_set/spasmodic_dysphonia/k6rQPJ8uZfE_seg_098.wav,k6rQPJ8uZfE,spasmodic_dysphonia,test
k6rQPJ8uZfE_seg_099.wav,data/processed/test_set/spasmodic_dysphonia/k6rQPJ8uZfE_seg_099.wav,k6rQPJ8uZfE,spasmodic_dysphonia,test
k6rQPJ8uZfE_seg_100.wav,data/processed/test_set/spasmodic_dysphonia/k6rQPJ8uZfE_seg_100.wav,k6rQPJ8uZfE,spasmodic_dysphonia,test
k6rQPJ8uZfE_seg_101.wav,data/processed/test_set/spasmodic_dysphonia/k6rQPJ8uZfE_seg_101.wav,k6rQPJ8uZfE,spasmodic_dysphonia,test
k6rQPJ8uZfE_seg_102.wav,data/processed/test_set/spasmodic_dysphonia/k6rQPJ8uZfE_seg_102.wav,k6rQPJ8uZfE,spasmodic_dysphonia,test
k6rQPJ8uZfE_seg_103.wav,data/processed/test_set/spasmodic_dysphonia/k6rQPJ8uZfE_seg_103.wav,k6rQPJ8uZfE,spasmodic_dysphonia,test
k6rQPJ8uZfE_seg_104.wav,data/processed/test_set/spasmodic_dysphonia/k6rQPJ8uZfE_seg_104.wav,k6rQPJ8uZfE,spasmodic_dysphonia,test
k6rQPJ8uZfE_seg_105.wav,data/processed/test_set/spasmodic_dysphonia/k6rQPJ8uZfE_seg_105.wav,k6rQPJ8uZfE,spasmodic_dysphonia,test
k6rQPJ8uZfE_seg_106.wav,data/processed/test_set/spasmodic_dysphonia/k6rQPJ8uZfE_seg_106.wav,k6rQPJ8uZfE,spasmodic_dysphonia,test
k6rQPJ8uZfE_seg_107.wav,data/processed/test_set/spasmodic_dysphonia/k6rQPJ8uZfE_seg_107.wav,k6rQPJ8uZfE,spasmodic_dysphonia,test
k6rQPJ8uZfE_seg_108.wav,data/processed/test_set/spasmodic_dysphonia/k6rQPJ8uZfE_seg_108.wav,k6rQPJ8uZfE,spasmodic_dysphonia,test
k6rQPJ8uZfE_seg_109.wav,data/processed/test_set/spasmodic_dysphonia/k6rQPJ8uZfE_seg_109.wav,k6rQPJ8uZfE,spasmodic_dysphonia,test
k6rQPJ8uZfE_seg_110.wav,data/processed/test_set/spasmodic_dysphonia/k6rQPJ8uZfE_seg_110.wav,k6rQPJ8uZfE,spasmodic_dysphonia,test
k6rQPJ8uZfE_seg_111.wav,data/processed/test_set/spasmodic_dysphonia/k6rQPJ8uZfE_seg_111.wav,k6rQPJ8uZfE,spasmodic_dysphonia,test
kLlHVBwxGGg_seg_000.wav,data/processed/test_set/spasmodic_dysphonia/kLlHVBwxGGg_seg_000.wav,kLlHVBwxGGg,spasmodic_dysphonia,test
kLlHVBwxGGg_seg_001.wav,data/processed/test_set/spasmodic_dysphonia/kLlHVBwxGGg_seg_001.wav,kLlHVBwxGGg,spasmodic_dysphonia,test
kLlHVBwxGGg_seg_002.wav,data/processed/test_set/spasmodic_dysphonia/kLlHVBwxGGg_seg_002.wav,kLlHVBwxGGg,spasmodic_dysphonia,test
kLlHVBwxGGg_seg_003.wav,data/processed/test_set/spasmodic_dysphonia/kLlHVBwxGGg_seg_003.wav,kLlHVBwxGGg,spasmodic_dysphonia,test
kLlHVBwxGGg_seg_004.wav,data/processed/test_set/spasmodic_dysphonia/kLlHVBwxGGg_seg_004.wav,kLlHVBwxGGg,spasmodic_dysphonia,test
kLlHVBwxGGg_seg_005.wav,data/processed/test_set/spasmodic_dysphonia/kLlHVBwxGGg_seg_005.wav,kLlHVBwxGGg,spasmodic_dysphonia,test
kLlHVBwxGGg_seg_006.wav,data/processed/test_set/spasmodic_dysphonia/kLlHVBwxGGg_seg_006.wav,kLlHVBwxGGg,spasmodic_dysphonia,test
kLlHVBwxGGg_seg_007.wav,data/processed/test_set/spasmodic_dysphonia/kLlHVBwxGGg_seg_007.wav,kLlHVBwxGGg,spasmodic_dysphonia,test
kLlHVBwxGGg_seg_008.wav,data/processed/test_set/spasmodic_dysphonia/kLlHVBwxGGg_seg_008.wav,kLlHVBwxGGg,spasmodic_dysphonia,test
kLlHVBwxGGg_seg_009.wav,data/processed/test_set/spasmodic_dysphonia/kLlHVBwxGGg_seg_009.wav,kLlHVBwxGGg,spasmodic_dysphonia,test
kLlHVBwxGGg_seg_010.wav,data/processed/test_set/spasmodic_dysphonia/kLlHVBwxGGg_seg_010.wav,kLlHVBwxGGg,spasmodic_dysphonia,test
kLlHVBwxGGg_seg_011.wav,data/processed/test_set/spasmodic_dysphonia/kLlHVBwxGGg_seg_011.wav,kLlHVBwxGGg,spasmodic_dysphonia,test
kLlHVBwxGGg_seg_012.wav,data/processed/test_set/spasmodic_dysphonia/kLlHVBwxGGg_seg_012.wav,kLlHVBwxGGg,spasmodic_dysphonia,test
kLlHVBwxGGg_seg_013.wav,data/processed/test_set/spasmodic_dysphonia/kLlHVBwxGGg_seg_013.wav,kLlHVBwxGGg,spasmodic_dysphonia,test
kLlHVBwxGGg_seg_014.wav,data/processed/test_set/spasmodic_dysphonia/kLlHVBwxGGg_seg_014.wav,kLlHVBwxGGg,spasmodic_dysphonia,test
kLlHVBwxGGg_seg_015.wav,data/processed/test_set/spasmodic_dysphonia/kLlHVBwxGGg_seg_015.wav,kLlHVBwxGGg,spasmodic_dysphonia,test
kLlHVBwxGGg_seg_016.wav,data/processed/test_set/spasmodic_dysphonia/kLlHVBwxGGg_seg_016.wav,kLlHVBwxGGg,spasmodic_dysphonia,test
kLlHVBwxGGg_seg_017.wav,data/processed/test_set/spasmodic_dysphonia/kLlHVBwxGGg_seg_017.wav,kLlHVBwxGGg,spasmodic_dysphonia,test
kLlHVBwxGGg_seg_018.wav,data/processed/test_set/spasmodic_dysphonia/kLlHVBwxGGg_seg_018.wav,kLlHVBwxGGg,spasmodic_dysphonia,test
kLlHVBwxGGg_seg_019.wav,data/processed/test_set/spasmodic_dysphonia/kLlHVBwxGGg_seg_019.wav,kLlHVBwxGGg,spasmodic_dysphonia,test
kLlHVBwxGGg_seg_020.wav,data/processed/test_set/spasmodic_dysphonia/kLlHVBwxGGg_seg_020.wav,kLlHVBwxGGg,spasmodic_dysphonia,test
kLlHVBwxGGg_seg_021.wav,data/processed/test_set/spasmodic_dysphonia/kLlHVBwxGGg_seg_021.wav,kLlHVBwxGGg,spasmodic_dysphonia,test
kLlHVBwxGGg_seg_022.wav,data/processed/test_set/spasmodic_dysphonia/kLlHVBwxGGg_seg_022.wav,kLlHVBwxGGg,spasmodic_dysphonia,test
kLlHVBwxGGg_seg_023.wav,data/processed/test_set/spasmodic_dysphonia/kLlHVBwxGGg_seg_023.wav,kLlHVBwxGGg,spasmodic_dysphonia,test
kLlHVBwxGGg_seg_024.wav,data/processed/test_set/spasmodic_dysphonia/kLlHVBwxGGg_seg_024.wav,kLlHVBwxGGg,spasmodic_dysphonia,test
kLlHVBwxGGg_seg_025.wav,data/processed/test_set/spasmodic_dysphonia/kLlHVBwxGGg_seg_025.wav,kLlHVBwxGGg,spasmodic_dysphonia,test
kLlHVBwxGGg_seg_026.wav,data/processed/test_set/spasmodic_dysphonia/kLlHVBwxGGg_seg_026.wav,kLlHVBwxGGg,spasmodic_dysphonia,test
kLlHVBwxGGg_seg_027.wav,data/processed/test_set/spasmodic_dysphonia/kLlHVBwxGGg_seg_027.wav,kLlHVBwxGGg,spasmodic_dysphonia,test
kLlHVBwxGGg_seg_028.wav,data/processed/test_set/spasmodic_dysphonia/kLlHVBwxGGg_seg_028.wav,kLlHVBwxGGg,spasmodic_dysphonia,test
kLlHVBwxGGg_seg_029.wav,data/processed/test_set/spasmodic_dysphonia/kLlHVBwxGGg_seg_029.wav,kLlHVBwxGGg,spasmodic_dysphonia,test
kLlHVBwxGGg_seg_030.wav,data/processed/test_set/spasmodic_dysphonia/kLlHVBwxGGg_seg_030.wav,kLlHVBwxGGg,spasmodic_dysphonia,test
kLlHVBwxGGg_seg_031.wav,data/processed/test_set/spasmodic_dysphonia/kLlHVBwxGGg_seg_031.wav,kLlHVBwxGGg,spasmodic_dysphonia,test
kLlHVBwxGGg_seg_032.wav,data/processed/test_set/spasmodic_dysphonia/kLlHVBwxGGg_seg_032.wav,kLlHVBwxGGg,spasmodic_dysphonia,test
kLlHVBwxGGg_seg_033.wav,data/processed/test_set/spasmodic_dysphonia/kLlHVBwxGGg_seg_033.wav,kLlHVBwxGGg,spasmodic_dysphonia,test
kLlHVBwxGGg_seg_034.wav,data/processed/test_set/spasmodic_dysphonia/kLlHVBwxGGg_seg_034.wav,kLlHVBwxGGg,spasmodic_dysphonia,test
kLlHVBwxGGg_seg_035.wav,data/processed/test_set/spasmodic_dysphonia/kLlHVBwxGGg_seg_035.wav,kLlHVBwxGGg,spasmodic_dysphonia,test
kLlHVBwxGGg_seg_036.wav,data/processed/test_set/spasmodic_dysphonia/kLlHVBwxGGg_seg_036.wav,kLlHVBwxGGg,spasmodic_dysphonia,test
kLlHVBwxGGg_seg_037.wav,data/processed/test_set/spasmodic_dysphonia/kLlHVBwxGGg_seg_037.wav,kLlHVBwxGGg,spasmodic_dysphonia,test
kLlHVBwxGGg_seg_038.wav,data/processed/test_set/spasmodic_dysphonia/kLlHVBwxGGg_seg_038.wav,kLlHVBwxGGg,spasmodic_dysphonia,test
kLlHVBwxGGg_seg_039.wav,data/processed/test_set/spasmodic_dysphonia/kLlHVBwxGGg_seg_039.wav,kLlHVBwxGGg,spasmodic_dysphonia,test
kLlHVBwxGGg_seg_040.wav,data/processed/test_set/spasmodic_dysphonia/kLlHVBwxGGg_seg_040.wav,kLlHVBwxGGg,spasmodic_dysphonia,test
kLlHVBwxGGg_seg_041.wav,data/processed/test_set/spasmodic_dysphonia/kLlHVBwxGGg_seg_041.wav,kLlHVBwxGGg,spasmodic_dysphonia,test
kLlHVBwxGGg_seg_042.wav,data/processed/test_set/spasmodic_dysphonia/kLlHVBwxGGg_seg_042.wav,kLlHVBwxGGg,spasmodic_dysphonia,test
kLlHVBwxGGg_seg_043.wav,data/processed/test_set/spasmodic_dysphonia/kLlHVBwxGGg_seg_043.wav,kLlHVBwxGGg,spasmodic_dysphonia,test
kLlHVBwxGGg_seg_044.wav,data/processed/test_set/spasmodic_dysphonia/kLlHVBwxGGg_seg_044.wav,kLlHVBwxGGg,spasmodic_dysphonia,test
kLlHVBwxGGg_seg_045.wav,data/processed/test_set/spasmodic_dysphonia/kLlHVBwxGGg_seg_045.wav,kLlHVBwxGGg,spasmodic_dysphonia,test
kLlHVBwxGGg_seg_046.wav,data/processed/test_set/spasmodic_dysphonia/kLlHVBwxGGg_seg_046.wav,kLlHVBwxGGg,spasmodic_dysphonia,test
kLlHVBwxGGg_seg_047.wav,data/processed/test_set/spasmodic_dysphonia/kLlHVBwxGGg_seg_047.wav,kLlHVBwxGGg,spasmodic_dysphonia,test
kLlHVBwxGGg_seg_048.wav,data/processed/test_set/spasmodic_dysphonia/kLlHVBwxGGg_seg_048.wav,kLlHVBwxGGg,spasmodic_dysphonia,test
kLlHVBwxGGg_seg_049.wav,data/processed/test_set/spasmodic_dysphonia/kLlHVBwxGGg_seg_049.wav,kLlHVBwxGGg,spasmodic_dysphonia,test
kLlHVBwxGGg_seg_050.wav,data/processed/test_set/spasmodic_dysphonia/kLlHVBwxGGg_seg_050.wav,kLlHVBwxGGg,spasmodic_dysphonia,test
kLlHVBwxGGg_seg_051.wav,data/processed/test_set/spasmodic_dysphonia/kLlHVBwxGGg_seg_051.wav,kLlHVBwxGGg,spasmodic_dysphonia,test
kLlHVBwxGGg_seg_052.wav,data/processed/test_set/spasmodic_dysphonia/kLlHVBwxGGg_seg_052.wav,kLlHVBwxGGg,spasmodic_dysphonia,test
kLlHVBwxGGg_seg_053.wav,data/processed/test_set/spasmodic_dysphonia/kLlHVBwxGGg_seg_053.wav,kLlHVBwxGGg,spasmodic_dysphonia,test
kLlHVBwxGGg_seg_054.wav,data/processed/test_set/spasmodic_dysphonia/kLlHVBwxGGg_seg_054.wav,kLlHVBwxGGg,spasmodic_dysphonia,test
kLlHVBwxGGg_seg_055.wav,data/processed/test_set/spasmodic_dysphonia/kLlHVBwxGGg_seg_055.wav,kLlHVBwxGGg,spasmodic_dysphonia,test
kLlHVBwxGGg_seg_056.wav,data/processed/test_set/spasmodic_dysphonia/kLlHVBwxGGg_seg_056.wav,kLlHVBwxGGg,spasmodic_dysphonia,test
kLlHVBwxGGg_seg_057.wav,data/processed/test_set/spasmodic_dysphonia/kLlHVBwxGGg_seg_057.wav,kLlHVBwxGGg,spasmodic_dysphonia,test
kLlHVBwxGGg_seg_058.wav,data/processed/test_set/spasmodic_dysphonia/kLlHVBwxGGg_seg_058.wav,kLlHVBwxGGg,spasmodic_dysphonia,test
kLlHVBwxGGg_seg_059.wav,data/processed/test_set/spasmodic_dysphonia/kLlHVBwxGGg_seg_059.wav,kLlHVBwxGGg,spasmodic_dysphonia,test
kLlHVBwxGGg_seg_060.wav,data/processed/test_set/spasmodic_dysphonia/kLlHVBwxGGg_seg_060.wav,kLlHVBwxGGg,spasmodic_dysphonia,test
kLlHVBwxGGg_seg_061.wav,data/processed/test_set/spasmodic_dysphonia/kLlHVBwxGGg_seg_061.wav,kLlHVBwxGGg,spasmodic_dysphonia,test
kLlHVBwxGGg_seg_062.wav,data/processed/test_set/spasmodic_dysphonia/kLlHVBwxGGg_seg_062.wav,kLlHVBwxGGg,spasmodic_dysphonia,test
kLlHVBwxGGg_seg_063.wav,data/processed/test_set/spasmodic_dysphonia/kLlHVBwxGGg_seg_063.wav,kLlHVBwxGGg,spasmodic_dysphonia,test
kLlHVBwxGGg_seg_064.wav,data/processed/test_set/spasmodic_dysphonia/kLlHVBwxGGg_seg_064.wav,kLlHVBwxGGg,spasmodic_dysphonia,test
kLlHVBwxGGg_seg_065.wav,data/processed/test_set/spasmodic_dysphonia/kLlHVBwxGGg_seg_065.wav,kLlHVBwxGGg,spasmodic_dysphonia,test
kLlHVBwxGGg_seg_066.wav,data/processed/test_set/spasmodic_dysphonia/kLlHVBwxGGg_seg_066.wav,kLlHVBwxGGg,spasmodic_dysphonia,test
kLlHVBwxGGg_seg_067.wav,data/processed/test_set/spasmodic_dysphonia/kLlHVBwxGGg_seg_067.wav,kLlHVBwxGGg,spasmodic_dysphonia,test
kLlHVBwxGGg_seg_068.wav,data/processed/test_set/spasmodic_dysphonia/kLlHVBwxGGg_seg_068.wav,kLlHVBwxGGg,spasmodic_dysphonia,test
kLlHVBwxGGg_seg_069.wav,data/processed/test_set/spasmodic_dysphonia/kLlHVBwxGGg_seg_069.wav,kLlHVBwxGGg,spasmodic_dysphonia,test
kLlHVBwxGGg_seg_070.wav,data/processed/test_set/spasmodic_dysphonia/kLlHVBwxGGg_seg_070.wav,kLlHVBwxGGg,spasmodic_dysphonia,test
kLlHVBwxGGg_seg_071.wav,data/processed/test_set/spasmodic_dysphonia/kLlHVBwxGGg_seg_071.wav,kLlHVBwxGGg,spasmodic_dysphonia,test
kLlHVBwxGGg_seg_072.wav,data/processed/test_set/spasmodic_dysphonia/kLlHVBwxGGg_seg_072.wav,kLlHVBwxGGg,spasmodic_dysphonia,test
kLlHVBwxGGg_seg_073.wav,data/processed/test_set/spasmodic_dysphonia/kLlHVBwxGGg_seg_073.wav,kLlHVBwxGGg,spasmodic_dysphonia,test
kLlHVBwxGGg_seg_074.wav,data/processed/test_set/spasmodic_dysphonia/kLlHVBwxGGg_seg_074.wav,kLlHVBwxGGg,spasmodic_dysphonia,test
kLlHVBwxGGg_seg_075.wav,data/processed/test_set/spasmodic_dysphonia/kLlHVBwxGGg_seg_075.wav,kLlHVBwxGGg,spasmodic_dysphonia,test
kLlHVBwxGGg_seg_076.wav,data/processed/test_set/spasmodic_dysphonia/kLlHVBwxGGg_seg_076.wav,kLlHVBwxGGg,spasmodic_dysphonia,test
kLlHVBwxGGg_seg_077.wav,data/processed/test_set/spasmodic_dysphonia/kLlHVBwxGGg_seg_077.wav,kLlHVBwxGGg,spasmodic_dysphonia,test
kLlHVBwxGGg_seg_078.wav,data/processed/test_set/spasmodic_dysphonia/kLlHVBwxGGg_seg_078.wav,kLlHVBwxGGg,spasmodic_dysphonia,test
kLlHVBwxGGg_seg_079.wav,data/processed/test_set/spasmodic_dysphonia/kLlHVBwxGGg_seg_079.wav,kLlHVBwxGGg,spasmodic_dysphonia,test
kLlHVBwxGGg_seg_080.wav,data/processed/test_set/spasmodic_dysphonia/kLlHVBwxGGg_seg_080.wav,kLlHVBwxGGg,spasmodic_dysphonia,test
kLlHVBwxGGg_seg_081.wav,data/processed/test_set/spasmodic_dysphonia/kLlHVBwxGGg_seg_081.wav,kLlHVBwxGGg,spasmodic_dysphonia,test
kLlHVBwxGGg_seg_082.wav,data/processed/test_set/spasmodic_dysphonia/kLlHVBwxGGg_seg_082.wav,kLlHVBwxGGg,spasmodic_dysphonia,test
kLlHVBwxGGg_seg_083.wav,data/processed/test_set/spasmodic_dysphonia/kLlHVBwxGGg_seg_083.wav,kLlHVBwxGGg,spasmodic_dysphonia,test
kLlHVBwxGGg_seg_084.wav,data/processed/test_set/spasmodic_dysphonia/kLlHVBwxGGg_seg_084.wav,kLlHVBwxGGg,spasmodic_dysphonia,test
kLlHVBwxGGg_seg_085.wav,data/processed/test_set/spasmodic_dysphonia/kLlHVBwxGGg_seg_085.wav,kLlHVBwxGGg,spasmodic_dysphonia,test
kLlHVBwxGGg_seg_086.wav,data/processed/test_set/spasmodic_dysphonia/kLlHVBwxGGg_seg_086.wav,kLlHVBwxGGg,spasmodic_dysphonia,test
kLlHVBwxGGg_seg_087.wav,data/processed/test_set/spasmodic_dysphonia/kLlHVBwxGGg_seg_087.wav,kLlHVBwxGGg,spasmodic_dysphonia,test
kLlHVBwxGGg_seg_088.wav,data/processed/test_set/spasmodic_dysphonia/kLlHVBwxGGg_seg_088.wav,kLlHVBwxGGg,spasmodic_dysphonia,test
kLlHVBwxGGg_seg_089.wav,data/processed/test_set/spasmodic_dysphonia/kLlHVBwxGGg_seg_089.wav,kLlHVBwxGGg,spasmodic_dysphonia,test
kLlHVBwxGGg_seg_090.wav,data/processed/test_set/spasmodic_dysphonia/kLlHVBwxGGg_seg_090.wav,kLlHVBwxGGg,spasmodic_dysphonia,test
kLlHVBwxGGg_seg_091.wav,data/processed/test_set/spasmodic_dysphonia/kLlHVBwxGGg_seg_091.wav,kLlHVBwxGGg,spasmodic_dysphonia,test
kLlHVBwxGGg_seg_092.wav,data/processed/test_set/spasmodic_dysphonia/kLlHVBwxGGg_seg_092.wav,kLlHVBwxGGg,spasmodic_dysphonia,test
kLlHVBwxGGg_seg_093.wav,data/processed/test_set/spasmodic_dysphonia/kLlHVBwxGGg_seg_093.wav,kLlHVBwxGGg,spasmodic_dysphonia,test
kLlHVBwxGGg_seg_094.wav,data/processed/test_set/spasmodic_dysphonia/kLlHVBwxGGg_seg_094.wav,kLlHVBwxGGg,spasmodic_dysphonia,test
kLlHVBwxGGg_seg_095.wav,data/processed/test_set/spasmodic_dysphonia/kLlHVBwxGGg_seg_095.wav,kLlHVBwxGGg,spasmodic_dysphonia,test
kLlHVBwxGGg_seg_096.wav,data/processed/test_set/spasmodic_dysphonia/kLlHVBwxGGg_seg_096.wav,kLlHVBwxGGg,spasmodic_dysphonia,test
kLlHVBwxGGg_seg_097.wav,data/processed/test_set/spasmodic_dysphonia/kLlHVBwxGGg_seg_097.wav,kLlHVBwxGGg,spasmodic_dysphonia,test
kLlHVBwxGGg_seg_098.wav,data/processed/test_set/spasmodic_dysphonia/kLlHVBwxGGg_seg_098.wav,kLlHVBwxGGg,spasmodic_dysphonia,test
kLlHVBwxGGg_seg_099.wav,data/processed/test_set/spasmodic_dysphonia/kLlHVBwxGGg_seg_099.wav,kLlHVBwxGGg,spasmodic_dysphonia,test
kLlHVBwxGGg_seg_100.wav,data/processed/test_set/spasmodic_dysphonia/kLlHVBwxGGg_seg_100.wav,kLlHVBwxGGg,spasmodic_dysphonia,test
kLlHVBwxGGg_seg_101.wav,data/processed/test_set/spasmodic_dysphonia/kLlHVBwxGGg_seg_101.wav,kLlHVBwxGGg,spasmodic_dysphonia,test
kLlHVBwxGGg_seg_102.wav,data/processed/test_set/spasmodic_dysphonia/kLlHVBwxGGg_seg_102.wav,kLlHVBwxGGg,spasmodic_dysphonia,test
kLlHVBwxGGg_seg_103.wav,data/processed/test_set/spasmodic_dysphonia/kLlHVBwxGGg_seg_103.wav,kLlHVBwxGGg,spasmodic_dysphonia,test
kLlHVBwxGGg_seg_104.wav,data/processed/test_set/spasmodic_dysphonia/kLlHVBwxGGg_seg_104.wav,kLlHVBwxGGg,spasmodic_dysphonia,test
kLlHVBwxGGg_seg_105.wav,data/processed/test_set/spasmodic_dysphonia/kLlHVBwxGGg_seg_105.wav,kLlHVBwxGGg,spasmodic_dysphonia,test
kLlHVBwxGGg_seg_106.wav,data/processed/test_set/spasmodic_dysphonia/kLlHVBwxGGg_seg_106.wav,kLlHVBwxGGg,spasmodic_dysphonia,test
kLlHVBwxGGg_seg_107.wav,data/processed/test_set/spasmodic_dysphonia/kLlHVBwxGGg_seg_107.wav,kLlHVBwxGGg,spasmodic_dysphonia,test
kLlHVBwxGGg_seg_108.wav,data/processed/test_set/spasmodic_dysphonia/kLlHVBwxGGg_seg_108.wav,kLlHVBwxGGg,spasmodic_dysphonia,test
kLlHVBwxGGg_seg_109.wav,data/processed/test_set/spasmodic_dysphonia/kLlHVBwxGGg_seg_109.wav,kLlHVBwxGGg,spasmodic_dysphonia,test
kLlHVBwxGGg_seg_110.wav,data/processed/test_set/spasmodic_dysphonia/kLlHVBwxGGg_seg_110.wav,kLlHVBwxGGg,spasmodic_dysphonia,test
kLlHVBwxGGg_seg_111.wav,data/processed/test_set/spasmodic_dysphonia/kLlHVBwxGGg_seg_111.wav,kLlHVBwxGGg,spasmodic_dysphonia,test
kLlHVBwxGGg_seg_112.wav,data/processed/test_set/spasmodic_dysphonia/kLlHVBwxGGg_seg_112.wav,kLlHVBwxGGg,spasmodic_dysphonia,test
nIqc5Oj4grM_seg_000.wav,data/processed/test_set/spasmodic_dysphonia/nIqc5Oj4grM_seg_000.wav,nIqc5Oj4grM,spasmodic_dysphonia,test
nIqc5Oj4grM_seg_001.wav,data/processed/test_set/spasmodic_dysphonia/nIqc5Oj4grM_seg_001.wav,nIqc5Oj4grM,spasmodic_dysphonia,test
nIqc5Oj4grM_seg_002.wav,data/processed/test_set/spasmodic_dysphonia/nIqc5Oj4grM_seg_002.wav,nIqc5Oj4grM,spasmodic_dysphonia,test
nIqc5Oj4grM_seg_003.wav,data/processed/test_set/spasmodic_dysphonia/nIqc5Oj4grM_seg_003.wav,nIqc5Oj4grM,spasmodic_dysphonia,test
nIqc5Oj4grM_seg_004.wav,data/processed/test_set/spasmodic_dysphonia/nIqc5Oj4grM_seg_004.wav,nIqc5Oj4grM,spasmodic_dysphonia,test
nIqc5Oj4grM_seg_005.wav,data/processed/test_set/spasmodic_dysphonia/nIqc5Oj4grM_seg_005.wav,nIqc5Oj4grM,spasmodic_dysphonia,test
nIqc5Oj4grM_seg_006.wav,data/processed/test_set/spasmodic_dysphonia/nIqc5Oj4grM_seg_006.wav,nIqc5Oj4grM,spasmodic_dysphonia,test
nIqc5Oj4grM_seg_007.wav,data/processed/test_set/spasmodic_dysphonia/nIqc5Oj4grM_seg_007.wav,nIqc5Oj4grM,spasmodic_dysphonia,test
nIqc5Oj4grM_seg_008.wav,data/processed/test_set/spasmodic_dysphonia/nIqc5Oj4grM_seg_008.wav,nIqc5Oj4grM,spasmodic_dysphonia,test
nIqc5Oj4grM_seg_009.wav,data/processed/test_set/spasmodic_dysphonia/nIqc5Oj4grM_seg_009.wav,nIqc5Oj4grM,spasmodic_dysphonia,test
nIqc5Oj4grM_seg_010.wav,data/processed/test_set/spasmodic_dysphonia/nIqc5Oj4grM_seg_010.wav,nIqc5Oj4grM,spasmodic_dysphonia,test
nIqc5Oj4grM_seg_011.wav,data/processed/test_set/spasmodic_dysphonia/nIqc5Oj4grM_seg_011.wav,nIqc5Oj4grM,spasmodic_dysphonia,test
nIqc5Oj4grM_seg_012.wav,data/processed/test_set/spasmodic_dysphonia/nIqc5Oj4grM_seg_012.wav,nIqc5Oj4grM,spasmodic_dysphonia,test
nIqc5Oj4grM_seg_013.wav,data/processed/test_set/spasmodic_dysphonia/nIqc5Oj4grM_seg_013.wav,nIqc5Oj4grM,spasmodic_dysphonia,test
nIqc5Oj4grM_seg_014.wav,data/processed/test_set/spasmodic_dysphonia/nIqc5Oj4grM_seg_014.wav,nIqc5Oj4grM,spasmodic_dysphonia,test
nIqc5Oj4grM_seg_015.wav,data/processed/test_set/spasmodic_dysphonia/nIqc5Oj4grM_seg_015.wav,nIqc5Oj4grM,spasmodic_dysphonia,test
nIqc5Oj4grM_seg_016.wav,data/processed/test_set/spasmodic_dysphonia/nIqc5Oj4grM_seg_016.wav,nIqc5Oj4grM,spasmodic_dysphonia,test
nIqc5Oj4grM_seg_017.wav,data/processed/test_set/spasmodic_dysphonia/nIqc5Oj4grM_seg_017.wav,nIqc5Oj4grM,spasmodic_dysphonia,test
nIqc5Oj4grM_seg_018.wav,data/processed/test_set/spasmodic_dysphonia/nIqc5Oj4grM_seg_018.wav,nIqc5Oj4grM,spasmodic_dysphonia,test
nIqc5Oj4grM_seg_019.wav,data/processed/test_set/spasmodic_dysphonia/nIqc5Oj4grM_seg_019.wav,nIqc5Oj4grM,spasmodic_dysphonia,test
nIqc5Oj4grM_seg_020.wav,data/processed/test_set/spasmodic_dysphonia/nIqc5Oj4grM_seg_020.wav,nIqc5Oj4grM,spasmodic_dysphonia,test
nIqc5Oj4grM_seg_021.wav,data/processed/test_set/spasmodic_dysphonia/nIqc5Oj4grM_seg_021.wav,nIqc5Oj4grM,spasmodic_dysphonia,test
nIqc5Oj4grM_seg_022.wav,data/processed/test_set/spasmodic_dysphonia/nIqc5Oj4grM_seg_022.wav,nIqc5Oj4grM,spasmodic_dysphonia,test
nIqc5Oj4grM_seg_023.wav,data/processed/test_set/spasmodic_dysphonia/nIqc5Oj4grM_seg_023.wav,nIqc5Oj4grM,spasmodic_dysphonia,test
nIqc5Oj4grM_seg_024.wav,data/processed/test_set/spasmodic_dysphonia/nIqc5Oj4grM_seg_024.wav,nIqc5Oj4grM,spasmodic_dysphonia,test
nIqc5Oj4grM_seg_025.wav,data/processed/test_set/spasmodic_dysphonia/nIqc5Oj4grM_seg_025.wav,nIqc5Oj4grM,spasmodic_dysphonia,test
nIqc5Oj4grM_seg_026.wav,data/processed/test_set/spasmodic_dysphonia/nIqc5Oj4grM_seg_026.wav,nIqc5Oj4grM,spasmodic_dysphonia,test
nIqc5Oj4grM_seg_027.wav,data/processed/test_set/spasmodic_dysphonia/nIqc5Oj4grM_seg_027.wav,nIqc5Oj4grM,spasmodic_dysphonia,test
nIqc5Oj4grM_seg_028.wav,data/processed/test_set/spasmodic_dysphonia/nIqc5Oj4grM_seg_028.wav,nIqc5Oj4grM,spasmodic_dysphonia,test
nIqc5Oj4grM_seg_029.wav,data/processed/test_set/spasmodic_dysphonia/nIqc5Oj4grM_seg_029.wav,nIqc5Oj4grM,spasmodic_dysphonia,test
nIqc5Oj4grM_seg_030.wav,data/processed/test_set/spasmodic_dysphonia/nIqc5Oj4grM_seg_030.wav,nIqc5Oj4grM,spasmodic_dysphonia,test
nIqc5Oj4grM_seg_031.wav,data/processed/test_set/spasmodic_dysphonia/nIqc5Oj4grM_seg_031.wav,nIqc5Oj4grM,spasmodic_dysphonia,test
nIqc5Oj4grM_seg_032.wav,data/processed/test_set/spasmodic_dysphonia/nIqc5Oj4grM_seg_032.wav,nIqc5Oj4grM,spasmodic_dysphonia,test
nIqc5Oj4grM_seg_033.wav,data/processed/test_set/spasmodic_dysphonia/nIqc5Oj4grM_seg_033.wav,nIqc5Oj4grM,spasmodic_dysphonia,test
nIqc5Oj4grM_seg_034.wav,data/processed/test_set/spasmodic_dysphonia/nIqc5Oj4grM_seg_034.wav,nIqc5Oj4grM,spasmodic_dysphonia,test
nIqc5Oj4grM_seg_035.wav,data/processed/test_set/spasmodic_dysphonia/nIqc5Oj4grM_seg_035.wav,nIqc5Oj4grM,spasmodic_dysphonia,test
nIqc5Oj4grM_seg_036.wav,data/processed/test_set/spasmodic_dysphonia/nIqc5Oj4grM_seg_036.wav,nIqc5Oj4grM,spasmodic_dysphonia,test
nIqc5Oj4grM_seg_037.wav,data/processed/test_set/spasmodic_dysphonia/nIqc5Oj4grM_seg_037.wav,nIqc5Oj4grM,spasmodic_dysphonia,test
nIqc5Oj4grM_seg_038.wav,data/processed/test_set/spasmodic_dysphonia/nIqc5Oj4grM_seg_038.wav,nIqc5Oj4grM,spasmodic_dysphonia,test
nIqc5Oj4grM_seg_039.wav,data/processed/test_set/spasmodic_dysphonia/nIqc5Oj4grM_seg_039.wav,nIqc5Oj4grM,spasmodic_dysphonia,test
nIqc5Oj4grM_seg_040.wav,data/processed/test_set/spasmodic_dysphonia/nIqc5Oj4grM_seg_040.wav,nIqc5Oj4grM,spasmodic_dysphonia,test
nIqc5Oj4grM_seg_041.wav,data/processed/test_set/spasmodic_dysphonia/nIqc5Oj4grM_seg_041.wav,nIqc5Oj4grM,spasmodic_dysphonia,test
nIqc5Oj4grM_seg_042.wav,data/processed/test_set/spasmodic_dysphonia/nIqc5Oj4grM_seg_042.wav,nIqc5Oj4grM,spasmodic_dysphonia,test
nIqc5Oj4grM_seg_043.wav,data/processed/test_set/spasmodic_dysphonia/nIqc5Oj4grM_seg_043.wav,nIqc5Oj4grM,spasmodic_dysphonia,test
nIqc5Oj4grM_seg_044.wav,data/processed/test_set/spasmodic_dysphonia/nIqc5Oj4grM_seg_044.wav,nIqc5Oj4grM,spasmodic_dysphonia,test
nIqc5Oj4grM_seg_045.wav,data/processed/test_set/spasmodic_dysphonia/nIqc5Oj4grM_seg_045.wav,nIqc5Oj4grM,spasmodic_dysphonia,test
nIqc5Oj4grM_seg_046.wav,data/processed/test_set/spasmodic_dysphonia/nIqc5Oj4grM_seg_046.wav,nIqc5Oj4grM,spasmodic_dysphonia,test
nIqc5Oj4grM_seg_047.wav,data/processed/test_set/spasmodic_dysphonia/nIqc5Oj4grM_seg_047.wav,nIqc5Oj4grM,spasmodic_dysphonia,test
nIqc5Oj4grM_seg_048.wav,data/processed/test_set/spasmodic_dysphonia/nIqc5Oj4grM_seg_048.wav,nIqc5Oj4grM,spasmodic_dysphonia,test
nIqc5Oj4grM_seg_049.wav,data/processed/test_set/spasmodic_dysphonia/nIqc5Oj4grM_seg_049.wav,nIqc5Oj4grM,spasmodic_dysphonia,test
nIqc5Oj4grM_seg_050.wav,data/processed/test_set/spasmodic_dysphonia/nIqc5Oj4grM_seg_050.wav,nIqc5Oj4grM,spasmodic_dysphonia,test
nIqc5Oj4grM_seg_051.wav,data/processed/test_set/spasmodic_dysphonia/nIqc5Oj4grM_seg_051.wav,nIqc5Oj4grM,spasmodic_dysphonia,test
nIqc5Oj4grM_seg_052.wav,data/processed/test_set/spasmodic_dysphonia/nIqc5Oj4grM_seg_052.wav,nIqc5Oj4grM,spasmodic_dysphonia,test
nIqc5Oj4grM_seg_053.wav,data/processed/test_set/spasmodic_dysphonia/nIqc5Oj4grM_seg_053.wav,nIqc5Oj4grM,spasmodic_dysphonia,test
nIqc5Oj4grM_seg_054.wav,data/processed/test_set/spasmodic_dysphonia/nIqc5Oj4grM_seg_054.wav,nIqc5Oj4grM,spasmodic_dysphonia,test
nIqc5Oj4grM_seg_055.wav,data/processed/test_set/spasmodic_dysphonia/nIqc5Oj4grM_seg_055.wav,nIqc5Oj4grM,spasmodic_dysphonia,test
nIqc5Oj4grM_seg_056.wav,data/processed/test_set/spasmodic_dysphonia/nIqc5Oj4grM_seg_056.wav,nIqc5Oj4grM,spasmodic_dysphonia,test
nIqc5Oj4grM_seg_057.wav,data/processed/test_set/spasmodic_dysphonia/nIqc5Oj4grM_seg_057.wav,nIqc5Oj4grM,spasmodic_dysphonia,test
nIqc5Oj4grM_seg_058.wav,data/processed/test_set/spasmodic_dysphonia/nIqc5Oj4grM_seg_058.wav,nIqc5Oj4grM,spasmodic_dysphonia,test
nIqc5Oj4grM_seg_059.wav,data/processed/test_set/spasmodic_dysphonia/nIqc5Oj4grM_seg_059.wav,nIqc5Oj4grM,spasmodic_dysphonia,test
nIqc5Oj4grM_seg_060.wav,data/processed/test_set/spasmodic_dysphonia/nIqc5Oj4grM_seg_060.wav,nIqc5Oj4grM,spasmodic_dysphonia,test
nIqc5Oj4grM_seg_061.wav,data/processed/test_set/spasmodic_dysphonia/nIqc5Oj4grM_seg_061.wav,nIqc5Oj4grM,spasmodic_dysphonia,test
nIqc5Oj4grM_seg_062.wav,data/processed/test_set/spasmodic_dysphonia/nIqc5Oj4grM_seg_062.wav,nIqc5Oj4grM,spasmodic_dysphonia,test
nIqc5Oj4grM_seg_063.wav,data/processed/test_set/spasmodic_dysphonia/nIqc5Oj4grM_seg_063.wav,nIqc5Oj4grM,spasmodic_dysphonia,test
nIqc5Oj4grM_seg_064.wav,data/processed/test_set/spasmodic_dysphonia/nIqc5Oj4grM_seg_064.wav,nIqc5Oj4grM,spasmodic_dysphonia,test
nIqc5Oj4grM_seg_065.wav,data/processed/test_set/spasmodic_dysphonia/nIqc5Oj4grM_seg_065.wav,nIqc5Oj4grM,spasmodic_dysphonia,test
nIqc5Oj4grM_seg_066.wav,data/processed/test_set/spasmodic_dysphonia/nIqc5Oj4grM_seg_066.wav,nIqc5Oj4grM,spasmodic_dysphonia,test
nIqc5Oj4grM_seg_067.wav,data/processed/test_set/spasmodic_dysphonia/nIqc5Oj4grM_seg_067.wav,nIqc5Oj4grM,spasmodic_dysphonia,test
nIqc5Oj4grM_seg_068.wav,data/processed/test_set/spasmodic_dysphonia/nIqc5Oj4grM_seg_068.wav,nIqc5Oj4grM,spasmodic_dysphonia,test
nIqc5Oj4grM_seg_069.wav,data/processed/test_set/spasmodic_dysphonia/nIqc5Oj4grM_seg_069.wav,nIqc5Oj4grM,spasmodic_dysphonia,test
nIqc5Oj4grM_seg_070.wav,data/processed/test_set/spasmodic_dysphonia/nIqc5Oj4grM_seg_070.wav,nIqc5Oj4grM,spasmodic_dysphonia,test
nIqc5Oj4grM_seg_071.wav,data/processed/test_set/spasmodic_dysphonia/nIqc5Oj4grM_seg_071.wav,nIqc5Oj4grM,spasmodic_dysphonia,test
nIqc5Oj4grM_seg_072.wav,data/processed/test_set/spasmodic_dysphonia/nIqc5Oj4grM_seg_072.wav,nIqc5Oj4grM,spasmodic_dysphonia,test
nIqc5Oj4grM_seg_073.wav,data/processed/test_set/spasmodic_dysphonia/nIqc5Oj4grM_seg_073.wav,nIqc5Oj4grM,spasmodic_dysphonia,test
nIqc5Oj4grM_seg_074.wav,data/processed/test_set/spasmodic_dysphonia/nIqc5Oj4grM_seg_074.wav,nIqc5Oj4grM,spasmodic_dysphonia,test
nIqc5Oj4grM_seg_075.wav,data/processed/test_set/spasmodic_dysphonia/nIqc5Oj4grM_seg_075.wav,nIqc5Oj4grM,spasmodic_dysphonia,test
nIqc5Oj4grM_seg_076.wav,data/processed/test_set/spasmodic_dysphonia/nIqc5Oj4grM_seg_076.wav,nIqc5Oj4grM,spasmodic_dysphonia,test
nIqc5Oj4grM_seg_077.wav,data/processed/test_set/spasmodic_dysphonia/nIqc5Oj4grM_seg_077.wav,nIqc5Oj4grM,spasmodic_dysphonia,test
nIqc5Oj4grM_seg_078.wav,data/processed/test_set/spasmodic_dysphonia/nIqc5Oj4grM_seg_078.wav,nIqc5Oj4grM,spasmodic_dysphonia,test
nIqc5Oj4grM_seg_079.wav,data/processed/test_set/spasmodic_dysphonia/nIqc5Oj4grM_seg_079.wav,nIqc5Oj4grM,spasmodic_dysphonia,test
nIqc5Oj4grM_seg_080.wav,data/processed/test_set/spasmodic_dysphonia/nIqc5Oj4grM_seg_080.wav,nIqc5Oj4grM,spasmodic_dysphonia,test
nIqc5Oj4grM_seg_081.wav,data/processed/test_set/spasmodic_dysphonia/nIqc5Oj4grM_seg_081.wav,nIqc5Oj4grM,spasmodic_dysphonia,test
nIqc5Oj4grM_seg_082.wav,data/processed/test_set/spasmodic_dysphonia/nIqc5Oj4grM_seg_082.wav,nIqc5Oj4grM,spasmodic_dysphonia,test
nIqc5Oj4grM_seg_083.wav,data/processed/test_set/spasmodic_dysphonia/nIqc5Oj4grM_seg_083.wav,nIqc5Oj4grM,spasmodic_dysphonia,test
nIqc5Oj4grM_seg_084.wav,data/processed/test_set/spasmodic_dysphonia/nIqc5Oj4grM_seg_084.wav,nIqc5Oj4grM,spasmodic_dysphonia,test
nIqc5Oj4grM_seg_085.wav,data/processed/test_set/spasmodic_dysphonia/nIqc5Oj4grM_seg_085.wav,nIqc5Oj4grM,spasmodic_dysphonia,test
nIqc5Oj4grM_seg_086.wav,data/processed/test_set/spasmodic_dysphonia/nIqc5Oj4grM_seg_086.wav,nIqc5Oj4grM,spasmodic_dysphonia,test
nIqc5Oj4grM_seg_087.wav,data/processed/test_set/spasmodic_dysphonia/nIqc5Oj4grM_seg_087.wav,nIqc5Oj4grM,spasmodic_dysphonia,test
nIqc5Oj4grM_seg_088.wav,data/processed/test_set/spasmodic_dysphonia/nIqc5Oj4grM_seg_088.wav,nIqc5Oj4grM,spasmodic_dysphonia,test
nIqc5Oj4grM_seg_089.wav,data/processed/test_set/spasmodic_dysphonia/nIqc5Oj4grM_seg_089.wav,nIqc5Oj4grM,spasmodic_dysphonia,test
nIqc5Oj4grM_seg_090.wav,data/processed/test_set/spasmodic_dysphonia/nIqc5Oj4grM_seg_090.wav,nIqc5Oj4grM,spasmodic_dysphonia,test
nIqc5Oj4grM_seg_091.wav,data/processed/test_set/spasmodic_dysphonia/nIqc5Oj4grM_seg_091.wav,nIqc5Oj4grM,spasmodic_dysphonia,test
nIqc5Oj4grM_seg_092.wav,data/processed/test_set/spasmodic_dysphonia/nIqc5Oj4grM_seg_092.wav,nIqc5Oj4grM,spasmodic_dysphonia,test
nIqc5Oj4grM_seg_093.wav,data/processed/test_set/spasmodic_dysphonia/nIqc5Oj4grM_seg_093.wav,nIqc5Oj4grM,spasmodic_dysphonia,test
nIqc5Oj4grM_seg_094.wav,data/processed/test_set/spasmodic_dysphonia/nIqc5Oj4grM_seg_094.wav,nIqc5Oj4grM,spasmodic_dysphonia,test
nIqc5Oj4grM_seg_095.wav,data/processed/test_set/spasmodic_dysphonia/nIqc5Oj4grM_seg_095.wav,nIqc5Oj4grM,spasmodic_dysphonia,test
nIqc5Oj4grM_seg_096.wav,data/processed/test_set/spasmodic_dysphonia/nIqc5Oj4grM_seg_096.wav,nIqc5Oj4grM,spasmodic_dysphonia,test
nIqc5Oj4grM_seg_097.wav,data/processed/test_set/spasmodic_dysphonia/nIqc5Oj4grM_seg_097.wav,nIqc5Oj4grM,spasmodic_dysphonia,test
NoNFIQGDkEM_seg_000.wav,data/processed/test_set/spasmodic_dysphonia/NoNFIQGDkEM_seg_000.wav,NoNFIQGDkEM,spasmodic_dysphonia,test
NoNFIQGDkEM_seg_001.wav,data/processed/test_set/spasmodic_dysphonia/NoNFIQGDkEM_seg_001.wav,NoNFIQGDkEM,spasmodic_dysphonia,test
NoNFIQGDkEM_seg_002.wav,data/processed/test_set/spasmodic_dysphonia/NoNFIQGDkEM_seg_002.wav,NoNFIQGDkEM,spasmodic_dysphonia,test
NoNFIQGDkEM_seg_003.wav,data/processed/test_set/spasmodic_dysphonia/NoNFIQGDkEM_seg_003.wav,NoNFIQGDkEM,spasmodic_dysphonia,test
NoNFIQGDkEM_seg_004.wav,data/processed/test_set/spasmodic_dysphonia/NoNFIQGDkEM_seg_004.wav,NoNFIQGDkEM,spasmodic_dysphonia,test
NoNFIQGDkEM_seg_005.wav,data/processed/test_set/spasmodic_dysphonia/NoNFIQGDkEM_seg_005.wav,NoNFIQGDkEM,spasmodic_dysphonia,test
NoNFIQGDkEM_seg_006.wav,data/processed/test_set/spasmodic_dysphonia/NoNFIQGDkEM_seg_006.wav,NoNFIQGDkEM,spasmodic_dysphonia,test
NoNFIQGDkEM_seg_007.wav,data/processed/test_set/spasmodic_dysphonia/NoNFIQGDkEM_seg_007.wav,NoNFIQGDkEM,spasmodic_dysphonia,test
NoNFIQGDkEM_seg_008.wav,data/processed/test_set/spasmodic_dysphonia/NoNFIQGDkEM_seg_008.wav,NoNFIQGDkEM,spasmodic_dysphonia,test
NoNFIQGDkEM_seg_009.wav,data/processed/test_set/spasmodic_dysphonia/NoNFIQGDkEM_seg_009.wav,NoNFIQGDkEM,spasmodic_dysphonia,test
NoNFIQGDkEM_seg_010.wav,data/processed/test_set/spasmodic_dysphonia/NoNFIQGDkEM_seg_010.wav,NoNFIQGDkEM,spasmodic_dysphonia,test
NoNFIQGDkEM_seg_011.wav,data/processed/test_set/spasmodic_dysphonia/NoNFIQGDkEM_seg_011.wav,NoNFIQGDkEM,spasmodic_dysphonia,test
NoNFIQGDkEM_seg_012.wav,data/processed/test_set/spasmodic_dysphonia/NoNFIQGDkEM_seg_012.wav,NoNFIQGDkEM,spasmodic_dysphonia,test
NoNFIQGDkEM_seg_013.wav,data/processed/test_set/spasmodic_dysphonia/NoNFIQGDkEM_seg_013.wav,NoNFIQGDkEM,spasmodic_dysphonia,test
NoNFIQGDkEM_seg_014.wav,data/processed/test_set/spasmodic_dysphonia/NoNFIQGDkEM_seg_014.wav,NoNFIQGDkEM,spasmodic_dysphonia,test
NoNFIQGDkEM_seg_015.wav,data/processed/test_set/spasmodic_dysphonia/NoNFIQGDkEM_seg_015.wav,NoNFIQGDkEM,spasmodic_dysphonia,test
NoNFIQGDkEM_seg_016.wav,data/processed/test_set/spasmodic_dysphonia/NoNFIQGDkEM_seg_016.wav,NoNFIQGDkEM,spasmodic_dysphonia,test
NoNFIQGDkEM_seg_017.wav,data/processed/test_set/spasmodic_dysphonia/NoNFIQGDkEM_seg_017.wav,NoNFIQGDkEM,spasmodic_dysphonia,test
NoNFIQGDkEM_seg_018.wav,data/processed/test_set/spasmodic_dysphonia/NoNFIQGDkEM_seg_018.wav,NoNFIQGDkEM,spasmodic_dysphonia,test
NoNFIQGDkEM_seg_019.wav,data/processed/test_set/spasmodic_dysphonia/NoNFIQGDkEM_seg_019.wav,NoNFIQGDkEM,spasmodic_dysphonia,test
NoNFIQGDkEM_seg_020.wav,data/processed/test_set/spasmodic_dysphonia/NoNFIQGDkEM_seg_020.wav,NoNFIQGDkEM,spasmodic_dysphonia,test
NoNFIQGDkEM_seg_021.wav,data/processed/test_set/spasmodic_dysphonia/NoNFIQGDkEM_seg_021.wav,NoNFIQGDkEM,spasmodic_dysphonia,test
NoNFIQGDkEM_seg_022.wav,data/processed/test_set/spasmodic_dysphonia/NoNFIQGDkEM_seg_022.wav,NoNFIQGDkEM,spasmodic_dysphonia,test
NoNFIQGDkEM_seg_023.wav,data/processed/test_set/spasmodic_dysphonia/NoNFIQGDkEM_seg_023.wav,NoNFIQGDkEM,spasmodic_dysphonia,test
NoNFIQGDkEM_seg_024.wav,data/processed/test_set/spasmodic_dysphonia/NoNFIQGDkEM_seg_024.wav,NoNFIQGDkEM,spasmodic_dysphonia,test
NoNFIQGDkEM_seg_025.wav,data/processed/test_set/spasmodic_dysphonia/NoNFIQGDkEM_seg_025.wav,NoNFIQGDkEM,spasmodic_dysphonia,test
NoNFIQGDkEM_seg_026.wav,data/processed/test_set/spasmodic_dysphonia/NoNFIQGDkEM_seg_026.wav,NoNFIQGDkEM,spasmodic_dysphonia,test
prjvqTJpQE4_seg_000.wav,data/processed/test_set/spasmodic_dysphonia/prjvqTJpQE4_seg_000.wav,prjvqTJpQE4,spasmodic_dysphonia,test
prjvqTJpQE4_seg_001.wav,data/processed/test_set/spasmodic_dysphonia/prjvqTJpQE4_seg_001.wav,prjvqTJpQE4,spasmodic_dysphonia,test
prjvqTJpQE4_seg_002.wav,data/processed/test_set/spasmodic_dysphonia/prjvqTJpQE4_seg_002.wav,prjvqTJpQE4,spasmodic_dysphonia,test
prjvqTJpQE4_seg_003.wav,data/processed/test_set/spasmodic_dysphonia/prjvqTJpQE4_seg_003.wav,prjvqTJpQE4,spasmodic_dysphonia,test
prjvqTJpQE4_seg_004.wav,data/processed/test_set/spasmodic_dysphonia/prjvqTJpQE4_seg_004.wav,prjvqTJpQE4,spasmodic_dysphonia,test
prjvqTJpQE4_seg_005.wav,data/processed/test_set/spasmodic_dysphonia/prjvqTJpQE4_seg_005.wav,prjvqTJpQE4,spasmodic_dysphonia,test
prjvqTJpQE4_seg_006.wav,data/processed/test_set/spasmodic_dysphonia/prjvqTJpQE4_seg_006.wav,prjvqTJpQE4,spasmodic_dysphonia,test
prjvqTJpQE4_seg_007.wav,data/processed/test_set/spasmodic_dysphonia/prjvqTJpQE4_seg_007.wav,prjvqTJpQE4,spasmodic_dysphonia,test
prjvqTJpQE4_seg_008.wav,data/processed/test_set/spasmodic_dysphonia/prjvqTJpQE4_seg_008.wav,prjvqTJpQE4,spasmodic_dysphonia,test
prjvqTJpQE4_seg_009.wav,data/processed/test_set/spasmodic_dysphonia/prjvqTJpQE4_seg_009.wav,prjvqTJpQE4,spasmodic_dysphonia,test
prjvqTJpQE4_seg_010.wav,data/processed/test_set/spasmodic_dysphonia/prjvqTJpQE4_seg_010.wav,prjvqTJpQE4,spasmodic_dysphonia,test
prjvqTJpQE4_seg_011.wav,data/processed/test_set/spasmodic_dysphonia/prjvqTJpQE4_seg_011.wav,prjvqTJpQE4,spasmodic_dysphonia,test
prjvqTJpQE4_seg_012.wav,data/processed/test_set/spasmodic_dysphonia/prjvqTJpQE4_seg_012.wav,prjvqTJpQE4,spasmodic_dysphonia,test
prjvqTJpQE4_seg_013.wav,data/processed/test_set/spasmodic_dysphonia/prjvqTJpQE4_seg_013.wav,prjvqTJpQE4,spasmodic_dysphonia,test
prjvqTJpQE4_seg_014.wav,data/processed/test_set/spasmodic_dysphonia/prjvqTJpQE4_seg_014.wav,prjvqTJpQE4,spasmodic_dysphonia,test
prjvqTJpQE4_seg_015.wav,data/processed/test_set/spasmodic_dysphonia/prjvqTJpQE4_seg_015.wav,prjvqTJpQE4,spasmodic_dysphonia,test
prjvqTJpQE4_seg_016.wav,data/processed/test_set/spasmodic_dysphonia/prjvqTJpQE4_seg_016.wav,prjvqTJpQE4,spasmodic_dysphonia,test
prjvqTJpQE4_seg_017.wav,data/processed/test_set/spasmodic_dysphonia/prjvqTJpQE4_seg_017.wav,prjvqTJpQE4,spasmodic_dysphonia,test
prjvqTJpQE4_seg_018.wav,data/processed/test_set/spasmodic_dysphonia/prjvqTJpQE4_seg_018.wav,prjvqTJpQE4,spasmodic_dysphonia,test
prjvqTJpQE4_seg_019.wav,data/processed/test_set/spasmodic_dysphonia/prjvqTJpQE4_seg_019.wav,prjvqTJpQE4,spasmodic_dysphonia,test
prjvqTJpQE4_seg_020.wav,data/processed/test_set/spasmodic_dysphonia/prjvqTJpQE4_seg_020.wav,prjvqTJpQE4,spasmodic_dysphonia,test
prjvqTJpQE4_seg_021.wav,data/processed/test_set/spasmodic_dysphonia/prjvqTJpQE4_seg_021.wav,prjvqTJpQE4,spasmodic_dysphonia,test
prjvqTJpQE4_seg_022.wav,data/processed/test_set/spasmodic_dysphonia/prjvqTJpQE4_seg_022.wav,prjvqTJpQE4,spasmodic_dysphonia,test
prjvqTJpQE4_seg_023.wav,data/processed/test_set/spasmodic_dysphonia/prjvqTJpQE4_seg_023.wav,prjvqTJpQE4,spasmodic_dysphonia,test
prjvqTJpQE4_seg_024.wav,data/processed/test_set/spasmodic_dysphonia/prjvqTJpQE4_seg_024.wav,prjvqTJpQE4,spasmodic_dysphonia,test
prjvqTJpQE4_seg_025.wav,data/processed/test_set/spasmodic_dysphonia/prjvqTJpQE4_seg_025.wav,prjvqTJpQE4,spasmodic_dysphonia,test
prjvqTJpQE4_seg_026.wav,data/processed/test_set/spasmodic_dysphonia/prjvqTJpQE4_seg_026.wav,prjvqTJpQE4,spasmodic_dysphonia,test
prjvqTJpQE4_seg_027.wav,data/processed/test_set/spasmodic_dysphonia/prjvqTJpQE4_seg_027.wav,prjvqTJpQE4,spasmodic_dysphonia,test
prjvqTJpQE4_seg_028.wav,data/processed/test_set/spasmodic_dysphonia/prjvqTJpQE4_seg_028.wav,prjvqTJpQE4,spasmodic_dysphonia,test
prjvqTJpQE4_seg_029.wav,data/processed/test_set/spasmodic_dysphonia/prjvqTJpQE4_seg_029.wav,prjvqTJpQE4,spasmodic_dysphonia,test
prjvqTJpQE4_seg_030.wav,data/processed/test_set/spasmodic_dysphonia/prjvqTJpQE4_seg_030.wav,prjvqTJpQE4,spasmodic_dysphonia,test
prjvqTJpQE4_seg_031.wav,data/processed/test_set/spasmodic_dysphonia/prjvqTJpQE4_seg_031.wav,prjvqTJpQE4,spasmodic_dysphonia,test
prjvqTJpQE4_seg_032.wav,data/processed/test_set/spasmodic_dysphonia/prjvqTJpQE4_seg_032.wav,prjvqTJpQE4,spasmodic_dysphonia,test
prjvqTJpQE4_seg_033.wav,data/processed/test_set/spasmodic_dysphonia/prjvqTJpQE4_seg_033.wav,prjvqTJpQE4,spasmodic_dysphonia,test
s5j1RbYLwQY_seg_000.wav,data/processed/test_set/spasmodic_dysphonia/s5j1RbYLwQY_seg_000.wav,s5j1RbYLwQY,spasmodic_dysphonia,test
s5j1RbYLwQY_seg_001.wav,data/processed/test_set/spasmodic_dysphonia/s5j1RbYLwQY_seg_001.wav,s5j1RbYLwQY,spasmodic_dysphonia,test
s5j1RbYLwQY_seg_002.wav,data/processed/test_set/spasmodic_dysphonia/s5j1RbYLwQY_seg_002.wav,s5j1RbYLwQY,spasmodic_dysphonia,test
s5j1RbYLwQY_seg_003.wav,data/processed/test_set/spasmodic_dysphonia/s5j1RbYLwQY_seg_003.wav,s5j1RbYLwQY,spasmodic_dysphonia,test
s5j1RbYLwQY_seg_004.wav,data/processed/test_set/spasmodic_dysphonia/s5j1RbYLwQY_seg_004.wav,s5j1RbYLwQY,spasmodic_dysphonia,test
s5j1RbYLwQY_seg_005.wav,data/processed/test_set/spasmodic_dysphonia/s5j1RbYLwQY_seg_005.wav,s5j1RbYLwQY,spasmodic_dysphonia,test
s5j1RbYLwQY_seg_006.wav,data/processed/test_set/spasmodic_dysphonia/s5j1RbYLwQY_seg_006.wav,s5j1RbYLwQY,spasmodic_dysphonia,test
s5j1RbYLwQY_seg_007.wav,data/processed/test_set/spasmodic_dysphonia/s5j1RbYLwQY_seg_007.wav,s5j1RbYLwQY,spasmodic_dysphonia,test
s5j1RbYLwQY_seg_008.wav,data/processed/test_set/spasmodic_dysphonia/s5j1RbYLwQY_seg_008.wav,s5j1RbYLwQY,spasmodic_dysphonia,test
s5j1RbYLwQY_seg_009.wav,data/processed/test_set/spasmodic_dysphonia/s5j1RbYLwQY_seg_009.wav,s5j1RbYLwQY,spasmodic_dysphonia,test
s5j1RbYLwQY_seg_010.wav,data/processed/test_set/spasmodic_dysphonia/s5j1RbYLwQY_seg_010.wav,s5j1RbYLwQY,spasmodic_dysphonia,test
s5j1RbYLwQY_seg_011.wav,data/processed/test_set/spasmodic_dysphonia/s5j1RbYLwQY_seg_011.wav,s5j1RbYLwQY,spasmodic_dysphonia,test
s5j1RbYLwQY_seg_012.wav,data/processed/test_set/spasmodic_dysphonia/s5j1RbYLwQY_seg_012.wav,s5j1RbYLwQY,spasmodic_dysphonia,test
s5j1RbYLwQY_seg_013.wav,data/processed/test_set/spasmodic_dysphonia/s5j1RbYLwQY_seg_013.wav,s5j1RbYLwQY,spasmodic_dysphonia,test
s5j1RbYLwQY_seg_014.wav,data/processed/test_set/spasmodic_dysphonia/s5j1RbYLwQY_seg_014.wav,s5j1RbYLwQY,spasmodic_dysphonia,test
s5j1RbYLwQY_seg_015.wav,data/processed/test_set/spasmodic_dysphonia/s5j1RbYLwQY_seg_015.wav,s5j1RbYLwQY,spasmodic_dysphonia,test
s5j1RbYLwQY_seg_016.wav,data/processed/test_set/spasmodic_dysphonia/s5j1RbYLwQY_seg_016.wav,s5j1RbYLwQY,spasmodic_dysphonia,test
s5j1RbYLwQY_seg_017.wav,data/processed/test_set/spasmodic_dysphonia/s5j1RbYLwQY_seg_017.wav,s5j1RbYLwQY,spasmodic_dysphonia,test
s5j1RbYLwQY_seg_018.wav,data/processed/test_set/spasmodic_dysphonia/s5j1RbYLwQY_seg_018.wav,s5j1RbYLwQY,spasmodic_dysphonia,test
s5j1RbYLwQY_seg_019.wav,data/processed/test_set/spasmodic_dysphonia/s5j1RbYLwQY_seg_019.wav,s5j1RbYLwQY,spasmodic_dysphonia,test
s5j1RbYLwQY_seg_020.wav,data/processed/test_set/spasmodic_dysphonia/s5j1RbYLwQY_seg_020.wav,s5j1RbYLwQY,spasmodic_dysphonia,test
s5j1RbYLwQY_seg_021.wav,data/processed/test_set/spasmodic_dysphonia/s5j1RbYLwQY_seg_021.wav,s5j1RbYLwQY,spasmodic_dysphonia,test
s5j1RbYLwQY_seg_022.wav,data/processed/test_set/spasmodic_dysphonia/s5j1RbYLwQY_seg_022.wav,s5j1RbYLwQY,spasmodic_dysphonia,test
s5j1RbYLwQY_seg_023.wav,data/processed/test_set/spasmodic_dysphonia/s5j1RbYLwQY_seg_023.wav,s5j1RbYLwQY,spasmodic_dysphonia,test
s5j1RbYLwQY_seg_024.wav,data/processed/test_set/spasmodic_dysphonia/s5j1RbYLwQY_seg_024.wav,s5j1RbYLwQY,spasmodic_dysphonia,test
s5j1RbYLwQY_seg_025.wav,data/processed/test_set/spasmodic_dysphonia/s5j1RbYLwQY_seg_025.wav,s5j1RbYLwQY,spasmodic_dysphonia,test
ZyxthRDykx0_seg_000.wav,data/processed/test_set/spasmodic_dysphonia/ZyxthRDykx0_seg_000.wav,ZyxthRDykx0,spasmodic_dysphonia,test
ZyxthRDykx0_seg_001.wav,data/processed/test_set/spasmodic_dysphonia/ZyxthRDykx0_seg_001.wav,ZyxthRDykx0,spasmodic_dysphonia,test
ZyxthRDykx0_seg_002.wav,data/processed/test_set/spasmodic_dysphonia/ZyxthRDykx0_seg_002.wav,ZyxthRDykx0,spasmodic_dysphonia,test
ZyxthRDykx0_seg_003.wav,data/processed/test_set/spasmodic_dysphonia/ZyxthRDykx0_seg_003.wav,ZyxthRDykx0,spasmodic_dysphonia,test
ZyxthRDykx0_seg_004.wav,data/processed/test_set/spasmodic_dysphonia/ZyxthRDykx0_seg_004.wav,ZyxthRDykx0,spasmodic_dysphonia,test
ZyxthRDykx0_seg_005.wav,data/processed/test_set/spasmodic_dysphonia/ZyxthRDykx0_seg_005.wav,ZyxthRDykx0,spasmodic_dysphonia,test
ZyxthRDykx0_seg_006.wav,data/processed/test_set/spasmodic_dysphonia/ZyxthRDykx0_seg_006.wav,ZyxthRDykx0,spasmodic_dysphonia,test
ZyxthRDykx0_seg_007.wav,data/processed/test_set/spasmodic_dysphonia/ZyxthRDykx0_seg_007.wav,ZyxthRDykx0,spasmodic_dysphonia,test
ZyxthRDykx0_seg_008.wav,data/processed/test_set/spasmodic_dysphonia/ZyxthRDykx0_seg_008.wav,ZyxthRDykx0,spasmodic_dysphonia,test
ZyxthRDykx0_seg_009.wav,data/processed/test_set/spasmodic_dysphonia/ZyxthRDykx0_seg_009.wav,ZyxthRDykx0,spasmodic_dysphonia,test
ZyxthRDykx0_seg_010.wav,data/processed/test_set/spasmodic_dysphonia/ZyxthRDykx0_seg_010.wav,ZyxthRDykx0,spasmodic_dysphonia,test
ZyxthRDykx0_seg_011.wav,data/processed/test_set/spasmodic_dysphonia/ZyxthRDykx0_seg_011.wav,ZyxthRDykx0,spasmodic_dysphonia,test
ZyxthRDykx0_seg_012.wav,data/processed/test_set/spasmodic_dysphonia/ZyxthRDykx0_seg_012.wav,ZyxthRDykx0,spasmodic_dysphonia,test
ZyxthRDykx0_seg_013.wav,data/processed/test_set/spasmodic_dysphonia/ZyxthRDykx0_seg_013.wav,ZyxthRDykx0,spasmodic_dysphonia,test
ZyxthRDykx0_seg_014.wav,data/processed/test_set/spasmodic_dysphonia/ZyxthRDykx0_seg_014.wav,ZyxthRDykx0,spasmodic_dysphonia,test
ZyxthRDykx0_seg_015.wav,data/processed/test_set/spasmodic_dysphonia/ZyxthRDykx0_seg_015.wav,ZyxthRDykx0,spasmodic_dysphonia,test
ZyxthRDykx0_seg_016.wav,data/processed/test_set/spasmodic_dysphonia/ZyxthRDykx0_seg_016.wav,ZyxthRDykx0,spasmodic_dysphonia,test
ZyxthRDykx0_seg_017.wav,data/processed/test_set/spasmodic_dysphonia/ZyxthRDykx0_seg_017.wav,ZyxthRDykx0,spasmodic_dysphonia,test
ZyxthRDykx0_seg_018.wav,data/processed/test_set/spasmodic_dysphonia/ZyxthRDykx0_seg_018.wav,ZyxthRDykx0,spasmodic_dysphonia,test
ZyxthRDykx0_seg_019.wav,data/processed/test_set/spasmodic_dysphonia/ZyxthRDykx0_seg_019.wav,ZyxthRDykx0,spasmodic_dysphonia,test
ZyxthRDykx0_seg_020.wav,data/processed/test_set/spasmodic_dysphonia/ZyxthRDykx0_seg_020.wav,ZyxthRDykx0,spasmodic_dysphonia,test
ZyxthRDykx0_seg_021.wav,data/processed/test_set/spasmodic_dysphonia/ZyxthRDykx0_seg_021.wav,ZyxthRDykx0,spasmodic_dysphonia,test
ZyxthRDykx0_seg_022.wav,data/processed/test_set/spasmodic_dysphonia/ZyxthRDykx0_seg_022.wav,ZyxthRDykx0,spasmodic_dysphonia,test
ZyxthRDykx0_seg_023.wav,data/processed/test_set/spasmodic_dysphonia/ZyxthRDykx0_seg_023.wav,ZyxthRDykx0,spasmodic_dysphonia,test
ZyxthRDykx0_seg_024.wav,data/processed/test_set/spasmodic_dysphonia/ZyxthRDykx0_seg_024.wav,ZyxthRDykx0,spasmodic_dysphonia,test
ZyxthRDykx0_seg_025.wav,data/processed/test_set/spasmodic_dysphonia/ZyxthRDykx0_seg_025.wav,ZyxthRDykx0,spasmodic_dysphonia,test
ZyxthRDykx0_seg_026.wav,data/processed/test_set/spasmodic_dysphonia/ZyxthRDykx0_seg_026.wav,ZyxthRDykx0,spasmodic_dysphonia,test
ZyxthRDykx0_seg_027.wav,data/processed/test_set/spasmodic_dysphonia/ZyxthRDykx0_seg_027.wav,ZyxthRDykx0,spasmodic_dysphonia,test
ZyxthRDykx0_seg_028.wav,data/processed/test_set/spasmodic_dysphonia/ZyxthRDykx0_seg_028.wav,ZyxthRDykx0,spasmodic_dysphonia,test
ZyxthRDykx0_seg_029.wav,data/processed/test_set/spasmodic_dysphonia/ZyxthRDykx0_seg_029.wav,ZyxthRDykx0,spasmodic_dysphonia,test
ZyxthRDykx0_seg_030.wav,data/processed/test_set/spasmodic_dysphonia/ZyxthRDykx0_seg_030.wav,ZyxthRDykx0,spasmodic_dysphonia,test
ZyxthRDykx0_seg_031.wav,data/processed/test_set/spasmodic_dysphonia/ZyxthRDykx0_seg_031.wav,ZyxthRDykx0,spasmodic_dysphonia,test
ZyxthRDykx0_seg_032.wav,data/processed/test_set/spasmodic_dysphonia/ZyxthRDykx0_seg_032.wav,ZyxthRDykx0,spasmodic_dysphonia,test
ZyxthRDykx0_seg_033.wav,data/processed/test_set/spasmodic_dysphonia/ZyxthRDykx0_seg_033.wav,ZyxthRDykx0,spasmodic_dysphonia,test
ZyxthRDykx0_seg_034.wav,data/processed/test_set/spasmodic_dysphonia/ZyxthRDykx0_seg_034.wav,ZyxthRDykx0,spasmodic_dysphonia,test
ZyxthRDykx0_seg_035.wav,data/processed/test_set/spasmodic_dysphonia/ZyxthRDykx0_seg_035.wav,ZyxthRDykx0,spasmodic_dysphonia,test
ZyxthRDykx0_seg_036.wav,data/processed/test_set/spasmodic_dysphonia/ZyxthRDykx0_seg_036.wav,ZyxthRDykx0,spasmodic_dysphonia,test
