filename,relative_path,video_id,segment_index,label,clean_status,sha256,sample_rate,channels,sample_width_bytes,n_frames,duration_s,rms_dbfs,silence_ratio,clipping_ratio,split
0eDJFB70peE_seg_000.wav,data/interim/segmented_clean_relaxed/spasmodic_dysphonia/0eDJFB70peE_seg_000.wav,0eDJFB70peE,000,spasmodic_dysphonia,clean_pool,0d40522f3caf1a7487c2f5acfe7c20c0f6b289215db4236a5410291c51674208,16000,1,2,48000,3.0,-26.85,0.416,0.0,train
0eDJFB70peE_seg_001.wav,data/interim/segmented_clean_relaxed/spasmodic_dysphonia/0eDJFB70peE_seg_001.wav,0eDJFB70peE,001,spasmodic_dysphonia,clean_pool,392184dd016351dfd05e67dcd60181f31183d9a878cc1510f7eb11f967c2cb43,16000,1,2,48000,3.0,-30.17,0.6523,0.0,train
0eDJFB70peE_seg_002.wav,data/interim/segmented_clean_relaxed/spasmodic_dysphonia/0eDJFB70peE_seg_002.wav,0eDJFB70peE,002,spasmodic_dysphonia,clean_pool,2b6f3f18850d320e73235b6d1317e3fc4e15c9ee6a97beac1ced06864040c5fb,16000,1,2,48000,3.0,-31.67,0.7354,0.0,train
0eDJFB70peE_seg_003.wav,data/interim/segmented_clean_relaxed/spasmodic_dysphonia/0eDJFB70peE_seg_003.wav,0eDJFB70peE,003,spasmodic_dysphonia,clean_pool,3c57d31f8b5791a8ede57ec699e416ab372c4053581ea476f4ed1d9de6ef9567,16000,1,2,48000,3.0,-30.58,0.6743,0.0,train
0eDJFB70peE_seg_004.wav,data/interim/segmented_clean_relaxed/spasmodic_dysphonia/0eDJFB70peE_seg_004.wav,0eDJFB70peE,004,spasmodic_dysphonia,clean_pool,f686f6598981c0ae4645e2edcfc9c82a69bd57dd8c700a6f3cb6a180c184e946,16000,1,2,48000,3.0,-29.14,0.5099,0.0,train
0eDJFB70peE_seg_006.wav,data/interim/segmented_clean_relaxed/spasmodic_dysphonia/0eDJFB70peE_seg_006.wav,0eDJFB70peE,006,spasmodic_dysphonia,clean_pool,cea4abbbcc6e465ae334cedea88efdc6e5d54b15ec811fb920dfc932455f0f4d,16000,1,2,48000,3.0,-28.04,0.5556,0.0,train
0eDJFB70peE_seg_007.wav,data/interim/segmented_clean_relaxed/spasmodic_dysphonia/0eDJFB70peE_seg_007.wav,0eDJFB70peE,007,spasmodic_dysphonia,clean_pool,d5452acc62417962df364d8e59fb7698cb12cfef00cfa5738695a6cf76431b75,16000,1,2,48000,3.0,-26.07,0.3678,0.0,train
0eDJFB70peE_seg_009.wav,data/interim/segmented_clean_relaxed/spasmodic_dysphonia/0eDJFB70peE_seg_009.wav,0eDJFB70peE,009,spasmodic_dysphonia,clean_pool,52e899b8a759bd0a0483096a558db1a631675d53a894f903c58679804c6f7251,16000,1,2,48000,3.0,-32.72,0.6102,0.0,train
0eDJFB70peE_seg_010.wav,data/interim/segmented_clean_relaxed/spasmodic_dysphonia/0eDJFB70peE_seg_010.wav,0eDJFB70peE,010,spasmodic_dysphonia,clean_pool,33957c182dbd5d3b9cd1735d6e2c638cbb5980f6dcce673b26be1fe175b607dc,16000,1,2,48000,3.0,-35.23,0.7398,0.0,train
0eDJFB70peE_seg_012.wav,data/interim/segmented_clean_relaxed/spasmodic_dysphonia/0eDJFB70peE_seg_012.wav,0eDJFB70peE,012,spasmodic_dysphonia,clean_pool,2ca84d4289a624fb69fb1008033e00f056f0e7daf1e74673b2db924d6ede2df8,16000,1,2,48000,3.0,-33.92,0.6967,0.0,train
0eDJFB70peE_seg_014.wav,data/interim/segmented_clean_relaxed/spasmodic_dysphonia/0eDJFB70peE_seg_014.wav,0eDJFB70peE,014,spasmodic_dysphonia,clean_pool,7ed71b9d33c2516bf24ce7018721fda9400ca39983db45c7911811e21f6e43ad,16000,1,2,48000,3.0,-31.65,0.7019,0.0,train
0eDJFB70peE_seg_016.wav,data/interim/segmented_clean_relaxed/spasmodic_dysphonia/0eDJFB70peE_seg_016.wav,0eDJFB70peE,016,spasmodic_dysphonia,clean_pool,fce79a49b021c4cb13597b653b4eff76a4c1d1611f659a95e99352dee27f18b1,16000,1,2,48000,3.0,-32.37,0.585,0.0,train
0eDJFB70peE_seg_017.wav,data/interim/segmented_clean_relaxed/spasmodic_dysphonia/0eDJFB70peE_seg_017.wav,0eDJFB70peE,017,spasmodic_dysphonia,clean_pool,55ee8310ff5bed3756b737faf62153a04ca09836bda78459a4e9242146cc74a8,16000,1,2,48000,3.0,-32.16,0.6587,0.0,train
1gqAGauWj4U_seg_000.wav,data/interim/segmented_clean_relaxed/spasmodic_dysphonia/1gqAGauWj4U_seg_000.wav,1gqAGauWj4U,000,spasmodic_dysphonia,clean_pool,f06115dffaab5576706e44e1afb87f0830bb816fb7ee6f39eb6406a7108a0cf8,16000,1,2,48000,3.0,-30.93,0.1538,0.0,train
1gqAGauWj4U_seg_001.wav,data/interim/segmented_clean_relaxed/spasmodic_dysphonia/1gqAGauWj4U_seg_001.wav,1gqAGauWj4U,001,spasmodic_dysphonia,clean_pool,a63d4190eab53810f170428ef9ab524f7c5d827e21acc15701097c1ec553d845,16000,1,2,48000,3.0,-28.27,0.2781,0.0,train
1gqAGauWj4U_seg_002.wav,data/interim/segmented_clean_relaxed/spasmodic_dysphonia/1gqAGauWj4U_seg_002.wav,1gqAGauWj4U,002,spasmodic_dysphonia,clean_pool,b345f5d640ba3d60d2982e3319c7aaf5e8600fb6d79f6bd948ce47c2a37b9391,16000,1,2,48000,3.0,-28.36,0.4479,0.0,train
1gqAGauWj4U_seg_003.wav,data/interim/segmented_clean_relaxed/spasmodic_dysphonia/1gqAGauWj4U_seg_003.wav,1gqAGauWj4U,003,spasmodic_dysphonia,clean_pool,acbb013763da2970b4c279f8a179a40d150527b82323bb77e4cc05120d86c74a,16000,1,2,48000,3.0,-30.81,0.4481,0.0,train
1gqAGauWj4U_seg_004.wav,data/interim/segmented_clean_relaxed/spasmodic_dysphonia/1gqAGauWj4U_seg_004.wav,1gqAGauWj4U,004,spasmodic_dysphonia,clean_pool,3e03a905649134e93bd745ccbec2f590dc2ade804bed146ef81b368a97aefffd,16000,1,2,48000,3.0,-30.34,0.4166,0.0,train
1gqAGauWj4U_seg_005.wav,data/interim/segmented_clean_relaxed/spasmodic_dysphonia/1gqAGauWj4U_seg_005.wav,1gqAGauWj4U,005,spasmodic_dysphonia,clean_pool,906d2c261f18e4cbec8f67f3c5424ac038eae5c3dbe346b69e1fb327cd8d313f,16000,1,2,48000,3.0,-33.3,0.6114,0.0,train
1gqAGauWj4U_seg_006.wav,data/interim/segmented_clean_relaxed/spasmodic_dysphonia/1gqAGauWj4U_seg_006.wav,1gqAGauWj4U,006,spasmodic_dysphonia,clean_pool,d0eace07e80b37ac70910bdf71794bbac797bb9e55fd126d48a179f321b8b10f,16000,1,2,48000,3.0,-32.1,0.4993,0.0,train
1gqAGauWj4U_seg_007.wav,data/interim/segmented_clean_relaxed/spasmodic_dysphonia/1gqAGauWj4U_seg_007.wav,1gqAGauWj4U,007,spasmodic_dysphonia,clean_pool,b3ee79305d82caecaf5a4524501748dd28937efc5ad3b9203b0675b9995912c9,16000,1,2,48000,3.0,-32.39,0.5002,0.0,train
1gqAGauWj4U_seg_008.wav,data/interim/segmented_clean_relaxed/spasmodic_dysphonia/1gqAGauWj4U_seg_008.wav,1gqAGauWj4U,008,spasmodic_dysphonia,clean_pool,f4bb1f830e9799b7c6f5f77e2c57258eddc9f7964a0fd69f299a783a8c336f27,16000,1,2,48000,3.0,-32.53,0.5029,0.0,train
1gqAGauWj4U_seg_009.wav,data/interim/segmented_clean_relaxed/spasmodic_dysphonia/1gqAGauWj4U_seg_009.wav,1gqAGauWj4U,009,spasmodic_dysphonia,clean_pool,bf8befba127db954273f9ecba8e3e850cf049510971ae4c5ea98b5dd86d7bdc5,16000,1,2,48000,3.0,-29.48,0.3749,0.0,train
1gqAGauWj4U_seg_010.wav,data/interim/segmented_clean_relaxed/spasmodic_dysphonia/1gqAGauWj4U_seg_010.wav,1gqAGauWj4U,010,spasmodic_dysphonia,clean_pool,c04e7f2ef7a33be2615b4313d97667567b5a7cc8b02039693beb214d07ab8ca2,16000,1,2,48000,3.0,-29.87,0.5296,0.0,train
1gqAGauWj4U_seg_011.wav,data/interim/segmented_clean_relaxed/spasmodic_dysphonia/1gqAGauWj4U_seg_011.wav,1gqAGauWj4U,011,spasmodic_dysphonia,clean_pool,1ef48903ce480cbc4212303cb20969608c49eefa6e268a4268831105a8edc8f6,16000,1,2,48000,3.0,-29.68,0.323,0.0,train
1gqAGauWj4U_seg_012.wav,data/interim/segmented_clean_relaxed/spasmodic_dysphonia/1gqAGauWj4U_seg_012.wav,1gqAGauWj4U,012,spasmodic_dysphonia,clean_pool,110deb37bb01659a885b0e616d027f9e2000fbf4307a87dc93b2344ca8fdf322,16000,1,2,48000,3.0,-30.86,0.6336,0.0,train
1gqAGauWj4U_seg_013.wav,data/interim/segmented_clean_relaxed/spasmodic_dysphonia/1gqAGauWj4U_seg_013.wav,1gqAGauWj4U,013,spasmodic_dysphonia,clean_pool,f743d7396964674b83431c44570fce0260ccded89e48851c9aedc6e99770f59c,16000,1,2,48000,3.0,-29.77,0.5995,0.0,train
1gqAGauWj4U_seg_014.wav,data/interim/segmented_clean_relaxed/spasmodic_dysphonia/1gqAGauWj4U_seg_014.wav,1gqAGauWj4U,014,spasmodic_dysphonia,clean_pool,1efd6148d2ba41570508f50844241c40521c6c379320d7c8c549c3be6d668d24,16000,1,2,48000,3.0,-33.19,0.5435,0.0,train
1gqAGauWj4U_seg_015.wav,data/interim/segmented_clean_relaxed/spasmodic_dysphonia/1gqAGauWj4U_seg_015.wav,1gqAGauWj4U,015,spasmodic_dysphonia,clean_pool,07dd48e90646a5e4f5433d1a893d760e06c89b29acc2b931d4da8b91c65cd318,16000,1,2,48000,3.0,-30.92,0.4728,0.0,train
1gqAGauWj4U_seg_016.wav,data/interim/segmented_clean_relaxed/spasmodic_dysphonia/1gqAGauWj4U_seg_016.wav,1gqAGauWj4U,016,spasmodic_dysphonia,clean_pool,adb9605173774f0e0a389985f5de1605d91c98e9f241806fe896237230fcdaf3,16000,1,2,48000,3.0,-28.68,0.4518,0.0,train
1gqAGauWj4U_seg_017.wav,data/interim/segmented_clean_relaxed/spasmodic_dysphonia/1gqAGauWj4U_seg_017.wav,1gqAGauWj4U,017,spasmodic_dysphonia,clean_pool,3333892947f7adc13339371021f5bd89ab20a2bf0edc96725281faef66ec9e5e,16000,1,2,48000,3.0,-30.74,0.4354,0.0,train
1gqAGauWj4U_seg_018.wav,data/interim/segmented_clean_relaxed/spasmodic_dysphonia/1gqAGauWj4U_seg_018.wav,1gqAGauWj4U,018,spasmodic_dysphonia,clean_pool,3fae280d8b960b40404d7334f869775b45f46cc72bd011ba99bf100f9dffaee1,16000,1,2,48000,3.0,-32.17,0.4735,0.0,train
1gqAGauWj4U_seg_019.wav,data/interim/segmented_clean_relaxed/spasmodic_dysphonia/1gqAGauWj4U_seg_019.wav,1gqAGauWj4U,019,spasmodic_dysphonia,clean_pool,cee2191b0bf12280745d1377c2df5a905a96b183f649f51bade0fb84beba62a2,16000,1,2,48000,3.0,-30.42,0.473,0.0,train
1gqAGauWj4U_seg_020.wav,data/interim/segmented_clean_relaxed/spasmodic_dysphonia/1gqAGauWj4U_seg_020.wav,1gqAGauWj4U,020,spasmodic_dysphonia,clean_pool,7eadff542356312f009a5116017e8442aa6c304891d1b867e1dc19418004d8c8,16000,1,2,48000,3.0,-31.66,0.4513,0.0,train
1gqAGauWj4U_seg_021.wav,data/interim/segmented_clean_relaxed/spasmodic_dysphonia/1gqAGauWj4U_seg_021.wav,1gqAGauWj4U,021,spasmodic_dysphonia,clean_pool,c71433cd262e72101096b3778ab417394f67d214c5c7d123bdab42f7c8990c36,16000,1,2,48000,3.0,-30.03,0.2999,0.0,train
1gqAGauWj4U_seg_022.wav,data/interim/segmented_clean_relaxed/spasmodic_dysphonia/1gqAGauWj4U_seg_022.wav,1gqAGauWj4U,022,spasmodic_dysphonia,clean_pool,14792f7270d879b96a81d2c640cf6ba453f86628e4911aaffbf20acaa6c51fa8,16000,1,2,48000,3.0,-31.34,0.3429,0.0,train
1gqAGauWj4U_seg_023.wav,data/interim/segmented_clean_relaxed/spasmodic_dysphonia/1gqAGauWj4U_seg_023.wav,1gqAGauWj4U,023,spasmodic_dysphonia,clean_pool,41b32edcb4284c567299d3724e0b6fa0481e8f601333f7fc5d988bd1dc3774a3,16000,1,2,48000,3.0,-36.09,0.5035,0.0,train
1gqAGauWj4U_seg_024.wav,data/interim/segmented_clean_relaxed/spasmodic_dysphonia/1gqAGauWj4U_seg_024.wav,1gqAGauWj4U,024,spasmodic_dysphonia,clean_pool,0a28030afdc0a1e350cf1356029b35d40d651407c8ffefe4e6e8e6f7b6619eb5,16000,1,2,48000,3.0,-31.51,0.5309,0.0,train
1gqAGauWj4U_seg_025.wav,data/interim/segmented_clean_relaxed/spasmodic_dysphonia/1gqAGauWj4U_seg_025.wav,1gqAGauWj4U,025,spasmodic_dysphonia,clean_pool,64a179441c75536cbfda09778716aa58959dd2322c4c167a49e23fc69dd1ee1a,16000,1,2,48000,3.0,-32.24,0.5178,0.0,train
1gqAGauWj4U_seg_026.wav,data/interim/segmented_clean_relaxed/spasmodic_dysphonia/1gqAGauWj4U_seg_026.wav,1gqAGauWj4U,026,spasmodic_dysphonia,clean_pool,d23764ffec873ef5579636a71eba0f1a0d9d1c731f62897a8f4d65b32d828bff,16000,1,2,48000,3.0,-31.06,0.4681,0.0,train
1gqAGauWj4U_seg_027.wav,data/interim/segmented_clean_relaxed/spasmodic_dysphonia/1gqAGauWj4U_seg_027.wav,1gqAGauWj4U,027,spasmodic_dysphonia,clean_pool,5fcec7e343cad92d5481c45928d283bcd8cff2ba34f5eb14e4cb5561ba842392,16000,1,2,48000,3.0,-28.98,0.4025,0.0,train
1gqAGauWj4U_seg_028.wav,data/interim/segmented_clean_relaxed/spasmodic_dysphonia/1gqAGauWj4U_seg_028.wav,1gqAGauWj4U,028,spasmodic_dysphonia,clean_pool,c1aedc7d93b32917f55bfc9a22bcb4600bc8b0c91c82d9d37a55327d17bd9046,16000,1,2,48000,3.0,-32.38,0.5129,0.0,train
1gqAGauWj4U_seg_029.wav,data/interim/segmented_clean_relaxed/spasmodic_dysphonia/1gqAGauWj4U_seg_029.wav,1gqAGauWj4U,029,spasmodic_dysphonia,clean_pool,6b09f1a8f29ed5e4cb374adf081a873a36b76778dbbed02d9a13461e4276c377,16000,1,2,48000,3.0,-32.16,0.4422,0.0,train
1gqAGauWj4U_seg_030.wav,data/interim/segmented_clean_relaxed/spasmodic_dysphonia/1gqAGauWj4U_seg_030.wav,1gqAGauWj4U,030,spasmodic_dysphonia,clean_pool,a3fd8b4cf5fe32f35adf071f2701a48d3c6ea517f184f73eddcd56e4b77eb852,16000,1,2,48000,3.0,-31.66,0.5018,0.0,train
1gqAGauWj4U_seg_031.wav,data/interim/segmented_clean_relaxed/spasmodic_dysphonia/1gqAGauWj4U_seg_031.wav,1gqAGauWj4U,031,spasmodic_dysphonia,clean_pool,551df7678eb665ddbf102c52a82db734d27679852206e0a73d6a177ccdce88ab,16000,1,2,48000,3.0,-27.63,0.3287,0.0,train
1gqAGauWj4U_seg_032.wav,data/interim/segmented_clean_relaxed/spasmodic_dysphonia/1gqAGauWj4U_seg_032.wav,1gqAGauWj4U,032,spasmodic_dysphonia,clean_pool,1d09e1b6181a4a336fba77f735f96085dee77f80b124063927bd73545ca1edc9,16000,1,2,48000,3.0,-30.17,0.4654,0.0,train
1gqAGauWj4U_seg_033.wav,data/interim/segmented_clean_relaxed/spasmodic_dysphonia/1gqAGauWj4U_seg_033.wav,1gqAGauWj4U,033,spasmodic_dysphonia,clean_pool,f3a3c07494803fec70ec7a4ed66ccdb9c8647dbd3952165ec218460a2a560ab1,16000,1,2,48000,3.0,-39.71,0.7191,0.0,train
1gqAGauWj4U_seg_034.wav,data/interim/segmented_clean_relaxed/spasmodic_dysphonia/1gqAGauWj4U_seg_034.wav,1gqAGauWj4U,034,spasmodic_dysphonia,clean_pool,29e91137fc8dadcb9719ebfaa27efaabe7c94aee2cac07b566a2b938627ab165,16000,1,2,48000,3.0,-27.12,0.3129,0.0,train
1gqAGauWj4U_seg_035.wav,data/interim/segmented_clean_relaxed/spasmodic_dysphonia/1gqAGauWj4U_seg_035.wav,1gqAGauWj4U,035,spasmodic_dysphonia,clean_pool,bc47695d2847a73d7442438c965b0f3fd14ee797ccc4f76698680dbb3f795d16,16000,1,2,48000,3.0,-32.26,0.4641,0.0,train
1gqAGauWj4U_seg_036.wav,data/interim/segmented_clean_relaxed/spasmodic_dysphonia/1gqAGauWj4U_seg_036.wav,1gqAGauWj4U,036,spasmodic_dysphonia,clean_pool,fa78eda15f5f87647c3f317fc4ecfd73f23271da89da067b93c812915777ecd5,16000,1,2,48000,3.0,-31.54,0.4286,0.0,train
1gqAGauWj4U_seg_037.wav,data/interim/segmented_clean_relaxed/spasmodic_dysphonia/1gqAGauWj4U_seg_037.wav,1gqAGauWj4U,037,spasmodic_dysphonia,clean_pool,899a5f1f880571075b2e7f842b762acac3f4a271455cbdf7a01f75f6034b5206,16000,1,2,48000,3.0,-30.23,0.4549,0.0,train
1gqAGauWj4U_seg_038.wav,data/interim/segmented_clean_relaxed/spasmodic_dysphonia/1gqAGauWj4U_seg_038.wav,1gqAGauWj4U,038,spasmodic_dysphonia,clean_pool,c040d5a8772b82374fbd5cb42ec3c1c5946bd0131b5a700326149e8d8826acee,16000,1,2,48000,3.0,-29.52,0.3373,0.0,train
1gqAGauWj4U_seg_039.wav,data/interim/segmented_clean_relaxed/spasmodic_dysphonia/1gqAGauWj4U_seg_039.wav,1gqAGauWj4U,039,spasmodic_dysphonia,clean_pool,6e0828aadca1a7b1b7a1d31230f52d2d29335c681ccc55419302ed8bfc1a9097,16000,1,2,48000,3.0,-27.52,0.3651,0.0,train
1gqAGauWj4U_seg_040.wav,data/interim/segmented_clean_relaxed/spasmodic_dysphonia/1gqAGauWj4U_seg_040.wav,1gqAGauWj4U,040,spasmodic_dysphonia,clean_pool,e79f62b2c5b756dd6d8a8b88a53fb4d7410d0df5b829a7d00ccb1d9465f2c2a9,16000,1,2,48000,3.0,-29.42,0.2804,0.0,train
1gqAGauWj4U_seg_041.wav,data/interim/segmented_clean_relaxed/spasmodic_dysphonia/1gqAGauWj4U_seg_041.wav,1gqAGauWj4U,041,spasmodic_dysphonia,clean_pool,eef5de8cdca53b9a14a42896b1230690bdf32f282d254da2ccbca269cf092e09,16000,1,2,48000,3.0,-30.6,0.3066,0.0,train
1gqAGauWj4U_seg_042.wav,data/interim/segmented_clean_relaxed/spasmodic_dysphonia/1gqAGauWj4U_seg_042.wav,1gqAGauWj4U,042,spasmodic_dysphonia,clean_pool,6b4b5ca4d1466cb7bd1d47a8a3e6db46c9240ab3d1babcf3bc223e651002a2a7,16000,1,2,48000,3.0,-29.31,0.3969,0.0,train
1gqAGauWj4U_seg_043.wav,data/interim/segmented_clean_relaxed/spasmodic_dysphonia/1gqAGauWj4U_seg_043.wav,1gqAGauWj4U,043,spasmodic_dysphonia,clean_pool,24dafd3d184b17e7633b8319dfb42b1fcfcdf3c0a8d67962417d629064a9da80,16000,1,2,48000,3.0,-26.92,0.3607,0.0,train
1gqAGauWj4U_seg_044.wav,data/interim/segmented_clean_relaxed/spasmodic_dysphonia/1gqAGauWj4U_seg_044.wav,1gqAGauWj4U,044,spasmodic_dysphonia,clean_pool,b4e05cfd37b5db667658a4033d855fe934b2c9a86a3d7f76dc3efabe705f80ed,16000,1,2,48000,3.0,-27.23,0.4395,0.0,train
1gqAGauWj4U_seg_045.wav,data/interim/segmented_clean_relaxed/spasmodic_dysphonia/1gqAGauWj4U_seg_045.wav,1gqAGauWj4U,045,spasmodic_dysphonia,clean_pool,2fcc1df5767d542910c184c03eafd0b592605f945c5fcaa5834dc59073026f18,16000,1,2,48000,3.0,-20.67,0.1621,0.0,train
1gqAGauWj4U_seg_046.wav,data/interim/segmented_clean_relaxed/spasmodic_dysphonia/1gqAGauWj4U_seg_046.wav,1gqAGauWj4U,046,spasmodic_dysphonia,clean_pool,a68a73acb1e9b7ead4cb79cdf7025ae9ef365e59bbbdfc84e7dd8a0e69f41f16,16000,1,2,48000,3.0,-23.88,0.3092,0.0,train
1gqAGauWj4U_seg_047.wav,data/interim/segmented_clean_relaxed/spasmodic_dysphonia/1gqAGauWj4U_seg_047.wav,1gqAGauWj4U,047,spasmodic_dysphonia,clean_pool,88099bb52cefcbeb61e850f1ecccd27f2675838f461731c38da34631f539bdf5,16000,1,2,48000,3.0,-28.62,0.3976,0.0,train
1gqAGauWj4U_seg_048.wav,data/interim/segmented_clean_relaxed/spasmodic_dysphonia/1gqAGauWj4U_seg_048.wav,1gqAGauWj4U,048,spasmodic_dysphonia,clean_pool,786dbd8c173e4518384643c6a0f0c305772c0c82540dd1b139e8a731dd6c732b,16000,1,2,48000,3.0,-28.37,0.4891,0.0,train
1gqAGauWj4U_seg_049.wav,data/interim/segmented_clean_relaxed/spasmodic_dysphonia/1gqAGauWj4U_seg_049.wav,1gqAGauWj4U,049,spasmodic_dysphonia,clean_pool,27a0cce3f60175ec396a6391f9e036847fa25318c5d41e30356263ee09b1ab32,16000,1,2,48000,3.0,-31.99,0.409,0.0,train
1gqAGauWj4U_seg_050.wav,data/interim/segmented_clean_relaxed/spasmodic_dysphonia/1gqAGauWj4U_seg_050.wav,1gqAGauWj4U,050,spasmodic_dysphonia,clean_pool,c9ed69682fe9280936a307ea1b9ffbff798b844cd5e090beb86ef650c08cbf23,16000,1,2,48000,3.0,-34.44,0.6709,0.0,train
1gqAGauWj4U_seg_051.wav,data/interim/segmented_clean_relaxed/spasmodic_dysphonia/1gqAGauWj4U_seg_051.wav,1gqAGauWj4U,051,spasmodic_dysphonia,clean_pool,d9aa5e648862963b1ca0da6a9a2e7ead331091bc4d1c5fdd0fff65bc433fa4d3,16000,1,2,48000,3.0,-30.86,0.4661,0.0,train
1gqAGauWj4U_seg_052.wav,data/interim/segmented_clean_relaxed/spasmodic_dysphonia/1gqAGauWj4U_seg_052.wav,1gqAGauWj4U,052,spasmodic_dysphonia,clean_pool,a3916415532f056b40eb1bb5cfddc99dc4e846e4bc24aa0bb7f66a38bb544173,16000,1,2,48000,3.0,-28.66,0.3505,0.0,train
1gqAGauWj4U_seg_053.wav,data/interim/segmented_clean_relaxed/spasmodic_dysphonia/1gqAGauWj4U_seg_053.wav,1gqAGauWj4U,053,spasmodic_dysphonia,clean_pool,8295fd28c91d19418ee05f586857279b0847bb3a9ba722e0467b5d135e2cb052,16000,1,2,48000,3.0,-29.25,0.3707,0.0,train
1gqAGauWj4U_seg_054.wav,data/interim/segmented_clean_relaxed/spasmodic_dysphonia/1gqAGauWj4U_seg_054.wav,1gqAGauWj4U,054,spasmodic_dysphonia,clean_pool,71bd35b06cfb88edf3f909096ea5a1023fb0a00caee3a5dc0d92d3e746fc3c6a,16000,1,2,48000,3.0,-32.76,0.5497,0.0,train
1gqAGauWj4U_seg_055.wav,data/interim/segmented_clean_relaxed/spasmodic_dysphonia/1gqAGauWj4U_seg_055.wav,1gqAGauWj4U,055,spasmodic_dysphonia,clean_pool,2811e89b0d89c074332afe8097069a25362751115a3b0c97031c896783b06c1c,16000,1,2,48000,3.0,-32.55,0.5712,0.0,train
1gqAGauWj4U_seg_056.wav,data/interim/segmented_clean_relaxed/spasmodic_dysphonia/1gqAGauWj4U_seg_056.wav,1gqAGauWj4U,056,spasmodic_dysphonia,clean_pool,a1cdce2a827fde7b6a8ede111582ec1b1b2598669416b7dc047b97ed6ad02aac,16000,1,2,48000,3.0,-35.22,0.4999,0.0,train
1gqAGauWj4U_seg_057.wav,data/interim/segmented_clean_relaxed/spasmodic_dysphonia/1gqAGauWj4U_seg_057.wav,1gqAGauWj4U,057,spasmodic_dysphonia,clean_pool,465a5ef519d6e38d6e8ebcabe02fcb13084deef9420a196965c52a2ec01f538f,16000,1,2,48000,3.0,-27.59,0.3729,0.0,train
1gqAGauWj4U_seg_058.wav,data/interim/segmented_clean_relaxed/spasmodic_dysphonia/1gqAGauWj4U_seg_058.wav,1gqAGauWj4U,058,spasmodic_dysphonia,clean_pool,66b9f665805ed0f00366ca36afd4ea5e45acb962a22fe1a538ec6c29e59e11d6,16000,1,2,48000,3.0,-30.63,0.3951,0.0,train
1gqAGauWj4U_seg_059.wav,data/interim/segmented_clean_relaxed/spasmodic_dysphonia/1gqAGauWj4U_seg_059.wav,1gqAGauWj4U,059,spasmodic_dysphonia,clean_pool,d71650cd8be7e13f8444b0bc27eed8de2e7d5ce0abcfe8971ad07adb0afb2310,16000,1,2,48000,3.0,-26.11,0.2704,0.0,train
1gqAGauWj4U_seg_060.wav,data/interim/segmented_clean_relaxed/spasmodic_dysphonia/1gqAGauWj4U_seg_060.wav,1gqAGauWj4U,060,spasmodic_dysphonia,clean_pool,3bedfd04e3644a190aaa7eff48789e1119005ed8cf0d82f5c66bff21e7a10bf9,16000,1,2,48000,3.0,-30.64,0.398,0.0,train
1gqAGauWj4U_seg_061.wav,data/interim/segmented_clean_relaxed/spasmodic_dysphonia/1gqAGauWj4U_seg_061.wav,1gqAGauWj4U,061,spasmodic_dysphonia,clean_pool,aeb35c9978504b96b887023c88da65b6531ff2eeb35d624fd9d736e7131e3009,16000,1,2,48000,3.0,-34.38,0.6335,0.0,train
1gqAGauWj4U_seg_062.wav,data/interim/segmented_clean_relaxed/spasmodic_dysphonia/1gqAGauWj4U_seg_062.wav,1gqAGauWj4U,062,spasmodic_dysphonia,clean_pool,83a6104df49dcfac5790b005fb6b1ee19304fd6fcfec2f34cbefbec0c38f6887,16000,1,2,48000,3.0,-26.93,0.3819,0.0,train
1gqAGauWj4U_seg_063.wav,data/interim/segmented_clean_relaxed/spasmodic_dysphonia/1gqAGauWj4U_seg_063.wav,1gqAGauWj4U,063,spasmodic_dysphonia,clean_pool,45694db4ce0775b3911be4ebec20af2b9c273cffa3cb623be239fe950e335e55,16000,1,2,48000,3.0,-29.46,0.414,0.0,train
1gqAGauWj4U_seg_064.wav,data/interim/segmented_clean_relaxed/spasmodic_dysphonia/1gqAGauWj4U_seg_064.wav,1gqAGauWj4U,064,spasmodic_dysphonia,clean_pool,1ce4caacdbc31ae755f39e4f7d22ebe9e3dd8bdaed85da01be3bf2d06d50dac6,16000,1,2,48000,3.0,-28.06,0.2904,0.0,train
1gqAGauWj4U_seg_065.wav,data/interim/segmented_clean_relaxed/spasmodic_dysphonia/1gqAGauWj4U_seg_065.wav,1gqAGauWj4U,065,spasmodic_dysphonia,clean_pool,189428dc6940e218bdc18f0e9ec8d540a0bd98687efe8630c8cc0bf7df093c12,16000,1,2,48000,3.0,-31.76,0.4002,0.0,train
1gqAGauWj4U_seg_066.wav,data/interim/segmented_clean_relaxed/spasmodic_dysphonia/1gqAGauWj4U_seg_066.wav,1gqAGauWj4U,066,spasmodic_dysphonia,clean_pool,4058708853d925e6d4f81a2a0b9607b4d4a7585f16917d7b3718acd920a8318c,16000,1,2,48000,3.0,-31.99,0.5938,0.0,train
1gqAGauWj4U_seg_067.wav,data/interim/segmented_clean_relaxed/spasmodic_dysphonia/1gqAGauWj4U_seg_067.wav,1gqAGauWj4U,067,spasmodic_dysphonia,clean_pool,9c19413b5ade7f6d5849a85db0c4b0aa69c269ce9698bbeb1dda079620c0a762,16000,1,2,48000,3.0,-29.24,0.3901,0.0,train
1gqAGauWj4U_seg_068.wav,data/interim/segmented_clean_relaxed/spasmodic_dysphonia/1gqAGauWj4U_seg_068.wav,1gqAGauWj4U,068,spasmodic_dysphonia,clean_pool,a340da03629fdfde3baa6b601a19334aa554bb106d5d6a25be9dd92a1a2316d3,16000,1,2,48000,3.0,-26.03,0.5669,0.0,train
1gqAGauWj4U_seg_069.wav,data/interim/segmented_clean_relaxed/spasmodic_dysphonia/1gqAGauWj4U_seg_069.wav,1gqAGauWj4U,069,spasmodic_dysphonia,clean_pool,282efc748bfe7792d2bde1c2433946d7301c5c0384293686935f1db19d2d4d05,16000,1,2,48000,3.0,-32.92,0.4931,0.0,train
1gqAGauWj4U_seg_070.wav,data/interim/segmented_clean_relaxed/spasmodic_dysphonia/1gqAGauWj4U_seg_070.wav,1gqAGauWj4U,070,spasmodic_dysphonia,clean_pool,f872416af91f2d3fab6c0f3b8968ad4d40835eba6eba3ac39ed1f04b93b37283,16000,1,2,48000,3.0,-30.65,0.4526,0.0,train
1gqAGauWj4U_seg_071.wav,data/interim/segmented_clean_relaxed/spasmodic_dysphonia/1gqAGauWj4U_seg_071.wav,1gqAGauWj4U,071,spasmodic_dysphonia,clean_pool,df5176398c08f0ed83e5259d7a333236d2f4b0a868cdce4dd110ffb733da624b,16000,1,2,48000,3.0,-30.31,0.535,0.0,train
1gqAGauWj4U_seg_072.wav,data/interim/segmented_clean_relaxed/spasmodic_dysphonia/1gqAGauWj4U_seg_072.wav,1gqAGauWj4U,072,spasmodic_dysphonia,clean_pool,a748136a97b75c31e40145d6f290d80e16923c51a783fa8893b30f15e8c52dc9,16000,1,2,48000,3.0,-30.74,0.5419,0.0,train
1gqAGauWj4U_seg_073.wav,data/interim/segmented_clean_relaxed/spasmodic_dysphonia/1gqAGauWj4U_seg_073.wav,1gqAGauWj4U,073,spasmodic_dysphonia,clean_pool,448e1701f1b7c7124a43b51e7b260669f1b94919be7c09d7a64b1797a7ff1c74,16000,1,2,48000,3.0,-29.53,0.3177,0.0,train
1gqAGauWj4U_seg_074.wav,data/interim/segmented_clean_relaxed/spasmodic_dysphonia/1gqAGauWj4U_seg_074.wav,1gqAGauWj4U,074,spasmodic_dysphonia,clean_pool,43253b0f33ef406cf5c50548b1c034619bb834b72015ac10b9ca462ccd445497,16000,1,2,48000,3.0,-27.76,0.279,0.0,train
1gqAGauWj4U_seg_075.wav,data/interim/segmented_clean_relaxed/spasmodic_dysphonia/1gqAGauWj4U_seg_075.wav,1gqAGauWj4U,075,spasmodic_dysphonia,clean_pool,20715b84d810ca01e1d73ed61d075b1a144834b7681f855cfaff13b7f33ce1cf,16000,1,2,48000,3.0,-24.85,0.3283,0.0,train
1gqAGauWj4U_seg_076.wav,data/interim/segmented_clean_relaxed/spasmodic_dysphonia/1gqAGauWj4U_seg_076.wav,1gqAGauWj4U,076,spasmodic_dysphonia,clean_pool,d422d54a10c5e399e9ec45936d5ac70f00a8a1e973f582ece4304c04bf4f835d,16000,1,2,48000,3.0,-31.44,0.4717,0.0,train
1gqAGauWj4U_seg_077.wav,data/interim/segmented_clean_relaxed/spasmodic_dysphonia/1gqAGauWj4U_seg_077.wav,1gqAGauWj4U,077,spasmodic_dysphonia,clean_pool,d6a85bcbfc3fe266deda63ed0c2135c5e47013aa675edad0ecf4e1ca80b4583d,16000,1,2,48000,3.0,-31.32,0.4657,0.0,train
1gqAGauWj4U_seg_078.wav,data/interim/segmented_clean_relaxed/spasmodic_dysphonia/1gqAGauWj4U_seg_078.wav,1gqAGauWj4U,078,spasmodic_dysphonia,clean_pool,1d3e7911143f9a3b11ece4f3fb77d8a6ffe654a21d53ef4c9928fadc096a90ff,16000,1,2,48000,3.0,-31.66,0.4113,0.0,train
1gqAGauWj4U_seg_079.wav,data/interim/segmented_clean_relaxed/spasmodic_dysphonia/1gqAGauWj4U_seg_079.wav,1gqAGauWj4U,079,spasmodic_dysphonia,clean_pool,40e2f0c53a45fbfdd797df5a3294132a08c5f241c56ec895d8d93572d691bf1b,16000,1,2,48000,3.0,-30.51,0.4864,0.0,train
1gqAGauWj4U_seg_080.wav,data/interim/segmented_clean_relaxed/spasmodic_dysphonia/1gqAGauWj4U_seg_080.wav,1gqAGauWj4U,080,spasmodic_dysphonia,clean_pool,d1ffa4f022b8ebeee4696d94bec894560623524c3ef40cad00f1456bad6b4478,16000,1,2,48000,3.0,-30.81,0.5012,0.0,train
1gqAGauWj4U_seg_081.wav,data/interim/segmented_clean_relaxed/spasmodic_dysphonia/1gqAGauWj4U_seg_081.wav,1gqAGauWj4U,081,spasmodic_dysphonia,clean_pool,13a034be7bfc41e69ad757c8b559973d1ed06e9819851c4f985fe8f041731ff0,16000,1,2,48000,3.0,-30.54,0.4899,0.0,train
1gqAGauWj4U_seg_082.wav,data/interim/segmented_clean_relaxed/spasmodic_dysphonia/1gqAGauWj4U_seg_082.wav,1gqAGauWj4U,082,spasmodic_dysphonia,clean_pool,764c589d2ec3fae85b9bc9d4bd624855d1576f1eab8af43551ad6998dd33a84d,16000,1,2,48000,3.0,-28.38,0.4985,0.0,train
1gqAGauWj4U_seg_083.wav,data/interim/segmented_clean_relaxed/spasmodic_dysphonia/1gqAGauWj4U_seg_083.wav,1gqAGauWj4U,083,spasmodic_dysphonia,clean_pool,63d16e852c300d6cf953f284da8fba3ea45f9bb6b4d97ec9747fba64474e4631,16000,1,2,48000,3.0,-30.86,0.4555,0.0,train
1gqAGauWj4U_seg_084.wav,data/interim/segmented_clean_relaxed/spasmodic_dysphonia/1gqAGauWj4U_seg_084.wav,1gqAGauWj4U,084,spasmodic_dysphonia,clean_pool,d05f4bab51976b9ebd7913c3000222bccec04a922d37530b201a4afc267c7677,16000,1,2,48000,3.0,-31.42,0.5307,0.0,train
1gqAGauWj4U_seg_085.wav,data/interim/segmented_clean_relaxed/spasmodic_dysphonia/1gqAGauWj4U_seg_085.wav,1gqAGauWj4U,085,spasmodic_dysphonia,clean_pool,4eb13a9c6667250fd02bfba7c07bc114bc39726e908d0e6de7129a0c7b7198d2,16000,1,2,48000,3.0,-30.63,0.4823,0.0,train
1gqAGauWj4U_seg_086.wav,data/interim/segmented_clean_relaxed/spasmodic_dysphonia/1gqAGauWj4U_seg_086.wav,1gqAGauWj4U,086,spasmodic_dysphonia,clean_pool,c75e300e34a719d3d76ec422cf2ec193a18b22e4557ec0afd76e16e814200247,16000,1,2,48000,3.0,-32.76,0.6043,0.0,train
1gqAGauWj4U_seg_087.wav,data/interim/segmented_clean_relaxed/spasmodic_dysphonia/1gqAGauWj4U_seg_087.wav,1gqAGauWj4U,087,spasmodic_dysphonia,clean_pool,34c7c15bc4131058bd1839f567a13081f083186af4c7c25953ab387112c5eb5c,16000,1,2,48000,3.0,-30.35,0.4682,0.0,train
1gqAGauWj4U_seg_088.wav,data/interim/segmented_clean_relaxed/spasmodic_dysphonia/1gqAGauWj4U_seg_088.wav,1gqAGauWj4U,088,spasmodic_dysphonia,clean_pool,84cc4e7f98c679762490ed6ab34bd1f110c9fe2e518aa8fc1c92dad0f3f0de15,16000,1,2,48000,3.0,-25.75,0.2194,0.0,train
1gqAGauWj4U_seg_089.wav,data/interim/segmented_clean_relaxed/spasmodic_dysphonia/1gqAGauWj4U_seg_089.wav,1gqAGauWj4U,089,spasmodic_dysphonia,clean_pool,5cfaa68732e5887cbfc01b7fa7410a4051d4f4dfac679205faba6c5d4f444af4,16000,1,2,48000,3.0,-33.26,0.4989,0.0,train
1gqAGauWj4U_seg_090.wav,data/interim/segmented_clean_relaxed/spasmodic_dysphonia/1gqAGauWj4U_seg_090.wav,1gqAGauWj4U,090,spasmodic_dysphonia,clean_pool,bffbd1b515e582bcd74e6ee9f2d41c4f1fa68cf74fba27b6a7476964d57e0089,16000,1,2,48000,3.0,-31.48,0.5515,0.0,train
1gqAGauWj4U_seg_091.wav,data/interim/segmented_clean_relaxed/spasmodic_dysphonia/1gqAGauWj4U_seg_091.wav,1gqAGauWj4U,091,spasmodic_dysphonia,clean_pool,6a60aaa7b54f9013cb032c59e654946d28472d52c49747a14bfe389fa1b46ab7,16000,1,2,48000,3.0,-32.94,0.4993,0.0,train
1gqAGauWj4U_seg_092.wav,data/interim/segmented_clean_relaxed/spasmodic_dysphonia/1gqAGauWj4U_seg_092.wav,1gqAGauWj4U,092,spasmodic_dysphonia,clean_pool,024e1a73c7c201a52511e6bc1c4b405bfbbda5a3a09daac7d18fb2a7c4e31195,16000,1,2,48000,3.0,-28.78,0.3245,0.0,train
1gqAGauWj4U_seg_093.wav,data/interim/segmented_clean_relaxed/spasmodic_dysphonia/1gqAGauWj4U_seg_093.wav,1gqAGauWj4U,093,spasmodic_dysphonia,clean_pool,e5b246e054fbbaa01d261745465f5ea0dddc1a808dd841b5656f41be1659f3c0,16000,1,2,48000,3.0,-29.17,0.5482,0.0,train
1gqAGauWj4U_seg_094.wav,data/interim/segmented_clean_relaxed/spasmodic_dysphonia/1gqAGauWj4U_seg_094.wav,1gqAGauWj4U,094,spasmodic_dysphonia,clean_pool,3acb3bb0c7e1511cd308431e31c671707e5e40fdf9d80b1d566eaca24d125a9f,16000,1,2,48000,3.0,-30.58,0.5161,0.0,train
1gqAGauWj4U_seg_095.wav,data/interim/segmented_clean_relaxed/spasmodic_dysphonia/1gqAGauWj4U_seg_095.wav,1gqAGauWj4U,095,spasmodic_dysphonia,clean_pool,55e3475e2c28c58ea65a32def4f1d211f4c9b2d74b2b3102d089c80c9ce6cebd,16000,1,2,48000,3.0,-32.56,0.5273,0.0,train
1gqAGauWj4U_seg_096.wav,data/interim/segmented_clean_relaxed/spasmodic_dysphonia/1gqAGauWj4U_seg_096.wav,1gqAGauWj4U,096,spasmodic_dysphonia,clean_pool,0480158a5965b3b041686d69c8b5dda6131716c94f4f2c796ceea246f524bd20,16000,1,2,48000,3.0,-31.88,0.4828,0.0,train
1gqAGauWj4U_seg_097.wav,data/interim/segmented_clean_relaxed/spasmodic_dysphonia/1gqAGauWj4U_seg_097.wav,1gqAGauWj4U,097,spasmodic_dysphonia,clean_pool,5e0786b6cf71c7f58f3a37ae4e3e9bf82729b87ae0058e7d8303ca591f745f33,16000,1,2,48000,3.0,-26.66,0.2717,0.0,train
1gqAGauWj4U_seg_098.wav,data/interim/segmented_clean_relaxed/spasmodic_dysphonia/1gqAGauWj4U_seg_098.wav,1gqAGauWj4U,098,spasmodic_dysphonia,clean_pool,34e78d92777650c1e640d32dc6004fa819cdfd5652826152c41eeb1736ca5467,16000,1,2,48000,3.0,-25.29,0.4278,0.0,train
1gqAGauWj4U_seg_099.wav,data/interim/segmented_clean_relaxed/spasmodic_dysphonia/1gqAGauWj4U_seg_099.wav,1gqAGauWj4U,099,spasmodic_dysphonia,clean_pool,18bb6b30817302eb1696cb52a338a0dd03492d5c5cae7e86c24cf717fc8bf651,16000,1,2,48000,3.0,-29.24,0.3948,0.0,train
1gqAGauWj4U_seg_100.wav,data/interim/segmented_clean_relaxed/spasmodic_dysphonia/1gqAGauWj4U_seg_100.wav,1gqAGauWj4U,100,spasmodic_dysphonia,clean_pool,710bee33d86d484abe122544f2c4954290cb00c27499b3e7934b6603b7387466,16000,1,2,48000,3.0,-28.85,0.4392,0.0,train
1gqAGauWj4U_seg_101.wav,data/interim/segmented_clean_relaxed/spasmodic_dysphonia/1gqAGauWj4U_seg_101.wav,1gqAGauWj4U,101,spasmodic_dysphonia,clean_pool,aa26f60d5e29d9f9f8d6950f8f857b9ed3ec4bd6f7b21b1489a30a81036301fd,16000,1,2,48000,3.0,-28.38,0.3499,0.0,train
1gqAGauWj4U_seg_102.wav,data/interim/segmented_clean_relaxed/spasmodic_dysphonia/1gqAGauWj4U_seg_102.wav,1gqAGauWj4U,102,spasmodic_dysphonia,clean_pool,fc911ecc1753f69d4120d15751a528c78f45beaad6fa35d87c16d8154aadcc80,16000,1,2,48000,3.0,-29.71,0.4565,0.0,train
1gqAGauWj4U_seg_103.wav,data/interim/segmented_clean_relaxed/spasmodic_dysphonia/1gqAGauWj4U_seg_103.wav,1gqAGauWj4U,103,spasmodic_dysphonia,clean_pool,0cbbcbbdb858fd98b028954fcd1ecce8d42850bf2c348a9661bcaa8f3e413359,16000,1,2,48000,3.0,-27.61,0.3773,0.0,train
1gqAGauWj4U_seg_104.wav,data/interim/segmented_clean_relaxed/spasmodic_dysphonia/1gqAGauWj4U_seg_104.wav,1gqAGauWj4U,104,spasmodic_dysphonia,clean_pool,ba99425639aaf76157c23b66e3cfd83ffd6aa3a6d8840235fbfb98152cb3e948,16000,1,2,48000,3.0,-32.44,0.4618,0.0,train
1gqAGauWj4U_seg_105.wav,data/interim/segmented_clean_relaxed/spasmodic_dysphonia/1gqAGauWj4U_seg_105.wav,1gqAGauWj4U,105,spasmodic_dysphonia,clean_pool,496c4c804ebcf182e5715cfaa1644bafa4005fc111252c5319e017fac7bdbf92,16000,1,2,48000,3.0,-32.33,0.4934,0.0,train
1gqAGauWj4U_seg_106.wav,data/interim/segmented_clean_relaxed/spasmodic_dysphonia/1gqAGauWj4U_seg_106.wav,1gqAGauWj4U,106,spasmodic_dysphonia,clean_pool,176e03253dbfc8b1ddaf3dd054c062cf9b3fb35299ea64671a7d7b7e81791872,16000,1,2,48000,3.0,-29.01,0.4456,0.0,train
1gqAGauWj4U_seg_107.wav,data/interim/segmented_clean_relaxed/spasmodic_dysphonia/1gqAGauWj4U_seg_107.wav,1gqAGauWj4U,107,spasmodic_dysphonia,clean_pool,bb99196a80126ce6d07bc767ae5210508f65ff337c2936ec7129ede90ad32a90,16000,1,2,48000,3.0,-27.78,0.3377,0.0,train
1gqAGauWj4U_seg_108.wav,data/interim/segmented_clean_relaxed/spasmodic_dysphonia/1gqAGauWj4U_seg_108.wav,1gqAGauWj4U,108,spasmodic_dysphonia,clean_pool,ecb8953981b23de50e75b15bbe700a960fb85975ab9189afd2f73d6043125051,16000,1,2,48000,3.0,-29.15,0.4593,0.0,train
1gqAGauWj4U_seg_109.wav,data/interim/segmented_clean_relaxed/spasmodic_dysphonia/1gqAGauWj4U_seg_109.wav,1gqAGauWj4U,109,spasmodic_dysphonia,clean_pool,c4d3ace64fcbc6896feeab133245b61e2c079c116e2077b0609d099e8f0387f6,16000,1,2,48000,3.0,-33.5,0.5941,0.0,train
1gqAGauWj4U_seg_110.wav,data/interim/segmented_clean_relaxed/spasmodic_dysphonia/1gqAGauWj4U_seg_110.wav,1gqAGauWj4U,110,spasmodic_dysphonia,clean_pool,ca27ef30d213d401d0452ffc2bee0efa6fa6ef3229bf76ba9d0808715472980d,16000,1,2,48000,3.0,-30.63,0.4274,0.0,train
1gqAGauWj4U_seg_111.wav,data/interim/segmented_clean_relaxed/spasmodic_dysphonia/1gqAGauWj4U_seg_111.wav,1gqAGauWj4U,111,spasmodic_dysphonia,clean_pool,158c58278387f00273995f7961a4452fdf505ea055a1414748918c71bb519076,16000,1,2,48000,3.0,-31.45,0.5721,0.0,train
1gqAGauWj4U_seg_112.wav,data/interim/segmented_clean_relaxed/spasmodic_dysphonia/1gqAGauWj4U_seg_112.wav,1gqAGauWj4U,112,spasmodic_dysphonia,clean_pool,fc8d9d8ab210cd3b4296e3248ed0da685fb6e9c7de9165ba59d0eef72e5873ed,16000,1,2,48000,3.0,-38.58,0.4704,0.0,train
1gqAGauWj4U_seg_113.wav,data/interim/segmented_clean_relaxed/spasmodic_dysphonia/1gqAGauWj4U_seg_113.wav,1gqAGauWj4U,113,spasmodic_dysphonia,clean_pool,f0fbfd2ebd9c9a1082655efaa370d2bc00773bc59d3554caa4d882e675c15d31,16000,1,2,48000,3.0,-36.6,0.2196,0.0,train
1gqAGauWj4U_seg_114.wav,data/interim/segmented_clean_relaxed/spasmodic_dysphonia/1gqAGauWj4U_seg_114.wav,1gqAGauWj4U,114,spasmodic_dysphonia,clean_pool,c67dd1f3b49295a29f39619d66a0526c2e1d606663f59e280a9dee915fde0e0f,16000,1,2,48000,3.0,-36.35,0.2165,0.0,train
1gqAGauWj4U_seg_115.wav,data/interim/segmented_clean_relaxed/spasmodic_dysphonia/1gqAGauWj4U_seg_115.wav,1gqAGauWj4U,115,spasmodic_dysphonia,clean_pool,e5e3c2f9ad08a4181e17b560960b3730bc1b609534cab85794a1702c9ccc075f,16000,1,2,25088,1.568,-36.97,0.21,0.0,train
1xoBQiIrWRU_seg_000.wav,data/interim/segmented_clean_relaxed/spasmodic_dysphonia/1xoBQiIrWRU_seg_000.wav,1xoBQiIrWRU,000,spasmodic_dysphonia,clean_pool,ae70bd5829ee9a891296a7d8b42cc688137574384193dd4e9f2e217dc7d026aa,16000,1,2,48000,3.0,-33.04,0.534,0.0,test
1xoBQiIrWRU_seg_001.wav,data/interim/segmented_clean_relaxed/spasmodic_dysphonia/1xoBQiIrWRU_seg_001.wav,1xoBQiIrWRU,001,spasmodic_dysphonia,clean_pool,19ae93a6a3dbdadb613a897081929d0babcc74d5eb8aafec8eb3d50166f775da,16000,1,2,48000,3.0,-35.0,0.5042,0.0,test
1xoBQiIrWRU_seg_002.wav,data/interim/segmented_clean_relaxed/spasmodic_dysphonia/1xoBQiIrWRU_seg_002.wav,1xoBQiIrWRU,002,spasmodic_dysphonia,clean_pool,b6edca4bc9e0d923542961cffa07d33eca8db327a001e4160cade31e2312d0c9,16000,1,2,48000,3.0,-36.71,0.5489,0.0,test
1xoBQiIrWRU_seg_003.wav,data/interim/segmented_clean_relaxed/spasmodic_dysphonia/1xoBQiIrWRU_seg_003.wav,1xoBQiIrWRU,003,spasmodic_dysphonia,clean_pool,bb014c47edc461c5635130d0b574bf2c0ea132d2a446a514127966638566aebf,16000,1,2,48000,3.0,-36.89,0.6352,0.0,test
1xoBQiIrWRU_seg_004.wav,data/interim/segmented_clean_relaxed/spasmodic_dysphonia/1xoBQiIrWRU_seg_004.wav,1xoBQiIrWRU,004,spasmodic_dysphonia,clean_pool,090ecc292c76a2d13d59adfb3ce70e1db1b3449ab9fd0231f097a49954802f63,16000,1,2,48000,3.0,-38.0,0.5943,0.0,test
1xoBQiIrWRU_seg_005.wav,data/interim/segmented_clean_relaxed/spasmodic_dysphonia/1xoBQiIrWRU_seg_005.wav,1xoBQiIrWRU,005,spasmodic_dysphonia,clean_pool,33c4c35d4d071ed41f604a3633e13b20dab4839d6defe4a38ce67202b0920eb5,16000,1,2,48000,3.0,-36.7,0.6996,0.0,test
1xoBQiIrWRU_seg_006.wav,data/interim/segmented_clean_relaxed/spasmodic_dysphonia/1xoBQiIrWRU_seg_006.wav,1xoBQiIrWRU,006,spasmodic_dysphonia,clean_pool,19166b713d585453f327e96b6591d1a836297bb4e1f7a0b24dd78e4ed8c96715,16000,1,2,48000,3.0,-32.15,0.5565,0.0,test
1xoBQiIrWRU_seg_007.wav,data/interim/segmented_clean_relaxed/spasmodic_dysphonia/1xoBQiIrWRU_seg_007.wav,1xoBQiIrWRU,007,spasmodic_dysphonia,clean_pool,390e795a016c58c24ca865f7e185e14feb181906e9ea79263904cf46e74ceb82,16000,1,2,48000,3.0,-35.68,0.6212,0.0,test
1xoBQiIrWRU_seg_008.wav,data/interim/segmented_clean_relaxed/spasmodic_dysphonia/1xoBQiIrWRU_seg_008.wav,1xoBQiIrWRU,008,spasmodic_dysphonia,clean_pool,4379393ca15a0192e383bd3c2e88a96f072e641cbb59355f3fa7ee4d244f8564,16000,1,2,48000,3.0,-36.1,0.5027,0.0,test
1xoBQiIrWRU_seg_009.wav,data/interim/segmented_clean_relaxed/spasmodic_dysphonia/1xoBQiIrWRU_seg_009.wav,1xoBQiIrWRU,009,spasmodic_dysphonia,clean_pool,e91d02fef2686248e4aa569435df14f258c097c2af89167cc4f08b156659e16a,16000,1,2,48000,3.0,-32.23,0.4879,0.0,test
1xoBQiIrWRU_seg_010.wav,data/interim/segmented_clean_relaxed/spasmodic_dysphonia/1xoBQiIrWRU_seg_010.wav,1xoBQiIrWRU,010,spasmodic_dysphonia,clean_pool,bedd2237d7dce25790aa2e819b355d8b7dcd71ea2bd3d2fd4a15cc71c89bce56,16000,1,2,48000,3.0,-34.78,0.5226,0.0,test
1xoBQiIrWRU_seg_011.wav,data/interim/segmented_clean_relaxed/spasmodic_dysphonia/1xoBQiIrWRU_seg_011.wav,1xoBQiIrWRU,011,spasmodic_dysphonia,clean_pool,722d0d2754d36cb896ddb1ee978ee689330202e823119cc8ff45ac8cd9772f08,16000,1,2,48000,3.0,-34.82,0.5596,0.0,test
1xoBQiIrWRU_seg_012.wav,data/interim/segmented_clean_relaxed/spasmodic_dysphonia/1xoBQiIrWRU_seg_012.wav,1xoBQiIrWRU,012,spasmodic_dysphonia,clean_pool,954e8b36f4fca8ec0ff15267ee2d61ac935704a681351e330bad07f6fb3920bc,16000,1,2,48000,3.0,-36.27,0.5981,0.0,test
1xoBQiIrWRU_seg_013.wav,data/interim/segmented_clean_relaxed/spasmodic_dysphonia/1xoBQiIrWRU_seg_013.wav,1xoBQiIrWRU,013,spasmodic_dysphonia,clean_pool,5f69986aa8deeef012a299d70b0a5b384bdbdc61b1ef6d45f0b72f7779fdc584,16000,1,2,48000,3.0,-32.8,0.5098,0.0,test
1xoBQiIrWRU_seg_014.wav,data/interim/segmented_clean_relaxed/spasmodic_dysphonia/1xoBQiIrWRU_seg_014.wav,1xoBQiIrWRU,014,spasmodic_dysphonia,clean_pool,2ab752fb2269cb3fab6dc5d86a63761d4eeb8de9e5dea6c20a6235f2b1650cf0,16000,1,2,48000,3.0,-33.84,0.5257,0.0,test
1xoBQiIrWRU_seg_015.wav,data/interim/segmented_clean_relaxed/spasmodic_dysphonia/1xoBQiIrWRU_seg_015.wav,1xoBQiIrWRU,015,spasmodic_dysphonia,clean_pool,66b88db65355b7a2ba98a3c3c5038c751c4d26aeab1033214cc128c8c5bf5d64,16000,1,2,48000,3.0,-38.17,0.7146,0.0,test
1xoBQiIrWRU_seg_016.wav,data/interim/segmented_clean_relaxed/spasmodic_dysphonia/1xoBQiIrWRU_seg_016.wav,1xoBQiIrWRU,016,spasmodic_dysphonia,clean_pool,3013daea2db824a05445962ea49458d81fa9ab8d349bd530591ca688ea24f217,16000,1,2,48000,3.0,-35.65,0.4703,0.0,test
1xoBQiIrWRU_seg_017.wav,data/interim/segmented_clean_relaxed/spasmodic_dysphonia/1xoBQiIrWRU_seg_017.wav,1xoBQiIrWRU,017,spasmodic_dysphonia,clean_pool,fefcd94f5117e07d179fb44adbdb7a828b0e17bd1cec54fe6ed930ec95e53f7e,16000,1,2,48000,3.0,-34.67,0.5989,0.0,test
1xoBQiIrWRU_seg_018.wav,data/interim/segmented_clean_relaxed/spasmodic_dysphonia/1xoBQiIrWRU_seg_018.wav,1xoBQiIrWRU,018,spasmodic_dysphonia,clean_pool,4da33b02ca374e881020c04a2d16b7097911dbf8010b9b520ca0931aaac26c1c,16000,1,2,48000,3.0,-36.53,0.534,0.0,test
1xoBQiIrWRU_seg_019.wav,data/interim/segmented_clean_relaxed/spasmodic_dysphonia/1xoBQiIrWRU_seg_019.wav,1xoBQiIrWRU,019,spasmodic_dysphonia,clean_pool,a8e9c4deb4b7869e85a518334b4767178aa6d640c874489b5e0d8740008c3b2a,16000,1,2,48000,3.0,-36.87,0.6151,0.0,test
1xoBQiIrWRU_seg_020.wav,data/interim/segmented_clean_relaxed/spasmodic_dysphonia/1xoBQiIrWRU_seg_020.wav,1xoBQiIrWRU,020,spasmodic_dysphonia,clean_pool,2cd7abd8e49e94de47ce1855a5957836dacee3c18f43c0ff6df71dc75e5942bc,16000,1,2,48000,3.0,-33.88,0.6311,0.0,test
1xoBQiIrWRU_seg_021.wav,data/interim/segmented_clean_relaxed/spasmodic_dysphonia/1xoBQiIrWRU_seg_021.wav,1xoBQiIrWRU,021,spasmodic_dysphonia,clean_pool,fa219b712c8a530d3603c17ad269fed28e62cdf18ca37b5a21730675ee0f4078,16000,1,2,48000,3.0,-35.65,0.5366,0.0,test
1xoBQiIrWRU_seg_022.wav,data/interim/segmented_clean_relaxed/spasmodic_dysphonia/1xoBQiIrWRU_seg_022.wav,1xoBQiIrWRU,022,spasmodic_dysphonia,clean_pool,9d7873bf4709ac309e31054490079971291d3556a3c58d992ce57fb03ca79be7,16000,1,2,48000,3.0,-34.26,0.4871,0.0,test
1xoBQiIrWRU_seg_023.wav,data/interim/segmented_clean_relaxed/spasmodic_dysphonia/1xoBQiIrWRU_seg_023.wav,1xoBQiIrWRU,023,spasmodic_dysphonia,clean_pool,1248c72d16561642c6ba8946064549690e24e06e71c056098e8ab5f2e7ccb88b,16000,1,2,48000,3.0,-37.43,0.6536,0.0,test
1xoBQiIrWRU_seg_024.wav,data/interim/segmented_clean_relaxed/spasmodic_dysphonia/1xoBQiIrWRU_seg_024.wav,1xoBQiIrWRU,024,spasmodic_dysphonia,clean_pool,edd5e8c96d576442c9345f58e7a7a0b01420db0f3957408a5598ff46a9391258,16000,1,2,48000,3.0,-31.85,0.4106,0.0,test
1xoBQiIrWRU_seg_025.wav,data/interim/segmented_clean_relaxed/spasmodic_dysphonia/1xoBQiIrWRU_seg_025.wav,1xoBQiIrWRU,025,spasmodic_dysphonia,clean_pool,47df3481532811a5b814e9cb828a88b33bd732d6b6655334d0e50f18a5167b6d,16000,1,2,48000,3.0,-34.25,0.5275,0.0,test
1xoBQiIrWRU_seg_026.wav,data/interim/segmented_clean_relaxed/spasmodic_dysphonia/1xoBQiIrWRU_seg_026.wav,1xoBQiIrWRU,026,spasmodic_dysphonia,clean_pool,d9133c5ce331d20f1445cefb57ca0b6998cbfc240e1f03ed912083d46dfc28f7,16000,1,2,48000,3.0,-33.39,0.5274,0.0,test
1xoBQiIrWRU_seg_027.wav,data/interim/segmented_clean_relaxed/spasmodic_dysphonia/1xoBQiIrWRU_seg_027.wav,1xoBQiIrWRU,027,spasmodic_dysphonia,clean_pool,ffa53a609abd52452bf7f463d9cc1388f4c48602baab1a5193f90dd585ae4fea,16000,1,2,48000,3.0,-33.88,0.4612,0.0,test
1xoBQiIrWRU_seg_028.wav,data/interim/segmented_clean_relaxed/spasmodic_dysphonia/1xoBQiIrWRU_seg_028.wav,1xoBQiIrWRU,028,spasmodic_dysphonia,clean_pool,1486b8c270bd1b3cc3f40cbeba50915ace628a5db29b0707936d76df91faa637,16000,1,2,48000,3.0,-34.27,0.6204,0.0,test
1xoBQiIrWRU_seg_029.wav,data/interim/segmented_clean_relaxed/spasmodic_dysphonia/1xoBQiIrWRU_seg_029.wav,1xoBQiIrWRU,029,spasmodic_dysphonia,clean_pool,d794b24d033b05fb528cc55aeb0761e741543912299f2a6c59eacba0560c560b,16000,1,2,48000,3.0,-33.15,0.4518,0.0,test
1xoBQiIrWRU_seg_030.wav,data/interim/segmented_clean_relaxed/spasmodic_dysphonia/1xoBQiIrWRU_seg_030.wav,1xoBQiIrWRU,030,spasmodic_dysphonia,clean_pool,104b4c78b7983c64923fcf55692f5d4b179425527469902351db427f1789e417,16000,1,2,48000,3.0,-35.61,0.5943,0.0,test
1xoBQiIrWRU_seg_031.wav,data/interim/segmented_clean_relaxed/spasmodic_dysphonia/1xoBQiIrWRU_seg_031.wav,1xoBQiIrWRU,031,spasmodic_dysphonia,clean_pool,2542b455f37431b0c38f3c21cf800f55f88cdbaa617c72faba877a7b05cf4959,16000,1,2,48000,3.0,-35.41,0.6065,0.0,test
1xoBQiIrWRU_seg_032.wav,data/interim/segmented_clean_relaxed/spasmodic_dysphonia/1xoBQiIrWRU_seg_032.wav,1xoBQiIrWRU,032,spasmodic_dysphonia,clean_pool,26a0c6d58178b528605e969e0b033f8b9902ac5ee3bd938fb29377d42fd58b63,16000,1,2,48000,3.0,-34.13,0.5425,0.0,test
1xoBQiIrWRU_seg_033.wav,data/interim/segmented_clean_relaxed/spasmodic_dysphonia/1xoBQiIrWRU_seg_033.wav,1xoBQiIrWRU,033,spasmodic_dysphonia,clean_pool,3bbb92bcae79adf60d0ee752f7cbcc4d6208e6c4a11c0facc53026ed332465dc,16000,1,2,48000,3.0,-31.9,0.4502,0.0,test
1xoBQiIrWRU_seg_034.wav,data/interim/segmented_clean_relaxed/spasmodic_dysphonia/1xoBQiIrWRU_seg_034.wav,1xoBQiIrWRU,034,spasmodic_dysphonia,clean_pool,cf124e0a973d1157bca98886b747d637e1971e7c3d207fcccec224d461814243,16000,1,2,48000,3.0,-32.75,0.5925,0.0,test
1xoBQiIrWRU_seg_035.wav,data/interim/segmented_clean_relaxed/spasmodic_dysphonia/1xoBQiIrWRU_seg_035.wav,1xoBQiIrWRU,035,spasmodic_dysphonia,clean_pool,d234baf346dd00787a50d1104972cdf2e13094518abdd48020ad7ffe9e335811,16000,1,2,48000,3.0,-32.48,0.5634,0.0,test
1xoBQiIrWRU_seg_036.wav,data/interim/segmented_clean_relaxed/spasmodic_dysphonia/1xoBQiIrWRU_seg_036.wav,1xoBQiIrWRU,036,spasmodic_dysphonia,clean_pool,adc7445212e1ea28b7afe65fd73a481fee1029d4c9e875e10cda528479a2deb3,16000,1,2,48000,3.0,-32.85,0.4369,0.0,test
1xoBQiIrWRU_seg_037.wav,data/interim/segmented_clean_relaxed/spasmodic_dysphonia/1xoBQiIrWRU_seg_037.wav,1xoBQiIrWRU,037,spasmodic_dysphonia,clean_pool,1393e30bb67647b4e09f7314f54faa35a594b644b329f37ee733dca7b228cb78,16000,1,2,48000,3.0,-34.23,0.5593,0.0,test
1xoBQiIrWRU_seg_038.wav,data/interim/segmented_clean_relaxed/spasmodic_dysphonia/1xoBQiIrWRU_seg_038.wav,1xoBQiIrWRU,038,spasmodic_dysphonia,clean_pool,331267ee8ed7f83a67aed8b7fecb1af5feb600d98e5fbacfc953f8a8de873002,16000,1,2,48000,3.0,-35.92,0.5684,0.0,test
1xoBQiIrWRU_seg_039.wav,data/interim/segmented_clean_relaxed/spasmodic_dysphonia/1xoBQiIrWRU_seg_039.wav,1xoBQiIrWRU,039,spasmodic_dysphonia,clean_pool,7bfeffb6a0b65436a8edfc09dc1aa9aa945d51493b69381cb47adc75678baaf2,16000,1,2,48000,3.0,-32.02,0.4348,0.0,test
1xoBQiIrWRU_seg_040.wav,data/interim/segmented_clean_relaxed/spasmodic_dysphonia/1xoBQiIrWRU_seg_040.wav,1xoBQiIrWRU,040,spasmodic_dysphonia,clean_pool,de0a390ac559371d41fb0cd9f3fc88eca1f82ed9eb58fc3c36bbffe5f22c3c48,16000,1,2,48000,3.0,-33.2,0.4442,0.0,test
1xoBQiIrWRU_seg_041.wav,data/interim/segmented_clean_relaxed/spasmodic_dysphonia/1xoBQiIrWRU_seg_041.wav,1xoBQiIrWRU,041,spasmodic_dysphonia,clean_pool,fca2a7e378b8d120d3c5498553e08f351ec59dc8ff2877683712cf5be4963e04,16000,1,2,48000,3.0,-34.88,0.6715,0.0,test
1xoBQiIrWRU_seg_042.wav,data/interim/segmented_clean_relaxed/spasmodic_dysphonia/1xoBQiIrWRU_seg_042.wav,1xoBQiIrWRU,042,spasmodic_dysphonia,clean_pool,6e9d5335ab663bc910d190884ea64b4446e2a5443862748b89d8e598f5e47f1c,16000,1,2,48000,3.0,-34.65,0.537,0.0,test
1xoBQiIrWRU_seg_043.wav,data/interim/segmented_clean_relaxed/spasmodic_dysphonia/1xoBQiIrWRU_seg_043.wav,1xoBQiIrWRU,043,spasmodic_dysphonia,clean_pool,f3b03bc9d16f2c1ba8dc24b0aeda4fe6dd0d44546f9fa2fb90094423063a568e,16000,1,2,48000,3.0,-36.91,0.5985,0.0,test
1xoBQiIrWRU_seg_044.wav,data/interim/segmented_clean_relaxed/spasmodic_dysphonia/1xoBQiIrWRU_seg_044.wav,1xoBQiIrWRU,044,spasmodic_dysphonia,clean_pool,083430fce7fd17aa6c3cb005af6ee361da07307e4ca798be2ece7f8ac5033aca,16000,1,2,48000,3.0,-32.29,0.5305,0.0,test
1xoBQiIrWRU_seg_045.wav,data/interim/segmented_clean_relaxed/spasmodic_dysphonia/1xoBQiIrWRU_seg_045.wav,1xoBQiIrWRU,045,spasmodic_dysphonia,clean_pool,02bf3eb324c4bc84f50df408d2a22a4589a3843577d1990c431c11b321c3c9d8,16000,1,2,48000,3.0,-32.4,0.5169,0.0,test
1xoBQiIrWRU_seg_046.wav,data/interim/segmented_clean_relaxed/spasmodic_dysphonia/1xoBQiIrWRU_seg_046.wav,1xoBQiIrWRU,046,spasmodic_dysphonia,clean_pool,cdb63966dcecafa45bd5516e7951ae772564f604b24180af225fa1833cad1e3d,16000,1,2,48000,3.0,-33.76,0.5435,0.0,test
1xoBQiIrWRU_seg_047.wav,data/interim/segmented_clean_relaxed/spasmodic_dysphonia/1xoBQiIrWRU_seg_047.wav,1xoBQiIrWRU,047,spasmodic_dysphonia,clean_pool,50a098a15e3d1ff7e89b5358270eed1ab87533266c87e35465aa755d54f3d3cd,16000,1,2,48000,3.0,-36.24,0.5984,0.0,test
1xoBQiIrWRU_seg_048.wav,data/interim/segmented_clean_relaxed/spasmodic_dysphonia/1xoBQiIrWRU_seg_048.wav,1xoBQiIrWRU,048,spasmodic_dysphonia,clean_pool,f4779a78623cccf76b66a3ff1b7af7207a1278b93b7b43e5107ad805030f1ee1,16000,1,2,48000,3.0,-33.94,0.5282,0.0,test
4Nmd8u5sXGw_seg_000.wav,data/interim/segmented_clean_relaxed/spasmodic_dysphonia/4Nmd8u5sXGw_seg_000.wav,4Nmd8u5sXGw,000,spasmodic_dysphonia,clean_pool,220bef2206ec00596bc051d1f9d36ae7b1170d506c1bec756faa673b4cef4301,16000,1,2,48000,3.0,-30.09,0.618,0.0,train
4Nmd8u5sXGw_seg_001.wav,data/interim/segmented_clean_relaxed/spasmodic_dysphonia/4Nmd8u5sXGw_seg_001.wav,4Nmd8u5sXGw,001,spasmodic_dysphonia,clean_pool,5d4d1cca99b7e037610b2d92ae1cc7754c784deb028b8364ba8d6acfb317baf3,16000,1,2,48000,3.0,-34.23,0.7376,0.0,train
4Nmd8u5sXGw_seg_002.wav,data/interim/segmented_clean_relaxed/spasmodic_dysphonia/4Nmd8u5sXGw_seg_002.wav,4Nmd8u5sXGw,002,spasmodic_dysphonia,clean_pool,2c8285b01cb9a605ab315af5ad2d439df6e2b7f2255ec1b535a121168f51f3ad,16000,1,2,48000,3.0,-36.95,0.7814,0.0,train
4Nmd8u5sXGw_seg_003.wav,data/interim/segmented_clean_relaxed/spasmodic_dysphonia/4Nmd8u5sXGw_seg_003.wav,4Nmd8u5sXGw,003,spasmodic_dysphonia,clean_pool,4247012b31076b8032626304293a7a305ad7c73246bbd7cb09ec0c7ad008cc2f,16000,1,2,48000,3.0,-36.16,0.7128,0.0,train
4Nmd8u5sXGw_seg_006.wav,data/interim/segmented_clean_relaxed/spasmodic_dysphonia/4Nmd8u5sXGw_seg_006.wav,4Nmd8u5sXGw,006,spasmodic_dysphonia,clean_pool,9f4a525e6830ab09323fae04507a952f4d999d8283a1b8fb41709a4f825ac73d,16000,1,2,48000,3.0,-40.23,0.7961,0.0,train
4Nmd8u5sXGw_seg_007.wav,data/interim/segmented_clean_relaxed/spasmodic_dysphonia/4Nmd8u5sXGw_seg_007.wav,4Nmd8u5sXGw,007,spasmodic_dysphonia,clean_pool,2c79709da0e89b351cd434dfa92f1c0d8b8b8b822f3d2d0b8d20a15de8a54af3,16000,1,2,48000,3.0,-35.1,0.6102,0.0,train
4Nmd8u5sXGw_seg_009.wav,data/interim/segmented_clean_relaxed/spasmodic_dysphonia/4Nmd8u5sXGw_seg_009.wav,4Nmd8u5sXGw,009,spasmodic_dysphonia,clean_pool,de2b0cc28b5a81b9da83a5e146a02acbc0c8d1df268a1887cbab4c7023ce98c1,16000,1,2,48000,3.0,-33.17,0.7236,0.0,train
4Nmd8u5sXGw_seg_010.wav,data/interim/segmented_clean_relaxed/spasmodic_dysphonia/4Nmd8u5sXGw_seg_010.wav,4Nmd8u5sXGw,010,spasmodic_dysphonia,clean_pool,7d3bb8b443fca2bc53e3f383e74b483e6fa1f349965a67f25fb7f03378420b77,16000,1,2,48000,3.0,-27.43,0.6519,0.0,train
4Nmd8u5sXGw_seg_011.wav,data/interim/segmented_clean_relaxed/spasmodic_dysphonia/4Nmd8u5sXGw_seg_011.wav,4Nmd8u5sXGw,011,spasmodic_dysphonia,clean_pool,94c07baaefc9e8041153b59ae8abcfc54af4cb0b8a9912e3d4b26b7eaddc72cc,16000,1,2,48000,3.0,-36.33,0.6877,0.0,train
4Nmd8u5sXGw_seg_012.wav,data/interim/segmented_clean_relaxed/spasmodic_dysphonia/4Nmd8u5sXGw_seg_012.wav,4Nmd8u5sXGw,012,spasmodic_dysphonia,clean_pool,ac6b7350b3fd47b8dd6b7d6d6f5ff577fd5e2b045566161e159c9f3d6222e2fa,16000,1,2,48000,3.0,-37.57,0.6402,0.0,train
4Nmd8u5sXGw_seg_013.wav,data/interim/segmented_clean_relaxed/spasmodic_dysphonia/4Nmd8u5sXGw_seg_013.wav,4Nmd8u5sXGw,013,spasmodic_dysphonia,clean_pool,4b48b603edbac6bbab096aebc13fd5dd8366d71d8916bbbfc2db3b8f9f500897,16000,1,2,48000,3.0,-37.02,0.8,0.0,train
4Nmd8u5sXGw_seg_014.wav,data/interim/segmented_clean_relaxed/spasmodic_dysphonia/4Nmd8u5sXGw_seg_014.wav,4Nmd8u5sXGw,014,spasmodic_dysphonia,clean_pool,053fe2f36dccf0209cbfacd1869bc8a0d2d5355c5f4e3d1b064c5530e798c16c,16000,1,2,48000,3.0,-36.95,0.6726,0.0,train
4Nmd8u5sXGw_seg_015.wav,data/interim/segmented_clean_relaxed/spasmodic_dysphonia/4Nmd8u5sXGw_seg_015.wav,4Nmd8u5sXGw,015,spasmodic_dysphonia,clean_pool,6b889c053ce13f7574ba51aefb2933149433811ec6c6bc86044f5b3255062a85,16000,1,2,48000,3.0,-37.54,0.8207,0.0,train
4Nmd8u5sXGw_seg_016.wav,data/interim/segmented_clean_relaxed/spasmodic_dysphonia/4Nmd8u5sXGw_seg_016.wav,4Nmd8u5sXGw,016,spasmodic_dysphonia,clean_pool,fadae0ae00e0954f98227e3489284bdb892b58b0807f57875fcae3c6c172cad0,16000,1,2,48000,3.0,-37.97,0.707,0.0,train
4Nmd8u5sXGw_seg_017.wav,data/interim/segmented_clean_relaxed/spasmodic_dysphonia/4Nmd8u5sXGw_seg_017.wav,4Nmd8u5sXGw,017,spasmodic_dysphonia,clean_pool,9eb56b95b8244cb5d050f2ff4912cf210771121e45d52a36f8245c14fca49d4e,16000,1,2,48000,3.0,-31.62,0.4621,0.0,train
4Nmd8u5sXGw_seg_018.wav,data/interim/segmented_clean_relaxed/spasmodic_dysphonia/4Nmd8u5sXGw_seg_018.wav,4Nmd8u5sXGw,018,spasmodic_dysphonia,clean_pool,83698f28c8045184ae06ac25cad69c0ef956f4c6ba77bc86d0a80d11562560ff,16000,1,2,48000,3.0,-35.61,0.6158,0.0,train
4Nmd8u5sXGw_seg_019.wav,data/interim/segmented_clean_relaxed/spasmodic_dysphonia/4Nmd8u5sXGw_seg_019.wav,4Nmd8u5sXGw,019,spasmodic_dysphonia,clean_pool,3a905aa1c233b5844e00a9f3a7f813a611385903e960e4cbebd369486468ae19,16000,1,2,48000,3.0,-39.37,0.6034,0.0,train
4Nmd8u5sXGw_seg_020.wav,data/interim/segmented_clean_relaxed/spasmodic_dysphonia/4Nmd8u5sXGw_seg_020.wav,4Nmd8u5sXGw,020,spasmodic_dysphonia,clean_pool,4b756fd7dd2a1fe200c07b490141b961bb031ce3f0ccd1f600f6eb9a1ae1b8d1,16000,1,2,48000,3.0,-37.65,0.5635,0.0,train
4Nmd8u5sXGw_seg_021.wav,data/interim/segmented_clean_relaxed/spasmodic_dysphonia/4Nmd8u5sXGw_seg_021.wav,4Nmd8u5sXGw,021,spasmodic_dysphonia,clean_pool,d8e3b529dbf576af7f24700ae0b02d28e07ff160e045e1cb0c15c3807ce7f96b,16000,1,2,48000,3.0,-41.47,0.5409,0.0,train
4Nmd8u5sXGw_seg_022.wav,data/interim/segmented_clean_relaxed/spasmodic_dysphonia/4Nmd8u5sXGw_seg_022.wav,4Nmd8u5sXGw,022,spasmodic_dysphonia,clean_pool,31c4f95c21e73c441654e4d0ea0a0057c90e59187f8e1577c5566df7bb3e7831,16000,1,2,48000,3.0,-39.22,0.6876,0.0,train
4Nmd8u5sXGw_seg_023.wav,data/interim/segmented_clean_relaxed/spasmodic_dysphonia/4Nmd8u5sXGw_seg_023.wav,4Nmd8u5sXGw,023,spasmodic_dysphonia,clean_pool,b31b9c7b7d7738f0888d4054597a3b902383c2c1e627da3371ed6aa002f39672,16000,1,2,38464,2.404,-42.22,0.7914,0.0,train
55qJ3dI1kDI_seg_000.wav,data/interim/segmented_clean_relaxed/spasmodic_dysphonia/55qJ3dI1kDI_seg_000.wav,55qJ3dI1kDI,000,spasmodic_dysphonia,clean_pool,7cc30841ebe3dc1024c34e5e4b9a4dacc065a5b8e75179f493be9b5a571e71e0,16000,1,2,48000,3.0,-30.37,0.387,0.0,train
55qJ3dI1kDI_seg_001.wav,data/interim/segmented_clean_relaxed/spasmodic_dysphonia/55qJ3dI1kDI_seg_001.wav,55qJ3dI1kDI,001,spasmodic_dysphonia,clean_pool,2932574708942492d3959223c042517f273e0d0a6be63042adfcdf6ba3ef1f19,16000,1,2,48000,3.0,-30.95,0.3988,0.0,train
55qJ3dI1kDI_seg_002.wav,data/interim/segmented_clean_relaxed/spasmodic_dysphonia/55qJ3dI1kDI_seg_002.wav,55qJ3dI1kDI,002,spasmodic_dysphonia,clean_pool,38ff92d4e3969052c196f219bd36a4613be39701eee6b9f338af79f809a4bb60,16000,1,2,48000,3.0,-33.72,0.488,0.0,train
55qJ3dI1kDI_seg_003.wav,data/interim/segmented_clean_relaxed/spasmodic_dysphonia/55qJ3dI1kDI_seg_003.wav,55qJ3dI1kDI,003,spasmodic_dysphonia,clean_pool,93ac30ab804b562ab551c3e2337d32c9e3cf806718b2ba1a3831efa8cb323064,16000,1,2,48000,3.0,-28.48,0.4211,0.0,train
55qJ3dI1kDI_seg_004.wav,data/interim/segmented_clean_relaxed/spasmodic_dysphonia/55qJ3dI1kDI_seg_004.wav,55qJ3dI1kDI,004,spasmodic_dysphonia,clean_pool,fe1c52d333528f2913f85a3f124b607e4ca700abf66b955830e5e440178db5f8,16000,1,2,48000,3.0,-32.62,0.4034,0.0,train
55qJ3dI1kDI_seg_005.wav,data/interim/segmented_clean_relaxed/spasmodic_dysphonia/55qJ3dI1kDI_seg_005.wav,55qJ3dI1kDI,005,spasmodic_dysphonia,clean_pool,4932b5431517f413fc433a296b330f635c9422fb9269e97c0c583158025c1b3a,16000,1,2,48000,3.0,-35.16,0.5859,0.0,train
55qJ3dI1kDI_seg_006.wav,data/interim/segmented_clean_relaxed/spasmodic_dysphonia/55qJ3dI1kDI_seg_006.wav,55qJ3dI1kDI,006,spasmodic_dysphonia,clean_pool,6de039523f17edb16839e6d226e22bab1beae5c7875f2aa7a8efa7c8efdb005f,16000,1,2,48000,3.0,-35.16,0.5712,0.0,train
55qJ3dI1kDI_seg_007.wav,data/interim/segmented_clean_relaxed/spasmodic_dysphonia/55qJ3dI1kDI_seg_007.wav,55qJ3dI1kDI,007,spasmodic_dysphonia,clean_pool,a3aa2fe0f6d97e6546699ca95a98ba413acbf8379d9bad3ca2b9b2415381cfeb,16000,1,2,48000,3.0,-29.73,0.3077,0.0,train
55qJ3dI1kDI_seg_008.wav,data/interim/segmented_clean_relaxed/spasmodic_dysphonia/55qJ3dI1kDI_seg_008.wav,55qJ3dI1kDI,008,spasmodic_dysphonia,clean_pool,3fc0aa458a15c33a7d9684cd32bd754ec933d696a78cb4c0b83c4ee3c9b0f30a,16000,1,2,48000,3.0,-32.43,0.3731,0.0,train
55qJ3dI1kDI_seg_009.wav,data/interim/segmented_clean_relaxed/spasmodic_dysphonia/55qJ3dI1kDI_seg_009.wav,55qJ3dI1kDI,009,spasmodic_dysphonia,clean_pool,cdec9105a4d1cf60f04202326865b0a3c381ef31e805e2ba1226f9e4c3b7986c,16000,1,2,48000,3.0,-36.06,0.4497,0.0,train
55qJ3dI1kDI_seg_010.wav,data/interim/segmented_clean_relaxed/spasmodic_dysphonia/55qJ3dI1kDI_seg_010.wav,55qJ3dI1kDI,010,spasmodic_dysphonia,clean_pool,904cc4f3b623d49fd3f1b8e213714c46743103b83ed31ad517bfe36b645e6eb8,16000,1,2,48000,3.0,-31.72,0.3859,0.0,train
55qJ3dI1kDI_seg_011.wav,data/interim/segmented_clean_relaxed/spasmodic_dysphonia/55qJ3dI1kDI_seg_011.wav,55qJ3dI1kDI,011,spasmodic_dysphonia,clean_pool,a14a7cc2712c762cd3d0642bc7a00805007149abb6130b9711545a07a2bedf5b,16000,1,2,48000,3.0,-32.13,0.2045,0.0,train
55qJ3dI1kDI_seg_012.wav,data/interim/segmented_clean_relaxed/spasmodic_dysphonia/55qJ3dI1kDI_seg_012.wav,55qJ3dI1kDI,012,spasmodic_dysphonia,clean_pool,004e2fcc60cf8a736a7b90fe7c03086cbcf6ee13f47d085983de404be92041da,16000,1,2,48000,3.0,-28.25,0.2325,0.0,train
55qJ3dI1kDI_seg_013.wav,data/interim/segmented_clean_relaxed/spasmodic_dysphonia/55qJ3dI1kDI_seg_013.wav,55qJ3dI1kDI,013,spasmodic_dysphonia,clean_pool,c07bca00b6e4f66d72e759628b867d8828e97538a9c9eb977beea086da849437,16000,1,2,48000,3.0,-34.68,0.3938,0.0,train
55qJ3dI1kDI_seg_014.wav,data/interim/segmented_clean_relaxed/spasmodic_dysphonia/55qJ3dI1kDI_seg_014.wav,55qJ3dI1kDI,014,spasmodic_dysphonia,clean_pool,6c7fd9f781ad782d27fe089e9fd7c3a0a235e28b0a0d82a231e3e881b7ce5d75,16000,1,2,48000,3.0,-33.16,0.3785,0.0,train
55qJ3dI1kDI_seg_015.wav,data/interim/segmented_clean_relaxed/spasmodic_dysphonia/55qJ3dI1kDI_seg_015.wav,55qJ3dI1kDI,015,spasmodic_dysphonia,clean_pool,f14755611328550ba522496ae47fe2283a46aa6d5097df86108d49eaa102446a,16000,1,2,48000,3.0,-30.99,0.2821,0.0,train
55qJ3dI1kDI_seg_016.wav,data/interim/segmented_clean_relaxed/spasmodic_dysphonia/55qJ3dI1kDI_seg_016.wav,55qJ3dI1kDI,016,spasmodic_dysphonia,clean_pool,30f9f7adc38216530d47a89e2e1eb7ec3699c55b38dd542ceca58f3500084df8,16000,1,2,48000,3.0,-33.56,0.5066,0.0,train
55qJ3dI1kDI_seg_017.wav,data/interim/segmented_clean_relaxed/spasmodic_dysphonia/55qJ3dI1kDI_seg_017.wav,55qJ3dI1kDI,017,spasmodic_dysphonia,clean_pool,f9bf0b6cb9d303747261e93b5b1aa38417688104caee423a9a7920408645757b,16000,1,2,48000,3.0,-32.31,0.434,0.0,train
55qJ3dI1kDI_seg_018.wav,data/interim/segmented_clean_relaxed/spasmodic_dysphonia/55qJ3dI1kDI_seg_018.wav,55qJ3dI1kDI,018,spasmodic_dysphonia,clean_pool,4aee18d05809642baf9eda9cc7a7da78c2e689cf1be6439da39a69f9796fc96e,16000,1,2,48000,3.0,-32.46,0.3849,0.0,train
55qJ3dI1kDI_seg_019.wav,data/interim/segmented_clean_relaxed/spasmodic_dysphonia/55qJ3dI1kDI_seg_019.wav,55qJ3dI1kDI,019,spasmodic_dysphonia,clean_pool,d8f340b5e18575948ab7cd1bbd4beb9491f1d39a5b9ff80dff0dddb295687eda,16000,1,2,48000,3.0,-37.13,0.6119,0.0,train
55qJ3dI1kDI_seg_020.wav,data/interim/segmented_clean_relaxed/spasmodic_dysphonia/55qJ3dI1kDI_seg_020.wav,55qJ3dI1kDI,020,spasmodic_dysphonia,clean_pool,31025b7047747ab9fdb06db26ed4e457aa82a81c50ca8ed985e27be73fbf569b,16000,1,2,48000,3.0,-32.8,0.374,0.0,train
55qJ3dI1kDI_seg_021.wav,data/interim/segmented_clean_relaxed/spasmodic_dysphonia/55qJ3dI1kDI_seg_021.wav,55qJ3dI1kDI,021,spasmodic_dysphonia,clean_pool,0137e69b419b12418b80bf00c34725e74a9199d77051f0e6c2ec5d8e3fad0aea,16000,1,2,48000,3.0,-38.66,0.6623,0.0,train
55qJ3dI1kDI_seg_022.wav,data/interim/segmented_clean_relaxed/spasmodic_dysphonia/55qJ3dI1kDI_seg_022.wav,55qJ3dI1kDI,022,spasmodic_dysphonia,clean_pool,cb7d97987cd9313b55bc193799385e7babb63ebce9ba0ad7853eb5b9190d6b67,16000,1,2,48000,3.0,-31.38,0.3881,0.0,train
55qJ3dI1kDI_seg_023.wav,data/interim/segmented_clean_relaxed/spasmodic_dysphonia/55qJ3dI1kDI_seg_023.wav,55qJ3dI1kDI,023,spasmodic_dysphonia,clean_pool,20c9e8bb50a873720c345094079528f954c83046a4292ca6a9b97e43d08a6013,16000,1,2,48000,3.0,-33.71,0.545,0.0,train
55qJ3dI1kDI_seg_024.wav,data/interim/segmented_clean_relaxed/spasmodic_dysphonia/55qJ3dI1kDI_seg_024.wav,55qJ3dI1kDI,024,spasmodic_dysphonia,clean_pool,a1762c981800210939c96a7ac9e5384f4598416f4bec055af2fe120c6ae84c0f,16000,1,2,48000,3.0,-34.73,0.6059,0.0,train
55qJ3dI1kDI_seg_025.wav,data/interim/segmented_clean_relaxed/spasmodic_dysphonia/55qJ3dI1kDI_seg_025.wav,55qJ3dI1kDI,025,spasmodic_dysphonia,clean_pool,b6d367372f239c8565b5211c3c77f67244259db40ff443294703824cea6bc952,16000,1,2,48000,3.0,-30.49,0.4612,0.0,train
55qJ3dI1kDI_seg_026.wav,data/interim/segmented_clean_relaxed/spasmodic_dysphonia/55qJ3dI1kDI_seg_026.wav,55qJ3dI1kDI,026,spasmodic_dysphonia,clean_pool,6d6e8cd69795e89b552eeb5bb98ac5cd87ef40df0646f331df88c5fdd0a63c06,16000,1,2,48000,3.0,-32.57,0.3345,0.0,train
55qJ3dI1kDI_seg_027.wav,data/interim/segmented_clean_relaxed/spasmodic_dysphonia/55qJ3dI1kDI_seg_027.wav,55qJ3dI1kDI,027,spasmodic_dysphonia,clean_pool,0a56e0e3f3087bfda06fd1c959f24db76ba6a120d5e89318f918486d49ae37e7,16000,1,2,48000,3.0,-30.63,0.5585,0.0,train
55qJ3dI1kDI_seg_028.wav,data/interim/segmented_clean_relaxed/spasmodic_dysphonia/55qJ3dI1kDI_seg_028.wav,55qJ3dI1kDI,028,spasmodic_dysphonia,clean_pool,12a072410d013fe4b689d6dec3d5d5a02ef1f7e89e2fdb957dedc6456fe01371,16000,1,2,48000,3.0,-28.71,0.543,0.0,train
55qJ3dI1kDI_seg_029.wav,data/interim/segmented_clean_relaxed/spasmodic_dysphonia/55qJ3dI1kDI_seg_029.wav,55qJ3dI1kDI,029,spasmodic_dysphonia,clean_pool,c1ff41baf9692c9b8f4e3ba9d3b0dbd601d0a662e9bd79bb33d26bc3d00c4315,16000,1,2,48000,3.0,-31.37,0.5245,0.0,train
55qJ3dI1kDI_seg_030.wav,data/interim/segmented_clean_relaxed/spasmodic_dysphonia/55qJ3dI1kDI_seg_030.wav,55qJ3dI1kDI,030,spasmodic_dysphonia,clean_pool,2d47740fd4c00809d2ac156b6905d0743402873fc279c92b54e1770381c37edc,16000,1,2,48000,3.0,-33.25,0.539,0.0,train
55qJ3dI1kDI_seg_031.wav,data/interim/segmented_clean_relaxed/spasmodic_dysphonia/55qJ3dI1kDI_seg_031.wav,55qJ3dI1kDI,031,spasmodic_dysphonia,clean_pool,40344d1b91d3c5444f13f79608c7917c12dd596c8a61a712a780f380752cb59a,16000,1,2,48000,3.0,-31.19,0.4555,0.0,train
55qJ3dI1kDI_seg_032.wav,data/interim/segmented_clean_relaxed/spasmodic_dysphonia/55qJ3dI1kDI_seg_032.wav,55qJ3dI1kDI,032,spasmodic_dysphonia,clean_pool,36e2ec43a3d0400f46ac5b09099f8fdddaea81aae3238399a64c10e3a2f01a32,16000,1,2,48000,3.0,-29.3,0.4228,0.0,train
55qJ3dI1kDI_seg_033.wav,data/interim/segmented_clean_relaxed/spasmodic_dysphonia/55qJ3dI1kDI_seg_033.wav,55qJ3dI1kDI,033,spasmodic_dysphonia,clean_pool,4e994f16e346d0d9937cc92e6f23e3602f83682cf004a7b23121a38d5c12fd3f,16000,1,2,48000,3.0,-33.41,0.5448,0.0,train
55qJ3dI1kDI_seg_034.wav,data/interim/segmented_clean_relaxed/spasmodic_dysphonia/55qJ3dI1kDI_seg_034.wav,55qJ3dI1kDI,034,spasmodic_dysphonia,clean_pool,1f15d4553afd777fcf53d69cffd8027f7e5bab8c946299d9b302f28f2ed75c7f,16000,1,2,48000,3.0,-41.09,0.6864,0.0,train
55qJ3dI1kDI_seg_035.wav,data/interim/segmented_clean_relaxed/spasmodic_dysphonia/55qJ3dI1kDI_seg_035.wav,55qJ3dI1kDI,035,spasmodic_dysphonia,clean_pool,e7afb352e6187b168183fd87ee1b88e43f4dc25e26511580fd44011e236015eb,16000,1,2,48000,3.0,-32.75,0.3439,0.0,train
55qJ3dI1kDI_seg_036.wav,data/interim/segmented_clean_relaxed/spasmodic_dysphonia/55qJ3dI1kDI_seg_036.wav,55qJ3dI1kDI,036,spasmodic_dysphonia,clean_pool,a09258cb72f7d7beeed5f09725e969ffb963431d32e0fc7d35b51da0ae1e421f,16000,1,2,48000,3.0,-29.63,0.3572,0.0,train
55qJ3dI1kDI_seg_037.wav,data/interim/segmented_clean_relaxed/spasmodic_dysphonia/55qJ3dI1kDI_seg_037.wav,55qJ3dI1kDI,037,spasmodic_dysphonia,clean_pool,365cc206d31b5ed2b28f11a4710e2f23a959fa19bae548c3605db86eecb02d66,16000,1,2,48000,3.0,-30.91,0.4975,0.0,train
55qJ3dI1kDI_seg_038.wav,data/interim/segmented_clean_relaxed/spasmodic_dysphonia/55qJ3dI1kDI_seg_038.wav,55qJ3dI1kDI,038,spasmodic_dysphonia,clean_pool,9e6bf1ed50082ada2900ae4858b085e46fa19ff42f799df06bf9421a5630d454,16000,1,2,48000,3.0,-31.41,0.467,0.0,train
55qJ3dI1kDI_seg_039.wav,data/interim/segmented_clean_relaxed/spasmodic_dysphonia/55qJ3dI1kDI_seg_039.wav,55qJ3dI1kDI,039,spasmodic_dysphonia,clean_pool,296f681bffbbf9b77c328a65770c3dfa02a9fe18f7cd973b9a59b0cd9b5c1421,16000,1,2,48000,3.0,-34.36,0.5597,0.0,train
55qJ3dI1kDI_seg_040.wav,data/interim/segmented_clean_relaxed/spasmodic_dysphonia/55qJ3dI1kDI_seg_040.wav,55qJ3dI1kDI,040,spasmodic_dysphonia,clean_pool,6d6cb3b47a726eb8e8772ba402d3cab6d6c15a1cb92a6d4e2ef91f8834872c5f,16000,1,2,48000,3.0,-46.46,0.7668,0.0,train
55qJ3dI1kDI_seg_041.wav,data/interim/segmented_clean_relaxed/spasmodic_dysphonia/55qJ3dI1kDI_seg_041.wav,55qJ3dI1kDI,041,spasmodic_dysphonia,clean_pool,afa4858aa6cd688fd005fc7866227061921636262678aeeef0771e7773f22800,16000,1,2,48000,3.0,-32.21,0.567,0.0,train
55qJ3dI1kDI_seg_042.wav,data/interim/segmented_clean_relaxed/spasmodic_dysphonia/55qJ3dI1kDI_seg_042.wav,55qJ3dI1kDI,042,spasmodic_dysphonia,clean_pool,be98af0160192ef9dcaaf6b23bbdcc48def09bcbcfc791dab025cc1124f50323,16000,1,2,44256,2.766,-37.19,0.5975,0.0,train
84fz-E-ZphY_seg_000.wav,data/interim/segmented_clean_relaxed/spasmodic_dysphonia/84fz-E-ZphY_seg_000.wav,84fz-E-ZphY,000,spasmodic_dysphonia,clean_pool,e592e8a3dbfca18cd6e6ac00ff69c3b5270fd2edc1447376cd0ccf420fc06317,16000,1,2,48000,3.0,-31.08,0.2681,0.0,train
84fz-E-ZphY_seg_001.wav,data/interim/segmented_clean_relaxed/spasmodic_dysphonia/84fz-E-ZphY_seg_001.wav,84fz-E-ZphY,001,spasmodic_dysphonia,clean_pool,cd40c8e71ba9d35f01b6ae1aa4fe31016462a4c7349e6e976e5de389747e639f,16000,1,2,48000,3.0,-29.77,0.3489,0.0,train
84fz-E-ZphY_seg_002.wav,data/interim/segmented_clean_relaxed/spasmodic_dysphonia/84fz-E-ZphY_seg_002.wav,84fz-E-ZphY,002,spasmodic_dysphonia,clean_pool,6f34a6460578cb0ef0b9b41b1119b53029bd67cb93f87d1dc640a10d6f4f9b68,16000,1,2,48000,3.0,-28.84,0.2235,0.0,train
84fz-E-ZphY_seg_003.wav,data/interim/segmented_clean_relaxed/spasmodic_dysphonia/84fz-E-ZphY_seg_003.wav,84fz-E-ZphY,003,spasmodic_dysphonia,clean_pool,9bde1ecf2d378370c411d95eb3cc159ab58505f262b6ec00ba029fc15a1ec903,16000,1,2,48000,3.0,-32.78,0.2998,0.0,train
84fz-E-ZphY_seg_004.wav,data/interim/segmented_clean_relaxed/spasmodic_dysphonia/84fz-E-ZphY_seg_004.wav,84fz-E-ZphY,004,spasmodic_dysphonia,clean_pool,aebc37d514b1827ac5adee50e525848bf83a5e5bc2050e2064b3741cbd938ca3,16000,1,2,48000,3.0,-27.84,0.3333,0.0,train
84fz-E-ZphY_seg_005.wav,data/interim/segmented_clean_relaxed/spasmodic_dysphonia/84fz-E-ZphY_seg_005.wav,84fz-E-ZphY,005,spasmodic_dysphonia,clean_pool,f5fc6ff75e01ccae77a15b4fa894340c36aad10d6e84cf38390442c776d2aee3,16000,1,2,48000,3.0,-29.27,0.2625,0.0,train
84fz-E-ZphY_seg_006.wav,data/interim/segmented_clean_relaxed/spasmodic_dysphonia/84fz-E-ZphY_seg_006.wav,84fz-E-ZphY,006,spasmodic_dysphonia,clean_pool,89a0506f8e507e547645f38c0c34c2931d7cd79eee34d544b32bd9a4add5dc7a,16000,1,2,48000,3.0,-28.16,0.3498,0.0,train
84fz-E-ZphY_seg_007.wav,data/interim/segmented_clean_relaxed/spasmodic_dysphonia/84fz-E-ZphY_seg_007.wav,84fz-E-ZphY,007,spasmodic_dysphonia,clean_pool,87ed39306e9857d2a91ae3728add5babb349a62d4c7517539d2e9db623d18108,16000,1,2,48000,3.0,-26.83,0.315,0.0,train
84fz-E-ZphY_seg_008.wav,data/interim/segmented_clean_relaxed/spasmodic_dysphonia/84fz-E-ZphY_seg_008.wav,84fz-E-ZphY,008,spasmodic_dysphonia,clean_pool,0e824ac9df889d8c0de4e43cf98395e3ddca26c22cf6e0655512ed3cf364364d,16000,1,2,48000,3.0,-29.46,0.3417,0.0,train
84fz-E-ZphY_seg_009.wav,data/interim/segmented_clean_relaxed/spasmodic_dysphonia/84fz-E-ZphY_seg_009.wav,84fz-E-ZphY,009,spasmodic_dysphonia,clean_pool,f31dd66affbe1f2b3c0a61dad15f97cbca1353200084bac482d1d38430b6e695,16000,1,2,48000,3.0,-28.03,0.3429,0.0,train
84fz-E-ZphY_seg_010.wav,data/interim/segmented_clean_relaxed/spasmodic_dysphonia/84fz-E-ZphY_seg_010.wav,84fz-E-ZphY,010,spasmodic_dysphonia,clean_pool,d4c62786ae79b935f8822763571a9df19407e301605fa37e2b2dbedaeb0041fe,16000,1,2,48000,3.0,-28.32,0.3991,0.0,train
84fz-E-ZphY_seg_011.wav,data/interim/segmented_clean_relaxed/spasmodic_dysphonia/84fz-E-ZphY_seg_011.wav,84fz-E-ZphY,011,spasmodic_dysphonia,clean_pool,92639d44edd5e0b030dd7d9d46e5d1792ab82fdb93c8b52b2fa8bfccb32c7b79,16000,1,2,48000,3.0,-32.16,0.4662,0.0,train
84fz-E-ZphY_seg_012.wav,data/interim/segmented_clean_relaxed/spasmodic_dysphonia/84fz-E-ZphY_seg_012.wav,84fz-E-ZphY,012,spasmodic_dysphonia,clean_pool,48fccdd2484b214290a1851b04d5ab4b56f94ce4448494752227f839120a622d,16000,1,2,48000,3.0,-27.54,0.2943,0.0,train
84fz-E-ZphY_seg_013.wav,data/interim/segmented_clean_relaxed/spasmodic_dysphonia/84fz-E-ZphY_seg_013.wav,84fz-E-ZphY,013,spasmodic_dysphonia,clean_pool,87be2e9ffb1a4df20ea344d2bc5ee4915dc47d27f6ea7173ed226ed2a10fc7a2,16000,1,2,48000,3.0,-24.49,0.2516,0.0,train
84fz-E-ZphY_seg_014.wav,data/interim/segmented_clean_relaxed/spasmodic_dysphonia/84fz-E-ZphY_seg_014.wav,84fz-E-ZphY,014,spasmodic_dysphonia,clean_pool,398763c80689d8d267915cceddef78fccb0051081b362b92f2c96f49735d4f19,16000,1,2,48000,3.0,-27.24,0.2943,0.0,train
84fz-E-ZphY_seg_015.wav,data/interim/segmented_clean_relaxed/spasmodic_dysphonia/84fz-E-ZphY_seg_015.wav,84fz-E-ZphY,015,spasmodic_dysphonia,clean_pool,26cdf1ebf74ff12369141c2f9cde0c197f32ee782e1d0c52b8f79779010b5f65,16000,1,2,48000,3.0,-31.21,0.4535,0.0,train
84fz-E-ZphY_seg_016.wav,data/interim/segmented_clean_relaxed/spasmodic_dysphonia/84fz-E-ZphY_seg_016.wav,84fz-E-ZphY,016,spasmodic_dysphonia,clean_pool,332611fa52f9784b3960d87aae9cf47301b2856c0ae50dfebc09cbdc4aefd180,16000,1,2,48000,3.0,-22.99,0.2181,0.0,train
84fz-E-ZphY_seg_017.wav,data/interim/segmented_clean_relaxed/spasmodic_dysphonia/84fz-E-ZphY_seg_017.wav,84fz-E-ZphY,017,spasmodic_dysphonia,clean_pool,ffac083c68bd28aaecb311d848741f0412dfc6be2c94b71b604a221bd82ee6da,16000,1,2,48000,3.0,-25.91,0.2301,0.0,train
84fz-E-ZphY_seg_018.wav,data/interim/segmented_clean_relaxed/spasmodic_dysphonia/84fz-E-ZphY_seg_018.wav,84fz-E-ZphY,018,spasmodic_dysphonia,clean_pool,39356b1321c67ddc9420162ca0887ee3c91be895b12fea45068c3f67cdbc576a,16000,1,2,48000,3.0,-31.04,0.3497,0.0,train
84fz-E-ZphY_seg_019.wav,data/interim/segmented_clean_relaxed/spasmodic_dysphonia/84fz-E-ZphY_seg_019.wav,84fz-E-ZphY,019,spasmodic_dysphonia,clean_pool,c912703d0310dd88494ccc23631124461c5e2e4182e6863847086a1707c41613,16000,1,2,48000,3.0,-26.8,0.3605,0.0,train
84fz-E-ZphY_seg_020.wav,data/interim/segmented_clean_relaxed/spasmodic_dysphonia/84fz-E-ZphY_seg_020.wav,84fz-E-ZphY,020,spasmodic_dysphonia,clean_pool,15770a8fde322c76e81f63385921c561a04297f2e0a5089f5acc8fede712100d,16000,1,2,48000,3.0,-28.84,0.2805,0.0,train
84fz-E-ZphY_seg_021.wav,data/interim/segmented_clean_relaxed/spasmodic_dysphonia/84fz-E-ZphY_seg_021.wav,84fz-E-ZphY,021,spasmodic_dysphonia,clean_pool,97238cf7da485388b4821e87c31144490fc86774167da85635860466b9b0a65f,16000,1,2,48000,3.0,-32.32,0.3236,0.0,train
84fz-E-ZphY_seg_022.wav,data/interim/segmented_clean_relaxed/spasmodic_dysphonia/84fz-E-ZphY_seg_022.wav,84fz-E-ZphY,022,spasmodic_dysphonia,clean_pool,a18e98b08a30ebf98372143334acd424def4a150be118e17101f8455a8f2d0e4,16000,1,2,48000,3.0,-28.49,0.2423,0.0,train
84fz-E-ZphY_seg_023.wav,data/interim/segmented_clean_relaxed/spasmodic_dysphonia/84fz-E-ZphY_seg_023.wav,84fz-E-ZphY,023,spasmodic_dysphonia,clean_pool,4f8a098491d42283b6439a35bea014f560ee9ad02a7036efc4f890c22e756704,16000,1,2,48000,3.0,-30.25,0.341,0.0,train
84fz-E-ZphY_seg_024.wav,data/interim/segmented_clean_relaxed/spasmodic_dysphonia/84fz-E-ZphY_seg_024.wav,84fz-E-ZphY,024,spasmodic_dysphonia,clean_pool,f4ddcc1485ae1ac61ae9c5709b432200e8fff2b4b602fd10347968be41559c4d,16000,1,2,48000,3.0,-25.39,0.3864,0.0,train
84fz-E-ZphY_seg_025.wav,data/interim/segmented_clean_relaxed/spasmodic_dysphonia/84fz-E-ZphY_seg_025.wav,84fz-E-ZphY,025,spasmodic_dysphonia,clean_pool,2eadc49e5a334c71c897847ef43afd81d262040031a53da271fac4fe3078dca4,16000,1,2,48000,3.0,-38.36,0.4737,0.0,train
84fz-E-ZphY_seg_026.wav,data/interim/segmented_clean_relaxed/spasmodic_dysphonia/84fz-E-ZphY_seg_026.wav,84fz-E-ZphY,026,spasmodic_dysphonia,clean_pool,e7d5e9cb296365b9671714c8de932ea21b653ddfef930974d1194bd848b0e68c,16000,1,2,38016,2.376,-39.81,0.5095,0.0,train
9CX2xcq1P9A_seg_000.wav,data/interim/segmented_clean_relaxed/spasmodic_dysphonia/9CX2xcq1P9A_seg_000.wav,9CX2xcq1P9A,000,spasmodic_dysphonia,clean_pool,047d1db13763d1fc1c0094cef7c028f07b02e1bcbabc894bbc7229079de069b1,16000,1,2,48000,3.0,-27.96,0.5682,0.0,train
9CX2xcq1P9A_seg_001.wav,data/interim/segmented_clean_relaxed/spasmodic_dysphonia/9CX2xcq1P9A_seg_001.wav,9CX2xcq1P9A,001,spasmodic_dysphonia,clean_pool,659095813b834bb9a51a56ac1092044f6f9a68bd5bc879e40633bd93aa861459,16000,1,2,48000,3.0,-26.29,0.534,0.0,train
9CX2xcq1P9A_seg_002.wav,data/interim/segmented_clean_relaxed/spasmodic_dysphonia/9CX2xcq1P9A_seg_002.wav,9CX2xcq1P9A,002,spasmodic_dysphonia,clean_pool,59463da48469803dbe49e94c5b3a46ce9e3eade05133d91766e8f07f503b10cc,16000,1,2,48000,3.0,-32.25,0.6247,0.0,train
9CX2xcq1P9A_seg_003.wav,data/interim/segmented_clean_relaxed/spasmodic_dysphonia/9CX2xcq1P9A_seg_003.wav,9CX2xcq1P9A,003,spasmodic_dysphonia,clean_pool,ae14d6da8722fba0fac57aa7008d8429805bb266d25642f7c0255960670cf2dc,16000,1,2,48000,3.0,-33.4,0.6486,0.0,train
9CX2xcq1P9A_seg_005.wav,data/interim/segmented_clean_relaxed/spasmodic_dysphonia/9CX2xcq1P9A_seg_005.wav,9CX2xcq1P9A,005,spasmodic_dysphonia,clean_pool,927e39d92ccdb4dba33b393d806a642427d4f9aa4eba3dcaf008127e1167d3a0,16000,1,2,48000,3.0,-32.23,0.6308,0.0,train
9CX2xcq1P9A_seg_006.wav,data/interim/segmented_clean_relaxed/spasmodic_dysphonia/9CX2xcq1P9A_seg_006.wav,9CX2xcq1P9A,006,spasmodic_dysphonia,clean_pool,0fc5076bce631929e63b86b81ec7bc2ecbbc6f3e384fb1432706f757316ac67c,16000,1,2,48000,3.0,-35.37,0.5599,0.0,train
9CX2xcq1P9A_seg_007.wav,data/interim/segmented_clean_relaxed/spasmodic_dysphonia/9CX2xcq1P9A_seg_007.wav,9CX2xcq1P9A,007,spasmodic_dysphonia,clean_pool,c19c1e01a324d58382d027ae5a202609f7bc10b1af6e20ae3072fc9bec9ad937,16000,1,2,48000,3.0,-34.94,0.4636,0.0,train
9CX2xcq1P9A_seg_008.wav,data/interim/segmented_clean_relaxed/spasmodic_dysphonia/9CX2xcq1P9A_seg_008.wav,9CX2xcq1P9A,008,spasmodic_dysphonia,clean_pool,b4b04008c880fb46328db0b3a92fc11079d72b3b0879026ded405222d1882995,16000,1,2,48000,3.0,-34.09,0.6691,0.0,train
9CX2xcq1P9A_seg_009.wav,data/interim/segmented_clean_relaxed/spasmodic_dysphonia/9CX2xcq1P9A_seg_009.wav,9CX2xcq1P9A,009,spasmodic_dysphonia,clean_pool,84bdd3b5a39c5a046c787896ab3f19fca9a0d98ce6a39f9349234d74c42dc5a4,16000,1,2,48000,3.0,-33.86,0.5216,0.0,train
9CX2xcq1P9A_seg_010.wav,data/interim/segmented_clean_relaxed/spasmodic_dysphonia/9CX2xcq1P9A_seg_010.wav,9CX2xcq1P9A,010,spasmodic_dysphonia,clean_pool,89f74319ae82fe99df506e6c92d501c964f3c59dd0ff73072d8f8197abc995d2,16000,1,2,48000,3.0,-31.86,0.4503,0.0,train
9CX2xcq1P9A_seg_011.wav,data/interim/segmented_clean_relaxed/spasmodic_dysphonia/9CX2xcq1P9A_seg_011.wav,9CX2xcq1P9A,011,spasmodic_dysphonia,clean_pool,947673d137aec5bc4d32919f2d994673b6eb7a26ab71dd97761764d7ad7be209,16000,1,2,48000,3.0,-36.05,0.6968,0.0,train
9CX2xcq1P9A_seg_012.wav,data/interim/segmented_clean_relaxed/spasmodic_dysphonia/9CX2xcq1P9A_seg_012.wav,9CX2xcq1P9A,012,spasmodic_dysphonia,clean_pool,ba09d3e62e49109212f7700ef3fab36bb63c26b5bcc33f5c0c51b72b11717df3,16000,1,2,48000,3.0,-33.2,0.4391,0.0,train
9CX2xcq1P9A_seg_014.wav,data/interim/segmented_clean_relaxed/spasmodic_dysphonia/9CX2xcq1P9A_seg_014.wav,9CX2xcq1P9A,014,spasmodic_dysphonia,clean_pool,a48f5a7f71023e984d73a9c8fb6e3c9523469c49446be55290c619b08e963456,16000,1,2,48000,3.0,-34.23,0.6008,0.0,train
9CX2xcq1P9A_seg_015.wav,data/interim/segmented_clean_relaxed/spasmodic_dysphonia/9CX2xcq1P9A_seg_015.wav,9CX2xcq1P9A,015,spasmodic_dysphonia,clean_pool,a6d11dc4255fe5007ad7a3e048ecc0b2fd0ded2620fa6a236fec65c15e036ec2,16000,1,2,48000,3.0,-33.72,0.6551,0.0,train
9CX2xcq1P9A_seg_016.wav,data/interim/segmented_clean_relaxed/spasmodic_dysphonia/9CX2xcq1P9A_seg_016.wav,9CX2xcq1P9A,016,spasmodic_dysphonia,clean_pool,feb0879cc7334025958218995290f3eeb8317450415ff6f03bc2f3da6792c6eb,16000,1,2,48000,3.0,-32.72,0.5481,0.0,train
9CX2xcq1P9A_seg_017.wav,data/interim/segmented_clean_relaxed/spasmodic_dysphonia/9CX2xcq1P9A_seg_017.wav,9CX2xcq1P9A,017,spasmodic_dysphonia,clean_pool,eab0ff3a682a34fec3065291d5cc984180c6c9530a6da1d95f542bef843b7609,16000,1,2,48000,3.0,-39.05,0.7391,0.0,train
9CX2xcq1P9A_seg_018.wav,data/interim/segmented_clean_relaxed/spasmodic_dysphonia/9CX2xcq1P9A_seg_018.wav,9CX2xcq1P9A,018,spasmodic_dysphonia,clean_pool,61a6d5d759ed79621f71c6d61d76296c4fab59c62152fea8bfa5b8d55f0f6dc2,16000,1,2,48000,3.0,-32.92,0.5446,0.0,train
9CX2xcq1P9A_seg_019.wav,data/interim/segmented_clean_relaxed/spasmodic_dysphonia/9CX2xcq1P9A_seg_019.wav,9CX2xcq1P9A,019,spasmodic_dysphonia,clean_pool,3293b63be447ec131b8c24c5748a5b54f375d532263dabd37cd12e38373c85fd,16000,1,2,48000,3.0,-36.19,0.7276,0.0,train
9CX2xcq1P9A_seg_020.wav,data/interim/segmented_clean_relaxed/spasmodic_dysphonia/9CX2xcq1P9A_seg_020.wav,9CX2xcq1P9A,020,spasmodic_dysphonia,clean_pool,93a0e55bbb0b99ece7708abf0a30d0e0f26312424e4fee3c064613c9378134df,16000,1,2,48000,3.0,-33.17,0.4875,0.0,train
9CX2xcq1P9A_seg_021.wav,data/interim/segmented_clean_relaxed/spasmodic_dysphonia/9CX2xcq1P9A_seg_021.wav,9CX2xcq1P9A,021,spasmodic_dysphonia,clean_pool,0707ce0163c5429fc5dd374ef5ba0551b76066d03b5c5434a4587543011791ca,16000,1,2,48000,3.0,-31.95,0.7439,0.0,train
9CX2xcq1P9A_seg_022.wav,data/interim/segmented_clean_relaxed/spasmodic_dysphonia/9CX2xcq1P9A_seg_022.wav,9CX2xcq1P9A,022,spasmodic_dysphonia,clean_pool,f0172a0fd4ebb0cc61354b1131295ad5a2947205ad1dcb813414da29e636e087,16000,1,2,48000,3.0,-35.46,0.5123,0.0,train
9CX2xcq1P9A_seg_023.wav,data/interim/segmented_clean_relaxed/spasmodic_dysphonia/9CX2xcq1P9A_seg_023.wav,9CX2xcq1P9A,023,spasmodic_dysphonia,clean_pool,eb1e951c5315e2782679db4a272c5ae1754069f7a8f174e791e6c7efea198995,16000,1,2,48000,3.0,-37.62,0.7855,0.0,train
9CX2xcq1P9A_seg_024.wav,data/interim/segmented_clean_relaxed/spasmodic_dysphonia/9CX2xcq1P9A_seg_024.wav,9CX2xcq1P9A,024,spasmodic_dysphonia,clean_pool,5462fbb764019fda6803f7b6671ac4e98b29b6772d985e5edd75bfa5a0d7f1ca,16000,1,2,48000,3.0,-37.1,0.7105,0.0,train
9CX2xcq1P9A_seg_025.wav,data/interim/segmented_clean_relaxed/spasmodic_dysphonia/9CX2xcq1P9A_seg_025.wav,9CX2xcq1P9A,025,spasmodic_dysphonia,clean_pool,fbda8632a57d29566ae3ed51adf7e17150e7275c896afc3dbba9c2365dc3a096,16000,1,2,48000,3.0,-38.91,0.746,0.0,train
cWMQSoEqCl0_seg_000.wav,data/interim/segmented_clean_relaxed/spasmodic_dysphonia/cWMQSoEqCl0_seg_000.wav,cWMQSoEqCl0,000,spasmodic_dysphonia,clean_pool,88f73bdddbce1ba00a2184335a56b19c6cbdf0c795b5a09091658ab21bdd2ead,16000,1,2,48000,3.0,-29.71,0.3629,0.0,train
cWMQSoEqCl0_seg_001.wav,data/interim/segmented_clean_relaxed/spasmodic_dysphonia/cWMQSoEqCl0_seg_001.wav,cWMQSoEqCl0,001,spasmodic_dysphonia,clean_pool,e435f0521529b371090c420957fa232a8d975e1fdae8a0889edf019c915921c9,16000,1,2,48000,3.0,-34.25,0.4427,0.0,train
cWMQSoEqCl0_seg_002.wav,data/interim/segmented_clean_relaxed/spasmodic_dysphonia/cWMQSoEqCl0_seg_002.wav,cWMQSoEqCl0,002,spasmodic_dysphonia,clean_pool,42232d3cdeac0e2b9acffc6d3441c8ede9a0486172866298296515dea32dc3ef,16000,1,2,48000,3.0,-29.48,0.5871,0.0,train
cWMQSoEqCl0_seg_003.wav,data/interim/segmented_clean_relaxed/spasmodic_dysphonia/cWMQSoEqCl0_seg_003.wav,cWMQSoEqCl0,003,spasmodic_dysphonia,clean_pool,17acc1e356b8202b1d4c7d57027436ae65193f51c57bca7e9225eba1f275140e,16000,1,2,48000,3.0,-30.15,0.3618,0.0,train
cWMQSoEqCl0_seg_004.wav,data/interim/segmented_clean_relaxed/spasmodic_dysphonia/cWMQSoEqCl0_seg_004.wav,cWMQSoEqCl0,004,spasmodic_dysphonia,clean_pool,1c30ec11baa1b439913543b711a826d21cc0cd9ff133a3f8ce920a3946eddc8f,16000,1,2,48000,3.0,-32.15,0.3954,0.0,train
cWMQSoEqCl0_seg_005.wav,data/interim/segmented_clean_relaxed/spasmodic_dysphonia/cWMQSoEqCl0_seg_005.wav,cWMQSoEqCl0,005,spasmodic_dysphonia,clean_pool,38c8a9b9cd36a55aae6c897c627c18d35e52f2638440d2401912b58bb72eb1c4,16000,1,2,48000,3.0,-30.84,0.461,0.0,train
cWMQSoEqCl0_seg_006.wav,data/interim/segmented_clean_relaxed/spasmodic_dysphonia/cWMQSoEqCl0_seg_006.wav,cWMQSoEqCl0,006,spasmodic_dysphonia,clean_pool,07c5c88f89eae1f7f8d8ee06ef639d594b09674ed0d1f2ef39d7cd967315da5d,16000,1,2,48000,3.0,-33.13,0.4391,0.0,train
cWMQSoEqCl0_seg_007.wav,data/interim/segmented_clean_relaxed/spasmodic_dysphonia/cWMQSoEqCl0_seg_007.wav,cWMQSoEqCl0,007,spasmodic_dysphonia,clean_pool,5759ab64db7e3010625e3d8bdc79f7cbc88ceebbbeace05af9e72f3c55a76cbc,16000,1,2,48000,3.0,-33.04,0.4392,0.0,train
cWMQSoEqCl0_seg_008.wav,data/interim/segmented_clean_relaxed/spasmodic_dysphonia/cWMQSoEqCl0_seg_008.wav,cWMQSoEqCl0,008,spasmodic_dysphonia,clean_pool,d4ca487034faa5c241f82750b2be13003d1e53b79df80de5c27de57ee39c8061,16000,1,2,48000,3.0,-31.09,0.4652,0.0,train
cWMQSoEqCl0_seg_009.wav,data/interim/segmented_clean_relaxed/spasmodic_dysphonia/cWMQSoEqCl0_seg_009.wav,cWMQSoEqCl0,009,spasmodic_dysphonia,clean_pool,c6000df9b30c6a893fc0746f5e88ca8527e3f26c2a10e68389ad7f0446a77947,16000,1,2,48000,3.0,-28.23,0.2211,0.0,train
cWMQSoEqCl0_seg_010.wav,data/interim/segmented_clean_relaxed/spasmodic_dysphonia/cWMQSoEqCl0_seg_010.wav,cWMQSoEqCl0,010,spasmodic_dysphonia,clean_pool,3bcb77afcfc2f361fa4fcbc01e4e7ecc3b2534e2b2ac025297ef8283405a5e93,16000,1,2,48000,3.0,-31.15,0.3358,0.0,train
cWMQSoEqCl0_seg_011.wav,data/interim/segmented_clean_relaxed/spasmodic_dysphonia/cWMQSoEqCl0_seg_011.wav,cWMQSoEqCl0,011,spasmodic_dysphonia,clean_pool,4906af2199098dc17502d0e06392962f856f90b1eed9b6ec793e8d639832fed7,16000,1,2,48000,3.0,-29.13,0.3902,0.0,train
cWMQSoEqCl0_seg_012.wav,data/interim/segmented_clean_relaxed/spasmodic_dysphonia/cWMQSoEqCl0_seg_012.wav,cWMQSoEqCl0,012,spasmodic_dysphonia,clean_pool,25afe2b7c3c606f48a5113313cb974f6a029a50ee0e2209bf49451f0303f8779,16000,1,2,48000,3.0,-32.45,0.5642,0.0,train
cWMQSoEqCl0_seg_013.wav,data/interim/segmented_clean_relaxed/spasmodic_dysphonia/cWMQSoEqCl0_seg_013.wav,cWMQSoEqCl0,013,spasmodic_dysphonia,clean_pool,43a1b0cb75a50371aa9b85510d7f7570f108593fd6f2d1fa299f3b8db0ce221b,16000,1,2,48000,3.0,-30.56,0.5252,0.0,train
cWMQSoEqCl0_seg_014.wav,data/interim/segmented_clean_relaxed/spasmodic_dysphonia/cWMQSoEqCl0_seg_014.wav,cWMQSoEqCl0,014,spasmodic_dysphonia,clean_pool,1c84507d9d453fb87bccf5e0a8db8bac781702e9a5dc3b58a927cb98b3f685df,16000,1,2,48000,3.0,-30.57,0.3912,0.0,train
cWMQSoEqCl0_seg_015.wav,data/interim/segmented_clean_relaxed/spasmodic_dysphonia/cWMQSoEqCl0_seg_015.wav,cWMQSoEqCl0,015,spasmodic_dysphonia,clean_pool,a143efb5fe34070bae6f55a76e6990fc0de047c6f853e8dc7dd2abee2270a580,16000,1,2,48000,3.0,-28.63,0.3191,0.0,train
cWMQSoEqCl0_seg_016.wav,data/interim/segmented_clean_relaxed/spasmodic_dysphonia/cWMQSoEqCl0_seg_016.wav,cWMQSoEqCl0,016,spasmodic_dysphonia,clean_pool,17a2f561944011dc4e218a3e77d59f4dfb62c99b59892c0a521da32ce55b2da4,16000,1,2,48000,3.0,-29.34,0.3352,0.0,train
cWMQSoEqCl0_seg_017.wav,data/interim/segmented_clean_relaxed/spasmodic_dysphonia/cWMQSoEqCl0_seg_017.wav,cWMQSoEqCl0,017,spasmodic_dysphonia,clean_pool,bca8b1ce1ff76456006d8b5c19b21060f58b0bf0cbf4c71617684738dd5c243e,16000,1,2,48000,3.0,-31.24,0.5471,0.0,train
cWMQSoEqCl0_seg_018.wav,data/interim/segmented_clean_relaxed/spasmodic_dysphonia/cWMQSoEqCl0_seg_018.wav,cWMQSoEqCl0,018,spasmodic_dysphonia,clean_pool,1a1614bf8faec543abdd68758c56f7a1e4c84c81e7e47989ae53160b1f544608,16000,1,2,48000,3.0,-30.68,0.4034,0.0,train
cWMQSoEqCl0_seg_019.wav,data/interim/segmented_clean_relaxed/spasmodic_dysphonia/cWMQSoEqCl0_seg_019.wav,cWMQSoEqCl0,019,spasmodic_dysphonia,clean_pool,c0d95d5d982c328052e9bb15847ae1a5b3bf92c256255130173bc8d0b3554d1c,16000,1,2,48000,3.0,-31.01,0.4329,0.0,train
cWMQSoEqCl0_seg_020.wav,data/interim/segmented_clean_relaxed/spasmodic_dysphonia/cWMQSoEqCl0_seg_020.wav,cWMQSoEqCl0,020,spasmodic_dysphonia,clean_pool,6fc7b18c4df6eb07b5bb04eb1ad39451b591765320c01c66c1ee7f20fa40cab9,16000,1,2,48000,3.0,-30.01,0.4468,0.0,train
cWMQSoEqCl0_seg_021.wav,data/interim/segmented_clean_relaxed/spasmodic_dysphonia/cWMQSoEqCl0_seg_021.wav,cWMQSoEqCl0,021,spasmodic_dysphonia,clean_pool,d04bd433b6c9d95cd6a7885d00a8236c722644959c46b0859eb406ee6f839442,16000,1,2,48000,3.0,-29.93,0.2879,0.0,train
cWMQSoEqCl0_seg_022.wav,data/interim/segmented_clean_relaxed/spasmodic_dysphonia/cWMQSoEqCl0_seg_022.wav,cWMQSoEqCl0,022,spasmodic_dysphonia,clean_pool,715caf21db015be7a06970f912ecc3154d8645943248dd20b2ca80e79fb6ff99,16000,1,2,48000,3.0,-31.57,0.4804,0.0,train
cWMQSoEqCl0_seg_023.wav,data/interim/segmented_clean_relaxed/spasmodic_dysphonia/cWMQSoEqCl0_seg_023.wav,cWMQSoEqCl0,023,spasmodic_dysphonia,clean_pool,0c6bc73fbdbbf4a276894730c9a95787059bed6585906c4dc46749d0b7081723,16000,1,2,48000,3.0,-31.07,0.5093,0.0,train
cWMQSoEqCl0_seg_024.wav,data/interim/segmented_clean_relaxed/spasmodic_dysphonia/cWMQSoEqCl0_seg_024.wav,cWMQSoEqCl0,024,spasmodic_dysphonia,clean_pool,cf993fa07d554d11b2e20850204d05c0a5663356e692ac8ab61659bca46a0221,16000,1,2,48000,3.0,-28.35,0.3655,0.0,train
cWMQSoEqCl0_seg_025.wav,data/interim/segmented_clean_relaxed/spasmodic_dysphonia/cWMQSoEqCl0_seg_025.wav,cWMQSoEqCl0,025,spasmodic_dysphonia,clean_pool,2e8fa542a20b1ccc89cc3d8ecc1db76f7f58835dbbc3fd6c297af19314de2414,16000,1,2,48000,3.0,-27.6,0.3269,0.0,train
cWMQSoEqCl0_seg_026.wav,data/interim/segmented_clean_relaxed/spasmodic_dysphonia/cWMQSoEqCl0_seg_026.wav,cWMQSoEqCl0,026,spasmodic_dysphonia,clean_pool,f433be5e4124c16136bdb35cc451565076c6ef4bbe65c683396e55c7e2b28b91,16000,1,2,48000,3.0,-31.24,0.4657,0.0,train
cWMQSoEqCl0_seg_027.wav,data/interim/segmented_clean_relaxed/spasmodic_dysphonia/cWMQSoEqCl0_seg_027.wav,cWMQSoEqCl0,027,spasmodic_dysphonia,clean_pool,cfb9865475ee34f4262299dba14282e15e66ee8a73cae85659bc732291c389a9,16000,1,2,48000,3.0,-29.07,0.3535,0.0,train
cWMQSoEqCl0_seg_028.wav,data/interim/segmented_clean_relaxed/spasmodic_dysphonia/cWMQSoEqCl0_seg_028.wav,cWMQSoEqCl0,028,spasmodic_dysphonia,clean_pool,b4b588605e355cfd6504f5e997c1f617c14b116ef5d1dac077a2e841f7141b99,16000,1,2,48000,3.0,-29.78,0.365,0.0,train
cWMQSoEqCl0_seg_029.wav,data/interim/segmented_clean_relaxed/spasmodic_dysphonia/cWMQSoEqCl0_seg_029.wav,cWMQSoEqCl0,029,spasmodic_dysphonia,clean_pool,3aba70e906e6806c040ce3affa5eb7076f767a82e0b52d48008fbac67a01b674,16000,1,2,48000,3.0,-30.91,0.4636,0.0,train
cWMQSoEqCl0_seg_030.wav,data/interim/segmented_clean_relaxed/spasmodic_dysphonia/cWMQSoEqCl0_seg_030.wav,cWMQSoEqCl0,030,spasmodic_dysphonia,clean_pool,3c1bba6a381f75806183260622a71c5633f497a11570a2176300b795f671b615,16000,1,2,48000,3.0,-31.86,0.6015,0.0,train
cWMQSoEqCl0_seg_031.wav,data/interim/segmented_clean_relaxed/spasmodic_dysphonia/cWMQSoEqCl0_seg_031.wav,cWMQSoEqCl0,031,spasmodic_dysphonia,clean_pool,3b2af0b2880351b8b8b2f9f24c56401683956683da552a184e638c260e8b4e54,16000,1,2,48000,3.0,-31.9,0.6091,0.0,train
cWMQSoEqCl0_seg_032.wav,data/interim/segmented_clean_relaxed/spasmodic_dysphonia/cWMQSoEqCl0_seg_032.wav,cWMQSoEqCl0,032,spasmodic_dysphonia,clean_pool,d1b2aecd4fae7ae4e68de6a4e5327021dae2baa1ab682877ada7f31530d74b6b,16000,1,2,48000,3.0,-33.2,0.6153,0.0,train
cWMQSoEqCl0_seg_033.wav,data/interim/segmented_clean_relaxed/spasmodic_dysphonia/cWMQSoEqCl0_seg_033.wav,cWMQSoEqCl0,033,spasmodic_dysphonia,clean_pool,03f119993af4c55304dfea205dff64de8980c1b78fef5e7637c94992d1bbfba1,16000,1,2,48000,3.0,-29.32,0.3703,0.0,train
cWMQSoEqCl0_seg_034.wav,data/interim/segmented_clean_relaxed/spasmodic_dysphonia/cWMQSoEqCl0_seg_034.wav,cWMQSoEqCl0,034,spasmodic_dysphonia,clean_pool,07c27e4c56b1b01192549e7bcb507c3e7711ffd457fb71c0c7e0cd299b0c2dbb,16000,1,2,48000,3.0,-28.68,0.4396,0.0,train
cWMQSoEqCl0_seg_035.wav,data/interim/segmented_clean_relaxed/spasmodic_dysphonia/cWMQSoEqCl0_seg_035.wav,cWMQSoEqCl0,035,spasmodic_dysphonia,clean_pool,c075998314e59cf7a36f8ee4bd253b3e9e0409b11ec584da8a370fb0bbc30c88,16000,1,2,48000,3.0,-30.22,0.3354,0.0,train
cWMQSoEqCl0_seg_036.wav,data/interim/segmented_clean_relaxed/spasmodic_dysphonia/cWMQSoEqCl0_seg_036.wav,cWMQSoEqCl0,036,spasmodic_dysphonia,clean_pool,7eb03a8917fdb01a21a1b3deabe7d6b42c617a2003c2a084034a7e2da6ec7ff7,16000,1,2,48000,3.0,-29.43,0.3609,0.0,train
cWMQSoEqCl0_seg_037.wav,data/interim/segmented_clean_relaxed/spasmodic_dysphonia/cWMQSoEqCl0_seg_037.wav,cWMQSoEqCl0,037,spasmodic_dysphonia,clean_pool,d25aa7bf6e2a92ad8be221cd59ec0ef5bd558404ca840a0c140d53c3a535f046,16000,1,2,48000,3.0,-32.26,0.5962,0.0,train
cWMQSoEqCl0_seg_038.wav,data/interim/segmented_clean_relaxed/spasmodic_dysphonia/cWMQSoEqCl0_seg_038.wav,cWMQSoEqCl0,038,spasmodic_dysphonia,clean_pool,e44dadb67a4f4a0b690b8fa0965ddc44f92c0f91bc4cfe02d099df2c50de239c,16000,1,2,48000,3.0,-30.4,0.4744,0.0,train
cWMQSoEqCl0_seg_039.wav,data/interim/segmented_clean_relaxed/spasmodic_dysphonia/cWMQSoEqCl0_seg_039.wav,cWMQSoEqCl0,039,spasmodic_dysphonia,clean_pool,1738ed137ca9543a1a97b0dfa4d78ba2d75b3a67f9788bc149c4ca0ef2831ba1,16000,1,2,48000,3.0,-28.23,0.315,0.0,train
cWMQSoEqCl0_seg_040.wav,data/interim/segmented_clean_relaxed/spasmodic_dysphonia/cWMQSoEqCl0_seg_040.wav,cWMQSoEqCl0,040,spasmodic_dysphonia,clean_pool,5de9e334508981d55808474912d8cfac0c694a97926f093ca139cae810050ab2,16000,1,2,48000,3.0,-30.35,0.3126,0.0,train
cWMQSoEqCl0_seg_041.wav,data/interim/segmented_clean_relaxed/spasmodic_dysphonia/cWMQSoEqCl0_seg_041.wav,cWMQSoEqCl0,041,spasmodic_dysphonia,clean_pool,4492c484c39ea2fdb77456d25edd1a1776385433cff1a5e3c00ec07b344a30a1,16000,1,2,48000,3.0,-32.71,0.5078,0.0,train
cWMQSoEqCl0_seg_042.wav,data/interim/segmented_clean_relaxed/spasmodic_dysphonia/cWMQSoEqCl0_seg_042.wav,cWMQSoEqCl0,042,spasmodic_dysphonia,clean_pool,37fc72b13fa6707c944183022a733d81da08254ffae50e4cd22fd927d702b7e3,16000,1,2,48000,3.0,-29.97,0.455,0.0,train
cWMQSoEqCl0_seg_043.wav,data/interim/segmented_clean_relaxed/spasmodic_dysphonia/cWMQSoEqCl0_seg_043.wav,cWMQSoEqCl0,043,spasmodic_dysphonia,clean_pool,0af2ac023cd3b2efc7adcdb30b444fde14b938a906e607f45fe7afe4ff81b093,16000,1,2,48000,3.0,-30.59,0.3321,0.0,train
cWMQSoEqCl0_seg_044.wav,data/interim/segmented_clean_relaxed/spasmodic_dysphonia/cWMQSoEqCl0_seg_044.wav,cWMQSoEqCl0,044,spasmodic_dysphonia,clean_pool,bdc398c7d76f14d9ce71a173f029491b62f7f2ec1671f62c4ac8ed794a2b8701,16000,1,2,48000,3.0,-31.38,0.4244,0.0,train
cWMQSoEqCl0_seg_045.wav,data/interim/segmented_clean_relaxed/spasmodic_dysphonia/cWMQSoEqCl0_seg_045.wav,cWMQSoEqCl0,045,spasmodic_dysphonia,clean_pool,148e5acb9de167da10efe15937c6b46fc705c36a3276cae6c7f07843f3bf7020,16000,1,2,48000,3.0,-31.28,0.4295,0.0,train
cWMQSoEqCl0_seg_046.wav,data/interim/segmented_clean_relaxed/spasmodic_dysphonia/cWMQSoEqCl0_seg_046.wav,cWMQSoEqCl0,046,spasmodic_dysphonia,clean_pool,e65ab58abb3e1e1094ce596b096e8cf4a50c6443d108bc5a873c006e2b22d838,16000,1,2,48000,3.0,-31.87,0.4309,0.0,train
cWMQSoEqCl0_seg_047.wav,data/interim/segmented_clean_relaxed/spasmodic_dysphonia/cWMQSoEqCl0_seg_047.wav,cWMQSoEqCl0,047,spasmodic_dysphonia,clean_pool,7fc126f8e8de8ae765d927784bc54bb1f9a61e1968f3561a94bb66deab9ea619,16000,1,2,48000,3.0,-31.25,0.4704,0.0,train
cWMQSoEqCl0_seg_048.wav,data/interim/segmented_clean_relaxed/spasmodic_dysphonia/cWMQSoEqCl0_seg_048.wav,cWMQSoEqCl0,048,spasmodic_dysphonia,clean_pool,7275311b95930ea6e1cd88c1409d144b8e153cc8b9f619463d9aef9fa63d9ed4,16000,1,2,48000,3.0,-30.29,0.414,0.0,train
cWMQSoEqCl0_seg_049.wav,data/interim/segmented_clean_relaxed/spasmodic_dysphonia/cWMQSoEqCl0_seg_049.wav,cWMQSoEqCl0,049,spasmodic_dysphonia,clean_pool,4aa5f591fe9d929186a05523f72a11c30df8fd4983cac05dc5319152626c427e,16000,1,2,48000,3.0,-31.99,0.4237,0.0,train
cWMQSoEqCl0_seg_050.wav,data/interim/segmented_clean_relaxed/spasmodic_dysphonia/cWMQSoEqCl0_seg_050.wav,cWMQSoEqCl0,050,spasmodic_dysphonia,clean_pool,b5a5987c49044151866a18a42815de7b719b546b2d4683f8ee47dac0c80e00a7,16000,1,2,48000,3.0,-29.07,0.5168,0.0,train
cWMQSoEqCl0_seg_051.wav,data/interim/segmented_clean_relaxed/spasmodic_dysphonia/cWMQSoEqCl0_seg_051.wav,cWMQSoEqCl0,051,spasmodic_dysphonia,clean_pool,878d78e54b349975381def001172b22008b2f166aa7e88dbffc285a13c128dc5,16000,1,2,48000,3.0,-30.53,0.3841,0.0,train
cWMQSoEqCl0_seg_052.wav,data/interim/segmented_clean_relaxed/spasmodic_dysphonia/cWMQSoEqCl0_seg_052.wav,cWMQSoEqCl0,052,spasmodic_dysphonia,clean_pool,85ce7d40d457ee8063901daaa6038142b1f52831f6c0458da1defd835fbd3fea,16000,1,2,48000,3.0,-32.16,0.3921,0.0,train
cWMQSoEqCl0_seg_053.wav,data/interim/segmented_clean_relaxed/spasmodic_dysphonia/cWMQSoEqCl0_seg_053.wav,cWMQSoEqCl0,053,spasmodic_dysphonia,clean_pool,0a1873363dd5806e137aef4fd181de12199139fd323e5eff0f1c1ce4fdf37e4f,16000,1,2,48000,3.0,-30.48,0.5763,0.0,train
cWMQSoEqCl0_seg_054.wav,data/interim/segmented_clean_relaxed/spasmodic_dysphonia/cWMQSoEqCl0_seg_054.wav,cWMQSoEqCl0,054,spasmodic_dysphonia,clean_pool,039c8f36992b9287337303c52ae85ae07109e4acc14650891f12b005c6a3c3e2,16000,1,2,48000,3.0,-30.6,0.349,0.0,train
cWMQSoEqCl0_seg_055.wav,data/interim/segmented_clean_relaxed/spasmodic_dysphonia/cWMQSoEqCl0_seg_055.wav,cWMQSoEqCl0,055,spasmodic_dysphonia,clean_pool,407ed43baf72674635503af8b1822ae5e5b6b461e7092a895090efc200d09b15,16000,1,2,48000,3.0,-27.08,0.5248,0.0,train
cWMQSoEqCl0_seg_056.wav,data/interim/segmented_clean_relaxed/spasmodic_dysphonia/cWMQSoEqCl0_seg_056.wav,cWMQSoEqCl0,056,spasmodic_dysphonia,clean_pool,85ddea0710b228c815f068d46080ebea6aaacfe5a796b5f618319018b1967f3f,16000,1,2,48000,3.0,-28.54,0.2935,0.0,train
cWMQSoEqCl0_seg_057.wav,data/interim/segmented_clean_relaxed/spasmodic_dysphonia/cWMQSoEqCl0_seg_057.wav,cWMQSoEqCl0,057,spasmodic_dysphonia,clean_pool,cfa415c5333a8951f647e881dd91108b29a34d58c06c06035fceed7084650903,16000,1,2,48000,3.0,-32.31,0.4955,0.0,train
cWMQSoEqCl0_seg_058.wav,data/interim/segmented_clean_relaxed/spasmodic_dysphonia/cWMQSoEqCl0_seg_058.wav,cWMQSoEqCl0,058,spasmodic_dysphonia,clean_pool,c9f8c884050fc24795c609fcbdbfdc2ca83e27895d834518adf509722993de37,16000,1,2,48000,3.0,-33.3,0.51,0.0,train
cWMQSoEqCl0_seg_059.wav,data/interim/segmented_clean_relaxed/spasmodic_dysphonia/cWMQSoEqCl0_seg_059.wav,cWMQSoEqCl0,059,spasmodic_dysphonia,clean_pool,def0862b8e7d79d55c60d7177c0976969acc2f2ee47089abc8f8cc7e15b5e8cc,16000,1,2,48000,3.0,-28.9,0.386,0.0,train
cWMQSoEqCl0_seg_060.wav,data/interim/segmented_clean_relaxed/spasmodic_dysphonia/cWMQSoEqCl0_seg_060.wav,cWMQSoEqCl0,060,spasmodic_dysphonia,clean_pool,5f6039871b86d6830120f32fa193d87602efba096946676d50a2453f9070598a,16000,1,2,48000,3.0,-28.4,0.2885,0.0,train
cWMQSoEqCl0_seg_061.wav,data/interim/segmented_clean_relaxed/spasmodic_dysphonia/cWMQSoEqCl0_seg_061.wav,cWMQSoEqCl0,061,spasmodic_dysphonia,clean_pool,54adf3d6ffa5ebed15dc764babe2fb8fa4b1594b62e8d06b6b1c1bb40ac2a1a4,16000,1,2,48000,3.0,-33.49,0.4664,0.0,train
cWMQSoEqCl0_seg_062.wav,data/interim/segmented_clean_relaxed/spasmodic_dysphonia/cWMQSoEqCl0_seg_062.wav,cWMQSoEqCl0,062,spasmodic_dysphonia,clean_pool,e8be43d59afd36e4fa83517b605cc27d10da159fdcf853c875160cfad65853e7,16000,1,2,48000,3.0,-33.0,0.4265,0.0,train
cWMQSoEqCl0_seg_063.wav,data/interim/segmented_clean_relaxed/spasmodic_dysphonia/cWMQSoEqCl0_seg_063.wav,cWMQSoEqCl0,063,spasmodic_dysphonia,clean_pool,127741834799693df9bc862d108b7bdcfef87eb493e1c3b40a2c0449939c855a,16000,1,2,48000,3.0,-30.59,0.5881,0.0,train
EGTvMFLjJxg_seg_000.wav,data/interim/segmented_clean_relaxed/spasmodic_dysphonia/EGTvMFLjJxg_seg_000.wav,EGTvMFLjJxg,000,spasmodic_dysphonia,clean_pool,9b58688cdfc80170674336aae2e062cfbf5f6d28edba523b006fff79c09be968,16000,1,2,48000,3.0,-36.71,0.6918,0.0,train
EGTvMFLjJxg_seg_001.wav,data/interim/segmented_clean_relaxed/spasmodic_dysphonia/EGTvMFLjJxg_seg_001.wav,EGTvMFLjJxg,001,spasmodic_dysphonia,clean_pool,ddd57a3d50bb185d2823e16b294664885c3e80471f59e367a03fce66df67ac87,16000,1,2,48000,3.0,-40.46,0.7621,0.0,train
EGTvMFLjJxg_seg_002.wav,data/interim/segmented_clean_relaxed/spasmodic_dysphonia/EGTvMFLjJxg_seg_002.wav,EGTvMFLjJxg,002,spasmodic_dysphonia,clean_pool,c48bc63f498d6d847f986eae9f94ba47e052fc12c032a6432e6bc01cb085ca82,16000,1,2,48000,3.0,-39.49,0.7392,0.0,train
EGTvMFLjJxg_seg_003.wav,data/interim/segmented_clean_relaxed/spasmodic_dysphonia/EGTvMFLjJxg_seg_003.wav,EGTvMFLjJxg,003,spasmodic_dysphonia,clean_pool,a4340dd3e637033f8f12386f60521721740d4ea5838269fe6cc33f1e468978f1,16000,1,2,48000,3.0,-40.12,0.7734,0.0,train
EGTvMFLjJxg_seg_004.wav,data/interim/segmented_clean_relaxed/spasmodic_dysphonia/EGTvMFLjJxg_seg_004.wav,EGTvMFLjJxg,004,spasmodic_dysphonia,clean_pool,624acd986aa0a0fc0a38ed8dfaa4191b15d0f8e9fc5576daac89aa36200383f0,16000,1,2,48000,3.0,-36.59,0.7269,0.0,train
EGTvMFLjJxg_seg_005.wav,data/interim/segmented_clean_relaxed/spasmodic_dysphonia/EGTvMFLjJxg_seg_005.wav,EGTvMFLjJxg,005,spasmodic_dysphonia,clean_pool,c6d6617209862bf0f1db65a0e205e4221c6c196aafd596dd133005769219979a,16000,1,2,48000,3.0,-36.64,0.7526,0.0,train
EGTvMFLjJxg_seg_006.wav,data/interim/segmented_clean_relaxed/spasmodic_dysphonia/EGTvMFLjJxg_seg_006.wav,EGTvMFLjJxg,006,spasmodic_dysphonia,clean_pool,6fdf50b72578cbe45e77d30b6d651a3754a59474620e5ef6833a7e2267e665ef,16000,1,2,48000,3.0,-38.6,0.7506,0.0,train
EGTvMFLjJxg_seg_007.wav,data/interim/segmented_clean_relaxed/spasmodic_dysphonia/EGTvMFLjJxg_seg_007.wav,EGTvMFLjJxg,007,spasmodic_dysphonia,clean_pool,681a26e217c81834e4d228e2efd9d0b5db69e721b84e671a2ff24bc2a6f02c26,16000,1,2,48000,3.0,-36.88,0.7251,0.0,train
EGTvMFLjJxg_seg_009.wav,data/interim/segmented_clean_relaxed/spasmodic_dysphonia/EGTvMFLjJxg_seg_009.wav,EGTvMFLjJxg,009,spasmodic_dysphonia,clean_pool,db1642f819a03552c33f1ee795c0e187e407c28b6e4afa7ab591ef8a63021e9e,16000,1,2,48000,3.0,-43.95,0.8961,0.0,train
EGTvMFLjJxg_seg_010.wav,data/interim/segmented_clean_relaxed/spasmodic_dysphonia/EGTvMFLjJxg_seg_010.wav,EGTvMFLjJxg,010,spasmodic_dysphonia,clean_pool,e7cc76c53bec99bac43745dfbe6431f4969f6a624a6865c477b8570fd98dc8fc,16000,1,2,48000,3.0,-35.71,0.736,0.0,train
EGTvMFLjJxg_seg_012.wav,data/interim/segmented_clean_relaxed/spasmodic_dysphonia/EGTvMFLjJxg_seg_012.wav,EGTvMFLjJxg,012,spasmodic_dysphonia,clean_pool,00bfb2ee2127ebda7052b9be92d8c51ea9dc6f9de51f3da425fcfbed272320d6,16000,1,2,48000,3.0,-37.61,0.7047,0.0,train
EGTvMFLjJxg_seg_013.wav,data/interim/segmented_clean_relaxed/spasmodic_dysphonia/EGTvMFLjJxg_seg_013.wav,EGTvMFLjJxg,013,spasmodic_dysphonia,clean_pool,7cb91d469ac0a11957b9b0a43560fba7644012f3dadaefefb5deb0acdb24364e,16000,1,2,48000,3.0,-38.83,0.7721,0.0,train
EGTvMFLjJxg_seg_014.wav,data/interim/segmented_clean_relaxed/spasmodic_dysphonia/EGTvMFLjJxg_seg_014.wav,EGTvMFLjJxg,014,spasmodic_dysphonia,clean_pool,12baae80b7eb79b5e561a0560e29f41ea3471968c73d3efe6e67ef42c0d99b88,16000,1,2,48000,3.0,-35.75,0.6554,0.0,train
EGTvMFLjJxg_seg_015.wav,data/interim/segmented_clean_relaxed/spasmodic_dysphonia/EGTvMFLjJxg_seg_015.wav,EGTvMFLjJxg,015,spasmodic_dysphonia,clean_pool,132eca901c6f85a6a723f8c98be871fcad43300a11107a475265d5828b99730b,16000,1,2,48000,3.0,-39.09,0.7438,0.0,train
EGTvMFLjJxg_seg_016.wav,data/interim/segmented_clean_relaxed/spasmodic_dysphonia/EGTvMFLjJxg_seg_016.wav,EGTvMFLjJxg,016,spasmodic_dysphonia,clean_pool,84b2218b69f847460c9fe3cf7aa476f5491d981d09fad3ba6bea7b82075ad691,16000,1,2,48000,3.0,-32.09,0.6537,0.0,train
EGTvMFLjJxg_seg_017.wav,data/interim/segmented_clean_relaxed/spasmodic_dysphonia/EGTvMFLjJxg_seg_017.wav,EGTvMFLjJxg,017,spasmodic_dysphonia,clean_pool,5b65ec0941122a6c0388ae165a21a56f120c56b740d873e70d48114263c039b9,16000,1,2,48000,3.0,-35.77,0.6175,0.0,train
EGTvMFLjJxg_seg_018.wav,data/interim/segmented_clean_relaxed/spasmodic_dysphonia/EGTvMFLjJxg_seg_018.wav,EGTvMFLjJxg,018,spasmodic_dysphonia,clean_pool,14d5a81d6bbf355df0b5f945625b917a9b51fc817231e59d71727fb8497e47e9,16000,1,2,48000,3.0,-38.53,0.7624,0.0,train
EGTvMFLjJxg_seg_019.wav,data/interim/segmented_clean_relaxed/spasmodic_dysphonia/EGTvMFLjJxg_seg_019.wav,EGTvMFLjJxg,019,spasmodic_dysphonia,clean_pool,70cee67a6947c140f8ad08526279a68275440d021b89ee325568ba6eb5c4a993,16000,1,2,48000,3.0,-34.34,0.7932,0.0,train
EGTvMFLjJxg_seg_021.wav,data/interim/segmented_clean_relaxed/spasmodic_dysphonia/EGTvMFLjJxg_seg_021.wav,EGTvMFLjJxg,021,spasmodic_dysphonia,clean_pool,76375752a7f51fc3769b74fa73f67e092cd5696bda3a51c42b04bdf79dab5159,16000,1,2,48000,3.0,-28.89,0.6834,0.0,train
EGTvMFLjJxg_seg_022.wav,data/interim/segmented_clean_relaxed/spasmodic_dysphonia/EGTvMFLjJxg_seg_022.wav,EGTvMFLjJxg,022,spasmodic_dysphonia,clean_pool,28862279e7fd31cfa71b56d095188c9d37c361e0d78d1fac87e737b6450dd0a8,16000,1,2,48000,3.0,-38.38,0.797,0.0,train
EGTvMFLjJxg_seg_023.wav,data/interim/segmented_clean_relaxed/spasmodic_dysphonia/EGTvMFLjJxg_seg_023.wav,EGTvMFLjJxg,023,spasmodic_dysphonia,clean_pool,2293a0e588381e4f4170c684fbfaed8796dabcb0cd796ee8078bc20f4826a72a,16000,1,2,48000,3.0,-32.22,0.7815,0.0,train
EGTvMFLjJxg_seg_024.wav,data/interim/segmented_clean_relaxed/spasmodic_dysphonia/EGTvMFLjJxg_seg_024.wav,EGTvMFLjJxg,024,spasmodic_dysphonia,clean_pool,d0d95e3073d3a3a2b8232bd42d3502d09723cce9b583b28c2cc4a077dd9eb01a,16000,1,2,48000,3.0,-34.98,0.7919,0.0,train
EGTvMFLjJxg_seg_025.wav,data/interim/segmented_clean_relaxed/spasmodic_dysphonia/EGTvMFLjJxg_seg_025.wav,EGTvMFLjJxg,025,spasmodic_dysphonia,clean_pool,758b7ae6c59899260c6f9435f09c9fae98a2e0f2433d509a9324d29ef6a9e4be,16000,1,2,48000,3.0,-37.04,0.6824,0.0,train
EGTvMFLjJxg_seg_026.wav,data/interim/segmented_clean_relaxed/spasmodic_dysphonia/EGTvMFLjJxg_seg_026.wav,EGTvMFLjJxg,026,spasmodic_dysphonia,clean_pool,44eac0ec24eaedde528b665d508c0273307b0d3a0923425f8cf16a50af0b9c67,16000,1,2,48000,3.0,-33.02,0.6914,0.0,train
EGTvMFLjJxg_seg_027.wav,data/interim/segmented_clean_relaxed/spasmodic_dysphonia/EGTvMFLjJxg_seg_027.wav,EGTvMFLjJxg,027,spasmodic_dysphonia,clean_pool,f9cc08fc9b7e5dc9c1a640fe7bbae108a15a3b8aa2cbe179b2fccdbfbb4c5d80,16000,1,2,48000,3.0,-36.22,0.6974,0.0,train
EGTvMFLjJxg_seg_028.wav,data/interim/segmented_clean_relaxed/spasmodic_dysphonia/EGTvMFLjJxg_seg_028.wav,EGTvMFLjJxg,028,spasmodic_dysphonia,clean_pool,773fba1fe698f065fe437dc4d7674336753b2590b5d7aa7e506cfbfc60ef797b,16000,1,2,48000,3.0,-37.83,0.7743,0.0,train
EGTvMFLjJxg_seg_029.wav,data/interim/segmented_clean_relaxed/spasmodic_dysphonia/EGTvMFLjJxg_seg_029.wav,EGTvMFLjJxg,029,spasmodic_dysphonia,clean_pool,ed937104efe88538a01a94cd3857733f29d31a17114770eddbc5ce32912418ae,16000,1,2,48000,3.0,-33.13,0.8313,0.0,train
EGTvMFLjJxg_seg_030.wav,data/interim/segmented_clean_relaxed/spasmodic_dysphonia/EGTvMFLjJxg_seg_030.wav,EGTvMFLjJxg,030,spasmodic_dysphonia,clean_pool,56afb8b27251bbc92d05f258c5a26c0963a5161a5ece79d04bd6b59651be1507,16000,1,2,48000,3.0,-37.15,0.7923,0.0,train
EGTvMFLjJxg_seg_031.wav,data/interim/segmented_clean_relaxed/spasmodic_dysphonia/EGTvMFLjJxg_seg_031.wav,EGTvMFLjJxg,031,spasmodic_dysphonia,clean_pool,6df7d36205aa31259a5ec59da3da5b534013564093e7f17351887048bf2e1e8d,16000,1,2,48000,3.0,-36.05,0.8024,0.0,train
EGTvMFLjJxg_seg_032.wav,data/interim/segmented_clean_relaxed/spasmodic_dysphonia/EGTvMFLjJxg_seg_032.wav,EGTvMFLjJxg,032,spasmodic_dysphonia,clean_pool,b533bafa3626e103876adc048c03fa6fca7eb4f5362b723445442252168b5d3c,16000,1,2,48000,3.0,-34.38,0.7676,0.0,train
EGTvMFLjJxg_seg_033.wav,data/interim/segmented_clean_relaxed/spasmodic_dysphonia/EGTvMFLjJxg_seg_033.wav,EGTvMFLjJxg,033,spasmodic_dysphonia,clean_pool,dc971e01a622e1cef1f86a2cd83d3cc50fca5c402e750344da9723a5ebc76adf,16000,1,2,48000,3.0,-36.21,0.7459,0.0,train
EGTvMFLjJxg_seg_034.wav,data/interim/segmented_clean_relaxed/spasmodic_dysphonia/EGTvMFLjJxg_seg_034.wav,EGTvMFLjJxg,034,spasmodic_dysphonia,clean_pool,1599f708c81d0918ff16ad6b56bcee6b3c9de8d2ae5a061f13d79ecc4b48710a,16000,1,2,48000,3.0,-37.67,0.8105,0.0,train
fc4oF-q1SXg_seg_000.wav,data/interim/segmented_clean_relaxed/spasmodic_dysphonia/fc4oF-q1SXg_seg_000.wav,fc4oF-q1SXg,000,spasmodic_dysphonia,clean_pool,a4f39dd86acaf13896d555b885381a44014f47ee29fc881abca99068161f1668,16000,1,2,48000,3.0,-30.6,0.232,0.0,train
fc4oF-q1SXg_seg_001.wav,data/interim/segmented_clean_relaxed/spasmodic_dysphonia/fc4oF-q1SXg_seg_001.wav,fc4oF-q1SXg,001,spasmodic_dysphonia,clean_pool,9e92344ae2388e7c3a4a3e775cb4f90e7522bc9e1695db160e77c8eef481ab12,16000,1,2,48000,3.0,-23.14,0.1943,0.0,train
fc4oF-q1SXg_seg_002.wav,data/interim/segmented_clean_relaxed/spasmodic_dysphonia/fc4oF-q1SXg_seg_002.wav,fc4oF-q1SXg,002,spasmodic_dysphonia,clean_pool,2de26f18ba8d3ec96656294d6501d5b4c4f0bcf2116a06df1b812a433eff4aa6,16000,1,2,48000,3.0,-27.25,0.3655,0.0,train
fc4oF-q1SXg_seg_003.wav,data/interim/segmented_clean_relaxed/spasmodic_dysphonia/fc4oF-q1SXg_seg_003.wav,fc4oF-q1SXg,003,spasmodic_dysphonia,clean_pool,199d8c7fb070d65c0ec1dcb743478fba69c35148f78797d611cef3180cd424aa,16000,1,2,48000,3.0,-25.55,0.2455,0.0,train
fc4oF-q1SXg_seg_004.wav,data/interim/segmented_clean_relaxed/spasmodic_dysphonia/fc4oF-q1SXg_seg_004.wav,fc4oF-q1SXg,004,spasmodic_dysphonia,clean_pool,05571a57a880745abf3546d8e2b1525805902c5789069fbf517c0e839c5f688b,16000,1,2,48000,3.0,-28.97,0.3639,0.0,train
fc4oF-q1SXg_seg_005.wav,data/interim/segmented_clean_relaxed/spasmodic_dysphonia/fc4oF-q1SXg_seg_005.wav,fc4oF-q1SXg,005,spasmodic_dysphonia,clean_pool,55009765ad71fe6b6699d8b10568771a8685ce35640c723cb4ca2259322eef13,16000,1,2,48000,3.0,-25.88,0.4728,0.0,train
fc4oF-q1SXg_seg_006.wav,data/interim/segmented_clean_relaxed/spasmodic_dysphonia/fc4oF-q1SXg_seg_006.wav,fc4oF-q1SXg,006,spasmodic_dysphonia,clean_pool,0e6710161e21b6d2a127b1594ebd429491247de504c87f51a274b4ba643f572e,16000,1,2,48000,3.0,-26.74,0.4276,0.0,train
fc4oF-q1SXg_seg_007.wav,data/interim/segmented_clean_relaxed/spasmodic_dysphonia/fc4oF-q1SXg_seg_007.wav,fc4oF-q1SXg,007,spasmodic_dysphonia,clean_pool,d83a63b46db7586d2842cb692535801762f22abc97b264e25d7a1857417c1fd0,16000,1,2,48000,3.0,-28.79,0.4541,0.0,train
fc4oF-q1SXg_seg_008.wav,data/interim/segmented_clean_relaxed/spasmodic_dysphonia/fc4oF-q1SXg_seg_008.wav,fc4oF-q1SXg,008,spasmodic_dysphonia,clean_pool,51351df9c4f3c0ce52dc2e422955ba71417657b33c72de8bf23129d576d55b59,16000,1,2,48000,3.0,-29.29,0.428,0.0,train
fc4oF-q1SXg_seg_009.wav,data/interim/segmented_clean_relaxed/spasmodic_dysphonia/fc4oF-q1SXg_seg_009.wav,fc4oF-q1SXg,009,spasmodic_dysphonia,clean_pool,58f9a93616491d646f7d795b33ab38aa70c15eb74018761f57e86ddfd2ce57a3,16000,1,2,48000,3.0,-26.36,0.4188,0.0,train
fc4oF-q1SXg_seg_010.wav,data/interim/segmented_clean_relaxed/spasmodic_dysphonia/fc4oF-q1SXg_seg_010.wav,fc4oF-q1SXg,010,spasmodic_dysphonia,clean_pool,238833642f193e1fad02388b6f06188b05c1ec72fda1d155fccfd2a384770b88,16000,1,2,48000,3.0,-27.33,0.3767,0.0,train
fc4oF-q1SXg_seg_011.wav,data/interim/segmented_clean_relaxed/spasmodic_dysphonia/fc4oF-q1SXg_seg_011.wav,fc4oF-q1SXg,011,spasmodic_dysphonia,clean_pool,6547e42f1ca2fffb73bcb8b2a9b5fb47f07919e46c9fa5ae88c48e633eb03aee,16000,1,2,48000,3.0,-25.98,0.2337,0.0,train
fc4oF-q1SXg_seg_012.wav,data/interim/segmented_clean_relaxed/spasmodic_dysphonia/fc4oF-q1SXg_seg_012.wav,fc4oF-q1SXg,012,spasmodic_dysphonia,clean_pool,04ffa33287c5564ec51ef52903e98b9746cc094808269d9ebc1382a87ad1a38d,16000,1,2,48000,3.0,-24.54,0.3558,0.0,train
fc4oF-q1SXg_seg_013.wav,data/interim/segmented_clean_relaxed/spasmodic_dysphonia/fc4oF-q1SXg_seg_013.wav,fc4oF-q1SXg,013,spasmodic_dysphonia,clean_pool,aa9fe271cbddc98ea2a3f7b3c69ade20ffc9820020812a618f1c7fb37dbc1948,16000,1,2,48000,3.0,-25.8,0.2276,0.0,train
fc4oF-q1SXg_seg_014.wav,data/interim/segmented_clean_relaxed/spasmodic_dysphonia/fc4oF-q1SXg_seg_014.wav,fc4oF-q1SXg,014,spasmodic_dysphonia,clean_pool,d818d65fe27efe097f0c99596944b446d0962f44fdd29f4d5e2c5fff241e9b76,16000,1,2,48000,3.0,-27.33,0.3722,0.0,train
fc4oF-q1SXg_seg_015.wav,data/interim/segmented_clean_relaxed/spasmodic_dysphonia/fc4oF-q1SXg_seg_015.wav,fc4oF-q1SXg,015,spasmodic_dysphonia,clean_pool,89890441714961166dd2085576bafd43b8f40f4f2ba35d3f21f957d1f973061d,16000,1,2,48000,3.0,-28.13,0.4785,0.0,train
fc4oF-q1SXg_seg_016.wav,data/interim/segmented_clean_relaxed/spasmodic_dysphonia/fc4oF-q1SXg_seg_016.wav,fc4oF-q1SXg,016,spasmodic_dysphonia,clean_pool,70dcda1c623d1f25c94d8a98f41f540d65e9fcb49113fb63c871467bbdc84739,16000,1,2,48000,3.0,-23.1,0.3571,0.0,train
fc4oF-q1SXg_seg_017.wav,data/interim/segmented_clean_relaxed/spasmodic_dysphonia/fc4oF-q1SXg_seg_017.wav,fc4oF-q1SXg,017,spasmodic_dysphonia,clean_pool,95fa2c533212cf6793f78406b988a96f3c94316c90a53e9c00196ea4a689cd67,16000,1,2,48000,3.0,-30.92,0.3554,0.0,train
fc4oF-q1SXg_seg_018.wav,data/interim/segmented_clean_relaxed/spasmodic_dysphonia/fc4oF-q1SXg_seg_018.wav,fc4oF-q1SXg,018,spasmodic_dysphonia,clean_pool,2e97fd57f78de272cec5020e6a5200dda0b177ab501ad8de6e0c06317c71b0b1,16000,1,2,48000,3.0,-24.21,0.3825,0.0,train
fc4oF-q1SXg_seg_019.wav,data/interim/segmented_clean_relaxed/spasmodic_dysphonia/fc4oF-q1SXg_seg_019.wav,fc4oF-q1SXg,019,spasmodic_dysphonia,clean_pool,b0b5bad8fd396d7c2bbecef527a392022551053726cd9c8d93d7e8f87a69f527,16000,1,2,48000,3.0,-27.65,0.3947,0.0,train
fc4oF-q1SXg_seg_020.wav,data/interim/segmented_clean_relaxed/spasmodic_dysphonia/fc4oF-q1SXg_seg_020.wav,fc4oF-q1SXg,020,spasmodic_dysphonia,clean_pool,155748b918e9b26b48de1455f6b9476db0e89efa9044d17c325eb972e748c510,16000,1,2,48000,3.0,-29.83,0.374,0.0,train
fc4oF-q1SXg_seg_021.wav,data/interim/segmented_clean_relaxed/spasmodic_dysphonia/fc4oF-q1SXg_seg_021.wav,fc4oF-q1SXg,021,spasmodic_dysphonia,clean_pool,eb2975d9b58b457b5996a13e308424e0e97b18c2347b3517c9c68918c679c579,16000,1,2,48000,3.0,-30.64,0.3969,0.0,train
fc4oF-q1SXg_seg_022.wav,data/interim/segmented_clean_relaxed/spasmodic_dysphonia/fc4oF-q1SXg_seg_022.wav,fc4oF-q1SXg,022,spasmodic_dysphonia,clean_pool,3e51853cfe8e0d2dd543b8f28c6b0174f4bc7acc81f070d7cf6e5f52116d1ec0,16000,1,2,48000,3.0,-30.15,0.5661,0.0,train
fc4oF-q1SXg_seg_023.wav,data/interim/segmented_clean_relaxed/spasmodic_dysphonia/fc4oF-q1SXg_seg_023.wav,fc4oF-q1SXg,023,spasmodic_dysphonia,clean_pool,3a9d01f93a9781c1cb5d82bc7fd7a54bfa9584c62bbbd626755152f28d7dda5a,16000,1,2,48000,3.0,-30.04,0.5217,0.0,train
fc4oF-q1SXg_seg_024.wav,data/interim/segmented_clean_relaxed/spasmodic_dysphonia/fc4oF-q1SXg_seg_024.wav,fc4oF-q1SXg,024,spasmodic_dysphonia,clean_pool,6a3815c7cba70bc0a6d6683bd56d71bd0acee0d4c735317eeaaef23b701d2e7a,16000,1,2,48000,3.0,-27.22,0.4185,0.0,train
fc4oF-q1SXg_seg_025.wav,data/interim/segmented_clean_relaxed/spasmodic_dysphonia/fc4oF-q1SXg_seg_025.wav,fc4oF-q1SXg,025,spasmodic_dysphonia,clean_pool,f9497a9d3092cf8d91e248dbbb35e40ac73841f04e9148278092663090fe9c7b,16000,1,2,48000,3.0,-27.09,0.3654,0.0,train
fc4oF-q1SXg_seg_026.wav,data/interim/segmented_clean_relaxed/spasmodic_dysphonia/fc4oF-q1SXg_seg_026.wav,fc4oF-q1SXg,026,spasmodic_dysphonia,clean_pool,d681b70bb5eaf25e83bbc341726fc5a4ade83875fb29451290e09bd528ccc793,16000,1,2,48000,3.0,-31.0,0.4069,0.0,train
fc4oF-q1SXg_seg_027.wav,data/interim/segmented_clean_relaxed/spasmodic_dysphonia/fc4oF-q1SXg_seg_027.wav,fc4oF-q1SXg,027,spasmodic_dysphonia,clean_pool,7f2a1b96ada5a5340840f9e00e359f350cd5b48cb979edd31959f9ce9674866d,16000,1,2,48000,3.0,-28.42,0.2916,0.0,train
fc4oF-q1SXg_seg_028.wav,data/interim/segmented_clean_relaxed/spasmodic_dysphonia/fc4oF-q1SXg_seg_028.wav,fc4oF-q1SXg,028,spasmodic_dysphonia,clean_pool,ac71a251edb0b7072c0f845e3dc7b26ffc563af6dffbcee8c0011f18927703e9,16000,1,2,48000,3.0,-21.86,0.3588,0.0,train
fc4oF-q1SXg_seg_029.wav,data/interim/segmented_clean_relaxed/spasmodic_dysphonia/fc4oF-q1SXg_seg_029.wav,fc4oF-q1SXg,029,spasmodic_dysphonia,clean_pool,30427264c9bd0f81771ab5608af809763302464645e3d2f687774b6ba9855e65,16000,1,2,48000,3.0,-22.45,0.3719,0.0,train
fc4oF-q1SXg_seg_030.wav,data/interim/segmented_clean_relaxed/spasmodic_dysphonia/fc4oF-q1SXg_seg_030.wav,fc4oF-q1SXg,030,spasmodic_dysphonia,clean_pool,e83608bc76f66dbcab984992b0b18e0267a66e454a9788088ccbf9033d269832,16000,1,2,48000,3.0,-20.76,0.3894,0.000125,train
fc4oF-q1SXg_seg_031.wav,data/interim/segmented_clean_relaxed/spasmodic_dysphonia/fc4oF-q1SXg_seg_031.wav,fc4oF-q1SXg,031,spasmodic_dysphonia,clean_pool,ea36b785fe3cd7ea54c06100d8e373fc3c05d2e60962dff093a9cc11514dfa04,16000,1,2,48000,3.0,-14.81,0.1325,8.3e-05,train
fc4oF-q1SXg_seg_032.wav,data/interim/segmented_clean_relaxed/spasmodic_dysphonia/fc4oF-q1SXg_seg_032.wav,fc4oF-q1SXg,032,spasmodic_dysphonia,clean_pool,0af88bca996dd588538fdcef63a737c761924f8486ed0f282a2ae588c48d1710,16000,1,2,48000,3.0,-20.27,0.3068,0.0,train
fc4oF-q1SXg_seg_033.wav,data/interim/segmented_clean_relaxed/spasmodic_dysphonia/fc4oF-q1SXg_seg_033.wav,fc4oF-q1SXg,033,spasmodic_dysphonia,clean_pool,1fea2443eaabc2bfb0efe340089f3b6b1226459fba67623352a2c02503387ce9,16000,1,2,48000,3.0,-25.05,0.361,0.0,train
fc4oF-q1SXg_seg_034.wav,data/interim/segmented_clean_relaxed/spasmodic_dysphonia/fc4oF-q1SXg_seg_034.wav,fc4oF-q1SXg,034,spasmodic_dysphonia,clean_pool,982b121ff844322f7b845d117bbe470dc6cd9429172e0d4890f3431b6f1b847f,16000,1,2,48000,3.0,-17.44,0.1323,0.0,train
fc4oF-q1SXg_seg_035.wav,data/interim/segmented_clean_relaxed/spasmodic_dysphonia/fc4oF-q1SXg_seg_035.wav,fc4oF-q1SXg,035,spasmodic_dysphonia,clean_pool,7e76d71ad41a5a9b0a1d09050e56e97a5cd3eaafdb3251f271e1e7eb2e421426,16000,1,2,48000,3.0,-22.08,0.1886,0.0,train
fc4oF-q1SXg_seg_036.wav,data/interim/segmented_clean_relaxed/spasmodic_dysphonia/fc4oF-q1SXg_seg_036.wav,fc4oF-q1SXg,036,spasmodic_dysphonia,clean_pool,b970db41d23c9430a71641237614bf236a01d6cd9aa384691f749c79f999f15d,16000,1,2,48000,3.0,-20.17,0.5384,0.0,train
fc4oF-q1SXg_seg_037.wav,data/interim/segmented_clean_relaxed/spasmodic_dysphonia/fc4oF-q1SXg_seg_037.wav,fc4oF-q1SXg,037,spasmodic_dysphonia,clean_pool,c55de48af1c02bfdb47a6fd850e15e015e03c0f0c1e4ed2c8d4f9975ecb9e1a8,16000,1,2,48000,3.0,-15.71,0.2423,0.000708,train
fc4oF-q1SXg_seg_038.wav,data/interim/segmented_clean_relaxed/spasmodic_dysphonia/fc4oF-q1SXg_seg_038.wav,fc4oF-q1SXg,038,spasmodic_dysphonia,clean_pool,044eab4a2116b84b4083b19ce06bfd0f9f6ea360f887202fa458af3d9b381af6,16000,1,2,48000,3.0,-20.27,0.1316,0.0,train
fc4oF-q1SXg_seg_039.wav,data/interim/segmented_clean_relaxed/spasmodic_dysphonia/fc4oF-q1SXg_seg_039.wav,fc4oF-q1SXg,039,spasmodic_dysphonia,clean_pool,9a38198ff6c4282d77c661263eb59971039100baff3d4a79cc1b31c45597b145,16000,1,2,48000,3.0,-21.06,0.573,0.0,train
fc4oF-q1SXg_seg_040.wav,data/interim/segmented_clean_relaxed/spasmodic_dysphonia/fc4oF-q1SXg_seg_040.wav,fc4oF-q1SXg,040,spasmodic_dysphonia,clean_pool,e93117863a10fff2893314a9c5113eb69efe4b9c30e27d973a47dd189f319a83,16000,1,2,48000,3.0,-19.36,0.2221,0.000333,train
fc4oF-q1SXg_seg_041.wav,data/interim/segmented_clean_relaxed/spasmodic_dysphonia/fc4oF-q1SXg_seg_041.wav,fc4oF-q1SXg,041,spasmodic_dysphonia,clean_pool,785d5ef0b7c1d3773bc23ee85f33900caa562242edb5a5c17e9390415b9e7bb6,16000,1,2,48000,3.0,-23.56,0.3606,0.0,train
fc4oF-q1SXg_seg_042.wav,data/interim/segmented_clean_relaxed/spasmodic_dysphonia/fc4oF-q1SXg_seg_042.wav,fc4oF-q1SXg,042,spasmodic_dysphonia,clean_pool,61fdda8d1575d6e6d2a95b169456b9d463168efdf0131984953c701b8b8a2e7d,16000,1,2,48000,3.0,-22.56,0.317,0.0,train
fc4oF-q1SXg_seg_043.wav,data/interim/segmented_clean_relaxed/spasmodic_dysphonia/fc4oF-q1SXg_seg_043.wav,fc4oF-q1SXg,043,spasmodic_dysphonia,clean_pool,2040a8229d3ff80de0fd319e60a30b2a757ee89e53d94c07835d8225e4838e58,16000,1,2,48000,3.0,-20.3,0.3001,0.0,train
fc4oF-q1SXg_seg_044.wav,data/interim/segmented_clean_relaxed/spasmodic_dysphonia/fc4oF-q1SXg_seg_044.wav,fc4oF-q1SXg,044,spasmodic_dysphonia,clean_pool,509bf9b4bc7302cdec445a1a905bc438db5668830b312c75fc11f16410f2e354,16000,1,2,48000,3.0,-19.53,0.4251,0.000229,train
fc4oF-q1SXg_seg_045.wav,data/interim/segmented_clean_relaxed/spasmodic_dysphonia/fc4oF-q1SXg_seg_045.wav,fc4oF-q1SXg,045,spasmodic_dysphonia,clean_pool,22ee1b672809b3b6a8ded65085b4a3184eadac4616364539a36d1292c1383a01,16000,1,2,48000,3.0,-18.34,0.1893,0.0,train
fc4oF-q1SXg_seg_046.wav,data/interim/segmented_clean_relaxed/spasmodic_dysphonia/fc4oF-q1SXg_seg_046.wav,fc4oF-q1SXg,046,spasmodic_dysphonia,clean_pool,26b6662952a9b33222ae16c382e21b3325396d3875c32de37b61d4daa1cb9c6a,16000,1,2,48000,3.0,-20.57,0.3345,0.0,train
fc4oF-q1SXg_seg_047.wav,data/interim/segmented_clean_relaxed/spasmodic_dysphonia/fc4oF-q1SXg_seg_047.wav,fc4oF-q1SXg,047,spasmodic_dysphonia,clean_pool,6c1ff4d5b5ce9496bfb8164b334617690918575bebfaf98bfeccc2abf16b7ff6,16000,1,2,48000,3.0,-18.55,0.3402,0.0,train
fc4oF-q1SXg_seg_048.wav,data/interim/segmented_clean_relaxed/spasmodic_dysphonia/fc4oF-q1SXg_seg_048.wav,fc4oF-q1SXg,048,spasmodic_dysphonia,clean_pool,d6c8f2d6d2b999bdb9b60b058cd137359342dce8f5e7b9c6db2df911caf8e5ba,16000,1,2,48000,3.0,-21.24,0.477,0.0,train
fc4oF-q1SXg_seg_049.wav,data/interim/segmented_clean_relaxed/spasmodic_dysphonia/fc4oF-q1SXg_seg_049.wav,fc4oF-q1SXg,049,spasmodic_dysphonia,clean_pool,9007a2c032e50a82da3f5576d6b31458bab49ba950aa8fa0e7be02a431501b89,16000,1,2,48000,3.0,-19.69,0.3329,0.0,train
fc4oF-q1SXg_seg_050.wav,data/interim/segmented_clean_relaxed/spasmodic_dysphonia/fc4oF-q1SXg_seg_050.wav,fc4oF-q1SXg,050,spasmodic_dysphonia,clean_pool,856f5cc2d3c607d6a64d6aef50302df947c16ea37fdd4799295f86a3185dccda,16000,1,2,48000,3.0,-22.77,0.1215,0.0,train
fc4oF-q1SXg_seg_051.wav,data/interim/segmented_clean_relaxed/spasmodic_dysphonia/fc4oF-q1SXg_seg_051.wav,fc4oF-q1SXg,051,spasmodic_dysphonia,clean_pool,f591de55fba470893c1330f7824b3cbea2af167426918d7022a6943de19cb5f5,16000,1,2,48000,3.0,-25.89,0.3676,0.0,train
fc4oF-q1SXg_seg_052.wav,data/interim/segmented_clean_relaxed/spasmodic_dysphonia/fc4oF-q1SXg_seg_052.wav,fc4oF-q1SXg,052,spasmodic_dysphonia,clean_pool,4f42f02a866fd4b97f02b9440ef7fd472f6d2cf696f8bec5106ace9ae552a1e3,16000,1,2,48000,3.0,-26.05,0.2924,0.0,train
fc4oF-q1SXg_seg_053.wav,data/interim/segmented_clean_relaxed/spasmodic_dysphonia/fc4oF-q1SXg_seg_053.wav,fc4oF-q1SXg,053,spasmodic_dysphonia,clean_pool,8a0bde37b712991aa13d3f6a56750f5fa74419eb6b4df71279b0c101b7414406,16000,1,2,48000,3.0,-21.97,0.2651,0.0,train
fc4oF-q1SXg_seg_054.wav,data/interim/segmented_clean_relaxed/spasmodic_dysphonia/fc4oF-q1SXg_seg_054.wav,fc4oF-q1SXg,054,spasmodic_dysphonia,clean_pool,4b8938f4d10cecba841b3e9820acae47515f5748786dba6da235d9b11f4b835e,16000,1,2,48000,3.0,-20.13,0.2948,0.0,train
fc4oF-q1SXg_seg_055.wav,data/interim/segmented_clean_relaxed/spasmodic_dysphonia/fc4oF-q1SXg_seg_055.wav,fc4oF-q1SXg,055,spasmodic_dysphonia,clean_pool,2162593a2e7852454b3eccffaa7efc552f4e675ef8f33d9c1a27f8fc51c9113c,16000,1,2,48000,3.0,-22.37,0.2045,0.0,train
fc4oF-q1SXg_seg_056.wav,data/interim/segmented_clean_relaxed/spasmodic_dysphonia/fc4oF-q1SXg_seg_056.wav,fc4oF-q1SXg,056,spasmodic_dysphonia,clean_pool,6c9c39bf712eda881600622f382763e8027db37ffd2efe0edc076574cba82617,16000,1,2,48000,3.0,-40.61,0.769,0.0,train
fc4oF-q1SXg_seg_057.wav,data/interim/segmented_clean_relaxed/spasmodic_dysphonia/fc4oF-q1SXg_seg_057.wav,fc4oF-q1SXg,057,spasmodic_dysphonia,clean_pool,029d4609e781c55ff09e58cd65d0312d0e16df54f26fda9d19944229929608b2,16000,1,2,48000,3.0,-37.93,0.7311,0.0,train
fc4oF-q1SXg_seg_061.wav,data/interim/segmented_clean_relaxed/spasmodic_dysphonia/fc4oF-q1SXg_seg_061.wav,fc4oF-q1SXg,061,spasmodic_dysphonia,clean_pool,14de21e496b08a06cef07bf4861dd478d0de28dde85cb9cbdf4ba209936c5560,16000,1,2,48000,3.0,-37.15,0.7919,0.0,train
fc4oF-q1SXg_seg_064.wav,data/interim/segmented_clean_relaxed/spasmodic_dysphonia/fc4oF-q1SXg_seg_064.wav,fc4oF-q1SXg,064,spasmodic_dysphonia,clean_pool,23537b423df595df1cf7dfb563ecaa9fa11c91465d503deae7d8840f577222f7,16000,1,2,48000,3.0,-22.47,0.7541,0.0,train
fc4oF-q1SXg_seg_066.wav,data/interim/segmented_clean_relaxed/spasmodic_dysphonia/fc4oF-q1SXg_seg_066.wav,fc4oF-q1SXg,066,spasmodic_dysphonia,clean_pool,64ee0e8609b50c1b2d13d207fdd945b3c0ea18101a86ceee2f4a2c798d34bfc7,16000,1,2,48000,3.0,-21.43,0.7667,0.00025,train
fc4oF-q1SXg_seg_067.wav,data/interim/segmented_clean_relaxed/spasmodic_dysphonia/fc4oF-q1SXg_seg_067.wav,fc4oF-q1SXg,067,spasmodic_dysphonia,clean_pool,27b8415e0b4aebf46dd2cb5eebfd19578a48af8e67fe5ddb1fb7d0e91a51a547,16000,1,2,48000,3.0,-17.54,0.1671,6.3e-05,train
fc4oF-q1SXg_seg_068.wav,data/interim/segmented_clean_relaxed/spasmodic_dysphonia/fc4oF-q1SXg_seg_068.wav,fc4oF-q1SXg,068,spasmodic_dysphonia,clean_pool,71def4c2bfe42a3fa1b9bbc78c48398ab27263d10cdfe09ab0ab256368a58bbf,16000,1,2,48000,3.0,-17.45,0.2299,0.0,train
fc4oF-q1SXg_seg_069.wav,data/interim/segmented_clean_relaxed/spasmodic_dysphonia/fc4oF-q1SXg_seg_069.wav,fc4oF-q1SXg,069,spasmodic_dysphonia,clean_pool,567bc7058f004a1c4153bb5d123462936eb91c70b41a3e1cb975549b7374ba61,16000,1,2,48000,3.0,-19.12,0.3511,0.0,train
fc4oF-q1SXg_seg_070.wav,data/interim/segmented_clean_relaxed/spasmodic_dysphonia/fc4oF-q1SXg_seg_070.wav,fc4oF-q1SXg,070,spasmodic_dysphonia,clean_pool,f692233d1325b710ef8104e33bb4864f36bcc4304264d67c45e65f438cdf01ea,16000,1,2,48000,3.0,-24.32,0.2926,0.0,train
fc4oF-q1SXg_seg_071.wav,data/interim/segmented_clean_relaxed/spasmodic_dysphonia/fc4oF-q1SXg_seg_071.wav,fc4oF-q1SXg,071,spasmodic_dysphonia,clean_pool,94902838732cdc172d8b1437eed8315f7b02183aab706d5868246001a87de2ac,16000,1,2,48000,3.0,-19.97,0.3961,0.0,train
fc4oF-q1SXg_seg_072.wav,data/interim/segmented_clean_relaxed/spasmodic_dysphonia/fc4oF-q1SXg_seg_072.wav,fc4oF-q1SXg,072,spasmodic_dysphonia,clean_pool,e349c8fa854cb08ad279781096cd47a1001c6288078775687535c3f2e0c134ac,16000,1,2,48000,3.0,-21.88,0.2176,0.0,train
fc4oF-q1SXg_seg_073.wav,data/interim/segmented_clean_relaxed/spasmodic_dysphonia/fc4oF-q1SXg_seg_073.wav,fc4oF-q1SXg,073,spasmodic_dysphonia,clean_pool,b24475d9a9317aae8b0c49323817360b76e825fd4dbcdab0d153cf709464db43,16000,1,2,48000,3.0,-23.98,0.296,0.0,train
fc4oF-q1SXg_seg_074.wav,data/interim/segmented_clean_relaxed/spasmodic_dysphonia/fc4oF-q1SXg_seg_074.wav,fc4oF-q1SXg,074,spasmodic_dysphonia,clean_pool,bc0a2fa84f2b97f31c70b3bb04f91d7b07a63965731661dd216e9144771548e7,16000,1,2,48000,3.0,-19.2,0.2079,0.000125,train
fc4oF-q1SXg_seg_075.wav,data/interim/segmented_clean_relaxed/spasmodic_dysphonia/fc4oF-q1SXg_seg_075.wav,fc4oF-q1SXg,075,spasmodic_dysphonia,clean_pool,e7194b5da3cdebed3310f4d42ad88c2e5d4a06271c1b2dbcfb919366c6537dd3,16000,1,2,48000,3.0,-25.57,0.2577,0.0,train
fc4oF-q1SXg_seg_076.wav,data/interim/segmented_clean_relaxed/spasmodic_dysphonia/fc4oF-q1SXg_seg_076.wav,fc4oF-q1SXg,076,spasmodic_dysphonia,clean_pool,eb3ee87bb53694f18c20130b57b5d23035d11ddb16f42b8660cef79331e36e33,16000,1,2,48000,3.0,-22.45,0.1612,0.0,train
fc4oF-q1SXg_seg_077.wav,data/interim/segmented_clean_relaxed/spasmodic_dysphonia/fc4oF-q1SXg_seg_077.wav,fc4oF-q1SXg,077,spasmodic_dysphonia,clean_pool,c8e9b522149d60e03f58789dd82f8d399fa240ad2ab4c4a5621eb392816dacd9,16000,1,2,48000,3.0,-20.14,0.4029,0.0,train
fc4oF-q1SXg_seg_078.wav,data/interim/segmented_clean_relaxed/spasmodic_dysphonia/fc4oF-q1SXg_seg_078.wav,fc4oF-q1SXg,078,spasmodic_dysphonia,clean_pool,8e28e4ddbe7c13935858189ed02e97623a19799fcbc31a0f97c4984ad17cdcab,16000,1,2,48000,3.0,-22.64,0.3304,0.0,train
fc4oF-q1SXg_seg_079.wav,data/interim/segmented_clean_relaxed/spasmodic_dysphonia/fc4oF-q1SXg_seg_079.wav,fc4oF-q1SXg,079,spasmodic_dysphonia,clean_pool,e997a588a81797442c2dc1b42f954ba5a4330d88c0e35f3ac5547d0a572710a7,16000,1,2,48000,3.0,-16.94,0.0853,0.0,train
fc4oF-q1SXg_seg_080.wav,data/interim/segmented_clean_relaxed/spasmodic_dysphonia/fc4oF-q1SXg_seg_080.wav,fc4oF-q1SXg,080,spasmodic_dysphonia,clean_pool,c5846ca30af6e13b58ad2f5214a1334b050e968d48ba10bdf2976f977332454d,16000,1,2,48000,3.0,-23.27,0.1875,0.0,train
fc4oF-q1SXg_seg_081.wav,data/interim/segmented_clean_relaxed/spasmodic_dysphonia/fc4oF-q1SXg_seg_081.wav,fc4oF-q1SXg,081,spasmodic_dysphonia,clean_pool,45ae20bec165d88f0663384f902bcdc451f3ac9e4efbd4723f1867b600fad3f2,16000,1,2,48000,3.0,-19.56,0.3218,0.000271,train
fc4oF-q1SXg_seg_082.wav,data/interim/segmented_clean_relaxed/spasmodic_dysphonia/fc4oF-q1SXg_seg_082.wav,fc4oF-q1SXg,082,spasmodic_dysphonia,clean_pool,918c6e915e8bb953e0154953a5d3daa61c2439a9a38c6e5ac5a13aaa9a8bd49b,16000,1,2,48000,3.0,-17.81,0.2316,0.0,train
fc4oF-q1SXg_seg_083.wav,data/interim/segmented_clean_relaxed/spasmodic_dysphonia/fc4oF-q1SXg_seg_083.wav,fc4oF-q1SXg,083,spasmodic_dysphonia,clean_pool,c52152803d4458e5aa19cf52f2036ba360320ff49ceeb77ef59a123646f2fc18,16000,1,2,48000,3.0,-21.57,0.2464,0.0,train
fc4oF-q1SXg_seg_084.wav,data/interim/segmented_clean_relaxed/spasmodic_dysphonia/fc4oF-q1SXg_seg_084.wav,fc4oF-q1SXg,084,spasmodic_dysphonia,clean_pool,ec0692170495c2d5ae19872dcf968b2525cbf8182f4eff9b1e1fcb9b579affe8,16000,1,2,48000,3.0,-19.75,0.2522,0.0,train
fc4oF-q1SXg_seg_085.wav,data/interim/segmented_clean_relaxed/spasmodic_dysphonia/fc4oF-q1SXg_seg_085.wav,fc4oF-q1SXg,085,spasmodic_dysphonia,clean_pool,40acd7a9fbefd60e6c3086f7cf0e706a47a9bc089d6103b7cfab7c202846955a,16000,1,2,48000,3.0,-29.61,0.3196,0.0,train
fc4oF-q1SXg_seg_086.wav,data/interim/segmented_clean_relaxed/spasmodic_dysphonia/fc4oF-q1SXg_seg_086.wav,fc4oF-q1SXg,086,spasmodic_dysphonia,clean_pool,9744c7a37a6a571017ec5119451c9281f2ab8ee1334243b0b9634d6e6b7c8fd8,16000,1,2,48000,3.0,-17.16,0.233,0.000229,train
fc4oF-q1SXg_seg_087.wav,data/interim/segmented_clean_relaxed/spasmodic_dysphonia/fc4oF-q1SXg_seg_087.wav,fc4oF-q1SXg,087,spasmodic_dysphonia,clean_pool,8dae2948d60f0288679ba22a09a8f3dc2c559b23a8edd2c8c0b9b43a4f5a3424,16000,1,2,48000,3.0,-18.88,0.3141,8.3e-05,train
fc4oF-q1SXg_seg_088.wav,data/interim/segmented_clean_relaxed/spasmodic_dysphonia/fc4oF-q1SXg_seg_088.wav,fc4oF-q1SXg,088,spasmodic_dysphonia,clean_pool,0b15c1dae16b7a9365a98ce51c92c3477686babca4403e2586fb43894dbfeb5c,16000,1,2,48000,3.0,-22.29,0.3194,0.0,train
fc4oF-q1SXg_seg_089.wav,data/interim/segmented_clean_relaxed/spasmodic_dysphonia/fc4oF-q1SXg_seg_089.wav,fc4oF-q1SXg,089,spasmodic_dysphonia,clean_pool,9a81ef714d10e9629e11a6f3ac7cc7ffb832aff3e6134fceddc74672aab2934a,16000,1,2,48000,3.0,-21.4,0.1205,0.0,train
fc4oF-q1SXg_seg_090.wav,data/interim/segmented_clean_relaxed/spasmodic_dysphonia/fc4oF-q1SXg_seg_090.wav,fc4oF-q1SXg,090,spasmodic_dysphonia,clean_pool,75befbd5d6057c47433431e8a712542edbe3ff0d73e540283874c84b255dc3eb,16000,1,2,48000,3.0,-32.5,0.5029,0.0,train
fc4oF-q1SXg_seg_091.wav,data/interim/segmented_clean_relaxed/spasmodic_dysphonia/fc4oF-q1SXg_seg_091.wav,fc4oF-q1SXg,091,spasmodic_dysphonia,clean_pool,1ad6a33a379acf7a2acae56b489449739e1bde87d7108cf97a196e0121ede931,16000,1,2,48000,3.0,-15.63,0.2547,0.000417,train
fc4oF-q1SXg_seg_092.wav,data/interim/segmented_clean_relaxed/spasmodic_dysphonia/fc4oF-q1SXg_seg_092.wav,fc4oF-q1SXg,092,spasmodic_dysphonia,clean_pool,c121c881564f5a807d993d164bcd22c0e39b4543bddef09481836462b06134fb,16000,1,2,48000,3.0,-21.78,0.2149,0.0,train
fc4oF-q1SXg_seg_093.wav,data/interim/segmented_clean_relaxed/spasmodic_dysphonia/fc4oF-q1SXg_seg_093.wav,fc4oF-q1SXg,093,spasmodic_dysphonia,clean_pool,0a3de8cf9fa7bba51f0c16e90bbe199aa1c9355c385d28c673a66e546c1ce035,16000,1,2,48000,3.0,-26.7,0.4019,0.0,train
fc4oF-q1SXg_seg_094.wav,data/interim/segmented_clean_relaxed/spasmodic_dysphonia/fc4oF-q1SXg_seg_094.wav,fc4oF-q1SXg,094,spasmodic_dysphonia,clean_pool,02bd76424052d48c2499758d3452da62ecb37264726ef5bc99bc71a5cbddba1e,16000,1,2,48000,3.0,-30.19,0.3649,0.0,train
fc4oF-q1SXg_seg_095.wav,data/interim/segmented_clean_relaxed/spasmodic_dysphonia/fc4oF-q1SXg_seg_095.wav,fc4oF-q1SXg,095,spasmodic_dysphonia,clean_pool,2249414f287cdebb478d0355b0aa1ebaad1220bbd514872f854a0a168b05dded,16000,1,2,48000,3.0,-28.45,0.2629,0.0,train
fc4oF-q1SXg_seg_096.wav,data/interim/segmented_clean_relaxed/spasmodic_dysphonia/fc4oF-q1SXg_seg_096.wav,fc4oF-q1SXg,096,spasmodic_dysphonia,clean_pool,009978c744886d9b4a78f5bfa34f7670c13cbe91aa406600400adb16bfc332bc,16000,1,2,48000,3.0,-21.57,0.517,0.0,train
fc4oF-q1SXg_seg_097.wav,data/interim/segmented_clean_relaxed/spasmodic_dysphonia/fc4oF-q1SXg_seg_097.wav,fc4oF-q1SXg,097,spasmodic_dysphonia,clean_pool,511773a5fb3fe12f24affc191b862a26074f02808031794cb5ebbf4f24badef7,16000,1,2,48000,3.0,-24.65,0.3771,0.0,train
fc4oF-q1SXg_seg_098.wav,data/interim/segmented_clean_relaxed/spasmodic_dysphonia/fc4oF-q1SXg_seg_098.wav,fc4oF-q1SXg,098,spasmodic_dysphonia,clean_pool,54e64c63c7502f7ac1b75921b5338ff2885a3a6e37dea02871190b8d86ce2245,16000,1,2,48000,3.0,-20.6,0.1709,0.0,train
fc4oF-q1SXg_seg_099.wav,data/interim/segmented_clean_relaxed/spasmodic_dysphonia/fc4oF-q1SXg_seg_099.wav,fc4oF-q1SXg,099,spasmodic_dysphonia,clean_pool,f1c6432e7161e9c8d0251a03271275de059dbfa076053e8a61e27bdad70a3cd4,16000,1,2,48000,3.0,-26.31,0.2371,0.0,train
fc4oF-q1SXg_seg_100.wav,data/interim/segmented_clean_relaxed/spasmodic_dysphonia/fc4oF-q1SXg_seg_100.wav,fc4oF-q1SXg,100,spasmodic_dysphonia,clean_pool,af7d85f51647bcdee5420f794cd62f705c17b215fa80755bed9f29720ecd8b88,16000,1,2,48000,3.0,-29.56,0.4407,0.0,train
fc4oF-q1SXg_seg_101.wav,data/interim/segmented_clean_relaxed/spasmodic_dysphonia/fc4oF-q1SXg_seg_101.wav,fc4oF-q1SXg,101,spasmodic_dysphonia,clean_pool,ff4025a42c4ce9ddc4b34e968502b44ca1dd67242502e45d6ee65eab0a1601da,16000,1,2,48000,3.0,-31.9,0.4903,0.0,train
fc4oF-q1SXg_seg_102.wav,data/interim/segmented_clean_relaxed/spasmodic_dysphonia/fc4oF-q1SXg_seg_102.wav,fc4oF-q1SXg,102,spasmodic_dysphonia,clean_pool,7b8b83a99b279692f26cabedc01a771692a139114cc1be3d87bb2227a59bd9b5,16000,1,2,48000,3.0,-19.77,0.343,0.0,train
fc4oF-q1SXg_seg_103.wav,data/interim/segmented_clean_relaxed/spasmodic_dysphonia/fc4oF-q1SXg_seg_103.wav,fc4oF-q1SXg,103,spasmodic_dysphonia,clean_pool,5eb0559985a71d69c6027a25fc3d8e08fce8e387ce8eacec6d9a5a89f1d7929f,16000,1,2,48000,3.0,-21.13,0.2052,0.0,train
fc4oF-q1SXg_seg_104.wav,data/interim/segmented_clean_relaxed/spasmodic_dysphonia/fc4oF-q1SXg_seg_104.wav,fc4oF-q1SXg,104,spasmodic_dysphonia,clean_pool,329589637635275edbf25925a2c338f12ca1c0b104ebcebe4d414f7e44f488c6,16000,1,2,48000,3.0,-23.63,0.2417,0.0,train
fc4oF-q1SXg_seg_105.wav,data/interim/segmented_clean_relaxed/spasmodic_dysphonia/fc4oF-q1SXg_seg_105.wav,fc4oF-q1SXg,105,spasmodic_dysphonia,clean_pool,e5720f78ed361ae45a23c2a401c636e4b93a184d9bb61a2b9081d1fc17bf3adf,16000,1,2,48000,3.0,-23.74,0.2394,0.0,train
fc4oF-q1SXg_seg_106.wav,data/interim/segmented_clean_relaxed/spasmodic_dysphonia/fc4oF-q1SXg_seg_106.wav,fc4oF-q1SXg,106,spasmodic_dysphonia,clean_pool,c311818bbae6498e12b42255128f26a6181833bf35876d853ed46116cec22da3,16000,1,2,48000,3.0,-21.96,0.4154,0.0,train
fc4oF-q1SXg_seg_107.wav,data/interim/segmented_clean_relaxed/spasmodic_dysphonia/fc4oF-q1SXg_seg_107.wav,fc4oF-q1SXg,107,spasmodic_dysphonia,clean_pool,44793d4dcd89751c71e30e47cf22452acf2aac9e444a8cf119acc6a37053ac45,16000,1,2,48000,3.0,-23.79,0.3105,0.0,train
fc4oF-q1SXg_seg_108.wav,data/interim/segmented_clean_relaxed/spasmodic_dysphonia/fc4oF-q1SXg_seg_108.wav,fc4oF-q1SXg,108,spasmodic_dysphonia,clean_pool,e8832b5f6b90d3e625c4399c42d9b3b9e210449e4791b7f7933c7172fa5b5e01,16000,1,2,48000,3.0,-26.76,0.3177,0.0,train
fc4oF-q1SXg_seg_109.wav,data/interim/segmented_clean_relaxed/spasmodic_dysphonia/fc4oF-q1SXg_seg_109.wav,fc4oF-q1SXg,109,spasmodic_dysphonia,clean_pool,32c90ff8efeee21bb0b6ce5511f032b9eeab29941fb54feaf5f26d3b5922476e,16000,1,2,48000,3.0,-18.68,0.1915,0.0,train
fc4oF-q1SXg_seg_110.wav,data/interim/segmented_clean_relaxed/spasmodic_dysphonia/fc4oF-q1SXg_seg_110.wav,fc4oF-q1SXg,110,spasmodic_dysphonia,clean_pool,dd4b7bf887a3a5c798de64b73e2b4d38a8ee27a726ee3f83a460d237a3fc188a,16000,1,2,48000,3.0,-29.44,0.5124,0.0,train
fc4oF-q1SXg_seg_111.wav,data/interim/segmented_clean_relaxed/spasmodic_dysphonia/fc4oF-q1SXg_seg_111.wav,fc4oF-q1SXg,111,spasmodic_dysphonia,clean_pool,f374a9cf0b8b3ca4ffa9fcafffbbd8217298af59b49881a93d8968a06faa4f83,16000,1,2,48000,3.0,-20.64,0.44,0.000146,train
fc4oF-q1SXg_seg_112.wav,data/interim/segmented_clean_relaxed/spasmodic_dysphonia/fc4oF-q1SXg_seg_112.wav,fc4oF-q1SXg,112,spasmodic_dysphonia,clean_pool,b711c66124d4e0229f0ce647871ed99a1f4e9537b84566a95a013e576af17af0,16000,1,2,48000,3.0,-23.85,0.2105,0.0,train
fc4oF-q1SXg_seg_113.wav,data/interim/segmented_clean_relaxed/spasmodic_dysphonia/fc4oF-q1SXg_seg_113.wav,fc4oF-q1SXg,113,spasmodic_dysphonia,clean_pool,42920f2b16e02fe9c327061fd69e5e5b42479dc97133bbfc5b5237a3721048ed,16000,1,2,48000,3.0,-24.91,0.2428,0.0,train
fc4oF-q1SXg_seg_114.wav,data/interim/segmented_clean_relaxed/spasmodic_dysphonia/fc4oF-q1SXg_seg_114.wav,fc4oF-q1SXg,114,spasmodic_dysphonia,clean_pool,509c8e93d375be9daa478843fd25f324af42ac7c3796bc4d9347db4a4cc6ed59,16000,1,2,48000,3.0,-17.22,0.1875,0.000396,train
fc4oF-q1SXg_seg_115.wav,data/interim/segmented_clean_relaxed/spasmodic_dysphonia/fc4oF-q1SXg_seg_115.wav,fc4oF-q1SXg,115,spasmodic_dysphonia,clean_pool,78356300e42b117fd24b63017950eaa661c1d4f57d8e146f52fc52cdab4965de,16000,1,2,48000,3.0,-19.81,0.181,0.0,train
fc4oF-q1SXg_seg_116.wav,data/interim/segmented_clean_relaxed/spasmodic_dysphonia/fc4oF-q1SXg_seg_116.wav,fc4oF-q1SXg,116,spasmodic_dysphonia,clean_pool,eff91127a380e9d3fce26921cf803f8742b1d3af76231f6a0785cb6ea4826648,16000,1,2,48000,3.0,-24.85,0.4343,0.0,train
fc4oF-q1SXg_seg_117.wav,data/interim/segmented_clean_relaxed/spasmodic_dysphonia/fc4oF-q1SXg_seg_117.wav,fc4oF-q1SXg,117,spasmodic_dysphonia,clean_pool,f3863e771d4ea5c81ac6de105fe58ca5bb9a138170f8a4cb430205b0f3476df4,16000,1,2,48000,3.0,-20.32,0.5246,0.0,train
fc4oF-q1SXg_seg_118.wav,data/interim/segmented_clean_relaxed/spasmodic_dysphonia/fc4oF-q1SXg_seg_118.wav,fc4oF-q1SXg,118,spasmodic_dysphonia,clean_pool,7243c47dc14af57a0c65e73adcdf28e81bef77a46fd01213f5c7816ac8ce7044,16000,1,2,48000,3.0,-20.91,0.2698,0.0,train
fc4oF-q1SXg_seg_119.wav,data/interim/segmented_clean_relaxed/spasmodic_dysphonia/fc4oF-q1SXg_seg_119.wav,fc4oF-q1SXg,119,spasmodic_dysphonia,clean_pool,4e677672948c362bf1a6493aad896eeee1e7a882b9e84c1625f84f8d8fc3b1b3,16000,1,2,48000,3.0,-17.94,0.193,0.0,train
fc4oF-q1SXg_seg_120.wav,data/interim/segmented_clean_relaxed/spasmodic_dysphonia/fc4oF-q1SXg_seg_120.wav,fc4oF-q1SXg,120,spasmodic_dysphonia,clean_pool,8d86fb73d5ccc816d97de3f5c199bafea722ea54df227a4a3e9e2e0cce462afe,16000,1,2,48000,3.0,-18.18,0.3564,2.1e-05,train
fc4oF-q1SXg_seg_121.wav,data/interim/segmented_clean_relaxed/spasmodic_dysphonia/fc4oF-q1SXg_seg_121.wav,fc4oF-q1SXg,121,spasmodic_dysphonia,clean_pool,73909c7bc1515adf57bf6bd4c1861c2693a5d21850d717b9bcacfa7c09e72a66,16000,1,2,48000,3.0,-23.73,0.2933,0.0,train
fc4oF-q1SXg_seg_122.wav,data/interim/segmented_clean_relaxed/spasmodic_dysphonia/fc4oF-q1SXg_seg_122.wav,fc4oF-q1SXg,122,spasmodic_dysphonia,clean_pool,1f4e3f4abc413bc7523edd329ec0f37b85fd9fa30a602b3c7b3a26f915a322c7,16000,1,2,48000,3.0,-20.05,0.3336,0.0,train
fc4oF-q1SXg_seg_123.wav,data/interim/segmented_clean_relaxed/spasmodic_dysphonia/fc4oF-q1SXg_seg_123.wav,fc4oF-q1SXg,123,spasmodic_dysphonia,clean_pool,66d076dd7164e42286fb3173b6290f0f5e2c6e0e9b5b325362015a7963aac8b2,16000,1,2,48000,3.0,-21.02,0.2593,0.0,train
fc4oF-q1SXg_seg_124.wav,data/interim/segmented_clean_relaxed/spasmodic_dysphonia/fc4oF-q1SXg_seg_124.wav,fc4oF-q1SXg,124,spasmodic_dysphonia,clean_pool,509def1590c6c686890b83799b9007b6323c36e079e695db98a63d1b4e1f53ef,16000,1,2,48000,3.0,-20.99,0.2454,0.0,train
fc4oF-q1SXg_seg_125.wav,data/interim/segmented_clean_relaxed/spasmodic_dysphonia/fc4oF-q1SXg_seg_125.wav,fc4oF-q1SXg,125,spasmodic_dysphonia,clean_pool,89993d52868eba200c36077c5fd879fee2b0db34953efe4592718c4f960efd21,16000,1,2,48000,3.0,-23.6,0.1952,0.0,train
fc4oF-q1SXg_seg_126.wav,data/interim/segmented_clean_relaxed/spasmodic_dysphonia/fc4oF-q1SXg_seg_126.wav,fc4oF-q1SXg,126,spasmodic_dysphonia,clean_pool,297e902d11a2bd90712847bb51db74278c25d6689ae3f469c0bc74bbaf1bcb7e,16000,1,2,48000,3.0,-17.06,0.1756,0.0,train
fc4oF-q1SXg_seg_127.wav,data/interim/segmented_clean_relaxed/spasmodic_dysphonia/fc4oF-q1SXg_seg_127.wav,fc4oF-q1SXg,127,spasmodic_dysphonia,clean_pool,9dcc3c0a016d90afba9c3e27d4d9b9c8f1f5754f053c7c8ad194b511037d7930,16000,1,2,48000,3.0,-19.5,0.2448,0.0,train
fc4oF-q1SXg_seg_128.wav,data/interim/segmented_clean_relaxed/spasmodic_dysphonia/fc4oF-q1SXg_seg_128.wav,fc4oF-q1SXg,128,spasmodic_dysphonia,clean_pool,dc0ea97cba382ee17b97c09df9331e1fd284b8304ffecb0bbfc711275b86a6b8,16000,1,2,48000,3.0,-18.06,0.1751,2.1e-05,train
fc4oF-q1SXg_seg_129.wav,data/interim/segmented_clean_relaxed/spasmodic_dysphonia/fc4oF-q1SXg_seg_129.wav,fc4oF-q1SXg,129,spasmodic_dysphonia,clean_pool,abb259a6b01d36d929f9f69b68eb236dc7931a0e182dbb5adef1e63853449043,16000,1,2,48000,3.0,-22.91,0.4279,0.0,train
fc4oF-q1SXg_seg_130.wav,data/interim/segmented_clean_relaxed/spasmodic_dysphonia/fc4oF-q1SXg_seg_130.wav,fc4oF-q1SXg,130,spasmodic_dysphonia,clean_pool,4a516ed0a3805cb0d9cb9d89a909ae3d4daccc2500f107bb9711db3e4971d506,16000,1,2,48000,3.0,-18.02,0.1021,0.0,train
fc4oF-q1SXg_seg_131.wav,data/interim/segmented_clean_relaxed/spasmodic_dysphonia/fc4oF-q1SXg_seg_131.wav,fc4oF-q1SXg,131,spasmodic_dysphonia,clean_pool,8876824dbfcfc17e1a82bd321fd5209d97f815ab9a11296db5453aeea410a085,16000,1,2,48000,3.0,-16.06,0.2657,8.3e-05,train
fc4oF-q1SXg_seg_132.wav,data/interim/segmented_clean_relaxed/spasmodic_dysphonia/fc4oF-q1SXg_seg_132.wav,fc4oF-q1SXg,132,spasmodic_dysphonia,clean_pool,b104458940d7fee95b245bf987fa3ddc20188b0dcddd74ecda03349a06a65154,16000,1,2,48000,3.0,-17.0,0.1294,0.0,train
fc4oF-q1SXg_seg_133.wav,data/interim/segmented_clean_relaxed/spasmodic_dysphonia/fc4oF-q1SXg_seg_133.wav,fc4oF-q1SXg,133,spasmodic_dysphonia,clean_pool,51ed047aa6f8cfb923ce96e30a558993c9671482a65f209d57e1c6f6ff85e92e,16000,1,2,48000,3.0,-21.69,0.418,0.0,train
fc4oF-q1SXg_seg_134.wav,data/interim/segmented_clean_relaxed/spasmodic_dysphonia/fc4oF-q1SXg_seg_134.wav,fc4oF-q1SXg,134,spasmodic_dysphonia,clean_pool,dedcbf7844f922e86de715400d68df8fc2f564786ad43c8f2961a0c936f7d5eb,16000,1,2,48000,3.0,-19.22,0.1769,0.0,train
fc4oF-q1SXg_seg_135.wav,data/interim/segmented_clean_relaxed/spasmodic_dysphonia/fc4oF-q1SXg_seg_135.wav,fc4oF-q1SXg,135,spasmodic_dysphonia,clean_pool,aa20ed46ff5cf496431d5c4f107d48a62f0f150984b30ad340dfad9c7e4109d5,16000,1,2,48000,3.0,-20.04,0.2527,0.0,train
fc4oF-q1SXg_seg_136.wav,data/interim/segmented_clean_relaxed/spasmodic_dysphonia/fc4oF-q1SXg_seg_136.wav,fc4oF-q1SXg,136,spasmodic_dysphonia,clean_pool,382ce95eaabcaec813e2a292c2bf56dc6bc89fc9ccd4710fe64ecf51f02e1ef2,16000,1,2,48000,3.0,-18.61,0.1917,0.0,train
fc4oF-q1SXg_seg_137.wav,data/interim/segmented_clean_relaxed/spasmodic_dysphonia/fc4oF-q1SXg_seg_137.wav,fc4oF-q1SXg,137,spasmodic_dysphonia,clean_pool,dbef91501eeabddaf64e3e7c90ea454e45109bd989179e3f82c3c83138e6c4ce,16000,1,2,48000,3.0,-25.7,0.5258,0.0,train
fc4oF-q1SXg_seg_138.wav,data/interim/segmented_clean_relaxed/spasmodic_dysphonia/fc4oF-q1SXg_seg_138.wav,fc4oF-q1SXg,138,spasmodic_dysphonia,clean_pool,c7c46bec5a0b465bee852798c72c7788f3902c4552e2b8d740fcd1d341f5ffcc,16000,1,2,48000,3.0,-21.72,0.7465,0.0,train
fc4oF-q1SXg_seg_139.wav,data/interim/segmented_clean_relaxed/spasmodic_dysphonia/fc4oF-q1SXg_seg_139.wav,fc4oF-q1SXg,139,spasmodic_dysphonia,clean_pool,6d0bf39c6d905fb02967d0e8cdcd55cda6d03de90a932f8277ca4983da995c41,16000,1,2,48000,3.0,-17.17,0.3014,6.3e-05,train
fc4oF-q1SXg_seg_140.wav,data/interim/segmented_clean_relaxed/spasmodic_dysphonia/fc4oF-q1SXg_seg_140.wav,fc4oF-q1SXg,140,spasmodic_dysphonia,clean_pool,a723dc1dc2f206e2d73245bb7bdd13c5b4d926cdb02e49322a9569bcb3893326,16000,1,2,48000,3.0,-22.08,0.1651,0.0,train
fc4oF-q1SXg_seg_141.wav,data/interim/segmented_clean_relaxed/spasmodic_dysphonia/fc4oF-q1SXg_seg_141.wav,fc4oF-q1SXg,141,spasmodic_dysphonia,clean_pool,0589d6e8f51667f761d0c781afccb5a01dd3acd38ceea56ee383eef7c7fa5562,16000,1,2,48000,3.0,-26.34,0.4044,0.0,train
fc4oF-q1SXg_seg_142.wav,data/interim/segmented_clean_relaxed/spasmodic_dysphonia/fc4oF-q1SXg_seg_142.wav,fc4oF-q1SXg,142,spasmodic_dysphonia,clean_pool,3245b44b399b38de2ebd6c2e375674471f907e5106465f303a4a3ea35ea24f38,16000,1,2,48000,3.0,-21.55,0.2906,0.000313,train
fc4oF-q1SXg_seg_143.wav,data/interim/segmented_clean_relaxed/spasmodic_dysphonia/fc4oF-q1SXg_seg_143.wav,fc4oF-q1SXg,143,spasmodic_dysphonia,clean_pool,333c574271609b8b64dd40b5a0d180e0ca000ac50da3d828a0213132c053c4c8,16000,1,2,48000,3.0,-19.63,0.3565,0.000271,train
fc4oF-q1SXg_seg_144.wav,data/interim/segmented_clean_relaxed/spasmodic_dysphonia/fc4oF-q1SXg_seg_144.wav,fc4oF-q1SXg,144,spasmodic_dysphonia,clean_pool,3e2cd6743be1b5480af8a365702f6e9290f3a57fe4303bcdabbba765c21e2e9e,16000,1,2,48000,3.0,-16.47,0.1412,0.0,train
fc4oF-q1SXg_seg_145.wav,data/interim/segmented_clean_relaxed/spasmodic_dysphonia/fc4oF-q1SXg_seg_145.wav,fc4oF-q1SXg,145,spasmodic_dysphonia,clean_pool,b672da6fcee6169012983fe099a166f171dbac1fd85c4e08b8f23c48460c7021,16000,1,2,48000,3.0,-23.27,0.2608,0.0,train
fc4oF-q1SXg_seg_146.wav,data/interim/segmented_clean_relaxed/spasmodic_dysphonia/fc4oF-q1SXg_seg_146.wav,fc4oF-q1SXg,146,spasmodic_dysphonia,clean_pool,eaa52d51f1efe2aa57ad33c6a5984df1fe10cd98b73aab097606e4fae5f18654,16000,1,2,48000,3.0,-25.84,0.3584,0.0,train
fc4oF-q1SXg_seg_147.wav,data/interim/segmented_clean_relaxed/spasmodic_dysphonia/fc4oF-q1SXg_seg_147.wav,fc4oF-q1SXg,147,spasmodic_dysphonia,clean_pool,c0a2a887ee208623a229d99793a9f012b10f9d7d7511c511811eb188a310fc61,16000,1,2,48000,3.0,-25.3,0.3181,0.0,train
fc4oF-q1SXg_seg_148.wav,data/interim/segmented_clean_relaxed/spasmodic_dysphonia/fc4oF-q1SXg_seg_148.wav,fc4oF-q1SXg,148,spasmodic_dysphonia,clean_pool,a114eb156681821ad836559b3183c403a7a3a95f6baf230ea6a4e9bfb7313cc8,16000,1,2,48000,3.0,-22.66,0.1738,0.0,train
fc4oF-q1SXg_seg_149.wav,data/interim/segmented_clean_relaxed/spasmodic_dysphonia/fc4oF-q1SXg_seg_149.wav,fc4oF-q1SXg,149,spasmodic_dysphonia,clean_pool,ba896e5b3a29477c619fb2327ac3789f40580c5dde5b6a3147d15ac5c173cbf9,16000,1,2,48000,3.0,-20.41,0.2876,0.0,train
fc4oF-q1SXg_seg_150.wav,data/interim/segmented_clean_relaxed/spasmodic_dysphonia/fc4oF-q1SXg_seg_150.wav,fc4oF-q1SXg,150,spasmodic_dysphonia,clean_pool,5bb57f1e6250326daff52e7b55e47f50261cc8a23f52bb49d6456a392eb55e11,16000,1,2,48000,3.0,-21.12,0.2555,0.0,train
fc4oF-q1SXg_seg_151.wav,data/interim/segmented_clean_relaxed/spasmodic_dysphonia/fc4oF-q1SXg_seg_151.wav,fc4oF-q1SXg,151,spasmodic_dysphonia,clean_pool,9c6dc92fe7b6dadb275792eca4fcb3c498f1cfc7699a65c0939ff8398dcacd2d,16000,1,2,48000,3.0,-25.41,0.2391,0.0,train
fc4oF-q1SXg_seg_152.wav,data/interim/segmented_clean_relaxed/spasmodic_dysphonia/fc4oF-q1SXg_seg_152.wav,fc4oF-q1SXg,152,spasmodic_dysphonia,clean_pool,a8c0c780222df5638685b41a1c7694ed5daf571a61231bbb9e0ed66a6e29b079,16000,1,2,48000,3.0,-28.09,0.4161,0.0,train
fc4oF-q1SXg_seg_153.wav,data/interim/segmented_clean_relaxed/spasmodic_dysphonia/fc4oF-q1SXg_seg_153.wav,fc4oF-q1SXg,153,spasmodic_dysphonia,clean_pool,81233f315fd548bbba4245a34748266664c2d21bfcc82589c0bc26c36b0f7770,16000,1,2,48000,3.0,-21.65,0.2857,0.0,train
fc4oF-q1SXg_seg_154.wav,data/interim/segmented_clean_relaxed/spasmodic_dysphonia/fc4oF-q1SXg_seg_154.wav,fc4oF-q1SXg,154,spasmodic_dysphonia,clean_pool,783748d55c458d57aaaf7b5e64b629a8805258fcaf5f48ee80fe5d586c488c4e,16000,1,2,48000,3.0,-23.75,0.2093,0.0,train
fc4oF-q1SXg_seg_155.wav,data/interim/segmented_clean_relaxed/spasmodic_dysphonia/fc4oF-q1SXg_seg_155.wav,fc4oF-q1SXg,155,spasmodic_dysphonia,clean_pool,85f5e02f0c26d2ede9db41d3107acd59d708243da0917b7884046c5382602ea4,16000,1,2,48000,3.0,-24.93,0.2581,0.0,train
fc4oF-q1SXg_seg_156.wav,data/interim/segmented_clean_relaxed/spasmodic_dysphonia/fc4oF-q1SXg_seg_156.wav,fc4oF-q1SXg,156,spasmodic_dysphonia,clean_pool,d8b8d18b92d9689ac24d98b9909b6339831b96f70da654f7e5a00c7742cd02fa,16000,1,2,48000,3.0,-19.15,0.2514,0.0,train
fc4oF-q1SXg_seg_157.wav,data/interim/segmented_clean_relaxed/spasmodic_dysphonia/fc4oF-q1SXg_seg_157.wav,fc4oF-q1SXg,157,spasmodic_dysphonia,clean_pool,ae6e232968c30f2a2fef894934cc4cee32fdf31cd04d719d2068797a7bd245dc,16000,1,2,48000,3.0,-24.26,0.2523,0.0,train
fc4oF-q1SXg_seg_158.wav,data/interim/segmented_clean_relaxed/spasmodic_dysphonia/fc4oF-q1SXg_seg_158.wav,fc4oF-q1SXg,158,spasmodic_dysphonia,clean_pool,9b87582ff3f88e69335d0382c47f5d95010232aa29d1bac84e7d225b50a84dea,16000,1,2,48000,3.0,-23.93,0.3361,0.0,train
fc4oF-q1SXg_seg_159.wav,data/interim/segmented_clean_relaxed/spasmodic_dysphonia/fc4oF-q1SXg_seg_159.wav,fc4oF-q1SXg,159,spasmodic_dysphonia,clean_pool,882e0dff3585124895870f13f6ee26ef53395c9423c00142682160290db16d2b,16000,1,2,48000,3.0,-27.51,0.329,0.0,train
fc4oF-q1SXg_seg_160.wav,data/interim/segmented_clean_relaxed/spasmodic_dysphonia/fc4oF-q1SXg_seg_160.wav,fc4oF-q1SXg,160,spasmodic_dysphonia,clean_pool,d2e20cdf36999092551f434fa8f2430653b1d31bdc17c0ab74150c18356dfdc7,16000,1,2,48000,3.0,-21.9,0.3374,0.0,train
fc4oF-q1SXg_seg_161.wav,data/interim/segmented_clean_relaxed/spasmodic_dysphonia/fc4oF-q1SXg_seg_161.wav,fc4oF-q1SXg,161,spasmodic_dysphonia,clean_pool,d0c69b97bb0e1f0a9e5f60ecba89eda359e6ff9c5d01fb96a5e9dc3e0f2df05e,16000,1,2,48000,3.0,-25.58,0.3034,0.0,train
fc4oF-q1SXg_seg_162.wav,data/interim/segmented_clean_relaxed/spasmodic_dysphonia/fc4oF-q1SXg_seg_162.wav,fc4oF-q1SXg,162,spasmodic_dysphonia,clean_pool,6cd8eed6da70a62cedd5b97b2357527312e134ce5aec07834896ee2181862078,16000,1,2,48000,3.0,-22.93,0.2006,0.0,train
fc4oF-q1SXg_seg_163.wav,data/interim/segmented_clean_relaxed/spasmodic_dysphonia/fc4oF-q1SXg_seg_163.wav,fc4oF-q1SXg,163,spasmodic_dysphonia,clean_pool,b36346a6d1f8fb2f17b0c81878cce9d79b3497bc40b844876e12ceb6a7dbddf1,16000,1,2,48000,3.0,-23.11,0.4383,0.0,train
fc4oF-q1SXg_seg_164.wav,data/interim/segmented_clean_relaxed/spasmodic_dysphonia/fc4oF-q1SXg_seg_164.wav,fc4oF-q1SXg,164,spasmodic_dysphonia,clean_pool,78d53b6d2e45a9639c48149a6db8baa36b919497be17fcc474b25ed42d660c53,16000,1,2,48000,3.0,-22.46,0.3111,0.0,train
fc4oF-q1SXg_seg_165.wav,data/interim/segmented_clean_relaxed/spasmodic_dysphonia/fc4oF-q1SXg_seg_165.wav,fc4oF-q1SXg,165,spasmodic_dysphonia,clean_pool,a5973123305dfb976a79e56146cb09a3ca4fa06604081997f9f29ba11f082a66,16000,1,2,48000,3.0,-19.84,0.1469,0.0,train
fc4oF-q1SXg_seg_166.wav,data/interim/segmented_clean_relaxed/spasmodic_dysphonia/fc4oF-q1SXg_seg_166.wav,fc4oF-q1SXg,166,spasmodic_dysphonia,clean_pool,3a5fd8c6a33b644aa66cce2c365f2273746f46170d27fc391259cdef41b0a64e,16000,1,2,48000,3.0,-23.88,0.2158,0.0,train
fc4oF-q1SXg_seg_167.wav,data/interim/segmented_clean_relaxed/spasmodic_dysphonia/fc4oF-q1SXg_seg_167.wav,fc4oF-q1SXg,167,spasmodic_dysphonia,clean_pool,d08c7fc9d07465c811865bba7e165ecfb0bc1777b40c2360c62ca5c87742cee9,16000,1,2,48000,3.0,-17.91,0.3261,6.3e-05,train
fc4oF-q1SXg_seg_168.wav,data/interim/segmented_clean_relaxed/spasmodic_dysphonia/fc4oF-q1SXg_seg_168.wav,fc4oF-q1SXg,168,spasmodic_dysphonia,clean_pool,771583091732bd46d22a190cb17683ede53206fe63632538872a0513041662a8,16000,1,2,48000,3.0,-20.28,0.4164,0.0,train
fc4oF-q1SXg_seg_169.wav,data/interim/segmented_clean_relaxed/spasmodic_dysphonia/fc4oF-q1SXg_seg_169.wav,fc4oF-q1SXg,169,spasmodic_dysphonia,clean_pool,aa1fc772eca77e78ccf12ae2d39311599525561b7d072dea3caf663e8ccd6f75,16000,1,2,48000,3.0,-20.51,0.5839,0.0,train
fc4oF-q1SXg_seg_170.wav,data/interim/segmented_clean_relaxed/spasmodic_dysphonia/fc4oF-q1SXg_seg_170.wav,fc4oF-q1SXg,170,spasmodic_dysphonia,clean_pool,1d69203d1ebc37020fa4ddcec4dffeedc5a25838c33a794b042dfb80511928dd,16000,1,2,48000,3.0,-26.87,0.3965,0.0,train
fc4oF-q1SXg_seg_171.wav,data/interim/segmented_clean_relaxed/spasmodic_dysphonia/fc4oF-q1SXg_seg_171.wav,fc4oF-q1SXg,171,spasmodic_dysphonia,clean_pool,3b0a5e6fcf7fe2e79935c9347c7da9a35d85c472760869d19c45c36603dd118a,16000,1,2,48000,3.0,-25.57,0.2375,0.0,train
fc4oF-q1SXg_seg_172.wav,data/interim/segmented_clean_relaxed/spasmodic_dysphonia/fc4oF-q1SXg_seg_172.wav,fc4oF-q1SXg,172,spasmodic_dysphonia,clean_pool,a2708cc0cb71d7ddc6f61105c9bd302b80a976c3209482c4f6018c2795a1742d,16000,1,2,48000,3.0,-23.25,0.3204,0.0,train
fc4oF-q1SXg_seg_173.wav,data/interim/segmented_clean_relaxed/spasmodic_dysphonia/fc4oF-q1SXg_seg_173.wav,fc4oF-q1SXg,173,spasmodic_dysphonia,clean_pool,280784f201f180fb30f154ee0f99ee329e6c9edb5f945b0f30108658ca2f1142,16000,1,2,48000,3.0,-17.77,0.1,0.0,train
fc4oF-q1SXg_seg_174.wav,data/interim/segmented_clean_relaxed/spasmodic_dysphonia/fc4oF-q1SXg_seg_174.wav,fc4oF-q1SXg,174,spasmodic_dysphonia,clean_pool,f8eb0a5702f1ceb834a09241bbbcbdb3d7832ffb935b3ac48ac3f20f609c790b,16000,1,2,48000,3.0,-22.1,0.2333,0.0,train
fc4oF-q1SXg_seg_175.wav,data/interim/segmented_clean_relaxed/spasmodic_dysphonia/fc4oF-q1SXg_seg_175.wav,fc4oF-q1SXg,175,spasmodic_dysphonia,clean_pool,50868e0155d9d645d73d45d7db6ba8d02af6319a1eae7807f5ca36bf5b14b31e,16000,1,2,48000,3.0,-18.01,0.4044,0.0,train
fc4oF-q1SXg_seg_176.wav,data/interim/segmented_clean_relaxed/spasmodic_dysphonia/fc4oF-q1SXg_seg_176.wav,fc4oF-q1SXg,176,spasmodic_dysphonia,clean_pool,9a68a1426b43eec7c96bea829335179ff02e7f7ce287694cb17c72c54927e5a4,16000,1,2,48000,3.0,-22.14,0.2879,0.0,train
fc4oF-q1SXg_seg_177.wav,data/interim/segmented_clean_relaxed/spasmodic_dysphonia/fc4oF-q1SXg_seg_177.wav,fc4oF-q1SXg,177,spasmodic_dysphonia,clean_pool,30b842d83b077074152aded9b16917851094add82a9689104a139bd7489e2913,16000,1,2,48000,3.0,-29.21,0.5356,0.0,train
fc4oF-q1SXg_seg_178.wav,data/interim/segmented_clean_relaxed/spasmodic_dysphonia/fc4oF-q1SXg_seg_178.wav,fc4oF-q1SXg,178,spasmodic_dysphonia,clean_pool,4551c696fb86d63aa263ae42f0e8cde1fff654bfc48231a35456b80bb182aa62,16000,1,2,48000,3.0,-19.21,0.3064,0.0,train
fc4oF-q1SXg_seg_179.wav,data/interim/segmented_clean_relaxed/spasmodic_dysphonia/fc4oF-q1SXg_seg_179.wav,fc4oF-q1SXg,179,spasmodic_dysphonia,clean_pool,cfda37d6099856ab826b090ba1622561984688a2e99b54b770ad0f30a287da6b,16000,1,2,48000,3.0,-25.88,0.3853,0.0,train
fc4oF-q1SXg_seg_180.wav,data/interim/segmented_clean_relaxed/spasmodic_dysphonia/fc4oF-q1SXg_seg_180.wav,fc4oF-q1SXg,180,spasmodic_dysphonia,clean_pool,872889c32a7b18de43ab448ea0961c012de4dec6aab4bce6a6aa84e83b7bdebb,16000,1,2,48000,3.0,-22.76,0.2876,0.0,train
fc4oF-q1SXg_seg_181.wav,data/interim/segmented_clean_relaxed/spasmodic_dysphonia/fc4oF-q1SXg_seg_181.wav,fc4oF-q1SXg,181,spasmodic_dysphonia,clean_pool,df8875d1d4b89529125cf77eb180ffe42d8c8f977ae60ed67774c7f1556bd0d2,16000,1,2,48000,3.0,-23.21,0.3527,0.0,train
fc4oF-q1SXg_seg_182.wav,data/interim/segmented_clean_relaxed/spasmodic_dysphonia/fc4oF-q1SXg_seg_182.wav,fc4oF-q1SXg,182,spasmodic_dysphonia,clean_pool,91ef3861bcc01ade4706019af12d7a1a908882943461327fe5f1e662dda6cac9,16000,1,2,48000,3.0,-24.2,0.36,0.0,train
fc4oF-q1SXg_seg_183.wav,data/interim/segmented_clean_relaxed/spasmodic_dysphonia/fc4oF-q1SXg_seg_183.wav,fc4oF-q1SXg,183,spasmodic_dysphonia,clean_pool,220826c15b155de1432eeab912aabbef4de0eea65a757d08d637675e3dfafd96,16000,1,2,48000,3.0,-25.27,0.2833,0.0,train
fc4oF-q1SXg_seg_184.wav,data/interim/segmented_clean_relaxed/spasmodic_dysphonia/fc4oF-q1SXg_seg_184.wav,fc4oF-q1SXg,184,spasmodic_dysphonia,clean_pool,37aec23940ae80f75ce5c60cff385a1833253317106f989146b68cb366c65ffa,16000,1,2,48000,3.0,-18.03,0.2978,0.0,train
fc4oF-q1SXg_seg_185.wav,data/interim/segmented_clean_relaxed/spasmodic_dysphonia/fc4oF-q1SXg_seg_185.wav,fc4oF-q1SXg,185,spasmodic_dysphonia,clean_pool,1cc3160f6ff1c2cb40f09bf8c657ddae062561297020bdac24a3cac5d93151e1,16000,1,2,48000,3.0,-25.41,0.4139,0.0,train
fc4oF-q1SXg_seg_186.wav,data/interim/segmented_clean_relaxed/spasmodic_dysphonia/fc4oF-q1SXg_seg_186.wav,fc4oF-q1SXg,186,spasmodic_dysphonia,clean_pool,a2b96b82b656582b8b6b222b7eadfbb45c93bd6837155ce334f6150dc4b0c62a,16000,1,2,48000,3.0,-21.96,0.1386,0.0,train
fc4oF-q1SXg_seg_187.wav,data/interim/segmented_clean_relaxed/spasmodic_dysphonia/fc4oF-q1SXg_seg_187.wav,fc4oF-q1SXg,187,spasmodic_dysphonia,clean_pool,9e833cb3911a58cdb6f67fc83825c53860641a936ac72cb69daa6b30d6f004b7,16000,1,2,48000,3.0,-23.4,0.443,0.0,train
fc4oF-q1SXg_seg_188.wav,data/interim/segmented_clean_relaxed/spasmodic_dysphonia/fc4oF-q1SXg_seg_188.wav,fc4oF-q1SXg,188,spasmodic_dysphonia,clean_pool,d09f2eaead630d519937138fd3931c8ae62856a3b9e1247079a6d26fb24caacd,16000,1,2,48000,3.0,-23.16,0.2995,0.0,train
fc4oF-q1SXg_seg_189.wav,data/interim/segmented_clean_relaxed/spasmodic_dysphonia/fc4oF-q1SXg_seg_189.wav,fc4oF-q1SXg,189,spasmodic_dysphonia,clean_pool,736dc2a9f364aec4d9c4332383ca02e40be619bd8337e8d7d14d244169d365a2,16000,1,2,48000,3.0,-22.67,0.3853,0.0,train
fc4oF-q1SXg_seg_190.wav,data/interim/segmented_clean_relaxed/spasmodic_dysphonia/fc4oF-q1SXg_seg_190.wav,fc4oF-q1SXg,190,spasmodic_dysphonia,clean_pool,032b09b0b1530d0916247f6560cf1480a11a689b5304080bfdc4663a51efa37a,16000,1,2,48000,3.0,-23.62,0.3663,0.0,train
fc4oF-q1SXg_seg_191.wav,data/interim/segmented_clean_relaxed/spasmodic_dysphonia/fc4oF-q1SXg_seg_191.wav,fc4oF-q1SXg,191,spasmodic_dysphonia,clean_pool,6f22c4cdb6df01a019de4545fd3bcee8a74c0f14c7049f3b06b92ac056884706,16000,1,2,48000,3.0,-21.56,0.1597,0.0,train
fc4oF-q1SXg_seg_192.wav,data/interim/segmented_clean_relaxed/spasmodic_dysphonia/fc4oF-q1SXg_seg_192.wav,fc4oF-q1SXg,192,spasmodic_dysphonia,clean_pool,313e251525314da0f3254b8293230e5d36e991ac7aaf8c16960c0b2e337d88ee,16000,1,2,48000,3.0,-24.57,0.2236,0.0,train
fc4oF-q1SXg_seg_193.wav,data/interim/segmented_clean_relaxed/spasmodic_dysphonia/fc4oF-q1SXg_seg_193.wav,fc4oF-q1SXg,193,spasmodic_dysphonia,clean_pool,3e29ccdfe44469d60bc6926fa83b3bd7336ae6bc93d49b9469e0cf91469ea380,16000,1,2,48000,3.0,-25.9,0.4776,0.0,train
fc4oF-q1SXg_seg_194.wav,data/interim/segmented_clean_relaxed/spasmodic_dysphonia/fc4oF-q1SXg_seg_194.wav,fc4oF-q1SXg,194,spasmodic_dysphonia,clean_pool,12fa8496ecdbd840d67f7a2c0e1cce9f6f83e739f7e326e4fe3ce3138cb2b0ad,16000,1,2,48000,3.0,-23.15,0.2246,0.0,train
fc4oF-q1SXg_seg_195.wav,data/interim/segmented_clean_relaxed/spasmodic_dysphonia/fc4oF-q1SXg_seg_195.wav,fc4oF-q1SXg,195,spasmodic_dysphonia,clean_pool,184098562a40b9fe26f57a5851dfc8c3db0fcbf30f3c1146a47d61fb78640d13,16000,1,2,48000,3.0,-26.93,0.3612,0.0,train
fc4oF-q1SXg_seg_196.wav,data/interim/segmented_clean_relaxed/spasmodic_dysphonia/fc4oF-q1SXg_seg_196.wav,fc4oF-q1SXg,196,spasmodic_dysphonia,clean_pool,d9dc40abe4abf45d3221b49a74d8fd6aa7bc3860b6f6d7965311d1f7da3dca32,16000,1,2,48000,3.0,-19.68,0.3542,0.0,train
fc4oF-q1SXg_seg_197.wav,data/interim/segmented_clean_relaxed/spasmodic_dysphonia/fc4oF-q1SXg_seg_197.wav,fc4oF-q1SXg,197,spasmodic_dysphonia,clean_pool,4ff57d801c41ac488b946a948e8d76a6fcb96a843640d87195396d8565abedbf,16000,1,2,48000,3.0,-22.33,0.2404,0.0,train
fc4oF-q1SXg_seg_198.wav,data/interim/segmented_clean_relaxed/spasmodic_dysphonia/fc4oF-q1SXg_seg_198.wav,fc4oF-q1SXg,198,spasmodic_dysphonia,clean_pool,e388c7ac7b7f4c542cc1a302128cf65bb0d7fc14735e64de0149f3cf9f4f19e1,16000,1,2,48000,3.0,-27.12,0.514,0.0,train
fc4oF-q1SXg_seg_199.wav,data/interim/segmented_clean_relaxed/spasmodic_dysphonia/fc4oF-q1SXg_seg_199.wav,fc4oF-q1SXg,199,spasmodic_dysphonia,clean_pool,b958441000ddf48d2f0a1c0fe84623f67cb2836f156dd6035f6e886c80b77c9b,16000,1,2,48000,3.0,-18.51,0.1591,0.0,train
fc4oF-q1SXg_seg_200.wav,data/interim/segmented_clean_relaxed/spasmodic_dysphonia/fc4oF-q1SXg_seg_200.wav,fc4oF-q1SXg,200,spasmodic_dysphonia,clean_pool,ff8b738533938d0b5ae8c29f026283d67715b62a34f264e589074d90a0d345b1,16000,1,2,48000,3.0,-23.73,0.4102,0.0,train
fc4oF-q1SXg_seg_201.wav,data/interim/segmented_clean_relaxed/spasmodic_dysphonia/fc4oF-q1SXg_seg_201.wav,fc4oF-q1SXg,201,spasmodic_dysphonia,clean_pool,29d747f103c7c241ef5e1953cf0dee555f7895bf93673addf8db356cc5581830,16000,1,2,48000,3.0,-24.11,0.2355,0.0,train
fc4oF-q1SXg_seg_202.wav,data/interim/segmented_clean_relaxed/spasmodic_dysphonia/fc4oF-q1SXg_seg_202.wav,fc4oF-q1SXg,202,spasmodic_dysphonia,clean_pool,632853f1ef8f37a9ddfc74853ee43a21f3a17d29598aa0b6dfc9ac659b8b905b,16000,1,2,48000,3.0,-21.76,0.4276,0.0,train
fc4oF-q1SXg_seg_203.wav,data/interim/segmented_clean_relaxed/spasmodic_dysphonia/fc4oF-q1SXg_seg_203.wav,fc4oF-q1SXg,203,spasmodic_dysphonia,clean_pool,374992e0d577fe70eb66d83475c3c731d6abe48ecb3db2f4b7257c2bfd356ae1,16000,1,2,48000,3.0,-23.32,0.3472,0.0,train
fc4oF-q1SXg_seg_204.wav,data/interim/segmented_clean_relaxed/spasmodic_dysphonia/fc4oF-q1SXg_seg_204.wav,fc4oF-q1SXg,204,spasmodic_dysphonia,clean_pool,88773461c17d79e3f3b2ea73b0b57e556bc5a0d8425690c31b53bbb37d9dc7ca,16000,1,2,48000,3.0,-25.78,0.2578,0.0,train
fc4oF-q1SXg_seg_205.wav,data/interim/segmented_clean_relaxed/spasmodic_dysphonia/fc4oF-q1SXg_seg_205.wav,fc4oF-q1SXg,205,spasmodic_dysphonia,clean_pool,5a43e2bf8daf785eafda71419aab0c6cb3f15a14589fa8d588431d78c318c1b3,16000,1,2,48000,3.0,-28.23,0.434,0.0,train
fc4oF-q1SXg_seg_206.wav,data/interim/segmented_clean_relaxed/spasmodic_dysphonia/fc4oF-q1SXg_seg_206.wav,fc4oF-q1SXg,206,spasmodic_dysphonia,clean_pool,b582d9d86d4b09d1a7953eb817aabb86bd5acf35093ea4341f251dff63106baa,16000,1,2,48000,3.0,-26.91,0.4231,0.0,train
fc4oF-q1SXg_seg_207.wav,data/interim/segmented_clean_relaxed/spasmodic_dysphonia/fc4oF-q1SXg_seg_207.wav,fc4oF-q1SXg,207,spasmodic_dysphonia,clean_pool,e1fb07aa2d61f9d36447a5342df46df23440626a41b739d0236ac4b8975e0f09,16000,1,2,48000,3.0,-20.41,0.2804,0.0,train
fc4oF-q1SXg_seg_208.wav,data/interim/segmented_clean_relaxed/spasmodic_dysphonia/fc4oF-q1SXg_seg_208.wav,fc4oF-q1SXg,208,spasmodic_dysphonia,clean_pool,1baa97ee5af03ed1590aa009c3e6a35ecebad09d6ae6ec95fab1aa2485e57454,16000,1,2,48000,3.0,-25.82,0.5351,0.0,train
fc4oF-q1SXg_seg_209.wav,data/interim/segmented_clean_relaxed/spasmodic_dysphonia/fc4oF-q1SXg_seg_209.wav,fc4oF-q1SXg,209,spasmodic_dysphonia,clean_pool,313d7e34f15093bf311929c197897ee050c9faa747a66d53b341887b8b798a70,16000,1,2,48000,3.0,-19.38,0.1191,0.0,train
fc4oF-q1SXg_seg_210.wav,data/interim/segmented_clean_relaxed/spasmodic_dysphonia/fc4oF-q1SXg_seg_210.wav,fc4oF-q1SXg,210,spasmodic_dysphonia,clean_pool,6dfb8cbc51baa3261af359e97e4e201e1de68c815a57c175d4a9df96cc92d1c8,16000,1,2,48000,3.0,-23.18,0.3164,0.0,train
fc4oF-q1SXg_seg_211.wav,data/interim/segmented_clean_relaxed/spasmodic_dysphonia/fc4oF-q1SXg_seg_211.wav,fc4oF-q1SXg,211,spasmodic_dysphonia,clean_pool,1f1d12ade88b47a57f164a592ecd32dea7c8fe6c39ddf2ad57513b3693af740d,16000,1,2,48000,3.0,-22.65,0.1876,0.0,train
fc4oF-q1SXg_seg_212.wav,data/interim/segmented_clean_relaxed/spasmodic_dysphonia/fc4oF-q1SXg_seg_212.wav,fc4oF-q1SXg,212,spasmodic_dysphonia,clean_pool,149100b56c96d31533d04750fc59622d12ff84dce505cce59919940625e393ed,16000,1,2,48000,3.0,-23.08,0.3273,0.0,train
fc4oF-q1SXg_seg_213.wav,data/interim/segmented_clean_relaxed/spasmodic_dysphonia/fc4oF-q1SXg_seg_213.wav,fc4oF-q1SXg,213,spasmodic_dysphonia,clean_pool,fd82d3bc539da1177981f472359361463c256c1168ab586769a87c5c755370e0,16000,1,2,48000,3.0,-24.41,0.3092,0.0,train
fc4oF-q1SXg_seg_214.wav,data/interim/segmented_clean_relaxed/spasmodic_dysphonia/fc4oF-q1SXg_seg_214.wav,fc4oF-q1SXg,214,spasmodic_dysphonia,clean_pool,e673bfe8c10a8f72e7602582d9eb2d899c0853e2a91b9a95d431d42684381346,16000,1,2,48000,3.0,-26.87,0.3679,0.0,train
fc4oF-q1SXg_seg_215.wav,data/interim/segmented_clean_relaxed/spasmodic_dysphonia/fc4oF-q1SXg_seg_215.wav,fc4oF-q1SXg,215,spasmodic_dysphonia,clean_pool,de4985eec6b0c0218eae945ba07bb22edf6a3e3d48c91825cca2704d24b10b4c,16000,1,2,48000,3.0,-27.87,0.4372,0.0,train
fc4oF-q1SXg_seg_216.wav,data/interim/segmented_clean_relaxed/spasmodic_dysphonia/fc4oF-q1SXg_seg_216.wav,fc4oF-q1SXg,216,spasmodic_dysphonia,clean_pool,95946673171e6b502564f8abcc81539b1d215eb541204fed32e02b935a82a771,16000,1,2,48000,3.0,-23.3,0.2929,0.0,train
fc4oF-q1SXg_seg_217.wav,data/interim/segmented_clean_relaxed/spasmodic_dysphonia/fc4oF-q1SXg_seg_217.wav,fc4oF-q1SXg,217,spasmodic_dysphonia,clean_pool,0245afde7648403559bed41ee917e1226c0971f6500de2d1dae3a021265207a0,16000,1,2,48000,3.0,-20.62,0.3915,0.0,train
fc4oF-q1SXg_seg_218.wav,data/interim/segmented_clean_relaxed/spasmodic_dysphonia/fc4oF-q1SXg_seg_218.wav,fc4oF-q1SXg,218,spasmodic_dysphonia,clean_pool,4caf4f2dbb51fa5b713f42f33a8dd6c3388b6e393c2193669d91070100f9a3c8,16000,1,2,48000,3.0,-24.89,0.3156,0.0,train
fc4oF-q1SXg_seg_219.wav,data/interim/segmented_clean_relaxed/spasmodic_dysphonia/fc4oF-q1SXg_seg_219.wav,fc4oF-q1SXg,219,spasmodic_dysphonia,clean_pool,6abe2baf088bdf8725f4319880520578ea81c1a1daad620e37f0d0d0935d2bcf,16000,1,2,48000,3.0,-25.74,0.253,0.0,train
fc4oF-q1SXg_seg_220.wav,data/interim/segmented_clean_relaxed/spasmodic_dysphonia/fc4oF-q1SXg_seg_220.wav,fc4oF-q1SXg,220,spasmodic_dysphonia,clean_pool,3b4922957e2bdb872b36648334ecdb016229157ae0c3c11c81e003f3a8298e10,16000,1,2,48000,3.0,-25.13,0.6106,0.0,train
fc4oF-q1SXg_seg_221.wav,data/interim/segmented_clean_relaxed/spasmodic_dysphonia/fc4oF-q1SXg_seg_221.wav,fc4oF-q1SXg,221,spasmodic_dysphonia,clean_pool,19fca024ba2d6f8b36dbe947afd05594b094ebd8fbf929ab5d0ef6ad840a20be,16000,1,2,48000,3.0,-21.04,0.2435,0.0,train
fc4oF-q1SXg_seg_222.wav,data/interim/segmented_clean_relaxed/spasmodic_dysphonia/fc4oF-q1SXg_seg_222.wav,fc4oF-q1SXg,222,spasmodic_dysphonia,clean_pool,76999858bfe9c8b63b9171d6d9cb732be55aea7c417fcfa016b4133943871911,16000,1,2,48000,3.0,-27.11,0.3299,0.0,train
fc4oF-q1SXg_seg_223.wav,data/interim/segmented_clean_relaxed/spasmodic_dysphonia/fc4oF-q1SXg_seg_223.wav,fc4oF-q1SXg,223,spasmodic_dysphonia,clean_pool,6b5ef0fa7d1a38fbb0d0b0f0be8daff19a57ff04f2dea12a3bec9bbe6f3b1e82,16000,1,2,48000,3.0,-30.36,0.5898,0.0,train
fc4oF-q1SXg_seg_224.wav,data/interim/segmented_clean_relaxed/spasmodic_dysphonia/fc4oF-q1SXg_seg_224.wav,fc4oF-q1SXg,224,spasmodic_dysphonia,clean_pool,06eaaa5d03f16d260b67c793edb49709cc0be424bf7f584b9d29fff08c38eddb,16000,1,2,48000,3.0,-22.55,0.1988,0.0,train
fc4oF-q1SXg_seg_225.wav,data/interim/segmented_clean_relaxed/spasmodic_dysphonia/fc4oF-q1SXg_seg_225.wav,fc4oF-q1SXg,225,spasmodic_dysphonia,clean_pool,2a8d56458478c223ce00fc9d3322a7f4d874d32529bb65c4ae0365a2e1a0672d,16000,1,2,48000,3.0,-16.61,0.283,0.0,train
fc4oF-q1SXg_seg_226.wav,data/interim/segmented_clean_relaxed/spasmodic_dysphonia/fc4oF-q1SXg_seg_226.wav,fc4oF-q1SXg,226,spasmodic_dysphonia,clean_pool,de3aecc402bd1191dcbed32c48785a12cf87b41b755a12d10a69423ad736006c,16000,1,2,48000,3.0,-21.29,0.1711,0.0,train
fc4oF-q1SXg_seg_227.wav,data/interim/segmented_clean_relaxed/spasmodic_dysphonia/fc4oF-q1SXg_seg_227.wav,fc4oF-q1SXg,227,spasmodic_dysphonia,clean_pool,8cf0e93148f69a1a86551c6d84c71c50506c7ba4401d620f4af192e4533e2162,16000,1,2,48000,3.0,-24.01,0.2042,0.0,train
fc4oF-q1SXg_seg_228.wav,data/interim/segmented_clean_relaxed/spasmodic_dysphonia/fc4oF-q1SXg_seg_228.wav,fc4oF-q1SXg,228,spasmodic_dysphonia,clean_pool,9724c4efd9b15bbb59b084ba48485e159f9c1c1e604bb49af002183ea63893fb,16000,1,2,48000,3.0,-28.73,0.4837,0.0,train
fc4oF-q1SXg_seg_229.wav,data/interim/segmented_clean_relaxed/spasmodic_dysphonia/fc4oF-q1SXg_seg_229.wav,fc4oF-q1SXg,229,spasmodic_dysphonia,clean_pool,e31f85b4ba8590958978b219e58a52b1660373924dde5c5c1f064235eb08024f,16000,1,2,48000,3.0,-24.84,0.2013,0.0,train
fc4oF-q1SXg_seg_230.wav,data/interim/segmented_clean_relaxed/spasmodic_dysphonia/fc4oF-q1SXg_seg_230.wav,fc4oF-q1SXg,230,spasmodic_dysphonia,clean_pool,f0b65be9ae97bb35f7278c73c7c063b2b113ebbf18ad38455d6d32fe199f2b0d,16000,1,2,48000,3.0,-29.08,0.4546,0.0,train
fc4oF-q1SXg_seg_231.wav,data/interim/segmented_clean_relaxed/spasmodic_dysphonia/fc4oF-q1SXg_seg_231.wav,fc4oF-q1SXg,231,spasmodic_dysphonia,clean_pool,2e2f1f11b256e135835ee0332510eeb2bc9a3c5ceae5afd390f0677325f1a057,16000,1,2,48000,3.0,-24.2,0.2535,0.0,train
fc4oF-q1SXg_seg_232.wav,data/interim/segmented_clean_relaxed/spasmodic_dysphonia/fc4oF-q1SXg_seg_232.wav,fc4oF-q1SXg,232,spasmodic_dysphonia,clean_pool,17eca290a48ad9c63c8ebccc065073531ca7cd14158ec1579a21295aff782232,16000,1,2,48000,3.0,-24.98,0.3641,0.0,train
fc4oF-q1SXg_seg_233.wav,data/interim/segmented_clean_relaxed/spasmodic_dysphonia/fc4oF-q1SXg_seg_233.wav,fc4oF-q1SXg,233,spasmodic_dysphonia,clean_pool,fe62d1378f875b21a11ea895d754e6e95fb0eac3af3d04ba25d59c1b588e57ef,16000,1,2,48000,3.0,-29.4,0.5606,0.0,train
fc4oF-q1SXg_seg_234.wav,data/interim/segmented_clean_relaxed/spasmodic_dysphonia/fc4oF-q1SXg_seg_234.wav,fc4oF-q1SXg,234,spasmodic_dysphonia,clean_pool,1014b0c595c96ffc56ab66ebf259f9693246e1e46f1daf2cb5873a9ebb6a233b,16000,1,2,48000,3.0,-21.1,0.3763,0.0,train
fc4oF-q1SXg_seg_235.wav,data/interim/segmented_clean_relaxed/spasmodic_dysphonia/fc4oF-q1SXg_seg_235.wav,fc4oF-q1SXg,235,spasmodic_dysphonia,clean_pool,9cf0d7b0a887be0804f9565b05e5dd7af1e01dada1d834b1d40a4585ca39ee9f,16000,1,2,48000,3.0,-21.26,0.2061,0.0,train
fc4oF-q1SXg_seg_236.wav,data/interim/segmented_clean_relaxed/spasmodic_dysphonia/fc4oF-q1SXg_seg_236.wav,fc4oF-q1SXg,236,spasmodic_dysphonia,clean_pool,b745856c6290be2431a65e6c7ed0c2baa51f95a684f5c7410d139d3de3939b91,16000,1,2,48000,3.0,-23.05,0.3166,0.0,train
fc4oF-q1SXg_seg_237.wav,data/interim/segmented_clean_relaxed/spasmodic_dysphonia/fc4oF-q1SXg_seg_237.wav,fc4oF-q1SXg,237,spasmodic_dysphonia,clean_pool,67b300837e0adfc5ea564d8da91c4d0d346280714b7717e87544806e50032b5f,16000,1,2,48000,3.0,-25.1,0.2747,0.0,train
fc4oF-q1SXg_seg_238.wav,data/interim/segmented_clean_relaxed/spasmodic_dysphonia/fc4oF-q1SXg_seg_238.wav,fc4oF-q1SXg,238,spasmodic_dysphonia,clean_pool,1f1115dc36be93ca4d4c116556eefd5a12478d84520791d68aaa306ab43b184a,16000,1,2,48000,3.0,-30.73,0.5783,0.0,train
fc4oF-q1SXg_seg_239.wav,data/interim/segmented_clean_relaxed/spasmodic_dysphonia/fc4oF-q1SXg_seg_239.wav,fc4oF-q1SXg,239,spasmodic_dysphonia,clean_pool,642b227763c10d47b3d96eae22cb0afa842dcede75e981c599a7d284e8f7ab19,16000,1,2,48000,3.0,-21.36,0.2881,0.0,train
fc4oF-q1SXg_seg_240.wav,data/interim/segmented_clean_relaxed/spasmodic_dysphonia/fc4oF-q1SXg_seg_240.wav,fc4oF-q1SXg,240,spasmodic_dysphonia,clean_pool,4c8472d6e798099aa7952f27dc97d0812fd98e6af3e0d2552a47c43a33dd89e5,16000,1,2,48000,3.0,-23.89,0.1707,0.0,train
fc4oF-q1SXg_seg_241.wav,data/interim/segmented_clean_relaxed/spasmodic_dysphonia/fc4oF-q1SXg_seg_241.wav,fc4oF-q1SXg,241,spasmodic_dysphonia,clean_pool,74270206e890f194fb6efbe42cd36fc8bf409df79a909ac1b3b6389791b88395,16000,1,2,48000,3.0,-20.89,0.2985,0.0,train
fc4oF-q1SXg_seg_242.wav,data/interim/segmented_clean_relaxed/spasmodic_dysphonia/fc4oF-q1SXg_seg_242.wav,fc4oF-q1SXg,242,spasmodic_dysphonia,clean_pool,47d596e676831ff183c076d81902178f6af63a43ac7a3bd4ac7f78914e8bd08f,16000,1,2,48000,3.0,-24.67,0.2327,0.0,train
fc4oF-q1SXg_seg_243.wav,data/interim/segmented_clean_relaxed/spasmodic_dysphonia/fc4oF-q1SXg_seg_243.wav,fc4oF-q1SXg,243,spasmodic_dysphonia,clean_pool,6e28bbfbffefeaeb5de97d3c58e5b1a381484a6b82e528bf44791be66b7d9166,16000,1,2,48000,3.0,-25.69,0.2903,0.0,train
fc4oF-q1SXg_seg_244.wav,data/interim/segmented_clean_relaxed/spasmodic_dysphonia/fc4oF-q1SXg_seg_244.wav,fc4oF-q1SXg,244,spasmodic_dysphonia,clean_pool,75067290030e3a73bcf472ac706651d0c98ceffb636bcd1d5882feb0af30cbbd,16000,1,2,48000,3.0,-26.64,0.424,0.0,train
fc4oF-q1SXg_seg_245.wav,data/interim/segmented_clean_relaxed/spasmodic_dysphonia/fc4oF-q1SXg_seg_245.wav,fc4oF-q1SXg,245,spasmodic_dysphonia,clean_pool,a9af58b3f29a92aec3917b2f9c00ff24fd3c20cd262cd51ad65fb7634dde5268,16000,1,2,48000,3.0,-20.48,0.3182,0.0,train
fc4oF-q1SXg_seg_246.wav,data/interim/segmented_clean_relaxed/spasmodic_dysphonia/fc4oF-q1SXg_seg_246.wav,fc4oF-q1SXg,246,spasmodic_dysphonia,clean_pool,b21a66ff1ebf6c3732a1ef8d6bbe642a115d6fe1b999f6b9a9b2128c4cac547e,16000,1,2,48000,3.0,-23.9,0.3333,0.0,train
fc4oF-q1SXg_seg_247.wav,data/interim/segmented_clean_relaxed/spasmodic_dysphonia/fc4oF-q1SXg_seg_247.wav,fc4oF-q1SXg,247,spasmodic_dysphonia,clean_pool,700d1f8b1c300482939fefdb329c851f4329c442d405b7ccff77620a8c2e0ded,16000,1,2,48000,3.0,-22.18,0.4595,0.0,train
fc4oF-q1SXg_seg_248.wav,data/interim/segmented_clean_relaxed/spasmodic_dysphonia/fc4oF-q1SXg_seg_248.wav,fc4oF-q1SXg,248,spasmodic_dysphonia,clean_pool,ba73eab209a32132378903a8d5748138cea2ae902a03feabb889794540f6c9a4,16000,1,2,48000,3.0,-26.63,0.4417,0.0,train
fc4oF-q1SXg_seg_249.wav,data/interim/segmented_clean_relaxed/spasmodic_dysphonia/fc4oF-q1SXg_seg_249.wav,fc4oF-q1SXg,249,spasmodic_dysphonia,clean_pool,915cf08f12844edcba04c927dc33f6719f61ee86d1d05d977f6c3426d21eef57,16000,1,2,48000,3.0,-24.16,0.23,0.0,train
fc4oF-q1SXg_seg_250.wav,data/interim/segmented_clean_relaxed/spasmodic_dysphonia/fc4oF-q1SXg_seg_250.wav,fc4oF-q1SXg,250,spasmodic_dysphonia,clean_pool,f10c931eda0c008cfc0ab9dbbcc97f5d77f69ecbe877b93a6a41a26762ea549c,16000,1,2,48000,3.0,-23.97,0.2565,0.0,train
fc4oF-q1SXg_seg_251.wav,data/interim/segmented_clean_relaxed/spasmodic_dysphonia/fc4oF-q1SXg_seg_251.wav,fc4oF-q1SXg,251,spasmodic_dysphonia,clean_pool,e72221d2102a663feaa4eab4cd2038cb52caac42a433332af406fbac9f4f896e,16000,1,2,48000,3.0,-28.98,0.7046,0.0,train
fc4oF-q1SXg_seg_252.wav,data/interim/segmented_clean_relaxed/spasmodic_dysphonia/fc4oF-q1SXg_seg_252.wav,fc4oF-q1SXg,252,spasmodic_dysphonia,clean_pool,e4f92fe37986c647feed2bae870c4971307a59841c9007b68ea1faca290c10ff,16000,1,2,48000,3.0,-19.51,0.2194,0.0,train
fc4oF-q1SXg_seg_253.wav,data/interim/segmented_clean_relaxed/spasmodic_dysphonia/fc4oF-q1SXg_seg_253.wav,fc4oF-q1SXg,253,spasmodic_dysphonia,clean_pool,a492374e68226b47d4e8984772304c74bf108a4cb9537e1d7d5df58fc162125c,16000,1,2,48000,3.0,-22.66,0.1858,0.0,train
fc4oF-q1SXg_seg_254.wav,data/interim/segmented_clean_relaxed/spasmodic_dysphonia/fc4oF-q1SXg_seg_254.wav,fc4oF-q1SXg,254,spasmodic_dysphonia,clean_pool,3aab9660f8d925643904cc2e0a6b8e5678c84a8eaef7c12a8622eba01f4444be,16000,1,2,48000,3.0,-22.83,0.4209,0.0,train
fc4oF-q1SXg_seg_255.wav,data/interim/segmented_clean_relaxed/spasmodic_dysphonia/fc4oF-q1SXg_seg_255.wav,fc4oF-q1SXg,255,spasmodic_dysphonia,clean_pool,31ac4e2621cbe550a433152e1d5a269ecaa6281c2ec41d77cfaba9a5cd08ca3a,16000,1,2,48000,3.0,-22.34,0.4566,0.0,train
fc4oF-q1SXg_seg_256.wav,data/interim/segmented_clean_relaxed/spasmodic_dysphonia/fc4oF-q1SXg_seg_256.wav,fc4oF-q1SXg,256,spasmodic_dysphonia,clean_pool,52b28dcd6c618e767f25e515217fd95afcbb2481e0a7579e3c1da6fa9dbbff14,16000,1,2,48000,3.0,-25.85,0.3314,0.0,train
fc4oF-q1SXg_seg_257.wav,data/interim/segmented_clean_relaxed/spasmodic_dysphonia/fc4oF-q1SXg_seg_257.wav,fc4oF-q1SXg,257,spasmodic_dysphonia,clean_pool,6e7fb30c73af91ddb8e3a75c5e086b4a18678a839115188989e085db1915b5c4,16000,1,2,48000,3.0,-25.63,0.3185,0.0,train
fc4oF-q1SXg_seg_258.wav,data/interim/segmented_clean_relaxed/spasmodic_dysphonia/fc4oF-q1SXg_seg_258.wav,fc4oF-q1SXg,258,spasmodic_dysphonia,clean_pool,cf90b8fa3af67aa3225f3ee603ded91f9bb0ca058581137d1d4dbd0fe649ae1f,16000,1,2,48000,3.0,-23.24,0.37,0.0,train
fc4oF-q1SXg_seg_259.wav,data/interim/segmented_clean_relaxed/spasmodic_dysphonia/fc4oF-q1SXg_seg_259.wav,fc4oF-q1SXg,259,spasmodic_dysphonia,clean_pool,4bd1fb66b462c2d2cd18113e10229ad760a4aee69dbbdf8cb6d5ed210c14456f,16000,1,2,48000,3.0,-24.02,0.3267,0.0,train
fc4oF-q1SXg_seg_260.wav,data/interim/segmented_clean_relaxed/spasmodic_dysphonia/fc4oF-q1SXg_seg_260.wav,fc4oF-q1SXg,260,spasmodic_dysphonia,clean_pool,218857193b0e5c52bede6b719e8e4fcb15b9f0d5da4df3e087a2fca986b553c5,16000,1,2,48000,3.0,-28.48,0.4287,0.0,train
fc4oF-q1SXg_seg_261.wav,data/interim/segmented_clean_relaxed/spasmodic_dysphonia/fc4oF-q1SXg_seg_261.wav,fc4oF-q1SXg,261,spasmodic_dysphonia,clean_pool,acdb36a1799de9cb45b8db8014403ba5182baf6daf799764395e413866bccb53,16000,1,2,48000,3.0,-26.63,0.4108,0.0,train
fc4oF-q1SXg_seg_262.wav,data/interim/segmented_clean_relaxed/spasmodic_dysphonia/fc4oF-q1SXg_seg_262.wav,fc4oF-q1SXg,262,spasmodic_dysphonia,clean_pool,383d7bd5ba01a8c869fba349ebbb91cfdfdb23f38a637a0ba90d668eb5815abf,16000,1,2,48000,3.0,-26.22,0.2804,0.0,train
fc4oF-q1SXg_seg_263.wav,data/interim/segmented_clean_relaxed/spasmodic_dysphonia/fc4oF-q1SXg_seg_263.wav,fc4oF-q1SXg,263,spasmodic_dysphonia,clean_pool,4848e343359c962a4824901661b83cb0a0147c3550435ccddd821ff0052df1c0,16000,1,2,48000,3.0,-28.15,0.3725,0.0,train
fc4oF-q1SXg_seg_264.wav,data/interim/segmented_clean_relaxed/spasmodic_dysphonia/fc4oF-q1SXg_seg_264.wav,fc4oF-q1SXg,264,spasmodic_dysphonia,clean_pool,85efe91ef0e543601833ea910baf3a5d5386a24c3ac7ae3df92fc97eaffd585d,16000,1,2,48000,3.0,-26.64,0.3973,0.0,train
fc4oF-q1SXg_seg_265.wav,data/interim/segmented_clean_relaxed/spasmodic_dysphonia/fc4oF-q1SXg_seg_265.wav,fc4oF-q1SXg,265,spasmodic_dysphonia,clean_pool,402d9b0e7c758ecee8960219b425066bc00aa66ab4ddb7c74a2e5d1867190e6e,16000,1,2,48000,3.0,-29.02,0.5416,0.0,train
fc4oF-q1SXg_seg_266.wav,data/interim/segmented_clean_relaxed/spasmodic_dysphonia/fc4oF-q1SXg_seg_266.wav,fc4oF-q1SXg,266,spasmodic_dysphonia,clean_pool,8db869245c8b987ce9c7f09af4c8d0e594f04fca8aa98295098926a03f4d3953,16000,1,2,48000,3.0,-23.62,0.1791,0.0,train
fc4oF-q1SXg_seg_267.wav,data/interim/segmented_clean_relaxed/spasmodic_dysphonia/fc4oF-q1SXg_seg_267.wav,fc4oF-q1SXg,267,spasmodic_dysphonia,clean_pool,4e3669fe8ae4a170f53940eb28bb5e116bde9156b80d85c95cddde7d0b4c0a28,16000,1,2,48000,3.0,-26.85,0.5058,0.0,train
fc4oF-q1SXg_seg_268.wav,data/interim/segmented_clean_relaxed/spasmodic_dysphonia/fc4oF-q1SXg_seg_268.wav,fc4oF-q1SXg,268,spasmodic_dysphonia,clean_pool,9e65f098a00636fe38877dbb4456b6ff77c7b9562a0d947f582dff14d5574f9e,16000,1,2,48000,3.0,-27.18,0.2695,0.0,train
fc4oF-q1SXg_seg_269.wav,data/interim/segmented_clean_relaxed/spasmodic_dysphonia/fc4oF-q1SXg_seg_269.wav,fc4oF-q1SXg,269,spasmodic_dysphonia,clean_pool,a05f1d008d20fda969d09b05937610e836895d3cd28d18b1d3cb9dde562d0124,16000,1,2,48000,3.0,-23.72,0.3416,0.0,train
fc4oF-q1SXg_seg_270.wav,data/interim/segmented_clean_relaxed/spasmodic_dysphonia/fc4oF-q1SXg_seg_270.wav,fc4oF-q1SXg,270,spasmodic_dysphonia,clean_pool,e91582b7c804354fc8afae988c33ac50f4e4f1be58e41a933699b523f191a08b,16000,1,2,48000,3.0,-28.31,0.2907,0.0,train
fc4oF-q1SXg_seg_271.wav,data/interim/segmented_clean_relaxed/spasmodic_dysphonia/fc4oF-q1SXg_seg_271.wav,fc4oF-q1SXg,271,spasmodic_dysphonia,clean_pool,b17317a30d0a285469a70ca9108faab13ebe1aab7db936a4aad1251829fd1dbe,16000,1,2,48000,3.0,-28.58,0.4157,0.0,train
fc4oF-q1SXg_seg_272.wav,data/interim/segmented_clean_relaxed/spasmodic_dysphonia/fc4oF-q1SXg_seg_272.wav,fc4oF-q1SXg,272,spasmodic_dysphonia,clean_pool,d14c6676759bea1c2d003aa8871f7501009d3d5179c02c47bf5ae23696ca9af6,16000,1,2,48000,3.0,-28.12,0.4501,0.0,train
fc4oF-q1SXg_seg_273.wav,data/interim/segmented_clean_relaxed/spasmodic_dysphonia/fc4oF-q1SXg_seg_273.wav,fc4oF-q1SXg,273,spasmodic_dysphonia,clean_pool,bc37953a8ef6646626510d8065626c008bb5574c6168513efaf196b7d2c5bef5,16000,1,2,48000,3.0,-24.4,0.2723,0.0,train
fc4oF-q1SXg_seg_274.wav,data/interim/segmented_clean_relaxed/spasmodic_dysphonia/fc4oF-q1SXg_seg_274.wav,fc4oF-q1SXg,274,spasmodic_dysphonia,clean_pool,98af9b39aa623a8fec9500dc1400f00cfa7cd5d4a7046d1b846e0b3dc929157e,16000,1,2,48000,3.0,-31.16,0.6499,0.0,train
fc4oF-q1SXg_seg_275.wav,data/interim/segmented_clean_relaxed/spasmodic_dysphonia/fc4oF-q1SXg_seg_275.wav,fc4oF-q1SXg,275,spasmodic_dysphonia,clean_pool,143c83f59b21d4135bad35e350f58b6f7499eb27bf6427a111ff7fe916f8ce7a,16000,1,2,48000,3.0,-20.24,0.1757,0.0,train
fc4oF-q1SXg_seg_276.wav,data/interim/segmented_clean_relaxed/spasmodic_dysphonia/fc4oF-q1SXg_seg_276.wav,fc4oF-q1SXg,276,spasmodic_dysphonia,clean_pool,95458475bd7eb09ebcff89e7377fa50ce8ad5f06d72d1e21f85e3e3f8d7533d7,16000,1,2,48000,3.0,-24.32,0.2413,0.0,train
fc4oF-q1SXg_seg_277.wav,data/interim/segmented_clean_relaxed/spasmodic_dysphonia/fc4oF-q1SXg_seg_277.wav,fc4oF-q1SXg,277,spasmodic_dysphonia,clean_pool,852c34f056de4c1b1c0a34693bf185482ac581bb46b7e02e2ee28bddbdf386d9,16000,1,2,48000,3.0,-27.42,0.4555,0.0,train
fc4oF-q1SXg_seg_278.wav,data/interim/segmented_clean_relaxed/spasmodic_dysphonia/fc4oF-q1SXg_seg_278.wav,fc4oF-q1SXg,278,spasmodic_dysphonia,clean_pool,5f23dc980010a3ae44d18f99950661e2917ca896bf8a5b12a9c89e9bc92b8a56,16000,1,2,48000,3.0,-24.2,0.3884,0.0,train
fc4oF-q1SXg_seg_279.wav,data/interim/segmented_clean_relaxed/spasmodic_dysphonia/fc4oF-q1SXg_seg_279.wav,fc4oF-q1SXg,279,spasmodic_dysphonia,clean_pool,873fbf319e9887ac822c42940b9526faffe4dd2ab65e8a9fc0ab209a50b15291,16000,1,2,48000,3.0,-25.09,0.2063,0.0,train
fc4oF-q1SXg_seg_280.wav,data/interim/segmented_clean_relaxed/spasmodic_dysphonia/fc4oF-q1SXg_seg_280.wav,fc4oF-q1SXg,280,spasmodic_dysphonia,clean_pool,42a7939532949a58734bb7f5569ff34e2267404d79180614aac4c7537506d816,16000,1,2,48000,3.0,-29.92,0.422,0.0,train
fc4oF-q1SXg_seg_281.wav,data/interim/segmented_clean_relaxed/spasmodic_dysphonia/fc4oF-q1SXg_seg_281.wav,fc4oF-q1SXg,281,spasmodic_dysphonia,clean_pool,366befb22f8c51d4e4efea1298bb400e62547849e3326bf80ebdd25e7e9216ce,16000,1,2,48000,3.0,-23.83,0.4044,0.0,train
fc4oF-q1SXg_seg_282.wav,data/interim/segmented_clean_relaxed/spasmodic_dysphonia/fc4oF-q1SXg_seg_282.wav,fc4oF-q1SXg,282,spasmodic_dysphonia,clean_pool,75a491939adede7fe3d2b92c1e01f92b8830878cfa42362f8ab96e220c69c58d,16000,1,2,48000,3.0,-21.25,0.1676,0.0,train
fc4oF-q1SXg_seg_283.wav,data/interim/segmented_clean_relaxed/spasmodic_dysphonia/fc4oF-q1SXg_seg_283.wav,fc4oF-q1SXg,283,spasmodic_dysphonia,clean_pool,e9b64e06ec3667151ab266090b16fc7fddccf7d66c891f2e5b14e3e75aaf61a1,16000,1,2,48000,3.0,-23.78,0.4711,0.0,train
fc4oF-q1SXg_seg_284.wav,data/interim/segmented_clean_relaxed/spasmodic_dysphonia/fc4oF-q1SXg_seg_284.wav,fc4oF-q1SXg,284,spasmodic_dysphonia,clean_pool,5fd38b79b6df4f5e4dc733e67c70ebd3927d7ef80132cd4ce9ffcbcb7144ee41,16000,1,2,48000,3.0,-20.23,0.3114,0.0,train
fc4oF-q1SXg_seg_285.wav,data/interim/segmented_clean_relaxed/spasmodic_dysphonia/fc4oF-q1SXg_seg_285.wav,fc4oF-q1SXg,285,spasmodic_dysphonia,clean_pool,a2ffea2e8c5225aebc2019221e7a5db3559ced6b7e2ba5d6105ac6352deec793,16000,1,2,48000,3.0,-25.45,0.3713,0.0,train
fc4oF-q1SXg_seg_286.wav,data/interim/segmented_clean_relaxed/spasmodic_dysphonia/fc4oF-q1SXg_seg_286.wav,fc4oF-q1SXg,286,spasmodic_dysphonia,clean_pool,09516cb2c7298c22e9475fae6c4817652ab5e3228d764541bc374e01edbf6366,16000,1,2,48000,3.0,-25.21,0.3448,0.0,train
fc4oF-q1SXg_seg_287.wav,data/interim/segmented_clean_relaxed/spasmodic_dysphonia/fc4oF-q1SXg_seg_287.wav,fc4oF-q1SXg,287,spasmodic_dysphonia,clean_pool,5d48ca9c31fba0349fb5e9f080d945069437b13cd26c1bb9118af65c2a4e18ea,16000,1,2,48000,3.0,-26.43,0.2189,0.0,train
fc4oF-q1SXg_seg_288.wav,data/interim/segmented_clean_relaxed/spasmodic_dysphonia/fc4oF-q1SXg_seg_288.wav,fc4oF-q1SXg,288,spasmodic_dysphonia,clean_pool,a2902fd194f0cd485a2912d6a4dadb1296affe45e1e942a691635f3b1d779b62,16000,1,2,48000,3.0,-27.16,0.5827,0.0,train
fc4oF-q1SXg_seg_289.wav,data/interim/segmented_clean_relaxed/spasmodic_dysphonia/fc4oF-q1SXg_seg_289.wav,fc4oF-q1SXg,289,spasmodic_dysphonia,clean_pool,f03d49a5875ffa746e504b958c064ad0f3f0522b54a16cc2877a78b10af34403,16000,1,2,48000,3.0,-22.4,0.4309,0.0,train
fc4oF-q1SXg_seg_290.wav,data/interim/segmented_clean_relaxed/spasmodic_dysphonia/fc4oF-q1SXg_seg_290.wav,fc4oF-q1SXg,290,spasmodic_dysphonia,clean_pool,6245909c86aa6cc9adc7fc67efa9f91f8a556d78eae1308b8773ebcfde77fc69,16000,1,2,48000,3.0,-22.03,0.2836,0.0,train
fc4oF-q1SXg_seg_291.wav,data/interim/segmented_clean_relaxed/spasmodic_dysphonia/fc4oF-q1SXg_seg_291.wav,fc4oF-q1SXg,291,spasmodic_dysphonia,clean_pool,543501753c9acfa01d82d236dce90b2ba988b7e317a08460bd56aa39b91abaad,16000,1,2,48000,3.0,-26.07,0.3822,0.0,train
G4EAQfQ9qb4_seg_000.wav,data/interim/segmented_clean_relaxed/spasmodic_dysphonia/G4EAQfQ9qb4_seg_000.wav,G4EAQfQ9qb4,000,spasmodic_dysphonia,clean_pool,045bab984c31dd725f407001749c31dcd03e9b7b53b7d93155b5f69f545b64d2,16000,1,2,48000,3.0,-41.04,0.6422,0.0,train
G4EAQfQ9qb4_seg_001.wav,data/interim/segmented_clean_relaxed/spasmodic_dysphonia/G4EAQfQ9qb4_seg_001.wav,G4EAQfQ9qb4,001,spasmodic_dysphonia,clean_pool,425472b00066d2006eadd5896ec5f118d37a7324c0c9a6a18bf094e14e035393,16000,1,2,48000,3.0,-43.91,0.6956,0.0,train
G4EAQfQ9qb4_seg_002.wav,data/interim/segmented_clean_relaxed/spasmodic_dysphonia/G4EAQfQ9qb4_seg_002.wav,G4EAQfQ9qb4,002,spasmodic_dysphonia,clean_pool,1d3a2903d66f4df95bdb50b05d3fde4b7d114045a9c1bc6237f29cca4b3b60c8,16000,1,2,48000,3.0,-42.11,0.7105,0.0,train
G4EAQfQ9qb4_seg_003.wav,data/interim/segmented_clean_relaxed/spasmodic_dysphonia/G4EAQfQ9qb4_seg_003.wav,G4EAQfQ9qb4,003,spasmodic_dysphonia,clean_pool,214a7b19b46ceb26f7ce8225ead89775f7dca1db41fb54930f6c896cc3970d91,16000,1,2,48000,3.0,-43.14,0.6642,0.0,train
G4EAQfQ9qb4_seg_004.wav,data/interim/segmented_clean_relaxed/spasmodic_dysphonia/G4EAQfQ9qb4_seg_004.wav,G4EAQfQ9qb4,004,spasmodic_dysphonia,clean_pool,96c9b9c38aa6adec48cba4afa9239ef35d3de58b6badfc8f42972c4c47106a8a,16000,1,2,48000,3.0,-47.93,0.8698,0.0,train
G4EAQfQ9qb4_seg_005.wav,data/interim/segmented_clean_relaxed/spasmodic_dysphonia/G4EAQfQ9qb4_seg_005.wav,G4EAQfQ9qb4,005,spasmodic_dysphonia,clean_pool,b7641b665840c5727d5bacb82cf0d892e975f939c3b28fd91b58396c6d0780a9,16000,1,2,48000,3.0,-39.6,0.6402,0.0,train
G4EAQfQ9qb4_seg_006.wav,data/interim/segmented_clean_relaxed/spasmodic_dysphonia/G4EAQfQ9qb4_seg_006.wav,G4EAQfQ9qb4,006,spasmodic_dysphonia,clean_pool,bf36817dcc53da4579fa1986c07421b68d9be14b554482e92825d95b32990925,16000,1,2,48000,3.0,-42.48,0.6669,0.0,train
G4EAQfQ9qb4_seg_007.wav,data/interim/segmented_clean_relaxed/spasmodic_dysphonia/G4EAQfQ9qb4_seg_007.wav,G4EAQfQ9qb4,007,spasmodic_dysphonia,clean_pool,f4ce2a32b80e706c29a6b002dae2dcacd9e1994cddc9de9f1e48354837bf2d00,16000,1,2,48000,3.0,-43.68,0.7341,0.0,train
G4EAQfQ9qb4_seg_008.wav,data/interim/segmented_clean_relaxed/spasmodic_dysphonia/G4EAQfQ9qb4_seg_008.wav,G4EAQfQ9qb4,008,spasmodic_dysphonia,clean_pool,e2aaf6c00eb9a15545e3ddc8d2378e8c6090adb9ec004ef2961df5bc3c49dc17,16000,1,2,48000,3.0,-39.5,0.55,0.0,train
G4EAQfQ9qb4_seg_009.wav,data/interim/segmented_clean_relaxed/spasmodic_dysphonia/G4EAQfQ9qb4_seg_009.wav,G4EAQfQ9qb4,009,spasmodic_dysphonia,clean_pool,b7001609fb4c08be4baa1d85e55c25bda13a58d3cc237f460a0e933229ee3b78,16000,1,2,48000,3.0,-42.16,0.6079,0.0,train
G4EAQfQ9qb4_seg_010.wav,data/interim/segmented_clean_relaxed/spasmodic_dysphonia/G4EAQfQ9qb4_seg_010.wav,G4EAQfQ9qb4,010,spasmodic_dysphonia,clean_pool,3b0a1d7d6047733d84c7a50f816f2631a6b21083a8a194837949caec644e923e,16000,1,2,48000,3.0,-40.16,0.6281,0.0,train
G4EAQfQ9qb4_seg_011.wav,data/interim/segmented_clean_relaxed/spasmodic_dysphonia/G4EAQfQ9qb4_seg_011.wav,G4EAQfQ9qb4,011,spasmodic_dysphonia,clean_pool,942a10c20858b4c193ebfbfb9f0e93c2fd13754abd22609722244f4d68205093,16000,1,2,48000,3.0,-42.5,0.646,0.0,train
G4EAQfQ9qb4_seg_012.wav,data/interim/segmented_clean_relaxed/spasmodic_dysphonia/G4EAQfQ9qb4_seg_012.wav,G4EAQfQ9qb4,012,spasmodic_dysphonia,clean_pool,21e9bc04103b6bbd219bd8fed9f0ae745c763dfabd7cf422e1fbe7d46c13c921,16000,1,2,48000,3.0,-40.23,0.6498,0.0,train
G4EAQfQ9qb4_seg_013.wav,data/interim/segmented_clean_relaxed/spasmodic_dysphonia/G4EAQfQ9qb4_seg_013.wav,G4EAQfQ9qb4,013,spasmodic_dysphonia,clean_pool,3fdba99bc1fc26b1f68f1e0c31c3dd9ced526d071c7bdd51d7f690dd63df4726,16000,1,2,33552,2.097,-40.08,0.5853,0.0,train
g6oef19xr38_seg_000.wav,data/interim/segmented_clean_relaxed/spasmodic_dysphonia/g6oef19xr38_seg_000.wav,g6oef19xr38,000,spasmodic_dysphonia,clean_pool,db26b0b9e52b82e9a19ce66f27aa0f3643c38c8a9f430d575eb7e1f428f122a7,16000,1,2,48000,3.0,-25.3,0.0947,0.0,train
g6oef19xr38_seg_001.wav,data/interim/segmented_clean_relaxed/spasmodic_dysphonia/g6oef19xr38_seg_001.wav,g6oef19xr38,001,spasmodic_dysphonia,clean_pool,defea8a611d9bda7c77269bb42031e0ee31c23c70e44758cfc0df3595399c3e5,16000,1,2,48000,3.0,-23.62,0.1588,0.0,train
g6oef19xr38_seg_002.wav,data/interim/segmented_clean_relaxed/spasmodic_dysphonia/g6oef19xr38_seg_002.wav,g6oef19xr38,002,spasmodic_dysphonia,clean_pool,ebfc0a3fccaca968003c251f8f955882bf5c02b8642ebf5cf958e2a6838ef246,16000,1,2,48000,3.0,-25.9,0.1966,0.0,train
g6oef19xr38_seg_003.wav,data/interim/segmented_clean_relaxed/spasmodic_dysphonia/g6oef19xr38_seg_003.wav,g6oef19xr38,003,spasmodic_dysphonia,clean_pool,aca96b132a9bd2760ac9c504387de3ea176d3ef30bc6cb070561283d599d058c,16000,1,2,48000,3.0,-26.34,0.1361,0.0,train
g6oef19xr38_seg_004.wav,data/interim/segmented_clean_relaxed/spasmodic_dysphonia/g6oef19xr38_seg_004.wav,g6oef19xr38,004,spasmodic_dysphonia,clean_pool,28e72d5b3299861380e92ffcf78e706e7dcc2b4327d6141d188447904ece867f,16000,1,2,48000,3.0,-28.22,0.2226,0.0,train
g6oef19xr38_seg_005.wav,data/interim/segmented_clean_relaxed/spasmodic_dysphonia/g6oef19xr38_seg_005.wav,g6oef19xr38,005,spasmodic_dysphonia,clean_pool,d92679056b0bce8d18f0b26caedf613c3c47e6350546b9578a318066d54fd5e2,16000,1,2,48000,3.0,-26.75,0.1794,0.0,train
g6oef19xr38_seg_006.wav,data/interim/segmented_clean_relaxed/spasmodic_dysphonia/g6oef19xr38_seg_006.wav,g6oef19xr38,006,spasmodic_dysphonia,clean_pool,74458de7f6147aa16f5624e4709f107bff1552b842947cf7f986a74dde5d2613,16000,1,2,48000,3.0,-27.46,0.211,0.0,train
g6oef19xr38_seg_007.wav,data/interim/segmented_clean_relaxed/spasmodic_dysphonia/g6oef19xr38_seg_007.wav,g6oef19xr38,007,spasmodic_dysphonia,clean_pool,36964c006ebbc85601297be6990d6db5aa08ebff7a768f3feffecfebade3ceff,16000,1,2,48000,3.0,-27.75,0.2645,0.0,train
g6oef19xr38_seg_008.wav,data/interim/segmented_clean_relaxed/spasmodic_dysphonia/g6oef19xr38_seg_008.wav,g6oef19xr38,008,spasmodic_dysphonia,clean_pool,9f4afb49566b256796d9add67aa752805341d77c63282ba4688fe6bd049e756a,16000,1,2,48000,3.0,-27.76,0.2531,0.0,train
g6oef19xr38_seg_009.wav,data/interim/segmented_clean_relaxed/spasmodic_dysphonia/g6oef19xr38_seg_009.wav,g6oef19xr38,009,spasmodic_dysphonia,clean_pool,43a877ffe32000a273a7ae119cf5aa51215fbcb13f49c54f39e56689d73ab7e1,16000,1,2,48000,3.0,-28.71,0.4446,0.0,train
g6oef19xr38_seg_010.wav,data/interim/segmented_clean_relaxed/spasmodic_dysphonia/g6oef19xr38_seg_010.wav,g6oef19xr38,010,spasmodic_dysphonia,clean_pool,4bec03c469aa024990c8ff5d4985da4a852e3e1a3d1b52e45f6231118a8c7a06,16000,1,2,48000,3.0,-26.75,0.4288,0.0,train
g6oef19xr38_seg_011.wav,data/interim/segmented_clean_relaxed/spasmodic_dysphonia/g6oef19xr38_seg_011.wav,g6oef19xr38,011,spasmodic_dysphonia,clean_pool,7c44ef80277f9660e235a86cb9e3903ed593eb1a9ea5f0e86dbaffcf054b1bd4,16000,1,2,48000,3.0,-29.56,0.4881,0.0,train
g6oef19xr38_seg_012.wav,data/interim/segmented_clean_relaxed/spasmodic_dysphonia/g6oef19xr38_seg_012.wav,g6oef19xr38,012,spasmodic_dysphonia,clean_pool,2115011e9fddbbd7efafd274aaeb827c8e101b03b7eaf975b900c749800754c1,16000,1,2,48000,3.0,-27.34,0.3704,0.0,train
g6oef19xr38_seg_013.wav,data/interim/segmented_clean_relaxed/spasmodic_dysphonia/g6oef19xr38_seg_013.wav,g6oef19xr38,013,spasmodic_dysphonia,clean_pool,4ee5c1170593571b2af9284850a6180adfc32a02332ec7632ee6a19c623b6be2,16000,1,2,48000,3.0,-27.76,0.3812,0.0,train
g6oef19xr38_seg_014.wav,data/interim/segmented_clean_relaxed/spasmodic_dysphonia/g6oef19xr38_seg_014.wav,g6oef19xr38,014,spasmodic_dysphonia,clean_pool,948e31b5d31f3ea2453956119fcf2c79aa48261177338a6eda39147d53aaaa53,16000,1,2,48000,3.0,-26.62,0.4411,0.0,train
g6oef19xr38_seg_015.wav,data/interim/segmented_clean_relaxed/spasmodic_dysphonia/g6oef19xr38_seg_015.wav,g6oef19xr38,015,spasmodic_dysphonia,clean_pool,4ae6bfea7d4aecb31aa3d5779ae2c1efec66612650a543b955cd0e001ff90d9a,16000,1,2,48000,3.0,-26.53,0.2153,0.0,train
g6oef19xr38_seg_016.wav,data/interim/segmented_clean_relaxed/spasmodic_dysphonia/g6oef19xr38_seg_016.wav,g6oef19xr38,016,spasmodic_dysphonia,clean_pool,4fbac44b66a99936dec24b74b76dce8e775b9f377928eb2bd1e782156080ddbf,16000,1,2,48000,3.0,-27.98,0.2644,0.0,train
g6oef19xr38_seg_017.wav,data/interim/segmented_clean_relaxed/spasmodic_dysphonia/g6oef19xr38_seg_017.wav,g6oef19xr38,017,spasmodic_dysphonia,clean_pool,48510480aafcbc05c91ab793e3aeb6fd3eaecdb400a1d4823511bf3ed2df61ef,16000,1,2,48000,3.0,-27.33,0.224,0.0,train
g6oef19xr38_seg_018.wav,data/interim/segmented_clean_relaxed/spasmodic_dysphonia/g6oef19xr38_seg_018.wav,g6oef19xr38,018,spasmodic_dysphonia,clean_pool,b6d1176df88939915952754466c54f632e5023f881b386b8dc9c5152dae56ba4,16000,1,2,48000,3.0,-27.57,0.201,0.0,train
g6oef19xr38_seg_019.wav,data/interim/segmented_clean_relaxed/spasmodic_dysphonia/g6oef19xr38_seg_019.wav,g6oef19xr38,019,spasmodic_dysphonia,clean_pool,6aa4e16dc2a699a25dbe97498064160b4c0b288ec361974f9e261d486545bdba,16000,1,2,48000,3.0,-24.94,0.1546,0.0,train
g6oef19xr38_seg_020.wav,data/interim/segmented_clean_relaxed/spasmodic_dysphonia/g6oef19xr38_seg_020.wav,g6oef19xr38,020,spasmodic_dysphonia,clean_pool,2a7e9663cfbc858cf9e2d45f2d65e5f51e7ad4b57409e65bcfe3180e8b85eab3,16000,1,2,48000,3.0,-26.84,0.2776,0.0,train
g6oef19xr38_seg_021.wav,data/interim/segmented_clean_relaxed/spasmodic_dysphonia/g6oef19xr38_seg_021.wav,g6oef19xr38,021,spasmodic_dysphonia,clean_pool,e650aa1126188c9c19503e9d99ed61c14e2747e83e38429c934ec4aa015757b9,16000,1,2,48000,3.0,-25.99,0.2437,0.0,train
g6oef19xr38_seg_022.wav,data/interim/segmented_clean_relaxed/spasmodic_dysphonia/g6oef19xr38_seg_022.wav,g6oef19xr38,022,spasmodic_dysphonia,clean_pool,47eb70d98d82150f586f4360eb4f0e572350812706706d337b624acdc3a68955,16000,1,2,48000,3.0,-26.65,0.1993,0.0,train
g6oef19xr38_seg_023.wav,data/interim/segmented_clean_relaxed/spasmodic_dysphonia/g6oef19xr38_seg_023.wav,g6oef19xr38,023,spasmodic_dysphonia,clean_pool,cc768ff8eb1c6cb53f6a8c2688e3d9376ec03bf02ed7ee1e50c24292b943ae03,16000,1,2,48000,3.0,-25.91,0.2761,0.0,train
g6oef19xr38_seg_024.wav,data/interim/segmented_clean_relaxed/spasmodic_dysphonia/g6oef19xr38_seg_024.wav,g6oef19xr38,024,spasmodic_dysphonia,clean_pool,83adbaf60a30065ba60f90c307b1c9df9f72eaee2369b6964288e2088c5cf126,16000,1,2,48000,3.0,-21.54,0.1128,0.0,train
g6oef19xr38_seg_025.wav,data/interim/segmented_clean_relaxed/spasmodic_dysphonia/g6oef19xr38_seg_025.wav,g6oef19xr38,025,spasmodic_dysphonia,clean_pool,72816d4be87bb0063c74a50f52944609ed7f5dcc8708f3a662afa5d25bb007c8,16000,1,2,48000,3.0,-23.17,0.2684,0.0,train
g6oef19xr38_seg_026.wav,data/interim/segmented_clean_relaxed/spasmodic_dysphonia/g6oef19xr38_seg_026.wav,g6oef19xr38,026,spasmodic_dysphonia,clean_pool,7ef4e5e7203ff8b24668769c05cc6f3f89a3f99f93b657135ff0179c04737bf6,16000,1,2,48000,3.0,-23.01,0.2365,0.0,train
g6oef19xr38_seg_027.wav,data/interim/segmented_clean_relaxed/spasmodic_dysphonia/g6oef19xr38_seg_027.wav,g6oef19xr38,027,spasmodic_dysphonia,clean_pool,eb231cf9e332a5fb55966cf0b6060984ee023ffbbb38f1297a27b8115fd9b403,16000,1,2,48000,3.0,-22.98,0.2753,0.0,train
g6oef19xr38_seg_028.wav,data/interim/segmented_clean_relaxed/spasmodic_dysphonia/g6oef19xr38_seg_028.wav,g6oef19xr38,028,spasmodic_dysphonia,clean_pool,e42e501d917e207eb60116a6dade46cc7f6b78a9299de3a72e30a5aaa4c7588e,16000,1,2,48000,3.0,-24.25,0.2202,0.0,train
g6oef19xr38_seg_029.wav,data/interim/segmented_clean_relaxed/spasmodic_dysphonia/g6oef19xr38_seg_029.wav,g6oef19xr38,029,spasmodic_dysphonia,clean_pool,33080a19b6f6b9d825002d58bada2c4f9eb03652a5f26d64f1c47ce8da4d9962,16000,1,2,48000,3.0,-23.59,0.2727,0.0,train
g6oef19xr38_seg_030.wav,data/interim/segmented_clean_relaxed/spasmodic_dysphonia/g6oef19xr38_seg_030.wav,g6oef19xr38,030,spasmodic_dysphonia,clean_pool,c479e601c1e01f4b39fc061736a1115a82f73b389d8ab9e475b67c77d1554a5e,16000,1,2,48000,3.0,-23.74,0.2751,0.0,train
g6oef19xr38_seg_031.wav,data/interim/segmented_clean_relaxed/spasmodic_dysphonia/g6oef19xr38_seg_031.wav,g6oef19xr38,031,spasmodic_dysphonia,clean_pool,a8d508cf9ab9374fbe5ead32836d5c4ed30a687ba1d8b98af63e559ed7889c83,16000,1,2,48000,3.0,-23.51,0.2074,0.0,train
g6oef19xr38_seg_032.wav,data/interim/segmented_clean_relaxed/spasmodic_dysphonia/g6oef19xr38_seg_032.wav,g6oef19xr38,032,spasmodic_dysphonia,clean_pool,6477f7626ff37592992122fdadf9b7e37a9e7b04bb600f12e800d131d0e2d586,16000,1,2,48000,3.0,-25.85,0.239,0.0,train
g6oef19xr38_seg_033.wav,data/interim/segmented_clean_relaxed/spasmodic_dysphonia/g6oef19xr38_seg_033.wav,g6oef19xr38,033,spasmodic_dysphonia,clean_pool,28ddd22cfa84287707cc000dbd6774227c789dc8197bc905d7658a6dc8a0255c,16000,1,2,48000,3.0,-27.86,0.4259,0.0,train
g6oef19xr38_seg_034.wav,data/interim/segmented_clean_relaxed/spasmodic_dysphonia/g6oef19xr38_seg_034.wav,g6oef19xr38,034,spasmodic_dysphonia,clean_pool,d362bd2068b2bae564ecb9b895c1acf03474fae5b6a4ff516202883f1ed38c6e,16000,1,2,48000,3.0,-26.8,0.4618,0.0,train
g6oef19xr38_seg_035.wav,data/interim/segmented_clean_relaxed/spasmodic_dysphonia/g6oef19xr38_seg_035.wav,g6oef19xr38,035,spasmodic_dysphonia,clean_pool,30b1e4c893a8b82cce2cc87a71e5c2c4d6c79781fa9b078a5604698070624d75,16000,1,2,48000,3.0,-29.59,0.3261,0.0,train
g6oef19xr38_seg_036.wav,data/interim/segmented_clean_relaxed/spasmodic_dysphonia/g6oef19xr38_seg_036.wav,g6oef19xr38,036,spasmodic_dysphonia,clean_pool,4d2628b9a791da7eafa65611703748f24ea2d3a21f6060f85032e0070c50a9c2,16000,1,2,48000,3.0,-25.12,0.5351,0.0,train
g6oef19xr38_seg_037.wav,data/interim/segmented_clean_relaxed/spasmodic_dysphonia/g6oef19xr38_seg_037.wav,g6oef19xr38,037,spasmodic_dysphonia,clean_pool,fc391a50625b269280221ad6cd312982420cee61ae620b1de4a8ebd8414202ba,16000,1,2,48000,3.0,-27.93,0.2647,0.0,train
g6oef19xr38_seg_038.wav,data/interim/segmented_clean_relaxed/spasmodic_dysphonia/g6oef19xr38_seg_038.wav,g6oef19xr38,038,spasmodic_dysphonia,clean_pool,e7974681e5dfe6393b4c81889f458c427a20d574044f70970d9ef033bbf9b483,16000,1,2,48000,3.0,-31.37,0.395,0.0,train
g6oef19xr38_seg_039.wav,data/interim/segmented_clean_relaxed/spasmodic_dysphonia/g6oef19xr38_seg_039.wav,g6oef19xr38,039,spasmodic_dysphonia,clean_pool,0bae79a21a8cedb52b0ad61acb0230fca7bf6896b6d382a417332c3668c19357,16000,1,2,48000,3.0,-26.52,0.4173,0.0,train
g6oef19xr38_seg_040.wav,data/interim/segmented_clean_relaxed/spasmodic_dysphonia/g6oef19xr38_seg_040.wav,g6oef19xr38,040,spasmodic_dysphonia,clean_pool,95d5c443983288cf9c6e8a7fc12d7813543e0b6cd2813e3f34812613d7771395,16000,1,2,48000,3.0,-27.48,0.3222,0.0,train
g6oef19xr38_seg_041.wav,data/interim/segmented_clean_relaxed/spasmodic_dysphonia/g6oef19xr38_seg_041.wav,g6oef19xr38,041,spasmodic_dysphonia,clean_pool,400f0369b6bd74a7b8fb420d0f55ca879dac2232a4c652c029d9837e4075b83b,16000,1,2,48000,3.0,-30.2,0.3424,0.0,train
g6oef19xr38_seg_042.wav,data/interim/segmented_clean_relaxed/spasmodic_dysphonia/g6oef19xr38_seg_042.wav,g6oef19xr38,042,spasmodic_dysphonia,clean_pool,3dd4fd9af0534ad0a7abbb7ef593e7228abe4a135206f821d112cac4adc140ed,16000,1,2,48000,3.0,-30.7,0.3425,0.0,train
g6oef19xr38_seg_043.wav,data/interim/segmented_clean_relaxed/spasmodic_dysphonia/g6oef19xr38_seg_043.wav,g6oef19xr38,043,spasmodic_dysphonia,clean_pool,c922ee1f7eb2917f6293f722f9cf0bee97cecb4cd21d94b6706cdfb895037c3b,16000,1,2,48000,3.0,-31.97,0.4139,0.0,train
g6oef19xr38_seg_044.wav,data/interim/segmented_clean_relaxed/spasmodic_dysphonia/g6oef19xr38_seg_044.wav,g6oef19xr38,044,spasmodic_dysphonia,clean_pool,81c01ba2987984c6df069c945094a4226a037e0f9e91e26b11dda0495c7e4416,16000,1,2,48000,3.0,-31.64,0.402,0.0,train
g6oef19xr38_seg_045.wav,data/interim/segmented_clean_relaxed/spasmodic_dysphonia/g6oef19xr38_seg_045.wav,g6oef19xr38,045,spasmodic_dysphonia,clean_pool,c92f491c9b0ee9de7862e93963b89c4632e9804c8c7815da62f27076279e6008,16000,1,2,48000,3.0,-27.08,0.0716,0.0,train
g6oef19xr38_seg_046.wav,data/interim/segmented_clean_relaxed/spasmodic_dysphonia/g6oef19xr38_seg_046.wav,g6oef19xr38,046,spasmodic_dysphonia,clean_pool,1cf2d645d2a78f5dced05d21e6eae86cf01b913b14dfd0778a8c348035c1450a,16000,1,2,48000,3.0,-25.22,0.0561,0.0,train
g6oef19xr38_seg_047.wav,data/interim/segmented_clean_relaxed/spasmodic_dysphonia/g6oef19xr38_seg_047.wav,g6oef19xr38,047,spasmodic_dysphonia,clean_pool,90c3e92db68205926405763033f404740a331a0e942f18b3497a5e0aa670dae0,16000,1,2,45104,2.819,-28.56,0.104,0.0,train
G_-Y87hhuYk_seg_000.wav,data/interim/segmented_clean_relaxed/spasmodic_dysphonia/G_-Y87hhuYk_seg_000.wav,G_-Y87hhuYk,000,spasmodic_dysphonia,clean_pool,12c41f11a4d3ce7a31e2fc2f220e41ceba93141648a820e20249ded7ff91a5ea,16000,1,2,48000,3.0,-22.3,0.3575,0.0,train
G_-Y87hhuYk_seg_001.wav,data/interim/segmented_clean_relaxed/spasmodic_dysphonia/G_-Y87hhuYk_seg_001.wav,G_-Y87hhuYk,001,spasmodic_dysphonia,clean_pool,5a0be8cba3137dc9ddcd755b31a3ffeaf2c0089b89e94a9ee3763c9130605f10,16000,1,2,48000,3.0,-21.97,0.3522,0.0,train
G_-Y87hhuYk_seg_002.wav,data/interim/segmented_clean_relaxed/spasmodic_dysphonia/G_-Y87hhuYk_seg_002.wav,G_-Y87hhuYk,002,spasmodic_dysphonia,clean_pool,be7175dae9a4b7b438f10e62fba81fc5feda005724ea28e5ae49863417be6a6d,16000,1,2,48000,3.0,-20.05,0.2326,0.0,train
G_-Y87hhuYk_seg_003.wav,data/interim/segmented_clean_relaxed/spasmodic_dysphonia/G_-Y87hhuYk_seg_003.wav,G_-Y87hhuYk,003,spasmodic_dysphonia,clean_pool,5cc52bfb0931cd617aa8bdc475bad8a5337ed9cb6028509c6e86884d75cc2087,16000,1,2,48000,3.0,-21.54,0.4016,0.0,train
G_-Y87hhuYk_seg_004.wav,data/interim/segmented_clean_relaxed/spasmodic_dysphonia/G_-Y87hhuYk_seg_004.wav,G_-Y87hhuYk,004,spasmodic_dysphonia,clean_pool,2c933bb395972769399ab32ae800bc195a3a3667e0c85d665ed4ea4b7455f64a,16000,1,2,48000,3.0,-21.11,0.3157,0.0,train
G_-Y87hhuYk_seg_005.wav,data/interim/segmented_clean_relaxed/spasmodic_dysphonia/G_-Y87hhuYk_seg_005.wav,G_-Y87hhuYk,005,spasmodic_dysphonia,clean_pool,22aa0cb8e7625110fc7084744678756f3191e774b89554bcd15537b14e2343c9,16000,1,2,48000,3.0,-21.66,0.3039,0.0,train
G_-Y87hhuYk_seg_006.wav,data/interim/segmented_clean_relaxed/spasmodic_dysphonia/G_-Y87hhuYk_seg_006.wav,G_-Y87hhuYk,006,spasmodic_dysphonia,clean_pool,9a7a5df992bb5428074a810ec716aec8e4dbf1bed2a02a72e0ce86e3c064178c,16000,1,2,48000,3.0,-20.56,0.3896,0.0,train
G_-Y87hhuYk_seg_007.wav,data/interim/segmented_clean_relaxed/spasmodic_dysphonia/G_-Y87hhuYk_seg_007.wav,G_-Y87hhuYk,007,spasmodic_dysphonia,clean_pool,dd08b1f86778240ec4a769d3ed5eeb796e36d83ee9f5dfbd1b6539e4624f2239,16000,1,2,48000,3.0,-18.5,0.1737,0.0,train
G_-Y87hhuYk_seg_008.wav,data/interim/segmented_clean_relaxed/spasmodic_dysphonia/G_-Y87hhuYk_seg_008.wav,G_-Y87hhuYk,008,spasmodic_dysphonia,clean_pool,c8975ece10060ee85b8afd3177ce5e182bcdf245010fc0fd6a09bc920bf8106b,16000,1,2,48000,3.0,-21.48,0.5131,0.0,train
G_-Y87hhuYk_seg_009.wav,data/interim/segmented_clean_relaxed/spasmodic_dysphonia/G_-Y87hhuYk_seg_009.wav,G_-Y87hhuYk,009,spasmodic_dysphonia,clean_pool,6a2746d8b866bafea04dd53cfdc696c326f88c164f47fdab7a0ceab97bba4eb0,16000,1,2,48000,3.0,-20.07,0.1781,0.0,train
G_-Y87hhuYk_seg_010.wav,data/interim/segmented_clean_relaxed/spasmodic_dysphonia/G_-Y87hhuYk_seg_010.wav,G_-Y87hhuYk,010,spasmodic_dysphonia,clean_pool,2bd92be1cc4bcf1c3aa6d34bada85a3861eeca392a2bb3841235e02424c7bc05,16000,1,2,48000,3.0,-21.01,0.3278,0.0,train
G_-Y87hhuYk_seg_011.wav,data/interim/segmented_clean_relaxed/spasmodic_dysphonia/G_-Y87hhuYk_seg_011.wav,G_-Y87hhuYk,011,spasmodic_dysphonia,clean_pool,4a71fa6719a7f3db51eac877b413f38480a8c41af8aa42a7bea11247b66102bb,16000,1,2,48000,3.0,-20.32,0.1341,0.0,train
G_-Y87hhuYk_seg_012.wav,data/interim/segmented_clean_relaxed/spasmodic_dysphonia/G_-Y87hhuYk_seg_012.wav,G_-Y87hhuYk,012,spasmodic_dysphonia,clean_pool,60dcec85c4cebb98ce76aa12d4e81d1fe7be7e2b9b2657527c6c56a7e1fd39c5,16000,1,2,48000,3.0,-19.87,0.2211,0.0,train
G_-Y87hhuYk_seg_013.wav,data/interim/segmented_clean_relaxed/spasmodic_dysphonia/G_-Y87hhuYk_seg_013.wav,G_-Y87hhuYk,013,spasmodic_dysphonia,clean_pool,ddbd2459d2bc6b9fec75cfe4352eea52c755777f246ad08ba3d5ca91c8da018d,16000,1,2,48000,3.0,-20.8,0.2572,0.0,train
G_-Y87hhuYk_seg_014.wav,data/interim/segmented_clean_relaxed/spasmodic_dysphonia/G_-Y87hhuYk_seg_014.wav,G_-Y87hhuYk,014,spasmodic_dysphonia,clean_pool,475c48b3e3d4c7a7d73ce7218d717cb05c797c598dc9ff83761ec042ba9675ae,16000,1,2,48000,3.0,-21.52,0.299,0.0,train
G_-Y87hhuYk_seg_015.wav,data/interim/segmented_clean_relaxed/spasmodic_dysphonia/G_-Y87hhuYk_seg_015.wav,G_-Y87hhuYk,015,spasmodic_dysphonia,clean_pool,1604f1b215b11aade36d7a33b9eeff500c56e14cd303e52ca81a7376ce398a42,16000,1,2,48000,3.0,-21.34,0.3186,0.0,train
G_-Y87hhuYk_seg_016.wav,data/interim/segmented_clean_relaxed/spasmodic_dysphonia/G_-Y87hhuYk_seg_016.wav,G_-Y87hhuYk,016,spasmodic_dysphonia,clean_pool,00424ae33c0beea5b00bfbcb2a697ce2a2eb93d49b67c86148a6f39c2ad1c3eb,16000,1,2,48000,3.0,-20.27,0.3496,0.0,train
G_-Y87hhuYk_seg_017.wav,data/interim/segmented_clean_relaxed/spasmodic_dysphonia/G_-Y87hhuYk_seg_017.wav,G_-Y87hhuYk,017,spasmodic_dysphonia,clean_pool,9fce3519bc7d0d431a7e4ed2e803e99d69b1cb4cd18ae627b947d7ac5c5849c2,16000,1,2,48000,3.0,-18.99,0.4878,0.0,train
G_-Y87hhuYk_seg_018.wav,data/interim/segmented_clean_relaxed/spasmodic_dysphonia/G_-Y87hhuYk_seg_018.wav,G_-Y87hhuYk,018,spasmodic_dysphonia,clean_pool,9085a5d88332e2e8777ceb7fd3aba31f090af3b5a6b7f7c9a403de7c174aee20,16000,1,2,48000,3.0,-19.93,0.2983,0.0,train
G_-Y87hhuYk_seg_019.wav,data/interim/segmented_clean_relaxed/spasmodic_dysphonia/G_-Y87hhuYk_seg_019.wav,G_-Y87hhuYk,019,spasmodic_dysphonia,clean_pool,e953e96560e5d9ec3ef2bc6c00534ae1defc71781edbbd5fc45284e645165ce8,16000,1,2,48000,3.0,-20.89,0.3012,0.0,train
G_-Y87hhuYk_seg_020.wav,data/interim/segmented_clean_relaxed/spasmodic_dysphonia/G_-Y87hhuYk_seg_020.wav,G_-Y87hhuYk,020,spasmodic_dysphonia,clean_pool,eaef4db75800bdb301d81e05a15112b2ee42cb44bfd9093a9262a5ffe353efab,16000,1,2,48000,3.0,-22.55,0.4982,0.0,train
G_-Y87hhuYk_seg_021.wav,data/interim/segmented_clean_relaxed/spasmodic_dysphonia/G_-Y87hhuYk_seg_021.wav,G_-Y87hhuYk,021,spasmodic_dysphonia,clean_pool,704b2e5676a8906dff18ae1caf70d71c81c6d144d5ab6132512dbca7daf84747,16000,1,2,48000,3.0,-19.41,0.1112,0.0,train
G_-Y87hhuYk_seg_022.wav,data/interim/segmented_clean_relaxed/spasmodic_dysphonia/G_-Y87hhuYk_seg_022.wav,G_-Y87hhuYk,022,spasmodic_dysphonia,clean_pool,e646588cb53164ca538b7d2f6ec49cbc357d9aa7f4c64e9ac4a22fcb1640b76f,16000,1,2,48000,3.0,-22.49,0.355,0.0,train
G_-Y87hhuYk_seg_023.wav,data/interim/segmented_clean_relaxed/spasmodic_dysphonia/G_-Y87hhuYk_seg_023.wav,G_-Y87hhuYk,023,spasmodic_dysphonia,clean_pool,fc2bc3e3401b855c15b708341c697c3eaedfe0cceb3d1a31d3a10629de0b1866,16000,1,2,48000,3.0,-21.86,0.1821,0.0,train
G_-Y87hhuYk_seg_024.wav,data/interim/segmented_clean_relaxed/spasmodic_dysphonia/G_-Y87hhuYk_seg_024.wav,G_-Y87hhuYk,024,spasmodic_dysphonia,clean_pool,bcde47fda850b5cc0b0dc16f12040aecab5ee35ec4cae15a6051fdca7759e0d3,16000,1,2,48000,3.0,-19.99,0.3298,0.0,train
G_-Y87hhuYk_seg_025.wav,data/interim/segmented_clean_relaxed/spasmodic_dysphonia/G_-Y87hhuYk_seg_025.wav,G_-Y87hhuYk,025,spasmodic_dysphonia,clean_pool,a04baa0e9ce8814b29bdcb2894409b4207505caee77803812f84022d8b941134,16000,1,2,48000,3.0,-20.5,0.3426,0.0,train
G_-Y87hhuYk_seg_026.wav,data/interim/segmented_clean_relaxed/spasmodic_dysphonia/G_-Y87hhuYk_seg_026.wav,G_-Y87hhuYk,026,spasmodic_dysphonia,clean_pool,2ed04ae2e4d4079a3807c6eeb781a5a0f9feec2293b46ef7fd84f2b4a6e13d70,16000,1,2,48000,3.0,-22.07,0.2481,0.0,train
G_-Y87hhuYk_seg_027.wav,data/interim/segmented_clean_relaxed/spasmodic_dysphonia/G_-Y87hhuYk_seg_027.wav,G_-Y87hhuYk,027,spasmodic_dysphonia,clean_pool,036a1340c9a774e0a7598c2985fd116045bbb42551f0e015ec1692c0d06fccb0,16000,1,2,48000,3.0,-21.19,0.4899,0.0,train
G_-Y87hhuYk_seg_028.wav,data/interim/segmented_clean_relaxed/spasmodic_dysphonia/G_-Y87hhuYk_seg_028.wav,G_-Y87hhuYk,028,spasmodic_dysphonia,clean_pool,1c00bda5593906b4f733d6091c34d9bdef586660582c58821bb29c873d9d15bd,16000,1,2,48000,3.0,-21.35,0.4032,0.0,train
G_-Y87hhuYk_seg_029.wav,data/interim/segmented_clean_relaxed/spasmodic_dysphonia/G_-Y87hhuYk_seg_029.wav,G_-Y87hhuYk,029,spasmodic_dysphonia,clean_pool,1b41db00811c2d1814304908b97a258339b3b5d4396d0a6a628eb9f582a59fac,16000,1,2,48000,3.0,-20.88,0.373,0.0,train
G_-Y87hhuYk_seg_030.wav,data/interim/segmented_clean_relaxed/spasmodic_dysphonia/G_-Y87hhuYk_seg_030.wav,G_-Y87hhuYk,030,spasmodic_dysphonia,clean_pool,cc6df0095341dfb76fd0a09ccc89931ec5194538cbdc3e7e4a520c3df250fefe,16000,1,2,48000,3.0,-21.28,0.2128,0.0,train
G_-Y87hhuYk_seg_031.wav,data/interim/segmented_clean_relaxed/spasmodic_dysphonia/G_-Y87hhuYk_seg_031.wav,G_-Y87hhuYk,031,spasmodic_dysphonia,clean_pool,b390ebb6a126a7d936660cbf69a519e6748ef488453fc9ec7d0b8c83451b3ed4,16000,1,2,48000,3.0,-20.65,0.3174,0.0,train
G_-Y87hhuYk_seg_032.wav,data/interim/segmented_clean_relaxed/spasmodic_dysphonia/G_-Y87hhuYk_seg_032.wav,G_-Y87hhuYk,032,spasmodic_dysphonia,clean_pool,630c1bfbdd4bc63f5b134b9a20d7febae3b3053ce987ebbae5f7504491165074,16000,1,2,48000,3.0,-20.57,0.4992,0.0,train
G_-Y87hhuYk_seg_033.wav,data/interim/segmented_clean_relaxed/spasmodic_dysphonia/G_-Y87hhuYk_seg_033.wav,G_-Y87hhuYk,033,spasmodic_dysphonia,clean_pool,02c8821596fd4240bbf76bee14ad45325179777894bcedc4f65640bc936f513d,16000,1,2,48000,3.0,-19.49,0.2675,0.0,train
G_-Y87hhuYk_seg_034.wav,data/interim/segmented_clean_relaxed/spasmodic_dysphonia/G_-Y87hhuYk_seg_034.wav,G_-Y87hhuYk,034,spasmodic_dysphonia,clean_pool,70b648b6295276560745b09a64dd17c7fb6c289735fdf0ed5a2c38feb53fe291,16000,1,2,48000,3.0,-20.57,0.3538,0.0,train
G_-Y87hhuYk_seg_035.wav,data/interim/segmented_clean_relaxed/spasmodic_dysphonia/G_-Y87hhuYk_seg_035.wav,G_-Y87hhuYk,035,spasmodic_dysphonia,clean_pool,14cb64bb8d2158aab161ca35523945f5f2ec6018604809333a1fc10bf95df91d,16000,1,2,48000,3.0,-19.97,0.2819,0.0,train
G_-Y87hhuYk_seg_036.wav,data/interim/segmented_clean_relaxed/spasmodic_dysphonia/G_-Y87hhuYk_seg_036.wav,G_-Y87hhuYk,036,spasmodic_dysphonia,clean_pool,00d2a8848c92403bcf48d8d48dc2c258dc6b1afa0910394add1130db381c8525,16000,1,2,48000,3.0,-19.96,0.3349,0.0,train
G_-Y87hhuYk_seg_037.wav,data/interim/segmented_clean_relaxed/spasmodic_dysphonia/G_-Y87hhuYk_seg_037.wav,G_-Y87hhuYk,037,spasmodic_dysphonia,clean_pool,d0092bf2227566bea79a36dce85c7f89e60f7c522611e05380a93898daa8c130,16000,1,2,48000,3.0,-19.99,0.4248,0.0,train
G_-Y87hhuYk_seg_038.wav,data/interim/segmented_clean_relaxed/spasmodic_dysphonia/G_-Y87hhuYk_seg_038.wav,G_-Y87hhuYk,038,spasmodic_dysphonia,clean_pool,6f41a009d8c3d266f9cc8c9be03659a22aaf2f5574059b48f30daab8cd529ade,16000,1,2,48000,3.0,-19.56,0.2033,0.0,train
G_-Y87hhuYk_seg_039.wav,data/interim/segmented_clean_relaxed/spasmodic_dysphonia/G_-Y87hhuYk_seg_039.wav,G_-Y87hhuYk,039,spasmodic_dysphonia,clean_pool,1ecf4d23c97262f1ff314be50d6c5a9a484ee245a5a844234b6bd7ad211eebf1,16000,1,2,48000,3.0,-22.06,0.4871,0.0,train
G_-Y87hhuYk_seg_040.wav,data/interim/segmented_clean_relaxed/spasmodic_dysphonia/G_-Y87hhuYk_seg_040.wav,G_-Y87hhuYk,040,spasmodic_dysphonia,clean_pool,4900b7512bc739e62e0a5b3588cd2ec649823818aabe913c1a1e30dce9e3392a,16000,1,2,48000,3.0,-21.05,0.289,0.0,train
G_-Y87hhuYk_seg_041.wav,data/interim/segmented_clean_relaxed/spasmodic_dysphonia/G_-Y87hhuYk_seg_041.wav,G_-Y87hhuYk,041,spasmodic_dysphonia,clean_pool,ca28a5ee1e2f84cd835e9f5a5dadf7bd2077c704414fee8c9648c9c3f0ce20ea,16000,1,2,48000,3.0,-21.08,0.4547,0.0,train
G_-Y87hhuYk_seg_042.wav,data/interim/segmented_clean_relaxed/spasmodic_dysphonia/G_-Y87hhuYk_seg_042.wav,G_-Y87hhuYk,042,spasmodic_dysphonia,clean_pool,d59387c6cf4087bed0eedf2a79a4f40a8c975e280a05562d15c14452c8f1f467,16000,1,2,48000,3.0,-21.98,0.2464,0.0,train
G_-Y87hhuYk_seg_043.wav,data/interim/segmented_clean_relaxed/spasmodic_dysphonia/G_-Y87hhuYk_seg_043.wav,G_-Y87hhuYk,043,spasmodic_dysphonia,clean_pool,c4acd24ce0b347c8d5a0e37a74fd540cb2f003ce18a030230ca0450ce368145d,16000,1,2,48000,3.0,-19.49,0.1386,0.0,train
G_-Y87hhuYk_seg_044.wav,data/interim/segmented_clean_relaxed/spasmodic_dysphonia/G_-Y87hhuYk_seg_044.wav,G_-Y87hhuYk,044,spasmodic_dysphonia,clean_pool,8040d864d86bc5c10cabce0ad1caab76bacf54b04b4a30c1cec8893e355beb3a,16000,1,2,48000,3.0,-19.21,0.2871,0.0,train
G_-Y87hhuYk_seg_045.wav,data/interim/segmented_clean_relaxed/spasmodic_dysphonia/G_-Y87hhuYk_seg_045.wav,G_-Y87hhuYk,045,spasmodic_dysphonia,clean_pool,4e31d01f7e9ed9af26e09dbc77cd79935c65fc3629c0336a3200701128cf4f88,16000,1,2,48000,3.0,-19.77,0.1954,0.0,train
G_-Y87hhuYk_seg_046.wav,data/interim/segmented_clean_relaxed/spasmodic_dysphonia/G_-Y87hhuYk_seg_046.wav,G_-Y87hhuYk,046,spasmodic_dysphonia,clean_pool,b93a935f8ee18b00ecf8f5a9abb9eb6b03642c754bc61eba5d30651b5261349f,16000,1,2,48000,3.0,-20.57,0.3094,0.0,train
G_-Y87hhuYk_seg_047.wav,data/interim/segmented_clean_relaxed/spasmodic_dysphonia/G_-Y87hhuYk_seg_047.wav,G_-Y87hhuYk,047,spasmodic_dysphonia,clean_pool,ff8ad4d996e3b9742b9293032ae8ab0937b32f42f915c82686797a3cafbd48b4,16000,1,2,48000,3.0,-19.51,0.1729,0.0,train
G_-Y87hhuYk_seg_048.wav,data/interim/segmented_clean_relaxed/spasmodic_dysphonia/G_-Y87hhuYk_seg_048.wav,G_-Y87hhuYk,048,spasmodic_dysphonia,clean_pool,9f0985ec0ebc616f4c867984d8ba0150b9c191c95985c9edb7509ef8b1228da5,16000,1,2,48000,3.0,-19.93,0.3608,0.0,train
G_-Y87hhuYk_seg_049.wav,data/interim/segmented_clean_relaxed/spasmodic_dysphonia/G_-Y87hhuYk_seg_049.wav,G_-Y87hhuYk,049,spasmodic_dysphonia,clean_pool,34d919c7ff11e397b8cb45106f98431678936822805ef3e5487b89c768b58903,16000,1,2,48000,3.0,-21.3,0.1875,0.0,train
G_-Y87hhuYk_seg_050.wav,data/interim/segmented_clean_relaxed/spasmodic_dysphonia/G_-Y87hhuYk_seg_050.wav,G_-Y87hhuYk,050,spasmodic_dysphonia,clean_pool,8bb11e7a08795b88c23911da06156de1272bc23617ad733b59be0c461b6b7a62,16000,1,2,48000,3.0,-19.59,0.3782,0.0,train
G_-Y87hhuYk_seg_051.wav,data/interim/segmented_clean_relaxed/spasmodic_dysphonia/G_-Y87hhuYk_seg_051.wav,G_-Y87hhuYk,051,spasmodic_dysphonia,clean_pool,8a662fae7b173a3bfc3806a4ed10a3c9751d94c5db617cdd079e28d30d8265a7,16000,1,2,48000,3.0,-21.1,0.2657,0.0,train
G_-Y87hhuYk_seg_052.wav,data/interim/segmented_clean_relaxed/spasmodic_dysphonia/G_-Y87hhuYk_seg_052.wav,G_-Y87hhuYk,052,spasmodic_dysphonia,clean_pool,474f279508a54a6ff8de43b39d8884eca60cd353a5f2fce01d22ba56802f822e,16000,1,2,48000,3.0,-20.41,0.2594,0.0,train
G_-Y87hhuYk_seg_053.wav,data/interim/segmented_clean_relaxed/spasmodic_dysphonia/G_-Y87hhuYk_seg_053.wav,G_-Y87hhuYk,053,spasmodic_dysphonia,clean_pool,ec140e5bff328ae840feb21229a861ec1e3729734612f46fd4f265ac60394110,16000,1,2,33792,2.112,-24.34,0.5946,0.0,train
gdHAkgFHWpQ_seg_000.wav,data/interim/segmented_clean_relaxed/spasmodic_dysphonia/gdHAkgFHWpQ_seg_000.wav,gdHAkgFHWpQ,000,spasmodic_dysphonia,clean_pool,f61725ea8bb08e1cd70fdc7a830505507bfa864712e3d9af7f14d0823c22fdeb,16000,1,2,48000,3.0,-28.19,0.1032,0.0,train
gdHAkgFHWpQ_seg_001.wav,data/interim/segmented_clean_relaxed/spasmodic_dysphonia/gdHAkgFHWpQ_seg_001.wav,gdHAkgFHWpQ,001,spasmodic_dysphonia,clean_pool,c43df47fbac33b3e43dc32e4efb79f06bf3afc545866876fb03e404d4e66570d,16000,1,2,48000,3.0,-28.58,0.2573,0.0,train
gdHAkgFHWpQ_seg_002.wav,data/interim/segmented_clean_relaxed/spasmodic_dysphonia/gdHAkgFHWpQ_seg_002.wav,gdHAkgFHWpQ,002,spasmodic_dysphonia,clean_pool,9f207a32dea6aec3dd0190f8f815d0ba5db78d3f79d44f89baf2b6d1b0bbf651,16000,1,2,48000,3.0,-29.17,0.2481,0.0,train
gdHAkgFHWpQ_seg_003.wav,data/interim/segmented_clean_relaxed/spasmodic_dysphonia/gdHAkgFHWpQ_seg_003.wav,gdHAkgFHWpQ,003,spasmodic_dysphonia,clean_pool,56d9209dc95eb15f4193998c0edf819c776703329b8ed144ca3ce2efc98d1a9d,16000,1,2,48000,3.0,-30.45,0.3076,0.0,train
gdHAkgFHWpQ_seg_004.wav,data/interim/segmented_clean_relaxed/spasmodic_dysphonia/gdHAkgFHWpQ_seg_004.wav,gdHAkgFHWpQ,004,spasmodic_dysphonia,clean_pool,b9f97c95c71f46e1e8ba1149bb3a0ee021275a9c24075f7c1290d06281058954,16000,1,2,48000,3.0,-27.95,0.2342,0.0,train
gdHAkgFHWpQ_seg_005.wav,data/interim/segmented_clean_relaxed/spasmodic_dysphonia/gdHAkgFHWpQ_seg_005.wav,gdHAkgFHWpQ,005,spasmodic_dysphonia,clean_pool,9a2ea56813dbd752dc120ec9d84287a851297c90fa4c9e773beb1b74a692e3f2,16000,1,2,48000,3.0,-27.82,0.1872,0.0,train
gdHAkgFHWpQ_seg_006.wav,data/interim/segmented_clean_relaxed/spasmodic_dysphonia/gdHAkgFHWpQ_seg_006.wav,gdHAkgFHWpQ,006,spasmodic_dysphonia,clean_pool,802ec499b60283ffa988d05be73283ddfd8d7a0ed914609227e778d86353f39e,16000,1,2,48000,3.0,-30.58,0.2501,0.0,train
gdHAkgFHWpQ_seg_007.wav,data/interim/segmented_clean_relaxed/spasmodic_dysphonia/gdHAkgFHWpQ_seg_007.wav,gdHAkgFHWpQ,007,spasmodic_dysphonia,clean_pool,24a14ca23f24ee61cc57047836163e66dea9a8f1a6b8558ccf658580c45d4ba2,16000,1,2,48000,3.0,-27.64,0.2351,0.0,train
gdHAkgFHWpQ_seg_008.wav,data/interim/segmented_clean_relaxed/spasmodic_dysphonia/gdHAkgFHWpQ_seg_008.wav,gdHAkgFHWpQ,008,spasmodic_dysphonia,clean_pool,b6fac592a37989df3680f6bbcf96b710f34d9a2afba2ffffa0f464173c795ba0,16000,1,2,48000,3.0,-29.42,0.252,0.0,train
gdHAkgFHWpQ_seg_009.wav,data/interim/segmented_clean_relaxed/spasmodic_dysphonia/gdHAkgFHWpQ_seg_009.wav,gdHAkgFHWpQ,009,spasmodic_dysphonia,clean_pool,2f19cf095d0c29074cd7cb3af9d880eee3caeb8c827a843f59d7bccda740db23,16000,1,2,48000,3.0,-28.05,0.2113,0.0,train
gdHAkgFHWpQ_seg_010.wav,data/interim/segmented_clean_relaxed/spasmodic_dysphonia/gdHAkgFHWpQ_seg_010.wav,gdHAkgFHWpQ,010,spasmodic_dysphonia,clean_pool,d94d34fae1ff229ed20af38efce1b17faf5c2292fb73bc5dc6ddb794565a682c,16000,1,2,48000,3.0,-26.55,0.2143,0.0,train
gdHAkgFHWpQ_seg_011.wav,data/interim/segmented_clean_relaxed/spasmodic_dysphonia/gdHAkgFHWpQ_seg_011.wav,gdHAkgFHWpQ,011,spasmodic_dysphonia,clean_pool,3a70359008b29a0fc82ab38dd1281efa98d580d976d95f0d708f2402bebc58e4,16000,1,2,48000,3.0,-28.15,0.2074,0.0,train
gdHAkgFHWpQ_seg_012.wav,data/interim/segmented_clean_relaxed/spasmodic_dysphonia/gdHAkgFHWpQ_seg_012.wav,gdHAkgFHWpQ,012,spasmodic_dysphonia,clean_pool,2d9ae3c60663bbc7bb49b2db11f293651f96d616d628e3dbea3efd7f4c670055,16000,1,2,48000,3.0,-29.92,0.2319,0.0,train
gdHAkgFHWpQ_seg_013.wav,data/interim/segmented_clean_relaxed/spasmodic_dysphonia/gdHAkgFHWpQ_seg_013.wav,gdHAkgFHWpQ,013,spasmodic_dysphonia,clean_pool,5877f1d4c1c0a0d5c921e4efd554ae0a7782589274b171219f6ceaa9934aa601,16000,1,2,48000,3.0,-27.55,0.2338,0.0,train
gdHAkgFHWpQ_seg_014.wav,data/interim/segmented_clean_relaxed/spasmodic_dysphonia/gdHAkgFHWpQ_seg_014.wav,gdHAkgFHWpQ,014,spasmodic_dysphonia,clean_pool,083d5e84095e449eb5cb1c9bf16e9cc5aea540ed773adb06c5d8ed22fa859a71,16000,1,2,48000,3.0,-26.93,0.2027,0.0,train
gdHAkgFHWpQ_seg_015.wav,data/interim/segmented_clean_relaxed/spasmodic_dysphonia/gdHAkgFHWpQ_seg_015.wav,gdHAkgFHWpQ,015,spasmodic_dysphonia,clean_pool,b65bdc43d30d49c89cad782e5fe94dae4778b1d806a060493246298e437b6483,16000,1,2,48000,3.0,-30.18,0.2352,0.0,train
gdHAkgFHWpQ_seg_016.wav,data/interim/segmented_clean_relaxed/spasmodic_dysphonia/gdHAkgFHWpQ_seg_016.wav,gdHAkgFHWpQ,016,spasmodic_dysphonia,clean_pool,ad2dc934093f43d26a39ed60f8556456cf13d02b43f6199f68f5171fd47853e7,16000,1,2,48000,3.0,-30.93,0.287,0.0,train
gdHAkgFHWpQ_seg_017.wav,data/interim/segmented_clean_relaxed/spasmodic_dysphonia/gdHAkgFHWpQ_seg_017.wav,gdHAkgFHWpQ,017,spasmodic_dysphonia,clean_pool,30a0e7d5cedc147d2dfffda6f98afa0542aac9586710b2b4d005cf5c4bf88a23,16000,1,2,48000,3.0,-28.95,0.2716,0.0,train
gdHAkgFHWpQ_seg_018.wav,data/interim/segmented_clean_relaxed/spasmodic_dysphonia/gdHAkgFHWpQ_seg_018.wav,gdHAkgFHWpQ,018,spasmodic_dysphonia,clean_pool,8629d4bd8f766063a7545ec7c9051cd04ca29866479c71c1465b063bf6b458ae,16000,1,2,48000,3.0,-28.69,0.2213,0.0,train
gdHAkgFHWpQ_seg_019.wav,data/interim/segmented_clean_relaxed/spasmodic_dysphonia/gdHAkgFHWpQ_seg_019.wav,gdHAkgFHWpQ,019,spasmodic_dysphonia,clean_pool,b1adf9b290bab54208c8826e7c8daab4a42c3d9698b95b0bbb0be46162c56e10,16000,1,2,48000,3.0,-27.81,0.2996,0.0,train
gdHAkgFHWpQ_seg_020.wav,data/interim/segmented_clean_relaxed/spasmodic_dysphonia/gdHAkgFHWpQ_seg_020.wav,gdHAkgFHWpQ,020,spasmodic_dysphonia,clean_pool,5e08b0751c4dd28dcc3133a029fce8feefb06af1207891b81c0e1f4966a555c8,16000,1,2,48000,3.0,-26.93,0.1986,0.0,train
gdHAkgFHWpQ_seg_021.wav,data/interim/segmented_clean_relaxed/spasmodic_dysphonia/gdHAkgFHWpQ_seg_021.wav,gdHAkgFHWpQ,021,spasmodic_dysphonia,clean_pool,2b1cfb3b98a0ad246b0f66cb87847b0a6e0edb4b1508a825f0a60ea17d1ee731,16000,1,2,48000,3.0,-25.52,0.1852,0.0,train
gdHAkgFHWpQ_seg_022.wav,data/interim/segmented_clean_relaxed/spasmodic_dysphonia/gdHAkgFHWpQ_seg_022.wav,gdHAkgFHWpQ,022,spasmodic_dysphonia,clean_pool,45a30be24c9c1d9cab09a8a2d8f38782b56bb0c4ad9e1fbcd3864c565d53347a,16000,1,2,48000,3.0,-27.24,0.2108,0.0,train
gdHAkgFHWpQ_seg_023.wav,data/interim/segmented_clean_relaxed/spasmodic_dysphonia/gdHAkgFHWpQ_seg_023.wav,gdHAkgFHWpQ,023,spasmodic_dysphonia,clean_pool,9f361c1c8c21a92f18823ca49c6c4a4b144d4b6a5e4c5987aa4f738b664dd913,16000,1,2,48000,3.0,-28.03,0.2109,0.0,train
gdHAkgFHWpQ_seg_024.wav,data/interim/segmented_clean_relaxed/spasmodic_dysphonia/gdHAkgFHWpQ_seg_024.wav,gdHAkgFHWpQ,024,spasmodic_dysphonia,clean_pool,7893d07b2425e1f6b9114bead5228a749c6782c9729d19d911834688fde65e29,16000,1,2,48000,3.0,-26.79,0.1665,0.0,train
gdHAkgFHWpQ_seg_025.wav,data/interim/segmented_clean_relaxed/spasmodic_dysphonia/gdHAkgFHWpQ_seg_025.wav,gdHAkgFHWpQ,025,spasmodic_dysphonia,clean_pool,1a4b9e15c088647a50a229b73c8908a7db3117b376eb66539be531273619d033,16000,1,2,48000,3.0,-27.36,0.1945,0.0,train
gdHAkgFHWpQ_seg_026.wav,data/interim/segmented_clean_relaxed/spasmodic_dysphonia/gdHAkgFHWpQ_seg_026.wav,gdHAkgFHWpQ,026,spasmodic_dysphonia,clean_pool,4fe3eb7b989f6cd66e7c24aee3a8d52ad3a9961e1b42decbfd46751bcacc7ddf,16000,1,2,48000,3.0,-28.45,0.2068,0.0,train
gdHAkgFHWpQ_seg_027.wav,data/interim/segmented_clean_relaxed/spasmodic_dysphonia/gdHAkgFHWpQ_seg_027.wav,gdHAkgFHWpQ,027,spasmodic_dysphonia,clean_pool,a9155538fde877048037b760c06f45302471903e592492643d4ba701b4e51f78,16000,1,2,48000,3.0,-28.71,0.2337,0.0,train
gdHAkgFHWpQ_seg_028.wav,data/interim/segmented_clean_relaxed/spasmodic_dysphonia/gdHAkgFHWpQ_seg_028.wav,gdHAkgFHWpQ,028,spasmodic_dysphonia,clean_pool,5da992aa8c335c50366037c68b918b1480ce8b133f084ae0e93422c1be727ac1,16000,1,2,48000,3.0,-29.23,0.2138,0.0,train
gdHAkgFHWpQ_seg_029.wav,data/interim/segmented_clean_relaxed/spasmodic_dysphonia/gdHAkgFHWpQ_seg_029.wav,gdHAkgFHWpQ,029,spasmodic_dysphonia,clean_pool,5480965177a18f0de1c9a3a80a7066d3104e7761b3098bc913ff41b55da31635,16000,1,2,48000,3.0,-27.34,0.169,0.0,train
gdHAkgFHWpQ_seg_030.wav,data/interim/segmented_clean_relaxed/spasmodic_dysphonia/gdHAkgFHWpQ_seg_030.wav,gdHAkgFHWpQ,030,spasmodic_dysphonia,clean_pool,d6581485bf6cfa6fe4e9295fccee91af1057705ed0beedbc37177f61ac0dd613,16000,1,2,48000,3.0,-29.24,0.233,0.0,train
gdHAkgFHWpQ_seg_031.wav,data/interim/segmented_clean_relaxed/spasmodic_dysphonia/gdHAkgFHWpQ_seg_031.wav,gdHAkgFHWpQ,031,spasmodic_dysphonia,clean_pool,491fcf16988a5c62dd6c237d994ce2710aed3df04deef245fde589994d34418e,16000,1,2,48000,3.0,-25.85,0.1911,0.0,train
gdHAkgFHWpQ_seg_032.wav,data/interim/segmented_clean_relaxed/spasmodic_dysphonia/gdHAkgFHWpQ_seg_032.wav,gdHAkgFHWpQ,032,spasmodic_dysphonia,clean_pool,bd8c419d201ea260d589d53b1cd37de124aea2f64b856b1b0abcd4e43aa4fe71,16000,1,2,48000,3.0,-26.47,0.1837,0.0,train
gdHAkgFHWpQ_seg_033.wav,data/interim/segmented_clean_relaxed/spasmodic_dysphonia/gdHAkgFHWpQ_seg_033.wav,gdHAkgFHWpQ,033,spasmodic_dysphonia,clean_pool,2c4ec38221992bed850901367f900e0991839c727ae683c5c10331ba38a39189,16000,1,2,48000,3.0,-26.1,0.1981,0.0,train
gdHAkgFHWpQ_seg_034.wav,data/interim/segmented_clean_relaxed/spasmodic_dysphonia/gdHAkgFHWpQ_seg_034.wav,gdHAkgFHWpQ,034,spasmodic_dysphonia,clean_pool,2b588f1773b169fb71d2879295f8c878a63af4198cfc70075aec0183bc12bab1,16000,1,2,48000,3.0,-28.83,0.2422,0.0,train
gdHAkgFHWpQ_seg_035.wav,data/interim/segmented_clean_relaxed/spasmodic_dysphonia/gdHAkgFHWpQ_seg_035.wav,gdHAkgFHWpQ,035,spasmodic_dysphonia,clean_pool,ac3734ed890afa1287992afefb5cd8d30108e93b38e79ded7057ffbe768431e6,16000,1,2,48000,3.0,-26.0,0.2335,0.0,train
gdHAkgFHWpQ_seg_036.wav,data/interim/segmented_clean_relaxed/spasmodic_dysphonia/gdHAkgFHWpQ_seg_036.wav,gdHAkgFHWpQ,036,spasmodic_dysphonia,clean_pool,ad8eebafca44309ae8232c77dbd504bc0c833348247fce950f7b821d00a4a19e,16000,1,2,48000,3.0,-27.98,0.2527,0.0,train
gdHAkgFHWpQ_seg_037.wav,data/interim/segmented_clean_relaxed/spasmodic_dysphonia/gdHAkgFHWpQ_seg_037.wav,gdHAkgFHWpQ,037,spasmodic_dysphonia,clean_pool,cf0287cb1f9345caa2afe49555c9db8672ef0839b1a2c953758e4811bbad59cb,16000,1,2,48000,3.0,-31.15,0.2858,0.0,train
gdHAkgFHWpQ_seg_038.wav,data/interim/segmented_clean_relaxed/spasmodic_dysphonia/gdHAkgFHWpQ_seg_038.wav,gdHAkgFHWpQ,038,spasmodic_dysphonia,clean_pool,98042f20192fb7fc3fb6d1991508a877362947172a12b72d6c9005ef1501bb70,16000,1,2,48000,3.0,-25.7,0.1847,0.0,train
gdHAkgFHWpQ_seg_039.wav,data/interim/segmented_clean_relaxed/spasmodic_dysphonia/gdHAkgFHWpQ_seg_039.wav,gdHAkgFHWpQ,039,spasmodic_dysphonia,clean_pool,13e285c4e4709343fbebc6078a7d9b11a0167217957fb72ecac775fc92e122f5,16000,1,2,48000,3.0,-27.73,0.1996,0.0,train
gdHAkgFHWpQ_seg_040.wav,data/interim/segmented_clean_relaxed/spasmodic_dysphonia/gdHAkgFHWpQ_seg_040.wav,gdHAkgFHWpQ,040,spasmodic_dysphonia,clean_pool,f1f2e5a0cfb47d9548d5ead7af87b0a0fdcda739a40cf275b44c4293ad3e2794,16000,1,2,48000,3.0,-28.0,0.1848,0.0,train
gdHAkgFHWpQ_seg_041.wav,data/interim/segmented_clean_relaxed/spasmodic_dysphonia/gdHAkgFHWpQ_seg_041.wav,gdHAkgFHWpQ,041,spasmodic_dysphonia,clean_pool,5c6154cb4636968f503140765a0e0524cf4e038f4a5af1244bfe8fac302579fb,16000,1,2,48000,3.0,-28.45,0.2309,0.0,train
gdHAkgFHWpQ_seg_042.wav,data/interim/segmented_clean_relaxed/spasmodic_dysphonia/gdHAkgFHWpQ_seg_042.wav,gdHAkgFHWpQ,042,spasmodic_dysphonia,clean_pool,24a1e7bcf9bbcd9fc27e7ea6a242b70ac7a4b0719d1c08cf575a7022ed083a9b,16000,1,2,48000,3.0,-27.78,0.2919,0.0,train
gdHAkgFHWpQ_seg_043.wav,data/interim/segmented_clean_relaxed/spasmodic_dysphonia/gdHAkgFHWpQ_seg_043.wav,gdHAkgFHWpQ,043,spasmodic_dysphonia,clean_pool,8165c001c7b41d72c2ac822828fa831662610e86691387c7c6f28a8fff6a9ed3,16000,1,2,48000,3.0,-25.37,0.1984,0.0,train
gdHAkgFHWpQ_seg_044.wav,data/interim/segmented_clean_relaxed/spasmodic_dysphonia/gdHAkgFHWpQ_seg_044.wav,gdHAkgFHWpQ,044,spasmodic_dysphonia,clean_pool,5fae5b23fbb46a8ad491562ab32f9287a4f0fa23859033d1d5c861d00553239f,16000,1,2,48000,3.0,-29.44,0.2201,0.0,train
gdHAkgFHWpQ_seg_045.wav,data/interim/segmented_clean_relaxed/spasmodic_dysphonia/gdHAkgFHWpQ_seg_045.wav,gdHAkgFHWpQ,045,spasmodic_dysphonia,clean_pool,b63309d96b32ddab9d67f2ebdcd51824243f53bbbb82e928c447eb8a544539ef,16000,1,2,48000,3.0,-29.93,0.2753,0.0,train
gdHAkgFHWpQ_seg_046.wav,data/interim/segmented_clean_relaxed/spasmodic_dysphonia/gdHAkgFHWpQ_seg_046.wav,gdHAkgFHWpQ,046,spasmodic_dysphonia,clean_pool,e9d36847fc6450b1b35dc74f5afd0335c564ed17211f7074756c009f9fcc9342,16000,1,2,48000,3.0,-27.33,0.2472,0.0,train
gdHAkgFHWpQ_seg_047.wav,data/interim/segmented_clean_relaxed/spasmodic_dysphonia/gdHAkgFHWpQ_seg_047.wav,gdHAkgFHWpQ,047,spasmodic_dysphonia,clean_pool,85875fc70868fc4502a524d208b9d1702705c016699a614dae02632bd99cb13f,16000,1,2,48000,3.0,-27.5,0.2383,0.0,train
gdHAkgFHWpQ_seg_048.wav,data/interim/segmented_clean_relaxed/spasmodic_dysphonia/gdHAkgFHWpQ_seg_048.wav,gdHAkgFHWpQ,048,spasmodic_dysphonia,clean_pool,3e4360173b58d24a783fcdb96f9cf0db448147263d8d9e32001b6cb1517d5514,16000,1,2,48000,3.0,-28.51,0.2569,0.0,train
gdHAkgFHWpQ_seg_049.wav,data/interim/segmented_clean_relaxed/spasmodic_dysphonia/gdHAkgFHWpQ_seg_049.wav,gdHAkgFHWpQ,049,spasmodic_dysphonia,clean_pool,080a2ba75a96e6b5691504cede7818385e648927019da8819b06c8c443331200,16000,1,2,48000,3.0,-29.58,0.2569,0.0,train
gdHAkgFHWpQ_seg_050.wav,data/interim/segmented_clean_relaxed/spasmodic_dysphonia/gdHAkgFHWpQ_seg_050.wav,gdHAkgFHWpQ,050,spasmodic_dysphonia,clean_pool,74b4eeb36bb68c869102d46288733b3d8d12d4dd15bb0f753219dde359a87f12,16000,1,2,48000,3.0,-29.76,0.2228,0.0,train
gdHAkgFHWpQ_seg_051.wav,data/interim/segmented_clean_relaxed/spasmodic_dysphonia/gdHAkgFHWpQ_seg_051.wav,gdHAkgFHWpQ,051,spasmodic_dysphonia,clean_pool,e45b140278a45d0a48f66505b57fb252048e8001173391c6d5b43ff6aa02088c,16000,1,2,48000,3.0,-29.56,0.2491,0.0,train
gdHAkgFHWpQ_seg_052.wav,data/interim/segmented_clean_relaxed/spasmodic_dysphonia/gdHAkgFHWpQ_seg_052.wav,gdHAkgFHWpQ,052,spasmodic_dysphonia,clean_pool,65a6560c729fb1901723b3bdef8729abd92f7838eb2791f48ac41c9b170b0a92,16000,1,2,48000,3.0,-29.06,0.2657,0.0,train
gdHAkgFHWpQ_seg_053.wav,data/interim/segmented_clean_relaxed/spasmodic_dysphonia/gdHAkgFHWpQ_seg_053.wav,gdHAkgFHWpQ,053,spasmodic_dysphonia,clean_pool,7fc86776c293f95c718d8a544c787081bfb0aa70705a2b76768ee796ad362b45,16000,1,2,48000,3.0,-28.3,0.2302,0.0,train
gdHAkgFHWpQ_seg_054.wav,data/interim/segmented_clean_relaxed/spasmodic_dysphonia/gdHAkgFHWpQ_seg_054.wav,gdHAkgFHWpQ,054,spasmodic_dysphonia,clean_pool,2d54d58fb8558f8bb5cfc8ea072db8ffe28fe7f6d1041fa3eee6f6c56f73db8a,16000,1,2,48000,3.0,-30.7,0.2786,0.0,train
gdHAkgFHWpQ_seg_055.wav,data/interim/segmented_clean_relaxed/spasmodic_dysphonia/gdHAkgFHWpQ_seg_055.wav,gdHAkgFHWpQ,055,spasmodic_dysphonia,clean_pool,3e16ed6ee9e54abd1619504217fc61b52d022d4243ee4805659401879fedbde9,16000,1,2,48000,3.0,-31.92,0.3215,0.0,train
gdHAkgFHWpQ_seg_056.wav,data/interim/segmented_clean_relaxed/spasmodic_dysphonia/gdHAkgFHWpQ_seg_056.wav,gdHAkgFHWpQ,056,spasmodic_dysphonia,clean_pool,149223f43f289e852ab086ceb2f8dbc66d3ecb04fa2e67fa3559ea50a0cb6c6c,16000,1,2,48000,3.0,-26.61,0.1926,0.0,train
gdHAkgFHWpQ_seg_057.wav,data/interim/segmented_clean_relaxed/spasmodic_dysphonia/gdHAkgFHWpQ_seg_057.wav,gdHAkgFHWpQ,057,spasmodic_dysphonia,clean_pool,49977fcb51d2974ab3354698781e5307c6a186681d349a90b2f1131bc048c173,16000,1,2,48000,3.0,-30.01,0.2698,0.0,train
gdHAkgFHWpQ_seg_058.wav,data/interim/segmented_clean_relaxed/spasmodic_dysphonia/gdHAkgFHWpQ_seg_058.wav,gdHAkgFHWpQ,058,spasmodic_dysphonia,clean_pool,8217d1935ab5f62718a3489c0a21ef011c360df9c7fda43990238b87c0dcfa52,16000,1,2,48000,3.0,-27.43,0.1861,0.0,train
gdHAkgFHWpQ_seg_059.wav,data/interim/segmented_clean_relaxed/spasmodic_dysphonia/gdHAkgFHWpQ_seg_059.wav,gdHAkgFHWpQ,059,spasmodic_dysphonia,clean_pool,da6e0492a27a47e5c54f8d3dbf979995d85251335970787fb2aad7bfd9b043e2,16000,1,2,48000,3.0,-29.48,0.2396,0.0,train
gdHAkgFHWpQ_seg_060.wav,data/interim/segmented_clean_relaxed/spasmodic_dysphonia/gdHAkgFHWpQ_seg_060.wav,gdHAkgFHWpQ,060,spasmodic_dysphonia,clean_pool,3dffcb8a539b231b343fb7acc0fe10e018d3f857f1a792644a1a51ae34f5d6a3,16000,1,2,48000,3.0,-29.88,0.239,0.0,train
gdHAkgFHWpQ_seg_061.wav,data/interim/segmented_clean_relaxed/spasmodic_dysphonia/gdHAkgFHWpQ_seg_061.wav,gdHAkgFHWpQ,061,spasmodic_dysphonia,clean_pool,9cc80d0867c7a64be34135b37a2a838303219eb154a6dc2788031c29e187f240,16000,1,2,48000,3.0,-29.02,0.259,0.0,train
gdHAkgFHWpQ_seg_062.wav,data/interim/segmented_clean_relaxed/spasmodic_dysphonia/gdHAkgFHWpQ_seg_062.wav,gdHAkgFHWpQ,062,spasmodic_dysphonia,clean_pool,4ce78bc2c2c993aa6930811e095e04ecd53f72d6d62f30e2a0d5bffc5b3a07bc,16000,1,2,48000,3.0,-28.56,0.2234,0.0,train
gdHAkgFHWpQ_seg_063.wav,data/interim/segmented_clean_relaxed/spasmodic_dysphonia/gdHAkgFHWpQ_seg_063.wav,gdHAkgFHWpQ,063,spasmodic_dysphonia,clean_pool,8b3ee2ae45aa8fb0162e65504e38d8288676e0249620441262786313a9b7d0aa,16000,1,2,48000,3.0,-32.44,0.3075,0.0,train
gdHAkgFHWpQ_seg_064.wav,data/interim/segmented_clean_relaxed/spasmodic_dysphonia/gdHAkgFHWpQ_seg_064.wav,gdHAkgFHWpQ,064,spasmodic_dysphonia,clean_pool,d612a886b1774456b97f4456f2bb94dd7318657a9597762739ec9c13c3725b39,16000,1,2,48000,3.0,-26.1,0.2445,0.0,train
gdHAkgFHWpQ_seg_065.wav,data/interim/segmented_clean_relaxed/spasmodic_dysphonia/gdHAkgFHWpQ_seg_065.wav,gdHAkgFHWpQ,065,spasmodic_dysphonia,clean_pool,2955af0921a7706ada93c639c542e62ddc2f8e70835890c756c7c35852323a6f,16000,1,2,48000,3.0,-28.06,0.312,0.0,train
gdHAkgFHWpQ_seg_066.wav,data/interim/segmented_clean_relaxed/spasmodic_dysphonia/gdHAkgFHWpQ_seg_066.wav,gdHAkgFHWpQ,066,spasmodic_dysphonia,clean_pool,cd126904a04d198f2f3b777737ca8e1ddc5790d4106367c207804748fb684d7c,16000,1,2,48000,3.0,-27.61,0.2586,0.0,train
gdHAkgFHWpQ_seg_067.wav,data/interim/segmented_clean_relaxed/spasmodic_dysphonia/gdHAkgFHWpQ_seg_067.wav,gdHAkgFHWpQ,067,spasmodic_dysphonia,clean_pool,9f1ff230ca099cf7610df50857e6e894140d6d0c025a6b096c68e7c7c7738ea6,16000,1,2,48000,3.0,-29.68,0.2351,0.0,train
gdHAkgFHWpQ_seg_068.wav,data/interim/segmented_clean_relaxed/spasmodic_dysphonia/gdHAkgFHWpQ_seg_068.wav,gdHAkgFHWpQ,068,spasmodic_dysphonia,clean_pool,c4dc564bfb398fec46aaa555b4bc94c90aa3fe71d1488ffc49327bbebc87a201,16000,1,2,48000,3.0,-30.28,0.2409,0.0,train
gdHAkgFHWpQ_seg_069.wav,data/interim/segmented_clean_relaxed/spasmodic_dysphonia/gdHAkgFHWpQ_seg_069.wav,gdHAkgFHWpQ,069,spasmodic_dysphonia,clean_pool,53d04be92a418ef98391c19cc81c326fc81612027a3d54ea7465759d6b638a17,16000,1,2,48000,3.0,-29.34,0.2424,0.0,train
gdHAkgFHWpQ_seg_070.wav,data/interim/segmented_clean_relaxed/spasmodic_dysphonia/gdHAkgFHWpQ_seg_070.wav,gdHAkgFHWpQ,070,spasmodic_dysphonia,clean_pool,8066c564f8e862b4378d0942be5ad84232d1bc12720b9f8795c7fecadbd0194c,16000,1,2,48000,3.0,-29.78,0.274,0.0,train
gdHAkgFHWpQ_seg_071.wav,data/interim/segmented_clean_relaxed/spasmodic_dysphonia/gdHAkgFHWpQ_seg_071.wav,gdHAkgFHWpQ,071,spasmodic_dysphonia,clean_pool,02d61cae5d058a4154ef62b0c7230eff250c59888fdc90f0ff4c1e72452b9d1b,16000,1,2,48000,3.0,-31.11,0.2749,0.0,train
gdHAkgFHWpQ_seg_072.wav,data/interim/segmented_clean_relaxed/spasmodic_dysphonia/gdHAkgFHWpQ_seg_072.wav,gdHAkgFHWpQ,072,spasmodic_dysphonia,clean_pool,d72e9b8f826f013402c6ee3c3fae957042e24074654c25e41f520645dc5a4e15,16000,1,2,48000,3.0,-31.35,0.2876,0.0,train
gdHAkgFHWpQ_seg_073.wav,data/interim/segmented_clean_relaxed/spasmodic_dysphonia/gdHAkgFHWpQ_seg_073.wav,gdHAkgFHWpQ,073,spasmodic_dysphonia,clean_pool,fcfeafcd81dc09bbf80d1cf49bc111e6232191094c84717427d86a9cbc9db8db,16000,1,2,48000,3.0,-30.02,0.246,0.0,train
gdHAkgFHWpQ_seg_074.wav,data/interim/segmented_clean_relaxed/spasmodic_dysphonia/gdHAkgFHWpQ_seg_074.wav,gdHAkgFHWpQ,074,spasmodic_dysphonia,clean_pool,4dc1c94a3be1102aefa0468ba5b8bdf43832b5370dd6eacce2a0b91d64f86e5a,16000,1,2,48000,3.0,-28.26,0.2153,0.0,train
gdHAkgFHWpQ_seg_075.wav,data/interim/segmented_clean_relaxed/spasmodic_dysphonia/gdHAkgFHWpQ_seg_075.wav,gdHAkgFHWpQ,075,spasmodic_dysphonia,clean_pool,74e397bceed759db028d110347d57235d07f92f9d1145dc121157f8c5b694b10,16000,1,2,48000,3.0,-31.14,0.2695,0.0,train
gdHAkgFHWpQ_seg_076.wav,data/interim/segmented_clean_relaxed/spasmodic_dysphonia/gdHAkgFHWpQ_seg_076.wav,gdHAkgFHWpQ,076,spasmodic_dysphonia,clean_pool,be71a0ec02156a028f3c5e89ea2f4bcc1743db9dc007b347436ffc065ffda83d,16000,1,2,48000,3.0,-32.09,0.3395,0.0,train
gdHAkgFHWpQ_seg_077.wav,data/interim/segmented_clean_relaxed/spasmodic_dysphonia/gdHAkgFHWpQ_seg_077.wav,gdHAkgFHWpQ,077,spasmodic_dysphonia,clean_pool,36f7ef538b28a69e1e5a156fa6f0ffd30c4b9e08b3dbf1e2598562a483081feb,16000,1,2,48000,3.0,-36.47,0.2116,0.0,train
gdHAkgFHWpQ_seg_078.wav,data/interim/segmented_clean_relaxed/spasmodic_dysphonia/gdHAkgFHWpQ_seg_078.wav,gdHAkgFHWpQ,078,spasmodic_dysphonia,clean_pool,fd93fddaba3a6720adc1d34645a2ccb72b579cb02d964a6fdce81134c009b757,16000,1,2,48000,3.0,-36.77,0.2166,0.0,train
gdHAkgFHWpQ_seg_079.wav,data/interim/segmented_clean_relaxed/spasmodic_dysphonia/gdHAkgFHWpQ_seg_079.wav,gdHAkgFHWpQ,079,spasmodic_dysphonia,clean_pool,b7dbac6dff6aaa495995b7b497cc1678abbb09984dfe7816b4e7a263b5f1b808,16000,1,2,48000,3.0,-36.73,0.2242,0.0,train
GYuVGKtNUfg_seg_000.wav,data/interim/segmented_clean_relaxed/spasmodic_dysphonia/GYuVGKtNUfg_seg_000.wav,GYuVGKtNUfg,000,spasmodic_dysphonia,clean_pool,3f92f6b32fc56ad1d6c1b868133891d95584f539a200c3a48cfcbc6f576a8503,16000,1,2,48000,3.0,-35.84,0.6075,0.0,train
GYuVGKtNUfg_seg_001.wav,data/interim/segmented_clean_relaxed/spasmodic_dysphonia/GYuVGKtNUfg_seg_001.wav,GYuVGKtNUfg,001,spasmodic_dysphonia,clean_pool,75cd47a031d4085aa70a7359ff47435e0fe99962a464c07e5c41d0149f1221f8,16000,1,2,48000,3.0,-38.29,0.6236,0.0,train
GYuVGKtNUfg_seg_002.wav,data/interim/segmented_clean_relaxed/spasmodic_dysphonia/GYuVGKtNUfg_seg_002.wav,GYuVGKtNUfg,002,spasmodic_dysphonia,clean_pool,c3ca19d07fccdd7a1e8cb7a8be6bf15e5685ea03e30dd5c2eebd7ddd8dbb469d,16000,1,2,48000,3.0,-37.12,0.571,0.0,train
GYuVGKtNUfg_seg_003.wav,data/interim/segmented_clean_relaxed/spasmodic_dysphonia/GYuVGKtNUfg_seg_003.wav,GYuVGKtNUfg,003,spasmodic_dysphonia,clean_pool,d1361458e196087708c0b0162bbb38544ee1e4f27b49799364e2e8f36d00b8f0,16000,1,2,48000,3.0,-38.65,0.5994,0.0,train
GYuVGKtNUfg_seg_004.wav,data/interim/segmented_clean_relaxed/spasmodic_dysphonia/GYuVGKtNUfg_seg_004.wav,GYuVGKtNUfg,004,spasmodic_dysphonia,clean_pool,d20b9399d0f67a00477a5e7537abbcdab226844b6873c2617b8030b0e392383d,16000,1,2,48000,3.0,-39.52,0.6106,0.0,train
GYuVGKtNUfg_seg_005.wav,data/interim/segmented_clean_relaxed/spasmodic_dysphonia/GYuVGKtNUfg_seg_005.wav,GYuVGKtNUfg,005,spasmodic_dysphonia,clean_pool,0cf119d76ace5a3a53bd0d8247652757ba86f95e1d28b524f0dc9917cf0bf06e,16000,1,2,48000,3.0,-37.76,0.6072,0.0,train
GYuVGKtNUfg_seg_006.wav,data/interim/segmented_clean_relaxed/spasmodic_dysphonia/GYuVGKtNUfg_seg_006.wav,GYuVGKtNUfg,006,spasmodic_dysphonia,clean_pool,668e826076aca44dd5dbd2f550d210a189a3bdf1a9c7f8b211c9dd1baac49056,16000,1,2,48000,3.0,-38.45,0.5606,0.0,train
GYuVGKtNUfg_seg_007.wav,data/interim/segmented_clean_relaxed/spasmodic_dysphonia/GYuVGKtNUfg_seg_007.wav,GYuVGKtNUfg,007,spasmodic_dysphonia,clean_pool,95873f0e47922381e8962c0896333f7fd9b2ab153b3fdeeeced24d1bcfec9e49,16000,1,2,48000,3.0,-35.51,0.5364,0.0,train
GYuVGKtNUfg_seg_008.wav,data/interim/segmented_clean_relaxed/spasmodic_dysphonia/GYuVGKtNUfg_seg_008.wav,GYuVGKtNUfg,008,spasmodic_dysphonia,clean_pool,4f4d9f1b93651713586f02df873d7a7eba807cf0c2ae703d30922e62a94585be,16000,1,2,48000,3.0,-38.82,0.624,0.0,train
GYuVGKtNUfg_seg_009.wav,data/interim/segmented_clean_relaxed/spasmodic_dysphonia/GYuVGKtNUfg_seg_009.wav,GYuVGKtNUfg,009,spasmodic_dysphonia,clean_pool,eaae2bbc17a3dc36b59c1023b0bc3fe3f3d38b2402b964595ba0819ab39dc3e8,16000,1,2,48000,3.0,-38.77,0.5867,0.0,train
GYuVGKtNUfg_seg_010.wav,data/interim/segmented_clean_relaxed/spasmodic_dysphonia/GYuVGKtNUfg_seg_010.wav,GYuVGKtNUfg,010,spasmodic_dysphonia,clean_pool,7329d47cc417f1a115f7d4bcb3909e3c27c533dc2b7104e65e7ee9fef130ccc5,16000,1,2,48000,3.0,-37.89,0.5766,0.0,train
GYuVGKtNUfg_seg_011.wav,data/interim/segmented_clean_relaxed/spasmodic_dysphonia/GYuVGKtNUfg_seg_011.wav,GYuVGKtNUfg,011,spasmodic_dysphonia,clean_pool,af64b5398a8027d035f2313e782a4bab4516b36c647bf1520dc6db2ef5b827e6,16000,1,2,48000,3.0,-38.71,0.5534,0.0,train
GYuVGKtNUfg_seg_012.wav,data/interim/segmented_clean_relaxed/spasmodic_dysphonia/GYuVGKtNUfg_seg_012.wav,GYuVGKtNUfg,012,spasmodic_dysphonia,clean_pool,ccb93fdffc5be6a47b6deb01ea6159a238c7b691ded64a862d25e05a09d06b63,16000,1,2,48000,3.0,-38.44,0.5372,0.0,train
GYuVGKtNUfg_seg_013.wav,data/interim/segmented_clean_relaxed/spasmodic_dysphonia/GYuVGKtNUfg_seg_013.wav,GYuVGKtNUfg,013,spasmodic_dysphonia,clean_pool,8eaeb0973743c9688ea6d3486970bb09d35fd277f9a688c6a3c516ecdd36c922,16000,1,2,48000,3.0,-40.51,0.681,0.0,train
GYuVGKtNUfg_seg_014.wav,data/interim/segmented_clean_relaxed/spasmodic_dysphonia/GYuVGKtNUfg_seg_014.wav,GYuVGKtNUfg,014,spasmodic_dysphonia,clean_pool,1c810cdeae714848c3075f8f4603a321af3a783a8ec688339e024c6247625062,16000,1,2,48000,3.0,-36.07,0.5537,0.0,train
GYuVGKtNUfg_seg_015.wav,data/interim/segmented_clean_relaxed/spasmodic_dysphonia/GYuVGKtNUfg_seg_015.wav,GYuVGKtNUfg,015,spasmodic_dysphonia,clean_pool,1516d8a1dde078fa5a24315726c618cf0b902a9ec282ef7c8e0d8ff9d5a80d98,16000,1,2,48000,3.0,-34.35,0.4529,0.0,train
GYuVGKtNUfg_seg_016.wav,data/interim/segmented_clean_relaxed/spasmodic_dysphonia/GYuVGKtNUfg_seg_016.wav,GYuVGKtNUfg,016,spasmodic_dysphonia,clean_pool,94c7bcefe40e01159e04c37bd1be36f9f523215186dbf23edd8c05306bbb8ebf,16000,1,2,48000,3.0,-36.43,0.5621,0.0,train
GYuVGKtNUfg_seg_017.wav,data/interim/segmented_clean_relaxed/spasmodic_dysphonia/GYuVGKtNUfg_seg_017.wav,GYuVGKtNUfg,017,spasmodic_dysphonia,clean_pool,9aefa236120a97e6b6bb64fa4734b37b624ef699854e2417605fa3d78bd71962,16000,1,2,48000,3.0,-36.34,0.5493,0.0,train
GYuVGKtNUfg_seg_018.wav,data/interim/segmented_clean_relaxed/spasmodic_dysphonia/GYuVGKtNUfg_seg_018.wav,GYuVGKtNUfg,018,spasmodic_dysphonia,clean_pool,0035667e65c89f2992f6c1986ff62e174b9436dbb56953d0d6ab8863c95b8c34,16000,1,2,48000,3.0,-37.14,0.5483,0.0,train
GYuVGKtNUfg_seg_019.wav,data/interim/segmented_clean_relaxed/spasmodic_dysphonia/GYuVGKtNUfg_seg_019.wav,GYuVGKtNUfg,019,spasmodic_dysphonia,clean_pool,d21fe896a7ac875423315964c732d5d7cfefb4b2bd3dd6f378837aca7059b985,16000,1,2,48000,3.0,-35.84,0.596,0.0,train
GYuVGKtNUfg_seg_020.wav,data/interim/segmented_clean_relaxed/spasmodic_dysphonia/GYuVGKtNUfg_seg_020.wav,GYuVGKtNUfg,020,spasmodic_dysphonia,clean_pool,7ccfdab76115bf52188dc0e38a6a673c3afee81dbc626a765d3094aa6ea34797,16000,1,2,48000,3.0,-38.68,0.536,0.0,train
GYuVGKtNUfg_seg_021.wav,data/interim/segmented_clean_relaxed/spasmodic_dysphonia/GYuVGKtNUfg_seg_021.wav,GYuVGKtNUfg,021,spasmodic_dysphonia,clean_pool,eaa852e883ced576104adf834d7fde21562303b7f1d33329f28eff00f349e4ad,16000,1,2,48000,3.0,-34.26,0.4479,0.0,train
GYuVGKtNUfg_seg_022.wav,data/interim/segmented_clean_relaxed/spasmodic_dysphonia/GYuVGKtNUfg_seg_022.wav,GYuVGKtNUfg,022,spasmodic_dysphonia,clean_pool,92cc36004a0aa11de67fa71f3452a7876320e10ea1522c59c97868e13a460c45,16000,1,2,48000,3.0,-36.34,0.5542,0.0,train
GYuVGKtNUfg_seg_023.wav,data/interim/segmented_clean_relaxed/spasmodic_dysphonia/GYuVGKtNUfg_seg_023.wav,GYuVGKtNUfg,023,spasmodic_dysphonia,clean_pool,25d932194263218ba17d1fe603d752198002bcf37f5fdf3625977fcbb27e54c5,16000,1,2,48000,3.0,-35.67,0.5005,0.0,train
GYuVGKtNUfg_seg_024.wav,data/interim/segmented_clean_relaxed/spasmodic_dysphonia/GYuVGKtNUfg_seg_024.wav,GYuVGKtNUfg,024,spasmodic_dysphonia,clean_pool,ea94de3250c6f96f22348c4087f8fe3570c4d6a1ddcc305a4d1a475cff706286,16000,1,2,48000,3.0,-35.75,0.5026,0.0,train
GYuVGKtNUfg_seg_025.wav,data/interim/segmented_clean_relaxed/spasmodic_dysphonia/GYuVGKtNUfg_seg_025.wav,GYuVGKtNUfg,025,spasmodic_dysphonia,clean_pool,03e4895db978a30a4aaf0e1a453e3b00af6804cf0377cb5f1379e8baf2a20879,16000,1,2,48000,3.0,-36.64,0.4284,0.0,train
GYuVGKtNUfg_seg_026.wav,data/interim/segmented_clean_relaxed/spasmodic_dysphonia/GYuVGKtNUfg_seg_026.wav,GYuVGKtNUfg,026,spasmodic_dysphonia,clean_pool,f7a1ec9a248f382fa2cfcf67a89c1022edda9247344ab67c010f0f8cbfb4c385,16000,1,2,48000,3.0,-36.73,0.4099,0.0,train
GYuVGKtNUfg_seg_027.wav,data/interim/segmented_clean_relaxed/spasmodic_dysphonia/GYuVGKtNUfg_seg_027.wav,GYuVGKtNUfg,027,spasmodic_dysphonia,clean_pool,072c464d4d3a3bf191fa022747939b84c30330ba98732505780617a51c1ef3cd,16000,1,2,48000,3.0,-33.79,0.3931,0.0,train
GYuVGKtNUfg_seg_028.wav,data/interim/segmented_clean_relaxed/spasmodic_dysphonia/GYuVGKtNUfg_seg_028.wav,GYuVGKtNUfg,028,spasmodic_dysphonia,clean_pool,ac3049c6d2e2a8bd7caa823a761ad8feef8b318dd1a9840fc6cf892de56485a5,16000,1,2,48000,3.0,-34.25,0.371,0.0,train
GYuVGKtNUfg_seg_029.wav,data/interim/segmented_clean_relaxed/spasmodic_dysphonia/GYuVGKtNUfg_seg_029.wav,GYuVGKtNUfg,029,spasmodic_dysphonia,clean_pool,a6e49a5fe4ab14df324b52a119b1279f389b45599602789b91bd4d696e82fbd4,16000,1,2,48000,3.0,-35.18,0.3579,0.0,train
GYuVGKtNUfg_seg_030.wav,data/interim/segmented_clean_relaxed/spasmodic_dysphonia/GYuVGKtNUfg_seg_030.wav,GYuVGKtNUfg,030,spasmodic_dysphonia,clean_pool,67b8d5fca2d42391481560200fc85be25ad75470678ab0a886f2c1dfebfa4390,16000,1,2,48000,3.0,-33.87,0.3899,0.0,train
GYuVGKtNUfg_seg_031.wav,data/interim/segmented_clean_relaxed/spasmodic_dysphonia/GYuVGKtNUfg_seg_031.wav,GYuVGKtNUfg,031,spasmodic_dysphonia,clean_pool,24d2e4d9eea80575f1d7fafabf4153c82109cf58dd114058856dc01b0ac5ed54,16000,1,2,48000,3.0,-32.83,0.3483,0.0,train
GYuVGKtNUfg_seg_032.wav,data/interim/segmented_clean_relaxed/spasmodic_dysphonia/GYuVGKtNUfg_seg_032.wav,GYuVGKtNUfg,032,spasmodic_dysphonia,clean_pool,f9e93fd5e9d6b4e1cb163561475948a5b466da608c5f8ebea611287143f9defe,16000,1,2,48000,3.0,-34.85,0.3898,0.0,train
GYuVGKtNUfg_seg_033.wav,data/interim/segmented_clean_relaxed/spasmodic_dysphonia/GYuVGKtNUfg_seg_033.wav,GYuVGKtNUfg,033,spasmodic_dysphonia,clean_pool,bb337cce35cc8bcc9e0109672bac258864f4fc0b0ca14042d3148dd14dc39638,16000,1,2,48000,3.0,-35.53,0.4522,0.0,train
GYuVGKtNUfg_seg_034.wav,data/interim/segmented_clean_relaxed/spasmodic_dysphonia/GYuVGKtNUfg_seg_034.wav,GYuVGKtNUfg,034,spasmodic_dysphonia,clean_pool,43daf299e7be4879025f8107a7cd2fe1c81e6213da4fbc941aef91add27a3762,16000,1,2,48000,3.0,-34.92,0.4884,0.0,train
GYuVGKtNUfg_seg_035.wav,data/interim/segmented_clean_relaxed/spasmodic_dysphonia/GYuVGKtNUfg_seg_035.wav,GYuVGKtNUfg,035,spasmodic_dysphonia,clean_pool,bfe0168d0357e23f8226d6ef4549b872284a2edce53080bed331205fb07af571,16000,1,2,48000,3.0,-34.85,0.52,0.0,train
GYuVGKtNUfg_seg_036.wav,data/interim/segmented_clean_relaxed/spasmodic_dysphonia/GYuVGKtNUfg_seg_036.wav,GYuVGKtNUfg,036,spasmodic_dysphonia,clean_pool,897ec4eb6f68a94c2b7dbb25f4a803cf1e3167328ecd3f1ec3415d8625b09840,16000,1,2,48000,3.0,-34.38,0.428,0.0,train
GYuVGKtNUfg_seg_037.wav,data/interim/segmented_clean_relaxed/spasmodic_dysphonia/GYuVGKtNUfg_seg_037.wav,GYuVGKtNUfg,037,spasmodic_dysphonia,clean_pool,262adb5b6d6cb4d01ebc0e7a17b3e6714603489fab264eabacee4e9dbfdc920f,16000,1,2,48000,3.0,-34.21,0.4502,0.0,train
GYuVGKtNUfg_seg_038.wav,data/interim/segmented_clean_relaxed/spasmodic_dysphonia/GYuVGKtNUfg_seg_038.wav,GYuVGKtNUfg,038,spasmodic_dysphonia,clean_pool,32a0f5330314434194732847572c89b77ed5d7495ad923281bad847843ad27af,16000,1,2,48000,3.0,-37.07,0.5851,0.0,train
GYuVGKtNUfg_seg_039.wav,data/interim/segmented_clean_relaxed/spasmodic_dysphonia/GYuVGKtNUfg_seg_039.wav,GYuVGKtNUfg,039,spasmodic_dysphonia,clean_pool,6d792f8eb63267a06557a05490700ebba4ca9487f83e18fb2d2fee6948fe8b35,16000,1,2,48000,3.0,-37.08,0.5761,0.0,train
GYuVGKtNUfg_seg_040.wav,data/interim/segmented_clean_relaxed/spasmodic_dysphonia/GYuVGKtNUfg_seg_040.wav,GYuVGKtNUfg,040,spasmodic_dysphonia,clean_pool,a9b913600a7ae23df87809958894920373d7fbc69b5bb585e8c48983884bccf0,16000,1,2,48000,3.0,-36.03,0.6184,0.0,train
GYuVGKtNUfg_seg_041.wav,data/interim/segmented_clean_relaxed/spasmodic_dysphonia/GYuVGKtNUfg_seg_041.wav,GYuVGKtNUfg,041,spasmodic_dysphonia,clean_pool,4129c06c9aa709ec7a949b3e172d64210c0449411d779a2c1c2ce0c58544763f,16000,1,2,48000,3.0,-37.03,0.5971,0.0,train
GYuVGKtNUfg_seg_042.wav,data/interim/segmented_clean_relaxed/spasmodic_dysphonia/GYuVGKtNUfg_seg_042.wav,GYuVGKtNUfg,042,spasmodic_dysphonia,clean_pool,835f724ba71ce3fda0eec394fc74ef21d2c2f0190ee3edafbd2e6fe283a47e98,16000,1,2,43696,2.731,-35.98,0.561,0.0,train
H1ZwDVx0WTY_seg_000.wav,data/interim/segmented_clean_relaxed/spasmodic_dysphonia/H1ZwDVx0WTY_seg_000.wav,H1ZwDVx0WTY,000,spasmodic_dysphonia,clean_pool,1dac03f107dea6584d485e198e9569b6a324a47aeb784cadabc7a39b067b2c31,16000,1,2,48000,3.0,-31.18,0.1395,0.0,train
H1ZwDVx0WTY_seg_001.wav,data/interim/segmented_clean_relaxed/spasmodic_dysphonia/H1ZwDVx0WTY_seg_001.wav,H1ZwDVx0WTY,001,spasmodic_dysphonia,clean_pool,897eb354ba0d24b5cec63c3bdb4ed3ef0fbe9a76104d6f712365cdfec3c7b530,16000,1,2,48000,3.0,-22.38,0.2142,0.0,train
H1ZwDVx0WTY_seg_002.wav,data/interim/segmented_clean_relaxed/spasmodic_dysphonia/H1ZwDVx0WTY_seg_002.wav,H1ZwDVx0WTY,002,spasmodic_dysphonia,clean_pool,c462e0edb2f44b41e9ebfef6461cb64bcedf335336f61357c3e8d58aad9f00bc,16000,1,2,48000,3.0,-23.85,0.2824,0.0,train
H1ZwDVx0WTY_seg_003.wav,data/interim/segmented_clean_relaxed/spasmodic_dysphonia/H1ZwDVx0WTY_seg_003.wav,H1ZwDVx0WTY,003,spasmodic_dysphonia,clean_pool,0141e07efff92d4bb2cc9097b8c1f9fb0ee707dd24465425fd2b771f92d9f973,16000,1,2,48000,3.0,-23.67,0.3484,0.0,train
H1ZwDVx0WTY_seg_004.wav,data/interim/segmented_clean_relaxed/spasmodic_dysphonia/H1ZwDVx0WTY_seg_004.wav,H1ZwDVx0WTY,004,spasmodic_dysphonia,clean_pool,552da3d338f1e5a558220e224494dce7697023f71abccb7036134b83fa67b80b,16000,1,2,48000,3.0,-24.2,0.3775,0.0,train
H1ZwDVx0WTY_seg_005.wav,data/interim/segmented_clean_relaxed/spasmodic_dysphonia/H1ZwDVx0WTY_seg_005.wav,H1ZwDVx0WTY,005,spasmodic_dysphonia,clean_pool,a77903290a3dd8eec047e4c09538383f4d8be062cc4b57677cbfa4308a2c0e3a,16000,1,2,48000,3.0,-23.05,0.2607,0.0,train
H1ZwDVx0WTY_seg_006.wav,data/interim/segmented_clean_relaxed/spasmodic_dysphonia/H1ZwDVx0WTY_seg_006.wav,H1ZwDVx0WTY,006,spasmodic_dysphonia,clean_pool,399b3891455dd89c970f53c345405040ec605370a15767493646578a3c97fddb,16000,1,2,48000,3.0,-25.59,0.479,0.0,train
H1ZwDVx0WTY_seg_007.wav,data/interim/segmented_clean_relaxed/spasmodic_dysphonia/H1ZwDVx0WTY_seg_007.wav,H1ZwDVx0WTY,007,spasmodic_dysphonia,clean_pool,b729130f6c8c6942882e06488f01e1611a57b5d73df59f479064b6ed1b163e14,16000,1,2,48000,3.0,-25.26,0.3473,0.0,train
H1ZwDVx0WTY_seg_008.wav,data/interim/segmented_clean_relaxed/spasmodic_dysphonia/H1ZwDVx0WTY_seg_008.wav,H1ZwDVx0WTY,008,spasmodic_dysphonia,clean_pool,8dbeaddd314c6a6ea1ff294b05e83f1c5eecc8c047e6cff7d6856cc4505e02ec,16000,1,2,48000,3.0,-21.77,0.2003,0.0,train
H1ZwDVx0WTY_seg_009.wav,data/interim/segmented_clean_relaxed/spasmodic_dysphonia/H1ZwDVx0WTY_seg_009.wav,H1ZwDVx0WTY,009,spasmodic_dysphonia,clean_pool,eadbd55065c232f05158e630329fcb3d0df151b1c402cf98ba4546cbdf945f4c,16000,1,2,48000,3.0,-23.33,0.1937,0.0,train
H1ZwDVx0WTY_seg_010.wav,data/interim/segmented_clean_relaxed/spasmodic_dysphonia/H1ZwDVx0WTY_seg_010.wav,H1ZwDVx0WTY,010,spasmodic_dysphonia,clean_pool,a0d6a472898934b829d95f203a6907c19ce39ba79db258e9b6fc3517fe656db0,16000,1,2,48000,3.0,-23.81,0.3933,0.0,train
H1ZwDVx0WTY_seg_011.wav,data/interim/segmented_clean_relaxed/spasmodic_dysphonia/H1ZwDVx0WTY_seg_011.wav,H1ZwDVx0WTY,011,spasmodic_dysphonia,clean_pool,7378ee0ad63c356b98534cb92fdaef385cdb50b9cd52e41d22988e2d7a6bcc0a,16000,1,2,48000,3.0,-23.09,0.2875,0.0,train
H1ZwDVx0WTY_seg_012.wav,data/interim/segmented_clean_relaxed/spasmodic_dysphonia/H1ZwDVx0WTY_seg_012.wav,H1ZwDVx0WTY,012,spasmodic_dysphonia,clean_pool,524a7d6cc0bb08edb477623c5352abdcd5292800d76f16e7c69521eebec6b709,16000,1,2,48000,3.0,-25.05,0.3499,0.0,train
H1ZwDVx0WTY_seg_013.wav,data/interim/segmented_clean_relaxed/spasmodic_dysphonia/H1ZwDVx0WTY_seg_013.wav,H1ZwDVx0WTY,013,spasmodic_dysphonia,clean_pool,c5f372930561c002e504e553702a491c1a2c0a1b3696d46c38ada3fa51a31f7f,16000,1,2,48000,3.0,-24.15,0.2496,0.0,train
H1ZwDVx0WTY_seg_014.wav,data/interim/segmented_clean_relaxed/spasmodic_dysphonia/H1ZwDVx0WTY_seg_014.wav,H1ZwDVx0WTY,014,spasmodic_dysphonia,clean_pool,8dfae293140a029b2f5e245f26f44a96920398f8c69873b631263a3054334057,16000,1,2,48000,3.0,-27.46,0.5311,0.0,train
H1ZwDVx0WTY_seg_015.wav,data/interim/segmented_clean_relaxed/spasmodic_dysphonia/H1ZwDVx0WTY_seg_015.wav,H1ZwDVx0WTY,015,spasmodic_dysphonia,clean_pool,56e8be848afefc3e8485682edaa9f06092dfb7f8fc37c1772b8bf8e378c6be1c,16000,1,2,48000,3.0,-19.34,0.1993,0.0,train
H1ZwDVx0WTY_seg_016.wav,data/interim/segmented_clean_relaxed/spasmodic_dysphonia/H1ZwDVx0WTY_seg_016.wav,H1ZwDVx0WTY,016,spasmodic_dysphonia,clean_pool,f975fdc896970a8c7460bda98e2632e443440bc2f464b62b20cc85a5e5a80399,16000,1,2,48000,3.0,-21.19,0.1743,0.0,train
H1ZwDVx0WTY_seg_017.wav,data/interim/segmented_clean_relaxed/spasmodic_dysphonia/H1ZwDVx0WTY_seg_017.wav,H1ZwDVx0WTY,017,spasmodic_dysphonia,clean_pool,fac7e989731e8a5b8eec52634a51c24d7241cf9bf793ef665ef0c339f984d81d,16000,1,2,48000,3.0,-21.89,0.378,0.0,train
H1ZwDVx0WTY_seg_018.wav,data/interim/segmented_clean_relaxed/spasmodic_dysphonia/H1ZwDVx0WTY_seg_018.wav,H1ZwDVx0WTY,018,spasmodic_dysphonia,clean_pool,97332a6b7f21ceb58e9b1ce04a814eade95611e6b27782a3331beba7ebe5b93a,16000,1,2,48000,3.0,-23.71,0.2612,0.0,train
H1ZwDVx0WTY_seg_019.wav,data/interim/segmented_clean_relaxed/spasmodic_dysphonia/H1ZwDVx0WTY_seg_019.wav,H1ZwDVx0WTY,019,spasmodic_dysphonia,clean_pool,7ed2b3e1615995d7203c5d5af99a3458ea66c0917ff7245052f6478b29f97924,16000,1,2,48000,3.0,-23.84,0.3971,0.0,train
H1ZwDVx0WTY_seg_020.wav,data/interim/segmented_clean_relaxed/spasmodic_dysphonia/H1ZwDVx0WTY_seg_020.wav,H1ZwDVx0WTY,020,spasmodic_dysphonia,clean_pool,97d1128e7310091d8e58b43dc59024745f318c80f2fadd4b74d44b46152725be,16000,1,2,48000,3.0,-22.42,0.3953,0.0,train
H1ZwDVx0WTY_seg_021.wav,data/interim/segmented_clean_relaxed/spasmodic_dysphonia/H1ZwDVx0WTY_seg_021.wav,H1ZwDVx0WTY,021,spasmodic_dysphonia,clean_pool,d2681f92b1e606890721ba20a74a9864517cd62f13db36b2c592a5c563ddacb7,16000,1,2,48000,3.0,-22.56,0.2928,0.0,train
H1ZwDVx0WTY_seg_022.wav,data/interim/segmented_clean_relaxed/spasmodic_dysphonia/H1ZwDVx0WTY_seg_022.wav,H1ZwDVx0WTY,022,spasmodic_dysphonia,clean_pool,8b9c40edac56b2953ef79850c8d009b99e182dd28584c833ac4a4fe794b1acef,16000,1,2,48000,3.0,-24.48,0.4371,0.0,train
H1ZwDVx0WTY_seg_023.wav,data/interim/segmented_clean_relaxed/spasmodic_dysphonia/H1ZwDVx0WTY_seg_023.wav,H1ZwDVx0WTY,023,spasmodic_dysphonia,clean_pool,93986342cbcee11ce2e30567724ade8223e369cb68fa0234038d5ee517d089a4,16000,1,2,48000,3.0,-23.61,0.3619,0.0,train
H1ZwDVx0WTY_seg_024.wav,data/interim/segmented_clean_relaxed/spasmodic_dysphonia/H1ZwDVx0WTY_seg_024.wav,H1ZwDVx0WTY,024,spasmodic_dysphonia,clean_pool,baa91e1914e3b2a23a660ae2e2d508040260327b885da6471bd5e17cd8a069b6,16000,1,2,48000,3.0,-25.27,0.2186,0.0,train
H1ZwDVx0WTY_seg_025.wav,data/interim/segmented_clean_relaxed/spasmodic_dysphonia/H1ZwDVx0WTY_seg_025.wav,H1ZwDVx0WTY,025,spasmodic_dysphonia,clean_pool,e90b8ea70bf965880cbd6a39331ffd081d6de8e111fda49b8c6871a2387d98ec,16000,1,2,48000,3.0,-22.51,0.4853,0.0,train
H1ZwDVx0WTY_seg_026.wav,data/interim/segmented_clean_relaxed/spasmodic_dysphonia/H1ZwDVx0WTY_seg_026.wav,H1ZwDVx0WTY,026,spasmodic_dysphonia,clean_pool,3057d1e842076c3ef2dfc869cc4d758ec7a2bbbab8dcc7f188dbc2f554fb76ae,16000,1,2,48000,3.0,-20.69,0.2053,0.0,train
H1ZwDVx0WTY_seg_027.wav,data/interim/segmented_clean_relaxed/spasmodic_dysphonia/H1ZwDVx0WTY_seg_027.wav,H1ZwDVx0WTY,027,spasmodic_dysphonia,clean_pool,5288d2b4ee1672301b0b9ed6a04fd55567ef715a7c376bdc91c6c5f915a810ef,16000,1,2,48000,3.0,-21.2,0.2656,0.0,train
H1ZwDVx0WTY_seg_028.wav,data/interim/segmented_clean_relaxed/spasmodic_dysphonia/H1ZwDVx0WTY_seg_028.wav,H1ZwDVx0WTY,028,spasmodic_dysphonia,clean_pool,8495c305248f830e8658b5336e6dee31b7521b0e68526550ed3b2f9ef64fc824,16000,1,2,48000,3.0,-20.01,0.1156,0.0,train
H1ZwDVx0WTY_seg_029.wav,data/interim/segmented_clean_relaxed/spasmodic_dysphonia/H1ZwDVx0WTY_seg_029.wav,H1ZwDVx0WTY,029,spasmodic_dysphonia,clean_pool,553fb63b346ba8b3de1a35fd019a16e4c5bbbe23f846dd3c414b6dd528f28176,16000,1,2,48000,3.0,-21.02,0.2669,0.0,train
H1ZwDVx0WTY_seg_030.wav,data/interim/segmented_clean_relaxed/spasmodic_dysphonia/H1ZwDVx0WTY_seg_030.wav,H1ZwDVx0WTY,030,spasmodic_dysphonia,clean_pool,d9851f8fe76d9f4320b1bc0d54e04b6a8e83b6244e2189d864b92fa77b1dd87c,16000,1,2,48000,3.0,-20.42,0.3317,0.0,train
H1ZwDVx0WTY_seg_031.wav,data/interim/segmented_clean_relaxed/spasmodic_dysphonia/H1ZwDVx0WTY_seg_031.wav,H1ZwDVx0WTY,031,spasmodic_dysphonia,clean_pool,998b611ab7a726d3e82b5b0fb11cca0cad3972c7bcbe61487f1ba2d4708a1e20,16000,1,2,48000,3.0,-20.99,0.3725,0.0,train
H1ZwDVx0WTY_seg_032.wav,data/interim/segmented_clean_relaxed/spasmodic_dysphonia/H1ZwDVx0WTY_seg_032.wav,H1ZwDVx0WTY,032,spasmodic_dysphonia,clean_pool,bbe14a34e3e28f29df7e44e0d2279a7565d0f89fe12521901c738461cf15d8c8,16000,1,2,48000,3.0,-22.24,0.3189,0.0,train
H1ZwDVx0WTY_seg_033.wav,data/interim/segmented_clean_relaxed/spasmodic_dysphonia/H1ZwDVx0WTY_seg_033.wav,H1ZwDVx0WTY,033,spasmodic_dysphonia,clean_pool,72fb020e956eb9dc46cb2937727d98ecb1da524383ba95fc405e4d85aa81d6df,16000,1,2,48000,3.0,-21.18,0.313,0.0,train
H1ZwDVx0WTY_seg_034.wav,data/interim/segmented_clean_relaxed/spasmodic_dysphonia/H1ZwDVx0WTY_seg_034.wav,H1ZwDVx0WTY,034,spasmodic_dysphonia,clean_pool,b60d158681c62d37e8598e7eae73ee95f4f6055113381f8b967d36486f916a60,16000,1,2,48000,3.0,-21.41,0.1981,0.0,train
H1ZwDVx0WTY_seg_035.wav,data/interim/segmented_clean_relaxed/spasmodic_dysphonia/H1ZwDVx0WTY_seg_035.wav,H1ZwDVx0WTY,035,spasmodic_dysphonia,clean_pool,93898af76fdfcdd53c00539b4ff2228a3f314b3876a711a9a1b295fb60b61d1f,16000,1,2,48000,3.0,-20.92,0.2423,0.0,train
H1ZwDVx0WTY_seg_036.wav,data/interim/segmented_clean_relaxed/spasmodic_dysphonia/H1ZwDVx0WTY_seg_036.wav,H1ZwDVx0WTY,036,spasmodic_dysphonia,clean_pool,f9a86ba9d49a9bbaa53a7739bef5e3150a122efa873cfc74546a1d0b44923f89,16000,1,2,48000,3.0,-21.71,0.2891,0.0,train
H1ZwDVx0WTY_seg_037.wav,data/interim/segmented_clean_relaxed/spasmodic_dysphonia/H1ZwDVx0WTY_seg_037.wav,H1ZwDVx0WTY,037,spasmodic_dysphonia,clean_pool,22fd60d4cf63bbe1cc0d8503a04a6d131263ccd67a8af915f6ca89d44799eca4,16000,1,2,48000,3.0,-21.27,0.3477,0.0,train
H1ZwDVx0WTY_seg_038.wav,data/interim/segmented_clean_relaxed/spasmodic_dysphonia/H1ZwDVx0WTY_seg_038.wav,H1ZwDVx0WTY,038,spasmodic_dysphonia,clean_pool,6cc752854f9b9d64820ecc29db05e3a54d81ab9f1d7690e3b7a96515f1bdc3bb,16000,1,2,48000,3.0,-20.67,0.2752,0.0,train
H1ZwDVx0WTY_seg_039.wav,data/interim/segmented_clean_relaxed/spasmodic_dysphonia/H1ZwDVx0WTY_seg_039.wav,H1ZwDVx0WTY,039,spasmodic_dysphonia,clean_pool,3d94ca191e21ba2b9cf5a410c0907f5ad74913d1ceea8339d1eb7ef72657d72b,16000,1,2,48000,3.0,-22.12,0.1415,0.0,train
H1ZwDVx0WTY_seg_040.wav,data/interim/segmented_clean_relaxed/spasmodic_dysphonia/H1ZwDVx0WTY_seg_040.wav,H1ZwDVx0WTY,040,spasmodic_dysphonia,clean_pool,46d5748be0ed2fffed5fa261453eb4def7af9c084b320fd1d37e20fd3eced697,16000,1,2,48000,3.0,-23.78,0.2333,0.0,train
H1ZwDVx0WTY_seg_041.wav,data/interim/segmented_clean_relaxed/spasmodic_dysphonia/H1ZwDVx0WTY_seg_041.wav,H1ZwDVx0WTY,041,spasmodic_dysphonia,clean_pool,6816690cb6edf1d7821e5b921b66ff5a2ca558bcb6b7a163da918fd0de53d432,16000,1,2,48000,3.0,-20.9,0.3279,0.0,train
H1ZwDVx0WTY_seg_042.wav,data/interim/segmented_clean_relaxed/spasmodic_dysphonia/H1ZwDVx0WTY_seg_042.wav,H1ZwDVx0WTY,042,spasmodic_dysphonia,clean_pool,7069b0dbf40cb1d99884ee31d6e59b532038b24393c4af89433a790ab254aaed,16000,1,2,48000,3.0,-19.81,0.2607,0.0,train
H1ZwDVx0WTY_seg_043.wav,data/interim/segmented_clean_relaxed/spasmodic_dysphonia/H1ZwDVx0WTY_seg_043.wav,H1ZwDVx0WTY,043,spasmodic_dysphonia,clean_pool,db34145380de75e8a22a58ff29452444c034764ce04a0ed0cfde33d9d78a5f4b,16000,1,2,48000,3.0,-18.88,0.3817,0.0,train
H1ZwDVx0WTY_seg_044.wav,data/interim/segmented_clean_relaxed/spasmodic_dysphonia/H1ZwDVx0WTY_seg_044.wav,H1ZwDVx0WTY,044,spasmodic_dysphonia,clean_pool,29cf110b7c91b2f0636f3399104fa38f364d91742ef3ebfc5686e0b78d3c7aaf,16000,1,2,48000,3.0,-20.18,0.1357,0.0,train
H1ZwDVx0WTY_seg_045.wav,data/interim/segmented_clean_relaxed/spasmodic_dysphonia/H1ZwDVx0WTY_seg_045.wav,H1ZwDVx0WTY,045,spasmodic_dysphonia,clean_pool,fea99e577f820eff48aacf4234ae3970d9673c65fcd5ac52b471de03e92188ee,16000,1,2,48000,3.0,-22.56,0.3662,0.0,train
H1ZwDVx0WTY_seg_046.wav,data/interim/segmented_clean_relaxed/spasmodic_dysphonia/H1ZwDVx0WTY_seg_046.wav,H1ZwDVx0WTY,046,spasmodic_dysphonia,clean_pool,a8c649c4f06aad9805fb13f73132e2451d7246d2fa44e53bad305b766bc2faf9,16000,1,2,48000,3.0,-19.97,0.134,0.0,train
H1ZwDVx0WTY_seg_047.wav,data/interim/segmented_clean_relaxed/spasmodic_dysphonia/H1ZwDVx0WTY_seg_047.wav,H1ZwDVx0WTY,047,spasmodic_dysphonia,clean_pool,46547eafcbe0d2d8b5a74b743f95d8431a3796bef17d116e8333c8c0a9f93cd2,16000,1,2,48000,3.0,-22.13,0.1566,0.0,train
H1ZwDVx0WTY_seg_048.wav,data/interim/segmented_clean_relaxed/spasmodic_dysphonia/H1ZwDVx0WTY_seg_048.wav,H1ZwDVx0WTY,048,spasmodic_dysphonia,clean_pool,698e2039dae28ad382d9a7092a0f1ae50cbbf55c83060d87a346fcc6d567ae05,16000,1,2,48000,3.0,-20.17,0.259,0.0,train
H1ZwDVx0WTY_seg_049.wav,data/interim/segmented_clean_relaxed/spasmodic_dysphonia/H1ZwDVx0WTY_seg_049.wav,H1ZwDVx0WTY,049,spasmodic_dysphonia,clean_pool,0bf6901388417568eb4e19a2ca8ef6f788e82c962809b362096faf465ed658f5,16000,1,2,48000,3.0,-23.09,0.2752,0.0,train
H1ZwDVx0WTY_seg_050.wav,data/interim/segmented_clean_relaxed/spasmodic_dysphonia/H1ZwDVx0WTY_seg_050.wav,H1ZwDVx0WTY,050,spasmodic_dysphonia,clean_pool,4c10f7d85be6824a3164ae4c2486857a1345922022b51874e039557fc4db937e,16000,1,2,48000,3.0,-24.94,0.2691,0.0,train
H1ZwDVx0WTY_seg_051.wav,data/interim/segmented_clean_relaxed/spasmodic_dysphonia/H1ZwDVx0WTY_seg_051.wav,H1ZwDVx0WTY,051,spasmodic_dysphonia,clean_pool,425699bdf97d8db9dce751246c8726f80750116213a4d925df6451c5ed54a93c,16000,1,2,48000,3.0,-21.92,0.3315,0.0,train
H1ZwDVx0WTY_seg_052.wav,data/interim/segmented_clean_relaxed/spasmodic_dysphonia/H1ZwDVx0WTY_seg_052.wav,H1ZwDVx0WTY,052,spasmodic_dysphonia,clean_pool,c23c0a64f4ee8168e9f4c8aa48f371fd60c2b1fa087fe885595292515657a443,16000,1,2,48000,3.0,-24.91,0.3364,0.0,train
H1ZwDVx0WTY_seg_053.wav,data/interim/segmented_clean_relaxed/spasmodic_dysphonia/H1ZwDVx0WTY_seg_053.wav,H1ZwDVx0WTY,053,spasmodic_dysphonia,clean_pool,70b6cd997c50fad03eaec7aec961380c6d1103ba1536a7ef60a50955c7b9b69c,16000,1,2,48000,3.0,-23.54,0.3174,0.0,train
H1ZwDVx0WTY_seg_054.wav,data/interim/segmented_clean_relaxed/spasmodic_dysphonia/H1ZwDVx0WTY_seg_054.wav,H1ZwDVx0WTY,054,spasmodic_dysphonia,clean_pool,e04484eb5a4de0bcff3d3eb85a8359de51e75fcd3b0100dbdc2575a10ab5248c,16000,1,2,48000,3.0,-20.75,0.3232,0.0,train
H1ZwDVx0WTY_seg_055.wav,data/interim/segmented_clean_relaxed/spasmodic_dysphonia/H1ZwDVx0WTY_seg_055.wav,H1ZwDVx0WTY,055,spasmodic_dysphonia,clean_pool,8495855848ed446a77d463bdec306b34ebde9ad5481448eec017306d5729a632,16000,1,2,48000,3.0,-21.37,0.2971,0.0,train
H1ZwDVx0WTY_seg_056.wav,data/interim/segmented_clean_relaxed/spasmodic_dysphonia/H1ZwDVx0WTY_seg_056.wav,H1ZwDVx0WTY,056,spasmodic_dysphonia,clean_pool,8563f04057f0ba5997ea1b993d4df1928312b5e6e97665649ebd9a96bee5fdfd,16000,1,2,48000,3.0,-20.38,0.2774,0.0,train
H1ZwDVx0WTY_seg_057.wav,data/interim/segmented_clean_relaxed/spasmodic_dysphonia/H1ZwDVx0WTY_seg_057.wav,H1ZwDVx0WTY,057,spasmodic_dysphonia,clean_pool,1f06f1df810967cb2f4bd2d37980443a908ec9cd0f47f9c64be7e68ab7261999,16000,1,2,48000,3.0,-19.86,0.2778,0.0,train
H1ZwDVx0WTY_seg_058.wav,data/interim/segmented_clean_relaxed/spasmodic_dysphonia/H1ZwDVx0WTY_seg_058.wav,H1ZwDVx0WTY,058,spasmodic_dysphonia,clean_pool,cfce835a32bafe1681b6d42e31f6c5c10f022fde172cb132471515c8a4715880,16000,1,2,48000,3.0,-22.64,0.3438,0.0,train
H1ZwDVx0WTY_seg_059.wav,data/interim/segmented_clean_relaxed/spasmodic_dysphonia/H1ZwDVx0WTY_seg_059.wav,H1ZwDVx0WTY,059,spasmodic_dysphonia,clean_pool,83a93b9cb1d797545b5293e3ae4a21622de398720f4e6b4692fea77f7518036d,16000,1,2,48000,3.0,-21.01,0.3348,0.0,train
H1ZwDVx0WTY_seg_060.wav,data/interim/segmented_clean_relaxed/spasmodic_dysphonia/H1ZwDVx0WTY_seg_060.wav,H1ZwDVx0WTY,060,spasmodic_dysphonia,clean_pool,4aed80b7594431800ce9edbd4e720227a5273a75ef39d4121ffca7c0dd437c51,16000,1,2,48000,3.0,-21.82,0.3586,0.0,train
H1ZwDVx0WTY_seg_061.wav,data/interim/segmented_clean_relaxed/spasmodic_dysphonia/H1ZwDVx0WTY_seg_061.wav,H1ZwDVx0WTY,061,spasmodic_dysphonia,clean_pool,39192a153330ffb6aa3f2d8e1aabb4005641635e1dbbcbc15f2c4ff0c048da75,16000,1,2,48000,3.0,-17.69,0.1155,0.0,train
H1ZwDVx0WTY_seg_062.wav,data/interim/segmented_clean_relaxed/spasmodic_dysphonia/H1ZwDVx0WTY_seg_062.wav,H1ZwDVx0WTY,062,spasmodic_dysphonia,clean_pool,ad66cfadd101009a6fea1fc27c665cf0fd2e5109df2540c45c9421e2303453d1,16000,1,2,48000,3.0,-24.13,0.3688,0.0,train
H1ZwDVx0WTY_seg_063.wav,data/interim/segmented_clean_relaxed/spasmodic_dysphonia/H1ZwDVx0WTY_seg_063.wav,H1ZwDVx0WTY,063,spasmodic_dysphonia,clean_pool,981dfcc3ae0c759790ff284aabe1751bd1e9a61cadd4b01842f655f181315096,16000,1,2,48000,3.0,-21.03,0.3492,0.0,train
H1ZwDVx0WTY_seg_064.wav,data/interim/segmented_clean_relaxed/spasmodic_dysphonia/H1ZwDVx0WTY_seg_064.wav,H1ZwDVx0WTY,064,spasmodic_dysphonia,clean_pool,cb7fb8942b942b839d4e4ac31c46afe47bf02b7d343e29bc8bece6e04f4c66a3,16000,1,2,48000,3.0,-21.26,0.3341,0.0,train
H1ZwDVx0WTY_seg_065.wav,data/interim/segmented_clean_relaxed/spasmodic_dysphonia/H1ZwDVx0WTY_seg_065.wav,H1ZwDVx0WTY,065,spasmodic_dysphonia,clean_pool,b1cdbe081e4da0b19513a878584b3df3b51e5f328627d31cc58ddfc9112da6a1,16000,1,2,48000,3.0,-22.28,0.3005,0.0,train
H1ZwDVx0WTY_seg_066.wav,data/interim/segmented_clean_relaxed/spasmodic_dysphonia/H1ZwDVx0WTY_seg_066.wav,H1ZwDVx0WTY,066,spasmodic_dysphonia,clean_pool,2722bb3e9f018a99d7282050319d46681629c77f493a5377bfe913674d66593e,16000,1,2,48000,3.0,-25.19,0.4014,0.0,train
H1ZwDVx0WTY_seg_067.wav,data/interim/segmented_clean_relaxed/spasmodic_dysphonia/H1ZwDVx0WTY_seg_067.wav,H1ZwDVx0WTY,067,spasmodic_dysphonia,clean_pool,1bce422771fd5dafd4b86b371fbff4386afdce0bf1cf858e0c202de084776467,16000,1,2,48000,3.0,-19.75,0.113,0.0,train
H1ZwDVx0WTY_seg_068.wav,data/interim/segmented_clean_relaxed/spasmodic_dysphonia/H1ZwDVx0WTY_seg_068.wav,H1ZwDVx0WTY,068,spasmodic_dysphonia,clean_pool,d52f314532dc5fe9c0cbd41e31c4f45e3cdbc09f4705fbc3a54e4a9aa916f917,16000,1,2,48000,3.0,-24.2,0.4069,0.0,train
H1ZwDVx0WTY_seg_069.wav,data/interim/segmented_clean_relaxed/spasmodic_dysphonia/H1ZwDVx0WTY_seg_069.wav,H1ZwDVx0WTY,069,spasmodic_dysphonia,clean_pool,08bf6be297adb08de61ad592c77298012b385691bcd8db16ee23f88c02c30619,16000,1,2,48000,3.0,-21.22,0.2811,0.0,train
H1ZwDVx0WTY_seg_070.wav,data/interim/segmented_clean_relaxed/spasmodic_dysphonia/H1ZwDVx0WTY_seg_070.wav,H1ZwDVx0WTY,070,spasmodic_dysphonia,clean_pool,cc6320bffec055e1a4b2eb12199950282e9d5e0327ee7c1a83752ce33131d565,16000,1,2,48000,3.0,-20.89,0.2009,0.0,train
H1ZwDVx0WTY_seg_071.wav,data/interim/segmented_clean_relaxed/spasmodic_dysphonia/H1ZwDVx0WTY_seg_071.wav,H1ZwDVx0WTY,071,spasmodic_dysphonia,clean_pool,c99c64d058b6b74a588ea7a61e1b3f7b919f6e5b01552ca2ac21df8452318152,16000,1,2,48000,3.0,-22.13,0.355,0.0,train
H1ZwDVx0WTY_seg_072.wav,data/interim/segmented_clean_relaxed/spasmodic_dysphonia/H1ZwDVx0WTY_seg_072.wav,H1ZwDVx0WTY,072,spasmodic_dysphonia,clean_pool,6983cfc3143b3ab03e4265598ec731cb8c0b7390957808035d91009e87c97aca,16000,1,2,48000,3.0,-19.98,0.1984,0.0,train
H1ZwDVx0WTY_seg_073.wav,data/interim/segmented_clean_relaxed/spasmodic_dysphonia/H1ZwDVx0WTY_seg_073.wav,H1ZwDVx0WTY,073,spasmodic_dysphonia,clean_pool,88c87fc92fa4188d32012eb1f71d41f588cf240a548f95b9caf394382c4084ac,16000,1,2,48000,3.0,-21.87,0.2619,0.0,train
H1ZwDVx0WTY_seg_074.wav,data/interim/segmented_clean_relaxed/spasmodic_dysphonia/H1ZwDVx0WTY_seg_074.wav,H1ZwDVx0WTY,074,spasmodic_dysphonia,clean_pool,afbf55e3864e3dc0a22cedd5af8d0cd718807345f6f5dc829fb9f9d84683fd5f,16000,1,2,48000,3.0,-22.67,0.1607,0.0,train
H1ZwDVx0WTY_seg_075.wav,data/interim/segmented_clean_relaxed/spasmodic_dysphonia/H1ZwDVx0WTY_seg_075.wav,H1ZwDVx0WTY,075,spasmodic_dysphonia,clean_pool,7c24e1e65a01fc97183a305492ef975130c9a023e00e875004782fa50c115f32,16000,1,2,48000,3.0,-22.84,0.2992,0.0,train
H1ZwDVx0WTY_seg_076.wav,data/interim/segmented_clean_relaxed/spasmodic_dysphonia/H1ZwDVx0WTY_seg_076.wav,H1ZwDVx0WTY,076,spasmodic_dysphonia,clean_pool,327d15a9a81e77d02bd5f81835395b180acc29c8db5ae78de0378586c399caa7,16000,1,2,48000,3.0,-21.18,0.3971,0.0,train
H1ZwDVx0WTY_seg_077.wav,data/interim/segmented_clean_relaxed/spasmodic_dysphonia/H1ZwDVx0WTY_seg_077.wav,H1ZwDVx0WTY,077,spasmodic_dysphonia,clean_pool,e0e5e3c714fd6642122bdaf86ab4ff760febd12c8fb617908244456a380d729a,16000,1,2,48000,3.0,-19.6,0.2234,0.0,train
H1ZwDVx0WTY_seg_078.wav,data/interim/segmented_clean_relaxed/spasmodic_dysphonia/H1ZwDVx0WTY_seg_078.wav,H1ZwDVx0WTY,078,spasmodic_dysphonia,clean_pool,ca7416b6a030c5eaed37be9334e50ccf979ca07342c04e001c0489db1b773162,16000,1,2,48000,3.0,-22.98,0.2941,0.0,train
H1ZwDVx0WTY_seg_079.wav,data/interim/segmented_clean_relaxed/spasmodic_dysphonia/H1ZwDVx0WTY_seg_079.wav,H1ZwDVx0WTY,079,spasmodic_dysphonia,clean_pool,40e8312cdd5f9df30c3e0482a047dffdb1c94360382a8cc3ef1943ea620fe176,16000,1,2,48000,3.0,-23.02,0.2614,0.0,train
H1ZwDVx0WTY_seg_080.wav,data/interim/segmented_clean_relaxed/spasmodic_dysphonia/H1ZwDVx0WTY_seg_080.wav,H1ZwDVx0WTY,080,spasmodic_dysphonia,clean_pool,3c6a3e0c9c4a4a0d23b8ea695dd34e34aa4f3c8fe43c7e5955ba44a057419638,16000,1,2,48000,3.0,-23.18,0.3987,0.0,train
H1ZwDVx0WTY_seg_081.wav,data/interim/segmented_clean_relaxed/spasmodic_dysphonia/H1ZwDVx0WTY_seg_081.wav,H1ZwDVx0WTY,081,spasmodic_dysphonia,clean_pool,c14f7b397aadb845f6c7b8c327c8d4b10f7518d20357cdc8a18028aaf60098d3,16000,1,2,48000,3.0,-21.83,0.3519,0.0,train
H1ZwDVx0WTY_seg_082.wav,data/interim/segmented_clean_relaxed/spasmodic_dysphonia/H1ZwDVx0WTY_seg_082.wav,H1ZwDVx0WTY,082,spasmodic_dysphonia,clean_pool,b04bb40e3af3e178cc3efd0d502ab8dbd23ecd2e50ba8a374122312924c0b208,16000,1,2,48000,3.0,-23.1,0.3049,0.0,train
H1ZwDVx0WTY_seg_083.wav,data/interim/segmented_clean_relaxed/spasmodic_dysphonia/H1ZwDVx0WTY_seg_083.wav,H1ZwDVx0WTY,083,spasmodic_dysphonia,clean_pool,cc9227a9ef9f7c8d0f5551035cccf7726b578db7180aef3829eeba91cb16c64a,16000,1,2,48000,3.0,-23.54,0.3438,0.0,train
H1ZwDVx0WTY_seg_084.wav,data/interim/segmented_clean_relaxed/spasmodic_dysphonia/H1ZwDVx0WTY_seg_084.wav,H1ZwDVx0WTY,084,spasmodic_dysphonia,clean_pool,1a9c34b708fb6e2881ee64d1ae3a38326a544d0cbcd9bb0bd9926a423d88378d,16000,1,2,48000,3.0,-25.15,0.4143,0.0,train
H1ZwDVx0WTY_seg_085.wav,data/interim/segmented_clean_relaxed/spasmodic_dysphonia/H1ZwDVx0WTY_seg_085.wav,H1ZwDVx0WTY,085,spasmodic_dysphonia,clean_pool,064d47dc502743a0313d0f02e611d1a2c0f40f499bc6432ad08782ba2c9c8b5a,16000,1,2,48000,3.0,-25.08,0.3554,0.0,train
H1ZwDVx0WTY_seg_086.wav,data/interim/segmented_clean_relaxed/spasmodic_dysphonia/H1ZwDVx0WTY_seg_086.wav,H1ZwDVx0WTY,086,spasmodic_dysphonia,clean_pool,1aee9cdca26bd1836aa0d5a3bc7f78368253d6e48a2e8e571ef6ffb25d7a1867,16000,1,2,48000,3.0,-36.27,0.2124,0.0,train
H1ZwDVx0WTY_seg_087.wav,data/interim/segmented_clean_relaxed/spasmodic_dysphonia/H1ZwDVx0WTY_seg_087.wav,H1ZwDVx0WTY,087,spasmodic_dysphonia,clean_pool,2f6ee0dc84c581ec5949e04717347a71a25bfb0e9219384fb6bacf54be14f13e,16000,1,2,48000,3.0,-36.29,0.21,0.0,train
H1ZwDVx0WTY_seg_088.wav,data/interim/segmented_clean_relaxed/spasmodic_dysphonia/H1ZwDVx0WTY_seg_088.wav,H1ZwDVx0WTY,088,spasmodic_dysphonia,clean_pool,1d352e37c2e472d0f68d2b3e4bc0dbee7485f6aca5228aca90b9520028be3e59,16000,1,2,33840,2.115,-37.18,0.2214,0.0,train
H6qBrb2fkDU_seg_000.wav,data/interim/segmented_clean_relaxed/spasmodic_dysphonia/H6qBrb2fkDU_seg_000.wav,H6qBrb2fkDU,000,spasmodic_dysphonia,clean_pool,7231ce97a3a431159ec27f9b7af0b5e3cc6b1d232e0972d177661269c3f2170c,16000,1,2,48000,3.0,-28.81,0.3551,0.0,train
H6qBrb2fkDU_seg_001.wav,data/interim/segmented_clean_relaxed/spasmodic_dysphonia/H6qBrb2fkDU_seg_001.wav,H6qBrb2fkDU,001,spasmodic_dysphonia,clean_pool,168f0fd617e252ac665869edf5dfff73ae56a8932f7e41cd3518f57d46f0c0e0,16000,1,2,48000,3.0,-29.51,0.3581,0.0,train
H6qBrb2fkDU_seg_002.wav,data/interim/segmented_clean_relaxed/spasmodic_dysphonia/H6qBrb2fkDU_seg_002.wav,H6qBrb2fkDU,002,spasmodic_dysphonia,clean_pool,103a48c77dabfdeb900b94d97ffa7f578cd0bf8baba51292c6ce10dcf18ea467,16000,1,2,48000,3.0,-28.47,0.4447,0.0,train
H6qBrb2fkDU_seg_003.wav,data/interim/segmented_clean_relaxed/spasmodic_dysphonia/H6qBrb2fkDU_seg_003.wav,H6qBrb2fkDU,003,spasmodic_dysphonia,clean_pool,3b7773f6fe6511b98c36bd4620706b3d5b5a6f9a2a0f39836eabae5ac09218d6,16000,1,2,48000,3.0,-31.74,0.3965,0.0,train
H6qBrb2fkDU_seg_004.wav,data/interim/segmented_clean_relaxed/spasmodic_dysphonia/H6qBrb2fkDU_seg_004.wav,H6qBrb2fkDU,004,spasmodic_dysphonia,clean_pool,4a5001ed1228c95ffd3665c50f95d723a7980424263e65bbf2556df267bbc8e9,16000,1,2,48000,3.0,-30.11,0.3229,0.0,train
H6qBrb2fkDU_seg_005.wav,data/interim/segmented_clean_relaxed/spasmodic_dysphonia/H6qBrb2fkDU_seg_005.wav,H6qBrb2fkDU,005,spasmodic_dysphonia,clean_pool,1a1b37e12b5c1d0bf53735f42adf7e02c6e6328395058bf6cd31161008b2b2f9,16000,1,2,48000,3.0,-26.17,0.4457,0.0,train
H6qBrb2fkDU_seg_006.wav,data/interim/segmented_clean_relaxed/spasmodic_dysphonia/H6qBrb2fkDU_seg_006.wav,H6qBrb2fkDU,006,spasmodic_dysphonia,clean_pool,39cbc1fc51167bc70f737b961543854f9d0374acc090bff202977a30aecc72c7,16000,1,2,48000,3.0,-27.0,0.2281,0.0,train
H6qBrb2fkDU_seg_007.wav,data/interim/segmented_clean_relaxed/spasmodic_dysphonia/H6qBrb2fkDU_seg_007.wav,H6qBrb2fkDU,007,spasmodic_dysphonia,clean_pool,5290a5ccd37527be9d2fb91990bfe66b1cf01c1e0b905914aa3acfe028585c76,16000,1,2,48000,3.0,-27.53,0.2427,0.0,train
H6qBrb2fkDU_seg_008.wav,data/interim/segmented_clean_relaxed/spasmodic_dysphonia/H6qBrb2fkDU_seg_008.wav,H6qBrb2fkDU,008,spasmodic_dysphonia,clean_pool,eadd98ec34a6ae862cc6254feefe89813b84eecef4c1a241fb4a81eaf6a3221e,16000,1,2,48000,3.0,-26.56,0.266,0.0,train
H6qBrb2fkDU_seg_009.wav,data/interim/segmented_clean_relaxed/spasmodic_dysphonia/H6qBrb2fkDU_seg_009.wav,H6qBrb2fkDU,009,spasmodic_dysphonia,clean_pool,458e22edd99805037cf132ee007b25600b5220c26e75b9c92a51f743f4b00be4,16000,1,2,48000,3.0,-28.99,0.2591,0.0,train
H6qBrb2fkDU_seg_010.wav,data/interim/segmented_clean_relaxed/spasmodic_dysphonia/H6qBrb2fkDU_seg_010.wav,H6qBrb2fkDU,010,spasmodic_dysphonia,clean_pool,c296314cf2194b48106191ca50cb94cfc4a53a1abc807452daeaae7bd5c96df7,16000,1,2,48000,3.0,-29.19,0.5572,0.0,train
H6qBrb2fkDU_seg_011.wav,data/interim/segmented_clean_relaxed/spasmodic_dysphonia/H6qBrb2fkDU_seg_011.wav,H6qBrb2fkDU,011,spasmodic_dysphonia,clean_pool,9ceb809c94046d896ae14d82b5ec88a1289f566000792f6fa3bf014ff0f2f6a0,16000,1,2,48000,3.0,-25.7,0.2219,0.0,train
H6qBrb2fkDU_seg_012.wav,data/interim/segmented_clean_relaxed/spasmodic_dysphonia/H6qBrb2fkDU_seg_012.wav,H6qBrb2fkDU,012,spasmodic_dysphonia,clean_pool,bda5095d70d643dabe261a2b046f2662ebc3e6cacab7fa6d992b2c21e49ad421,16000,1,2,48000,3.0,-27.99,0.2477,0.0,train
H6qBrb2fkDU_seg_013.wav,data/interim/segmented_clean_relaxed/spasmodic_dysphonia/H6qBrb2fkDU_seg_013.wav,H6qBrb2fkDU,013,spasmodic_dysphonia,clean_pool,aec3aa7b5c3e0d1cbd342320a63ed6ffda465e5936a51ce54e16dee0042c9d50,16000,1,2,48000,3.0,-28.53,0.3554,0.0,train
H6qBrb2fkDU_seg_014.wav,data/interim/segmented_clean_relaxed/spasmodic_dysphonia/H6qBrb2fkDU_seg_014.wav,H6qBrb2fkDU,014,spasmodic_dysphonia,clean_pool,ef0ed65bb14f391a5315b9e25a8e26016e278772fe7d725b2837ee1f6d0818bd,16000,1,2,48000,3.0,-30.64,0.5907,0.0,train
H6qBrb2fkDU_seg_015.wav,data/interim/segmented_clean_relaxed/spasmodic_dysphonia/H6qBrb2fkDU_seg_015.wav,H6qBrb2fkDU,015,spasmodic_dysphonia,clean_pool,3199adaa56e2a1bba0d1a54b8a077678a3f229cf8b41265499f9bef3e84fe0aa,16000,1,2,48000,3.0,-27.05,0.2786,0.0,train
H6qBrb2fkDU_seg_016.wav,data/interim/segmented_clean_relaxed/spasmodic_dysphonia/H6qBrb2fkDU_seg_016.wav,H6qBrb2fkDU,016,spasmodic_dysphonia,clean_pool,a4c8bfab1b7671e2a750d3b5f6a26d5feedd93cc8f19edbd989e6950209294e3,16000,1,2,48000,3.0,-28.01,0.1837,0.0,train
H6qBrb2fkDU_seg_017.wav,data/interim/segmented_clean_relaxed/spasmodic_dysphonia/H6qBrb2fkDU_seg_017.wav,H6qBrb2fkDU,017,spasmodic_dysphonia,clean_pool,db89f182947dd22075ec75843cd9f9f6c4294fc5b1e43d3b1a82ed3b924aa456,16000,1,2,48000,3.0,-27.19,0.444,0.0,train
H6qBrb2fkDU_seg_018.wav,data/interim/segmented_clean_relaxed/spasmodic_dysphonia/H6qBrb2fkDU_seg_018.wav,H6qBrb2fkDU,018,spasmodic_dysphonia,clean_pool,cb26033a1df494b282546931bb1f02fbdcbfb826e2da6454ca252ac6b028c4e8,16000,1,2,48000,3.0,-28.07,0.2988,0.0,train
H6qBrb2fkDU_seg_019.wav,data/interim/segmented_clean_relaxed/spasmodic_dysphonia/H6qBrb2fkDU_seg_019.wav,H6qBrb2fkDU,019,spasmodic_dysphonia,clean_pool,d66e61281ea7ad8222d1b7e45bcf7d9eae8846f9e51ac4300d94df438869b1a8,16000,1,2,48000,3.0,-28.35,0.3065,0.0,train
H6qBrb2fkDU_seg_020.wav,data/interim/segmented_clean_relaxed/spasmodic_dysphonia/H6qBrb2fkDU_seg_020.wav,H6qBrb2fkDU,020,spasmodic_dysphonia,clean_pool,c2ecfdbc22b13ff96982a280e080d3d4f4e9adfefd03b768f60582b59e8a641a,16000,1,2,48000,3.0,-28.81,0.3838,0.0,train
H6qBrb2fkDU_seg_021.wav,data/interim/segmented_clean_relaxed/spasmodic_dysphonia/H6qBrb2fkDU_seg_021.wav,H6qBrb2fkDU,021,spasmodic_dysphonia,clean_pool,c0b7fc181e8b233c96ff114641b7a32c30314b768f7545337bf0bff5919d66db,16000,1,2,48000,3.0,-29.05,0.2796,0.0,train
H6qBrb2fkDU_seg_022.wav,data/interim/segmented_clean_relaxed/spasmodic_dysphonia/H6qBrb2fkDU_seg_022.wav,H6qBrb2fkDU,022,spasmodic_dysphonia,clean_pool,9f3857d6020851ab707c62b1a99e07b73c20fb6932d2a3f6f338efb81678eae2,16000,1,2,48000,3.0,-25.44,0.2047,0.0,train
H6qBrb2fkDU_seg_023.wav,data/interim/segmented_clean_relaxed/spasmodic_dysphonia/H6qBrb2fkDU_seg_023.wav,H6qBrb2fkDU,023,spasmodic_dysphonia,clean_pool,e09dc9dab59553bd2550488bc5b984d829013eeada7b1fd8d016af5ae77c210d,16000,1,2,48000,3.0,-31.45,0.3237,0.0,train
H6qBrb2fkDU_seg_024.wav,data/interim/segmented_clean_relaxed/spasmodic_dysphonia/H6qBrb2fkDU_seg_024.wav,H6qBrb2fkDU,024,spasmodic_dysphonia,clean_pool,de2e3fdcc17a941dbfe0d708493a5f42525300088cf018f56110d3bea5a7206a,16000,1,2,48000,3.0,-28.99,0.5063,0.0,train
H6qBrb2fkDU_seg_025.wav,data/interim/segmented_clean_relaxed/spasmodic_dysphonia/H6qBrb2fkDU_seg_025.wav,H6qBrb2fkDU,025,spasmodic_dysphonia,clean_pool,ce089a3593f18fcec1b6703b41d05ea6736e2a623915d10e1a6c8edf1dbc7600,16000,1,2,48000,3.0,-27.74,0.2832,0.0,train
H6qBrb2fkDU_seg_026.wav,data/interim/segmented_clean_relaxed/spasmodic_dysphonia/H6qBrb2fkDU_seg_026.wav,H6qBrb2fkDU,026,spasmodic_dysphonia,clean_pool,6001a245f87641f3a202da1315ea195d91d2653ec16c030ade7c71b218170a9b,16000,1,2,48000,3.0,-27.94,0.4023,0.0,train
H6qBrb2fkDU_seg_027.wav,data/interim/segmented_clean_relaxed/spasmodic_dysphonia/H6qBrb2fkDU_seg_027.wav,H6qBrb2fkDU,027,spasmodic_dysphonia,clean_pool,5caac3c12aa978b70119b5c3e011649c9484159615dfb6a617b1a17de823afdc,16000,1,2,48000,3.0,-29.9,0.4201,0.0,train
H6qBrb2fkDU_seg_028.wav,data/interim/segmented_clean_relaxed/spasmodic_dysphonia/H6qBrb2fkDU_seg_028.wav,H6qBrb2fkDU,028,spasmodic_dysphonia,clean_pool,8f55e7c78730728e302fffbd3cb1615f3ef5acd0254aaed01533fe1090a7770a,16000,1,2,48000,3.0,-28.82,0.3321,0.0,train
H6qBrb2fkDU_seg_029.wav,data/interim/segmented_clean_relaxed/spasmodic_dysphonia/H6qBrb2fkDU_seg_029.wav,H6qBrb2fkDU,029,spasmodic_dysphonia,clean_pool,a3ee48ec04322d5a8533c2913d0e88f93f8b3e21a1b7d9fae793e0de1625532c,16000,1,2,48000,3.0,-30.44,0.4605,0.0,train
H6qBrb2fkDU_seg_030.wav,data/interim/segmented_clean_relaxed/spasmodic_dysphonia/H6qBrb2fkDU_seg_030.wav,H6qBrb2fkDU,030,spasmodic_dysphonia,clean_pool,dc23f30b6244ffe6f8c3aebf5d4aa5b364a6a41f744d433c3c352d7988af4898,16000,1,2,48000,3.0,-29.42,0.3422,0.0,train
H6qBrb2fkDU_seg_031.wav,data/interim/segmented_clean_relaxed/spasmodic_dysphonia/H6qBrb2fkDU_seg_031.wav,H6qBrb2fkDU,031,spasmodic_dysphonia,clean_pool,42f7158c6b156010cc75d2d2fff84ea897d18702f688a4e8097d7d224717f969,16000,1,2,48000,3.0,-33.22,0.6628,0.0,train
H6qBrb2fkDU_seg_032.wav,data/interim/segmented_clean_relaxed/spasmodic_dysphonia/H6qBrb2fkDU_seg_032.wav,H6qBrb2fkDU,032,spasmodic_dysphonia,clean_pool,e871aa91a7ad3963cb593b4be9fc284f4507f2aff3de4ab8165fa2a2572241aa,16000,1,2,48000,3.0,-25.44,0.3278,0.0,train
H6qBrb2fkDU_seg_033.wav,data/interim/segmented_clean_relaxed/spasmodic_dysphonia/H6qBrb2fkDU_seg_033.wav,H6qBrb2fkDU,033,spasmodic_dysphonia,clean_pool,e6bdfed8658ce129ed2db11d8b25dd1e7efd58792a2f415c301cc9fa749c23c6,16000,1,2,48000,3.0,-28.43,0.3214,0.0,train
H6qBrb2fkDU_seg_034.wav,data/interim/segmented_clean_relaxed/spasmodic_dysphonia/H6qBrb2fkDU_seg_034.wav,H6qBrb2fkDU,034,spasmodic_dysphonia,clean_pool,c38982fe11cf81bd0a459a21853be97fc9d9a3cb2929144666155afd55047661,16000,1,2,48000,3.0,-28.48,0.4348,0.0,train
H6qBrb2fkDU_seg_035.wav,data/interim/segmented_clean_relaxed/spasmodic_dysphonia/H6qBrb2fkDU_seg_035.wav,H6qBrb2fkDU,035,spasmodic_dysphonia,clean_pool,b780ee17add55df9baf32034319754d6a07e168331916d6e2fd30251faace12d,16000,1,2,48000,3.0,-28.39,0.4252,0.0,train
H6qBrb2fkDU_seg_036.wav,data/interim/segmented_clean_relaxed/spasmodic_dysphonia/H6qBrb2fkDU_seg_036.wav,H6qBrb2fkDU,036,spasmodic_dysphonia,clean_pool,b9149f7ab6d2dfa70b4ded838a11ec155ea572fddcb8e7f7a1d42d874d9a94a8,16000,1,2,48000,3.0,-26.79,0.3361,0.0,train
H6qBrb2fkDU_seg_037.wav,data/interim/segmented_clean_relaxed/spasmodic_dysphonia/H6qBrb2fkDU_seg_037.wav,H6qBrb2fkDU,037,spasmodic_dysphonia,clean_pool,e394af831406fce4d808a7761b7413d9e71a627608a3e6d43ec024bfa3a024f4,16000,1,2,48000,3.0,-28.37,0.3712,0.0,train
H6qBrb2fkDU_seg_038.wav,data/interim/segmented_clean_relaxed/spasmodic_dysphonia/H6qBrb2fkDU_seg_038.wav,H6qBrb2fkDU,038,spasmodic_dysphonia,clean_pool,e1e3885ebe4e2ef29c33f4ee7ce3bd5bc03103d925cf45bf62f2e5df5d47693b,16000,1,2,48000,3.0,-28.01,0.3332,0.0,train
H6qBrb2fkDU_seg_039.wav,data/interim/segmented_clean_relaxed/spasmodic_dysphonia/H6qBrb2fkDU_seg_039.wav,H6qBrb2fkDU,039,spasmodic_dysphonia,clean_pool,8edab9233a44551817d6fecae363a70ce1255ef99a7fa7a84d4cfc3beb013caf,16000,1,2,48000,3.0,-27.3,0.3885,0.0,train
H6qBrb2fkDU_seg_040.wav,data/interim/segmented_clean_relaxed/spasmodic_dysphonia/H6qBrb2fkDU_seg_040.wav,H6qBrb2fkDU,040,spasmodic_dysphonia,clean_pool,84024379b6ec1a77bdd3a49deb757cafa614c632d715bebfff47f514a41332a2,16000,1,2,48000,3.0,-29.22,0.4383,0.0,train
H6qBrb2fkDU_seg_041.wav,data/interim/segmented_clean_relaxed/spasmodic_dysphonia/H6qBrb2fkDU_seg_041.wav,H6qBrb2fkDU,041,spasmodic_dysphonia,clean_pool,35a2f74a24a3892c64a2106237f08519730f4963ee9a83498c2d8bf46f7fdae7,16000,1,2,48000,3.0,-24.87,0.2084,0.0,train
H6qBrb2fkDU_seg_042.wav,data/interim/segmented_clean_relaxed/spasmodic_dysphonia/H6qBrb2fkDU_seg_042.wav,H6qBrb2fkDU,042,spasmodic_dysphonia,clean_pool,72bcd56c0e4f5bd6cd7fde7e47b6af9996458837a8bdc51174a4a9c0ee5f1478,16000,1,2,48000,3.0,-27.22,0.2921,0.0,train
H6qBrb2fkDU_seg_043.wav,data/interim/segmented_clean_relaxed/spasmodic_dysphonia/H6qBrb2fkDU_seg_043.wav,H6qBrb2fkDU,043,spasmodic_dysphonia,clean_pool,089a56605c1cdd9f2a861242d1930be789c24f4607704beab27de00fc0dabf20,16000,1,2,48000,3.0,-28.66,0.3306,0.0,train
H6qBrb2fkDU_seg_044.wav,data/interim/segmented_clean_relaxed/spasmodic_dysphonia/H6qBrb2fkDU_seg_044.wav,H6qBrb2fkDU,044,spasmodic_dysphonia,clean_pool,b35e83fde9225b76fb806088ea5a5f16415bd76d8bec6281c4cf9ae51da7337d,16000,1,2,48000,3.0,-26.36,0.4324,0.0,train
H6qBrb2fkDU_seg_045.wav,data/interim/segmented_clean_relaxed/spasmodic_dysphonia/H6qBrb2fkDU_seg_045.wav,H6qBrb2fkDU,045,spasmodic_dysphonia,clean_pool,a631f14e55bf51ac2e346ade0b8e71917baa329870b0bde6ea45b91a0ee83455,16000,1,2,48000,3.0,-28.35,0.2924,0.0,train
H6qBrb2fkDU_seg_046.wav,data/interim/segmented_clean_relaxed/spasmodic_dysphonia/H6qBrb2fkDU_seg_046.wav,H6qBrb2fkDU,046,spasmodic_dysphonia,clean_pool,c8410ab6abf34a74829197c30de20ccc4e6a91d719bd01cc55a20791ac8e71d5,16000,1,2,48000,3.0,-26.47,0.3819,0.0,train
H6qBrb2fkDU_seg_047.wav,data/interim/segmented_clean_relaxed/spasmodic_dysphonia/H6qBrb2fkDU_seg_047.wav,H6qBrb2fkDU,047,spasmodic_dysphonia,clean_pool,703ec534300a9f26ddf1e2e04e2265a7da841096d982b951b88afebdc7a676ad,16000,1,2,48000,3.0,-26.06,0.1958,0.0,train
H6qBrb2fkDU_seg_048.wav,data/interim/segmented_clean_relaxed/spasmodic_dysphonia/H6qBrb2fkDU_seg_048.wav,H6qBrb2fkDU,048,spasmodic_dysphonia,clean_pool,7c415386a8e4a092bb18b92c94eaf6e6fd15f60c0d376ee3e7424653b0239c58,16000,1,2,48000,3.0,-29.54,0.3418,0.0,train
H6qBrb2fkDU_seg_049.wav,data/interim/segmented_clean_relaxed/spasmodic_dysphonia/H6qBrb2fkDU_seg_049.wav,H6qBrb2fkDU,049,spasmodic_dysphonia,clean_pool,9b8d47395093656352d1e4e0cd1e52698b2747a38b4f6c9fd332a986fc1d1651,16000,1,2,48000,3.0,-30.17,0.5133,0.0,train
H6qBrb2fkDU_seg_050.wav,data/interim/segmented_clean_relaxed/spasmodic_dysphonia/H6qBrb2fkDU_seg_050.wav,H6qBrb2fkDU,050,spasmodic_dysphonia,clean_pool,09281450de1799ba8089106addb8499519a62e99c488452acf81b889b94cfeb7,16000,1,2,48000,3.0,-32.53,0.4227,0.0,train
H6qBrb2fkDU_seg_051.wav,data/interim/segmented_clean_relaxed/spasmodic_dysphonia/H6qBrb2fkDU_seg_051.wav,H6qBrb2fkDU,051,spasmodic_dysphonia,clean_pool,b193d0db9d6c47b655a74893ed1d1f1afa57884a5fbcde219ef9627ffb90eddc,16000,1,2,48000,3.0,-24.99,0.233,0.0,train
H6qBrb2fkDU_seg_052.wav,data/interim/segmented_clean_relaxed/spasmodic_dysphonia/H6qBrb2fkDU_seg_052.wav,H6qBrb2fkDU,052,spasmodic_dysphonia,clean_pool,a0f9f3e8a6127f298b7bbce4e4ab8f69f253ee7d4822cfa61a5c1aa377acf5cb,16000,1,2,48000,3.0,-29.95,0.3226,0.0,train
H6qBrb2fkDU_seg_053.wav,data/interim/segmented_clean_relaxed/spasmodic_dysphonia/H6qBrb2fkDU_seg_053.wav,H6qBrb2fkDU,053,spasmodic_dysphonia,clean_pool,249a5f8aabcf71aca59987cad1a52ca0a1224f1b3b7c3bb5d257bae8e4c82179,16000,1,2,48000,3.0,-28.64,0.331,0.0,train
H6qBrb2fkDU_seg_054.wav,data/interim/segmented_clean_relaxed/spasmodic_dysphonia/H6qBrb2fkDU_seg_054.wav,H6qBrb2fkDU,054,spasmodic_dysphonia,clean_pool,2ee2c18218cbe248680ca90e7adbe10da7bc0838ef27cf45122ee27ca35c19ce,16000,1,2,48000,3.0,-28.26,0.3849,0.0,train
H6qBrb2fkDU_seg_055.wav,data/interim/segmented_clean_relaxed/spasmodic_dysphonia/H6qBrb2fkDU_seg_055.wav,H6qBrb2fkDU,055,spasmodic_dysphonia,clean_pool,66ab30ed5fda3c37218554eb2c0df67228161d99258daf2f828ad9c722ae88be,16000,1,2,48000,3.0,-27.9,0.2994,0.0,train
H6qBrb2fkDU_seg_056.wav,data/interim/segmented_clean_relaxed/spasmodic_dysphonia/H6qBrb2fkDU_seg_056.wav,H6qBrb2fkDU,056,spasmodic_dysphonia,clean_pool,2d4b6161babdc9cf09093f1b0451338adf111d4cc0637f5f7bc9dd3a494ec73b,16000,1,2,48000,3.0,-28.06,0.3734,0.0,train
H6qBrb2fkDU_seg_057.wav,data/interim/segmented_clean_relaxed/spasmodic_dysphonia/H6qBrb2fkDU_seg_057.wav,H6qBrb2fkDU,057,spasmodic_dysphonia,clean_pool,06cdae4ef5757854b02895191c9c6b845244731cb96e4ec9e31c5dae9f2f7070,16000,1,2,48000,3.0,-26.4,0.3422,0.0,train
H6qBrb2fkDU_seg_058.wav,data/interim/segmented_clean_relaxed/spasmodic_dysphonia/H6qBrb2fkDU_seg_058.wav,H6qBrb2fkDU,058,spasmodic_dysphonia,clean_pool,c9f4753e590556db85c72213953787f45d9399547893cfbb329dca1767014961,16000,1,2,48000,3.0,-29.14,0.4107,0.0,train
H6qBrb2fkDU_seg_059.wav,data/interim/segmented_clean_relaxed/spasmodic_dysphonia/H6qBrb2fkDU_seg_059.wav,H6qBrb2fkDU,059,spasmodic_dysphonia,clean_pool,da76d0869e7137b4f1f28a171034be8cf593a91c2a409292b8eec559fa83e4bd,16000,1,2,48000,3.0,-33.66,0.4834,0.0,train
H6qBrb2fkDU_seg_060.wav,data/interim/segmented_clean_relaxed/spasmodic_dysphonia/H6qBrb2fkDU_seg_060.wav,H6qBrb2fkDU,060,spasmodic_dysphonia,clean_pool,7c91dc821d565a7453c7a68fb36415d6127e38bc5faca7a08c2410431746e731,16000,1,2,48000,3.0,-23.76,0.1645,0.0,train
H6qBrb2fkDU_seg_061.wav,data/interim/segmented_clean_relaxed/spasmodic_dysphonia/H6qBrb2fkDU_seg_061.wav,H6qBrb2fkDU,061,spasmodic_dysphonia,clean_pool,6a1f849849e8caed10fa7d552d7664aff2021bdc464da876314bdf4630fc0f72,16000,1,2,48000,3.0,-30.25,0.3407,0.0,train
H6qBrb2fkDU_seg_062.wav,data/interim/segmented_clean_relaxed/spasmodic_dysphonia/H6qBrb2fkDU_seg_062.wav,H6qBrb2fkDU,062,spasmodic_dysphonia,clean_pool,550e7386a815a6f4470da056f2897c96f74b8e706df3d46232168550044a47aa,16000,1,2,48000,3.0,-27.86,0.384,0.0,train
H6qBrb2fkDU_seg_063.wav,data/interim/segmented_clean_relaxed/spasmodic_dysphonia/H6qBrb2fkDU_seg_063.wav,H6qBrb2fkDU,063,spasmodic_dysphonia,clean_pool,040484d9178486578033e226754e4d7aa7388deaa401567d8a26d63bf9e55c99,16000,1,2,48000,3.0,-26.66,0.3226,0.0,train
H6qBrb2fkDU_seg_064.wav,data/interim/segmented_clean_relaxed/spasmodic_dysphonia/H6qBrb2fkDU_seg_064.wav,H6qBrb2fkDU,064,spasmodic_dysphonia,clean_pool,40d916b93a0a59cf8002a3b83592c229cf81604b775f6fd1117501c084ed020f,16000,1,2,48000,3.0,-29.93,0.5102,0.0,train
H6qBrb2fkDU_seg_065.wav,data/interim/segmented_clean_relaxed/spasmodic_dysphonia/H6qBrb2fkDU_seg_065.wav,H6qBrb2fkDU,065,spasmodic_dysphonia,clean_pool,018ea3957e6e5fa6a984dd338cc068f19a454a0e588b50d1cb36520d56d5702a,16000,1,2,48000,3.0,-27.67,0.3082,0.0,train
H6qBrb2fkDU_seg_066.wav,data/interim/segmented_clean_relaxed/spasmodic_dysphonia/H6qBrb2fkDU_seg_066.wav,H6qBrb2fkDU,066,spasmodic_dysphonia,clean_pool,776513e2640a14f5151407087ea4a4bd256f7af4140d02ebc1342db7782f56a4,16000,1,2,48000,3.0,-27.58,0.3794,0.0,train
H6qBrb2fkDU_seg_067.wav,data/interim/segmented_clean_relaxed/spasmodic_dysphonia/H6qBrb2fkDU_seg_067.wav,H6qBrb2fkDU,067,spasmodic_dysphonia,clean_pool,17096a0b353b0bb1f32632623e4588be09718d9b0c3040e129bdb70d1990511b,16000,1,2,48000,3.0,-29.72,0.35,0.0,train
H6qBrb2fkDU_seg_068.wav,data/interim/segmented_clean_relaxed/spasmodic_dysphonia/H6qBrb2fkDU_seg_068.wav,H6qBrb2fkDU,068,spasmodic_dysphonia,clean_pool,2c78d3d456538332bbdc7db9f47001d8b8b6620ebd82c2c7c0fc5bd7a1e712dc,16000,1,2,48000,3.0,-29.16,0.3316,0.0,train
H6qBrb2fkDU_seg_069.wav,data/interim/segmented_clean_relaxed/spasmodic_dysphonia/H6qBrb2fkDU_seg_069.wav,H6qBrb2fkDU,069,spasmodic_dysphonia,clean_pool,9012e613764b3f93314576372612cf4eff9a1c9c15aac04e1ec2d884d7dce200,16000,1,2,48000,3.0,-31.37,0.3353,0.0,train
H6qBrb2fkDU_seg_070.wav,data/interim/segmented_clean_relaxed/spasmodic_dysphonia/H6qBrb2fkDU_seg_070.wav,H6qBrb2fkDU,070,spasmodic_dysphonia,clean_pool,765bd1401a60201c80e4d8b34cd213aa70745a5be36a84f0bc112f1aef7b3097,16000,1,2,48000,3.0,-30.04,0.4127,0.0,train
H6qBrb2fkDU_seg_071.wav,data/interim/segmented_clean_relaxed/spasmodic_dysphonia/H6qBrb2fkDU_seg_071.wav,H6qBrb2fkDU,071,spasmodic_dysphonia,clean_pool,f82cacb778e232d8ef6071f98fcf9d399720a7f2a29345b7ff60b538484348ad,16000,1,2,48000,3.0,-23.67,0.2449,0.0,train
H6qBrb2fkDU_seg_072.wav,data/interim/segmented_clean_relaxed/spasmodic_dysphonia/H6qBrb2fkDU_seg_072.wav,H6qBrb2fkDU,072,spasmodic_dysphonia,clean_pool,df417d0a0e3a90158b58771307be9c5c3bd9078161801e47068c53ee5e0b5edb,16000,1,2,48000,3.0,-27.76,0.2824,0.0,train
H6qBrb2fkDU_seg_073.wav,data/interim/segmented_clean_relaxed/spasmodic_dysphonia/H6qBrb2fkDU_seg_073.wav,H6qBrb2fkDU,073,spasmodic_dysphonia,clean_pool,b070edf7fbd427bb98aaaef7e32cf050fa71b8809fa5ab9a0f02305105b1c26b,16000,1,2,48000,3.0,-26.08,0.1116,0.0,train
H6qBrb2fkDU_seg_074.wav,data/interim/segmented_clean_relaxed/spasmodic_dysphonia/H6qBrb2fkDU_seg_074.wav,H6qBrb2fkDU,074,spasmodic_dysphonia,clean_pool,e8fcf9e516fb2e0e0ea49447bde45c3bac861c22528dbe74d7a06155453175d3,16000,1,2,48000,3.0,-28.18,0.204,0.0,train
H6qBrb2fkDU_seg_075.wav,data/interim/segmented_clean_relaxed/spasmodic_dysphonia/H6qBrb2fkDU_seg_075.wav,H6qBrb2fkDU,075,spasmodic_dysphonia,clean_pool,babc1694eba33605acacd4eff748780d0119b5c639803dd267f3efb67f6e7e37,16000,1,2,48000,3.0,-27.39,0.185,0.0,train
H6qBrb2fkDU_seg_076.wav,data/interim/segmented_clean_relaxed/spasmodic_dysphonia/H6qBrb2fkDU_seg_076.wav,H6qBrb2fkDU,076,spasmodic_dysphonia,clean_pool,b3a88fb38e5633f6c9efcecd97d3e046049a6452348a976fc20061409364b574,16000,1,2,48000,3.0,-30.37,0.4826,0.0,train
H6qBrb2fkDU_seg_077.wav,data/interim/segmented_clean_relaxed/spasmodic_dysphonia/H6qBrb2fkDU_seg_077.wav,H6qBrb2fkDU,077,spasmodic_dysphonia,clean_pool,4ad603428862ef8ec884ce387df69546bf8957107fea99a5a68287a1b4d605d2,16000,1,2,48000,3.0,-25.37,0.2356,0.0,train
H6qBrb2fkDU_seg_078.wav,data/interim/segmented_clean_relaxed/spasmodic_dysphonia/H6qBrb2fkDU_seg_078.wav,H6qBrb2fkDU,078,spasmodic_dysphonia,clean_pool,57009dc571dbb4e4014633f58f2f77065975bcb1e04e8db51d48f106cd9240e8,16000,1,2,48000,3.0,-27.23,0.2947,0.0,train
H6qBrb2fkDU_seg_079.wav,data/interim/segmented_clean_relaxed/spasmodic_dysphonia/H6qBrb2fkDU_seg_079.wav,H6qBrb2fkDU,079,spasmodic_dysphonia,clean_pool,d8282801b7882c96e4a91dfaecd3a5edb0df9c3ff9e62d301d0b4a359b8126e2,16000,1,2,48000,3.0,-28.24,0.4126,0.0,train
H6qBrb2fkDU_seg_080.wav,data/interim/segmented_clean_relaxed/spasmodic_dysphonia/H6qBrb2fkDU_seg_080.wav,H6qBrb2fkDU,080,spasmodic_dysphonia,clean_pool,446a71039ddb0edc0c68866be98b59f6e9a7349fad074f442d32f4557383f924,16000,1,2,48000,3.0,-27.5,0.3041,0.0,train
H6qBrb2fkDU_seg_081.wav,data/interim/segmented_clean_relaxed/spasmodic_dysphonia/H6qBrb2fkDU_seg_081.wav,H6qBrb2fkDU,081,spasmodic_dysphonia,clean_pool,d1fab3e4ce790c0f8ccad94c4a9eff8dd73c804b9e9fa2c4f0396d3d6bee5268,16000,1,2,48000,3.0,-28.29,0.4084,0.0,train
H6qBrb2fkDU_seg_082.wav,data/interim/segmented_clean_relaxed/spasmodic_dysphonia/H6qBrb2fkDU_seg_082.wav,H6qBrb2fkDU,082,spasmodic_dysphonia,clean_pool,414993bdb50d8a264fcc87dd64b869dfdc0133f2c19ab59a2fc30ea87709a3dd,16000,1,2,48000,3.0,-28.74,0.2615,0.0,train
H6qBrb2fkDU_seg_083.wav,data/interim/segmented_clean_relaxed/spasmodic_dysphonia/H6qBrb2fkDU_seg_083.wav,H6qBrb2fkDU,083,spasmodic_dysphonia,clean_pool,da8116636c8b208efb172a430836a355e7b570413ce5fdc52ada6e60270743b0,16000,1,2,48000,3.0,-28.25,0.3892,0.0,train
H6qBrb2fkDU_seg_084.wav,data/interim/segmented_clean_relaxed/spasmodic_dysphonia/H6qBrb2fkDU_seg_084.wav,H6qBrb2fkDU,084,spasmodic_dysphonia,clean_pool,1de0b6dd0198a4cdf2d3e6aa07f371b9b0ebd7fad2fbbcf935dde0df657d6481,16000,1,2,48000,3.0,-28.03,0.3131,0.0,train
H6qBrb2fkDU_seg_085.wav,data/interim/segmented_clean_relaxed/spasmodic_dysphonia/H6qBrb2fkDU_seg_085.wav,H6qBrb2fkDU,085,spasmodic_dysphonia,clean_pool,004e69a44bb64b3ecf267731699aa757c3ecad95ee7f544f9401f3cbb225182c,16000,1,2,48000,3.0,-28.04,0.3072,0.0,train
H6qBrb2fkDU_seg_086.wav,data/interim/segmented_clean_relaxed/spasmodic_dysphonia/H6qBrb2fkDU_seg_086.wav,H6qBrb2fkDU,086,spasmodic_dysphonia,clean_pool,b557287ae821b1b8a6cc3542bd88621b53cab3a3cf9575e28bda124b3669656d,16000,1,2,48000,3.0,-30.89,0.4661,0.0,train
H6qBrb2fkDU_seg_087.wav,data/interim/segmented_clean_relaxed/spasmodic_dysphonia/H6qBrb2fkDU_seg_087.wav,H6qBrb2fkDU,087,spasmodic_dysphonia,clean_pool,6425b55b1382b3294485d27e454492367749868b91cdfffbb250122572366d50,16000,1,2,48000,3.0,-28.25,0.3421,0.0,train
H6qBrb2fkDU_seg_088.wav,data/interim/segmented_clean_relaxed/spasmodic_dysphonia/H6qBrb2fkDU_seg_088.wav,H6qBrb2fkDU,088,spasmodic_dysphonia,clean_pool,feeb5aa00a63aa96ee98e9a4f0a28bcf6afb674d06c09c5e490cf9183c366057,16000,1,2,48000,3.0,-27.82,0.3462,0.0,train
H6qBrb2fkDU_seg_089.wav,data/interim/segmented_clean_relaxed/spasmodic_dysphonia/H6qBrb2fkDU_seg_089.wav,H6qBrb2fkDU,089,spasmodic_dysphonia,clean_pool,a0f9e012b40e70c3c92fb74bb8afca37dd2d7bdae98035969479d274621d0d10,16000,1,2,48000,3.0,-28.83,0.356,0.0,train
H6qBrb2fkDU_seg_090.wav,data/interim/segmented_clean_relaxed/spasmodic_dysphonia/H6qBrb2fkDU_seg_090.wav,H6qBrb2fkDU,090,spasmodic_dysphonia,clean_pool,54e7116464fab680a1928e5c031550e4c54b0c1c6e823c87581aae3e3f2f8d5e,16000,1,2,48000,3.0,-27.96,0.2863,0.0,train
H6qBrb2fkDU_seg_091.wav,data/interim/segmented_clean_relaxed/spasmodic_dysphonia/H6qBrb2fkDU_seg_091.wav,H6qBrb2fkDU,091,spasmodic_dysphonia,clean_pool,ddd0683b464666b563f981f884b83799434de724fd7030a2030a4c27e229e4e2,16000,1,2,48000,3.0,-31.61,0.4706,0.0,train
H6qBrb2fkDU_seg_092.wav,data/interim/segmented_clean_relaxed/spasmodic_dysphonia/H6qBrb2fkDU_seg_092.wav,H6qBrb2fkDU,092,spasmodic_dysphonia,clean_pool,4bfde381d1308a410ef48dd7628282761a1074536c5fb2e8598bece934c88e99,16000,1,2,48000,3.0,-31.48,0.4479,0.0,train
Hpbo6QD01_I_seg_000.wav,data/interim/segmented_clean_relaxed/spasmodic_dysphonia/Hpbo6QD01_I_seg_000.wav,Hpbo6QD01_I,000,spasmodic_dysphonia,clean_pool,ef53c808a9f5452c127892046d54e4a8ea735389e0f147afbf731cacb111e37b,16000,1,2,48000,3.0,-31.18,0.1391,0.0,train
Hpbo6QD01_I_seg_001.wav,data/interim/segmented_clean_relaxed/spasmodic_dysphonia/Hpbo6QD01_I_seg_001.wav,Hpbo6QD01_I,001,spasmodic_dysphonia,clean_pool,bd356504d685d587764279a857dafd6e8a544a4612ed4488b7b0500502008a28,16000,1,2,48000,3.0,-30.0,0.3017,0.0,train
Hpbo6QD01_I_seg_002.wav,data/interim/segmented_clean_relaxed/spasmodic_dysphonia/Hpbo6QD01_I_seg_002.wav,Hpbo6QD01_I,002,spasmodic_dysphonia,clean_pool,8a36e02de56fbb326523de003bd238730e545fd4b565e293872fa30707656e64,16000,1,2,48000,3.0,-30.6,0.354,0.0,train
Hpbo6QD01_I_seg_003.wav,data/interim/segmented_clean_relaxed/spasmodic_dysphonia/Hpbo6QD01_I_seg_003.wav,Hpbo6QD01_I,003,spasmodic_dysphonia,clean_pool,51aba2e6cccc049e13494e58ae6a4f3c048ff719f9cbe13c3fcc19e3b1156e65,16000,1,2,48000,3.0,-34.28,0.3772,0.0,train
Hpbo6QD01_I_seg_004.wav,data/interim/segmented_clean_relaxed/spasmodic_dysphonia/Hpbo6QD01_I_seg_004.wav,Hpbo6QD01_I,004,spasmodic_dysphonia,clean_pool,b8c81b08b4a0365708be11d638311b16438716e910b7b1a36417d567b05d7437,16000,1,2,48000,3.0,-31.93,0.4824,0.0,train
Hpbo6QD01_I_seg_005.wav,data/interim/segmented_clean_relaxed/spasmodic_dysphonia/Hpbo6QD01_I_seg_005.wav,Hpbo6QD01_I,005,spasmodic_dysphonia,clean_pool,0c7f5fee0d1782a54cafda1a2d99c81750226f0999fa510ca6907641f25d50a1,16000,1,2,48000,3.0,-30.82,0.4533,0.0,train
Hpbo6QD01_I_seg_006.wav,data/interim/segmented_clean_relaxed/spasmodic_dysphonia/Hpbo6QD01_I_seg_006.wav,Hpbo6QD01_I,006,spasmodic_dysphonia,clean_pool,bc9a2c17aa76359ed111f50ded12ab739675d51ff12331477182bf154bfed7e5,16000,1,2,48000,3.0,-32.58,0.3585,0.0,train
Hpbo6QD01_I_seg_007.wav,data/interim/segmented_clean_relaxed/spasmodic_dysphonia/Hpbo6QD01_I_seg_007.wav,Hpbo6QD01_I,007,spasmodic_dysphonia,clean_pool,8d9b0d34617280554700b8e9351eddac5db6d035a740bf35540659459caa7ef6,16000,1,2,48000,3.0,-31.32,0.3921,0.0,train
Hpbo6QD01_I_seg_008.wav,data/interim/segmented_clean_relaxed/spasmodic_dysphonia/Hpbo6QD01_I_seg_008.wav,Hpbo6QD01_I,008,spasmodic_dysphonia,clean_pool,e0bd656d9b7a796f3f309c21a722a2cece940a35acca81c547049bf6852fbba0,16000,1,2,48000,3.0,-34.22,0.3998,0.0,train
Hpbo6QD01_I_seg_009.wav,data/interim/segmented_clean_relaxed/spasmodic_dysphonia/Hpbo6QD01_I_seg_009.wav,Hpbo6QD01_I,009,spasmodic_dysphonia,clean_pool,5e06d30ea43ccb763b806d97a6a30bbd80380fdb448ecdc317a34573e8917de2,16000,1,2,48000,3.0,-31.38,0.3412,0.0,train
Hpbo6QD01_I_seg_010.wav,data/interim/segmented_clean_relaxed/spasmodic_dysphonia/Hpbo6QD01_I_seg_010.wav,Hpbo6QD01_I,010,spasmodic_dysphonia,clean_pool,1bd9eadcbc58b7654206e1ff1068cd65c4256fc3a3d5648a4a31ff141b44c810,16000,1,2,48000,3.0,-32.12,0.2933,0.0,train
Hpbo6QD01_I_seg_011.wav,data/interim/segmented_clean_relaxed/spasmodic_dysphonia/Hpbo6QD01_I_seg_011.wav,Hpbo6QD01_I,011,spasmodic_dysphonia,clean_pool,ae04683b324b9f0005174b14fe914abdc966e8a8ab5f5c681a216b6a05d653c7,16000,1,2,48000,3.0,-36.47,0.4654,0.0,train
Hpbo6QD01_I_seg_012.wav,data/interim/segmented_clean_relaxed/spasmodic_dysphonia/Hpbo6QD01_I_seg_012.wav,Hpbo6QD01_I,012,spasmodic_dysphonia,clean_pool,ed1abceb0ec31edee485a6221e3b6ce90070c74168c0cb369a865ac419a8ade4,16000,1,2,48000,3.0,-34.84,0.412,0.0,train
Hpbo6QD01_I_seg_013.wav,data/interim/segmented_clean_relaxed/spasmodic_dysphonia/Hpbo6QD01_I_seg_013.wav,Hpbo6QD01_I,013,spasmodic_dysphonia,clean_pool,814a0154df69aad09145d01e78f349cce69e3a22251859e4a417d720a0a1d4eb,16000,1,2,48000,3.0,-31.64,0.3499,0.0,train
Hpbo6QD01_I_seg_014.wav,data/interim/segmented_clean_relaxed/spasmodic_dysphonia/Hpbo6QD01_I_seg_014.wav,Hpbo6QD01_I,014,spasmodic_dysphonia,clean_pool,e48876cd89ab353d649b6a2b38b710fb21b2289d72573db2553587881c53707e,16000,1,2,48000,3.0,-33.71,0.4199,0.0,train
Hpbo6QD01_I_seg_015.wav,data/interim/segmented_clean_relaxed/spasmodic_dysphonia/Hpbo6QD01_I_seg_015.wav,Hpbo6QD01_I,015,spasmodic_dysphonia,clean_pool,757c61de2a95c38724e3e661a24048ef19d3648dad343b1794c0ee743cbb2b0c,16000,1,2,48000,3.0,-34.73,0.3818,0.0,train
Hpbo6QD01_I_seg_016.wav,data/interim/segmented_clean_relaxed/spasmodic_dysphonia/Hpbo6QD01_I_seg_016.wav,Hpbo6QD01_I,016,spasmodic_dysphonia,clean_pool,ff4136a603296b4fe049f4d0178d526d2d7aa99497762aaef298a955aa04d387,16000,1,2,48000,3.0,-30.17,0.3099,0.0,train
Hpbo6QD01_I_seg_017.wav,data/interim/segmented_clean_relaxed/spasmodic_dysphonia/Hpbo6QD01_I_seg_017.wav,Hpbo6QD01_I,017,spasmodic_dysphonia,clean_pool,df76d93a7d9d9f3d823028a54f6b2659e598c0151851a452d2ac4a38b5be2f1b,16000,1,2,48000,3.0,-31.71,0.4673,0.0,train
Hpbo6QD01_I_seg_018.wav,data/interim/segmented_clean_relaxed/spasmodic_dysphonia/Hpbo6QD01_I_seg_018.wav,Hpbo6QD01_I,018,spasmodic_dysphonia,clean_pool,5e1da4863dbcae0afc4844d61c99c1f20a458f11f0c1bf2a7fc5518e42384357,16000,1,2,48000,3.0,-32.7,0.4736,0.0,train
Hpbo6QD01_I_seg_019.wav,data/interim/segmented_clean_relaxed/spasmodic_dysphonia/Hpbo6QD01_I_seg_019.wav,Hpbo6QD01_I,019,spasmodic_dysphonia,clean_pool,c26b4cba4a08d886eb9c01548f6171eac924645b9580e0ca39b9405a747ee07d,16000,1,2,48000,3.0,-32.94,0.3706,0.0,train
Hpbo6QD01_I_seg_020.wav,data/interim/segmented_clean_relaxed/spasmodic_dysphonia/Hpbo6QD01_I_seg_020.wav,Hpbo6QD01_I,020,spasmodic_dysphonia,clean_pool,4c299b06c7c352a9c78a0768ec9673358720094b2cca647fdf44a2e33a5f8bf6,16000,1,2,48000,3.0,-35.42,0.442,0.0,train
Hpbo6QD01_I_seg_021.wav,data/interim/segmented_clean_relaxed/spasmodic_dysphonia/Hpbo6QD01_I_seg_021.wav,Hpbo6QD01_I,021,spasmodic_dysphonia,clean_pool,e55ef430bf267d8b089918042a5a9cabf051ec097407ec7a8c5d1a6484a26e3c,16000,1,2,48000,3.0,-35.03,0.3889,0.0,train
Hpbo6QD01_I_seg_022.wav,data/interim/segmented_clean_relaxed/spasmodic_dysphonia/Hpbo6QD01_I_seg_022.wav,Hpbo6QD01_I,022,spasmodic_dysphonia,clean_pool,ec15402be163fde9ce6e4f498d7fc263b754c9b1dfdd37be0e91bd7dc21f8bc1,16000,1,2,48000,3.0,-35.06,0.4592,0.0,train
Hpbo6QD01_I_seg_023.wav,data/interim/segmented_clean_relaxed/spasmodic_dysphonia/Hpbo6QD01_I_seg_023.wav,Hpbo6QD01_I,023,spasmodic_dysphonia,clean_pool,47e96e6adfb7392d5b954d805f1a9ee9c069094c6ad4abbde193f4019f3093ea,16000,1,2,48000,3.0,-35.48,0.3902,0.0,train
Hpbo6QD01_I_seg_024.wav,data/interim/segmented_clean_relaxed/spasmodic_dysphonia/Hpbo6QD01_I_seg_024.wav,Hpbo6QD01_I,024,spasmodic_dysphonia,clean_pool,871ab81f75183968a8ffaef877245219952f48cdd5009e137b852e2ce243f918,16000,1,2,48000,3.0,-39.12,0.6092,0.0,train
Hpbo6QD01_I_seg_025.wav,data/interim/segmented_clean_relaxed/spasmodic_dysphonia/Hpbo6QD01_I_seg_025.wav,Hpbo6QD01_I,025,spasmodic_dysphonia,clean_pool,c0ffe3415e9fe97d1d70ff93017529c66ac9ef56ad3f1c070226c22dae7cbb83,16000,1,2,48000,3.0,-37.73,0.517,0.0,train
Hpbo6QD01_I_seg_026.wav,data/interim/segmented_clean_relaxed/spasmodic_dysphonia/Hpbo6QD01_I_seg_026.wav,Hpbo6QD01_I,026,spasmodic_dysphonia,clean_pool,7d75f5e0992b8b69b1fc291d6f6403e643f5923282182057ca6e65ac2459c17b,16000,1,2,48000,3.0,-33.59,0.4328,0.0,train
Hpbo6QD01_I_seg_027.wav,data/interim/segmented_clean_relaxed/spasmodic_dysphonia/Hpbo6QD01_I_seg_027.wav,Hpbo6QD01_I,027,spasmodic_dysphonia,clean_pool,43e25a53688798d2b6ed2b5e6607ffd9c13fb991aab230bb05ac05a60663a717,16000,1,2,48000,3.0,-35.08,0.4514,0.0,train
Hpbo6QD01_I_seg_028.wav,data/interim/segmented_clean_relaxed/spasmodic_dysphonia/Hpbo6QD01_I_seg_028.wav,Hpbo6QD01_I,028,spasmodic_dysphonia,clean_pool,2c9ecbfa4eb6b206cd1f2017a1979fd6570ecefabed868a4cf010ac115033491,16000,1,2,48000,3.0,-35.79,0.5294,0.0,train
Hpbo6QD01_I_seg_029.wav,data/interim/segmented_clean_relaxed/spasmodic_dysphonia/Hpbo6QD01_I_seg_029.wav,Hpbo6QD01_I,029,spasmodic_dysphonia,clean_pool,5d935c7618054994157b299bfe5b8885e232700b335b6bdfab82eef714c32852,16000,1,2,48000,3.0,-35.08,0.4124,0.0,train
Hpbo6QD01_I_seg_030.wav,data/interim/segmented_clean_relaxed/spasmodic_dysphonia/Hpbo6QD01_I_seg_030.wav,Hpbo6QD01_I,030,spasmodic_dysphonia,clean_pool,f44424848a39797cfe44f2d82248279434a3b574b299062039a32dd6ceb3594f,16000,1,2,48000,3.0,-32.63,0.314,0.0,train
Hpbo6QD01_I_seg_031.wav,data/interim/segmented_clean_relaxed/spasmodic_dysphonia/Hpbo6QD01_I_seg_031.wav,Hpbo6QD01_I,031,spasmodic_dysphonia,clean_pool,7434b8c702870c36c16ee826ae4db377f7dcd9479c16ec869f55b7c32fb96d99,16000,1,2,48000,3.0,-33.56,0.3939,0.0,train
Hpbo6QD01_I_seg_032.wav,data/interim/segmented_clean_relaxed/spasmodic_dysphonia/Hpbo6QD01_I_seg_032.wav,Hpbo6QD01_I,032,spasmodic_dysphonia,clean_pool,4e8b996732f83558fbbda39b8020a218d3cabf3bd9cdf9101694b40e611574d9,16000,1,2,48000,3.0,-31.7,0.3647,0.0,train
Hpbo6QD01_I_seg_033.wav,data/interim/segmented_clean_relaxed/spasmodic_dysphonia/Hpbo6QD01_I_seg_033.wav,Hpbo6QD01_I,033,spasmodic_dysphonia,clean_pool,1059668f6339fc07ae975df587557995438827f05b88f08c4fcbb6332d270d75,16000,1,2,48000,3.0,-31.93,0.419,0.0,train
Hpbo6QD01_I_seg_034.wav,data/interim/segmented_clean_relaxed/spasmodic_dysphonia/Hpbo6QD01_I_seg_034.wav,Hpbo6QD01_I,034,spasmodic_dysphonia,clean_pool,d4b03bd063597012f0c3f3627a4b6abdf9a97ef6cf24cf5064170b5111df38fb,16000,1,2,48000,3.0,-32.13,0.2585,0.0,train
Hpbo6QD01_I_seg_035.wav,data/interim/segmented_clean_relaxed/spasmodic_dysphonia/Hpbo6QD01_I_seg_035.wav,Hpbo6QD01_I,035,spasmodic_dysphonia,clean_pool,8b3ae819b371ba60fc01d6b14fed887436bc0950822fe683dfddd28e7749959d,16000,1,2,48000,3.0,-34.99,0.4146,0.0,train
Hpbo6QD01_I_seg_036.wav,data/interim/segmented_clean_relaxed/spasmodic_dysphonia/Hpbo6QD01_I_seg_036.wav,Hpbo6QD01_I,036,spasmodic_dysphonia,clean_pool,88c6c286ee3fba489950070ef811cb718f9ac7c2dbae2b0b7f742096113d1373,16000,1,2,48000,3.0,-33.94,0.4361,0.0,train
Hpbo6QD01_I_seg_037.wav,data/interim/segmented_clean_relaxed/spasmodic_dysphonia/Hpbo6QD01_I_seg_037.wav,Hpbo6QD01_I,037,spasmodic_dysphonia,clean_pool,8b1747fb6658ded1500ba0b2af0c831d7bc8e8589d2effe283d82bfa287d2892,16000,1,2,48000,3.0,-32.2,0.3869,0.0,train
Hpbo6QD01_I_seg_038.wav,data/interim/segmented_clean_relaxed/spasmodic_dysphonia/Hpbo6QD01_I_seg_038.wav,Hpbo6QD01_I,038,spasmodic_dysphonia,clean_pool,2d946028a9d50cbbbfdac3f1117253db2ef5a2174b5e5395fd258d305410aab8,16000,1,2,48000,3.0,-34.93,0.3536,0.0,train
Hpbo6QD01_I_seg_039.wav,data/interim/segmented_clean_relaxed/spasmodic_dysphonia/Hpbo6QD01_I_seg_039.wav,Hpbo6QD01_I,039,spasmodic_dysphonia,clean_pool,991ad7ac90541e25e9c6d57f34a3c1bfe5b73f911e10dd2ccd183762a14ca6c6,16000,1,2,48000,3.0,-30.56,0.3979,0.0,train
Hpbo6QD01_I_seg_040.wav,data/interim/segmented_clean_relaxed/spasmodic_dysphonia/Hpbo6QD01_I_seg_040.wav,Hpbo6QD01_I,040,spasmodic_dysphonia,clean_pool,38028389bc695bd2bf66d9b88ae0837661c0a1c54eb8af4ccc1565c929ef77c0,16000,1,2,48000,3.0,-31.7,0.3392,0.0,train
Hpbo6QD01_I_seg_041.wav,data/interim/segmented_clean_relaxed/spasmodic_dysphonia/Hpbo6QD01_I_seg_041.wav,Hpbo6QD01_I,041,spasmodic_dysphonia,clean_pool,7acefb609926abd6ef26674f2be28467995112980054b3f7b948c2b78f076007,16000,1,2,48000,3.0,-29.04,0.2218,0.0,train
Hpbo6QD01_I_seg_042.wav,data/interim/segmented_clean_relaxed/spasmodic_dysphonia/Hpbo6QD01_I_seg_042.wav,Hpbo6QD01_I,042,spasmodic_dysphonia,clean_pool,4be9a5a4b7a3aa5325bb4b9499ee0bf11788bccec61df228309a324ea0c73142,16000,1,2,48000,3.0,-28.25,0.2525,0.0,train
Hpbo6QD01_I_seg_043.wav,data/interim/segmented_clean_relaxed/spasmodic_dysphonia/Hpbo6QD01_I_seg_043.wav,Hpbo6QD01_I,043,spasmodic_dysphonia,clean_pool,515142a69018f7bf420320fc86553c17f2ce3a28b027ee647f3dd980a150a660,16000,1,2,48000,3.0,-29.03,0.2274,0.0,train
Hpbo6QD01_I_seg_044.wav,data/interim/segmented_clean_relaxed/spasmodic_dysphonia/Hpbo6QD01_I_seg_044.wav,Hpbo6QD01_I,044,spasmodic_dysphonia,clean_pool,28f54fd88fe43388c6e7ec72395a50ac03d106a9d42715447a395e8959fa9702,16000,1,2,48000,3.0,-27.95,0.2629,0.0,train
Hpbo6QD01_I_seg_045.wav,data/interim/segmented_clean_relaxed/spasmodic_dysphonia/Hpbo6QD01_I_seg_045.wav,Hpbo6QD01_I,045,spasmodic_dysphonia,clean_pool,a09bb4e4b1b905ccd74e67a09da8189b808b7eaf2a2c54f00411117acfd488da,16000,1,2,48000,3.0,-29.08,0.3157,0.0,train
Hpbo6QD01_I_seg_046.wav,data/interim/segmented_clean_relaxed/spasmodic_dysphonia/Hpbo6QD01_I_seg_046.wav,Hpbo6QD01_I,046,spasmodic_dysphonia,clean_pool,c1c6eb957ac747d222e6684857d2bd3c28405778b3e7c03bacece2390d23e0d4,16000,1,2,48000,3.0,-32.22,0.3292,0.0,train
Hpbo6QD01_I_seg_047.wav,data/interim/segmented_clean_relaxed/spasmodic_dysphonia/Hpbo6QD01_I_seg_047.wav,Hpbo6QD01_I,047,spasmodic_dysphonia,clean_pool,5564b82441436f53a05cd2b9397c811c5d2c56aaf073776798b17f3ceb396ca8,16000,1,2,48000,3.0,-27.17,0.2325,0.0,train
Hpbo6QD01_I_seg_048.wav,data/interim/segmented_clean_relaxed/spasmodic_dysphonia/Hpbo6QD01_I_seg_048.wav,Hpbo6QD01_I,048,spasmodic_dysphonia,clean_pool,05b8232aa32fcab8615030a960aad79b1af133c65d7f784e99e33ffaf7ba246f,16000,1,2,48000,3.0,-30.04,0.2769,0.0,train
Hpbo6QD01_I_seg_049.wav,data/interim/segmented_clean_relaxed/spasmodic_dysphonia/Hpbo6QD01_I_seg_049.wav,Hpbo6QD01_I,049,spasmodic_dysphonia,clean_pool,1768e6f346eb144f515228afa6c09a8a171cd00da7058045991153370069eabe,16000,1,2,48000,3.0,-28.23,0.2398,0.0,train
Hpbo6QD01_I_seg_050.wav,data/interim/segmented_clean_relaxed/spasmodic_dysphonia/Hpbo6QD01_I_seg_050.wav,Hpbo6QD01_I,050,spasmodic_dysphonia,clean_pool,d2616c9718eb5715a4dd806318e0cdff98356c137665b6867c70502240fca571,16000,1,2,48000,3.0,-28.17,0.2539,0.0,train
Hpbo6QD01_I_seg_051.wav,data/interim/segmented_clean_relaxed/spasmodic_dysphonia/Hpbo6QD01_I_seg_051.wav,Hpbo6QD01_I,051,spasmodic_dysphonia,clean_pool,5bbe819bdfec714ac7bb242bca6c2eeecfcd1c2975ab5dd6a24e5b3526f8ea6c,16000,1,2,48000,3.0,-27.59,0.2221,0.0,train
Hpbo6QD01_I_seg_052.wav,data/interim/segmented_clean_relaxed/spasmodic_dysphonia/Hpbo6QD01_I_seg_052.wav,Hpbo6QD01_I,052,spasmodic_dysphonia,clean_pool,0e140a805d91081edf13d05f98f228dc73cc29258173d4296ea8c9741cf4e8d0,16000,1,2,48000,3.0,-29.69,0.2561,0.0,train
Hpbo6QD01_I_seg_053.wav,data/interim/segmented_clean_relaxed/spasmodic_dysphonia/Hpbo6QD01_I_seg_053.wav,Hpbo6QD01_I,053,spasmodic_dysphonia,clean_pool,e508648965a87a112066679859e92f69df8e99095247cf1a53886319dcaf5203,16000,1,2,48000,3.0,-28.38,0.2547,0.0,train
Hpbo6QD01_I_seg_054.wav,data/interim/segmented_clean_relaxed/spasmodic_dysphonia/Hpbo6QD01_I_seg_054.wav,Hpbo6QD01_I,054,spasmodic_dysphonia,clean_pool,699a24ab29aa37471aa8ab3f23d0bafe77af03a3b467ae1ea3694918ca1f73b8,16000,1,2,48000,3.0,-27.73,0.2328,0.0,train
Hpbo6QD01_I_seg_055.wav,data/interim/segmented_clean_relaxed/spasmodic_dysphonia/Hpbo6QD01_I_seg_055.wav,Hpbo6QD01_I,055,spasmodic_dysphonia,clean_pool,b511296bf895357a2a5883777815b584c748d8a7b94ecc04b0cfbdfec3b35384,16000,1,2,48000,3.0,-28.91,0.2247,0.0,train
Hpbo6QD01_I_seg_056.wav,data/interim/segmented_clean_relaxed/spasmodic_dysphonia/Hpbo6QD01_I_seg_056.wav,Hpbo6QD01_I,056,spasmodic_dysphonia,clean_pool,2b65303b6b1a861167a03c21b0f291c2575241ae06d7abad292a38781eae7287,16000,1,2,48000,3.0,-30.59,0.2542,0.0,train
Hpbo6QD01_I_seg_057.wav,data/interim/segmented_clean_relaxed/spasmodic_dysphonia/Hpbo6QD01_I_seg_057.wav,Hpbo6QD01_I,057,spasmodic_dysphonia,clean_pool,9eece7eaba18ecf9b29e2abe78773d9988c6c8e02cf07cce09538f98ff9f0eb9,16000,1,2,48000,3.0,-31.23,0.3157,0.0,train
Hpbo6QD01_I_seg_058.wav,data/interim/segmented_clean_relaxed/spasmodic_dysphonia/Hpbo6QD01_I_seg_058.wav,Hpbo6QD01_I,058,spasmodic_dysphonia,clean_pool,b4e5d1e233c36d91f3586b038e00884a4c5fa675026c565428251fa1825e0faa,16000,1,2,48000,3.0,-28.78,0.2131,0.0,train
Hpbo6QD01_I_seg_059.wav,data/interim/segmented_clean_relaxed/spasmodic_dysphonia/Hpbo6QD01_I_seg_059.wav,Hpbo6QD01_I,059,spasmodic_dysphonia,clean_pool,58a3fcc9e4a8ce60152cdb782561921bc9e18f538f3fa50ba86e2512d3d8d007,16000,1,2,48000,3.0,-29.13,0.2632,0.0,train
Hpbo6QD01_I_seg_060.wav,data/interim/segmented_clean_relaxed/spasmodic_dysphonia/Hpbo6QD01_I_seg_060.wav,Hpbo6QD01_I,060,spasmodic_dysphonia,clean_pool,4608702463026ef1c96e78c3c0f11a7fcbc8af3edf7f4078807c1ad89addfe24,16000,1,2,48000,3.0,-30.51,0.3242,0.0,train
Hpbo6QD01_I_seg_061.wav,data/interim/segmented_clean_relaxed/spasmodic_dysphonia/Hpbo6QD01_I_seg_061.wav,Hpbo6QD01_I,061,spasmodic_dysphonia,clean_pool,17c368229918bdfede3df9cfe80fd6a47d8dde55499ba3c9820d259c98e9cd79,16000,1,2,48000,3.0,-33.78,0.3832,0.0,train
Hpbo6QD01_I_seg_062.wav,data/interim/segmented_clean_relaxed/spasmodic_dysphonia/Hpbo6QD01_I_seg_062.wav,Hpbo6QD01_I,062,spasmodic_dysphonia,clean_pool,98346e501e5384dabfdf5bd373999353edc8c41e06b18f3ae051bd3442170d76,16000,1,2,48000,3.0,-31.9,0.3381,0.0,train
Hpbo6QD01_I_seg_063.wav,data/interim/segmented_clean_relaxed/spasmodic_dysphonia/Hpbo6QD01_I_seg_063.wav,Hpbo6QD01_I,063,spasmodic_dysphonia,clean_pool,c01be8edda9ddcb653a6654e42b84e1de632bd3c705206ab64a27aecaaaa1b4f,16000,1,2,48000,3.0,-32.79,0.3416,0.0,train
Hpbo6QD01_I_seg_064.wav,data/interim/segmented_clean_relaxed/spasmodic_dysphonia/Hpbo6QD01_I_seg_064.wav,Hpbo6QD01_I,064,spasmodic_dysphonia,clean_pool,706243b5dd20eb28f8e60e65d81f1ea1cc789b5154d2679d89ebc50adc733cf6,16000,1,2,48000,3.0,-33.32,0.3226,0.0,train
Hpbo6QD01_I_seg_065.wav,data/interim/segmented_clean_relaxed/spasmodic_dysphonia/Hpbo6QD01_I_seg_065.wav,Hpbo6QD01_I,065,spasmodic_dysphonia,clean_pool,239160ec32739d70bb6c61d0ce5763db0d4a41e5577fc10550d39acd3a6f2422,16000,1,2,48000,3.0,-33.14,0.33,0.0,train
Hpbo6QD01_I_seg_066.wav,data/interim/segmented_clean_relaxed/spasmodic_dysphonia/Hpbo6QD01_I_seg_066.wav,Hpbo6QD01_I,066,spasmodic_dysphonia,clean_pool,70abdfd6b46cf2dc0dac8effd8019d61a2f83c04f3638d02c1479d0508caa68a,16000,1,2,48000,3.0,-32.58,0.4124,0.0,train
Hpbo6QD01_I_seg_067.wav,data/interim/segmented_clean_relaxed/spasmodic_dysphonia/Hpbo6QD01_I_seg_067.wav,Hpbo6QD01_I,067,spasmodic_dysphonia,clean_pool,d5a9df0d89f9ec6af5f6f5d4fc46ccc7f01fb164112396e1c1919c3a30fe6d4c,16000,1,2,48000,3.0,-28.95,0.2819,0.0,train
Hpbo6QD01_I_seg_068.wav,data/interim/segmented_clean_relaxed/spasmodic_dysphonia/Hpbo6QD01_I_seg_068.wav,Hpbo6QD01_I,068,spasmodic_dysphonia,clean_pool,04f4fdad6ade4f0b7d551b52983a4baafa757f221211df5a0e656eb0b39429bd,16000,1,2,48000,3.0,-30.73,0.2356,0.0,train
Hpbo6QD01_I_seg_069.wav,data/interim/segmented_clean_relaxed/spasmodic_dysphonia/Hpbo6QD01_I_seg_069.wav,Hpbo6QD01_I,069,spasmodic_dysphonia,clean_pool,d535ad1c6692ef9ce75a274045e40cd197cfb91add6de9178313bc102d53d7f5,16000,1,2,48000,3.0,-35.55,0.385,0.0,train
Hpbo6QD01_I_seg_070.wav,data/interim/segmented_clean_relaxed/spasmodic_dysphonia/Hpbo6QD01_I_seg_070.wav,Hpbo6QD01_I,070,spasmodic_dysphonia,clean_pool,26c3c74c7de88e45d541eda515c017c91c8920e02cf247017300dcabe3013c9c,16000,1,2,48000,3.0,-34.78,0.3807,0.0,train
Hpbo6QD01_I_seg_071.wav,data/interim/segmented_clean_relaxed/spasmodic_dysphonia/Hpbo6QD01_I_seg_071.wav,Hpbo6QD01_I,071,spasmodic_dysphonia,clean_pool,0d95142eeff6652d85f6cc28891c76c074c2a083a20d954aed612c4a756ac8a3,16000,1,2,48000,3.0,-30.1,0.3018,0.0,train
Hpbo6QD01_I_seg_072.wav,data/interim/segmented_clean_relaxed/spasmodic_dysphonia/Hpbo6QD01_I_seg_072.wav,Hpbo6QD01_I,072,spasmodic_dysphonia,clean_pool,46d904c74d56713b7976f63dedefc137488184e032d0a0f4d7097c09c16a9003,16000,1,2,48000,3.0,-32.59,0.3315,0.0,train
Hpbo6QD01_I_seg_073.wav,data/interim/segmented_clean_relaxed/spasmodic_dysphonia/Hpbo6QD01_I_seg_073.wav,Hpbo6QD01_I,073,spasmodic_dysphonia,clean_pool,4f387570882037ccac6a7c5d606611eb3c82ab4936c45e5f0e058c47a456ad7a,16000,1,2,48000,3.0,-33.75,0.3338,0.0,train
Hpbo6QD01_I_seg_074.wav,data/interim/segmented_clean_relaxed/spasmodic_dysphonia/Hpbo6QD01_I_seg_074.wav,Hpbo6QD01_I,074,spasmodic_dysphonia,clean_pool,f087ed7c0492a883ac7bafec95b28dad49ae5b1f259d566164eeacf99c47ae19,16000,1,2,48000,3.0,-30.66,0.351,0.0,train
Hpbo6QD01_I_seg_075.wav,data/interim/segmented_clean_relaxed/spasmodic_dysphonia/Hpbo6QD01_I_seg_075.wav,Hpbo6QD01_I,075,spasmodic_dysphonia,clean_pool,aee1c96e019205a032599bef8d5fcd491a1bd8bb2bda4be33b3bcfdb3bdeb8ec,16000,1,2,48000,3.0,-32.09,0.2975,0.0,train
Hpbo6QD01_I_seg_076.wav,data/interim/segmented_clean_relaxed/spasmodic_dysphonia/Hpbo6QD01_I_seg_076.wav,Hpbo6QD01_I,076,spasmodic_dysphonia,clean_pool,439d58cfbdfa9e288b7b5bd3ff8028c863530bb0021d49ff119b49a3da0df904,16000,1,2,48000,3.0,-29.73,0.2871,0.0,train
Hpbo6QD01_I_seg_077.wav,data/interim/segmented_clean_relaxed/spasmodic_dysphonia/Hpbo6QD01_I_seg_077.wav,Hpbo6QD01_I,077,spasmodic_dysphonia,clean_pool,9e74ddc3779d9a4c51ad2420337e726464667fd552e01ec3701f93f0a274567e,16000,1,2,48000,3.0,-31.93,0.3828,0.0,train
Hpbo6QD01_I_seg_078.wav,data/interim/segmented_clean_relaxed/spasmodic_dysphonia/Hpbo6QD01_I_seg_078.wav,Hpbo6QD01_I,078,spasmodic_dysphonia,clean_pool,1e1c5a01e32ecc46a48cd40e2b16099dfcbdbaa5642e36db77c53cdf52d2086e,16000,1,2,48000,3.0,-29.49,0.2117,0.0,train
Hpbo6QD01_I_seg_079.wav,data/interim/segmented_clean_relaxed/spasmodic_dysphonia/Hpbo6QD01_I_seg_079.wav,Hpbo6QD01_I,079,spasmodic_dysphonia,clean_pool,bb075872be110fbc5e01ae35e1199f89868da607f775a93da7e2c030985fcbd8,16000,1,2,48000,3.0,-31.9,0.2926,0.0,train
Hpbo6QD01_I_seg_080.wav,data/interim/segmented_clean_relaxed/spasmodic_dysphonia/Hpbo6QD01_I_seg_080.wav,Hpbo6QD01_I,080,spasmodic_dysphonia,clean_pool,e079682c368916650dc45d27b71c3ea42b3fa04c45b6ce7e0ce82103aa694815,16000,1,2,48000,3.0,-31.87,0.3179,0.0,train
Hpbo6QD01_I_seg_081.wav,data/interim/segmented_clean_relaxed/spasmodic_dysphonia/Hpbo6QD01_I_seg_081.wav,Hpbo6QD01_I,081,spasmodic_dysphonia,clean_pool,a59edece7ca53c298bddb9540c8fc2a9efa267fdfff313b08cb38a090a4dca83,16000,1,2,48000,3.0,-31.91,0.3102,0.0,train
Hpbo6QD01_I_seg_082.wav,data/interim/segmented_clean_relaxed/spasmodic_dysphonia/Hpbo6QD01_I_seg_082.wav,Hpbo6QD01_I,082,spasmodic_dysphonia,clean_pool,c16bedf2087eaed1253e45cf044f593505a08aa3c18bcb2e5b655d1a2b50edef,16000,1,2,48000,3.0,-34.58,0.4376,0.0,train
Hpbo6QD01_I_seg_083.wav,data/interim/segmented_clean_relaxed/spasmodic_dysphonia/Hpbo6QD01_I_seg_083.wav,Hpbo6QD01_I,083,spasmodic_dysphonia,clean_pool,e1b18e9958bf3ed9fd927cf184017643d52b5a632b2627080a8616a55920b836,16000,1,2,48000,3.0,-30.4,0.3448,0.0,train
Hpbo6QD01_I_seg_084.wav,data/interim/segmented_clean_relaxed/spasmodic_dysphonia/Hpbo6QD01_I_seg_084.wav,Hpbo6QD01_I,084,spasmodic_dysphonia,clean_pool,02f3fdf619b2a18c55a89e2c9c1b0eea2fded79835d0baacdbc68dd9fabd317f,16000,1,2,48000,3.0,-31.01,0.2614,0.0,train
Hpbo6QD01_I_seg_085.wav,data/interim/segmented_clean_relaxed/spasmodic_dysphonia/Hpbo6QD01_I_seg_085.wav,Hpbo6QD01_I,085,spasmodic_dysphonia,clean_pool,20c5e32a998c1e9545f3fbfbfd26c6805707eefea8955ead032c1397915b1a42,16000,1,2,48000,3.0,-33.22,0.3872,0.0,train
Hpbo6QD01_I_seg_086.wav,data/interim/segmented_clean_relaxed/spasmodic_dysphonia/Hpbo6QD01_I_seg_086.wav,Hpbo6QD01_I,086,spasmodic_dysphonia,clean_pool,8cc4a3f4f09e2b256e2505cc4f304b70d1371f2f5f7b6e1258457e8471370c59,16000,1,2,48000,3.0,-29.79,0.281,0.0,train
Hpbo6QD01_I_seg_087.wav,data/interim/segmented_clean_relaxed/spasmodic_dysphonia/Hpbo6QD01_I_seg_087.wav,Hpbo6QD01_I,087,spasmodic_dysphonia,clean_pool,072bfc96dd6c0bada4935676444da071c42325bdd79553a5c7cccb022dea4b31,16000,1,2,48000,3.0,-30.07,0.3184,0.0,train
Hpbo6QD01_I_seg_088.wav,data/interim/segmented_clean_relaxed/spasmodic_dysphonia/Hpbo6QD01_I_seg_088.wav,Hpbo6QD01_I,088,spasmodic_dysphonia,clean_pool,5a7aab7d78f4e4f5e9c7635e987af1e2032f07b2062f31e0875194435f3d6786,16000,1,2,48000,3.0,-33.05,0.3642,0.0,train
Hpbo6QD01_I_seg_089.wav,data/interim/segmented_clean_relaxed/spasmodic_dysphonia/Hpbo6QD01_I_seg_089.wav,Hpbo6QD01_I,089,spasmodic_dysphonia,clean_pool,9c3805905618afd9ab332822e6d3ea766f17878519f0f4cdcdbef7887d03ced2,16000,1,2,48000,3.0,-35.36,0.4164,0.0,train
Hpbo6QD01_I_seg_090.wav,data/interim/segmented_clean_relaxed/spasmodic_dysphonia/Hpbo6QD01_I_seg_090.wav,Hpbo6QD01_I,090,spasmodic_dysphonia,clean_pool,1b8a201d6bb2dfbfe15af97fca3f5fd6c2693d6cf921d73307f4320fe3c59bda,16000,1,2,48000,3.0,-31.96,0.3215,0.0,train
Hpbo6QD01_I_seg_091.wav,data/interim/segmented_clean_relaxed/spasmodic_dysphonia/Hpbo6QD01_I_seg_091.wav,Hpbo6QD01_I,091,spasmodic_dysphonia,clean_pool,eb3e9f33a9c5b892bf816696bcbfb3eb8b826aa46de080e1b82dc79769c86b61,16000,1,2,48000,3.0,-31.69,0.2913,0.0,train
Hpbo6QD01_I_seg_092.wav,data/interim/segmented_clean_relaxed/spasmodic_dysphonia/Hpbo6QD01_I_seg_092.wav,Hpbo6QD01_I,092,spasmodic_dysphonia,clean_pool,4a3822eb43923d204bc353c672f5d606aaadf2a2cbbd52f4a27fa597ecc6a838,16000,1,2,48000,3.0,-31.4,0.293,0.0,train
Hpbo6QD01_I_seg_093.wav,data/interim/segmented_clean_relaxed/spasmodic_dysphonia/Hpbo6QD01_I_seg_093.wav,Hpbo6QD01_I,093,spasmodic_dysphonia,clean_pool,c4c5e65ebc6c3f2a7bcc14916a582630d6f7e334c28c114441577c246be3e92d,16000,1,2,48000,3.0,-33.51,0.3404,0.0,train
Hpbo6QD01_I_seg_094.wav,data/interim/segmented_clean_relaxed/spasmodic_dysphonia/Hpbo6QD01_I_seg_094.wav,Hpbo6QD01_I,094,spasmodic_dysphonia,clean_pool,a37476f0cafbc973d1bfb793e8278db6133a70f38d2a4786aaace2cda866dd04,16000,1,2,48000,3.0,-34.05,0.401,0.0,train
Hpbo6QD01_I_seg_095.wav,data/interim/segmented_clean_relaxed/spasmodic_dysphonia/Hpbo6QD01_I_seg_095.wav,Hpbo6QD01_I,095,spasmodic_dysphonia,clean_pool,a55b938a7fadea4b8614626d451e128d1be06e3550287a6e10dba21f578d8a5e,16000,1,2,48000,3.0,-33.21,0.3213,0.0,train
Hpbo6QD01_I_seg_096.wav,data/interim/segmented_clean_relaxed/spasmodic_dysphonia/Hpbo6QD01_I_seg_096.wav,Hpbo6QD01_I,096,spasmodic_dysphonia,clean_pool,45bc624d96672fe4e69ce52ea52db03b9f64ca0f6ebf414a12f36a298f04494e,16000,1,2,48000,3.0,-32.4,0.3789,0.0,train
Hpbo6QD01_I_seg_097.wav,data/interim/segmented_clean_relaxed/spasmodic_dysphonia/Hpbo6QD01_I_seg_097.wav,Hpbo6QD01_I,097,spasmodic_dysphonia,clean_pool,184c24ab920f9a9fb81fa510a7e6838c65eadd9e9936249085719d43f66c97e7,16000,1,2,48000,3.0,-32.05,0.2629,0.0,train
Hpbo6QD01_I_seg_098.wav,data/interim/segmented_clean_relaxed/spasmodic_dysphonia/Hpbo6QD01_I_seg_098.wav,Hpbo6QD01_I,098,spasmodic_dysphonia,clean_pool,1caf2b852174b266bea29da9197486df4f0a42505bafb18fe92d6d87aea46bfd,16000,1,2,48000,3.0,-32.59,0.4133,0.0,train
Hpbo6QD01_I_seg_099.wav,data/interim/segmented_clean_relaxed/spasmodic_dysphonia/Hpbo6QD01_I_seg_099.wav,Hpbo6QD01_I,099,spasmodic_dysphonia,clean_pool,f8736c25a87456f93459ef2cfc8982394bb82fb1ea750af09f2fe18089393763,16000,1,2,48000,3.0,-30.0,0.2604,0.0,train
Hpbo6QD01_I_seg_100.wav,data/interim/segmented_clean_relaxed/spasmodic_dysphonia/Hpbo6QD01_I_seg_100.wav,Hpbo6QD01_I,100,spasmodic_dysphonia,clean_pool,7fe846eabd04df67f1ff3c869434ecdfe10c6a1800eccd8bb0e9d36973ec47f5,16000,1,2,48000,3.0,-30.04,0.275,0.0,train
Hpbo6QD01_I_seg_101.wav,data/interim/segmented_clean_relaxed/spasmodic_dysphonia/Hpbo6QD01_I_seg_101.wav,Hpbo6QD01_I,101,spasmodic_dysphonia,clean_pool,2e223e8ded999ccc47f25c201b77e7abe13c1d0a436d57c422ed5a3654dc07ae,16000,1,2,48000,3.0,-33.19,0.3237,0.0,train
Hpbo6QD01_I_seg_102.wav,data/interim/segmented_clean_relaxed/spasmodic_dysphonia/Hpbo6QD01_I_seg_102.wav,Hpbo6QD01_I,102,spasmodic_dysphonia,clean_pool,6dafc08fbf1b4079fabd8aa0ebed184d16dcab5c84259bac74383cdcdb923fda,16000,1,2,48000,3.0,-31.0,0.3615,0.0,train
Hpbo6QD01_I_seg_103.wav,data/interim/segmented_clean_relaxed/spasmodic_dysphonia/Hpbo6QD01_I_seg_103.wav,Hpbo6QD01_I,103,spasmodic_dysphonia,clean_pool,850f487a765be37c874866f69058774257dbf006689619ffd7a1a13fff08f315,16000,1,2,48000,3.0,-30.19,0.3354,0.0,train
Hpbo6QD01_I_seg_104.wav,data/interim/segmented_clean_relaxed/spasmodic_dysphonia/Hpbo6QD01_I_seg_104.wav,Hpbo6QD01_I,104,spasmodic_dysphonia,clean_pool,916d65c89683fdf673068a139784e2dffbcab981ca444690c5ac8ff2a5df404a,16000,1,2,48000,3.0,-29.48,0.251,0.0,train
Hpbo6QD01_I_seg_105.wav,data/interim/segmented_clean_relaxed/spasmodic_dysphonia/Hpbo6QD01_I_seg_105.wav,Hpbo6QD01_I,105,spasmodic_dysphonia,clean_pool,b85fc02b3c517378b3f58021b56e5c2e0a00d14dfce06b9062d035fc5c7e7719,16000,1,2,48000,3.0,-30.12,0.2846,0.0,train
Hpbo6QD01_I_seg_106.wav,data/interim/segmented_clean_relaxed/spasmodic_dysphonia/Hpbo6QD01_I_seg_106.wav,Hpbo6QD01_I,106,spasmodic_dysphonia,clean_pool,034250b7fff8e79bab6604adc25c94cf9090ae71680360af49d5f18f5a879b1f,16000,1,2,48000,3.0,-29.63,0.3224,0.0,train
Hpbo6QD01_I_seg_107.wav,data/interim/segmented_clean_relaxed/spasmodic_dysphonia/Hpbo6QD01_I_seg_107.wav,Hpbo6QD01_I,107,spasmodic_dysphonia,clean_pool,d6fa620a7257f429341a1a45f8950622c672bb1427a32109550adb469d049512,16000,1,2,48000,3.0,-33.18,0.372,0.0,train
Hpbo6QD01_I_seg_108.wav,data/interim/segmented_clean_relaxed/spasmodic_dysphonia/Hpbo6QD01_I_seg_108.wav,Hpbo6QD01_I,108,spasmodic_dysphonia,clean_pool,f6870c3681d7ab3a30229d6bc321758e4379cdbcc26da10f995880d19f7d6475,16000,1,2,48000,3.0,-33.62,0.4413,0.0,train
Hpbo6QD01_I_seg_109.wav,data/interim/segmented_clean_relaxed/spasmodic_dysphonia/Hpbo6QD01_I_seg_109.wav,Hpbo6QD01_I,109,spasmodic_dysphonia,clean_pool,bc2a4db70cd5ed81e0f21783489bc06fb87be0d06f6f16270a9197dcc9a69e2e,16000,1,2,48000,3.0,-34.04,0.4655,0.0,train
Hpbo6QD01_I_seg_110.wav,data/interim/segmented_clean_relaxed/spasmodic_dysphonia/Hpbo6QD01_I_seg_110.wav,Hpbo6QD01_I,110,spasmodic_dysphonia,clean_pool,8e215b2318d5976811a00832a738152696ecf7f56097de22c4186219641055f2,16000,1,2,48000,3.0,-35.42,0.3967,0.0,train
Hpbo6QD01_I_seg_111.wav,data/interim/segmented_clean_relaxed/spasmodic_dysphonia/Hpbo6QD01_I_seg_111.wav,Hpbo6QD01_I,111,spasmodic_dysphonia,clean_pool,c776539f720c9d403d9b298d32cd30a78053c90cfe389edd3e43e07810e392c8,16000,1,2,48000,3.0,-35.92,0.4795,0.0,train
Hpbo6QD01_I_seg_112.wav,data/interim/segmented_clean_relaxed/spasmodic_dysphonia/Hpbo6QD01_I_seg_112.wav,Hpbo6QD01_I,112,spasmodic_dysphonia,clean_pool,3103549aabe882a5c8f6995a52245eb993986e92daec958951553701576f4403,16000,1,2,48000,3.0,-32.52,0.3459,0.0,train
Hpbo6QD01_I_seg_113.wav,data/interim/segmented_clean_relaxed/spasmodic_dysphonia/Hpbo6QD01_I_seg_113.wav,Hpbo6QD01_I,113,spasmodic_dysphonia,clean_pool,0c5f54f77f13e39ca06a3481b239493fe734d17846182422654ea5959dcd918c,16000,1,2,48000,3.0,-33.2,0.4268,0.0,train
Hpbo6QD01_I_seg_114.wav,data/interim/segmented_clean_relaxed/spasmodic_dysphonia/Hpbo6QD01_I_seg_114.wav,Hpbo6QD01_I,114,spasmodic_dysphonia,clean_pool,015a6a33ec206470382b99ccbb8af6a006f4e5d7a3bd0f27639786ae05f27fd6,16000,1,2,48000,3.0,-30.23,0.349,0.0,train
Hpbo6QD01_I_seg_115.wav,data/interim/segmented_clean_relaxed/spasmodic_dysphonia/Hpbo6QD01_I_seg_115.wav,Hpbo6QD01_I,115,spasmodic_dysphonia,clean_pool,865a5f9ddb6565045cae00fdece1c98e78e9e51e03ff1c097cd89a4f5c5727c9,16000,1,2,48000,3.0,-32.09,0.4086,0.0,train
Hpbo6QD01_I_seg_116.wav,data/interim/segmented_clean_relaxed/spasmodic_dysphonia/Hpbo6QD01_I_seg_116.wav,Hpbo6QD01_I,116,spasmodic_dysphonia,clean_pool,7f7fb1cb8a790a57b71168a98bcd9be45dfd1408af4b7e4dd184dc68675a0331,16000,1,2,48000,3.0,-32.61,0.3403,0.0,train
Hpbo6QD01_I_seg_117.wav,data/interim/segmented_clean_relaxed/spasmodic_dysphonia/Hpbo6QD01_I_seg_117.wav,Hpbo6QD01_I,117,spasmodic_dysphonia,clean_pool,4421f483ba30382b71507e5acc83c52a5ffbbb5b241ea4d8331005853103c173,16000,1,2,48000,3.0,-33.05,0.3362,0.0,train
Hpbo6QD01_I_seg_118.wav,data/interim/segmented_clean_relaxed/spasmodic_dysphonia/Hpbo6QD01_I_seg_118.wav,Hpbo6QD01_I,118,spasmodic_dysphonia,clean_pool,4c9b229abcffa5813d2e8fef8a1a1c16562fdd2b770f5e7f5e9637335ad27db6,16000,1,2,48000,3.0,-33.94,0.4272,0.0,train
Hpbo6QD01_I_seg_119.wav,data/interim/segmented_clean_relaxed/spasmodic_dysphonia/Hpbo6QD01_I_seg_119.wav,Hpbo6QD01_I,119,spasmodic_dysphonia,clean_pool,a3871baa5efb9961c1f47424780b3636fac75d8f067969decfce81490d8dbf78,16000,1,2,48000,3.0,-32.68,0.3843,0.0,train
Hpbo6QD01_I_seg_120.wav,data/interim/segmented_clean_relaxed/spasmodic_dysphonia/Hpbo6QD01_I_seg_120.wav,Hpbo6QD01_I,120,spasmodic_dysphonia,clean_pool,455ccaa171e65888fd69623281caa993173865fc7b09b31ffd1716504e546dda,16000,1,2,48000,3.0,-31.69,0.36,0.0,train
Hpbo6QD01_I_seg_121.wav,data/interim/segmented_clean_relaxed/spasmodic_dysphonia/Hpbo6QD01_I_seg_121.wav,Hpbo6QD01_I,121,spasmodic_dysphonia,clean_pool,b5467d4f0d7e51331ce5362cb6236c82d995563eec8f874cd0cbcd9f0b8c731e,16000,1,2,48000,3.0,-33.67,0.4067,0.0,train
Hpbo6QD01_I_seg_122.wav,data/interim/segmented_clean_relaxed/spasmodic_dysphonia/Hpbo6QD01_I_seg_122.wav,Hpbo6QD01_I,122,spasmodic_dysphonia,clean_pool,6f75acd868ada066a005810c39df35790514805a187ad4bcc8e474709b870b77,16000,1,2,48000,3.0,-32.07,0.369,0.0,train
Hpbo6QD01_I_seg_123.wav,data/interim/segmented_clean_relaxed/spasmodic_dysphonia/Hpbo6QD01_I_seg_123.wav,Hpbo6QD01_I,123,spasmodic_dysphonia,clean_pool,5c1476d36943ff7d3ed2e4961699572c43b247df80e42f4107d5e52d314dd00f,16000,1,2,48000,3.0,-33.96,0.4074,0.0,train
Hpbo6QD01_I_seg_124.wav,data/interim/segmented_clean_relaxed/spasmodic_dysphonia/Hpbo6QD01_I_seg_124.wav,Hpbo6QD01_I,124,spasmodic_dysphonia,clean_pool,6234a96249a70c41fa521bb881c7841f7a168203a567e5aa8d11ac215619f35d,16000,1,2,48000,3.0,-30.09,0.3321,0.0,train
Hpbo6QD01_I_seg_125.wav,data/interim/segmented_clean_relaxed/spasmodic_dysphonia/Hpbo6QD01_I_seg_125.wav,Hpbo6QD01_I,125,spasmodic_dysphonia,clean_pool,dcfae1c3701f2dca1d5e53315495651b6f539ab2ede768058ce2915f2b587d9b,16000,1,2,48000,3.0,-34.28,0.4159,0.0,train
Hpbo6QD01_I_seg_126.wav,data/interim/segmented_clean_relaxed/spasmodic_dysphonia/Hpbo6QD01_I_seg_126.wav,Hpbo6QD01_I,126,spasmodic_dysphonia,clean_pool,77697fcebb5200dbceb11f0ec09dcd257f07c9a163b5edd96828bca4b8c14fb2,16000,1,2,48000,3.0,-30.5,0.3796,0.0,train
Hpbo6QD01_I_seg_127.wav,data/interim/segmented_clean_relaxed/spasmodic_dysphonia/Hpbo6QD01_I_seg_127.wav,Hpbo6QD01_I,127,spasmodic_dysphonia,clean_pool,0b16aa13686d716c046c669e95c6130d061ab6355fbbdea79c7195fe0e4b6ca2,16000,1,2,48000,3.0,-32.88,0.4123,0.0,train
Hpbo6QD01_I_seg_128.wav,data/interim/segmented_clean_relaxed/spasmodic_dysphonia/Hpbo6QD01_I_seg_128.wav,Hpbo6QD01_I,128,spasmodic_dysphonia,clean_pool,c175362e5d395bf3419156cc73b6a84fb316d628b2413ff8adb81691a29236c3,16000,1,2,48000,3.0,-33.68,0.3271,0.0,train
Hpbo6QD01_I_seg_129.wav,data/interim/segmented_clean_relaxed/spasmodic_dysphonia/Hpbo6QD01_I_seg_129.wav,Hpbo6QD01_I,129,spasmodic_dysphonia,clean_pool,92019c0242975a7931aecfcbb0a17edc27f00072d5fb8b71654bba8e43ebdbc4,16000,1,2,48000,3.0,-36.11,0.2039,0.0,train
Hpbo6QD01_I_seg_130.wav,data/interim/segmented_clean_relaxed/spasmodic_dysphonia/Hpbo6QD01_I_seg_130.wav,Hpbo6QD01_I,130,spasmodic_dysphonia,clean_pool,b9d9332d41bfe003ddcd4e1f97ff0947ffc3083c52b7468eed8b41aef69df3e8,16000,1,2,48000,3.0,-36.71,0.2218,0.0,train
Hpbo6QD01_I_seg_131.wav,data/interim/segmented_clean_relaxed/spasmodic_dysphonia/Hpbo6QD01_I_seg_131.wav,Hpbo6QD01_I,131,spasmodic_dysphonia,clean_pool,a09a9cd0d48036b25d061272441ee3024665fbe98f02a54e0595a46c4780ec7f,16000,1,2,46096,2.881,-37.06,0.2249,0.0,train
HzThFtf2At4_seg_000.wav,data/interim/segmented_clean_relaxed/spasmodic_dysphonia/HzThFtf2At4_seg_000.wav,HzThFtf2At4,000,spasmodic_dysphonia,clean_pool,c9bfe39e39a92a1b04e9804613b944bcc38cb1ce782d7279e4e9af121cec528a,16000,1,2,48000,3.0,-18.31,0.2417,0.0,train
HzThFtf2At4_seg_001.wav,data/interim/segmented_clean_relaxed/spasmodic_dysphonia/HzThFtf2At4_seg_001.wav,HzThFtf2At4,001,spasmodic_dysphonia,clean_pool,a0eb8a6cae7ca52e0839a30039e66fc7ec821026fddda62daf73c0724c758a2b,16000,1,2,48000,3.0,-20.03,0.3352,0.0,train
HzThFtf2At4_seg_002.wav,data/interim/segmented_clean_relaxed/spasmodic_dysphonia/HzThFtf2At4_seg_002.wav,HzThFtf2At4,002,spasmodic_dysphonia,clean_pool,2568c6abbcb4abed5c2e473dd504e157b85af51b7e1d011789ffb34449840446,16000,1,2,48000,3.0,-23.44,0.284,0.0,train
HzThFtf2At4_seg_003.wav,data/interim/segmented_clean_relaxed/spasmodic_dysphonia/HzThFtf2At4_seg_003.wav,HzThFtf2At4,003,spasmodic_dysphonia,clean_pool,648797102d6fa8cb6e6dafe8cc724f4b00d41b0cba77ba242052e6d6287fa1e8,16000,1,2,48000,3.0,-18.96,0.1935,0.0,train
HzThFtf2At4_seg_004.wav,data/interim/segmented_clean_relaxed/spasmodic_dysphonia/HzThFtf2At4_seg_004.wav,HzThFtf2At4,004,spasmodic_dysphonia,clean_pool,a070298e5a8a8e99a6d0b8a4e97c0f95f3d523eae03131b360f3eead4f2fd154,16000,1,2,48000,3.0,-22.65,0.1951,0.0,train
HzThFtf2At4_seg_005.wav,data/interim/segmented_clean_relaxed/spasmodic_dysphonia/HzThFtf2At4_seg_005.wav,HzThFtf2At4,005,spasmodic_dysphonia,clean_pool,498af3a7c05abb5e70a8c013a46ecbb18576cd61df1916ff034b93be709fc9bb,16000,1,2,48000,3.0,-21.9,0.4755,0.0,train
HzThFtf2At4_seg_006.wav,data/interim/segmented_clean_relaxed/spasmodic_dysphonia/HzThFtf2At4_seg_006.wav,HzThFtf2At4,006,spasmodic_dysphonia,clean_pool,774e312f365ee685f1d00d4400a8ce478be446370086b7aa9774d7352b80a96c,16000,1,2,48000,3.0,-18.79,0.2017,0.0,train
HzThFtf2At4_seg_007.wav,data/interim/segmented_clean_relaxed/spasmodic_dysphonia/HzThFtf2At4_seg_007.wav,HzThFtf2At4,007,spasmodic_dysphonia,clean_pool,fa59da5dc2dc1a15041202a6e6161daaa4ed6a45c5bb95e737e0796ae74b9be2,16000,1,2,48000,3.0,-21.44,0.2345,0.0,train
HzThFtf2At4_seg_008.wav,data/interim/segmented_clean_relaxed/spasmodic_dysphonia/HzThFtf2At4_seg_008.wav,HzThFtf2At4,008,spasmodic_dysphonia,clean_pool,02edca4e4ad541e94837b954f8110e0d82e5dc41da7f621167e4319e1ad25f09,16000,1,2,48000,3.0,-18.66,0.18,0.0,train
HzThFtf2At4_seg_009.wav,data/interim/segmented_clean_relaxed/spasmodic_dysphonia/HzThFtf2At4_seg_009.wav,HzThFtf2At4,009,spasmodic_dysphonia,clean_pool,63f9ec5be9d1f4194eef2797d67a54fa94adf21c24068f3aa6c85095754dea70,16000,1,2,48000,3.0,-19.18,0.1701,0.0,train
HzThFtf2At4_seg_010.wav,data/interim/segmented_clean_relaxed/spasmodic_dysphonia/HzThFtf2At4_seg_010.wav,HzThFtf2At4,010,spasmodic_dysphonia,clean_pool,0dc6c4d0e9786e107ff26638eacb3b0df49e6c51e5ae321e500d702f167dc3f4,16000,1,2,48000,3.0,-20.6,0.182,0.0,train
HzThFtf2At4_seg_011.wav,data/interim/segmented_clean_relaxed/spasmodic_dysphonia/HzThFtf2At4_seg_011.wav,HzThFtf2At4,011,spasmodic_dysphonia,clean_pool,ffb755b4e27428c6407d028e9918d1eb2e5b250b6f24066912befa75a5e3ec2a,16000,1,2,48000,3.0,-20.44,0.1032,0.0,train
HzThFtf2At4_seg_012.wav,data/interim/segmented_clean_relaxed/spasmodic_dysphonia/HzThFtf2At4_seg_012.wav,HzThFtf2At4,012,spasmodic_dysphonia,clean_pool,439fc70e0b2245e23e723c113e4dff82d8fef096c5ab6d5e463d160df84a7064,16000,1,2,48000,3.0,-20.21,0.3314,0.0,train
HzThFtf2At4_seg_013.wav,data/interim/segmented_clean_relaxed/spasmodic_dysphonia/HzThFtf2At4_seg_013.wav,HzThFtf2At4,013,spasmodic_dysphonia,clean_pool,f5a8ac7dcbf8734e9d9c396cc1ac6285c9b9f610c540d2eaa87bd9e9cb3d79ee,16000,1,2,48000,3.0,-20.99,0.1857,0.0,train
HzThFtf2At4_seg_014.wav,data/interim/segmented_clean_relaxed/spasmodic_dysphonia/HzThFtf2At4_seg_014.wav,HzThFtf2At4,014,spasmodic_dysphonia,clean_pool,b0d2408023c28e37fe5c112ed874fce26f92333529c8820dcabb0585816e0ed3,16000,1,2,48000,3.0,-20.86,0.1589,0.0,train
HzThFtf2At4_seg_015.wav,data/interim/segmented_clean_relaxed/spasmodic_dysphonia/HzThFtf2At4_seg_015.wav,HzThFtf2At4,015,spasmodic_dysphonia,clean_pool,0b4e300d3a9628cfee87a55c320527607d2075d9e13f3c1e1f0484d32a13fdd1,16000,1,2,48000,3.0,-18.46,0.1306,0.0,train
HzThFtf2At4_seg_016.wav,data/interim/segmented_clean_relaxed/spasmodic_dysphonia/HzThFtf2At4_seg_016.wav,HzThFtf2At4,016,spasmodic_dysphonia,clean_pool,4a6cd0e643186890241492264fa45c21417b656e2424e71e9fbcc23fab920bf1,16000,1,2,48000,3.0,-19.77,0.2597,0.0,train
HzThFtf2At4_seg_017.wav,data/interim/segmented_clean_relaxed/spasmodic_dysphonia/HzThFtf2At4_seg_017.wav,HzThFtf2At4,017,spasmodic_dysphonia,clean_pool,1228889e2eb6d6751fb17c9b43bcd98f34e62ba1b18b14026a5b353659bfb729,16000,1,2,48000,3.0,-21.5,0.224,0.0,train
HzThFtf2At4_seg_018.wav,data/interim/segmented_clean_relaxed/spasmodic_dysphonia/HzThFtf2At4_seg_018.wav,HzThFtf2At4,018,spasmodic_dysphonia,clean_pool,af7fe08c7fcf54541e2c39ba9aa3346aef7b700221d65b873f2a939982f38f76,16000,1,2,48000,3.0,-19.82,0.1419,0.0,train
IBwFTEmk1Sw_seg_000.wav,data/interim/segmented_clean_relaxed/spasmodic_dysphonia/IBwFTEmk1Sw_seg_000.wav,IBwFTEmk1Sw,000,spasmodic_dysphonia,clean_pool,f3641c7172ca9c804ed5a9ebc5173e6d2957cc2e1ac90aa01dd424d6fa8e57c9,16000,1,2,48000,3.0,-25.23,0.0829,0.0,train
IBwFTEmk1Sw_seg_001.wav,data/interim/segmented_clean_relaxed/spasmodic_dysphonia/IBwFTEmk1Sw_seg_001.wav,IBwFTEmk1Sw,001,spasmodic_dysphonia,clean_pool,dedb7fa2b986646599686967f3358d7ae7e91bbf97b582602136f360cff0abf0,16000,1,2,48000,3.0,-24.68,0.1668,0.0,train
IBwFTEmk1Sw_seg_002.wav,data/interim/segmented_clean_relaxed/spasmodic_dysphonia/IBwFTEmk1Sw_seg_002.wav,IBwFTEmk1Sw,002,spasmodic_dysphonia,clean_pool,e81514f393dc7725c88518bbe8799255498c79fe3a965d70252a4feacfae805b,16000,1,2,48000,3.0,-26.07,0.2773,0.0,train
IBwFTEmk1Sw_seg_003.wav,data/interim/segmented_clean_relaxed/spasmodic_dysphonia/IBwFTEmk1Sw_seg_003.wav,IBwFTEmk1Sw,003,spasmodic_dysphonia,clean_pool,ad720be3b5b8bea9eaa752433a4702d9d9f8bd105dba64d0de627478157623ab,16000,1,2,48000,3.0,-24.57,0.3078,0.0,train
IBwFTEmk1Sw_seg_004.wav,data/interim/segmented_clean_relaxed/spasmodic_dysphonia/IBwFTEmk1Sw_seg_004.wav,IBwFTEmk1Sw,004,spasmodic_dysphonia,clean_pool,8ca22bda1efa86ffc26d2884902582f1a612b258de903a40ca46e9247081267c,16000,1,2,48000,3.0,-27.53,0.2447,0.0,train
IBwFTEmk1Sw_seg_005.wav,data/interim/segmented_clean_relaxed/spasmodic_dysphonia/IBwFTEmk1Sw_seg_005.wav,IBwFTEmk1Sw,005,spasmodic_dysphonia,clean_pool,c408a34f346c90c5f8d545d2a21ee615216b7f87c2b441bb1572fd81667e8436,16000,1,2,48000,3.0,-27.44,0.3554,0.0,train
IBwFTEmk1Sw_seg_006.wav,data/interim/segmented_clean_relaxed/spasmodic_dysphonia/IBwFTEmk1Sw_seg_006.wav,IBwFTEmk1Sw,006,spasmodic_dysphonia,clean_pool,7ce4aa54007b3e69230df895a43087a14b10bd9dcac388d780a899bbe0456788,16000,1,2,48000,3.0,-27.42,0.2613,0.0,train
IBwFTEmk1Sw_seg_007.wav,data/interim/segmented_clean_relaxed/spasmodic_dysphonia/IBwFTEmk1Sw_seg_007.wav,IBwFTEmk1Sw,007,spasmodic_dysphonia,clean_pool,5accdb316e6b94e494c70ef0b290939ae8eaae44b0d64c161b149d9708b6b978,16000,1,2,48000,3.0,-29.0,0.3885,0.0,train
IBwFTEmk1Sw_seg_008.wav,data/interim/segmented_clean_relaxed/spasmodic_dysphonia/IBwFTEmk1Sw_seg_008.wav,IBwFTEmk1Sw,008,spasmodic_dysphonia,clean_pool,7d11ecc58391052a1a1b04074c617ae55939818d660386291345698547e43675,16000,1,2,48000,3.0,-26.08,0.4034,0.0,train
IBwFTEmk1Sw_seg_009.wav,data/interim/segmented_clean_relaxed/spasmodic_dysphonia/IBwFTEmk1Sw_seg_009.wav,IBwFTEmk1Sw,009,spasmodic_dysphonia,clean_pool,959fb89903376557b0f3c2ff0a223660f94459c46a2f7ab2e45c1753d238e2cf,16000,1,2,48000,3.0,-26.76,0.2689,0.0,train
IBwFTEmk1Sw_seg_010.wav,data/interim/segmented_clean_relaxed/spasmodic_dysphonia/IBwFTEmk1Sw_seg_010.wav,IBwFTEmk1Sw,010,spasmodic_dysphonia,clean_pool,f2fc0ad2dbffa1d7ce5533d0318122d2288ec5524862878a2397f3b618fa28da,16000,1,2,48000,3.0,-30.35,0.3436,0.0,train
IBwFTEmk1Sw_seg_011.wav,data/interim/segmented_clean_relaxed/spasmodic_dysphonia/IBwFTEmk1Sw_seg_011.wav,IBwFTEmk1Sw,011,spasmodic_dysphonia,clean_pool,d742bcd90466b9bc4b7cdcce1777c30caf3512eb8a99ef7b83ef10d1510e2cb1,16000,1,2,48000,3.0,-25.88,0.3413,0.0,train
IBwFTEmk1Sw_seg_012.wav,data/interim/segmented_clean_relaxed/spasmodic_dysphonia/IBwFTEmk1Sw_seg_012.wav,IBwFTEmk1Sw,012,spasmodic_dysphonia,clean_pool,ea192031f941076eb226ecff3b1e64ab49d14dec004aff94439daa8aafcc540f,16000,1,2,48000,3.0,-28.15,0.2255,0.0,train
IBwFTEmk1Sw_seg_013.wav,data/interim/segmented_clean_relaxed/spasmodic_dysphonia/IBwFTEmk1Sw_seg_013.wav,IBwFTEmk1Sw,013,spasmodic_dysphonia,clean_pool,85deb0fad6b414877761953b33b2591bcb771cbd8efb48a960dfee6406eee94b,16000,1,2,48000,3.0,-28.88,0.2766,0.0,train
IBwFTEmk1Sw_seg_014.wav,data/interim/segmented_clean_relaxed/spasmodic_dysphonia/IBwFTEmk1Sw_seg_014.wav,IBwFTEmk1Sw,014,spasmodic_dysphonia,clean_pool,675c5bc0c473826fc07bf99e12736bd9a030e05c6625ee906d222a373e2e28fe,16000,1,2,48000,3.0,-29.12,0.2898,0.0,train
IBwFTEmk1Sw_seg_015.wav,data/interim/segmented_clean_relaxed/spasmodic_dysphonia/IBwFTEmk1Sw_seg_015.wav,IBwFTEmk1Sw,015,spasmodic_dysphonia,clean_pool,b3639d2879e02c70b9c09eabbbd3bda3027ca2c20fa548342927553032053f92,16000,1,2,48000,3.0,-30.12,0.2248,0.0,train
IBwFTEmk1Sw_seg_016.wav,data/interim/segmented_clean_relaxed/spasmodic_dysphonia/IBwFTEmk1Sw_seg_016.wav,IBwFTEmk1Sw,016,spasmodic_dysphonia,clean_pool,7bc556c80093c4f04f979b5d8b2efab942b0a29dce7b8ce1f11b47313b303afc,16000,1,2,48000,3.0,-30.49,0.3284,0.0,train
IBwFTEmk1Sw_seg_017.wav,data/interim/segmented_clean_relaxed/spasmodic_dysphonia/IBwFTEmk1Sw_seg_017.wav,IBwFTEmk1Sw,017,spasmodic_dysphonia,clean_pool,c87229a4ba18051b20ef158b1b668d61fe32e943bbbf1b59637eae7a84435939,16000,1,2,48000,3.0,-27.87,0.3438,0.0,train
IBwFTEmk1Sw_seg_018.wav,data/interim/segmented_clean_relaxed/spasmodic_dysphonia/IBwFTEmk1Sw_seg_018.wav,IBwFTEmk1Sw,018,spasmodic_dysphonia,clean_pool,c504c3bcd49cbd3a0168d82eed268f2136abe4cee12bf2c7a5a08fd20471fd55,16000,1,2,48000,3.0,-26.43,0.2863,0.0,train
IBwFTEmk1Sw_seg_019.wav,data/interim/segmented_clean_relaxed/spasmodic_dysphonia/IBwFTEmk1Sw_seg_019.wav,IBwFTEmk1Sw,019,spasmodic_dysphonia,clean_pool,688ec2547d4fb3c7f48af4e7305cb8f466411aaa1e30e103ad694f7bf89f7ad2,16000,1,2,48000,3.0,-24.52,0.2364,0.0,train
IBwFTEmk1Sw_seg_020.wav,data/interim/segmented_clean_relaxed/spasmodic_dysphonia/IBwFTEmk1Sw_seg_020.wav,IBwFTEmk1Sw,020,spasmodic_dysphonia,clean_pool,60a8d900088ebda590cd2a98b28408eccc9e05ba52d4eb31d623e9c10d147a44,16000,1,2,48000,3.0,-29.65,0.4597,0.0,train
IBwFTEmk1Sw_seg_021.wav,data/interim/segmented_clean_relaxed/spasmodic_dysphonia/IBwFTEmk1Sw_seg_021.wav,IBwFTEmk1Sw,021,spasmodic_dysphonia,clean_pool,0216a0fbb3d965e554990deb7a292310bcbd524816872ccb1210420b30df2ae1,16000,1,2,48000,3.0,-28.06,0.3954,0.0,train
IBwFTEmk1Sw_seg_022.wav,data/interim/segmented_clean_relaxed/spasmodic_dysphonia/IBwFTEmk1Sw_seg_022.wav,IBwFTEmk1Sw,022,spasmodic_dysphonia,clean_pool,a17912766a957de2e127fb1f600a84eb9a9101a2c4ace0461817b85697fd23a3,16000,1,2,48000,3.0,-26.05,0.3886,0.0,train
IBwFTEmk1Sw_seg_023.wav,data/interim/segmented_clean_relaxed/spasmodic_dysphonia/IBwFTEmk1Sw_seg_023.wav,IBwFTEmk1Sw,023,spasmodic_dysphonia,clean_pool,8f011cac1b114f069744509f1d884155e7e1e1c1f2d12b0b6e9b0f1e51291452,16000,1,2,48000,3.0,-24.88,0.2203,0.0,train
IBwFTEmk1Sw_seg_024.wav,data/interim/segmented_clean_relaxed/spasmodic_dysphonia/IBwFTEmk1Sw_seg_024.wav,IBwFTEmk1Sw,024,spasmodic_dysphonia,clean_pool,b45f11f364f475c7ff51ef55814ddd5277be75d037b70313758a13262356ab71,16000,1,2,48000,3.0,-25.47,0.3199,0.0,train
IBwFTEmk1Sw_seg_025.wav,data/interim/segmented_clean_relaxed/spasmodic_dysphonia/IBwFTEmk1Sw_seg_025.wav,IBwFTEmk1Sw,025,spasmodic_dysphonia,clean_pool,fcc537f810a6a27c9374b84813ceee86c5119887e772fc6a585f979083ec5493,16000,1,2,48000,3.0,-25.03,0.2312,0.0,train
IBwFTEmk1Sw_seg_026.wav,data/interim/segmented_clean_relaxed/spasmodic_dysphonia/IBwFTEmk1Sw_seg_026.wav,IBwFTEmk1Sw,026,spasmodic_dysphonia,clean_pool,11bddeb2a92ff3ea92676339e52fbb9de173efef37619b14616c48b3d8bdfa83,16000,1,2,48000,3.0,-25.04,0.3583,0.0,train
IBwFTEmk1Sw_seg_027.wav,data/interim/segmented_clean_relaxed/spasmodic_dysphonia/IBwFTEmk1Sw_seg_027.wav,IBwFTEmk1Sw,027,spasmodic_dysphonia,clean_pool,5c91506d8bb3de3516a4a7ec2b18270c55305c4dc58fbd4381e8f8e35981be7b,16000,1,2,48000,3.0,-27.13,0.412,0.0,train
IBwFTEmk1Sw_seg_028.wav,data/interim/segmented_clean_relaxed/spasmodic_dysphonia/IBwFTEmk1Sw_seg_028.wav,IBwFTEmk1Sw,028,spasmodic_dysphonia,clean_pool,184ba9d8b48aec3a8a5c7e2f2e2c70955e466b2b01cce009618e180fbca12afc,16000,1,2,48000,3.0,-31.69,0.4759,0.0,train
IBwFTEmk1Sw_seg_029.wav,data/interim/segmented_clean_relaxed/spasmodic_dysphonia/IBwFTEmk1Sw_seg_029.wav,IBwFTEmk1Sw,029,spasmodic_dysphonia,clean_pool,e5b2acebf6cf4246bb95f5b72500f7bddd127b39e0047839839777f821e7ce13,16000,1,2,48000,3.0,-26.86,0.3267,0.0,train
IBwFTEmk1Sw_seg_030.wav,data/interim/segmented_clean_relaxed/spasmodic_dysphonia/IBwFTEmk1Sw_seg_030.wav,IBwFTEmk1Sw,030,spasmodic_dysphonia,clean_pool,9355743cf37dcb47de9ebfcb26eb264921410da6b374f2684ad06d6c3a75f8e8,16000,1,2,48000,3.0,-29.94,0.3744,0.0,train
IBwFTEmk1Sw_seg_031.wav,data/interim/segmented_clean_relaxed/spasmodic_dysphonia/IBwFTEmk1Sw_seg_031.wav,IBwFTEmk1Sw,031,spasmodic_dysphonia,clean_pool,be21ed16341a9961c3e452482726d3f6cf83da0546ef1ea77456914dc5ddb32a,16000,1,2,48000,3.0,-27.25,0.34,0.0,train
IBwFTEmk1Sw_seg_032.wav,data/interim/segmented_clean_relaxed/spasmodic_dysphonia/IBwFTEmk1Sw_seg_032.wav,IBwFTEmk1Sw,032,spasmodic_dysphonia,clean_pool,3711e2c1d7d85ddcc450ba28e513d3081b21bef2732178f10c1a28fbe89a9b4d,16000,1,2,48000,3.0,-28.7,0.2269,0.0,train
IBwFTEmk1Sw_seg_033.wav,data/interim/segmented_clean_relaxed/spasmodic_dysphonia/IBwFTEmk1Sw_seg_033.wav,IBwFTEmk1Sw,033,spasmodic_dysphonia,clean_pool,f5edeeee02e567441b09304d1c9cc94abc61dbbf9298e35aeaec94a06e997c8a,16000,1,2,48000,3.0,-30.14,0.4029,0.0,train
IBwFTEmk1Sw_seg_034.wav,data/interim/segmented_clean_relaxed/spasmodic_dysphonia/IBwFTEmk1Sw_seg_034.wav,IBwFTEmk1Sw,034,spasmodic_dysphonia,clean_pool,11d97981771b0ea7e7a57660f89595558ddcc2b066c77b518dbb7b39cd7d8048,16000,1,2,48000,3.0,-25.84,0.2412,0.0,train
IBwFTEmk1Sw_seg_035.wav,data/interim/segmented_clean_relaxed/spasmodic_dysphonia/IBwFTEmk1Sw_seg_035.wav,IBwFTEmk1Sw,035,spasmodic_dysphonia,clean_pool,56f839d9d5b432dce90a0ab8083c3a9a3a0b85472c4b28e15a6fc20f43ce2171,16000,1,2,48000,3.0,-27.36,0.2404,0.0,train
IBwFTEmk1Sw_seg_036.wav,data/interim/segmented_clean_relaxed/spasmodic_dysphonia/IBwFTEmk1Sw_seg_036.wav,IBwFTEmk1Sw,036,spasmodic_dysphonia,clean_pool,7e69621b8b47fb68345710ed82f9b7815c2baa1f945152aefd9b79795fc54a81,16000,1,2,48000,3.0,-28.34,0.3143,0.0,train
IBwFTEmk1Sw_seg_037.wav,data/interim/segmented_clean_relaxed/spasmodic_dysphonia/IBwFTEmk1Sw_seg_037.wav,IBwFTEmk1Sw,037,spasmodic_dysphonia,clean_pool,00d17824c8a2f68afe04fd5352b6acbd16fa579fc89bfd94959c3650d56c2138,16000,1,2,48000,3.0,-29.07,0.3517,0.0,train
IBwFTEmk1Sw_seg_038.wav,data/interim/segmented_clean_relaxed/spasmodic_dysphonia/IBwFTEmk1Sw_seg_038.wav,IBwFTEmk1Sw,038,spasmodic_dysphonia,clean_pool,8be75fa0f0f493b700859e75f1aeb1315536085136591ede4280398fee7fe3d1,16000,1,2,48000,3.0,-25.79,0.2212,0.0,train
IBwFTEmk1Sw_seg_039.wav,data/interim/segmented_clean_relaxed/spasmodic_dysphonia/IBwFTEmk1Sw_seg_039.wav,IBwFTEmk1Sw,039,spasmodic_dysphonia,clean_pool,f1999f4549467a3390e0de254a38fab87bcd4a765264e645070e85a9f6864a86,16000,1,2,48000,3.0,-28.84,0.2802,0.0,train
IBwFTEmk1Sw_seg_040.wav,data/interim/segmented_clean_relaxed/spasmodic_dysphonia/IBwFTEmk1Sw_seg_040.wav,IBwFTEmk1Sw,040,spasmodic_dysphonia,clean_pool,0340be81147b73ef714edde7348c4803bcec1d5fd371ee161c14d617214072ed,16000,1,2,48000,3.0,-27.88,0.2145,0.0,train
IBwFTEmk1Sw_seg_041.wav,data/interim/segmented_clean_relaxed/spasmodic_dysphonia/IBwFTEmk1Sw_seg_041.wav,IBwFTEmk1Sw,041,spasmodic_dysphonia,clean_pool,1708afb323af2cd86c85f5e9e56ec4a4c5c12c1fbe7c993acb051bdb30f61d7d,16000,1,2,48000,3.0,-31.74,0.281,0.0,train
IBwFTEmk1Sw_seg_042.wav,data/interim/segmented_clean_relaxed/spasmodic_dysphonia/IBwFTEmk1Sw_seg_042.wav,IBwFTEmk1Sw,042,spasmodic_dysphonia,clean_pool,3d1ca9b451013406eb6e409ed21830d703faf2bd5cea3bbc98fb487d0dbe52af,16000,1,2,48000,3.0,-31.28,0.285,0.0,train
IBwFTEmk1Sw_seg_043.wav,data/interim/segmented_clean_relaxed/spasmodic_dysphonia/IBwFTEmk1Sw_seg_043.wav,IBwFTEmk1Sw,043,spasmodic_dysphonia,clean_pool,c7982ebfbeaea3e5ad26be5cd7ac305ebacc94929b2d34835b1f3a830f18afeb,16000,1,2,48000,3.0,-24.74,0.4552,0.0,train
IBwFTEmk1Sw_seg_044.wav,data/interim/segmented_clean_relaxed/spasmodic_dysphonia/IBwFTEmk1Sw_seg_044.wav,IBwFTEmk1Sw,044,spasmodic_dysphonia,clean_pool,201884dfba1b72a1e782187f514827d400f63a81d8dd4fc60d1f4132df46818a,16000,1,2,48000,3.0,-23.6,0.5129,0.0,train
IBwFTEmk1Sw_seg_045.wav,data/interim/segmented_clean_relaxed/spasmodic_dysphonia/IBwFTEmk1Sw_seg_045.wav,IBwFTEmk1Sw,045,spasmodic_dysphonia,clean_pool,03d24762bacd1ad7c114333fcd2f7b15f9a526c4eb1d5ce6690ea6f8268d2271,16000,1,2,48000,3.0,-26.53,0.6959,0.0,train
IBwFTEmk1Sw_seg_046.wav,data/interim/segmented_clean_relaxed/spasmodic_dysphonia/IBwFTEmk1Sw_seg_046.wav,IBwFTEmk1Sw,046,spasmodic_dysphonia,clean_pool,de89dbe1235f9681b981e3d5e381519088ee68044b89dccf71c52eb9a3483353,16000,1,2,48000,3.0,-25.69,0.3879,0.0,train
IBwFTEmk1Sw_seg_047.wav,data/interim/segmented_clean_relaxed/spasmodic_dysphonia/IBwFTEmk1Sw_seg_047.wav,IBwFTEmk1Sw,047,spasmodic_dysphonia,clean_pool,52f854496de54bccf16dc276f282af1e831dfb3f57b8e74ae994f372721fdcf1,16000,1,2,48000,3.0,-24.61,0.4633,0.0,train
IBwFTEmk1Sw_seg_048.wav,data/interim/segmented_clean_relaxed/spasmodic_dysphonia/IBwFTEmk1Sw_seg_048.wav,IBwFTEmk1Sw,048,spasmodic_dysphonia,clean_pool,ac794c5ba2090ab8ceae6dfa56081f5ad77a09c715bfd7799605f667edfe7ac8,16000,1,2,48000,3.0,-25.46,0.4262,0.0,train
IBwFTEmk1Sw_seg_049.wav,data/interim/segmented_clean_relaxed/spasmodic_dysphonia/IBwFTEmk1Sw_seg_049.wav,IBwFTEmk1Sw,049,spasmodic_dysphonia,clean_pool,f2f162ff92240a94a88c15563cee4d0c329ab8ade69c35feb54fd0223ea91ff6,16000,1,2,48000,3.0,-22.35,0.3955,0.0,train
IBwFTEmk1Sw_seg_050.wav,data/interim/segmented_clean_relaxed/spasmodic_dysphonia/IBwFTEmk1Sw_seg_050.wav,IBwFTEmk1Sw,050,spasmodic_dysphonia,clean_pool,39dcdf13f466cf1dcafa4b37efd553ca0b0286037fdad511cce1745d838b072e,16000,1,2,48000,3.0,-28.22,0.5838,0.0,train
IBwFTEmk1Sw_seg_051.wav,data/interim/segmented_clean_relaxed/spasmodic_dysphonia/IBwFTEmk1Sw_seg_051.wav,IBwFTEmk1Sw,051,spasmodic_dysphonia,clean_pool,7a5108b514ad9671f2831bcd715a1e61c29e5dadd9ce57307f5fcf90947ad7bd,16000,1,2,48000,3.0,-28.14,0.4751,0.0,train
IBwFTEmk1Sw_seg_052.wav,data/interim/segmented_clean_relaxed/spasmodic_dysphonia/IBwFTEmk1Sw_seg_052.wav,IBwFTEmk1Sw,052,spasmodic_dysphonia,clean_pool,ec7e674bdc60ceed21b776fd38dc87206b1f9e4656def6be6dc1857e3ca91737,16000,1,2,48000,3.0,-31.32,0.5404,0.0,train
IBwFTEmk1Sw_seg_053.wav,data/interim/segmented_clean_relaxed/spasmodic_dysphonia/IBwFTEmk1Sw_seg_053.wav,IBwFTEmk1Sw,053,spasmodic_dysphonia,clean_pool,285e3de9aab6a86b9753a9ab9f40d995c76268075e2cd60715419bfee158c624,16000,1,2,48000,3.0,-27.97,0.2439,0.0,train
IBwFTEmk1Sw_seg_054.wav,data/interim/segmented_clean_relaxed/spasmodic_dysphonia/IBwFTEmk1Sw_seg_054.wav,IBwFTEmk1Sw,054,spasmodic_dysphonia,clean_pool,f01384d7ce74030e3e8d37481e71fc5b17f73ffb8e10c8aa2297f30a478341c0,16000,1,2,48000,3.0,-24.68,0.0536,0.0,train
IBwFTEmk1Sw_seg_055.wav,data/interim/segmented_clean_relaxed/spasmodic_dysphonia/IBwFTEmk1Sw_seg_055.wav,IBwFTEmk1Sw,055,spasmodic_dysphonia,clean_pool,88cdb0131a004e9007b1ef5b89437c9b5efc05f39698737a51ec7d16855ed3c6,16000,1,2,48000,3.0,-23.17,0.0448,0.0,train
IBwFTEmk1Sw_seg_056.wav,data/interim/segmented_clean_relaxed/spasmodic_dysphonia/IBwFTEmk1Sw_seg_056.wav,IBwFTEmk1Sw,056,spasmodic_dysphonia,clean_pool,5914f07252ea2db41d004f0911a7ece6340c42d857feb95820618fefc96696f0,16000,1,2,39456,2.466,-27.42,0.0932,0.0,train
k6rQPJ8uZfE_seg_000.wav,data/interim/segmented_clean_relaxed/spasmodic_dysphonia/k6rQPJ8uZfE_seg_000.wav,k6rQPJ8uZfE,000,spasmodic_dysphonia,clean_pool,32b6ff1d15346689367cb6394a719427ec03afe06f0b7a638e23b9520101c91c,16000,1,2,48000,3.0,-25.35,0.107,0.0,test
k6rQPJ8uZfE_seg_001.wav,data/interim/segmented_clean_relaxed/spasmodic_dysphonia/k6rQPJ8uZfE_seg_001.wav,k6rQPJ8uZfE,001,spasmodic_dysphonia,clean_pool,552c15d0e8111804d13d5dc8e7c322e8d1dc0102624757ecdfd0d46c594e9a9c,16000,1,2,48000,3.0,-25.13,0.2247,0.0,test
k6rQPJ8uZfE_seg_002.wav,data/interim/segmented_clean_relaxed/spasmodic_dysphonia/k6rQPJ8uZfE_seg_002.wav,k6rQPJ8uZfE,002,spasmodic_dysphonia,clean_pool,ef9c6e174b6bfa975c473003ea7bcf17a0b79e0cb7a9ef67f3ac9b8b9ec37595,16000,1,2,48000,3.0,-29.18,0.5083,0.0,test
k6rQPJ8uZfE_seg_003.wav,data/interim/segmented_clean_relaxed/spasmodic_dysphonia/k6rQPJ8uZfE_seg_003.wav,k6rQPJ8uZfE,003,spasmodic_dysphonia,clean_pool,82aaf903ccc0fdc28f666a5f019b21dde08ed65e38b8d5a491e39314800477ae,16000,1,2,48000,3.0,-26.78,0.3483,0.0,test
k6rQPJ8uZfE_seg_004.wav,data/interim/segmented_clean_relaxed/spasmodic_dysphonia/k6rQPJ8uZfE_seg_004.wav,k6rQPJ8uZfE,004,spasmodic_dysphonia,clean_pool,c916378dbdf72babc0263a3c40b233d6d28721ac0cb4edce1aa946e69c8c1a65,16000,1,2,48000,3.0,-27.07,0.4678,0.0,test
k6rQPJ8uZfE_seg_005.wav,data/interim/segmented_clean_relaxed/spasmodic_dysphonia/k6rQPJ8uZfE_seg_005.wav,k6rQPJ8uZfE,005,spasmodic_dysphonia,clean_pool,37f4c47a822b698a7972cc197dce8aaf1cb7be4b44520db508586c97ad3990bd,16000,1,2,48000,3.0,-25.6,0.3157,0.0,test
k6rQPJ8uZfE_seg_006.wav,data/interim/segmented_clean_relaxed/spasmodic_dysphonia/k6rQPJ8uZfE_seg_006.wav,k6rQPJ8uZfE,006,spasmodic_dysphonia,clean_pool,4cc53e625640f991ce6496a72ebb69bac5a6f90d1fd734c9c2edc7598125a7a8,16000,1,2,48000,3.0,-28.31,0.4408,0.0,test
k6rQPJ8uZfE_seg_007.wav,data/interim/segmented_clean_relaxed/spasmodic_dysphonia/k6rQPJ8uZfE_seg_007.wav,k6rQPJ8uZfE,007,spasmodic_dysphonia,clean_pool,0199c386239e788d9a1947e4ac48ffa11304736de07955062b06045439a3d10a,16000,1,2,48000,3.0,-27.23,0.5245,0.0,test
k6rQPJ8uZfE_seg_008.wav,data/interim/segmented_clean_relaxed/spasmodic_dysphonia/k6rQPJ8uZfE_seg_008.wav,k6rQPJ8uZfE,008,spasmodic_dysphonia,clean_pool,2831677d92283c4f37686e1c41d99842db37f058ea1310362392a60e67b0615a,16000,1,2,48000,3.0,-25.89,0.2844,0.0,test
k6rQPJ8uZfE_seg_009.wav,data/interim/segmented_clean_relaxed/spasmodic_dysphonia/k6rQPJ8uZfE_seg_009.wav,k6rQPJ8uZfE,009,spasmodic_dysphonia,clean_pool,45b2cf9566777134d499918e95e0b9196e40de6f1f653a38be51c6395095c100,16000,1,2,48000,3.0,-28.64,0.4657,0.0,test
k6rQPJ8uZfE_seg_010.wav,data/interim/segmented_clean_relaxed/spasmodic_dysphonia/k6rQPJ8uZfE_seg_010.wav,k6rQPJ8uZfE,010,spasmodic_dysphonia,clean_pool,63af49d163b74cfd3499a4cb05d1cc69d3d5ed999826dad5f4cc94edfe25dbb0,16000,1,2,48000,3.0,-24.47,0.3629,0.0,test
k6rQPJ8uZfE_seg_011.wav,data/interim/segmented_clean_relaxed/spasmodic_dysphonia/k6rQPJ8uZfE_seg_011.wav,k6rQPJ8uZfE,011,spasmodic_dysphonia,clean_pool,8f324661833c0a789a17c99feda7fc80a70fcbf0712454eb7347b86fe5a16699,16000,1,2,48000,3.0,-25.21,0.3031,0.0,test
k6rQPJ8uZfE_seg_012.wav,data/interim/segmented_clean_relaxed/spasmodic_dysphonia/k6rQPJ8uZfE_seg_012.wav,k6rQPJ8uZfE,012,spasmodic_dysphonia,clean_pool,6d38ca1a857368dcfc0c8fdce8e4e8b86822dde17bd3a7f60f512c98a850641c,16000,1,2,48000,3.0,-26.04,0.4106,0.0,test
k6rQPJ8uZfE_seg_013.wav,data/interim/segmented_clean_relaxed/spasmodic_dysphonia/k6rQPJ8uZfE_seg_013.wav,k6rQPJ8uZfE,013,spasmodic_dysphonia,clean_pool,6ee3cc8051a76596387545dc5a423446eed1efadb5e1bd966df8bee091ef5840,16000,1,2,48000,3.0,-26.12,0.4135,0.0,test
k6rQPJ8uZfE_seg_014.wav,data/interim/segmented_clean_relaxed/spasmodic_dysphonia/k6rQPJ8uZfE_seg_014.wav,k6rQPJ8uZfE,014,spasmodic_dysphonia,clean_pool,b62208405bf08f98ead6076f524a6e7466cd4787975fedc6434f49c2a02d58b3,16000,1,2,48000,3.0,-24.65,0.2843,0.0,test
k6rQPJ8uZfE_seg_015.wav,data/interim/segmented_clean_relaxed/spasmodic_dysphonia/k6rQPJ8uZfE_seg_015.wav,k6rQPJ8uZfE,015,spasmodic_dysphonia,clean_pool,1956a147caea6d9f08aa4111dca8c2a17180a25fff43c1d7c61702c91e5b91fb,16000,1,2,48000,3.0,-28.93,0.5487,0.0,test
k6rQPJ8uZfE_seg_016.wav,data/interim/segmented_clean_relaxed/spasmodic_dysphonia/k6rQPJ8uZfE_seg_016.wav,k6rQPJ8uZfE,016,spasmodic_dysphonia,clean_pool,e1e2b6456ba11ce8e9c333ca9c95ded431eecd8c74d6df5072a3c7af82da14a6,16000,1,2,48000,3.0,-25.5,0.2806,0.0,test
k6rQPJ8uZfE_seg_017.wav,data/interim/segmented_clean_relaxed/spasmodic_dysphonia/k6rQPJ8uZfE_seg_017.wav,k6rQPJ8uZfE,017,spasmodic_dysphonia,clean_pool,c10f7c9cda6b16d721eaec9852cb08e70d3b5e7e90b36813a4af11a3e7dfd81c,16000,1,2,48000,3.0,-25.92,0.4442,0.0,test
k6rQPJ8uZfE_seg_018.wav,data/interim/segmented_clean_relaxed/spasmodic_dysphonia/k6rQPJ8uZfE_seg_018.wav,k6rQPJ8uZfE,018,spasmodic_dysphonia,clean_pool,24dbb873bf2990f96257fb564dcfeb12bed939e12ced7a8d447a4e81ae62d9ac,16000,1,2,48000,3.0,-24.39,0.1381,0.0,test
k6rQPJ8uZfE_seg_019.wav,data/interim/segmented_clean_relaxed/spasmodic_dysphonia/k6rQPJ8uZfE_seg_019.wav,k6rQPJ8uZfE,019,spasmodic_dysphonia,clean_pool,1fb0e98ba8781c52f33eba68f3e9dfe2e8311c2d4f6bd00b347c1398ebd790ea,16000,1,2,48000,3.0,-27.47,0.2522,0.0,test
k6rQPJ8uZfE_seg_020.wav,data/interim/segmented_clean_relaxed/spasmodic_dysphonia/k6rQPJ8uZfE_seg_020.wav,k6rQPJ8uZfE,020,spasmodic_dysphonia,clean_pool,57a7945f9fd4bf43e1968ecbc158812fef05ce1d48539c574564727d02960fbe,16000,1,2,48000,3.0,-30.5,0.2136,0.0,test
k6rQPJ8uZfE_seg_021.wav,data/interim/segmented_clean_relaxed/spasmodic_dysphonia/k6rQPJ8uZfE_seg_021.wav,k6rQPJ8uZfE,021,spasmodic_dysphonia,clean_pool,8b761822b8dbad5f3eb0f293bd13c53ec12472f1a6ff9e66013ab6065345683f,16000,1,2,48000,3.0,-29.11,0.3321,0.0,test
k6rQPJ8uZfE_seg_022.wav,data/interim/segmented_clean_relaxed/spasmodic_dysphonia/k6rQPJ8uZfE_seg_022.wav,k6rQPJ8uZfE,022,spasmodic_dysphonia,clean_pool,7b56ab4d1aa8a919da7a24e0c2671a297b9ee11338bcf3179b0975153a9e8a41,16000,1,2,48000,3.0,-29.02,0.2611,0.0,test
k6rQPJ8uZfE_seg_023.wav,data/interim/segmented_clean_relaxed/spasmodic_dysphonia/k6rQPJ8uZfE_seg_023.wav,k6rQPJ8uZfE,023,spasmodic_dysphonia,clean_pool,e165ac91186db40b7924ae5ac396a93589822f682d29a02eb3802807031026f9,16000,1,2,48000,3.0,-29.88,0.3139,0.0,test
k6rQPJ8uZfE_seg_024.wav,data/interim/segmented_clean_relaxed/spasmodic_dysphonia/k6rQPJ8uZfE_seg_024.wav,k6rQPJ8uZfE,024,spasmodic_dysphonia,clean_pool,ee0c7031af8200e9baf86b60f489f6d754f23b453711aa8d8fc7a79efc571db0,16000,1,2,48000,3.0,-29.26,0.3044,0.0,test
k6rQPJ8uZfE_seg_025.wav,data/interim/segmented_clean_relaxed/spasmodic_dysphonia/k6rQPJ8uZfE_seg_025.wav,k6rQPJ8uZfE,025,spasmodic_dysphonia,clean_pool,456deaf7a1021a8b59630ef359e52c6886028fbf33c2e8538bd22c6da7cc7c5f,16000,1,2,48000,3.0,-30.42,0.2907,0.0,test
k6rQPJ8uZfE_seg_026.wav,data/interim/segmented_clean_relaxed/spasmodic_dysphonia/k6rQPJ8uZfE_seg_026.wav,k6rQPJ8uZfE,026,spasmodic_dysphonia,clean_pool,197119312843a305dff101f8a0072116eaa3ccb2e493a134337fb49390e80172,16000,1,2,48000,3.0,-28.33,0.3049,0.0,test
k6rQPJ8uZfE_seg_027.wav,data/interim/segmented_clean_relaxed/spasmodic_dysphonia/k6rQPJ8uZfE_seg_027.wav,k6rQPJ8uZfE,027,spasmodic_dysphonia,clean_pool,d5362f641e7a685e09a06fcea592db9ddac7d470485a9547d25670cfb210abe2,16000,1,2,48000,3.0,-29.44,0.2862,0.0,test
k6rQPJ8uZfE_seg_028.wav,data/interim/segmented_clean_relaxed/spasmodic_dysphonia/k6rQPJ8uZfE_seg_028.wav,k6rQPJ8uZfE,028,spasmodic_dysphonia,clean_pool,dc95e418b6e1e46447d0e0e50709df92011ec36a4228e5bcb61df6fc47539800,16000,1,2,48000,3.0,-28.52,0.2356,0.0,test
k6rQPJ8uZfE_seg_029.wav,data/interim/segmented_clean_relaxed/spasmodic_dysphonia/k6rQPJ8uZfE_seg_029.wav,k6rQPJ8uZfE,029,spasmodic_dysphonia,clean_pool,33dcc7cf4af3e8fe87a89caddc33fa211ab08cbd6f8659e13e15e75f24aecd7f,16000,1,2,48000,3.0,-30.04,0.31,0.0,test
k6rQPJ8uZfE_seg_030.wav,data/interim/segmented_clean_relaxed/spasmodic_dysphonia/k6rQPJ8uZfE_seg_030.wav,k6rQPJ8uZfE,030,spasmodic_dysphonia,clean_pool,02e9be4fea707136b41c353851fdeee518296d0e05508132b79dc7bff48c8d26,16000,1,2,48000,3.0,-27.1,0.3305,0.0,test
k6rQPJ8uZfE_seg_031.wav,data/interim/segmented_clean_relaxed/spasmodic_dysphonia/k6rQPJ8uZfE_seg_031.wav,k6rQPJ8uZfE,031,spasmodic_dysphonia,clean_pool,80a25a8077fbe196b1ed2f9463fc8bebe6e62af6e6f780cd18b39255f7d29226,16000,1,2,48000,3.0,-29.17,0.258,0.0,test
k6rQPJ8uZfE_seg_032.wav,data/interim/segmented_clean_relaxed/spasmodic_dysphonia/k6rQPJ8uZfE_seg_032.wav,k6rQPJ8uZfE,032,spasmodic_dysphonia,clean_pool,c4fa3ec4d3dbf3794ce49391988bd6d3f870ae3b8059238162c7d595b59d3fc9,16000,1,2,48000,3.0,-28.33,0.237,0.0,test
k6rQPJ8uZfE_seg_033.wav,data/interim/segmented_clean_relaxed/spasmodic_dysphonia/k6rQPJ8uZfE_seg_033.wav,k6rQPJ8uZfE,033,spasmodic_dysphonia,clean_pool,ae338e866199aaa8805ddd9eb5c8805f64db168ab041b5648e6528362f0ffd9c,16000,1,2,48000,3.0,-26.17,0.2453,0.0,test
k6rQPJ8uZfE_seg_034.wav,data/interim/segmented_clean_relaxed/spasmodic_dysphonia/k6rQPJ8uZfE_seg_034.wav,k6rQPJ8uZfE,034,spasmodic_dysphonia,clean_pool,b5700cdfe0228293fb24a0841edc9062a287c8ad2b53a186835cff3d9705e580,16000,1,2,48000,3.0,-29.0,0.1923,0.0,test
k6rQPJ8uZfE_seg_035.wav,data/interim/segmented_clean_relaxed/spasmodic_dysphonia/k6rQPJ8uZfE_seg_035.wav,k6rQPJ8uZfE,035,spasmodic_dysphonia,clean_pool,30fc3bea3fafd6e5ce468158689d52e10781c1858c7e2331f977795a74b39772,16000,1,2,48000,3.0,-34.84,0.407,0.0,test
k6rQPJ8uZfE_seg_036.wav,data/interim/segmented_clean_relaxed/spasmodic_dysphonia/k6rQPJ8uZfE_seg_036.wav,k6rQPJ8uZfE,036,spasmodic_dysphonia,clean_pool,9fed47740f0616b3cd119dfb9aa57025461b25877d30ff15c0a1ac58e69e356b,16000,1,2,48000,3.0,-28.08,0.2842,0.0,test
k6rQPJ8uZfE_seg_037.wav,data/interim/segmented_clean_relaxed/spasmodic_dysphonia/k6rQPJ8uZfE_seg_037.wav,k6rQPJ8uZfE,037,spasmodic_dysphonia,clean_pool,0e4c14cd26fed33a38968cade7a31ec09a4a9c5928c3431b7a5a175f489f25e0,16000,1,2,48000,3.0,-30.19,0.2938,0.0,test
k6rQPJ8uZfE_seg_038.wav,data/interim/segmented_clean_relaxed/spasmodic_dysphonia/k6rQPJ8uZfE_seg_038.wav,k6rQPJ8uZfE,038,spasmodic_dysphonia,clean_pool,44429f4c5daaff1d47c81666140ebfd26bb5fca3f294a4395b410abeaeb5d6c7,16000,1,2,48000,3.0,-32.49,0.347,0.0,test
k6rQPJ8uZfE_seg_039.wav,data/interim/segmented_clean_relaxed/spasmodic_dysphonia/k6rQPJ8uZfE_seg_039.wav,k6rQPJ8uZfE,039,spasmodic_dysphonia,clean_pool,6f90401236a72ab4e30e59fa31f92ab19f3147984c0493b293e58492ccebf8c0,16000,1,2,48000,3.0,-31.99,0.3051,0.0,test
k6rQPJ8uZfE_seg_040.wav,data/interim/segmented_clean_relaxed/spasmodic_dysphonia/k6rQPJ8uZfE_seg_040.wav,k6rQPJ8uZfE,040,spasmodic_dysphonia,clean_pool,8cc5d289549daaa7945485ccc39fc0cfec838695b79f06dd9d468b91cd79ec07,16000,1,2,48000,3.0,-31.17,0.2696,0.0,test
k6rQPJ8uZfE_seg_041.wav,data/interim/segmented_clean_relaxed/spasmodic_dysphonia/k6rQPJ8uZfE_seg_041.wav,k6rQPJ8uZfE,041,spasmodic_dysphonia,clean_pool,2f29fda4f59ed5768e72cb3bbfdc5607a60e90cada0c668371cdd936c649a2a4,16000,1,2,48000,3.0,-30.04,0.2898,0.0,test
k6rQPJ8uZfE_seg_042.wav,data/interim/segmented_clean_relaxed/spasmodic_dysphonia/k6rQPJ8uZfE_seg_042.wav,k6rQPJ8uZfE,042,spasmodic_dysphonia,clean_pool,6241e0fd28ff421fdd1601e81e024cb5ce88dba2002f83538e954e97492cf54e,16000,1,2,48000,3.0,-31.95,0.3087,0.0,test
k6rQPJ8uZfE_seg_043.wav,data/interim/segmented_clean_relaxed/spasmodic_dysphonia/k6rQPJ8uZfE_seg_043.wav,k6rQPJ8uZfE,043,spasmodic_dysphonia,clean_pool,564e403864bf01e206f9647d79d2c8bcb3afb90ad11dfa75f092f4a1018599f0,16000,1,2,48000,3.0,-32.39,0.3063,0.0,test
k6rQPJ8uZfE_seg_044.wav,data/interim/segmented_clean_relaxed/spasmodic_dysphonia/k6rQPJ8uZfE_seg_044.wav,k6rQPJ8uZfE,044,spasmodic_dysphonia,clean_pool,fce54dc63b6ef760e439fefb51c36acf3552691feba6b35822f70f5f3bdd0d54,16000,1,2,48000,3.0,-25.67,0.185,0.0,test
k6rQPJ8uZfE_seg_045.wav,data/interim/segmented_clean_relaxed/spasmodic_dysphonia/k6rQPJ8uZfE_seg_045.wav,k6rQPJ8uZfE,045,spasmodic_dysphonia,clean_pool,cc414e00968540ad3d90fdb3537b2ff7e0841dd5d77ef74711c4bfcb29b17ce4,16000,1,2,48000,3.0,-26.75,0.211,0.0,test
k6rQPJ8uZfE_seg_046.wav,data/interim/segmented_clean_relaxed/spasmodic_dysphonia/k6rQPJ8uZfE_seg_046.wav,k6rQPJ8uZfE,046,spasmodic_dysphonia,clean_pool,7ff595c8e264ab69ba2f043cca131c5c2550c0d7332dc2e3ab18e21480465e42,16000,1,2,48000,3.0,-29.97,0.2305,0.0,test
k6rQPJ8uZfE_seg_047.wav,data/interim/segmented_clean_relaxed/spasmodic_dysphonia/k6rQPJ8uZfE_seg_047.wav,k6rQPJ8uZfE,047,spasmodic_dysphonia,clean_pool,52af42ef8867f0064dcbb7a9e4dc48764a522b473d93c2a2a1cd07dca0d33d79,16000,1,2,48000,3.0,-27.95,0.3002,0.0,test
k6rQPJ8uZfE_seg_048.wav,data/interim/segmented_clean_relaxed/spasmodic_dysphonia/k6rQPJ8uZfE_seg_048.wav,k6rQPJ8uZfE,048,spasmodic_dysphonia,clean_pool,44797cb34b46f2e193eef20ecdb145588403b9cbdf4ae2e296c4034ec8905a6a,16000,1,2,48000,3.0,-25.93,0.2513,0.0,test
k6rQPJ8uZfE_seg_049.wav,data/interim/segmented_clean_relaxed/spasmodic_dysphonia/k6rQPJ8uZfE_seg_049.wav,k6rQPJ8uZfE,049,spasmodic_dysphonia,clean_pool,5b1b146e880bba6aaa284ed0c2aabb4e7647df86cc702d9eed98140c2faa1e31,16000,1,2,48000,3.0,-28.14,0.2019,0.0,test
k6rQPJ8uZfE_seg_050.wav,data/interim/segmented_clean_relaxed/spasmodic_dysphonia/k6rQPJ8uZfE_seg_050.wav,k6rQPJ8uZfE,050,spasmodic_dysphonia,clean_pool,0d9c2e274b83a2bc5276de743cfec15ff9d1458a6ef1977572d080cd16e4e59a,16000,1,2,48000,3.0,-26.71,0.229,0.0,test
k6rQPJ8uZfE_seg_051.wav,data/interim/segmented_clean_relaxed/spasmodic_dysphonia/k6rQPJ8uZfE_seg_051.wav,k6rQPJ8uZfE,051,spasmodic_dysphonia,clean_pool,329dece36d85a1d231386cf0fc3ec27c8fad21587e903d2e066105eca62ef2f4,16000,1,2,48000,3.0,-29.33,0.24,0.0,test
k6rQPJ8uZfE_seg_052.wav,data/interim/segmented_clean_relaxed/spasmodic_dysphonia/k6rQPJ8uZfE_seg_052.wav,k6rQPJ8uZfE,052,spasmodic_dysphonia,clean_pool,087900e29c874ffc4e7383b5de9a1f1b30b5252e424b130c13661d584d2d0d95,16000,1,2,48000,3.0,-27.36,0.2205,0.0,test
k6rQPJ8uZfE_seg_053.wav,data/interim/segmented_clean_relaxed/spasmodic_dysphonia/k6rQPJ8uZfE_seg_053.wav,k6rQPJ8uZfE,053,spasmodic_dysphonia,clean_pool,f56add1eda7227416dae0212d33bd65606a19b8ff24927a33c46c8e764a21a42,16000,1,2,48000,3.0,-27.68,0.1764,0.0,test
k6rQPJ8uZfE_seg_054.wav,data/interim/segmented_clean_relaxed/spasmodic_dysphonia/k6rQPJ8uZfE_seg_054.wav,k6rQPJ8uZfE,054,spasmodic_dysphonia,clean_pool,0bdb53531a8f39bfe07113f2f3481e03e2025f94b5102d4de8d989c6a7980807,16000,1,2,48000,3.0,-32.09,0.2965,0.0,test
k6rQPJ8uZfE_seg_055.wav,data/interim/segmented_clean_relaxed/spasmodic_dysphonia/k6rQPJ8uZfE_seg_055.wav,k6rQPJ8uZfE,055,spasmodic_dysphonia,clean_pool,67f102bd6ab49881c6ec7e530b63c859eb5b980e7dc48126cab4d5f2938c8d6e,16000,1,2,48000,3.0,-30.24,0.2432,0.0,test
k6rQPJ8uZfE_seg_056.wav,data/interim/segmented_clean_relaxed/spasmodic_dysphonia/k6rQPJ8uZfE_seg_056.wav,k6rQPJ8uZfE,056,spasmodic_dysphonia,clean_pool,e4a3049fe9a7011b50068bc9263b9d04d8c77374e3866b68bd526212a984a5ea,16000,1,2,48000,3.0,-27.11,0.1837,0.0,test
k6rQPJ8uZfE_seg_057.wav,data/interim/segmented_clean_relaxed/spasmodic_dysphonia/k6rQPJ8uZfE_seg_057.wav,k6rQPJ8uZfE,057,spasmodic_dysphonia,clean_pool,05e1db9fca7934db38d4d9dfd94998a1a15885ceda0b2a40d7e809b0c8737315,16000,1,2,48000,3.0,-29.59,0.26,0.0,test
k6rQPJ8uZfE_seg_058.wav,data/interim/segmented_clean_relaxed/spasmodic_dysphonia/k6rQPJ8uZfE_seg_058.wav,k6rQPJ8uZfE,058,spasmodic_dysphonia,clean_pool,acb374fb02507f6615544e0bd165185ce8b5ee40341f0d4fd45dc5a3bbf7dbb8,16000,1,2,48000,3.0,-30.07,0.229,0.0,test
k6rQPJ8uZfE_seg_059.wav,data/interim/segmented_clean_relaxed/spasmodic_dysphonia/k6rQPJ8uZfE_seg_059.wav,k6rQPJ8uZfE,059,spasmodic_dysphonia,clean_pool,096af4a30271e5459c1aeeb2590006bdefad0667d79b005840663b98ca7eb84e,16000,1,2,48000,3.0,-25.68,0.1819,0.0,test
k6rQPJ8uZfE_seg_060.wav,data/interim/segmented_clean_relaxed/spasmodic_dysphonia/k6rQPJ8uZfE_seg_060.wav,k6rQPJ8uZfE,060,spasmodic_dysphonia,clean_pool,6d2f93a0fb0490883b79ea234df662e6ef50e12207275da4bd7dae8c3d559e34,16000,1,2,48000,3.0,-26.95,0.2717,0.0,test
k6rQPJ8uZfE_seg_061.wav,data/interim/segmented_clean_relaxed/spasmodic_dysphonia/k6rQPJ8uZfE_seg_061.wav,k6rQPJ8uZfE,061,spasmodic_dysphonia,clean_pool,6a395ac578f022b885fdc917902b8a1eaaab8ae74b1c7a2ad7e7553eceecedad,16000,1,2,48000,3.0,-31.67,0.3318,0.0,test
k6rQPJ8uZfE_seg_062.wav,data/interim/segmented_clean_relaxed/spasmodic_dysphonia/k6rQPJ8uZfE_seg_062.wav,k6rQPJ8uZfE,062,spasmodic_dysphonia,clean_pool,39cdb8138889f03186c52ec7d04c2e5917eb8b16490a15bb591ae4ef267a947b,16000,1,2,48000,3.0,-31.32,0.4098,0.0,test
k6rQPJ8uZfE_seg_063.wav,data/interim/segmented_clean_relaxed/spasmodic_dysphonia/k6rQPJ8uZfE_seg_063.wav,k6rQPJ8uZfE,063,spasmodic_dysphonia,clean_pool,3bb5a2435165e973cde0f9f6bb74374f51d73e216f655beb68fbb615bbe510d5,16000,1,2,48000,3.0,-31.39,0.4191,0.0,test
k6rQPJ8uZfE_seg_064.wav,data/interim/segmented_clean_relaxed/spasmodic_dysphonia/k6rQPJ8uZfE_seg_064.wav,k6rQPJ8uZfE,064,spasmodic_dysphonia,clean_pool,c2c5a10af689b7a50123d26afdde0dca67ad2a3063364295aa8de8df8f48c1c6,16000,1,2,48000,3.0,-32.81,0.3681,0.0,test
k6rQPJ8uZfE_seg_065.wav,data/interim/segmented_clean_relaxed/spasmodic_dysphonia/k6rQPJ8uZfE_seg_065.wav,k6rQPJ8uZfE,065,spasmodic_dysphonia,clean_pool,451177f7f7c6f3462f74b9575c937c1e346034e78ddbdfd40b6dff85e47f0dd5,16000,1,2,48000,3.0,-32.54,0.5045,0.0,test
k6rQPJ8uZfE_seg_066.wav,data/interim/segmented_clean_relaxed/spasmodic_dysphonia/k6rQPJ8uZfE_seg_066.wav,k6rQPJ8uZfE,066,spasmodic_dysphonia,clean_pool,ba0cc2c916db82e54854b1961b093cf42b18b22aff9d7d012bf50ba2a2ec52a4,16000,1,2,48000,3.0,-31.71,0.4897,0.0,test
k6rQPJ8uZfE_seg_067.wav,data/interim/segmented_clean_relaxed/spasmodic_dysphonia/k6rQPJ8uZfE_seg_067.wav,k6rQPJ8uZfE,067,spasmodic_dysphonia,clean_pool,a325005c2b4329863b79850e37f35b40153eaaa13529ad7e00a758eeb4a92505,16000,1,2,48000,3.0,-31.63,0.4352,0.0,test
k6rQPJ8uZfE_seg_068.wav,data/interim/segmented_clean_relaxed/spasmodic_dysphonia/k6rQPJ8uZfE_seg_068.wav,k6rQPJ8uZfE,068,spasmodic_dysphonia,clean_pool,1e0bc458a17f37454c8d7a596b5095b07513f22bc36d866a1cab42c2c5daa9d4,16000,1,2,48000,3.0,-30.08,0.3584,0.0,test
k6rQPJ8uZfE_seg_069.wav,data/interim/segmented_clean_relaxed/spasmodic_dysphonia/k6rQPJ8uZfE_seg_069.wav,k6rQPJ8uZfE,069,spasmodic_dysphonia,clean_pool,47124716aa65cf61a5774828cec305a9c426a794dd7a4b985cb9d1ea4c6d2ccd,16000,1,2,48000,3.0,-31.22,0.3365,0.0,test
k6rQPJ8uZfE_seg_070.wav,data/interim/segmented_clean_relaxed/spasmodic_dysphonia/k6rQPJ8uZfE_seg_070.wav,k6rQPJ8uZfE,070,spasmodic_dysphonia,clean_pool,c9fa5b585f9e7805b3a1d59e03b4df04bae553b5c42cdf31c1e573b60716b666,16000,1,2,48000,3.0,-29.89,0.3988,0.0,test
k6rQPJ8uZfE_seg_071.wav,data/interim/segmented_clean_relaxed/spasmodic_dysphonia/k6rQPJ8uZfE_seg_071.wav,k6rQPJ8uZfE,071,spasmodic_dysphonia,clean_pool,149eb3918f13169924b75151e894ade3ced15f175c525dc11f4e255b64d44c84,16000,1,2,48000,3.0,-32.45,0.3209,0.0,test
k6rQPJ8uZfE_seg_072.wav,data/interim/segmented_clean_relaxed/spasmodic_dysphonia/k6rQPJ8uZfE_seg_072.wav,k6rQPJ8uZfE,072,spasmodic_dysphonia,clean_pool,f35e9bd7aacd07d1762c85112ba70c2b4ea0bb3918a6e5a84a2d4933889448d6,16000,1,2,48000,3.0,-31.94,0.4407,0.0,test
k6rQPJ8uZfE_seg_073.wav,data/interim/segmented_clean_relaxed/spasmodic_dysphonia/k6rQPJ8uZfE_seg_073.wav,k6rQPJ8uZfE,073,spasmodic_dysphonia,clean_pool,912ee5596802ecdc596648c88ec93f00a20e4bc04194b3dae717b5aca4f9e2f4,16000,1,2,48000,3.0,-30.53,0.4121,0.0,test
k6rQPJ8uZfE_seg_074.wav,data/interim/segmented_clean_relaxed/spasmodic_dysphonia/k6rQPJ8uZfE_seg_074.wav,k6rQPJ8uZfE,074,spasmodic_dysphonia,clean_pool,4eb7d377e15770b27ef729ef1629991577fe84827d604744f6783c9efa3fcf36,16000,1,2,48000,3.0,-30.94,0.3731,0.0,test
k6rQPJ8uZfE_seg_075.wav,data/interim/segmented_clean_relaxed/spasmodic_dysphonia/k6rQPJ8uZfE_seg_075.wav,k6rQPJ8uZfE,075,spasmodic_dysphonia,clean_pool,7daf757ee63fdc01e57c4bea564d42b35bf9067df9f56eae17bcf6cd51b9dc71,16000,1,2,48000,3.0,-32.84,0.5346,0.0,test
k6rQPJ8uZfE_seg_076.wav,data/interim/segmented_clean_relaxed/spasmodic_dysphonia/k6rQPJ8uZfE_seg_076.wav,k6rQPJ8uZfE,076,spasmodic_dysphonia,clean_pool,bde3c23ea58db9f18eb459a83af3eb3db37778068543556991b6960e0f41ad98,16000,1,2,48000,3.0,-30.04,0.3953,0.0,test
k6rQPJ8uZfE_seg_077.wav,data/interim/segmented_clean_relaxed/spasmodic_dysphonia/k6rQPJ8uZfE_seg_077.wav,k6rQPJ8uZfE,077,spasmodic_dysphonia,clean_pool,51f21bf3bfb4a19e9842fb1a91a52860edc137156797e99dc599f72cb578e3ed,16000,1,2,48000,3.0,-31.84,0.4189,0.0,test
k6rQPJ8uZfE_seg_078.wav,data/interim/segmented_clean_relaxed/spasmodic_dysphonia/k6rQPJ8uZfE_seg_078.wav,k6rQPJ8uZfE,078,spasmodic_dysphonia,clean_pool,cbafb7b3f501abc4feec94bf8dcc942a69d77dd4f61dfea77daa021eac4ff6d6,16000,1,2,48000,3.0,-30.66,0.3865,0.0,test
k6rQPJ8uZfE_seg_079.wav,data/interim/segmented_clean_relaxed/spasmodic_dysphonia/k6rQPJ8uZfE_seg_079.wav,k6rQPJ8uZfE,079,spasmodic_dysphonia,clean_pool,082c7db1b604ca6398072aa46281e4eb011cc82e91f3a553408dcf7f5d99e408,16000,1,2,48000,3.0,-33.57,0.5306,0.0,test
k6rQPJ8uZfE_seg_080.wav,data/interim/segmented_clean_relaxed/spasmodic_dysphonia/k6rQPJ8uZfE_seg_080.wav,k6rQPJ8uZfE,080,spasmodic_dysphonia,clean_pool,5c98f4e7ae62756689b7c6df806805a7fc2a8768e41314e7121ce577b1fcc6ae,16000,1,2,48000,3.0,-32.8,0.4193,0.0,test
k6rQPJ8uZfE_seg_081.wav,data/interim/segmented_clean_relaxed/spasmodic_dysphonia/k6rQPJ8uZfE_seg_081.wav,k6rQPJ8uZfE,081,spasmodic_dysphonia,clean_pool,229c98cef4a7ed8f5acf55be20b0bdedad079bd030aa05b736d1d3ebc3f02b59,16000,1,2,48000,3.0,-33.37,0.5314,0.0,test
k6rQPJ8uZfE_seg_082.wav,data/interim/segmented_clean_relaxed/spasmodic_dysphonia/k6rQPJ8uZfE_seg_082.wav,k6rQPJ8uZfE,082,spasmodic_dysphonia,clean_pool,668d5d5ca6ff934610a45c23a4659a160f112816b59df52c705464143f454209,16000,1,2,48000,3.0,-22.74,0.2624,0.0,test
k6rQPJ8uZfE_seg_083.wav,data/interim/segmented_clean_relaxed/spasmodic_dysphonia/k6rQPJ8uZfE_seg_083.wav,k6rQPJ8uZfE,083,spasmodic_dysphonia,clean_pool,43a9ebdf26c60981e728245c0c9c8da6f7ffeccfc5adf4179b842fd9e5316e3b,16000,1,2,48000,3.0,-24.57,0.2776,0.0,test
k6rQPJ8uZfE_seg_084.wav,data/interim/segmented_clean_relaxed/spasmodic_dysphonia/k6rQPJ8uZfE_seg_084.wav,k6rQPJ8uZfE,084,spasmodic_dysphonia,clean_pool,c6a94584270b3dfe73daa9737c3fbc4004c6e3d4662ade96e3c3d0e0c4f0a380,16000,1,2,48000,3.0,-25.67,0.2194,0.0,test
k6rQPJ8uZfE_seg_085.wav,data/interim/segmented_clean_relaxed/spasmodic_dysphonia/k6rQPJ8uZfE_seg_085.wav,k6rQPJ8uZfE,085,spasmodic_dysphonia,clean_pool,5b525b5eea60093f3f77cac02b978addc1db5c8abb75de9b313e8067f99d9628,16000,1,2,48000,3.0,-22.92,0.3169,0.0,test
k6rQPJ8uZfE_seg_086.wav,data/interim/segmented_clean_relaxed/spasmodic_dysphonia/k6rQPJ8uZfE_seg_086.wav,k6rQPJ8uZfE,086,spasmodic_dysphonia,clean_pool,884d963bc474992ec32341161b054c89bb20755ead71380bacb5e83687ba997a,16000,1,2,48000,3.0,-25.36,0.262,0.0,test
k6rQPJ8uZfE_seg_087.wav,data/interim/segmented_clean_relaxed/spasmodic_dysphonia/k6rQPJ8uZfE_seg_087.wav,k6rQPJ8uZfE,087,spasmodic_dysphonia,clean_pool,af2752f7c244ffe9b527b25ed7d43d59d828204aa80db7cf4a25a65aba115949,16000,1,2,48000,3.0,-24.61,0.3529,0.0,test
k6rQPJ8uZfE_seg_088.wav,data/interim/segmented_clean_relaxed/spasmodic_dysphonia/k6rQPJ8uZfE_seg_088.wav,k6rQPJ8uZfE,088,spasmodic_dysphonia,clean_pool,176e84df7894793572829c3e0991073b2c85900704043bc70f550d9326ac73b9,16000,1,2,48000,3.0,-21.7,0.3938,0.000146,test
k6rQPJ8uZfE_seg_089.wav,data/interim/segmented_clean_relaxed/spasmodic_dysphonia/k6rQPJ8uZfE_seg_089.wav,k6rQPJ8uZfE,089,spasmodic_dysphonia,clean_pool,1f827a9b25f56021a1ef09901b48502fdcdef289fddd84d2951ab36aa24f7c1c,16000,1,2,48000,3.0,-17.94,0.3392,0.001146,test
k6rQPJ8uZfE_seg_090.wav,data/interim/segmented_clean_relaxed/spasmodic_dysphonia/k6rQPJ8uZfE_seg_090.wav,k6rQPJ8uZfE,090,spasmodic_dysphonia,clean_pool,510f048dd84094ac148a43d9fde548653d41a1d694b67d32d1319da54a4b6ec8,16000,1,2,48000,3.0,-20.44,0.3604,0.000792,test
k6rQPJ8uZfE_seg_091.wav,data/interim/segmented_clean_relaxed/spasmodic_dysphonia/k6rQPJ8uZfE_seg_091.wav,k6rQPJ8uZfE,091,spasmodic_dysphonia,clean_pool,5b1345d7c1e732d350fb58d301cf0d14e529db65025776199116ae83a9bd4cee,16000,1,2,48000,3.0,-27.56,0.5204,0.0,test
k6rQPJ8uZfE_seg_092.wav,data/interim/segmented_clean_relaxed/spasmodic_dysphonia/k6rQPJ8uZfE_seg_092.wav,k6rQPJ8uZfE,092,spasmodic_dysphonia,clean_pool,6d7e5ab807fa2222d1da1df9bc57db181d0023eb763f0173e1058dec3f3cedc1,16000,1,2,48000,3.0,-24.14,0.4182,0.0,test
k6rQPJ8uZfE_seg_093.wav,data/interim/segmented_clean_relaxed/spasmodic_dysphonia/k6rQPJ8uZfE_seg_093.wav,k6rQPJ8uZfE,093,spasmodic_dysphonia,clean_pool,e91bf5b5c3d68ebb2472383b7f0d06aa312f35d17710436a9e6082f8555dd03f,16000,1,2,48000,3.0,-26.45,0.5281,0.0,test
k6rQPJ8uZfE_seg_094.wav,data/interim/segmented_clean_relaxed/spasmodic_dysphonia/k6rQPJ8uZfE_seg_094.wav,k6rQPJ8uZfE,094,spasmodic_dysphonia,clean_pool,fbc2cc6565b5776a851a659734657c59cf80a00239096f49b5189c00057cc3d6,16000,1,2,48000,3.0,-25.17,0.4934,0.0,test
k6rQPJ8uZfE_seg_095.wav,data/interim/segmented_clean_relaxed/spasmodic_dysphonia/k6rQPJ8uZfE_seg_095.wav,k6rQPJ8uZfE,095,spasmodic_dysphonia,clean_pool,b436c8ec42270497c6cc1da310530c2db92a1b0cd20faec23e3362d4851db3a4,16000,1,2,48000,3.0,-23.11,0.6355,0.000229,test
k6rQPJ8uZfE_seg_096.wav,data/interim/segmented_clean_relaxed/spasmodic_dysphonia/k6rQPJ8uZfE_seg_096.wav,k6rQPJ8uZfE,096,spasmodic_dysphonia,clean_pool,a6b6c45eedbc9404573242c7369ee98f720f645a5f637213e9f7d09adb9a7f70,16000,1,2,48000,3.0,-19.98,0.4043,0.000271,test
k6rQPJ8uZfE_seg_097.wav,data/interim/segmented_clean_relaxed/spasmodic_dysphonia/k6rQPJ8uZfE_seg_097.wav,k6rQPJ8uZfE,097,spasmodic_dysphonia,clean_pool,8be72d3f0e3879d998684b7c6a95407819750bd41108227115a799fa0e216a90,16000,1,2,48000,3.0,-28.28,0.5445,0.0,test
k6rQPJ8uZfE_seg_098.wav,data/interim/segmented_clean_relaxed/spasmodic_dysphonia/k6rQPJ8uZfE_seg_098.wav,k6rQPJ8uZfE,098,spasmodic_dysphonia,clean_pool,9f4799a8e907aacef9ece8a7ed26a316bc7b748eb5bc56a4dd4f61c2be364f84,16000,1,2,48000,3.0,-24.89,0.4519,0.0,test
k6rQPJ8uZfE_seg_099.wav,data/interim/segmented_clean_relaxed/spasmodic_dysphonia/k6rQPJ8uZfE_seg_099.wav,k6rQPJ8uZfE,099,spasmodic_dysphonia,clean_pool,6dd4989bb3eb99cb87fa1111a7e775be0f88cc24bca13abf37c88084ce5b65cc,16000,1,2,48000,3.0,-23.47,0.4012,2.1e-05,test
k6rQPJ8uZfE_seg_100.wav,data/interim/segmented_clean_relaxed/spasmodic_dysphonia/k6rQPJ8uZfE_seg_100.wav,k6rQPJ8uZfE,100,spasmodic_dysphonia,clean_pool,97bce12c3f305bd54118a0bb7916ee568cb65ba838f52a5d8f88e9ba8395145d,16000,1,2,48000,3.0,-24.5,0.4612,0.0,test
k6rQPJ8uZfE_seg_101.wav,data/interim/segmented_clean_relaxed/spasmodic_dysphonia/k6rQPJ8uZfE_seg_101.wav,k6rQPJ8uZfE,101,spasmodic_dysphonia,clean_pool,74643e0bba1425e03fcf707f9f845098d32db2fd489d6699333b8f324be2ba64,16000,1,2,48000,3.0,-26.62,0.5421,0.0,test
k6rQPJ8uZfE_seg_102.wav,data/interim/segmented_clean_relaxed/spasmodic_dysphonia/k6rQPJ8uZfE_seg_102.wav,k6rQPJ8uZfE,102,spasmodic_dysphonia,clean_pool,3ade6c803bdfa16e457fd5e40fbcb264b817ff309e58b91a72a8c9d305f518c5,16000,1,2,48000,3.0,-19.72,0.3884,0.000667,test
k6rQPJ8uZfE_seg_103.wav,data/interim/segmented_clean_relaxed/spasmodic_dysphonia/k6rQPJ8uZfE_seg_103.wav,k6rQPJ8uZfE,103,spasmodic_dysphonia,clean_pool,3291a87ea5cf0ac7812b7197dff2a55b967256798476f130ec625aa590b1a4e0,16000,1,2,48000,3.0,-22.3,0.3857,0.0,test
k6rQPJ8uZfE_seg_104.wav,data/interim/segmented_clean_relaxed/spasmodic_dysphonia/k6rQPJ8uZfE_seg_104.wav,k6rQPJ8uZfE,104,spasmodic_dysphonia,clean_pool,1b68edff98a3e08b8a095bdeb43f2265b56c7550f363301b3dd5044830f343ba,16000,1,2,48000,3.0,-20.53,0.4705,0.001083,test
k6rQPJ8uZfE_seg_105.wav,data/interim/segmented_clean_relaxed/spasmodic_dysphonia/k6rQPJ8uZfE_seg_105.wav,k6rQPJ8uZfE,105,spasmodic_dysphonia,clean_pool,5d7da148d18a5c7689e37d3eed32120239196055f1b2f78d2c5ef27a41817918,16000,1,2,48000,3.0,-23.16,0.3147,6.3e-05,test
k6rQPJ8uZfE_seg_106.wav,data/interim/segmented_clean_relaxed/spasmodic_dysphonia/k6rQPJ8uZfE_seg_106.wav,k6rQPJ8uZfE,106,spasmodic_dysphonia,clean_pool,9ce5fb558354b3e97df737c75496a19bfb8c71dcc8918a7fe0889e4f3b9060de,16000,1,2,48000,3.0,-24.84,0.4803,0.0,test
k6rQPJ8uZfE_seg_107.wav,data/interim/segmented_clean_relaxed/spasmodic_dysphonia/k6rQPJ8uZfE_seg_107.wav,k6rQPJ8uZfE,107,spasmodic_dysphonia,clean_pool,860e29eb4565cc530d796b6e39fd38f732734ddfa938809c396390abb2d61bf8,16000,1,2,48000,3.0,-20.46,0.4385,0.000167,test
k6rQPJ8uZfE_seg_108.wav,data/interim/segmented_clean_relaxed/spasmodic_dysphonia/k6rQPJ8uZfE_seg_108.wav,k6rQPJ8uZfE,108,spasmodic_dysphonia,clean_pool,5266acd87c8eac222bc56fd5ba16ec5445faf3ba9b84f804f5b0db1b851fc0d7,16000,1,2,48000,3.0,-25.35,0.2886,0.0,test
k6rQPJ8uZfE_seg_109.wav,data/interim/segmented_clean_relaxed/spasmodic_dysphonia/k6rQPJ8uZfE_seg_109.wav,k6rQPJ8uZfE,109,spasmodic_dysphonia,clean_pool,fecdf67f15cb1f3d1ae57fd9a08a3716e1d007df5ee9f771528eee0c574e5041,16000,1,2,48000,3.0,-26.72,0.0686,0.0,test
k6rQPJ8uZfE_seg_110.wav,data/interim/segmented_clean_relaxed/spasmodic_dysphonia/k6rQPJ8uZfE_seg_110.wav,k6rQPJ8uZfE,110,spasmodic_dysphonia,clean_pool,22a895f7f1b849014fb60fb9cce68a5e2f0bbf53a3efffcb9563baa7f50dbf1f,16000,1,2,48000,3.0,-25.18,0.0562,0.0,test
k6rQPJ8uZfE_seg_111.wav,data/interim/segmented_clean_relaxed/spasmodic_dysphonia/k6rQPJ8uZfE_seg_111.wav,k6rQPJ8uZfE,111,spasmodic_dysphonia,clean_pool,5a56af7a59e1b48066e9465c99df89772dd31595f2b6ae2a05debb6c54d723a8,16000,1,2,37168,2.323,-29.15,0.1099,0.0,test
KCiiYb5sesY_seg_000.wav,data/interim/segmented_clean_relaxed/spasmodic_dysphonia/KCiiYb5sesY_seg_000.wav,KCiiYb5sesY,000,spasmodic_dysphonia,clean_pool,0484ff75a226083fb1ecc4f595a9d6bf8d2c72a9c88aa75310d5d872407f8ee7,16000,1,2,48000,3.0,-25.35,0.1157,0.0,train
KCiiYb5sesY_seg_001.wav,data/interim/segmented_clean_relaxed/spasmodic_dysphonia/KCiiYb5sesY_seg_001.wav,KCiiYb5sesY,001,spasmodic_dysphonia,clean_pool,d1c7cce261e575b9c962ba5c45512747f7490689f11554991a495642429e62ba,16000,1,2,48000,3.0,-28.54,0.2656,0.0,train
KCiiYb5sesY_seg_002.wav,data/interim/segmented_clean_relaxed/spasmodic_dysphonia/KCiiYb5sesY_seg_002.wav,KCiiYb5sesY,002,spasmodic_dysphonia,clean_pool,4e09dd168231ef5153bcaf75433d3bdea3e6165d55ed9556a4e8cb94cd5a1d4a,16000,1,2,48000,3.0,-30.17,0.3703,0.0,train
KCiiYb5sesY_seg_003.wav,data/interim/segmented_clean_relaxed/spasmodic_dysphonia/KCiiYb5sesY_seg_003.wav,KCiiYb5sesY,003,spasmodic_dysphonia,clean_pool,ab6ce93064812dfb72fe0167e971e7592342d8fb478ae8fed502c21887b2b967,16000,1,2,48000,3.0,-30.72,0.4827,0.0,train
KCiiYb5sesY_seg_004.wav,data/interim/segmented_clean_relaxed/spasmodic_dysphonia/KCiiYb5sesY_seg_004.wav,KCiiYb5sesY,004,spasmodic_dysphonia,clean_pool,0cfc9edbcc49ac90c62816570521b2f813399286fd8a6fc80d54d3d1e41989a0,16000,1,2,48000,3.0,-28.6,0.3512,0.0,train
KCiiYb5sesY_seg_005.wav,data/interim/segmented_clean_relaxed/spasmodic_dysphonia/KCiiYb5sesY_seg_005.wav,KCiiYb5sesY,005,spasmodic_dysphonia,clean_pool,3d4d737fa6a0e906c91bc3bc0ccb114e995ffb27460a814b742e81f883333202,16000,1,2,48000,3.0,-27.59,0.2868,0.0,train
KCiiYb5sesY_seg_006.wav,data/interim/segmented_clean_relaxed/spasmodic_dysphonia/KCiiYb5sesY_seg_006.wav,KCiiYb5sesY,006,spasmodic_dysphonia,clean_pool,f1b272643846cee990a348f7cb6c2d8f833de459bf23c87b0bb3fdb14cd0874b,16000,1,2,48000,3.0,-28.57,0.1981,0.0,train
KCiiYb5sesY_seg_007.wav,data/interim/segmented_clean_relaxed/spasmodic_dysphonia/KCiiYb5sesY_seg_007.wav,KCiiYb5sesY,007,spasmodic_dysphonia,clean_pool,34b370411d1038c28f77129cd44e5a75de8a0e6296e85b1d46e995bb460c8775,16000,1,2,48000,3.0,-28.15,0.3375,0.0,train
KCiiYb5sesY_seg_008.wav,data/interim/segmented_clean_relaxed/spasmodic_dysphonia/KCiiYb5sesY_seg_008.wav,KCiiYb5sesY,008,spasmodic_dysphonia,clean_pool,951405b54ac5c82b12584dd4d6fd1b2c4bc3ca125af3479800ea317f35dbfd46,16000,1,2,48000,3.0,-31.95,0.3696,0.0,train
KCiiYb5sesY_seg_009.wav,data/interim/segmented_clean_relaxed/spasmodic_dysphonia/KCiiYb5sesY_seg_009.wav,KCiiYb5sesY,009,spasmodic_dysphonia,clean_pool,c59aff9865ca0e0cc0c8a4c5c11f34314f07045ce6f6389f1e9de0f443f43941,16000,1,2,48000,3.0,-30.2,0.2926,0.0,train
KCiiYb5sesY_seg_010.wav,data/interim/segmented_clean_relaxed/spasmodic_dysphonia/KCiiYb5sesY_seg_010.wav,KCiiYb5sesY,010,spasmodic_dysphonia,clean_pool,274d5f2fde5d2844a2e30af08a138bebe6e56e1682ac4c170ae227acf7884513,16000,1,2,48000,3.0,-31.08,0.3426,0.0,train
KCiiYb5sesY_seg_011.wav,data/interim/segmented_clean_relaxed/spasmodic_dysphonia/KCiiYb5sesY_seg_011.wav,KCiiYb5sesY,011,spasmodic_dysphonia,clean_pool,f0ae4fdc292c3b30fcf63d93f40cc152b6ffe735d45211fe6469b10086cbcbe4,16000,1,2,48000,3.0,-29.06,0.3686,0.0,train
KCiiYb5sesY_seg_012.wav,data/interim/segmented_clean_relaxed/spasmodic_dysphonia/KCiiYb5sesY_seg_012.wav,KCiiYb5sesY,012,spasmodic_dysphonia,clean_pool,4a4b2e989f162a55995dd146c32d94e4315abe98ccbf8cd9b5a47aec4bb60942,16000,1,2,48000,3.0,-31.2,0.3772,0.0,train
KCiiYb5sesY_seg_013.wav,data/interim/segmented_clean_relaxed/spasmodic_dysphonia/KCiiYb5sesY_seg_013.wav,KCiiYb5sesY,013,spasmodic_dysphonia,clean_pool,89f946ff771d5b121da1d111fbee46bbd7f72dd5bcebe255e2be085ea80b4f15,16000,1,2,48000,3.0,-30.72,0.3452,0.0,train
KCiiYb5sesY_seg_014.wav,data/interim/segmented_clean_relaxed/spasmodic_dysphonia/KCiiYb5sesY_seg_014.wav,KCiiYb5sesY,014,spasmodic_dysphonia,clean_pool,a5275d3d02ce80a2a8ed25fbf1904c16b0b021bb7a09f0390a992382704a59ae,16000,1,2,48000,3.0,-31.35,0.4849,0.0,train
KCiiYb5sesY_seg_015.wav,data/interim/segmented_clean_relaxed/spasmodic_dysphonia/KCiiYb5sesY_seg_015.wav,KCiiYb5sesY,015,spasmodic_dysphonia,clean_pool,d3eda7b5f92760053ccecc7bff9c10515c258cc26c19177e1ae44a1223d32fff,16000,1,2,48000,3.0,-30.0,0.3636,0.0,train
KCiiYb5sesY_seg_016.wav,data/interim/segmented_clean_relaxed/spasmodic_dysphonia/KCiiYb5sesY_seg_016.wav,KCiiYb5sesY,016,spasmodic_dysphonia,clean_pool,13dd2ed041c555c1cd5b7cdecda8f6cee89c86c123028f474a2be5834bfdde8d,16000,1,2,48000,3.0,-25.03,0.3515,0.0,train
KCiiYb5sesY_seg_017.wav,data/interim/segmented_clean_relaxed/spasmodic_dysphonia/KCiiYb5sesY_seg_017.wav,KCiiYb5sesY,017,spasmodic_dysphonia,clean_pool,784a3f9248f49384eb0438cd4811968c2d5919ad3be5849d0cdded5d0f7f4e22,16000,1,2,48000,3.0,-23.86,0.1812,0.0,train
KCiiYb5sesY_seg_018.wav,data/interim/segmented_clean_relaxed/spasmodic_dysphonia/KCiiYb5sesY_seg_018.wav,KCiiYb5sesY,018,spasmodic_dysphonia,clean_pool,045a453d5302a12b0915f1e4c049412c34fb42e0f57425a60b4d9786fdabb3d9,16000,1,2,48000,3.0,-28.27,0.1964,0.0,train
KCiiYb5sesY_seg_019.wav,data/interim/segmented_clean_relaxed/spasmodic_dysphonia/KCiiYb5sesY_seg_019.wav,KCiiYb5sesY,019,spasmodic_dysphonia,clean_pool,53dad4707601f2a55461c08b4bc19e5c0879dd55046406a1c5033b9ad3b50a5e,16000,1,2,48000,3.0,-27.43,0.2754,0.0,train
KCiiYb5sesY_seg_020.wav,data/interim/segmented_clean_relaxed/spasmodic_dysphonia/KCiiYb5sesY_seg_020.wav,KCiiYb5sesY,020,spasmodic_dysphonia,clean_pool,27c6b47797aca93c7366a231b388acb1556a5017dc85a7456429d9824c67ab79,16000,1,2,48000,3.0,-26.48,0.2582,0.0,train
KCiiYb5sesY_seg_021.wav,data/interim/segmented_clean_relaxed/spasmodic_dysphonia/KCiiYb5sesY_seg_021.wav,KCiiYb5sesY,021,spasmodic_dysphonia,clean_pool,8fc65510b133427b671c434d02135d840bab12cd529d504287b732309198b8f6,16000,1,2,48000,3.0,-28.57,0.2336,0.0,train
KCiiYb5sesY_seg_022.wav,data/interim/segmented_clean_relaxed/spasmodic_dysphonia/KCiiYb5sesY_seg_022.wav,KCiiYb5sesY,022,spasmodic_dysphonia,clean_pool,c06e975a96f1a7050eeb958117d3445bf950d660e9d04e229dc2aef672982402,16000,1,2,48000,3.0,-29.08,0.2467,0.0,train
KCiiYb5sesY_seg_023.wav,data/interim/segmented_clean_relaxed/spasmodic_dysphonia/KCiiYb5sesY_seg_023.wav,KCiiYb5sesY,023,spasmodic_dysphonia,clean_pool,2375a589a693347aae356d5f31f216b07160c05c1ce372c4beefc403a488f3f8,16000,1,2,48000,3.0,-24.7,0.1708,0.0,train
KCiiYb5sesY_seg_024.wav,data/interim/segmented_clean_relaxed/spasmodic_dysphonia/KCiiYb5sesY_seg_024.wav,KCiiYb5sesY,024,spasmodic_dysphonia,clean_pool,795905ac69c418a337484a79b569f0cd58daf3f1f9f41cdaedd3f5c9dc51b312,16000,1,2,48000,3.0,-25.49,0.1916,0.0,train
KCiiYb5sesY_seg_025.wav,data/interim/segmented_clean_relaxed/spasmodic_dysphonia/KCiiYb5sesY_seg_025.wav,KCiiYb5sesY,025,spasmodic_dysphonia,clean_pool,150d63de53c43c1b42174aa90bdf0c0d3877804ba948d3d8dad1684f77e1424e,16000,1,2,48000,3.0,-25.44,0.1713,0.0,train
KCiiYb5sesY_seg_026.wav,data/interim/segmented_clean_relaxed/spasmodic_dysphonia/KCiiYb5sesY_seg_026.wav,KCiiYb5sesY,026,spasmodic_dysphonia,clean_pool,ed1617ac52f0fed8f1a4eeb6afd420a378b71d6bd1d12bd27a836ce79dbacf51,16000,1,2,48000,3.0,-26.6,0.2064,0.0,train
KCiiYb5sesY_seg_027.wav,data/interim/segmented_clean_relaxed/spasmodic_dysphonia/KCiiYb5sesY_seg_027.wav,KCiiYb5sesY,027,spasmodic_dysphonia,clean_pool,702b91c255bb16a3fb7b495cbc834336513ea6f4243c287b2fa5e0e66bb10178,16000,1,2,48000,3.0,-26.88,0.2122,0.0,train
KCiiYb5sesY_seg_028.wav,data/interim/segmented_clean_relaxed/spasmodic_dysphonia/KCiiYb5sesY_seg_028.wav,KCiiYb5sesY,028,spasmodic_dysphonia,clean_pool,566c870b810a42bcb14b344f7ed840dda8f6e683e04e8f89f5e05e8732723472,16000,1,2,48000,3.0,-28.53,0.2781,0.0,train
KCiiYb5sesY_seg_029.wav,data/interim/segmented_clean_relaxed/spasmodic_dysphonia/KCiiYb5sesY_seg_029.wav,KCiiYb5sesY,029,spasmodic_dysphonia,clean_pool,9bf331ae9a3d57fe0e24585020c753441c1acecc79ca4a5f4ef89393b6942f9e,16000,1,2,48000,3.0,-19.63,0.1134,0.0,train
KCiiYb5sesY_seg_030.wav,data/interim/segmented_clean_relaxed/spasmodic_dysphonia/KCiiYb5sesY_seg_030.wav,KCiiYb5sesY,030,spasmodic_dysphonia,clean_pool,8ad91f867976d81ed25e65fe448f3303800c3eb7904ff4fbe074cc6c6f4901f2,16000,1,2,48000,3.0,-24.24,0.1866,0.0,train
KCiiYb5sesY_seg_031.wav,data/interim/segmented_clean_relaxed/spasmodic_dysphonia/KCiiYb5sesY_seg_031.wav,KCiiYb5sesY,031,spasmodic_dysphonia,clean_pool,eb313cf61ac9d52da3f983dc184302b4052564642432ca6cc0a43bef5e30786e,16000,1,2,48000,3.0,-25.32,0.1808,0.0,train
KCiiYb5sesY_seg_032.wav,data/interim/segmented_clean_relaxed/spasmodic_dysphonia/KCiiYb5sesY_seg_032.wav,KCiiYb5sesY,032,spasmodic_dysphonia,clean_pool,e2f6b9a839ac8f3cfca70301729da0ac9e04c634b7bac8f69fb871b6e9de5f55,16000,1,2,48000,3.0,-24.63,0.1537,0.0,train
KCiiYb5sesY_seg_033.wav,data/interim/segmented_clean_relaxed/spasmodic_dysphonia/KCiiYb5sesY_seg_033.wav,KCiiYb5sesY,033,spasmodic_dysphonia,clean_pool,8adfb66fc7c15de46d1678a9aecd035c4e7c29963af38b6bba6cbba6547269e2,16000,1,2,48000,3.0,-22.77,0.156,0.0,train
KCiiYb5sesY_seg_034.wav,data/interim/segmented_clean_relaxed/spasmodic_dysphonia/KCiiYb5sesY_seg_034.wav,KCiiYb5sesY,034,spasmodic_dysphonia,clean_pool,b6527b31d3a36ca41c5f17862271bbba7ffcf597c0ab9b7c9152a59891953e31,16000,1,2,48000,3.0,-24.72,0.1734,0.0,train
KCiiYb5sesY_seg_035.wav,data/interim/segmented_clean_relaxed/spasmodic_dysphonia/KCiiYb5sesY_seg_035.wav,KCiiYb5sesY,035,spasmodic_dysphonia,clean_pool,4e44403cdbc71b7fda138789adb9ea61391e98b186165594932d8895a4d88cf0,16000,1,2,48000,3.0,-26.68,0.1596,0.0,train
KCiiYb5sesY_seg_036.wav,data/interim/segmented_clean_relaxed/spasmodic_dysphonia/KCiiYb5sesY_seg_036.wav,KCiiYb5sesY,036,spasmodic_dysphonia,clean_pool,e1a0b7de44c98e434efd554c8d2397820aba40a580eadede5a908181b44659e2,16000,1,2,48000,3.0,-26.9,0.1969,0.0,train
KCiiYb5sesY_seg_037.wav,data/interim/segmented_clean_relaxed/spasmodic_dysphonia/KCiiYb5sesY_seg_037.wav,KCiiYb5sesY,037,spasmodic_dysphonia,clean_pool,786fa323ab41fc5a94fc785d38eb8b4da82ddc433205ba69b1e4a4027d4dcbc0,16000,1,2,48000,3.0,-26.45,0.1681,0.0,train
KCiiYb5sesY_seg_038.wav,data/interim/segmented_clean_relaxed/spasmodic_dysphonia/KCiiYb5sesY_seg_038.wav,KCiiYb5sesY,038,spasmodic_dysphonia,clean_pool,ee5ff3bb0e429b5cd939d6761175bdd805007ed5e27bcc21e64ba9e59defc4f9,16000,1,2,48000,3.0,-24.08,0.1426,0.0,train
KCiiYb5sesY_seg_039.wav,data/interim/segmented_clean_relaxed/spasmodic_dysphonia/KCiiYb5sesY_seg_039.wav,KCiiYb5sesY,039,spasmodic_dysphonia,clean_pool,f9f8fc5b3185bf1f5ad093553999a263016d85a7da5ef7443d5f6a987d2d00b4,16000,1,2,48000,3.0,-28.64,0.1925,0.0,train
KCiiYb5sesY_seg_040.wav,data/interim/segmented_clean_relaxed/spasmodic_dysphonia/KCiiYb5sesY_seg_040.wav,KCiiYb5sesY,040,spasmodic_dysphonia,clean_pool,762a0f8780706f9a752820e951462d37cb45d237f81f3128166400616ea6d5d5,16000,1,2,48000,3.0,-26.12,0.1979,0.0,train
KCiiYb5sesY_seg_041.wav,data/interim/segmented_clean_relaxed/spasmodic_dysphonia/KCiiYb5sesY_seg_041.wav,KCiiYb5sesY,041,spasmodic_dysphonia,clean_pool,c127dc6fc39b3702926ef3841db88a7e7f90517727e5f5da47cf76a056c74a28,16000,1,2,48000,3.0,-31.01,0.2185,0.0,train
KCiiYb5sesY_seg_042.wav,data/interim/segmented_clean_relaxed/spasmodic_dysphonia/KCiiYb5sesY_seg_042.wav,KCiiYb5sesY,042,spasmodic_dysphonia,clean_pool,fead82f26be8e473d87be4f31da01c883f85925619dc9d4ed18541d63e11b2e4,16000,1,2,48000,3.0,-26.93,0.1936,0.0,train
KCiiYb5sesY_seg_043.wav,data/interim/segmented_clean_relaxed/spasmodic_dysphonia/KCiiYb5sesY_seg_043.wav,KCiiYb5sesY,043,spasmodic_dysphonia,clean_pool,1a1f490aae8e841fceb8a79ed53e2ba32ed71a2837ab61b560dc402eca12a2b4,16000,1,2,48000,3.0,-26.48,0.1566,0.0,train
KCiiYb5sesY_seg_044.wav,data/interim/segmented_clean_relaxed/spasmodic_dysphonia/KCiiYb5sesY_seg_044.wav,KCiiYb5sesY,044,spasmodic_dysphonia,clean_pool,cbff710758c5d1953c80e239d375556a887a35caee26af44742c8ffe2405ef4f,16000,1,2,48000,3.0,-27.93,0.2671,0.0,train
KCiiYb5sesY_seg_045.wav,data/interim/segmented_clean_relaxed/spasmodic_dysphonia/KCiiYb5sesY_seg_045.wav,KCiiYb5sesY,045,spasmodic_dysphonia,clean_pool,42a6555a27f51a05f8b27ba5b128e4657a20b05727c69acfec4d2f7c411e5b5c,16000,1,2,48000,3.0,-27.84,0.4457,0.0,train
KCiiYb5sesY_seg_046.wav,data/interim/segmented_clean_relaxed/spasmodic_dysphonia/KCiiYb5sesY_seg_046.wav,KCiiYb5sesY,046,spasmodic_dysphonia,clean_pool,2d3ee63cca61c6246e02d9c3d044a11de1dfdb00cdca16c0b8075410e2d1663a,16000,1,2,48000,3.0,-25.54,0.2325,0.0,train
KCiiYb5sesY_seg_047.wav,data/interim/segmented_clean_relaxed/spasmodic_dysphonia/KCiiYb5sesY_seg_047.wav,KCiiYb5sesY,047,spasmodic_dysphonia,clean_pool,e42f98ea8dc76748cb76edcc2e4b03c670829177a8bdf4d950e81407d2491f0b,16000,1,2,48000,3.0,-27.66,0.3037,0.0,train
KCiiYb5sesY_seg_048.wav,data/interim/segmented_clean_relaxed/spasmodic_dysphonia/KCiiYb5sesY_seg_048.wav,KCiiYb5sesY,048,spasmodic_dysphonia,clean_pool,d13c9b16cb3002facfbe6bd867362422f7b06120e5e16300e1d6df8de66fe6eb,16000,1,2,48000,3.0,-27.03,0.191,0.0,train
KCiiYb5sesY_seg_049.wav,data/interim/segmented_clean_relaxed/spasmodic_dysphonia/KCiiYb5sesY_seg_049.wav,KCiiYb5sesY,049,spasmodic_dysphonia,clean_pool,be58fec5cef55030cbf0515bced019fe09065141e30a88fc2fb2486ac1de8047,16000,1,2,48000,3.0,-28.03,0.2702,0.0,train
KCiiYb5sesY_seg_050.wav,data/interim/segmented_clean_relaxed/spasmodic_dysphonia/KCiiYb5sesY_seg_050.wav,KCiiYb5sesY,050,spasmodic_dysphonia,clean_pool,a4c07fd53590b3cb4f58f3c6a9ddda8548fd3d0c798e590dacd98d4f691ef27c,16000,1,2,48000,3.0,-27.21,0.3188,0.0,train
KCiiYb5sesY_seg_051.wav,data/interim/segmented_clean_relaxed/spasmodic_dysphonia/KCiiYb5sesY_seg_051.wav,KCiiYb5sesY,051,spasmodic_dysphonia,clean_pool,e9b0a9b9216e84b84643f1ec64412589b94bef1b44cc107e22f0e6a5a07a8bf8,16000,1,2,48000,3.0,-28.02,0.5439,0.0,train
KCiiYb5sesY_seg_052.wav,data/interim/segmented_clean_relaxed/spasmodic_dysphonia/KCiiYb5sesY_seg_052.wav,KCiiYb5sesY,052,spasmodic_dysphonia,clean_pool,bd7ce7f58379fbe9586793bf480a998e95429e030ca98a113831f7d3ce55e86c,16000,1,2,48000,3.0,-27.61,0.343,0.0,train
KCiiYb5sesY_seg_053.wav,data/interim/segmented_clean_relaxed/spasmodic_dysphonia/KCiiYb5sesY_seg_053.wav,KCiiYb5sesY,053,spasmodic_dysphonia,clean_pool,f13e82cedfa69a4b43e862e6b1c076d748bd3ce84f480a86380d7f26d3f65265,16000,1,2,48000,3.0,-30.78,0.6593,0.0,train
KCiiYb5sesY_seg_054.wav,data/interim/segmented_clean_relaxed/spasmodic_dysphonia/KCiiYb5sesY_seg_054.wav,KCiiYb5sesY,054,spasmodic_dysphonia,clean_pool,6cb777c82730792973b272365d40aead673dd492967c611ecfbbe1a6bdc7c15b,16000,1,2,48000,3.0,-29.66,0.7006,0.0,train
KCiiYb5sesY_seg_055.wav,data/interim/segmented_clean_relaxed/spasmodic_dysphonia/KCiiYb5sesY_seg_055.wav,KCiiYb5sesY,055,spasmodic_dysphonia,clean_pool,505b064695a24b09f8b49b6714366913b56db578c395f52e01b4194a3d498a38,16000,1,2,48000,3.0,-28.46,0.4309,0.0,train
KCiiYb5sesY_seg_056.wav,data/interim/segmented_clean_relaxed/spasmodic_dysphonia/KCiiYb5sesY_seg_056.wav,KCiiYb5sesY,056,spasmodic_dysphonia,clean_pool,858eb65b01c6b83ad5404588c357d65cf882373534332f032d03d81ee8107ce8,16000,1,2,48000,3.0,-28.1,0.4413,0.0,train
KCiiYb5sesY_seg_057.wav,data/interim/segmented_clean_relaxed/spasmodic_dysphonia/KCiiYb5sesY_seg_057.wav,KCiiYb5sesY,057,spasmodic_dysphonia,clean_pool,1c81cc4d745401d8739136c27548487a7fa7ac99a4563dbf88045af79d23825f,16000,1,2,48000,3.0,-34.65,0.5856,0.0,train
KCiiYb5sesY_seg_058.wav,data/interim/segmented_clean_relaxed/spasmodic_dysphonia/KCiiYb5sesY_seg_058.wav,KCiiYb5sesY,058,spasmodic_dysphonia,clean_pool,15ac2afcdc196482c72d497ec373328705d30d94e1a7a069ba5e9c8c451d57c6,16000,1,2,48000,3.0,-25.89,0.3356,0.0,train
KCiiYb5sesY_seg_059.wav,data/interim/segmented_clean_relaxed/spasmodic_dysphonia/KCiiYb5sesY_seg_059.wav,KCiiYb5sesY,059,spasmodic_dysphonia,clean_pool,f01410983bda78b2891383149cfe8551f0605b04442e06c1630f5684612c33bc,16000,1,2,48000,3.0,-23.28,0.4433,0.0,train
KCiiYb5sesY_seg_060.wav,data/interim/segmented_clean_relaxed/spasmodic_dysphonia/KCiiYb5sesY_seg_060.wav,KCiiYb5sesY,060,spasmodic_dysphonia,clean_pool,684e726f0d99bf0396e9c5d2bebd58adb519ee6ac90a4805ad8987c9fb274959,16000,1,2,48000,3.0,-21.81,0.239,0.0,train
KCiiYb5sesY_seg_061.wav,data/interim/segmented_clean_relaxed/spasmodic_dysphonia/KCiiYb5sesY_seg_061.wav,KCiiYb5sesY,061,spasmodic_dysphonia,clean_pool,a30df8cdc206df00a6352b5352ed8856e6697f9ce862a542d71cce3e0e53f1f6,16000,1,2,48000,3.0,-22.05,0.2835,0.0,train
KCiiYb5sesY_seg_062.wav,data/interim/segmented_clean_relaxed/spasmodic_dysphonia/KCiiYb5sesY_seg_062.wav,KCiiYb5sesY,062,spasmodic_dysphonia,clean_pool,1a274ee4ab818de0a6345798640e355fa9f3415ab8d6d16b55df0076107f00db,16000,1,2,48000,3.0,-23.23,0.3676,0.0,train
KCiiYb5sesY_seg_063.wav,data/interim/segmented_clean_relaxed/spasmodic_dysphonia/KCiiYb5sesY_seg_063.wav,KCiiYb5sesY,063,spasmodic_dysphonia,clean_pool,50bdaa7d428bea152115c77786077dbfaa800614413c2dcbb9bd59adc93e3431,16000,1,2,48000,3.0,-22.38,0.3327,0.0,train
KCiiYb5sesY_seg_064.wav,data/interim/segmented_clean_relaxed/spasmodic_dysphonia/KCiiYb5sesY_seg_064.wav,KCiiYb5sesY,064,spasmodic_dysphonia,clean_pool,9795599f9d2ecb4cd1ab4d8e7445deceb858084923a1061da88297c8370c5299,16000,1,2,48000,3.0,-21.87,0.2761,0.0,train
KCiiYb5sesY_seg_065.wav,data/interim/segmented_clean_relaxed/spasmodic_dysphonia/KCiiYb5sesY_seg_065.wav,KCiiYb5sesY,065,spasmodic_dysphonia,clean_pool,1778cef0dc2a91acd50e923030f084f24b1e170f91117e39593fe1c1619b5804,16000,1,2,48000,3.0,-22.6,0.3471,0.0,train
KCiiYb5sesY_seg_066.wav,data/interim/segmented_clean_relaxed/spasmodic_dysphonia/KCiiYb5sesY_seg_066.wav,KCiiYb5sesY,066,spasmodic_dysphonia,clean_pool,97662e893aecfe1b850d67929811633721db69df2cd3589091de71077fe0e107,16000,1,2,48000,3.0,-25.9,0.4506,0.0,train
KCiiYb5sesY_seg_067.wav,data/interim/segmented_clean_relaxed/spasmodic_dysphonia/KCiiYb5sesY_seg_067.wav,KCiiYb5sesY,067,spasmodic_dysphonia,clean_pool,4a40997baad1edfbbf345405464a4f90f52321538160edaeacf9d333d1d4d906,16000,1,2,48000,3.0,-26.15,0.44,0.0,train
KCiiYb5sesY_seg_068.wav,data/interim/segmented_clean_relaxed/spasmodic_dysphonia/KCiiYb5sesY_seg_068.wav,KCiiYb5sesY,068,spasmodic_dysphonia,clean_pool,24a26a089eedaf3fa26ae48808feab1cf09bb0e3111b26d3a51f89b31c61a133,16000,1,2,48000,3.0,-20.48,0.4315,0.0,train
KCiiYb5sesY_seg_069.wav,data/interim/segmented_clean_relaxed/spasmodic_dysphonia/KCiiYb5sesY_seg_069.wav,KCiiYb5sesY,069,spasmodic_dysphonia,clean_pool,1bb3f09bb1ceb58fbc848b0788ff5f33b48a40900d05e2a621e85c4a4514d0eb,16000,1,2,48000,3.0,-20.75,0.1663,0.0,train
KCiiYb5sesY_seg_070.wav,data/interim/segmented_clean_relaxed/spasmodic_dysphonia/KCiiYb5sesY_seg_070.wav,KCiiYb5sesY,070,spasmodic_dysphonia,clean_pool,c31b21505d551e8bd4b4e3983ac052ee8ab25f2c0e8d43d816728d9fdeab66c5,16000,1,2,48000,3.0,-22.29,0.2794,0.0,train
KCiiYb5sesY_seg_071.wav,data/interim/segmented_clean_relaxed/spasmodic_dysphonia/KCiiYb5sesY_seg_071.wav,KCiiYb5sesY,071,spasmodic_dysphonia,clean_pool,cfdb1dc8eff3108e384ca248a8749a0655df60a027d5f3dabd418e703e8c0e89,16000,1,2,48000,3.0,-23.17,0.1787,0.0,train
KCiiYb5sesY_seg_072.wav,data/interim/segmented_clean_relaxed/spasmodic_dysphonia/KCiiYb5sesY_seg_072.wav,KCiiYb5sesY,072,spasmodic_dysphonia,clean_pool,45c15cf175d0c5c6622d598312f710e02a964af7e6cc4bc7ba3004f8f2acc6e0,16000,1,2,48000,3.0,-25.45,0.5086,0.0,train
KCiiYb5sesY_seg_073.wav,data/interim/segmented_clean_relaxed/spasmodic_dysphonia/KCiiYb5sesY_seg_073.wav,KCiiYb5sesY,073,spasmodic_dysphonia,clean_pool,135b538795bea3a42be1b057879845e162c655d7bb7aa3a09c1d82326424c971,16000,1,2,48000,3.0,-22.07,0.4155,0.0,train
KCiiYb5sesY_seg_074.wav,data/interim/segmented_clean_relaxed/spasmodic_dysphonia/KCiiYb5sesY_seg_074.wav,KCiiYb5sesY,074,spasmodic_dysphonia,clean_pool,4b74b36e070dea7219542778ea9626cd0ddd105a93da3c4a118e8a823de6654e,16000,1,2,48000,3.0,-21.32,0.2414,0.0,train
KCiiYb5sesY_seg_075.wav,data/interim/segmented_clean_relaxed/spasmodic_dysphonia/KCiiYb5sesY_seg_075.wav,KCiiYb5sesY,075,spasmodic_dysphonia,clean_pool,7284c9dc98a01407d021d1a7c64905961f43bcdb2f256061fd211937f5cada3d,16000,1,2,48000,3.0,-22.48,0.2371,0.0,train
KCiiYb5sesY_seg_076.wav,data/interim/segmented_clean_relaxed/spasmodic_dysphonia/KCiiYb5sesY_seg_076.wav,KCiiYb5sesY,076,spasmodic_dysphonia,clean_pool,99fba341aa3b9d1185f9d1c2c5e1ce5cd98656aee560793365c30ac4a44ef7a7,16000,1,2,48000,3.0,-23.6,0.3896,0.0,train
KCiiYb5sesY_seg_077.wav,data/interim/segmented_clean_relaxed/spasmodic_dysphonia/KCiiYb5sesY_seg_077.wav,KCiiYb5sesY,077,spasmodic_dysphonia,clean_pool,1ddfb2cff7324f016602c46b6d0e2efe5fbbfd1ea2e2ce5989a21b2ab9e71f5c,16000,1,2,48000,3.0,-23.31,0.2039,0.0,train
KCiiYb5sesY_seg_078.wav,data/interim/segmented_clean_relaxed/spasmodic_dysphonia/KCiiYb5sesY_seg_078.wav,KCiiYb5sesY,078,spasmodic_dysphonia,clean_pool,ea19f3055eab42ebc7be5c96570e837c20560545e9f4b2e1a7468687fe8badfc,16000,1,2,48000,3.0,-25.72,0.4257,0.0,train
KCiiYb5sesY_seg_079.wav,data/interim/segmented_clean_relaxed/spasmodic_dysphonia/KCiiYb5sesY_seg_079.wav,KCiiYb5sesY,079,spasmodic_dysphonia,clean_pool,7dd3d762e98863d00a87cb92f302fe7072739e479e06574310933e20abe1024e,16000,1,2,48000,3.0,-23.72,0.2856,0.0,train
KCiiYb5sesY_seg_080.wav,data/interim/segmented_clean_relaxed/spasmodic_dysphonia/KCiiYb5sesY_seg_080.wav,KCiiYb5sesY,080,spasmodic_dysphonia,clean_pool,d45559123d268274a488657ce5d827a1e86a6379596fb9fbb8058b57bd230e0b,16000,1,2,48000,3.0,-25.06,0.4074,0.0,train
KCiiYb5sesY_seg_081.wav,data/interim/segmented_clean_relaxed/spasmodic_dysphonia/KCiiYb5sesY_seg_081.wav,KCiiYb5sesY,081,spasmodic_dysphonia,clean_pool,84969665d438cd6b5d700c6ce9eecd77e2c0071dd143e0514b7ecb62122429bc,16000,1,2,48000,3.0,-24.42,0.429,0.0,train
KCiiYb5sesY_seg_082.wav,data/interim/segmented_clean_relaxed/spasmodic_dysphonia/KCiiYb5sesY_seg_082.wav,KCiiYb5sesY,082,spasmodic_dysphonia,clean_pool,11c2563caa632dda10596294f75e3eaf7a5e3b471a9c43e422292e946c5b8932,16000,1,2,48000,3.0,-24.0,0.2385,0.0,train
KCiiYb5sesY_seg_083.wav,data/interim/segmented_clean_relaxed/spasmodic_dysphonia/KCiiYb5sesY_seg_083.wav,KCiiYb5sesY,083,spasmodic_dysphonia,clean_pool,6871f44c0d79a5bf728bc4cb88852d9be0f690762751711da25d370544b7bb92,16000,1,2,48000,3.0,-26.46,0.4734,0.0,train
KCiiYb5sesY_seg_084.wav,data/interim/segmented_clean_relaxed/spasmodic_dysphonia/KCiiYb5sesY_seg_084.wav,KCiiYb5sesY,084,spasmodic_dysphonia,clean_pool,b6b45bb9cc0a742f06352bfa4fc1e798b482150dd051945f16adcfad47750fab,16000,1,2,48000,3.0,-30.04,0.4711,0.0,train
KCiiYb5sesY_seg_085.wav,data/interim/segmented_clean_relaxed/spasmodic_dysphonia/KCiiYb5sesY_seg_085.wav,KCiiYb5sesY,085,spasmodic_dysphonia,clean_pool,e39748da50fa7ea72b049386d5c4d1e2d62001cdc45887c7a3b7ceec4d89edd3,16000,1,2,48000,3.0,-24.45,0.3934,0.0,train
KCiiYb5sesY_seg_086.wav,data/interim/segmented_clean_relaxed/spasmodic_dysphonia/KCiiYb5sesY_seg_086.wav,KCiiYb5sesY,086,spasmodic_dysphonia,clean_pool,a01da1e70c71ed6756120bc55ca659469b529c347c32ac869277b0319351feac,16000,1,2,48000,3.0,-23.25,0.4785,0.0,train
KCiiYb5sesY_seg_087.wav,data/interim/segmented_clean_relaxed/spasmodic_dysphonia/KCiiYb5sesY_seg_087.wav,KCiiYb5sesY,087,spasmodic_dysphonia,clean_pool,694a63a17a922437651d07390bed5a824d6bc547a1b617e91abe109ec5284230,16000,1,2,48000,3.0,-25.59,0.3085,0.0,train
KCiiYb5sesY_seg_088.wav,data/interim/segmented_clean_relaxed/spasmodic_dysphonia/KCiiYb5sesY_seg_088.wav,KCiiYb5sesY,088,spasmodic_dysphonia,clean_pool,fa8a2858ee9c124ed5db6025efe989ed96adca8f617010463ac6a37725abdf56,16000,1,2,48000,3.0,-35.3,0.7066,0.0,train
KCiiYb5sesY_seg_089.wav,data/interim/segmented_clean_relaxed/spasmodic_dysphonia/KCiiYb5sesY_seg_089.wav,KCiiYb5sesY,089,spasmodic_dysphonia,clean_pool,0c90c6f84ba49ed2bd3ef2d9d6b70b28f6069593715e9d9cc9d6b16e0391086d,16000,1,2,48000,3.0,-27.58,0.4772,0.0,train
KCiiYb5sesY_seg_090.wav,data/interim/segmented_clean_relaxed/spasmodic_dysphonia/KCiiYb5sesY_seg_090.wav,KCiiYb5sesY,090,spasmodic_dysphonia,clean_pool,4d089d1fc16256aaf996de672b0194f0e5b8b6f32b4d462d3494fd5bb976c512,16000,1,2,48000,3.0,-28.9,0.4387,0.0,train
KCiiYb5sesY_seg_091.wav,data/interim/segmented_clean_relaxed/spasmodic_dysphonia/KCiiYb5sesY_seg_091.wav,KCiiYb5sesY,091,spasmodic_dysphonia,clean_pool,4154c3650c65190c28252dbcf6fd4dc555e698b068976b358b416ef20f97860a,16000,1,2,48000,3.0,-27.48,0.473,0.0,train
KCiiYb5sesY_seg_092.wav,data/interim/segmented_clean_relaxed/spasmodic_dysphonia/KCiiYb5sesY_seg_092.wav,KCiiYb5sesY,092,spasmodic_dysphonia,clean_pool,7ba55cd556394d8d2e68b19e8f627e6cb587b34c44c3db42ef41c865fd4e9656,16000,1,2,48000,3.0,-27.57,0.3522,0.0,train
KCiiYb5sesY_seg_093.wav,data/interim/segmented_clean_relaxed/spasmodic_dysphonia/KCiiYb5sesY_seg_093.wav,KCiiYb5sesY,093,spasmodic_dysphonia,clean_pool,148d9a52f97d0f9036ee5ea9c14f5361291075834d0dd59440e6b453a90d6e26,16000,1,2,48000,3.0,-28.43,0.3773,0.0,train
KCiiYb5sesY_seg_094.wav,data/interim/segmented_clean_relaxed/spasmodic_dysphonia/KCiiYb5sesY_seg_094.wav,KCiiYb5sesY,094,spasmodic_dysphonia,clean_pool,17a974519e08a86045837261cba8cee5dd0deb76b8a44c06dfc6c28122d25cf9,16000,1,2,48000,3.0,-27.32,0.1263,0.0,train
KCiiYb5sesY_seg_095.wav,data/interim/segmented_clean_relaxed/spasmodic_dysphonia/KCiiYb5sesY_seg_095.wav,KCiiYb5sesY,095,spasmodic_dysphonia,clean_pool,dbb51b01f2e2616720b665bc031d078e7616308f90efcf2747bdb836aa7fbadb,16000,1,2,48000,3.0,-24.71,0.0523,0.0,train
KCiiYb5sesY_seg_096.wav,data/interim/segmented_clean_relaxed/spasmodic_dysphonia/KCiiYb5sesY_seg_096.wav,KCiiYb5sesY,096,spasmodic_dysphonia,clean_pool,5f3c8794be9364b01f74e7044cb01ed1eeb03ab6e2528e9e39249f192b4d810f,16000,1,2,48000,3.0,-23.27,0.0473,0.0,train
KCiiYb5sesY_seg_097.wav,data/interim/segmented_clean_relaxed/spasmodic_dysphonia/KCiiYb5sesY_seg_097.wav,KCiiYb5sesY,097,spasmodic_dysphonia,clean_pool,b4dfba69c3c9551a1d8331172278e34a03ebf207567909ba91389ef353d55ce9,16000,1,2,33456,2.091,-27.79,0.0997,0.0,train
kLlHVBwxGGg_seg_000.wav,data/interim/segmented_clean_relaxed/spasmodic_dysphonia/kLlHVBwxGGg_seg_000.wav,kLlHVBwxGGg,000,spasmodic_dysphonia,clean_pool,dc77274b5b116b1a678524592235104ec67887dd68f47e052b899465b8b79792,16000,1,2,48000,3.0,-31.23,0.1602,0.0,test
kLlHVBwxGGg_seg_001.wav,data/interim/segmented_clean_relaxed/spasmodic_dysphonia/kLlHVBwxGGg_seg_001.wav,kLlHVBwxGGg,001,spasmodic_dysphonia,clean_pool,7b1a957df5aad5dce8258a1eb2926e8f47021e2f16d49c72628d583aa94489bc,16000,1,2,48000,3.0,-25.26,0.3431,0.0,test
kLlHVBwxGGg_seg_002.wav,data/interim/segmented_clean_relaxed/spasmodic_dysphonia/kLlHVBwxGGg_seg_002.wav,kLlHVBwxGGg,002,spasmodic_dysphonia,clean_pool,b665f269e54b31da22d2907e4d01565aa2cedb70eb79b9b81c29798d1d52c173,16000,1,2,48000,3.0,-26.24,0.397,0.0,test
kLlHVBwxGGg_seg_003.wav,data/interim/segmented_clean_relaxed/spasmodic_dysphonia/kLlHVBwxGGg_seg_003.wav,kLlHVBwxGGg,003,spasmodic_dysphonia,clean_pool,e93ffc8d389dc0b2e1467d94658efc66909e49573e579c4de37a3b9103a8317f,16000,1,2,48000,3.0,-25.37,0.4482,0.0,test
kLlHVBwxGGg_seg_004.wav,data/interim/segmented_clean_relaxed/spasmodic_dysphonia/kLlHVBwxGGg_seg_004.wav,kLlHVBwxGGg,004,spasmodic_dysphonia,clean_pool,ba819c1262981968175c4d6e418d08ba7f18ba43e603c4a6474e682c14ed55cd,16000,1,2,48000,3.0,-26.16,0.2575,0.0,test
kLlHVBwxGGg_seg_005.wav,data/interim/segmented_clean_relaxed/spasmodic_dysphonia/kLlHVBwxGGg_seg_005.wav,kLlHVBwxGGg,005,spasmodic_dysphonia,clean_pool,f78274332f7bc52edc25eed7264f21b9efc67be1a8f62760377e17f7bac6d291,16000,1,2,48000,3.0,-23.32,0.2895,0.0,test
kLlHVBwxGGg_seg_006.wav,data/interim/segmented_clean_relaxed/spasmodic_dysphonia/kLlHVBwxGGg_seg_006.wav,kLlHVBwxGGg,006,spasmodic_dysphonia,clean_pool,f2bb8ee00a87a08e9dcb8c204c4ee87088969529ae16a07324daf980c65991ef,16000,1,2,48000,3.0,-21.53,0.1434,0.0,test
kLlHVBwxGGg_seg_007.wav,data/interim/segmented_clean_relaxed/spasmodic_dysphonia/kLlHVBwxGGg_seg_007.wav,kLlHVBwxGGg,007,spasmodic_dysphonia,clean_pool,a0bc2e3209c25ea98d51619f5fcd66b3f5185143b22f74cf19e521163ad2e3f0,16000,1,2,48000,3.0,-25.21,0.3728,0.0,test
kLlHVBwxGGg_seg_008.wav,data/interim/segmented_clean_relaxed/spasmodic_dysphonia/kLlHVBwxGGg_seg_008.wav,kLlHVBwxGGg,008,spasmodic_dysphonia,clean_pool,cf4e65da4572f9e87af8b053f45b50ed7b26d92a1bc601c80a2de7a61665d961,16000,1,2,48000,3.0,-25.48,0.226,0.0,test
kLlHVBwxGGg_seg_009.wav,data/interim/segmented_clean_relaxed/spasmodic_dysphonia/kLlHVBwxGGg_seg_009.wav,kLlHVBwxGGg,009,spasmodic_dysphonia,clean_pool,9c27d665d4431f79bdcb7ac0c6cb2dd51e46a7f0e5aee28bba24e2540aeea898,16000,1,2,48000,3.0,-27.21,0.3609,0.0,test
kLlHVBwxGGg_seg_010.wav,data/interim/segmented_clean_relaxed/spasmodic_dysphonia/kLlHVBwxGGg_seg_010.wav,kLlHVBwxGGg,010,spasmodic_dysphonia,clean_pool,816732a4cd339679f087554b6a4f5d5f76d32538e790678b9c44ff1a66028550,16000,1,2,48000,3.0,-26.22,0.2873,0.0,test
kLlHVBwxGGg_seg_011.wav,data/interim/segmented_clean_relaxed/spasmodic_dysphonia/kLlHVBwxGGg_seg_011.wav,kLlHVBwxGGg,011,spasmodic_dysphonia,clean_pool,cea2ba3652bc9005cb1a25c41a818ae5a44f9d348300b5eb472ee2069e0d9ce0,16000,1,2,48000,3.0,-26.13,0.3311,0.0,test
kLlHVBwxGGg_seg_012.wav,data/interim/segmented_clean_relaxed/spasmodic_dysphonia/kLlHVBwxGGg_seg_012.wav,kLlHVBwxGGg,012,spasmodic_dysphonia,clean_pool,301618e262dde499e2e40954f627c984cdbe72ad701c75f60891628082d4aec2,16000,1,2,48000,3.0,-23.72,0.294,0.0,test
kLlHVBwxGGg_seg_013.wav,data/interim/segmented_clean_relaxed/spasmodic_dysphonia/kLlHVBwxGGg_seg_013.wav,kLlHVBwxGGg,013,spasmodic_dysphonia,clean_pool,d3502dd771bb551f8a2ff6e9e2da3a31ca470d72ae3895df160800b7c1fe1ead,16000,1,2,48000,3.0,-26.15,0.3651,0.0,test
kLlHVBwxGGg_seg_014.wav,data/interim/segmented_clean_relaxed/spasmodic_dysphonia/kLlHVBwxGGg_seg_014.wav,kLlHVBwxGGg,014,spasmodic_dysphonia,clean_pool,e362f96373e278f24a2c75d28461db9e125e95d51909c442e7dbfd2aabb02de9,16000,1,2,48000,3.0,-26.68,0.52,0.0,test
kLlHVBwxGGg_seg_015.wav,data/interim/segmented_clean_relaxed/spasmodic_dysphonia/kLlHVBwxGGg_seg_015.wav,kLlHVBwxGGg,015,spasmodic_dysphonia,clean_pool,41f5b8613c42a4fbb389b8b788a74f1f0517923be7f1b17df9a032eac6c580b1,16000,1,2,48000,3.0,-25.18,0.2013,0.0,test
kLlHVBwxGGg_seg_016.wav,data/interim/segmented_clean_relaxed/spasmodic_dysphonia/kLlHVBwxGGg_seg_016.wav,kLlHVBwxGGg,016,spasmodic_dysphonia,clean_pool,4e62ad08605721420460983b01dddaca25476bd53286a7fd8802f1d9466772ae,16000,1,2,48000,3.0,-24.2,0.41,0.0,test
kLlHVBwxGGg_seg_017.wav,data/interim/segmented_clean_relaxed/spasmodic_dysphonia/kLlHVBwxGGg_seg_017.wav,kLlHVBwxGGg,017,spasmodic_dysphonia,clean_pool,5b1fb6a04dc81922aa22e0ba82654c2fafef2e0f9020090e00bd901db35b18ac,16000,1,2,48000,3.0,-26.25,0.1579,0.0,test
kLlHVBwxGGg_seg_018.wav,data/interim/segmented_clean_relaxed/spasmodic_dysphonia/kLlHVBwxGGg_seg_018.wav,kLlHVBwxGGg,018,spasmodic_dysphonia,clean_pool,ec41aff14cf2dc90c70fb7f09c3de1d48112a98f55bbc5eefa62c3d2e6b7202e,16000,1,2,48000,3.0,-27.08,0.3912,0.0,test
kLlHVBwxGGg_seg_019.wav,data/interim/segmented_clean_relaxed/spasmodic_dysphonia/kLlHVBwxGGg_seg_019.wav,kLlHVBwxGGg,019,spasmodic_dysphonia,clean_pool,5d17745f8ba386c3557427458594cc10d057b1c88239ac6eb58922c3f8aeb1d1,16000,1,2,48000,3.0,-26.65,0.2695,0.0,test
kLlHVBwxGGg_seg_020.wav,data/interim/segmented_clean_relaxed/spasmodic_dysphonia/kLlHVBwxGGg_seg_020.wav,kLlHVBwxGGg,020,spasmodic_dysphonia,clean_pool,66b2082dcca65125eccb066102cf46f2202add970e4c524a9163d2762578b478,16000,1,2,48000,3.0,-26.22,0.4145,0.0,test
kLlHVBwxGGg_seg_021.wav,data/interim/segmented_clean_relaxed/spasmodic_dysphonia/kLlHVBwxGGg_seg_021.wav,kLlHVBwxGGg,021,spasmodic_dysphonia,clean_pool,fc594eb4be0ee4738826720fc8c559750054ed1e0173a54f8b4fdf1969421f5d,16000,1,2,48000,3.0,-25.35,0.2098,0.0,test
kLlHVBwxGGg_seg_022.wav,data/interim/segmented_clean_relaxed/spasmodic_dysphonia/kLlHVBwxGGg_seg_022.wav,kLlHVBwxGGg,022,spasmodic_dysphonia,clean_pool,ddd12d36c0c66d814aacd951c0840dec9fd3119220eda0b95aac3c7d623fd0f5,16000,1,2,48000,3.0,-26.2,0.2441,0.0,test
kLlHVBwxGGg_seg_023.wav,data/interim/segmented_clean_relaxed/spasmodic_dysphonia/kLlHVBwxGGg_seg_023.wav,kLlHVBwxGGg,023,spasmodic_dysphonia,clean_pool,5efb94198f980afc5c183a8fcdf1520fdfaea80c33abdd4b8e96a7ab56d4779d,16000,1,2,48000,3.0,-28.98,0.4398,0.0,test
kLlHVBwxGGg_seg_024.wav,data/interim/segmented_clean_relaxed/spasmodic_dysphonia/kLlHVBwxGGg_seg_024.wav,kLlHVBwxGGg,024,spasmodic_dysphonia,clean_pool,b888a588d2715114d1d140aa3a2405509cc5134dd3c9c8abcaae7304448b73b0,16000,1,2,48000,3.0,-27.94,0.322,0.0,test
kLlHVBwxGGg_seg_025.wav,data/interim/segmented_clean_relaxed/spasmodic_dysphonia/kLlHVBwxGGg_seg_025.wav,kLlHVBwxGGg,025,spasmodic_dysphonia,clean_pool,85b6d8eee379b71cc0ee20772fa2bf05781fb549caedf5b4c3baf15be9f221b5,16000,1,2,48000,3.0,-26.3,0.4558,0.0,test
kLlHVBwxGGg_seg_026.wav,data/interim/segmented_clean_relaxed/spasmodic_dysphonia/kLlHVBwxGGg_seg_026.wav,kLlHVBwxGGg,026,spasmodic_dysphonia,clean_pool,03e6cd2f018c37b90d30319094d1d8e4edd7d2b13d9bc9e1a68c2f04b53337c9,16000,1,2,48000,3.0,-24.6,0.2138,0.0,test
kLlHVBwxGGg_seg_027.wav,data/interim/segmented_clean_relaxed/spasmodic_dysphonia/kLlHVBwxGGg_seg_027.wav,kLlHVBwxGGg,027,spasmodic_dysphonia,clean_pool,dfdf6bb02be012f5a37cd525fb6d2f09a142a0db3d33abc80a425d46c3db3984,16000,1,2,48000,3.0,-23.74,0.1513,0.0,test
kLlHVBwxGGg_seg_028.wav,data/interim/segmented_clean_relaxed/spasmodic_dysphonia/kLlHVBwxGGg_seg_028.wav,kLlHVBwxGGg,028,spasmodic_dysphonia,clean_pool,80f3d862e37384cdcb3f74c482db6f9d66d2b526585fb624c26fa2ac08bb4fba,16000,1,2,48000,3.0,-23.06,0.3498,0.0,test
kLlHVBwxGGg_seg_029.wav,data/interim/segmented_clean_relaxed/spasmodic_dysphonia/kLlHVBwxGGg_seg_029.wav,kLlHVBwxGGg,029,spasmodic_dysphonia,clean_pool,437b9a8d5023b4fd1dd5ad031dabee1594052188cf77a21f2acd0aa34d5b670b,16000,1,2,48000,3.0,-24.64,0.3276,0.0,test
kLlHVBwxGGg_seg_030.wav,data/interim/segmented_clean_relaxed/spasmodic_dysphonia/kLlHVBwxGGg_seg_030.wav,kLlHVBwxGGg,030,spasmodic_dysphonia,clean_pool,d42e92e3013a8f82e61d46a98a1cd102c446c2811b0ae96ae6ecd65097dc6c40,16000,1,2,48000,3.0,-24.33,0.3123,0.0,test
kLlHVBwxGGg_seg_031.wav,data/interim/segmented_clean_relaxed/spasmodic_dysphonia/kLlHVBwxGGg_seg_031.wav,kLlHVBwxGGg,031,spasmodic_dysphonia,clean_pool,0c7e69115cd08b5fa4be5bc2fdbb0afdc3f0900fa61752898f1525bccc812b44,16000,1,2,48000,3.0,-24.27,0.2982,0.0,test
kLlHVBwxGGg_seg_032.wav,data/interim/segmented_clean_relaxed/spasmodic_dysphonia/kLlHVBwxGGg_seg_032.wav,kLlHVBwxGGg,032,spasmodic_dysphonia,clean_pool,302d4a92d031c1eb3bd02291b9a7288b92ed6fc5dd2bea1d8a547abf5829d6e8,16000,1,2,48000,3.0,-26.81,0.3248,0.0,test
kLlHVBwxGGg_seg_033.wav,data/interim/segmented_clean_relaxed/spasmodic_dysphonia/kLlHVBwxGGg_seg_033.wav,kLlHVBwxGGg,033,spasmodic_dysphonia,clean_pool,1e6c2bc3081ac4913da07627cb063705cd1ef533c236b8ec0a6d3ea26af1b5e3,16000,1,2,48000,3.0,-25.41,0.4494,0.0,test
kLlHVBwxGGg_seg_034.wav,data/interim/segmented_clean_relaxed/spasmodic_dysphonia/kLlHVBwxGGg_seg_034.wav,kLlHVBwxGGg,034,spasmodic_dysphonia,clean_pool,376da674afbcfabc29a674a23bd4be1cdcb9af8ea1991db2969256bf23166122,16000,1,2,48000,3.0,-23.39,0.1791,0.0,test
kLlHVBwxGGg_seg_035.wav,data/interim/segmented_clean_relaxed/spasmodic_dysphonia/kLlHVBwxGGg_seg_035.wav,kLlHVBwxGGg,035,spasmodic_dysphonia,clean_pool,e3f2dc9022ed55c8fcff56049787830493200aa5c653256fa55e79709df8f3d2,16000,1,2,48000,3.0,-25.96,0.2244,0.0,test
kLlHVBwxGGg_seg_036.wav,data/interim/segmented_clean_relaxed/spasmodic_dysphonia/kLlHVBwxGGg_seg_036.wav,kLlHVBwxGGg,036,spasmodic_dysphonia,clean_pool,231949a7449ccba0245a7a114c2d60eafde0a4f0f5ac98fe0bf5acda1e2b262d,16000,1,2,48000,3.0,-26.04,0.3367,0.0,test
kLlHVBwxGGg_seg_037.wav,data/interim/segmented_clean_relaxed/spasmodic_dysphonia/kLlHVBwxGGg_seg_037.wav,kLlHVBwxGGg,037,spasmodic_dysphonia,clean_pool,4b1416ae34cc00e68308ed1c4faaf7fac81404bc257bc5b19336d1eefb78cc91,16000,1,2,48000,3.0,-23.16,0.2187,0.0,test
kLlHVBwxGGg_seg_038.wav,data/interim/segmented_clean_relaxed/spasmodic_dysphonia/kLlHVBwxGGg_seg_038.wav,kLlHVBwxGGg,038,spasmodic_dysphonia,clean_pool,30217c6c2c6fe5b27f10adbe98daed8aef2487bc797eeae3e6b796793e2e3a21,16000,1,2,48000,3.0,-25.75,0.4175,0.0,test
kLlHVBwxGGg_seg_039.wav,data/interim/segmented_clean_relaxed/spasmodic_dysphonia/kLlHVBwxGGg_seg_039.wav,kLlHVBwxGGg,039,spasmodic_dysphonia,clean_pool,eafa15ae67ae92864e753c89aea8df51e7320fd914b5f335c125114278f4d006,16000,1,2,48000,3.0,-26.41,0.1883,0.0,test
kLlHVBwxGGg_seg_040.wav,data/interim/segmented_clean_relaxed/spasmodic_dysphonia/kLlHVBwxGGg_seg_040.wav,kLlHVBwxGGg,040,spasmodic_dysphonia,clean_pool,4dcbc26533749e03e49e010ce2560217c27260042ddc7e72984aa076f6169c1a,16000,1,2,48000,3.0,-29.03,0.3829,0.0,test
kLlHVBwxGGg_seg_041.wav,data/interim/segmented_clean_relaxed/spasmodic_dysphonia/kLlHVBwxGGg_seg_041.wav,kLlHVBwxGGg,041,spasmodic_dysphonia,clean_pool,adfd7be2c4ad91d9c47c8e3c91487ab7c3998c52a1de08fdfa46eaee9aea3d4c,16000,1,2,48000,3.0,-27.65,0.3538,0.0,test
kLlHVBwxGGg_seg_042.wav,data/interim/segmented_clean_relaxed/spasmodic_dysphonia/kLlHVBwxGGg_seg_042.wav,kLlHVBwxGGg,042,spasmodic_dysphonia,clean_pool,72c24a13c83065aa31731a9f8c0261345d78f1d23da2060c59d66fb2a2301fef,16000,1,2,48000,3.0,-27.28,0.2916,0.0,test
kLlHVBwxGGg_seg_043.wav,data/interim/segmented_clean_relaxed/spasmodic_dysphonia/kLlHVBwxGGg_seg_043.wav,kLlHVBwxGGg,043,spasmodic_dysphonia,clean_pool,42890461025f95f5b60168846d106c5a02324a1ead569ded50af6c204e266993,16000,1,2,48000,3.0,-26.15,0.3029,0.0,test
kLlHVBwxGGg_seg_044.wav,data/interim/segmented_clean_relaxed/spasmodic_dysphonia/kLlHVBwxGGg_seg_044.wav,kLlHVBwxGGg,044,spasmodic_dysphonia,clean_pool,4e75f06ceca9c0ac2c8247d646b459eca5581bae9932d393093d922ffba00ac8,16000,1,2,48000,3.0,-23.23,0.1538,0.0,test
kLlHVBwxGGg_seg_045.wav,data/interim/segmented_clean_relaxed/spasmodic_dysphonia/kLlHVBwxGGg_seg_045.wav,kLlHVBwxGGg,045,spasmodic_dysphonia,clean_pool,4b0fb01792b5135e77a04e2f3cfe644de93c7864288db0aad145166ea812253a,16000,1,2,48000,3.0,-29.98,0.3686,0.0,test
kLlHVBwxGGg_seg_046.wav,data/interim/segmented_clean_relaxed/spasmodic_dysphonia/kLlHVBwxGGg_seg_046.wav,kLlHVBwxGGg,046,spasmodic_dysphonia,clean_pool,bf1d3deeac3dcc01771fb580387161834b5981aa123fa1e506d01fafda2b9a3a,16000,1,2,48000,3.0,-23.0,0.1735,0.0,test
kLlHVBwxGGg_seg_047.wav,data/interim/segmented_clean_relaxed/spasmodic_dysphonia/kLlHVBwxGGg_seg_047.wav,kLlHVBwxGGg,047,spasmodic_dysphonia,clean_pool,923099f9ad8cd5932ba483ad82a598746c492c497cde55f68765c39e710cea82,16000,1,2,48000,3.0,-28.43,0.3435,0.0,test
kLlHVBwxGGg_seg_048.wav,data/interim/segmented_clean_relaxed/spasmodic_dysphonia/kLlHVBwxGGg_seg_048.wav,kLlHVBwxGGg,048,spasmodic_dysphonia,clean_pool,f49ac542fe4bbb18b32dd410cda7bace37f2cd849d8a15d3bb63355b9a588424,16000,1,2,48000,3.0,-25.07,0.2743,0.0,test
kLlHVBwxGGg_seg_049.wav,data/interim/segmented_clean_relaxed/spasmodic_dysphonia/kLlHVBwxGGg_seg_049.wav,kLlHVBwxGGg,049,spasmodic_dysphonia,clean_pool,ee38da6eb1077b67d86051ec091c01b7b230626249f478d09a39d3c872981e10,16000,1,2,48000,3.0,-23.91,0.4245,0.0,test
kLlHVBwxGGg_seg_050.wav,data/interim/segmented_clean_relaxed/spasmodic_dysphonia/kLlHVBwxGGg_seg_050.wav,kLlHVBwxGGg,050,spasmodic_dysphonia,clean_pool,05521938bc96a1ab5dc878856b956ea3e15f61450ebd35a0427a1df8c59914ac,16000,1,2,48000,3.0,-26.17,0.3264,0.0,test
kLlHVBwxGGg_seg_051.wav,data/interim/segmented_clean_relaxed/spasmodic_dysphonia/kLlHVBwxGGg_seg_051.wav,kLlHVBwxGGg,051,spasmodic_dysphonia,clean_pool,36c905c5fdb1804d845f0d8bc74d015faa89acf16f7f8d2cc373ad0926a1f943,16000,1,2,48000,3.0,-25.4,0.1563,0.0,test
kLlHVBwxGGg_seg_052.wav,data/interim/segmented_clean_relaxed/spasmodic_dysphonia/kLlHVBwxGGg_seg_052.wav,kLlHVBwxGGg,052,spasmodic_dysphonia,clean_pool,3dbf87ee2f93d0362f42744b0cfa5cf7fabb02246b4ba13906dcd5c5ec78205a,16000,1,2,48000,3.0,-26.55,0.4513,0.0,test
kLlHVBwxGGg_seg_053.wav,data/interim/segmented_clean_relaxed/spasmodic_dysphonia/kLlHVBwxGGg_seg_053.wav,kLlHVBwxGGg,053,spasmodic_dysphonia,clean_pool,32792bc43ffaf9a8f0bd8018b8cb8d8038015cf0603d626f2f1f8c8170b5d5f3,16000,1,2,48000,3.0,-23.88,0.3929,0.0,test
kLlHVBwxGGg_seg_054.wav,data/interim/segmented_clean_relaxed/spasmodic_dysphonia/kLlHVBwxGGg_seg_054.wav,kLlHVBwxGGg,054,spasmodic_dysphonia,clean_pool,5f9fd6581427f08c4ca6973209cb47561dfc4196f263b99bc1f647002d26183e,16000,1,2,48000,3.0,-23.51,0.2181,0.0,test
kLlHVBwxGGg_seg_055.wav,data/interim/segmented_clean_relaxed/spasmodic_dysphonia/kLlHVBwxGGg_seg_055.wav,kLlHVBwxGGg,055,spasmodic_dysphonia,clean_pool,6728cffc5e4fa1d535bc973cc2ca26817394bc21884dfb75e4532c4d81ac5238,16000,1,2,48000,3.0,-26.07,0.3327,0.0,test
kLlHVBwxGGg_seg_056.wav,data/interim/segmented_clean_relaxed/spasmodic_dysphonia/kLlHVBwxGGg_seg_056.wav,kLlHVBwxGGg,056,spasmodic_dysphonia,clean_pool,3616d754555bd28ab380516ca7c2cc744f1660f275d72942bbd7fc512230d185,16000,1,2,48000,3.0,-22.99,0.224,0.0,test
kLlHVBwxGGg_seg_057.wav,data/interim/segmented_clean_relaxed/spasmodic_dysphonia/kLlHVBwxGGg_seg_057.wav,kLlHVBwxGGg,057,spasmodic_dysphonia,clean_pool,45bb5f67f7dfa158b99ae3066bbe73dcd11e62d222431215dc6c3d5b73cd639f,16000,1,2,48000,3.0,-28.09,0.4291,0.0,test
kLlHVBwxGGg_seg_058.wav,data/interim/segmented_clean_relaxed/spasmodic_dysphonia/kLlHVBwxGGg_seg_058.wav,kLlHVBwxGGg,058,spasmodic_dysphonia,clean_pool,3dcb2a582f44f1dcdaafd58aac7dec3245ebb6d6e8c95bf321397b87fec9bfa9,16000,1,2,48000,3.0,-29.86,0.4397,0.0,test
kLlHVBwxGGg_seg_059.wav,data/interim/segmented_clean_relaxed/spasmodic_dysphonia/kLlHVBwxGGg_seg_059.wav,kLlHVBwxGGg,059,spasmodic_dysphonia,clean_pool,43502093f1f26fe5f7860ffa9b896a43ef5492ba40e324da61f8ad4889d043fc,16000,1,2,48000,3.0,-24.92,0.2963,0.0,test
kLlHVBwxGGg_seg_060.wav,data/interim/segmented_clean_relaxed/spasmodic_dysphonia/kLlHVBwxGGg_seg_060.wav,kLlHVBwxGGg,060,spasmodic_dysphonia,clean_pool,2634458c73fc5443a9a9b638c3d485448b82376fa79ad304ab104e6b56c21b9f,16000,1,2,48000,3.0,-27.67,0.4729,0.0,test
kLlHVBwxGGg_seg_061.wav,data/interim/segmented_clean_relaxed/spasmodic_dysphonia/kLlHVBwxGGg_seg_061.wav,kLlHVBwxGGg,061,spasmodic_dysphonia,clean_pool,e73135d59b627f3bfaacbc36ad716c5a106398b93cf6580f4e266ed5abaf91a9,16000,1,2,48000,3.0,-25.49,0.325,0.0,test
kLlHVBwxGGg_seg_062.wav,data/interim/segmented_clean_relaxed/spasmodic_dysphonia/kLlHVBwxGGg_seg_062.wav,kLlHVBwxGGg,062,spasmodic_dysphonia,clean_pool,b643528a9a346c5ea07debf1025cec72565a9f6ff851ee75e7d16e15b5790ff2,16000,1,2,48000,3.0,-27.62,0.3272,0.0,test
kLlHVBwxGGg_seg_063.wav,data/interim/segmented_clean_relaxed/spasmodic_dysphonia/kLlHVBwxGGg_seg_063.wav,kLlHVBwxGGg,063,spasmodic_dysphonia,clean_pool,1089dba568eb13d496829d1d4050c35d9a2647290ce08a1d81a5cc44433cb1cb,16000,1,2,48000,3.0,-28.38,0.3513,0.0,test
kLlHVBwxGGg_seg_064.wav,data/interim/segmented_clean_relaxed/spasmodic_dysphonia/kLlHVBwxGGg_seg_064.wav,kLlHVBwxGGg,064,spasmodic_dysphonia,clean_pool,990be11a732ae9171780e6db75abc3f3a70c6d6b76275e45cb2a231f77281450,16000,1,2,48000,3.0,-26.88,0.2392,0.0,test
kLlHVBwxGGg_seg_065.wav,data/interim/segmented_clean_relaxed/spasmodic_dysphonia/kLlHVBwxGGg_seg_065.wav,kLlHVBwxGGg,065,spasmodic_dysphonia,clean_pool,febe2324ebb991580311af14b152f16dae450885720adb856ee4a85d22a7cc9e,16000,1,2,48000,3.0,-24.81,0.465,0.0,test
kLlHVBwxGGg_seg_066.wav,data/interim/segmented_clean_relaxed/spasmodic_dysphonia/kLlHVBwxGGg_seg_066.wav,kLlHVBwxGGg,066,spasmodic_dysphonia,clean_pool,4aa7731a8dd5a05eee9b600b771306aa1d02d9b7f65103f62925145799df61f5,16000,1,2,48000,3.0,-25.75,0.19,0.0,test
kLlHVBwxGGg_seg_067.wav,data/interim/segmented_clean_relaxed/spasmodic_dysphonia/kLlHVBwxGGg_seg_067.wav,kLlHVBwxGGg,067,spasmodic_dysphonia,clean_pool,ea350e516ae9ffea56bde3131341f93c57c15308903243b2d88affb72b057f4c,16000,1,2,48000,3.0,-25.8,0.2652,0.0,test
kLlHVBwxGGg_seg_068.wav,data/interim/segmented_clean_relaxed/spasmodic_dysphonia/kLlHVBwxGGg_seg_068.wav,kLlHVBwxGGg,068,spasmodic_dysphonia,clean_pool,ba8ca8c74135857eafb2c153deb6b27d9c77fea73900d9a0b61d0d56afd6da3e,16000,1,2,48000,3.0,-28.6,0.3769,0.0,test
kLlHVBwxGGg_seg_069.wav,data/interim/segmented_clean_relaxed/spasmodic_dysphonia/kLlHVBwxGGg_seg_069.wav,kLlHVBwxGGg,069,spasmodic_dysphonia,clean_pool,15d463add61afe5318b003369a85e6b0a917763ef76c754d169a915f9c333df6,16000,1,2,48000,3.0,-25.35,0.4295,0.0,test
kLlHVBwxGGg_seg_070.wav,data/interim/segmented_clean_relaxed/spasmodic_dysphonia/kLlHVBwxGGg_seg_070.wav,kLlHVBwxGGg,070,spasmodic_dysphonia,clean_pool,70591e2aec69347174cb4be2099d042daae73a803ded528cd383f697cbc2742e,16000,1,2,48000,3.0,-25.42,0.2542,0.0,test
kLlHVBwxGGg_seg_071.wav,data/interim/segmented_clean_relaxed/spasmodic_dysphonia/kLlHVBwxGGg_seg_071.wav,kLlHVBwxGGg,071,spasmodic_dysphonia,clean_pool,c0c6a7a349e8c6d2f50d79e34dec2778f00d40429229bf5e776a8ec82f0fff79,16000,1,2,48000,3.0,-28.14,0.3472,0.0,test
kLlHVBwxGGg_seg_072.wav,data/interim/segmented_clean_relaxed/spasmodic_dysphonia/kLlHVBwxGGg_seg_072.wav,kLlHVBwxGGg,072,spasmodic_dysphonia,clean_pool,222669600b48466f15e63c3ffb6766d1ec47bcbc410b42f25ae2b38cf4829f2e,16000,1,2,48000,3.0,-27.26,0.4165,0.0,test
kLlHVBwxGGg_seg_073.wav,data/interim/segmented_clean_relaxed/spasmodic_dysphonia/kLlHVBwxGGg_seg_073.wav,kLlHVBwxGGg,073,spasmodic_dysphonia,clean_pool,4066ec104452c4e338c0ee776713985386a4d34c5c370f3e34b72637f6a46bf3,16000,1,2,48000,3.0,-29.51,0.2582,0.0,test
kLlHVBwxGGg_seg_074.wav,data/interim/segmented_clean_relaxed/spasmodic_dysphonia/kLlHVBwxGGg_seg_074.wav,kLlHVBwxGGg,074,spasmodic_dysphonia,clean_pool,111c6a0e2ace170cd1b263cd9c026d009c9c2b26268574a648cb398aa2337b46,16000,1,2,48000,3.0,-25.5,0.2669,0.0,test
kLlHVBwxGGg_seg_075.wav,data/interim/segmented_clean_relaxed/spasmodic_dysphonia/kLlHVBwxGGg_seg_075.wav,kLlHVBwxGGg,075,spasmodic_dysphonia,clean_pool,08a3fc204b3cc3657848d5caa585cc9fd25846f33e64cf49e13ad79ae0181b00,16000,1,2,48000,3.0,-26.59,0.2476,0.0,test
kLlHVBwxGGg_seg_076.wav,data/interim/segmented_clean_relaxed/spasmodic_dysphonia/kLlHVBwxGGg_seg_076.wav,kLlHVBwxGGg,076,spasmodic_dysphonia,clean_pool,ef911a3bfc65e486a6b416eabddf6828eb94035a23fa8f6ce0dda9bc92258caf,16000,1,2,48000,3.0,-23.96,0.434,0.0,test
kLlHVBwxGGg_seg_077.wav,data/interim/segmented_clean_relaxed/spasmodic_dysphonia/kLlHVBwxGGg_seg_077.wav,kLlHVBwxGGg,077,spasmodic_dysphonia,clean_pool,511a4b07b74a13d90eafcb76bb5b94a77fcdd964c3719de02dcabe2bf84cb508,16000,1,2,48000,3.0,-26.97,0.2543,0.0,test
kLlHVBwxGGg_seg_078.wav,data/interim/segmented_clean_relaxed/spasmodic_dysphonia/kLlHVBwxGGg_seg_078.wav,kLlHVBwxGGg,078,spasmodic_dysphonia,clean_pool,7c45fb5f290fe933e67f95a8273f6b70afcd803a6da97cbb0acb9dd1df87c73c,16000,1,2,48000,3.0,-27.63,0.2989,0.0,test
kLlHVBwxGGg_seg_079.wav,data/interim/segmented_clean_relaxed/spasmodic_dysphonia/kLlHVBwxGGg_seg_079.wav,kLlHVBwxGGg,079,spasmodic_dysphonia,clean_pool,128f610d97c969597a0833036fcec50e4f6ff9737208e688afdb1cf6bf828642,16000,1,2,48000,3.0,-27.65,0.3648,0.0,test
kLlHVBwxGGg_seg_080.wav,data/interim/segmented_clean_relaxed/spasmodic_dysphonia/kLlHVBwxGGg_seg_080.wav,kLlHVBwxGGg,080,spasmodic_dysphonia,clean_pool,39466fbe5ec12b9b41735006ff75dc362c8c2305fd020cc3e547fba4488b685f,16000,1,2,48000,3.0,-26.61,0.2633,0.0,test
kLlHVBwxGGg_seg_081.wav,data/interim/segmented_clean_relaxed/spasmodic_dysphonia/kLlHVBwxGGg_seg_081.wav,kLlHVBwxGGg,081,spasmodic_dysphonia,clean_pool,93fc9030ec910a9f8be24da18a9e854c23ff07480a6cb22081dfa8e3b955146a,16000,1,2,48000,3.0,-24.82,0.2417,0.0,test
kLlHVBwxGGg_seg_082.wav,data/interim/segmented_clean_relaxed/spasmodic_dysphonia/kLlHVBwxGGg_seg_082.wav,kLlHVBwxGGg,082,spasmodic_dysphonia,clean_pool,425b8456c1b8a9d6204d54b5ad850eb8311970e4d53dd903623fd60fa0cb0976,16000,1,2,48000,3.0,-29.24,0.4816,0.0,test
kLlHVBwxGGg_seg_083.wav,data/interim/segmented_clean_relaxed/spasmodic_dysphonia/kLlHVBwxGGg_seg_083.wav,kLlHVBwxGGg,083,spasmodic_dysphonia,clean_pool,77c05b4932d043fb177c91e868e67d2c3907db0d732a8633cdbdbd14a660568b,16000,1,2,48000,3.0,-27.06,0.4072,0.0,test
kLlHVBwxGGg_seg_084.wav,data/interim/segmented_clean_relaxed/spasmodic_dysphonia/kLlHVBwxGGg_seg_084.wav,kLlHVBwxGGg,084,spasmodic_dysphonia,clean_pool,a05abd2331c2d1a58b7c516c76f595b2983e6bc23aadcf4c5f42bceb11e35ff3,16000,1,2,48000,3.0,-25.63,0.3684,0.0,test
kLlHVBwxGGg_seg_085.wav,data/interim/segmented_clean_relaxed/spasmodic_dysphonia/kLlHVBwxGGg_seg_085.wav,kLlHVBwxGGg,085,spasmodic_dysphonia,clean_pool,b2371309b40d6373278f36b4a451b6be1e0ab07c6e7211017fbb484ad6b83d53,16000,1,2,48000,3.0,-25.07,0.2462,0.0,test
kLlHVBwxGGg_seg_086.wav,data/interim/segmented_clean_relaxed/spasmodic_dysphonia/kLlHVBwxGGg_seg_086.wav,kLlHVBwxGGg,086,spasmodic_dysphonia,clean_pool,84e41f82b9b15a194dc67c7f264fcc925878a841fc02cb55a4e16ba508f4216f,16000,1,2,48000,3.0,-26.3,0.3393,0.0,test
kLlHVBwxGGg_seg_087.wav,data/interim/segmented_clean_relaxed/spasmodic_dysphonia/kLlHVBwxGGg_seg_087.wav,kLlHVBwxGGg,087,spasmodic_dysphonia,clean_pool,14d2adad7a625d7abd6f11dfe3f9f183ea5f6f19b27c03d40846411c4dbbf041,16000,1,2,48000,3.0,-24.95,0.2578,0.0,test
kLlHVBwxGGg_seg_088.wav,data/interim/segmented_clean_relaxed/spasmodic_dysphonia/kLlHVBwxGGg_seg_088.wav,kLlHVBwxGGg,088,spasmodic_dysphonia,clean_pool,c2fc69d773bf9e4e034d685ef124413ac52dbffcd1d85ec368cb7f79b3d83dbb,16000,1,2,48000,3.0,-24.41,0.3183,0.0,test
kLlHVBwxGGg_seg_089.wav,data/interim/segmented_clean_relaxed/spasmodic_dysphonia/kLlHVBwxGGg_seg_089.wav,kLlHVBwxGGg,089,spasmodic_dysphonia,clean_pool,cd4e5141bc65cd5572246ca734de385955c06804283c57a3e8b9402ec40e9e30,16000,1,2,48000,3.0,-26.14,0.2465,0.0,test
kLlHVBwxGGg_seg_090.wav,data/interim/segmented_clean_relaxed/spasmodic_dysphonia/kLlHVBwxGGg_seg_090.wav,kLlHVBwxGGg,090,spasmodic_dysphonia,clean_pool,34e97969846dc2693f0e7c3334142147c8c500f6654f05712f79fc915b95e49b,16000,1,2,48000,3.0,-26.42,0.2501,0.0,test
kLlHVBwxGGg_seg_091.wav,data/interim/segmented_clean_relaxed/spasmodic_dysphonia/kLlHVBwxGGg_seg_091.wav,kLlHVBwxGGg,091,spasmodic_dysphonia,clean_pool,01520b88e79f682f3ddbde45d586d0c859b806f22bd7939c4400fc4b30d18ea1,16000,1,2,48000,3.0,-25.04,0.299,0.0,test
kLlHVBwxGGg_seg_092.wav,data/interim/segmented_clean_relaxed/spasmodic_dysphonia/kLlHVBwxGGg_seg_092.wav,kLlHVBwxGGg,092,spasmodic_dysphonia,clean_pool,ecaef4a9c93cbe6f53a8e6dc8f428affd19c4a4f60b5b4b063529c36647e7893,16000,1,2,48000,3.0,-23.59,0.1393,0.0,test
kLlHVBwxGGg_seg_093.wav,data/interim/segmented_clean_relaxed/spasmodic_dysphonia/kLlHVBwxGGg_seg_093.wav,kLlHVBwxGGg,093,spasmodic_dysphonia,clean_pool,c4e5a02cc191d5e1abc3a0641bfa8c5097029b057fadf5c2d1b39220ce3971c0,16000,1,2,48000,3.0,-26.69,0.3755,0.0,test
kLlHVBwxGGg_seg_094.wav,data/interim/segmented_clean_relaxed/spasmodic_dysphonia/kLlHVBwxGGg_seg_094.wav,kLlHVBwxGGg,094,spasmodic_dysphonia,clean_pool,db4f0189f8c490e8425e1534568bc09f350e49d969c68815825b58ffebe31b1e,16000,1,2,48000,3.0,-26.95,0.3159,0.0,test
kLlHVBwxGGg_seg_095.wav,data/interim/segmented_clean_relaxed/spasmodic_dysphonia/kLlHVBwxGGg_seg_095.wav,kLlHVBwxGGg,095,spasmodic_dysphonia,clean_pool,7a420e770b0b39cf871b59eda501e5bff9ecb166eb818071272b20aa9e67c695,16000,1,2,48000,3.0,-24.87,0.2975,0.0,test
kLlHVBwxGGg_seg_096.wav,data/interim/segmented_clean_relaxed/spasmodic_dysphonia/kLlHVBwxGGg_seg_096.wav,kLlHVBwxGGg,096,spasmodic_dysphonia,clean_pool,2880afc7ce16978827a8cea28541e661b8680b3dbd6945556f4b6873868e31cd,16000,1,2,48000,3.0,-24.76,0.2175,0.0,test
kLlHVBwxGGg_seg_097.wav,data/interim/segmented_clean_relaxed/spasmodic_dysphonia/kLlHVBwxGGg_seg_097.wav,kLlHVBwxGGg,097,spasmodic_dysphonia,clean_pool,05a2818f458075d0eb8a5e3aef438a81e585e75a5d02db4a7fc62c41df18bb3b,16000,1,2,48000,3.0,-25.66,0.4563,0.0,test
kLlHVBwxGGg_seg_098.wav,data/interim/segmented_clean_relaxed/spasmodic_dysphonia/kLlHVBwxGGg_seg_098.wav,kLlHVBwxGGg,098,spasmodic_dysphonia,clean_pool,66c4bc1b95a43f3b5fa4b5e555afee34fe74a24c39a7872078f5bbb4135f3e60,16000,1,2,48000,3.0,-24.48,0.2777,0.0,test
kLlHVBwxGGg_seg_099.wav,data/interim/segmented_clean_relaxed/spasmodic_dysphonia/kLlHVBwxGGg_seg_099.wav,kLlHVBwxGGg,099,spasmodic_dysphonia,clean_pool,bd3cc15aea91887df9208c80a52c9cf56f3e9e6aa1b40e42bfddf5053577b90f,16000,1,2,48000,3.0,-27.05,0.3123,0.0,test
kLlHVBwxGGg_seg_100.wav,data/interim/segmented_clean_relaxed/spasmodic_dysphonia/kLlHVBwxGGg_seg_100.wav,kLlHVBwxGGg,100,spasmodic_dysphonia,clean_pool,489b18ff659cded8841fbf821421ccac907c55e28b8ec3c18561ebdc5207b00f,16000,1,2,48000,3.0,-22.37,0.3723,0.0,test
kLlHVBwxGGg_seg_101.wav,data/interim/segmented_clean_relaxed/spasmodic_dysphonia/kLlHVBwxGGg_seg_101.wav,kLlHVBwxGGg,101,spasmodic_dysphonia,clean_pool,76b579501242b0cfe38ff85b81a9d635be6576002f942cc853cf179a42a76eac,16000,1,2,48000,3.0,-26.97,0.2268,0.0,test
kLlHVBwxGGg_seg_102.wav,data/interim/segmented_clean_relaxed/spasmodic_dysphonia/kLlHVBwxGGg_seg_102.wav,kLlHVBwxGGg,102,spasmodic_dysphonia,clean_pool,2281be6ceb527a3f974e6796f4775a15b298134fb669b9f9ff0cf86d00ad8c04,16000,1,2,48000,3.0,-26.88,0.4969,0.0,test
kLlHVBwxGGg_seg_103.wav,data/interim/segmented_clean_relaxed/spasmodic_dysphonia/kLlHVBwxGGg_seg_103.wav,kLlHVBwxGGg,103,spasmodic_dysphonia,clean_pool,d1212a7d35c2a2c0be2195ff9d23da5e15e54570082f5b94fba52c5463f46c3e,16000,1,2,48000,3.0,-23.4,0.2709,0.0,test
kLlHVBwxGGg_seg_104.wav,data/interim/segmented_clean_relaxed/spasmodic_dysphonia/kLlHVBwxGGg_seg_104.wav,kLlHVBwxGGg,104,spasmodic_dysphonia,clean_pool,57392ceffd3a4d5150cc9699b5b64edcd0436813e9b9026305dede395c2514e5,16000,1,2,48000,3.0,-28.0,0.429,0.0,test
kLlHVBwxGGg_seg_105.wav,data/interim/segmented_clean_relaxed/spasmodic_dysphonia/kLlHVBwxGGg_seg_105.wav,kLlHVBwxGGg,105,spasmodic_dysphonia,clean_pool,7baf3118ae818aacfcb6568002a3298e0835191914df6ef14b7d8a1da4041b37,16000,1,2,48000,3.0,-25.55,0.488,0.0,test
kLlHVBwxGGg_seg_106.wav,data/interim/segmented_clean_relaxed/spasmodic_dysphonia/kLlHVBwxGGg_seg_106.wav,kLlHVBwxGGg,106,spasmodic_dysphonia,clean_pool,395a924fde8d883ccd70edabef5befb0dca56cef7d3aa4c286851815a8d83ad3,16000,1,2,48000,3.0,-26.62,0.2827,0.0,test
kLlHVBwxGGg_seg_107.wav,data/interim/segmented_clean_relaxed/spasmodic_dysphonia/kLlHVBwxGGg_seg_107.wav,kLlHVBwxGGg,107,spasmodic_dysphonia,clean_pool,5db94d4b1d525e93f9c9b4b38fdc4b139a78ec7d2620a2faf044c0e6fb2f2380,16000,1,2,48000,3.0,-24.68,0.1447,0.0,test
kLlHVBwxGGg_seg_108.wav,data/interim/segmented_clean_relaxed/spasmodic_dysphonia/kLlHVBwxGGg_seg_108.wav,kLlHVBwxGGg,108,spasmodic_dysphonia,clean_pool,661451ffcb15e511c9ac3363009e39dca02e7b8ea19a0aa101aac275450f3c53,16000,1,2,48000,3.0,-29.62,0.4648,0.0,test
kLlHVBwxGGg_seg_109.wav,data/interim/segmented_clean_relaxed/spasmodic_dysphonia/kLlHVBwxGGg_seg_109.wav,kLlHVBwxGGg,109,spasmodic_dysphonia,clean_pool,20950ed27dbff35d31a18a04f41d6af6c44c431cb86176faaab87f23e22ba4d9,16000,1,2,48000,3.0,-29.92,0.263,0.0,test
kLlHVBwxGGg_seg_110.wav,data/interim/segmented_clean_relaxed/spasmodic_dysphonia/kLlHVBwxGGg_seg_110.wav,kLlHVBwxGGg,110,spasmodic_dysphonia,clean_pool,01b659d9921262c85256e4d1d84a6e52e205edbe0ca5bb7a1a5ae45c1a93648c,16000,1,2,48000,3.0,-36.34,0.2159,0.0,test
kLlHVBwxGGg_seg_111.wav,data/interim/segmented_clean_relaxed/spasmodic_dysphonia/kLlHVBwxGGg_seg_111.wav,kLlHVBwxGGg,111,spasmodic_dysphonia,clean_pool,110804e260f6df407ce9a6546401e6bdb7b44f79e0ddeac7372fa221b7878135,16000,1,2,48000,3.0,-36.34,0.209,0.0,test
kLlHVBwxGGg_seg_112.wav,data/interim/segmented_clean_relaxed/spasmodic_dysphonia/kLlHVBwxGGg_seg_112.wav,kLlHVBwxGGg,112,spasmodic_dysphonia,clean_pool,10faee39c6c4b53e9caca224106eda2749ae7c07cc41af6be7b6e2cffec5f08a,16000,1,2,32496,2.031,-37.22,0.2215,0.0,test
Kxm-QspPf28_seg_000.wav,data/interim/segmented_clean_relaxed/spasmodic_dysphonia/Kxm-QspPf28_seg_000.wav,Kxm-QspPf28,000,spasmodic_dysphonia,clean_pool,335f69fae7aabccf7b99c0aaa13fe0cd094509c84f6f11b64afd38db5077d97d,16000,1,2,48000,3.0,-28.29,0.255,0.0,train
Kxm-QspPf28_seg_001.wav,data/interim/segmented_clean_relaxed/spasmodic_dysphonia/Kxm-QspPf28_seg_001.wav,Kxm-QspPf28,001,spasmodic_dysphonia,clean_pool,238446631fccbfa5ec1fd253fc969fe365cc71d0aa8317af0aa611272d08dda5,16000,1,2,48000,3.0,-28.82,0.1972,0.0,train
Kxm-QspPf28_seg_002.wav,data/interim/segmented_clean_relaxed/spasmodic_dysphonia/Kxm-QspPf28_seg_002.wav,Kxm-QspPf28,002,spasmodic_dysphonia,clean_pool,8b8d4feefbe4a9c0d8d9a85a21e0eb9c0cdae7dbb33b547f1d076eb232b982a7,16000,1,2,48000,3.0,-26.79,0.1826,0.0,train
Kxm-QspPf28_seg_003.wav,data/interim/segmented_clean_relaxed/spasmodic_dysphonia/Kxm-QspPf28_seg_003.wav,Kxm-QspPf28,003,spasmodic_dysphonia,clean_pool,88fe78a653db878b0b0bf5b5b4707f75bb66828b57bd6b7c5b4905b079807609,16000,1,2,48000,3.0,-30.49,0.2234,0.0,train
Kxm-QspPf28_seg_004.wav,data/interim/segmented_clean_relaxed/spasmodic_dysphonia/Kxm-QspPf28_seg_004.wav,Kxm-QspPf28,004,spasmodic_dysphonia,clean_pool,4364db0d2d04a85bdf5ffbd08419949ce8305c20a48f019f51de468d97d2cd1e,16000,1,2,48000,3.0,-29.25,0.205,0.0,train
Kxm-QspPf28_seg_005.wav,data/interim/segmented_clean_relaxed/spasmodic_dysphonia/Kxm-QspPf28_seg_005.wav,Kxm-QspPf28,005,spasmodic_dysphonia,clean_pool,4fb1ca6e3df74f60374b775e601f5075880ebfdf31ec54296aaa6e6a52597870,16000,1,2,48000,3.0,-27.46,0.1606,0.0,train
Kxm-QspPf28_seg_006.wav,data/interim/segmented_clean_relaxed/spasmodic_dysphonia/Kxm-QspPf28_seg_006.wav,Kxm-QspPf28,006,spasmodic_dysphonia,clean_pool,e916c1399bf11ab8d6beca2df5071c507691f63509d4b388a61a109d47bb09f0,16000,1,2,48000,3.0,-29.36,0.199,0.0,train
Kxm-QspPf28_seg_007.wav,data/interim/segmented_clean_relaxed/spasmodic_dysphonia/Kxm-QspPf28_seg_007.wav,Kxm-QspPf28,007,spasmodic_dysphonia,clean_pool,cce5b7c5830edc3374e2a58d4c1a40cdf67942ea2ce7a53382ab7a1e5e918166,16000,1,2,48000,3.0,-32.06,0.2271,0.0,train
Kxm-QspPf28_seg_008.wav,data/interim/segmented_clean_relaxed/spasmodic_dysphonia/Kxm-QspPf28_seg_008.wav,Kxm-QspPf28,008,spasmodic_dysphonia,clean_pool,011a5a32c121682ecc2766b23742e7488db87d8cafa731dcd083344e20694db3,16000,1,2,48000,3.0,-29.61,0.2263,0.0,train
Kxm-QspPf28_seg_009.wav,data/interim/segmented_clean_relaxed/spasmodic_dysphonia/Kxm-QspPf28_seg_009.wav,Kxm-QspPf28,009,spasmodic_dysphonia,clean_pool,36754148b62659f45c65db6c904e396afe14928a050c02c189397ed3a05eb3a1,16000,1,2,48000,3.0,-30.81,0.3306,0.0,train
Kxm-QspPf28_seg_010.wav,data/interim/segmented_clean_relaxed/spasmodic_dysphonia/Kxm-QspPf28_seg_010.wav,Kxm-QspPf28,010,spasmodic_dysphonia,clean_pool,b7f66ab49824e4e934edba5e0c97ee74f88f0bdf7a8907b74fe4e67384563325,16000,1,2,48000,3.0,-29.86,0.3099,0.0,train
Kxm-QspPf28_seg_011.wav,data/interim/segmented_clean_relaxed/spasmodic_dysphonia/Kxm-QspPf28_seg_011.wav,Kxm-QspPf28,011,spasmodic_dysphonia,clean_pool,5fd5dd8a8baf305f6213c95bffb8bf0e94993d83977d2070bd3aa324e9764c98,16000,1,2,48000,3.0,-29.72,0.296,0.0,train
Kxm-QspPf28_seg_012.wav,data/interim/segmented_clean_relaxed/spasmodic_dysphonia/Kxm-QspPf28_seg_012.wav,Kxm-QspPf28,012,spasmodic_dysphonia,clean_pool,9517219f10658a29041a24cee2da9fbdc50c2bb6520d5817bd3e5dad9e81ae07,16000,1,2,48000,3.0,-29.78,0.3331,0.0,train
Kxm-QspPf28_seg_013.wav,data/interim/segmented_clean_relaxed/spasmodic_dysphonia/Kxm-QspPf28_seg_013.wav,Kxm-QspPf28,013,spasmodic_dysphonia,clean_pool,64ee0536bef82d2a340c3586e0850a83b65cb84c7dfab00e2d0d69a8d999dc98,16000,1,2,48000,3.0,-29.92,0.4616,0.0,train
Kxm-QspPf28_seg_014.wav,data/interim/segmented_clean_relaxed/spasmodic_dysphonia/Kxm-QspPf28_seg_014.wav,Kxm-QspPf28,014,spasmodic_dysphonia,clean_pool,c1d2dc35abfa0625b94f1bf0a069a079141bb57f3f7a954707e61248a82b3942,16000,1,2,48000,3.0,-29.93,0.4103,0.0,train
Kxm-QspPf28_seg_015.wav,data/interim/segmented_clean_relaxed/spasmodic_dysphonia/Kxm-QspPf28_seg_015.wav,Kxm-QspPf28,015,spasmodic_dysphonia,clean_pool,208dc3c60d39779489dd0284a7790565625fce68a5586221aaf3108941163306,16000,1,2,48000,3.0,-29.23,0.3987,0.0,train
Kxm-QspPf28_seg_016.wav,data/interim/segmented_clean_relaxed/spasmodic_dysphonia/Kxm-QspPf28_seg_016.wav,Kxm-QspPf28,016,spasmodic_dysphonia,clean_pool,4abadbf41f6b63ff2e15a4d81781283feb90ddcbfc02518339609745a4eac0a1,16000,1,2,48000,3.0,-30.42,0.4129,0.0,train
Kxm-QspPf28_seg_017.wav,data/interim/segmented_clean_relaxed/spasmodic_dysphonia/Kxm-QspPf28_seg_017.wav,Kxm-QspPf28,017,spasmodic_dysphonia,clean_pool,2f4ce7263e03303e8270392ed6741c7fbc5fcf2ab3ac3096197ba2aefaa1687f,16000,1,2,48000,3.0,-32.68,0.4309,0.0,train
Kxm-QspPf28_seg_018.wav,data/interim/segmented_clean_relaxed/spasmodic_dysphonia/Kxm-QspPf28_seg_018.wav,Kxm-QspPf28,018,spasmodic_dysphonia,clean_pool,8182da353869b5af0e484aae8d9213f7cc102390843b9cd0582e83730e6e91a4,16000,1,2,48000,3.0,-30.4,0.348,0.0,train
Kxm-QspPf28_seg_019.wav,data/interim/segmented_clean_relaxed/spasmodic_dysphonia/Kxm-QspPf28_seg_019.wav,Kxm-QspPf28,019,spasmodic_dysphonia,clean_pool,48d4c621fc8099ee27fbbd01bbdc5c9953fac121d998e7ae117b304ab763532a,16000,1,2,48000,3.0,-33.44,0.3036,0.0,train
Kxm-QspPf28_seg_020.wav,data/interim/segmented_clean_relaxed/spasmodic_dysphonia/Kxm-QspPf28_seg_020.wav,Kxm-QspPf28,020,spasmodic_dysphonia,clean_pool,4bb0507815c00cfc9f1e4d508d057cecf4561794412ce19fa1405fa9bccadb3c,16000,1,2,48000,3.0,-31.94,0.4168,0.0,train
Kxm-QspPf28_seg_021.wav,data/interim/segmented_clean_relaxed/spasmodic_dysphonia/Kxm-QspPf28_seg_021.wav,Kxm-QspPf28,021,spasmodic_dysphonia,clean_pool,55a1c6c85b76af3f6959b27a7d4f838bcbec394b671a7b4ebfd09a1006870b90,16000,1,2,48000,3.0,-29.0,0.2905,0.0,train
Kxm-QspPf28_seg_022.wav,data/interim/segmented_clean_relaxed/spasmodic_dysphonia/Kxm-QspPf28_seg_022.wav,Kxm-QspPf28,022,spasmodic_dysphonia,clean_pool,549b3fd6c01a2fb071f74aab79396108684fd063033e09b40061cdf3b6684f64,16000,1,2,48000,3.0,-29.37,0.2531,0.0,train
Kxm-QspPf28_seg_023.wav,data/interim/segmented_clean_relaxed/spasmodic_dysphonia/Kxm-QspPf28_seg_023.wav,Kxm-QspPf28,023,spasmodic_dysphonia,clean_pool,41b3e844c45ba2b2c7adb379d4891076ca7ab6c4c9d9b6f20b5cadc324d5883c,16000,1,2,48000,3.0,-30.8,0.3459,0.0,train
Kxm-QspPf28_seg_024.wav,data/interim/segmented_clean_relaxed/spasmodic_dysphonia/Kxm-QspPf28_seg_024.wav,Kxm-QspPf28,024,spasmodic_dysphonia,clean_pool,e627aee48329dc5743555c313db2fe38d661d90e251993fd52878bb795575fda,16000,1,2,48000,3.0,-29.83,0.3231,0.0,train
Kxm-QspPf28_seg_025.wav,data/interim/segmented_clean_relaxed/spasmodic_dysphonia/Kxm-QspPf28_seg_025.wav,Kxm-QspPf28,025,spasmodic_dysphonia,clean_pool,5769b082c789ed33f2ec76abc533efaee83407150c0665b47105b9ef87f93e81,16000,1,2,48000,3.0,-27.24,0.4255,2.1e-05,train
Kxm-QspPf28_seg_026.wav,data/interim/segmented_clean_relaxed/spasmodic_dysphonia/Kxm-QspPf28_seg_026.wav,Kxm-QspPf28,026,spasmodic_dysphonia,clean_pool,c17190a7383d0a3b032a6da43388ace3150620725c821cacd97ea9fb21d39c47,16000,1,2,48000,3.0,-26.54,0.1828,0.0,train
Kxm-QspPf28_seg_027.wav,data/interim/segmented_clean_relaxed/spasmodic_dysphonia/Kxm-QspPf28_seg_027.wav,Kxm-QspPf28,027,spasmodic_dysphonia,clean_pool,90b8b82cd6ab55cccf87d57992219c9d54d5493719e6c35644e8c978357dd4b2,16000,1,2,48000,3.0,-29.41,0.2607,0.0,train
Kxm-QspPf28_seg_028.wav,data/interim/segmented_clean_relaxed/spasmodic_dysphonia/Kxm-QspPf28_seg_028.wav,Kxm-QspPf28,028,spasmodic_dysphonia,clean_pool,6639a768b49ccf5771ffc1d7290a339fa334bbba869d190e820ae46481734318,16000,1,2,48000,3.0,-31.26,0.3268,0.0,train
Kxm-QspPf28_seg_029.wav,data/interim/segmented_clean_relaxed/spasmodic_dysphonia/Kxm-QspPf28_seg_029.wav,Kxm-QspPf28,029,spasmodic_dysphonia,clean_pool,056f68245d295a296b3078d9a59f66c59ab81de0ab9d0d890bd54f7ee2af956f,16000,1,2,48000,3.0,-30.41,0.3715,0.0,train
Kxm-QspPf28_seg_030.wav,data/interim/segmented_clean_relaxed/spasmodic_dysphonia/Kxm-QspPf28_seg_030.wav,Kxm-QspPf28,030,spasmodic_dysphonia,clean_pool,4146fd2ce0eab4e2677fdce7dab0c5cead39cf7fab22041a2486db9393e2139e,16000,1,2,48000,3.0,-29.4,0.214,0.0,train
Kxm-QspPf28_seg_031.wav,data/interim/segmented_clean_relaxed/spasmodic_dysphonia/Kxm-QspPf28_seg_031.wav,Kxm-QspPf28,031,spasmodic_dysphonia,clean_pool,e08e92a3383e8cbcbdee828a79c1eb65cfa8ef1f02b8f5a56f3e5a861e08cdb3,16000,1,2,48000,3.0,-32.36,0.336,0.0,train
Kxm-QspPf28_seg_032.wav,data/interim/segmented_clean_relaxed/spasmodic_dysphonia/Kxm-QspPf28_seg_032.wav,Kxm-QspPf28,032,spasmodic_dysphonia,clean_pool,d0f083d2bddf145c5edd65d064ec66839b8b37c87bf096ae8a65133d84c76ff0,16000,1,2,48000,3.0,-29.49,0.3719,0.0,train
Kxm-QspPf28_seg_033.wav,data/interim/segmented_clean_relaxed/spasmodic_dysphonia/Kxm-QspPf28_seg_033.wav,Kxm-QspPf28,033,spasmodic_dysphonia,clean_pool,81a2f7c73975bbe0666079c7ecdbfb01463816c45478687e6a651b2a9e6d1be3,16000,1,2,48000,3.0,-28.63,0.1987,0.0,train
Kxm-QspPf28_seg_034.wav,data/interim/segmented_clean_relaxed/spasmodic_dysphonia/Kxm-QspPf28_seg_034.wav,Kxm-QspPf28,034,spasmodic_dysphonia,clean_pool,ce6c28e1e17f9e71b443a5f0b5f5d69f447c187a93725d4bc166caa497e9046a,16000,1,2,48000,3.0,-32.76,0.2695,0.0,train
Kxm-QspPf28_seg_035.wav,data/interim/segmented_clean_relaxed/spasmodic_dysphonia/Kxm-QspPf28_seg_035.wav,Kxm-QspPf28,035,spasmodic_dysphonia,clean_pool,8ff4ee9f98c489d856e47e45469e83742b8352a644223d811a6f4158c5f210c1,16000,1,2,48000,3.0,-27.86,0.1772,0.0,train
Kxm-QspPf28_seg_036.wav,data/interim/segmented_clean_relaxed/spasmodic_dysphonia/Kxm-QspPf28_seg_036.wav,Kxm-QspPf28,036,spasmodic_dysphonia,clean_pool,f27b2f3febd10c1cdb6084cf468887bcef886ad52574655bb2c872765194731f,16000,1,2,48000,3.0,-28.25,0.2024,0.0,train
Kxm-QspPf28_seg_037.wav,data/interim/segmented_clean_relaxed/spasmodic_dysphonia/Kxm-QspPf28_seg_037.wav,Kxm-QspPf28,037,spasmodic_dysphonia,clean_pool,9784fc413cdfd78955704ee9eff7d21b90735bfad9ef5759c83e153e0dff417d,16000,1,2,48000,3.0,-30.41,0.2551,0.0,train
Kxm-QspPf28_seg_038.wav,data/interim/segmented_clean_relaxed/spasmodic_dysphonia/Kxm-QspPf28_seg_038.wav,Kxm-QspPf28,038,spasmodic_dysphonia,clean_pool,de7598bb333575bbb4c62b7ff1e512ec7743e1eed76bd522c35d1d72cf9adb78,16000,1,2,48000,3.0,-26.77,0.1527,0.0,train
Kxm-QspPf28_seg_039.wav,data/interim/segmented_clean_relaxed/spasmodic_dysphonia/Kxm-QspPf28_seg_039.wav,Kxm-QspPf28,039,spasmodic_dysphonia,clean_pool,065eaae76aab0cc313d2c7ca963e4b7f7db8aeb52e6ab9b493e7f19c44022f03,16000,1,2,48000,3.0,-27.83,0.2026,0.0,train
Kxm-QspPf28_seg_040.wav,data/interim/segmented_clean_relaxed/spasmodic_dysphonia/Kxm-QspPf28_seg_040.wav,Kxm-QspPf28,040,spasmodic_dysphonia,clean_pool,9b696367668e0f0455714e706ced80b120217096ceaa5b6a253faaa923ce215d,16000,1,2,48000,3.0,-28.31,0.2156,0.0,train
Kxm-QspPf28_seg_041.wav,data/interim/segmented_clean_relaxed/spasmodic_dysphonia/Kxm-QspPf28_seg_041.wav,Kxm-QspPf28,041,spasmodic_dysphonia,clean_pool,13f461361617df9722a5eff6d2df46bb8f7fd09c2bb3f19b0af9bcc519ef8709,16000,1,2,48000,3.0,-27.04,0.3558,0.0,train
Kxm-QspPf28_seg_042.wav,data/interim/segmented_clean_relaxed/spasmodic_dysphonia/Kxm-QspPf28_seg_042.wav,Kxm-QspPf28,042,spasmodic_dysphonia,clean_pool,34a866b41541fdb130ec4d4be86639815a1e718b21b8e462abcd6cd42bc59a75,16000,1,2,48000,3.0,-31.99,0.514,0.0,train
Kxm-QspPf28_seg_043.wav,data/interim/segmented_clean_relaxed/spasmodic_dysphonia/Kxm-QspPf28_seg_043.wav,Kxm-QspPf28,043,spasmodic_dysphonia,clean_pool,54d036f6b09d348ab7ea8cc8f6306c601c48a4e050c5b062069892e6f298ef86,16000,1,2,48000,3.0,-30.09,0.4419,0.0,train
Kxm-QspPf28_seg_044.wav,data/interim/segmented_clean_relaxed/spasmodic_dysphonia/Kxm-QspPf28_seg_044.wav,Kxm-QspPf28,044,spasmodic_dysphonia,clean_pool,06c7e58741b5c7ac7551eb0c6a1a22ce5c16124c2b944855b51a61c40ec88d5f,16000,1,2,48000,3.0,-30.79,0.453,0.0,train
Kxm-QspPf28_seg_045.wav,data/interim/segmented_clean_relaxed/spasmodic_dysphonia/Kxm-QspPf28_seg_045.wav,Kxm-QspPf28,045,spasmodic_dysphonia,clean_pool,725f2efa955ff756436312737af6981673fc249d224610aa1d27ff7094a1b76a,16000,1,2,48000,3.0,-34.49,0.507,0.0,train
Kxm-QspPf28_seg_046.wav,data/interim/segmented_clean_relaxed/spasmodic_dysphonia/Kxm-QspPf28_seg_046.wav,Kxm-QspPf28,046,spasmodic_dysphonia,clean_pool,6fff591375137dcae7957f344ec0243d587d353f1cecfac44a020b2fec971f45,16000,1,2,48000,3.0,-30.93,0.3104,0.0,train
Kxm-QspPf28_seg_047.wav,data/interim/segmented_clean_relaxed/spasmodic_dysphonia/Kxm-QspPf28_seg_047.wav,Kxm-QspPf28,047,spasmodic_dysphonia,clean_pool,4c9262f4ff809837620494bfe6edbe3823513d6871ff3460ef65bbb6c9fdd132,16000,1,2,48000,3.0,-30.27,0.3419,0.0,train
Kxm-QspPf28_seg_048.wav,data/interim/segmented_clean_relaxed/spasmodic_dysphonia/Kxm-QspPf28_seg_048.wav,Kxm-QspPf28,048,spasmodic_dysphonia,clean_pool,e7f20ce0403c6681e5a3eee9536c61ff62ceedf729e4bb847920422653db92b7,16000,1,2,48000,3.0,-39.73,0.694,0.0,train
Kxm-QspPf28_seg_049.wav,data/interim/segmented_clean_relaxed/spasmodic_dysphonia/Kxm-QspPf28_seg_049.wav,Kxm-QspPf28,049,spasmodic_dysphonia,clean_pool,252ecfb249b4b3f6099808dbeba9fc7f5a01011d86975e3e830dd9c894d92553,16000,1,2,48000,3.0,-26.46,0.2115,0.0,train
Kxm-QspPf28_seg_050.wav,data/interim/segmented_clean_relaxed/spasmodic_dysphonia/Kxm-QspPf28_seg_050.wav,Kxm-QspPf28,050,spasmodic_dysphonia,clean_pool,276850c11f55901f71538371bbf59af55e5a7bba1e16bdbcd9da6b9399a0dbb0,16000,1,2,48000,3.0,-28.55,0.2829,0.0,train
Kxm-QspPf28_seg_051.wav,data/interim/segmented_clean_relaxed/spasmodic_dysphonia/Kxm-QspPf28_seg_051.wav,Kxm-QspPf28,051,spasmodic_dysphonia,clean_pool,7fad6bd8e81930748bfc3917991bee03641e97fc5e3d5914578e93620422202b,16000,1,2,48000,3.0,-26.22,0.2182,0.0,train
Kxm-QspPf28_seg_052.wav,data/interim/segmented_clean_relaxed/spasmodic_dysphonia/Kxm-QspPf28_seg_052.wav,Kxm-QspPf28,052,spasmodic_dysphonia,clean_pool,c9538cf80cbf04ddbd8a594f4fe4e0032633fb4fffd56efe14760f1beb8ff908,16000,1,2,48000,3.0,-27.67,0.2546,0.0,train
Kxm-QspPf28_seg_053.wav,data/interim/segmented_clean_relaxed/spasmodic_dysphonia/Kxm-QspPf28_seg_053.wav,Kxm-QspPf28,053,spasmodic_dysphonia,clean_pool,08bd6f04056b3fab9fb04fb6cbbbd767703af2862c52fb1a04bb91aa271b9c6d,16000,1,2,48000,3.0,-30.84,0.3268,0.0,train
Kxm-QspPf28_seg_054.wav,data/interim/segmented_clean_relaxed/spasmodic_dysphonia/Kxm-QspPf28_seg_054.wav,Kxm-QspPf28,054,spasmodic_dysphonia,clean_pool,f11ee8964c72dcdc18c7cd2a1182832c842d1d3fa42020c9aea9174a5af7aa58,16000,1,2,48000,3.0,-27.57,0.2398,0.0,train
Kxm-QspPf28_seg_055.wav,data/interim/segmented_clean_relaxed/spasmodic_dysphonia/Kxm-QspPf28_seg_055.wav,Kxm-QspPf28,055,spasmodic_dysphonia,clean_pool,d9ae08d60730e62c354b68db69a1240bd1439a23f0e68322a09977436fd73970,16000,1,2,48000,3.0,-29.48,0.2524,0.0,train
Kxm-QspPf28_seg_056.wav,data/interim/segmented_clean_relaxed/spasmodic_dysphonia/Kxm-QspPf28_seg_056.wav,Kxm-QspPf28,056,spasmodic_dysphonia,clean_pool,cba3b5ea8303317bb443314eeff52f740a5700965c8f3fd29709cd12701d28f8,16000,1,2,48000,3.0,-28.71,0.226,0.0,train
Kxm-QspPf28_seg_057.wav,data/interim/segmented_clean_relaxed/spasmodic_dysphonia/Kxm-QspPf28_seg_057.wav,Kxm-QspPf28,057,spasmodic_dysphonia,clean_pool,964782ac795bcdc623a7949f44570f1a8b14961076ffa020677851a92cff360e,16000,1,2,48000,3.0,-32.23,0.4208,0.0,train
Kxm-QspPf28_seg_058.wav,data/interim/segmented_clean_relaxed/spasmodic_dysphonia/Kxm-QspPf28_seg_058.wav,Kxm-QspPf28,058,spasmodic_dysphonia,clean_pool,cabb2229685e7cf705f003fd63cc8dc1afd75595b55c3c151a3c48aca12eaf71,16000,1,2,48000,3.0,-33.5,0.3315,0.0,train
Kxm-QspPf28_seg_059.wav,data/interim/segmented_clean_relaxed/spasmodic_dysphonia/Kxm-QspPf28_seg_059.wav,Kxm-QspPf28,059,spasmodic_dysphonia,clean_pool,90f020ace2249739bce18c5b4becab9764ed2d43dc119fd904bbd4da6fb4f3e6,16000,1,2,48000,3.0,-32.04,0.346,0.0,train
Kxm-QspPf28_seg_060.wav,data/interim/segmented_clean_relaxed/spasmodic_dysphonia/Kxm-QspPf28_seg_060.wav,Kxm-QspPf28,060,spasmodic_dysphonia,clean_pool,ed90af34dcecb0b005557588323d802b9b378b3b2acf818ec46750e98391e082,16000,1,2,48000,3.0,-31.51,0.346,0.0,train
Kxm-QspPf28_seg_061.wav,data/interim/segmented_clean_relaxed/spasmodic_dysphonia/Kxm-QspPf28_seg_061.wav,Kxm-QspPf28,061,spasmodic_dysphonia,clean_pool,5c2d78280f5ed67798d307d54aa09cb288f1eff175db4564b361d51caa1815dd,16000,1,2,48000,3.0,-32.3,0.2982,0.0,train
Kxm-QspPf28_seg_062.wav,data/interim/segmented_clean_relaxed/spasmodic_dysphonia/Kxm-QspPf28_seg_062.wav,Kxm-QspPf28,062,spasmodic_dysphonia,clean_pool,1ef03ff6656476850d7afcc6daa3cea101d16ea010269ba916d2e91427921d9d,16000,1,2,48000,3.0,-27.28,0.1822,0.0,train
Kxm-QspPf28_seg_063.wav,data/interim/segmented_clean_relaxed/spasmodic_dysphonia/Kxm-QspPf28_seg_063.wav,Kxm-QspPf28,063,spasmodic_dysphonia,clean_pool,5f73accd8f29b9d96d085605703c45fd657141b2e22ef8e69d4bd8ccee24f405,16000,1,2,48000,3.0,-30.02,0.3224,0.0,train
Kxm-QspPf28_seg_064.wav,data/interim/segmented_clean_relaxed/spasmodic_dysphonia/Kxm-QspPf28_seg_064.wav,Kxm-QspPf28,064,spasmodic_dysphonia,clean_pool,fe8b3774823383f38bbae5a9af00db7964504cc23f22c27b244ef692a2c389b3,16000,1,2,48000,3.0,-30.84,0.275,0.0,train
Kxm-QspPf28_seg_065.wav,data/interim/segmented_clean_relaxed/spasmodic_dysphonia/Kxm-QspPf28_seg_065.wav,Kxm-QspPf28,065,spasmodic_dysphonia,clean_pool,645e7f3460efb2c68b45910234b51858d61254d12cc978e706e5d1743101984c,16000,1,2,48000,3.0,-29.69,0.3649,0.0,train
Kxm-QspPf28_seg_066.wav,data/interim/segmented_clean_relaxed/spasmodic_dysphonia/Kxm-QspPf28_seg_066.wav,Kxm-QspPf28,066,spasmodic_dysphonia,clean_pool,03c775714c51f366216f31d4a5fef1aeff8cd8536cac11ac0782c1aae79db494,16000,1,2,48000,3.0,-31.66,0.3412,0.0,train
Kxm-QspPf28_seg_067.wav,data/interim/segmented_clean_relaxed/spasmodic_dysphonia/Kxm-QspPf28_seg_067.wav,Kxm-QspPf28,067,spasmodic_dysphonia,clean_pool,7f1a97f435af777decf6f98067b28f39b8b9b9a824ec460ce2e7a61c55f14ad3,16000,1,2,48000,3.0,-31.59,0.3043,0.0,train
Kxm-QspPf28_seg_068.wav,data/interim/segmented_clean_relaxed/spasmodic_dysphonia/Kxm-QspPf28_seg_068.wav,Kxm-QspPf28,068,spasmodic_dysphonia,clean_pool,99a597fc175f74ce00aff024b38a4d90b777b12223ca3f50f4096d6d793c3507,16000,1,2,48000,3.0,-32.8,0.2433,0.0,train
Kxm-QspPf28_seg_069.wav,data/interim/segmented_clean_relaxed/spasmodic_dysphonia/Kxm-QspPf28_seg_069.wav,Kxm-QspPf28,069,spasmodic_dysphonia,clean_pool,4d9392b4980dacfac206cc31bd6e88c502a5b467627227a776f750a5e59311c6,16000,1,2,48000,3.0,-36.27,0.5631,0.0,train
Kxm-QspPf28_seg_070.wav,data/interim/segmented_clean_relaxed/spasmodic_dysphonia/Kxm-QspPf28_seg_070.wav,Kxm-QspPf28,070,spasmodic_dysphonia,clean_pool,4e3f1265b830a029873726491d495c5c23175d659b2977bb8310dac554daeded,16000,1,2,48000,3.0,-27.39,0.18,0.0,train
Kxm-QspPf28_seg_071.wav,data/interim/segmented_clean_relaxed/spasmodic_dysphonia/Kxm-QspPf28_seg_071.wav,Kxm-QspPf28,071,spasmodic_dysphonia,clean_pool,d31736aafb77313f9dcffb56a8f1c98d9ed9cf0013020b61bdbdae0ef050516c,16000,1,2,48000,3.0,-28.47,0.3067,0.0,train
Kxm-QspPf28_seg_072.wav,data/interim/segmented_clean_relaxed/spasmodic_dysphonia/Kxm-QspPf28_seg_072.wav,Kxm-QspPf28,072,spasmodic_dysphonia,clean_pool,79b0e76570c69c4c82cdf8565bdc170d8bd60d44363225ee41463c9b5cb0cff9,16000,1,2,48000,3.0,-28.27,0.2356,0.0,train
Kxm-QspPf28_seg_073.wav,data/interim/segmented_clean_relaxed/spasmodic_dysphonia/Kxm-QspPf28_seg_073.wav,Kxm-QspPf28,073,spasmodic_dysphonia,clean_pool,4672f0bd2e18bee7d30516778039be4e49f7c3d63e98388ac35c70f88a8a52fd,16000,1,2,48000,3.0,-30.34,0.3123,0.0,train
Kxm-QspPf28_seg_074.wav,data/interim/segmented_clean_relaxed/spasmodic_dysphonia/Kxm-QspPf28_seg_074.wav,Kxm-QspPf28,074,spasmodic_dysphonia,clean_pool,6fe31881e449b1a796d1d5eb1d2e72e58ae40967851b388dff732c540af23f40,16000,1,2,48000,3.0,-28.03,0.2634,0.0,train
Kxm-QspPf28_seg_075.wav,data/interim/segmented_clean_relaxed/spasmodic_dysphonia/Kxm-QspPf28_seg_075.wav,Kxm-QspPf28,075,spasmodic_dysphonia,clean_pool,9b2c54b49defa6bc072e76a0eb6037fe4ac6df004c18a5deea66062cbcb1f75a,16000,1,2,48000,3.0,-25.54,0.3129,0.0,train
Kxm-QspPf28_seg_076.wav,data/interim/segmented_clean_relaxed/spasmodic_dysphonia/Kxm-QspPf28_seg_076.wav,Kxm-QspPf28,076,spasmodic_dysphonia,clean_pool,0de30a08ed08bb28c51348cbef221b118c2aa07f0dc433a86fc8187d561b3005,16000,1,2,48000,3.0,-27.22,0.2511,0.0,train
Kxm-QspPf28_seg_077.wav,data/interim/segmented_clean_relaxed/spasmodic_dysphonia/Kxm-QspPf28_seg_077.wav,Kxm-QspPf28,077,spasmodic_dysphonia,clean_pool,7762fb49edc6454e4deea12517cd7105a2709282ada276516cd40b2e9c69807d,16000,1,2,48000,3.0,-28.51,0.387,0.0,train
Kxm-QspPf28_seg_078.wav,data/interim/segmented_clean_relaxed/spasmodic_dysphonia/Kxm-QspPf28_seg_078.wav,Kxm-QspPf28,078,spasmodic_dysphonia,clean_pool,81821a25dbc2cc4d949b76a5f9b9c764aefc09a47f2bb21a9a5b355556c3d092,16000,1,2,48000,3.0,-25.62,0.1721,0.0,train
Kxm-QspPf28_seg_079.wav,data/interim/segmented_clean_relaxed/spasmodic_dysphonia/Kxm-QspPf28_seg_079.wav,Kxm-QspPf28,079,spasmodic_dysphonia,clean_pool,71199d456711169bab7679c4f791c3f3b7ab3843142e37b8f7e8d30ad1308601,16000,1,2,48000,3.0,-29.63,0.2191,0.0,train
Kxm-QspPf28_seg_080.wav,data/interim/segmented_clean_relaxed/spasmodic_dysphonia/Kxm-QspPf28_seg_080.wav,Kxm-QspPf28,080,spasmodic_dysphonia,clean_pool,303266754284747be0cba2f65170d76810fb6585538e9b52dd82fab6be417fd7,16000,1,2,48000,3.0,-28.25,0.1782,0.0,train
Kxm-QspPf28_seg_081.wav,data/interim/segmented_clean_relaxed/spasmodic_dysphonia/Kxm-QspPf28_seg_081.wav,Kxm-QspPf28,081,spasmodic_dysphonia,clean_pool,309466e99a35e2047a0fdba026078724266102f06701ea01678ea7080e3e0329,16000,1,2,48000,3.0,-31.77,0.2601,0.0,train
Kxm-QspPf28_seg_082.wav,data/interim/segmented_clean_relaxed/spasmodic_dysphonia/Kxm-QspPf28_seg_082.wav,Kxm-QspPf28,082,spasmodic_dysphonia,clean_pool,1b509a234e8d935f32968aac4d11aac0cad8ec2ced787f118cbe88320df70319,16000,1,2,48000,3.0,-26.58,0.1747,0.0,train
Kxm-QspPf28_seg_083.wav,data/interim/segmented_clean_relaxed/spasmodic_dysphonia/Kxm-QspPf28_seg_083.wav,Kxm-QspPf28,083,spasmodic_dysphonia,clean_pool,beb2be7c5dc0ec28e7c0eaf863e16d6adaff57378120dae88accad04966e4157,16000,1,2,48000,3.0,-28.34,0.204,0.0,train
Kxm-QspPf28_seg_084.wav,data/interim/segmented_clean_relaxed/spasmodic_dysphonia/Kxm-QspPf28_seg_084.wav,Kxm-QspPf28,084,spasmodic_dysphonia,clean_pool,c1a5a4e8b467a5600b2a9a1ecd6a456203f20676f068eed53552d7367f5ce142,16000,1,2,48000,3.0,-30.62,0.2571,0.0,train
Kxm-QspPf28_seg_085.wav,data/interim/segmented_clean_relaxed/spasmodic_dysphonia/Kxm-QspPf28_seg_085.wav,Kxm-QspPf28,085,spasmodic_dysphonia,clean_pool,7300548bf3b97f850031c919f0fafb072153aa604c26f00f31e1b6ef3aa66f80,16000,1,2,48000,3.0,-27.83,0.1998,0.0,train
Kxm-QspPf28_seg_086.wav,data/interim/segmented_clean_relaxed/spasmodic_dysphonia/Kxm-QspPf28_seg_086.wav,Kxm-QspPf28,086,spasmodic_dysphonia,clean_pool,7cd0a22f2b9401a957bd07fe61f05eab5f6197aa5c5e6930b62006185eabb207,16000,1,2,48000,3.0,-28.2,0.1839,0.0,train
Kxm-QspPf28_seg_087.wav,data/interim/segmented_clean_relaxed/spasmodic_dysphonia/Kxm-QspPf28_seg_087.wav,Kxm-QspPf28,087,spasmodic_dysphonia,clean_pool,daabaf5c5401655f3bb0a80edcfab1d879559925cf64c48806084e7f5518556b,16000,1,2,48000,3.0,-28.46,0.1857,0.0,train
Kxm-QspPf28_seg_088.wav,data/interim/segmented_clean_relaxed/spasmodic_dysphonia/Kxm-QspPf28_seg_088.wav,Kxm-QspPf28,088,spasmodic_dysphonia,clean_pool,b379b363462c88d544d9f5b0c98adad11f5b4ebbe76c364809e0d0748d40851f,16000,1,2,48000,3.0,-29.28,0.2158,0.0,train
Kxm-QspPf28_seg_089.wav,data/interim/segmented_clean_relaxed/spasmodic_dysphonia/Kxm-QspPf28_seg_089.wav,Kxm-QspPf28,089,spasmodic_dysphonia,clean_pool,743cd0f368d1cca6645eeb6233d573d1314e7e9bb18c7651025303cc1b4b4f26,16000,1,2,48000,3.0,-31.02,0.3127,0.0,train
Kxm-QspPf28_seg_090.wav,data/interim/segmented_clean_relaxed/spasmodic_dysphonia/Kxm-QspPf28_seg_090.wav,Kxm-QspPf28,090,spasmodic_dysphonia,clean_pool,b5a7461b7fa3b03c4b25a6c3bd6c40a89191f8a2665efec99f6051782bd80bfa,16000,1,2,48000,3.0,-28.16,0.4117,0.0,train
Kxm-QspPf28_seg_091.wav,data/interim/segmented_clean_relaxed/spasmodic_dysphonia/Kxm-QspPf28_seg_091.wav,Kxm-QspPf28,091,spasmodic_dysphonia,clean_pool,1d61f34a482ba831351e09d2d77d540e86b38e5d9fb9b63f5805d5e6240ec477,16000,1,2,48000,3.0,-28.25,0.3836,0.0,train
Kxm-QspPf28_seg_092.wav,data/interim/segmented_clean_relaxed/spasmodic_dysphonia/Kxm-QspPf28_seg_092.wav,Kxm-QspPf28,092,spasmodic_dysphonia,clean_pool,a6fe12cf4e1c42c3e17f9f28ef6104f871bf3eaeb9385b94081a9c19b1da29c0,16000,1,2,48000,3.0,-34.36,0.6611,0.0,train
Kxm-QspPf28_seg_093.wav,data/interim/segmented_clean_relaxed/spasmodic_dysphonia/Kxm-QspPf28_seg_093.wav,Kxm-QspPf28,093,spasmodic_dysphonia,clean_pool,1c93865627a779e3fec750e0bf8b41c2091fbb6aa25d70f5f3ee1bab2ccb10f8,16000,1,2,48000,3.0,-27.86,0.4018,0.0,train
Kxm-QspPf28_seg_094.wav,data/interim/segmented_clean_relaxed/spasmodic_dysphonia/Kxm-QspPf28_seg_094.wav,Kxm-QspPf28,094,spasmodic_dysphonia,clean_pool,a2bb43f5840c9244b23049a7a87c7ba604cdc514a0bd76f870167d19a1323880,16000,1,2,48000,3.0,-27.43,0.4581,0.0,train
Kxm-QspPf28_seg_095.wav,data/interim/segmented_clean_relaxed/spasmodic_dysphonia/Kxm-QspPf28_seg_095.wav,Kxm-QspPf28,095,spasmodic_dysphonia,clean_pool,03620fabd84168479f06be4ee3fd21794e21b2e881303b193bb24f80e2050a6a,16000,1,2,48000,3.0,-29.92,0.4197,0.0,train
Kxm-QspPf28_seg_096.wav,data/interim/segmented_clean_relaxed/spasmodic_dysphonia/Kxm-QspPf28_seg_096.wav,Kxm-QspPf28,096,spasmodic_dysphonia,clean_pool,f6323d2777a703601df7f08339f0d49f7c8750fe480d2937db046e687041cf58,16000,1,2,48000,3.0,-30.34,0.5129,0.0,train
Kxm-QspPf28_seg_097.wav,data/interim/segmented_clean_relaxed/spasmodic_dysphonia/Kxm-QspPf28_seg_097.wav,Kxm-QspPf28,097,spasmodic_dysphonia,clean_pool,8892653e3eac7a400398f7609ef6dddc25ab9c05126b82d216bcc298875716e0,16000,1,2,48000,3.0,-27.91,0.3884,0.0,train
Kxm-QspPf28_seg_098.wav,data/interim/segmented_clean_relaxed/spasmodic_dysphonia/Kxm-QspPf28_seg_098.wav,Kxm-QspPf28,098,spasmodic_dysphonia,clean_pool,ed3ad3c226e416d866ee2ca47b2d7cd976ee52bec805492d93b8ed980b0ca8cd,16000,1,2,48000,3.0,-29.45,0.2758,0.0,train
Kxm-QspPf28_seg_099.wav,data/interim/segmented_clean_relaxed/spasmodic_dysphonia/Kxm-QspPf28_seg_099.wav,Kxm-QspPf28,099,spasmodic_dysphonia,clean_pool,89b8ca56b95819096b145deef149e9639759a3c2d3e81d8e2c0ca17b2c972aa2,16000,1,2,48000,3.0,-32.22,0.381,0.0,train
Kxm-QspPf28_seg_100.wav,data/interim/segmented_clean_relaxed/spasmodic_dysphonia/Kxm-QspPf28_seg_100.wav,Kxm-QspPf28,100,spasmodic_dysphonia,clean_pool,d27bba8099cda38d547db12e83b7f54b4494f6a2da5f3892be9eab9b784e0116,16000,1,2,48000,3.0,-35.4,0.3937,0.0,train
Kxm-QspPf28_seg_101.wav,data/interim/segmented_clean_relaxed/spasmodic_dysphonia/Kxm-QspPf28_seg_101.wav,Kxm-QspPf28,101,spasmodic_dysphonia,clean_pool,465cdb93e09077fc655ba70dbc2d07570dc960d9a69d6a838267a1e3de47f771,16000,1,2,48000,3.0,-35.21,0.5272,0.0,train
MLhE5_GcLbw_seg_000.wav,data/interim/segmented_clean_relaxed/spasmodic_dysphonia/MLhE5_GcLbw_seg_000.wav,MLhE5_GcLbw,000,spasmodic_dysphonia,clean_pool,ce295bb15347c19a38642a6ca59fe49563c98ad709b23dcbf73b5630b5b4f71f,16000,1,2,48000,3.0,-25.92,0.4237,0.0,train
MLhE5_GcLbw_seg_001.wav,data/interim/segmented_clean_relaxed/spasmodic_dysphonia/MLhE5_GcLbw_seg_001.wav,MLhE5_GcLbw,001,spasmodic_dysphonia,clean_pool,96b73bf83483ecad109654a91ae275e2c2b9c83dba7ef9085f4f800cc9c98f4d,16000,1,2,48000,3.0,-27.2,0.4843,0.0,train
MLhE5_GcLbw_seg_002.wav,data/interim/segmented_clean_relaxed/spasmodic_dysphonia/MLhE5_GcLbw_seg_002.wav,MLhE5_GcLbw,002,spasmodic_dysphonia,clean_pool,7925185fe57c109137b497afdf21fa64fffb80609fb5a71132940390cbb63398,16000,1,2,48000,3.0,-27.16,0.4324,0.0,train
MLhE5_GcLbw_seg_003.wav,data/interim/segmented_clean_relaxed/spasmodic_dysphonia/MLhE5_GcLbw_seg_003.wav,MLhE5_GcLbw,003,spasmodic_dysphonia,clean_pool,f8944150ddca23f491cddc132cb60240b4918b756bc60ba7404244b8daab87d4,16000,1,2,48000,3.0,-24.68,0.4337,0.0,train
MLhE5_GcLbw_seg_004.wav,data/interim/segmented_clean_relaxed/spasmodic_dysphonia/MLhE5_GcLbw_seg_004.wav,MLhE5_GcLbw,004,spasmodic_dysphonia,clean_pool,5e9d2116cba5cee3be2ae83a57c618ef4bf247360adc0edd131570f401c65178,16000,1,2,48000,3.0,-32.49,0.4206,0.0,train
MLhE5_GcLbw_seg_005.wav,data/interim/segmented_clean_relaxed/spasmodic_dysphonia/MLhE5_GcLbw_seg_005.wav,MLhE5_GcLbw,005,spasmodic_dysphonia,clean_pool,534787feeb159c503aa28b8786aabb4991bdfbe1df72c56c3e6798bb1ecf4ec1,16000,1,2,48000,3.0,-29.69,0.3879,0.0,train
MLhE5_GcLbw_seg_006.wav,data/interim/segmented_clean_relaxed/spasmodic_dysphonia/MLhE5_GcLbw_seg_006.wav,MLhE5_GcLbw,006,spasmodic_dysphonia,clean_pool,79ac290239d6cd511da9533776a7cd9bccc9f06dec0a7b18d8d253aaa323ad1b,16000,1,2,48000,3.0,-31.16,0.3165,0.0,train
MLhE5_GcLbw_seg_007.wav,data/interim/segmented_clean_relaxed/spasmodic_dysphonia/MLhE5_GcLbw_seg_007.wav,MLhE5_GcLbw,007,spasmodic_dysphonia,clean_pool,bfdf5af87f80c6ea77afba857a7a352dc177644677c460e887cf859b44c1940d,16000,1,2,48000,3.0,-27.76,0.3498,0.0,train
MLhE5_GcLbw_seg_008.wav,data/interim/segmented_clean_relaxed/spasmodic_dysphonia/MLhE5_GcLbw_seg_008.wav,MLhE5_GcLbw,008,spasmodic_dysphonia,clean_pool,36ee06c3e4bfc955cc850312a2d57f7939a6294212327e30f291a4db8633accd,16000,1,2,48000,3.0,-29.18,0.3387,0.0,train
MLhE5_GcLbw_seg_009.wav,data/interim/segmented_clean_relaxed/spasmodic_dysphonia/MLhE5_GcLbw_seg_009.wav,MLhE5_GcLbw,009,spasmodic_dysphonia,clean_pool,529bcb18efc90bf1beaf022d0e19011a76e2d06f6cf4c2395977bd06b98aa702,16000,1,2,48000,3.0,-29.81,0.3515,0.0,train
MLhE5_GcLbw_seg_010.wav,data/interim/segmented_clean_relaxed/spasmodic_dysphonia/MLhE5_GcLbw_seg_010.wav,MLhE5_GcLbw,010,spasmodic_dysphonia,clean_pool,af4291946330a042320726ca6f66dd756df81249a4695928cb18a35214288f71,16000,1,2,48000,3.0,-27.28,0.3401,0.0,train
MLhE5_GcLbw_seg_011.wav,data/interim/segmented_clean_relaxed/spasmodic_dysphonia/MLhE5_GcLbw_seg_011.wav,MLhE5_GcLbw,011,spasmodic_dysphonia,clean_pool,f79dd0f80d5be32a137b2016518d00363f48199f561398382443b2762e758465,16000,1,2,48000,3.0,-31.31,0.428,0.0,train
MLhE5_GcLbw_seg_012.wav,data/interim/segmented_clean_relaxed/spasmodic_dysphonia/MLhE5_GcLbw_seg_012.wav,MLhE5_GcLbw,012,spasmodic_dysphonia,clean_pool,a60c2ff37f6e8ffd0daed9d6d20f95f2ca2b0b2f1818759b00af20416f758ec2,16000,1,2,48000,3.0,-28.84,0.3643,0.0,train
MLhE5_GcLbw_seg_013.wav,data/interim/segmented_clean_relaxed/spasmodic_dysphonia/MLhE5_GcLbw_seg_013.wav,MLhE5_GcLbw,013,spasmodic_dysphonia,clean_pool,b2e1104b374c00ea4916c8b05a463729a3ce844de6ac0ed7be426d5d87db429d,16000,1,2,48000,3.0,-35.28,0.5412,0.0,train
MLhE5_GcLbw_seg_014.wav,data/interim/segmented_clean_relaxed/spasmodic_dysphonia/MLhE5_GcLbw_seg_014.wav,MLhE5_GcLbw,014,spasmodic_dysphonia,clean_pool,293bcef6668cde8e441b3844d02233379b5ddac6abc07368020b938a8975f32f,16000,1,2,48000,3.0,-29.87,0.504,0.0,train
MLhE5_GcLbw_seg_015.wav,data/interim/segmented_clean_relaxed/spasmodic_dysphonia/MLhE5_GcLbw_seg_015.wav,MLhE5_GcLbw,015,spasmodic_dysphonia,clean_pool,ba469ca300a443a9cefaeae3fe9372c81e249cd8e54cde893f24d04872823969,16000,1,2,48000,3.0,-32.99,0.501,0.0,train
MLhE5_GcLbw_seg_016.wav,data/interim/segmented_clean_relaxed/spasmodic_dysphonia/MLhE5_GcLbw_seg_016.wav,MLhE5_GcLbw,016,spasmodic_dysphonia,clean_pool,84c945c04c0c63943f3ae4322ef8358077c44073214cf7164dcdf3ebe0331cb8,16000,1,2,48000,3.0,-28.85,0.4557,0.0,train
MLhE5_GcLbw_seg_017.wav,data/interim/segmented_clean_relaxed/spasmodic_dysphonia/MLhE5_GcLbw_seg_017.wav,MLhE5_GcLbw,017,spasmodic_dysphonia,clean_pool,b21ae559c11055e6eae0d3dfb664cd5134767185eadaa8c70f88cb0e28aebbe7,16000,1,2,48000,3.0,-30.18,0.5078,0.0,train
MLhE5_GcLbw_seg_018.wav,data/interim/segmented_clean_relaxed/spasmodic_dysphonia/MLhE5_GcLbw_seg_018.wav,MLhE5_GcLbw,018,spasmodic_dysphonia,clean_pool,489dca0e3471ce92c008c4d279abda5fa5a1fad9dde411eef770291ed0de9a70,16000,1,2,29536,1.846,-31.25,0.5543,0.0,train
N0Sbo2g8iVs_seg_000.wav,data/interim/segmented_clean_relaxed/spasmodic_dysphonia/N0Sbo2g8iVs_seg_000.wav,N0Sbo2g8iVs,000,spasmodic_dysphonia,clean_pool,1f8b3832ce1592c1fb0614c01eca1288aa11c3116dc6e48f97d0b96f66ae279e,16000,1,2,48000,3.0,-27.98,0.4632,0.0,train
N0Sbo2g8iVs_seg_001.wav,data/interim/segmented_clean_relaxed/spasmodic_dysphonia/N0Sbo2g8iVs_seg_001.wav,N0Sbo2g8iVs,001,spasmodic_dysphonia,clean_pool,ae5c625f3f07d98a819188230310872687060f8ac02b056d78aeb8ebba96e7de,16000,1,2,48000,3.0,-25.42,0.2814,0.0,train
N0Sbo2g8iVs_seg_002.wav,data/interim/segmented_clean_relaxed/spasmodic_dysphonia/N0Sbo2g8iVs_seg_002.wav,N0Sbo2g8iVs,002,spasmodic_dysphonia,clean_pool,aa90c42830db9d4805c38d6df5dbfa907ea4e463e928f920e282f686f410d5f3,16000,1,2,48000,3.0,-27.42,0.4355,0.0,train
N0Sbo2g8iVs_seg_003.wav,data/interim/segmented_clean_relaxed/spasmodic_dysphonia/N0Sbo2g8iVs_seg_003.wav,N0Sbo2g8iVs,003,spasmodic_dysphonia,clean_pool,92b06d16353ef8c25eb742e731092744583e82ff95d2279e907d7c65ffd8f06e,16000,1,2,48000,3.0,-30.77,0.3673,0.0,train
N0Sbo2g8iVs_seg_004.wav,data/interim/segmented_clean_relaxed/spasmodic_dysphonia/N0Sbo2g8iVs_seg_004.wav,N0Sbo2g8iVs,004,spasmodic_dysphonia,clean_pool,5354ff847be3ca4b40d8bb7deb1bc8268ccfdc231d22a8a712a6498d0be82f68,16000,1,2,48000,3.0,-31.1,0.4348,0.0,train
N0Sbo2g8iVs_seg_005.wav,data/interim/segmented_clean_relaxed/spasmodic_dysphonia/N0Sbo2g8iVs_seg_005.wav,N0Sbo2g8iVs,005,spasmodic_dysphonia,clean_pool,803dadcf14175889a61f391072ea0e57977f472c84db54364da45109b3458d16,16000,1,2,48000,3.0,-33.21,0.6279,0.0,train
N0Sbo2g8iVs_seg_006.wav,data/interim/segmented_clean_relaxed/spasmodic_dysphonia/N0Sbo2g8iVs_seg_006.wav,N0Sbo2g8iVs,006,spasmodic_dysphonia,clean_pool,96a34a141fd62afd4ef8b189097ae49491e84ff719426f894f2cef7a108c01a7,16000,1,2,48000,3.0,-27.58,0.441,0.0,train
N0Sbo2g8iVs_seg_007.wav,data/interim/segmented_clean_relaxed/spasmodic_dysphonia/N0Sbo2g8iVs_seg_007.wav,N0Sbo2g8iVs,007,spasmodic_dysphonia,clean_pool,980af9476ec0db626b4e9ec11e8a56cbcea9fed44807c0dad4f77d6660cd333a,16000,1,2,48000,3.0,-28.31,0.44,0.0,train
N0Sbo2g8iVs_seg_008.wav,data/interim/segmented_clean_relaxed/spasmodic_dysphonia/N0Sbo2g8iVs_seg_008.wav,N0Sbo2g8iVs,008,spasmodic_dysphonia,clean_pool,e968cb5dbf01252fe645419e8f44aadd39b168fbb4cf4887f4cbbd14fdce84c8,16000,1,2,48000,3.0,-29.99,0.6177,0.0,train
N0Sbo2g8iVs_seg_009.wav,data/interim/segmented_clean_relaxed/spasmodic_dysphonia/N0Sbo2g8iVs_seg_009.wav,N0Sbo2g8iVs,009,spasmodic_dysphonia,clean_pool,32dd19b125855351dd19304c343c88e92b2c8fb2a17f48decc4ad881ecad7e55,16000,1,2,48000,3.0,-27.78,0.5118,0.0,train
N0Sbo2g8iVs_seg_010.wav,data/interim/segmented_clean_relaxed/spasmodic_dysphonia/N0Sbo2g8iVs_seg_010.wav,N0Sbo2g8iVs,010,spasmodic_dysphonia,clean_pool,beef99654c5b8260c2764ff28c35500793b5f9eb9f025389e7ce1beba8acad7f,16000,1,2,48000,3.0,-27.79,0.4482,0.0,train
N0Sbo2g8iVs_seg_011.wav,data/interim/segmented_clean_relaxed/spasmodic_dysphonia/N0Sbo2g8iVs_seg_011.wav,N0Sbo2g8iVs,011,spasmodic_dysphonia,clean_pool,1c9d1d0b8603f5beaf5ebcfa4f0c6bbc4bedc6c043551bae88aff8317b998b7a,16000,1,2,48000,3.0,-27.63,0.4445,0.0,train
N0Sbo2g8iVs_seg_012.wav,data/interim/segmented_clean_relaxed/spasmodic_dysphonia/N0Sbo2g8iVs_seg_012.wav,N0Sbo2g8iVs,012,spasmodic_dysphonia,clean_pool,a54f03a61646a70912fa317c92d3702f3a29caf4c7f674382dcc05aecf86b480,16000,1,2,48000,3.0,-28.21,0.5218,0.0,train
N0Sbo2g8iVs_seg_013.wav,data/interim/segmented_clean_relaxed/spasmodic_dysphonia/N0Sbo2g8iVs_seg_013.wav,N0Sbo2g8iVs,013,spasmodic_dysphonia,clean_pool,057467cfabc2cebec8aae749bc97c9cbafe171c92334718e098a8429d27ddead,16000,1,2,48000,3.0,-27.98,0.5323,0.0,train
N0Sbo2g8iVs_seg_014.wav,data/interim/segmented_clean_relaxed/spasmodic_dysphonia/N0Sbo2g8iVs_seg_014.wav,N0Sbo2g8iVs,014,spasmodic_dysphonia,clean_pool,3ea39f0de34a231fa69a2f9c15a9dc9c927c188688e2711684df4f1289a3d9a7,16000,1,2,48000,3.0,-27.58,0.5318,0.0,train
N0Sbo2g8iVs_seg_015.wav,data/interim/segmented_clean_relaxed/spasmodic_dysphonia/N0Sbo2g8iVs_seg_015.wav,N0Sbo2g8iVs,015,spasmodic_dysphonia,clean_pool,f091136aac5b036049d25de5955fd4cf00d1654e9732d9a285d63bd10706cb12,16000,1,2,48000,3.0,-27.82,0.5196,0.0,train
N0Sbo2g8iVs_seg_016.wav,data/interim/segmented_clean_relaxed/spasmodic_dysphonia/N0Sbo2g8iVs_seg_016.wav,N0Sbo2g8iVs,016,spasmodic_dysphonia,clean_pool,a58dd35736f7a9896f02b83ed1825500dfaec8e91e8e9a8a973cdad089177ade,16000,1,2,48000,3.0,-32.02,0.6615,0.0,train
N0Sbo2g8iVs_seg_017.wav,data/interim/segmented_clean_relaxed/spasmodic_dysphonia/N0Sbo2g8iVs_seg_017.wav,N0Sbo2g8iVs,017,spasmodic_dysphonia,clean_pool,c9e7c51d2db661ac3aa39cf806c7f5d7ea19297339ca8fab694c5f523e47811a,16000,1,2,48000,3.0,-25.63,0.4505,0.0,train
N0Sbo2g8iVs_seg_018.wav,data/interim/segmented_clean_relaxed/spasmodic_dysphonia/N0Sbo2g8iVs_seg_018.wav,N0Sbo2g8iVs,018,spasmodic_dysphonia,clean_pool,660933c59dea193e2ca8f79b97b93e2fca1c0c3820c1c6deb5bc18467bbf3844,16000,1,2,48000,3.0,-27.54,0.3738,0.0,train
N0Sbo2g8iVs_seg_019.wav,data/interim/segmented_clean_relaxed/spasmodic_dysphonia/N0Sbo2g8iVs_seg_019.wav,N0Sbo2g8iVs,019,spasmodic_dysphonia,clean_pool,5bceacf47c728228f4b664e77274bb523a41ac4654f8dd6d3df693170f808b4a,16000,1,2,48000,3.0,-27.79,0.6002,0.0,train
N0Sbo2g8iVs_seg_020.wav,data/interim/segmented_clean_relaxed/spasmodic_dysphonia/N0Sbo2g8iVs_seg_020.wav,N0Sbo2g8iVs,020,spasmodic_dysphonia,clean_pool,ad65f973de98994d90cf8383c2d3d995c609c83525d2dff6a91e62f7c51b9558,16000,1,2,48000,3.0,-31.64,0.6261,0.0,train
N0Sbo2g8iVs_seg_021.wav,data/interim/segmented_clean_relaxed/spasmodic_dysphonia/N0Sbo2g8iVs_seg_021.wav,N0Sbo2g8iVs,021,spasmodic_dysphonia,clean_pool,6c31467b12d3936e39ec4239ab26a38c7cbae5fdd370f006d5862ffc5eec2c83,16000,1,2,48000,3.0,-29.46,0.5669,0.0,train
N0Sbo2g8iVs_seg_022.wav,data/interim/segmented_clean_relaxed/spasmodic_dysphonia/N0Sbo2g8iVs_seg_022.wav,N0Sbo2g8iVs,022,spasmodic_dysphonia,clean_pool,257b58454bd58b8edf32341f3669bfcb1160ca9abea904f5faea6bc60d58f883,16000,1,2,48000,3.0,-30.56,0.6124,0.0,train
N0Sbo2g8iVs_seg_023.wav,data/interim/segmented_clean_relaxed/spasmodic_dysphonia/N0Sbo2g8iVs_seg_023.wav,N0Sbo2g8iVs,023,spasmodic_dysphonia,clean_pool,9ea81d22634f87410d867c1f44b954ae2b3501fc3161449fbe7096fc9ca2cdec,16000,1,2,48000,3.0,-25.52,0.4252,0.0,train
N0Sbo2g8iVs_seg_024.wav,data/interim/segmented_clean_relaxed/spasmodic_dysphonia/N0Sbo2g8iVs_seg_024.wav,N0Sbo2g8iVs,024,spasmodic_dysphonia,clean_pool,805ec9467ebe22c0858dc0b2d309db1f7d38d7f3a29f16c46ef7d8b2f8efc0fe,16000,1,2,48000,3.0,-26.9,0.4247,0.0,train
N0Sbo2g8iVs_seg_025.wav,data/interim/segmented_clean_relaxed/spasmodic_dysphonia/N0Sbo2g8iVs_seg_025.wav,N0Sbo2g8iVs,025,spasmodic_dysphonia,clean_pool,3d1481634d94be9b854668557d3947e8025e2a6fbf6e289e05fa5f8557ef2da3,16000,1,2,48000,3.0,-29.46,0.4408,0.0,train
N0Sbo2g8iVs_seg_026.wav,data/interim/segmented_clean_relaxed/spasmodic_dysphonia/N0Sbo2g8iVs_seg_026.wav,N0Sbo2g8iVs,026,spasmodic_dysphonia,clean_pool,2a4be3c013ac4fd1474fce16540438eec8bde50d9e3c0307a9586ebd71c5d658,16000,1,2,48000,3.0,-29.49,0.5299,0.0,train
N0Sbo2g8iVs_seg_027.wav,data/interim/segmented_clean_relaxed/spasmodic_dysphonia/N0Sbo2g8iVs_seg_027.wav,N0Sbo2g8iVs,027,spasmodic_dysphonia,clean_pool,e638ad8da835d29cad2e958acc55b3e0d09e8725ba5376a827ecfb399608a0a4,16000,1,2,48000,3.0,-33.66,0.7322,0.0,train
N0Sbo2g8iVs_seg_028.wav,data/interim/segmented_clean_relaxed/spasmodic_dysphonia/N0Sbo2g8iVs_seg_028.wav,N0Sbo2g8iVs,028,spasmodic_dysphonia,clean_pool,4f50c353671f62511bdb9ce01c21bbfe97f0672c7637385ca35074e17e2db7e7,16000,1,2,48000,3.0,-29.22,0.5923,0.0,train
N0Sbo2g8iVs_seg_029.wav,data/interim/segmented_clean_relaxed/spasmodic_dysphonia/N0Sbo2g8iVs_seg_029.wav,N0Sbo2g8iVs,029,spasmodic_dysphonia,clean_pool,c52928fca6be47e685a39da8c166673380d36154e71472519bb46e62c9458dcf,16000,1,2,48000,3.0,-29.44,0.6139,0.0,train
N0Sbo2g8iVs_seg_031.wav,data/interim/segmented_clean_relaxed/spasmodic_dysphonia/N0Sbo2g8iVs_seg_031.wav,N0Sbo2g8iVs,031,spasmodic_dysphonia,clean_pool,c71db34c502cfd4ae687cbe014320eeb6bbbba555ff9d17618ec9377b82e063a,16000,1,2,48000,3.0,-29.89,0.6542,0.0,train
N0Sbo2g8iVs_seg_032.wav,data/interim/segmented_clean_relaxed/spasmodic_dysphonia/N0Sbo2g8iVs_seg_032.wav,N0Sbo2g8iVs,032,spasmodic_dysphonia,clean_pool,5c9bf49cb54bf0924145f8db06df8157c499b34f2f8721b4d6ea828a82014be5,16000,1,2,48000,3.0,-28.76,0.4668,0.0,train
N0Sbo2g8iVs_seg_033.wav,data/interim/segmented_clean_relaxed/spasmodic_dysphonia/N0Sbo2g8iVs_seg_033.wav,N0Sbo2g8iVs,033,spasmodic_dysphonia,clean_pool,472a404455e778a03b1f47f674cd0dac23f70a211f9f12df6226e9160621c0f2,16000,1,2,48000,3.0,-32.86,0.6882,0.0,train
N0Sbo2g8iVs_seg_034.wav,data/interim/segmented_clean_relaxed/spasmodic_dysphonia/N0Sbo2g8iVs_seg_034.wav,N0Sbo2g8iVs,034,spasmodic_dysphonia,clean_pool,75c14e025f0abd39f46df14d8d07baf6988c5399bf483ce997e1985a0dbcd04b,16000,1,2,48000,3.0,-27.66,0.4611,0.0,train
N0Sbo2g8iVs_seg_035.wav,data/interim/segmented_clean_relaxed/spasmodic_dysphonia/N0Sbo2g8iVs_seg_035.wav,N0Sbo2g8iVs,035,spasmodic_dysphonia,clean_pool,c72d7c46ea3d4c923726f2a1522a146e67268e120832b91335b9df8c875558a9,16000,1,2,48000,3.0,-27.97,0.5625,0.0,train
N0Sbo2g8iVs_seg_036.wav,data/interim/segmented_clean_relaxed/spasmodic_dysphonia/N0Sbo2g8iVs_seg_036.wav,N0Sbo2g8iVs,036,spasmodic_dysphonia,clean_pool,ff4e7cc509a100f4eae4bc61d0a56d1b38c21f2034afb78a7745a43b46359050,16000,1,2,48000,3.0,-27.96,0.417,0.0,train
N0Sbo2g8iVs_seg_037.wav,data/interim/segmented_clean_relaxed/spasmodic_dysphonia/N0Sbo2g8iVs_seg_037.wav,N0Sbo2g8iVs,037,spasmodic_dysphonia,clean_pool,209e4125ef95d44130e69e736715c5acee7f61e3c6beb69dfd016ed06e3c27ba,16000,1,2,48000,3.0,-30.72,0.5675,0.0,train
N0Sbo2g8iVs_seg_038.wav,data/interim/segmented_clean_relaxed/spasmodic_dysphonia/N0Sbo2g8iVs_seg_038.wav,N0Sbo2g8iVs,038,spasmodic_dysphonia,clean_pool,0ab957b987fff848eaa7ffbeadb740c1357ff6bc8b7bc5a6d1f0b313ccc4d034,16000,1,2,48000,3.0,-27.47,0.6873,0.0,train
N0Sbo2g8iVs_seg_039.wav,data/interim/segmented_clean_relaxed/spasmodic_dysphonia/N0Sbo2g8iVs_seg_039.wav,N0Sbo2g8iVs,039,spasmodic_dysphonia,clean_pool,0541dcc9dcc491bf5f3edb5986911dce6da416957ac5c7ece952df7f4d25c607,16000,1,2,48000,3.0,-27.87,0.765,0.0,train
N0Sbo2g8iVs_seg_040.wav,data/interim/segmented_clean_relaxed/spasmodic_dysphonia/N0Sbo2g8iVs_seg_040.wav,N0Sbo2g8iVs,040,spasmodic_dysphonia,clean_pool,489ca9acd8276204c9dc163df66b03de8c478db054e7177a6dbadb154e91b71d,16000,1,2,48000,3.0,-27.9,0.5167,0.0,train
N0Sbo2g8iVs_seg_041.wav,data/interim/segmented_clean_relaxed/spasmodic_dysphonia/N0Sbo2g8iVs_seg_041.wav,N0Sbo2g8iVs,041,spasmodic_dysphonia,clean_pool,fac83668406129aa4c3bb3ba5127ed0fc5d2445f5fe61b287b883d0e62985b59,16000,1,2,48000,3.0,-26.65,0.4302,0.0,train
N0Sbo2g8iVs_seg_042.wav,data/interim/segmented_clean_relaxed/spasmodic_dysphonia/N0Sbo2g8iVs_seg_042.wav,N0Sbo2g8iVs,042,spasmodic_dysphonia,clean_pool,9c3c73d407de101cd92dd242ad5978e17a917c39c263956e09e644ec8c6c9255,16000,1,2,48000,3.0,-27.39,0.5695,0.0,train
N0Sbo2g8iVs_seg_043.wav,data/interim/segmented_clean_relaxed/spasmodic_dysphonia/N0Sbo2g8iVs_seg_043.wav,N0Sbo2g8iVs,043,spasmodic_dysphonia,clean_pool,4eb0de3e518ad9e0c45d2e8b34c271721d0341b33fb9f87f91ed2a74739b5bcf,16000,1,2,48000,3.0,-24.56,0.3398,0.0,train
N0Sbo2g8iVs_seg_044.wav,data/interim/segmented_clean_relaxed/spasmodic_dysphonia/N0Sbo2g8iVs_seg_044.wav,N0Sbo2g8iVs,044,spasmodic_dysphonia,clean_pool,2fb5ed8b7c8c10bc2e9064af45bf6dd34225716c746228e6d55cc9a61d891edb,16000,1,2,48000,3.0,-26.95,0.5759,0.0,train
N0Sbo2g8iVs_seg_045.wav,data/interim/segmented_clean_relaxed/spasmodic_dysphonia/N0Sbo2g8iVs_seg_045.wav,N0Sbo2g8iVs,045,spasmodic_dysphonia,clean_pool,7b88903b94c3d8ffd0bdc9e0e2f8e27fb3cedaf3c0b2b622a4a6dba2c0b269f0,16000,1,2,48000,3.0,-28.21,0.5061,0.0,train
N0Sbo2g8iVs_seg_046.wav,data/interim/segmented_clean_relaxed/spasmodic_dysphonia/N0Sbo2g8iVs_seg_046.wav,N0Sbo2g8iVs,046,spasmodic_dysphonia,clean_pool,e57b95e7f11d28bbc01e2cd984f011c4424b29395be2ce8533a52fe5542ebccf,16000,1,2,48000,3.0,-29.86,0.6577,0.0,train
n8NqvTvhf_k_seg_000.wav,data/interim/segmented_clean_relaxed/spasmodic_dysphonia/n8NqvTvhf_k_seg_000.wav,n8NqvTvhf_k,000,spasmodic_dysphonia,clean_pool,e50d75f54dbbee264bbc4995047676da2fa01f0ddd22cb92166b7aca07a29b40,16000,1,2,48000,3.0,-25.23,0.0823,0.0,train
n8NqvTvhf_k_seg_001.wav,data/interim/segmented_clean_relaxed/spasmodic_dysphonia/n8NqvTvhf_k_seg_001.wav,n8NqvTvhf_k,001,spasmodic_dysphonia,clean_pool,78c47f85711db458851b55e1627b45bf157ebd3643236f8355608ab339be244a,16000,1,2,48000,3.0,-28.1,0.2752,0.0,train
n8NqvTvhf_k_seg_002.wav,data/interim/segmented_clean_relaxed/spasmodic_dysphonia/n8NqvTvhf_k_seg_002.wav,n8NqvTvhf_k,002,spasmodic_dysphonia,clean_pool,a96fa52e750a0dbb716efffda5e2d6c37c53ecc86d070eb64b694c12909a247e,16000,1,2,48000,3.0,-29.66,0.6276,0.0,train
n8NqvTvhf_k_seg_003.wav,data/interim/segmented_clean_relaxed/spasmodic_dysphonia/n8NqvTvhf_k_seg_003.wav,n8NqvTvhf_k,003,spasmodic_dysphonia,clean_pool,18951129508e9afc28920a23049b3bab619b9486b388ae52fec52f7cb2276cce,16000,1,2,48000,3.0,-32.54,0.4194,0.0,train
n8NqvTvhf_k_seg_004.wav,data/interim/segmented_clean_relaxed/spasmodic_dysphonia/n8NqvTvhf_k_seg_004.wav,n8NqvTvhf_k,004,spasmodic_dysphonia,clean_pool,92232d54d4df5997e0f7259057ea4f34f69c11c47a080b5c700caf15c780b871,16000,1,2,48000,3.0,-32.25,0.437,0.0,train
n8NqvTvhf_k_seg_005.wav,data/interim/segmented_clean_relaxed/spasmodic_dysphonia/n8NqvTvhf_k_seg_005.wav,n8NqvTvhf_k,005,spasmodic_dysphonia,clean_pool,77cc1bfcf54522b47bccd20f2ae2b1a6583e9879fda2646d9a6c1ca6de8f6590,16000,1,2,48000,3.0,-29.74,0.3327,0.0,train
n8NqvTvhf_k_seg_006.wav,data/interim/segmented_clean_relaxed/spasmodic_dysphonia/n8NqvTvhf_k_seg_006.wav,n8NqvTvhf_k,006,spasmodic_dysphonia,clean_pool,c2199a08ff9d5f86970f57d25848d20d52ea2e1b61f63799dca374db93dda467,16000,1,2,48000,3.0,-31.07,0.2743,0.0,train
n8NqvTvhf_k_seg_007.wav,data/interim/segmented_clean_relaxed/spasmodic_dysphonia/n8NqvTvhf_k_seg_007.wav,n8NqvTvhf_k,007,spasmodic_dysphonia,clean_pool,1771520cf390699e90d6b50586bdc6e4de54e5468033371c6859f45548084568,16000,1,2,48000,3.0,-31.23,0.3984,0.0,train
n8NqvTvhf_k_seg_008.wav,data/interim/segmented_clean_relaxed/spasmodic_dysphonia/n8NqvTvhf_k_seg_008.wav,n8NqvTvhf_k,008,spasmodic_dysphonia,clean_pool,365ca202718e240c08dbb7612a1ef25523200c579e6e63ba9a367c13df339ceb,16000,1,2,48000,3.0,-29.96,0.4321,0.0,train
n8NqvTvhf_k_seg_009.wav,data/interim/segmented_clean_relaxed/spasmodic_dysphonia/n8NqvTvhf_k_seg_009.wav,n8NqvTvhf_k,009,spasmodic_dysphonia,clean_pool,056df3ac34d6903e21531f1de63ce07cafcb55eabf0876cd37c0342ce6fccbba,16000,1,2,48000,3.0,-29.08,0.3706,0.0,train
n8NqvTvhf_k_seg_010.wav,data/interim/segmented_clean_relaxed/spasmodic_dysphonia/n8NqvTvhf_k_seg_010.wav,n8NqvTvhf_k,010,spasmodic_dysphonia,clean_pool,198f930610e50ea9759c227efb635b080531a100c26e2ff137b70b553b3f0863,16000,1,2,48000,3.0,-29.41,0.3256,0.0,train
n8NqvTvhf_k_seg_011.wav,data/interim/segmented_clean_relaxed/spasmodic_dysphonia/n8NqvTvhf_k_seg_011.wav,n8NqvTvhf_k,011,spasmodic_dysphonia,clean_pool,b487a3335b752799c81d228574096cf889bc8daa85f0340e78702cd92a51e0f6,16000,1,2,48000,3.0,-29.75,0.3545,0.0,train
n8NqvTvhf_k_seg_012.wav,data/interim/segmented_clean_relaxed/spasmodic_dysphonia/n8NqvTvhf_k_seg_012.wav,n8NqvTvhf_k,012,spasmodic_dysphonia,clean_pool,c8ca02cdc0f13446166d874e8ebdd430df95e49d9acaacb3010f588d5b3eb31c,16000,1,2,48000,3.0,-29.63,0.2841,0.0,train
n8NqvTvhf_k_seg_013.wav,data/interim/segmented_clean_relaxed/spasmodic_dysphonia/n8NqvTvhf_k_seg_013.wav,n8NqvTvhf_k,013,spasmodic_dysphonia,clean_pool,dc66eeea2cf164c27da6628c30e999186c80b20a963d20b98f76845dec3b1506,16000,1,2,48000,3.0,-31.44,0.2943,0.0,train
n8NqvTvhf_k_seg_014.wav,data/interim/segmented_clean_relaxed/spasmodic_dysphonia/n8NqvTvhf_k_seg_014.wav,n8NqvTvhf_k,014,spasmodic_dysphonia,clean_pool,27501c64a7baabac881114aa70802695e00f41eb254c69056907395ab7c0f259,16000,1,2,48000,3.0,-31.75,0.3386,0.0,train
n8NqvTvhf_k_seg_015.wav,data/interim/segmented_clean_relaxed/spasmodic_dysphonia/n8NqvTvhf_k_seg_015.wav,n8NqvTvhf_k,015,spasmodic_dysphonia,clean_pool,eb9b28fae2e41d86d84eaf4f34b3a44466ff59efc1e223f10bcf455159cf812c,16000,1,2,48000,3.0,-28.98,0.3477,0.0,train
n8NqvTvhf_k_seg_016.wav,data/interim/segmented_clean_relaxed/spasmodic_dysphonia/n8NqvTvhf_k_seg_016.wav,n8NqvTvhf_k,016,spasmodic_dysphonia,clean_pool,8eea72fed045c0a5eb36a6b3b1296c549eb7c0dc0a2ee0e6fda3dcea499dfb0a,16000,1,2,48000,3.0,-30.75,0.2783,0.0,train
n8NqvTvhf_k_seg_017.wav,data/interim/segmented_clean_relaxed/spasmodic_dysphonia/n8NqvTvhf_k_seg_017.wav,n8NqvTvhf_k,017,spasmodic_dysphonia,clean_pool,7abcc836729725b1a19ebfc95fd4edac1bd617274dc4c64b51d8d1623690e3de,16000,1,2,48000,3.0,-28.16,0.3708,0.0,train
n8NqvTvhf_k_seg_018.wav,data/interim/segmented_clean_relaxed/spasmodic_dysphonia/n8NqvTvhf_k_seg_018.wav,n8NqvTvhf_k,018,spasmodic_dysphonia,clean_pool,4678a01ff455dda8aeacecfb66ad1b975e5ba651ecf0aa696e145e31c8f8dbcb,16000,1,2,48000,3.0,-29.54,0.3479,0.0,train
n8NqvTvhf_k_seg_019.wav,data/interim/segmented_clean_relaxed/spasmodic_dysphonia/n8NqvTvhf_k_seg_019.wav,n8NqvTvhf_k,019,spasmodic_dysphonia,clean_pool,01c7f177f3a9e5ce8e41d3af0ffe99d958386a985e7a9d98840afb303dc67563,16000,1,2,48000,3.0,-24.59,0.1997,0.0,train
n8NqvTvhf_k_seg_020.wav,data/interim/segmented_clean_relaxed/spasmodic_dysphonia/n8NqvTvhf_k_seg_020.wav,n8NqvTvhf_k,020,spasmodic_dysphonia,clean_pool,4ddca290e11aabb3d5afb949a23584411acf60b4a1b4425f46f49f2f2741b0e6,16000,1,2,48000,3.0,-27.44,0.314,0.0,train
n8NqvTvhf_k_seg_021.wav,data/interim/segmented_clean_relaxed/spasmodic_dysphonia/n8NqvTvhf_k_seg_021.wav,n8NqvTvhf_k,021,spasmodic_dysphonia,clean_pool,09e1c54912bd97e67a76c291048d352c2132cbe1b851173ef1182925833ecf54,16000,1,2,48000,3.0,-26.37,0.2603,0.0,train
n8NqvTvhf_k_seg_022.wav,data/interim/segmented_clean_relaxed/spasmodic_dysphonia/n8NqvTvhf_k_seg_022.wav,n8NqvTvhf_k,022,spasmodic_dysphonia,clean_pool,ed1130e88c5d068a53c54aaeb26c232d6f18024ffda7bd871330cd5bc243844f,16000,1,2,48000,3.0,-26.76,0.3631,0.0,train
n8NqvTvhf_k_seg_023.wav,data/interim/segmented_clean_relaxed/spasmodic_dysphonia/n8NqvTvhf_k_seg_023.wav,n8NqvTvhf_k,023,spasmodic_dysphonia,clean_pool,d5d8da824d5965560fbfeaa33e8559e2faab33f9f1bf39d62e707ccb5fa76f2f,16000,1,2,48000,3.0,-26.73,0.3885,0.0,train
n8NqvTvhf_k_seg_024.wav,data/interim/segmented_clean_relaxed/spasmodic_dysphonia/n8NqvTvhf_k_seg_024.wav,n8NqvTvhf_k,024,spasmodic_dysphonia,clean_pool,0db22b49a95683d5b92fed1aa198321557e4b91f853b565321e0fa2de33a6bca,16000,1,2,48000,3.0,-24.69,0.3497,0.0,train
n8NqvTvhf_k_seg_025.wav,data/interim/segmented_clean_relaxed/spasmodic_dysphonia/n8NqvTvhf_k_seg_025.wav,n8NqvTvhf_k,025,spasmodic_dysphonia,clean_pool,7e936ed74ac962e1bc2845bbe846dacb96feec6951a2a92f305f05e1503fb7f0,16000,1,2,48000,3.0,-25.99,0.2539,0.0,train
n8NqvTvhf_k_seg_026.wav,data/interim/segmented_clean_relaxed/spasmodic_dysphonia/n8NqvTvhf_k_seg_026.wav,n8NqvTvhf_k,026,spasmodic_dysphonia,clean_pool,1ca235fc67aca289728aa9e7b2fa499af0ffd57ca9abab5cd01d510f85683aee,16000,1,2,48000,3.0,-26.58,0.4136,0.0,train
n8NqvTvhf_k_seg_027.wav,data/interim/segmented_clean_relaxed/spasmodic_dysphonia/n8NqvTvhf_k_seg_027.wav,n8NqvTvhf_k,027,spasmodic_dysphonia,clean_pool,36e27806864568bfc39dd1fd69f363e4be9d219e09177b2d355402bfe7a02406,16000,1,2,48000,3.0,-30.95,0.3075,0.0,train
n8NqvTvhf_k_seg_028.wav,data/interim/segmented_clean_relaxed/spasmodic_dysphonia/n8NqvTvhf_k_seg_028.wav,n8NqvTvhf_k,028,spasmodic_dysphonia,clean_pool,c16773784b35b85eb8b6321d0621b776a9769f2cbb6da6d699366fa020c371b5,16000,1,2,48000,3.0,-26.97,0.2167,0.0,train
n8NqvTvhf_k_seg_029.wav,data/interim/segmented_clean_relaxed/spasmodic_dysphonia/n8NqvTvhf_k_seg_029.wav,n8NqvTvhf_k,029,spasmodic_dysphonia,clean_pool,62d5cdac2dc7a331179510ec143f63c009ed8eecb728b5efc0605dde24fce24f,16000,1,2,48000,3.0,-27.83,0.2,0.0,train
n8NqvTvhf_k_seg_030.wav,data/interim/segmented_clean_relaxed/spasmodic_dysphonia/n8NqvTvhf_k_seg_030.wav,n8NqvTvhf_k,030,spasmodic_dysphonia,clean_pool,a0b26ab35ec89820ba5b5aa72fe063ccfdad0f8f0dae892b8b66897f9d3835a7,16000,1,2,48000,3.0,-28.94,0.2145,0.0,train
n8NqvTvhf_k_seg_031.wav,data/interim/segmented_clean_relaxed/spasmodic_dysphonia/n8NqvTvhf_k_seg_031.wav,n8NqvTvhf_k,031,spasmodic_dysphonia,clean_pool,cb82c2c3f288b7664be94d961372835a97bda46d705781ad53acfd635ac4c092,16000,1,2,48000,3.0,-30.49,0.2741,0.0,train
n8NqvTvhf_k_seg_032.wav,data/interim/segmented_clean_relaxed/spasmodic_dysphonia/n8NqvTvhf_k_seg_032.wav,n8NqvTvhf_k,032,spasmodic_dysphonia,clean_pool,adb029554101c38a23712b451a4029953776863cce44084166449b6cfd3abc49,16000,1,2,48000,3.0,-25.92,0.2416,0.0,train
n8NqvTvhf_k_seg_033.wav,data/interim/segmented_clean_relaxed/spasmodic_dysphonia/n8NqvTvhf_k_seg_033.wav,n8NqvTvhf_k,033,spasmodic_dysphonia,clean_pool,90e0e2df9e19b77ebe27e0132b1b842f4914d1dfbf037ff55d0f017d599a54b8,16000,1,2,48000,3.0,-24.39,0.5089,0.0,train
n8NqvTvhf_k_seg_034.wav,data/interim/segmented_clean_relaxed/spasmodic_dysphonia/n8NqvTvhf_k_seg_034.wav,n8NqvTvhf_k,034,spasmodic_dysphonia,clean_pool,1ab47d888b1ff17cae72088d372228b83eaa0b79477671082de95c1c0aa62d5f,16000,1,2,48000,3.0,-27.91,0.4301,0.0,train
n8NqvTvhf_k_seg_035.wav,data/interim/segmented_clean_relaxed/spasmodic_dysphonia/n8NqvTvhf_k_seg_035.wav,n8NqvTvhf_k,035,spasmodic_dysphonia,clean_pool,b9a0ca3f2de20a4d72841de272a4906023e07179f6baeb65491a8fb2c24d5455,16000,1,2,48000,3.0,-23.67,0.2066,0.0,train
n8NqvTvhf_k_seg_036.wav,data/interim/segmented_clean_relaxed/spasmodic_dysphonia/n8NqvTvhf_k_seg_036.wav,n8NqvTvhf_k,036,spasmodic_dysphonia,clean_pool,2658c1b457e11335a6e7ff7246e6defc689a630b9a23e60d392d58455d0e8837,16000,1,2,48000,3.0,-27.5,0.4599,0.0,train
n8NqvTvhf_k_seg_037.wav,data/interim/segmented_clean_relaxed/spasmodic_dysphonia/n8NqvTvhf_k_seg_037.wav,n8NqvTvhf_k,037,spasmodic_dysphonia,clean_pool,ec12b7f763261ae45a59f929682c66909cf37c14de4c8c15a0c8a2346af2372c,16000,1,2,48000,3.0,-27.02,0.415,0.0,train
n8NqvTvhf_k_seg_038.wav,data/interim/segmented_clean_relaxed/spasmodic_dysphonia/n8NqvTvhf_k_seg_038.wav,n8NqvTvhf_k,038,spasmodic_dysphonia,clean_pool,f9ebee491e0ff23552ded6d7d5c0e4ccb859cb59144b5c46804fdfd0d3329c39,16000,1,2,48000,3.0,-25.9,0.4029,0.0,train
n8NqvTvhf_k_seg_039.wav,data/interim/segmented_clean_relaxed/spasmodic_dysphonia/n8NqvTvhf_k_seg_039.wav,n8NqvTvhf_k,039,spasmodic_dysphonia,clean_pool,541d61d6acdc1450b711a70cff5f485c8c8d9f89e97cdc17724b60045db7d49a,16000,1,2,48000,3.0,-24.57,0.4583,0.0,train
n8NqvTvhf_k_seg_040.wav,data/interim/segmented_clean_relaxed/spasmodic_dysphonia/n8NqvTvhf_k_seg_040.wav,n8NqvTvhf_k,040,spasmodic_dysphonia,clean_pool,1a9b835d39c674541f992f0a3d06583786312c2f7211fafe64298fe88b87d7f3,16000,1,2,48000,3.0,-30.55,0.5044,0.0,train
n8NqvTvhf_k_seg_041.wav,data/interim/segmented_clean_relaxed/spasmodic_dysphonia/n8NqvTvhf_k_seg_041.wav,n8NqvTvhf_k,041,spasmodic_dysphonia,clean_pool,62d338fbf044c62e2cdce2af99a855fbab13bcf56671714eaa975a71f749e8b4,16000,1,2,48000,3.0,-35.53,0.6096,0.0,train
n8NqvTvhf_k_seg_042.wav,data/interim/segmented_clean_relaxed/spasmodic_dysphonia/n8NqvTvhf_k_seg_042.wav,n8NqvTvhf_k,042,spasmodic_dysphonia,clean_pool,ed26c3246f34aa9ece4f6fa52cba827ce56b359bca2a8eb3571ae261684e8133,16000,1,2,48000,3.0,-29.34,0.5764,0.0,train
n8NqvTvhf_k_seg_043.wav,data/interim/segmented_clean_relaxed/spasmodic_dysphonia/n8NqvTvhf_k_seg_043.wav,n8NqvTvhf_k,043,spasmodic_dysphonia,clean_pool,5ed818afdd5a6644d77ee6720bb52e9f1ee40aaaa3f508e0aaff69c0992a9e63,16000,1,2,48000,3.0,-34.79,0.7247,0.0,train
n8NqvTvhf_k_seg_044.wav,data/interim/segmented_clean_relaxed/spasmodic_dysphonia/n8NqvTvhf_k_seg_044.wav,n8NqvTvhf_k,044,spasmodic_dysphonia,clean_pool,b829d1635f9f7e3e8b2f3192c23bca749e145ec9bf0ed185a615141bc78bb3da,16000,1,2,48000,3.0,-29.36,0.5719,0.0,train
n8NqvTvhf_k_seg_045.wav,data/interim/segmented_clean_relaxed/spasmodic_dysphonia/n8NqvTvhf_k_seg_045.wav,n8NqvTvhf_k,045,spasmodic_dysphonia,clean_pool,b2f31cc87aafca5fbb812ab4556dbc55bd47a85494bebd9345fd01eb36fd5522,16000,1,2,48000,3.0,-24.73,0.5993,0.0,train
n8NqvTvhf_k_seg_046.wav,data/interim/segmented_clean_relaxed/spasmodic_dysphonia/n8NqvTvhf_k_seg_046.wav,n8NqvTvhf_k,046,spasmodic_dysphonia,clean_pool,e81f0ca076ebad0449398de8e7d86789547621b5e9780822a8c6b3c3b3e24696,16000,1,2,48000,3.0,-30.51,0.6255,0.0,train
n8NqvTvhf_k_seg_047.wav,data/interim/segmented_clean_relaxed/spasmodic_dysphonia/n8NqvTvhf_k_seg_047.wav,n8NqvTvhf_k,047,spasmodic_dysphonia,clean_pool,ef19da6b3d19ea07543cdc1dda8e77acf744fb1f1483c1818a6e2d924a993c46,16000,1,2,48000,3.0,-27.67,0.6165,0.0,train
n8NqvTvhf_k_seg_048.wav,data/interim/segmented_clean_relaxed/spasmodic_dysphonia/n8NqvTvhf_k_seg_048.wav,n8NqvTvhf_k,048,spasmodic_dysphonia,clean_pool,ae467544d17666f06a57df2f2e624e9f09afd4764c77c9e5c64fbffa99b9372f,16000,1,2,48000,3.0,-31.75,0.6158,0.0,train
n8NqvTvhf_k_seg_049.wav,data/interim/segmented_clean_relaxed/spasmodic_dysphonia/n8NqvTvhf_k_seg_049.wav,n8NqvTvhf_k,049,spasmodic_dysphonia,clean_pool,3a8b711dbe9c204be34e20baa833420423d502a7aed9ccd48c3b9731a4c1d88c,16000,1,2,48000,3.0,-30.59,0.521,0.0,train
n8NqvTvhf_k_seg_050.wav,data/interim/segmented_clean_relaxed/spasmodic_dysphonia/n8NqvTvhf_k_seg_050.wav,n8NqvTvhf_k,050,spasmodic_dysphonia,clean_pool,4e5aa2a9d60efe7897f469c1500ba865040357baede6468e5166668d53afa7c9,16000,1,2,48000,3.0,-22.0,0.2288,0.0,train
n8NqvTvhf_k_seg_051.wav,data/interim/segmented_clean_relaxed/spasmodic_dysphonia/n8NqvTvhf_k_seg_051.wav,n8NqvTvhf_k,051,spasmodic_dysphonia,clean_pool,38eb522390f865d28cc95b567b884874f644084d5b88033122a393b4c7fb299c,16000,1,2,48000,3.0,-22.81,0.1187,0.0,train
n8NqvTvhf_k_seg_052.wav,data/interim/segmented_clean_relaxed/spasmodic_dysphonia/n8NqvTvhf_k_seg_052.wav,n8NqvTvhf_k,052,spasmodic_dysphonia,clean_pool,7b2ca2207f5dcadc9cbff815878b709514c05406a26210a3b01741ddaefa7a58,16000,1,2,48000,3.0,-24.31,0.1246,0.0,train
n8NqvTvhf_k_seg_053.wav,data/interim/segmented_clean_relaxed/spasmodic_dysphonia/n8NqvTvhf_k_seg_053.wav,n8NqvTvhf_k,053,spasmodic_dysphonia,clean_pool,e6fea0bcbf2dd5e0d13ddad6f5d609091c3f3932a82da5af57a75d81bfc2d0ed,16000,1,2,48000,3.0,-24.78,0.1471,0.0,train
n8NqvTvhf_k_seg_054.wav,data/interim/segmented_clean_relaxed/spasmodic_dysphonia/n8NqvTvhf_k_seg_054.wav,n8NqvTvhf_k,054,spasmodic_dysphonia,clean_pool,5713df32e9208731ecbf36655e824c0b20aef6db1380eee18a103e136a265e95,16000,1,2,48000,3.0,-24.84,0.1501,0.0,train
n8NqvTvhf_k_seg_055.wav,data/interim/segmented_clean_relaxed/spasmodic_dysphonia/n8NqvTvhf_k_seg_055.wav,n8NqvTvhf_k,055,spasmodic_dysphonia,clean_pool,71f1ce7176d4a9611cbb8aa7aa7a175c7e7762018b74846b566f5272b830e460,16000,1,2,48000,3.0,-21.14,0.1049,0.0,train
n8NqvTvhf_k_seg_056.wav,data/interim/segmented_clean_relaxed/spasmodic_dysphonia/n8NqvTvhf_k_seg_056.wav,n8NqvTvhf_k,056,spasmodic_dysphonia,clean_pool,a4855c0a64cd62d6399c215e670696ee2ecc55954f1f94e26f6dee57d3d276f0,16000,1,2,48000,3.0,-23.34,0.1264,0.0,train
n8NqvTvhf_k_seg_057.wav,data/interim/segmented_clean_relaxed/spasmodic_dysphonia/n8NqvTvhf_k_seg_057.wav,n8NqvTvhf_k,057,spasmodic_dysphonia,clean_pool,052292f9344258fd266e735c5cd1cc08f12b98a7c57b324521f79ca61cd52506,16000,1,2,48000,3.0,-24.45,0.1355,0.0,train
n8NqvTvhf_k_seg_058.wav,data/interim/segmented_clean_relaxed/spasmodic_dysphonia/n8NqvTvhf_k_seg_058.wav,n8NqvTvhf_k,058,spasmodic_dysphonia,clean_pool,ece3f1a048dd5a1dba4ed48c1fd0ff655b7118cef2c0778c00d3e7e3ca1a27e0,16000,1,2,48000,3.0,-24.57,0.1255,0.0,train
n8NqvTvhf_k_seg_059.wav,data/interim/segmented_clean_relaxed/spasmodic_dysphonia/n8NqvTvhf_k_seg_059.wav,n8NqvTvhf_k,059,spasmodic_dysphonia,clean_pool,49bf5d057e7f221d87ff2def5e8c35407e114049976eeda80dcfed96610f750c,16000,1,2,48000,3.0,-23.91,0.1202,0.0,train
n8NqvTvhf_k_seg_060.wav,data/interim/segmented_clean_relaxed/spasmodic_dysphonia/n8NqvTvhf_k_seg_060.wav,n8NqvTvhf_k,060,spasmodic_dysphonia,clean_pool,747a6ae11c7108cc8fc1d60d45dfa4a2ae34636e63a6a2d5c1fe83a1f82b918d,16000,1,2,48000,3.0,-23.33,0.114,0.0,train
n8NqvTvhf_k_seg_061.wav,data/interim/segmented_clean_relaxed/spasmodic_dysphonia/n8NqvTvhf_k_seg_061.wav,n8NqvTvhf_k,061,spasmodic_dysphonia,clean_pool,1d72982196b89546443aa79d870e146b888b3031f8eebbc936b29614269278a4,16000,1,2,48000,3.0,-23.71,0.1238,0.0,train
n8NqvTvhf_k_seg_062.wav,data/interim/segmented_clean_relaxed/spasmodic_dysphonia/n8NqvTvhf_k_seg_062.wav,n8NqvTvhf_k,062,spasmodic_dysphonia,clean_pool,04f7ad453a48af7fd316bf297a0c285fa3715ef741ddeaf6c2eb514303824c24,16000,1,2,48000,3.0,-24.99,0.1571,0.0,train
n8NqvTvhf_k_seg_063.wav,data/interim/segmented_clean_relaxed/spasmodic_dysphonia/n8NqvTvhf_k_seg_063.wav,n8NqvTvhf_k,063,spasmodic_dysphonia,clean_pool,b2c2ec2896cfa50db8f29cc6a7d7445efcca65714c814e84af90a42fd95883d3,16000,1,2,48000,3.0,-24.19,0.1041,0.0,train
n8NqvTvhf_k_seg_064.wav,data/interim/segmented_clean_relaxed/spasmodic_dysphonia/n8NqvTvhf_k_seg_064.wav,n8NqvTvhf_k,064,spasmodic_dysphonia,clean_pool,47ec9ad3aeccd5c46f2fa0569899ec6bfd8a4028cd49d37d8d4506081ceecb1c,16000,1,2,48000,3.0,-24.82,0.1306,0.0,train
n8NqvTvhf_k_seg_065.wav,data/interim/segmented_clean_relaxed/spasmodic_dysphonia/n8NqvTvhf_k_seg_065.wav,n8NqvTvhf_k,065,spasmodic_dysphonia,clean_pool,4e2d7052b3e2468702b608e4a2ef68de7e16723ac26b9c18a9ea0556373869d3,16000,1,2,48000,3.0,-23.91,0.1773,0.0,train
n8NqvTvhf_k_seg_066.wav,data/interim/segmented_clean_relaxed/spasmodic_dysphonia/n8NqvTvhf_k_seg_066.wav,n8NqvTvhf_k,066,spasmodic_dysphonia,clean_pool,38f4b35dc733000e05b6539693f2def683524e2dfaa24bbbd66cdaa22e97ea34,16000,1,2,48000,3.0,-26.99,0.3012,0.0,train
n8NqvTvhf_k_seg_067.wav,data/interim/segmented_clean_relaxed/spasmodic_dysphonia/n8NqvTvhf_k_seg_067.wav,n8NqvTvhf_k,067,spasmodic_dysphonia,clean_pool,1180c47e190193b9a3f806c1a428784365b19c11bd416686758a55f5e78bb28b,16000,1,2,48000,3.0,-27.83,0.3307,0.0,train
n8NqvTvhf_k_seg_068.wav,data/interim/segmented_clean_relaxed/spasmodic_dysphonia/n8NqvTvhf_k_seg_068.wav,n8NqvTvhf_k,068,spasmodic_dysphonia,clean_pool,472f973ff16220fbe8f9a342ddce3e99206b7cb847144cf0d0502940c8423300,16000,1,2,48000,3.0,-27.98,0.2953,0.0,train
n8NqvTvhf_k_seg_069.wav,data/interim/segmented_clean_relaxed/spasmodic_dysphonia/n8NqvTvhf_k_seg_069.wav,n8NqvTvhf_k,069,spasmodic_dysphonia,clean_pool,190406525247fbda7684f0b0ecd34f4545dae293b1af9e1a1219c38adfaa2155,16000,1,2,48000,3.0,-27.64,0.2206,0.0,train
n8NqvTvhf_k_seg_070.wav,data/interim/segmented_clean_relaxed/spasmodic_dysphonia/n8NqvTvhf_k_seg_070.wav,n8NqvTvhf_k,070,spasmodic_dysphonia,clean_pool,611241be836cfaa44cc19e27027b0cb1751f803e5e3e4f17c75da4c21520fd59,16000,1,2,48000,3.0,-31.05,0.2684,0.0,train
n8NqvTvhf_k_seg_071.wav,data/interim/segmented_clean_relaxed/spasmodic_dysphonia/n8NqvTvhf_k_seg_071.wav,n8NqvTvhf_k,071,spasmodic_dysphonia,clean_pool,21debcd79f1eb707b9f14f70c7cf3b6a2ed434dd14fc6381955200ca73f2e3d5,16000,1,2,48000,3.0,-26.74,0.0671,0.0,train
n8NqvTvhf_k_seg_072.wav,data/interim/segmented_clean_relaxed/spasmodic_dysphonia/n8NqvTvhf_k_seg_072.wav,n8NqvTvhf_k,072,spasmodic_dysphonia,clean_pool,7e9e3a80d6ab1170bc02176ca47d4a1ebab3ad65210c9d9118ce0ef51fda6f06,16000,1,2,48000,3.0,-25.06,0.0544,0.0,train
n8NqvTvhf_k_seg_073.wav,data/interim/segmented_clean_relaxed/spasmodic_dysphonia/n8NqvTvhf_k_seg_073.wav,n8NqvTvhf_k,073,spasmodic_dysphonia,clean_pool,8031b973613218191cde2309589f2874bab3312565c240dce354b12bff381c3d,16000,1,2,42528,2.658,-28.96,0.1058,0.0,train
nIqc5Oj4grM_seg_000.wav,data/interim/segmented_clean_relaxed/spasmodic_dysphonia/nIqc5Oj4grM_seg_000.wav,nIqc5Oj4grM,000,spasmodic_dysphonia,clean_pool,e42434119bbf8c653dd4db6387d0ea53eb3a58a7d448b86157a065e95017f131,16000,1,2,48000,3.0,-31.2,0.1398,0.0,test
nIqc5Oj4grM_seg_001.wav,data/interim/segmented_clean_relaxed/spasmodic_dysphonia/nIqc5Oj4grM_seg_001.wav,nIqc5Oj4grM,001,spasmodic_dysphonia,clean_pool,6cb6ee65e46d7864bd09df026fe9c562ac9e14001a143895d2d4f333ffdd8e96,16000,1,2,48000,3.0,-21.9,0.1825,0.0,test
nIqc5Oj4grM_seg_002.wav,data/interim/segmented_clean_relaxed/spasmodic_dysphonia/nIqc5Oj4grM_seg_002.wav,nIqc5Oj4grM,002,spasmodic_dysphonia,clean_pool,9fedbf683bd05c5a653b5919520c6f5fa7e40fe30134d3364791bb33018df724,16000,1,2,48000,3.0,-28.73,0.5911,0.0,test
nIqc5Oj4grM_seg_003.wav,data/interim/segmented_clean_relaxed/spasmodic_dysphonia/nIqc5Oj4grM_seg_003.wav,nIqc5Oj4grM,003,spasmodic_dysphonia,clean_pool,08c7f88705f5a44120e26d7811966b2a6ef2da8b9d4dba38bfe7a63540ea632e,16000,1,2,48000,3.0,-23.61,0.3914,0.0,test
nIqc5Oj4grM_seg_004.wav,data/interim/segmented_clean_relaxed/spasmodic_dysphonia/nIqc5Oj4grM_seg_004.wav,nIqc5Oj4grM,004,spasmodic_dysphonia,clean_pool,45e807452841b1fc0295f0a097e2df205a4b377ba1eef4c6be60544d14faa813,16000,1,2,48000,3.0,-25.02,0.2737,0.0,test
nIqc5Oj4grM_seg_005.wav,data/interim/segmented_clean_relaxed/spasmodic_dysphonia/nIqc5Oj4grM_seg_005.wav,nIqc5Oj4grM,005,spasmodic_dysphonia,clean_pool,793535f1371bafbcd72d94b6900bbf8a09bee67929d5fe253e92b087903654d8,16000,1,2,48000,3.0,-26.14,0.2472,0.0,test
nIqc5Oj4grM_seg_006.wav,data/interim/segmented_clean_relaxed/spasmodic_dysphonia/nIqc5Oj4grM_seg_006.wav,nIqc5Oj4grM,006,spasmodic_dysphonia,clean_pool,91f4b788b3b3f624290629f7d2dbc09ab00d9353b9d2676b65c3b812512b2de2,16000,1,2,48000,3.0,-26.3,0.2682,0.0,test
nIqc5Oj4grM_seg_007.wav,data/interim/segmented_clean_relaxed/spasmodic_dysphonia/nIqc5Oj4grM_seg_007.wav,nIqc5Oj4grM,007,spasmodic_dysphonia,clean_pool,6b766302733d01bed5ae7be7e0199de1caef94711968b6f64e50e07a342fac16,16000,1,2,48000,3.0,-22.56,0.258,0.0,test
nIqc5Oj4grM_seg_008.wav,data/interim/segmented_clean_relaxed/spasmodic_dysphonia/nIqc5Oj4grM_seg_008.wav,nIqc5Oj4grM,008,spasmodic_dysphonia,clean_pool,2effed4a5cfaa615f5ef634a1133c590ffdcbe9775db202a291a6e9ba0a4d71e,16000,1,2,48000,3.0,-24.85,0.1836,0.0,test
nIqc5Oj4grM_seg_009.wav,data/interim/segmented_clean_relaxed/spasmodic_dysphonia/nIqc5Oj4grM_seg_009.wav,nIqc5Oj4grM,009,spasmodic_dysphonia,clean_pool,e27dfbb60aa43f7705526ab086380b2afdb7f6e174ea9872b9877674122a3285,16000,1,2,48000,3.0,-25.65,0.1705,0.0,test
nIqc5Oj4grM_seg_010.wav,data/interim/segmented_clean_relaxed/spasmodic_dysphonia/nIqc5Oj4grM_seg_010.wav,nIqc5Oj4grM,010,spasmodic_dysphonia,clean_pool,4790a2c4b1c92872dd794ca34cae37a400576cceae026fa7ef3282aed04d0c4d,16000,1,2,48000,3.0,-24.27,0.2247,0.0,test
nIqc5Oj4grM_seg_011.wav,data/interim/segmented_clean_relaxed/spasmodic_dysphonia/nIqc5Oj4grM_seg_011.wav,nIqc5Oj4grM,011,spasmodic_dysphonia,clean_pool,8ccbd2155ef4c20d479a918eb4051b1a53ec5a70b72a9bd412e3818670340022,16000,1,2,48000,3.0,-26.69,0.223,0.0,test
nIqc5Oj4grM_seg_012.wav,data/interim/segmented_clean_relaxed/spasmodic_dysphonia/nIqc5Oj4grM_seg_012.wav,nIqc5Oj4grM,012,spasmodic_dysphonia,clean_pool,750006d0500f6bd3a9f6b57918efcb2b13b977cb7e2d9bc0158e4a4bf13e7d7d,16000,1,2,48000,3.0,-26.96,0.2642,0.0,test
nIqc5Oj4grM_seg_013.wav,data/interim/segmented_clean_relaxed/spasmodic_dysphonia/nIqc5Oj4grM_seg_013.wav,nIqc5Oj4grM,013,spasmodic_dysphonia,clean_pool,07776866916ebe53fdcd3a66fbc1531dfb22c3add7fc4fc819437409a7b78acf,16000,1,2,48000,3.0,-28.38,0.2595,0.0,test
nIqc5Oj4grM_seg_014.wav,data/interim/segmented_clean_relaxed/spasmodic_dysphonia/nIqc5Oj4grM_seg_014.wav,nIqc5Oj4grM,014,spasmodic_dysphonia,clean_pool,9cc6490dd095eff7fa7712d58160d9eb3f15ee72f97ed53d058ac2b22bcd59ba,16000,1,2,48000,3.0,-25.22,0.2782,0.0,test
nIqc5Oj4grM_seg_015.wav,data/interim/segmented_clean_relaxed/spasmodic_dysphonia/nIqc5Oj4grM_seg_015.wav,nIqc5Oj4grM,015,spasmodic_dysphonia,clean_pool,2d38dfc59741e09dd2e650f568a443904badac7a8de8913e30d9b3276f34a7c4,16000,1,2,48000,3.0,-25.78,0.2153,0.0,test
nIqc5Oj4grM_seg_016.wav,data/interim/segmented_clean_relaxed/spasmodic_dysphonia/nIqc5Oj4grM_seg_016.wav,nIqc5Oj4grM,016,spasmodic_dysphonia,clean_pool,4bf7e66304aaa4f1222bc11d65dfabc96e771c34fc0e346b040c060adc9a7804,16000,1,2,48000,3.0,-27.07,0.2562,0.0,test
nIqc5Oj4grM_seg_017.wav,data/interim/segmented_clean_relaxed/spasmodic_dysphonia/nIqc5Oj4grM_seg_017.wav,nIqc5Oj4grM,017,spasmodic_dysphonia,clean_pool,c711bb1c4c0eea77cf50d6f6f9097c8735f7e5893da3aafddb534183abe68436,16000,1,2,48000,3.0,-25.42,0.3457,0.0,test
nIqc5Oj4grM_seg_018.wav,data/interim/segmented_clean_relaxed/spasmodic_dysphonia/nIqc5Oj4grM_seg_018.wav,nIqc5Oj4grM,018,spasmodic_dysphonia,clean_pool,7c494f8164ead93c28a7f6b4f167c31985d669497f7c4e6632a39f28a9c8cdf8,16000,1,2,48000,3.0,-30.11,0.299,0.0,test
nIqc5Oj4grM_seg_019.wav,data/interim/segmented_clean_relaxed/spasmodic_dysphonia/nIqc5Oj4grM_seg_019.wav,nIqc5Oj4grM,019,spasmodic_dysphonia,clean_pool,c91ad7d61cf6d7bd5fd837d02d94ec1c35971e676f529f303275d9cb2e204d6a,16000,1,2,48000,3.0,-21.63,0.1907,0.0,test
nIqc5Oj4grM_seg_020.wav,data/interim/segmented_clean_relaxed/spasmodic_dysphonia/nIqc5Oj4grM_seg_020.wav,nIqc5Oj4grM,020,spasmodic_dysphonia,clean_pool,fa2ac1398194f223b8c1af2975834e87b11991c82ce0ac60a3509777ef9e2e34,16000,1,2,48000,3.0,-25.49,0.2879,0.0,test
nIqc5Oj4grM_seg_021.wav,data/interim/segmented_clean_relaxed/spasmodic_dysphonia/nIqc5Oj4grM_seg_021.wav,nIqc5Oj4grM,021,spasmodic_dysphonia,clean_pool,ffc53b2ac69340027f185c2beca0b523bdb9cf91a93482d96e59cc327de6e0fb,16000,1,2,48000,3.0,-30.76,0.4695,0.0,test
nIqc5Oj4grM_seg_022.wav,data/interim/segmented_clean_relaxed/spasmodic_dysphonia/nIqc5Oj4grM_seg_022.wav,nIqc5Oj4grM,022,spasmodic_dysphonia,clean_pool,2e51392bc7e83aceba3690e4fe69ee8fdf5652dcc4c359d78a0c8f1f7be21c20,16000,1,2,48000,3.0,-23.55,0.2368,0.0,test
nIqc5Oj4grM_seg_023.wav,data/interim/segmented_clean_relaxed/spasmodic_dysphonia/nIqc5Oj4grM_seg_023.wav,nIqc5Oj4grM,023,spasmodic_dysphonia,clean_pool,2d2146e37363e53a3ba541e5ff1d69cbc2caf8ee0cb783561c5be8488835a921,16000,1,2,48000,3.0,-24.91,0.2639,0.0,test
nIqc5Oj4grM_seg_024.wav,data/interim/segmented_clean_relaxed/spasmodic_dysphonia/nIqc5Oj4grM_seg_024.wav,nIqc5Oj4grM,024,spasmodic_dysphonia,clean_pool,06e2bcc5ea50aa978c6645051375c78dbd2a656ff9fc62c77e9eb21ce177e109,16000,1,2,48000,3.0,-27.87,0.21,0.0,test
nIqc5Oj4grM_seg_025.wav,data/interim/segmented_clean_relaxed/spasmodic_dysphonia/nIqc5Oj4grM_seg_025.wav,nIqc5Oj4grM,025,spasmodic_dysphonia,clean_pool,1ce2661fbd8258c40433972f67451071c1ec670dfaa72312cd5bff6c2d233ed1,16000,1,2,48000,3.0,-26.66,0.3637,0.0,test
nIqc5Oj4grM_seg_026.wav,data/interim/segmented_clean_relaxed/spasmodic_dysphonia/nIqc5Oj4grM_seg_026.wav,nIqc5Oj4grM,026,spasmodic_dysphonia,clean_pool,e91a06d966e976e4db30a46a8d428354a1be1938657f4f719f58698fd190ce33,16000,1,2,48000,3.0,-25.07,0.3186,0.0,test
nIqc5Oj4grM_seg_027.wav,data/interim/segmented_clean_relaxed/spasmodic_dysphonia/nIqc5Oj4grM_seg_027.wav,nIqc5Oj4grM,027,spasmodic_dysphonia,clean_pool,f51c7825c52a1f8067b991cf6e9d7ee2ef3c312ef57c186b44bde009ca3f54b6,16000,1,2,48000,3.0,-23.72,0.2065,0.0,test
nIqc5Oj4grM_seg_028.wav,data/interim/segmented_clean_relaxed/spasmodic_dysphonia/nIqc5Oj4grM_seg_028.wav,nIqc5Oj4grM,028,spasmodic_dysphonia,clean_pool,bc84668b1188bf480dbf75efe8be20fb71a3a38471082d389ec1435809b59ca1,16000,1,2,48000,3.0,-26.11,0.3217,0.0,test
nIqc5Oj4grM_seg_029.wav,data/interim/segmented_clean_relaxed/spasmodic_dysphonia/nIqc5Oj4grM_seg_029.wav,nIqc5Oj4grM,029,spasmodic_dysphonia,clean_pool,20c4943d4c851a8ca1e23aeeb0b2828a093865dd8f7edf67f1503da2dc0147df,16000,1,2,48000,3.0,-25.64,0.1922,0.0,test
nIqc5Oj4grM_seg_030.wav,data/interim/segmented_clean_relaxed/spasmodic_dysphonia/nIqc5Oj4grM_seg_030.wav,nIqc5Oj4grM,030,spasmodic_dysphonia,clean_pool,5a39608704dcb4a50ed7de6b6b9d0715c712c2060b4379122bf35857bd15d0a1,16000,1,2,48000,3.0,-23.32,0.2196,0.0,test
nIqc5Oj4grM_seg_031.wav,data/interim/segmented_clean_relaxed/spasmodic_dysphonia/nIqc5Oj4grM_seg_031.wav,nIqc5Oj4grM,031,spasmodic_dysphonia,clean_pool,bc8056e5a67c3077234a750503c3119db0d369bda4f414dcf4deecd1a7660807,16000,1,2,48000,3.0,-25.8,0.2514,0.0,test
nIqc5Oj4grM_seg_032.wav,data/interim/segmented_clean_relaxed/spasmodic_dysphonia/nIqc5Oj4grM_seg_032.wav,nIqc5Oj4grM,032,spasmodic_dysphonia,clean_pool,c55fcb18462415ffc8a7049845fdbb54cf79ed16568f2f7879219d08f0d5549c,16000,1,2,48000,3.0,-24.62,0.2454,0.0,test
nIqc5Oj4grM_seg_033.wav,data/interim/segmented_clean_relaxed/spasmodic_dysphonia/nIqc5Oj4grM_seg_033.wav,nIqc5Oj4grM,033,spasmodic_dysphonia,clean_pool,f6128eab71512f316ac29b487fe9e9007544857d344e7b6e0732dd785a21ff48,16000,1,2,48000,3.0,-22.84,0.1469,0.0,test
nIqc5Oj4grM_seg_034.wav,data/interim/segmented_clean_relaxed/spasmodic_dysphonia/nIqc5Oj4grM_seg_034.wav,nIqc5Oj4grM,034,spasmodic_dysphonia,clean_pool,36cbe6f0573ef09116d67f1b6f8893e90bd97a2b15bfcd2855281bac1ccf9598,16000,1,2,48000,3.0,-24.28,0.1679,0.0,test
nIqc5Oj4grM_seg_035.wav,data/interim/segmented_clean_relaxed/spasmodic_dysphonia/nIqc5Oj4grM_seg_035.wav,nIqc5Oj4grM,035,spasmodic_dysphonia,clean_pool,81e3579a98a5b35cdd3f0da434a87f452e451efaf0ce72314d72714a81c8d568,16000,1,2,48000,3.0,-26.47,0.2673,0.0,test
nIqc5Oj4grM_seg_036.wav,data/interim/segmented_clean_relaxed/spasmodic_dysphonia/nIqc5Oj4grM_seg_036.wav,nIqc5Oj4grM,036,spasmodic_dysphonia,clean_pool,87e7e40608efe28a8e6c826a7526006a81f99264d47615c77f1f36c983c2789b,16000,1,2,48000,3.0,-25.62,0.1803,0.0,test
nIqc5Oj4grM_seg_037.wav,data/interim/segmented_clean_relaxed/spasmodic_dysphonia/nIqc5Oj4grM_seg_037.wav,nIqc5Oj4grM,037,spasmodic_dysphonia,clean_pool,ee62cdda437c9c039d486b0b3aeeb25a300d42d3f6dd94ba37838bc68d6536d5,16000,1,2,48000,3.0,-22.84,0.2245,0.0,test
nIqc5Oj4grM_seg_038.wav,data/interim/segmented_clean_relaxed/spasmodic_dysphonia/nIqc5Oj4grM_seg_038.wav,nIqc5Oj4grM,038,spasmodic_dysphonia,clean_pool,27d6b19c4f693abf9f5c07a763398f82252dc7b5da69013645b1923bee16f29a,16000,1,2,48000,3.0,-25.35,0.2654,0.0,test
nIqc5Oj4grM_seg_039.wav,data/interim/segmented_clean_relaxed/spasmodic_dysphonia/nIqc5Oj4grM_seg_039.wav,nIqc5Oj4grM,039,spasmodic_dysphonia,clean_pool,cb9ae02f84fb49013426f64b0f794630e2f5eb106b1d0d32330b29338cea4c44,16000,1,2,48000,3.0,-22.7,0.1833,0.0,test
nIqc5Oj4grM_seg_040.wav,data/interim/segmented_clean_relaxed/spasmodic_dysphonia/nIqc5Oj4grM_seg_040.wav,nIqc5Oj4grM,040,spasmodic_dysphonia,clean_pool,abb12fa3cd792d3b51acbfb2a26437f2d009fddaebf7c270b890b664ee2d8e44,16000,1,2,48000,3.0,-23.65,0.1723,0.0,test
nIqc5Oj4grM_seg_041.wav,data/interim/segmented_clean_relaxed/spasmodic_dysphonia/nIqc5Oj4grM_seg_041.wav,nIqc5Oj4grM,041,spasmodic_dysphonia,clean_pool,d61f86d4d39d8b089af9fb1aef683aca0f0bce3c927298b9e0d6373f3eb1e9f4,16000,1,2,48000,3.0,-24.64,0.2434,0.0,test
nIqc5Oj4grM_seg_042.wav,data/interim/segmented_clean_relaxed/spasmodic_dysphonia/nIqc5Oj4grM_seg_042.wav,nIqc5Oj4grM,042,spasmodic_dysphonia,clean_pool,4cb0223ed401d35dcd358cffbbbc6f885e0800343a219256d9f2202711a1047b,16000,1,2,48000,3.0,-24.41,0.1604,0.0,test
nIqc5Oj4grM_seg_043.wav,data/interim/segmented_clean_relaxed/spasmodic_dysphonia/nIqc5Oj4grM_seg_043.wav,nIqc5Oj4grM,043,spasmodic_dysphonia,clean_pool,f4577af76ffdce8398441e2614c6c2d799cb9e6b0a306d17570cf58916a0c48f,16000,1,2,48000,3.0,-24.48,0.1895,0.0,test
nIqc5Oj4grM_seg_044.wav,data/interim/segmented_clean_relaxed/spasmodic_dysphonia/nIqc5Oj4grM_seg_044.wav,nIqc5Oj4grM,044,spasmodic_dysphonia,clean_pool,196736a9c429aa6f45d473cd99273e8c6733f419b82e3624d02a7bc9687ab890,16000,1,2,48000,3.0,-22.51,0.286,8.3e-05,test
nIqc5Oj4grM_seg_045.wav,data/interim/segmented_clean_relaxed/spasmodic_dysphonia/nIqc5Oj4grM_seg_045.wav,nIqc5Oj4grM,045,spasmodic_dysphonia,clean_pool,e2540d246d6c6592a8cf78268a9f9733ec655bc00958187ea7bcb8432be3cac1,16000,1,2,48000,3.0,-25.67,0.2376,0.0,test
nIqc5Oj4grM_seg_046.wav,data/interim/segmented_clean_relaxed/spasmodic_dysphonia/nIqc5Oj4grM_seg_046.wav,nIqc5Oj4grM,046,spasmodic_dysphonia,clean_pool,b1939a048bb844703afa01f46d2a5dd2c6b68fbab6d4c82d9e6153048e6212a0,16000,1,2,48000,3.0,-25.32,0.2595,0.0,test
nIqc5Oj4grM_seg_047.wav,data/interim/segmented_clean_relaxed/spasmodic_dysphonia/nIqc5Oj4grM_seg_047.wav,nIqc5Oj4grM,047,spasmodic_dysphonia,clean_pool,4fa8932ea065b8591f10fd930cf5b1d731e8ab0b5bedf4facee3b438555fcda2,16000,1,2,48000,3.0,-26.4,0.2353,0.0,test
nIqc5Oj4grM_seg_048.wav,data/interim/segmented_clean_relaxed/spasmodic_dysphonia/nIqc5Oj4grM_seg_048.wav,nIqc5Oj4grM,048,spasmodic_dysphonia,clean_pool,40494be68f5570704c7783b6da299126962f58a71df8f6cda5d68dd58912c4fd,16000,1,2,48000,3.0,-24.48,0.2906,0.0,test
nIqc5Oj4grM_seg_049.wav,data/interim/segmented_clean_relaxed/spasmodic_dysphonia/nIqc5Oj4grM_seg_049.wav,nIqc5Oj4grM,049,spasmodic_dysphonia,clean_pool,a81dec54de409458dfcc30664ec4dcee5e99d8bcc1526e915bec2512554373b1,16000,1,2,48000,3.0,-27.06,0.2559,0.0,test
nIqc5Oj4grM_seg_050.wav,data/interim/segmented_clean_relaxed/spasmodic_dysphonia/nIqc5Oj4grM_seg_050.wav,nIqc5Oj4grM,050,spasmodic_dysphonia,clean_pool,f7b74379c875f05d408a5a556ed427d0170576e4a504d1f4ad9bef4b16bfb3e5,16000,1,2,48000,3.0,-26.53,0.2591,0.0,test
nIqc5Oj4grM_seg_051.wav,data/interim/segmented_clean_relaxed/spasmodic_dysphonia/nIqc5Oj4grM_seg_051.wav,nIqc5Oj4grM,051,spasmodic_dysphonia,clean_pool,cc6a5944be24b977a3b5abcf88ada49895dca35ab3d7552f5f6f3a633c6d4412,16000,1,2,48000,3.0,-27.94,0.3181,0.0,test
nIqc5Oj4grM_seg_052.wav,data/interim/segmented_clean_relaxed/spasmodic_dysphonia/nIqc5Oj4grM_seg_052.wav,nIqc5Oj4grM,052,spasmodic_dysphonia,clean_pool,9941497c62b04ecaa9c3c9fa1e6084a7d86e075b12030e258d381ea33ce58789,16000,1,2,48000,3.0,-29.05,0.288,0.0,test
nIqc5Oj4grM_seg_053.wav,data/interim/segmented_clean_relaxed/spasmodic_dysphonia/nIqc5Oj4grM_seg_053.wav,nIqc5Oj4grM,053,spasmodic_dysphonia,clean_pool,64828a394d52d2c9e032a11fb79d090cacd4f0634b418461723a6154ae5ea387,16000,1,2,48000,3.0,-29.34,0.2815,0.0,test
nIqc5Oj4grM_seg_054.wav,data/interim/segmented_clean_relaxed/spasmodic_dysphonia/nIqc5Oj4grM_seg_054.wav,nIqc5Oj4grM,054,spasmodic_dysphonia,clean_pool,face599be96ebd0aceb4a9e29f8ac799bfe995b77e0ac0af101a8961eb89d015,16000,1,2,48000,3.0,-22.09,0.2963,0.0,test
nIqc5Oj4grM_seg_055.wav,data/interim/segmented_clean_relaxed/spasmodic_dysphonia/nIqc5Oj4grM_seg_055.wav,nIqc5Oj4grM,055,spasmodic_dysphonia,clean_pool,d9c99e23d82e92d7c118d90fe696dd0f0d767026bc1c529f7fb4ad638a6ff347,16000,1,2,48000,3.0,-26.24,0.2142,0.0,test
nIqc5Oj4grM_seg_056.wav,data/interim/segmented_clean_relaxed/spasmodic_dysphonia/nIqc5Oj4grM_seg_056.wav,nIqc5Oj4grM,056,spasmodic_dysphonia,clean_pool,8569eb9bfc1b6739eacfd5d0693f71b3e3c78274455b76f58e64dcdab839757c,16000,1,2,48000,3.0,-25.24,0.2099,0.0,test
nIqc5Oj4grM_seg_057.wav,data/interim/segmented_clean_relaxed/spasmodic_dysphonia/nIqc5Oj4grM_seg_057.wav,nIqc5Oj4grM,057,spasmodic_dysphonia,clean_pool,bc853ee5efbd5992da840f851b0aed64a5c06367795d67f4336528017c34fb21,16000,1,2,48000,3.0,-29.24,0.2664,0.0,test
nIqc5Oj4grM_seg_058.wav,data/interim/segmented_clean_relaxed/spasmodic_dysphonia/nIqc5Oj4grM_seg_058.wav,nIqc5Oj4grM,058,spasmodic_dysphonia,clean_pool,311c3823e6d015c24f2d5cdedc41c07f5cda7047c1984b6fdc57a33a70423702,16000,1,2,48000,3.0,-24.89,0.2031,0.0,test
nIqc5Oj4grM_seg_059.wav,data/interim/segmented_clean_relaxed/spasmodic_dysphonia/nIqc5Oj4grM_seg_059.wav,nIqc5Oj4grM,059,spasmodic_dysphonia,clean_pool,4b3964d2b9f05bde2fcfc15560488c3f3b82060f2ab1d649b5e1b65fb0067e65,16000,1,2,48000,3.0,-26.25,0.3457,0.0,test
nIqc5Oj4grM_seg_060.wav,data/interim/segmented_clean_relaxed/spasmodic_dysphonia/nIqc5Oj4grM_seg_060.wav,nIqc5Oj4grM,060,spasmodic_dysphonia,clean_pool,d70d42054cc6a27003724d5fcabc362aec9b51aa6a590d88d54bd8a2b622dba1,16000,1,2,48000,3.0,-25.98,0.2592,0.0,test
nIqc5Oj4grM_seg_061.wav,data/interim/segmented_clean_relaxed/spasmodic_dysphonia/nIqc5Oj4grM_seg_061.wav,nIqc5Oj4grM,061,spasmodic_dysphonia,clean_pool,935390ae40c460c4dd0a3628786c4ede987e798c55fc67c561df0994b08d4e37,16000,1,2,48000,3.0,-24.87,0.4549,0.0,test
nIqc5Oj4grM_seg_062.wav,data/interim/segmented_clean_relaxed/spasmodic_dysphonia/nIqc5Oj4grM_seg_062.wav,nIqc5Oj4grM,062,spasmodic_dysphonia,clean_pool,1c503695e1103d6fd32c92d6dcb855fc2194c8ea1e23caf4a87b1618a9bf3599,16000,1,2,48000,3.0,-29.89,0.4102,0.0,test
nIqc5Oj4grM_seg_063.wav,data/interim/segmented_clean_relaxed/spasmodic_dysphonia/nIqc5Oj4grM_seg_063.wav,nIqc5Oj4grM,063,spasmodic_dysphonia,clean_pool,68fdb6d3aa88db0618c05fcd1a637ddc6e20fbb2700e538f697ebbbd7c79d1b3,16000,1,2,48000,3.0,-24.1,0.2137,0.0,test
nIqc5Oj4grM_seg_064.wav,data/interim/segmented_clean_relaxed/spasmodic_dysphonia/nIqc5Oj4grM_seg_064.wav,nIqc5Oj4grM,064,spasmodic_dysphonia,clean_pool,0dfa2988f9438a7aa4d53ac8d0d1c9b38e16ab488b3b9cfaa1fc5cd23679a704,16000,1,2,48000,3.0,-25.0,0.4609,0.0,test
nIqc5Oj4grM_seg_065.wav,data/interim/segmented_clean_relaxed/spasmodic_dysphonia/nIqc5Oj4grM_seg_065.wav,nIqc5Oj4grM,065,spasmodic_dysphonia,clean_pool,0552ff435f353505bd94d19279055b61b9208466f29a8b38b59ce83af03e476a,16000,1,2,48000,3.0,-29.48,0.3096,0.0,test
nIqc5Oj4grM_seg_066.wav,data/interim/segmented_clean_relaxed/spasmodic_dysphonia/nIqc5Oj4grM_seg_066.wav,nIqc5Oj4grM,066,spasmodic_dysphonia,clean_pool,6c019ef889a290e485cbb880a51044977908288bab9628e3ea738cfc0e3e61ea,16000,1,2,48000,3.0,-27.68,0.3034,0.0,test
nIqc5Oj4grM_seg_067.wav,data/interim/segmented_clean_relaxed/spasmodic_dysphonia/nIqc5Oj4grM_seg_067.wav,nIqc5Oj4grM,067,spasmodic_dysphonia,clean_pool,0d38f05fbf5ecdf775eb0b4913553ed010110d08e9610819bff9c81d1b1b06ae,16000,1,2,48000,3.0,-25.81,0.2246,0.0,test
nIqc5Oj4grM_seg_068.wav,data/interim/segmented_clean_relaxed/spasmodic_dysphonia/nIqc5Oj4grM_seg_068.wav,nIqc5Oj4grM,068,spasmodic_dysphonia,clean_pool,93f3ccbccae63ce14d9dd2b698f8a56a3ba8a34813a3c909e784f21191ab7c76,16000,1,2,48000,3.0,-27.59,0.229,0.0,test
nIqc5Oj4grM_seg_069.wav,data/interim/segmented_clean_relaxed/spasmodic_dysphonia/nIqc5Oj4grM_seg_069.wav,nIqc5Oj4grM,069,spasmodic_dysphonia,clean_pool,a131844eb93f68f78794e8427d6b1d8d81931fe03757f51d9bde78a624f2c3af,16000,1,2,48000,3.0,-27.24,0.2853,0.0,test
nIqc5Oj4grM_seg_070.wav,data/interim/segmented_clean_relaxed/spasmodic_dysphonia/nIqc5Oj4grM_seg_070.wav,nIqc5Oj4grM,070,spasmodic_dysphonia,clean_pool,170abc9fefa4e869a756113e2adf5c2399cbb7a3a6b95d256a817fa917fde98c,16000,1,2,48000,3.0,-24.95,0.2897,0.0,test
nIqc5Oj4grM_seg_071.wav,data/interim/segmented_clean_relaxed/spasmodic_dysphonia/nIqc5Oj4grM_seg_071.wav,nIqc5Oj4grM,071,spasmodic_dysphonia,clean_pool,4b15106019b378b4dd4c3481f3fa18ad254915dd770bf83965bc7296d95ff4dc,16000,1,2,48000,3.0,-25.01,0.2805,0.0,test
nIqc5Oj4grM_seg_072.wav,data/interim/segmented_clean_relaxed/spasmodic_dysphonia/nIqc5Oj4grM_seg_072.wav,nIqc5Oj4grM,072,spasmodic_dysphonia,clean_pool,314eed020f73c6c7b4401ae40c2aadec693de937fe898cf597cc53b85fd11b86,16000,1,2,48000,3.0,-25.95,0.2246,0.0,test
nIqc5Oj4grM_seg_073.wav,data/interim/segmented_clean_relaxed/spasmodic_dysphonia/nIqc5Oj4grM_seg_073.wav,nIqc5Oj4grM,073,spasmodic_dysphonia,clean_pool,518e1d707d1817e58b65bec5d337870ba3942d63f645188686de5d298e414000,16000,1,2,48000,3.0,-25.87,0.2446,0.0,test
nIqc5Oj4grM_seg_074.wav,data/interim/segmented_clean_relaxed/spasmodic_dysphonia/nIqc5Oj4grM_seg_074.wav,nIqc5Oj4grM,074,spasmodic_dysphonia,clean_pool,3b6a11afcedb23425c52ba4ecc995bb101103f72fa032150afc81f34ee1f2273,16000,1,2,48000,3.0,-25.79,0.1846,0.0,test
nIqc5Oj4grM_seg_075.wav,data/interim/segmented_clean_relaxed/spasmodic_dysphonia/nIqc5Oj4grM_seg_075.wav,nIqc5Oj4grM,075,spasmodic_dysphonia,clean_pool,454a7d3a0c5e96240de7890db5799c6a1f643b1da75e214dac751819f904d991,16000,1,2,48000,3.0,-26.69,0.1756,0.0,test
nIqc5Oj4grM_seg_076.wav,data/interim/segmented_clean_relaxed/spasmodic_dysphonia/nIqc5Oj4grM_seg_076.wav,nIqc5Oj4grM,076,spasmodic_dysphonia,clean_pool,1b92d74c58813539a8476a352673c075a4ccdae5d9d55836cafb9896b03dbb7f,16000,1,2,48000,3.0,-27.36,0.2552,0.0,test
nIqc5Oj4grM_seg_077.wav,data/interim/segmented_clean_relaxed/spasmodic_dysphonia/nIqc5Oj4grM_seg_077.wav,nIqc5Oj4grM,077,spasmodic_dysphonia,clean_pool,0342c312320fe974b683584734a773b27fb2a116e6fddf7b542081ff04c1feb9,16000,1,2,48000,3.0,-25.37,0.2398,0.0,test
nIqc5Oj4grM_seg_078.wav,data/interim/segmented_clean_relaxed/spasmodic_dysphonia/nIqc5Oj4grM_seg_078.wav,nIqc5Oj4grM,078,spasmodic_dysphonia,clean_pool,d753d08838ade2afff0d9ce7b1d1c02d89db13da98872862611d115b60992760,16000,1,2,48000,3.0,-27.08,0.2353,0.0,test
nIqc5Oj4grM_seg_079.wav,data/interim/segmented_clean_relaxed/spasmodic_dysphonia/nIqc5Oj4grM_seg_079.wav,nIqc5Oj4grM,079,spasmodic_dysphonia,clean_pool,4dad07ab3cd4caf25ae90b627de2e9d23bf617fefb68f20689c036d060d7fb63,16000,1,2,48000,3.0,-25.58,0.2237,0.0,test
nIqc5Oj4grM_seg_080.wav,data/interim/segmented_clean_relaxed/spasmodic_dysphonia/nIqc5Oj4grM_seg_080.wav,nIqc5Oj4grM,080,spasmodic_dysphonia,clean_pool,a4c84f715498eba697200963201677567a6af4f79d79c84f7322db06e1f842c8,16000,1,2,48000,3.0,-25.92,0.1713,0.0,test
nIqc5Oj4grM_seg_081.wav,data/interim/segmented_clean_relaxed/spasmodic_dysphonia/nIqc5Oj4grM_seg_081.wav,nIqc5Oj4grM,081,spasmodic_dysphonia,clean_pool,f5a4d38de20e6e995eacbee864c7809b2c6855fb8c3d40652f301a4abb9e7d0d,16000,1,2,48000,3.0,-27.0,0.2558,0.0,test
nIqc5Oj4grM_seg_082.wav,data/interim/segmented_clean_relaxed/spasmodic_dysphonia/nIqc5Oj4grM_seg_082.wav,nIqc5Oj4grM,082,spasmodic_dysphonia,clean_pool,6c24ddf8bc415dc3e53a398eed70a020d52d30ef0caea6a7eab1f6342435c91c,16000,1,2,48000,3.0,-26.59,0.3189,0.0,test
nIqc5Oj4grM_seg_083.wav,data/interim/segmented_clean_relaxed/spasmodic_dysphonia/nIqc5Oj4grM_seg_083.wav,nIqc5Oj4grM,083,spasmodic_dysphonia,clean_pool,e1bd2946cd99dd3e6036b68e5e33171982191e16e363d68b2f4fa6af524a7e4f,16000,1,2,48000,3.0,-25.28,0.5025,0.0,test
nIqc5Oj4grM_seg_084.wav,data/interim/segmented_clean_relaxed/spasmodic_dysphonia/nIqc5Oj4grM_seg_084.wav,nIqc5Oj4grM,084,spasmodic_dysphonia,clean_pool,10ffd277d396d30a211c8ef728f0d4faa8bffa4fdf0b81d3c9c80a0d1c1f20d6,16000,1,2,48000,3.0,-23.77,0.2718,0.0,test
nIqc5Oj4grM_seg_085.wav,data/interim/segmented_clean_relaxed/spasmodic_dysphonia/nIqc5Oj4grM_seg_085.wav,nIqc5Oj4grM,085,spasmodic_dysphonia,clean_pool,fffc480b7cc9b3139b161237a29dd53d9f5db29008061c3c4c6f52825c39b9c3,16000,1,2,48000,3.0,-22.75,0.4218,0.000333,test
nIqc5Oj4grM_seg_086.wav,data/interim/segmented_clean_relaxed/spasmodic_dysphonia/nIqc5Oj4grM_seg_086.wav,nIqc5Oj4grM,086,spasmodic_dysphonia,clean_pool,9d305e478ec41cd4a6d590f5abf3b995933289e017bb1698fde1f0a1ac4d32d1,16000,1,2,48000,3.0,-25.32,0.3303,0.0,test
nIqc5Oj4grM_seg_087.wav,data/interim/segmented_clean_relaxed/spasmodic_dysphonia/nIqc5Oj4grM_seg_087.wav,nIqc5Oj4grM,087,spasmodic_dysphonia,clean_pool,53378b3dae7906a2bdde72b26b2fe6abf75175c69ae7b9ad472302daa769bedc,16000,1,2,48000,3.0,-27.12,0.2125,0.0,test
nIqc5Oj4grM_seg_088.wav,data/interim/segmented_clean_relaxed/spasmodic_dysphonia/nIqc5Oj4grM_seg_088.wav,nIqc5Oj4grM,088,spasmodic_dysphonia,clean_pool,89b45255753ac67c4fb5af099eff28279af75cbdd304e91779f38fb713d0fcd8,16000,1,2,48000,3.0,-28.07,0.437,0.0,test
nIqc5Oj4grM_seg_089.wav,data/interim/segmented_clean_relaxed/spasmodic_dysphonia/nIqc5Oj4grM_seg_089.wav,nIqc5Oj4grM,089,spasmodic_dysphonia,clean_pool,9af693c59187be133b06eb5629bfbbe9578b04ea84f3b4672d9178d9bf1fa121,16000,1,2,48000,3.0,-23.42,0.2076,0.0,test
nIqc5Oj4grM_seg_090.wav,data/interim/segmented_clean_relaxed/spasmodic_dysphonia/nIqc5Oj4grM_seg_090.wav,nIqc5Oj4grM,090,spasmodic_dysphonia,clean_pool,1ba2af13caf78d13d963fd8c1cbc3100d9dfbc1931f674ea4944685439c0d091,16000,1,2,48000,3.0,-26.83,0.2891,0.0,test
nIqc5Oj4grM_seg_091.wav,data/interim/segmented_clean_relaxed/spasmodic_dysphonia/nIqc5Oj4grM_seg_091.wav,nIqc5Oj4grM,091,spasmodic_dysphonia,clean_pool,3a50d7b831ffae7583b113d928eeabed9d690060805d43161ca830300df9477e,16000,1,2,48000,3.0,-26.51,0.2479,0.0,test
nIqc5Oj4grM_seg_092.wav,data/interim/segmented_clean_relaxed/spasmodic_dysphonia/nIqc5Oj4grM_seg_092.wav,nIqc5Oj4grM,092,spasmodic_dysphonia,clean_pool,85061416cf70ee0dfc87aa1df01fdaa7335b4bc94daa0e4ba369e072b39606d2,16000,1,2,48000,3.0,-29.95,0.3334,0.0,test
nIqc5Oj4grM_seg_093.wav,data/interim/segmented_clean_relaxed/spasmodic_dysphonia/nIqc5Oj4grM_seg_093.wav,nIqc5Oj4grM,093,spasmodic_dysphonia,clean_pool,41339afac19e3b5b71ab99dae9c5fd374f9d0cf9fb7de2dbc06810e64967cc97,16000,1,2,48000,3.0,-25.25,0.3063,0.0,test
nIqc5Oj4grM_seg_094.wav,data/interim/segmented_clean_relaxed/spasmodic_dysphonia/nIqc5Oj4grM_seg_094.wav,nIqc5Oj4grM,094,spasmodic_dysphonia,clean_pool,2f8071362d46e3466cce0731c7f92b1a7a2cb8553671f5fa4f67f723f8f1d023,16000,1,2,48000,3.0,-35.33,0.2805,0.0,test
nIqc5Oj4grM_seg_095.wav,data/interim/segmented_clean_relaxed/spasmodic_dysphonia/nIqc5Oj4grM_seg_095.wav,nIqc5Oj4grM,095,spasmodic_dysphonia,clean_pool,4c09538fbfb99cbc095bc52d7408b62337ece1c6344819c396a73346e7fbeb71,16000,1,2,48000,3.0,-36.65,0.2202,0.0,test
nIqc5Oj4grM_seg_096.wav,data/interim/segmented_clean_relaxed/spasmodic_dysphonia/nIqc5Oj4grM_seg_096.wav,nIqc5Oj4grM,096,spasmodic_dysphonia,clean_pool,86865ad9e6c99bcc363feefc880c7b665c9df9c9e3ded0bc22be7d50f1d0b770,16000,1,2,48000,3.0,-36.35,0.2175,0.0,test
nIqc5Oj4grM_seg_097.wav,data/interim/segmented_clean_relaxed/spasmodic_dysphonia/nIqc5Oj4grM_seg_097.wav,nIqc5Oj4grM,097,spasmodic_dysphonia,clean_pool,82f782224e9492224cdefb2b714c4e4d673cc908b36bee3ac3283fc5b2940b4a,16000,1,2,24768,1.548,-36.97,0.2079,0.0,test
niRsTERVEEQ_seg_000.wav,data/interim/segmented_clean_relaxed/spasmodic_dysphonia/niRsTERVEEQ_seg_000.wav,niRsTERVEEQ,000,spasmodic_dysphonia,clean_pool,f969a7c87d519022a9c333a8a3ea74f7d5ff5a66268ef81c494d42b1dc4c0593,16000,1,2,48000,3.0,-25.23,0.0824,0.0,train
niRsTERVEEQ_seg_001.wav,data/interim/segmented_clean_relaxed/spasmodic_dysphonia/niRsTERVEEQ_seg_001.wav,niRsTERVEEQ,001,spasmodic_dysphonia,clean_pool,9d92ce312bc5442b7a6667695d4636965e04780a3e3b677b749a3ceccc82ab08,16000,1,2,48000,3.0,-22.28,0.1404,0.0,train
niRsTERVEEQ_seg_002.wav,data/interim/segmented_clean_relaxed/spasmodic_dysphonia/niRsTERVEEQ_seg_002.wav,niRsTERVEEQ,002,spasmodic_dysphonia,clean_pool,58049f67158366ac9de45c257e7e4fe5ea60bd67519b0293473febbaef7c3efd,16000,1,2,48000,3.0,-25.59,0.2565,0.0,train
niRsTERVEEQ_seg_003.wav,data/interim/segmented_clean_relaxed/spasmodic_dysphonia/niRsTERVEEQ_seg_003.wav,niRsTERVEEQ,003,spasmodic_dysphonia,clean_pool,9a95276bfb91b17a486b4cf2df2ad0d412c952f74dd16c6061c2006440112386,16000,1,2,48000,3.0,-29.34,0.5833,0.0,train
niRsTERVEEQ_seg_004.wav,data/interim/segmented_clean_relaxed/spasmodic_dysphonia/niRsTERVEEQ_seg_004.wav,niRsTERVEEQ,004,spasmodic_dysphonia,clean_pool,d8fbe0d80af04819a156a5a162abbe3203555d21fd563475cd2e8ee8f9a0d53a,16000,1,2,48000,3.0,-27.0,0.592,0.0,train
niRsTERVEEQ_seg_005.wav,data/interim/segmented_clean_relaxed/spasmodic_dysphonia/niRsTERVEEQ_seg_005.wav,niRsTERVEEQ,005,spasmodic_dysphonia,clean_pool,5504221d45a4e73bf0ae2dea67b208ab951c73916e6f88a916358211cc8b691f,16000,1,2,48000,3.0,-23.22,0.3376,0.0,train
niRsTERVEEQ_seg_006.wav,data/interim/segmented_clean_relaxed/spasmodic_dysphonia/niRsTERVEEQ_seg_006.wav,niRsTERVEEQ,006,spasmodic_dysphonia,clean_pool,5230cea363b0af2f5154bc176d54bba258eb3cd7da5f3dbf4135f8ff5af95f2f,16000,1,2,48000,3.0,-23.93,0.3013,0.0,train
niRsTERVEEQ_seg_007.wav,data/interim/segmented_clean_relaxed/spasmodic_dysphonia/niRsTERVEEQ_seg_007.wav,niRsTERVEEQ,007,spasmodic_dysphonia,clean_pool,eaf69f694a94dfa2e8d5b9f71666053563f2f6ffb0b5825d4b0a794fd050283f,16000,1,2,48000,3.0,-22.92,0.2462,0.0,train
niRsTERVEEQ_seg_008.wav,data/interim/segmented_clean_relaxed/spasmodic_dysphonia/niRsTERVEEQ_seg_008.wav,niRsTERVEEQ,008,spasmodic_dysphonia,clean_pool,a20816bf085a9a507cc89d28a6be04e4f4838078e3529772bcd08a33b4c18675,16000,1,2,48000,3.0,-27.19,0.4357,0.0,train
niRsTERVEEQ_seg_009.wav,data/interim/segmented_clean_relaxed/spasmodic_dysphonia/niRsTERVEEQ_seg_009.wav,niRsTERVEEQ,009,spasmodic_dysphonia,clean_pool,acdbeabb05cf7c830371adcd16b2721960ecdaaa24e09f4c7dca3325e23a1fcb,16000,1,2,48000,3.0,-27.83,0.21,0.0,train
niRsTERVEEQ_seg_010.wav,data/interim/segmented_clean_relaxed/spasmodic_dysphonia/niRsTERVEEQ_seg_010.wav,niRsTERVEEQ,010,spasmodic_dysphonia,clean_pool,c9ac0ce600f031153e983299e9f0f9bacf2fe016b6efee2999ed699fcff5c389,16000,1,2,48000,3.0,-27.66,0.2058,0.0,train
niRsTERVEEQ_seg_011.wav,data/interim/segmented_clean_relaxed/spasmodic_dysphonia/niRsTERVEEQ_seg_011.wav,niRsTERVEEQ,011,spasmodic_dysphonia,clean_pool,ed465010829f5be489cc9d10f8e561db546ab1172d361dd79e40c303514013e6,16000,1,2,48000,3.0,-29.2,0.2808,0.0,train
niRsTERVEEQ_seg_012.wav,data/interim/segmented_clean_relaxed/spasmodic_dysphonia/niRsTERVEEQ_seg_012.wav,niRsTERVEEQ,012,spasmodic_dysphonia,clean_pool,826b6daf13e15d7ac151b9cb4da1398a3beaede588144f57897d998a2459dbcf,16000,1,2,48000,3.0,-26.78,0.2037,0.0,train
niRsTERVEEQ_seg_013.wav,data/interim/segmented_clean_relaxed/spasmodic_dysphonia/niRsTERVEEQ_seg_013.wav,niRsTERVEEQ,013,spasmodic_dysphonia,clean_pool,db92c241fb30b73060a4a12b4fee952c843f0d719af3a1eb83bd62400cfc5085,16000,1,2,48000,3.0,-27.87,0.2359,0.0,train
niRsTERVEEQ_seg_014.wav,data/interim/segmented_clean_relaxed/spasmodic_dysphonia/niRsTERVEEQ_seg_014.wav,niRsTERVEEQ,014,spasmodic_dysphonia,clean_pool,c877ad032b43ecf1dbfb3b5967fc96632cb0b63495d86c86e31b714b8ad47e40,16000,1,2,48000,3.0,-30.56,0.2585,0.0,train
niRsTERVEEQ_seg_015.wav,data/interim/segmented_clean_relaxed/spasmodic_dysphonia/niRsTERVEEQ_seg_015.wav,niRsTERVEEQ,015,spasmodic_dysphonia,clean_pool,a9928a57fc7dd16092e35e91a3a9b8af00b478230c19685297e65418d2ee42f9,16000,1,2,48000,3.0,-25.87,0.2268,0.0,train
niRsTERVEEQ_seg_016.wav,data/interim/segmented_clean_relaxed/spasmodic_dysphonia/niRsTERVEEQ_seg_016.wav,niRsTERVEEQ,016,spasmodic_dysphonia,clean_pool,3f27b1d410665d6535ef17b25daa2abd3350a9d799e6924bdc85d81b6694ccde,16000,1,2,48000,3.0,-27.47,0.4714,0.0,train
niRsTERVEEQ_seg_017.wav,data/interim/segmented_clean_relaxed/spasmodic_dysphonia/niRsTERVEEQ_seg_017.wav,niRsTERVEEQ,017,spasmodic_dysphonia,clean_pool,bdbd311a6bf4afbb954b75c74eebf53ebda9b11872d6643a8ea2410474833f38,16000,1,2,48000,3.0,-24.61,0.1829,0.0,train
niRsTERVEEQ_seg_018.wav,data/interim/segmented_clean_relaxed/spasmodic_dysphonia/niRsTERVEEQ_seg_018.wav,niRsTERVEEQ,018,spasmodic_dysphonia,clean_pool,7af2d849af5bd422a6cf5135e043dc6397b21143e7b05fc215dd8e4d6d0cf03b,16000,1,2,48000,3.0,-28.54,0.1491,0.0,train
niRsTERVEEQ_seg_019.wav,data/interim/segmented_clean_relaxed/spasmodic_dysphonia/niRsTERVEEQ_seg_019.wav,niRsTERVEEQ,019,spasmodic_dysphonia,clean_pool,03852b24365b77b9b016caaa829dd45241e6a63eca0a048413b554b9a3e64c9c,16000,1,2,48000,3.0,-26.1,0.0623,0.0,train
niRsTERVEEQ_seg_020.wav,data/interim/segmented_clean_relaxed/spasmodic_dysphonia/niRsTERVEEQ_seg_020.wav,niRsTERVEEQ,020,spasmodic_dysphonia,clean_pool,77ec371396d1ac5b078234484cd566e5731922956fb5ea9d27cde0f5d9387bc4,16000,1,2,48000,3.0,-25.84,0.0626,0.0,train
NoNFIQGDkEM_seg_000.wav,data/interim/segmented_clean_relaxed/spasmodic_dysphonia/NoNFIQGDkEM_seg_000.wav,NoNFIQGDkEM,000,spasmodic_dysphonia,clean_pool,e013b5a7252a6625909eac92f4d99a118cc60824f89dc209e06365577c68d34b,16000,1,2,48000,3.0,-32.77,0.432,0.0,test
NoNFIQGDkEM_seg_001.wav,data/interim/segmented_clean_relaxed/spasmodic_dysphonia/NoNFIQGDkEM_seg_001.wav,NoNFIQGDkEM,001,spasmodic_dysphonia,clean_pool,b9870719f8e5d61e06c701150ed381b6a59236e8397dd67cba66602a449164a5,16000,1,2,48000,3.0,-34.99,0.4944,0.0,test
NoNFIQGDkEM_seg_002.wav,data/interim/segmented_clean_relaxed/spasmodic_dysphonia/NoNFIQGDkEM_seg_002.wav,NoNFIQGDkEM,002,spasmodic_dysphonia,clean_pool,41893cc97de8ac87f031f9a71503a0258e69f18c8d92c47bef19952c9dedd42f,16000,1,2,48000,3.0,-38.88,0.5668,0.0,test
NoNFIQGDkEM_seg_003.wav,data/interim/segmented_clean_relaxed/spasmodic_dysphonia/NoNFIQGDkEM_seg_003.wav,NoNFIQGDkEM,003,spasmodic_dysphonia,clean_pool,6f299de8cca82f6c52e548b68429dde24784f35ad97498acd6b23f960a3b6362,16000,1,2,48000,3.0,-38.76,0.6079,0.0,test
NoNFIQGDkEM_seg_004.wav,data/interim/segmented_clean_relaxed/spasmodic_dysphonia/NoNFIQGDkEM_seg_004.wav,NoNFIQGDkEM,004,spasmodic_dysphonia,clean_pool,d63e55b3d52d025209239d99e4c56fd2ac12bec4f66fff1019a17439961d3e62,16000,1,2,48000,3.0,-39.0,0.6088,0.0,test
NoNFIQGDkEM_seg_005.wav,data/interim/segmented_clean_relaxed/spasmodic_dysphonia/NoNFIQGDkEM_seg_005.wav,NoNFIQGDkEM,005,spasmodic_dysphonia,clean_pool,0c7440af992999c4e584a2eae6a626f706e756334bb095dae8bb788009dc294f,16000,1,2,48000,3.0,-37.73,0.5644,0.0,test
NoNFIQGDkEM_seg_006.wav,data/interim/segmented_clean_relaxed/spasmodic_dysphonia/NoNFIQGDkEM_seg_006.wav,NoNFIQGDkEM,006,spasmodic_dysphonia,clean_pool,a501380f3a119fb7c25997da8f2775931a52e599fc369ed6609b327301545e90,16000,1,2,48000,3.0,-43.44,0.7861,0.0,test
NoNFIQGDkEM_seg_007.wav,data/interim/segmented_clean_relaxed/spasmodic_dysphonia/NoNFIQGDkEM_seg_007.wav,NoNFIQGDkEM,007,spasmodic_dysphonia,clean_pool,d4b9b235526598d7a227b3a9de272b5ee430f2119a0f5c7a110d5fc2cfe2abd4,16000,1,2,48000,3.0,-37.71,0.5851,0.0,test
NoNFIQGDkEM_seg_008.wav,data/interim/segmented_clean_relaxed/spasmodic_dysphonia/NoNFIQGDkEM_seg_008.wav,NoNFIQGDkEM,008,spasmodic_dysphonia,clean_pool,fad368b20606e14472ef32075bac2f9223046381277e6393d72a2fe125a84f5a,16000,1,2,48000,3.0,-39.56,0.6585,0.0,test
NoNFIQGDkEM_seg_009.wav,data/interim/segmented_clean_relaxed/spasmodic_dysphonia/NoNFIQGDkEM_seg_009.wav,NoNFIQGDkEM,009,spasmodic_dysphonia,clean_pool,53289bd8e16ca63cd858ac852785eba13295179fd831b916c4c01669232b01a9,16000,1,2,48000,3.0,-37.16,0.5643,0.0,test
NoNFIQGDkEM_seg_010.wav,data/interim/segmented_clean_relaxed/spasmodic_dysphonia/NoNFIQGDkEM_seg_010.wav,NoNFIQGDkEM,010,spasmodic_dysphonia,clean_pool,f04d73d36776a742c7238e78b76173e9b45fd0c4696bd0f66c1efc0cb331086e,16000,1,2,48000,3.0,-36.63,0.4595,0.0,test
NoNFIQGDkEM_seg_011.wav,data/interim/segmented_clean_relaxed/spasmodic_dysphonia/NoNFIQGDkEM_seg_011.wav,NoNFIQGDkEM,011,spasmodic_dysphonia,clean_pool,1b11eeac1fe66c19f8a5ec431c86b0af6e85c8b426439d476d9625dca97f16dd,16000,1,2,48000,3.0,-39.51,0.58,0.0,test
NoNFIQGDkEM_seg_012.wav,data/interim/segmented_clean_relaxed/spasmodic_dysphonia/NoNFIQGDkEM_seg_012.wav,NoNFIQGDkEM,012,spasmodic_dysphonia,clean_pool,e67b10ba9e8bef12d7e881d2e4dceb30405039f7dee5ce1913b77035204382f6,16000,1,2,48000,3.0,-40.18,0.6777,0.0,test
NoNFIQGDkEM_seg_013.wav,data/interim/segmented_clean_relaxed/spasmodic_dysphonia/NoNFIQGDkEM_seg_013.wav,NoNFIQGDkEM,013,spasmodic_dysphonia,clean_pool,fb94166ce739ca0f5dab2047994ae8c40c245c0c5d7a98d76d60c389e35a9f51,16000,1,2,48000,3.0,-40.26,0.5787,0.0,test
NoNFIQGDkEM_seg_014.wav,data/interim/segmented_clean_relaxed/spasmodic_dysphonia/NoNFIQGDkEM_seg_014.wav,NoNFIQGDkEM,014,spasmodic_dysphonia,clean_pool,1150fe14e83fdf52d00f6f9073c92036fc8960d6df7ad8c8d8eb3a988569d749,16000,1,2,48000,3.0,-40.88,0.6846,0.0,test
NoNFIQGDkEM_seg_015.wav,data/interim/segmented_clean_relaxed/spasmodic_dysphonia/NoNFIQGDkEM_seg_015.wav,NoNFIQGDkEM,015,spasmodic_dysphonia,clean_pool,de2e422538420d31c0003d73ee877b6846c7cdf9bc93d01335890159b3e00dc2,16000,1,2,48000,3.0,-39.46,0.6779,0.0,test
NoNFIQGDkEM_seg_016.wav,data/interim/segmented_clean_relaxed/spasmodic_dysphonia/NoNFIQGDkEM_seg_016.wav,NoNFIQGDkEM,016,spasmodic_dysphonia,clean_pool,3e3aac240ef775d0ff79a0629808a674d2b36c01a53f7d281f3a5edfd7d386b3,16000,1,2,48000,3.0,-38.4,0.5822,0.0,test
NoNFIQGDkEM_seg_017.wav,data/interim/segmented_clean_relaxed/spasmodic_dysphonia/NoNFIQGDkEM_seg_017.wav,NoNFIQGDkEM,017,spasmodic_dysphonia,clean_pool,0cf59b6e18523b00b7748486f5cd762ba55436c4a44786d201f55cf5781df43f,16000,1,2,48000,3.0,-41.98,0.7384,0.0,test
NoNFIQGDkEM_seg_018.wav,data/interim/segmented_clean_relaxed/spasmodic_dysphonia/NoNFIQGDkEM_seg_018.wav,NoNFIQGDkEM,018,spasmodic_dysphonia,clean_pool,8fbfe82f740aa74a54f4b816e820bb56cbd58958e00bc2a017395b69bb14bb42,16000,1,2,48000,3.0,-35.89,0.4267,0.0,test
NoNFIQGDkEM_seg_019.wav,data/interim/segmented_clean_relaxed/spasmodic_dysphonia/NoNFIQGDkEM_seg_019.wav,NoNFIQGDkEM,019,spasmodic_dysphonia,clean_pool,e98c4ab9ec5e72b0b019ce868977f73549c379657c2a655e0cfbc73b99f21a97,16000,1,2,48000,3.0,-39.93,0.5852,0.0,test
NoNFIQGDkEM_seg_020.wav,data/interim/segmented_clean_relaxed/spasmodic_dysphonia/NoNFIQGDkEM_seg_020.wav,NoNFIQGDkEM,020,spasmodic_dysphonia,clean_pool,5de9a048b33a9b78065edb0eb47b41866ca1d6be3860f03ddf01508e11caa733,16000,1,2,48000,3.0,-40.12,0.6041,0.0,test
NoNFIQGDkEM_seg_021.wav,data/interim/segmented_clean_relaxed/spasmodic_dysphonia/NoNFIQGDkEM_seg_021.wav,NoNFIQGDkEM,021,spasmodic_dysphonia,clean_pool,17d1e1d345e5fe256c775384895ba6426c0f86413cc801cdf4bcb92e6d411b7a,16000,1,2,48000,3.0,-41.39,0.678,0.0,test
NoNFIQGDkEM_seg_022.wav,data/interim/segmented_clean_relaxed/spasmodic_dysphonia/NoNFIQGDkEM_seg_022.wav,NoNFIQGDkEM,022,spasmodic_dysphonia,clean_pool,9db11a0f57d790c8c872ff7a411a2c4d40eb541cbd71913ff9c01dcc8862b6e3,16000,1,2,48000,3.0,-38.73,0.6035,0.0,test
NoNFIQGDkEM_seg_023.wav,data/interim/segmented_clean_relaxed/spasmodic_dysphonia/NoNFIQGDkEM_seg_023.wav,NoNFIQGDkEM,023,spasmodic_dysphonia,clean_pool,4298e630f365a5088c43dbf176837a5e83a759795fdadac0eb5c4c4d1b4a7aff,16000,1,2,48000,3.0,-40.79,0.6399,0.0,test
NoNFIQGDkEM_seg_024.wav,data/interim/segmented_clean_relaxed/spasmodic_dysphonia/NoNFIQGDkEM_seg_024.wav,NoNFIQGDkEM,024,spasmodic_dysphonia,clean_pool,10dc336b6c53447e52a57d57ac4dc485d2d71fa74cdca4300c7878d2e268047b,16000,1,2,48000,3.0,-38.35,0.4858,0.0,test
NoNFIQGDkEM_seg_025.wav,data/interim/segmented_clean_relaxed/spasmodic_dysphonia/NoNFIQGDkEM_seg_025.wav,NoNFIQGDkEM,025,spasmodic_dysphonia,clean_pool,6d6b3facd682f73f64ce3a286e7becd25586213919cf323a886e2e861e01d884,16000,1,2,48000,3.0,-44.13,0.7937,0.0,test
NoNFIQGDkEM_seg_026.wav,data/interim/segmented_clean_relaxed/spasmodic_dysphonia/NoNFIQGDkEM_seg_026.wav,NoNFIQGDkEM,026,spasmodic_dysphonia,clean_pool,ec3eef9d0610715d193eb2669196b95ed547b7ff214eec9577f3179987ca3e6b,16000,1,2,48000,3.0,-40.97,0.6219,0.0,test
OXS_KK1MeRk_seg_000.wav,data/interim/segmented_clean_relaxed/spasmodic_dysphonia/OXS_KK1MeRk_seg_000.wav,OXS_KK1MeRk,000,spasmodic_dysphonia,clean_pool,94359359f34b5505164394fb4ca5b9a82ab90d0a7b21a20dea48645b3decfda5,16000,1,2,48000,3.0,-30.38,0.2306,0.0,train
OXS_KK1MeRk_seg_001.wav,data/interim/segmented_clean_relaxed/spasmodic_dysphonia/OXS_KK1MeRk_seg_001.wav,OXS_KK1MeRk,001,spasmodic_dysphonia,clean_pool,ea293f7268d03235b137f0ae36f99ca8248e6022d731dc8d6bbf4039f0310b4c,16000,1,2,48000,3.0,-29.47,0.2372,0.0,train
OXS_KK1MeRk_seg_002.wav,data/interim/segmented_clean_relaxed/spasmodic_dysphonia/OXS_KK1MeRk_seg_002.wav,OXS_KK1MeRk,002,spasmodic_dysphonia,clean_pool,4638dc2c699bcea8fa71daeb1b157fae43851738c857bd7e1d16aa930a3d9564,16000,1,2,48000,3.0,-30.73,0.3687,0.0,train
OXS_KK1MeRk_seg_003.wav,data/interim/segmented_clean_relaxed/spasmodic_dysphonia/OXS_KK1MeRk_seg_003.wav,OXS_KK1MeRk,003,spasmodic_dysphonia,clean_pool,73e27676e55cf999a2d5e77d82cac17b2155e10ea61f6320caee28815b8c1bc8,16000,1,2,48000,3.0,-28.09,0.2246,0.0,train
OXS_KK1MeRk_seg_004.wav,data/interim/segmented_clean_relaxed/spasmodic_dysphonia/OXS_KK1MeRk_seg_004.wav,OXS_KK1MeRk,004,spasmodic_dysphonia,clean_pool,5d725d269856fabe52e1f9f5cd030c9b57f8f1cb803de6b4e3498db037b6c557,16000,1,2,48000,3.0,-30.77,0.373,0.0,train
OXS_KK1MeRk_seg_005.wav,data/interim/segmented_clean_relaxed/spasmodic_dysphonia/OXS_KK1MeRk_seg_005.wav,OXS_KK1MeRk,005,spasmodic_dysphonia,clean_pool,ebf2b44e49271c61cec996345eff448104b6f91923e4d08bdd0ac469069341a8,16000,1,2,48000,3.0,-28.57,0.2111,0.0,train
OXS_KK1MeRk_seg_006.wav,data/interim/segmented_clean_relaxed/spasmodic_dysphonia/OXS_KK1MeRk_seg_006.wav,OXS_KK1MeRk,006,spasmodic_dysphonia,clean_pool,2ff31aded1c82e90dda4357397a85827072ed77867412af68c3932363625f938,16000,1,2,48000,3.0,-27.52,0.2685,0.0,train
OXS_KK1MeRk_seg_007.wav,data/interim/segmented_clean_relaxed/spasmodic_dysphonia/OXS_KK1MeRk_seg_007.wav,OXS_KK1MeRk,007,spasmodic_dysphonia,clean_pool,a423d802af3b5f7a89a4cd8855026a158e22713825f75f25ac7fee287b117cce,16000,1,2,48000,3.0,-30.35,0.4156,0.0,train
OXS_KK1MeRk_seg_008.wav,data/interim/segmented_clean_relaxed/spasmodic_dysphonia/OXS_KK1MeRk_seg_008.wav,OXS_KK1MeRk,008,spasmodic_dysphonia,clean_pool,088e5943788badb4444fc3eac1666c135f697ee854ba2ce52ebd32aca7fa3f83,16000,1,2,48000,3.0,-28.37,0.2661,0.0,train
OXS_KK1MeRk_seg_009.wav,data/interim/segmented_clean_relaxed/spasmodic_dysphonia/OXS_KK1MeRk_seg_009.wav,OXS_KK1MeRk,009,spasmodic_dysphonia,clean_pool,500accb3b4dd4dff6c2c01b1c8d9e39982b560f2ea39223e2ddc7001730fd4b9,16000,1,2,48000,3.0,-29.82,0.2662,0.0,train
OXS_KK1MeRk_seg_010.wav,data/interim/segmented_clean_relaxed/spasmodic_dysphonia/OXS_KK1MeRk_seg_010.wav,OXS_KK1MeRk,010,spasmodic_dysphonia,clean_pool,57f7dd464e066b15068c3f712690d41393aec01839b3fffaa113bb9faace0caa,16000,1,2,48000,3.0,-29.93,0.2119,0.0,train
OXS_KK1MeRk_seg_011.wav,data/interim/segmented_clean_relaxed/spasmodic_dysphonia/OXS_KK1MeRk_seg_011.wav,OXS_KK1MeRk,011,spasmodic_dysphonia,clean_pool,36116fe0dbea56e4afbe579610900050b446fa9574b1ba632f6c804a52bd625f,16000,1,2,48000,3.0,-28.98,0.1459,0.0,train
OXS_KK1MeRk_seg_012.wav,data/interim/segmented_clean_relaxed/spasmodic_dysphonia/OXS_KK1MeRk_seg_012.wav,OXS_KK1MeRk,012,spasmodic_dysphonia,clean_pool,69b4883e62b2457d9678f5730fe0aefc2d6489965c6210ffdf37c700f098db9e,16000,1,2,48000,3.0,-27.65,0.1139,0.0,train
OXS_KK1MeRk_seg_013.wav,data/interim/segmented_clean_relaxed/spasmodic_dysphonia/OXS_KK1MeRk_seg_013.wav,OXS_KK1MeRk,013,spasmodic_dysphonia,clean_pool,b3d0371e9430681e4d46900c43559cadc9c60c2cfe890e91d876f601b943442b,16000,1,2,48000,3.0,-29.4,0.1898,0.0,train
OXS_KK1MeRk_seg_014.wav,data/interim/segmented_clean_relaxed/spasmodic_dysphonia/OXS_KK1MeRk_seg_014.wav,OXS_KK1MeRk,014,spasmodic_dysphonia,clean_pool,82c5ffb58af8f0aeff308609c9c8fec87c862f5687c26be7210063e1490bf88b,16000,1,2,48000,3.0,-28.54,0.1826,0.0,train
OXS_KK1MeRk_seg_015.wav,data/interim/segmented_clean_relaxed/spasmodic_dysphonia/OXS_KK1MeRk_seg_015.wav,OXS_KK1MeRk,015,spasmodic_dysphonia,clean_pool,136530dd926b77f53184b7577a8a34d3aab5c70e432bb4a71208f2ae045aa8fe,16000,1,2,48000,3.0,-30.45,0.2255,0.0,train
OXS_KK1MeRk_seg_016.wav,data/interim/segmented_clean_relaxed/spasmodic_dysphonia/OXS_KK1MeRk_seg_016.wav,OXS_KK1MeRk,016,spasmodic_dysphonia,clean_pool,dcc97418a182cf91fc5e2389eef699c938b43a6e621140517e2e28616d429ec3,16000,1,2,48000,3.0,-26.59,0.1215,0.0,train
OXS_KK1MeRk_seg_017.wav,data/interim/segmented_clean_relaxed/spasmodic_dysphonia/OXS_KK1MeRk_seg_017.wav,OXS_KK1MeRk,017,spasmodic_dysphonia,clean_pool,30e39087972647107f61b4acc9bd6bc09162db8814c65c5bc5605421246b22dc,16000,1,2,48000,3.0,-26.78,0.1785,0.0,train
OXS_KK1MeRk_seg_018.wav,data/interim/segmented_clean_relaxed/spasmodic_dysphonia/OXS_KK1MeRk_seg_018.wav,OXS_KK1MeRk,018,spasmodic_dysphonia,clean_pool,71fb0568f9bcf259a5b55da6470b756382dbe0736b97cc46b6ac25d5c921a0a4,16000,1,2,48000,3.0,-28.46,0.2075,0.0,train
OXS_KK1MeRk_seg_019.wav,data/interim/segmented_clean_relaxed/spasmodic_dysphonia/OXS_KK1MeRk_seg_019.wav,OXS_KK1MeRk,019,spasmodic_dysphonia,clean_pool,8cd454f1a4775a89255bfb27395468f29e0005ca8416d13da55a284e1eaeecea,16000,1,2,48000,3.0,-28.29,0.1931,0.0,train
OXS_KK1MeRk_seg_020.wav,data/interim/segmented_clean_relaxed/spasmodic_dysphonia/OXS_KK1MeRk_seg_020.wav,OXS_KK1MeRk,020,spasmodic_dysphonia,clean_pool,44ff66b8568167d021887d00d1af0cd646d4653a4d4d7e6f0cb5003e7d21eac3,16000,1,2,48000,3.0,-28.62,0.2385,0.0,train
OXS_KK1MeRk_seg_021.wav,data/interim/segmented_clean_relaxed/spasmodic_dysphonia/OXS_KK1MeRk_seg_021.wav,OXS_KK1MeRk,021,spasmodic_dysphonia,clean_pool,d20ae4ac95ca1899b5a30e50b63b5dcfdcb4fae1f478eab46be3147368873dc9,16000,1,2,48000,3.0,-29.31,0.2265,0.0,train
OXS_KK1MeRk_seg_022.wav,data/interim/segmented_clean_relaxed/spasmodic_dysphonia/OXS_KK1MeRk_seg_022.wav,OXS_KK1MeRk,022,spasmodic_dysphonia,clean_pool,9ea799377e32f0f5c2d1736bcc563ecbc8e954e23b24937ba15397340bceb7fe,16000,1,2,48000,3.0,-27.7,0.1307,0.0,train
prjvqTJpQE4_seg_000.wav,data/interim/segmented_clean_relaxed/spasmodic_dysphonia/prjvqTJpQE4_seg_000.wav,prjvqTJpQE4,000,spasmodic_dysphonia,clean_pool,ec74b3c4293fdb59522f7c6d754ebd0fe242339bfb13d8485621a072528fe213,16000,1,2,48000,3.0,-30.19,0.4659,0.0,test
prjvqTJpQE4_seg_001.wav,data/interim/segmented_clean_relaxed/spasmodic_dysphonia/prjvqTJpQE4_seg_001.wav,prjvqTJpQE4,001,spasmodic_dysphonia,clean_pool,97d2d5d53b1450c12a4931dce4aa1ad5907b2eaa8c7c0cea761a2ad104735399,16000,1,2,48000,3.0,-32.26,0.4515,0.0,test
prjvqTJpQE4_seg_002.wav,data/interim/segmented_clean_relaxed/spasmodic_dysphonia/prjvqTJpQE4_seg_002.wav,prjvqTJpQE4,002,spasmodic_dysphonia,clean_pool,d2b6eab93c7cd5eb68de32dd6a3c8af4da9f87b536a8959572f5be1ddee52b21,16000,1,2,48000,3.0,-30.29,0.616,0.0,test
prjvqTJpQE4_seg_003.wav,data/interim/segmented_clean_relaxed/spasmodic_dysphonia/prjvqTJpQE4_seg_003.wav,prjvqTJpQE4,003,spasmodic_dysphonia,clean_pool,2f359aa4f2e9199bbaf6c4c6d11c747e9056ce3bb926440cdc7c8c5b8335f2fa,16000,1,2,48000,3.0,-29.84,0.4891,0.0,test
prjvqTJpQE4_seg_004.wav,data/interim/segmented_clean_relaxed/spasmodic_dysphonia/prjvqTJpQE4_seg_004.wav,prjvqTJpQE4,004,spasmodic_dysphonia,clean_pool,1d5ef150224d0f130c04308569a935e54bb2db489f31aad578e5514c2aaf99ed,16000,1,2,48000,3.0,-31.96,0.6631,0.0,test
prjvqTJpQE4_seg_005.wav,data/interim/segmented_clean_relaxed/spasmodic_dysphonia/prjvqTJpQE4_seg_005.wav,prjvqTJpQE4,005,spasmodic_dysphonia,clean_pool,43b6015af86eb72e101ac5adc352814f9f1c23f8b77963f9f76281100d9738a1,16000,1,2,48000,3.0,-30.82,0.6916,0.0,test
prjvqTJpQE4_seg_006.wav,data/interim/segmented_clean_relaxed/spasmodic_dysphonia/prjvqTJpQE4_seg_006.wav,prjvqTJpQE4,006,spasmodic_dysphonia,clean_pool,6546fc6aca199336d1bd2a8d72cbb594af5036cd49ae448605284c83f3c8f209,16000,1,2,48000,3.0,-26.67,0.6255,0.0,test
prjvqTJpQE4_seg_007.wav,data/interim/segmented_clean_relaxed/spasmodic_dysphonia/prjvqTJpQE4_seg_007.wav,prjvqTJpQE4,007,spasmodic_dysphonia,clean_pool,70636b93c6ccd3f964e6ecb8be2e789186f7ef961f31c8c3f2121646bfd9779e,16000,1,2,48000,3.0,-27.59,0.6126,0.0,test
prjvqTJpQE4_seg_008.wav,data/interim/segmented_clean_relaxed/spasmodic_dysphonia/prjvqTJpQE4_seg_008.wav,prjvqTJpQE4,008,spasmodic_dysphonia,clean_pool,c713f96bee4087b0e6722952ec25e3a711ecb7c6815fdf7783f4ee26520b92f5,16000,1,2,48000,3.0,-30.64,0.6192,0.0,test
prjvqTJpQE4_seg_009.wav,data/interim/segmented_clean_relaxed/spasmodic_dysphonia/prjvqTJpQE4_seg_009.wav,prjvqTJpQE4,009,spasmodic_dysphonia,clean_pool,df241eaae8f9291292bec1589696df9e3f797f4c2bde90b396e263df81a6c6e2,16000,1,2,48000,3.0,-28.58,0.638,0.0,test
prjvqTJpQE4_seg_010.wav,data/interim/segmented_clean_relaxed/spasmodic_dysphonia/prjvqTJpQE4_seg_010.wav,prjvqTJpQE4,010,spasmodic_dysphonia,clean_pool,b2d0ead8ce85edc056d9628f5e461929ab1e18f5062a6eae79693bc02ac5d3ad,16000,1,2,48000,3.0,-26.23,0.5,0.0,test
prjvqTJpQE4_seg_011.wav,data/interim/segmented_clean_relaxed/spasmodic_dysphonia/prjvqTJpQE4_seg_011.wav,prjvqTJpQE4,011,spasmodic_dysphonia,clean_pool,36870bc54fc492fef5e7dd90aaf3231acc7fffe740566341b60c794652951bd4,16000,1,2,48000,3.0,-26.93,0.5035,0.0,test
prjvqTJpQE4_seg_012.wav,data/interim/segmented_clean_relaxed/spasmodic_dysphonia/prjvqTJpQE4_seg_012.wav,prjvqTJpQE4,012,spasmodic_dysphonia,clean_pool,ca198e5d9abbf3a570ddbba72ffa821e364fdabfa61447cea3ccae9dfa119fd3,16000,1,2,48000,3.0,-27.01,0.6886,0.0,test
prjvqTJpQE4_seg_013.wav,data/interim/segmented_clean_relaxed/spasmodic_dysphonia/prjvqTJpQE4_seg_013.wav,prjvqTJpQE4,013,spasmodic_dysphonia,clean_pool,52075fbe2ba604ea8bc2f210acf0dc2d7ceebed16b38b72dd821e89cbb14a365,16000,1,2,48000,3.0,-32.61,0.6739,0.0,test
prjvqTJpQE4_seg_014.wav,data/interim/segmented_clean_relaxed/spasmodic_dysphonia/prjvqTJpQE4_seg_014.wav,prjvqTJpQE4,014,spasmodic_dysphonia,clean_pool,8bfb8da920800c270b16b54c3ba87ce8e940fd7008cb3ddf3f0720898159201f,16000,1,2,48000,3.0,-30.58,0.6833,0.0,test
prjvqTJpQE4_seg_015.wav,data/interim/segmented_clean_relaxed/spasmodic_dysphonia/prjvqTJpQE4_seg_015.wav,prjvqTJpQE4,015,spasmodic_dysphonia,clean_pool,b0656ac69abe698da537629d67af0994b7a122fed6baa1c12bb052eb7e2eda76,16000,1,2,48000,3.0,-24.2,0.5724,0.0,test
prjvqTJpQE4_seg_016.wav,data/interim/segmented_clean_relaxed/spasmodic_dysphonia/prjvqTJpQE4_seg_016.wav,prjvqTJpQE4,016,spasmodic_dysphonia,clean_pool,933f2cec64866a36dc6eb9b26f9d3844a19423e71a921dd710dadb3955957987,16000,1,2,48000,3.0,-30.41,0.6635,0.0,test
prjvqTJpQE4_seg_017.wav,data/interim/segmented_clean_relaxed/spasmodic_dysphonia/prjvqTJpQE4_seg_017.wav,prjvqTJpQE4,017,spasmodic_dysphonia,clean_pool,f83de385982f1f24092953d4d8edd157dbef09736d632f215eec66885a724f21,16000,1,2,48000,3.0,-30.16,0.6777,0.0,test
prjvqTJpQE4_seg_018.wav,data/interim/segmented_clean_relaxed/spasmodic_dysphonia/prjvqTJpQE4_seg_018.wav,prjvqTJpQE4,018,spasmodic_dysphonia,clean_pool,2d771c5af1e4d219ba0a12b925655d2cd01c60f58d13ac7af08e797cd40b22ce,16000,1,2,48000,3.0,-29.03,0.5523,0.0,test
prjvqTJpQE4_seg_019.wav,data/interim/segmented_clean_relaxed/spasmodic_dysphonia/prjvqTJpQE4_seg_019.wav,prjvqTJpQE4,019,spasmodic_dysphonia,clean_pool,af8c2e0d10a369e515c87aa8418ea47e02e1a68afd534cd8f35e8d3ec39a8ec9,16000,1,2,48000,3.0,-26.83,0.5465,0.0,test
prjvqTJpQE4_seg_020.wav,data/interim/segmented_clean_relaxed/spasmodic_dysphonia/prjvqTJpQE4_seg_020.wav,prjvqTJpQE4,020,spasmodic_dysphonia,clean_pool,f142162ba3aee48774a4c67326e63b00b0217096edac7d7ffcfe4618592fbb1a,16000,1,2,48000,3.0,-30.02,0.5383,0.0,test
prjvqTJpQE4_seg_021.wav,data/interim/segmented_clean_relaxed/spasmodic_dysphonia/prjvqTJpQE4_seg_021.wav,prjvqTJpQE4,021,spasmodic_dysphonia,clean_pool,2a384ea3e8bd883340c28ba4e9c1404a568c40dd7edc0a1c918ebd5951062642,16000,1,2,48000,3.0,-32.86,0.6519,0.0,test
prjvqTJpQE4_seg_022.wav,data/interim/segmented_clean_relaxed/spasmodic_dysphonia/prjvqTJpQE4_seg_022.wav,prjvqTJpQE4,022,spasmodic_dysphonia,clean_pool,3003bda7850880e64473c1b0d821e20bdbd5f0419438a04d7b2bb94d5d1dc559,16000,1,2,48000,3.0,-28.87,0.5518,0.0,test
prjvqTJpQE4_seg_023.wav,data/interim/segmented_clean_relaxed/spasmodic_dysphonia/prjvqTJpQE4_seg_023.wav,prjvqTJpQE4,023,spasmodic_dysphonia,clean_pool,fb99ac3f995b6d8b35f1380c95c6041b706d7b3e3d04c8c31abd46472da937b1,16000,1,2,48000,3.0,-28.91,0.5993,0.0,test
prjvqTJpQE4_seg_024.wav,data/interim/segmented_clean_relaxed/spasmodic_dysphonia/prjvqTJpQE4_seg_024.wav,prjvqTJpQE4,024,spasmodic_dysphonia,clean_pool,a5f26dcf8ab9c95218f1fadbcd28e99b5e1d2b291f494f4160ea63e91ccdcd0c,16000,1,2,48000,3.0,-29.98,0.5466,0.0,test
prjvqTJpQE4_seg_025.wav,data/interim/segmented_clean_relaxed/spasmodic_dysphonia/prjvqTJpQE4_seg_025.wav,prjvqTJpQE4,025,spasmodic_dysphonia,clean_pool,b0ccca98d62e176e0c43e6c0a0e55f20e9dfbe11850e2152844fd864dfec9cc3,16000,1,2,48000,3.0,-30.56,0.6249,0.0,test
prjvqTJpQE4_seg_026.wav,data/interim/segmented_clean_relaxed/spasmodic_dysphonia/prjvqTJpQE4_seg_026.wav,prjvqTJpQE4,026,spasmodic_dysphonia,clean_pool,0e7603c8b21524e73a7e83168513d977c7185589ea4a3493de069edaafdfcb6b,16000,1,2,48000,3.0,-30.75,0.5479,0.0,test
prjvqTJpQE4_seg_027.wav,data/interim/segmented_clean_relaxed/spasmodic_dysphonia/prjvqTJpQE4_seg_027.wav,prjvqTJpQE4,027,spasmodic_dysphonia,clean_pool,d750db04b458f4cc0c87d512b1529cf612ee2151178da3857d10d59a3b872014,16000,1,2,48000,3.0,-30.38,0.55,0.0,test
prjvqTJpQE4_seg_028.wav,data/interim/segmented_clean_relaxed/spasmodic_dysphonia/prjvqTJpQE4_seg_028.wav,prjvqTJpQE4,028,spasmodic_dysphonia,clean_pool,f151eb3eaf69cbecb6f7fa631b0bfa51b3a2c3ed38a37da27e224991252c8d8e,16000,1,2,48000,3.0,-31.32,0.5937,0.0,test
prjvqTJpQE4_seg_029.wav,data/interim/segmented_clean_relaxed/spasmodic_dysphonia/prjvqTJpQE4_seg_029.wav,prjvqTJpQE4,029,spasmodic_dysphonia,clean_pool,10fcf18929081efa66476824792fda41c8314895ccc6763a58ddb2d2825228a9,16000,1,2,48000,3.0,-30.85,0.6099,0.0,test
prjvqTJpQE4_seg_030.wav,data/interim/segmented_clean_relaxed/spasmodic_dysphonia/prjvqTJpQE4_seg_030.wav,prjvqTJpQE4,030,spasmodic_dysphonia,clean_pool,0154aa931f3a9ca2ea3506815fe23b141f1f5497f6ef0904a142951e30dda4dd,16000,1,2,48000,3.0,-30.55,0.5073,0.0,test
prjvqTJpQE4_seg_031.wav,data/interim/segmented_clean_relaxed/spasmodic_dysphonia/prjvqTJpQE4_seg_031.wav,prjvqTJpQE4,031,spasmodic_dysphonia,clean_pool,6d1180d0adfa584eb55f508ac6e51a11caf8a382b19377f61510dbbdd8b659ca,16000,1,2,48000,3.0,-36.72,0.6561,0.0,test
prjvqTJpQE4_seg_032.wav,data/interim/segmented_clean_relaxed/spasmodic_dysphonia/prjvqTJpQE4_seg_032.wav,prjvqTJpQE4,032,spasmodic_dysphonia,clean_pool,75d67b113c60e6a674aacbef71bdaf7cd7e26bdcfa3762edff8a61122ca5d14e,16000,1,2,48000,3.0,-30.61,0.5679,0.0,test
prjvqTJpQE4_seg_033.wav,data/interim/segmented_clean_relaxed/spasmodic_dysphonia/prjvqTJpQE4_seg_033.wav,prjvqTJpQE4,033,spasmodic_dysphonia,clean_pool,9b7fb6fc1854afd160fca6be5abe0b9f67ab821e60af2448b91d1a8aa02de4b1,16000,1,2,48000,3.0,-34.26,0.6254,0.0,test
RwScK54s9Ys_seg_000.wav,data/interim/segmented_clean_relaxed/spasmodic_dysphonia/RwScK54s9Ys_seg_000.wav,RwScK54s9Ys,000,spasmodic_dysphonia,clean_pool,7a5b6279db7a5b3ddff9dde0ce8e86b537e78bd9b0b62ee7e6cfd3f60a0a6f59,16000,1,2,48000,3.0,-27.19,0.1043,0.0,train
RwScK54s9Ys_seg_001.wav,data/interim/segmented_clean_relaxed/spasmodic_dysphonia/RwScK54s9Ys_seg_001.wav,RwScK54s9Ys,001,spasmodic_dysphonia,clean_pool,39cf0b073238643003b4746c145728e623740cef66dfde91408e040b5ed68c17,16000,1,2,48000,3.0,-30.66,0.5778,0.0,train
RwScK54s9Ys_seg_002.wav,data/interim/segmented_clean_relaxed/spasmodic_dysphonia/RwScK54s9Ys_seg_002.wav,RwScK54s9Ys,002,spasmodic_dysphonia,clean_pool,fd0daa39cf0fb8151b3c53487e42b56ea6e70e74a04d2ead7d2d2019bee70062,16000,1,2,48000,3.0,-30.23,0.6706,0.0,train
RwScK54s9Ys_seg_003.wav,data/interim/segmented_clean_relaxed/spasmodic_dysphonia/RwScK54s9Ys_seg_003.wav,RwScK54s9Ys,003,spasmodic_dysphonia,clean_pool,fa077334569e975cc53f2fb42e4b23666780d597c83d270c74abdd611ef0ae57,16000,1,2,48000,3.0,-35.16,0.6665,0.0,train
RwScK54s9Ys_seg_004.wav,data/interim/segmented_clean_relaxed/spasmodic_dysphonia/RwScK54s9Ys_seg_004.wav,RwScK54s9Ys,004,spasmodic_dysphonia,clean_pool,5ceac9b0f965dc63e64bdc97b00bb98df24e19a1dbc32864c3482572afe9e409,16000,1,2,48000,3.0,-32.45,0.6519,0.0,train
RwScK54s9Ys_seg_005.wav,data/interim/segmented_clean_relaxed/spasmodic_dysphonia/RwScK54s9Ys_seg_005.wav,RwScK54s9Ys,005,spasmodic_dysphonia,clean_pool,5fddbabee444e1d930588fb53818ea29c6d8b500f1cff71b11e94dc7d62ee9f6,16000,1,2,48000,3.0,-36.62,0.7024,0.0,train
RwScK54s9Ys_seg_006.wav,data/interim/segmented_clean_relaxed/spasmodic_dysphonia/RwScK54s9Ys_seg_006.wav,RwScK54s9Ys,006,spasmodic_dysphonia,clean_pool,19faa5cfc2bb880e44aca48c5c084da67005b65586de0a15f29d5df4868a5887,16000,1,2,48000,3.0,-37.62,0.7169,0.0,train
RwScK54s9Ys_seg_007.wav,data/interim/segmented_clean_relaxed/spasmodic_dysphonia/RwScK54s9Ys_seg_007.wav,RwScK54s9Ys,007,spasmodic_dysphonia,clean_pool,6777c0617a7c77b8889bac9ffcf25e28188ffdbe9ec7755143f54c48f2f63445,16000,1,2,48000,3.0,-36.4,0.7355,0.0,train
RwScK54s9Ys_seg_009.wav,data/interim/segmented_clean_relaxed/spasmodic_dysphonia/RwScK54s9Ys_seg_009.wav,RwScK54s9Ys,009,spasmodic_dysphonia,clean_pool,3c98513264ab03637f82417fda65a5abed0b44136e00a1095353c28e3f635fb2,16000,1,2,48000,3.0,-31.41,0.6486,0.0,train
RwScK54s9Ys_seg_010.wav,data/interim/segmented_clean_relaxed/spasmodic_dysphonia/RwScK54s9Ys_seg_010.wav,RwScK54s9Ys,010,spasmodic_dysphonia,clean_pool,351cc44e3a9db119272e6e4e9cab2cd2170ea0f08b8cb3544fac00c46f87aeb3,16000,1,2,48000,3.0,-35.03,0.7063,0.0,train
RwScK54s9Ys_seg_011.wav,data/interim/segmented_clean_relaxed/spasmodic_dysphonia/RwScK54s9Ys_seg_011.wav,RwScK54s9Ys,011,spasmodic_dysphonia,clean_pool,69f74ff86b686b14058616594aa08be1deaf844bf0c5c6f6f8ba1474c5381e2c,16000,1,2,48000,3.0,-38.44,0.729,0.0,train
RwScK54s9Ys_seg_012.wav,data/interim/segmented_clean_relaxed/spasmodic_dysphonia/RwScK54s9Ys_seg_012.wav,RwScK54s9Ys,012,spasmodic_dysphonia,clean_pool,e47d3a64c73421d4d75d95130063aa4c35f99b77de220f90e10098227cb9e853,16000,1,2,48000,3.0,-34.28,0.6814,0.0,train
RwScK54s9Ys_seg_013.wav,data/interim/segmented_clean_relaxed/spasmodic_dysphonia/RwScK54s9Ys_seg_013.wav,RwScK54s9Ys,013,spasmodic_dysphonia,clean_pool,cf47bf10e8d41684e292dc08838b16077e2be89f97e7df054669a4adecec6c54,16000,1,2,48000,3.0,-36.27,0.7009,0.0,train
RwScK54s9Ys_seg_014.wav,data/interim/segmented_clean_relaxed/spasmodic_dysphonia/RwScK54s9Ys_seg_014.wav,RwScK54s9Ys,014,spasmodic_dysphonia,clean_pool,8c32f84e814386518b048849ed8e9ff37b53344ba239097a743fb1c528bc7d3e,16000,1,2,48000,3.0,-37.56,0.7381,0.0,train
RwScK54s9Ys_seg_015.wav,data/interim/segmented_clean_relaxed/spasmodic_dysphonia/RwScK54s9Ys_seg_015.wav,RwScK54s9Ys,015,spasmodic_dysphonia,clean_pool,2e8b921c35220d26d92b0f5856a97fde1d567593d04361f0df48519495d96ab6,16000,1,2,48000,3.0,-33.2,0.7463,0.0,train
RwScK54s9Ys_seg_016.wav,data/interim/segmented_clean_relaxed/spasmodic_dysphonia/RwScK54s9Ys_seg_016.wav,RwScK54s9Ys,016,spasmodic_dysphonia,clean_pool,6457787d746c9aecdfe05b7a9bc726278aab2d78a488986f84d66f0379c08ecf,16000,1,2,48000,3.0,-32.14,0.6079,0.0,train
RwScK54s9Ys_seg_017.wav,data/interim/segmented_clean_relaxed/spasmodic_dysphonia/RwScK54s9Ys_seg_017.wav,RwScK54s9Ys,017,spasmodic_dysphonia,clean_pool,f086225c95786542ab8a02d950dced30cbd78ae8b8887a409e98cb9964516cf7,16000,1,2,48000,3.0,-40.69,0.8125,0.0,train
RwScK54s9Ys_seg_018.wav,data/interim/segmented_clean_relaxed/spasmodic_dysphonia/RwScK54s9Ys_seg_018.wav,RwScK54s9Ys,018,spasmodic_dysphonia,clean_pool,b18be328d25681b1945be2e4cc115355fa33f238e8259ede8068ef6fc49ec860,16000,1,2,48000,3.0,-31.15,0.642,0.0,train
RwScK54s9Ys_seg_019.wav,data/interim/segmented_clean_relaxed/spasmodic_dysphonia/RwScK54s9Ys_seg_019.wav,RwScK54s9Ys,019,spasmodic_dysphonia,clean_pool,c137f6232bfff7803cd9373747ca0926121b6a9d1073feb8e31e03d56e4f5403,16000,1,2,48000,3.0,-35.75,0.6864,0.0,train
RwScK54s9Ys_seg_020.wav,data/interim/segmented_clean_relaxed/spasmodic_dysphonia/RwScK54s9Ys_seg_020.wav,RwScK54s9Ys,020,spasmodic_dysphonia,clean_pool,bb1f584c9553d46c577ea7ece1d85b445119847035b8e2aab205f5476ba71eb0,16000,1,2,48000,3.0,-31.94,0.6655,0.0,train
RwScK54s9Ys_seg_021.wav,data/interim/segmented_clean_relaxed/spasmodic_dysphonia/RwScK54s9Ys_seg_021.wav,RwScK54s9Ys,021,spasmodic_dysphonia,clean_pool,26c427902fb890a2c8002e5fde25b107695a834c22aded2b466a487456143389,16000,1,2,48000,3.0,-33.67,0.6851,0.0,train
RwScK54s9Ys_seg_022.wav,data/interim/segmented_clean_relaxed/spasmodic_dysphonia/RwScK54s9Ys_seg_022.wav,RwScK54s9Ys,022,spasmodic_dysphonia,clean_pool,7c7403116984417416fd196f49a901fde6b69b8f6e2edd84ae4282a2d08c1ec3,16000,1,2,48000,3.0,-31.01,0.5204,0.0,train
RwScK54s9Ys_seg_023.wav,data/interim/segmented_clean_relaxed/spasmodic_dysphonia/RwScK54s9Ys_seg_023.wav,RwScK54s9Ys,023,spasmodic_dysphonia,clean_pool,8bce5e52731402a5bdad0d4694e3ee978d07a47761a6261a05be1e0fb49a75f8,16000,1,2,48000,3.0,-27.61,0.5263,0.0,train
RwScK54s9Ys_seg_024.wav,data/interim/segmented_clean_relaxed/spasmodic_dysphonia/RwScK54s9Ys_seg_024.wav,RwScK54s9Ys,024,spasmodic_dysphonia,clean_pool,52fcc9f083404826faa75a43b56622f61b04ac7f2ea2ab787ae661c506ce68ce,16000,1,2,48000,3.0,-27.17,0.4595,0.0,train
RwScK54s9Ys_seg_025.wav,data/interim/segmented_clean_relaxed/spasmodic_dysphonia/RwScK54s9Ys_seg_025.wav,RwScK54s9Ys,025,spasmodic_dysphonia,clean_pool,14f18c068cdd9a9f3a3e7e853625b785de7bafb2afbd73fa3f5d1583aab9d402,16000,1,2,48000,3.0,-32.72,0.6161,0.0,train
RwScK54s9Ys_seg_026.wav,data/interim/segmented_clean_relaxed/spasmodic_dysphonia/RwScK54s9Ys_seg_026.wav,RwScK54s9Ys,026,spasmodic_dysphonia,clean_pool,59f4eb371a0341d40b10e3e22dbdd2d4ad35654438d06b37a14f09962b055539,16000,1,2,48000,3.0,-27.04,0.6539,0.0,train
RwScK54s9Ys_seg_027.wav,data/interim/segmented_clean_relaxed/spasmodic_dysphonia/RwScK54s9Ys_seg_027.wav,RwScK54s9Ys,027,spasmodic_dysphonia,clean_pool,7e3ec856ee6cb70659437d462c6ea610872a43c606da6e6240af875fbadbbd91,16000,1,2,48000,3.0,-26.33,0.6166,0.0,train
RwScK54s9Ys_seg_028.wav,data/interim/segmented_clean_relaxed/spasmodic_dysphonia/RwScK54s9Ys_seg_028.wav,RwScK54s9Ys,028,spasmodic_dysphonia,clean_pool,6aefa2c936ee7b49b2a2f27d2c2c8ad0f9ebeefc2f98bae2c6ddecb28b16e629,16000,1,2,48000,3.0,-32.26,0.6322,0.0,train
RwScK54s9Ys_seg_029.wav,data/interim/segmented_clean_relaxed/spasmodic_dysphonia/RwScK54s9Ys_seg_029.wav,RwScK54s9Ys,029,spasmodic_dysphonia,clean_pool,54a5654e2363b9b8ad44ccc10c19c7a82f00dabafb978da867166785b5bdfe26,16000,1,2,48000,3.0,-31.67,0.5911,0.0,train
RwScK54s9Ys_seg_030.wav,data/interim/segmented_clean_relaxed/spasmodic_dysphonia/RwScK54s9Ys_seg_030.wav,RwScK54s9Ys,030,spasmodic_dysphonia,clean_pool,1b3af03d1e4f239f74decbc5830b13e6bbd93e4df3cd0c49f4e3100ba72fea9b,16000,1,2,48000,3.0,-33.66,0.6475,0.0,train
RwScK54s9Ys_seg_031.wav,data/interim/segmented_clean_relaxed/spasmodic_dysphonia/RwScK54s9Ys_seg_031.wav,RwScK54s9Ys,031,spasmodic_dysphonia,clean_pool,1741381bf296a2d4e917d31d5e117fc57aa455fc327d1699677e5ca1d463e833,16000,1,2,48000,3.0,-26.94,0.5226,0.0,train
RwScK54s9Ys_seg_032.wav,data/interim/segmented_clean_relaxed/spasmodic_dysphonia/RwScK54s9Ys_seg_032.wav,RwScK54s9Ys,032,spasmodic_dysphonia,clean_pool,70e339e3f682a4ccd0c3dd357b12b775cf75504b6891eb18e82d734d59e43a94,16000,1,2,48000,3.0,-34.58,0.5639,0.0,train
RwScK54s9Ys_seg_033.wav,data/interim/segmented_clean_relaxed/spasmodic_dysphonia/RwScK54s9Ys_seg_033.wav,RwScK54s9Ys,033,spasmodic_dysphonia,clean_pool,f2bfb6e0dc45daa6e012664813e0cbbd9575a09be2b307e09dfc8e7d3d0667ab,16000,1,2,48000,3.0,-27.86,0.5132,0.0,train
RwScK54s9Ys_seg_034.wav,data/interim/segmented_clean_relaxed/spasmodic_dysphonia/RwScK54s9Ys_seg_034.wav,RwScK54s9Ys,034,spasmodic_dysphonia,clean_pool,e6db45d95bcd302399046948dd7e8dce0552cf4ac0cece0cbed1e06bf9135ca1,16000,1,2,48000,3.0,-30.87,0.5932,0.0,train
RwScK54s9Ys_seg_035.wav,data/interim/segmented_clean_relaxed/spasmodic_dysphonia/RwScK54s9Ys_seg_035.wav,RwScK54s9Ys,035,spasmodic_dysphonia,clean_pool,b15a6fe7303e49d3467b645b040bf15381a669fb4974a4dff64b0b37d74817ad,16000,1,2,48000,3.0,-29.82,0.6035,0.0,train
RwScK54s9Ys_seg_036.wav,data/interim/segmented_clean_relaxed/spasmodic_dysphonia/RwScK54s9Ys_seg_036.wav,RwScK54s9Ys,036,spasmodic_dysphonia,clean_pool,e461093e948bc8d173e8ce930d983271084173c48bcfd3d9f2fd9166b5e5166f,16000,1,2,48000,3.0,-27.31,0.4952,0.0,train
RwScK54s9Ys_seg_037.wav,data/interim/segmented_clean_relaxed/spasmodic_dysphonia/RwScK54s9Ys_seg_037.wav,RwScK54s9Ys,037,spasmodic_dysphonia,clean_pool,d9a7741048c7833f8a8dd2dd0bbfad72f8ae1c3efa6334db2e031fd3096a9424,16000,1,2,48000,3.0,-27.34,0.5914,0.0,train
RwScK54s9Ys_seg_038.wav,data/interim/segmented_clean_relaxed/spasmodic_dysphonia/RwScK54s9Ys_seg_038.wav,RwScK54s9Ys,038,spasmodic_dysphonia,clean_pool,6e52753f6e3a2bd5a56c4e1f8260b38bfbddf7b581c7b572031e0bbafef84484,16000,1,2,48000,3.0,-25.12,0.6179,0.0,train
RwScK54s9Ys_seg_039.wav,data/interim/segmented_clean_relaxed/spasmodic_dysphonia/RwScK54s9Ys_seg_039.wav,RwScK54s9Ys,039,spasmodic_dysphonia,clean_pool,e2addf7fd42b92965973a1d736e7f67a7d561833dd7a0164a69d3d829be06c89,16000,1,2,48000,3.0,-28.5,0.4377,0.0,train
RwScK54s9Ys_seg_040.wav,data/interim/segmented_clean_relaxed/spasmodic_dysphonia/RwScK54s9Ys_seg_040.wav,RwScK54s9Ys,040,spasmodic_dysphonia,clean_pool,1a003fedf3881c65370cf225be3951a931e3b8617e3c89d7c26db530910c5e82,16000,1,2,48000,3.0,-33.38,0.7087,0.0,train
RwScK54s9Ys_seg_041.wav,data/interim/segmented_clean_relaxed/spasmodic_dysphonia/RwScK54s9Ys_seg_041.wav,RwScK54s9Ys,041,spasmodic_dysphonia,clean_pool,4918aed448ef1da506608d8cdb831107601365601b7885fa81cd9f17de6eba6c,16000,1,2,48000,3.0,-25.01,0.5868,0.0,train
RwScK54s9Ys_seg_042.wav,data/interim/segmented_clean_relaxed/spasmodic_dysphonia/RwScK54s9Ys_seg_042.wav,RwScK54s9Ys,042,spasmodic_dysphonia,clean_pool,169e3bacef164945390a2f1cb1a64c19727412a7f5486daf7c237090c000778d,16000,1,2,48000,3.0,-25.48,0.6301,0.0,train
RwScK54s9Ys_seg_043.wav,data/interim/segmented_clean_relaxed/spasmodic_dysphonia/RwScK54s9Ys_seg_043.wav,RwScK54s9Ys,043,spasmodic_dysphonia,clean_pool,1528dd099e510b8514d83eb29c129a1b3c4f1570bf4fd435c853d2d50313e334,16000,1,2,48000,3.0,-27.13,0.64,0.0,train
RwScK54s9Ys_seg_044.wav,data/interim/segmented_clean_relaxed/spasmodic_dysphonia/RwScK54s9Ys_seg_044.wav,RwScK54s9Ys,044,spasmodic_dysphonia,clean_pool,09c97dafb64820dc605c4bb960fde1fda803b1f358ed6b7a2720620b9df44d7d,16000,1,2,48000,3.0,-26.16,0.6276,0.0,train
RwScK54s9Ys_seg_045.wav,data/interim/segmented_clean_relaxed/spasmodic_dysphonia/RwScK54s9Ys_seg_045.wav,RwScK54s9Ys,045,spasmodic_dysphonia,clean_pool,c22e92d21b3fe90d23558675398a130e222fb3bc73bffb3bba6a8d56cea7c174,16000,1,2,48000,3.0,-28.79,0.5065,0.0,train
RwScK54s9Ys_seg_046.wav,data/interim/segmented_clean_relaxed/spasmodic_dysphonia/RwScK54s9Ys_seg_046.wav,RwScK54s9Ys,046,spasmodic_dysphonia,clean_pool,e30da958f9759e7e2e817cafbea5062d9e5252e65bc1e5e8a8ed5384086850c9,16000,1,2,48000,3.0,-29.26,0.5891,0.0,train
RwScK54s9Ys_seg_047.wav,data/interim/segmented_clean_relaxed/spasmodic_dysphonia/RwScK54s9Ys_seg_047.wav,RwScK54s9Ys,047,spasmodic_dysphonia,clean_pool,4fa728251a78027f0fb43b5a535000f12b310c2b7645017a3814d5c727994217,16000,1,2,48000,3.0,-23.6,0.5966,0.0,train
RwScK54s9Ys_seg_048.wav,data/interim/segmented_clean_relaxed/spasmodic_dysphonia/RwScK54s9Ys_seg_048.wav,RwScK54s9Ys,048,spasmodic_dysphonia,clean_pool,87f35fe2ab4a4f5b8c0e5f432cdb48eee6cbc17664dcf5753db6732dbf00322a,16000,1,2,48000,3.0,-25.33,0.5483,0.0,train
RwScK54s9Ys_seg_049.wav,data/interim/segmented_clean_relaxed/spasmodic_dysphonia/RwScK54s9Ys_seg_049.wav,RwScK54s9Ys,049,spasmodic_dysphonia,clean_pool,212426b6a9cf333c43ef9869c04f9bbde444acdf92e4aa79b899b4cfc545285e,16000,1,2,48000,3.0,-26.3,0.4596,0.0,train
RwScK54s9Ys_seg_050.wav,data/interim/segmented_clean_relaxed/spasmodic_dysphonia/RwScK54s9Ys_seg_050.wav,RwScK54s9Ys,050,spasmodic_dysphonia,clean_pool,f4982325272b1f27f7363fb3e22d0f6d4821c2de25bb67417f4efab14fcda122,16000,1,2,48000,3.0,-26.05,0.5624,0.0,train
RwScK54s9Ys_seg_051.wav,data/interim/segmented_clean_relaxed/spasmodic_dysphonia/RwScK54s9Ys_seg_051.wav,RwScK54s9Ys,051,spasmodic_dysphonia,clean_pool,478042f908e8cd888843a1fc12b0754141362ed0896d55265bf5513d26c2e81b,16000,1,2,48000,3.0,-28.21,0.6349,0.0,train
RwScK54s9Ys_seg_052.wav,data/interim/segmented_clean_relaxed/spasmodic_dysphonia/RwScK54s9Ys_seg_052.wav,RwScK54s9Ys,052,spasmodic_dysphonia,clean_pool,9f545422f07d65e45064e5d0ac047745db6fb44b80aa28dd4f9ecb445f04831b,16000,1,2,48000,3.0,-31.37,0.5869,0.0,train
RwScK54s9Ys_seg_053.wav,data/interim/segmented_clean_relaxed/spasmodic_dysphonia/RwScK54s9Ys_seg_053.wav,RwScK54s9Ys,053,spasmodic_dysphonia,clean_pool,bd5a43b02a0f474abd3b13f0770c70b5664689c4e3b8bcd23ed10ab2a17a3ed8,16000,1,2,48000,3.0,-35.21,0.6035,0.0,train
RwScK54s9Ys_seg_054.wav,data/interim/segmented_clean_relaxed/spasmodic_dysphonia/RwScK54s9Ys_seg_054.wav,RwScK54s9Ys,054,spasmodic_dysphonia,clean_pool,2fc73e2c805cf81b0eb009845ea117b67323eeed13c5c1bbae5ecb5244297ab6,16000,1,2,48000,3.0,-36.11,0.716,0.0,train
RwScK54s9Ys_seg_055.wav,data/interim/segmented_clean_relaxed/spasmodic_dysphonia/RwScK54s9Ys_seg_055.wav,RwScK54s9Ys,055,spasmodic_dysphonia,clean_pool,6b1348e08e8bd8fbccaf8aae96716fd012b5cb4f00d8bdb933dab73ef13f70b8,16000,1,2,48000,3.0,-33.46,0.6684,0.0,train
RwScK54s9Ys_seg_056.wav,data/interim/segmented_clean_relaxed/spasmodic_dysphonia/RwScK54s9Ys_seg_056.wav,RwScK54s9Ys,056,spasmodic_dysphonia,clean_pool,3329241e1424dfd816ba62cd9997c4836aeee6849ac2ee7018819514d43ab733,16000,1,2,48000,3.0,-33.45,0.616,0.0,train
RwScK54s9Ys_seg_057.wav,data/interim/segmented_clean_relaxed/spasmodic_dysphonia/RwScK54s9Ys_seg_057.wav,RwScK54s9Ys,057,spasmodic_dysphonia,clean_pool,ac6af0eb9358d94d4219748c625d9126cbb58eb0401865b83ec553c53cb8974d,16000,1,2,48000,3.0,-27.71,0.6714,0.0,train
RwScK54s9Ys_seg_058.wav,data/interim/segmented_clean_relaxed/spasmodic_dysphonia/RwScK54s9Ys_seg_058.wav,RwScK54s9Ys,058,spasmodic_dysphonia,clean_pool,784fe9cbcdc63ac6c3276188624f84abe82443ba4a9bd682d8f742672614fc9c,16000,1,2,48000,3.0,-32.21,0.6865,0.0,train
RwScK54s9Ys_seg_059.wav,data/interim/segmented_clean_relaxed/spasmodic_dysphonia/RwScK54s9Ys_seg_059.wav,RwScK54s9Ys,059,spasmodic_dysphonia,clean_pool,84a6dae1f1a27c7cd1bb3baa709c74a89b002e57a4e2f107a4af4677ea56bc81,16000,1,2,48000,3.0,-30.68,0.6566,0.0,train
RwScK54s9Ys_seg_060.wav,data/interim/segmented_clean_relaxed/spasmodic_dysphonia/RwScK54s9Ys_seg_060.wav,RwScK54s9Ys,060,spasmodic_dysphonia,clean_pool,d0ca31af5dd59d92e99c1b4d3d66c71f6dd110e4d64f0f8e27b0b52962db5618,16000,1,2,48000,3.0,-35.37,0.7338,0.0,train
RwScK54s9Ys_seg_061.wav,data/interim/segmented_clean_relaxed/spasmodic_dysphonia/RwScK54s9Ys_seg_061.wav,RwScK54s9Ys,061,spasmodic_dysphonia,clean_pool,036c1843b8c96157cccbf1a48199191fb9f069bc098c073c54ab336cf0abe6fe,16000,1,2,48000,3.0,-34.53,0.6056,0.0,train
RwScK54s9Ys_seg_062.wav,data/interim/segmented_clean_relaxed/spasmodic_dysphonia/RwScK54s9Ys_seg_062.wav,RwScK54s9Ys,062,spasmodic_dysphonia,clean_pool,ac4c822ad5ca0636926712757d1a54896aa2071c1bb7af55cbdd724ff310c042,16000,1,2,48000,3.0,-29.79,0.6186,0.0,train
RwScK54s9Ys_seg_063.wav,data/interim/segmented_clean_relaxed/spasmodic_dysphonia/RwScK54s9Ys_seg_063.wav,RwScK54s9Ys,063,spasmodic_dysphonia,clean_pool,d62b04cc7010c52a0443f6df8be20c7ed05f52d1079e5608d778fcf78eb43739,16000,1,2,48000,3.0,-32.9,0.6803,0.0,train
RwScK54s9Ys_seg_064.wav,data/interim/segmented_clean_relaxed/spasmodic_dysphonia/RwScK54s9Ys_seg_064.wav,RwScK54s9Ys,064,spasmodic_dysphonia,clean_pool,c9e7c84156d16c0262d8b1754929c58a9aae78c0433059ad1db4837370ac8c57,16000,1,2,48000,3.0,-34.86,0.7248,0.0,train
RwScK54s9Ys_seg_065.wav,data/interim/segmented_clean_relaxed/spasmodic_dysphonia/RwScK54s9Ys_seg_065.wav,RwScK54s9Ys,065,spasmodic_dysphonia,clean_pool,e52cc01c622fb88164256ca4b5bc3d8fca3654d35135cbac0363ac794968c339,16000,1,2,48000,3.0,-32.97,0.6429,0.0,train
RwScK54s9Ys_seg_066.wav,data/interim/segmented_clean_relaxed/spasmodic_dysphonia/RwScK54s9Ys_seg_066.wav,RwScK54s9Ys,066,spasmodic_dysphonia,clean_pool,a952894325bce7b9a19d1000613b2329869b263d7022edb87c614dbf234f1ca0,16000,1,2,48000,3.0,-37.23,0.6794,0.0,train
RwScK54s9Ys_seg_067.wav,data/interim/segmented_clean_relaxed/spasmodic_dysphonia/RwScK54s9Ys_seg_067.wav,RwScK54s9Ys,067,spasmodic_dysphonia,clean_pool,095b8a4e776d96bf3e15642c6fbec67523e8b421d62df9d4ef28d49a20d82e6b,16000,1,2,48000,3.0,-34.97,0.6697,0.0,train
RwScK54s9Ys_seg_068.wav,data/interim/segmented_clean_relaxed/spasmodic_dysphonia/RwScK54s9Ys_seg_068.wav,RwScK54s9Ys,068,spasmodic_dysphonia,clean_pool,49f2075ca2d7b502af55059ac6eea8443b89e42e11364ed2e2d76e19caa9232d,16000,1,2,48000,3.0,-29.54,0.6812,0.0,train
RwScK54s9Ys_seg_069.wav,data/interim/segmented_clean_relaxed/spasmodic_dysphonia/RwScK54s9Ys_seg_069.wav,RwScK54s9Ys,069,spasmodic_dysphonia,clean_pool,3c445ced14f95ed6bc3d4e12575adb4bcc97f658ee6444bda971bc1136638d6e,16000,1,2,48000,3.0,-28.62,0.6038,0.0,train
RwScK54s9Ys_seg_070.wav,data/interim/segmented_clean_relaxed/spasmodic_dysphonia/RwScK54s9Ys_seg_070.wav,RwScK54s9Ys,070,spasmodic_dysphonia,clean_pool,a238e90bd0a8557d553b4b120a5c7d1639eb7add22a8a4bc1a634221992b79aa,16000,1,2,48000,3.0,-39.0,0.3454,0.0,train
RwScK54s9Ys_seg_071.wav,data/interim/segmented_clean_relaxed/spasmodic_dysphonia/RwScK54s9Ys_seg_071.wav,RwScK54s9Ys,071,spasmodic_dysphonia,clean_pool,b32370c0c0f291f263f73dbbd9e5ede4b4591c763e9ffb2b080f088256ad12e4,16000,1,2,48000,3.0,-38.78,0.286,0.0,train
RwScK54s9Ys_seg_072.wav,data/interim/segmented_clean_relaxed/spasmodic_dysphonia/RwScK54s9Ys_seg_072.wav,RwScK54s9Ys,072,spasmodic_dysphonia,clean_pool,40c9d088442c5755c85a25d18f8d12236d7245b845e3219e3e958dd67c84b601,16000,1,2,48000,3.0,-38.64,0.2807,0.0,train
s5j1RbYLwQY_seg_000.wav,data/interim/segmented_clean_relaxed/spasmodic_dysphonia/s5j1RbYLwQY_seg_000.wav,s5j1RbYLwQY,000,spasmodic_dysphonia,clean_pool,f963e56f675571cedf6dd3e702c4183728b1570dbff4d73fd92a00b035c87626,16000,1,2,48000,3.0,-25.6,0.589,0.0,test
s5j1RbYLwQY_seg_001.wav,data/interim/segmented_clean_relaxed/spasmodic_dysphonia/s5j1RbYLwQY_seg_001.wav,s5j1RbYLwQY,001,spasmodic_dysphonia,clean_pool,468867e5355006c423eebc5713667214f94e2d4e044a121eb058b1e9bfaf8ea8,16000,1,2,48000,3.0,-26.86,0.3982,0.0,test
s5j1RbYLwQY_seg_002.wav,data/interim/segmented_clean_relaxed/spasmodic_dysphonia/s5j1RbYLwQY_seg_002.wav,s5j1RbYLwQY,002,spasmodic_dysphonia,clean_pool,e0825f19d726252d1bf6486adefb97c43adf73da1336afc76e4b872cecf7fe09,16000,1,2,48000,3.0,-24.59,0.6134,0.0,test
s5j1RbYLwQY_seg_003.wav,data/interim/segmented_clean_relaxed/spasmodic_dysphonia/s5j1RbYLwQY_seg_003.wav,s5j1RbYLwQY,003,spasmodic_dysphonia,clean_pool,a06cb2647f74f9c53ba1d4d366289c3df6a7f1e96feba31d887823f813e00f9d,16000,1,2,48000,3.0,-27.11,0.5115,0.0,test
s5j1RbYLwQY_seg_004.wav,data/interim/segmented_clean_relaxed/spasmodic_dysphonia/s5j1RbYLwQY_seg_004.wav,s5j1RbYLwQY,004,spasmodic_dysphonia,clean_pool,10b95bd4e808dcb68de7a542840cf7cf448f0974d0250bad601e2696e482efbe,16000,1,2,48000,3.0,-29.6,0.5347,0.0,test
s5j1RbYLwQY_seg_005.wav,data/interim/segmented_clean_relaxed/spasmodic_dysphonia/s5j1RbYLwQY_seg_005.wav,s5j1RbYLwQY,005,spasmodic_dysphonia,clean_pool,7ce4c1c8e4418aafe63a475d9bdd523d2c25813851af5479ecff576a0e2cdcbb,16000,1,2,48000,3.0,-22.0,0.4093,0.0,test
s5j1RbYLwQY_seg_006.wav,data/interim/segmented_clean_relaxed/spasmodic_dysphonia/s5j1RbYLwQY_seg_006.wav,s5j1RbYLwQY,006,spasmodic_dysphonia,clean_pool,e41921659182352ce68fab37dc411a97430e3254c5944185d3fc7e40f3f0c7bb,16000,1,2,48000,3.0,-25.59,0.5154,0.0,test
s5j1RbYLwQY_seg_007.wav,data/interim/segmented_clean_relaxed/spasmodic_dysphonia/s5j1RbYLwQY_seg_007.wav,s5j1RbYLwQY,007,spasmodic_dysphonia,clean_pool,5414d84a8e6afda82248646a3f90d7b2b6145d6f8e22058a12b50d6df6be983b,16000,1,2,48000,3.0,-25.54,0.3726,0.0,test
s5j1RbYLwQY_seg_008.wav,data/interim/segmented_clean_relaxed/spasmodic_dysphonia/s5j1RbYLwQY_seg_008.wav,s5j1RbYLwQY,008,spasmodic_dysphonia,clean_pool,85aa2fa3e6eaf17f9556b24f8b76c2534feb4749da149a41df7a4a7aa05ee2f2,16000,1,2,48000,3.0,-30.5,0.662,0.0,test
s5j1RbYLwQY_seg_009.wav,data/interim/segmented_clean_relaxed/spasmodic_dysphonia/s5j1RbYLwQY_seg_009.wav,s5j1RbYLwQY,009,spasmodic_dysphonia,clean_pool,91d6ae09ea4d9ce6b8a8550058e101a5c2ca5fa84fea7bc0a952bb9b4cbec762,16000,1,2,48000,3.0,-25.55,0.3942,0.0,test
s5j1RbYLwQY_seg_010.wav,data/interim/segmented_clean_relaxed/spasmodic_dysphonia/s5j1RbYLwQY_seg_010.wav,s5j1RbYLwQY,010,spasmodic_dysphonia,clean_pool,97fb44fc8bfaecfe9fe35d5767474c6ef8873543576fc8caefdef5c8220897c9,16000,1,2,48000,3.0,-26.26,0.5316,0.0,test
s5j1RbYLwQY_seg_011.wav,data/interim/segmented_clean_relaxed/spasmodic_dysphonia/s5j1RbYLwQY_seg_011.wav,s5j1RbYLwQY,011,spasmodic_dysphonia,clean_pool,ed5d8aa35475af5ba4f6e9de2cd07652213117137ad24e837970ce5754162cf5,16000,1,2,48000,3.0,-26.89,0.5742,0.0,test
s5j1RbYLwQY_seg_012.wav,data/interim/segmented_clean_relaxed/spasmodic_dysphonia/s5j1RbYLwQY_seg_012.wav,s5j1RbYLwQY,012,spasmodic_dysphonia,clean_pool,bfe357bd0ca696628921bf85d3afd7f82e38d44a2b9c3caffcb759ffe5a9a190,16000,1,2,48000,3.0,-27.66,0.551,0.0,test
s5j1RbYLwQY_seg_013.wav,data/interim/segmented_clean_relaxed/spasmodic_dysphonia/s5j1RbYLwQY_seg_013.wav,s5j1RbYLwQY,013,spasmodic_dysphonia,clean_pool,e544c780ddcd61c51faa1cae43c03120909bc45e5af50d5dec071d968416811a,16000,1,2,48000,3.0,-30.87,0.6926,0.0,test
s5j1RbYLwQY_seg_014.wav,data/interim/segmented_clean_relaxed/spasmodic_dysphonia/s5j1RbYLwQY_seg_014.wav,s5j1RbYLwQY,014,spasmodic_dysphonia,clean_pool,cc12999379af1900147931422774383f5fcdb9d76489251175a4df6ad9205151,16000,1,2,48000,3.0,-27.38,0.4972,0.0,test
s5j1RbYLwQY_seg_015.wav,data/interim/segmented_clean_relaxed/spasmodic_dysphonia/s5j1RbYLwQY_seg_015.wav,s5j1RbYLwQY,015,spasmodic_dysphonia,clean_pool,e539fd01b1ce7a9e37df22a610064f7c6d1b15409345cbed657322c7de7c67ce,16000,1,2,48000,3.0,-27.61,0.5314,0.0,test
s5j1RbYLwQY_seg_016.wav,data/interim/segmented_clean_relaxed/spasmodic_dysphonia/s5j1RbYLwQY_seg_016.wav,s5j1RbYLwQY,016,spasmodic_dysphonia,clean_pool,3a9199d6cad33080d592938d53fb48a1a97774c22a0fe8a754646635b2af7baa,16000,1,2,48000,3.0,-27.35,0.6055,0.0,test
s5j1RbYLwQY_seg_017.wav,data/interim/segmented_clean_relaxed/spasmodic_dysphonia/s5j1RbYLwQY_seg_017.wav,s5j1RbYLwQY,017,spasmodic_dysphonia,clean_pool,7de6cbc16f8a5a2b7e14751c18c4c3701ba2d0406ae5c3101e5b1b0544aa2186,16000,1,2,48000,3.0,-29.28,0.5225,0.0,test
s5j1RbYLwQY_seg_018.wav,data/interim/segmented_clean_relaxed/spasmodic_dysphonia/s5j1RbYLwQY_seg_018.wav,s5j1RbYLwQY,018,spasmodic_dysphonia,clean_pool,7db286cac61d55af29401d60aa5d73c272941c1609701b899b42e8ae350cb48f,16000,1,2,48000,3.0,-29.54,0.5689,0.0,test
s5j1RbYLwQY_seg_019.wav,data/interim/segmented_clean_relaxed/spasmodic_dysphonia/s5j1RbYLwQY_seg_019.wav,s5j1RbYLwQY,019,spasmodic_dysphonia,clean_pool,259c3222956abadbeae24c8e7ac781aa9a4b0eb78b36f9f2b5d4a43b5b822d78,16000,1,2,48000,3.0,-27.61,0.3674,0.0,test
s5j1RbYLwQY_seg_020.wav,data/interim/segmented_clean_relaxed/spasmodic_dysphonia/s5j1RbYLwQY_seg_020.wav,s5j1RbYLwQY,020,spasmodic_dysphonia,clean_pool,975a3e94c404d4090a1b46ad62951cbc567b4939b3e58e82128f72db5598f231,16000,1,2,48000,3.0,-28.27,0.6666,0.0,test
s5j1RbYLwQY_seg_021.wav,data/interim/segmented_clean_relaxed/spasmodic_dysphonia/s5j1RbYLwQY_seg_021.wav,s5j1RbYLwQY,021,spasmodic_dysphonia,clean_pool,f17aca709c681e36d3f39521b9876e0d721f7942e46a6bc372f90e82c3bef743,16000,1,2,48000,3.0,-23.81,0.2674,0.0,test
s5j1RbYLwQY_seg_022.wav,data/interim/segmented_clean_relaxed/spasmodic_dysphonia/s5j1RbYLwQY_seg_022.wav,s5j1RbYLwQY,022,spasmodic_dysphonia,clean_pool,65e9c5dbeec95e8ad879c5d42bcf425c7a58b4bee5ba062a70d695e610504c60,16000,1,2,48000,3.0,-28.92,0.4753,0.0,test
s5j1RbYLwQY_seg_023.wav,data/interim/segmented_clean_relaxed/spasmodic_dysphonia/s5j1RbYLwQY_seg_023.wav,s5j1RbYLwQY,023,spasmodic_dysphonia,clean_pool,a785fd52081d97a556182fde2e4f63473ec1bc238c8c643b7f84e255d0cef40b,16000,1,2,48000,3.0,-27.13,0.5972,0.0,test
s5j1RbYLwQY_seg_024.wav,data/interim/segmented_clean_relaxed/spasmodic_dysphonia/s5j1RbYLwQY_seg_024.wav,s5j1RbYLwQY,024,spasmodic_dysphonia,clean_pool,891c73213ad67fe43b464819a78a11b8c090f9662f0829b4e5cc83405dd53b0b,16000,1,2,48000,3.0,-24.93,0.3077,0.0,test
s5j1RbYLwQY_seg_025.wav,data/interim/segmented_clean_relaxed/spasmodic_dysphonia/s5j1RbYLwQY_seg_025.wav,s5j1RbYLwQY,025,spasmodic_dysphonia,clean_pool,98e0d3b93255c6318b8a9e99c54513dd68c18029d8a68ba58f6434c1e81735f0,16000,1,2,48000,3.0,-32.93,0.6102,0.0,test
SqzfsKMaLqk_seg_000.wav,data/interim/segmented_clean_relaxed/spasmodic_dysphonia/SqzfsKMaLqk_seg_000.wav,SqzfsKMaLqk,000,spasmodic_dysphonia,clean_pool,08f673fc7ed01695db5ef84845773615fbb38cda8caeb3ef6787bd419d64181b,16000,1,2,48000,3.0,-25.33,0.2955,0.0,train
SqzfsKMaLqk_seg_001.wav,data/interim/segmented_clean_relaxed/spasmodic_dysphonia/SqzfsKMaLqk_seg_001.wav,SqzfsKMaLqk,001,spasmodic_dysphonia,clean_pool,7acab8761e4481f799e6320c542b5d2a11174a0f13d88cf962bbdcab60e7380e,16000,1,2,48000,3.0,-27.57,0.209,0.0,train
SqzfsKMaLqk_seg_002.wav,data/interim/segmented_clean_relaxed/spasmodic_dysphonia/SqzfsKMaLqk_seg_002.wav,SqzfsKMaLqk,002,spasmodic_dysphonia,clean_pool,51d955a2a901721ca4ee070a366495c3ba4f5e3d27e82c953ca9d03b42bb7388,16000,1,2,48000,3.0,-25.5,0.2132,0.0,train
SqzfsKMaLqk_seg_003.wav,data/interim/segmented_clean_relaxed/spasmodic_dysphonia/SqzfsKMaLqk_seg_003.wav,SqzfsKMaLqk,003,spasmodic_dysphonia,clean_pool,6472594007d27a5a5fc02299748285e5300bf6b29a1c3101a86711b8ee33ccfd,16000,1,2,48000,3.0,-25.12,0.1785,0.0,train
SqzfsKMaLqk_seg_004.wav,data/interim/segmented_clean_relaxed/spasmodic_dysphonia/SqzfsKMaLqk_seg_004.wav,SqzfsKMaLqk,004,spasmodic_dysphonia,clean_pool,f7e49a4552902feed8edfdf7c0e6b088b47e34f4104f9c6fd4ea2cf9dfa8ba3f,16000,1,2,48000,3.0,-27.96,0.2915,0.0,train
SqzfsKMaLqk_seg_005.wav,data/interim/segmented_clean_relaxed/spasmodic_dysphonia/SqzfsKMaLqk_seg_005.wav,SqzfsKMaLqk,005,spasmodic_dysphonia,clean_pool,33468bdc5e577a59dbc37a22de6488b8c20e92a8eba5d9243faa8fcc331bb48a,16000,1,2,48000,3.0,-27.93,0.5711,0.0,train
SqzfsKMaLqk_seg_006.wav,data/interim/segmented_clean_relaxed/spasmodic_dysphonia/SqzfsKMaLqk_seg_006.wav,SqzfsKMaLqk,006,spasmodic_dysphonia,clean_pool,25e71746ab3165a7e9ebbe4ccd5b5a5f2dc7bdd92f347b91e26771082777da84,16000,1,2,48000,3.0,-27.04,0.2664,0.0,train
SqzfsKMaLqk_seg_007.wav,data/interim/segmented_clean_relaxed/spasmodic_dysphonia/SqzfsKMaLqk_seg_007.wav,SqzfsKMaLqk,007,spasmodic_dysphonia,clean_pool,37529fd27cc46af8d947f93a8af07fbd96789250f642c6db9e31c576ead96918,16000,1,2,48000,3.0,-27.63,0.2856,0.0,train
SqzfsKMaLqk_seg_008.wav,data/interim/segmented_clean_relaxed/spasmodic_dysphonia/SqzfsKMaLqk_seg_008.wav,SqzfsKMaLqk,008,spasmodic_dysphonia,clean_pool,82d4aabb5d107c1f39d4d1e16e5fdb7c2a1cbc88d360c3983fd80cf04409c295,16000,1,2,48000,3.0,-27.05,0.3112,0.0,train
SqzfsKMaLqk_seg_009.wav,data/interim/segmented_clean_relaxed/spasmodic_dysphonia/SqzfsKMaLqk_seg_009.wav,SqzfsKMaLqk,009,spasmodic_dysphonia,clean_pool,3b99c30aae0a612221a9fb4bbaf54b74fa5bb7dcaf68d7174495d18660a2ecac,16000,1,2,48000,3.0,-26.69,0.5045,0.0,train
SqzfsKMaLqk_seg_010.wav,data/interim/segmented_clean_relaxed/spasmodic_dysphonia/SqzfsKMaLqk_seg_010.wav,SqzfsKMaLqk,010,spasmodic_dysphonia,clean_pool,fec4f41a67c550a717a9d07b32af9e94fce476692b2c053079326a90a1f3f165,16000,1,2,48000,3.0,-24.75,0.2666,0.0,train
SqzfsKMaLqk_seg_011.wav,data/interim/segmented_clean_relaxed/spasmodic_dysphonia/SqzfsKMaLqk_seg_011.wav,SqzfsKMaLqk,011,spasmodic_dysphonia,clean_pool,46f2d60bd3ff1aa938d8c51c70b933f3c1d0e80bdd08cbcae96ecaa618e156b2,16000,1,2,48000,3.0,-29.0,0.6943,0.0,train
SqzfsKMaLqk_seg_012.wav,data/interim/segmented_clean_relaxed/spasmodic_dysphonia/SqzfsKMaLqk_seg_012.wav,SqzfsKMaLqk,012,spasmodic_dysphonia,clean_pool,ed8f67622e7a6b4677650610b4db408e88eee7581fd3d865bd561a8988437431,16000,1,2,48000,3.0,-25.1,0.1232,0.0,train
SqzfsKMaLqk_seg_013.wav,data/interim/segmented_clean_relaxed/spasmodic_dysphonia/SqzfsKMaLqk_seg_013.wav,SqzfsKMaLqk,013,spasmodic_dysphonia,clean_pool,4d89d629f5ef27c196f0015ae2ce53fac181247a7b681f76e9bab0e870fb1e3c,16000,1,2,48000,3.0,-27.93,0.2246,0.0,train
SqzfsKMaLqk_seg_014.wav,data/interim/segmented_clean_relaxed/spasmodic_dysphonia/SqzfsKMaLqk_seg_014.wav,SqzfsKMaLqk,014,spasmodic_dysphonia,clean_pool,caac85da2584dc3733bb95f5c1db3c34c72d32c24f49bfbb20623c9447b67220,16000,1,2,48000,3.0,-25.57,0.3447,0.0,train
SqzfsKMaLqk_seg_015.wav,data/interim/segmented_clean_relaxed/spasmodic_dysphonia/SqzfsKMaLqk_seg_015.wav,SqzfsKMaLqk,015,spasmodic_dysphonia,clean_pool,f8f47f733d7a6b0c542720cd84c606029fd7fecfa49904af87090e5d497cda13,16000,1,2,48000,3.0,-28.25,0.2322,0.0,train
SqzfsKMaLqk_seg_016.wav,data/interim/segmented_clean_relaxed/spasmodic_dysphonia/SqzfsKMaLqk_seg_016.wav,SqzfsKMaLqk,016,spasmodic_dysphonia,clean_pool,178f03869ac293ad5435ea8f44960cb00c94edc826e79400f1c0c64c0698af0e,16000,1,2,48000,3.0,-29.46,0.2939,0.0,train
SqzfsKMaLqk_seg_017.wav,data/interim/segmented_clean_relaxed/spasmodic_dysphonia/SqzfsKMaLqk_seg_017.wav,SqzfsKMaLqk,017,spasmodic_dysphonia,clean_pool,1dcb7462ce1e207cfbe237991b42292a9720771551734fc1a21b0c0929c0979f,16000,1,2,48000,3.0,-30.79,0.3153,0.0,train
SqzfsKMaLqk_seg_018.wav,data/interim/segmented_clean_relaxed/spasmodic_dysphonia/SqzfsKMaLqk_seg_018.wav,SqzfsKMaLqk,018,spasmodic_dysphonia,clean_pool,6ac0db5cf3a57bd8fb512602740d29862889a4aba35a0517921a743c85d7248a,16000,1,2,48000,3.0,-24.52,0.4298,0.0,train
SqzfsKMaLqk_seg_019.wav,data/interim/segmented_clean_relaxed/spasmodic_dysphonia/SqzfsKMaLqk_seg_019.wav,SqzfsKMaLqk,019,spasmodic_dysphonia,clean_pool,6508bfafb1a41c39c3b314b3dd3a71f856d9ea1e1671c3f8f59b8e0761c33d6c,16000,1,2,48000,3.0,-23.52,0.294,0.0,train
SqzfsKMaLqk_seg_020.wav,data/interim/segmented_clean_relaxed/spasmodic_dysphonia/SqzfsKMaLqk_seg_020.wav,SqzfsKMaLqk,020,spasmodic_dysphonia,clean_pool,edc2c1734d4bafd52dc3d1fd182a21093893aa00499fbfcf147692497073ecd8,16000,1,2,48000,3.0,-26.89,0.4291,0.0,train
SqzfsKMaLqk_seg_021.wav,data/interim/segmented_clean_relaxed/spasmodic_dysphonia/SqzfsKMaLqk_seg_021.wav,SqzfsKMaLqk,021,spasmodic_dysphonia,clean_pool,5a2d4c6ea1496bf3aa6cd980f2bdd7795228de0482dd21b807d8d6a01d79e034,16000,1,2,48000,3.0,-27.55,0.3464,0.0,train
SqzfsKMaLqk_seg_022.wav,data/interim/segmented_clean_relaxed/spasmodic_dysphonia/SqzfsKMaLqk_seg_022.wav,SqzfsKMaLqk,022,spasmodic_dysphonia,clean_pool,4d853d56d839da8bb15caf17943dad8885f09b0eaa83c3efdc6d06cb07f69b72,16000,1,2,48000,3.0,-27.71,0.2717,0.0,train
SqzfsKMaLqk_seg_023.wav,data/interim/segmented_clean_relaxed/spasmodic_dysphonia/SqzfsKMaLqk_seg_023.wav,SqzfsKMaLqk,023,spasmodic_dysphonia,clean_pool,14b1ac69e06dc7d41d1be31e922a8e6705e3f9d6a4e5bb122bd3b8e0b1b1cb2d,16000,1,2,48000,3.0,-29.91,0.4738,0.0,train
SqzfsKMaLqk_seg_024.wav,data/interim/segmented_clean_relaxed/spasmodic_dysphonia/SqzfsKMaLqk_seg_024.wav,SqzfsKMaLqk,024,spasmodic_dysphonia,clean_pool,dd17df36e3a9b5c3aaeb6fd8cd59d05682c731bf7b47bb1b6093a2fdb8989475,16000,1,2,48000,3.0,-26.4,0.2789,0.0,train
SqzfsKMaLqk_seg_025.wav,data/interim/segmented_clean_relaxed/spasmodic_dysphonia/SqzfsKMaLqk_seg_025.wav,SqzfsKMaLqk,025,spasmodic_dysphonia,clean_pool,591a6c133a5b5516e705eee15873e4c971ac9faf130ddac81b6556c7a7e69d64,16000,1,2,48000,3.0,-28.25,0.3147,0.0,train
SqzfsKMaLqk_seg_027.wav,data/interim/segmented_clean_relaxed/spasmodic_dysphonia/SqzfsKMaLqk_seg_027.wav,SqzfsKMaLqk,027,spasmodic_dysphonia,clean_pool,715dda1141c25a067e3af5db64b19b82ef86500b5c9330aef00183e87c29f55f,16000,1,2,48000,3.0,-26.96,0.3345,0.0,train
SqzfsKMaLqk_seg_028.wav,data/interim/segmented_clean_relaxed/spasmodic_dysphonia/SqzfsKMaLqk_seg_028.wav,SqzfsKMaLqk,028,spasmodic_dysphonia,clean_pool,619bfaa1719affdafc0caf0a4baf675059ed668014f83bc010aef7386869b0c1,16000,1,2,48000,3.0,-28.8,0.357,0.0,train
SqzfsKMaLqk_seg_029.wav,data/interim/segmented_clean_relaxed/spasmodic_dysphonia/SqzfsKMaLqk_seg_029.wav,SqzfsKMaLqk,029,spasmodic_dysphonia,clean_pool,fb553489b451516b7a71cbfec74552524c72fa1b4e6c404a148c4c9c02aaada9,16000,1,2,48000,3.0,-28.73,0.3799,0.0,train
SqzfsKMaLqk_seg_030.wav,data/interim/segmented_clean_relaxed/spasmodic_dysphonia/SqzfsKMaLqk_seg_030.wav,SqzfsKMaLqk,030,spasmodic_dysphonia,clean_pool,b31f382c20163e5e04ffd9f5daa47b4882d29bfceb685b3181f3f7062929e0f2,16000,1,2,48000,3.0,-29.64,0.3297,0.0,train
SqzfsKMaLqk_seg_031.wav,data/interim/segmented_clean_relaxed/spasmodic_dysphonia/SqzfsKMaLqk_seg_031.wav,SqzfsKMaLqk,031,spasmodic_dysphonia,clean_pool,7c0d5c7788d3b3c354745f4bba5ff386a238b11ef5417ff3ff1bad237abf71cb,16000,1,2,48000,3.0,-28.99,0.3754,0.0,train
SqzfsKMaLqk_seg_032.wav,data/interim/segmented_clean_relaxed/spasmodic_dysphonia/SqzfsKMaLqk_seg_032.wav,SqzfsKMaLqk,032,spasmodic_dysphonia,clean_pool,885b074e35cdfdb8d00d2ae9f060a63a4c5ec9d95f8264aaece7e651875f2898,16000,1,2,48000,3.0,-31.94,0.5452,0.0,train
SqzfsKMaLqk_seg_033.wav,data/interim/segmented_clean_relaxed/spasmodic_dysphonia/SqzfsKMaLqk_seg_033.wav,SqzfsKMaLqk,033,spasmodic_dysphonia,clean_pool,56c8e2653a26080d5a0d4f0cafd622f90c177e83e03e95de6d1b580eb0c6a8e9,16000,1,2,48000,3.0,-28.09,0.3225,0.0,train
SqzfsKMaLqk_seg_034.wav,data/interim/segmented_clean_relaxed/spasmodic_dysphonia/SqzfsKMaLqk_seg_034.wav,SqzfsKMaLqk,034,spasmodic_dysphonia,clean_pool,fafb1fd4deb7d2daaa809e25ac576d6373eac30320e451da99ad7b4cd832298a,16000,1,2,48000,3.0,-30.88,0.3266,0.0,train
SqzfsKMaLqk_seg_035.wav,data/interim/segmented_clean_relaxed/spasmodic_dysphonia/SqzfsKMaLqk_seg_035.wav,SqzfsKMaLqk,035,spasmodic_dysphonia,clean_pool,bfbf438a895a2a8ec6b7949d25d2c295d88aab0481abca56a8d4abb210514a32,16000,1,2,48000,3.0,-27.1,0.7231,0.0,train
SqzfsKMaLqk_seg_036.wav,data/interim/segmented_clean_relaxed/spasmodic_dysphonia/SqzfsKMaLqk_seg_036.wav,SqzfsKMaLqk,036,spasmodic_dysphonia,clean_pool,407539fc87e772d8fea6dc1e4a7f13efb9cdf76e533f0d6ddde7d16126c6e72f,16000,1,2,48000,3.0,-28.37,0.7007,0.0,train
SqzfsKMaLqk_seg_037.wav,data/interim/segmented_clean_relaxed/spasmodic_dysphonia/SqzfsKMaLqk_seg_037.wav,SqzfsKMaLqk,037,spasmodic_dysphonia,clean_pool,f5ef0d52332aa16b1b82319a42f8d3766b73c84c25eb0feb1ef9fa71a50f3286,16000,1,2,48000,3.0,-25.84,0.1391,0.0,train
SqzfsKMaLqk_seg_038.wav,data/interim/segmented_clean_relaxed/spasmodic_dysphonia/SqzfsKMaLqk_seg_038.wav,SqzfsKMaLqk,038,spasmodic_dysphonia,clean_pool,23deea5c58161e00c3c6bac8e0d5080fae70813d92aa29042ed1865af6dc52da,16000,1,2,48000,3.0,-28.02,0.1399,0.0,train
SqzfsKMaLqk_seg_039.wav,data/interim/segmented_clean_relaxed/spasmodic_dysphonia/SqzfsKMaLqk_seg_039.wav,SqzfsKMaLqk,039,spasmodic_dysphonia,clean_pool,63e7c0bef1f7da73194005ccb4839807320ae525798f798c27c005a4647ea8b2,16000,1,2,48000,3.0,-33.06,0.6599,0.0,train
SqzfsKMaLqk_seg_040.wav,data/interim/segmented_clean_relaxed/spasmodic_dysphonia/SqzfsKMaLqk_seg_040.wav,SqzfsKMaLqk,040,spasmodic_dysphonia,clean_pool,c6630af1142f7393cf43cfe69abe2a18033b1dcb11a8b8adaf8edae653f357d5,16000,1,2,48000,3.0,-24.81,0.0665,0.0,train
SqzfsKMaLqk_seg_041.wav,data/interim/segmented_clean_relaxed/spasmodic_dysphonia/SqzfsKMaLqk_seg_041.wav,SqzfsKMaLqk,041,spasmodic_dysphonia,clean_pool,bad5f9725c4654df8527784f2027d5a1fdc3542dbcb7c7e8575c1e019e1a14ad,16000,1,2,48000,3.0,-26.79,0.5822,0.0,train
SqzfsKMaLqk_seg_042.wav,data/interim/segmented_clean_relaxed/spasmodic_dysphonia/SqzfsKMaLqk_seg_042.wav,SqzfsKMaLqk,042,spasmodic_dysphonia,clean_pool,2d00abada4663fe3ccadb0d5028fd3aae5fbfb543ce10751d79e62633055f9bd,16000,1,2,48000,3.0,-25.57,0.3306,0.0,train
SqzfsKMaLqk_seg_043.wav,data/interim/segmented_clean_relaxed/spasmodic_dysphonia/SqzfsKMaLqk_seg_043.wav,SqzfsKMaLqk,043,spasmodic_dysphonia,clean_pool,c7e9e6c9b1db0d399ee53712d567dbeaa713d1022fe02e46f03ec4a87809f255,16000,1,2,48000,3.0,-25.49,0.5279,0.0,train
SqzfsKMaLqk_seg_044.wav,data/interim/segmented_clean_relaxed/spasmodic_dysphonia/SqzfsKMaLqk_seg_044.wav,SqzfsKMaLqk,044,spasmodic_dysphonia,clean_pool,5e709050999e2ca987b13db79291c8fd9eb68fce7ffc75446ba35dd86586cb8d,16000,1,2,48000,3.0,-28.04,0.264,0.0,train
SqzfsKMaLqk_seg_045.wav,data/interim/segmented_clean_relaxed/spasmodic_dysphonia/SqzfsKMaLqk_seg_045.wav,SqzfsKMaLqk,045,spasmodic_dysphonia,clean_pool,5ed4e5478a03eafb1844f12ef7336ea0e211e049892fd7af0a11043057f22b12,16000,1,2,48000,3.0,-25.37,0.1449,0.0,train
SqzfsKMaLqk_seg_046.wav,data/interim/segmented_clean_relaxed/spasmodic_dysphonia/SqzfsKMaLqk_seg_046.wav,SqzfsKMaLqk,046,spasmodic_dysphonia,clean_pool,de58ecbeae4d35a83260f2aef52a242072fa9ef665676f158cc89fb44648d4ad,16000,1,2,48000,3.0,-26.71,0.218,0.0,train
SqzfsKMaLqk_seg_047.wav,data/interim/segmented_clean_relaxed/spasmodic_dysphonia/SqzfsKMaLqk_seg_047.wav,SqzfsKMaLqk,047,spasmodic_dysphonia,clean_pool,8abdd6f26ab541c1f9b24987b615f91b021732900918dc2dc542e8709dc4daa9,16000,1,2,48000,3.0,-26.23,0.526,0.0,train
SqzfsKMaLqk_seg_048.wav,data/interim/segmented_clean_relaxed/spasmodic_dysphonia/SqzfsKMaLqk_seg_048.wav,SqzfsKMaLqk,048,spasmodic_dysphonia,clean_pool,e7c5f9363562781bd7449ddc849a6011efcff63fb55b4eb02538d45529dec02a,16000,1,2,48000,3.0,-24.9,0.0845,0.0,train
SqzfsKMaLqk_seg_049.wav,data/interim/segmented_clean_relaxed/spasmodic_dysphonia/SqzfsKMaLqk_seg_049.wav,SqzfsKMaLqk,049,spasmodic_dysphonia,clean_pool,632aa169c100685e79e0f31fd8a2f12a04d06d8ab8127afaeeed00eb51375fc9,16000,1,2,48000,3.0,-30.35,0.7687,0.0,train
SqzfsKMaLqk_seg_050.wav,data/interim/segmented_clean_relaxed/spasmodic_dysphonia/SqzfsKMaLqk_seg_050.wav,SqzfsKMaLqk,050,spasmodic_dysphonia,clean_pool,c28adf121c32c2b4400d17d8c2a710d2d229b5e04262d5364350268e3c5dac4f,16000,1,2,48000,3.0,-26.43,0.33,0.0,train
SqzfsKMaLqk_seg_051.wav,data/interim/segmented_clean_relaxed/spasmodic_dysphonia/SqzfsKMaLqk_seg_051.wav,SqzfsKMaLqk,051,spasmodic_dysphonia,clean_pool,db49d874799b7b6abd4a0993389df57c631f520768e0faa67a9f4d90d4b57d5a,16000,1,2,48000,3.0,-26.93,0.2761,0.0,train
SqzfsKMaLqk_seg_052.wav,data/interim/segmented_clean_relaxed/spasmodic_dysphonia/SqzfsKMaLqk_seg_052.wav,SqzfsKMaLqk,052,spasmodic_dysphonia,clean_pool,a46045de5e40191ba9db28c83b1ec738a61f8e70be6e04140023599ca0270c30,16000,1,2,48000,3.0,-26.03,0.2465,0.0,train
SqzfsKMaLqk_seg_053.wav,data/interim/segmented_clean_relaxed/spasmodic_dysphonia/SqzfsKMaLqk_seg_053.wav,SqzfsKMaLqk,053,spasmodic_dysphonia,clean_pool,9782cf6134eda9619eef2b7083c209a7ffe8b9bce799130fa0d253e3dc82f3e0,16000,1,2,48000,3.0,-26.48,0.1973,0.0,train
SqzfsKMaLqk_seg_054.wav,data/interim/segmented_clean_relaxed/spasmodic_dysphonia/SqzfsKMaLqk_seg_054.wav,SqzfsKMaLqk,054,spasmodic_dysphonia,clean_pool,4dbdaca37c89c7b92c4ead171c95bcf20ab6d82b89a4b3ef05e1ec096b58bd74,16000,1,2,48000,3.0,-27.95,0.1719,0.0,train
SqzfsKMaLqk_seg_055.wav,data/interim/segmented_clean_relaxed/spasmodic_dysphonia/SqzfsKMaLqk_seg_055.wav,SqzfsKMaLqk,055,spasmodic_dysphonia,clean_pool,ef62e91ad33bbe255a90b670297beec81747d6fc880db41406dd60b514089008,16000,1,2,48000,3.0,-31.6,0.316,0.0,train
SqzfsKMaLqk_seg_056.wav,data/interim/segmented_clean_relaxed/spasmodic_dysphonia/SqzfsKMaLqk_seg_056.wav,SqzfsKMaLqk,056,spasmodic_dysphonia,clean_pool,25534cf191eb2624f85985301b607d2f3e4bf0b7ce7397d1a34f296d0b6f736c,16000,1,2,48000,3.0,-27.78,0.1695,0.0,train
SqzfsKMaLqk_seg_057.wav,data/interim/segmented_clean_relaxed/spasmodic_dysphonia/SqzfsKMaLqk_seg_057.wav,SqzfsKMaLqk,057,spasmodic_dysphonia,clean_pool,c04e03db16d4ac3d0cacbd5be9b70ee168571b8b38195fcc1adbda5308435380,16000,1,2,48000,3.0,-33.87,0.3105,0.0,train
SqzfsKMaLqk_seg_058.wav,data/interim/segmented_clean_relaxed/spasmodic_dysphonia/SqzfsKMaLqk_seg_058.wav,SqzfsKMaLqk,058,spasmodic_dysphonia,clean_pool,15eee63009c1f5506d60852bc08759629f8c535bf5600ed09f8b48bba52bc935,16000,1,2,48000,3.0,-35.56,0.5776,0.0,train
SqzfsKMaLqk_seg_059.wav,data/interim/segmented_clean_relaxed/spasmodic_dysphonia/SqzfsKMaLqk_seg_059.wav,SqzfsKMaLqk,059,spasmodic_dysphonia,clean_pool,5fdf08deff13566e3a2320779e2c08042c1cb99b79e71e0017e2abd535b74aed,16000,1,2,48000,3.0,-26.58,0.4356,0.0,train
SqzfsKMaLqk_seg_060.wav,data/interim/segmented_clean_relaxed/spasmodic_dysphonia/SqzfsKMaLqk_seg_060.wav,SqzfsKMaLqk,060,spasmodic_dysphonia,clean_pool,c7b20c7a5ff1d90ad1f0fff9c42096d8f8abbeba0fedf9fd278659234a9ec52a,16000,1,2,48000,3.0,-29.16,0.3877,0.0,train
SqzfsKMaLqk_seg_061.wav,data/interim/segmented_clean_relaxed/spasmodic_dysphonia/SqzfsKMaLqk_seg_061.wav,SqzfsKMaLqk,061,spasmodic_dysphonia,clean_pool,bccaabbd2dffdef9a841c99179c887078b51de834693ff9aca6bc69ab2f864ef,16000,1,2,48000,3.0,-23.75,0.0881,0.0,train
SqzfsKMaLqk_seg_062.wav,data/interim/segmented_clean_relaxed/spasmodic_dysphonia/SqzfsKMaLqk_seg_062.wav,SqzfsKMaLqk,062,spasmodic_dysphonia,clean_pool,da92f37915bd9ab94d402775737c10b56aa03134bcd92b9a3e238eb70fcd8fd1,16000,1,2,48000,3.0,-28.18,0.3323,0.0,train
SqzfsKMaLqk_seg_063.wav,data/interim/segmented_clean_relaxed/spasmodic_dysphonia/SqzfsKMaLqk_seg_063.wav,SqzfsKMaLqk,063,spasmodic_dysphonia,clean_pool,8e0c575cd5db2c51d891e4c52f28dbff85f93fd60ae3fa5dd772353fa335465b,16000,1,2,48000,3.0,-30.02,0.5683,0.0,train
SqzfsKMaLqk_seg_064.wav,data/interim/segmented_clean_relaxed/spasmodic_dysphonia/SqzfsKMaLqk_seg_064.wav,SqzfsKMaLqk,064,spasmodic_dysphonia,clean_pool,cfcb6149f6234be6034c2ee3e54db2e8e5c8d0d5d94ec6a8e754f0122c5b33e0,16000,1,2,48000,3.0,-23.4,0.3676,0.0,train
SqzfsKMaLqk_seg_065.wav,data/interim/segmented_clean_relaxed/spasmodic_dysphonia/SqzfsKMaLqk_seg_065.wav,SqzfsKMaLqk,065,spasmodic_dysphonia,clean_pool,2edd34cfd029e8666aeefc6d61673c8d0ce992c522a4824410c77773073de85d,16000,1,2,48000,3.0,-24.69,0.4108,0.0,train
SqzfsKMaLqk_seg_066.wav,data/interim/segmented_clean_relaxed/spasmodic_dysphonia/SqzfsKMaLqk_seg_066.wav,SqzfsKMaLqk,066,spasmodic_dysphonia,clean_pool,1f0e6d67f937f1de98eb91f365fae27a49d36ab1c0577ec15b0a66c0332235a1,16000,1,2,48000,3.0,-26.9,0.3192,0.0,train
SqzfsKMaLqk_seg_067.wav,data/interim/segmented_clean_relaxed/spasmodic_dysphonia/SqzfsKMaLqk_seg_067.wav,SqzfsKMaLqk,067,spasmodic_dysphonia,clean_pool,4dbc76e8259f42ef0f22b09f71b38cb2867091433c85cb0e2eff9aa6dd3daa53,16000,1,2,48000,3.0,-25.27,0.1335,0.0,train
SqzfsKMaLqk_seg_068.wav,data/interim/segmented_clean_relaxed/spasmodic_dysphonia/SqzfsKMaLqk_seg_068.wav,SqzfsKMaLqk,068,spasmodic_dysphonia,clean_pool,44f23dbafc627141f381a4fb7952302f4cc5dcd1d07c985f1ebd02d02d35928a,16000,1,2,48000,3.0,-25.61,0.1,0.0,train
SqzfsKMaLqk_seg_069.wav,data/interim/segmented_clean_relaxed/spasmodic_dysphonia/SqzfsKMaLqk_seg_069.wav,SqzfsKMaLqk,069,spasmodic_dysphonia,clean_pool,a10851879f71641d62ceea2aa209365ba98dc4f4aad91647a4390e17a03a0004,16000,1,2,48000,3.0,-25.67,0.1104,0.0,train
SqzfsKMaLqk_seg_070.wav,data/interim/segmented_clean_relaxed/spasmodic_dysphonia/SqzfsKMaLqk_seg_070.wav,SqzfsKMaLqk,070,spasmodic_dysphonia,clean_pool,a62561b2098fc7fc245f502d8d0b8ff6b27343bdda6964f94c54bcbaaba49852,16000,1,2,48000,3.0,-27.94,0.4289,0.0,train
SqzfsKMaLqk_seg_071.wav,data/interim/segmented_clean_relaxed/spasmodic_dysphonia/SqzfsKMaLqk_seg_071.wav,SqzfsKMaLqk,071,spasmodic_dysphonia,clean_pool,81f773829b8ac5c5643d508f08876d4551a451580c4df164d80e38223fe404ea,16000,1,2,48000,3.0,-24.84,0.187,0.0,train
SqzfsKMaLqk_seg_072.wav,data/interim/segmented_clean_relaxed/spasmodic_dysphonia/SqzfsKMaLqk_seg_072.wav,SqzfsKMaLqk,072,spasmodic_dysphonia,clean_pool,eb00b107b03bbd4f47e1195bb29df8f8bc9690fe21e2a7e9abae06a640db0325,16000,1,2,48000,3.0,-24.69,0.1246,0.0,train
SqzfsKMaLqk_seg_073.wav,data/interim/segmented_clean_relaxed/spasmodic_dysphonia/SqzfsKMaLqk_seg_073.wav,SqzfsKMaLqk,073,spasmodic_dysphonia,clean_pool,159b13fc2077979e0575fc8ebdb85dbf9322766a45dd963fe591e641f99e828a,16000,1,2,48000,3.0,-25.32,0.1398,0.0,train
SqzfsKMaLqk_seg_074.wav,data/interim/segmented_clean_relaxed/spasmodic_dysphonia/SqzfsKMaLqk_seg_074.wav,SqzfsKMaLqk,074,spasmodic_dysphonia,clean_pool,cc7f0a9e8a0b8ca26030e5a4f8f8ae069243d86351bacd32e71a3cd75bd5c63f,16000,1,2,48000,3.0,-24.58,0.1179,0.0,train
SqzfsKMaLqk_seg_075.wav,data/interim/segmented_clean_relaxed/spasmodic_dysphonia/SqzfsKMaLqk_seg_075.wav,SqzfsKMaLqk,075,spasmodic_dysphonia,clean_pool,32392972ba8d1dcf9297dd8ed9ecafea6641d7c22caadb3bf6206257e6e6cf86,16000,1,2,48000,3.0,-24.74,0.1376,0.0,train
SqzfsKMaLqk_seg_076.wav,data/interim/segmented_clean_relaxed/spasmodic_dysphonia/SqzfsKMaLqk_seg_076.wav,SqzfsKMaLqk,076,spasmodic_dysphonia,clean_pool,e735553b217311929071b1c4610022d4da1e369e4a7ba9134cdae99912045ef1,16000,1,2,48000,3.0,-26.97,0.3563,0.0,train
SqzfsKMaLqk_seg_077.wav,data/interim/segmented_clean_relaxed/spasmodic_dysphonia/SqzfsKMaLqk_seg_077.wav,SqzfsKMaLqk,077,spasmodic_dysphonia,clean_pool,fd74b99abc65f0f04d93d38ebb6a5cd8d4fa510d54578a64b76521779edd9fb6,16000,1,2,48000,3.0,-23.64,0.072,0.0,train
SqzfsKMaLqk_seg_078.wav,data/interim/segmented_clean_relaxed/spasmodic_dysphonia/SqzfsKMaLqk_seg_078.wav,SqzfsKMaLqk,078,spasmodic_dysphonia,clean_pool,4fce8efa94298589632b2ede513b177d112edc5895014f36f80ca311cb222950,16000,1,2,29824,1.864,-24.99,0.1106,0.0,train
t1nAJvgf_Ls_seg_000.wav,data/interim/segmented_clean_relaxed/spasmodic_dysphonia/t1nAJvgf_Ls_seg_000.wav,t1nAJvgf_Ls,000,spasmodic_dysphonia,clean_pool,083f3d9eb2edab7e8a94719b3c4173ad5b0d6b2626ca22852b7fe44805ae095a,16000,1,2,48000,3.0,-27.73,0.3145,0.0,train
t1nAJvgf_Ls_seg_001.wav,data/interim/segmented_clean_relaxed/spasmodic_dysphonia/t1nAJvgf_Ls_seg_001.wav,t1nAJvgf_Ls,001,spasmodic_dysphonia,clean_pool,af2394055209b89273d597d4f4df60c609ba28d1b2af0903b570bc1dedb65aa8,16000,1,2,48000,3.0,-28.12,0.2429,0.0,train
t1nAJvgf_Ls_seg_002.wav,data/interim/segmented_clean_relaxed/spasmodic_dysphonia/t1nAJvgf_Ls_seg_002.wav,t1nAJvgf_Ls,002,spasmodic_dysphonia,clean_pool,a16996c61ed25813dfe8ac8aefb1850cf65cbe07b7aab18b2fecd9c0b00c40d7,16000,1,2,48000,3.0,-29.75,0.2359,0.0,train
t1nAJvgf_Ls_seg_003.wav,data/interim/segmented_clean_relaxed/spasmodic_dysphonia/t1nAJvgf_Ls_seg_003.wav,t1nAJvgf_Ls,003,spasmodic_dysphonia,clean_pool,bf6a59c5f284a31bab1efd7026f78808febdebf3dea311368447fa0f1485b271,16000,1,2,48000,3.0,-31.27,0.3432,0.0,train
t1nAJvgf_Ls_seg_004.wav,data/interim/segmented_clean_relaxed/spasmodic_dysphonia/t1nAJvgf_Ls_seg_004.wav,t1nAJvgf_Ls,004,spasmodic_dysphonia,clean_pool,0d673b518ddd5caaf522222e9c700722519c727f8e413c8f483ad8b5c4d37508,16000,1,2,48000,3.0,-28.41,0.2668,0.0,train
t1nAJvgf_Ls_seg_005.wav,data/interim/segmented_clean_relaxed/spasmodic_dysphonia/t1nAJvgf_Ls_seg_005.wav,t1nAJvgf_Ls,005,spasmodic_dysphonia,clean_pool,673ea53de712d0292393859bb15510193d1eff6d201b02fb70bf783d77fca974,16000,1,2,48000,3.0,-28.61,0.1648,0.0,train
t1nAJvgf_Ls_seg_006.wav,data/interim/segmented_clean_relaxed/spasmodic_dysphonia/t1nAJvgf_Ls_seg_006.wav,t1nAJvgf_Ls,006,spasmodic_dysphonia,clean_pool,2758284939e3d5597d150339f6ebf640510b70702377ab29dbb872933032fcfa,16000,1,2,48000,3.0,-27.69,0.2584,0.0,train
t1nAJvgf_Ls_seg_007.wav,data/interim/segmented_clean_relaxed/spasmodic_dysphonia/t1nAJvgf_Ls_seg_007.wav,t1nAJvgf_Ls,007,spasmodic_dysphonia,clean_pool,f1fce5c610d3273cbdf367201f788a93e3ef35975f328ddeca991efe00a584ba,16000,1,2,48000,3.0,-28.14,0.2494,0.0,train
t1nAJvgf_Ls_seg_008.wav,data/interim/segmented_clean_relaxed/spasmodic_dysphonia/t1nAJvgf_Ls_seg_008.wav,t1nAJvgf_Ls,008,spasmodic_dysphonia,clean_pool,b9e5a913d311c1624a1c4cc900e71b67e53de3aa208b051350d379eb81005cc6,16000,1,2,48000,3.0,-28.77,0.2757,0.0,train
t1nAJvgf_Ls_seg_009.wav,data/interim/segmented_clean_relaxed/spasmodic_dysphonia/t1nAJvgf_Ls_seg_009.wav,t1nAJvgf_Ls,009,spasmodic_dysphonia,clean_pool,eb25f11fd924012140eb4a61464f840ae88cee8681e84adb69bab6e3bc8a7909,16000,1,2,48000,3.0,-28.99,0.2411,0.0,train
t1nAJvgf_Ls_seg_010.wav,data/interim/segmented_clean_relaxed/spasmodic_dysphonia/t1nAJvgf_Ls_seg_010.wav,t1nAJvgf_Ls,010,spasmodic_dysphonia,clean_pool,9233166c604c510e65fb8dc11c44b7af4fd3c14f2b2b93b4cc33cb2563b37033,16000,1,2,48000,3.0,-27.38,0.1891,0.0,train
t1nAJvgf_Ls_seg_011.wav,data/interim/segmented_clean_relaxed/spasmodic_dysphonia/t1nAJvgf_Ls_seg_011.wav,t1nAJvgf_Ls,011,spasmodic_dysphonia,clean_pool,57f71afd8df2bd6e4dcca1b26a326e13a0ef0e60cf3f5df1653995febad3e48e,16000,1,2,48000,3.0,-28.28,0.2429,0.0,train
t1nAJvgf_Ls_seg_012.wav,data/interim/segmented_clean_relaxed/spasmodic_dysphonia/t1nAJvgf_Ls_seg_012.wav,t1nAJvgf_Ls,012,spasmodic_dysphonia,clean_pool,88d22cd8a5ec9ece38b6e703bcb5dc0ea76f9a3157bee50e3c80bd39b6bc28e8,16000,1,2,48000,3.0,-29.22,0.257,0.0,train
t1nAJvgf_Ls_seg_013.wav,data/interim/segmented_clean_relaxed/spasmodic_dysphonia/t1nAJvgf_Ls_seg_013.wav,t1nAJvgf_Ls,013,spasmodic_dysphonia,clean_pool,d4172589498480486edb6b3e509bdf6b90813359091ac7cd7673f0e1e574927b,16000,1,2,48000,3.0,-29.68,0.1989,0.0,train
t1nAJvgf_Ls_seg_014.wav,data/interim/segmented_clean_relaxed/spasmodic_dysphonia/t1nAJvgf_Ls_seg_014.wav,t1nAJvgf_Ls,014,spasmodic_dysphonia,clean_pool,4d07ea2f49910909a63c7914edb1a119609db4778e42d2b13bec8cb0ec18f22b,16000,1,2,48000,3.0,-27.58,0.2221,0.0,train
t1nAJvgf_Ls_seg_015.wav,data/interim/segmented_clean_relaxed/spasmodic_dysphonia/t1nAJvgf_Ls_seg_015.wav,t1nAJvgf_Ls,015,spasmodic_dysphonia,clean_pool,fd9ed8073f86b4ceefb5c9723f3f179b27beef59397723d44c6364520541c888,16000,1,2,48000,3.0,-27.35,0.196,0.0,train
t1nAJvgf_Ls_seg_016.wav,data/interim/segmented_clean_relaxed/spasmodic_dysphonia/t1nAJvgf_Ls_seg_016.wav,t1nAJvgf_Ls,016,spasmodic_dysphonia,clean_pool,5b0f6a849ac742a1a52db9cee2ff053c1a558cf461c4b7fa83a6714346a2ca8a,16000,1,2,48000,3.0,-30.17,0.2814,0.0,train
t1nAJvgf_Ls_seg_017.wav,data/interim/segmented_clean_relaxed/spasmodic_dysphonia/t1nAJvgf_Ls_seg_017.wav,t1nAJvgf_Ls,017,spasmodic_dysphonia,clean_pool,a42a394a3b29c334b27d40833c9e185de25b8d7c63d2a2f6c70c520df04a4e31,16000,1,2,48000,3.0,-25.88,0.1695,0.0,train
t1nAJvgf_Ls_seg_018.wav,data/interim/segmented_clean_relaxed/spasmodic_dysphonia/t1nAJvgf_Ls_seg_018.wav,t1nAJvgf_Ls,018,spasmodic_dysphonia,clean_pool,892fc944309f885286e58f653cc80917511f791950e2f0579af8b30b080ffd46,16000,1,2,48000,3.0,-30.96,0.3506,0.0,train
t1nAJvgf_Ls_seg_019.wav,data/interim/segmented_clean_relaxed/spasmodic_dysphonia/t1nAJvgf_Ls_seg_019.wav,t1nAJvgf_Ls,019,spasmodic_dysphonia,clean_pool,b3d33be3ed11aa01f75d644bd3965fbe044a42c42e3a5f4ba96050b8017ff851,16000,1,2,48000,3.0,-27.08,0.2714,0.0,train
t1nAJvgf_Ls_seg_020.wav,data/interim/segmented_clean_relaxed/spasmodic_dysphonia/t1nAJvgf_Ls_seg_020.wav,t1nAJvgf_Ls,020,spasmodic_dysphonia,clean_pool,e2038c03a17e41c0e751b00a30c801adb9c58f07565a1536e24e2e058e0c1ba0,16000,1,2,48000,3.0,-29.69,0.2339,0.0,train
t1nAJvgf_Ls_seg_021.wav,data/interim/segmented_clean_relaxed/spasmodic_dysphonia/t1nAJvgf_Ls_seg_021.wav,t1nAJvgf_Ls,021,spasmodic_dysphonia,clean_pool,650ee5b5966cbad6ecb15d6e09025c807f9079f1250cffdc5ee973f29ca2bac0,16000,1,2,48000,3.0,-28.37,0.3972,0.0,train
t1nAJvgf_Ls_seg_022.wav,data/interim/segmented_clean_relaxed/spasmodic_dysphonia/t1nAJvgf_Ls_seg_022.wav,t1nAJvgf_Ls,022,spasmodic_dysphonia,clean_pool,adee26da117eab0748e818b60062a011e586d62b5c9a947a56d9300f05541095,16000,1,2,48000,3.0,-25.53,0.2456,0.0,train
t1nAJvgf_Ls_seg_023.wav,data/interim/segmented_clean_relaxed/spasmodic_dysphonia/t1nAJvgf_Ls_seg_023.wav,t1nAJvgf_Ls,023,spasmodic_dysphonia,clean_pool,e5a3c024974deec612a80add2291ac8223064fc1f8c3bc5b95367ed520bf568d,16000,1,2,48000,3.0,-28.39,0.3427,0.0,train
t1nAJvgf_Ls_seg_024.wav,data/interim/segmented_clean_relaxed/spasmodic_dysphonia/t1nAJvgf_Ls_seg_024.wav,t1nAJvgf_Ls,024,spasmodic_dysphonia,clean_pool,43176e1f1cc416b5f3d1c010ce527eb583df0e6fd1ef3969d8704044ee6f21eb,16000,1,2,48000,3.0,-27.02,0.3745,0.0,train
t1nAJvgf_Ls_seg_025.wav,data/interim/segmented_clean_relaxed/spasmodic_dysphonia/t1nAJvgf_Ls_seg_025.wav,t1nAJvgf_Ls,025,spasmodic_dysphonia,clean_pool,6dd7a8fdc63da9ef4749fd7b7725ab8cf0ba935e90f61365633d962dcf9ba6c6,16000,1,2,48000,3.0,-26.58,0.416,0.0,train
t1nAJvgf_Ls_seg_026.wav,data/interim/segmented_clean_relaxed/spasmodic_dysphonia/t1nAJvgf_Ls_seg_026.wav,t1nAJvgf_Ls,026,spasmodic_dysphonia,clean_pool,462f9d51aca90c640c724127199a1b878e990c13fdbc27de1683a46fe1a5e446,16000,1,2,48000,3.0,-27.39,0.4481,0.0,train
t1nAJvgf_Ls_seg_027.wav,data/interim/segmented_clean_relaxed/spasmodic_dysphonia/t1nAJvgf_Ls_seg_027.wav,t1nAJvgf_Ls,027,spasmodic_dysphonia,clean_pool,1cdd70321c76cb49fa83904e48423cf34df282ac37fd53146871aa1e780227b1,16000,1,2,48000,3.0,-28.0,0.3271,0.0,train
t1nAJvgf_Ls_seg_028.wav,data/interim/segmented_clean_relaxed/spasmodic_dysphonia/t1nAJvgf_Ls_seg_028.wav,t1nAJvgf_Ls,028,spasmodic_dysphonia,clean_pool,4c0e2a7e0295ed498f64af812ccdfb007d725077d6c613be624485804863eb9d,16000,1,2,48000,3.0,-27.1,0.3252,0.0,train
t1nAJvgf_Ls_seg_029.wav,data/interim/segmented_clean_relaxed/spasmodic_dysphonia/t1nAJvgf_Ls_seg_029.wav,t1nAJvgf_Ls,029,spasmodic_dysphonia,clean_pool,d15691c06f4c3beae8ca56ffa32bfc1dfb8a57ffd923e5c95e36819e69549162,16000,1,2,38160,2.385,-27.72,0.2156,0.0,train
y3CpA15UtBQ_seg_000.wav,data/interim/segmented_clean_relaxed/spasmodic_dysphonia/y3CpA15UtBQ_seg_000.wav,y3CpA15UtBQ,000,spasmodic_dysphonia,clean_pool,57ed37ab3066f8e4d87e9f12e411258698305316d02b4211b13f5642e0388946,16000,1,2,48000,3.0,-25.35,0.107,0.0,train
y3CpA15UtBQ_seg_001.wav,data/interim/segmented_clean_relaxed/spasmodic_dysphonia/y3CpA15UtBQ_seg_001.wav,y3CpA15UtBQ,001,spasmodic_dysphonia,clean_pool,20adaa044760089c114a6f3110bab422d7ddba0a371e7e6bc12c8b2477c81a78,16000,1,2,48000,3.0,-23.76,0.1108,0.0,train
y3CpA15UtBQ_seg_002.wav,data/interim/segmented_clean_relaxed/spasmodic_dysphonia/y3CpA15UtBQ_seg_002.wav,y3CpA15UtBQ,002,spasmodic_dysphonia,clean_pool,b5d878c3b488cbced39e7a8d1692bb1adb0cc4c28ab2012c8dfd10a07bcaceea,16000,1,2,48000,3.0,-27.61,0.1909,0.0,train
y3CpA15UtBQ_seg_003.wav,data/interim/segmented_clean_relaxed/spasmodic_dysphonia/y3CpA15UtBQ_seg_003.wav,y3CpA15UtBQ,003,spasmodic_dysphonia,clean_pool,20b2b2d6ef2870263379e888072ac828e045e13afc58c80e2048558899880a7c,16000,1,2,48000,3.0,-27.99,0.1945,0.0,train
y3CpA15UtBQ_seg_004.wav,data/interim/segmented_clean_relaxed/spasmodic_dysphonia/y3CpA15UtBQ_seg_004.wav,y3CpA15UtBQ,004,spasmodic_dysphonia,clean_pool,855b17ee864687c11716e46c59d47940e8b36b54723b41315c4e731eb803b9aa,16000,1,2,48000,3.0,-28.41,0.1826,0.0,train
y3CpA15UtBQ_seg_005.wav,data/interim/segmented_clean_relaxed/spasmodic_dysphonia/y3CpA15UtBQ_seg_005.wav,y3CpA15UtBQ,005,spasmodic_dysphonia,clean_pool,17d5670da303655a239377fa2a1f1aab16641a47349176bc822e68b2b070c246,16000,1,2,48000,3.0,-26.56,0.1962,0.0,train
y3CpA15UtBQ_seg_006.wav,data/interim/segmented_clean_relaxed/spasmodic_dysphonia/y3CpA15UtBQ_seg_006.wav,y3CpA15UtBQ,006,spasmodic_dysphonia,clean_pool,3dc77f7595d5801e6699daf3e826079983fb37a08fb48465d02e0bf090843595,16000,1,2,48000,3.0,-25.87,0.1583,0.0,train
y3CpA15UtBQ_seg_007.wav,data/interim/segmented_clean_relaxed/spasmodic_dysphonia/y3CpA15UtBQ_seg_007.wav,y3CpA15UtBQ,007,spasmodic_dysphonia,clean_pool,9dee505ad88fccc29f494b2ed7d39bbce41ecaae93b7114ed123c9addc362035,16000,1,2,48000,3.0,-28.27,0.1968,0.0,train
y3CpA15UtBQ_seg_008.wav,data/interim/segmented_clean_relaxed/spasmodic_dysphonia/y3CpA15UtBQ_seg_008.wav,y3CpA15UtBQ,008,spasmodic_dysphonia,clean_pool,c931e0994d50f34550b1790682d695ddea2bbdf8b49d87841477014a04e0c018,16000,1,2,48000,3.0,-29.61,0.2093,0.0,train
y3CpA15UtBQ_seg_009.wav,data/interim/segmented_clean_relaxed/spasmodic_dysphonia/y3CpA15UtBQ_seg_009.wav,y3CpA15UtBQ,009,spasmodic_dysphonia,clean_pool,a4b8856c52afa391f9a360b7e2ce7a4ced9a0c6ff342f6aa2d69c03a890fbca8,16000,1,2,48000,3.0,-28.47,0.1962,0.0,train
y3CpA15UtBQ_seg_010.wav,data/interim/segmented_clean_relaxed/spasmodic_dysphonia/y3CpA15UtBQ_seg_010.wav,y3CpA15UtBQ,010,spasmodic_dysphonia,clean_pool,761e525bc045b8bafb36be63597899118710b8f2488b94e0ee3cab500aa4b85c,16000,1,2,48000,3.0,-25.07,0.1496,0.0,train
y3CpA15UtBQ_seg_011.wav,data/interim/segmented_clean_relaxed/spasmodic_dysphonia/y3CpA15UtBQ_seg_011.wav,y3CpA15UtBQ,011,spasmodic_dysphonia,clean_pool,223efe04cdc17f53a8b54c76be79399abade191e9227b0afde7bc6d2e69568f8,16000,1,2,48000,3.0,-29.28,0.447,0.0,train
y3CpA15UtBQ_seg_012.wav,data/interim/segmented_clean_relaxed/spasmodic_dysphonia/y3CpA15UtBQ_seg_012.wav,y3CpA15UtBQ,012,spasmodic_dysphonia,clean_pool,780c354400c2050146312f74fc167a1d259591f752322489d5c2294eeb113039,16000,1,2,48000,3.0,-30.22,0.5419,0.0,train
y3CpA15UtBQ_seg_013.wav,data/interim/segmented_clean_relaxed/spasmodic_dysphonia/y3CpA15UtBQ_seg_013.wav,y3CpA15UtBQ,013,spasmodic_dysphonia,clean_pool,2f8104a1e0c934da076bb61f6fa91c53c8309204685593db40a2724be08a9e82,16000,1,2,48000,3.0,-28.19,0.4923,0.0,train
y3CpA15UtBQ_seg_014.wav,data/interim/segmented_clean_relaxed/spasmodic_dysphonia/y3CpA15UtBQ_seg_014.wav,y3CpA15UtBQ,014,spasmodic_dysphonia,clean_pool,96649da1e65b82b9eeeb743be566ad2f98dfc8091822b44fef66cbc7ddd0b082,16000,1,2,48000,3.0,-29.54,0.4285,0.0,train
y3CpA15UtBQ_seg_015.wav,data/interim/segmented_clean_relaxed/spasmodic_dysphonia/y3CpA15UtBQ_seg_015.wav,y3CpA15UtBQ,015,spasmodic_dysphonia,clean_pool,32e6c9a8edde0038fcd48955d5e4769cb08d2cb5c2c59e855fe5e17c87d44376,16000,1,2,48000,3.0,-29.28,0.5426,0.0,train
y3CpA15UtBQ_seg_016.wav,data/interim/segmented_clean_relaxed/spasmodic_dysphonia/y3CpA15UtBQ_seg_016.wav,y3CpA15UtBQ,016,spasmodic_dysphonia,clean_pool,1c8ede1236ede6b0f491457414fa4af8dd0a6f432c9bfdf2f699094b2f489f4b,16000,1,2,48000,3.0,-29.18,0.5333,0.0,train
y3CpA15UtBQ_seg_017.wav,data/interim/segmented_clean_relaxed/spasmodic_dysphonia/y3CpA15UtBQ_seg_017.wav,y3CpA15UtBQ,017,spasmodic_dysphonia,clean_pool,fd6832a805386d7e28039e861a02d3b9c8b4bc2bce6b9a4421299e6a8f8e7787,16000,1,2,48000,3.0,-27.7,0.3846,0.0,train
y3CpA15UtBQ_seg_018.wav,data/interim/segmented_clean_relaxed/spasmodic_dysphonia/y3CpA15UtBQ_seg_018.wav,y3CpA15UtBQ,018,spasmodic_dysphonia,clean_pool,624ee2bea0d7130b06f431f7e713121f72440de45a9e87f066c5bf1eab8b513c,16000,1,2,48000,3.0,-32.16,0.519,0.0,train
y3CpA15UtBQ_seg_019.wav,data/interim/segmented_clean_relaxed/spasmodic_dysphonia/y3CpA15UtBQ_seg_019.wav,y3CpA15UtBQ,019,spasmodic_dysphonia,clean_pool,9804d9353d2a51561883a6470396be4fffdda1d7edef46f1afa91c93667e4ad4,16000,1,2,48000,3.0,-28.55,0.4637,0.0,train
y3CpA15UtBQ_seg_020.wav,data/interim/segmented_clean_relaxed/spasmodic_dysphonia/y3CpA15UtBQ_seg_020.wav,y3CpA15UtBQ,020,spasmodic_dysphonia,clean_pool,b79d430a1525325aeebbf41cb3389299acd2b819ec0fab96ece645415df69c83,16000,1,2,48000,3.0,-31.69,0.577,0.0,train
y3CpA15UtBQ_seg_021.wav,data/interim/segmented_clean_relaxed/spasmodic_dysphonia/y3CpA15UtBQ_seg_021.wav,y3CpA15UtBQ,021,spasmodic_dysphonia,clean_pool,ec3048f409bcb5ba951c4058232abd0c7da62e75dba317b648ca16702141b1b8,16000,1,2,48000,3.0,-30.46,0.4519,0.0,train
y3CpA15UtBQ_seg_022.wav,data/interim/segmented_clean_relaxed/spasmodic_dysphonia/y3CpA15UtBQ_seg_022.wav,y3CpA15UtBQ,022,spasmodic_dysphonia,clean_pool,a544aa7cc9aac8b023ee37ad006c457a7fe3021c07680126a218080770fa9c57,16000,1,2,48000,3.0,-31.23,0.5589,0.0,train
y3CpA15UtBQ_seg_023.wav,data/interim/segmented_clean_relaxed/spasmodic_dysphonia/y3CpA15UtBQ_seg_023.wav,y3CpA15UtBQ,023,spasmodic_dysphonia,clean_pool,6397cdf6af1587fd6a41b02645e65b33251b15801a21205caa29290e7728202d,16000,1,2,48000,3.0,-29.22,0.5116,0.0,train
y3CpA15UtBQ_seg_024.wav,data/interim/segmented_clean_relaxed/spasmodic_dysphonia/y3CpA15UtBQ_seg_024.wav,y3CpA15UtBQ,024,spasmodic_dysphonia,clean_pool,e55883f4210cae8c64e80ba78c16a76fc6bc4e59d419b1360407437ba16793f0,16000,1,2,48000,3.0,-29.66,0.4366,0.0,train
y3CpA15UtBQ_seg_025.wav,data/interim/segmented_clean_relaxed/spasmodic_dysphonia/y3CpA15UtBQ_seg_025.wav,y3CpA15UtBQ,025,spasmodic_dysphonia,clean_pool,bec93bf55abbaa053f288247c6673cc02c4e972900e4c48c8894092f3e20c9a5,16000,1,2,48000,3.0,-32.61,0.5426,0.0,train
y3CpA15UtBQ_seg_026.wav,data/interim/segmented_clean_relaxed/spasmodic_dysphonia/y3CpA15UtBQ_seg_026.wav,y3CpA15UtBQ,026,spasmodic_dysphonia,clean_pool,7256353e8965f9a3388a80b24199ba8059863e5d685c082c682ab6839bceef19,16000,1,2,48000,3.0,-31.56,0.5928,0.0,train
y3CpA15UtBQ_seg_027.wav,data/interim/segmented_clean_relaxed/spasmodic_dysphonia/y3CpA15UtBQ_seg_027.wav,y3CpA15UtBQ,027,spasmodic_dysphonia,clean_pool,c2304e0f3f661fba0dd2e9c4c9a8c479c2c8944861199864a4f8990d1786a672,16000,1,2,48000,3.0,-32.36,0.5715,0.0,train
y3CpA15UtBQ_seg_028.wav,data/interim/segmented_clean_relaxed/spasmodic_dysphonia/y3CpA15UtBQ_seg_028.wav,y3CpA15UtBQ,028,spasmodic_dysphonia,clean_pool,6e8c8b06bf150effac62f2f55e50b9a1987c818bc200aded6c40c1616ee5c5f0,16000,1,2,48000,3.0,-31.91,0.5479,0.0,train
y3CpA15UtBQ_seg_029.wav,data/interim/segmented_clean_relaxed/spasmodic_dysphonia/y3CpA15UtBQ_seg_029.wav,y3CpA15UtBQ,029,spasmodic_dysphonia,clean_pool,41899733fd971b5f1faad336bc8e0f02e353684779c7a8975bfe3b024f654f53,16000,1,2,48000,3.0,-29.76,0.4448,0.0,train
y3CpA15UtBQ_seg_030.wav,data/interim/segmented_clean_relaxed/spasmodic_dysphonia/y3CpA15UtBQ_seg_030.wav,y3CpA15UtBQ,030,spasmodic_dysphonia,clean_pool,bc1d82940d7f07f2f3a2998c8910eab258bde9cda55a8db3c7992074412aab54,16000,1,2,48000,3.0,-25.71,0.1699,0.0,train
y3CpA15UtBQ_seg_031.wav,data/interim/segmented_clean_relaxed/spasmodic_dysphonia/y3CpA15UtBQ_seg_031.wav,y3CpA15UtBQ,031,spasmodic_dysphonia,clean_pool,c1a10a79421a64aefce62e26102dcde2b3e485463ff0fd60698da63a2d8ab6e8,16000,1,2,48000,3.0,-27.61,0.2323,0.0,train
y3CpA15UtBQ_seg_032.wav,data/interim/segmented_clean_relaxed/spasmodic_dysphonia/y3CpA15UtBQ_seg_032.wav,y3CpA15UtBQ,032,spasmodic_dysphonia,clean_pool,d824fb2a6e2a0b8b5ec953133a4ee0c4c33e97f377237b1f058a7ce41072a79a,16000,1,2,48000,3.0,-25.37,0.1759,0.0,train
y3CpA15UtBQ_seg_033.wav,data/interim/segmented_clean_relaxed/spasmodic_dysphonia/y3CpA15UtBQ_seg_033.wav,y3CpA15UtBQ,033,spasmodic_dysphonia,clean_pool,82f0f78eaace544a103f0b53224a9189f13c371259bb910dc50397484279243d,16000,1,2,48000,3.0,-26.16,0.1805,0.0,train
y3CpA15UtBQ_seg_034.wav,data/interim/segmented_clean_relaxed/spasmodic_dysphonia/y3CpA15UtBQ_seg_034.wav,y3CpA15UtBQ,034,spasmodic_dysphonia,clean_pool,32ff2a90a87e4e119f86758038ea2c6279e0031084ff084abe80dd39ee70048e,16000,1,2,48000,3.0,-27.18,0.1844,0.0,train
y3CpA15UtBQ_seg_035.wav,data/interim/segmented_clean_relaxed/spasmodic_dysphonia/y3CpA15UtBQ_seg_035.wav,y3CpA15UtBQ,035,spasmodic_dysphonia,clean_pool,b6062d56100ab91432eacbae82f4c3fe922f98bed8449208daae10be6dc1bf14,16000,1,2,48000,3.0,-23.95,0.1592,0.0,train
y3CpA15UtBQ_seg_036.wav,data/interim/segmented_clean_relaxed/spasmodic_dysphonia/y3CpA15UtBQ_seg_036.wav,y3CpA15UtBQ,036,spasmodic_dysphonia,clean_pool,52bff0dacae6972c66c4cea8ebbb51a088c56df2d95331c812581fa711d41764,16000,1,2,48000,3.0,-27.47,0.2452,0.0,train
y3CpA15UtBQ_seg_037.wav,data/interim/segmented_clean_relaxed/spasmodic_dysphonia/y3CpA15UtBQ_seg_037.wav,y3CpA15UtBQ,037,spasmodic_dysphonia,clean_pool,e663bc9c8a58485fdfb7ecc357df0e51485c897419bc35758e32ec381c532bfe,16000,1,2,48000,3.0,-25.44,0.2111,0.0,train
y3CpA15UtBQ_seg_038.wav,data/interim/segmented_clean_relaxed/spasmodic_dysphonia/y3CpA15UtBQ_seg_038.wav,y3CpA15UtBQ,038,spasmodic_dysphonia,clean_pool,29753b066bd357d9f015c3dcdcd812d5cf1e9641f3f971d6d0133400b082f237,16000,1,2,48000,3.0,-25.83,0.1786,0.0,train
y3CpA15UtBQ_seg_039.wav,data/interim/segmented_clean_relaxed/spasmodic_dysphonia/y3CpA15UtBQ_seg_039.wav,y3CpA15UtBQ,039,spasmodic_dysphonia,clean_pool,81280fdf5af97fac0def3dcdf0f662398dee7a6b4acf178a636e866e079b46bf,16000,1,2,48000,3.0,-28.01,0.2199,0.0,train
y3CpA15UtBQ_seg_040.wav,data/interim/segmented_clean_relaxed/spasmodic_dysphonia/y3CpA15UtBQ_seg_040.wav,y3CpA15UtBQ,040,spasmodic_dysphonia,clean_pool,f1f27b4b0a085beb5f230c3401c77c11099f0f46d8bb99a2f898f448d9c79f85,16000,1,2,48000,3.0,-24.65,0.1594,0.0,train
y3CpA15UtBQ_seg_041.wav,data/interim/segmented_clean_relaxed/spasmodic_dysphonia/y3CpA15UtBQ_seg_041.wav,y3CpA15UtBQ,041,spasmodic_dysphonia,clean_pool,487c5c5bcd3fdd104b757f2b92131edfcca3711e01b344f27dc63df668a08bdc,16000,1,2,48000,3.0,-25.07,0.1652,0.0,train
y3CpA15UtBQ_seg_042.wav,data/interim/segmented_clean_relaxed/spasmodic_dysphonia/y3CpA15UtBQ_seg_042.wav,y3CpA15UtBQ,042,spasmodic_dysphonia,clean_pool,03e5b44f36d037199d2a8785c9d35c384bf255beb6a902f949d60afdb6e3ad36,16000,1,2,48000,3.0,-24.9,0.1804,0.0,train
y3CpA15UtBQ_seg_043.wav,data/interim/segmented_clean_relaxed/spasmodic_dysphonia/y3CpA15UtBQ_seg_043.wav,y3CpA15UtBQ,043,spasmodic_dysphonia,clean_pool,43efc83cbb8c94ddafa90008e07a3fb74c4c633a62f6c097baac65ff94d0574f,16000,1,2,48000,3.0,-25.66,0.2009,0.0,train
y3CpA15UtBQ_seg_044.wav,data/interim/segmented_clean_relaxed/spasmodic_dysphonia/y3CpA15UtBQ_seg_044.wav,y3CpA15UtBQ,044,spasmodic_dysphonia,clean_pool,9e7d35feaf41237e0bff69e18f0128478981417e32fa95c7b1a6c9d55a635eae,16000,1,2,48000,3.0,-26.95,0.1893,0.0,train
y3CpA15UtBQ_seg_045.wav,data/interim/segmented_clean_relaxed/spasmodic_dysphonia/y3CpA15UtBQ_seg_045.wav,y3CpA15UtBQ,045,spasmodic_dysphonia,clean_pool,27e93889f993fcf461cfc649543ce81113d48d9a5064b1e8e994c9574c0c9c6d,16000,1,2,48000,3.0,-24.39,0.1583,0.0,train
y3CpA15UtBQ_seg_046.wav,data/interim/segmented_clean_relaxed/spasmodic_dysphonia/y3CpA15UtBQ_seg_046.wav,y3CpA15UtBQ,046,spasmodic_dysphonia,clean_pool,2a6b4547f8604fa863e85f8c80cb8c18543c80aa7f2c7ec12dbba754deb557ca,16000,1,2,48000,3.0,-26.74,0.1799,0.0,train
y3CpA15UtBQ_seg_047.wav,data/interim/segmented_clean_relaxed/spasmodic_dysphonia/y3CpA15UtBQ_seg_047.wav,y3CpA15UtBQ,047,spasmodic_dysphonia,clean_pool,1a4f91c976554140e0a9011cbbdd44f146bc1b7e08b46b6876b81de3f33af2e7,16000,1,2,48000,3.0,-27.18,0.1802,0.0,train
y3CpA15UtBQ_seg_048.wav,data/interim/segmented_clean_relaxed/spasmodic_dysphonia/y3CpA15UtBQ_seg_048.wav,y3CpA15UtBQ,048,spasmodic_dysphonia,clean_pool,63f6ef869ad6b4717b319a2a3c44c99dac0582b1fb9d873bb1f33b1a2f8a78eb,16000,1,2,48000,3.0,-27.25,0.2076,0.0,train
y3CpA15UtBQ_seg_049.wav,data/interim/segmented_clean_relaxed/spasmodic_dysphonia/y3CpA15UtBQ_seg_049.wav,y3CpA15UtBQ,049,spasmodic_dysphonia,clean_pool,3ae4c6049b30a6cc7149926022e86532d4a08fddfca8f0d6c8a775a647f59d59,16000,1,2,48000,3.0,-26.85,0.197,0.0,train
y3CpA15UtBQ_seg_050.wav,data/interim/segmented_clean_relaxed/spasmodic_dysphonia/y3CpA15UtBQ_seg_050.wav,y3CpA15UtBQ,050,spasmodic_dysphonia,clean_pool,031ef48c1f0c3406c41553d27ab2f81b52d959cb7dde7719741b9c7966cf96f4,16000,1,2,48000,3.0,-26.79,0.2111,0.0,train
y3CpA15UtBQ_seg_051.wav,data/interim/segmented_clean_relaxed/spasmodic_dysphonia/y3CpA15UtBQ_seg_051.wav,y3CpA15UtBQ,051,spasmodic_dysphonia,clean_pool,0020d7261ce6d26176cc61aa11011739c93dd4f17003c31b503d6682ca00be96,16000,1,2,48000,3.0,-23.08,0.1551,0.0,train
y3CpA15UtBQ_seg_052.wav,data/interim/segmented_clean_relaxed/spasmodic_dysphonia/y3CpA15UtBQ_seg_052.wav,y3CpA15UtBQ,052,spasmodic_dysphonia,clean_pool,8f71719199ea84c94e9a56cc721a3805f411f68300086d397834e73eeec2cffd,16000,1,2,48000,3.0,-27.78,0.2025,0.0,train
y3CpA15UtBQ_seg_053.wav,data/interim/segmented_clean_relaxed/spasmodic_dysphonia/y3CpA15UtBQ_seg_053.wav,y3CpA15UtBQ,053,spasmodic_dysphonia,clean_pool,cc992bc0da3c95a541f80bf4eaedc45f861e5acc76f57e789b2986ffa680d40d,16000,1,2,48000,3.0,-25.37,0.1517,0.0,train
y3CpA15UtBQ_seg_054.wav,data/interim/segmented_clean_relaxed/spasmodic_dysphonia/y3CpA15UtBQ_seg_054.wav,y3CpA15UtBQ,054,spasmodic_dysphonia,clean_pool,5f71a1f24d7009427f27e1527d9344ce14ea97ba45b76af9b0bbcb1b871ec959,16000,1,2,48000,3.0,-29.21,0.1967,0.0,train
y3CpA15UtBQ_seg_055.wav,data/interim/segmented_clean_relaxed/spasmodic_dysphonia/y3CpA15UtBQ_seg_055.wav,y3CpA15UtBQ,055,spasmodic_dysphonia,clean_pool,191b7d4a08f2d97038b9f8223e8ee31a9dbcf353d703ff4691af0b3265297123,16000,1,2,48000,3.0,-26.76,0.2181,0.0,train
y3CpA15UtBQ_seg_056.wav,data/interim/segmented_clean_relaxed/spasmodic_dysphonia/y3CpA15UtBQ_seg_056.wav,y3CpA15UtBQ,056,spasmodic_dysphonia,clean_pool,666ea3f2481b89d41eaa42cc02fa159e4b03dc688f0cf89962b0b7a12d356acf,16000,1,2,48000,3.0,-25.89,0.2662,0.0,train
y3CpA15UtBQ_seg_057.wav,data/interim/segmented_clean_relaxed/spasmodic_dysphonia/y3CpA15UtBQ_seg_057.wav,y3CpA15UtBQ,057,spasmodic_dysphonia,clean_pool,d5455d0dc8667320acb9afe50afea90a314435474365cf0ef26d66ebb890bf25,16000,1,2,48000,3.0,-28.32,0.281,0.0,train
y3CpA15UtBQ_seg_058.wav,data/interim/segmented_clean_relaxed/spasmodic_dysphonia/y3CpA15UtBQ_seg_058.wav,y3CpA15UtBQ,058,spasmodic_dysphonia,clean_pool,814c99dbdbb81bea9ea6c83c9ae15c3fc3cb9045688045459bc98a788813f2d8,16000,1,2,48000,3.0,-27.64,0.3066,0.0,train
y3CpA15UtBQ_seg_059.wav,data/interim/segmented_clean_relaxed/spasmodic_dysphonia/y3CpA15UtBQ_seg_059.wav,y3CpA15UtBQ,059,spasmodic_dysphonia,clean_pool,352bdcf73e6dfec444563f601bfa2aa7d3c033acda0f12d73d438033a605c7ae,16000,1,2,48000,3.0,-22.75,0.28,0.0,train
y3CpA15UtBQ_seg_060.wav,data/interim/segmented_clean_relaxed/spasmodic_dysphonia/y3CpA15UtBQ_seg_060.wav,y3CpA15UtBQ,060,spasmodic_dysphonia,clean_pool,435f4b3e59405c6586ad6d08938a5b606faf2e9025f7a0330dee4eb0c2e35378,16000,1,2,48000,3.0,-24.76,0.2592,0.0,train
y3CpA15UtBQ_seg_061.wav,data/interim/segmented_clean_relaxed/spasmodic_dysphonia/y3CpA15UtBQ_seg_061.wav,y3CpA15UtBQ,061,spasmodic_dysphonia,clean_pool,2ac9e9ff608815d6fe6a2f8f5575290d1ebf8aff097a9585047a95020f3e27f3,16000,1,2,48000,3.0,-24.33,0.2047,0.0,train
y3CpA15UtBQ_seg_062.wav,data/interim/segmented_clean_relaxed/spasmodic_dysphonia/y3CpA15UtBQ_seg_062.wav,y3CpA15UtBQ,062,spasmodic_dysphonia,clean_pool,9b8d68cc3ed13c0344403f983de28c5fe822d8873a07362f758a36ee4c16d60f,16000,1,2,48000,3.0,-26.38,0.3101,0.0,train
y3CpA15UtBQ_seg_063.wav,data/interim/segmented_clean_relaxed/spasmodic_dysphonia/y3CpA15UtBQ_seg_063.wav,y3CpA15UtBQ,063,spasmodic_dysphonia,clean_pool,a4f443bc443308fc3e8ef041709e823bee8d77eebd528c1724b3139db91b5697,16000,1,2,48000,3.0,-22.23,0.1844,0.0,train
y3CpA15UtBQ_seg_064.wav,data/interim/segmented_clean_relaxed/spasmodic_dysphonia/y3CpA15UtBQ_seg_064.wav,y3CpA15UtBQ,064,spasmodic_dysphonia,clean_pool,2e76dd6025d63fc7792be5628c9037525968e00453376d84f61feeff21f82acd,16000,1,2,48000,3.0,-25.05,0.3941,0.0,train
y3CpA15UtBQ_seg_065.wav,data/interim/segmented_clean_relaxed/spasmodic_dysphonia/y3CpA15UtBQ_seg_065.wav,y3CpA15UtBQ,065,spasmodic_dysphonia,clean_pool,b50762d94b6d4398d0aaed24556e2440dc5e949c090b087bb92489c1fc6b57c1,16000,1,2,48000,3.0,-22.46,0.2958,0.0,train
y3CpA15UtBQ_seg_066.wav,data/interim/segmented_clean_relaxed/spasmodic_dysphonia/y3CpA15UtBQ_seg_066.wav,y3CpA15UtBQ,066,spasmodic_dysphonia,clean_pool,2ca7059c9df21ae70a1b1a3df42de57fb25fdedee18814d89bb78d08b2cf4b05,16000,1,2,48000,3.0,-21.42,0.1253,0.0,train
y3CpA15UtBQ_seg_067.wav,data/interim/segmented_clean_relaxed/spasmodic_dysphonia/y3CpA15UtBQ_seg_067.wav,y3CpA15UtBQ,067,spasmodic_dysphonia,clean_pool,61efae80344cfb9fd115226e403067bb2047a8e70c5923048e7bf00eb49f1954,16000,1,2,48000,3.0,-25.03,0.1941,0.0,train
y3CpA15UtBQ_seg_068.wav,data/interim/segmented_clean_relaxed/spasmodic_dysphonia/y3CpA15UtBQ_seg_068.wav,y3CpA15UtBQ,068,spasmodic_dysphonia,clean_pool,97b334ead4db78a1f3d65bdc7ec9f6860749d642124a4d17646f5e3f7b6ed60b,16000,1,2,48000,3.0,-21.95,0.2703,0.0,train
y3CpA15UtBQ_seg_069.wav,data/interim/segmented_clean_relaxed/spasmodic_dysphonia/y3CpA15UtBQ_seg_069.wav,y3CpA15UtBQ,069,spasmodic_dysphonia,clean_pool,3f2516a9bc2145e20df3fdbb6c895c616d74c4ebd2a660e6bcaa0c4999440235,16000,1,2,48000,3.0,-22.93,0.2442,0.0,train
y3CpA15UtBQ_seg_070.wav,data/interim/segmented_clean_relaxed/spasmodic_dysphonia/y3CpA15UtBQ_seg_070.wav,y3CpA15UtBQ,070,spasmodic_dysphonia,clean_pool,364a7c63667639f27c43eaca8338c1adae333829715fd254a5e4e89828c0639c,16000,1,2,48000,3.0,-22.84,0.3218,0.0,train
y3CpA15UtBQ_seg_071.wav,data/interim/segmented_clean_relaxed/spasmodic_dysphonia/y3CpA15UtBQ_seg_071.wav,y3CpA15UtBQ,071,spasmodic_dysphonia,clean_pool,616111cb2fcd79cf0b94948b579e69094651bf83d06a1212b63edf435ff72493,16000,1,2,48000,3.0,-25.43,0.2242,0.0,train
y3CpA15UtBQ_seg_072.wav,data/interim/segmented_clean_relaxed/spasmodic_dysphonia/y3CpA15UtBQ_seg_072.wav,y3CpA15UtBQ,072,spasmodic_dysphonia,clean_pool,4f47caa0c2be54593db8a11b06a48faaf08a6668846db062ea26f6640a0df9a1,16000,1,2,48000,3.0,-28.53,0.4171,0.0,train
y3CpA15UtBQ_seg_073.wav,data/interim/segmented_clean_relaxed/spasmodic_dysphonia/y3CpA15UtBQ_seg_073.wav,y3CpA15UtBQ,073,spasmodic_dysphonia,clean_pool,89a419324069afab7a60d3a73cb4cf894a1c5d457b8011ec2dc00ba19f64489a,16000,1,2,48000,3.0,-24.77,0.162,0.0,train
y3CpA15UtBQ_seg_074.wav,data/interim/segmented_clean_relaxed/spasmodic_dysphonia/y3CpA15UtBQ_seg_074.wav,y3CpA15UtBQ,074,spasmodic_dysphonia,clean_pool,b9a2bfdef58de0c74fb3d69cdbeda0fbb6c74084e842594e7642fd7a02014c25,16000,1,2,48000,3.0,-24.33,0.3038,0.0,train
y3CpA15UtBQ_seg_075.wav,data/interim/segmented_clean_relaxed/spasmodic_dysphonia/y3CpA15UtBQ_seg_075.wav,y3CpA15UtBQ,075,spasmodic_dysphonia,clean_pool,b3f9ab57253feb55465e898a974ac239688d8432bc1487d0165c8d88c51a32fd,16000,1,2,48000,3.0,-25.95,0.2305,0.0,train
y3CpA15UtBQ_seg_076.wav,data/interim/segmented_clean_relaxed/spasmodic_dysphonia/y3CpA15UtBQ_seg_076.wav,y3CpA15UtBQ,076,spasmodic_dysphonia,clean_pool,072191bab4fd9ce29cca0517fbb12632e0dc333a4f2e6443bc6cf760a7dedf12,16000,1,2,48000,3.0,-26.32,0.2057,0.0,train
y3CpA15UtBQ_seg_077.wav,data/interim/segmented_clean_relaxed/spasmodic_dysphonia/y3CpA15UtBQ_seg_077.wav,y3CpA15UtBQ,077,spasmodic_dysphonia,clean_pool,a54aaa416d7df0f90d3cfcfbcbb48c0c20793626604b6d3d74d5b1fdac7b724e,16000,1,2,48000,3.0,-26.91,0.271,0.0,train
y3CpA15UtBQ_seg_078.wav,data/interim/segmented_clean_relaxed/spasmodic_dysphonia/y3CpA15UtBQ_seg_078.wav,y3CpA15UtBQ,078,spasmodic_dysphonia,clean_pool,890ef899be5e89a82821668c3c4384cc68d0ba56e092347214e982ed87ad5541,16000,1,2,48000,3.0,-25.18,0.2299,0.0,train
y3CpA15UtBQ_seg_079.wav,data/interim/segmented_clean_relaxed/spasmodic_dysphonia/y3CpA15UtBQ_seg_079.wav,y3CpA15UtBQ,079,spasmodic_dysphonia,clean_pool,d7e6bf9d1f96537cab8fbb6c98ee01b8e4550856096a2040909ba9065ae00f34,16000,1,2,48000,3.0,-27.6,0.2305,0.0,train
y3CpA15UtBQ_seg_080.wav,data/interim/segmented_clean_relaxed/spasmodic_dysphonia/y3CpA15UtBQ_seg_080.wav,y3CpA15UtBQ,080,spasmodic_dysphonia,clean_pool,5750c499cfcbcb92b0e62172a9dbbd953ead5c25e746ddb0cabdb35d6c33f8d9,16000,1,2,48000,3.0,-28.35,0.2931,0.0,train
y3CpA15UtBQ_seg_081.wav,data/interim/segmented_clean_relaxed/spasmodic_dysphonia/y3CpA15UtBQ_seg_081.wav,y3CpA15UtBQ,081,spasmodic_dysphonia,clean_pool,9eb41852bff26b61846ac4e3edeb89b83ddc3d55cd5e6648a037aacab8f92bd7,16000,1,2,48000,3.0,-25.42,0.1971,0.0,train
y3CpA15UtBQ_seg_082.wav,data/interim/segmented_clean_relaxed/spasmodic_dysphonia/y3CpA15UtBQ_seg_082.wav,y3CpA15UtBQ,082,spasmodic_dysphonia,clean_pool,301ee9da045d297544ba6890b64d257ec5ed1cd38a0814c1c92b05b5d16bb0af,16000,1,2,48000,3.0,-29.1,0.2833,0.0,train
y3CpA15UtBQ_seg_083.wav,data/interim/segmented_clean_relaxed/spasmodic_dysphonia/y3CpA15UtBQ_seg_083.wav,y3CpA15UtBQ,083,spasmodic_dysphonia,clean_pool,f3f1314fdce57403842216973f83a409b58abbf01a29a73cb55d77bdf4f5a580,16000,1,2,48000,3.0,-28.66,0.2512,0.0,train
y3CpA15UtBQ_seg_084.wav,data/interim/segmented_clean_relaxed/spasmodic_dysphonia/y3CpA15UtBQ_seg_084.wav,y3CpA15UtBQ,084,spasmodic_dysphonia,clean_pool,d8234b1e941746eb94a477c7736d857b23d729af2158696ef28b31ce0d513082,16000,1,2,48000,3.0,-30.31,0.3284,0.0,train
y3CpA15UtBQ_seg_085.wav,data/interim/segmented_clean_relaxed/spasmodic_dysphonia/y3CpA15UtBQ_seg_085.wav,y3CpA15UtBQ,085,spasmodic_dysphonia,clean_pool,b4d9747d10d75fc94d63675ebcee9d49fe78994d60c0eb066d98368969c9514a,16000,1,2,48000,3.0,-27.12,0.2875,0.0,train
y3CpA15UtBQ_seg_086.wav,data/interim/segmented_clean_relaxed/spasmodic_dysphonia/y3CpA15UtBQ_seg_086.wav,y3CpA15UtBQ,086,spasmodic_dysphonia,clean_pool,44687ffc91fe17f365c173b206cd575ed49368ad00794c93f87368b79bc78ded,16000,1,2,48000,3.0,-24.71,0.2574,0.0,train
y3CpA15UtBQ_seg_087.wav,data/interim/segmented_clean_relaxed/spasmodic_dysphonia/y3CpA15UtBQ_seg_087.wav,y3CpA15UtBQ,087,spasmodic_dysphonia,clean_pool,8d8d6a3bf7d9b2812da2f923fe1748cefa9a5d7712ce54fde8a852e9a78c4bb4,16000,1,2,48000,3.0,-28.89,0.3436,0.0,train
y3CpA15UtBQ_seg_088.wav,data/interim/segmented_clean_relaxed/spasmodic_dysphonia/y3CpA15UtBQ_seg_088.wav,y3CpA15UtBQ,088,spasmodic_dysphonia,clean_pool,043d168c1300b385bb729a3f8b1fb3d299383584b1cf0a49e277621497d47fc8,16000,1,2,48000,3.0,-27.11,0.205,0.0,train
y3CpA15UtBQ_seg_089.wav,data/interim/segmented_clean_relaxed/spasmodic_dysphonia/y3CpA15UtBQ_seg_089.wav,y3CpA15UtBQ,089,spasmodic_dysphonia,clean_pool,0e61c8be4e77764f209f0eb0131fbcd3bb84aad64be521418b19c6442b3923aa,16000,1,2,48000,3.0,-28.79,0.2882,0.0,train
y3CpA15UtBQ_seg_090.wav,data/interim/segmented_clean_relaxed/spasmodic_dysphonia/y3CpA15UtBQ_seg_090.wav,y3CpA15UtBQ,090,spasmodic_dysphonia,clean_pool,a629e1d8bf148931f0597ff1128c91633001e239ba0248fd078c634fef64cfd8,16000,1,2,48000,3.0,-28.91,0.3258,0.0,train
y3CpA15UtBQ_seg_091.wav,data/interim/segmented_clean_relaxed/spasmodic_dysphonia/y3CpA15UtBQ_seg_091.wav,y3CpA15UtBQ,091,spasmodic_dysphonia,clean_pool,62bf9babc977fb07ae9c6333a91788d90de0d9ce2504ef9b33322f8158b43995,16000,1,2,48000,3.0,-26.43,0.2508,0.0,train
y3CpA15UtBQ_seg_092.wav,data/interim/segmented_clean_relaxed/spasmodic_dysphonia/y3CpA15UtBQ_seg_092.wav,y3CpA15UtBQ,092,spasmodic_dysphonia,clean_pool,f900a5aae9d52aa443fd20f49dca1e1d31396813fe3160b8e2141aeef4633d25,16000,1,2,48000,3.0,-27.24,0.2898,0.0,train
y3CpA15UtBQ_seg_093.wav,data/interim/segmented_clean_relaxed/spasmodic_dysphonia/y3CpA15UtBQ_seg_093.wav,y3CpA15UtBQ,093,spasmodic_dysphonia,clean_pool,5dc46f97ea02f229ec0700388b1b3b6e69d23f91d6ba9d6a22eef77a55f7a951,16000,1,2,48000,3.0,-27.33,0.2779,0.0,train
y3CpA15UtBQ_seg_094.wav,data/interim/segmented_clean_relaxed/spasmodic_dysphonia/y3CpA15UtBQ_seg_094.wav,y3CpA15UtBQ,094,spasmodic_dysphonia,clean_pool,f151de3c1106b770aecd0f78e72b8f0df791e4b2596249720e8e37e7db562706,16000,1,2,48000,3.0,-28.5,0.3176,0.0,train
y3CpA15UtBQ_seg_095.wav,data/interim/segmented_clean_relaxed/spasmodic_dysphonia/y3CpA15UtBQ_seg_095.wav,y3CpA15UtBQ,095,spasmodic_dysphonia,clean_pool,ba7e8ecf9ff6b7f77268a82370a2ae75f13056c20a7caa9ad5a1937a15064262,16000,1,2,48000,3.0,-27.6,0.2832,0.0,train
y3CpA15UtBQ_seg_096.wav,data/interim/segmented_clean_relaxed/spasmodic_dysphonia/y3CpA15UtBQ_seg_096.wav,y3CpA15UtBQ,096,spasmodic_dysphonia,clean_pool,6bb9b68e340933254ea02fad7766c38698d9f9660eedde29e74efe25a25a0587,16000,1,2,48000,3.0,-29.76,0.3116,0.0,train
y3CpA15UtBQ_seg_097.wav,data/interim/segmented_clean_relaxed/spasmodic_dysphonia/y3CpA15UtBQ_seg_097.wav,y3CpA15UtBQ,097,spasmodic_dysphonia,clean_pool,f6621caf1efbf557e6d22a0f2eb78f7bf466a03faa3d7d30ecb73c579d7b4555,16000,1,2,48000,3.0,-28.69,0.2906,0.0,train
y3CpA15UtBQ_seg_098.wav,data/interim/segmented_clean_relaxed/spasmodic_dysphonia/y3CpA15UtBQ_seg_098.wav,y3CpA15UtBQ,098,spasmodic_dysphonia,clean_pool,667b5aab6898445887ebec61c441182f37a408ec79c7954d99ed6a324dadc200,16000,1,2,48000,3.0,-29.74,0.3108,0.0,train
y3CpA15UtBQ_seg_099.wav,data/interim/segmented_clean_relaxed/spasmodic_dysphonia/y3CpA15UtBQ_seg_099.wav,y3CpA15UtBQ,099,spasmodic_dysphonia,clean_pool,449ebf464804f0386da08629a3346d4d97b801e57429a2545dca5ca2528b0cde,16000,1,2,48000,3.0,-27.28,0.212,0.0,train
y3CpA15UtBQ_seg_100.wav,data/interim/segmented_clean_relaxed/spasmodic_dysphonia/y3CpA15UtBQ_seg_100.wav,y3CpA15UtBQ,100,spasmodic_dysphonia,clean_pool,894c622fb56e8268fdf214844d2e5028edd7275a63008f7343d42c04b362c4bb,16000,1,2,48000,3.0,-26.09,0.3053,0.0,train
y3CpA15UtBQ_seg_101.wav,data/interim/segmented_clean_relaxed/spasmodic_dysphonia/y3CpA15UtBQ_seg_101.wav,y3CpA15UtBQ,101,spasmodic_dysphonia,clean_pool,f994b635edf37ab020d7f9b0d4ae21744d71d3d18265ceb8afd2a64e8d1a5ba7,16000,1,2,48000,3.0,-28.92,0.5503,0.0,train
y3CpA15UtBQ_seg_102.wav,data/interim/segmented_clean_relaxed/spasmodic_dysphonia/y3CpA15UtBQ_seg_102.wav,y3CpA15UtBQ,102,spasmodic_dysphonia,clean_pool,9dbbb4065248bbd65a6ce88a1f7e6c12e1ba01a8103c254af67ac013b2704fa5,16000,1,2,48000,3.0,-27.92,0.5688,0.0,train
y3CpA15UtBQ_seg_103.wav,data/interim/segmented_clean_relaxed/spasmodic_dysphonia/y3CpA15UtBQ_seg_103.wav,y3CpA15UtBQ,103,spasmodic_dysphonia,clean_pool,be304b2ab98129ab1ec4f7e9179ef5267227594b639e8ae4a96d0775d9fd177f,16000,1,2,48000,3.0,-25.32,0.4602,0.0,train
y3CpA15UtBQ_seg_104.wav,data/interim/segmented_clean_relaxed/spasmodic_dysphonia/y3CpA15UtBQ_seg_104.wav,y3CpA15UtBQ,104,spasmodic_dysphonia,clean_pool,0767d52dcf00ad43b725dd9d04588d00919371a8bb183a26eb7d368a4fe5e8ba,16000,1,2,48000,3.0,-25.24,0.5574,0.0,train
y3CpA15UtBQ_seg_105.wav,data/interim/segmented_clean_relaxed/spasmodic_dysphonia/y3CpA15UtBQ_seg_105.wav,y3CpA15UtBQ,105,spasmodic_dysphonia,clean_pool,6181470256223a4aa6ccaf366a65cb2ce91973aecbc7221d171fcdf7a4d9c5d0,16000,1,2,48000,3.0,-23.16,0.5823,0.0,train
y3CpA15UtBQ_seg_106.wav,data/interim/segmented_clean_relaxed/spasmodic_dysphonia/y3CpA15UtBQ_seg_106.wav,y3CpA15UtBQ,106,spasmodic_dysphonia,clean_pool,697391d101dfddc932dc21f27ffb037ae3de8e028c46113e000ad0f0e11cfe48,16000,1,2,48000,3.0,-26.54,0.395,0.0,train
y3CpA15UtBQ_seg_107.wav,data/interim/segmented_clean_relaxed/spasmodic_dysphonia/y3CpA15UtBQ_seg_107.wav,y3CpA15UtBQ,107,spasmodic_dysphonia,clean_pool,9723127c94334927f1df7d604c9c42a92a0c58e7b54b5d4942a7103eb40be150,16000,1,2,48000,3.0,-31.51,0.6787,0.0,train
y3CpA15UtBQ_seg_108.wav,data/interim/segmented_clean_relaxed/spasmodic_dysphonia/y3CpA15UtBQ_seg_108.wav,y3CpA15UtBQ,108,spasmodic_dysphonia,clean_pool,35f6cde28dac8b5a5c249337aec9b699e267ab41bc53221125cd9e7d51b8fd3c,16000,1,2,48000,3.0,-23.02,0.5624,0.0,train
y3CpA15UtBQ_seg_109.wav,data/interim/segmented_clean_relaxed/spasmodic_dysphonia/y3CpA15UtBQ_seg_109.wav,y3CpA15UtBQ,109,spasmodic_dysphonia,clean_pool,09bfbb048ec402533c5b2c30ef19560b051ce7fc3e2d2385e17953ed5aa47147,16000,1,2,48000,3.0,-34.05,0.5869,0.0,train
y3CpA15UtBQ_seg_110.wav,data/interim/segmented_clean_relaxed/spasmodic_dysphonia/y3CpA15UtBQ_seg_110.wav,y3CpA15UtBQ,110,spasmodic_dysphonia,clean_pool,a172d368989877197e18934063861e3a9e63c3df9f71e2ee4f53f0e8cbc3550a,16000,1,2,48000,3.0,-26.75,0.0687,0.0,train
y3CpA15UtBQ_seg_111.wav,data/interim/segmented_clean_relaxed/spasmodic_dysphonia/y3CpA15UtBQ_seg_111.wav,y3CpA15UtBQ,111,spasmodic_dysphonia,clean_pool,282ecc4f4d3d8ba2cb07221d0a6c7a3652a81f05aa7a86b3357b5dd3f1d1c1e4,16000,1,2,48000,3.0,-25.18,0.0554,0.0,train
y3CpA15UtBQ_seg_112.wav,data/interim/segmented_clean_relaxed/spasmodic_dysphonia/y3CpA15UtBQ_seg_112.wav,y3CpA15UtBQ,112,spasmodic_dysphonia,clean_pool,98d69f2480c68fc33b9a591ec8dfba258b400d034cd6ac045192578677966f5c,16000,1,2,38816,2.426,-29.01,0.1084,0.0,train
yMSkzVjc-Lg_seg_000.wav,data/interim/segmented_clean_relaxed/spasmodic_dysphonia/yMSkzVjc-Lg_seg_000.wav,yMSkzVjc-Lg,000,spasmodic_dysphonia,clean_pool,db1fdbc5357b8fe415e42ca907b2c034d366252d82318642f3a1f4502fd76562,16000,1,2,48000,3.0,-31.32,0.5628,0.0,train
yMSkzVjc-Lg_seg_001.wav,data/interim/segmented_clean_relaxed/spasmodic_dysphonia/yMSkzVjc-Lg_seg_001.wav,yMSkzVjc-Lg,001,spasmodic_dysphonia,clean_pool,e9887ab90b391f05004b717ca20447ea50dddc20a3fbfa24ebc2f98590377a2d,16000,1,2,48000,3.0,-31.73,0.5549,0.0,train
yMSkzVjc-Lg_seg_002.wav,data/interim/segmented_clean_relaxed/spasmodic_dysphonia/yMSkzVjc-Lg_seg_002.wav,yMSkzVjc-Lg,002,spasmodic_dysphonia,clean_pool,f96298b124221101fba08fb1c09a30f0edbcacd9ecd0e449b2bf0c538b1dec50,16000,1,2,48000,3.0,-33.83,0.3341,0.0,train
yMSkzVjc-Lg_seg_003.wav,data/interim/segmented_clean_relaxed/spasmodic_dysphonia/yMSkzVjc-Lg_seg_003.wav,yMSkzVjc-Lg,003,spasmodic_dysphonia,clean_pool,bb8ad3d8d1de32a930c02dce888abbb2cc6cc83883badebaf20603ba5c3b1e24,16000,1,2,48000,3.0,-34.12,0.6498,0.0,train
yMSkzVjc-Lg_seg_004.wav,data/interim/segmented_clean_relaxed/spasmodic_dysphonia/yMSkzVjc-Lg_seg_004.wav,yMSkzVjc-Lg,004,spasmodic_dysphonia,clean_pool,cdc582d2ece2859a86f70ffd3597e96005d621607075fa7a4cd4de0201692ed1,16000,1,2,48000,3.0,-32.44,0.4168,0.0,train
yMSkzVjc-Lg_seg_005.wav,data/interim/segmented_clean_relaxed/spasmodic_dysphonia/yMSkzVjc-Lg_seg_005.wav,yMSkzVjc-Lg,005,spasmodic_dysphonia,clean_pool,4a0c9d9daef223d48f4c6aee26c8c3ca39c64eeaafc75e158d82e205cc7c05ee,16000,1,2,48000,3.0,-31.83,0.4703,0.0,train
yMSkzVjc-Lg_seg_006.wav,data/interim/segmented_clean_relaxed/spasmodic_dysphonia/yMSkzVjc-Lg_seg_006.wav,yMSkzVjc-Lg,006,spasmodic_dysphonia,clean_pool,ee718928282876fab2d763c84accd54786886cb27b6d09a88d5475fc3f7d7a38,16000,1,2,48000,3.0,-34.4,0.6515,0.0,train
yMSkzVjc-Lg_seg_007.wav,data/interim/segmented_clean_relaxed/spasmodic_dysphonia/yMSkzVjc-Lg_seg_007.wav,yMSkzVjc-Lg,007,spasmodic_dysphonia,clean_pool,87be17665fa27d45cd8fde3c6b47947231c45cfaeb991b656724d2e0446bff77,16000,1,2,48000,3.0,-32.67,0.5132,0.0,train
yMSkzVjc-Lg_seg_008.wav,data/interim/segmented_clean_relaxed/spasmodic_dysphonia/yMSkzVjc-Lg_seg_008.wav,yMSkzVjc-Lg,008,spasmodic_dysphonia,clean_pool,b5cf8259ee3701dab55bdf7845f69b4a65fd5e2529a24a33536b74d6b0c28349,16000,1,2,48000,3.0,-31.16,0.3807,0.0,train
yMSkzVjc-Lg_seg_009.wav,data/interim/segmented_clean_relaxed/spasmodic_dysphonia/yMSkzVjc-Lg_seg_009.wav,yMSkzVjc-Lg,009,spasmodic_dysphonia,clean_pool,9cce4b30cceed6785f846b221abc84626dd81b72533f658a62ea5f80d27beaef,16000,1,2,48000,3.0,-32.56,0.665,0.0,train
yMSkzVjc-Lg_seg_010.wav,data/interim/segmented_clean_relaxed/spasmodic_dysphonia/yMSkzVjc-Lg_seg_010.wav,yMSkzVjc-Lg,010,spasmodic_dysphonia,clean_pool,24c6f4768320d4fbe9c6769b7303323021313dcb3a37f8151ef575f131faccd8,16000,1,2,48000,3.0,-28.63,0.4926,0.0,train
yMSkzVjc-Lg_seg_011.wav,data/interim/segmented_clean_relaxed/spasmodic_dysphonia/yMSkzVjc-Lg_seg_011.wav,yMSkzVjc-Lg,011,spasmodic_dysphonia,clean_pool,40450cee8eb4a1d15b99ecfabbbf8f81fe41e6b97ff3959d3a5bfd098db55811,16000,1,2,48000,3.0,-32.9,0.5292,0.0,train
yMSkzVjc-Lg_seg_012.wav,data/interim/segmented_clean_relaxed/spasmodic_dysphonia/yMSkzVjc-Lg_seg_012.wav,yMSkzVjc-Lg,012,spasmodic_dysphonia,clean_pool,70e5763543bfec1e992e156540112ba7afdc2df0d7d0d813276927694df6f6eb,16000,1,2,48000,3.0,-31.59,0.3873,0.0,train
yMSkzVjc-Lg_seg_013.wav,data/interim/segmented_clean_relaxed/spasmodic_dysphonia/yMSkzVjc-Lg_seg_013.wav,yMSkzVjc-Lg,013,spasmodic_dysphonia,clean_pool,34225d90955a385d931e66de7ac22e2aa3ab9916d2bc29cc88f4468069ccf74f,16000,1,2,48000,3.0,-29.63,0.4466,0.0,train
yMSkzVjc-Lg_seg_014.wav,data/interim/segmented_clean_relaxed/spasmodic_dysphonia/yMSkzVjc-Lg_seg_014.wav,yMSkzVjc-Lg,014,spasmodic_dysphonia,clean_pool,15e6458a2ac19cbfcc3ff7ffecda764502e2d0dff41117214089594e63074cc1,16000,1,2,48000,3.0,-31.98,0.535,0.0,train
yMSkzVjc-Lg_seg_015.wav,data/interim/segmented_clean_relaxed/spasmodic_dysphonia/yMSkzVjc-Lg_seg_015.wav,yMSkzVjc-Lg,015,spasmodic_dysphonia,clean_pool,72aef9e35cbf60c3f08d5835c0a73c21e2423e0f49905a9be5e222d1f3c7e503,16000,1,2,48000,3.0,-33.59,0.6373,0.0,train
yMSkzVjc-Lg_seg_016.wav,data/interim/segmented_clean_relaxed/spasmodic_dysphonia/yMSkzVjc-Lg_seg_016.wav,yMSkzVjc-Lg,016,spasmodic_dysphonia,clean_pool,4f0a4ee25901d2a749bd992dbbb8f6d312b04eb2dd3487c5c2819beb90329421,16000,1,2,48000,3.0,-30.34,0.5343,0.0,train
yMSkzVjc-Lg_seg_017.wav,data/interim/segmented_clean_relaxed/spasmodic_dysphonia/yMSkzVjc-Lg_seg_017.wav,yMSkzVjc-Lg,017,spasmodic_dysphonia,clean_pool,db77aac5ad4f08acd4f678621d290b78a573c113eed6692a26e6669ecc8ebfb0,16000,1,2,48000,3.0,-31.9,0.4153,0.0,train
yMSkzVjc-Lg_seg_018.wav,data/interim/segmented_clean_relaxed/spasmodic_dysphonia/yMSkzVjc-Lg_seg_018.wav,yMSkzVjc-Lg,018,spasmodic_dysphonia,clean_pool,f68019c50b455311ed4fca25a511a655bb243552d14ea0d33aa4d9ed0f253829,16000,1,2,48000,3.0,-30.95,0.5085,0.0,train
yMSkzVjc-Lg_seg_019.wav,data/interim/segmented_clean_relaxed/spasmodic_dysphonia/yMSkzVjc-Lg_seg_019.wav,yMSkzVjc-Lg,019,spasmodic_dysphonia,clean_pool,4d19b00e766bde5ac6b5d6e32bfc4dab978fb00441070161c98e837b3a4db262,16000,1,2,48000,3.0,-32.3,0.5229,0.0,train
yMSkzVjc-Lg_seg_020.wav,data/interim/segmented_clean_relaxed/spasmodic_dysphonia/yMSkzVjc-Lg_seg_020.wav,yMSkzVjc-Lg,020,spasmodic_dysphonia,clean_pool,f34af9482bdee5cbb683661378e011cd057600565c96850c22566783e2dc7b6b,16000,1,2,48000,3.0,-30.81,0.3745,0.0,train
yMSkzVjc-Lg_seg_021.wav,data/interim/segmented_clean_relaxed/spasmodic_dysphonia/yMSkzVjc-Lg_seg_021.wav,yMSkzVjc-Lg,021,spasmodic_dysphonia,clean_pool,107441924f7ee683079dcf3ee85a94bc95f17665590d816882c243ff09265464,16000,1,2,48000,3.0,-33.7,0.5343,0.0,train
yMSkzVjc-Lg_seg_022.wav,data/interim/segmented_clean_relaxed/spasmodic_dysphonia/yMSkzVjc-Lg_seg_022.wav,yMSkzVjc-Lg,022,spasmodic_dysphonia,clean_pool,62107b362f94189449e0c53469e9a0e167098a6c9a77b5fcb9658c69648f38c3,16000,1,2,48000,3.0,-28.76,0.3719,0.0,train
yMSkzVjc-Lg_seg_023.wav,data/interim/segmented_clean_relaxed/spasmodic_dysphonia/yMSkzVjc-Lg_seg_023.wav,yMSkzVjc-Lg,023,spasmodic_dysphonia,clean_pool,906d7ee9369129aea73b4c4e6d88bb12092901a164b896ef228a16aac85ed2d0,16000,1,2,48000,3.0,-36.06,0.6671,0.0,train
yMSkzVjc-Lg_seg_024.wav,data/interim/segmented_clean_relaxed/spasmodic_dysphonia/yMSkzVjc-Lg_seg_024.wav,yMSkzVjc-Lg,024,spasmodic_dysphonia,clean_pool,d7a40549c7b2e6bd6f6c8506428b0b427a51317cfbf65bef42f73511d93a9ed2,16000,1,2,48000,3.0,-30.39,0.5187,0.0,train
yMSkzVjc-Lg_seg_025.wav,data/interim/segmented_clean_relaxed/spasmodic_dysphonia/yMSkzVjc-Lg_seg_025.wav,yMSkzVjc-Lg,025,spasmodic_dysphonia,clean_pool,8b34da149cec8c7eb21cbcbe18dd48014e39acf57ee1530caf9bf8b0307aaf9e,16000,1,2,48000,3.0,-29.92,0.4266,0.0,train
yMSkzVjc-Lg_seg_026.wav,data/interim/segmented_clean_relaxed/spasmodic_dysphonia/yMSkzVjc-Lg_seg_026.wav,yMSkzVjc-Lg,026,spasmodic_dysphonia,clean_pool,741aa0bec3067cbf5710b1baf5fd88570185c3cfe20f5e92953ddec183c4a6b7,16000,1,2,48000,3.0,-31.85,0.515,0.0,train
yMSkzVjc-Lg_seg_027.wav,data/interim/segmented_clean_relaxed/spasmodic_dysphonia/yMSkzVjc-Lg_seg_027.wav,yMSkzVjc-Lg,027,spasmodic_dysphonia,clean_pool,460f9fa8d0368dfe24dd7b2f76b03e120152907909baf71c21d4965d26eaac60,16000,1,2,48000,3.0,-34.17,0.5205,0.0,train
yMSkzVjc-Lg_seg_028.wav,data/interim/segmented_clean_relaxed/spasmodic_dysphonia/yMSkzVjc-Lg_seg_028.wav,yMSkzVjc-Lg,028,spasmodic_dysphonia,clean_pool,5b88e7c242b8046a4f50ce3cb6f7662b5d8394611fc71108708719985528b660,16000,1,2,48000,3.0,-33.36,0.59,0.0,train
yMSkzVjc-Lg_seg_029.wav,data/interim/segmented_clean_relaxed/spasmodic_dysphonia/yMSkzVjc-Lg_seg_029.wav,yMSkzVjc-Lg,029,spasmodic_dysphonia,clean_pool,233545a59157e0771e476e7509a628173ee0c074f515ea6df8b41f03c697e38d,16000,1,2,48000,3.0,-34.54,0.5386,0.0,train
yMSkzVjc-Lg_seg_030.wav,data/interim/segmented_clean_relaxed/spasmodic_dysphonia/yMSkzVjc-Lg_seg_030.wav,yMSkzVjc-Lg,030,spasmodic_dysphonia,clean_pool,65689743abfc0849f14a40cf58a6f9c93b86e5c924c89f6bb2fbe71f8453d1b7,16000,1,2,48000,3.0,-31.82,0.5624,0.0,train
yMSkzVjc-Lg_seg_031.wav,data/interim/segmented_clean_relaxed/spasmodic_dysphonia/yMSkzVjc-Lg_seg_031.wav,yMSkzVjc-Lg,031,spasmodic_dysphonia,clean_pool,095a15a4313286971399d67dd559c44d79f66b2017592702c76a448896dac1f5,16000,1,2,48000,3.0,-32.12,0.4353,0.0,train
yMSkzVjc-Lg_seg_032.wav,data/interim/segmented_clean_relaxed/spasmodic_dysphonia/yMSkzVjc-Lg_seg_032.wav,yMSkzVjc-Lg,032,spasmodic_dysphonia,clean_pool,fedacd198420511dfb3fcc95570ba66937403272b8a5b92c4b5e11ef7ddff6e2,16000,1,2,48000,3.0,-32.35,0.4201,0.0,train
yMSkzVjc-Lg_seg_033.wav,data/interim/segmented_clean_relaxed/spasmodic_dysphonia/yMSkzVjc-Lg_seg_033.wav,yMSkzVjc-Lg,033,spasmodic_dysphonia,clean_pool,83f3e81ffc48367eaf731b57e10d04415c1565413403ad98d674e37a8ff405b4,16000,1,2,48000,3.0,-30.11,0.3275,0.0,train
yMSkzVjc-Lg_seg_034.wav,data/interim/segmented_clean_relaxed/spasmodic_dysphonia/yMSkzVjc-Lg_seg_034.wav,yMSkzVjc-Lg,034,spasmodic_dysphonia,clean_pool,4e77cad0a34f31931e9cd38ee70b9b5338538f24186472a102ab1237b7e8c0b5,16000,1,2,48000,3.0,-30.99,0.5341,0.0,train
yMSkzVjc-Lg_seg_035.wav,data/interim/segmented_clean_relaxed/spasmodic_dysphonia/yMSkzVjc-Lg_seg_035.wav,yMSkzVjc-Lg,035,spasmodic_dysphonia,clean_pool,7be0c641cc24cbddab43a1620c0f0f23fc955a6f21c464ebc3562453664a7877,16000,1,2,48000,3.0,-30.36,0.4437,0.0,train
yMSkzVjc-Lg_seg_036.wav,data/interim/segmented_clean_relaxed/spasmodic_dysphonia/yMSkzVjc-Lg_seg_036.wav,yMSkzVjc-Lg,036,spasmodic_dysphonia,clean_pool,cf540388c5e8bc5a01b9ed4d5a7524d62f88a21835df931021382b5ab4348644,16000,1,2,48000,3.0,-31.35,0.6114,0.0,train
yMSkzVjc-Lg_seg_037.wav,data/interim/segmented_clean_relaxed/spasmodic_dysphonia/yMSkzVjc-Lg_seg_037.wav,yMSkzVjc-Lg,037,spasmodic_dysphonia,clean_pool,ae0746877859b369c7c2f1baee07961328a3e2b708bc31299139075c4b6e3b5e,16000,1,2,48000,3.0,-29.37,0.299,0.0,train
yMSkzVjc-Lg_seg_038.wav,data/interim/segmented_clean_relaxed/spasmodic_dysphonia/yMSkzVjc-Lg_seg_038.wav,yMSkzVjc-Lg,038,spasmodic_dysphonia,clean_pool,75f32c4c8a4f45af5fc02bcab26d893094453fb7b3cb983117d88c682b199c42,16000,1,2,48000,3.0,-29.78,0.3774,0.0,train
yMSkzVjc-Lg_seg_039.wav,data/interim/segmented_clean_relaxed/spasmodic_dysphonia/yMSkzVjc-Lg_seg_039.wav,yMSkzVjc-Lg,039,spasmodic_dysphonia,clean_pool,0b841671c511635693fbdf62071111907410a5de118f085941dab0586268930d,16000,1,2,48000,3.0,-28.49,0.3984,0.0,train
yMSkzVjc-Lg_seg_040.wav,data/interim/segmented_clean_relaxed/spasmodic_dysphonia/yMSkzVjc-Lg_seg_040.wav,yMSkzVjc-Lg,040,spasmodic_dysphonia,clean_pool,4107a5f2af976e92c0879df05a761bbf05ad455a47cc56b47d846b02a18693d5,16000,1,2,48000,3.0,-29.68,0.3727,0.0,train
yMSkzVjc-Lg_seg_041.wav,data/interim/segmented_clean_relaxed/spasmodic_dysphonia/yMSkzVjc-Lg_seg_041.wav,yMSkzVjc-Lg,041,spasmodic_dysphonia,clean_pool,30789f7bbe40dd2f39c4495c016d6799023b29d2fa7a444c5b411847791c3a1f,16000,1,2,48000,3.0,-30.45,0.4463,0.0,train
yMSkzVjc-Lg_seg_042.wav,data/interim/segmented_clean_relaxed/spasmodic_dysphonia/yMSkzVjc-Lg_seg_042.wav,yMSkzVjc-Lg,042,spasmodic_dysphonia,clean_pool,6f6b48bab77b656c17041d4bf446fec2ff6662027c5f81b00fdeb3bfec1b001c,16000,1,2,48000,3.0,-28.52,0.2984,0.0,train
yMSkzVjc-Lg_seg_043.wav,data/interim/segmented_clean_relaxed/spasmodic_dysphonia/yMSkzVjc-Lg_seg_043.wav,yMSkzVjc-Lg,043,spasmodic_dysphonia,clean_pool,97ec18e82d6f99e5f242c833949188155dc4eb32ef985e80cc97ecd468ff9c25,16000,1,2,48000,3.0,-31.6,0.568,0.0,train
yMSkzVjc-Lg_seg_044.wav,data/interim/segmented_clean_relaxed/spasmodic_dysphonia/yMSkzVjc-Lg_seg_044.wav,yMSkzVjc-Lg,044,spasmodic_dysphonia,clean_pool,c65d6f0ad66cdbbb7ffe76bba9ae8314a17d6dd4f78c61df4bec78ff7f6457d2,16000,1,2,48000,3.0,-32.28,0.5841,0.0,train
yMSkzVjc-Lg_seg_045.wav,data/interim/segmented_clean_relaxed/spasmodic_dysphonia/yMSkzVjc-Lg_seg_045.wav,yMSkzVjc-Lg,045,spasmodic_dysphonia,clean_pool,f3b177096ed3f1a2f6549711f1ea49d36878a2af0f767e859c4bd7402e3b1760,16000,1,2,48000,3.0,-28.97,0.5488,0.0,train
yMSkzVjc-Lg_seg_046.wav,data/interim/segmented_clean_relaxed/spasmodic_dysphonia/yMSkzVjc-Lg_seg_046.wav,yMSkzVjc-Lg,046,spasmodic_dysphonia,clean_pool,29333a8a0eec3d7352bad8552fc57951e0684d7008c944429e311f5aa4859715,16000,1,2,48000,3.0,-29.32,0.4451,0.0,train
yMSkzVjc-Lg_seg_047.wav,data/interim/segmented_clean_relaxed/spasmodic_dysphonia/yMSkzVjc-Lg_seg_047.wav,yMSkzVjc-Lg,047,spasmodic_dysphonia,clean_pool,60a0a6d091e4443dd3778e73128b2addfab91e6e53eba5033e51f3d7a08203d6,16000,1,2,48000,3.0,-35.33,0.7319,0.0,train
yMSkzVjc-Lg_seg_048.wav,data/interim/segmented_clean_relaxed/spasmodic_dysphonia/yMSkzVjc-Lg_seg_048.wav,yMSkzVjc-Lg,048,spasmodic_dysphonia,clean_pool,cc9c4620ee4154f7ffc9fc19f832c82f8b1c32544593b875ea9a00d581150edc,16000,1,2,48000,3.0,-35.55,0.6944,0.0,train
yMSkzVjc-Lg_seg_049.wav,data/interim/segmented_clean_relaxed/spasmodic_dysphonia/yMSkzVjc-Lg_seg_049.wav,yMSkzVjc-Lg,049,spasmodic_dysphonia,clean_pool,0ce2c2b279af10e983c047f39192cb306a34bc81df197f82075cf282dd474eb3,16000,1,2,48000,3.0,-33.28,0.666,0.0,train
yMSkzVjc-Lg_seg_050.wav,data/interim/segmented_clean_relaxed/spasmodic_dysphonia/yMSkzVjc-Lg_seg_050.wav,yMSkzVjc-Lg,050,spasmodic_dysphonia,clean_pool,8deff92abfc1d818849a688347877cd42971debd4c8891094f60224f7f146631,16000,1,2,32976,2.061,-31.6,0.5619,0.0,train
ZyxthRDykx0_seg_000.wav,data/interim/segmented_clean_relaxed/spasmodic_dysphonia/ZyxthRDykx0_seg_000.wav,ZyxthRDykx0,000,spasmodic_dysphonia,clean_pool,068160a5aab5dd2646e67845aa572adec02bf05d161a54a1f755e417702dfeea,16000,1,2,48000,3.0,-21.42,0.2585,0.0,test
ZyxthRDykx0_seg_001.wav,data/interim/segmented_clean_relaxed/spasmodic_dysphonia/ZyxthRDykx0_seg_001.wav,ZyxthRDykx0,001,spasmodic_dysphonia,clean_pool,4011d35b84b04b863ed70f261a4e365a2eee38154dd619b7451cbb01efb2ca09,16000,1,2,48000,3.0,-21.37,0.2729,0.0,test
ZyxthRDykx0_seg_002.wav,data/interim/segmented_clean_relaxed/spasmodic_dysphonia/ZyxthRDykx0_seg_002.wav,ZyxthRDykx0,002,spasmodic_dysphonia,clean_pool,493001764781a7172f57cb668b666b9d0c259df992359971f3d9625a45f368ab,16000,1,2,48000,3.0,-21.16,0.3161,0.0,test
ZyxthRDykx0_seg_003.wav,data/interim/segmented_clean_relaxed/spasmodic_dysphonia/ZyxthRDykx0_seg_003.wav,ZyxthRDykx0,003,spasmodic_dysphonia,clean_pool,2636722af9edcb1c4d293e3eb620db0258d17c3f824a07a567815075061e736e,16000,1,2,48000,3.0,-23.34,0.2548,0.0,test
ZyxthRDykx0_seg_004.wav,data/interim/segmented_clean_relaxed/spasmodic_dysphonia/ZyxthRDykx0_seg_004.wav,ZyxthRDykx0,004,spasmodic_dysphonia,clean_pool,85d6fdc76e1565084c1975fa9e851b50f547271bf5f1391420e87d03745dd68a,16000,1,2,48000,3.0,-20.22,0.1342,0.0,test
ZyxthRDykx0_seg_005.wav,data/interim/segmented_clean_relaxed/spasmodic_dysphonia/ZyxthRDykx0_seg_005.wav,ZyxthRDykx0,005,spasmodic_dysphonia,clean_pool,43716eb43934c6313143221ad56e816ad4977af86fade1f25f369366eab80590,16000,1,2,48000,3.0,-21.13,0.1995,0.0,test
ZyxthRDykx0_seg_006.wav,data/interim/segmented_clean_relaxed/spasmodic_dysphonia/ZyxthRDykx0_seg_006.wav,ZyxthRDykx0,006,spasmodic_dysphonia,clean_pool,758975a53bc6c1611a2f9f5493ac76bc2d9daae16077c75c7f38c4100c366ece,16000,1,2,48000,3.0,-23.18,0.3545,0.0,test
ZyxthRDykx0_seg_007.wav,data/interim/segmented_clean_relaxed/spasmodic_dysphonia/ZyxthRDykx0_seg_007.wav,ZyxthRDykx0,007,spasmodic_dysphonia,clean_pool,022485c1208cdd1b2a6f131ad7c84bed1cd1e884c46989108948aaf84b5a40d0,16000,1,2,48000,3.0,-19.0,0.1784,0.0,test
ZyxthRDykx0_seg_008.wav,data/interim/segmented_clean_relaxed/spasmodic_dysphonia/ZyxthRDykx0_seg_008.wav,ZyxthRDykx0,008,spasmodic_dysphonia,clean_pool,7e41a3daa8265d7fcf2be3a54636227a8d752c9e424b2fad5e13fa7a2c041add,16000,1,2,48000,3.0,-21.56,0.2976,0.0,test
ZyxthRDykx0_seg_009.wav,data/interim/segmented_clean_relaxed/spasmodic_dysphonia/ZyxthRDykx0_seg_009.wav,ZyxthRDykx0,009,spasmodic_dysphonia,clean_pool,1b758308bd578891e62cfd458c7ec9e0cafbfadbc7ff538847acac929306921d,16000,1,2,48000,3.0,-22.89,0.3478,0.0,test
ZyxthRDykx0_seg_010.wav,data/interim/segmented_clean_relaxed/spasmodic_dysphonia/ZyxthRDykx0_seg_010.wav,ZyxthRDykx0,010,spasmodic_dysphonia,clean_pool,abfe5619b03819a54801b9c11596aa86d8fb9490369cc21c1b9d66664122a69a,16000,1,2,48000,3.0,-22.02,0.3738,0.0,test
ZyxthRDykx0_seg_011.wav,data/interim/segmented_clean_relaxed/spasmodic_dysphonia/ZyxthRDykx0_seg_011.wav,ZyxthRDykx0,011,spasmodic_dysphonia,clean_pool,289e709acccc54caaa1a06f5dfedd48eca7d3b477505fc92499871d720932680,16000,1,2,48000,3.0,-20.06,0.1814,0.0,test
ZyxthRDykx0_seg_012.wav,data/interim/segmented_clean_relaxed/spasmodic_dysphonia/ZyxthRDykx0_seg_012.wav,ZyxthRDykx0,012,spasmodic_dysphonia,clean_pool,8aabf2a3e54fabed22abcea2f45a60da746a34a51e7338009eefcc8c45e72e35,16000,1,2,48000,3.0,-20.27,0.311,0.0,test
ZyxthRDykx0_seg_013.wav,data/interim/segmented_clean_relaxed/spasmodic_dysphonia/ZyxthRDykx0_seg_013.wav,ZyxthRDykx0,013,spasmodic_dysphonia,clean_pool,3031961dc4124cc4dc9c250323a175c6632f23d7c79dfd51f5ff68fa240b23c2,16000,1,2,48000,3.0,-24.49,0.4672,0.0,test
ZyxthRDykx0_seg_014.wav,data/interim/segmented_clean_relaxed/spasmodic_dysphonia/ZyxthRDykx0_seg_014.wav,ZyxthRDykx0,014,spasmodic_dysphonia,clean_pool,3681fcef3cb9e06046fb12564ef7b705e730815840e68cacfbdf5bc53456f128,16000,1,2,48000,3.0,-19.39,0.3008,0.0,test
ZyxthRDykx0_seg_015.wav,data/interim/segmented_clean_relaxed/spasmodic_dysphonia/ZyxthRDykx0_seg_015.wav,ZyxthRDykx0,015,spasmodic_dysphonia,clean_pool,04f02b506f2c5c1d8ae894438e627a1ba3826c0d834f1b9a03c946f06e503303,16000,1,2,48000,3.0,-21.68,0.3518,0.0,test
ZyxthRDykx0_seg_016.wav,data/interim/segmented_clean_relaxed/spasmodic_dysphonia/ZyxthRDykx0_seg_016.wav,ZyxthRDykx0,016,spasmodic_dysphonia,clean_pool,6adca56808c81d182cdb17042d78d0779032b1e8c69e6014b4351d2245490ba9,16000,1,2,48000,3.0,-18.56,0.1986,0.0,test
ZyxthRDykx0_seg_017.wav,data/interim/segmented_clean_relaxed/spasmodic_dysphonia/ZyxthRDykx0_seg_017.wav,ZyxthRDykx0,017,spasmodic_dysphonia,clean_pool,9efd5f89e4fd7281e7b810e2be0026201714b2d106dfde3ca0604e62c3e70f55,16000,1,2,48000,3.0,-21.21,0.2015,0.0,test
ZyxthRDykx0_seg_018.wav,data/interim/segmented_clean_relaxed/spasmodic_dysphonia/ZyxthRDykx0_seg_018.wav,ZyxthRDykx0,018,spasmodic_dysphonia,clean_pool,6f70e8c56ab202c465f71cebf76dd986789db09cdc179de3114a4b429eb4c1e1,16000,1,2,48000,3.0,-21.55,0.4323,0.0,test
ZyxthRDykx0_seg_019.wav,data/interim/segmented_clean_relaxed/spasmodic_dysphonia/ZyxthRDykx0_seg_019.wav,ZyxthRDykx0,019,spasmodic_dysphonia,clean_pool,c18e4295072674d146e5379be557bdb95f0572dca07919c1506b0a49999c796e,16000,1,2,48000,3.0,-19.61,0.3636,0.0,test
ZyxthRDykx0_seg_020.wav,data/interim/segmented_clean_relaxed/spasmodic_dysphonia/ZyxthRDykx0_seg_020.wav,ZyxthRDykx0,020,spasmodic_dysphonia,clean_pool,2fef3f8b0fceeccc1f85b9ea02edb40f13b6b35117dad93be3e8a4f00288f335,16000,1,2,48000,3.0,-21.38,0.3753,0.0,test
ZyxthRDykx0_seg_021.wav,data/interim/segmented_clean_relaxed/spasmodic_dysphonia/ZyxthRDykx0_seg_021.wav,ZyxthRDykx0,021,spasmodic_dysphonia,clean_pool,db3b4e0d55f08cb63672e51bf27ce6a422d6da62c39054ba95dfb7509bbcb52a,16000,1,2,48000,3.0,-19.01,0.3162,0.0,test
ZyxthRDykx0_seg_022.wav,data/interim/segmented_clean_relaxed/spasmodic_dysphonia/ZyxthRDykx0_seg_022.wav,ZyxthRDykx0,022,spasmodic_dysphonia,clean_pool,47d013d1bb0ec832707a5592d8565882969526f1238165420e67c9c121b045b9,16000,1,2,48000,3.0,-21.16,0.3469,0.0,test
ZyxthRDykx0_seg_023.wav,data/interim/segmented_clean_relaxed/spasmodic_dysphonia/ZyxthRDykx0_seg_023.wav,ZyxthRDykx0,023,spasmodic_dysphonia,clean_pool,537f63e59ee49386dcd3db143b8132539ef8417c0500d5065627e156039fc05c,16000,1,2,48000,3.0,-18.25,0.2976,0.0,test
ZyxthRDykx0_seg_024.wav,data/interim/segmented_clean_relaxed/spasmodic_dysphonia/ZyxthRDykx0_seg_024.wav,ZyxthRDykx0,024,spasmodic_dysphonia,clean_pool,d274d8caa0c5c0bf4e7f280c5e2f3b90dc67194f4ab5ae8f03c9718dcc0cce18,16000,1,2,48000,3.0,-20.6,0.3104,0.0,test
ZyxthRDykx0_seg_025.wav,data/interim/segmented_clean_relaxed/spasmodic_dysphonia/ZyxthRDykx0_seg_025.wav,ZyxthRDykx0,025,spasmodic_dysphonia,clean_pool,7b640e1330522dac641f5b805d35cc5b14730d972a232eee2bde894cafe8d370,16000,1,2,48000,3.0,-22.17,0.4448,2.1e-05,test
ZyxthRDykx0_seg_026.wav,data/interim/segmented_clean_relaxed/spasmodic_dysphonia/ZyxthRDykx0_seg_026.wav,ZyxthRDykx0,026,spasmodic_dysphonia,clean_pool,b68b3937736c2123d2f89650f8f9c4019f24615d74e355424ead01e6d7916349,16000,1,2,48000,3.0,-19.27,0.2286,0.0,test
ZyxthRDykx0_seg_027.wav,data/interim/segmented_clean_relaxed/spasmodic_dysphonia/ZyxthRDykx0_seg_027.wav,ZyxthRDykx0,027,spasmodic_dysphonia,clean_pool,9c2d6377029e391cd77a0888d4a9023447974fc62ed688d5cebb27855fa5085d,16000,1,2,48000,3.0,-19.54,0.1983,0.0,test
ZyxthRDykx0_seg_028.wav,data/interim/segmented_clean_relaxed/spasmodic_dysphonia/ZyxthRDykx0_seg_028.wav,ZyxthRDykx0,028,spasmodic_dysphonia,clean_pool,dff70208006734d5dc344f731af6d85b0768a5c2cc173542a0781445bd0c4215,16000,1,2,48000,3.0,-18.06,0.293,0.0,test
ZyxthRDykx0_seg_029.wav,data/interim/segmented_clean_relaxed/spasmodic_dysphonia/ZyxthRDykx0_seg_029.wav,ZyxthRDykx0,029,spasmodic_dysphonia,clean_pool,c9e98eac7df2d193d8ac4e8443a8d436ce4206bc3c9869f1b128813579b99abb,16000,1,2,48000,3.0,-16.51,0.0721,0.0,test
ZyxthRDykx0_seg_030.wav,data/interim/segmented_clean_relaxed/spasmodic_dysphonia/ZyxthRDykx0_seg_030.wav,ZyxthRDykx0,030,spasmodic_dysphonia,clean_pool,34deced08507929951fe14efccfe89628359608b67ad8286c0f9ed0ed547cd39,16000,1,2,48000,3.0,-22.83,0.3579,0.0,test
ZyxthRDykx0_seg_031.wav,data/interim/segmented_clean_relaxed/spasmodic_dysphonia/ZyxthRDykx0_seg_031.wav,ZyxthRDykx0,031,spasmodic_dysphonia,clean_pool,9b3ba6d14b5ce7153347b08b14bdc34512ab2fab9f19e1652885de14e3eb3898,16000,1,2,48000,3.0,-21.38,0.3681,0.0,test
ZyxthRDykx0_seg_032.wav,data/interim/segmented_clean_relaxed/spasmodic_dysphonia/ZyxthRDykx0_seg_032.wav,ZyxthRDykx0,032,spasmodic_dysphonia,clean_pool,2cd22a3cebe79eff7b105d25af8921052d712f05026d988c8df7c85f4b8348d9,16000,1,2,48000,3.0,-17.66,0.2179,0.0,test
ZyxthRDykx0_seg_033.wav,data/interim/segmented_clean_relaxed/spasmodic_dysphonia/ZyxthRDykx0_seg_033.wav,ZyxthRDykx0,033,spasmodic_dysphonia,clean_pool,b7bf7529afe1488c25e37fe55636f95b0cd16f108b16f83952cb4f5fd618362d,16000,1,2,48000,3.0,-21.47,0.4083,0.0,test
ZyxthRDykx0_seg_034.wav,data/interim/segmented_clean_relaxed/spasmodic_dysphonia/ZyxthRDykx0_seg_034.wav,ZyxthRDykx0,034,spasmodic_dysphonia,clean_pool,c7df08225b1f16388b6259c18c8b155ee2e17cf755d6487433576b2d51acfa8f,16000,1,2,48000,3.0,-18.8,0.2225,0.0,test
ZyxthRDykx0_seg_035.wav,data/interim/segmented_clean_relaxed/spasmodic_dysphonia/ZyxthRDykx0_seg_035.wav,ZyxthRDykx0,035,spasmodic_dysphonia,clean_pool,c9bf155746b60db533a3456d4d3c8473dcfd993fd0232cb33ada742477c28a0f,16000,1,2,48000,3.0,-19.09,0.2296,0.0,test
ZyxthRDykx0_seg_036.wav,data/interim/segmented_clean_relaxed/spasmodic_dysphonia/ZyxthRDykx0_seg_036.wav,ZyxthRDykx0,036,spasmodic_dysphonia,clean_pool,1b7b677f22a0bf534843745d4a263151f6d925cdeac7e3a5ba88dad9c1cf0769,16000,1,2,44128,2.758,-21.78,0.3713,0.0,test
