path,filename,video_id,ok_read,sample_rate,channels,duration_s,rms_dbfs,peak_dbfs,silence_ratio,clipping_ratio,keep_auto,reason
data\interim\segmented\stuttering\0wEoXWnHJjs_seg_000.wav,0wEoXWnHJjs_seg_000.wav,0wEoXWnHJjs,True,16000,1,3.0,-25.9398,-9.6301,0.3569,0.0,True,ok
data\interim\segmented\stuttering\0wEoXWnHJjs_seg_001.wav,0wEoXWnHJjs_seg_001.wav,0wEoXWnHJjs,True,16000,1,3.0,-27.6608,-9.7661,0.4615,0.0,True,ok
data\interim\segmented\stuttering\0wEoXWnHJjs_seg_002.wav,0wEoXWnHJjs_seg_002.wav,0wEoXWnHJjs,True,16000,1,3.0,-38.0138,-11.0749,0.812,0.0,False,mostly_silence:0.81
data\interim\segmented\stuttering\0wEoXWnHJjs_seg_003.wav,0wEoXWnHJjs_seg_003.wav,0wEoXWnHJjs,True,16000,1,3.0,-26.3615,-8.5797,0.4345,0.0,True,ok
data\interim\segmented\stuttering\0wEoXWnHJjs_seg_004.wav,0wEoXWnHJjs_seg_004.wav,0wEoXWnHJjs,True,16000,1,3.0,-27.3564,-9.95,0.4631,0.0,True,ok
data\interim\segmented\stuttering\0wEoXWnHJjs_seg_005.wav,0wEoXWnHJjs_seg_005.wav,0wEoXWnHJjs,True,16000,1,3.0,-27.3241,-8.3645,0.4656,0.0,True,ok
data\interim\segmented\stuttering\0wEoXWnHJjs_seg_006.wav,0wEoXWnHJjs_seg_006.wav,0wEoXWnHJjs,True,16000,1,3.0,-25.5237,-8.6332,0.3144,0.0,True,ok
data\interim\segmented\stuttering\0wEoXWnHJjs_seg_007.wav,0wEoXWnHJjs_seg_007.wav,0wEoXWnHJjs,True,16000,1,3.0,-26.8174,-10.1848,0.3471,0.0,True,ok
data\interim\segmented\stuttering\0wEoXWnHJjs_seg_008.wav,0wEoXWnHJjs_seg_008.wav,0wEoXWnHJjs,True,16000,1,3.0,-27.2494,-7.3691,0.5933,0.0,True,ok
data\interim\segmented\stuttering\0wEoXWnHJjs_seg_009.wav,0wEoXWnHJjs_seg_009.wav,0wEoXWnHJjs,True,16000,1,3.0,-25.0082,-9.2313,0.402,0.0,True,ok
data\interim\segmented\stuttering\0wEoXWnHJjs_seg_010.wav,0wEoXWnHJjs_seg_010.wav,0wEoXWnHJjs,True,16000,1,3.0,-27.7171,-9.6679,0.5517,0.0,True,ok
data\interim\segmented\stuttering\0wEoXWnHJjs_seg_011.wav,0wEoXWnHJjs_seg_011.wav,0wEoXWnHJjs,True,16000,1,3.0,-25.9054,-7.7146,0.3386,0.0,True,ok
data\interim\segmented\stuttering\0wEoXWnHJjs_seg_012.wav,0wEoXWnHJjs_seg_012.wav,0wEoXWnHJjs,True,16000,1,3.0,-27.6774,-9.1877,0.4253,0.0,True,ok
data\interim\segmented\stuttering\0wEoXWnHJjs_seg_013.wav,0wEoXWnHJjs_seg_013.wav,0wEoXWnHJjs,True,16000,1,3.0,-28.3363,-8.2199,0.643,0.0,True,ok
data\interim\segmented\stuttering\0wEoXWnHJjs_seg_014.wav,0wEoXWnHJjs_seg_014.wav,0wEoXWnHJjs,True,16000,1,3.0,-27.2007,-7.9371,0.5572,0.0,True,ok
data\interim\segmented\stuttering\0wEoXWnHJjs_seg_015.wav,0wEoXWnHJjs_seg_015.wav,0wEoXWnHJjs,True,16000,1,3.0,-30.0283,-9.7473,0.7916,0.0,True,ok
data\interim\segmented\stuttering\0wEoXWnHJjs_seg_016.wav,0wEoXWnHJjs_seg_016.wav,0wEoXWnHJjs,True,16000,1,3.0,-27.0809,-7.1417,0.4609,0.0,True,ok
data\interim\segmented\stuttering\0wEoXWnHJjs_seg_017.wav,0wEoXWnHJjs_seg_017.wav,0wEoXWnHJjs,True,16000,1,3.0,-26.3942,-8.677,0.3248,0.0,True,ok
data\interim\segmented\stuttering\0wEoXWnHJjs_seg_018.wav,0wEoXWnHJjs_seg_018.wav,0wEoXWnHJjs,True,16000,1,3.0,-25.7025,-8.8054,0.3617,0.0,True,ok
data\interim\segmented\stuttering\0wEoXWnHJjs_seg_019.wav,0wEoXWnHJjs_seg_019.wav,0wEoXWnHJjs,True,16000,1,3.0,-27.1001,-10.0996,0.5221,0.0,True,ok
data\interim\segmented\stuttering\0wEoXWnHJjs_seg_020.wav,0wEoXWnHJjs_seg_020.wav,0wEoXWnHJjs,True,16000,1,3.0,-28.6067,-9.1011,0.7742,0.0,True,ok
data\interim\segmented\stuttering\0wEoXWnHJjs_seg_021.wav,0wEoXWnHJjs_seg_021.wav,0wEoXWnHJjs,True,16000,1,3.0,-25.2459,-9.2937,0.4004,0.0,True,ok
data\interim\segmented\stuttering\0wEoXWnHJjs_seg_022.wav,0wEoXWnHJjs_seg_022.wav,0wEoXWnHJjs,True,16000,1,3.0,-27.2458,-9.3853,0.3319,0.0,True,ok
data\interim\segmented\stuttering\0wEoXWnHJjs_seg_023.wav,0wEoXWnHJjs_seg_023.wav,0wEoXWnHJjs,True,16000,1,3.0,-28.2179,-10.4916,0.5474,0.0,True,ok
data\interim\segmented\stuttering\0wEoXWnHJjs_seg_024.wav,0wEoXWnHJjs_seg_024.wav,0wEoXWnHJjs,True,16000,1,3.0,-28.1767,-9.9533,0.5082,0.0,True,ok
data\interim\segmented\stuttering\0wEoXWnHJjs_seg_025.wav,0wEoXWnHJjs_seg_025.wav,0wEoXWnHJjs,True,16000,1,3.0,-25.3943,-8.6196,0.4544,0.0,True,ok
data\interim\segmented\stuttering\0wEoXWnHJjs_seg_026.wav,0wEoXWnHJjs_seg_026.wav,0wEoXWnHJjs,True,16000,1,3.0,-25.9416,-7.6484,0.3952,0.0,True,ok
data\interim\segmented\stuttering\0wEoXWnHJjs_seg_027.wav,0wEoXWnHJjs_seg_027.wav,0wEoXWnHJjs,True,16000,1,3.0,-26.5574,-8.4862,0.3644,0.0,True,ok
data\interim\segmented\stuttering\0wEoXWnHJjs_seg_028.wav,0wEoXWnHJjs_seg_028.wav,0wEoXWnHJjs,True,16000,1,3.0,-28.3236,-9.1542,0.388,0.0,True,ok
data\interim\segmented\stuttering\0wEoXWnHJjs_seg_029.wav,0wEoXWnHJjs_seg_029.wav,0wEoXWnHJjs,True,16000,1,3.0,-28.4286,-9.2321,0.437,0.0,True,ok
data\interim\segmented\stuttering\0wEoXWnHJjs_seg_030.wav,0wEoXWnHJjs_seg_030.wav,0wEoXWnHJjs,True,16000,1,3.0,-23.5598,-6.9032,0.3113,0.0,True,ok
data\interim\segmented\stuttering\0wEoXWnHJjs_seg_031.wav,0wEoXWnHJjs_seg_031.wav,0wEoXWnHJjs,True,16000,1,3.0,-25.8047,-9.7718,0.4055,0.0,True,ok
data\interim\segmented\stuttering\0wEoXWnHJjs_seg_032.wav,0wEoXWnHJjs_seg_032.wav,0wEoXWnHJjs,True,16000,1,3.0,-29.0243,-10.4447,0.6338,0.0,True,ok
data\interim\segmented\stuttering\0wEoXWnHJjs_seg_033.wav,0wEoXWnHJjs_seg_033.wav,0wEoXWnHJjs,True,16000,1,3.0,-27.24,-11.1272,0.4143,0.0,True,ok
data\interim\segmented\stuttering\0wEoXWnHJjs_seg_034.wav,0wEoXWnHJjs_seg_034.wav,0wEoXWnHJjs,True,16000,1,3.0,-24.8819,-7.044,0.5039,0.0,True,ok
data\interim\segmented\stuttering\0wEoXWnHJjs_seg_035.wav,0wEoXWnHJjs_seg_035.wav,0wEoXWnHJjs,True,16000,1,3.0,-26.8374,-9.5525,0.4149,0.0,True,ok
data\interim\segmented\stuttering\0wEoXWnHJjs_seg_036.wav,0wEoXWnHJjs_seg_036.wav,0wEoXWnHJjs,True,16000,1,3.0,-27.2519,-8.7573,0.4758,0.0,True,ok
data\interim\segmented\stuttering\0wEoXWnHJjs_seg_037.wav,0wEoXWnHJjs_seg_037.wav,0wEoXWnHJjs,True,16000,1,3.0,-24.9616,-8.1519,0.3324,0.0,True,ok
data\interim\segmented\stuttering\0wEoXWnHJjs_seg_038.wav,0wEoXWnHJjs_seg_038.wav,0wEoXWnHJjs,True,16000,1,3.0,-24.7937,-9.0898,0.1542,0.0,True,ok
data\interim\segmented\stuttering\0wEoXWnHJjs_seg_039.wav,0wEoXWnHJjs_seg_039.wav,0wEoXWnHJjs,True,16000,1,3.0,-28.4967,-9.5255,0.6366,0.0,True,ok
data\interim\segmented\stuttering\0wEoXWnHJjs_seg_040.wav,0wEoXWnHJjs_seg_040.wav,0wEoXWnHJjs,True,16000,1,3.0,-28.0594,-9.6261,0.6796,0.0,True,ok
data\interim\segmented\stuttering\0wEoXWnHJjs_seg_041.wav,0wEoXWnHJjs_seg_041.wav,0wEoXWnHJjs,True,16000,1,3.0,-27.1892,-9.2674,0.6213,0.0,True,ok
data\interim\segmented\stuttering\0wEoXWnHJjs_seg_042.wav,0wEoXWnHJjs_seg_042.wav,0wEoXWnHJjs,True,16000,1,3.0,-25.2255,-9.8769,0.2057,0.0,True,ok
data\interim\segmented\stuttering\0wEoXWnHJjs_seg_043.wav,0wEoXWnHJjs_seg_043.wav,0wEoXWnHJjs,True,16000,1,3.0,-29.6358,-11.2348,0.5957,0.0,True,ok
data\interim\segmented\stuttering\0wEoXWnHJjs_seg_044.wav,0wEoXWnHJjs_seg_044.wav,0wEoXWnHJjs,True,16000,1,3.0,-27.937,-10.3919,0.3942,0.0,True,ok
data\interim\segmented\stuttering\0wEoXWnHJjs_seg_045.wav,0wEoXWnHJjs_seg_045.wav,0wEoXWnHJjs,True,16000,1,3.0,-26.5952,-10.9067,0.4077,0.0,True,ok
data\interim\segmented\stuttering\0wEoXWnHJjs_seg_046.wav,0wEoXWnHJjs_seg_046.wav,0wEoXWnHJjs,True,16000,1,3.0,-27.7204,-11.2842,0.4996,0.0,True,ok
data\interim\segmented\stuttering\0wEoXWnHJjs_seg_047.wav,0wEoXWnHJjs_seg_047.wav,0wEoXWnHJjs,True,16000,1,3.0,-29.3295,-9.8415,0.5259,0.0,True,ok
data\interim\segmented\stuttering\0wEoXWnHJjs_seg_048.wav,0wEoXWnHJjs_seg_048.wav,0wEoXWnHJjs,True,16000,1,3.0,-30.2125,-11.9442,0.4309,0.0,True,ok
data\interim\segmented\stuttering\0wEoXWnHJjs_seg_049.wav,0wEoXWnHJjs_seg_049.wav,0wEoXWnHJjs,True,16000,1,3.0,-26.4713,-7.9735,0.214,0.0,True,ok
data\interim\segmented\stuttering\0wEoXWnHJjs_seg_050.wav,0wEoXWnHJjs_seg_050.wav,0wEoXWnHJjs,True,16000,1,3.0,-30.8001,-11.5426,0.5005,0.0,True,ok
data\interim\segmented\stuttering\0wEoXWnHJjs_seg_051.wav,0wEoXWnHJjs_seg_051.wav,0wEoXWnHJjs,True,16000,1,3.0,-29.2539,-10.8965,0.5323,0.0,True,ok
data\interim\segmented\stuttering\0wEoXWnHJjs_seg_052.wav,0wEoXWnHJjs_seg_052.wav,0wEoXWnHJjs,True,16000,1,3.0,-24.156,-6.815,0.3636,0.0,True,ok
data\interim\segmented\stuttering\0wEoXWnHJjs_seg_053.wav,0wEoXWnHJjs_seg_053.wav,0wEoXWnHJjs,True,16000,1,3.0,-25.5869,-7.8653,0.3415,0.0,True,ok
data\interim\segmented\stuttering\0wEoXWnHJjs_seg_054.wav,0wEoXWnHJjs_seg_054.wav,0wEoXWnHJjs,True,16000,1,3.0,-24.7755,-9.4355,0.2967,0.0,True,ok
data\interim\segmented\stuttering\0wEoXWnHJjs_seg_055.wav,0wEoXWnHJjs_seg_055.wav,0wEoXWnHJjs,True,16000,1,3.0,-27.0589,-11.0635,0.4692,0.0,True,ok
data\interim\segmented\stuttering\0wEoXWnHJjs_seg_056.wav,0wEoXWnHJjs_seg_056.wav,0wEoXWnHJjs,True,16000,1,3.0,-29.6366,-7.743,0.6319,0.0,True,ok
data\interim\segmented\stuttering\0wEoXWnHJjs_seg_057.wav,0wEoXWnHJjs_seg_057.wav,0wEoXWnHJjs,True,16000,1,3.0,-28.8428,-9.1778,0.5955,0.0,True,ok
data\interim\segmented\stuttering\0wEoXWnHJjs_seg_058.wav,0wEoXWnHJjs_seg_058.wav,0wEoXWnHJjs,True,16000,1,3.0,-24.7647,-7.3487,0.381,0.0,True,ok
data\interim\segmented\stuttering\0wEoXWnHJjs_seg_059.wav,0wEoXWnHJjs_seg_059.wav,0wEoXWnHJjs,True,16000,1,3.0,-32.9435,-7.8196,0.6523,0.0,True,ok
data\interim\segmented\stuttering\0wEoXWnHJjs_seg_060.wav,0wEoXWnHJjs_seg_060.wav,0wEoXWnHJjs,True,16000,1,3.0,-27.8574,-9.7702,0.4629,0.0,True,ok
data\interim\segmented\stuttering\0wEoXWnHJjs_seg_061.wav,0wEoXWnHJjs_seg_061.wav,0wEoXWnHJjs,True,16000,1,3.0,-29.1118,-8.1114,0.6498,0.0,True,ok
data\interim\segmented\stuttering\0wEoXWnHJjs_seg_062.wav,0wEoXWnHJjs_seg_062.wav,0wEoXWnHJjs,True,16000,1,3.0,-24.5135,-10.8243,0.3247,0.0,True,ok
data\interim\segmented\stuttering\0wEoXWnHJjs_seg_063.wav,0wEoXWnHJjs_seg_063.wav,0wEoXWnHJjs,True,16000,1,3.0,-25.7896,-7.7371,0.367,0.0,True,ok
data\interim\segmented\stuttering\0wEoXWnHJjs_seg_064.wav,0wEoXWnHJjs_seg_064.wav,0wEoXWnHJjs,True,16000,1,3.0,-26.514,-8.1981,0.2873,0.0,True,ok
data\interim\segmented\stuttering\0wEoXWnHJjs_seg_065.wav,0wEoXWnHJjs_seg_065.wav,0wEoXWnHJjs,True,16000,1,3.0,-26.5898,-7.9464,0.5556,0.0,True,ok
data\interim\segmented\stuttering\0wEoXWnHJjs_seg_066.wav,0wEoXWnHJjs_seg_066.wav,0wEoXWnHJjs,True,16000,1,3.0,-25.5159,-8.6476,0.358,0.0,True,ok
data\interim\segmented\stuttering\0wEoXWnHJjs_seg_067.wav,0wEoXWnHJjs_seg_067.wav,0wEoXWnHJjs,True,16000,1,3.0,-25.4383,-8.8464,0.4108,0.0,True,ok
data\interim\segmented\stuttering\0wEoXWnHJjs_seg_068.wav,0wEoXWnHJjs_seg_068.wav,0wEoXWnHJjs,True,16000,1,3.0,-24.6737,-7.1986,0.3641,0.0,True,ok
data\interim\segmented\stuttering\0wEoXWnHJjs_seg_069.wav,0wEoXWnHJjs_seg_069.wav,0wEoXWnHJjs,True,16000,1,3.0,-27.2598,-6.5552,0.4636,0.0,True,ok
data\interim\segmented\stuttering\0wEoXWnHJjs_seg_070.wav,0wEoXWnHJjs_seg_070.wav,0wEoXWnHJjs,True,16000,1,3.0,-25.9846,-8.5711,0.4221,0.0,True,ok
data\interim\segmented\stuttering\0wEoXWnHJjs_seg_071.wav,0wEoXWnHJjs_seg_071.wav,0wEoXWnHJjs,True,16000,1,3.0,-24.7106,-6.8669,0.2645,0.0,True,ok
data\interim\segmented\stuttering\0wEoXWnHJjs_seg_072.wav,0wEoXWnHJjs_seg_072.wav,0wEoXWnHJjs,True,16000,1,3.0,-26.3026,-6.0764,0.3465,0.0,True,ok
data\interim\segmented\stuttering\0wEoXWnHJjs_seg_073.wav,0wEoXWnHJjs_seg_073.wav,0wEoXWnHJjs,True,16000,1,3.0,-24.6366,-8.9773,0.3591,0.0,True,ok
data\interim\segmented\stuttering\0wEoXWnHJjs_seg_074.wav,0wEoXWnHJjs_seg_074.wav,0wEoXWnHJjs,True,16000,1,3.0,-26.9799,-4.6321,0.4542,0.0,True,ok
data\interim\segmented\stuttering\0wEoXWnHJjs_seg_075.wav,0wEoXWnHJjs_seg_075.wav,0wEoXWnHJjs,True,16000,1,3.0,-25.8406,-9.2821,0.6292,0.0,True,ok
data\interim\segmented\stuttering\0wEoXWnHJjs_seg_076.wav,0wEoXWnHJjs_seg_076.wav,0wEoXWnHJjs,True,16000,1,3.0,-25.7557,-7.9695,0.449,0.0,True,ok
data\interim\segmented\stuttering\0wEoXWnHJjs_seg_077.wav,0wEoXWnHJjs_seg_077.wav,0wEoXWnHJjs,True,16000,1,3.0,-25.3096,-8.0824,0.5689,0.0,True,ok
data\interim\segmented\stuttering\0wEoXWnHJjs_seg_078.wav,0wEoXWnHJjs_seg_078.wav,0wEoXWnHJjs,True,16000,1,3.0,-24.889,-6.0898,0.5737,0.0,True,ok
data\interim\segmented\stuttering\0wEoXWnHJjs_seg_079.wav,0wEoXWnHJjs_seg_079.wav,0wEoXWnHJjs,True,16000,1,3.0,-32.098,-8.0683,0.7147,0.0,True,ok
data\interim\segmented\stuttering\0wEoXWnHJjs_seg_080.wav,0wEoXWnHJjs_seg_080.wav,0wEoXWnHJjs,True,16000,1,3.0,-25.0058,-6.8284,0.4347,0.0,True,ok
data\interim\segmented\stuttering\0wEoXWnHJjs_seg_081.wav,0wEoXWnHJjs_seg_081.wav,0wEoXWnHJjs,True,16000,1,3.0,-25.4665,-8.1872,0.4319,0.0,True,ok
data\interim\segmented\stuttering\0wEoXWnHJjs_seg_082.wav,0wEoXWnHJjs_seg_082.wav,0wEoXWnHJjs,True,16000,1,3.0,-25.5204,-7.4618,0.3006,0.0,True,ok
data\interim\segmented\stuttering\0wEoXWnHJjs_seg_083.wav,0wEoXWnHJjs_seg_083.wav,0wEoXWnHJjs,True,16000,1,3.0,-24.7437,-9.5175,0.2488,0.0,True,ok
data\interim\segmented\stuttering\0wEoXWnHJjs_seg_084.wav,0wEoXWnHJjs_seg_084.wav,0wEoXWnHJjs,True,16000,1,3.0,-23.3128,-6.0031,0.4344,0.0,True,ok
data\interim\segmented\stuttering\0wEoXWnHJjs_seg_085.wav,0wEoXWnHJjs_seg_085.wav,0wEoXWnHJjs,True,16000,1,3.0,-25.1092,-8.2405,0.249,0.0,True,ok
data\interim\segmented\stuttering\0wEoXWnHJjs_seg_086.wav,0wEoXWnHJjs_seg_086.wav,0wEoXWnHJjs,True,16000,1,3.0,-24.4349,-9.296,0.4256,0.0,True,ok
data\interim\segmented\stuttering\0wEoXWnHJjs_seg_087.wav,0wEoXWnHJjs_seg_087.wav,0wEoXWnHJjs,True,16000,1,3.0,-26.1101,-8.6146,0.4911,0.0,True,ok
data\interim\segmented\stuttering\0wEoXWnHJjs_seg_088.wav,0wEoXWnHJjs_seg_088.wav,0wEoXWnHJjs,True,16000,1,3.0,-27.6678,-9.5916,0.5715,0.0,True,ok
data\interim\segmented\stuttering\0wEoXWnHJjs_seg_089.wav,0wEoXWnHJjs_seg_089.wav,0wEoXWnHJjs,True,16000,1,3.0,-24.5235,-9.853,0.2921,0.0,True,ok
data\interim\segmented\stuttering\0wEoXWnHJjs_seg_090.wav,0wEoXWnHJjs_seg_090.wav,0wEoXWnHJjs,True,16000,1,3.0,-26.4426,-9.5788,0.401,0.0,True,ok
data\interim\segmented\stuttering\0wEoXWnHJjs_seg_091.wav,0wEoXWnHJjs_seg_091.wav,0wEoXWnHJjs,True,16000,1,3.0,-25.5678,-9.6566,0.2464,0.0,True,ok
data\interim\segmented\stuttering\0wEoXWnHJjs_seg_092.wav,0wEoXWnHJjs_seg_092.wav,0wEoXWnHJjs,True,16000,1,3.0,-25.4613,-9.7457,0.2577,0.0,True,ok
data\interim\segmented\stuttering\0wEoXWnHJjs_seg_093.wav,0wEoXWnHJjs_seg_093.wav,0wEoXWnHJjs,True,16000,1,3.0,-28.4024,-8.972,0.6083,0.0,True,ok
data\interim\segmented\stuttering\0wEoXWnHJjs_seg_094.wav,0wEoXWnHJjs_seg_094.wav,0wEoXWnHJjs,True,16000,1,3.0,-33.6179,-9.8596,0.7752,0.0,True,ok
data\interim\segmented\stuttering\0wEoXWnHJjs_seg_095.wav,0wEoXWnHJjs_seg_095.wav,0wEoXWnHJjs,True,16000,1,3.0,-30.2366,-11.7216,0.5449,0.0,True,ok
data\interim\segmented\stuttering\0wEoXWnHJjs_seg_096.wav,0wEoXWnHJjs_seg_096.wav,0wEoXWnHJjs,True,16000,1,3.0,-26.4169,-5.6939,0.4852,0.0,True,ok
data\interim\segmented\stuttering\0wEoXWnHJjs_seg_097.wav,0wEoXWnHJjs_seg_097.wav,0wEoXWnHJjs,True,16000,1,3.0,-27.3626,-7.2994,0.448,0.0,True,ok
data\interim\segmented\stuttering\0wEoXWnHJjs_seg_098.wav,0wEoXWnHJjs_seg_098.wav,0wEoXWnHJjs,True,16000,1,3.0,-27.4387,-9.5732,0.5929,0.0,True,ok
data\interim\segmented\stuttering\0wEoXWnHJjs_seg_099.wav,0wEoXWnHJjs_seg_099.wav,0wEoXWnHJjs,True,16000,1,3.0,-26.3254,-7.3499,0.3769,0.0,True,ok
data\interim\segmented\stuttering\0wEoXWnHJjs_seg_100.wav,0wEoXWnHJjs_seg_100.wav,0wEoXWnHJjs,True,16000,1,3.0,-27.1495,-9.2467,0.5811,0.0,True,ok
data\interim\segmented\stuttering\0wEoXWnHJjs_seg_101.wav,0wEoXWnHJjs_seg_101.wav,0wEoXWnHJjs,True,16000,1,3.0,-28.5504,-7.2382,0.5889,0.0,True,ok
data\interim\segmented\stuttering\0wEoXWnHJjs_seg_102.wav,0wEoXWnHJjs_seg_102.wav,0wEoXWnHJjs,True,16000,1,3.0,-29.6142,-8.6705,0.5594,0.0,True,ok
data\interim\segmented\stuttering\0wEoXWnHJjs_seg_103.wav,0wEoXWnHJjs_seg_103.wav,0wEoXWnHJjs,True,16000,1,3.0,-26.2687,-8.8957,0.2559,0.0,True,ok
data\interim\segmented\stuttering\0wEoXWnHJjs_seg_104.wav,0wEoXWnHJjs_seg_104.wav,0wEoXWnHJjs,True,16000,1,3.0,-26.7243,-9.7051,0.3335,0.0,True,ok
data\interim\segmented\stuttering\0wEoXWnHJjs_seg_105.wav,0wEoXWnHJjs_seg_105.wav,0wEoXWnHJjs,True,16000,1,3.0,-26.3389,-7.6644,0.601,0.0,True,ok
data\interim\segmented\stuttering\0wEoXWnHJjs_seg_106.wav,0wEoXWnHJjs_seg_106.wav,0wEoXWnHJjs,True,16000,1,3.0,-25.4836,-8.1458,0.4817,0.0,True,ok
data\interim\segmented\stuttering\0wEoXWnHJjs_seg_107.wav,0wEoXWnHJjs_seg_107.wav,0wEoXWnHJjs,True,16000,1,3.0,-26.3499,-7.6159,0.46,0.0,True,ok
data\interim\segmented\stuttering\0wEoXWnHJjs_seg_108.wav,0wEoXWnHJjs_seg_108.wav,0wEoXWnHJjs,True,16000,1,3.0,-24.4253,-7.8916,0.3259,0.0,True,ok
data\interim\segmented\stuttering\0wEoXWnHJjs_seg_109.wav,0wEoXWnHJjs_seg_109.wav,0wEoXWnHJjs,True,16000,1,3.0,-26.323,-7.5721,0.3649,0.0,True,ok
data\interim\segmented\stuttering\0wEoXWnHJjs_seg_110.wav,0wEoXWnHJjs_seg_110.wav,0wEoXWnHJjs,True,16000,1,3.0,-26.0289,-8.889,0.3211,0.0,True,ok
data\interim\segmented\stuttering\0wEoXWnHJjs_seg_111.wav,0wEoXWnHJjs_seg_111.wav,0wEoXWnHJjs,True,16000,1,3.0,-29.5004,-12.3126,0.4794,0.0,True,ok
data\interim\segmented\stuttering\0wEoXWnHJjs_seg_112.wav,0wEoXWnHJjs_seg_112.wav,0wEoXWnHJjs,True,16000,1,3.0,-29.0391,-9.7645,0.5266,0.0,True,ok
data\interim\segmented\stuttering\0wEoXWnHJjs_seg_113.wav,0wEoXWnHJjs_seg_113.wav,0wEoXWnHJjs,True,16000,1,3.0,-27.4081,-8.7718,0.389,0.0,True,ok
data\interim\segmented\stuttering\0wEoXWnHJjs_seg_114.wav,0wEoXWnHJjs_seg_114.wav,0wEoXWnHJjs,True,16000,1,3.0,-29.8175,-10.6889,0.5448,0.0,True,ok
data\interim\segmented\stuttering\0wEoXWnHJjs_seg_115.wav,0wEoXWnHJjs_seg_115.wav,0wEoXWnHJjs,True,16000,1,3.0,-28.371,-9.651,0.5539,0.0,True,ok
data\interim\segmented\stuttering\0wEoXWnHJjs_seg_116.wav,0wEoXWnHJjs_seg_116.wav,0wEoXWnHJjs,True,16000,1,3.0,-27.8363,-13.7564,0.2091,0.0,True,ok
data\interim\segmented\stuttering\0wEoXWnHJjs_seg_117.wav,0wEoXWnHJjs_seg_117.wav,0wEoXWnHJjs,True,16000,1,3.0,-31.8728,-10.1977,0.4973,0.0,True,ok
data\interim\segmented\stuttering\0wEoXWnHJjs_seg_118.wav,0wEoXWnHJjs_seg_118.wav,0wEoXWnHJjs,True,16000,1,3.0,-28.5506,-9.618,0.5898,0.0,True,ok
data\interim\segmented\stuttering\0wEoXWnHJjs_seg_119.wav,0wEoXWnHJjs_seg_119.wav,0wEoXWnHJjs,True,16000,1,3.0,-28.8659,-10.4033,0.6731,0.0,True,ok
data\interim\segmented\stuttering\0wEoXWnHJjs_seg_120.wav,0wEoXWnHJjs_seg_120.wav,0wEoXWnHJjs,True,16000,1,3.0,-24.9276,-8.6648,0.354,0.0,True,ok
data\interim\segmented\stuttering\0wEoXWnHJjs_seg_121.wav,0wEoXWnHJjs_seg_121.wav,0wEoXWnHJjs,True,16000,1,3.0,-26.4829,-8.7638,0.3286,0.0,True,ok
data\interim\segmented\stuttering\0wEoXWnHJjs_seg_122.wav,0wEoXWnHJjs_seg_122.wav,0wEoXWnHJjs,True,16000,1,3.0,-35.7028,-9.8481,0.742,0.0,True,ok
data\interim\segmented\stuttering\0wEoXWnHJjs_seg_123.wav,0wEoXWnHJjs_seg_123.wav,0wEoXWnHJjs,True,16000,1,3.0,-27.1836,-8.6936,0.3085,0.0,True,ok
data\interim\segmented\stuttering\0wEoXWnHJjs_seg_124.wav,0wEoXWnHJjs_seg_124.wav,0wEoXWnHJjs,True,16000,1,3.0,-24.9618,-10.3012,0.39,0.0,True,ok
data\interim\segmented\stuttering\0wEoXWnHJjs_seg_125.wav,0wEoXWnHJjs_seg_125.wav,0wEoXWnHJjs,True,16000,1,3.0,-26.3717,-9.6373,0.3149,0.0,True,ok
data\interim\segmented\stuttering\0wEoXWnHJjs_seg_126.wav,0wEoXWnHJjs_seg_126.wav,0wEoXWnHJjs,True,16000,1,3.0,-28.9936,-10.2735,0.5025,0.0,True,ok
data\interim\segmented\stuttering\0wEoXWnHJjs_seg_127.wav,0wEoXWnHJjs_seg_127.wav,0wEoXWnHJjs,True,16000,1,3.0,-29.1983,-9.9217,0.4015,0.0,True,ok
data\interim\segmented\stuttering\0wEoXWnHJjs_seg_128.wav,0wEoXWnHJjs_seg_128.wav,0wEoXWnHJjs,True,16000,1,3.0,-28.4327,-9.9784,0.3227,0.0,True,ok
data\interim\segmented\stuttering\0wEoXWnHJjs_seg_129.wav,0wEoXWnHJjs_seg_129.wav,0wEoXWnHJjs,True,16000,1,3.0,-29.0173,-10.9337,0.3695,0.0,True,ok
data\interim\segmented\stuttering\0wEoXWnHJjs_seg_130.wav,0wEoXWnHJjs_seg_130.wav,0wEoXWnHJjs,True,16000,1,3.0,-33.9482,-17.3204,0.5962,0.0,True,ok
data\interim\segmented\stuttering\0wEoXWnHJjs_seg_131.wav,0wEoXWnHJjs_seg_131.wav,0wEoXWnHJjs,True,16000,1,3.0,-30.6139,-6.8272,0.7137,0.0,True,ok
data\interim\segmented\stuttering\0wEoXWnHJjs_seg_132.wav,0wEoXWnHJjs_seg_132.wav,0wEoXWnHJjs,True,16000,1,3.0,-27.512,-7.8634,0.524,0.0,True,ok
data\interim\segmented\stuttering\2mVwQPdoIxM_seg_000.wav,2mVwQPdoIxM_seg_000.wav,2mVwQPdoIxM,True,16000,1,3.0,-22.7185,-5.2607,0.1738,0.0,True,ok
data\interim\segmented\stuttering\2mVwQPdoIxM_seg_001.wav,2mVwQPdoIxM_seg_001.wav,2mVwQPdoIxM,True,16000,1,3.0,-34.3736,-15.0105,0.6423,0.0,True,ok
data\interim\segmented\stuttering\2mVwQPdoIxM_seg_002.wav,2mVwQPdoIxM_seg_002.wav,2mVwQPdoIxM,True,16000,1,3.0,-23.8808,-5.7118,0.3079,0.0,True,ok
data\interim\segmented\stuttering\2mVwQPdoIxM_seg_003.wav,2mVwQPdoIxM_seg_003.wav,2mVwQPdoIxM,True,16000,1,3.0,-26.9872,-9.7857,0.3382,0.0,True,ok
data\interim\segmented\stuttering\2mVwQPdoIxM_seg_004.wav,2mVwQPdoIxM_seg_004.wav,2mVwQPdoIxM,True,16000,1,3.0,-24.2093,-5.675,0.3432,0.0,True,ok
data\interim\segmented\stuttering\2mVwQPdoIxM_seg_005.wav,2mVwQPdoIxM_seg_005.wav,2mVwQPdoIxM,True,16000,1,3.0,-32.0247,-15.6499,0.4586,0.0,True,ok
data\interim\segmented\stuttering\2mVwQPdoIxM_seg_006.wav,2mVwQPdoIxM_seg_006.wav,2mVwQPdoIxM,True,16000,1,3.0,-26.6911,-7.4926,0.5393,0.0,True,ok
data\interim\segmented\stuttering\2mVwQPdoIxM_seg_007.wav,2mVwQPdoIxM_seg_007.wav,2mVwQPdoIxM,True,16000,1,3.0,-22.9268,-7.914,0.1686,0.0,True,ok
data\interim\segmented\stuttering\2mVwQPdoIxM_seg_008.wav,2mVwQPdoIxM_seg_008.wav,2mVwQPdoIxM,True,16000,1,3.0,-23.8491,-4.9113,0.2542,0.0,True,ok
data\interim\segmented\stuttering\2mVwQPdoIxM_seg_009.wav,2mVwQPdoIxM_seg_009.wav,2mVwQPdoIxM,True,16000,1,3.0,-30.3736,-14.8934,0.2452,0.0,True,ok
data\interim\segmented\stuttering\2mVwQPdoIxM_seg_010.wav,2mVwQPdoIxM_seg_010.wav,2mVwQPdoIxM,True,16000,1,3.0,-24.9844,-5.3143,0.6232,0.0,True,ok
data\interim\segmented\stuttering\2mVwQPdoIxM_seg_011.wav,2mVwQPdoIxM_seg_011.wav,2mVwQPdoIxM,True,16000,1,3.0,-27.6301,-9.7571,0.4201,0.0,True,ok
data\interim\segmented\stuttering\2mVwQPdoIxM_seg_012.wav,2mVwQPdoIxM_seg_012.wav,2mVwQPdoIxM,True,16000,1,3.0,-24.8958,-8.6075,0.3151,0.0,True,ok
data\interim\segmented\stuttering\2mVwQPdoIxM_seg_013.wav,2mVwQPdoIxM_seg_013.wav,2mVwQPdoIxM,True,16000,1,3.0,-24.697,-7.4787,0.2553,0.0,True,ok
data\interim\segmented\stuttering\2mVwQPdoIxM_seg_014.wav,2mVwQPdoIxM_seg_014.wav,2mVwQPdoIxM,True,16000,1,3.0,-24.5295,-7.9015,0.2295,0.0,True,ok
data\interim\segmented\stuttering\2mVwQPdoIxM_seg_015.wav,2mVwQPdoIxM_seg_015.wav,2mVwQPdoIxM,True,16000,1,3.0,-26.4757,-5.9147,0.3762,0.0,True,ok
data\interim\segmented\stuttering\2mVwQPdoIxM_seg_016.wav,2mVwQPdoIxM_seg_016.wav,2mVwQPdoIxM,True,16000,1,3.0,-29.0346,-5.5853,0.5816,0.0,True,ok
data\interim\segmented\stuttering\2mVwQPdoIxM_seg_017.wav,2mVwQPdoIxM_seg_017.wav,2mVwQPdoIxM,True,16000,1,3.0,-23.3317,-5.3918,0.2477,0.0,True,ok
data\interim\segmented\stuttering\2mVwQPdoIxM_seg_018.wav,2mVwQPdoIxM_seg_018.wav,2mVwQPdoIxM,True,16000,1,3.0,-32.4159,-13.9828,0.4223,0.0,True,ok
data\interim\segmented\stuttering\2mVwQPdoIxM_seg_019.wav,2mVwQPdoIxM_seg_019.wav,2mVwQPdoIxM,True,16000,1,3.0,-24.3238,-9.4347,0.4349,0.0,True,ok
data\interim\segmented\stuttering\2mVwQPdoIxM_seg_020.wav,2mVwQPdoIxM_seg_020.wav,2mVwQPdoIxM,True,16000,1,3.0,-24.5784,-8.8603,0.2215,0.0,True,ok
data\interim\segmented\stuttering\2mVwQPdoIxM_seg_021.wav,2mVwQPdoIxM_seg_021.wav,2mVwQPdoIxM,True,16000,1,3.0,-28.1462,-5.0476,0.4663,0.0,True,ok
data\interim\segmented\stuttering\2mVwQPdoIxM_seg_022.wav,2mVwQPdoIxM_seg_022.wav,2mVwQPdoIxM,True,16000,1,3.0,-28.5743,-12.9679,0.3257,0.0,True,ok
data\interim\segmented\stuttering\2mVwQPdoIxM_seg_023.wav,2mVwQPdoIxM_seg_023.wav,2mVwQPdoIxM,True,16000,1,3.0,-31.1192,-12.3719,0.4736,0.0,True,ok
data\interim\segmented\stuttering\2mVwQPdoIxM_seg_024.wav,2mVwQPdoIxM_seg_024.wav,2mVwQPdoIxM,True,16000,1,3.0,-28.9482,-12.4271,0.6171,0.0,True,ok
data\interim\segmented\stuttering\2mVwQPdoIxM_seg_025.wav,2mVwQPdoIxM_seg_025.wav,2mVwQPdoIxM,True,16000,1,3.0,-29.9098,-9.8844,0.4404,0.0,True,ok
data\interim\segmented\stuttering\2mVwQPdoIxM_seg_026.wav,2mVwQPdoIxM_seg_026.wav,2mVwQPdoIxM,True,16000,1,3.0,-23.0253,-4.8467,0.1441,0.0,True,ok
data\interim\segmented\stuttering\2mVwQPdoIxM_seg_027.wav,2mVwQPdoIxM_seg_027.wav,2mVwQPdoIxM,True,16000,1,3.0,-23.27,-6.6078,0.2798,0.0,True,ok
data\interim\segmented\stuttering\2mVwQPdoIxM_seg_028.wav,2mVwQPdoIxM_seg_028.wav,2mVwQPdoIxM,True,16000,1,3.0,-25.7231,-8.6053,0.2655,0.0,True,ok
data\interim\segmented\stuttering\2mVwQPdoIxM_seg_029.wav,2mVwQPdoIxM_seg_029.wav,2mVwQPdoIxM,True,16000,1,3.0,-23.1748,-5.5275,0.4002,0.0,True,ok
data\interim\segmented\stuttering\2mVwQPdoIxM_seg_030.wav,2mVwQPdoIxM_seg_030.wav,2mVwQPdoIxM,True,16000,1,3.0,-25.8459,-7.628,0.2463,0.0,True,ok
data\interim\segmented\stuttering\2mVwQPdoIxM_seg_031.wav,2mVwQPdoIxM_seg_031.wav,2mVwQPdoIxM,True,16000,1,3.0,-23.72,-6.691,0.2888,0.0,True,ok
data\interim\segmented\stuttering\2mVwQPdoIxM_seg_032.wav,2mVwQPdoIxM_seg_032.wav,2mVwQPdoIxM,True,16000,1,3.0,-23.0378,-7.6165,0.1044,0.0,True,ok
data\interim\segmented\stuttering\2mVwQPdoIxM_seg_033.wav,2mVwQPdoIxM_seg_033.wav,2mVwQPdoIxM,True,16000,1,3.0,-28.9298,-11.2968,0.5135,0.0,True,ok
data\interim\segmented\stuttering\2mVwQPdoIxM_seg_034.wav,2mVwQPdoIxM_seg_034.wav,2mVwQPdoIxM,True,16000,1,3.0,-26.6108,-6.3447,0.5134,0.0,True,ok
data\interim\segmented\stuttering\2mVwQPdoIxM_seg_035.wav,2mVwQPdoIxM_seg_035.wav,2mVwQPdoIxM,True,16000,1,3.0,-22.3276,-5.6811,0.1586,0.0,True,ok
data\interim\segmented\stuttering\2mVwQPdoIxM_seg_036.wav,2mVwQPdoIxM_seg_036.wav,2mVwQPdoIxM,True,16000,1,3.0,-26.5764,-9.1139,0.2022,0.0,True,ok
data\interim\segmented\stuttering\2mVwQPdoIxM_seg_037.wav,2mVwQPdoIxM_seg_037.wav,2mVwQPdoIxM,True,16000,1,3.0,-24.9462,-6.7002,0.4436,0.0,True,ok
data\interim\segmented\stuttering\2mVwQPdoIxM_seg_038.wav,2mVwQPdoIxM_seg_038.wav,2mVwQPdoIxM,True,16000,1,3.0,-24.0237,-8.2425,0.3632,0.0,True,ok
data\interim\segmented\stuttering\2mVwQPdoIxM_seg_039.wav,2mVwQPdoIxM_seg_039.wav,2mVwQPdoIxM,True,16000,1,3.0,-25.5094,-7.1436,0.4504,0.0,True,ok
data\interim\segmented\stuttering\2mVwQPdoIxM_seg_040.wav,2mVwQPdoIxM_seg_040.wav,2mVwQPdoIxM,True,16000,1,3.0,-29.99,-12.0667,0.411,0.0,True,ok
data\interim\segmented\stuttering\2mVwQPdoIxM_seg_041.wav,2mVwQPdoIxM_seg_041.wav,2mVwQPdoIxM,True,16000,1,3.0,-27.7324,-10.5584,0.5867,0.0,True,ok
data\interim\segmented\stuttering\2mVwQPdoIxM_seg_042.wav,2mVwQPdoIxM_seg_042.wav,2mVwQPdoIxM,True,16000,1,3.0,-25.4808,-9.2206,0.2434,0.0,True,ok
data\interim\segmented\stuttering\2mVwQPdoIxM_seg_043.wav,2mVwQPdoIxM_seg_043.wav,2mVwQPdoIxM,True,16000,1,3.0,-32.319,-12.0063,0.5378,0.0,True,ok
data\interim\segmented\stuttering\2mVwQPdoIxM_seg_044.wav,2mVwQPdoIxM_seg_044.wav,2mVwQPdoIxM,True,16000,1,3.0,-36.8828,-13.5358,0.8698,0.0,False,mostly_silence:0.87
data\interim\segmented\stuttering\2mVwQPdoIxM_seg_045.wav,2mVwQPdoIxM_seg_045.wav,2mVwQPdoIxM,True,16000,1,3.0,-22.317,-6.8494,0.1388,0.0,True,ok
data\interim\segmented\stuttering\2mVwQPdoIxM_seg_046.wav,2mVwQPdoIxM_seg_046.wav,2mVwQPdoIxM,True,16000,1,3.0,-31.6039,-12.8228,0.5225,0.0,True,ok
data\interim\segmented\stuttering\2mVwQPdoIxM_seg_047.wav,2mVwQPdoIxM_seg_047.wav,2mVwQPdoIxM,True,16000,1,3.0,-24.081,-6.7053,0.3861,0.0,True,ok
data\interim\segmented\stuttering\2mVwQPdoIxM_seg_048.wav,2mVwQPdoIxM_seg_048.wav,2mVwQPdoIxM,True,16000,1,3.0,-29.6114,-6.9727,0.4274,0.0,True,ok
data\interim\segmented\stuttering\2mVwQPdoIxM_seg_049.wav,2mVwQPdoIxM_seg_049.wav,2mVwQPdoIxM,True,16000,1,3.0,-22.671,-5.2879,0.2596,0.0,True,ok
data\interim\segmented\stuttering\2mVwQPdoIxM_seg_050.wav,2mVwQPdoIxM_seg_050.wav,2mVwQPdoIxM,True,16000,1,3.0,-26.5204,-9.647,0.2303,0.0,True,ok
data\interim\segmented\stuttering\2mVwQPdoIxM_seg_051.wav,2mVwQPdoIxM_seg_051.wav,2mVwQPdoIxM,True,16000,1,3.0,-23.874,-7.8313,0.3695,0.0,True,ok
data\interim\segmented\stuttering\2mVwQPdoIxM_seg_052.wav,2mVwQPdoIxM_seg_052.wav,2mVwQPdoIxM,True,16000,1,3.0,-26.9352,-11.7698,0.257,0.0,True,ok
data\interim\segmented\stuttering\2mVwQPdoIxM_seg_053.wav,2mVwQPdoIxM_seg_053.wav,2mVwQPdoIxM,True,16000,1,3.0,-24.5591,-8.5968,0.4374,0.0,True,ok
data\interim\segmented\stuttering\2mVwQPdoIxM_seg_054.wav,2mVwQPdoIxM_seg_054.wav,2mVwQPdoIxM,True,16000,1,3.0,-29.9248,-9.6116,0.4471,0.0,True,ok
data\interim\segmented\stuttering\2mVwQPdoIxM_seg_055.wav,2mVwQPdoIxM_seg_055.wav,2mVwQPdoIxM,True,16000,1,3.0,-23.0391,-4.9015,0.375,0.0,True,ok
data\interim\segmented\stuttering\2mVwQPdoIxM_seg_056.wav,2mVwQPdoIxM_seg_056.wav,2mVwQPdoIxM,True,16000,1,3.0,-27.587,-10.3177,0.3222,0.0,True,ok
data\interim\segmented\stuttering\2mVwQPdoIxM_seg_057.wav,2mVwQPdoIxM_seg_057.wav,2mVwQPdoIxM,True,16000,1,3.0,-22.3498,-5.2089,0.0916,0.0,True,ok
data\interim\segmented\stuttering\2mVwQPdoIxM_seg_058.wav,2mVwQPdoIxM_seg_058.wav,2mVwQPdoIxM,True,16000,1,3.0,-23.3743,-7.0083,0.303,0.0,True,ok
data\interim\segmented\stuttering\2mVwQPdoIxM_seg_059.wav,2mVwQPdoIxM_seg_059.wav,2mVwQPdoIxM,True,16000,1,3.0,-30.541,-10.2088,0.4412,0.0,True,ok
data\interim\segmented\stuttering\2mVwQPdoIxM_seg_060.wav,2mVwQPdoIxM_seg_060.wav,2mVwQPdoIxM,True,16000,1,3.0,-24.138,-3.5411,0.5185,0.0,True,ok
data\interim\segmented\stuttering\2mVwQPdoIxM_seg_061.wav,2mVwQPdoIxM_seg_061.wav,2mVwQPdoIxM,True,16000,1,3.0,-23.5288,-5.1506,0.3403,0.0,True,ok
data\interim\segmented\stuttering\2mVwQPdoIxM_seg_062.wav,2mVwQPdoIxM_seg_062.wav,2mVwQPdoIxM,True,16000,1,3.0,-25.7872,-6.4789,0.3127,0.0,True,ok
data\interim\segmented\stuttering\2mVwQPdoIxM_seg_063.wav,2mVwQPdoIxM_seg_063.wav,2mVwQPdoIxM,True,16000,1,3.0,-23.9598,-9.7416,0.3671,0.0,True,ok
data\interim\segmented\stuttering\2mVwQPdoIxM_seg_064.wav,2mVwQPdoIxM_seg_064.wav,2mVwQPdoIxM,True,16000,1,3.0,-24.2025,-9.3853,0.2446,0.0,True,ok
data\interim\segmented\stuttering\2mVwQPdoIxM_seg_065.wav,2mVwQPdoIxM_seg_065.wav,2mVwQPdoIxM,True,16000,1,3.0,-28.0842,-10.0903,0.4195,0.0,True,ok
data\interim\segmented\stuttering\2mVwQPdoIxM_seg_066.wav,2mVwQPdoIxM_seg_066.wav,2mVwQPdoIxM,True,16000,1,3.0,-24.9164,-5.0842,0.4466,0.0,True,ok
data\interim\segmented\stuttering\2mVwQPdoIxM_seg_067.wav,2mVwQPdoIxM_seg_067.wav,2mVwQPdoIxM,True,16000,1,3.0,-23.3114,-6.9774,0.1807,0.0,True,ok
data\interim\segmented\stuttering\2mVwQPdoIxM_seg_068.wav,2mVwQPdoIxM_seg_068.wav,2mVwQPdoIxM,True,16000,1,3.0,-32.7553,-12.495,0.6335,0.0,True,ok
data\interim\segmented\stuttering\2mVwQPdoIxM_seg_069.wav,2mVwQPdoIxM_seg_069.wav,2mVwQPdoIxM,True,16000,1,3.0,-26.5913,-7.2804,0.2806,0.0,True,ok
data\interim\segmented\stuttering\2mVwQPdoIxM_seg_070.wav,2mVwQPdoIxM_seg_070.wav,2mVwQPdoIxM,True,16000,1,3.0,-31.4129,-10.2458,0.347,0.0,True,ok
data\interim\segmented\stuttering\2mVwQPdoIxM_seg_071.wav,2mVwQPdoIxM_seg_071.wav,2mVwQPdoIxM,True,16000,1,3.0,-25.5727,-7.721,0.4618,0.0,True,ok
data\interim\segmented\stuttering\2mVwQPdoIxM_seg_072.wav,2mVwQPdoIxM_seg_072.wav,2mVwQPdoIxM,True,16000,1,3.0,-28.7371,-7.5429,0.3855,0.0,True,ok
data\interim\segmented\stuttering\2mVwQPdoIxM_seg_073.wav,2mVwQPdoIxM_seg_073.wav,2mVwQPdoIxM,True,16000,1,3.0,-30.1699,-11.6859,0.5741,0.0,True,ok
data\interim\segmented\stuttering\2mVwQPdoIxM_seg_074.wav,2mVwQPdoIxM_seg_074.wav,2mVwQPdoIxM,True,16000,1,3.0,-29.537,-13.3132,0.2394,0.0,True,ok
data\interim\segmented\stuttering\2mVwQPdoIxM_seg_075.wav,2mVwQPdoIxM_seg_075.wav,2mVwQPdoIxM,True,16000,1,3.0,-26.7497,-8.5279,0.3486,0.0,True,ok
data\interim\segmented\stuttering\2mVwQPdoIxM_seg_076.wav,2mVwQPdoIxM_seg_076.wav,2mVwQPdoIxM,True,16000,1,3.0,-35.7136,-14.9392,0.643,0.0,True,ok
data\interim\segmented\stuttering\2mVwQPdoIxM_seg_077.wav,2mVwQPdoIxM_seg_077.wav,2mVwQPdoIxM,True,16000,1,3.0,-26.4767,-8.3958,0.4062,0.0,True,ok
data\interim\segmented\stuttering\2mVwQPdoIxM_seg_078.wav,2mVwQPdoIxM_seg_078.wav,2mVwQPdoIxM,True,16000,1,3.0,-40.144,-20.2933,0.7985,0.0,True,ok
data\interim\segmented\stuttering\2mVwQPdoIxM_seg_079.wav,2mVwQPdoIxM_seg_079.wav,2mVwQPdoIxM,True,16000,1,3.0,-24.3289,-6.1952,0.2462,0.0,True,ok
data\interim\segmented\stuttering\2mVwQPdoIxM_seg_080.wav,2mVwQPdoIxM_seg_080.wav,2mVwQPdoIxM,True,16000,1,3.0,-29.2914,-11.4768,0.4975,0.0,True,ok
data\interim\segmented\stuttering\2mVwQPdoIxM_seg_081.wav,2mVwQPdoIxM_seg_081.wav,2mVwQPdoIxM,True,16000,1,3.0,-29.8497,-10.9618,0.447,0.0,True,ok
data\interim\segmented\stuttering\2mVwQPdoIxM_seg_082.wav,2mVwQPdoIxM_seg_082.wav,2mVwQPdoIxM,True,16000,1,3.0,-32.4759,-12.15,0.6256,0.0,True,ok
data\interim\segmented\stuttering\2mVwQPdoIxM_seg_083.wav,2mVwQPdoIxM_seg_083.wav,2mVwQPdoIxM,True,16000,1,3.0,-26.7678,-10.6374,0.4396,0.0,True,ok
data\interim\segmented\stuttering\2mVwQPdoIxM_seg_084.wav,2mVwQPdoIxM_seg_084.wav,2mVwQPdoIxM,True,16000,1,3.0,-29.869,-13.6959,0.5339,0.0,True,ok
data\interim\segmented\stuttering\2mVwQPdoIxM_seg_085.wav,2mVwQPdoIxM_seg_085.wav,2mVwQPdoIxM,True,16000,1,3.0,-24.6146,-6.3717,0.3732,0.0,True,ok
data\interim\segmented\stuttering\2mVwQPdoIxM_seg_086.wav,2mVwQPdoIxM_seg_086.wav,2mVwQPdoIxM,True,16000,1,3.0,-28.8156,-12.3115,0.3755,0.0,True,ok
data\interim\segmented\stuttering\2mVwQPdoIxM_seg_087.wav,2mVwQPdoIxM_seg_087.wav,2mVwQPdoIxM,True,16000,1,3.0,-33.4977,-14.4402,0.579,0.0,True,ok
data\interim\segmented\stuttering\2mVwQPdoIxM_seg_088.wav,2mVwQPdoIxM_seg_088.wav,2mVwQPdoIxM,True,16000,1,3.0,-27.2907,-10.4051,0.2945,0.0,True,ok
data\interim\segmented\stuttering\2mVwQPdoIxM_seg_089.wav,2mVwQPdoIxM_seg_089.wav,2mVwQPdoIxM,True,16000,1,3.0,-25.7683,-10.8123,0.2758,0.0,True,ok
data\interim\segmented\stuttering\2mVwQPdoIxM_seg_090.wav,2mVwQPdoIxM_seg_090.wav,2mVwQPdoIxM,True,16000,1,3.0,-26.6627,-6.062,0.4114,0.0,True,ok
data\interim\segmented\stuttering\2mVwQPdoIxM_seg_091.wav,2mVwQPdoIxM_seg_091.wav,2mVwQPdoIxM,True,16000,1,3.0,-30.2212,-12.4928,0.5544,0.0,True,ok
data\interim\segmented\stuttering\2mVwQPdoIxM_seg_092.wav,2mVwQPdoIxM_seg_092.wav,2mVwQPdoIxM,True,16000,1,3.0,-22.8375,-7.2412,0.1331,0.0,True,ok
data\interim\segmented\stuttering\2mVwQPdoIxM_seg_093.wav,2mVwQPdoIxM_seg_093.wav,2mVwQPdoIxM,True,16000,1,3.0,-28.548,-8.4588,0.4646,0.0,True,ok
data\interim\segmented\stuttering\2mVwQPdoIxM_seg_094.wav,2mVwQPdoIxM_seg_094.wav,2mVwQPdoIxM,True,16000,1,3.0,-25.677,-9.5294,0.2169,0.0,True,ok
data\interim\segmented\stuttering\2mVwQPdoIxM_seg_095.wav,2mVwQPdoIxM_seg_095.wav,2mVwQPdoIxM,True,16000,1,3.0,-30.597,-7.9669,0.3951,0.0,True,ok
data\interim\segmented\stuttering\2mVwQPdoIxM_seg_096.wav,2mVwQPdoIxM_seg_096.wav,2mVwQPdoIxM,True,16000,1,3.0,-37.3494,-16.004,0.7614,0.0,True,ok
data\interim\segmented\stuttering\2mVwQPdoIxM_seg_097.wav,2mVwQPdoIxM_seg_097.wav,2mVwQPdoIxM,True,16000,1,3.0,-27.208,-7.3444,0.4576,0.0,True,ok
data\interim\segmented\stuttering\2mVwQPdoIxM_seg_098.wav,2mVwQPdoIxM_seg_098.wav,2mVwQPdoIxM,True,16000,1,3.0,-26.3966,-9.2921,0.2198,0.0,True,ok
data\interim\segmented\stuttering\2mVwQPdoIxM_seg_099.wav,2mVwQPdoIxM_seg_099.wav,2mVwQPdoIxM,True,16000,1,3.0,-29.8918,-11.0711,0.608,0.0,True,ok
data\interim\segmented\stuttering\2mVwQPdoIxM_seg_100.wav,2mVwQPdoIxM_seg_100.wav,2mVwQPdoIxM,True,16000,1,3.0,-25.7194,-7.644,0.3974,0.0,True,ok
data\interim\segmented\stuttering\2mVwQPdoIxM_seg_101.wav,2mVwQPdoIxM_seg_101.wav,2mVwQPdoIxM,True,16000,1,3.0,-24.5602,-4.7614,0.4072,0.0,True,ok
data\interim\segmented\stuttering\2mVwQPdoIxM_seg_102.wav,2mVwQPdoIxM_seg_102.wav,2mVwQPdoIxM,True,16000,1,3.0,-28.8871,-12.8066,0.4951,0.0,True,ok
data\interim\segmented\stuttering\2mVwQPdoIxM_seg_103.wav,2mVwQPdoIxM_seg_103.wav,2mVwQPdoIxM,True,16000,1,3.0,-30.4088,-13.4219,0.4334,0.0,True,ok
data\interim\segmented\stuttering\2mVwQPdoIxM_seg_104.wav,2mVwQPdoIxM_seg_104.wav,2mVwQPdoIxM,True,16000,1,3.0,-26.0944,-10.2752,0.4106,0.0,True,ok
data\interim\segmented\stuttering\2mVwQPdoIxM_seg_105.wav,2mVwQPdoIxM_seg_105.wav,2mVwQPdoIxM,True,16000,1,3.0,-26.5115,-6.8985,0.2737,0.0,True,ok
data\interim\segmented\stuttering\2mVwQPdoIxM_seg_106.wav,2mVwQPdoIxM_seg_106.wav,2mVwQPdoIxM,True,16000,1,3.0,-29.7698,-13.0105,0.5668,0.0,True,ok
data\interim\segmented\stuttering\2mVwQPdoIxM_seg_107.wav,2mVwQPdoIxM_seg_107.wav,2mVwQPdoIxM,True,16000,1,3.0,-30.2113,-15.2557,0.38,0.0,True,ok
data\interim\segmented\stuttering\2mVwQPdoIxM_seg_108.wav,2mVwQPdoIxM_seg_108.wav,2mVwQPdoIxM,True,16000,1,3.0,-31.7766,-13.8997,0.3418,0.0,True,ok
data\interim\segmented\stuttering\2mVwQPdoIxM_seg_109.wav,2mVwQPdoIxM_seg_109.wav,2mVwQPdoIxM,True,16000,1,3.0,-29.386,-14.842,0.1874,0.0,True,ok
data\interim\segmented\stuttering\2mVwQPdoIxM_seg_110.wav,2mVwQPdoIxM_seg_110.wav,2mVwQPdoIxM,True,16000,1,3.0,-29.6771,-12.8449,0.6115,0.0,True,ok
data\interim\segmented\stuttering\2mVwQPdoIxM_seg_111.wav,2mVwQPdoIxM_seg_111.wav,2mVwQPdoIxM,True,16000,1,3.0,-24.2662,-8.5335,0.256,0.0,True,ok
data\interim\segmented\stuttering\2mVwQPdoIxM_seg_112.wav,2mVwQPdoIxM_seg_112.wav,2mVwQPdoIxM,True,16000,1,3.0,-30.2752,-12.9797,0.4318,0.0,True,ok
data\interim\segmented\stuttering\2mVwQPdoIxM_seg_113.wav,2mVwQPdoIxM_seg_113.wav,2mVwQPdoIxM,True,16000,1,3.0,-27.3914,-12.9773,0.137,0.0,True,ok
data\interim\segmented\stuttering\2mVwQPdoIxM_seg_114.wav,2mVwQPdoIxM_seg_114.wav,2mVwQPdoIxM,True,16000,1,3.0,-24.0251,-5.3153,0.3457,0.0,True,ok
data\interim\segmented\stuttering\2mVwQPdoIxM_seg_115.wav,2mVwQPdoIxM_seg_115.wav,2mVwQPdoIxM,True,16000,1,3.0,-24.9842,-7.6108,0.2855,0.0,True,ok
data\interim\segmented\stuttering\2mVwQPdoIxM_seg_116.wav,2mVwQPdoIxM_seg_116.wav,2mVwQPdoIxM,True,16000,1,3.0,-26.889,-10.0818,0.4184,0.0,True,ok
data\interim\segmented\stuttering\2mVwQPdoIxM_seg_117.wav,2mVwQPdoIxM_seg_117.wav,2mVwQPdoIxM,True,16000,1,3.0,-23.8417,-5.2597,0.1668,0.0,True,ok
data\interim\segmented\stuttering\2mVwQPdoIxM_seg_118.wav,2mVwQPdoIxM_seg_118.wav,2mVwQPdoIxM,True,16000,1,3.0,-28.1619,-13.0592,0.2104,0.0,True,ok
data\interim\segmented\stuttering\2mVwQPdoIxM_seg_119.wav,2mVwQPdoIxM_seg_119.wav,2mVwQPdoIxM,True,16000,1,3.0,-28.4029,-11.2328,0.5903,0.0,True,ok
data\interim\segmented\stuttering\2mVwQPdoIxM_seg_120.wav,2mVwQPdoIxM_seg_120.wav,2mVwQPdoIxM,True,16000,1,3.0,-28.4098,-8.6118,0.4009,0.0,True,ok
data\interim\segmented\stuttering\2mVwQPdoIxM_seg_121.wav,2mVwQPdoIxM_seg_121.wav,2mVwQPdoIxM,True,16000,1,3.0,-31.044,-11.1205,0.6313,0.0,True,ok
data\interim\segmented\stuttering\2mVwQPdoIxM_seg_122.wav,2mVwQPdoIxM_seg_122.wav,2mVwQPdoIxM,True,16000,1,3.0,-28.3815,-11.9264,0.4359,0.0,True,ok
data\interim\segmented\stuttering\2mVwQPdoIxM_seg_123.wav,2mVwQPdoIxM_seg_123.wav,2mVwQPdoIxM,True,16000,1,3.0,-29.8864,-12.8089,0.4,0.0,True,ok
data\interim\segmented\stuttering\2mVwQPdoIxM_seg_124.wav,2mVwQPdoIxM_seg_124.wav,2mVwQPdoIxM,True,16000,1,3.0,-29.3887,-11.3711,0.7403,0.0,True,ok
data\interim\segmented\stuttering\2mVwQPdoIxM_seg_125.wav,2mVwQPdoIxM_seg_125.wav,2mVwQPdoIxM,True,16000,1,3.0,-30.0858,-12.7225,0.2343,0.0,True,ok
data\interim\segmented\stuttering\2mVwQPdoIxM_seg_126.wav,2mVwQPdoIxM_seg_126.wav,2mVwQPdoIxM,True,16000,1,3.0,-29.4801,-14.7866,0.5117,0.0,True,ok
data\interim\segmented\stuttering\2mVwQPdoIxM_seg_127.wav,2mVwQPdoIxM_seg_127.wav,2mVwQPdoIxM,True,16000,1,3.0,-27.9874,-14.4612,0.4226,0.0,True,ok
data\interim\segmented\stuttering\2mVwQPdoIxM_seg_128.wav,2mVwQPdoIxM_seg_128.wav,2mVwQPdoIxM,True,16000,1,2.585,-26.6853,-13.6155,0.169,0.0,True,ok
data\interim\segmented\stuttering\3Rz18q3p-zY_seg_000.wav,3Rz18q3p-zY_seg_000.wav,3Rz18q3p-zY,True,16000,1,3.0,-18.2546,-1.9885,0.3817,0.0,True,ok
data\interim\segmented\stuttering\3Rz18q3p-zY_seg_001.wav,3Rz18q3p-zY_seg_001.wav,3Rz18q3p-zY,True,16000,1,3.0,-25.5079,-2.1097,0.5949,0.0,True,ok
data\interim\segmented\stuttering\3Rz18q3p-zY_seg_002.wav,3Rz18q3p-zY_seg_002.wav,3Rz18q3p-zY,True,16000,1,3.0,-18.6448,-1.9556,0.4403,0.0,True,ok
data\interim\segmented\stuttering\3Rz18q3p-zY_seg_003.wav,3Rz18q3p-zY_seg_003.wav,3Rz18q3p-zY,True,16000,1,3.0,-25.772,-3.4562,0.5831,0.0,True,ok
data\interim\segmented\stuttering\3Rz18q3p-zY_seg_004.wav,3Rz18q3p-zY_seg_004.wav,3Rz18q3p-zY,True,16000,1,3.0,-23.4109,-2.0813,0.572,0.0,True,ok
data\interim\segmented\stuttering\3Rz18q3p-zY_seg_005.wav,3Rz18q3p-zY_seg_005.wav,3Rz18q3p-zY,True,16000,1,3.0,-23.2574,-1.9105,0.5027,0.0,True,ok
data\interim\segmented\stuttering\3Rz18q3p-zY_seg_006.wav,3Rz18q3p-zY_seg_006.wav,3Rz18q3p-zY,True,16000,1,3.0,-22.5277,-2.0376,0.3264,0.0,True,ok
data\interim\segmented\stuttering\7066910146110393646_seg_000.wav,7066910146110393646_seg_000.wav,7066910146110393646,True,16000,1,3.0,-28.7319,-11.3349,0.2259,0.0,True,ok
data\interim\segmented\stuttering\7066910146110393646_seg_001.wav,7066910146110393646_seg_001.wav,7066910146110393646,True,16000,1,3.0,-32.0413,-17.3809,0.2791,0.0,True,ok
data\interim\segmented\stuttering\7066910146110393646_seg_002.wav,7066910146110393646_seg_002.wav,7066910146110393646,True,16000,1,3.0,-29.6407,-11.8535,0.5628,0.0,True,ok
data\interim\segmented\stuttering\7066910146110393646_seg_003.wav,7066910146110393646_seg_003.wav,7066910146110393646,True,16000,1,3.0,-29.2543,-14.3277,0.4712,0.0,True,ok
data\interim\segmented\stuttering\7066910146110393646_seg_004.wav,7066910146110393646_seg_004.wav,7066910146110393646,True,16000,1,3.0,-30.2131,-15.027,0.2801,0.0,True,ok
data\interim\segmented\stuttering\7066910146110393646_seg_005.wav,7066910146110393646_seg_005.wav,7066910146110393646,True,16000,1,3.0,-30.591,-9.5263,0.5344,0.0,True,ok
data\interim\segmented\stuttering\7066910146110393646_seg_006.wav,7066910146110393646_seg_006.wav,7066910146110393646,True,16000,1,3.0,-32.4305,-15.5763,0.563,0.0,True,ok
data\interim\segmented\stuttering\7066910146110393646_seg_007.wav,7066910146110393646_seg_007.wav,7066910146110393646,True,16000,1,3.0,-31.3887,-12.7846,0.4776,0.0,True,ok
data\interim\segmented\stuttering\7066910146110393646_seg_008.wav,7066910146110393646_seg_008.wav,7066910146110393646,True,16000,1,3.0,-34.0798,-17.5452,0.6066,0.0,True,ok
data\interim\segmented\stuttering\7066910146110393646_seg_009.wav,7066910146110393646_seg_009.wav,7066910146110393646,True,16000,1,3.0,-28.7604,-13.1793,0.4139,0.0,True,ok
data\interim\segmented\stuttering\7066910146110393646_seg_010.wav,7066910146110393646_seg_010.wav,7066910146110393646,True,16000,1,3.0,-32.2177,-17.6842,0.4512,0.0,True,ok
data\interim\segmented\stuttering\7066910146110393646_seg_011.wav,7066910146110393646_seg_011.wav,7066910146110393646,True,16000,1,3.0,-23.7411,-11.8255,0.1935,0.0,True,ok
data\interim\segmented\stuttering\7066910146110393646_seg_012.wav,7066910146110393646_seg_012.wav,7066910146110393646,True,16000,1,3.0,-29.6202,-14.1205,0.5876,0.0,True,ok
data\interim\segmented\stuttering\7066910146110393646_seg_013.wav,7066910146110393646_seg_013.wav,7066910146110393646,True,16000,1,3.0,-28.6886,-10.1797,0.5756,0.0,True,ok
data\interim\segmented\stuttering\7066910146110393646_seg_014.wav,7066910146110393646_seg_014.wav,7066910146110393646,True,16000,1,3.0,-32.1846,-10.688,0.6626,0.0,True,ok
data\interim\segmented\stuttering\7066910146110393646_seg_015.wav,7066910146110393646_seg_015.wav,7066910146110393646,True,16000,1,3.0,-30.8216,-15.4294,0.5618,0.0,True,ok
data\interim\segmented\stuttering\7066910146110393646_seg_016.wav,7066910146110393646_seg_016.wav,7066910146110393646,True,16000,1,3.0,-29.4299,-11.4977,0.4779,0.0,True,ok
data\interim\segmented\stuttering\7066910146110393646_seg_017.wav,7066910146110393646_seg_017.wav,7066910146110393646,True,16000,1,3.0,-29.2789,-12.4861,0.5977,0.0,True,ok
data\interim\segmented\stuttering\7066910146110393646_seg_018.wav,7066910146110393646_seg_018.wav,7066910146110393646,True,16000,1,3.0,-27.8135,-8.1384,0.5549,0.0,True,ok
data\interim\segmented\stuttering\7066910146110393646_seg_019.wav,7066910146110393646_seg_019.wav,7066910146110393646,True,16000,1,3.0,-27.5571,-10.9562,0.5092,0.0,True,ok
data\interim\segmented\stuttering\7066910146110393646_seg_020.wav,7066910146110393646_seg_020.wav,7066910146110393646,True,16000,1,3.0,-29.2129,-12.8252,0.5296,0.0,True,ok
data\interim\segmented\stuttering\7066910146110393646_seg_021.wav,7066910146110393646_seg_021.wav,7066910146110393646,True,16000,1,3.0,-28.5053,-11.776,0.4768,0.0,True,ok
data\interim\segmented\stuttering\7066910146110393646_seg_022.wav,7066910146110393646_seg_022.wav,7066910146110393646,True,16000,1,3.0,-31.4312,-14.2823,0.5954,0.0,True,ok
data\interim\segmented\stuttering\7066910146110393646_seg_023.wav,7066910146110393646_seg_023.wav,7066910146110393646,True,16000,1,3.0,-27.9064,-12.7731,0.4345,0.0,True,ok
data\interim\segmented\stuttering\7066910146110393646_seg_024.wav,7066910146110393646_seg_024.wav,7066910146110393646,True,16000,1,3.0,-27.8583,-9.539,0.608,0.0,True,ok
data\interim\segmented\stuttering\7066910146110393646_seg_025.wav,7066910146110393646_seg_025.wav,7066910146110393646,True,16000,1,3.0,-30.7589,-15.1732,0.5155,0.0,True,ok
data\interim\segmented\stuttering\7066910146110393646_seg_026.wav,7066910146110393646_seg_026.wav,7066910146110393646,True,16000,1,3.0,-31.5882,-14.04,0.5746,0.0,True,ok
data\interim\segmented\stuttering\7066910146110393646_seg_027.wav,7066910146110393646_seg_027.wav,7066910146110393646,True,16000,1,3.0,-29.4938,-12.5679,0.5304,0.0,True,ok
data\interim\segmented\stuttering\7066910146110393646_seg_028.wav,7066910146110393646_seg_028.wav,7066910146110393646,True,16000,1,3.0,-28.2875,-13.6716,0.3802,0.0,True,ok
data\interim\segmented\stuttering\7066910146110393646_seg_029.wav,7066910146110393646_seg_029.wav,7066910146110393646,True,16000,1,3.0,-28.9174,-11.7534,0.4391,0.0,True,ok
data\interim\segmented\stuttering\7066910146110393646_seg_030.wav,7066910146110393646_seg_030.wav,7066910146110393646,True,16000,1,3.0,-27.4713,-9.0574,0.4317,0.0,True,ok
data\interim\segmented\stuttering\7066910146110393646_seg_031.wav,7066910146110393646_seg_031.wav,7066910146110393646,True,16000,1,3.0,-30.2851,-12.3422,0.4573,0.0,True,ok
data\interim\segmented\stuttering\7066910146110393646_seg_032.wav,7066910146110393646_seg_032.wav,7066910146110393646,True,16000,1,2.835,-33.5958,-13.8252,0.5941,0.0,True,ok
data\interim\segmented\stuttering\7097605874394385670_seg_000.wav,7097605874394385670_seg_000.wav,7097605874394385670,True,16000,1,3.0,-21.6884,-6.6544,0.5639,0.0,True,ok
data\interim\segmented\stuttering\7097605874394385670_seg_001.wav,7097605874394385670_seg_001.wav,7097605874394385670,True,16000,1,3.0,-27.7628,-10.4183,0.5778,0.0,True,ok
data\interim\segmented\stuttering\7097605874394385670_seg_002.wav,7097605874394385670_seg_002.wav,7097605874394385670,True,16000,1,3.0,-32.4571,-8.1668,0.8622,0.0,False,mostly_silence:0.86
data\interim\segmented\stuttering\7097605874394385670_seg_003.wav,7097605874394385670_seg_003.wav,7097605874394385670,True,16000,1,3.0,-18.7299,-1.0883,0.412,0.0,True,ok
data\interim\segmented\stuttering\7097605874394385670_seg_004.wav,7097605874394385670_seg_004.wav,7097605874394385670,True,16000,1,3.0,-30.7144,-10.1814,0.7527,0.0,True,ok
data\interim\segmented\stuttering\7097605874394385670_seg_005.wav,7097605874394385670_seg_005.wav,7097605874394385670,True,16000,1,3.0,-30.5274,-7.6,0.8675,0.0,False,mostly_silence:0.87
data\interim\segmented\stuttering\7097605874394385670_seg_006.wav,7097605874394385670_seg_006.wav,7097605874394385670,True,16000,1,3.0,-24.3707,-10.384,0.4122,0.0,True,ok
data\interim\segmented\stuttering\7097605874394385670_seg_007.wav,7097605874394385670_seg_007.wav,7097605874394385670,True,16000,1,3.0,-32.9992,-12.8566,0.8311,0.0,False,mostly_silence:0.83
data\interim\segmented\stuttering\7097605874394385670_seg_008.wav,7097605874394385670_seg_008.wav,7097605874394385670,True,16000,1,3.0,-34.7484,-13.3304,0.738,0.0,True,ok
data\interim\segmented\stuttering\7097605874394385670_seg_009.wav,7097605874394385670_seg_009.wav,7097605874394385670,True,16000,1,3.0,-25.476,-5.1406,0.5792,0.0,True,ok
data\interim\segmented\stuttering\7097605874394385670_seg_010.wav,7097605874394385670_seg_010.wav,7097605874394385670,True,16000,1,3.0,-26.2046,-7.6248,0.4258,0.0,True,ok
data\interim\segmented\stuttering\7097605874394385670_seg_011.wav,7097605874394385670_seg_011.wav,7097605874394385670,True,16000,1,3.0,-29.5191,-7.0482,0.5231,0.0,True,ok
data\interim\segmented\stuttering\7097605874394385670_seg_012.wav,7097605874394385670_seg_012.wav,7097605874394385670,True,16000,1,3.0,-33.8879,-16.1986,0.7219,0.0,True,ok
data\interim\segmented\stuttering\7097605874394385670_seg_013.wav,7097605874394385670_seg_013.wav,7097605874394385670,True,16000,1,3.0,-31.1865,-12.1372,0.8349,0.0,False,mostly_silence:0.83
data\interim\segmented\stuttering\7097605874394385670_seg_014.wav,7097605874394385670_seg_014.wav,7097605874394385670,True,16000,1,3.0,-19.9439,-6.9232,0.3049,0.0,True,ok
data\interim\segmented\stuttering\7097605874394385670_seg_015.wav,7097605874394385670_seg_015.wav,7097605874394385670,True,16000,1,3.0,-34.5331,-16.2329,0.8566,0.0,False,mostly_silence:0.86
data\interim\segmented\stuttering\7097605874394385670_seg_016.wav,7097605874394385670_seg_016.wav,7097605874394385670,True,16000,1,3.0,-19.1195,-1.4203,0.3904,0.0,True,ok
data\interim\segmented\stuttering\7097605874394385670_seg_017.wav,7097605874394385670_seg_017.wav,7097605874394385670,True,16000,1,3.0,-20.5546,-3.3589,0.5649,0.0,True,ok
data\interim\segmented\stuttering\7097605874394385670_seg_018.wav,7097605874394385670_seg_018.wav,7097605874394385670,True,16000,1,3.0,-26.0787,-6.0376,0.7284,0.0,True,ok
data\interim\segmented\stuttering\7097605874394385670_seg_019.wav,7097605874394385670_seg_019.wav,7097605874394385670,True,16000,1,3.0,-31.8876,-8.3465,0.8781,0.0,False,mostly_silence:0.88
data\interim\segmented\stuttering\7097605874394385670_seg_020.wav,7097605874394385670_seg_020.wav,7097605874394385670,True,16000,1,3.0,-31.0765,-12.2777,0.8313,0.0,False,mostly_silence:0.83
data\interim\segmented\stuttering\7097605874394385670_seg_021.wav,7097605874394385670_seg_021.wav,7097605874394385670,True,16000,1,3.0,-23.3451,-4.5727,0.5898,0.0,True,ok
data\interim\segmented\stuttering\7097605874394385670_seg_022.wav,7097605874394385670_seg_022.wav,7097605874394385670,True,16000,1,3.0,-25.761,-7.4262,0.7227,0.0,True,ok
data\interim\segmented\stuttering\7097605874394385670_seg_023.wav,7097605874394385670_seg_023.wav,7097605874394385670,True,16000,1,3.0,-24.7506,-1.6298,0.6001,0.0,True,ok
data\interim\segmented\stuttering\7097605874394385670_seg_024.wav,7097605874394385670_seg_024.wav,7097605874394385670,True,16000,1,3.0,-25.4244,-8.2268,0.5643,0.0,True,ok
data\interim\segmented\stuttering\7097605874394385670_seg_025.wav,7097605874394385670_seg_025.wav,7097605874394385670,True,16000,1,3.0,-28.6683,-7.9855,0.7711,0.0,True,ok
data\interim\segmented\stuttering\7097605874394385670_seg_026.wav,7097605874394385670_seg_026.wav,7097605874394385670,True,16000,1,3.0,-19.8016,-5.7128,0.3962,0.0,True,ok
data\interim\segmented\stuttering\7097605874394385670_seg_027.wav,7097605874394385670_seg_027.wav,7097605874394385670,True,16000,1,3.0,-27.5782,-9.7579,0.6971,0.0,True,ok
data\interim\segmented\stuttering\7097605874394385670_seg_028.wav,7097605874394385670_seg_028.wav,7097605874394385670,True,16000,1,3.0,-32.3773,-15.3732,0.8341,0.0,False,mostly_silence:0.83
data\interim\segmented\stuttering\7097605874394385670_seg_029.wav,7097605874394385670_seg_029.wav,7097605874394385670,True,16000,1,3.0,-25.2492,-3.5582,0.5542,0.0,True,ok
data\interim\segmented\stuttering\7097605874394385670_seg_030.wav,7097605874394385670_seg_030.wav,7097605874394385670,True,16000,1,3.0,-28.8395,-10.8068,0.7141,0.0,True,ok
data\interim\segmented\stuttering\7097605874394385670_seg_031.wav,7097605874394385670_seg_031.wav,7097605874394385670,True,16000,1,3.0,-27.4503,-10.8751,0.7801,0.0,True,ok
data\interim\segmented\stuttering\7097605874394385670_seg_032.wav,7097605874394385670_seg_032.wav,7097605874394385670,True,16000,1,3.0,-30.4905,-13.7707,0.6753,0.0,True,ok
data\interim\segmented\stuttering\7097605874394385670_seg_033.wav,7097605874394385670_seg_033.wav,7097605874394385670,True,16000,1,3.0,-23.7837,-7.3419,0.4408,0.0,True,ok
data\interim\segmented\stuttering\7097605874394385670_seg_034.wav,7097605874394385670_seg_034.wav,7097605874394385670,True,16000,1,3.0,-29.0756,-10.2726,0.8404,0.0,False,mostly_silence:0.84
data\interim\segmented\stuttering\7097605874394385670_seg_035.wav,7097605874394385670_seg_035.wav,7097605874394385670,True,16000,1,3.0,-23.1534,-6.2647,0.5604,0.0,True,ok
data\interim\segmented\stuttering\7097605874394385670_seg_036.wav,7097605874394385670_seg_036.wav,7097605874394385670,True,16000,1,3.0,-29.0413,-7.1291,0.5782,0.0,True,ok
data\interim\segmented\stuttering\7097605874394385670_seg_037.wav,7097605874394385670_seg_037.wav,7097605874394385670,True,16000,1,3.0,-29.6668,-12.6244,0.6659,0.0,True,ok
data\interim\segmented\stuttering\7097605874394385670_seg_038.wav,7097605874394385670_seg_038.wav,7097605874394385670,True,16000,1,3.0,-24.8197,-1.9988,0.664,0.0,True,ok
data\interim\segmented\stuttering\7097605874394385670_seg_039.wav,7097605874394385670_seg_039.wav,7097605874394385670,True,16000,1,3.0,-20.0275,-2.1779,0.6251,0.0,True,ok
data\interim\segmented\stuttering\7097605874394385670_seg_040.wav,7097605874394385670_seg_040.wav,7097605874394385670,True,16000,1,3.0,-31.6905,-13.0616,0.6948,0.0,True,ok
data\interim\segmented\stuttering\7097605874394385670_seg_041.wav,7097605874394385670_seg_041.wav,7097605874394385670,True,16000,1,3.0,-23.191,-3.3581,0.5075,0.0,True,ok
data\interim\segmented\stuttering\7097605874394385670_seg_042.wav,7097605874394385670_seg_042.wav,7097605874394385670,True,16000,1,3.0,-25.2778,-5.3653,0.6061,0.0,True,ok
data\interim\segmented\stuttering\7097605874394385670_seg_043.wav,7097605874394385670_seg_043.wav,7097605874394385670,True,16000,1,3.0,-23.1091,-6.8587,0.4125,0.0,True,ok
data\interim\segmented\stuttering\7189742740425542955_seg_000.wav,7189742740425542955_seg_000.wav,7189742740425542955,True,16000,1,3.0,-27.4134,-9.4425,0.2014,0.0,True,ok
data\interim\segmented\stuttering\7189742740425542955_seg_001.wav,7189742740425542955_seg_001.wav,7189742740425542955,True,16000,1,3.0,-27.1832,-10.7554,0.264,0.0,True,ok
data\interim\segmented\stuttering\7189742740425542955_seg_002.wav,7189742740425542955_seg_002.wav,7189742740425542955,True,16000,1,3.0,-27.3928,-11.2531,0.3703,0.0,True,ok
data\interim\segmented\stuttering\7189742740425542955_seg_003.wav,7189742740425542955_seg_003.wav,7189742740425542955,True,16000,1,3.0,-28.0644,-7.8745,0.5059,0.0,True,ok
data\interim\segmented\stuttering\7189742740425542955_seg_004.wav,7189742740425542955_seg_004.wav,7189742740425542955,True,16000,1,3.0,-24.1575,-9.0116,0.496,0.0,True,ok
data\interim\segmented\stuttering\7189742740425542955_seg_005.wav,7189742740425542955_seg_005.wav,7189742740425542955,True,16000,1,3.0,-28.683,-8.3299,0.4565,0.0,True,ok
data\interim\segmented\stuttering\7189742740425542955_seg_006.wav,7189742740425542955_seg_006.wav,7189742740425542955,True,16000,1,3.0,-27.0107,-7.832,0.678,0.0,True,ok
data\interim\segmented\stuttering\7189742740425542955_seg_007.wav,7189742740425542955_seg_007.wav,7189742740425542955,True,16000,1,3.0,-32.9233,-11.3927,0.4973,0.0,True,ok
data\interim\segmented\stuttering\7189742740425542955_seg_008.wav,7189742740425542955_seg_008.wav,7189742740425542955,True,16000,1,3.0,-25.9313,-1.6397,0.3426,0.0,True,ok
data\interim\segmented\stuttering\7189742740425542955_seg_009.wav,7189742740425542955_seg_009.wav,7189742740425542955,True,16000,1,3.0,-24.0686,-9.3277,0.1895,0.0,True,ok
data\interim\segmented\stuttering\7189742740425542955_seg_010.wav,7189742740425542955_seg_010.wav,7189742740425542955,True,16000,1,3.0,-22.5624,-4.4409,0.2561,0.0,True,ok
data\interim\segmented\stuttering\7189742740425542955_seg_011.wav,7189742740425542955_seg_011.wav,7189742740425542955,True,16000,1,3.0,-23.6938,-5.0315,0.4583,0.0,True,ok
data\interim\segmented\stuttering\7189742740425542955_seg_012.wav,7189742740425542955_seg_012.wav,7189742740425542955,True,16000,1,3.0,-23.9823,-5.7894,0.4261,0.0,True,ok
data\interim\segmented\stuttering\7189742740425542955_seg_013.wav,7189742740425542955_seg_013.wav,7189742740425542955,True,16000,1,3.0,-23.0644,-3.5534,0.2822,0.0,True,ok
data\interim\segmented\stuttering\7189742740425542955_seg_014.wav,7189742740425542955_seg_014.wav,7189742740425542955,True,16000,1,3.0,-25.102,-0.9648,0.6506,0.0,True,ok
data\interim\segmented\stuttering\7189742740425542955_seg_015.wav,7189742740425542955_seg_015.wav,7189742740425542955,True,16000,1,3.0,-21.8419,-0.9595,0.4973,0.0,True,ok
data\interim\segmented\stuttering\7189742740425542955_seg_016.wav,7189742740425542955_seg_016.wav,7189742740425542955,True,16000,1,3.0,-26.8543,-9.7734,0.1417,0.0,True,ok
data\interim\segmented\stuttering\7189742740425542955_seg_017.wav,7189742740425542955_seg_017.wav,7189742740425542955,True,16000,1,3.0,-23.4133,-7.6255,0.1883,0.0,True,ok
data\interim\segmented\stuttering\7189742740425542955_seg_018.wav,7189742740425542955_seg_018.wav,7189742740425542955,True,16000,1,3.0,-27.7123,-10.6744,0.1633,0.0,True,ok
data\interim\segmented\stuttering\7189742740425542955_seg_019.wav,7189742740425542955_seg_019.wav,7189742740425542955,True,16000,1,3.0,-26.3502,-7.2467,0.4996,0.0,True,ok
data\interim\segmented\stuttering\7189742740425542955_seg_020.wav,7189742740425542955_seg_020.wav,7189742740425542955,True,16000,1,3.0,-22.6692,-7.6523,0.2867,0.0,True,ok
data\interim\segmented\stuttering\7189742740425542955_seg_021.wav,7189742740425542955_seg_021.wav,7189742740425542955,True,16000,1,3.0,-22.9799,-4.0574,0.3338,0.0,True,ok
data\interim\segmented\stuttering\7189742740425542955_seg_022.wav,7189742740425542955_seg_022.wav,7189742740425542955,True,16000,1,3.0,-24.1202,-6.6152,0.4294,0.0,True,ok
data\interim\segmented\stuttering\7189742740425542955_seg_023.wav,7189742740425542955_seg_023.wav,7189742740425542955,True,16000,1,3.0,-25.7944,-9.9767,0.2597,0.0,True,ok
data\interim\segmented\stuttering\7189742740425542955_seg_024.wav,7189742740425542955_seg_024.wav,7189742740425542955,True,16000,1,3.0,-27.7931,-9.0867,0.6798,0.0,True,ok
data\interim\segmented\stuttering\7189742740425542955_seg_025.wav,7189742740425542955_seg_025.wav,7189742740425542955,True,16000,1,3.0,-22.0873,-7.3332,0.3955,0.0,True,ok
data\interim\segmented\stuttering\7189742740425542955_seg_026.wav,7189742740425542955_seg_026.wav,7189742740425542955,True,16000,1,3.0,-28.5147,-7.3209,0.6215,0.0,True,ok
data\interim\segmented\stuttering\7189742740425542955_seg_027.wav,7189742740425542955_seg_027.wav,7189742740425542955,True,16000,1,3.0,-25.8493,-10.5655,0.3878,0.0,True,ok
data\interim\segmented\stuttering\7189742740425542955_seg_028.wav,7189742740425542955_seg_028.wav,7189742740425542955,True,16000,1,3.0,-24.6467,-9.9109,0.2554,0.0,True,ok
data\interim\segmented\stuttering\7189742740425542955_seg_029.wav,7189742740425542955_seg_029.wav,7189742740425542955,True,16000,1,3.0,-29.3856,-12.3202,0.4689,0.0,True,ok
data\interim\segmented\stuttering\7189742740425542955_seg_030.wav,7189742740425542955_seg_030.wav,7189742740425542955,True,16000,1,3.0,-24.6187,-9.8217,0.4081,0.0,True,ok
data\interim\segmented\stuttering\7189742740425542955_seg_031.wav,7189742740425542955_seg_031.wav,7189742740425542955,True,16000,1,3.0,-24.6506,-9.1587,0.2712,0.0,True,ok
data\interim\segmented\stuttering\7189742740425542955_seg_032.wav,7189742740425542955_seg_032.wav,7189742740425542955,True,16000,1,3.0,-25.4643,-10.8594,0.37,0.0,True,ok
data\interim\segmented\stuttering\7189742740425542955_seg_033.wav,7189742740425542955_seg_033.wav,7189742740425542955,True,16000,1,3.0,-24.3822,-8.2871,0.1284,0.0,True,ok
data\interim\segmented\stuttering\7189742740425542955_seg_034.wav,7189742740425542955_seg_034.wav,7189742740425542955,True,16000,1,3.0,-25.3922,-6.304,0.3673,0.0,True,ok
data\interim\segmented\stuttering\7189742740425542955_seg_035.wav,7189742740425542955_seg_035.wav,7189742740425542955,True,16000,1,3.0,-24.344,-8.3188,0.3209,0.0,True,ok
data\interim\segmented\stuttering\7189742740425542955_seg_036.wav,7189742740425542955_seg_036.wav,7189742740425542955,True,16000,1,3.0,-25.819,-9.0596,0.4605,0.0,True,ok
data\interim\segmented\stuttering\7189742740425542955_seg_037.wav,7189742740425542955_seg_037.wav,7189742740425542955,True,16000,1,3.0,-27.6903,-9.1854,0.5124,0.0,True,ok
data\interim\segmented\stuttering\7189742740425542955_seg_038.wav,7189742740425542955_seg_038.wav,7189742740425542955,True,16000,1,3.0,-24.3034,-5.2447,0.472,0.0,True,ok
data\interim\segmented\stuttering\7189742740425542955_seg_039.wav,7189742740425542955_seg_039.wav,7189742740425542955,True,16000,1,3.0,-24.266,-8.5003,0.2165,0.0,True,ok
data\interim\segmented\stuttering\7189742740425542955_seg_040.wav,7189742740425542955_seg_040.wav,7189742740425542955,True,16000,1,3.0,-23.9902,-5.8256,0.4508,0.0,True,ok
data\interim\segmented\stuttering\7189742740425542955_seg_041.wav,7189742740425542955_seg_041.wav,7189742740425542955,True,16000,1,3.0,-23.4387,-8.2466,0.4566,0.0,True,ok
data\interim\segmented\stuttering\7189742740425542955_seg_042.wav,7189742740425542955_seg_042.wav,7189742740425542955,True,16000,1,3.0,-22.5208,-4.959,0.2353,0.0,True,ok
data\interim\segmented\stuttering\7189742740425542955_seg_043.wav,7189742740425542955_seg_043.wav,7189742740425542955,True,16000,1,3.0,-24.4419,-8.0535,0.5714,0.0,True,ok
data\interim\segmented\stuttering\7189742740425542955_seg_044.wav,7189742740425542955_seg_044.wav,7189742740425542955,True,16000,1,3.0,-25.3837,-4.0274,0.5158,0.0,True,ok
data\interim\segmented\stuttering\7189742740425542955_seg_045.wav,7189742740425542955_seg_045.wav,7189742740425542955,True,16000,1,3.0,-26.6933,-8.8032,0.3646,0.0,True,ok
data\interim\segmented\stuttering\7189742740425542955_seg_046.wav,7189742740425542955_seg_046.wav,7189742740425542955,True,16000,1,3.0,-28.6973,-8.3078,0.564,0.0,True,ok
data\interim\segmented\stuttering\7189742740425542955_seg_047.wav,7189742740425542955_seg_047.wav,7189742740425542955,True,16000,1,3.0,-27.872,-9.0988,0.658,0.0,True,ok
data\interim\segmented\stuttering\7189742740425542955_seg_048.wav,7189742740425542955_seg_048.wav,7189742740425542955,True,16000,1,3.0,-26.1594,-5.6954,0.5887,0.0,True,ok
data\interim\segmented\stuttering\7189742740425542955_seg_049.wav,7189742740425542955_seg_049.wav,7189742740425542955,True,16000,1,2.099,-24.0533,-3.2603,0.4154,0.0,True,ok
data\interim\segmented\stuttering\7334481576874577154_seg_000.wav,7334481576874577154_seg_000.wav,7334481576874577154,True,16000,1,3.0,-28.4395,-10.739,0.2703,0.0,True,ok
data\interim\segmented\stuttering\7334481576874577154_seg_001.wav,7334481576874577154_seg_001.wav,7334481576874577154,True,16000,1,3.0,-34.3556,-13.9247,0.5404,0.0,True,ok
data\interim\segmented\stuttering\7334481576874577154_seg_002.wav,7334481576874577154_seg_002.wav,7334481576874577154,True,16000,1,3.0,-33.0769,-16.4838,0.4246,0.0,True,ok
data\interim\segmented\stuttering\7334481576874577154_seg_003.wav,7334481576874577154_seg_003.wav,7334481576874577154,True,16000,1,3.0,-34.9119,-14.028,0.6105,0.0,True,ok
data\interim\segmented\stuttering\7334481576874577154_seg_004.wav,7334481576874577154_seg_004.wav,7334481576874577154,True,16000,1,3.0,-35.0706,-19.3044,0.4723,0.0,True,ok
data\interim\segmented\stuttering\7334481576874577154_seg_005.wav,7334481576874577154_seg_005.wav,7334481576874577154,True,16000,1,3.0,-32.9205,-17.6114,0.4287,0.0,True,ok
data\interim\segmented\stuttering\7334481576874577154_seg_006.wav,7334481576874577154_seg_006.wav,7334481576874577154,True,16000,1,3.0,-29.7766,-14.2823,0.358,0.0,True,ok
data\interim\segmented\stuttering\7334481576874577154_seg_007.wav,7334481576874577154_seg_007.wav,7334481576874577154,True,16000,1,3.0,-34.2223,-16.5335,0.4428,0.0,True,ok
data\interim\segmented\stuttering\7334481576874577154_seg_008.wav,7334481576874577154_seg_008.wav,7334481576874577154,True,16000,1,3.0,-33.2991,-14.8274,0.5234,0.0,True,ok
data\interim\segmented\stuttering\7334481576874577154_seg_009.wav,7334481576874577154_seg_009.wav,7334481576874577154,True,16000,1,3.0,-35.7455,-21.3689,0.4799,0.0,True,ok
data\interim\segmented\stuttering\7334481576874577154_seg_010.wav,7334481576874577154_seg_010.wav,7334481576874577154,True,16000,1,3.0,-32.9609,-17.5392,0.4227,0.0,True,ok
data\interim\segmented\stuttering\7334481576874577154_seg_011.wav,7334481576874577154_seg_011.wav,7334481576874577154,True,16000,1,3.0,-33.2843,-14.8684,0.4707,0.0,True,ok
data\interim\segmented\stuttering\7334481576874577154_seg_012.wav,7334481576874577154_seg_012.wav,7334481576874577154,True,16000,1,3.0,-36.3799,-14.791,0.6185,0.0,True,ok
data\interim\segmented\stuttering\7334481576874577154_seg_013.wav,7334481576874577154_seg_013.wav,7334481576874577154,True,16000,1,3.0,-32.1564,-15.6853,0.3299,0.0,True,ok
data\interim\segmented\stuttering\7334481576874577154_seg_014.wav,7334481576874577154_seg_014.wav,7334481576874577154,True,16000,1,3.0,-34.9335,-17.3574,0.4999,0.0,True,ok
data\interim\segmented\stuttering\7334481576874577154_seg_015.wav,7334481576874577154_seg_015.wav,7334481576874577154,True,16000,1,3.0,-33.7842,-18.0237,0.4148,0.0,True,ok
data\interim\segmented\stuttering\7334481576874577154_seg_016.wav,7334481576874577154_seg_016.wav,7334481576874577154,True,16000,1,3.0,-36.1212,-19.8993,0.5558,0.0,True,ok
data\interim\segmented\stuttering\7334481576874577154_seg_017.wav,7334481576874577154_seg_017.wav,7334481576874577154,True,16000,1,3.0,-33.5543,-16.6733,0.5225,0.0,True,ok
data\interim\segmented\stuttering\7334481576874577154_seg_018.wav,7334481576874577154_seg_018.wav,7334481576874577154,True,16000,1,3.0,-35.3806,-16.3001,0.6244,0.0,True,ok
data\interim\segmented\stuttering\7334481576874577154_seg_019.wav,7334481576874577154_seg_019.wav,7334481576874577154,True,16000,1,3.0,-33.9351,-16.8652,0.4286,0.0,True,ok
data\interim\segmented\stuttering\7334481576874577154_seg_020.wav,7334481576874577154_seg_020.wav,7334481576874577154,True,16000,1,3.0,-36.5238,-17.8192,0.5374,0.0,True,ok
data\interim\segmented\stuttering\7334481576874577154_seg_021.wav,7334481576874577154_seg_021.wav,7334481576874577154,True,16000,1,3.0,-35.808,-18.5773,0.5339,0.0,True,ok
data\interim\segmented\stuttering\7334481576874577154_seg_022.wav,7334481576874577154_seg_022.wav,7334481576874577154,True,16000,1,3.0,-33.7423,-16.6987,0.4857,0.0,True,ok
data\interim\segmented\stuttering\7334481576874577154_seg_023.wav,7334481576874577154_seg_023.wav,7334481576874577154,True,16000,1,3.0,-34.5543,-18.8076,0.3744,0.0,True,ok
data\interim\segmented\stuttering\7334481576874577154_seg_024.wav,7334481576874577154_seg_024.wav,7334481576874577154,True,16000,1,3.0,-36.9463,-18.5145,0.7077,0.0,True,ok
data\interim\segmented\stuttering\7334481576874577154_seg_025.wav,7334481576874577154_seg_025.wav,7334481576874577154,True,16000,1,3.0,-32.5802,-16.3871,0.5182,0.0,True,ok
data\interim\segmented\stuttering\7334481576874577154_seg_026.wav,7334481576874577154_seg_026.wav,7334481576874577154,True,16000,1,3.0,-33.4357,-15.9091,0.3804,0.0,True,ok
data\interim\segmented\stuttering\7334481576874577154_seg_027.wav,7334481576874577154_seg_027.wav,7334481576874577154,True,16000,1,3.0,-33.3614,-13.8748,0.4303,0.0,True,ok
data\interim\segmented\stuttering\7334481576874577154_seg_028.wav,7334481576874577154_seg_028.wav,7334481576874577154,True,16000,1,3.0,-37.2022,-21.2579,0.5772,0.0,True,ok
data\interim\segmented\stuttering\7334481576874577154_seg_029.wav,7334481576874577154_seg_029.wav,7334481576874577154,True,16000,1,3.0,-32.1493,-16.0779,0.6425,0.0,True,ok
data\interim\segmented\stuttering\7334481576874577154_seg_030.wav,7334481576874577154_seg_030.wav,7334481576874577154,True,16000,1,3.0,-31.7321,-14.6538,0.3638,0.0,True,ok
data\interim\segmented\stuttering\7334481576874577154_seg_031.wav,7334481576874577154_seg_031.wav,7334481576874577154,True,16000,1,3.0,-39.8059,-24.057,0.6497,0.0,True,ok
data\interim\segmented\stuttering\7334481576874577154_seg_032.wav,7334481576874577154_seg_032.wav,7334481576874577154,True,16000,1,3.0,-30.0825,-11.3319,0.4397,0.0,True,ok
data\interim\segmented\stuttering\7334481576874577154_seg_033.wav,7334481576874577154_seg_033.wav,7334481576874577154,True,16000,1,3.0,-32.4907,-15.4435,0.3659,0.0,True,ok
data\interim\segmented\stuttering\7334481576874577154_seg_034.wav,7334481576874577154_seg_034.wav,7334481576874577154,True,16000,1,3.0,-33.1488,-12.1275,0.5262,0.0,True,ok
data\interim\segmented\stuttering\7334481576874577154_seg_035.wav,7334481576874577154_seg_035.wav,7334481576874577154,True,16000,1,3.0,-34.0051,-13.4219,0.6173,0.0,True,ok
data\interim\segmented\stuttering\7334481576874577154_seg_036.wav,7334481576874577154_seg_036.wav,7334481576874577154,True,16000,1,3.0,-35.6552,-18.8006,0.4659,0.0,True,ok
data\interim\segmented\stuttering\7334481576874577154_seg_037.wav,7334481576874577154_seg_037.wav,7334481576874577154,True,16000,1,3.0,-34.2974,-17.8399,0.5043,0.0,True,ok
data\interim\segmented\stuttering\7334481576874577154_seg_038.wav,7334481576874577154_seg_038.wav,7334481576874577154,True,16000,1,3.0,-34.7885,-13.3415,0.7265,0.0,True,ok
data\interim\segmented\stuttering\7334481576874577154_seg_039.wav,7334481576874577154_seg_039.wav,7334481576874577154,True,16000,1,3.0,-32.4425,-13.0891,0.5174,0.0,True,ok
data\interim\segmented\stuttering\7334481576874577154_seg_040.wav,7334481576874577154_seg_040.wav,7334481576874577154,True,16000,1,3.0,-32.7461,-15.4907,0.4831,0.0,True,ok
data\interim\segmented\stuttering\7334481576874577154_seg_041.wav,7334481576874577154_seg_041.wav,7334481576874577154,True,16000,1,3.0,-32.5247,-16.0695,0.554,0.0,True,ok
data\interim\segmented\stuttering\7334481576874577154_seg_042.wav,7334481576874577154_seg_042.wav,7334481576874577154,True,16000,1,3.0,-30.7348,-15.3143,0.3746,0.0,True,ok
data\interim\segmented\stuttering\7334481576874577154_seg_043.wav,7334481576874577154_seg_043.wav,7334481576874577154,True,16000,1,3.0,-31.3023,-11.9989,0.4187,0.0,True,ok
data\interim\segmented\stuttering\7334481576874577154_seg_044.wav,7334481576874577154_seg_044.wav,7334481576874577154,True,16000,1,3.0,-28.9594,-11.3027,0.4116,0.0,True,ok
data\interim\segmented\stuttering\7334481576874577154_seg_045.wav,7334481576874577154_seg_045.wav,7334481576874577154,True,16000,1,3.0,-30.5245,-14.9748,0.431,0.0,True,ok
data\interim\segmented\stuttering\7334481576874577154_seg_046.wav,7334481576874577154_seg_046.wav,7334481576874577154,True,16000,1,3.0,-31.2296,-14.7171,0.4953,0.0,True,ok
data\interim\segmented\stuttering\7334481576874577154_seg_047.wav,7334481576874577154_seg_047.wav,7334481576874577154,True,16000,1,3.0,-31.412,-12.1029,0.3517,0.0,True,ok
data\interim\segmented\stuttering\7334481576874577154_seg_048.wav,7334481576874577154_seg_048.wav,7334481576874577154,True,16000,1,3.0,-33.5508,-15.8596,0.4636,0.0,True,ok
data\interim\segmented\stuttering\7334481576874577154_seg_049.wav,7334481576874577154_seg_049.wav,7334481576874577154,True,16000,1,3.0,-31.4307,-13.5245,0.5092,0.0,True,ok
data\interim\segmented\stuttering\7334481576874577154_seg_050.wav,7334481576874577154_seg_050.wav,7334481576874577154,True,16000,1,3.0,-33.2922,-17.3672,0.3524,0.0,True,ok
data\interim\segmented\stuttering\7334481576874577154_seg_051.wav,7334481576874577154_seg_051.wav,7334481576874577154,True,16000,1,3.0,-30.2491,-13.7088,0.4428,0.0,True,ok
data\interim\segmented\stuttering\7334481576874577154_seg_052.wav,7334481576874577154_seg_052.wav,7334481576874577154,True,16000,1,3.0,-30.4286,-13.0093,0.4614,0.0,True,ok
data\interim\segmented\stuttering\7334481576874577154_seg_053.wav,7334481576874577154_seg_053.wav,7334481576874577154,True,16000,1,3.0,-29.913,-13.3403,0.2714,0.0,True,ok
data\interim\segmented\stuttering\7334481576874577154_seg_054.wav,7334481576874577154_seg_054.wav,7334481576874577154,True,16000,1,3.0,-33.4527,-17.6943,0.4844,0.0,True,ok
data\interim\segmented\stuttering\7334481576874577154_seg_055.wav,7334481576874577154_seg_055.wav,7334481576874577154,True,16000,1,1.62,-32.8489,-15.6692,0.3548,0.0,True,ok
data\interim\segmented\stuttering\7348194719043734785_seg_000.wav,7348194719043734785_seg_000.wav,7348194719043734785,True,16000,1,3.0,-29.3264,-11.9243,0.3025,0.0,True,ok
data\interim\segmented\stuttering\7348194719043734785_seg_001.wav,7348194719043734785_seg_001.wav,7348194719043734785,True,16000,1,3.0,-32.7158,-17.2409,0.5447,0.0,True,ok
data\interim\segmented\stuttering\7348194719043734785_seg_002.wav,7348194719043734785_seg_002.wav,7348194719043734785,True,16000,1,3.0,-28.2847,-11.8327,0.4374,0.0,True,ok
data\interim\segmented\stuttering\7348194719043734785_seg_003.wav,7348194719043734785_seg_003.wav,7348194719043734785,True,16000,1,3.0,-31.0624,-15.3019,0.2958,0.0,True,ok
data\interim\segmented\stuttering\7348194719043734785_seg_004.wav,7348194719043734785_seg_004.wav,7348194719043734785,True,16000,1,3.0,-31.8424,-15.7598,0.4047,0.0,True,ok
data\interim\segmented\stuttering\7348194719043734785_seg_005.wav,7348194719043734785_seg_005.wav,7348194719043734785,True,16000,1,3.0,-30.0696,-15.19,0.3004,0.0,True,ok
data\interim\segmented\stuttering\7348194719043734785_seg_006.wav,7348194719043734785_seg_006.wav,7348194719043734785,True,16000,1,3.0,-32.4662,-16.5924,0.3026,0.0,True,ok
data\interim\segmented\stuttering\7348194719043734785_seg_007.wav,7348194719043734785_seg_007.wav,7348194719043734785,True,16000,1,3.0,-29.3042,-16.2088,0.1461,0.0,True,ok
data\interim\segmented\stuttering\7348194719043734785_seg_008.wav,7348194719043734785_seg_008.wav,7348194719043734785,True,16000,1,3.0,-25.3864,-11.6291,0.0939,0.0,True,ok
data\interim\segmented\stuttering\7348194719043734785_seg_009.wav,7348194719043734785_seg_009.wav,7348194719043734785,True,16000,1,3.0,-29.6498,-15.486,0.1941,0.0,True,ok
data\interim\segmented\stuttering\7348194719043734785_seg_010.wav,7348194719043734785_seg_010.wav,7348194719043734785,True,16000,1,3.0,-31.5602,-20.1008,0.1866,0.0,True,ok
data\interim\segmented\stuttering\7348194719043734785_seg_011.wav,7348194719043734785_seg_011.wav,7348194719043734785,True,16000,1,3.0,-31.7855,-17.6578,0.2817,0.0,True,ok
data\interim\segmented\stuttering\7348194719043734785_seg_012.wav,7348194719043734785_seg_012.wav,7348194719043734785,True,16000,1,3.0,-32.669,-16.9431,0.1949,0.0,True,ok
data\interim\segmented\stuttering\7348194719043734785_seg_013.wav,7348194719043734785_seg_013.wav,7348194719043734785,True,16000,1,3.0,-29.2838,-11.4639,0.2521,0.0,True,ok
data\interim\segmented\stuttering\7348194719043734785_seg_014.wav,7348194719043734785_seg_014.wav,7348194719043734785,True,16000,1,3.0,-34.483,-18.1556,0.5806,0.0,True,ok
data\interim\segmented\stuttering\7348194719043734785_seg_015.wav,7348194719043734785_seg_015.wav,7348194719043734785,True,16000,1,3.0,-29.3394,-15.6676,0.227,0.0,True,ok
data\interim\segmented\stuttering\7348194719043734785_seg_016.wav,7348194719043734785_seg_016.wav,7348194719043734785,True,16000,1,3.0,-31.4085,-16.6049,0.381,0.0,True,ok
data\interim\segmented\stuttering\7348194719043734785_seg_017.wav,7348194719043734785_seg_017.wav,7348194719043734785,True,16000,1,3.0,-32.079,-16.5673,0.3488,0.0,True,ok
data\interim\segmented\stuttering\7348194719043734785_seg_018.wav,7348194719043734785_seg_018.wav,7348194719043734785,True,16000,1,3.0,-31.0296,-17.4281,0.2978,0.0,True,ok
data\interim\segmented\stuttering\7348194719043734785_seg_019.wav,7348194719043734785_seg_019.wav,7348194719043734785,True,16000,1,3.0,-30.3817,-10.059,0.3013,0.0,True,ok
data\interim\segmented\stuttering\7348194719043734785_seg_020.wav,7348194719043734785_seg_020.wav,7348194719043734785,True,16000,1,3.0,-33.7838,-18.7523,0.4834,0.0,True,ok
data\interim\segmented\stuttering\7348194719043734785_seg_021.wav,7348194719043734785_seg_021.wav,7348194719043734785,True,16000,1,3.0,-31.5343,-13.7139,0.64,0.0,True,ok
data\interim\segmented\stuttering\7348194719043734785_seg_022.wav,7348194719043734785_seg_022.wav,7348194719043734785,True,16000,1,3.0,-30.6916,-14.036,0.5676,0.0,True,ok
data\interim\segmented\stuttering\7348194719043734785_seg_023.wav,7348194719043734785_seg_023.wav,7348194719043734785,True,16000,1,3.0,-31.3567,-15.5906,0.6305,0.0,True,ok
data\interim\segmented\stuttering\7348194719043734785_seg_024.wav,7348194719043734785_seg_024.wav,7348194719043734785,True,16000,1,3.0,-30.7246,-15.1824,0.3696,0.0,True,ok
data\interim\segmented\stuttering\7348194719043734785_seg_025.wav,7348194719043734785_seg_025.wav,7348194719043734785,True,16000,1,3.0,-31.4896,-16.1729,0.3987,0.0,True,ok
data\interim\segmented\stuttering\7348194719043734785_seg_026.wav,7348194719043734785_seg_026.wav,7348194719043734785,True,16000,1,3.0,-30.6319,-16.1934,0.2999,0.0,True,ok
data\interim\segmented\stuttering\7348194719043734785_seg_027.wav,7348194719043734785_seg_027.wav,7348194719043734785,True,16000,1,3.0,-32.7053,-16.1883,0.4958,0.0,True,ok
data\interim\segmented\stuttering\7348194719043734785_seg_028.wav,7348194719043734785_seg_028.wav,7348194719043734785,True,16000,1,3.0,-31.6463,-17.1775,0.331,0.0,True,ok
data\interim\segmented\stuttering\7348194719043734785_seg_029.wav,7348194719043734785_seg_029.wav,7348194719043734785,True,16000,1,3.0,-32.2683,-17.6457,0.477,0.0,True,ok
data\interim\segmented\stuttering\7348194719043734785_seg_030.wav,7348194719043734785_seg_030.wav,7348194719043734785,True,16000,1,3.0,-33.2335,-17.5292,0.4586,0.0,True,ok
data\interim\segmented\stuttering\7348194719043734785_seg_031.wav,7348194719043734785_seg_031.wav,7348194719043734785,True,16000,1,3.0,-32.2928,-14.6266,0.4723,0.0,True,ok
data\interim\segmented\stuttering\7348194719043734785_seg_032.wav,7348194719043734785_seg_032.wav,7348194719043734785,True,16000,1,3.0,-31.215,-10.8714,0.6214,0.0,True,ok
data\interim\segmented\stuttering\7348194719043734785_seg_033.wav,7348194719043734785_seg_033.wav,7348194719043734785,True,16000,1,3.0,-29.4376,-14.9067,0.2919,0.0,True,ok
data\interim\segmented\stuttering\7348194719043734785_seg_034.wav,7348194719043734785_seg_034.wav,7348194719043734785,True,16000,1,3.0,-32.4748,-18.8748,0.2995,0.0,True,ok
data\interim\segmented\stuttering\7348194719043734785_seg_035.wav,7348194719043734785_seg_035.wav,7348194719043734785,True,16000,1,3.0,-32.6398,-17.7453,0.3256,0.0,True,ok
data\interim\segmented\stuttering\7348194719043734785_seg_036.wav,7348194719043734785_seg_036.wav,7348194719043734785,True,16000,1,2.594,-33.7511,-16.5691,0.4063,0.0,True,ok
data\interim\segmented\stuttering\7509547240784989482_seg_000.wav,7509547240784989482_seg_000.wav,7509547240784989482,True,16000,1,3.0,-36.9585,-16.755,0.5099,0.0,True,ok
data\interim\segmented\stuttering\7509547240784989482_seg_001.wav,7509547240784989482_seg_001.wav,7509547240784989482,True,16000,1,3.0,-36.5664,-17.5532,0.5011,0.0,True,ok
data\interim\segmented\stuttering\7509547240784989482_seg_002.wav,7509547240784989482_seg_002.wav,7509547240784989482,True,16000,1,3.0,-35.8327,-13.3563,0.4716,0.0,True,ok
data\interim\segmented\stuttering\7509547240784989482_seg_003.wav,7509547240784989482_seg_003.wav,7509547240784989482,True,16000,1,3.0,-34.7214,-12.0094,0.4278,0.0,True,ok
data\interim\segmented\stuttering\7509547240784989482_seg_004.wav,7509547240784989482_seg_004.wav,7509547240784989482,True,16000,1,3.0,-36.2204,-16.5691,0.4654,0.0,True,ok
data\interim\segmented\stuttering\7509547240784989482_seg_005.wav,7509547240784989482_seg_005.wav,7509547240784989482,True,16000,1,3.0,-37.0519,-17.2043,0.5227,0.0,True,ok
data\interim\segmented\stuttering\7511014266175114538_seg_000.wav,7511014266175114538_seg_000.wav,7511014266175114538,True,16000,1,3.0,-33.5465,-13.6767,0.4421,0.0,True,ok
data\interim\segmented\stuttering\7511014266175114538_seg_001.wav,7511014266175114538_seg_001.wav,7511014266175114538,True,16000,1,3.0,-30.3106,-12.9573,0.3184,0.0,True,ok
data\interim\segmented\stuttering\7511014266175114538_seg_002.wav,7511014266175114538_seg_002.wav,7511014266175114538,True,16000,1,3.0,-33.6373,-11.7431,0.4462,0.0,True,ok
data\interim\segmented\stuttering\7511014266175114538_seg_003.wav,7511014266175114538_seg_003.wav,7511014266175114538,True,16000,1,3.0,-32.1483,-12.135,0.3168,0.0,True,ok
data\interim\segmented\stuttering\7511014266175114538_seg_004.wav,7511014266175114538_seg_004.wav,7511014266175114538,True,16000,1,3.0,-33.1813,-11.092,0.3883,0.0,True,ok
data\interim\segmented\stuttering\7511014266175114538_seg_005.wav,7511014266175114538_seg_005.wav,7511014266175114538,True,16000,1,3.0,-33.2429,-10.7481,0.4228,0.0,True,ok
data\interim\segmented\stuttering\7511014266175114538_seg_006.wav,7511014266175114538_seg_006.wav,7511014266175114538,True,16000,1,3.0,-32.7717,-13.0212,0.3664,0.0,True,ok
data\interim\segmented\stuttering\7511014266175114538_seg_007.wav,7511014266175114538_seg_007.wav,7511014266175114538,True,16000,1,3.0,-31.9954,-14.6366,0.3804,0.0,True,ok
data\interim\segmented\stuttering\7511014266175114538_seg_008.wav,7511014266175114538_seg_008.wav,7511014266175114538,True,16000,1,3.0,-35.168,-14.651,0.4488,0.0,True,ok
data\interim\segmented\stuttering\7511014266175114538_seg_009.wav,7511014266175114538_seg_009.wav,7511014266175114538,True,16000,1,3.0,-34.549,-12.4415,0.4461,0.0,True,ok
data\interim\segmented\stuttering\7511014266175114538_seg_010.wav,7511014266175114538_seg_010.wav,7511014266175114538,True,16000,1,3.0,-33.7164,-12.7662,0.4292,0.0,True,ok
data\interim\segmented\stuttering\7511014266175114538_seg_011.wav,7511014266175114538_seg_011.wav,7511014266175114538,True,16000,1,3.0,-30.8348,-9.1785,0.3943,0.0,True,ok
data\interim\segmented\stuttering\7511014266175114538_seg_012.wav,7511014266175114538_seg_012.wav,7511014266175114538,True,16000,1,3.0,-32.7013,-9.1435,0.4331,0.0,True,ok
data\interim\segmented\stuttering\7511014266175114538_seg_013.wav,7511014266175114538_seg_013.wav,7511014266175114538,True,16000,1,3.0,-35.63,-14.4444,0.4451,0.0,True,ok
data\interim\segmented\stuttering\7511014266175114538_seg_014.wav,7511014266175114538_seg_014.wav,7511014266175114538,True,16000,1,3.0,-31.2384,-12.1942,0.3706,0.0,True,ok
data\interim\segmented\stuttering\7511014266175114538_seg_015.wav,7511014266175114538_seg_015.wav,7511014266175114538,True,16000,1,3.0,-34.3938,-15.4325,0.4838,0.0,True,ok
data\interim\segmented\stuttering\7511014266175114538_seg_016.wav,7511014266175114538_seg_016.wav,7511014266175114538,True,16000,1,3.0,-34.1879,-13.2557,0.4499,0.0,True,ok
data\interim\segmented\stuttering\7511014266175114538_seg_017.wav,7511014266175114538_seg_017.wav,7511014266175114538,True,16000,1,3.0,-34.3939,-12.4304,0.4651,0.0,True,ok
data\interim\segmented\stuttering\7511014266175114538_seg_018.wav,7511014266175114538_seg_018.wav,7511014266175114538,True,16000,1,3.0,-32.9511,-13.6041,0.3873,0.0,True,ok
data\interim\segmented\stuttering\7511014266175114538_seg_019.wav,7511014266175114538_seg_019.wav,7511014266175114538,True,16000,1,3.0,-34.8537,-16.8118,0.3898,0.0,True,ok
data\interim\segmented\stuttering\7511014266175114538_seg_020.wav,7511014266175114538_seg_020.wav,7511014266175114538,True,16000,1,3.0,-33.9242,-14.5796,0.3789,0.0,True,ok
data\interim\segmented\stuttering\7511014266175114538_seg_021.wav,7511014266175114538_seg_021.wav,7511014266175114538,True,16000,1,3.0,-31.8797,-14.5513,0.357,0.0,True,ok
data\interim\segmented\stuttering\7511014266175114538_seg_022.wav,7511014266175114538_seg_022.wav,7511014266175114538,True,16000,1,3.0,-34.9911,-13.7242,0.4299,0.0,True,ok
data\interim\segmented\stuttering\7511014266175114538_seg_023.wav,7511014266175114538_seg_023.wav,7511014266175114538,True,16000,1,3.0,-33.0556,-14.9956,0.3664,0.0,True,ok
data\interim\segmented\stuttering\7511014266175114538_seg_024.wav,7511014266175114538_seg_024.wav,7511014266175114538,True,16000,1,1.814,-34.635,-16.2828,0.4234,0.0,True,ok
data\interim\segmented\stuttering\7518094567300730167_seg_000.wav,7518094567300730167_seg_000.wav,7518094567300730167,True,16000,1,3.0,-34.8482,-15.3732,0.4128,0.0,True,ok
data\interim\segmented\stuttering\7518094567300730167_seg_001.wav,7518094567300730167_seg_001.wav,7518094567300730167,True,16000,1,3.0,-31.6614,-11.8028,0.3738,0.0,True,ok
data\interim\segmented\stuttering\7518094567300730167_seg_002.wav,7518094567300730167_seg_002.wav,7518094567300730167,True,16000,1,3.0,-33.9898,-13.9089,0.4036,0.0,True,ok
data\interim\segmented\stuttering\7518094567300730167_seg_003.wav,7518094567300730167_seg_003.wav,7518094567300730167,True,16000,1,3.0,-33.3606,-14.9318,0.384,0.0,True,ok
data\interim\segmented\stuttering\7518094567300730167_seg_004.wav,7518094567300730167_seg_004.wav,7518094567300730167,True,16000,1,3.0,-33.5049,-13.3292,0.3876,0.0,True,ok
data\interim\segmented\stuttering\7518094567300730167_seg_005.wav,7518094567300730167_seg_005.wav,7518094567300730167,True,16000,1,3.0,-34.7721,-14.7982,0.4309,0.0,True,ok
data\interim\segmented\stuttering\7518094567300730167_seg_006.wav,7518094567300730167_seg_006.wav,7518094567300730167,True,16000,1,3.0,-32.1788,-10.9984,0.416,0.0,True,ok
data\interim\segmented\stuttering\7518094567300730167_seg_007.wav,7518094567300730167_seg_007.wav,7518094567300730167,True,16000,1,3.0,-33.5402,-13.7435,0.3733,0.0,True,ok
data\interim\segmented\stuttering\7518094567300730167_seg_008.wav,7518094567300730167_seg_008.wav,7518094567300730167,True,16000,1,3.0,-32.2244,-12.6551,0.3424,0.0,True,ok
data\interim\segmented\stuttering\7518094567300730167_seg_009.wav,7518094567300730167_seg_009.wav,7518094567300730167,True,16000,1,3.0,-37.0025,-18.1943,0.4297,0.0,True,ok
data\interim\segmented\stuttering\7518094567300730167_seg_010.wav,7518094567300730167_seg_010.wav,7518094567300730167,True,16000,1,3.0,-32.2059,-14.6552,0.334,0.0,True,ok
data\interim\segmented\stuttering\7518094567300730167_seg_011.wav,7518094567300730167_seg_011.wav,7518094567300730167,True,16000,1,3.0,-32.5968,-13.7204,0.3884,0.0,True,ok
data\interim\segmented\stuttering\7518094567300730167_seg_012.wav,7518094567300730167_seg_012.wav,7518094567300730167,True,16000,1,3.0,-35.3675,-14.5371,0.4277,0.0,True,ok
data\interim\segmented\stuttering\7518094567300730167_seg_013.wav,7518094567300730167_seg_013.wav,7518094567300730167,True,16000,1,3.0,-38.8342,-19.1999,0.4894,0.0,True,ok
data\interim\segmented\stuttering\7518094567300730167_seg_014.wav,7518094567300730167_seg_014.wav,7518094567300730167,True,16000,1,3.0,-35.6831,-15.5334,0.4538,0.0,True,ok
data\interim\segmented\stuttering\7518094567300730167_seg_015.wav,7518094567300730167_seg_015.wav,7518094567300730167,True,16000,1,3.0,-33.0658,-14.2864,0.4,0.0,True,ok
data\interim\segmented\stuttering\7518094567300730167_seg_016.wav,7518094567300730167_seg_016.wav,7518094567300730167,True,16000,1,3.0,-35.1645,-15.4765,0.4124,0.0,True,ok
data\interim\segmented\stuttering\7518094567300730167_seg_017.wav,7518094567300730167_seg_017.wav,7518094567300730167,True,16000,1,3.0,-37.1334,-14.9023,0.4528,0.0,True,ok
data\interim\segmented\stuttering\7518094567300730167_seg_018.wav,7518094567300730167_seg_018.wav,7518094567300730167,True,16000,1,3.0,-33.6429,-13.7707,0.4126,0.0,True,ok
data\interim\segmented\stuttering\7518094567300730167_seg_019.wav,7518094567300730167_seg_019.wav,7518094567300730167,True,16000,1,3.0,-34.376,-14.7084,0.4063,0.0,True,ok
data\interim\segmented\stuttering\7518094567300730167_seg_020.wav,7518094567300730167_seg_020.wav,7518094567300730167,True,16000,1,3.0,-31.6364,-13.5813,0.3606,0.0,True,ok
data\interim\segmented\stuttering\7518094567300730167_seg_021.wav,7518094567300730167_seg_021.wav,7518094567300730167,True,16000,1,3.0,-37.0501,-14.5047,0.4927,0.0,True,ok
data\interim\segmented\stuttering\7583132378218958093_seg_000.wav,7583132378218958093_seg_000.wav,7583132378218958093,True,16000,1,3.0,-31.0904,-12.3411,0.5403,0.0,True,ok
data\interim\segmented\stuttering\7583132378218958093_seg_001.wav,7583132378218958093_seg_001.wav,7583132378218958093,True,16000,1,3.0,-33.0006,-13.6895,0.5766,0.0,True,ok
data\interim\segmented\stuttering\7583132378218958093_seg_002.wav,7583132378218958093_seg_002.wav,7583132378218958093,True,16000,1,3.0,-30.8831,-12.6324,0.3764,0.0,True,ok
data\interim\segmented\stuttering\7583132378218958093_seg_003.wav,7583132378218958093_seg_003.wav,7583132378218958093,True,16000,1,3.0,-28.2595,-6.7415,0.4679,0.0,True,ok
data\interim\segmented\stuttering\7583132378218958093_seg_004.wav,7583132378218958093_seg_004.wav,7583132378218958093,True,16000,1,3.0,-24.9824,-6.8127,0.5732,0.0,True,ok
data\interim\segmented\stuttering\7583132378218958093_seg_005.wav,7583132378218958093_seg_005.wav,7583132378218958093,True,16000,1,3.0,-23.9237,-6.7231,0.3888,0.0,True,ok
data\interim\segmented\stuttering\7583132378218958093_seg_006.wav,7583132378218958093_seg_006.wav,7583132378218958093,True,16000,1,3.0,-27.0526,-7.0517,0.4681,0.0,True,ok
data\interim\segmented\stuttering\7583132378218958093_seg_007.wav,7583132378218958093_seg_007.wav,7583132378218958093,True,16000,1,3.0,-24.6701,-6.8005,0.4526,0.0,True,ok
data\interim\segmented\stuttering\7583132378218958093_seg_008.wav,7583132378218958093_seg_008.wav,7583132378218958093,True,16000,1,3.0,-30.6861,-12.4349,0.4074,0.0,True,ok
data\interim\segmented\stuttering\7583132378218958093_seg_009.wav,7583132378218958093_seg_009.wav,7583132378218958093,True,16000,1,3.0,-31.1793,-9.4764,0.6262,0.0,True,ok
data\interim\segmented\stuttering\7583132378218958093_seg_010.wav,7583132378218958093_seg_010.wav,7583132378218958093,True,16000,1,3.0,-28.3654,-11.5066,0.4187,0.0,True,ok
data\interim\segmented\stuttering\7583132378218958093_seg_011.wav,7583132378218958093_seg_011.wav,7583132378218958093,True,16000,1,3.0,-30.6109,-11.3682,0.6828,0.0,True,ok
data\interim\segmented\stuttering\7583132378218958093_seg_012.wav,7583132378218958093_seg_012.wav,7583132378218958093,True,16000,1,3.0,-28.5785,-7.83,0.6132,0.0,True,ok
data\interim\segmented\stuttering\7583132378218958093_seg_013.wav,7583132378218958093_seg_013.wav,7583132378218958093,True,16000,1,3.0,-26.6001,-7.1424,0.1823,0.0,True,ok
data\interim\segmented\stuttering\7583132378218958093_seg_014.wav,7583132378218958093_seg_014.wav,7583132378218958093,True,16000,1,3.0,-30.6538,-14.2276,0.425,0.0,True,ok
data\interim\segmented\stuttering\7583132378218958093_seg_015.wav,7583132378218958093_seg_015.wav,7583132378218958093,True,16000,1,3.0,-39.3212,-19.6285,0.6024,0.0,True,ok
data\interim\segmented\stuttering\7583132378218958093_seg_016.wav,7583132378218958093_seg_016.wav,7583132378218958093,True,16000,1,3.0,-24.0741,-6.7698,0.5058,0.0,True,ok
data\interim\segmented\stuttering\7583132378218958093_seg_017.wav,7583132378218958093_seg_017.wav,7583132378218958093,True,16000,1,3.0,-29.2095,-9.7051,0.3506,0.0,True,ok
data\interim\segmented\stuttering\7583132378218958093_seg_018.wav,7583132378218958093_seg_018.wav,7583132378218958093,True,16000,1,3.0,-44.9436,-20.9008,0.7956,0.0,True,ok
data\interim\segmented\stuttering\7583132378218958093_seg_019.wav,7583132378218958093_seg_019.wav,7583132378218958093,True,16000,1,3.0,-32.5365,-11.3339,0.5897,0.0,True,ok
data\interim\segmented\stuttering\7583132378218958093_seg_020.wav,7583132378218958093_seg_020.wav,7583132378218958093,True,16000,1,3.0,-31.8606,-11.38,0.4791,0.0,True,ok
data\interim\segmented\stuttering\7583132378218958093_seg_021.wav,7583132378218958093_seg_021.wav,7583132378218958093,True,16000,1,3.0,-29.3026,-10.1361,0.4266,0.0,True,ok
data\interim\segmented\stuttering\7583132378218958093_seg_022.wav,7583132378218958093_seg_022.wav,7583132378218958093,True,16000,1,3.0,-32.14,-8.3701,0.4625,0.0,True,ok
data\interim\segmented\stuttering\7583132378218958093_seg_023.wav,7583132378218958093_seg_023.wav,7583132378218958093,True,16000,1,3.0,-29.7359,-10.6817,0.3849,0.0,True,ok
data\interim\segmented\stuttering\7583132378218958093_seg_024.wav,7583132378218958093_seg_024.wav,7583132378218958093,True,16000,1,3.0,-28.9172,-9.9325,0.2837,0.0,True,ok
data\interim\segmented\stuttering\7583132378218958093_seg_025.wav,7583132378218958093_seg_025.wav,7583132378218958093,True,16000,1,3.0,-29.4743,-8.8743,0.4652,0.0,True,ok
data\interim\segmented\stuttering\7583132378218958093_seg_026.wav,7583132378218958093_seg_026.wav,7583132378218958093,True,16000,1,3.0,-37.7956,-17.844,0.5388,0.0,True,ok
data\interim\segmented\stuttering\7583132378218958093_seg_027.wav,7583132378218958093_seg_027.wav,7583132378218958093,True,16000,1,3.0,-26.7532,-6.7606,0.2933,0.0,True,ok
data\interim\segmented\stuttering\7583132378218958093_seg_028.wav,7583132378218958093_seg_028.wav,7583132378218958093,True,16000,1,3.0,-30.7633,-12.7881,0.4507,0.0,True,ok
data\interim\segmented\stuttering\7583132378218958093_seg_029.wav,7583132378218958093_seg_029.wav,7583132378218958093,True,16000,1,3.0,-32.8115,-17.3204,0.3434,0.0,True,ok
data\interim\segmented\stuttering\7583132378218958093_seg_030.wav,7583132378218958093_seg_030.wav,7583132378218958093,True,16000,1,3.0,-33.5416,-10.3412,0.5076,0.0,True,ok
data\interim\segmented\stuttering\7583132378218958093_seg_031.wav,7583132378218958093_seg_031.wav,7583132378218958093,True,16000,1,2.488,-30.6091,-7.5505,0.4989,0.0,True,ok
data\interim\segmented\stuttering\7592299166060055839_seg_000.wav,7592299166060055839_seg_000.wav,7592299166060055839,True,16000,1,3.0,-31.8802,-14.2563,0.5703,0.0,True,ok
data\interim\segmented\stuttering\7592299166060055839_seg_001.wav,7592299166060055839_seg_001.wav,7592299166060055839,True,16000,1,3.0,-37.8861,-19.3044,0.6127,0.0,True,ok
data\interim\segmented\stuttering\7592299166060055839_seg_002.wav,7592299166060055839_seg_002.wav,7592299166060055839,True,16000,1,3.0,-32.149,-11.7863,0.4008,0.0,True,ok
data\interim\segmented\stuttering\7592299166060055839_seg_003.wav,7592299166060055839_seg_003.wav,7592299166060055839,True,16000,1,3.0,-33.424,-16.2984,0.4754,0.0,True,ok
data\interim\segmented\stuttering\7592299166060055839_seg_004.wav,7592299166060055839_seg_004.wav,7592299166060055839,True,16000,1,3.0,-35.7019,-16.4081,0.526,0.0,True,ok
data\interim\segmented\stuttering\7592299166060055839_seg_005.wav,7592299166060055839_seg_005.wav,7592299166060055839,True,16000,1,3.0,-38.6309,-17.4045,0.7497,0.0,True,ok
data\interim\segmented\stuttering\7592299166060055839_seg_006.wav,7592299166060055839_seg_006.wav,7592299166060055839,True,16000,1,3.0,-32.5786,-14.4963,0.4915,0.0,True,ok
data\interim\segmented\stuttering\7592299166060055839_seg_007.wav,7592299166060055839_seg_007.wav,7592299166060055839,True,16000,1,3.0,-31.2268,-10.3194,0.586,0.0,True,ok
data\interim\segmented\stuttering\7592299166060055839_seg_008.wav,7592299166060055839_seg_008.wav,7592299166060055839,True,16000,1,3.0,-32.9462,-14.2878,0.6185,0.0,True,ok
data\interim\segmented\stuttering\7592299166060055839_seg_009.wav,7592299166060055839_seg_009.wav,7592299166060055839,True,16000,1,3.0,-31.3713,-8.8905,0.5956,0.0,True,ok
data\interim\segmented\stuttering\7592299166060055839_seg_010.wav,7592299166060055839_seg_010.wav,7592299166060055839,True,16000,1,3.0,-35.7277,-18.7523,0.5954,0.0,True,ok
data\interim\segmented\stuttering\7592299166060055839_seg_011.wav,7592299166060055839_seg_011.wav,7592299166060055839,True,16000,1,3.0,-35.7891,-13.7178,0.6909,0.0,True,ok
data\interim\segmented\stuttering\7592299166060055839_seg_012.wav,7592299166060055839_seg_012.wav,7592299166060055839,True,16000,1,3.0,-39.5166,-20.5974,0.7337,0.0,True,ok
data\interim\segmented\stuttering\7592299166060055839_seg_013.wav,7592299166060055839_seg_013.wav,7592299166060055839,True,16000,1,3.0,-35.3817,-9.68,0.866,0.0,False,mostly_silence:0.87
data\interim\segmented\stuttering\7592299166060055839_seg_014.wav,7592299166060055839_seg_014.wav,7592299166060055839,True,16000,1,3.0,-35.5155,-7.7255,0.5868,0.0,True,ok
data\interim\segmented\stuttering\7592299166060055839_seg_015.wav,7592299166060055839_seg_015.wav,7592299166060055839,True,16000,1,3.0,-35.7803,-15.9108,0.6944,0.0,True,ok
data\interim\segmented\stuttering\7592299166060055839_seg_016.wav,7592299166060055839_seg_016.wav,7592299166060055839,True,16000,1,3.0,-35.165,-10.528,0.5858,0.0,True,ok
data\interim\segmented\stuttering\7592299166060055839_seg_017.wav,7592299166060055839_seg_017.wav,7592299166060055839,True,16000,1,3.0,-40.8166,-17.5252,0.7984,0.0,True,ok
data\interim\segmented\stuttering\7592299166060055839_seg_018.wav,7592299166060055839_seg_018.wav,7592299166060055839,True,16000,1,3.0,-37.5193,-6.199,0.7655,0.0,True,ok
data\interim\segmented\stuttering\7592299166060055839_seg_019.wav,7592299166060055839_seg_019.wav,7592299166060055839,True,16000,1,3.0,-35.2963,-15.339,0.4941,0.0,True,ok
data\interim\segmented\stuttering\7592299166060055839_seg_020.wav,7592299166060055839_seg_020.wav,7592299166060055839,True,16000,1,3.0,-36.7169,-18.4057,0.6095,0.0,True,ok
data\interim\segmented\stuttering\7592299166060055839_seg_021.wav,7592299166060055839_seg_021.wav,7592299166060055839,True,16000,1,3.0,-29.7691,-7.4556,0.553,0.0,True,ok
data\interim\segmented\stuttering\7592299166060055839_seg_022.wav,7592299166060055839_seg_022.wav,7592299166060055839,True,16000,1,3.0,-31.8521,-11.5707,0.5696,0.0,True,ok
data\interim\segmented\stuttering\7592299166060055839_seg_023.wav,7592299166060055839_seg_023.wav,7592299166060055839,True,16000,1,3.0,-32.0438,-14.5089,0.3422,0.0,True,ok
data\interim\segmented\stuttering\7592299166060055839_seg_024.wav,7592299166060055839_seg_024.wav,7592299166060055839,True,16000,1,3.0,-37.461,-18.9379,0.5835,0.0,True,ok
data\interim\segmented\stuttering\7592299166060055839_seg_025.wav,7592299166060055839_seg_025.wav,7592299166060055839,True,16000,1,3.0,-35.6175,-17.145,0.5331,0.0,True,ok
data\interim\segmented\stuttering\7592299166060055839_seg_026.wav,7592299166060055839_seg_026.wav,7592299166060055839,True,16000,1,3.0,-32.6966,-11.2029,0.6105,0.0,True,ok
data\interim\segmented\stuttering\7605234960105999647_seg_000.wav,7605234960105999647_seg_000.wav,7605234960105999647,True,16000,1,3.0,-27.5589,-11.378,0.2179,0.0,True,ok
data\interim\segmented\stuttering\7605234960105999647_seg_001.wav,7605234960105999647_seg_001.wav,7605234960105999647,True,16000,1,3.0,-30.6384,-14.3043,0.2174,0.0,True,ok
data\interim\segmented\stuttering\7605234960105999647_seg_002.wav,7605234960105999647_seg_002.wav,7605234960105999647,True,16000,1,3.0,-26.6729,-1.1938,0.1804,0.0,True,ok
data\interim\segmented\stuttering\7605234960105999647_seg_003.wav,7605234960105999647_seg_003.wav,7605234960105999647,True,16000,1,3.0,-26.5974,-10.4086,0.177,0.0,True,ok
data\interim\segmented\stuttering\7605234960105999647_seg_004.wav,7605234960105999647_seg_004.wav,7605234960105999647,True,16000,1,3.0,-25.9968,-5.1061,0.2268,0.0,True,ok
data\interim\segmented\stuttering\7605234960105999647_seg_005.wav,7605234960105999647_seg_005.wav,7605234960105999647,True,16000,1,3.0,-26.4319,-7.6985,0.2772,0.0,True,ok
data\interim\segmented\stuttering\7605234960105999647_seg_006.wav,7605234960105999647_seg_006.wav,7605234960105999647,True,16000,1,3.0,-27.9179,-0.6159,0.2309,0.0,True,ok
data\interim\segmented\stuttering\7605234960105999647_seg_007.wav,7605234960105999647_seg_007.wav,7605234960105999647,True,16000,1,3.0,-28.4114,-10.8086,0.3743,0.0,True,ok
data\interim\segmented\stuttering\7605234960105999647_seg_008.wav,7605234960105999647_seg_008.wav,7605234960105999647,True,16000,1,3.0,-27.4922,-4.6575,0.3744,0.0,True,ok
data\interim\segmented\stuttering\7605234960105999647_seg_009.wav,7605234960105999647_seg_009.wav,7605234960105999647,True,16000,1,3.0,-27.6811,-1.284,0.3499,0.0,True,ok
data\interim\segmented\stuttering\7605234960105999647_seg_010.wav,7605234960105999647_seg_010.wav,7605234960105999647,True,16000,1,3.0,-23.3513,-5.5944,0.2072,0.0,True,ok
data\interim\segmented\stuttering\7605234960105999647_seg_011.wav,7605234960105999647_seg_011.wav,7605234960105999647,True,16000,1,3.0,-24.0169,-4.8175,0.2275,0.0,True,ok
data\interim\segmented\stuttering\7605234960105999647_seg_012.wav,7605234960105999647_seg_012.wav,7605234960105999647,True,16000,1,3.0,-26.7579,-8.1723,0.3927,0.0,True,ok
data\interim\segmented\stuttering\7605234960105999647_seg_013.wav,7605234960105999647_seg_013.wav,7605234960105999647,True,16000,1,3.0,-24.7722,-6.5851,0.1941,0.0,True,ok
data\interim\segmented\stuttering\7605234960105999647_seg_014.wav,7605234960105999647_seg_014.wav,7605234960105999647,True,16000,1,3.0,-30.4184,-13.4706,0.3878,0.0,True,ok
data\interim\segmented\stuttering\7605234960105999647_seg_015.wav,7605234960105999647_seg_015.wav,7605234960105999647,True,16000,1,3.0,-31.0401,-10.7664,0.3456,0.0,True,ok
data\interim\segmented\stuttering\7605234960105999647_seg_016.wav,7605234960105999647_seg_016.wav,7605234960105999647,True,16000,1,3.0,-28.5888,-5.2214,0.3854,0.0,True,ok
data\interim\segmented\stuttering\7605234960105999647_seg_017.wav,7605234960105999647_seg_017.wav,7605234960105999647,True,16000,1,3.0,-23.654,-6.4828,0.3168,0.0,True,ok
data\interim\segmented\stuttering\AdgBK2_WQK0_seg_000.wav,AdgBK2_WQK0_seg_000.wav,AdgBK2_WQK0,True,16000,1,3.0,-28.6191,-10.3412,0.4432,0.0,True,ok
data\interim\segmented\stuttering\AdgBK2_WQK0_seg_001.wav,AdgBK2_WQK0_seg_001.wav,AdgBK2_WQK0,True,16000,1,3.0,-30.8538,-10.8659,0.6187,0.0,True,ok
data\interim\segmented\stuttering\AdgBK2_WQK0_seg_002.wav,AdgBK2_WQK0_seg_002.wav,AdgBK2_WQK0,True,16000,1,3.0,-32.3142,-15.353,0.4288,0.0,True,ok
data\interim\segmented\stuttering\AdgBK2_WQK0_seg_003.wav,AdgBK2_WQK0_seg_003.wav,AdgBK2_WQK0,True,16000,1,3.0,-32.2949,-12.5555,0.3352,0.0,True,ok
data\interim\segmented\stuttering\AdgBK2_WQK0_seg_004.wav,AdgBK2_WQK0_seg_004.wav,AdgBK2_WQK0,True,16000,1,3.0,-26.1977,-8.3528,0.2781,0.0,True,ok
data\interim\segmented\stuttering\AdgBK2_WQK0_seg_005.wav,AdgBK2_WQK0_seg_005.wav,AdgBK2_WQK0,True,16000,1,3.0,-30.0169,-10.4016,0.4588,0.0,True,ok
data\interim\segmented\stuttering\AdgBK2_WQK0_seg_006.wav,AdgBK2_WQK0_seg_006.wav,AdgBK2_WQK0,True,16000,1,3.0,-31.9531,-15.4091,0.4544,0.0,True,ok
data\interim\segmented\stuttering\AdgBK2_WQK0_seg_007.wav,AdgBK2_WQK0_seg_007.wav,AdgBK2_WQK0,True,16000,1,3.0,-27.9809,-11.5777,0.3069,0.0,True,ok
data\interim\segmented\stuttering\AdgBK2_WQK0_seg_008.wav,AdgBK2_WQK0_seg_008.wav,AdgBK2_WQK0,True,16000,1,3.0,-27.256,-10.4412,0.405,0.0,True,ok
data\interim\segmented\stuttering\AdgBK2_WQK0_seg_009.wav,AdgBK2_WQK0_seg_009.wav,AdgBK2_WQK0,True,16000,1,3.0,-30.6168,-15.5874,0.5485,0.0,True,ok
data\interim\segmented\stuttering\AdgBK2_WQK0_seg_010.wav,AdgBK2_WQK0_seg_010.wav,AdgBK2_WQK0,True,16000,1,3.0,-26.2436,-9.8152,0.4104,0.0,True,ok
data\interim\segmented\stuttering\AdgBK2_WQK0_seg_011.wav,AdgBK2_WQK0_seg_011.wav,AdgBK2_WQK0,True,16000,1,3.0,-27.3006,-11.7442,0.2566,0.0,True,ok
data\interim\segmented\stuttering\AdgBK2_WQK0_seg_012.wav,AdgBK2_WQK0_seg_012.wav,AdgBK2_WQK0,True,16000,1,3.0,-25.6369,-8.949,0.4837,0.0,True,ok
data\interim\segmented\stuttering\AdgBK2_WQK0_seg_013.wav,AdgBK2_WQK0_seg_013.wav,AdgBK2_WQK0,True,16000,1,3.0,-28.771,-11.3329,0.2695,0.0,True,ok
data\interim\segmented\stuttering\AdgBK2_WQK0_seg_014.wav,AdgBK2_WQK0_seg_014.wav,AdgBK2_WQK0,True,16000,1,3.0,-36.1909,-6.085,0.6587,0.0,True,ok
data\interim\segmented\stuttering\AdgBK2_WQK0_seg_015.wav,AdgBK2_WQK0_seg_015.wav,AdgBK2_WQK0,True,16000,1,3.0,-31.4388,-14.823,0.322,0.0,True,ok
data\interim\segmented\stuttering\AdgBK2_WQK0_seg_016.wav,AdgBK2_WQK0_seg_016.wav,AdgBK2_WQK0,True,16000,1,3.0,-34.5681,-16.6409,0.6296,0.0,True,ok
data\interim\segmented\stuttering\AdgBK2_WQK0_seg_017.wav,AdgBK2_WQK0_seg_017.wav,AdgBK2_WQK0,True,16000,1,3.0,-28.5399,-10.5548,0.4158,0.0,True,ok
data\interim\segmented\stuttering\AdgBK2_WQK0_seg_018.wav,AdgBK2_WQK0_seg_018.wav,AdgBK2_WQK0,True,16000,1,3.0,-27.9574,-10.1814,0.4415,0.0,True,ok
data\interim\segmented\stuttering\AdgBK2_WQK0_seg_019.wav,AdgBK2_WQK0_seg_019.wav,AdgBK2_WQK0,True,16000,1,3.0,-29.8183,-10.1575,0.4285,0.0,True,ok
data\interim\segmented\stuttering\AdgBK2_WQK0_seg_020.wav,AdgBK2_WQK0_seg_020.wav,AdgBK2_WQK0,True,16000,1,3.0,-28.3418,-12.795,0.3079,0.0,True,ok
data\interim\segmented\stuttering\AdgBK2_WQK0_seg_021.wav,AdgBK2_WQK0_seg_021.wav,AdgBK2_WQK0,True,16000,1,3.0,-26.9043,-8.4077,0.3421,0.0,True,ok
data\interim\segmented\stuttering\AdgBK2_WQK0_seg_022.wav,AdgBK2_WQK0_seg_022.wav,AdgBK2_WQK0,True,16000,1,3.0,-27.1393,-11.6291,0.3979,0.0,True,ok
data\interim\segmented\stuttering\AdgBK2_WQK0_seg_023.wav,AdgBK2_WQK0_seg_023.wav,AdgBK2_WQK0,True,16000,1,3.0,-27.0847,-9.3573,0.4156,0.0,True,ok
data\interim\segmented\stuttering\AdgBK2_WQK0_seg_024.wav,AdgBK2_WQK0_seg_024.wav,AdgBK2_WQK0,True,16000,1,3.0,-28.8586,-10.3229,0.2311,0.0,True,ok
data\interim\segmented\stuttering\AdgBK2_WQK0_seg_025.wav,AdgBK2_WQK0_seg_025.wav,AdgBK2_WQK0,True,16000,1,3.0,-27.0308,-7.5354,0.5494,0.0,True,ok
data\interim\segmented\stuttering\AdgBK2_WQK0_seg_026.wav,AdgBK2_WQK0_seg_026.wav,AdgBK2_WQK0,True,16000,1,3.0,-24.878,-7.1986,0.35,0.0,True,ok
data\interim\segmented\stuttering\AdgBK2_WQK0_seg_027.wav,AdgBK2_WQK0_seg_027.wav,AdgBK2_WQK0,True,16000,1,3.0,-27.6604,-9.9901,0.3869,0.0,True,ok
data\interim\segmented\stuttering\AdgBK2_WQK0_seg_028.wav,AdgBK2_WQK0_seg_028.wav,AdgBK2_WQK0,True,16000,1,3.0,-27.6537,-9.9466,0.2958,0.0,True,ok
data\interim\segmented\stuttering\AdgBK2_WQK0_seg_029.wav,AdgBK2_WQK0_seg_029.wav,AdgBK2_WQK0,True,16000,1,3.0,-27.8503,-13.1865,0.2581,0.0,True,ok
data\interim\segmented\stuttering\AdgBK2_WQK0_seg_030.wav,AdgBK2_WQK0_seg_030.wav,AdgBK2_WQK0,True,16000,1,3.0,-27.6024,-12.6904,0.3325,0.0,True,ok
data\interim\segmented\stuttering\AdgBK2_WQK0_seg_031.wav,AdgBK2_WQK0_seg_031.wav,AdgBK2_WQK0,True,16000,1,3.0,-29.3601,-10.9608,0.3241,0.0,True,ok
data\interim\segmented\stuttering\AdgBK2_WQK0_seg_032.wav,AdgBK2_WQK0_seg_032.wav,AdgBK2_WQK0,True,16000,1,3.0,-30.0654,-14.4556,0.4031,0.0,True,ok
data\interim\segmented\stuttering\AdgBK2_WQK0_seg_033.wav,AdgBK2_WQK0_seg_033.wav,AdgBK2_WQK0,True,16000,1,3.0,-28.7632,-11.2842,0.3254,0.0,True,ok
data\interim\segmented\stuttering\AdgBK2_WQK0_seg_034.wav,AdgBK2_WQK0_seg_034.wav,AdgBK2_WQK0,True,16000,1,3.0,-35.3976,-18.6609,0.5235,0.0,True,ok
data\interim\segmented\stuttering\AdgBK2_WQK0_seg_035.wav,AdgBK2_WQK0_seg_035.wav,AdgBK2_WQK0,True,16000,1,3.0,-25.2485,-8.1587,0.4429,0.0,True,ok
data\interim\segmented\stuttering\AdgBK2_WQK0_seg_036.wav,AdgBK2_WQK0_seg_036.wav,AdgBK2_WQK0,True,16000,1,3.0,-26.2894,-9.5756,0.339,0.0,True,ok
data\interim\segmented\stuttering\AdgBK2_WQK0_seg_037.wav,AdgBK2_WQK0_seg_037.wav,AdgBK2_WQK0,True,16000,1,3.0,-26.9994,-9.618,0.4657,0.0,True,ok
data\interim\segmented\stuttering\AdgBK2_WQK0_seg_038.wav,AdgBK2_WQK0_seg_038.wav,AdgBK2_WQK0,True,16000,1,3.0,-28.1105,-11.3515,0.2591,0.0,True,ok
data\interim\segmented\stuttering\AdgBK2_WQK0_seg_039.wav,AdgBK2_WQK0_seg_039.wav,AdgBK2_WQK0,True,16000,1,3.0,-27.8388,-9.2859,0.5249,0.0,True,ok
data\interim\segmented\stuttering\AdgBK2_WQK0_seg_040.wav,AdgBK2_WQK0_seg_040.wav,AdgBK2_WQK0,True,16000,1,3.0,-29.7042,-12.0944,0.4259,0.0,True,ok
data\interim\segmented\stuttering\AdgBK2_WQK0_seg_041.wav,AdgBK2_WQK0_seg_041.wav,AdgBK2_WQK0,True,16000,1,3.0,-26.8136,-10.6455,0.3802,0.0,True,ok
data\interim\segmented\stuttering\AdgBK2_WQK0_seg_042.wav,AdgBK2_WQK0_seg_042.wav,AdgBK2_WQK0,True,16000,1,3.0,-26.6986,-8.2837,0.4191,0.0,True,ok
data\interim\segmented\stuttering\AdgBK2_WQK0_seg_043.wav,AdgBK2_WQK0_seg_043.wav,AdgBK2_WQK0,True,16000,1,3.0,-26.3736,-9.0913,0.2553,0.0,True,ok
data\interim\segmented\stuttering\AdgBK2_WQK0_seg_044.wav,AdgBK2_WQK0_seg_044.wav,AdgBK2_WQK0,True,16000,1,3.0,-30.4685,-12.4238,0.3038,0.0,True,ok
data\interim\segmented\stuttering\AdgBK2_WQK0_seg_045.wav,AdgBK2_WQK0_seg_045.wav,AdgBK2_WQK0,True,16000,1,3.0,-31.4968,-12.3137,0.6813,0.0,True,ok
data\interim\segmented\stuttering\AdgBK2_WQK0_seg_046.wav,AdgBK2_WQK0_seg_046.wav,AdgBK2_WQK0,True,16000,1,3.0,-24.6241,-8.4287,0.4048,0.0,True,ok
data\interim\segmented\stuttering\AdgBK2_WQK0_seg_047.wav,AdgBK2_WQK0_seg_047.wav,AdgBK2_WQK0,True,16000,1,3.0,-28.4447,-9.7205,0.4112,0.0,True,ok
data\interim\segmented\stuttering\AdgBK2_WQK0_seg_048.wav,AdgBK2_WQK0_seg_048.wav,AdgBK2_WQK0,True,16000,1,3.0,-30.5512,-12.5353,0.3238,0.0,True,ok
data\interim\segmented\stuttering\AdgBK2_WQK0_seg_049.wav,AdgBK2_WQK0_seg_049.wav,AdgBK2_WQK0,True,16000,1,3.0,-29.3848,-11.9222,0.4158,0.0,True,ok
data\interim\segmented\stuttering\AdgBK2_WQK0_seg_050.wav,AdgBK2_WQK0_seg_050.wav,AdgBK2_WQK0,True,16000,1,3.0,-28.0929,-13.301,0.2233,0.0,True,ok
data\interim\segmented\stuttering\AdgBK2_WQK0_seg_051.wav,AdgBK2_WQK0_seg_051.wav,AdgBK2_WQK0,True,16000,1,3.0,-34.8197,-14.9023,0.4748,0.0,True,ok
data\interim\segmented\stuttering\AdgBK2_WQK0_seg_052.wav,AdgBK2_WQK0_seg_052.wav,AdgBK2_WQK0,True,16000,1,3.0,-31.9806,-15.3266,0.5213,0.0,True,ok
data\interim\segmented\stuttering\AdgBK2_WQK0_seg_053.wav,AdgBK2_WQK0_seg_053.wav,AdgBK2_WQK0,True,16000,1,3.0,-28.4217,-12.3708,0.4101,0.0,True,ok
data\interim\segmented\stuttering\AdgBK2_WQK0_seg_054.wav,AdgBK2_WQK0_seg_054.wav,AdgBK2_WQK0,True,16000,1,3.0,-33.7454,-14.92,0.5088,0.0,True,ok
data\interim\segmented\stuttering\AdgBK2_WQK0_seg_055.wav,AdgBK2_WQK0_seg_055.wav,AdgBK2_WQK0,True,16000,1,3.0,-33.7582,-13.5749,0.2655,0.0,True,ok
data\interim\segmented\stuttering\AdgBK2_WQK0_seg_056.wav,AdgBK2_WQK0_seg_056.wav,AdgBK2_WQK0,True,16000,1,3.0,-25.7173,-9.1785,0.4939,0.0,True,ok
data\interim\segmented\stuttering\AdgBK2_WQK0_seg_057.wav,AdgBK2_WQK0_seg_057.wav,AdgBK2_WQK0,True,16000,1,3.0,-27.2448,-9.9867,0.4123,0.0,True,ok
data\interim\segmented\stuttering\AdgBK2_WQK0_seg_058.wav,AdgBK2_WQK0_seg_058.wav,AdgBK2_WQK0,True,16000,1,3.0,-31.6372,-13.7371,0.4255,0.0,True,ok
data\interim\segmented\stuttering\AdgBK2_WQK0_seg_059.wav,AdgBK2_WQK0_seg_059.wav,AdgBK2_WQK0,True,16000,1,3.0,-30.4639,-10.9197,0.4641,0.0,True,ok
data\interim\segmented\stuttering\AdgBK2_WQK0_seg_060.wav,AdgBK2_WQK0_seg_060.wav,AdgBK2_WQK0,True,16000,1,3.0,-26.7271,-7.4231,0.2841,0.0,True,ok
data\interim\segmented\stuttering\AdgBK2_WQK0_seg_061.wav,AdgBK2_WQK0_seg_061.wav,AdgBK2_WQK0,True,16000,1,3.0,-29.3133,-13.7655,0.3914,0.0,True,ok
data\interim\segmented\stuttering\AdgBK2_WQK0_seg_062.wav,AdgBK2_WQK0_seg_062.wav,AdgBK2_WQK0,True,16000,1,3.0,-32.6509,-14.5825,0.5413,0.0,True,ok
data\interim\segmented\stuttering\AdgBK2_WQK0_seg_063.wav,AdgBK2_WQK0_seg_063.wav,AdgBK2_WQK0,True,16000,1,3.0,-28.3787,-11.0948,0.2935,0.0,True,ok
data\interim\segmented\stuttering\AdgBK2_WQK0_seg_064.wav,AdgBK2_WQK0_seg_064.wav,AdgBK2_WQK0,True,16000,1,3.0,-29.3317,-11.3731,0.4721,0.0,True,ok
data\interim\segmented\stuttering\AdgBK2_WQK0_seg_065.wav,AdgBK2_WQK0_seg_065.wav,AdgBK2_WQK0,True,16000,1,3.0,-26.2796,-8.5307,0.3549,0.0,True,ok
data\interim\segmented\stuttering\AdgBK2_WQK0_seg_066.wav,AdgBK2_WQK0_seg_066.wav,AdgBK2_WQK0,True,16000,1,3.0,-27.0982,-8.1811,0.2996,0.0,True,ok
data\interim\segmented\stuttering\AdgBK2_WQK0_seg_067.wav,AdgBK2_WQK0_seg_067.wav,AdgBK2_WQK0,True,16000,1,3.0,-26.923,-10.6545,0.4407,0.0,True,ok
data\interim\segmented\stuttering\AdgBK2_WQK0_seg_068.wav,AdgBK2_WQK0_seg_068.wav,AdgBK2_WQK0,True,16000,1,3.0,-30.0485,-14.2481,0.2016,0.0,True,ok
data\interim\segmented\stuttering\AdgBK2_WQK0_seg_069.wav,AdgBK2_WQK0_seg_069.wav,AdgBK2_WQK0,True,16000,1,3.0,-29.0757,-13.4033,0.3085,0.0,True,ok
data\interim\segmented\stuttering\AdgBK2_WQK0_seg_070.wav,AdgBK2_WQK0_seg_070.wav,AdgBK2_WQK0,True,16000,1,3.0,-28.6429,-8.7682,0.4577,0.0,True,ok
data\interim\segmented\stuttering\AdgBK2_WQK0_seg_071.wav,AdgBK2_WQK0_seg_071.wav,AdgBK2_WQK0,True,16000,1,3.0,-26.4898,-8.9304,0.4692,0.0,True,ok
data\interim\segmented\stuttering\AdgBK2_WQK0_seg_072.wav,AdgBK2_WQK0_seg_072.wav,AdgBK2_WQK0,True,16000,1,3.0,-27.3377,-10.5897,0.4763,0.0,True,ok
data\interim\segmented\stuttering\AdgBK2_WQK0_seg_073.wav,AdgBK2_WQK0_seg_073.wav,AdgBK2_WQK0,True,16000,1,3.0,-31.0957,-14.0628,0.3727,0.0,True,ok
data\interim\segmented\stuttering\AdgBK2_WQK0_seg_074.wav,AdgBK2_WQK0_seg_074.wav,AdgBK2_WQK0,True,16000,1,3.0,-28.0523,-11.6352,0.2798,0.0,True,ok
data\interim\segmented\stuttering\AdgBK2_WQK0_seg_075.wav,AdgBK2_WQK0_seg_075.wav,AdgBK2_WQK0,True,16000,1,3.0,-28.2767,-8.0837,0.4473,0.0,True,ok
data\interim\segmented\stuttering\AdgBK2_WQK0_seg_076.wav,AdgBK2_WQK0_seg_076.wav,AdgBK2_WQK0,True,16000,1,3.0,-27.6534,-9.8275,0.4796,0.0,True,ok
data\interim\segmented\stuttering\AdgBK2_WQK0_seg_077.wav,AdgBK2_WQK0_seg_077.wav,AdgBK2_WQK0,True,16000,1,3.0,-29.6531,-11.0191,0.5083,0.0,True,ok
data\interim\segmented\stuttering\AdgBK2_WQK0_seg_078.wav,AdgBK2_WQK0_seg_078.wav,AdgBK2_WQK0,True,16000,1,3.0,-29.2779,-10.9515,0.2703,0.0,True,ok
data\interim\segmented\stuttering\AdgBK2_WQK0_seg_079.wav,AdgBK2_WQK0_seg_079.wav,AdgBK2_WQK0,True,16000,1,3.0,-28.7522,-10.2131,0.337,0.0,True,ok
data\interim\segmented\stuttering\AdgBK2_WQK0_seg_080.wav,AdgBK2_WQK0_seg_080.wav,AdgBK2_WQK0,True,16000,1,3.0,-30.0379,-10.3003,0.3772,0.0,True,ok
data\interim\segmented\stuttering\AdgBK2_WQK0_seg_081.wav,AdgBK2_WQK0_seg_081.wav,AdgBK2_WQK0,True,16000,1,3.0,-27.174,-9.8547,0.4065,0.0,True,ok
data\interim\segmented\stuttering\AdgBK2_WQK0_seg_082.wav,AdgBK2_WQK0_seg_082.wav,AdgBK2_WQK0,True,16000,1,3.0,-30.9969,-13.3909,0.3537,0.0,True,ok
data\interim\segmented\stuttering\AdgBK2_WQK0_seg_083.wav,AdgBK2_WQK0_seg_083.wav,AdgBK2_WQK0,True,16000,1,3.0,-26.7775,-8.3251,0.396,0.0,True,ok
data\interim\segmented\stuttering\AdgBK2_WQK0_seg_084.wav,AdgBK2_WQK0_seg_084.wav,AdgBK2_WQK0,True,16000,1,3.0,-27.8458,-11.8514,0.3362,0.0,True,ok
data\interim\segmented\stuttering\AdgBK2_WQK0_seg_085.wav,AdgBK2_WQK0_seg_085.wav,AdgBK2_WQK0,True,16000,1,3.0,-31.6127,-12.7823,0.4713,0.0,True,ok
data\interim\segmented\stuttering\AdgBK2_WQK0_seg_086.wav,AdgBK2_WQK0_seg_086.wav,AdgBK2_WQK0,True,16000,1,3.0,-30.0381,-9.2022,0.4816,0.0,True,ok
data\interim\segmented\stuttering\AdgBK2_WQK0_seg_087.wav,AdgBK2_WQK0_seg_087.wav,AdgBK2_WQK0,True,16000,1,3.0,-27.3951,-8.5371,0.5989,0.0,True,ok
data\interim\segmented\stuttering\AdgBK2_WQK0_seg_088.wav,AdgBK2_WQK0_seg_088.wav,AdgBK2_WQK0,True,16000,1,3.0,-26.3637,-10.0304,0.3807,0.0,True,ok
data\interim\segmented\stuttering\AdgBK2_WQK0_seg_089.wav,AdgBK2_WQK0_seg_089.wav,AdgBK2_WQK0,True,16000,1,3.0,-29.1863,-10.7436,0.3342,0.0,True,ok
data\interim\segmented\stuttering\AdgBK2_WQK0_seg_090.wav,AdgBK2_WQK0_seg_090.wav,AdgBK2_WQK0,True,16000,1,3.0,-30.9856,-13.5497,0.4062,0.0,True,ok
data\interim\segmented\stuttering\AdgBK2_WQK0_seg_091.wav,AdgBK2_WQK0_seg_091.wav,AdgBK2_WQK0,True,16000,1,3.0,-29.4464,-10.4703,0.6595,0.0,True,ok
data\interim\segmented\stuttering\AdgBK2_WQK0_seg_092.wav,AdgBK2_WQK0_seg_092.wav,AdgBK2_WQK0,True,16000,1,3.0,-29.5242,-10.4359,0.3223,0.0,True,ok
data\interim\segmented\stuttering\AdgBK2_WQK0_seg_093.wav,AdgBK2_WQK0_seg_093.wav,AdgBK2_WQK0,True,16000,1,3.0,-28.3588,-11.8898,0.3515,0.0,True,ok
data\interim\segmented\stuttering\AdgBK2_WQK0_seg_094.wav,AdgBK2_WQK0_seg_094.wav,AdgBK2_WQK0,True,16000,1,3.0,-25.8702,-8.2796,0.3521,0.0,True,ok
data\interim\segmented\stuttering\AdgBK2_WQK0_seg_095.wav,AdgBK2_WQK0_seg_095.wav,AdgBK2_WQK0,True,16000,1,3.0,-30.1693,-12.8857,0.4771,0.0,True,ok
data\interim\segmented\stuttering\AdgBK2_WQK0_seg_096.wav,AdgBK2_WQK0_seg_096.wav,AdgBK2_WQK0,True,16000,1,3.0,-28.8661,-7.9226,0.271,0.0,True,ok
data\interim\segmented\stuttering\AdgBK2_WQK0_seg_097.wav,AdgBK2_WQK0_seg_097.wav,AdgBK2_WQK0,True,16000,1,3.0,-29.0492,-14.0923,0.3041,0.0,True,ok
data\interim\segmented\stuttering\AdgBK2_WQK0_seg_098.wav,AdgBK2_WQK0_seg_098.wav,AdgBK2_WQK0,True,16000,1,3.0,-30.1064,-9.5996,0.6059,0.0,True,ok
data\interim\segmented\stuttering\AdgBK2_WQK0_seg_099.wav,AdgBK2_WQK0_seg_099.wav,AdgBK2_WQK0,True,16000,1,3.0,-31.6081,-9.6429,0.7033,0.0,True,ok
data\interim\segmented\stuttering\AdgBK2_WQK0_seg_100.wav,AdgBK2_WQK0_seg_100.wav,AdgBK2_WQK0,True,16000,1,3.0,-25.9053,-9.7759,0.2786,0.0,True,ok
data\interim\segmented\stuttering\AdgBK2_WQK0_seg_101.wav,AdgBK2_WQK0_seg_101.wav,AdgBK2_WQK0,True,16000,1,3.0,-32.2272,-15.7273,0.4074,0.0,True,ok
data\interim\segmented\stuttering\AdgBK2_WQK0_seg_102.wav,AdgBK2_WQK0_seg_102.wav,AdgBK2_WQK0,True,16000,1,3.0,-28.1791,-10.0776,0.3494,0.0,True,ok
data\interim\segmented\stuttering\AdgBK2_WQK0_seg_103.wav,AdgBK2_WQK0_seg_103.wav,AdgBK2_WQK0,True,16000,1,3.0,-27.649,-10.1464,0.4466,0.0,True,ok
data\interim\segmented\stuttering\AdgBK2_WQK0_seg_104.wav,AdgBK2_WQK0_seg_104.wav,AdgBK2_WQK0,True,16000,1,3.0,-26.241,-8.9431,0.4181,0.0,True,ok
data\interim\segmented\stuttering\AdgBK2_WQK0_seg_105.wav,AdgBK2_WQK0_seg_105.wav,AdgBK2_WQK0,True,16000,1,3.0,-28.169,-9.7849,0.3592,0.0,True,ok
data\interim\segmented\stuttering\AdgBK2_WQK0_seg_106.wav,AdgBK2_WQK0_seg_106.wav,AdgBK2_WQK0,True,16000,1,3.0,-28.7733,-10.84,0.3584,0.0,True,ok
data\interim\segmented\stuttering\AdgBK2_WQK0_seg_107.wav,AdgBK2_WQK0_seg_107.wav,AdgBK2_WQK0,True,16000,1,3.0,-29.4075,-11.8638,0.5585,0.0,True,ok
data\interim\segmented\stuttering\AdgBK2_WQK0_seg_108.wav,AdgBK2_WQK0_seg_108.wav,AdgBK2_WQK0,True,16000,1,3.0,-24.8235,-7.802,0.2616,0.0,True,ok
data\interim\segmented\stuttering\AdgBK2_WQK0_seg_109.wav,AdgBK2_WQK0_seg_109.wav,AdgBK2_WQK0,True,16000,1,3.0,-28.0098,-10.6654,0.3801,0.0,True,ok
data\interim\segmented\stuttering\AdgBK2_WQK0_seg_110.wav,AdgBK2_WQK0_seg_110.wav,AdgBK2_WQK0,True,16000,1,3.0,-29.2452,-9.3939,0.4253,0.0,True,ok
data\interim\segmented\stuttering\AdgBK2_WQK0_seg_111.wav,AdgBK2_WQK0_seg_111.wav,AdgBK2_WQK0,True,16000,1,3.0,-27.6324,-8.9691,0.2959,0.0,True,ok
data\interim\segmented\stuttering\AdgBK2_WQK0_seg_112.wav,AdgBK2_WQK0_seg_112.wav,AdgBK2_WQK0,True,16000,1,3.0,-28.1461,-9.9333,0.2469,0.0,True,ok
data\interim\segmented\stuttering\AdgBK2_WQK0_seg_113.wav,AdgBK2_WQK0_seg_113.wav,AdgBK2_WQK0,True,16000,1,3.0,-28.1992,-10.3177,0.3256,0.0,True,ok
data\interim\segmented\stuttering\AdgBK2_WQK0_seg_114.wav,AdgBK2_WQK0_seg_114.wav,AdgBK2_WQK0,True,16000,1,3.0,-28.3404,-12.164,0.3468,0.0,True,ok
data\interim\segmented\stuttering\AdgBK2_WQK0_seg_115.wav,AdgBK2_WQK0_seg_115.wav,AdgBK2_WQK0,True,16000,1,3.0,-31.5508,-13.4232,0.501,0.0,True,ok
data\interim\segmented\stuttering\AdgBK2_WQK0_seg_116.wav,AdgBK2_WQK0_seg_116.wav,AdgBK2_WQK0,True,16000,1,3.0,-28.9792,-9.2167,0.4551,0.0,True,ok
data\interim\segmented\stuttering\AdgBK2_WQK0_seg_117.wav,AdgBK2_WQK0_seg_117.wav,AdgBK2_WQK0,True,16000,1,3.0,-28.5289,-13.8044,0.2242,0.0,True,ok
data\interim\segmented\stuttering\AdgBK2_WQK0_seg_118.wav,AdgBK2_WQK0_seg_118.wav,AdgBK2_WQK0,True,16000,1,3.0,-30.9414,-11.4698,0.5154,0.0,True,ok
data\interim\segmented\stuttering\AdgBK2_WQK0_seg_119.wav,AdgBK2_WQK0_seg_119.wav,AdgBK2_WQK0,True,16000,1,3.0,-31.2534,-12.0444,0.3785,0.0,True,ok
data\interim\segmented\stuttering\AdgBK2_WQK0_seg_120.wav,AdgBK2_WQK0_seg_120.wav,AdgBK2_WQK0,True,16000,1,3.0,-31.9418,-15.8794,0.2964,0.0,True,ok
data\interim\segmented\stuttering\AdgBK2_WQK0_seg_121.wav,AdgBK2_WQK0_seg_121.wav,AdgBK2_WQK0,True,16000,1,3.0,-33.0876,-16.2277,0.5125,0.0,True,ok
data\interim\segmented\stuttering\AdgBK2_WQK0_seg_122.wav,AdgBK2_WQK0_seg_122.wav,AdgBK2_WQK0,True,16000,1,3.0,-29.774,-11.073,0.3559,0.0,True,ok
data\interim\segmented\stuttering\AdgBK2_WQK0_seg_123.wav,AdgBK2_WQK0_seg_123.wav,AdgBK2_WQK0,True,16000,1,3.0,-30.4112,-11.9149,0.3467,0.0,True,ok
data\interim\segmented\stuttering\AdgBK2_WQK0_seg_124.wav,AdgBK2_WQK0_seg_124.wav,AdgBK2_WQK0,True,16000,1,3.0,-31.0171,-11.4302,0.2948,0.0,True,ok
data\interim\segmented\stuttering\AdgBK2_WQK0_seg_125.wav,AdgBK2_WQK0_seg_125.wav,AdgBK2_WQK0,True,16000,1,3.0,-35.6147,-20.6202,0.2496,0.0,True,ok
data\interim\segmented\stuttering\AdgBK2_WQK0_seg_126.wav,AdgBK2_WQK0_seg_126.wav,AdgBK2_WQK0,True,16000,1,3.0,-29.3875,-11.6231,0.4373,0.0,True,ok
data\interim\segmented\stuttering\AdgBK2_WQK0_seg_127.wav,AdgBK2_WQK0_seg_127.wav,AdgBK2_WQK0,True,16000,1,3.0,-36.6827,-18.7753,0.6924,0.0,True,ok
data\interim\segmented\stuttering\AdgBK2_WQK0_seg_128.wav,AdgBK2_WQK0_seg_128.wav,AdgBK2_WQK0,True,16000,1,3.0,-27.8326,-11.6565,0.3351,0.0,True,ok
data\interim\segmented\stuttering\AdgBK2_WQK0_seg_129.wav,AdgBK2_WQK0_seg_129.wav,AdgBK2_WQK0,True,16000,1,3.0,-30.3403,-9.296,0.5182,0.0,True,ok
data\interim\segmented\stuttering\AdgBK2_WQK0_seg_130.wav,AdgBK2_WQK0_seg_130.wav,AdgBK2_WQK0,True,16000,1,3.0,-29.1427,-12.2082,0.4744,0.0,True,ok
data\interim\segmented\stuttering\AdgBK2_WQK0_seg_131.wav,AdgBK2_WQK0_seg_131.wav,AdgBK2_WQK0,True,16000,1,3.0,-28.5583,-13.5699,0.3235,0.0,True,ok
data\interim\segmented\stuttering\AdgBK2_WQK0_seg_132.wav,AdgBK2_WQK0_seg_132.wav,AdgBK2_WQK0,True,16000,1,3.0,-27.1177,-8.831,0.4432,0.0,True,ok
data\interim\segmented\stuttering\AdgBK2_WQK0_seg_133.wav,AdgBK2_WQK0_seg_133.wav,AdgBK2_WQK0,True,16000,1,3.0,-24.8136,-7.9722,0.1341,0.0,True,ok
data\interim\segmented\stuttering\AdgBK2_WQK0_seg_134.wav,AdgBK2_WQK0_seg_134.wav,AdgBK2_WQK0,True,16000,1,3.0,-28.6812,-11.5476,0.2704,0.0,True,ok
data\interim\segmented\stuttering\AdgBK2_WQK0_seg_135.wav,AdgBK2_WQK0_seg_135.wav,AdgBK2_WQK0,True,16000,1,3.0,-29.434,-14.1624,0.4566,0.0,True,ok
data\interim\segmented\stuttering\AdgBK2_WQK0_seg_136.wav,AdgBK2_WQK0_seg_136.wav,AdgBK2_WQK0,True,16000,1,3.0,-27.46,-10.9086,0.4343,0.0,True,ok
data\interim\segmented\stuttering\AdgBK2_WQK0_seg_137.wav,AdgBK2_WQK0_seg_137.wav,AdgBK2_WQK0,True,16000,1,3.0,-35.3799,-16.7934,0.8035,0.0,False,mostly_silence:0.80
data\interim\segmented\stuttering\AdgBK2_WQK0_seg_138.wav,AdgBK2_WQK0_seg_138.wav,AdgBK2_WQK0,True,16000,1,3.0,-28.7131,-11.8971,0.3408,0.0,True,ok
data\interim\segmented\stuttering\AdgBK2_WQK0_seg_139.wav,AdgBK2_WQK0_seg_139.wav,AdgBK2_WQK0,True,16000,1,3.0,-28.5953,-11.9926,0.2625,0.0,True,ok
data\interim\segmented\stuttering\AdgBK2_WQK0_seg_140.wav,AdgBK2_WQK0_seg_140.wav,AdgBK2_WQK0,True,16000,1,3.0,-27.0244,-11.2861,0.2511,0.0,True,ok
data\interim\segmented\stuttering\AdgBK2_WQK0_seg_141.wav,AdgBK2_WQK0_seg_141.wav,AdgBK2_WQK0,True,16000,1,3.0,-31.9646,-12.7351,0.3789,0.0,True,ok
data\interim\segmented\stuttering\AdgBK2_WQK0_seg_142.wav,AdgBK2_WQK0_seg_142.wav,AdgBK2_WQK0,True,16000,1,3.0,-29.1478,-8.2933,0.4991,0.0,True,ok
data\interim\segmented\stuttering\AdgBK2_WQK0_seg_143.wav,AdgBK2_WQK0_seg_143.wav,AdgBK2_WQK0,True,16000,1,3.0,-25.3119,-10.8013,0.2896,0.0,True,ok
data\interim\segmented\stuttering\AdgBK2_WQK0_seg_144.wav,AdgBK2_WQK0_seg_144.wav,AdgBK2_WQK0,True,16000,1,3.0,-26.6999,-8.7944,0.3338,0.0,True,ok
data\interim\segmented\stuttering\AdgBK2_WQK0_seg_145.wav,AdgBK2_WQK0_seg_145.wav,AdgBK2_WQK0,True,16000,1,3.0,-29.3629,-13.3922,0.3112,0.0,True,ok
data\interim\segmented\stuttering\AdgBK2_WQK0_seg_146.wav,AdgBK2_WQK0_seg_146.wav,AdgBK2_WQK0,True,16000,1,3.0,-29.2198,-12.6733,0.4416,0.0,True,ok
data\interim\segmented\stuttering\AdgBK2_WQK0_seg_147.wav,AdgBK2_WQK0_seg_147.wav,AdgBK2_WQK0,True,16000,1,3.0,-30.9499,-12.9714,0.363,0.0,True,ok
data\interim\segmented\stuttering\AdgBK2_WQK0_seg_148.wav,AdgBK2_WQK0_seg_148.wav,AdgBK2_WQK0,True,16000,1,3.0,-27.1704,-7.3098,0.3587,0.0,True,ok
data\interim\segmented\stuttering\AdgBK2_WQK0_seg_149.wav,AdgBK2_WQK0_seg_149.wav,AdgBK2_WQK0,True,16000,1,3.0,-28.4828,-13.4593,0.2713,0.0,True,ok
data\interim\segmented\stuttering\AdgBK2_WQK0_seg_150.wav,AdgBK2_WQK0_seg_150.wav,AdgBK2_WQK0,True,16000,1,3.0,-26.34,-8.2878,0.303,0.0,True,ok
data\interim\segmented\stuttering\AdgBK2_WQK0_seg_151.wav,AdgBK2_WQK0_seg_151.wav,AdgBK2_WQK0,True,16000,1,3.0,-28.4576,-8.1933,0.6442,0.0,True,ok
data\interim\segmented\stuttering\aLyQSecljI0_seg_000.wav,aLyQSecljI0_seg_000.wav,aLyQSecljI0,True,16000,1,3.0,-25.5881,-5.9456,0.3807,0.0,True,ok
data\interim\segmented\stuttering\aLyQSecljI0_seg_001.wav,aLyQSecljI0_seg_001.wav,aLyQSecljI0,True,16000,1,3.0,-26.5741,-6.0663,0.3371,0.0,True,ok
data\interim\segmented\stuttering\aLyQSecljI0_seg_002.wav,aLyQSecljI0_seg_002.wav,aLyQSecljI0,True,16000,1,3.0,-25.9815,-9.6478,0.4006,0.0,True,ok
data\interim\segmented\stuttering\aLyQSecljI0_seg_003.wav,aLyQSecljI0_seg_003.wav,aLyQSecljI0,True,16000,1,3.0,-30.2087,-11.0285,0.4584,0.0,True,ok
data\interim\segmented\stuttering\aLyQSecljI0_seg_004.wav,aLyQSecljI0_seg_004.wav,aLyQSecljI0,True,16000,1,3.0,-28.1685,-10.84,0.3707,0.0,True,ok
data\interim\segmented\stuttering\aLyQSecljI0_seg_005.wav,aLyQSecljI0_seg_005.wav,aLyQSecljI0,True,16000,1,3.0,-26.2746,-9.3729,0.4489,0.0,True,ok
data\interim\segmented\stuttering\aLyQSecljI0_seg_006.wav,aLyQSecljI0_seg_006.wav,aLyQSecljI0,True,16000,1,3.0,-28.0113,-11.0503,0.4408,0.0,True,ok
data\interim\segmented\stuttering\aLyQSecljI0_seg_007.wav,aLyQSecljI0_seg_007.wav,aLyQSecljI0,True,16000,1,3.0,-22.8501,-4.6064,0.2049,0.0,True,ok
data\interim\segmented\stuttering\aLyQSecljI0_seg_008.wav,aLyQSecljI0_seg_008.wav,aLyQSecljI0,True,16000,1,3.0,-22.9974,-6.2065,0.2737,0.0,True,ok
data\interim\segmented\stuttering\aLyQSecljI0_seg_009.wav,aLyQSecljI0_seg_009.wav,aLyQSecljI0,True,16000,1,3.0,-23.5952,-7.3222,0.3671,0.0,True,ok
data\interim\segmented\stuttering\aLyQSecljI0_seg_010.wav,aLyQSecljI0_seg_010.wav,aLyQSecljI0,True,16000,1,3.0,-23.4939,-7.5246,0.2439,0.0,True,ok
data\interim\segmented\stuttering\aLyQSecljI0_seg_011.wav,aLyQSecljI0_seg_011.wav,aLyQSecljI0,True,16000,1,3.0,-26.0862,-9.4504,0.5135,0.0,True,ok
data\interim\segmented\stuttering\aLyQSecljI0_seg_012.wav,aLyQSecljI0_seg_012.wav,aLyQSecljI0,True,16000,1,3.0,-28.9118,-11.613,0.4801,0.0,True,ok
data\interim\segmented\stuttering\aLyQSecljI0_seg_013.wav,aLyQSecljI0_seg_013.wav,aLyQSecljI0,True,16000,1,3.0,-27.8071,-12.6108,0.3545,0.0,True,ok
data\interim\segmented\stuttering\aLyQSecljI0_seg_014.wav,aLyQSecljI0_seg_014.wav,aLyQSecljI0,True,16000,1,3.0,-27.4634,-8.6583,0.3166,0.0,True,ok
data\interim\segmented\stuttering\aLyQSecljI0_seg_015.wav,aLyQSecljI0_seg_015.wav,aLyQSecljI0,True,16000,1,3.0,-24.6132,-8.8236,0.4506,0.0,True,ok
data\interim\segmented\stuttering\aLyQSecljI0_seg_016.wav,aLyQSecljI0_seg_016.wav,aLyQSecljI0,True,16000,1,3.0,-22.9586,-3.706,0.1714,0.0,True,ok
data\interim\segmented\stuttering\aLyQSecljI0_seg_017.wav,aLyQSecljI0_seg_017.wav,aLyQSecljI0,True,16000,1,3.0,-27.8453,-8.2008,0.3813,0.0,True,ok
data\interim\segmented\stuttering\aLyQSecljI0_seg_018.wav,aLyQSecljI0_seg_018.wav,aLyQSecljI0,True,16000,1,3.0,-27.7988,-5.777,0.2904,0.0,True,ok
data\interim\segmented\stuttering\aLyQSecljI0_seg_019.wav,aLyQSecljI0_seg_019.wav,aLyQSecljI0,True,16000,1,3.0,-29.1061,-10.5691,0.6486,0.0,True,ok
data\interim\segmented\stuttering\aLyQSecljI0_seg_020.wav,aLyQSecljI0_seg_020.wav,aLyQSecljI0,True,16000,1,3.0,-23.7986,-6.225,0.1796,0.0,True,ok
data\interim\segmented\stuttering\aLyQSecljI0_seg_021.wav,aLyQSecljI0_seg_021.wav,aLyQSecljI0,True,16000,1,3.0,-26.6963,-8.5711,0.2991,0.0,True,ok
data\interim\segmented\stuttering\aLyQSecljI0_seg_022.wav,aLyQSecljI0_seg_022.wav,aLyQSecljI0,True,16000,1,3.0,-27.2227,-10.2071,0.4097,0.0,True,ok
data\interim\segmented\stuttering\aLyQSecljI0_seg_023.wav,aLyQSecljI0_seg_023.wav,aLyQSecljI0,True,16000,1,3.0,-23.8414,0.0,0.4196,2.1e-05,True,ok
data\interim\segmented\stuttering\aLyQSecljI0_seg_024.wav,aLyQSecljI0_seg_024.wav,aLyQSecljI0,True,16000,1,3.0,-25.5239,-6.1032,0.3165,0.0,True,ok
data\interim\segmented\stuttering\aLyQSecljI0_seg_025.wav,aLyQSecljI0_seg_025.wav,aLyQSecljI0,True,16000,1,3.0,-27.4258,-8.4196,0.4404,0.0,True,ok
data\interim\segmented\stuttering\aLyQSecljI0_seg_026.wav,aLyQSecljI0_seg_026.wav,aLyQSecljI0,True,16000,1,3.0,-24.2644,-7.4169,0.181,0.0,True,ok
data\interim\segmented\stuttering\aLyQSecljI0_seg_027.wav,aLyQSecljI0_seg_027.wav,aLyQSecljI0,True,16000,1,3.0,-27.4223,-10.4007,0.2932,0.0,True,ok
data\interim\segmented\stuttering\aLyQSecljI0_seg_028.wav,aLyQSecljI0_seg_028.wav,aLyQSecljI0,True,16000,1,3.0,-26.7291,-9.0461,0.3812,0.0,True,ok
data\interim\segmented\stuttering\aLyQSecljI0_seg_029.wav,aLyQSecljI0_seg_029.wav,aLyQSecljI0,True,16000,1,3.0,-26.5571,-7.5026,0.4522,0.0,True,ok
data\interim\segmented\stuttering\aLyQSecljI0_seg_030.wav,aLyQSecljI0_seg_030.wav,aLyQSecljI0,True,16000,1,3.0,-27.248,-9.0694,0.4122,0.0,True,ok
data\interim\segmented\stuttering\aLyQSecljI0_seg_031.wav,aLyQSecljI0_seg_031.wav,aLyQSecljI0,True,16000,1,3.0,-26.8596,-9.7841,0.4798,0.0,True,ok
data\interim\segmented\stuttering\aLyQSecljI0_seg_032.wav,aLyQSecljI0_seg_032.wav,aLyQSecljI0,True,16000,1,3.0,-26.5834,-8.7457,0.5306,0.0,True,ok
data\interim\segmented\stuttering\aLyQSecljI0_seg_033.wav,aLyQSecljI0_seg_033.wav,aLyQSecljI0,True,16000,1,3.0,-27.3678,-9.9175,0.2655,0.0,True,ok
data\interim\segmented\stuttering\aLyQSecljI0_seg_034.wav,aLyQSecljI0_seg_034.wav,aLyQSecljI0,True,16000,1,3.0,-27.2637,-7.108,0.3953,0.0,True,ok
data\interim\segmented\stuttering\aLyQSecljI0_seg_035.wav,aLyQSecljI0_seg_035.wav,aLyQSecljI0,True,16000,1,3.0,-28.4284,-9.7173,0.4174,0.0,True,ok
data\interim\segmented\stuttering\aLyQSecljI0_seg_036.wav,aLyQSecljI0_seg_036.wav,aLyQSecljI0,True,16000,1,3.0,-27.7607,-9.6365,0.4281,0.0,True,ok
data\interim\segmented\stuttering\aLyQSecljI0_seg_037.wav,aLyQSecljI0_seg_037.wav,aLyQSecljI0,True,16000,1,3.0,-26.2315,-1.8434,0.3576,0.0,True,ok
data\interim\segmented\stuttering\aLyQSecljI0_seg_038.wav,aLyQSecljI0_seg_038.wav,aLyQSecljI0,True,16000,1,3.0,-28.1299,-9.9767,0.5546,0.0,True,ok
data\interim\segmented\stuttering\aLyQSecljI0_seg_039.wav,aLyQSecljI0_seg_039.wav,aLyQSecljI0,True,16000,1,3.0,-23.5989,-5.0259,0.3169,0.0,True,ok
data\interim\segmented\stuttering\aLyQSecljI0_seg_040.wav,aLyQSecljI0_seg_040.wav,aLyQSecljI0,True,16000,1,3.0,-24.3016,-6.4332,0.2165,0.0,True,ok
data\interim\segmented\stuttering\aLyQSecljI0_seg_041.wav,aLyQSecljI0_seg_041.wav,aLyQSecljI0,True,16000,1,3.0,-26.5927,-8.4427,0.4502,0.0,True,ok
data\interim\segmented\stuttering\aLyQSecljI0_seg_042.wav,aLyQSecljI0_seg_042.wav,aLyQSecljI0,True,16000,1,3.0,-27.6371,-8.9884,0.2151,0.0,True,ok
data\interim\segmented\stuttering\aLyQSecljI0_seg_043.wav,aLyQSecljI0_seg_043.wav,aLyQSecljI0,True,16000,1,3.0,-27.8481,-11.1636,0.4308,0.0,True,ok
data\interim\segmented\stuttering\aLyQSecljI0_seg_044.wav,aLyQSecljI0_seg_044.wav,aLyQSecljI0,True,16000,1,3.0,-25.4831,-6.3249,0.4516,0.0,True,ok
data\interim\segmented\stuttering\aLyQSecljI0_seg_045.wav,aLyQSecljI0_seg_045.wav,aLyQSecljI0,True,16000,1,3.0,-26.5537,-8.9967,0.3216,0.0,True,ok
data\interim\segmented\stuttering\aLyQSecljI0_seg_046.wav,aLyQSecljI0_seg_046.wav,aLyQSecljI0,True,16000,1,3.0,-30.1689,-13.0771,0.3962,0.0,True,ok
data\interim\segmented\stuttering\aLyQSecljI0_seg_047.wav,aLyQSecljI0_seg_047.wav,aLyQSecljI0,True,16000,1,3.0,-27.7311,-6.3623,0.6769,0.0,True,ok
data\interim\segmented\stuttering\aLyQSecljI0_seg_048.wav,aLyQSecljI0_seg_048.wav,aLyQSecljI0,True,16000,1,3.0,-29.7155,-10.8344,0.4831,0.0,True,ok
data\interim\segmented\stuttering\aLyQSecljI0_seg_049.wav,aLyQSecljI0_seg_049.wav,aLyQSecljI0,True,16000,1,3.0,-25.3733,-1.6378,0.3446,0.0,True,ok
data\interim\segmented\stuttering\aLyQSecljI0_seg_050.wav,aLyQSecljI0_seg_050.wav,aLyQSecljI0,True,16000,1,3.0,-27.6752,-8.3161,0.4413,0.0,True,ok
data\interim\segmented\stuttering\aLyQSecljI0_seg_051.wav,aLyQSecljI0_seg_051.wav,aLyQSecljI0,True,16000,1,3.0,-27.7665,-7.2945,0.5103,0.0,True,ok
data\interim\segmented\stuttering\aLyQSecljI0_seg_052.wav,aLyQSecljI0_seg_052.wav,aLyQSecljI0,True,16000,1,3.0,-25.4624,-6.5102,0.227,0.0,True,ok
data\interim\segmented\stuttering\aLyQSecljI0_seg_053.wav,aLyQSecljI0_seg_053.wav,aLyQSecljI0,True,16000,1,3.0,-28.0298,-9.1041,0.368,0.0,True,ok
data\interim\segmented\stuttering\aLyQSecljI0_seg_054.wav,aLyQSecljI0_seg_054.wav,aLyQSecljI0,True,16000,1,3.0,-28.9075,-11.6646,0.4638,0.0,True,ok
data\interim\segmented\stuttering\aLyQSecljI0_seg_055.wav,aLyQSecljI0_seg_055.wav,aLyQSecljI0,True,16000,1,3.0,-29.3938,-12.2472,0.3764,0.0,True,ok
data\interim\segmented\stuttering\aLyQSecljI0_seg_056.wav,aLyQSecljI0_seg_056.wav,aLyQSecljI0,True,16000,1,3.0,-27.3721,-11.3564,0.2788,0.0,True,ok
data\interim\segmented\stuttering\aLyQSecljI0_seg_057.wav,aLyQSecljI0_seg_057.wav,aLyQSecljI0,True,16000,1,3.0,-28.7156,-11.0853,0.4046,0.0,True,ok
data\interim\segmented\stuttering\aLyQSecljI0_seg_058.wav,aLyQSecljI0_seg_058.wav,aLyQSecljI0,True,16000,1,3.0,-30.2436,-13.1202,0.3587,0.0,True,ok
data\interim\segmented\stuttering\aLyQSecljI0_seg_059.wav,aLyQSecljI0_seg_059.wav,aLyQSecljI0,True,16000,1,3.0,-27.2647,-10.7857,0.4312,0.0,True,ok
data\interim\segmented\stuttering\aLyQSecljI0_seg_060.wav,aLyQSecljI0_seg_060.wav,aLyQSecljI0,True,16000,1,3.0,-38.4541,-18.5212,0.7474,0.0,True,ok
data\interim\segmented\stuttering\aLyQSecljI0_seg_061.wav,aLyQSecljI0_seg_061.wav,aLyQSecljI0,True,16000,1,3.0,-25.2908,-0.9196,0.4907,0.0,True,ok
data\interim\segmented\stuttering\aLyQSecljI0_seg_062.wav,aLyQSecljI0_seg_062.wav,aLyQSecljI0,True,16000,1,3.0,-27.4905,-9.6711,0.5083,0.0,True,ok
data\interim\segmented\stuttering\aLyQSecljI0_seg_063.wav,aLyQSecljI0_seg_063.wav,aLyQSecljI0,True,16000,1,3.0,-28.2139,-12.8577,0.3926,0.0,True,ok
data\interim\segmented\stuttering\aLyQSecljI0_seg_064.wav,aLyQSecljI0_seg_064.wav,aLyQSecljI0,True,16000,1,3.0,-28.3887,-9.3169,0.5131,0.0,True,ok
data\interim\segmented\stuttering\aLyQSecljI0_seg_065.wav,aLyQSecljI0_seg_065.wav,aLyQSecljI0,True,16000,1,3.0,-25.7972,-0.5081,0.4109,0.0,True,ok
data\interim\segmented\stuttering\aLyQSecljI0_seg_066.wav,aLyQSecljI0_seg_066.wav,aLyQSecljI0,True,16000,1,3.0,-25.7319,-5.9836,0.3097,0.0,True,ok
data\interim\segmented\stuttering\aLyQSecljI0_seg_067.wav,aLyQSecljI0_seg_067.wav,aLyQSecljI0,True,16000,1,3.0,-28.1222,-10.6663,0.3837,0.0,True,ok
data\interim\segmented\stuttering\aLyQSecljI0_seg_068.wav,aLyQSecljI0_seg_068.wav,aLyQSecljI0,True,16000,1,3.0,-28.273,-12.5555,0.3857,0.0,True,ok
data\interim\segmented\stuttering\aLyQSecljI0_seg_069.wav,aLyQSecljI0_seg_069.wav,aLyQSecljI0,True,16000,1,3.0,-29.5296,-14.8099,0.3791,0.0,True,ok
data\interim\segmented\stuttering\aLyQSecljI0_seg_070.wav,aLyQSecljI0_seg_070.wav,aLyQSecljI0,True,16000,1,3.0,-28.4492,-11.8162,0.3805,0.0,True,ok
data\interim\segmented\stuttering\aLyQSecljI0_seg_071.wav,aLyQSecljI0_seg_071.wav,aLyQSecljI0,True,16000,1,3.0,-28.018,-11.6992,0.2791,0.0,True,ok
data\interim\segmented\stuttering\aLyQSecljI0_seg_072.wav,aLyQSecljI0_seg_072.wav,aLyQSecljI0,True,16000,1,3.0,-26.5246,-7.195,0.2577,0.0,True,ok
data\interim\segmented\stuttering\aLyQSecljI0_seg_073.wav,aLyQSecljI0_seg_073.wav,aLyQSecljI0,True,16000,1,3.0,-27.7545,-9.177,0.3939,0.0,True,ok
data\interim\segmented\stuttering\aLyQSecljI0_seg_074.wav,aLyQSecljI0_seg_074.wav,aLyQSecljI0,True,16000,1,3.0,-25.7312,-7.8196,0.3371,0.0,True,ok
data\interim\segmented\stuttering\aLyQSecljI0_seg_075.wav,aLyQSecljI0_seg_075.wav,aLyQSecljI0,True,16000,1,3.0,-30.1471,-9.9034,0.3185,0.0,True,ok
data\interim\segmented\stuttering\aLyQSecljI0_seg_076.wav,aLyQSecljI0_seg_076.wav,aLyQSecljI0,True,16000,1,3.0,-25.7655,-6.6681,0.3846,0.0,True,ok
data\interim\segmented\stuttering\aLyQSecljI0_seg_077.wav,aLyQSecljI0_seg_077.wav,aLyQSecljI0,True,16000,1,3.0,-25.2718,-4.6956,0.3967,0.0,True,ok
data\interim\segmented\stuttering\aLyQSecljI0_seg_078.wav,aLyQSecljI0_seg_078.wav,aLyQSecljI0,True,16000,1,3.0,-27.2422,-13.0437,0.2209,0.0,True,ok
data\interim\segmented\stuttering\aLyQSecljI0_seg_079.wav,aLyQSecljI0_seg_079.wav,aLyQSecljI0,True,16000,1,3.0,-27.6812,-7.2798,0.5399,0.0,True,ok
data\interim\segmented\stuttering\aLyQSecljI0_seg_080.wav,aLyQSecljI0_seg_080.wav,aLyQSecljI0,True,16000,1,3.0,-26.9818,-2.3871,0.3253,0.0,True,ok
data\interim\segmented\stuttering\aLyQSecljI0_seg_081.wav,aLyQSecljI0_seg_081.wav,aLyQSecljI0,True,16000,1,3.0,-26.6634,-2.7341,0.376,0.0,True,ok
data\interim\segmented\stuttering\aLyQSecljI0_seg_082.wav,aLyQSecljI0_seg_082.wav,aLyQSecljI0,True,16000,1,3.0,-22.8327,-6.0402,0.3702,0.0,True,ok
data\interim\segmented\stuttering\aLyQSecljI0_seg_083.wav,aLyQSecljI0_seg_083.wav,aLyQSecljI0,True,16000,1,3.0,-22.3999,-5.9662,0.1964,0.0,True,ok
data\interim\segmented\stuttering\aLyQSecljI0_seg_084.wav,aLyQSecljI0_seg_084.wav,aLyQSecljI0,True,16000,1,3.0,-26.9206,-9.4606,0.3414,0.0,True,ok
data\interim\segmented\stuttering\aLyQSecljI0_seg_085.wav,aLyQSecljI0_seg_085.wav,aLyQSecljI0,True,16000,1,3.0,-25.1396,-5.5934,0.5766,0.0,True,ok
data\interim\segmented\stuttering\aLyQSecljI0_seg_086.wav,aLyQSecljI0_seg_086.wav,aLyQSecljI0,True,16000,1,3.0,-26.2145,-9.3955,0.2506,0.0,True,ok
data\interim\segmented\stuttering\aLyQSecljI0_seg_087.wav,aLyQSecljI0_seg_087.wav,aLyQSecljI0,True,16000,1,3.0,-27.2252,-6.4265,0.2589,0.0,True,ok
data\interim\segmented\stuttering\aLyQSecljI0_seg_088.wav,aLyQSecljI0_seg_088.wav,aLyQSecljI0,True,16000,1,3.0,-26.4935,-6.8967,0.3408,0.0,True,ok
data\interim\segmented\stuttering\aLyQSecljI0_seg_089.wav,aLyQSecljI0_seg_089.wav,aLyQSecljI0,True,16000,1,3.0,-29.3215,-8.0361,0.3587,0.0,True,ok
data\interim\segmented\stuttering\aLyQSecljI0_seg_090.wav,aLyQSecljI0_seg_090.wav,aLyQSecljI0,True,16000,1,3.0,-26.9576,-9.1109,0.4204,0.0,True,ok
data\interim\segmented\stuttering\aLyQSecljI0_seg_091.wav,aLyQSecljI0_seg_091.wav,aLyQSecljI0,True,16000,1,3.0,-27.4284,-7.3951,0.4031,0.0,True,ok
data\interim\segmented\stuttering\aLyQSecljI0_seg_092.wav,aLyQSecljI0_seg_092.wav,aLyQSecljI0,True,16000,1,3.0,-26.3441,-7.1514,0.3399,0.0,True,ok
data\interim\segmented\stuttering\aLyQSecljI0_seg_093.wav,aLyQSecljI0_seg_093.wav,aLyQSecljI0,True,16000,1,3.0,-25.6338,-4.5534,0.4318,0.0,True,ok
data\interim\segmented\stuttering\aLyQSecljI0_seg_094.wav,aLyQSecljI0_seg_094.wav,aLyQSecljI0,True,16000,1,3.0,-28.3635,-9.622,0.4981,0.0,True,ok
data\interim\segmented\stuttering\aLyQSecljI0_seg_095.wav,aLyQSecljI0_seg_095.wav,aLyQSecljI0,True,16000,1,3.0,-24.6966,-2.7436,0.3827,0.0,True,ok
data\interim\segmented\stuttering\aLyQSecljI0_seg_096.wav,aLyQSecljI0_seg_096.wav,aLyQSecljI0,True,16000,1,3.0,-28.1522,-8.1804,0.3271,0.0,True,ok
data\interim\segmented\stuttering\aLyQSecljI0_seg_097.wav,aLyQSecljI0_seg_097.wav,aLyQSecljI0,True,16000,1,3.0,-31.652,-0.6341,0.67,0.0,True,ok
data\interim\segmented\stuttering\aLyQSecljI0_seg_098.wav,aLyQSecljI0_seg_098.wav,aLyQSecljI0,True,16000,1,3.0,-26.2727,-7.047,0.5435,0.0,True,ok
data\interim\segmented\stuttering\aLyQSecljI0_seg_099.wav,aLyQSecljI0_seg_099.wav,aLyQSecljI0,True,16000,1,3.0,-25.2398,-6.9573,0.2256,0.0,True,ok
data\interim\segmented\stuttering\aLyQSecljI0_seg_100.wav,aLyQSecljI0_seg_100.wav,aLyQSecljI0,True,16000,1,3.0,-25.2338,-8.2713,0.1991,0.0,True,ok
data\interim\segmented\stuttering\aLyQSecljI0_seg_101.wav,aLyQSecljI0_seg_101.wav,aLyQSecljI0,True,16000,1,3.0,-26.683,-7.5638,0.2957,0.0,True,ok
data\interim\segmented\stuttering\aLyQSecljI0_seg_102.wav,aLyQSecljI0_seg_102.wav,aLyQSecljI0,True,16000,1,3.0,-23.6147,-6.7479,0.2285,0.0,True,ok
data\interim\segmented\stuttering\aLyQSecljI0_seg_103.wav,aLyQSecljI0_seg_103.wav,aLyQSecljI0,True,16000,1,3.0,-26.7286,-7.866,0.3673,0.0,True,ok
data\interim\segmented\stuttering\aLyQSecljI0_seg_104.wav,aLyQSecljI0_seg_104.wav,aLyQSecljI0,True,16000,1,3.0,-26.4969,-3.9044,0.3836,0.0,True,ok
data\interim\segmented\stuttering\aLyQSecljI0_seg_105.wav,aLyQSecljI0_seg_105.wav,aLyQSecljI0,True,16000,1,3.0,-24.1373,-6.2832,0.2476,0.0,True,ok
data\interim\segmented\stuttering\aLyQSecljI0_seg_106.wav,aLyQSecljI0_seg_106.wav,aLyQSecljI0,True,16000,1,3.0,-26.0137,-6.8634,0.3126,0.0,True,ok
data\interim\segmented\stuttering\aLyQSecljI0_seg_107.wav,aLyQSecljI0_seg_107.wav,aLyQSecljI0,True,16000,1,3.0,-27.4423,-11.0635,0.4336,0.0,True,ok
data\interim\segmented\stuttering\aLyQSecljI0_seg_108.wav,aLyQSecljI0_seg_108.wav,aLyQSecljI0,True,16000,1,3.0,-25.2297,-7.8248,0.3167,0.0,True,ok
data\interim\segmented\stuttering\ApCK9R-i4yk_seg_000.wav,ApCK9R-i4yk_seg_000.wav,ApCK9R-i4yk,True,16000,1,3.0,-28.1659,-12.9338,0.2895,0.0,True,ok
data\interim\segmented\stuttering\ApCK9R-i4yk_seg_001.wav,ApCK9R-i4yk_seg_001.wav,ApCK9R-i4yk,True,16000,1,3.0,-30.3167,-13.8239,0.4035,0.0,True,ok
data\interim\segmented\stuttering\ApCK9R-i4yk_seg_002.wav,ApCK9R-i4yk_seg_002.wav,ApCK9R-i4yk,True,16000,1,3.0,-30.2845,-14.6854,0.4129,0.0,True,ok
data\interim\segmented\stuttering\ApCK9R-i4yk_seg_003.wav,ApCK9R-i4yk_seg_003.wav,ApCK9R-i4yk,True,16000,1,3.0,-28.3309,-12.586,0.3095,0.0,True,ok
data\interim\segmented\stuttering\ApCK9R-i4yk_seg_004.wav,ApCK9R-i4yk_seg_004.wav,ApCK9R-i4yk,True,16000,1,3.0,-33.0279,-15.288,0.5743,0.0,True,ok
data\interim\segmented\stuttering\ApCK9R-i4yk_seg_005.wav,ApCK9R-i4yk_seg_005.wav,ApCK9R-i4yk,True,16000,1,3.0,-26.8488,-11.3378,0.265,0.0,True,ok
data\interim\segmented\stuttering\ApCK9R-i4yk_seg_006.wav,ApCK9R-i4yk_seg_006.wav,ApCK9R-i4yk,True,16000,1,3.0,-30.8381,-15.5255,0.4729,0.0,True,ok
data\interim\segmented\stuttering\ApCK9R-i4yk_seg_007.wav,ApCK9R-i4yk_seg_007.wav,ApCK9R-i4yk,True,16000,1,3.0,-28.8829,-12.2886,0.5282,0.0,True,ok
data\interim\segmented\stuttering\ApCK9R-i4yk_seg_008.wav,ApCK9R-i4yk_seg_008.wav,ApCK9R-i4yk,True,16000,1,3.0,-28.678,-14.2481,0.347,0.0,True,ok
data\interim\segmented\stuttering\ApCK9R-i4yk_seg_009.wav,ApCK9R-i4yk_seg_009.wav,ApCK9R-i4yk,True,16000,1,3.0,-28.9682,-13.9023,0.4544,0.0,True,ok
data\interim\segmented\stuttering\ApCK9R-i4yk_seg_010.wav,ApCK9R-i4yk_seg_010.wav,ApCK9R-i4yk,True,16000,1,3.0,-32.1842,-13.0342,0.6157,0.0,True,ok
data\interim\segmented\stuttering\ApCK9R-i4yk_seg_011.wav,ApCK9R-i4yk_seg_011.wav,ApCK9R-i4yk,True,16000,1,3.0,-27.6386,-11.1072,0.4431,0.0,True,ok
data\interim\segmented\stuttering\ApCK9R-i4yk_seg_012.wav,ApCK9R-i4yk_seg_012.wav,ApCK9R-i4yk,True,16000,1,3.0,-28.8984,-13.7694,0.4375,0.0,True,ok
data\interim\segmented\stuttering\ApCK9R-i4yk_seg_013.wav,ApCK9R-i4yk_seg_013.wav,ApCK9R-i4yk,True,16000,1,3.0,-28.3063,-11.7452,0.3474,0.0,True,ok
data\interim\segmented\stuttering\ApCK9R-i4yk_seg_014.wav,ApCK9R-i4yk_seg_014.wav,ApCK9R-i4yk,True,16000,1,3.0,-33.9212,-12.7053,0.771,0.0,True,ok
data\interim\segmented\stuttering\ApCK9R-i4yk_seg_015.wav,ApCK9R-i4yk_seg_015.wav,ApCK9R-i4yk,True,16000,1,3.0,-28.4576,-11.7227,0.497,0.0,True,ok
data\interim\segmented\stuttering\ApCK9R-i4yk_seg_016.wav,ApCK9R-i4yk_seg_016.wav,ApCK9R-i4yk,True,16000,1,3.0,-27.2911,-11.6433,0.3004,0.0,True,ok
data\interim\segmented\stuttering\ApCK9R-i4yk_seg_017.wav,ApCK9R-i4yk_seg_017.wav,ApCK9R-i4yk,True,16000,1,3.0,-27.7354,-9.7148,0.3736,0.0,True,ok
data\interim\segmented\stuttering\ApCK9R-i4yk_seg_018.wav,ApCK9R-i4yk_seg_018.wav,ApCK9R-i4yk,True,16000,1,3.0,-31.6005,-16.755,0.3739,0.0,True,ok
data\interim\segmented\stuttering\ApCK9R-i4yk_seg_019.wav,ApCK9R-i4yk_seg_019.wav,ApCK9R-i4yk,True,16000,1,3.0,-35.907,-13.3022,0.6943,0.0,True,ok
data\interim\segmented\stuttering\ApCK9R-i4yk_seg_020.wav,ApCK9R-i4yk_seg_020.wav,ApCK9R-i4yk,True,16000,1,3.0,-29.8044,-12.9762,0.3796,0.0,True,ok
data\interim\segmented\stuttering\ApCK9R-i4yk_seg_021.wav,ApCK9R-i4yk_seg_021.wav,ApCK9R-i4yk,True,16000,1,3.0,-31.5493,-13.6117,0.3716,0.0,True,ok
data\interim\segmented\stuttering\ApCK9R-i4yk_seg_022.wav,ApCK9R-i4yk_seg_022.wav,ApCK9R-i4yk,True,16000,1,3.0,-31.3227,-12.2907,0.587,0.0,True,ok
data\interim\segmented\stuttering\ApCK9R-i4yk_seg_023.wav,ApCK9R-i4yk_seg_023.wav,ApCK9R-i4yk,True,16000,1,3.0,-29.7562,-11.4967,0.4237,0.0,True,ok
data\interim\segmented\stuttering\ApCK9R-i4yk_seg_024.wav,ApCK9R-i4yk_seg_024.wav,ApCK9R-i4yk,True,16000,1,3.0,-30.0237,-16.3279,0.4524,0.0,True,ok
data\interim\segmented\stuttering\ApCK9R-i4yk_seg_025.wav,ApCK9R-i4yk_seg_025.wav,ApCK9R-i4yk,True,16000,1,3.0,-28.7499,-11.6697,0.4549,0.0,True,ok
data\interim\segmented\stuttering\ApCK9R-i4yk_seg_026.wav,ApCK9R-i4yk_seg_026.wav,ApCK9R-i4yk,True,16000,1,3.0,-29.3211,-15.6547,0.3384,0.0,True,ok
data\interim\segmented\stuttering\ApCK9R-i4yk_seg_027.wav,ApCK9R-i4yk_seg_027.wav,ApCK9R-i4yk,True,16000,1,3.0,-30.8731,-15.4075,0.4108,0.0,True,ok
data\interim\segmented\stuttering\ApCK9R-i4yk_seg_028.wav,ApCK9R-i4yk_seg_028.wav,ApCK9R-i4yk,True,16000,1,3.0,-33.7856,-17.4617,0.5498,0.0,True,ok
data\interim\segmented\stuttering\ApCK9R-i4yk_seg_029.wav,ApCK9R-i4yk_seg_029.wav,ApCK9R-i4yk,True,16000,1,3.0,-33.4442,-13.5484,0.6877,0.0,True,ok
data\interim\segmented\stuttering\ApCK9R-i4yk_seg_030.wav,ApCK9R-i4yk_seg_030.wav,ApCK9R-i4yk,True,16000,1,3.0,-32.6097,-14.6998,0.5723,0.0,True,ok
data\interim\segmented\stuttering\ApCK9R-i4yk_seg_031.wav,ApCK9R-i4yk_seg_031.wav,ApCK9R-i4yk,True,16000,1,3.0,-36.221,-15.1474,0.55,0.0,True,ok
data\interim\segmented\stuttering\ApCK9R-i4yk_seg_032.wav,ApCK9R-i4yk_seg_032.wav,ApCK9R-i4yk,True,16000,1,3.0,-30.5924,-14.4095,0.5441,0.0,True,ok
data\interim\segmented\stuttering\ApCK9R-i4yk_seg_033.wav,ApCK9R-i4yk_seg_033.wav,ApCK9R-i4yk,True,16000,1,3.0,-31.6729,-17.0576,0.4863,0.0,True,ok
data\interim\segmented\stuttering\ApCK9R-i4yk_seg_034.wav,ApCK9R-i4yk_seg_034.wav,ApCK9R-i4yk,True,16000,1,3.0,-28.7209,-12.6916,0.5763,0.0,True,ok
data\interim\segmented\stuttering\ApCK9R-i4yk_seg_035.wav,ApCK9R-i4yk_seg_035.wav,ApCK9R-i4yk,True,16000,1,3.0,-34.4058,-18.7293,0.5179,0.0,True,ok
data\interim\segmented\stuttering\ApCK9R-i4yk_seg_036.wav,ApCK9R-i4yk_seg_036.wav,ApCK9R-i4yk,True,16000,1,3.0,-32.1591,-14.259,0.4928,0.0,True,ok
data\interim\segmented\stuttering\ApCK9R-i4yk_seg_037.wav,ApCK9R-i4yk_seg_037.wav,ApCK9R-i4yk,True,16000,1,3.0,-30.7626,-15.2068,0.3946,0.0,True,ok
data\interim\segmented\stuttering\ApCK9R-i4yk_seg_038.wav,ApCK9R-i4yk_seg_038.wav,ApCK9R-i4yk,True,16000,1,3.0,-38.305,-20.3455,0.6268,0.0,True,ok
data\interim\segmented\stuttering\ApCK9R-i4yk_seg_039.wav,ApCK9R-i4yk_seg_039.wav,ApCK9R-i4yk,True,16000,1,3.0,-30.1372,-15.1656,0.4295,0.0,True,ok
data\interim\segmented\stuttering\ApCK9R-i4yk_seg_040.wav,ApCK9R-i4yk_seg_040.wav,ApCK9R-i4yk,True,16000,1,3.0,-31.6065,-12.9314,0.6335,0.0,True,ok
data\interim\segmented\stuttering\ApCK9R-i4yk_seg_041.wav,ApCK9R-i4yk_seg_041.wav,ApCK9R-i4yk,True,16000,1,3.0,-30.9487,-16.7368,0.392,0.0,True,ok
data\interim\segmented\stuttering\ApCK9R-i4yk_seg_042.wav,ApCK9R-i4yk_seg_042.wav,ApCK9R-i4yk,True,16000,1,3.0,-28.6766,-14.889,0.3221,0.0,True,ok
data\interim\segmented\stuttering\ApCK9R-i4yk_seg_043.wav,ApCK9R-i4yk_seg_043.wav,ApCK9R-i4yk,True,16000,1,3.0,-29.7433,-15.4891,0.29,0.0,True,ok
data\interim\segmented\stuttering\ApCK9R-i4yk_seg_044.wav,ApCK9R-i4yk_seg_044.wav,ApCK9R-i4yk,True,16000,1,3.0,-33.5804,-17.1202,0.4573,0.0,True,ok
data\interim\segmented\stuttering\ApCK9R-i4yk_seg_045.wav,ApCK9R-i4yk_seg_045.wav,ApCK9R-i4yk,True,16000,1,3.0,-36.9845,-12.4682,0.7488,0.0,True,ok
data\interim\segmented\stuttering\ApCK9R-i4yk_seg_046.wav,ApCK9R-i4yk_seg_046.wav,ApCK9R-i4yk,True,16000,1,3.0,-29.4743,-12.8916,0.516,0.0,True,ok
data\interim\segmented\stuttering\ApCK9R-i4yk_seg_047.wav,ApCK9R-i4yk_seg_047.wav,ApCK9R-i4yk,True,16000,1,3.0,-30.7677,-17.0312,0.4225,0.0,True,ok
data\interim\segmented\stuttering\ApCK9R-i4yk_seg_048.wav,ApCK9R-i4yk_seg_048.wav,ApCK9R-i4yk,True,16000,1,3.0,-33.9213,-16.0157,0.5437,0.0,True,ok
data\interim\segmented\stuttering\ApCK9R-i4yk_seg_049.wav,ApCK9R-i4yk_seg_049.wav,ApCK9R-i4yk,True,16000,1,3.0,-30.559,-10.9552,0.438,0.0,True,ok
data\interim\segmented\stuttering\ApCK9R-i4yk_seg_050.wav,ApCK9R-i4yk_seg_050.wav,ApCK9R-i4yk,True,16000,1,3.0,-29.2661,-11.6291,0.2724,0.0,True,ok
data\interim\segmented\stuttering\ApCK9R-i4yk_seg_051.wav,ApCK9R-i4yk_seg_051.wav,ApCK9R-i4yk,True,16000,1,3.0,-29.7107,-11.6839,0.4194,0.0,True,ok
data\interim\segmented\stuttering\ApCK9R-i4yk_seg_052.wav,ApCK9R-i4yk_seg_052.wav,ApCK9R-i4yk,True,16000,1,3.0,-28.9278,-12.9927,0.342,0.0,True,ok
data\interim\segmented\stuttering\ApCK9R-i4yk_seg_053.wav,ApCK9R-i4yk_seg_053.wav,ApCK9R-i4yk,True,16000,1,3.0,-32.1963,-15.2129,0.6552,0.0,True,ok
data\interim\segmented\stuttering\ApCK9R-i4yk_seg_054.wav,ApCK9R-i4yk_seg_054.wav,ApCK9R-i4yk,True,16000,1,3.0,-34.4079,-16.0644,0.6096,0.0,True,ok
data\interim\segmented\stuttering\ApCK9R-i4yk_seg_055.wav,ApCK9R-i4yk_seg_055.wav,ApCK9R-i4yk,True,16000,1,3.0,-28.8922,-11.6029,0.5922,0.0,True,ok
data\interim\segmented\stuttering\ApCK9R-i4yk_seg_056.wav,ApCK9R-i4yk_seg_056.wav,ApCK9R-i4yk,True,16000,1,3.0,-35.7231,-19.8341,0.4574,0.0,True,ok
data\interim\segmented\stuttering\ApCK9R-i4yk_seg_057.wav,ApCK9R-i4yk_seg_057.wav,ApCK9R-i4yk,True,16000,1,3.0,-32.714,-18.147,0.3482,0.0,True,ok
data\interim\segmented\stuttering\ApCK9R-i4yk_seg_058.wav,ApCK9R-i4yk_seg_058.wav,ApCK9R-i4yk,True,16000,1,3.0,-35.3401,-20.9421,0.6732,0.0,True,ok
data\interim\segmented\stuttering\ApCK9R-i4yk_seg_059.wav,ApCK9R-i4yk_seg_059.wav,ApCK9R-i4yk,True,16000,1,3.0,-32.0171,-17.5592,0.4069,0.0,True,ok
data\interim\segmented\stuttering\ApCK9R-i4yk_seg_060.wav,ApCK9R-i4yk_seg_060.wav,ApCK9R-i4yk,True,16000,1,3.0,-30.1617,-13.7577,0.5925,0.0,True,ok
data\interim\segmented\stuttering\ApCK9R-i4yk_seg_061.wav,ApCK9R-i4yk_seg_061.wav,ApCK9R-i4yk,True,16000,1,3.0,-35.0201,-15.1672,0.5766,0.0,True,ok
data\interim\segmented\stuttering\ApCK9R-i4yk_seg_062.wav,ApCK9R-i4yk_seg_062.wav,ApCK9R-i4yk,True,16000,1,3.0,-29.9368,-14.6266,0.4398,0.0,True,ok
data\interim\segmented\stuttering\ApCK9R-i4yk_seg_063.wav,ApCK9R-i4yk_seg_063.wav,ApCK9R-i4yk,True,16000,1,3.0,-31.0079,-14.954,0.5243,0.0,True,ok
data\interim\segmented\stuttering\ApCK9R-i4yk_seg_064.wav,ApCK9R-i4yk_seg_064.wav,ApCK9R-i4yk,True,16000,1,3.0,-33.7441,-17.8523,0.5866,0.0,True,ok
data\interim\segmented\stuttering\ApCK9R-i4yk_seg_065.wav,ApCK9R-i4yk_seg_065.wav,ApCK9R-i4yk,True,16000,1,3.0,-27.8029,-14.4025,0.366,0.0,True,ok
data\interim\segmented\stuttering\ApCK9R-i4yk_seg_066.wav,ApCK9R-i4yk_seg_066.wav,ApCK9R-i4yk,True,16000,1,3.0,-33.0276,-13.4968,0.7316,0.0,True,ok
data\interim\segmented\stuttering\ApCK9R-i4yk_seg_067.wav,ApCK9R-i4yk_seg_067.wav,ApCK9R-i4yk,True,16000,1,3.0,-30.8403,-15.5747,0.4181,0.0,True,ok
data\interim\segmented\stuttering\ApCK9R-i4yk_seg_068.wav,ApCK9R-i4yk_seg_068.wav,ApCK9R-i4yk,True,16000,1,3.0,-36.6308,-19.7281,0.6376,0.0,True,ok
data\interim\segmented\stuttering\ApCK9R-i4yk_seg_069.wav,ApCK9R-i4yk_seg_069.wav,ApCK9R-i4yk,True,16000,1,3.0,-33.6836,-17.6761,0.8167,0.0,False,mostly_silence:0.82
data\interim\segmented\stuttering\ApCK9R-i4yk_seg_070.wav,ApCK9R-i4yk_seg_070.wav,ApCK9R-i4yk,True,16000,1,3.0,-27.9015,-12.8647,0.2556,0.0,True,ok
data\interim\segmented\stuttering\ApCK9R-i4yk_seg_071.wav,ApCK9R-i4yk_seg_071.wav,ApCK9R-i4yk,True,16000,1,3.0,-29.768,-15.9075,0.4883,0.0,True,ok
data\interim\segmented\stuttering\ApCK9R-i4yk_seg_072.wav,ApCK9R-i4yk_seg_072.wav,ApCK9R-i4yk,True,16000,1,3.0,-30.4487,-15.0599,0.3792,0.0,True,ok
data\interim\segmented\stuttering\ApCK9R-i4yk_seg_073.wav,ApCK9R-i4yk_seg_073.wav,ApCK9R-i4yk,True,16000,1,3.0,-31.9534,-13.8709,0.5396,0.0,True,ok
data\interim\segmented\stuttering\ApCK9R-i4yk_seg_074.wav,ApCK9R-i4yk_seg_074.wav,ApCK9R-i4yk,True,16000,1,3.0,-30.9449,-14.1651,0.5199,0.0,True,ok
data\interim\segmented\stuttering\ApCK9R-i4yk_seg_075.wav,ApCK9R-i4yk_seg_075.wav,ApCK9R-i4yk,True,16000,1,3.0,-31.4736,-15.4059,0.4199,0.0,True,ok
data\interim\segmented\stuttering\ApCK9R-i4yk_seg_076.wav,ApCK9R-i4yk_seg_076.wav,ApCK9R-i4yk,True,16000,1,3.0,-32.5064,-17.9606,0.5806,0.0,True,ok
data\interim\segmented\stuttering\ApCK9R-i4yk_seg_077.wav,ApCK9R-i4yk_seg_077.wav,ApCK9R-i4yk,True,16000,1,3.0,-31.5582,-16.1832,0.3923,0.0,True,ok
data\interim\segmented\stuttering\ApCK9R-i4yk_seg_078.wav,ApCK9R-i4yk_seg_078.wav,ApCK9R-i4yk,True,16000,1,3.0,-33.0438,-15.5588,0.6282,0.0,True,ok
data\interim\segmented\stuttering\ApCK9R-i4yk_seg_079.wav,ApCK9R-i4yk_seg_079.wav,ApCK9R-i4yk,True,16000,1,3.0,-31.38,-15.8169,0.5093,0.0,True,ok
data\interim\segmented\stuttering\ApCK9R-i4yk_seg_080.wav,ApCK9R-i4yk_seg_080.wav,ApCK9R-i4yk,True,16000,1,3.0,-32.9195,-15.9075,0.5985,0.0,True,ok
data\interim\segmented\stuttering\ApCK9R-i4yk_seg_081.wav,ApCK9R-i4yk_seg_081.wav,ApCK9R-i4yk,True,16000,1,3.0,-29.0907,-11.0229,0.2657,0.0,True,ok
data\interim\segmented\stuttering\ApCK9R-i4yk_seg_082.wav,ApCK9R-i4yk_seg_082.wav,ApCK9R-i4yk,True,16000,1,3.0,-29.0782,-13.6754,0.3999,0.0,True,ok
data\interim\segmented\stuttering\ApCK9R-i4yk_seg_083.wav,ApCK9R-i4yk_seg_083.wav,ApCK9R-i4yk,True,16000,1,3.0,-32.9699,-18.6088,0.5458,0.0,True,ok
data\interim\segmented\stuttering\ApCK9R-i4yk_seg_084.wav,ApCK9R-i4yk_seg_084.wav,ApCK9R-i4yk,True,16000,1,3.0,-28.9272,-11.2871,0.445,0.0,True,ok
data\interim\segmented\stuttering\ApCK9R-i4yk_seg_085.wav,ApCK9R-i4yk_seg_085.wav,ApCK9R-i4yk,True,16000,1,3.0,-30.3676,-14.661,0.3558,0.0,True,ok
data\interim\segmented\stuttering\ApCK9R-i4yk_seg_086.wav,ApCK9R-i4yk_seg_086.wav,ApCK9R-i4yk,True,16000,1,3.0,-28.5487,-14.564,0.4075,0.0,True,ok
data\interim\segmented\stuttering\ApCK9R-i4yk_seg_087.wav,ApCK9R-i4yk_seg_087.wav,ApCK9R-i4yk,True,16000,1,3.0,-31.0531,-16.9786,0.3576,0.0,True,ok
data\interim\segmented\stuttering\ApCK9R-i4yk_seg_088.wav,ApCK9R-i4yk_seg_088.wav,ApCK9R-i4yk,True,16000,1,3.0,-33.2144,-18.2765,0.5576,0.0,True,ok
data\interim\segmented\stuttering\ApCK9R-i4yk_seg_089.wav,ApCK9R-i4yk_seg_089.wav,ApCK9R-i4yk,True,16000,1,3.0,-33.7703,-15.5827,0.652,0.0,True,ok
data\interim\segmented\stuttering\ApCK9R-i4yk_seg_090.wav,ApCK9R-i4yk_seg_090.wav,ApCK9R-i4yk,True,16000,1,3.0,-31.3407,-11.1502,0.4768,0.0,True,ok
data\interim\segmented\stuttering\ApCK9R-i4yk_seg_091.wav,ApCK9R-i4yk_seg_091.wav,ApCK9R-i4yk,True,16000,1,3.0,-31.1817,-15.3065,0.5121,0.0,True,ok
data\interim\segmented\stuttering\ApCK9R-i4yk_seg_092.wav,ApCK9R-i4yk_seg_092.wav,ApCK9R-i4yk,True,16000,1,3.0,-33.6286,-13.4132,0.552,0.0,True,ok
data\interim\segmented\stuttering\ApCK9R-i4yk_seg_093.wav,ApCK9R-i4yk_seg_093.wav,ApCK9R-i4yk,True,16000,1,3.0,-37.4109,-20.2796,0.7263,0.0,True,ok
data\interim\segmented\stuttering\ApCK9R-i4yk_seg_094.wav,ApCK9R-i4yk_seg_094.wav,ApCK9R-i4yk,True,16000,1,3.0,-32.4039,-15.9273,0.6361,0.0,True,ok
data\interim\segmented\stuttering\ApCK9R-i4yk_seg_095.wav,ApCK9R-i4yk_seg_095.wav,ApCK9R-i4yk,True,16000,1,3.0,-32.7747,-15.1156,0.5833,0.0,True,ok
data\interim\segmented\stuttering\ApCK9R-i4yk_seg_096.wav,ApCK9R-i4yk_seg_096.wav,ApCK9R-i4yk,True,16000,1,3.0,-32.3921,-15.6692,0.5699,0.0,True,ok
data\interim\segmented\stuttering\ApCK9R-i4yk_seg_097.wav,ApCK9R-i4yk_seg_097.wav,ApCK9R-i4yk,True,16000,1,3.0,-28.5118,-12.695,0.3687,0.0,True,ok
data\interim\segmented\stuttering\ApCK9R-i4yk_seg_098.wav,ApCK9R-i4yk_seg_098.wav,ApCK9R-i4yk,True,16000,1,3.0,-32.4712,-15.2773,0.5435,0.0,True,ok
data\interim\segmented\stuttering\ApCK9R-i4yk_seg_099.wav,ApCK9R-i4yk_seg_099.wav,ApCK9R-i4yk,True,16000,1,3.0,-32.0316,-13.3884,0.6854,0.0,True,ok
data\interim\segmented\stuttering\ApCK9R-i4yk_seg_100.wav,ApCK9R-i4yk_seg_100.wav,ApCK9R-i4yk,True,16000,1,3.0,-37.172,-20.0526,0.814,0.0,False,mostly_silence:0.81
data\interim\segmented\stuttering\ApCK9R-i4yk_seg_101.wav,ApCK9R-i4yk_seg_101.wav,ApCK9R-i4yk,True,16000,1,3.0,-32.7596,-17.4656,0.4148,0.0,True,ok
data\interim\segmented\stuttering\ApCK9R-i4yk_seg_102.wav,ApCK9R-i4yk_seg_102.wav,ApCK9R-i4yk,True,16000,1,3.0,-33.9451,-14.9067,0.6918,0.0,True,ok
data\interim\segmented\stuttering\ApCK9R-i4yk_seg_103.wav,ApCK9R-i4yk_seg_103.wav,ApCK9R-i4yk,True,16000,1,3.0,-37.1244,-22.0095,0.5856,0.0,True,ok
data\interim\segmented\stuttering\ApCK9R-i4yk_seg_104.wav,ApCK9R-i4yk_seg_104.wav,ApCK9R-i4yk,True,16000,1,3.0,-34.9333,-19.0441,0.759,0.0,True,ok
data\interim\segmented\stuttering\ApCK9R-i4yk_seg_105.wav,ApCK9R-i4yk_seg_105.wav,ApCK9R-i4yk,True,16000,1,3.0,-34.0733,-20.0048,0.6088,0.0,True,ok
data\interim\segmented\stuttering\ApCK9R-i4yk_seg_106.wav,ApCK9R-i4yk_seg_106.wav,ApCK9R-i4yk,True,16000,1,3.0,-31.441,-16.8063,0.4211,0.0,True,ok
data\interim\segmented\stuttering\ApCK9R-i4yk_seg_107.wav,ApCK9R-i4yk_seg_107.wav,ApCK9R-i4yk,True,16000,1,3.0,-32.4392,-15.6499,0.6665,0.0,True,ok
data\interim\segmented\stuttering\ApCK9R-i4yk_seg_108.wav,ApCK9R-i4yk_seg_108.wav,ApCK9R-i4yk,True,16000,1,3.0,-37.5865,-18.8609,0.741,0.0,True,ok
data\interim\segmented\stuttering\ApCK9R-i4yk_seg_109.wav,ApCK9R-i4yk_seg_109.wav,ApCK9R-i4yk,True,16000,1,3.0,-38.5261,-20.4454,0.7561,0.0,True,ok
data\interim\segmented\stuttering\ApCK9R-i4yk_seg_110.wav,ApCK9R-i4yk_seg_110.wav,ApCK9R-i4yk,True,16000,1,3.0,-31.7967,-14.9274,0.7271,0.0,True,ok
data\interim\segmented\stuttering\ApCK9R-i4yk_seg_111.wav,ApCK9R-i4yk_seg_111.wav,ApCK9R-i4yk,True,16000,1,3.0,-31.4269,-16.8118,0.5466,0.0,True,ok
data\interim\segmented\stuttering\ApCK9R-i4yk_seg_112.wav,ApCK9R-i4yk_seg_112.wav,ApCK9R-i4yk,True,16000,1,3.0,-32.0412,-16.8246,0.6102,0.0,True,ok
data\interim\segmented\stuttering\ApCK9R-i4yk_seg_113.wav,ApCK9R-i4yk_seg_113.wav,ApCK9R-i4yk,True,16000,1,3.0,-32.0637,-15.1976,0.6458,0.0,True,ok
data\interim\segmented\stuttering\ApCK9R-i4yk_seg_114.wav,ApCK9R-i4yk_seg_114.wav,ApCK9R-i4yk,True,16000,1,3.0,-32.5195,-16.1338,0.4297,0.0,True,ok
data\interim\segmented\stuttering\ApCK9R-i4yk_seg_115.wav,ApCK9R-i4yk_seg_115.wav,ApCK9R-i4yk,True,16000,1,3.0,-32.3091,-16.8541,0.3851,0.0,True,ok
data\interim\segmented\stuttering\ApCK9R-i4yk_seg_116.wav,ApCK9R-i4yk_seg_116.wav,ApCK9R-i4yk,True,16000,1,3.0,-30.0326,-13.8722,0.4743,0.0,True,ok
data\interim\segmented\stuttering\ApCK9R-i4yk_seg_117.wav,ApCK9R-i4yk_seg_117.wav,ApCK9R-i4yk,True,16000,1,3.0,-31.1747,-15.1611,0.5883,0.0,True,ok
data\interim\segmented\stuttering\ApCK9R-i4yk_seg_118.wav,ApCK9R-i4yk_seg_118.wav,ApCK9R-i4yk,True,16000,1,3.0,-30.7505,-17.4222,0.2749,0.0,True,ok
data\interim\segmented\stuttering\ApCK9R-i4yk_seg_119.wav,ApCK9R-i4yk_seg_119.wav,ApCK9R-i4yk,True,16000,1,3.0,-32.3168,-15.2282,0.4982,0.0,True,ok
data\interim\segmented\stuttering\ApCK9R-i4yk_seg_120.wav,ApCK9R-i4yk_seg_120.wav,ApCK9R-i4yk,True,16000,1,3.0,-32.1627,-17.5552,0.4301,0.0,True,ok
data\interim\segmented\stuttering\ApCK9R-i4yk_seg_121.wav,ApCK9R-i4yk_seg_121.wav,ApCK9R-i4yk,True,16000,1,3.0,-30.3682,-13.9287,0.4445,0.0,True,ok
data\interim\segmented\stuttering\ApCK9R-i4yk_seg_122.wav,ApCK9R-i4yk_seg_122.wav,ApCK9R-i4yk,True,16000,1,3.0,-32.4923,-17.5033,0.6316,0.0,True,ok
data\interim\segmented\stuttering\ApCK9R-i4yk_seg_123.wav,ApCK9R-i4yk_seg_123.wav,ApCK9R-i4yk,True,16000,1,3.0,-31.0484,-14.4808,0.3927,0.0,True,ok
data\interim\segmented\stuttering\ApCK9R-i4yk_seg_124.wav,ApCK9R-i4yk_seg_124.wav,ApCK9R-i4yk,True,16000,1,3.0,-32.5966,-15.1111,0.5126,0.0,True,ok
data\interim\segmented\stuttering\ApCK9R-i4yk_seg_125.wav,ApCK9R-i4yk_seg_125.wav,ApCK9R-i4yk,True,16000,1,3.0,-27.5355,-14.1448,0.4487,0.0,True,ok
data\interim\segmented\stuttering\ApCK9R-i4yk_seg_126.wav,ApCK9R-i4yk_seg_126.wav,ApCK9R-i4yk,True,16000,1,3.0,-30.051,-15.6869,0.365,0.0,True,ok
data\interim\segmented\stuttering\ApCK9R-i4yk_seg_127.wav,ApCK9R-i4yk_seg_127.wav,ApCK9R-i4yk,True,16000,1,3.0,-31.9742,-19.2556,0.3995,0.0,True,ok
data\interim\segmented\stuttering\ApCK9R-i4yk_seg_128.wav,ApCK9R-i4yk_seg_128.wav,ApCK9R-i4yk,True,16000,1,3.0,-33.5507,-16.6373,0.5871,0.0,True,ok
data\interim\segmented\stuttering\ApCK9R-i4yk_seg_129.wav,ApCK9R-i4yk_seg_129.wav,ApCK9R-i4yk,True,16000,1,3.0,-35.102,-18.7569,0.7789,0.0,True,ok
data\interim\segmented\stuttering\ApCK9R-i4yk_seg_130.wav,ApCK9R-i4yk_seg_130.wav,ApCK9R-i4yk,True,16000,1,3.0,-33.8393,-19.4874,0.5724,0.0,True,ok
data\interim\segmented\stuttering\ApCK9R-i4yk_seg_131.wav,ApCK9R-i4yk_seg_131.wav,ApCK9R-i4yk,True,16000,1,3.0,-35.6589,-17.2235,0.6246,0.0,True,ok
data\interim\segmented\stuttering\ApCK9R-i4yk_seg_132.wav,ApCK9R-i4yk_seg_132.wav,ApCK9R-i4yk,True,16000,1,3.0,-34.5145,-13.8578,0.632,0.0,True,ok
data\interim\segmented\stuttering\ApCK9R-i4yk_seg_133.wav,ApCK9R-i4yk_seg_133.wav,ApCK9R-i4yk,True,16000,1,3.0,-34.898,-21.4594,0.6689,0.0,True,ok
data\interim\segmented\stuttering\ApCK9R-i4yk_seg_134.wav,ApCK9R-i4yk_seg_134.wav,ApCK9R-i4yk,True,16000,1,3.0,-34.7581,-21.3442,0.6589,0.0,True,ok
data\interim\segmented\stuttering\ApCK9R-i4yk_seg_135.wav,ApCK9R-i4yk_seg_135.wav,ApCK9R-i4yk,True,16000,1,3.0,-32.4113,-9.0574,0.6741,0.0,True,ok
data\interim\segmented\stuttering\ApCK9R-i4yk_seg_136.wav,ApCK9R-i4yk_seg_136.wav,ApCK9R-i4yk,True,16000,1,3.0,-30.239,-13.8421,0.3949,0.0,True,ok
data\interim\segmented\stuttering\ApCK9R-i4yk_seg_137.wav,ApCK9R-i4yk_seg_137.wav,ApCK9R-i4yk,True,16000,1,1.75,-37.3837,-22.1952,0.6155,0.0,True,ok
data\interim\segmented\stuttering\DWAXvYezKIA_seg_000.wav,DWAXvYezKIA_seg_000.wav,DWAXvYezKIA,True,16000,1,3.0,-27.8214,-10.1985,0.5555,0.0,True,ok
data\interim\segmented\stuttering\DWAXvYezKIA_seg_001.wav,DWAXvYezKIA_seg_001.wav,DWAXvYezKIA,True,16000,1,3.0,-33.3368,-16.2483,0.4724,0.0,True,ok
data\interim\segmented\stuttering\DWAXvYezKIA_seg_002.wav,DWAXvYezKIA_seg_002.wav,DWAXvYezKIA,True,16000,1,3.0,-29.6642,-10.0801,0.5056,0.0,True,ok
data\interim\segmented\stuttering\DWAXvYezKIA_seg_003.wav,DWAXvYezKIA_seg_003.wav,DWAXvYezKIA,True,16000,1,3.0,-27.1973,-10.2303,0.5304,0.0,True,ok
data\interim\segmented\stuttering\DWAXvYezKIA_seg_004.wav,DWAXvYezKIA_seg_004.wav,DWAXvYezKIA,True,16000,1,3.0,-34.2485,-14.6395,0.6747,0.0,True,ok
data\interim\segmented\stuttering\DWAXvYezKIA_seg_005.wav,DWAXvYezKIA_seg_005.wav,DWAXvYezKIA,True,16000,1,3.0,-29.3376,-10.1293,0.7336,0.0,True,ok
data\interim\segmented\stuttering\DWAXvYezKIA_seg_006.wav,DWAXvYezKIA_seg_006.wav,DWAXvYezKIA,True,16000,1,3.0,-27.3691,-9.7881,0.656,0.0,True,ok
data\interim\segmented\stuttering\DWAXvYezKIA_seg_007.wav,DWAXvYezKIA_seg_007.wav,DWAXvYezKIA,True,16000,1,3.0,-31.1435,-11.9557,0.5126,0.0,True,ok
data\interim\segmented\stuttering\DWAXvYezKIA_seg_008.wav,DWAXvYezKIA_seg_008.wav,DWAXvYezKIA,True,16000,1,3.0,-37.6019,-19.0513,0.6898,0.0,True,ok
data\interim\segmented\stuttering\DWAXvYezKIA_seg_009.wav,DWAXvYezKIA_seg_009.wav,DWAXvYezKIA,True,16000,1,3.0,-30.277,-11.691,0.4868,0.0,True,ok
data\interim\segmented\stuttering\DWAXvYezKIA_seg_010.wav,DWAXvYezKIA_seg_010.wav,DWAXvYezKIA,True,16000,1,3.0,-32.0443,-13.8226,0.5052,0.0,True,ok
data\interim\segmented\stuttering\DWAXvYezKIA_seg_011.wav,DWAXvYezKIA_seg_011.wav,DWAXvYezKIA,True,16000,1,3.0,-29.8963,-11.3222,0.5169,0.0,True,ok
data\interim\segmented\stuttering\DWAXvYezKIA_seg_012.wav,DWAXvYezKIA_seg_012.wav,DWAXvYezKIA,True,16000,1,3.0,-34.4641,-15.3266,0.523,0.0,True,ok
data\interim\segmented\stuttering\DWAXvYezKIA_seg_013.wav,DWAXvYezKIA_seg_013.wav,DWAXvYezKIA,True,16000,1,3.0,-35.4886,-16.2776,0.5591,0.0,True,ok
data\interim\segmented\stuttering\DWAXvYezKIA_seg_014.wav,DWAXvYezKIA_seg_014.wav,DWAXvYezKIA,True,16000,1,3.0,-33.5793,-11.9968,0.5197,0.0,True,ok
data\interim\segmented\stuttering\DWAXvYezKIA_seg_015.wav,DWAXvYezKIA_seg_015.wav,DWAXvYezKIA,True,16000,1,3.0,-27.944,-8.0442,0.4695,0.0,True,ok
data\interim\segmented\stuttering\DWAXvYezKIA_seg_016.wav,DWAXvYezKIA_seg_016.wav,DWAXvYezKIA,True,16000,1,3.0,-27.6755,-8.7283,0.4819,0.0,True,ok
data\interim\segmented\stuttering\DWAXvYezKIA_seg_017.wav,DWAXvYezKIA_seg_017.wav,DWAXvYezKIA,True,16000,1,3.0,-26.6471,-9.344,0.4169,0.0,True,ok
data\interim\segmented\stuttering\DWAXvYezKIA_seg_018.wav,DWAXvYezKIA_seg_018.wav,DWAXvYezKIA,True,16000,1,3.0,-24.1406,-8.8728,0.3332,0.0,True,ok
data\interim\segmented\stuttering\DWAXvYezKIA_seg_019.wav,DWAXvYezKIA_seg_019.wav,DWAXvYezKIA,True,16000,1,3.0,-25.2233,-8.1479,0.5499,0.0,True,ok
data\interim\segmented\stuttering\DWAXvYezKIA_seg_020.wav,DWAXvYezKIA_seg_020.wav,DWAXvYezKIA,True,16000,1,3.0,-28.719,-10.729,0.6385,0.0,True,ok
data\interim\segmented\stuttering\DWAXvYezKIA_seg_021.wav,DWAXvYezKIA_seg_021.wav,DWAXvYezKIA,True,16000,1,3.0,-26.3267,-6.575,0.5715,0.0,True,ok
data\interim\segmented\stuttering\DWAXvYezKIA_seg_022.wav,DWAXvYezKIA_seg_022.wav,DWAXvYezKIA,True,16000,1,3.0,-27.8988,-11.0844,0.4853,0.0,True,ok
data\interim\segmented\stuttering\DWAXvYezKIA_seg_023.wav,DWAXvYezKIA_seg_023.wav,DWAXvYezKIA,True,16000,1,3.0,-28.816,-9.1915,0.6152,0.0,True,ok
data\interim\segmented\stuttering\DWAXvYezKIA_seg_024.wav,DWAXvYezKIA_seg_024.wav,DWAXvYezKIA,True,16000,1,3.0,-32.2831,-10.3937,0.6177,0.0,True,ok
data\interim\segmented\stuttering\DWAXvYezKIA_seg_025.wav,DWAXvYezKIA_seg_025.wav,DWAXvYezKIA,True,16000,1,3.0,-24.898,-7.8477,0.5639,0.0,True,ok
data\interim\segmented\stuttering\DWAXvYezKIA_seg_026.wav,DWAXvYezKIA_seg_026.wav,DWAXvYezKIA,True,16000,1,3.0,-24.5069,-6.687,0.5722,0.0,True,ok
data\interim\segmented\stuttering\DWAXvYezKIA_seg_027.wav,DWAXvYezKIA_seg_027.wav,DWAXvYezKIA,True,16000,1,3.0,-40.0082,-13.7862,0.7396,0.0,True,ok
data\interim\segmented\stuttering\DWAXvYezKIA_seg_028.wav,DWAXvYezKIA_seg_028.wav,DWAXvYezKIA,True,16000,1,3.0,-30.6256,-13.5572,0.4902,0.0,True,ok
data\interim\segmented\stuttering\DWAXvYezKIA_seg_029.wav,DWAXvYezKIA_seg_029.wav,DWAXvYezKIA,True,16000,1,3.0,-36.2919,-13.3934,0.7057,0.0,True,ok
data\interim\segmented\stuttering\DWAXvYezKIA_seg_030.wav,DWAXvYezKIA_seg_030.wav,DWAXvYezKIA,True,16000,1,3.0,-29.8937,-10.916,0.322,0.0,True,ok
data\interim\segmented\stuttering\DWAXvYezKIA_seg_031.wav,DWAXvYezKIA_seg_031.wav,DWAXvYezKIA,True,16000,1,3.0,-26.0639,-11.1856,0.2956,0.0,True,ok
data\interim\segmented\stuttering\DWAXvYezKIA_seg_032.wav,DWAXvYezKIA_seg_032.wav,DWAXvYezKIA,True,16000,1,3.0,-28.515,-10.2778,0.4548,0.0,True,ok
data\interim\segmented\stuttering\DWAXvYezKIA_seg_033.wav,DWAXvYezKIA_seg_033.wav,DWAXvYezKIA,True,16000,1,3.0,-37.5096,-18.2439,0.5757,0.0,True,ok
data\interim\segmented\stuttering\DWAXvYezKIA_seg_034.wav,DWAXvYezKIA_seg_034.wav,DWAXvYezKIA,True,16000,1,3.0,-29.3593,-9.5764,0.4468,0.0,True,ok
data\interim\segmented\stuttering\DWAXvYezKIA_seg_035.wav,DWAXvYezKIA_seg_035.wav,DWAXvYezKIA,True,16000,1,3.0,-31.8582,-13.1515,0.6296,0.0,True,ok
data\interim\segmented\stuttering\DWAXvYezKIA_seg_036.wav,DWAXvYezKIA_seg_036.wav,DWAXvYezKIA,True,16000,1,3.0,-33.0692,-12.4327,0.4795,0.0,True,ok
data\interim\segmented\stuttering\DWAXvYezKIA_seg_037.wav,DWAXvYezKIA_seg_037.wav,DWAXvYezKIA,True,16000,1,3.0,-32.4565,-14.6897,0.4865,0.0,True,ok
data\interim\segmented\stuttering\DWAXvYezKIA_seg_038.wav,DWAXvYezKIA_seg_038.wav,DWAXvYezKIA,True,16000,1,3.0,-32.2911,-11.1406,0.5766,0.0,True,ok
data\interim\segmented\stuttering\DWAXvYezKIA_seg_039.wav,DWAXvYezKIA_seg_039.wav,DWAXvYezKIA,True,16000,1,3.0,-27.5775,-9.8267,0.4767,0.0,True,ok
data\interim\segmented\stuttering\DWAXvYezKIA_seg_040.wav,DWAXvYezKIA_seg_040.wav,DWAXvYezKIA,True,16000,1,3.0,-27.9715,-9.3978,0.3701,0.0,True,ok
data\interim\segmented\stuttering\DWAXvYezKIA_seg_041.wav,DWAXvYezKIA_seg_041.wav,DWAXvYezKIA,True,16000,1,3.0,-32.7481,-14.0494,0.4978,0.0,True,ok
data\interim\segmented\stuttering\DWAXvYezKIA_seg_042.wav,DWAXvYezKIA_seg_042.wav,DWAXvYezKIA,True,16000,1,3.0,-30.0777,-11.2135,0.5686,0.0,True,ok
data\interim\segmented\stuttering\DWAXvYezKIA_seg_043.wav,DWAXvYezKIA_seg_043.wav,DWAXvYezKIA,True,16000,1,3.0,-25.9602,-10.2821,0.3519,0.0,True,ok
data\interim\segmented\stuttering\DWAXvYezKIA_seg_044.wav,DWAXvYezKIA_seg_044.wav,DWAXvYezKIA,True,16000,1,3.0,-30.757,-10.903,0.5013,0.0,True,ok
data\interim\segmented\stuttering\DWAXvYezKIA_seg_045.wav,DWAXvYezKIA_seg_045.wav,DWAXvYezKIA,True,16000,1,3.0,-28.8653,-8.3064,0.632,0.0,True,ok
data\interim\segmented\stuttering\DWAXvYezKIA_seg_046.wav,DWAXvYezKIA_seg_046.wav,DWAXvYezKIA,True,16000,1,3.0,-30.6788,-10.6763,0.6831,0.0,True,ok
data\interim\segmented\stuttering\DWAXvYezKIA_seg_047.wav,DWAXvYezKIA_seg_047.wav,DWAXvYezKIA,True,16000,1,3.0,-32.102,-14.5499,0.5915,0.0,True,ok
data\interim\segmented\stuttering\DWAXvYezKIA_seg_048.wav,DWAXvYezKIA_seg_048.wav,DWAXvYezKIA,True,16000,1,3.0,-31.278,-12.0635,0.5098,0.0,True,ok
data\interim\segmented\stuttering\DWAXvYezKIA_seg_049.wav,DWAXvYezKIA_seg_049.wav,DWAXvYezKIA,True,16000,1,3.0,-29.3637,-11.6443,0.4199,0.0,True,ok
data\interim\segmented\stuttering\DWAXvYezKIA_seg_050.wav,DWAXvYezKIA_seg_050.wav,DWAXvYezKIA,True,16000,1,3.0,-33.6409,-12.0179,0.6371,0.0,True,ok
data\interim\segmented\stuttering\DWAXvYezKIA_seg_051.wav,DWAXvYezKIA_seg_051.wav,DWAXvYezKIA,True,16000,1,3.0,-31.2858,-14.4248,0.4892,0.0,True,ok
data\interim\segmented\stuttering\DWAXvYezKIA_seg_052.wav,DWAXvYezKIA_seg_052.wav,DWAXvYezKIA,True,16000,1,3.0,-31.1631,-12.4794,0.5659,0.0,True,ok
data\interim\segmented\stuttering\DWAXvYezKIA_seg_053.wav,DWAXvYezKIA_seg_053.wav,DWAXvYezKIA,True,16000,1,3.0,-32.4006,-11.3075,0.5491,0.0,True,ok
data\interim\segmented\stuttering\DWAXvYezKIA_seg_054.wav,DWAXvYezKIA_seg_054.wav,DWAXvYezKIA,True,16000,1,3.0,-33.3221,-16.9431,0.5201,0.0,True,ok
data\interim\segmented\stuttering\DWAXvYezKIA_seg_055.wav,DWAXvYezKIA_seg_055.wav,DWAXvYezKIA,True,16000,1,3.0,-26.5454,-8.3043,0.4025,0.0,True,ok
data\interim\segmented\stuttering\DWAXvYezKIA_seg_056.wav,DWAXvYezKIA_seg_056.wav,DWAXvYezKIA,True,16000,1,3.0,-25.3188,-7.6779,0.4834,0.0,True,ok
data\interim\segmented\stuttering\DWAXvYezKIA_seg_057.wav,DWAXvYezKIA_seg_057.wav,DWAXvYezKIA,True,16000,1,3.0,-29.5892,-8.8824,0.6665,0.0,True,ok
data\interim\segmented\stuttering\DWAXvYezKIA_seg_058.wav,DWAXvYezKIA_seg_058.wav,DWAXvYezKIA,True,16000,1,3.0,-32.6058,-12.4216,0.5625,0.0,True,ok
data\interim\segmented\stuttering\DWAXvYezKIA_seg_059.wav,DWAXvYezKIA_seg_059.wav,DWAXvYezKIA,True,16000,1,3.0,-27.6072,-10.7445,0.4412,0.0,True,ok
data\interim\segmented\stuttering\DWAXvYezKIA_seg_060.wav,DWAXvYezKIA_seg_060.wav,DWAXvYezKIA,True,16000,1,3.0,-43.2793,-18.1192,0.9236,0.0,False,mostly_silence:0.92
data\interim\segmented\stuttering\DWAXvYezKIA_seg_061.wav,DWAXvYezKIA_seg_061.wav,DWAXvYezKIA,True,16000,1,3.0,-33.3922,-14.2453,0.8631,0.0,False,mostly_silence:0.86
data\interim\segmented\stuttering\DWAXvYezKIA_seg_062.wav,DWAXvYezKIA_seg_062.wav,DWAXvYezKIA,True,16000,1,3.0,-28.3346,-10.4792,0.451,0.0,True,ok
data\interim\segmented\stuttering\DWAXvYezKIA_seg_063.wav,DWAXvYezKIA_seg_063.wav,DWAXvYezKIA,True,16000,1,3.0,-29.1783,-10.9796,0.4859,0.0,True,ok
data\interim\segmented\stuttering\DWAXvYezKIA_seg_064.wav,DWAXvYezKIA_seg_064.wav,DWAXvYezKIA,True,16000,1,3.0,-25.4407,-9.4119,0.5813,0.0,True,ok
data\interim\segmented\stuttering\DWAXvYezKIA_seg_065.wav,DWAXvYezKIA_seg_065.wav,DWAXvYezKIA,True,16000,1,3.0,-30.5753,-13.8265,0.5295,0.0,True,ok
data\interim\segmented\stuttering\DWAXvYezKIA_seg_066.wav,DWAXvYezKIA_seg_066.wav,DWAXvYezKIA,True,16000,1,3.0,-33.9174,-14.2658,0.6372,0.0,True,ok
data\interim\segmented\stuttering\DWAXvYezKIA_seg_067.wav,DWAXvYezKIA_seg_067.wav,DWAXvYezKIA,True,16000,1,3.0,-29.9167,-12.7042,0.3552,0.0,True,ok
data\interim\segmented\stuttering\DWAXvYezKIA_seg_068.wav,DWAXvYezKIA_seg_068.wav,DWAXvYezKIA,True,16000,1,3.0,-35.8427,-20.5861,0.3846,0.0,True,ok
data\interim\segmented\stuttering\DWAXvYezKIA_seg_069.wav,DWAXvYezKIA_seg_069.wav,DWAXvYezKIA,True,16000,1,3.0,-33.2386,-14.4025,0.5482,0.0,True,ok
data\interim\segmented\stuttering\DWAXvYezKIA_seg_070.wav,DWAXvYezKIA_seg_070.wav,DWAXvYezKIA,True,16000,1,3.0,-35.2198,-16.3854,0.5317,0.0,True,ok
data\interim\segmented\stuttering\DWAXvYezKIA_seg_071.wav,DWAXvYezKIA_seg_071.wav,DWAXvYezKIA,True,16000,1,3.0,-33.0057,-15.1414,0.4935,0.0,True,ok
data\interim\segmented\stuttering\DWAXvYezKIA_seg_072.wav,DWAXvYezKIA_seg_072.wav,DWAXvYezKIA,True,16000,1,3.0,-27.7842,-9.4488,0.7254,0.0,True,ok
data\interim\segmented\stuttering\DWAXvYezKIA_seg_073.wav,DWAXvYezKIA_seg_073.wav,DWAXvYezKIA,True,16000,1,3.0,-28.0232,-10.5557,0.6569,0.0,True,ok
data\interim\segmented\stuttering\DWAXvYezKIA_seg_074.wav,DWAXvYezKIA_seg_074.wav,DWAXvYezKIA,True,16000,1,3.0,-30.2063,-13.3157,0.3033,0.0,True,ok
data\interim\segmented\stuttering\DWAXvYezKIA_seg_075.wav,DWAXvYezKIA_seg_075.wav,DWAXvYezKIA,True,16000,1,3.0,-27.2889,-8.8913,0.512,0.0,True,ok
data\interim\segmented\stuttering\DWAXvYezKIA_seg_076.wav,DWAXvYezKIA_seg_076.wav,DWAXvYezKIA,True,16000,1,3.0,-28.6134,-10.131,0.3656,0.0,True,ok
data\interim\segmented\stuttering\DWAXvYezKIA_seg_077.wav,DWAXvYezKIA_seg_077.wav,DWAXvYezKIA,True,16000,1,3.0,-31.1238,-12.4693,0.5534,0.0,True,ok
data\interim\segmented\stuttering\DWAXvYezKIA_seg_078.wav,DWAXvYezKIA_seg_078.wav,DWAXvYezKIA,True,16000,1,3.0,-31.7159,-15.1808,0.4405,0.0,True,ok
data\interim\segmented\stuttering\DWAXvYezKIA_seg_079.wav,DWAXvYezKIA_seg_079.wav,DWAXvYezKIA,True,16000,1,3.0,-30.9596,-12.6063,0.5668,0.0,True,ok
data\interim\segmented\stuttering\DWAXvYezKIA_seg_080.wav,DWAXvYezKIA_seg_080.wav,DWAXvYezKIA,True,16000,1,3.0,-28.4426,-10.2838,0.3029,0.0,True,ok
data\interim\segmented\stuttering\DWAXvYezKIA_seg_081.wav,DWAXvYezKIA_seg_081.wav,DWAXvYezKIA,True,16000,1,3.0,-37.195,-15.1383,0.6886,0.0,True,ok
data\interim\segmented\stuttering\DWAXvYezKIA_seg_082.wav,DWAXvYezKIA_seg_082.wav,DWAXvYezKIA,True,16000,1,3.0,-28.5981,-9.9441,0.4377,0.0,True,ok
data\interim\segmented\stuttering\DWAXvYezKIA_seg_083.wav,DWAXvYezKIA_seg_083.wav,DWAXvYezKIA,True,16000,1,3.0,-33.3842,-14.3761,0.5471,0.0,True,ok
data\interim\segmented\stuttering\DWAXvYezKIA_seg_084.wav,DWAXvYezKIA_seg_084.wav,DWAXvYezKIA,True,16000,1,3.0,-34.0321,-14.5683,0.6066,0.0,True,ok
data\interim\segmented\stuttering\DWAXvYezKIA_seg_085.wav,DWAXvYezKIA_seg_085.wav,DWAXvYezKIA,True,16000,1,3.0,-30.9485,-10.1191,0.9054,0.0,False,mostly_silence:0.91
data\interim\segmented\stuttering\DWAXvYezKIA_seg_086.wav,DWAXvYezKIA_seg_086.wav,DWAXvYezKIA,True,16000,1,3.0,-26.7521,-11.331,0.3707,0.0,True,ok
data\interim\segmented\stuttering\DWAXvYezKIA_seg_087.wav,DWAXvYezKIA_seg_087.wav,DWAXvYezKIA,True,16000,1,3.0,-30.1978,-14.0227,0.4335,0.0,True,ok
data\interim\segmented\stuttering\DWAXvYezKIA_seg_088.wav,DWAXvYezKIA_seg_088.wav,DWAXvYezKIA,True,16000,1,3.0,-29.4953,-12.2592,0.548,0.0,True,ok
data\interim\segmented\stuttering\DWAXvYezKIA_seg_089.wav,DWAXvYezKIA_seg_089.wav,DWAXvYezKIA,True,16000,1,3.0,-33.4017,-15.1869,0.5047,0.0,True,ok
data\interim\segmented\stuttering\DWAXvYezKIA_seg_090.wav,DWAXvYezKIA_seg_090.wav,DWAXvYezKIA,True,16000,1,3.0,-34.7026,-18.7776,0.4353,0.0,True,ok
data\interim\segmented\stuttering\DWAXvYezKIA_seg_091.wav,DWAXvYezKIA_seg_091.wav,DWAXvYezKIA,True,16000,1,3.0,-32.2804,-14.0601,0.6329,0.0,True,ok
data\interim\segmented\stuttering\DWAXvYezKIA_seg_092.wav,DWAXvYezKIA_seg_092.wav,DWAXvYezKIA,True,16000,1,3.0,-31.6006,-14.6467,0.5321,0.0,True,ok
data\interim\segmented\stuttering\DWAXvYezKIA_seg_093.wav,DWAXvYezKIA_seg_093.wav,DWAXvYezKIA,True,16000,1,3.0,-34.0235,-15.7647,0.5103,0.0,True,ok
data\interim\segmented\stuttering\DWAXvYezKIA_seg_094.wav,DWAXvYezKIA_seg_094.wav,DWAXvYezKIA,True,16000,1,3.0,-27.4268,-8.7769,0.456,0.0,True,ok
data\interim\segmented\stuttering\DWAXvYezKIA_seg_095.wav,DWAXvYezKIA_seg_095.wav,DWAXvYezKIA,True,16000,1,3.0,-28.7337,-12.8635,0.4374,0.0,True,ok
data\interim\segmented\stuttering\DWAXvYezKIA_seg_096.wav,DWAXvYezKIA_seg_096.wav,DWAXvYezKIA,True,16000,1,3.0,-33.9318,-17.2602,0.4987,0.0,True,ok
data\interim\segmented\stuttering\DWAXvYezKIA_seg_097.wav,DWAXvYezKIA_seg_097.wav,DWAXvYezKIA,True,16000,1,3.0,-27.8522,-10.0844,0.4849,0.0,True,ok
data\interim\segmented\stuttering\DWAXvYezKIA_seg_098.wav,DWAXvYezKIA_seg_098.wav,DWAXvYezKIA,True,16000,1,3.0,-34.9765,-12.8635,0.5633,0.0,True,ok
data\interim\segmented\stuttering\DWAXvYezKIA_seg_099.wav,DWAXvYezKIA_seg_099.wav,DWAXvYezKIA,True,16000,1,3.0,-29.1398,-11.7935,0.4109,0.0,True,ok
data\interim\segmented\stuttering\DWAXvYezKIA_seg_100.wav,DWAXvYezKIA_seg_100.wav,DWAXvYezKIA,True,16000,1,3.0,-32.1164,-13.3748,0.5759,0.0,True,ok
data\interim\segmented\stuttering\DWAXvYezKIA_seg_101.wav,DWAXvYezKIA_seg_101.wav,DWAXvYezKIA,True,16000,1,3.0,-28.7515,-11.9013,0.5197,0.0,True,ok
data\interim\segmented\stuttering\DWAXvYezKIA_seg_102.wav,DWAXvYezKIA_seg_102.wav,DWAXvYezKIA,True,16000,1,3.0,-35.5213,-17.1031,0.5599,0.0,True,ok
data\interim\segmented\stuttering\DWAXvYezKIA_seg_103.wav,DWAXvYezKIA_seg_103.wav,DWAXvYezKIA,True,16000,1,3.0,-30.16,-12.2864,0.5537,0.0,True,ok
data\interim\segmented\stuttering\DWAXvYezKIA_seg_104.wav,DWAXvYezKIA_seg_104.wav,DWAXvYezKIA,True,16000,1,3.0,-27.2005,-10.6527,0.5059,0.0,True,ok
data\interim\segmented\stuttering\DWAXvYezKIA_seg_105.wav,DWAXvYezKIA_seg_105.wav,DWAXvYezKIA,True,16000,1,3.0,-35.487,-19.3289,0.6227,0.0,True,ok
data\interim\segmented\stuttering\k8T4dkAcP5g_seg_000.wav,k8T4dkAcP5g_seg_000.wav,k8T4dkAcP5g,True,16000,1,3.0,-31.9449,-11.7462,0.3837,0.0,True,ok
data\interim\segmented\stuttering\k8T4dkAcP5g_seg_001.wav,k8T4dkAcP5g_seg_001.wav,k8T4dkAcP5g,True,16000,1,3.0,-33.7127,-16.6571,0.4121,0.0,True,ok
data\interim\segmented\stuttering\k8T4dkAcP5g_seg_002.wav,k8T4dkAcP5g_seg_002.wav,k8T4dkAcP5g,True,16000,1,3.0,-30.4902,-13.2985,0.3068,0.0,True,ok
data\interim\segmented\stuttering\k8T4dkAcP5g_seg_003.wav,k8T4dkAcP5g_seg_003.wav,k8T4dkAcP5g,True,16000,1,3.0,-27.1106,-13.4207,0.2117,0.0,True,ok
data\interim\segmented\stuttering\k8T4dkAcP5g_seg_004.wav,k8T4dkAcP5g_seg_004.wav,k8T4dkAcP5g,True,16000,1,3.0,-31.5102,-13.0568,0.3174,0.0,True,ok
data\interim\segmented\stuttering\k8T4dkAcP5g_seg_005.wav,k8T4dkAcP5g_seg_005.wav,k8T4dkAcP5g,True,16000,1,3.0,-26.9161,-7.916,0.2162,0.0,True,ok
data\interim\segmented\stuttering\k8T4dkAcP5g_seg_006.wav,k8T4dkAcP5g_seg_006.wav,k8T4dkAcP5g,True,16000,1,3.0,-31.2696,-10.3595,0.3489,0.0,True,ok
data\interim\segmented\stuttering\k8T4dkAcP5g_seg_007.wav,k8T4dkAcP5g_seg_007.wav,k8T4dkAcP5g,True,16000,1,3.0,-34.0149,-13.0283,0.4032,0.0,True,ok
data\interim\segmented\stuttering\k8T4dkAcP5g_seg_008.wav,k8T4dkAcP5g_seg_008.wav,k8T4dkAcP5g,True,16000,1,3.0,-34.0214,-11.6575,0.4268,0.0,True,ok
data\interim\segmented\stuttering\k8T4dkAcP5g_seg_009.wav,k8T4dkAcP5g_seg_009.wav,k8T4dkAcP5g,True,16000,1,3.0,-32.0677,-13.4518,0.2921,0.0,True,ok
data\interim\segmented\stuttering\k8T4dkAcP5g_seg_010.wav,k8T4dkAcP5g_seg_010.wav,k8T4dkAcP5g,True,16000,1,3.0,-39.9211,-21.2641,0.459,0.0,True,ok
data\interim\segmented\stuttering\k8T4dkAcP5g_seg_011.wav,k8T4dkAcP5g_seg_011.wav,k8T4dkAcP5g,True,16000,1,3.0,-32.3735,-11.5606,0.4,0.0,True,ok
data\interim\segmented\stuttering\k8T4dkAcP5g_seg_012.wav,k8T4dkAcP5g_seg_012.wav,k8T4dkAcP5g,True,16000,1,3.0,-25.6867,-8.3271,0.2551,0.0,True,ok
data\interim\segmented\stuttering\k8T4dkAcP5g_seg_013.wav,k8T4dkAcP5g_seg_013.wav,k8T4dkAcP5g,True,16000,1,3.0,-25.6651,-9.1481,0.1521,0.0,True,ok
data\interim\segmented\stuttering\k8T4dkAcP5g_seg_014.wav,k8T4dkAcP5g_seg_014.wav,k8T4dkAcP5g,True,16000,1,3.0,-26.794,-11.02,0.1352,0.0,True,ok
data\interim\segmented\stuttering\k8T4dkAcP5g_seg_015.wav,k8T4dkAcP5g_seg_015.wav,k8T4dkAcP5g,True,16000,1,3.0,-28.3785,-12.3642,0.1786,0.0,True,ok
data\interim\segmented\stuttering\k8T4dkAcP5g_seg_016.wav,k8T4dkAcP5g_seg_016.wav,k8T4dkAcP5g,True,16000,1,3.0,-30.6239,-11.9358,0.2525,0.0,True,ok
data\interim\segmented\stuttering\k8T4dkAcP5g_seg_017.wav,k8T4dkAcP5g_seg_017.wav,k8T4dkAcP5g,True,16000,1,3.0,-27.9941,-11.5777,0.191,0.0,True,ok
data\interim\segmented\stuttering\k8T4dkAcP5g_seg_018.wav,k8T4dkAcP5g_seg_018.wav,k8T4dkAcP5g,True,16000,1,3.0,-27.0192,-11.9662,0.1588,0.0,True,ok
data\interim\segmented\stuttering\k8T4dkAcP5g_seg_019.wav,k8T4dkAcP5g_seg_019.wav,k8T4dkAcP5g,True,16000,1,3.0,-29.0886,-10.6113,0.2291,0.0,True,ok
data\interim\segmented\stuttering\k8T4dkAcP5g_seg_020.wav,k8T4dkAcP5g_seg_020.wav,k8T4dkAcP5g,True,16000,1,3.0,-27.8212,-10.1336,0.1863,0.0,True,ok
data\interim\segmented\stuttering\k8T4dkAcP5g_seg_021.wav,k8T4dkAcP5g_seg_021.wav,k8T4dkAcP5g,True,16000,1,3.0,-27.878,-13.0271,0.136,0.0,True,ok
data\interim\segmented\stuttering\k8T4dkAcP5g_seg_022.wav,k8T4dkAcP5g_seg_022.wav,k8T4dkAcP5g,True,16000,1,3.0,-29.3505,-12.0709,0.1904,0.0,True,ok
data\interim\segmented\stuttering\k8T4dkAcP5g_seg_023.wav,k8T4dkAcP5g_seg_023.wav,k8T4dkAcP5g,True,16000,1,3.0,-29.8244,-9.9583,0.2123,0.0,True,ok
data\interim\segmented\stuttering\k8T4dkAcP5g_seg_024.wav,k8T4dkAcP5g_seg_024.wav,k8T4dkAcP5g,True,16000,1,3.0,-26.2526,-8.5222,0.1836,0.0,True,ok
data\interim\segmented\stuttering\k8T4dkAcP5g_seg_025.wav,k8T4dkAcP5g_seg_025.wav,k8T4dkAcP5g,True,16000,1,3.0,-27.4255,-9.7759,0.2047,0.0,True,ok
data\interim\segmented\stuttering\k8T4dkAcP5g_seg_026.wav,k8T4dkAcP5g_seg_026.wav,k8T4dkAcP5g,True,16000,1,3.0,-29.6699,-11.9494,0.2026,0.0,True,ok
data\interim\segmented\stuttering\k8T4dkAcP5g_seg_027.wav,k8T4dkAcP5g_seg_027.wav,k8T4dkAcP5g,True,16000,1,3.0,-27.4614,-10.4553,0.1825,0.0,True,ok
data\interim\segmented\stuttering\k8T4dkAcP5g_seg_028.wav,k8T4dkAcP5g_seg_028.wav,k8T4dkAcP5g,True,16000,1,3.0,-27.9004,-12.0976,0.173,0.0,True,ok
data\interim\segmented\stuttering\k8T4dkAcP5g_seg_029.wav,k8T4dkAcP5g_seg_029.wav,k8T4dkAcP5g,True,16000,1,3.0,-29.4994,-12.9585,0.2516,0.0,True,ok
data\interim\segmented\stuttering\k8T4dkAcP5g_seg_030.wav,k8T4dkAcP5g_seg_030.wav,k8T4dkAcP5g,True,16000,1,3.0,-27.5054,-10.6095,0.2036,0.0,True,ok
data\interim\segmented\stuttering\k8T4dkAcP5g_seg_031.wav,k8T4dkAcP5g_seg_031.wav,k8T4dkAcP5g,True,16000,1,3.0,-29.253,-12.416,0.2195,0.0,True,ok
data\interim\segmented\stuttering\k8T4dkAcP5g_seg_032.wav,k8T4dkAcP5g_seg_032.wav,k8T4dkAcP5g,True,16000,1,3.0,-28.4255,-12.1554,0.2137,0.0,True,ok
data\interim\segmented\stuttering\k8T4dkAcP5g_seg_033.wav,k8T4dkAcP5g_seg_033.wav,k8T4dkAcP5g,True,16000,1,3.0,-28.1552,-12.1942,0.2761,0.0,True,ok
data\interim\segmented\stuttering\k8T4dkAcP5g_seg_034.wav,k8T4dkAcP5g_seg_034.wav,k8T4dkAcP5g,True,16000,1,3.0,-28.0081,-9.6301,0.2636,0.0,True,ok
data\interim\segmented\stuttering\k8T4dkAcP5g_seg_035.wav,k8T4dkAcP5g_seg_035.wav,k8T4dkAcP5g,True,16000,1,3.0,-29.054,-12.2984,0.2605,0.0,True,ok
data\interim\segmented\stuttering\k8T4dkAcP5g_seg_036.wav,k8T4dkAcP5g_seg_036.wav,k8T4dkAcP5g,True,16000,1,3.0,-33.4965,-15.8006,0.333,0.0,True,ok
data\interim\segmented\stuttering\k8T4dkAcP5g_seg_037.wav,k8T4dkAcP5g_seg_037.wav,k8T4dkAcP5g,True,16000,1,3.0,-28.958,-5.9704,0.2924,0.0,True,ok
data\interim\segmented\stuttering\k8T4dkAcP5g_seg_038.wav,k8T4dkAcP5g_seg_038.wav,k8T4dkAcP5g,True,16000,1,3.0,-28.815,-7.7488,0.2227,0.0,True,ok
data\interim\segmented\stuttering\k8T4dkAcP5g_seg_039.wav,k8T4dkAcP5g_seg_039.wav,k8T4dkAcP5g,True,16000,1,3.0,-26.8156,-9.753,0.2318,0.0,True,ok
data\interim\segmented\stuttering\k8T4dkAcP5g_seg_040.wav,k8T4dkAcP5g_seg_040.wav,k8T4dkAcP5g,True,16000,1,3.0,-28.1177,-8.7631,0.2861,0.0,True,ok
data\interim\segmented\stuttering\k8T4dkAcP5g_seg_041.wav,k8T4dkAcP5g_seg_041.wav,k8T4dkAcP5g,True,16000,1,3.0,-30.5824,-10.2986,0.3156,0.0,True,ok
data\interim\segmented\stuttering\k8T4dkAcP5g_seg_042.wav,k8T4dkAcP5g_seg_042.wav,k8T4dkAcP5g,True,16000,1,3.0,-28.3096,-10.2665,0.2188,0.0,True,ok
data\interim\segmented\stuttering\k8T4dkAcP5g_seg_043.wav,k8T4dkAcP5g_seg_043.wav,k8T4dkAcP5g,True,16000,1,3.0,-28.6805,-13.172,0.1876,0.0,True,ok
data\interim\segmented\stuttering\k8T4dkAcP5g_seg_044.wav,k8T4dkAcP5g_seg_044.wav,k8T4dkAcP5g,True,16000,1,3.0,-28.9896,-9.3908,0.2806,0.0,True,ok
data\interim\segmented\stuttering\k8T4dkAcP5g_seg_045.wav,k8T4dkAcP5g_seg_045.wav,k8T4dkAcP5g,True,16000,1,3.0,-31.1867,-10.2691,0.3196,0.0,True,ok
data\interim\segmented\stuttering\k8T4dkAcP5g_seg_046.wav,k8T4dkAcP5g_seg_046.wav,k8T4dkAcP5g,True,16000,1,3.0,-28.9286,-11.3271,0.2664,0.0,True,ok
data\interim\segmented\stuttering\k8T4dkAcP5g_seg_047.wav,k8T4dkAcP5g_seg_047.wav,k8T4dkAcP5g,True,16000,1,3.0,-28.7789,-10.0337,0.2954,0.0,True,ok
data\interim\segmented\stuttering\k8T4dkAcP5g_seg_048.wav,k8T4dkAcP5g_seg_048.wav,k8T4dkAcP5g,True,16000,1,3.0,-28.4577,-13.6627,0.2494,0.0,True,ok
data\interim\segmented\stuttering\k8T4dkAcP5g_seg_049.wav,k8T4dkAcP5g_seg_049.wav,k8T4dkAcP5g,True,16000,1,3.0,-32.107,-11.9076,0.3122,0.0,True,ok
data\interim\segmented\stuttering\k8T4dkAcP5g_seg_050.wav,k8T4dkAcP5g_seg_050.wav,k8T4dkAcP5g,True,16000,1,3.0,-28.7078,-10.5512,0.2084,0.0,True,ok
data\interim\segmented\stuttering\k8T4dkAcP5g_seg_051.wav,k8T4dkAcP5g_seg_051.wav,k8T4dkAcP5g,True,16000,1,3.0,-28.3606,-9.7571,0.235,0.0,True,ok
data\interim\segmented\stuttering\k8T4dkAcP5g_seg_052.wav,k8T4dkAcP5g_seg_052.wav,k8T4dkAcP5g,True,16000,1,3.0,-27.947,-11.258,0.2112,0.0,True,ok
data\interim\segmented\stuttering\k8T4dkAcP5g_seg_053.wav,k8T4dkAcP5g_seg_053.wav,k8T4dkAcP5g,True,16000,1,3.0,-30.3912,-10.1865,0.3031,0.0,True,ok
data\interim\segmented\stuttering\k8T4dkAcP5g_seg_054.wav,k8T4dkAcP5g_seg_054.wav,k8T4dkAcP5g,True,16000,1,3.0,-27.9207,-12.1029,0.178,0.0,True,ok
data\interim\segmented\stuttering\k8T4dkAcP5g_seg_055.wav,k8T4dkAcP5g_seg_055.wav,k8T4dkAcP5g,True,16000,1,3.0,-29.9884,-12.0021,0.318,0.0,True,ok
data\interim\segmented\stuttering\k8T4dkAcP5g_seg_056.wav,k8T4dkAcP5g_seg_056.wav,k8T4dkAcP5g,True,16000,1,3.0,-28.9015,-10.5396,0.2967,0.0,True,ok
data\interim\segmented\stuttering\k8T4dkAcP5g_seg_057.wav,k8T4dkAcP5g_seg_057.wav,k8T4dkAcP5g,True,16000,1,3.0,-31.91,-11.3134,0.3262,0.0,True,ok
data\interim\segmented\stuttering\k8T4dkAcP5g_seg_058.wav,k8T4dkAcP5g_seg_058.wav,k8T4dkAcP5g,True,16000,1,3.0,-27.7591,-11.7257,0.1796,0.0,True,ok
data\interim\segmented\stuttering\k8T4dkAcP5g_seg_059.wav,k8T4dkAcP5g_seg_059.wav,k8T4dkAcP5g,True,16000,1,3.0,-30.9962,-14.0254,0.24,0.0,True,ok
data\interim\segmented\stuttering\k8T4dkAcP5g_seg_060.wav,k8T4dkAcP5g_seg_060.wav,k8T4dkAcP5g,True,16000,1,3.0,-28.0773,-10.48,0.2336,0.0,True,ok
data\interim\segmented\stuttering\k8T4dkAcP5g_seg_061.wav,k8T4dkAcP5g_seg_061.wav,k8T4dkAcP5g,True,16000,1,3.0,-28.3977,-9.98,0.1749,0.0,True,ok
data\interim\segmented\stuttering\k8T4dkAcP5g_seg_062.wav,k8T4dkAcP5g_seg_062.wav,k8T4dkAcP5g,True,16000,1,3.0,-27.4315,-10.6122,0.2191,0.0,True,ok
data\interim\segmented\stuttering\k8T4dkAcP5g_seg_063.wav,k8T4dkAcP5g_seg_063.wav,k8T4dkAcP5g,True,16000,1,3.0,-28.2496,-10.9496,0.1816,0.0,True,ok
data\interim\segmented\stuttering\k8T4dkAcP5g_seg_064.wav,k8T4dkAcP5g_seg_064.wav,k8T4dkAcP5g,True,16000,1,3.0,-28.7537,-12.2896,0.2156,0.0,True,ok
data\interim\segmented\stuttering\k8T4dkAcP5g_seg_065.wav,k8T4dkAcP5g_seg_065.wav,k8T4dkAcP5g,True,16000,1,3.0,-30.2674,-11.3927,0.3057,0.0,True,ok
data\interim\segmented\stuttering\k8T4dkAcP5g_seg_066.wav,k8T4dkAcP5g_seg_066.wav,k8T4dkAcP5g,True,16000,1,3.0,-27.9029,-10.6581,0.208,0.0,True,ok
data\interim\segmented\stuttering\k8T4dkAcP5g_seg_067.wav,k8T4dkAcP5g_seg_067.wav,k8T4dkAcP5g,True,16000,1,3.0,-29.4021,-11.3359,0.2481,0.0,True,ok
data\interim\segmented\stuttering\k8T4dkAcP5g_seg_068.wav,k8T4dkAcP5g_seg_068.wav,k8T4dkAcP5g,True,16000,1,3.0,-28.5772,-10.8178,0.2307,0.0,True,ok
data\interim\segmented\stuttering\k8T4dkAcP5g_seg_069.wav,k8T4dkAcP5g_seg_069.wav,k8T4dkAcP5g,True,16000,1,3.0,-29.2297,-12.0603,0.2191,0.0,True,ok
data\interim\segmented\stuttering\k8T4dkAcP5g_seg_070.wav,k8T4dkAcP5g_seg_070.wav,k8T4dkAcP5g,True,16000,1,3.0,-37.5806,-18.9732,0.44,0.0,True,ok
data\interim\segmented\stuttering\k8T4dkAcP5g_seg_071.wav,k8T4dkAcP5g_seg_071.wav,k8T4dkAcP5g,True,16000,1,3.0,-26.8488,-11.3437,0.1876,0.0,True,ok
data\interim\segmented\stuttering\k8T4dkAcP5g_seg_072.wav,k8T4dkAcP5g_seg_072.wav,k8T4dkAcP5g,True,16000,1,3.0,-28.431,-11.0436,0.2012,0.0,True,ok
data\interim\segmented\stuttering\k8T4dkAcP5g_seg_073.wav,k8T4dkAcP5g_seg_073.wav,k8T4dkAcP5g,True,16000,1,3.0,-29.2929,-12.8566,0.2291,0.0,True,ok
data\interim\segmented\stuttering\k8T4dkAcP5g_seg_074.wav,k8T4dkAcP5g_seg_074.wav,k8T4dkAcP5g,True,16000,1,3.0,-30.6091,-13.1974,0.3243,0.0,True,ok
data\interim\segmented\stuttering\k8T4dkAcP5g_seg_075.wav,k8T4dkAcP5g_seg_075.wav,k8T4dkAcP5g,True,16000,1,3.0,-28.1061,-12.1414,0.2199,0.0,True,ok
data\interim\segmented\stuttering\k8T4dkAcP5g_seg_076.wav,k8T4dkAcP5g_seg_076.wav,k8T4dkAcP5g,True,16000,1,3.0,-28.529,-11.9044,0.2216,0.0,True,ok
data\interim\segmented\stuttering\k8T4dkAcP5g_seg_077.wav,k8T4dkAcP5g_seg_077.wav,k8T4dkAcP5g,True,16000,1,3.0,-27.8067,-9.9851,0.2169,0.0,True,ok
data\interim\segmented\stuttering\k8T4dkAcP5g_seg_078.wav,k8T4dkAcP5g_seg_078.wav,k8T4dkAcP5g,True,16000,1,3.0,-27.9099,-12.5387,0.228,0.0,True,ok
data\interim\segmented\stuttering\k8T4dkAcP5g_seg_079.wav,k8T4dkAcP5g_seg_079.wav,k8T4dkAcP5g,True,16000,1,3.0,-32.8508,-15.2834,0.2991,0.0,True,ok
data\interim\segmented\stuttering\k8T4dkAcP5g_seg_080.wav,k8T4dkAcP5g_seg_080.wav,k8T4dkAcP5g,True,16000,1,3.0,-27.6482,-10.103,0.2743,0.0,True,ok
data\interim\segmented\stuttering\k8T4dkAcP5g_seg_081.wav,k8T4dkAcP5g_seg_081.wav,k8T4dkAcP5g,True,16000,1,3.0,-29.6405,-12.1532,0.1956,0.0,True,ok
data\interim\segmented\stuttering\k8T4dkAcP5g_seg_082.wav,k8T4dkAcP5g_seg_082.wav,k8T4dkAcP5g,True,16000,1,3.0,-27.8854,-11.2793,0.2612,0.0,True,ok
data\interim\segmented\stuttering\k8T4dkAcP5g_seg_083.wav,k8T4dkAcP5g_seg_083.wav,k8T4dkAcP5g,True,16000,1,3.0,-28.365,-10.8946,0.2649,0.0,True,ok
data\interim\segmented\stuttering\k8T4dkAcP5g_seg_084.wav,k8T4dkAcP5g_seg_084.wav,k8T4dkAcP5g,True,16000,1,3.0,-30.2577,-12.1834,0.2439,0.0,True,ok
data\interim\segmented\stuttering\k8T4dkAcP5g_seg_085.wav,k8T4dkAcP5g_seg_085.wav,k8T4dkAcP5g,True,16000,1,3.0,-29.0451,-9.5876,0.1994,0.0,True,ok
data\interim\segmented\stuttering\k8T4dkAcP5g_seg_086.wav,k8T4dkAcP5g_seg_086.wav,k8T4dkAcP5g,True,16000,1,3.0,-28.5211,-10.6899,0.2211,0.0,True,ok
data\interim\segmented\stuttering\k8T4dkAcP5g_seg_087.wav,k8T4dkAcP5g_seg_087.wav,k8T4dkAcP5g,True,16000,1,3.0,-29.2552,-13.3773,0.27,0.0,True,ok
data\interim\segmented\stuttering\k8T4dkAcP5g_seg_088.wav,k8T4dkAcP5g_seg_088.wav,k8T4dkAcP5g,True,16000,1,3.0,-29.8729,-10.1327,0.2973,0.0,True,ok
data\interim\segmented\stuttering\k8T4dkAcP5g_seg_089.wav,k8T4dkAcP5g_seg_089.wav,k8T4dkAcP5g,True,16000,1,3.0,-30.8374,-11.0588,0.3688,0.0,True,ok
data\interim\segmented\stuttering\k8T4dkAcP5g_seg_090.wav,k8T4dkAcP5g_seg_090.wav,k8T4dkAcP5g,True,16000,1,3.0,-29.2008,-13.9511,0.1762,0.0,True,ok
data\interim\segmented\stuttering\k8T4dkAcP5g_seg_091.wav,k8T4dkAcP5g_seg_091.wav,k8T4dkAcP5g,True,16000,1,3.0,-29.3759,-11.8586,0.1983,0.0,True,ok
data\interim\segmented\stuttering\k8T4dkAcP5g_seg_092.wav,k8T4dkAcP5g_seg_092.wav,k8T4dkAcP5g,True,16000,1,3.0,-30.9674,-11.2871,0.2865,0.0,True,ok
data\interim\segmented\stuttering\k8T4dkAcP5g_seg_093.wav,k8T4dkAcP5g_seg_093.wav,k8T4dkAcP5g,True,16000,1,3.0,-27.1744,-8.4686,0.1686,0.0,True,ok
data\interim\segmented\stuttering\k8T4dkAcP5g_seg_094.wav,k8T4dkAcP5g_seg_094.wav,k8T4dkAcP5g,True,16000,1,3.0,-33.8837,-11.6555,0.3677,0.0,True,ok
data\interim\segmented\stuttering\k8T4dkAcP5g_seg_095.wav,k8T4dkAcP5g_seg_095.wav,k8T4dkAcP5g,True,16000,1,3.0,-28.6497,-11.0314,0.1906,0.0,True,ok
data\interim\segmented\stuttering\k8T4dkAcP5g_seg_096.wav,k8T4dkAcP5g_seg_096.wav,k8T4dkAcP5g,True,16000,1,3.0,-30.7465,-10.9721,0.2609,0.0,True,ok
data\interim\segmented\stuttering\k8T4dkAcP5g_seg_097.wav,k8T4dkAcP5g_seg_097.wav,k8T4dkAcP5g,True,16000,1,3.0,-22.0042,-4.5043,0.1951,0.0,True,ok
data\interim\segmented\stuttering\k8T4dkAcP5g_seg_098.wav,k8T4dkAcP5g_seg_098.wav,k8T4dkAcP5g,True,16000,1,3.0,-28.3744,-10.9946,0.262,0.0,True,ok
data\interim\segmented\stuttering\k8T4dkAcP5g_seg_099.wav,k8T4dkAcP5g_seg_099.wav,k8T4dkAcP5g,True,16000,1,3.0,-31.0642,-12.1264,0.2895,0.0,True,ok
data\interim\segmented\stuttering\k8T4dkAcP5g_seg_100.wav,k8T4dkAcP5g_seg_100.wav,k8T4dkAcP5g,True,16000,1,3.0,-32.2221,-8.5173,0.3596,0.0,True,ok
data\interim\segmented\stuttering\k8T4dkAcP5g_seg_101.wav,k8T4dkAcP5g_seg_101.wav,k8T4dkAcP5g,True,16000,1,3.0,-27.1462,-11.7073,0.1702,0.0,True,ok
data\interim\segmented\stuttering\k8T4dkAcP5g_seg_102.wav,k8T4dkAcP5g_seg_102.wav,k8T4dkAcP5g,True,16000,1,3.0,-28.7949,-12.1361,0.2185,0.0,True,ok
data\interim\segmented\stuttering\k8T4dkAcP5g_seg_103.wav,k8T4dkAcP5g_seg_103.wav,k8T4dkAcP5g,True,16000,1,3.0,-31.0437,-15.0765,0.4049,0.0,True,ok
data\interim\segmented\stuttering\k8T4dkAcP5g_seg_104.wav,k8T4dkAcP5g_seg_104.wav,k8T4dkAcP5g,True,16000,1,3.0,-28.2629,-12.3017,0.4259,0.0,True,ok
data\interim\segmented\stuttering\k8T4dkAcP5g_seg_105.wav,k8T4dkAcP5g_seg_105.wav,k8T4dkAcP5g,True,16000,1,3.0,-27.9899,-9.9884,0.3063,0.0,True,ok
data\interim\segmented\stuttering\k8T4dkAcP5g_seg_106.wav,k8T4dkAcP5g_seg_106.wav,k8T4dkAcP5g,True,16000,1,3.0,-30.1679,-11.6413,0.3082,0.0,True,ok
data\interim\segmented\stuttering\k8T4dkAcP5g_seg_107.wav,k8T4dkAcP5g_seg_107.wav,k8T4dkAcP5g,True,16000,1,3.0,-29.2342,-11.1272,0.372,0.0,True,ok
data\interim\segmented\stuttering\k8T4dkAcP5g_seg_108.wav,k8T4dkAcP5g_seg_108.wav,k8T4dkAcP5g,True,16000,1,3.0,-27.4967,-10.989,0.2559,0.0,True,ok
data\interim\segmented\stuttering\k8T4dkAcP5g_seg_109.wav,k8T4dkAcP5g_seg_109.wav,k8T4dkAcP5g,True,16000,1,3.0,-28.2255,-9.3107,0.3306,0.0,True,ok
data\interim\segmented\stuttering\k8T4dkAcP5g_seg_110.wav,k8T4dkAcP5g_seg_110.wav,k8T4dkAcP5g,True,16000,1,3.0,-32.9286,-11.7791,0.4961,0.0,True,ok
data\interim\segmented\stuttering\k8T4dkAcP5g_seg_111.wav,k8T4dkAcP5g_seg_111.wav,k8T4dkAcP5g,True,16000,1,3.0,-29.7727,-12.962,0.3472,0.0,True,ok
data\interim\segmented\stuttering\k8T4dkAcP5g_seg_112.wav,k8T4dkAcP5g_seg_112.wav,k8T4dkAcP5g,True,16000,1,3.0,-28.961,-12.3071,0.2983,0.0,True,ok
data\interim\segmented\stuttering\k8T4dkAcP5g_seg_113.wav,k8T4dkAcP5g_seg_113.wav,k8T4dkAcP5g,True,16000,1,3.0,-28.549,-11.3652,0.3251,0.0,True,ok
data\interim\segmented\stuttering\k8T4dkAcP5g_seg_114.wav,k8T4dkAcP5g_seg_114.wav,k8T4dkAcP5g,True,16000,1,3.0,-29.6065,-13.4556,0.3783,0.0,True,ok
data\interim\segmented\stuttering\k8T4dkAcP5g_seg_115.wav,k8T4dkAcP5g_seg_115.wav,k8T4dkAcP5g,True,16000,1,3.0,-28.5872,-10.1013,0.2699,0.0,True,ok
data\interim\segmented\stuttering\k8T4dkAcP5g_seg_116.wav,k8T4dkAcP5g_seg_116.wav,k8T4dkAcP5g,True,16000,1,3.0,-35.3062,-16.5282,0.5353,0.0,True,ok
data\interim\segmented\stuttering\k8T4dkAcP5g_seg_117.wav,k8T4dkAcP5g_seg_117.wav,k8T4dkAcP5g,True,16000,1,3.0,-27.303,-10.623,0.2663,0.0,True,ok
data\interim\segmented\stuttering\k8T4dkAcP5g_seg_118.wav,k8T4dkAcP5g_seg_118.wav,k8T4dkAcP5g,True,16000,1,3.0,-31.1357,-14.244,0.3415,0.0,True,ok
data\interim\segmented\stuttering\k8T4dkAcP5g_seg_119.wav,k8T4dkAcP5g_seg_119.wav,k8T4dkAcP5g,True,16000,1,3.0,-29.7292,-8.9535,0.3288,0.0,True,ok
data\interim\segmented\stuttering\k8T4dkAcP5g_seg_120.wav,k8T4dkAcP5g_seg_120.wav,k8T4dkAcP5g,True,16000,1,3.0,-29.2528,-10.1643,0.4168,0.0,True,ok
data\interim\segmented\stuttering\k8T4dkAcP5g_seg_121.wav,k8T4dkAcP5g_seg_121.wav,k8T4dkAcP5g,True,16000,1,3.0,-34.1457,-12.1812,0.4508,0.0,True,ok
data\interim\segmented\stuttering\k8T4dkAcP5g_seg_122.wav,k8T4dkAcP5g_seg_122.wav,k8T4dkAcP5g,True,16000,1,3.0,-33.4571,-10.8983,0.5395,0.0,True,ok
data\interim\segmented\stuttering\k8T4dkAcP5g_seg_123.wav,k8T4dkAcP5g_seg_123.wav,k8T4dkAcP5g,True,16000,1,2.171,-17.0276,-3.9607,0.2691,0.0,True,ok
data\interim\segmented\stuttering\lfXIK2_34dM_seg_000.wav,lfXIK2_34dM_seg_000.wav,lfXIK2_34dM,True,16000,1,3.0,-25.6004,-9.9917,0.3149,0.0,True,ok
data\interim\segmented\stuttering\lfXIK2_34dM_seg_001.wav,lfXIK2_34dM_seg_001.wav,lfXIK2_34dM,True,16000,1,3.0,-26.1265,-11.5296,0.5485,0.0,True,ok
data\interim\segmented\stuttering\lfXIK2_34dM_seg_002.wav,lfXIK2_34dM_seg_002.wav,lfXIK2_34dM,True,16000,1,3.0,-36.7432,-5.808,0.6531,0.0,True,ok
data\interim\segmented\stuttering\lfXIK2_34dM_seg_003.wav,lfXIK2_34dM_seg_003.wav,lfXIK2_34dM,True,16000,1,3.0,-27.7797,-11.1081,0.3386,0.0,True,ok
data\interim\segmented\stuttering\lfXIK2_34dM_seg_004.wav,lfXIK2_34dM_seg_004.wav,lfXIK2_34dM,True,16000,1,3.0,-29.772,-9.655,0.5872,0.0,True,ok
data\interim\segmented\stuttering\lfXIK2_34dM_seg_005.wav,lfXIK2_34dM_seg_005.wav,lfXIK2_34dM,True,16000,1,3.0,-28.0714,-9.4883,0.4678,0.0,True,ok
data\interim\segmented\stuttering\lfXIK2_34dM_seg_006.wav,lfXIK2_34dM_seg_006.wav,lfXIK2_34dM,True,16000,1,3.0,-26.9776,-10.391,0.375,0.0,True,ok
data\interim\segmented\stuttering\lfXIK2_34dM_seg_007.wav,lfXIK2_34dM_seg_007.wav,lfXIK2_34dM,True,16000,1,3.0,-26.2796,-10.3525,0.3914,0.0,True,ok
data\interim\segmented\stuttering\lfXIK2_34dM_seg_008.wav,lfXIK2_34dM_seg_008.wav,lfXIK2_34dM,True,16000,1,3.0,-25.5736,-8.1981,0.3169,0.0,True,ok
data\interim\segmented\stuttering\lfXIK2_34dM_seg_009.wav,lfXIK2_34dM_seg_009.wav,lfXIK2_34dM,True,16000,1,3.0,-26.8878,-9.3231,0.3687,0.0,True,ok
data\interim\segmented\stuttering\lfXIK2_34dM_seg_010.wav,lfXIK2_34dM_seg_010.wav,lfXIK2_34dM,True,16000,1,3.0,-27.0196,-9.4198,0.4913,0.0,True,ok
data\interim\segmented\stuttering\lfXIK2_34dM_seg_011.wav,lfXIK2_34dM_seg_011.wav,lfXIK2_34dM,True,16000,1,3.0,-25.9757,-10.3534,0.4253,0.0,True,ok
data\interim\segmented\stuttering\lfXIK2_34dM_seg_012.wav,lfXIK2_34dM_seg_012.wav,lfXIK2_34dM,True,16000,1,3.0,-26.1871,-8.9557,0.3161,0.0,True,ok
data\interim\segmented\stuttering\lfXIK2_34dM_seg_013.wav,lfXIK2_34dM_seg_013.wav,lfXIK2_34dM,True,16000,1,3.0,-25.2946,-9.249,0.1906,0.0,True,ok
data\interim\segmented\stuttering\lfXIK2_34dM_seg_014.wav,lfXIK2_34dM_seg_014.wav,lfXIK2_34dM,True,16000,1,3.0,-25.7598,-9.6405,0.3841,0.0,True,ok
data\interim\segmented\stuttering\lfXIK2_34dM_seg_015.wav,lfXIK2_34dM_seg_015.wav,lfXIK2_34dM,True,16000,1,3.0,-35.5123,-12.5129,0.7202,0.0,True,ok
data\interim\segmented\stuttering\lfXIK2_34dM_seg_016.wav,lfXIK2_34dM_seg_016.wav,lfXIK2_34dM,True,16000,1,3.0,-36.3186,-13.3996,0.612,0.0,True,ok
data\interim\segmented\stuttering\lfXIK2_34dM_seg_017.wav,lfXIK2_34dM_seg_017.wav,lfXIK2_34dM,True,16000,1,3.0,-27.4131,-10.4042,0.2766,0.0,True,ok
data\interim\segmented\stuttering\lfXIK2_34dM_seg_018.wav,lfXIK2_34dM_seg_018.wav,lfXIK2_34dM,True,16000,1,3.0,-26.4338,-10.9356,0.4718,0.0,True,ok
data\interim\segmented\stuttering\lfXIK2_34dM_seg_019.wav,lfXIK2_34dM_seg_019.wav,lfXIK2_34dM,True,16000,1,3.0,-29.5204,-12.5939,0.5376,0.0,True,ok
data\interim\segmented\stuttering\lfXIK2_34dM_seg_020.wav,lfXIK2_34dM_seg_020.wav,lfXIK2_34dM,True,16000,1,3.0,-33.8091,-10.1703,0.7359,0.0,True,ok
data\interim\segmented\stuttering\lfXIK2_34dM_seg_021.wav,lfXIK2_34dM_seg_021.wav,lfXIK2_34dM,True,16000,1,3.0,-30.2691,-9.1679,0.7817,0.0,True,ok
data\interim\segmented\stuttering\lfXIK2_34dM_seg_022.wav,lfXIK2_34dM_seg_022.wav,lfXIK2_34dM,True,16000,1,3.0,-26.8142,-9.4025,0.4488,0.0,True,ok
data\interim\segmented\stuttering\lfXIK2_34dM_seg_023.wav,lfXIK2_34dM_seg_023.wav,lfXIK2_34dM,True,16000,1,3.0,-26.8863,-9.9134,0.373,0.0,True,ok
data\interim\segmented\stuttering\lfXIK2_34dM_seg_024.wav,lfXIK2_34dM_seg_024.wav,lfXIK2_34dM,True,16000,1,3.0,-27.797,-9.6711,0.5647,0.0,True,ok
data\interim\segmented\stuttering\lfXIK2_34dM_seg_025.wav,lfXIK2_34dM_seg_025.wav,lfXIK2_34dM,True,16000,1,3.0,-26.5417,-9.6897,0.4887,0.0,True,ok
data\interim\segmented\stuttering\lfXIK2_34dM_seg_026.wav,lfXIK2_34dM_seg_026.wav,lfXIK2_34dM,True,16000,1,3.0,-26.6316,-10.6899,0.4034,0.0,True,ok
data\interim\segmented\stuttering\lfXIK2_34dM_seg_027.wav,lfXIK2_34dM_seg_027.wav,lfXIK2_34dM,True,16000,1,3.0,-26.617,-10.7673,0.3287,0.0,True,ok
data\interim\segmented\stuttering\lfXIK2_34dM_seg_028.wav,lfXIK2_34dM_seg_028.wav,lfXIK2_34dM,True,16000,1,3.0,-29.3904,-11.7084,0.5743,0.0,True,ok
data\interim\segmented\stuttering\lfXIK2_34dM_seg_029.wav,lfXIK2_34dM_seg_029.wav,lfXIK2_34dM,True,16000,1,3.0,-30.394,-11.812,0.6544,0.0,True,ok
data\interim\segmented\stuttering\lfXIK2_34dM_seg_030.wav,lfXIK2_34dM_seg_030.wav,lfXIK2_34dM,True,16000,1,3.0,-29.6033,-11.4629,0.6671,0.0,True,ok
data\interim\segmented\stuttering\lfXIK2_34dM_seg_031.wav,lfXIK2_34dM_seg_031.wav,lfXIK2_34dM,True,16000,1,3.0,-27.0448,-9.9209,0.4594,0.0,True,ok
data\interim\segmented\stuttering\lfXIK2_34dM_seg_032.wav,lfXIK2_34dM_seg_032.wav,lfXIK2_34dM,True,16000,1,3.0,-29.7694,-10.8013,0.5761,0.0,True,ok
data\interim\segmented\stuttering\lfXIK2_34dM_seg_033.wav,lfXIK2_34dM_seg_033.wav,lfXIK2_34dM,True,16000,1,3.0,-30.2759,-10.1489,0.6049,0.0,True,ok
data\interim\segmented\stuttering\lfXIK2_34dM_seg_034.wav,lfXIK2_34dM_seg_034.wav,lfXIK2_34dM,True,16000,1,3.0,-27.6891,-10.5601,0.4576,0.0,True,ok
data\interim\segmented\stuttering\lfXIK2_34dM_seg_035.wav,lfXIK2_34dM_seg_035.wav,lfXIK2_34dM,True,16000,1,3.0,-28.3158,-9.2351,0.6616,0.0,True,ok
data\interim\segmented\stuttering\lfXIK2_34dM_seg_036.wav,lfXIK2_34dM_seg_036.wav,lfXIK2_34dM,True,16000,1,3.0,-26.5252,-11.2193,0.3163,0.0,True,ok
data\interim\segmented\stuttering\lfXIK2_34dM_seg_037.wav,lfXIK2_34dM_seg_037.wav,lfXIK2_34dM,True,16000,1,3.0,-27.8141,-10.442,0.3836,0.0,True,ok
data\interim\segmented\stuttering\lfXIK2_34dM_seg_038.wav,lfXIK2_34dM_seg_038.wav,lfXIK2_34dM,True,16000,1,3.0,-24.6335,-9.762,0.3102,0.0,True,ok
data\interim\segmented\stuttering\lfXIK2_34dM_seg_039.wav,lfXIK2_34dM_seg_039.wav,lfXIK2_34dM,True,16000,1,3.0,-26.6134,-11.4818,0.2891,0.0,True,ok
data\interim\segmented\stuttering\lfXIK2_34dM_seg_040.wav,lfXIK2_34dM_seg_040.wav,lfXIK2_34dM,True,16000,1,3.0,-26.7889,-10.877,0.1917,0.0,True,ok
data\interim\segmented\stuttering\lfXIK2_34dM_seg_041.wav,lfXIK2_34dM_seg_041.wav,lfXIK2_34dM,True,16000,1,3.0,-28.5875,-13.5863,0.3208,0.0,True,ok
data\interim\segmented\stuttering\lfXIK2_34dM_seg_042.wav,lfXIK2_34dM_seg_042.wav,lfXIK2_34dM,True,16000,1,3.0,-30.0965,-11.8586,0.4624,0.0,True,ok
data\interim\segmented\stuttering\lfXIK2_34dM_seg_043.wav,lfXIK2_34dM_seg_043.wav,lfXIK2_34dM,True,16000,1,3.0,-25.7801,-10.2484,0.2051,0.0,True,ok
data\interim\segmented\stuttering\lfXIK2_34dM_seg_044.wav,lfXIK2_34dM_seg_044.wav,lfXIK2_34dM,True,16000,1,3.0,-29.2545,-13.4419,0.4709,0.0,True,ok
data\interim\segmented\stuttering\lfXIK2_34dM_seg_045.wav,lfXIK2_34dM_seg_045.wav,lfXIK2_34dM,True,16000,1,3.0,-29.316,-10.296,0.358,0.0,True,ok
data\interim\segmented\stuttering\lfXIK2_34dM_seg_046.wav,lfXIK2_34dM_seg_046.wav,lfXIK2_34dM,True,16000,1,3.0,-27.3846,-11.3114,0.3513,0.0,True,ok
data\interim\segmented\stuttering\lfXIK2_34dM_seg_047.wav,lfXIK2_34dM_seg_047.wav,lfXIK2_34dM,True,16000,1,3.0,-26.9417,-11.3603,0.4641,0.0,True,ok
data\interim\segmented\stuttering\lfXIK2_34dM_seg_048.wav,lfXIK2_34dM_seg_048.wav,lfXIK2_34dM,True,16000,1,3.0,-25.7622,-9.4772,0.4933,0.0,True,ok
data\interim\segmented\stuttering\lfXIK2_34dM_seg_049.wav,lfXIK2_34dM_seg_049.wav,lfXIK2_34dM,True,16000,1,3.0,-26.002,-9.9416,0.2537,0.0,True,ok
data\interim\segmented\stuttering\lfXIK2_34dM_seg_050.wav,lfXIK2_34dM_seg_050.wav,lfXIK2_34dM,True,16000,1,3.0,-27.0715,-11.2164,0.3936,0.0,True,ok
data\interim\segmented\stuttering\lfXIK2_34dM_seg_051.wav,lfXIK2_34dM_seg_051.wav,lfXIK2_34dM,True,16000,1,3.0,-27.1123,-8.3819,0.4179,0.0,True,ok
data\interim\segmented\stuttering\lfXIK2_34dM_seg_052.wav,lfXIK2_34dM_seg_052.wav,lfXIK2_34dM,True,16000,1,3.0,-26.9605,-9.9993,0.3063,0.0,True,ok
data\interim\segmented\stuttering\lfXIK2_34dM_seg_053.wav,lfXIK2_34dM_seg_053.wav,lfXIK2_34dM,True,16000,1,3.0,-29.7105,-12.4939,0.5176,0.0,True,ok
data\interim\segmented\stuttering\lfXIK2_34dM_seg_054.wav,lfXIK2_34dM_seg_054.wav,lfXIK2_34dM,True,16000,1,3.0,-28.0243,-11.5566,0.4987,0.0,True,ok
data\interim\segmented\stuttering\lfXIK2_34dM_seg_055.wav,lfXIK2_34dM_seg_055.wav,lfXIK2_34dM,True,16000,1,3.0,-28.9196,-9.4418,0.3867,0.0,True,ok
data\interim\segmented\stuttering\lfXIK2_34dM_seg_056.wav,lfXIK2_34dM_seg_056.wav,lfXIK2_34dM,True,16000,1,3.0,-28.4328,-9.4119,0.4043,0.0,True,ok
data\interim\segmented\stuttering\lfXIK2_34dM_seg_057.wav,lfXIK2_34dM_seg_057.wav,lfXIK2_34dM,True,16000,1,3.0,-26.3161,-8.3771,0.3306,0.0,True,ok
data\interim\segmented\stuttering\lfXIK2_34dM_seg_058.wav,lfXIK2_34dM_seg_058.wav,lfXIK2_34dM,True,16000,1,3.0,-26.2982,-9.6116,0.5748,0.0,True,ok
data\interim\segmented\stuttering\lfXIK2_34dM_seg_059.wav,lfXIK2_34dM_seg_059.wav,lfXIK2_34dM,True,16000,1,3.0,-24.1481,-8.0864,0.2582,0.0,True,ok
data\interim\segmented\stuttering\lfXIK2_34dM_seg_060.wav,lfXIK2_34dM_seg_060.wav,lfXIK2_34dM,True,16000,1,3.0,-26.7257,-10.103,0.4811,0.0,True,ok
data\interim\segmented\stuttering\lfXIK2_34dM_seg_061.wav,lfXIK2_34dM_seg_061.wav,lfXIK2_34dM,True,16000,1,3.0,-30.9565,-11.5667,0.7328,0.0,True,ok
data\interim\segmented\stuttering\lfXIK2_34dM_seg_062.wav,lfXIK2_34dM_seg_062.wav,lfXIK2_34dM,True,16000,1,3.0,-26.4958,-11.2852,0.4718,0.0,True,ok
data\interim\segmented\stuttering\lfXIK2_34dM_seg_063.wav,lfXIK2_34dM_seg_063.wav,lfXIK2_34dM,True,16000,1,3.0,-25.3501,-10.4685,0.2092,0.0,True,ok
data\interim\segmented\stuttering\lfXIK2_34dM_seg_064.wav,lfXIK2_34dM_seg_064.wav,lfXIK2_34dM,True,16000,1,3.0,-26.1533,-10.0641,0.2934,0.0,True,ok
data\interim\segmented\stuttering\lfXIK2_34dM_seg_065.wav,lfXIK2_34dM_seg_065.wav,lfXIK2_34dM,True,16000,1,3.0,-27.2015,-11.1655,0.4118,0.0,True,ok
data\interim\segmented\stuttering\lfXIK2_34dM_seg_066.wav,lfXIK2_34dM_seg_066.wav,lfXIK2_34dM,True,16000,1,3.0,-27.2203,-9.3091,0.3167,0.0,True,ok
data\interim\segmented\stuttering\lfXIK2_34dM_seg_067.wav,lfXIK2_34dM_seg_067.wav,lfXIK2_34dM,True,16000,1,3.0,-28.7085,-9.1344,0.6363,0.0,True,ok
data\interim\segmented\stuttering\lfXIK2_34dM_seg_068.wav,lfXIK2_34dM_seg_068.wav,lfXIK2_34dM,True,16000,1,3.0,-27.0448,-9.9367,0.407,0.0,True,ok
data\interim\segmented\stuttering\lfXIK2_34dM_seg_069.wav,lfXIK2_34dM_seg_069.wav,lfXIK2_34dM,True,16000,1,3.0,-28.263,-9.7873,0.396,0.0,True,ok
data\interim\segmented\stuttering\lfXIK2_34dM_seg_070.wav,lfXIK2_34dM_seg_070.wav,lfXIK2_34dM,True,16000,1,3.0,-24.0819,-7.9695,0.373,0.0,True,ok
data\interim\segmented\stuttering\lfXIK2_34dM_seg_071.wav,lfXIK2_34dM_seg_071.wav,lfXIK2_34dM,True,16000,1,3.0,-27.4683,-12.8368,0.2593,0.0,True,ok
data\interim\segmented\stuttering\lfXIK2_34dM_seg_072.wav,lfXIK2_34dM_seg_072.wav,lfXIK2_34dM,True,16000,1,3.0,-24.921,-9.3534,0.2235,0.0,True,ok
data\interim\segmented\stuttering\lfXIK2_34dM_seg_073.wav,lfXIK2_34dM_seg_073.wav,lfXIK2_34dM,True,16000,1,3.0,-26.2216,-10.3989,0.3766,0.0,True,ok
data\interim\segmented\stuttering\lfXIK2_34dM_seg_074.wav,lfXIK2_34dM_seg_074.wav,lfXIK2_34dM,True,16000,1,3.0,-25.7121,-8.0569,0.3596,0.0,True,ok
data\interim\segmented\stuttering\lfXIK2_34dM_seg_075.wav,lfXIK2_34dM_seg_075.wav,lfXIK2_34dM,True,16000,1,3.0,-28.0076,-10.7948,0.4226,0.0,True,ok
data\interim\segmented\stuttering\lfXIK2_34dM_seg_076.wav,lfXIK2_34dM_seg_076.wav,lfXIK2_34dM,True,16000,1,3.0,-25.9105,-8.1668,0.4122,0.0,True,ok
data\interim\segmented\stuttering\lfXIK2_34dM_seg_077.wav,lfXIK2_34dM_seg_077.wav,lfXIK2_34dM,True,16000,1,3.0,-27.2827,-10.7765,0.5613,0.0,True,ok
data\interim\segmented\stuttering\lfXIK2_34dM_seg_078.wav,lfXIK2_34dM_seg_078.wav,lfXIK2_34dM,True,16000,1,3.0,-30.3546,-10.2562,0.6383,0.0,True,ok
data\interim\segmented\stuttering\lfXIK2_34dM_seg_079.wav,lfXIK2_34dM_seg_079.wav,lfXIK2_34dM,True,16000,1,3.0,-47.4982,-25.5783,0.9267,0.0,False,too_quiet:-47.5dBFS;mostly_silence:0.93
data\interim\segmented\stuttering\lfXIK2_34dM_seg_080.wav,lfXIK2_34dM_seg_080.wav,lfXIK2_34dM,True,16000,1,3.0,-28.2676,-8.5413,0.6632,0.0,True,ok
data\interim\segmented\stuttering\lfXIK2_34dM_seg_081.wav,lfXIK2_34dM_seg_081.wav,lfXIK2_34dM,True,16000,1,3.0,-27.2885,-9.249,0.4725,0.0,True,ok
data\interim\segmented\stuttering\lfXIK2_34dM_seg_082.wav,lfXIK2_34dM_seg_082.wav,lfXIK2_34dM,True,16000,1,3.0,-25.9799,-10.3525,0.3161,0.0,True,ok
data\interim\segmented\stuttering\lfXIK2_34dM_seg_083.wav,lfXIK2_34dM_seg_083.wav,lfXIK2_34dM,True,16000,1,3.0,-28.2156,-9.8103,0.5879,0.0,True,ok
data\interim\segmented\stuttering\lfXIK2_34dM_seg_084.wav,lfXIK2_34dM_seg_084.wav,lfXIK2_34dM,True,16000,1,3.0,-29.6281,-11.0191,0.5318,0.0,True,ok
data\interim\segmented\stuttering\lfXIK2_34dM_seg_085.wav,lfXIK2_34dM_seg_085.wav,lfXIK2_34dM,True,16000,1,3.0,-25.1854,-9.1785,0.3756,0.0,True,ok
data\interim\segmented\stuttering\lfXIK2_34dM_seg_086.wav,lfXIK2_34dM_seg_086.wav,lfXIK2_34dM,True,16000,1,3.0,-27.9969,-9.8629,0.4653,0.0,True,ok
data\interim\segmented\stuttering\lfXIK2_34dM_seg_087.wav,lfXIK2_34dM_seg_087.wav,lfXIK2_34dM,True,16000,1,3.0,-27.4217,-11.5717,0.2641,0.0,True,ok
data\interim\segmented\stuttering\lfXIK2_34dM_seg_088.wav,lfXIK2_34dM_seg_088.wav,lfXIK2_34dM,True,16000,1,3.0,-26.9742,-11.176,0.344,0.0,True,ok
data\interim\segmented\stuttering\lfXIK2_34dM_seg_089.wav,lfXIK2_34dM_seg_089.wav,lfXIK2_34dM,True,16000,1,3.0,-26.8289,-9.1633,0.395,0.0,True,ok
data\interim\segmented\stuttering\lfXIK2_34dM_seg_090.wav,lfXIK2_34dM_seg_090.wav,lfXIK2_34dM,True,16000,1,3.0,-27.8104,-9.7473,0.5976,0.0,True,ok
data\interim\segmented\stuttering\lfXIK2_34dM_seg_091.wav,lfXIK2_34dM_seg_091.wav,lfXIK2_34dM,True,16000,1,3.0,-26.545,-10.4332,0.4625,0.0,True,ok
data\interim\segmented\stuttering\lfXIK2_34dM_seg_092.wav,lfXIK2_34dM_seg_092.wav,lfXIK2_34dM,True,16000,1,3.0,-26.0035,-8.7181,0.3827,0.0,True,ok
data\interim\segmented\stuttering\lfXIK2_34dM_seg_093.wav,lfXIK2_34dM_seg_093.wav,lfXIK2_34dM,True,16000,1,3.0,-28.7117,-9.9475,0.484,0.0,True,ok
data\interim\segmented\stuttering\lfXIK2_34dM_seg_094.wav,lfXIK2_34dM_seg_094.wav,lfXIK2_34dM,True,16000,1,3.0,-24.8292,-8.8574,0.2867,0.0,True,ok
data\interim\segmented\stuttering\lfXIK2_34dM_seg_095.wav,lfXIK2_34dM_seg_095.wav,lfXIK2_34dM,True,16000,1,3.0,-27.8105,-10.6311,0.4373,0.0,True,ok
data\interim\segmented\stuttering\lfXIK2_34dM_seg_096.wav,lfXIK2_34dM_seg_096.wav,lfXIK2_34dM,True,16000,1,3.0,-25.9538,-10.4774,0.3386,0.0,True,ok
data\interim\segmented\stuttering\lfXIK2_34dM_seg_097.wav,lfXIK2_34dM_seg_097.wav,lfXIK2_34dM,True,16000,1,3.0,-26.1677,-8.112,0.318,0.0,True,ok
data\interim\segmented\stuttering\lpodlly12uM_seg_000.wav,lpodlly12uM_seg_000.wav,lpodlly12uM,True,16000,1,3.0,-21.5038,-0.4652,0.1593,0.0,True,ok
data\interim\segmented\stuttering\lpodlly12uM_seg_001.wav,lpodlly12uM_seg_001.wav,lpodlly12uM,True,16000,1,3.0,-20.1891,-5.8687,0.102,0.0,True,ok
data\interim\segmented\stuttering\lpodlly12uM_seg_002.wav,lpodlly12uM_seg_002.wav,lpodlly12uM,True,16000,1,3.0,-31.5414,-12.6392,0.2204,0.0,True,ok
data\interim\segmented\stuttering\lpodlly12uM_seg_003.wav,lpodlly12uM_seg_003.wav,lpodlly12uM,True,16000,1,3.0,-30.0309,-15.9906,0.1661,0.0,True,ok
data\interim\segmented\stuttering\lpodlly12uM_seg_004.wav,lpodlly12uM_seg_004.wav,lpodlly12uM,True,16000,1,3.0,-31.1701,-14.2933,0.2512,0.0,True,ok
data\interim\segmented\stuttering\lpodlly12uM_seg_005.wav,lpodlly12uM_seg_005.wav,lpodlly12uM,True,16000,1,3.0,-30.7006,-11.6798,0.2286,0.0,True,ok
data\interim\segmented\stuttering\lpodlly12uM_seg_006.wav,lpodlly12uM_seg_006.wav,lpodlly12uM,True,16000,1,3.0,-33.2901,-19.4177,0.2389,0.0,True,ok
data\interim\segmented\stuttering\lpodlly12uM_seg_007.wav,lpodlly12uM_seg_007.wav,lpodlly12uM,True,16000,1,3.0,-32.4685,-17.7433,0.2381,0.0,True,ok
data\interim\segmented\stuttering\lpodlly12uM_seg_008.wav,lpodlly12uM_seg_008.wav,lpodlly12uM,True,16000,1,3.0,-32.7533,-17.99,0.2337,0.0,True,ok
data\interim\segmented\stuttering\lpodlly12uM_seg_009.wav,lpodlly12uM_seg_009.wav,lpodlly12uM,True,16000,1,3.0,-29.3922,-13.8343,0.1852,0.0,True,ok
data\interim\segmented\stuttering\lpodlly12uM_seg_010.wav,lpodlly12uM_seg_010.wav,lpodlly12uM,True,16000,1,3.0,-28.5518,-15.716,0.1684,0.0,True,ok
data\interim\segmented\stuttering\lpodlly12uM_seg_011.wav,lpodlly12uM_seg_011.wav,lpodlly12uM,True,16000,1,3.0,-31.5221,-15.5779,0.2361,0.0,True,ok
data\interim\segmented\stuttering\lpodlly12uM_seg_012.wav,lpodlly12uM_seg_012.wav,lpodlly12uM,True,16000,1,3.0,-29.2139,-11.9862,0.1866,0.0,True,ok
data\interim\segmented\stuttering\lpodlly12uM_seg_013.wav,lpodlly12uM_seg_013.wav,lpodlly12uM,True,16000,1,3.0,-28.6534,-16.8874,0.1388,0.0,True,ok
data\interim\segmented\stuttering\lpodlly12uM_seg_014.wav,lpodlly12uM_seg_014.wav,lpodlly12uM,True,16000,1,3.0,-30.0091,-17.4261,0.1598,0.0,True,ok
data\interim\segmented\stuttering\lpodlly12uM_seg_015.wav,lpodlly12uM_seg_015.wav,lpodlly12uM,True,16000,1,3.0,-30.6165,-12.8414,0.2068,0.0,True,ok
data\interim\segmented\stuttering\lpodlly12uM_seg_016.wav,lpodlly12uM_seg_016.wav,lpodlly12uM,True,16000,1,3.0,-29.514,-11.1062,0.2015,0.0,True,ok
data\interim\segmented\stuttering\lpodlly12uM_seg_017.wav,lpodlly12uM_seg_017.wav,lpodlly12uM,True,16000,1,3.0,-26.8405,-14.0976,0.1181,0.0,True,ok
data\interim\segmented\stuttering\lpodlly12uM_seg_018.wav,lpodlly12uM_seg_018.wav,lpodlly12uM,True,16000,1,3.0,-27.5777,-14.951,0.1219,0.0,True,ok
data\interim\segmented\stuttering\lpodlly12uM_seg_019.wav,lpodlly12uM_seg_019.wav,lpodlly12uM,True,16000,1,3.0,-33.0872,-16.2432,0.2402,0.0,True,ok
data\interim\segmented\stuttering\MR4RrTTciMw_seg_000.wav,MR4RrTTciMw_seg_000.wav,MR4RrTTciMw,True,16000,1,3.0,-30.303,-18.231,0.2174,0.0,True,ok
data\interim\segmented\stuttering\MR4RrTTciMw_seg_001.wav,MR4RrTTciMw_seg_001.wav,MR4RrTTciMw,True,16000,1,3.0,-29.2673,-18.461,0.125,0.0,True,ok
data\interim\segmented\stuttering\MR4RrTTciMw_seg_002.wav,MR4RrTTciMw_seg_002.wav,MR4RrTTciMw,True,16000,1,3.0,-31.7937,-18.8841,0.1849,0.0,True,ok
data\interim\segmented\stuttering\MR4RrTTciMw_seg_003.wav,MR4RrTTciMw_seg_003.wav,MR4RrTTciMw,True,16000,1,3.0,-32.6078,-12.8252,0.6289,0.0,True,ok
data\interim\segmented\stuttering\MR4RrTTciMw_seg_004.wav,MR4RrTTciMw_seg_004.wav,MR4RrTTciMw,True,16000,1,3.0,-51.9625,-30.4139,0.9747,0.0,False,too_quiet:-52.0dBFS;mostly_silence:0.97
data\interim\segmented\stuttering\MR4RrTTciMw_seg_005.wav,MR4RrTTciMw_seg_005.wav,MR4RrTTciMw,True,16000,1,3.0,-36.3313,-13.4443,0.832,0.0,False,mostly_silence:0.83
data\interim\segmented\stuttering\MR4RrTTciMw_seg_006.wav,MR4RrTTciMw_seg_006.wav,MR4RrTTciMw,True,16000,1,3.0,-34.0027,-18.2029,0.6362,0.0,True,ok
data\interim\segmented\stuttering\MR4RrTTciMw_seg_007.wav,MR4RrTTciMw_seg_007.wav,MR4RrTTciMw,True,16000,1,3.0,-33.3863,-17.9669,0.392,0.0,True,ok
data\interim\segmented\stuttering\MR4RrTTciMw_seg_008.wav,MR4RrTTciMw_seg_008.wav,MR4RrTTciMw,True,16000,1,3.0,-35.2486,-18.0427,0.6696,0.0,True,ok
data\interim\segmented\stuttering\MR4RrTTciMw_seg_009.wav,MR4RrTTciMw_seg_009.wav,MR4RrTTciMw,True,16000,1,3.0,-34.0063,-16.2003,0.6236,0.0,True,ok
data\interim\segmented\stuttering\MR4RrTTciMw_seg_010.wav,MR4RrTTciMw_seg_010.wav,MR4RrTTciMw,True,16000,1,3.0,-32.5367,-16.8412,0.4763,0.0,True,ok
data\interim\segmented\stuttering\MR4RrTTciMw_seg_011.wav,MR4RrTTciMw_seg_011.wav,MR4RrTTciMw,True,16000,1,3.0,-46.8414,-21.7107,0.9371,0.0,False,too_quiet:-46.8dBFS;mostly_silence:0.94
data\interim\segmented\stuttering\MR4RrTTciMw_seg_012.wav,MR4RrTTciMw_seg_012.wav,MR4RrTTciMw,True,16000,1,3.0,-36.6018,-17.5292,0.7248,0.0,True,ok
data\interim\segmented\stuttering\MR4RrTTciMw_seg_013.wav,MR4RrTTciMw_seg_013.wav,MR4RrTTciMw,True,16000,1,3.0,-35.427,-15.8695,0.6167,0.0,True,ok
data\interim\segmented\stuttering\MR4RrTTciMw_seg_014.wav,MR4RrTTciMw_seg_014.wav,MR4RrTTciMw,True,16000,1,3.0,-33.9822,-16.4679,0.5549,0.0,True,ok
data\interim\segmented\stuttering\MR4RrTTciMw_seg_015.wav,MR4RrTTciMw_seg_015.wav,MR4RrTTciMw,True,16000,1,3.0,-32.7533,-17.0162,0.3436,0.0,True,ok
data\interim\segmented\stuttering\MR4RrTTciMw_seg_016.wav,MR4RrTTciMw_seg_016.wav,MR4RrTTciMw,True,16000,1,3.0,-35.8646,-17.2255,0.6644,0.0,True,ok
data\interim\segmented\stuttering\MR4RrTTciMw_seg_017.wav,MR4RrTTciMw_seg_017.wav,MR4RrTTciMw,True,16000,1,3.0,-32.4549,-17.2101,0.3511,0.0,True,ok
data\interim\segmented\stuttering\MR4RrTTciMw_seg_018.wav,MR4RrTTciMw_seg_018.wav,MR4RrTTciMw,True,16000,1,3.0,-39.8008,-19.6667,0.8163,0.0,False,mostly_silence:0.82
data\interim\segmented\stuttering\MR4RrTTciMw_seg_019.wav,MR4RrTTciMw_seg_019.wav,MR4RrTTciMw,True,16000,1,3.0,-43.4586,-20.6059,0.9149,0.0,False,mostly_silence:0.91
data\interim\segmented\stuttering\MR4RrTTciMw_seg_020.wav,MR4RrTTciMw_seg_020.wav,MR4RrTTciMw,True,16000,1,3.0,-35.0064,-16.475,0.5374,0.0,True,ok
data\interim\segmented\stuttering\MR4RrTTciMw_seg_021.wav,MR4RrTTciMw_seg_021.wav,MR4RrTTciMw,True,16000,1,3.0,-34.6829,-14.8626,0.5254,0.0,True,ok
data\interim\segmented\stuttering\MR4RrTTciMw_seg_022.wav,MR4RrTTciMw_seg_022.wav,MR4RrTTciMw,True,16000,1,3.0,-37.9476,-18.1214,0.718,0.0,True,ok
data\interim\segmented\stuttering\MR4RrTTciMw_seg_023.wav,MR4RrTTciMw_seg_023.wav,MR4RrTTciMw,True,16000,1,3.0,-38.6759,-19.3363,0.7748,0.0,True,ok
data\interim\segmented\stuttering\MR4RrTTciMw_seg_024.wav,MR4RrTTciMw_seg_024.wav,MR4RrTTciMw,True,16000,1,3.0,-42.6132,-22.0162,0.875,0.0,False,mostly_silence:0.88
data\interim\segmented\stuttering\MR4RrTTciMw_seg_025.wav,MR4RrTTciMw_seg_025.wav,MR4RrTTciMw,True,16000,1,3.0,-38.6153,-19.5099,0.7519,0.0,True,ok
data\interim\segmented\stuttering\MR4RrTTciMw_seg_026.wav,MR4RrTTciMw_seg_026.wav,MR4RrTTciMw,True,16000,1,3.0,-33.6763,-16.5834,0.4206,0.0,True,ok
data\interim\segmented\stuttering\MR4RrTTciMw_seg_027.wav,MR4RrTTciMw_seg_027.wav,MR4RrTTciMw,True,16000,1,3.0,-38.9016,-17.4459,0.6105,0.0,True,ok
data\interim\segmented\stuttering\MR4RrTTciMw_seg_028.wav,MR4RrTTciMw_seg_028.wav,MR4RrTTciMw,True,16000,1,3.0,-45.436,-26.5925,0.8376,0.0,False,too_quiet:-45.4dBFS;mostly_silence:0.84
data\interim\segmented\stuttering\MR4RrTTciMw_seg_029.wav,MR4RrTTciMw_seg_029.wav,MR4RrTTciMw,True,16000,1,3.0,-37.7776,-18.3485,0.6476,0.0,True,ok
data\interim\segmented\stuttering\MR4RrTTciMw_seg_030.wav,MR4RrTTciMw_seg_030.wav,MR4RrTTciMw,True,16000,1,3.0,-38.7569,-17.7351,0.6149,0.0,True,ok
data\interim\segmented\stuttering\MR4RrTTciMw_seg_031.wav,MR4RrTTciMw_seg_031.wav,MR4RrTTciMw,True,16000,1,3.0,-34.2796,-14.951,0.5097,0.0,True,ok
data\interim\segmented\stuttering\MR4RrTTciMw_seg_032.wav,MR4RrTTciMw_seg_032.wav,MR4RrTTciMw,True,16000,1,3.0,-31.6831,-11.9715,0.6981,0.0,True,ok
data\interim\segmented\stuttering\MR4RrTTciMw_seg_033.wav,MR4RrTTciMw_seg_033.wav,MR4RrTTciMw,True,16000,1,3.0,-37.8939,-17.9376,0.7055,0.0,True,ok
data\interim\segmented\stuttering\MR4RrTTciMw_seg_034.wav,MR4RrTTciMw_seg_034.wav,MR4RrTTciMw,True,16000,1,3.0,-31.711,-16.5459,0.5171,0.0,True,ok
data\interim\segmented\stuttering\MR4RrTTciMw_seg_035.wav,MR4RrTTciMw_seg_035.wav,MR4RrTTciMw,True,16000,1,3.0,-33.471,-13.7577,0.6624,0.0,True,ok
data\interim\segmented\stuttering\MR4RrTTciMw_seg_036.wav,MR4RrTTciMw_seg_036.wav,MR4RrTTciMw,True,16000,1,3.0,-31.8797,-15.8432,0.5704,0.0,True,ok
data\interim\segmented\stuttering\MR4RrTTciMw_seg_037.wav,MR4RrTTciMw_seg_037.wav,MR4RrTTciMw,True,16000,1,3.0,-45.7359,-18.7133,0.9498,0.0,False,too_quiet:-45.7dBFS;mostly_silence:0.95
data\interim\segmented\stuttering\MR4RrTTciMw_seg_038.wav,MR4RrTTciMw_seg_038.wav,MR4RrTTciMw,True,16000,1,3.0,-40.7956,-15.155,0.9341,0.0,False,mostly_silence:0.93
data\interim\segmented\stuttering\MR4RrTTciMw_seg_039.wav,MR4RrTTciMw_seg_039.wav,MR4RrTTciMw,True,16000,1,3.0,-33.204,-11.4134,0.6288,0.0,True,ok
data\interim\segmented\stuttering\MR4RrTTciMw_seg_040.wav,MR4RrTTciMw_seg_040.wav,MR4RrTTciMw,True,16000,1,3.0,-34.2964,-13.0366,0.828,0.0,False,mostly_silence:0.83
data\interim\segmented\stuttering\MR4RrTTciMw_seg_041.wav,MR4RrTTciMw_seg_041.wav,MR4RrTTciMw,True,16000,1,3.0,-39.8211,-16.7259,0.897,0.0,False,mostly_silence:0.90
data\interim\segmented\stuttering\MR4RrTTciMw_seg_042.wav,MR4RrTTciMw_seg_042.wav,MR4RrTTciMw,True,16000,1,3.0,-29.799,-12.4827,0.576,0.0,True,ok
data\interim\segmented\stuttering\MR4RrTTciMw_seg_043.wav,MR4RrTTciMw_seg_043.wav,MR4RrTTciMw,True,16000,1,3.0,-39.1901,-15.6018,0.9278,0.0,False,mostly_silence:0.93
data\interim\segmented\stuttering\MR4RrTTciMw_seg_044.wav,MR4RrTTciMw_seg_044.wav,MR4RrTTciMw,True,16000,1,3.0,-32.5155,-11.8059,0.6041,0.0,True,ok
data\interim\segmented\stuttering\MR4RrTTciMw_seg_045.wav,MR4RrTTciMw_seg_045.wav,MR4RrTTciMw,True,16000,1,3.0,-32.0014,-14.5655,0.6614,0.0,True,ok
data\interim\segmented\stuttering\MR4RrTTciMw_seg_046.wav,MR4RrTTciMw_seg_046.wav,MR4RrTTciMw,True,16000,1,3.0,-29.4977,-10.322,0.2808,0.0,True,ok
data\interim\segmented\stuttering\MR4RrTTciMw_seg_047.wav,MR4RrTTciMw_seg_047.wav,MR4RrTTciMw,True,16000,1,3.0,-42.8488,-22.604,0.8637,0.0,False,mostly_silence:0.86
data\interim\segmented\stuttering\MR4RrTTciMw_seg_048.wav,MR4RrTTciMw_seg_048.wav,MR4RrTTciMw,True,16000,1,3.0,-33.487,-16.8008,0.676,0.0,True,ok
data\interim\segmented\stuttering\MR4RrTTciMw_seg_049.wav,MR4RrTTciMw_seg_049.wav,MR4RrTTciMw,True,16000,1,3.0,-30.927,-17.4281,0.5491,0.0,True,ok
data\interim\segmented\stuttering\MR4RrTTciMw_seg_050.wav,MR4RrTTciMw_seg_050.wav,MR4RrTTciMw,True,16000,1,3.0,-36.0407,-17.8213,0.8132,0.0,False,mostly_silence:0.81
data\interim\segmented\stuttering\MR4RrTTciMw_seg_051.wav,MR4RrTTciMw_seg_051.wav,MR4RrTTciMw,True,16000,1,3.0,-46.7594,-22.385,0.9669,0.0,False,too_quiet:-46.8dBFS;mostly_silence:0.97
data\interim\segmented\stuttering\MR4RrTTciMw_seg_052.wav,MR4RrTTciMw_seg_052.wav,MR4RrTTciMw,True,16000,1,3.0,-33.8008,-13.7461,0.6827,0.0,True,ok
data\interim\segmented\stuttering\MR4RrTTciMw_seg_053.wav,MR4RrTTciMw_seg_053.wav,MR4RrTTciMw,True,16000,1,3.0,-32.1,-16.7041,0.5758,0.0,True,ok
data\interim\segmented\stuttering\MR4RrTTciMw_seg_054.wav,MR4RrTTciMw_seg_054.wav,MR4RrTTciMw,True,16000,1,3.0,-52.5976,-30.4668,0.9832,0.0,False,too_quiet:-52.6dBFS;mostly_silence:0.98
data\interim\segmented\stuttering\MR4RrTTciMw_seg_055.wav,MR4RrTTciMw_seg_055.wav,MR4RrTTciMw,True,16000,1,3.0,-30.7822,-13.9709,0.5219,0.0,True,ok
data\interim\segmented\stuttering\MR4RrTTciMw_seg_056.wav,MR4RrTTciMw_seg_056.wav,MR4RrTTciMw,True,16000,1,3.0,-32.007,-12.0646,0.6892,0.0,True,ok
data\interim\segmented\stuttering\MR4RrTTciMw_seg_057.wav,MR4RrTTciMw_seg_057.wav,MR4RrTTciMw,True,16000,1,3.0,-48.3966,-19.9019,0.9804,0.0,False,too_quiet:-48.4dBFS;mostly_silence:0.98
data\interim\segmented\stuttering\MR4RrTTciMw_seg_058.wav,MR4RrTTciMw_seg_058.wav,MR4RrTTciMw,True,16000,1,3.0,-32.8993,-9.5581,0.7992,0.0,True,ok
data\interim\segmented\stuttering\MR4RrTTciMw_seg_059.wav,MR4RrTTciMw_seg_059.wav,MR4RrTTciMw,True,16000,1,3.0,-33.8112,-18.5975,0.4392,0.0,True,ok
data\interim\segmented\stuttering\MR4RrTTciMw_seg_060.wav,MR4RrTTciMw_seg_060.wav,MR4RrTTciMw,True,16000,1,3.0,-38.4854,-18.2852,0.8285,0.0,False,mostly_silence:0.83
data\interim\segmented\stuttering\MR4RrTTciMw_seg_061.wav,MR4RrTTciMw_seg_061.wav,MR4RrTTciMw,True,16000,1,3.0,-33.005,-13.7513,0.6819,0.0,True,ok
data\interim\segmented\stuttering\MR4RrTTciMw_seg_062.wav,MR4RrTTciMw_seg_062.wav,MR4RrTTciMw,True,16000,1,3.0,-30.3724,-10.2071,0.5138,0.0,True,ok
data\interim\segmented\stuttering\MR4RrTTciMw_seg_063.wav,MR4RrTTciMw_seg_063.wav,MR4RrTTciMw,True,16000,1,3.0,-33.9107,-16.1593,0.6831,0.0,True,ok
data\interim\segmented\stuttering\MR4RrTTciMw_seg_064.wav,MR4RrTTciMw_seg_064.wav,MR4RrTTciMw,True,16000,1,3.0,-30.0162,-14.1245,0.4998,0.0,True,ok
data\interim\segmented\stuttering\MR4RrTTciMw_seg_065.wav,MR4RrTTciMw_seg_065.wav,MR4RrTTciMw,True,16000,1,3.0,-33.8689,-21.1878,0.3099,0.0,True,ok
data\interim\segmented\stuttering\MR4RrTTciMw_seg_066.wav,MR4RrTTciMw_seg_066.wav,MR4RrTTciMw,True,16000,1,3.0,-35.2352,-18.0068,0.4615,0.0,True,ok
data\interim\segmented\stuttering\MR4RrTTciMw_seg_067.wav,MR4RrTTciMw_seg_067.wav,MR4RrTTciMw,True,16000,1,3.0,-29.6414,-12.0348,0.4788,0.0,True,ok
data\interim\segmented\stuttering\MR4RrTTciMw_seg_068.wav,MR4RrTTciMw_seg_068.wav,MR4RrTTciMw,True,16000,1,3.0,-32.7269,-17.6477,0.3433,0.0,True,ok
data\interim\segmented\stuttering\MR4RrTTciMw_seg_069.wav,MR4RrTTciMw_seg_069.wav,MR4RrTTciMw,True,16000,1,3.0,-28.822,-12.6904,0.397,0.0,True,ok
data\interim\segmented\stuttering\MR4RrTTciMw_seg_070.wav,MR4RrTTciMw_seg_070.wav,MR4RrTTciMw,True,16000,1,3.0,-33.1096,-15.8137,0.3758,0.0,True,ok
data\interim\segmented\stuttering\MR4RrTTciMw_seg_071.wav,MR4RrTTciMw_seg_071.wav,MR4RrTTciMw,True,16000,1,3.0,-37.0941,-13.8122,0.7638,0.0,True,ok
data\interim\segmented\stuttering\MR4RrTTciMw_seg_072.wav,MR4RrTTciMw_seg_072.wav,MR4RrTTciMw,True,16000,1,3.0,-32.5526,-14.6481,0.6616,0.0,True,ok
data\interim\segmented\stuttering\MR4RrTTciMw_seg_073.wav,MR4RrTTciMw_seg_073.wav,MR4RrTTciMw,True,16000,1,3.0,-31.0334,-13.7733,0.4397,0.0,True,ok
data\interim\segmented\stuttering\MR4RrTTciMw_seg_074.wav,MR4RrTTciMw_seg_074.wav,MR4RrTTciMw,True,16000,1,3.0,-30.9395,-14.3817,0.5131,0.0,True,ok
data\interim\segmented\stuttering\MR4RrTTciMw_seg_075.wav,MR4RrTTciMw_seg_075.wav,MR4RrTTciMw,True,16000,1,3.0,-30.5037,-13.1407,0.3773,0.0,True,ok
data\interim\segmented\stuttering\MR4RrTTciMw_seg_076.wav,MR4RrTTciMw_seg_076.wav,MR4RrTTciMw,True,16000,1,3.0,-31.8285,-14.3636,0.4699,0.0,True,ok
data\interim\segmented\stuttering\MR4RrTTciMw_seg_077.wav,MR4RrTTciMw_seg_077.wav,MR4RrTTciMw,True,16000,1,3.0,-36.0673,-15.8613,0.7837,0.0,True,ok
data\interim\segmented\stuttering\MR4RrTTciMw_seg_078.wav,MR4RrTTciMw_seg_078.wav,MR4RrTTciMw,True,16000,1,3.0,-31.1677,-12.7432,0.4457,0.0,True,ok
data\interim\segmented\stuttering\MR4RrTTciMw_seg_079.wav,MR4RrTTciMw_seg_079.wav,MR4RrTTciMw,True,16000,1,3.0,-31.4724,-14.7113,0.3794,0.0,True,ok
data\interim\segmented\stuttering\MR4RrTTciMw_seg_080.wav,MR4RrTTciMw_seg_080.wav,MR4RrTTciMw,True,16000,1,3.0,-34.0721,-14.8128,0.6503,0.0,True,ok
data\interim\segmented\stuttering\MR4RrTTciMw_seg_081.wav,MR4RrTTciMw_seg_081.wav,MR4RrTTciMw,True,16000,1,3.0,-32.0029,-12.0486,0.6396,0.0,True,ok
data\interim\segmented\stuttering\MR4RrTTciMw_seg_082.wav,MR4RrTTciMw_seg_082.wav,MR4RrTTciMw,True,16000,1,3.0,-31.0082,-14.1461,0.3823,0.0,True,ok
data\interim\segmented\stuttering\MR4RrTTciMw_seg_083.wav,MR4RrTTciMw_seg_083.wav,MR4RrTTciMw,True,16000,1,3.0,-35.1188,-17.8482,0.6557,0.0,True,ok
data\interim\segmented\stuttering\MR4RrTTciMw_seg_084.wav,MR4RrTTciMw_seg_084.wav,MR4RrTTciMw,True,16000,1,3.0,-31.6151,-12.7512,0.5463,0.0,True,ok
data\interim\segmented\stuttering\MR4RrTTciMw_seg_085.wav,MR4RrTTciMw_seg_085.wav,MR4RrTTciMw,True,16000,1,3.0,-33.0168,-14.7924,0.6255,0.0,True,ok
data\interim\segmented\stuttering\MR4RrTTciMw_seg_086.wav,MR4RrTTciMw_seg_086.wav,MR4RrTTciMw,True,16000,1,3.0,-33.1432,-15.3966,0.6648,0.0,True,ok
data\interim\segmented\stuttering\MR4RrTTciMw_seg_087.wav,MR4RrTTciMw_seg_087.wav,MR4RrTTciMw,True,16000,1,3.0,-29.8268,-16.988,0.3191,0.0,True,ok
data\interim\segmented\stuttering\MR4RrTTciMw_seg_088.wav,MR4RrTTciMw_seg_088.wav,MR4RrTTciMw,True,16000,1,3.0,-36.4138,-18.2288,0.6824,0.0,True,ok
data\interim\segmented\stuttering\MR4RrTTciMw_seg_089.wav,MR4RrTTciMw_seg_089.wav,MR4RrTTciMw,True,16000,1,3.0,-35.064,-17.7781,0.5365,0.0,True,ok
data\interim\segmented\stuttering\MR4RrTTciMw_seg_090.wav,MR4RrTTciMw_seg_090.wav,MR4RrTTciMw,True,16000,1,3.0,-32.2429,-15.9174,0.5759,0.0,True,ok
data\interim\segmented\stuttering\MR4RrTTciMw_seg_091.wav,MR4RrTTciMw_seg_091.wav,MR4RrTTciMw,True,16000,1,3.0,-36.5477,-21.6017,0.4057,0.0,True,ok
data\interim\segmented\stuttering\MR4RrTTciMw_seg_092.wav,MR4RrTTciMw_seg_092.wav,MR4RrTTciMw,True,16000,1,3.0,-38.775,-22.7012,0.5369,0.0,True,ok
data\interim\segmented\stuttering\MR4RrTTciMw_seg_093.wav,MR4RrTTciMw_seg_093.wav,MR4RrTTciMw,True,16000,1,3.0,-36.5853,-17.1526,0.5949,0.0,True,ok
data\interim\segmented\stuttering\MR4RrTTciMw_seg_094.wav,MR4RrTTciMw_seg_094.wav,MR4RrTTciMw,True,16000,1,3.0,-37.527,-20.5352,0.5361,0.0,True,ok
data\interim\segmented\stuttering\MR4RrTTciMw_seg_095.wav,MR4RrTTciMw_seg_095.wav,MR4RrTTciMw,True,16000,1,3.0,-37.7405,-22.1273,0.5346,0.0,True,ok
data\interim\segmented\stuttering\MR4RrTTciMw_seg_096.wav,MR4RrTTciMw_seg_096.wav,MR4RrTTciMw,True,16000,1,3.0,-37.297,-20.026,0.6268,0.0,True,ok
data\interim\segmented\stuttering\MR4RrTTciMw_seg_097.wav,MR4RrTTciMw_seg_097.wav,MR4RrTTciMw,True,16000,1,3.0,-37.3861,-22.4025,0.4936,0.0,True,ok
data\interim\segmented\stuttering\MR4RrTTciMw_seg_098.wav,MR4RrTTciMw_seg_098.wav,MR4RrTTciMw,True,16000,1,3.0,-32.6455,-9.6301,0.7016,0.0,True,ok
data\interim\segmented\stuttering\MR4RrTTciMw_seg_099.wav,MR4RrTTciMw_seg_099.wav,MR4RrTTciMw,True,16000,1,3.0,-33.8413,-16.2071,0.4479,0.0,True,ok
data\interim\segmented\stuttering\MR4RrTTciMw_seg_100.wav,MR4RrTTciMw_seg_100.wav,MR4RrTTciMw,True,16000,1,3.0,-33.1204,-14.7243,0.5572,0.0,True,ok
data\interim\segmented\stuttering\MR4RrTTciMw_seg_101.wav,MR4RrTTciMw_seg_101.wav,MR4RrTTciMw,True,16000,1,3.0,-34.3689,-17.1545,0.6479,0.0,True,ok
data\interim\segmented\stuttering\MR4RrTTciMw_seg_102.wav,MR4RrTTciMw_seg_102.wav,MR4RrTTciMw,True,16000,1,3.0,-33.506,-13.1142,0.4789,0.0,True,ok
data\interim\segmented\stuttering\MR4RrTTciMw_seg_103.wav,MR4RrTTciMw_seg_103.wav,MR4RrTTciMw,True,16000,1,3.0,-36.1231,-14.1881,0.5524,0.0,True,ok
data\interim\segmented\stuttering\MR4RrTTciMw_seg_104.wav,MR4RrTTciMw_seg_104.wav,MR4RrTTciMw,True,16000,1,3.0,-36.0413,-18.3244,0.4595,0.0,True,ok
data\interim\segmented\stuttering\MR4RrTTciMw_seg_105.wav,MR4RrTTciMw_seg_105.wav,MR4RrTTciMw,True,16000,1,3.0,-32.7576,-11.5657,0.6409,0.0,True,ok
data\interim\segmented\stuttering\MR4RrTTciMw_seg_106.wav,MR4RrTTciMw_seg_106.wav,MR4RrTTciMw,True,16000,1,3.0,-37.1245,-19.13,0.5888,0.0,True,ok
data\interim\segmented\stuttering\MR4RrTTciMw_seg_107.wav,MR4RrTTciMw_seg_107.wav,MR4RrTTciMw,True,16000,1,3.0,-30.0758,-9.6068,0.6027,0.0,True,ok
data\interim\segmented\stuttering\MR4RrTTciMw_seg_108.wav,MR4RrTTciMw_seg_108.wav,MR4RrTTciMw,True,16000,1,3.0,-28.8802,-11.8317,0.2396,0.0,True,ok
data\interim\segmented\stuttering\MR4RrTTciMw_seg_109.wav,MR4RrTTciMw_seg_109.wav,MR4RrTTciMw,True,16000,1,3.0,-29.2534,-10.7673,0.3706,0.0,True,ok
data\interim\segmented\stuttering\MR4RrTTciMw_seg_110.wav,MR4RrTTciMw_seg_110.wav,MR4RrTTciMw,True,16000,1,3.0,-35.0236,-15.1961,0.7019,0.0,True,ok
data\interim\segmented\stuttering\MR4RrTTciMw_seg_111.wav,MR4RrTTciMw_seg_111.wav,MR4RrTTciMw,True,16000,1,3.0,-31.1653,-15.7663,0.5903,0.0,True,ok
data\interim\segmented\stuttering\MR4RrTTciMw_seg_112.wav,MR4RrTTciMw_seg_112.wav,MR4RrTTciMw,True,16000,1,3.0,-28.993,-14.2017,0.2213,0.0,True,ok
data\interim\segmented\stuttering\MR4RrTTciMw_seg_113.wav,MR4RrTTciMw_seg_113.wav,MR4RrTTciMw,True,16000,1,3.0,-30.6979,-15.7924,0.2745,0.0,True,ok
data\interim\segmented\stuttering\MR4RrTTciMw_seg_114.wav,MR4RrTTciMw_seg_114.wav,MR4RrTTciMw,True,16000,1,3.0,-32.3196,-17.1736,0.3752,0.0,True,ok
data\interim\segmented\stuttering\MR4RrTTciMw_seg_115.wav,MR4RrTTciMw_seg_115.wav,MR4RrTTciMw,True,16000,1,3.0,-36.7105,-20.623,0.5926,0.0,True,ok
data\interim\segmented\stuttering\MR4RrTTciMw_seg_116.wav,MR4RrTTciMw_seg_116.wav,MR4RrTTciMw,True,16000,1,3.0,-36.0212,-18.8841,0.5705,0.0,True,ok
data\interim\segmented\stuttering\MR4RrTTciMw_seg_117.wav,MR4RrTTciMw_seg_117.wav,MR4RrTTciMw,True,16000,1,3.0,-35.9932,-19.9282,0.5037,0.0,True,ok
data\interim\segmented\stuttering\MR4RrTTciMw_seg_118.wav,MR4RrTTciMw_seg_118.wav,MR4RrTTciMw,True,16000,1,3.0,-30.5047,-17.4399,0.5048,0.0,True,ok
data\interim\segmented\stuttering\MR4RrTTciMw_seg_119.wav,MR4RrTTciMw_seg_119.wav,MR4RrTTciMw,True,16000,1,3.0,-27.7246,-17.0576,0.1028,0.0,True,ok
data\interim\segmented\stuttering\MR4RrTTciMw_seg_120.wav,MR4RrTTciMw_seg_120.wav,MR4RrTTciMw,True,16000,1,3.0,-29.0696,-17.3574,0.1416,0.0,True,ok
data\interim\segmented\stuttering\nrnXoReoDek_seg_000.wav,nrnXoReoDek_seg_000.wav,nrnXoReoDek,True,16000,1,3.0,-34.896,-19.1589,0.5521,0.0,True,ok
data\interim\segmented\stuttering\nrnXoReoDek_seg_001.wav,nrnXoReoDek_seg_001.wav,nrnXoReoDek,True,16000,1,3.0,-38.2311,-18.8214,0.7025,0.0,True,ok
data\interim\segmented\stuttering\nrnXoReoDek_seg_002.wav,nrnXoReoDek_seg_002.wav,nrnXoReoDek,True,16000,1,3.0,-34.671,-18.7661,0.4881,0.0,True,ok
data\interim\segmented\stuttering\nrnXoReoDek_seg_003.wav,nrnXoReoDek_seg_003.wav,nrnXoReoDek,True,16000,1,3.0,-34.1564,-14.8552,0.5417,0.0,True,ok
data\interim\segmented\stuttering\nrnXoReoDek_seg_004.wav,nrnXoReoDek_seg_004.wav,nrnXoReoDek,True,16000,1,3.0,-37.6679,-22.3467,0.5515,0.0,True,ok
data\interim\segmented\stuttering\nrnXoReoDek_seg_005.wav,nrnXoReoDek_seg_005.wav,nrnXoReoDek,True,16000,1,3.0,-35.5756,-17.7535,0.4092,0.0,True,ok
data\interim\segmented\stuttering\nrnXoReoDek_seg_006.wav,nrnXoReoDek_seg_006.wav,nrnXoReoDek,True,16000,1,3.0,-37.5133,-22.2638,0.4048,0.0,True,ok
data\interim\segmented\stuttering\nrnXoReoDek_seg_007.wav,nrnXoReoDek_seg_007.wav,nrnXoReoDek,True,16000,1,3.0,-34.3468,-16.8449,0.3879,0.0,True,ok
data\interim\segmented\stuttering\nrnXoReoDek_seg_008.wav,nrnXoReoDek_seg_008.wav,nrnXoReoDek,True,16000,1,3.0,-35.7908,-16.7898,0.4968,0.0,True,ok
data\interim\segmented\stuttering\nrnXoReoDek_seg_009.wav,nrnXoReoDek_seg_009.wav,nrnXoReoDek,True,16000,1,3.0,-34.6335,-16.3313,0.5358,0.0,True,ok
data\interim\segmented\stuttering\nrnXoReoDek_seg_010.wav,nrnXoReoDek_seg_010.wav,nrnXoReoDek,True,16000,1,3.0,-35.5175,-16.777,0.4207,0.0,True,ok
data\interim\segmented\stuttering\nrnXoReoDek_seg_011.wav,nrnXoReoDek_seg_011.wav,nrnXoReoDek,True,16000,1,3.0,-36.2149,-18.8725,0.5048,0.0,True,ok
data\interim\segmented\stuttering\nrnXoReoDek_seg_012.wav,nrnXoReoDek_seg_012.wav,nrnXoReoDek,True,16000,1,3.0,-42.9289,-20.4398,0.8816,0.0,False,mostly_silence:0.88
data\interim\segmented\stuttering\nrnXoReoDek_seg_013.wav,nrnXoReoDek_seg_013.wav,nrnXoReoDek,True,16000,1,3.0,-35.3215,-14.8934,0.5312,0.0,True,ok
data\interim\segmented\stuttering\nrnXoReoDek_seg_014.wav,nrnXoReoDek_seg_014.wav,nrnXoReoDek,True,16000,1,3.0,-40.5037,-23.4566,0.753,0.0,True,ok
data\interim\segmented\stuttering\nrnXoReoDek_seg_015.wav,nrnXoReoDek_seg_015.wav,nrnXoReoDek,True,16000,1,3.0,-35.4369,-20.0234,0.4504,0.0,True,ok
data\interim\segmented\stuttering\nrnXoReoDek_seg_016.wav,nrnXoReoDek_seg_016.wav,nrnXoReoDek,True,16000,1,3.0,-34.6186,-17.105,0.3848,0.0,True,ok
data\interim\segmented\stuttering\nrnXoReoDek_seg_017.wav,nrnXoReoDek_seg_017.wav,nrnXoReoDek,True,16000,1,3.0,-39.4477,-21.4437,0.8067,0.0,False,mostly_silence:0.81
data\interim\segmented\stuttering\nrnXoReoDek_seg_018.wav,nrnXoReoDek_seg_018.wav,nrnXoReoDek,True,16000,1,3.0,-35.0836,-17.3848,0.5748,0.0,True,ok
data\interim\segmented\stuttering\nrnXoReoDek_seg_019.wav,nrnXoReoDek_seg_019.wav,nrnXoReoDek,True,16000,1,3.0,-35.4181,-18.1299,0.5041,0.0,True,ok
data\interim\segmented\stuttering\nrnXoReoDek_seg_020.wav,nrnXoReoDek_seg_020.wav,nrnXoReoDek,True,16000,1,3.0,-35.2751,-20.5889,0.4499,0.0,True,ok
data\interim\segmented\stuttering\nrnXoReoDek_seg_021.wav,nrnXoReoDek_seg_021.wav,nrnXoReoDek,True,16000,1,3.0,-35.2862,-18.1449,0.4314,0.0,True,ok
data\interim\segmented\stuttering\nrnXoReoDek_seg_022.wav,nrnXoReoDek_seg_022.wav,nrnXoReoDek,True,16000,1,3.0,-35.2448,-17.1583,0.529,0.0,True,ok
data\interim\segmented\stuttering\nrnXoReoDek_seg_023.wav,nrnXoReoDek_seg_023.wav,nrnXoReoDek,True,16000,1,3.0,-47.9496,-32.5006,0.8337,0.0,False,too_quiet:-47.9dBFS;mostly_silence:0.83
data\interim\segmented\stuttering\nrnXoReoDek_seg_024.wav,nrnXoReoDek_seg_024.wav,nrnXoReoDek,True,16000,1,3.0,-38.6368,-20.5014,0.7485,0.0,True,ok
data\interim\segmented\stuttering\nrnXoReoDek_seg_025.wav,nrnXoReoDek_seg_025.wav,nrnXoReoDek,True,16000,1,3.0,-33.7869,-17.3613,0.3335,0.0,True,ok
data\interim\segmented\stuttering\nrnXoReoDek_seg_026.wav,nrnXoReoDek_seg_026.wav,nrnXoReoDek,True,16000,1,3.0,-36.0015,-18.0216,0.4223,0.0,True,ok
data\interim\segmented\stuttering\nrnXoReoDek_seg_027.wav,nrnXoReoDek_seg_027.wav,nrnXoReoDek,True,16000,1,3.0,-36.5749,-22.1036,0.3827,0.0,True,ok
data\interim\segmented\stuttering\nrnXoReoDek_seg_028.wav,nrnXoReoDek_seg_028.wav,nrnXoReoDek,True,16000,1,3.0,-34.3005,-18.4278,0.3084,0.0,True,ok
data\interim\segmented\stuttering\nrnXoReoDek_seg_029.wav,nrnXoReoDek_seg_029.wav,nrnXoReoDek,True,16000,1,3.0,-35.7999,-20.8276,0.3399,0.0,True,ok
data\interim\segmented\stuttering\nrnXoReoDek_seg_030.wav,nrnXoReoDek_seg_030.wav,nrnXoReoDek,True,16000,1,3.0,-32.4547,-15.8268,0.2885,0.0,True,ok
data\interim\segmented\stuttering\nrnXoReoDek_seg_031.wav,nrnXoReoDek_seg_031.wav,nrnXoReoDek,True,16000,1,3.0,-34.9248,-16.6193,0.3388,0.0,True,ok
data\interim\segmented\stuttering\nrnXoReoDek_seg_032.wav,nrnXoReoDek_seg_032.wav,nrnXoReoDek,True,16000,1,3.0,-33.8417,-18.3529,0.2866,0.0,True,ok
data\interim\segmented\stuttering\nrnXoReoDek_seg_033.wav,nrnXoReoDek_seg_033.wav,nrnXoReoDek,True,16000,1,3.0,-38.5625,-21.64,0.4043,0.0,True,ok
data\interim\segmented\stuttering\nrnXoReoDek_seg_034.wav,nrnXoReoDek_seg_034.wav,nrnXoReoDek,True,16000,1,3.0,-34.2388,-14.6926,0.4839,0.0,True,ok
data\interim\segmented\stuttering\nrnXoReoDek_seg_035.wav,nrnXoReoDek_seg_035.wav,nrnXoReoDek,True,16000,1,3.0,-34.9866,-20.7175,0.3272,0.0,True,ok
data\interim\segmented\stuttering\nrnXoReoDek_seg_036.wav,nrnXoReoDek_seg_036.wav,nrnXoReoDek,True,16000,1,3.0,-36.2902,-18.2072,0.3909,0.0,True,ok
data\interim\segmented\stuttering\nrnXoReoDek_seg_037.wav,nrnXoReoDek_seg_037.wav,nrnXoReoDek,True,16000,1,3.0,-36.4204,-15.6483,0.4215,0.0,True,ok
data\interim\segmented\stuttering\nrnXoReoDek_seg_038.wav,nrnXoReoDek_seg_038.wav,nrnXoReoDek,True,16000,1,3.0,-34.7042,-18.6314,0.3616,0.0,True,ok
data\interim\segmented\stuttering\nrnXoReoDek_seg_039.wav,nrnXoReoDek_seg_039.wav,nrnXoReoDek,True,16000,1,3.0,-35.4504,-20.9509,0.3492,0.0,True,ok
data\interim\segmented\stuttering\nrnXoReoDek_seg_040.wav,nrnXoReoDek_seg_040.wav,nrnXoReoDek,True,16000,1,3.0,-34.8428,-20.3235,0.323,0.0,True,ok
data\interim\segmented\stuttering\nrnXoReoDek_seg_041.wav,nrnXoReoDek_seg_041.wav,nrnXoReoDek,True,16000,1,3.0,-35.8933,-19.6743,0.3746,0.0,True,ok
data\interim\segmented\stuttering\nrnXoReoDek_seg_042.wav,nrnXoReoDek_seg_042.wav,nrnXoReoDek,True,16000,1,3.0,-34.9359,-20.2796,0.3296,0.0,True,ok
data\interim\segmented\stuttering\nrnXoReoDek_seg_043.wav,nrnXoReoDek_seg_043.wav,nrnXoReoDek,True,16000,1,3.0,-35.102,-19.6488,0.3931,0.0,True,ok
data\interim\segmented\stuttering\nrnXoReoDek_seg_044.wav,nrnXoReoDek_seg_044.wav,nrnXoReoDek,True,16000,1,3.0,-34.3979,-16.9543,0.3518,0.0,True,ok
data\interim\segmented\stuttering\nrnXoReoDek_seg_045.wav,nrnXoReoDek_seg_045.wav,nrnXoReoDek,True,16000,1,3.0,-37.0727,-21.8835,0.4376,0.0,True,ok
data\interim\segmented\stuttering\nrnXoReoDek_seg_046.wav,nrnXoReoDek_seg_046.wav,nrnXoReoDek,True,16000,1,3.0,-37.6992,-22.9843,0.3812,0.0,True,ok
data\interim\segmented\stuttering\nrnXoReoDek_seg_047.wav,nrnXoReoDek_seg_047.wav,nrnXoReoDek,True,16000,1,3.0,-26.042,-9.9917,0.1806,0.0,True,ok
data\interim\segmented\stuttering\nrnXoReoDek_seg_048.wav,nrnXoReoDek_seg_048.wav,nrnXoReoDek,True,16000,1,2.43,-32.5651,-15.4466,0.3183,0.0,True,ok
data\interim\segmented\stuttering\QHkIE3BEOM8_seg_000.wav,QHkIE3BEOM8_seg_000.wav,QHkIE3BEOM8,True,16000,1,3.0,-33.7714,-19.6539,0.1477,0.0,True,ok
data\interim\segmented\stuttering\QHkIE3BEOM8_seg_001.wav,QHkIE3BEOM8_seg_001.wav,QHkIE3BEOM8,True,16000,1,3.0,-30.3188,-8.4427,0.5428,0.0,True,ok
data\interim\segmented\stuttering\QHkIE3BEOM8_seg_002.wav,QHkIE3BEOM8_seg_002.wav,QHkIE3BEOM8,True,16000,1,3.0,-28.3658,-13.0034,0.3814,0.0,True,ok
data\interim\segmented\stuttering\QHkIE3BEOM8_seg_003.wav,QHkIE3BEOM8_seg_003.wav,QHkIE3BEOM8,True,16000,1,3.0,-30.7008,-14.1407,0.4488,0.0,True,ok
data\interim\segmented\stuttering\rbJHSQVW9dI_seg_000.wav,rbJHSQVW9dI_seg_000.wav,rbJHSQVW9dI,True,16000,1,3.0,-25.3247,-9.3612,0.151,0.0,True,ok
data\interim\segmented\stuttering\rbJHSQVW9dI_seg_001.wav,rbJHSQVW9dI_seg_001.wav,rbJHSQVW9dI,True,16000,1,3.0,-29.9064,-12.3906,0.3343,0.0,True,ok
data\interim\segmented\stuttering\rbJHSQVW9dI_seg_002.wav,rbJHSQVW9dI_seg_002.wav,rbJHSQVW9dI,True,16000,1,3.0,-20.358,-0.081,0.3498,0.0,True,ok
data\interim\segmented\stuttering\rbJHSQVW9dI_seg_003.wav,rbJHSQVW9dI_seg_003.wav,rbJHSQVW9dI,True,16000,1,3.0,-25.02,-0.2801,0.2947,0.0,True,ok
data\interim\segmented\stuttering\rbJHSQVW9dI_seg_004.wav,rbJHSQVW9dI_seg_004.wav,rbJHSQVW9dI,True,16000,1,3.0,-31.5153,-2.9407,0.2971,0.0,True,ok
data\interim\segmented\stuttering\rbJHSQVW9dI_seg_005.wav,rbJHSQVW9dI_seg_005.wav,rbJHSQVW9dI,True,16000,1,3.0,-23.7504,-1.6557,0.2471,0.0,True,ok
data\interim\segmented\stuttering\rbJHSQVW9dI_seg_006.wav,rbJHSQVW9dI_seg_006.wav,rbJHSQVW9dI,True,16000,1,3.0,-30.2233,-10.974,0.2848,0.0,True,ok
data\interim\segmented\stuttering\rbJHSQVW9dI_seg_007.wav,rbJHSQVW9dI_seg_007.wav,rbJHSQVW9dI,True,16000,1,3.0,-21.7512,-0.0003,0.3401,4.2e-05,True,ok
data\interim\segmented\stuttering\rbJHSQVW9dI_seg_008.wav,rbJHSQVW9dI_seg_008.wav,rbJHSQVW9dI,True,16000,1,3.0,-42.0547,-21.4406,0.6567,0.0,True,ok
data\interim\segmented\stuttering\rbJHSQVW9dI_seg_009.wav,rbJHSQVW9dI_seg_009.wav,rbJHSQVW9dI,True,16000,1,3.0,-19.6818,-0.3588,0.1832,0.0,True,ok
data\interim\segmented\stuttering\rbJHSQVW9dI_seg_010.wav,rbJHSQVW9dI_seg_010.wav,rbJHSQVW9dI,True,16000,1,3.0,-22.8601,-1.1595,0.262,0.0,True,ok
data\interim\segmented\stuttering\rbJHSQVW9dI_seg_011.wav,rbJHSQVW9dI_seg_011.wav,rbJHSQVW9dI,True,16000,1,3.0,-22.3089,-0.0449,0.3527,0.0,True,ok
data\interim\segmented\stuttering\rbJHSQVW9dI_seg_012.wav,rbJHSQVW9dI_seg_012.wav,rbJHSQVW9dI,True,16000,1,3.0,-23.2485,-0.0191,0.2724,0.0,True,ok
data\interim\segmented\stuttering\rbJHSQVW9dI_seg_013.wav,rbJHSQVW9dI_seg_013.wav,rbJHSQVW9dI,True,16000,1,3.0,-21.8113,-0.2163,0.3963,0.0,True,ok
data\interim\segmented\stuttering\rbJHSQVW9dI_seg_014.wav,rbJHSQVW9dI_seg_014.wav,rbJHSQVW9dI,True,16000,1,3.0,-22.2851,-0.0284,0.3283,0.0,True,ok
data\interim\segmented\stuttering\rbJHSQVW9dI_seg_015.wav,rbJHSQVW9dI_seg_015.wav,rbJHSQVW9dI,True,16000,1,3.0,-44.9502,-33.0307,0.6818,0.0,True,ok
data\interim\segmented\stuttering\rbJHSQVW9dI_seg_016.wav,rbJHSQVW9dI_seg_016.wav,rbJHSQVW9dI,True,16000,1,3.0,-34.2828,-13.9076,0.4939,0.0,True,ok
data\interim\segmented\stuttering\rbJHSQVW9dI_seg_017.wav,rbJHSQVW9dI_seg_017.wav,rbJHSQVW9dI,True,16000,1,3.0,-21.6308,-0.4267,0.3634,0.0,True,ok
data\interim\segmented\stuttering\rbJHSQVW9dI_seg_018.wav,rbJHSQVW9dI_seg_018.wav,rbJHSQVW9dI,True,16000,1,3.0,-36.5504,-15.8382,0.5259,0.0,True,ok
data\interim\segmented\stuttering\rbJHSQVW9dI_seg_019.wav,rbJHSQVW9dI_seg_019.wav,rbJHSQVW9dI,True,16000,1,3.0,-23.916,-0.35,0.3683,0.0,True,ok
data\interim\segmented\stuttering\rbJHSQVW9dI_seg_020.wav,rbJHSQVW9dI_seg_020.wav,rbJHSQVW9dI,True,16000,1,3.0,-22.4644,-0.3117,0.4155,0.0,True,ok
data\interim\segmented\stuttering\rbJHSQVW9dI_seg_021.wav,rbJHSQVW9dI_seg_021.wav,rbJHSQVW9dI,True,16000,1,3.0,-24.0274,-2.8162,0.4493,0.0,True,ok
data\interim\segmented\stuttering\rbJHSQVW9dI_seg_022.wav,rbJHSQVW9dI_seg_022.wav,rbJHSQVW9dI,True,16000,1,3.0,-24.9959,-0.0003,0.3334,8.3e-05,True,ok
data\interim\segmented\stuttering\rbJHSQVW9dI_seg_023.wav,rbJHSQVW9dI_seg_023.wav,rbJHSQVW9dI,True,16000,1,3.0,-21.2662,-0.0061,0.411,2.1e-05,True,ok
data\interim\segmented\stuttering\rbJHSQVW9dI_seg_024.wav,rbJHSQVW9dI_seg_024.wav,rbJHSQVW9dI,True,16000,1,3.0,-24.1975,-0.3078,0.311,0.0,True,ok
data\interim\segmented\stuttering\rbJHSQVW9dI_seg_025.wav,rbJHSQVW9dI_seg_025.wav,rbJHSQVW9dI,True,16000,1,3.0,-25.4148,-1.3689,0.4045,0.0,True,ok
data\interim\segmented\stuttering\rbJHSQVW9dI_seg_026.wav,rbJHSQVW9dI_seg_026.wav,rbJHSQVW9dI,True,16000,1,3.0,-21.8751,-0.0061,0.2246,2.1e-05,True,ok
data\interim\segmented\stuttering\rbJHSQVW9dI_seg_027.wav,rbJHSQVW9dI_seg_027.wav,rbJHSQVW9dI,True,16000,1,3.0,-29.5472,-12.8055,0.2499,0.0,True,ok
data\interim\segmented\stuttering\rbJHSQVW9dI_seg_028.wav,rbJHSQVW9dI_seg_028.wav,rbJHSQVW9dI,True,16000,1,3.0,-22.5084,-0.3054,0.184,0.0,True,ok
data\interim\segmented\stuttering\rbJHSQVW9dI_seg_029.wav,rbJHSQVW9dI_seg_029.wav,rbJHSQVW9dI,True,16000,1,3.0,-28.2185,-11.5496,0.2005,0.0,True,ok
data\interim\segmented\stuttering\rbJHSQVW9dI_seg_030.wav,rbJHSQVW9dI_seg_030.wav,rbJHSQVW9dI,True,16000,1,3.0,-26.8901,-10.0094,0.1793,0.0,True,ok
data\interim\segmented\stuttering\rbJHSQVW9dI_seg_031.wav,rbJHSQVW9dI_seg_031.wav,rbJHSQVW9dI,True,16000,1,3.0,-21.1123,-0.655,0.3277,0.0,True,ok
data\interim\segmented\stuttering\rbJHSQVW9dI_seg_032.wav,rbJHSQVW9dI_seg_032.wav,rbJHSQVW9dI,True,16000,1,3.0,-18.784,-0.3345,0.2855,0.0,True,ok
data\interim\segmented\stuttering\rbJHSQVW9dI_seg_033.wav,rbJHSQVW9dI_seg_033.wav,rbJHSQVW9dI,True,16000,1,3.0,-18.3568,0.0,0.3018,2.1e-05,True,ok
data\interim\segmented\stuttering\rbJHSQVW9dI_seg_034.wav,rbJHSQVW9dI_seg_034.wav,rbJHSQVW9dI,True,16000,1,3.0,-22.6263,-1.7036,0.2465,0.0,True,ok
data\interim\segmented\stuttering\rbJHSQVW9dI_seg_035.wav,rbJHSQVW9dI_seg_035.wav,rbJHSQVW9dI,True,16000,1,3.0,-27.545,-0.5146,0.3354,0.0,True,ok
data\interim\segmented\stuttering\rbJHSQVW9dI_seg_036.wav,rbJHSQVW9dI_seg_036.wav,rbJHSQVW9dI,True,16000,1,3.0,-27.4107,-4.5293,0.4361,0.0,True,ok
data\interim\segmented\stuttering\rbJHSQVW9dI_seg_037.wav,rbJHSQVW9dI_seg_037.wav,rbJHSQVW9dI,True,16000,1,3.0,-28.7932,-9.2736,0.4066,0.0,True,ok
data\interim\segmented\stuttering\rbJHSQVW9dI_seg_038.wav,rbJHSQVW9dI_seg_038.wav,rbJHSQVW9dI,True,16000,1,3.0,-23.0019,-0.1424,0.3335,0.0,True,ok
data\interim\segmented\stuttering\rbJHSQVW9dI_seg_039.wav,rbJHSQVW9dI_seg_039.wav,rbJHSQVW9dI,True,16000,1,3.0,-20.7987,-0.2109,0.2133,0.0,True,ok
data\interim\segmented\stuttering\rbJHSQVW9dI_seg_040.wav,rbJHSQVW9dI_seg_040.wav,rbJHSQVW9dI,True,16000,1,3.0,-22.1487,-0.4298,0.2325,0.0,True,ok
data\interim\segmented\stuttering\rbJHSQVW9dI_seg_041.wav,rbJHSQVW9dI_seg_041.wav,rbJHSQVW9dI,True,16000,1,3.0,-24.6151,-3.7284,0.2531,0.0,True,ok
data\interim\segmented\stuttering\rbJHSQVW9dI_seg_042.wav,rbJHSQVW9dI_seg_042.wav,rbJHSQVW9dI,True,16000,1,3.0,-26.3791,-1.6205,0.3955,0.0,True,ok
data\interim\segmented\stuttering\rbJHSQVW9dI_seg_043.wav,rbJHSQVW9dI_seg_043.wav,rbJHSQVW9dI,True,16000,1,3.0,-45.2124,-33.0664,0.6992,0.0,False,too_quiet:-45.2dBFS
data\interim\segmented\stuttering\rbJHSQVW9dI_seg_044.wav,rbJHSQVW9dI_seg_044.wav,rbJHSQVW9dI,True,16000,1,3.0,-21.1904,-0.4443,0.2975,0.0,True,ok
data\interim\segmented\stuttering\rbJHSQVW9dI_seg_045.wav,rbJHSQVW9dI_seg_045.wav,rbJHSQVW9dI,True,16000,1,3.0,-22.9002,-0.5321,0.3006,0.0,True,ok
data\interim\segmented\stuttering\rbJHSQVW9dI_seg_046.wav,rbJHSQVW9dI_seg_046.wav,rbJHSQVW9dI,True,16000,1,3.0,-23.2645,-0.0066,0.2338,2.1e-05,True,ok
data\interim\segmented\stuttering\rbJHSQVW9dI_seg_047.wav,rbJHSQVW9dI_seg_047.wav,rbJHSQVW9dI,True,16000,1,3.0,-23.0331,-2.2315,0.2294,0.0,True,ok
data\interim\segmented\stuttering\rbJHSQVW9dI_seg_048.wav,rbJHSQVW9dI_seg_048.wav,rbJHSQVW9dI,True,16000,1,3.0,-28.9971,-1.333,0.4731,0.0,True,ok
data\interim\segmented\stuttering\rbJHSQVW9dI_seg_049.wav,rbJHSQVW9dI_seg_049.wav,rbJHSQVW9dI,True,16000,1,3.0,-39.0669,-20.7463,0.5449,0.0,True,ok
data\interim\segmented\stuttering\rbJHSQVW9dI_seg_050.wav,rbJHSQVW9dI_seg_050.wav,rbJHSQVW9dI,True,16000,1,3.0,-23.6077,-0.5062,0.3652,0.0,True,ok
data\interim\segmented\stuttering\rbJHSQVW9dI_seg_051.wav,rbJHSQVW9dI_seg_051.wav,rbJHSQVW9dI,True,16000,1,3.0,-26.0253,-3.2684,0.3071,0.0,True,ok
data\interim\segmented\stuttering\rbJHSQVW9dI_seg_052.wav,rbJHSQVW9dI_seg_052.wav,rbJHSQVW9dI,True,16000,1,3.0,-27.9044,-11.6839,0.2298,0.0,True,ok
data\interim\segmented\stuttering\rbJHSQVW9dI_seg_053.wav,rbJHSQVW9dI_seg_053.wav,rbJHSQVW9dI,True,16000,1,3.0,-27.5067,-12.0965,0.2431,0.0,True,ok
data\interim\segmented\stuttering\rbJHSQVW9dI_seg_054.wav,rbJHSQVW9dI_seg_054.wav,rbJHSQVW9dI,True,16000,1,3.0,-28.1497,-12.5196,0.2558,0.0,True,ok
data\interim\segmented\stuttering\rbJHSQVW9dI_seg_055.wav,rbJHSQVW9dI_seg_055.wav,rbJHSQVW9dI,True,16000,1,3.0,-25.0647,-4.633,0.3315,0.0,True,ok
data\interim\segmented\stuttering\rbJHSQVW9dI_seg_056.wav,rbJHSQVW9dI_seg_056.wav,rbJHSQVW9dI,True,16000,1,3.0,-25.6202,-0.3876,0.3791,0.0,True,ok
data\interim\segmented\stuttering\sZwq9VaEtAk_seg_000.wav,sZwq9VaEtAk_seg_000.wav,sZwq9VaEtAk,True,16000,1,3.0,-25.9055,-9.1968,0.4929,0.0,True,ok
data\interim\segmented\stuttering\sZwq9VaEtAk_seg_001.wav,sZwq9VaEtAk_seg_001.wav,sZwq9VaEtAk,True,16000,1,3.0,-26.1857,-10.5566,0.3396,0.0,True,ok
data\interim\segmented\stuttering\sZwq9VaEtAk_seg_002.wav,sZwq9VaEtAk_seg_002.wav,sZwq9VaEtAk,True,16000,1,3.0,-28.4781,-10.8594,0.4936,0.0,True,ok
data\interim\segmented\stuttering\sZwq9VaEtAk_seg_003.wav,sZwq9VaEtAk_seg_003.wav,sZwq9VaEtAk,True,16000,1,3.0,-31.775,-11.2222,0.7519,0.0,True,ok
data\interim\segmented\stuttering\sZwq9VaEtAk_seg_004.wav,sZwq9VaEtAk_seg_004.wav,sZwq9VaEtAk,True,16000,1,3.0,-25.2786,-8.8295,0.237,0.0,True,ok
data\interim\segmented\stuttering\sZwq9VaEtAk_seg_005.wav,sZwq9VaEtAk_seg_005.wav,sZwq9VaEtAk,True,16000,1,3.0,-27.3474,-10.5441,0.4296,0.0,True,ok
data\interim\segmented\stuttering\sZwq9VaEtAk_seg_006.wav,sZwq9VaEtAk_seg_006.wav,sZwq9VaEtAk,True,16000,1,3.0,-27.7796,-9.7425,0.4634,0.0,True,ok
data\interim\segmented\stuttering\sZwq9VaEtAk_seg_007.wav,sZwq9VaEtAk_seg_007.wav,sZwq9VaEtAk,True,16000,1,3.0,-24.9233,-9.9134,0.24,0.0,True,ok
data\interim\segmented\stuttering\sZwq9VaEtAk_seg_008.wav,sZwq9VaEtAk_seg_008.wav,sZwq9VaEtAk,True,16000,1,3.0,-30.4182,-10.1234,0.4842,0.0,True,ok
data\interim\segmented\stuttering\sZwq9VaEtAk_seg_009.wav,sZwq9VaEtAk_seg_009.wav,sZwq9VaEtAk,True,16000,1,3.0,-24.4355,-9.1064,0.2448,0.0,True,ok
data\interim\segmented\stuttering\sZwq9VaEtAk_seg_010.wav,sZwq9VaEtAk_seg_010.wav,sZwq9VaEtAk,True,16000,1,3.0,-30.5884,-11.9862,0.4863,0.0,True,ok
data\interim\segmented\stuttering\sZwq9VaEtAk_seg_011.wav,sZwq9VaEtAk_seg_011.wav,sZwq9VaEtAk,True,16000,1,3.0,-26.3187,-10.3099,0.4692,0.0,True,ok
data\interim\segmented\stuttering\sZwq9VaEtAk_seg_012.wav,sZwq9VaEtAk_seg_012.wav,sZwq9VaEtAk,True,16000,1,3.0,-26.1576,-9.1724,0.3246,0.0,True,ok
data\interim\segmented\stuttering\sZwq9VaEtAk_seg_013.wav,sZwq9VaEtAk_seg_013.wav,sZwq9VaEtAk,True,16000,1,3.0,-28.0732,-10.877,0.2739,0.0,True,ok
data\interim\segmented\stuttering\sZwq9VaEtAk_seg_014.wav,sZwq9VaEtAk_seg_014.wav,sZwq9VaEtAk,True,16000,1,3.0,-25.1742,-9.9876,0.4746,0.0,True,ok
data\interim\segmented\stuttering\sZwq9VaEtAk_seg_015.wav,sZwq9VaEtAk_seg_015.wav,sZwq9VaEtAk,True,16000,1,3.0,-26.0293,-10.2243,0.2751,0.0,True,ok
data\interim\segmented\stuttering\sZwq9VaEtAk_seg_016.wav,sZwq9VaEtAk_seg_016.wav,sZwq9VaEtAk,True,16000,1,3.0,-28.8978,-10.6275,0.4876,0.0,True,ok
data\interim\segmented\stuttering\sZwq9VaEtAk_seg_017.wav,sZwq9VaEtAk_seg_017.wav,sZwq9VaEtAk,True,16000,1,3.0,-24.7075,-10.1115,0.2058,0.0,True,ok
data\interim\segmented\stuttering\sZwq9VaEtAk_seg_018.wav,sZwq9VaEtAk_seg_018.wav,sZwq9VaEtAk,True,16000,1,3.0,-26.9077,-10.9749,0.3441,0.0,True,ok
data\interim\segmented\stuttering\sZwq9VaEtAk_seg_019.wav,sZwq9VaEtAk_seg_019.wav,sZwq9VaEtAk,True,16000,1,3.0,-26.1571,-9.4843,0.4145,0.0,True,ok
data\interim\segmented\stuttering\sZwq9VaEtAk_seg_020.wav,sZwq9VaEtAk_seg_020.wav,sZwq9VaEtAk,True,16000,1,3.0,-27.8369,-10.2054,0.4745,0.0,True,ok
data\interim\segmented\stuttering\sZwq9VaEtAk_seg_021.wav,sZwq9VaEtAk_seg_021.wav,sZwq9VaEtAk,True,16000,1,3.0,-28.673,-12.5939,0.3028,0.0,True,ok
data\interim\segmented\stuttering\sZwq9VaEtAk_seg_022.wav,sZwq9VaEtAk_seg_022.wav,sZwq9VaEtAk,True,16000,1,3.0,-28.9541,-11.5647,0.6226,0.0,True,ok
data\interim\segmented\stuttering\sZwq9VaEtAk_seg_023.wav,sZwq9VaEtAk_seg_023.wav,sZwq9VaEtAk,True,16000,1,3.0,-25.409,-10.42,0.3097,0.0,True,ok
data\interim\segmented\stuttering\sZwq9VaEtAk_seg_024.wav,sZwq9VaEtAk_seg_024.wav,sZwq9VaEtAk,True,16000,1,3.0,-31.5261,-12.711,0.6276,0.0,True,ok
data\interim\segmented\stuttering\sZwq9VaEtAk_seg_025.wav,sZwq9VaEtAk_seg_025.wav,sZwq9VaEtAk,True,16000,1,3.0,-29.0828,-8.3216,0.6531,0.0,True,ok
data\interim\segmented\stuttering\sZwq9VaEtAk_seg_026.wav,sZwq9VaEtAk_seg_026.wav,sZwq9VaEtAk,True,16000,1,3.0,-25.4365,-8.8625,0.1947,0.0,True,ok
data\interim\segmented\stuttering\sZwq9VaEtAk_seg_027.wav,sZwq9VaEtAk_seg_027.wav,sZwq9VaEtAk,True,16000,1,3.0,-26.8771,-10.8881,0.3356,0.0,True,ok
data\interim\segmented\stuttering\sZwq9VaEtAk_seg_028.wav,sZwq9VaEtAk_seg_028.wav,sZwq9VaEtAk,True,16000,1,3.0,-25.8465,-9.5263,0.4342,0.0,True,ok
data\interim\segmented\stuttering\sZwq9VaEtAk_seg_029.wav,sZwq9VaEtAk_seg_029.wav,sZwq9VaEtAk,True,16000,1,3.0,-25.1036,-9.7311,0.3146,0.0,True,ok
data\interim\segmented\stuttering\sZwq9VaEtAk_seg_030.wav,sZwq9VaEtAk_seg_030.wav,sZwq9VaEtAk,True,16000,1,3.0,-26.7104,-9.9175,0.4072,0.0,True,ok
data\interim\segmented\stuttering\sZwq9VaEtAk_seg_031.wav,sZwq9VaEtAk_seg_031.wav,sZwq9VaEtAk,True,16000,1,3.0,-25.5307,-10.9506,0.3521,0.0,True,ok
data\interim\segmented\stuttering\sZwq9VaEtAk_seg_032.wav,sZwq9VaEtAk_seg_032.wav,sZwq9VaEtAk,True,16000,1,3.0,-26.2088,-9.975,0.4696,0.0,True,ok
data\interim\segmented\stuttering\sZwq9VaEtAk_seg_033.wav,sZwq9VaEtAk_seg_033.wav,sZwq9VaEtAk,True,16000,1,3.0,-26.0876,-7.3902,0.4524,0.0,True,ok
data\interim\segmented\stuttering\sZwq9VaEtAk_seg_034.wav,sZwq9VaEtAk_seg_034.wav,sZwq9VaEtAk,True,16000,1,3.0,-28.8321,-13.2802,0.3749,0.0,True,ok
data\interim\segmented\stuttering\sZwq9VaEtAk_seg_035.wav,sZwq9VaEtAk_seg_035.wav,sZwq9VaEtAk,True,16000,1,3.0,-27.4874,-10.1038,0.3899,0.0,True,ok
data\interim\segmented\stuttering\sZwq9VaEtAk_seg_036.wav,sZwq9VaEtAk_seg_036.wav,sZwq9VaEtAk,True,16000,1,3.0,-27.9314,-10.9749,0.5082,0.0,True,ok
data\interim\segmented\stuttering\sZwq9VaEtAk_seg_037.wav,sZwq9VaEtAk_seg_037.wav,sZwq9VaEtAk,True,16000,1,3.0,-27.8871,-10.7481,0.451,0.0,True,ok
data\interim\segmented\stuttering\sZwq9VaEtAk_seg_038.wav,sZwq9VaEtAk_seg_038.wav,sZwq9VaEtAk,True,16000,1,3.0,-27.9802,-10.596,0.4629,0.0,True,ok
data\interim\segmented\stuttering\sZwq9VaEtAk_seg_039.wav,sZwq9VaEtAk_seg_039.wav,sZwq9VaEtAk,True,16000,1,3.0,-23.5127,-8.235,0.3716,0.0,True,ok
data\interim\segmented\stuttering\sZwq9VaEtAk_seg_040.wav,sZwq9VaEtAk_seg_040.wav,sZwq9VaEtAk,True,16000,1,3.0,-26.0407,-8.3437,0.3807,0.0,True,ok
data\interim\segmented\stuttering\sZwq9VaEtAk_seg_041.wav,sZwq9VaEtAk_seg_041.wav,sZwq9VaEtAk,True,16000,1,3.0,-25.8166,-9.419,0.398,0.0,True,ok
data\interim\segmented\stuttering\sZwq9VaEtAk_seg_042.wav,sZwq9VaEtAk_seg_042.wav,sZwq9VaEtAk,True,16000,1,3.0,-27.4269,-9.3107,0.434,0.0,True,ok
data\interim\segmented\stuttering\sZwq9VaEtAk_seg_043.wav,sZwq9VaEtAk_seg_043.wav,sZwq9VaEtAk,True,16000,1,3.0,-25.3355,-9.2129,0.4011,0.0,True,ok
data\interim\segmented\stuttering\sZwq9VaEtAk_seg_044.wav,sZwq9VaEtAk_seg_044.wav,sZwq9VaEtAk,True,16000,1,3.0,-27.0526,-11.4332,0.4162,0.0,True,ok
data\interim\segmented\stuttering\sZwq9VaEtAk_seg_045.wav,sZwq9VaEtAk_seg_045.wav,sZwq9VaEtAk,True,16000,1,3.0,-25.661,-10.19,0.3589,0.0,True,ok
data\interim\segmented\stuttering\sZwq9VaEtAk_seg_046.wav,sZwq9VaEtAk_seg_046.wav,sZwq9VaEtAk,True,16000,1,3.0,-27.4737,-8.0201,0.6259,0.0,True,ok
data\interim\segmented\stuttering\sZwq9VaEtAk_seg_047.wav,sZwq9VaEtAk_seg_047.wav,sZwq9VaEtAk,True,16000,1,3.0,-27.9978,-9.9742,0.4623,0.0,True,ok
data\interim\segmented\stuttering\sZwq9VaEtAk_seg_048.wav,sZwq9VaEtAk_seg_048.wav,sZwq9VaEtAk,True,16000,1,3.0,-24.5861,-11.038,0.2342,0.0,True,ok
data\interim\segmented\stuttering\sZwq9VaEtAk_seg_049.wav,sZwq9VaEtAk_seg_049.wav,sZwq9VaEtAk,True,16000,1,3.0,-28.7769,-11.154,0.4206,0.0,True,ok
data\interim\segmented\stuttering\sZwq9VaEtAk_seg_050.wav,sZwq9VaEtAk_seg_050.wav,sZwq9VaEtAk,True,16000,1,3.0,-27.4879,-11.8982,0.2362,0.0,True,ok
data\interim\segmented\stuttering\sZwq9VaEtAk_seg_051.wav,sZwq9VaEtAk_seg_051.wav,sZwq9VaEtAk,True,16000,1,3.0,-29.8426,-10.4889,0.47,0.0,True,ok
data\interim\segmented\stuttering\sZwq9VaEtAk_seg_052.wav,sZwq9VaEtAk_seg_052.wav,sZwq9VaEtAk,True,16000,1,3.0,-26.9911,-11.4441,0.3112,0.0,True,ok
data\interim\segmented\stuttering\sZwq9VaEtAk_seg_053.wav,sZwq9VaEtAk_seg_053.wav,sZwq9VaEtAk,True,16000,1,3.0,-30.8157,-12.5162,0.6105,0.0,True,ok
data\interim\segmented\stuttering\sZwq9VaEtAk_seg_054.wav,sZwq9VaEtAk_seg_054.wav,sZwq9VaEtAk,True,16000,1,3.0,-27.3935,-9.8333,0.4517,0.0,True,ok
data\interim\segmented\stuttering\sZwq9VaEtAk_seg_055.wav,sZwq9VaEtAk_seg_055.wav,sZwq9VaEtAk,True,16000,1,3.0,-26.3788,-9.9342,0.4628,0.0,True,ok
data\interim\segmented\stuttering\sZwq9VaEtAk_seg_056.wav,sZwq9VaEtAk_seg_056.wav,sZwq9VaEtAk,True,16000,1,3.0,-28.7904,-10.4042,0.5003,0.0,True,ok
data\interim\segmented\stuttering\sZwq9VaEtAk_seg_057.wav,sZwq9VaEtAk_seg_057.wav,sZwq9VaEtAk,True,16000,1,3.0,-25.524,-9.3744,0.6474,0.0,True,ok
data\interim\segmented\stuttering\sZwq9VaEtAk_seg_058.wav,sZwq9VaEtAk_seg_058.wav,sZwq9VaEtAk,True,16000,1,3.0,-26.6509,-8.4406,0.7836,0.0,True,ok
data\interim\segmented\stuttering\sZwq9VaEtAk_seg_059.wav,sZwq9VaEtAk_seg_059.wav,sZwq9VaEtAk,True,16000,1,3.0,-26.5752,-8.1384,0.506,0.0,True,ok
data\interim\segmented\stuttering\sZwq9VaEtAk_seg_060.wav,sZwq9VaEtAk_seg_060.wav,sZwq9VaEtAk,True,16000,1,3.0,-26.6136,-8.077,0.4849,0.0,True,ok
data\interim\segmented\stuttering\sZwq9VaEtAk_seg_061.wav,sZwq9VaEtAk_seg_061.wav,sZwq9VaEtAk,True,16000,1,3.0,-27.1935,-10.8891,0.3502,0.0,True,ok
data\interim\segmented\stuttering\sZwq9VaEtAk_seg_062.wav,sZwq9VaEtAk_seg_062.wav,sZwq9VaEtAk,True,16000,1,3.0,-28.2373,-9.8993,0.6026,0.0,True,ok
data\interim\segmented\stuttering\sZwq9VaEtAk_seg_063.wav,sZwq9VaEtAk_seg_063.wav,sZwq9VaEtAk,True,16000,1,3.0,-26.3417,-9.18,0.6267,0.0,True,ok
data\interim\segmented\stuttering\sZwq9VaEtAk_seg_064.wav,sZwq9VaEtAk_seg_064.wav,sZwq9VaEtAk,True,16000,1,3.0,-26.3248,-9.269,0.449,0.0,True,ok
data\interim\segmented\stuttering\sZwq9VaEtAk_seg_065.wav,sZwq9VaEtAk_seg_065.wav,sZwq9VaEtAk,True,16000,1,3.0,-25.3913,-6.8319,0.54,0.0,True,ok
data\interim\segmented\stuttering\sZwq9VaEtAk_seg_066.wav,sZwq9VaEtAk_seg_066.wav,sZwq9VaEtAk,True,16000,1,3.0,-55.1002,-29.3169,0.9875,0.0,False,too_quiet:-55.1dBFS;mostly_silence:0.99
data\interim\segmented\stuttering\sZwq9VaEtAk_seg_067.wav,sZwq9VaEtAk_seg_067.wav,sZwq9VaEtAk,True,16000,1,3.0,-25.8141,-6.7947,0.3782,0.0,True,ok
data\interim\segmented\stuttering\sZwq9VaEtAk_seg_068.wav,sZwq9VaEtAk_seg_068.wav,sZwq9VaEtAk,True,16000,1,3.0,-25.7001,-9.1602,0.3518,0.0,True,ok
data\interim\segmented\stuttering\sZwq9VaEtAk_seg_069.wav,sZwq9VaEtAk_seg_069.wav,sZwq9VaEtAk,True,16000,1,3.0,-27.8915,-10.8742,0.596,0.0,True,ok
data\interim\segmented\stuttering\sZwq9VaEtAk_seg_070.wav,sZwq9VaEtAk_seg_070.wav,sZwq9VaEtAk,True,16000,1,3.0,-29.6994,-7.8877,0.6362,0.0,True,ok
data\interim\segmented\stuttering\sZwq9VaEtAk_seg_071.wav,sZwq9VaEtAk_seg_071.wav,sZwq9VaEtAk,True,16000,1,3.0,-24.2942,-6.885,0.3579,0.0,True,ok
data\interim\segmented\stuttering\sZwq9VaEtAk_seg_072.wav,sZwq9VaEtAk_seg_072.wav,sZwq9VaEtAk,True,16000,1,3.0,-24.0268,-8.414,0.376,0.0,True,ok
data\interim\segmented\stuttering\sZwq9VaEtAk_seg_073.wav,sZwq9VaEtAk_seg_073.wav,sZwq9VaEtAk,True,16000,1,3.0,-26.3451,-8.978,0.53,0.0,True,ok
data\interim\segmented\stuttering\sZwq9VaEtAk_seg_074.wav,sZwq9VaEtAk_seg_074.wav,sZwq9VaEtAk,True,16000,1,3.0,-25.5888,-6.9155,0.3301,0.0,True,ok
data\interim\segmented\stuttering\sZwq9VaEtAk_seg_075.wav,sZwq9VaEtAk_seg_075.wav,sZwq9VaEtAk,True,16000,1,3.0,-25.0909,-8.9676,0.4834,0.0,True,ok
data\interim\segmented\stuttering\sZwq9VaEtAk_seg_076.wav,sZwq9VaEtAk_seg_076.wav,sZwq9VaEtAk,True,16000,1,3.0,-27.3079,-10.7445,0.5539,0.0,True,ok
data\interim\segmented\stuttering\sZwq9VaEtAk_seg_077.wav,sZwq9VaEtAk_seg_077.wav,sZwq9VaEtAk,True,16000,1,3.0,-25.5313,-8.9706,0.4168,0.0,True,ok
data\interim\segmented\stuttering\sZwq9VaEtAk_seg_078.wav,sZwq9VaEtAk_seg_078.wav,sZwq9VaEtAk,True,16000,1,3.0,-25.9109,-8.1235,0.5715,0.0,True,ok
data\interim\segmented\stuttering\sZwq9VaEtAk_seg_079.wav,sZwq9VaEtAk_seg_079.wav,sZwq9VaEtAk,True,16000,1,3.0,-27.9826,-11.7401,0.5442,0.0,True,ok
data\interim\segmented\stuttering\sZwq9VaEtAk_seg_080.wav,sZwq9VaEtAk_seg_080.wav,sZwq9VaEtAk,True,16000,1,3.0,-24.7985,-9.3697,0.5984,0.0,True,ok
data\interim\segmented\stuttering\sZwq9VaEtAk_seg_081.wav,sZwq9VaEtAk_seg_081.wav,sZwq9VaEtAk,True,16000,1,3.0,-24.3867,-9.0513,0.1918,0.0,True,ok
data\interim\segmented\stuttering\sZwq9VaEtAk_seg_082.wav,sZwq9VaEtAk_seg_082.wav,sZwq9VaEtAk,True,16000,1,3.0,-25.7395,-7.374,0.3507,0.0,True,ok
data\interim\segmented\stuttering\sZwq9VaEtAk_seg_083.wav,sZwq9VaEtAk_seg_083.wav,sZwq9VaEtAk,True,16000,1,3.0,-25.7701,-8.5797,0.2886,0.0,True,ok
data\interim\segmented\stuttering\sZwq9VaEtAk_seg_084.wav,sZwq9VaEtAk_seg_084.wav,sZwq9VaEtAk,True,16000,1,3.0,-26.2479,-9.0762,0.2205,0.0,True,ok
data\interim\segmented\stuttering\sZwq9VaEtAk_seg_085.wav,sZwq9VaEtAk_seg_085.wav,sZwq9VaEtAk,True,16000,1,3.0,-25.1976,-7.9212,0.4323,0.0,True,ok
data\interim\segmented\stuttering\sZwq9VaEtAk_seg_086.wav,sZwq9VaEtAk_seg_086.wav,sZwq9VaEtAk,True,16000,1,3.0,-26.8089,-10.1234,0.46,0.0,True,ok
data\interim\segmented\stuttering\sZwq9VaEtAk_seg_087.wav,sZwq9VaEtAk_seg_087.wav,sZwq9VaEtAk,True,16000,1,3.0,-24.2234,-7.1968,0.2093,0.0,True,ok
data\interim\segmented\stuttering\sZwq9VaEtAk_seg_088.wav,sZwq9VaEtAk_seg_088.wav,sZwq9VaEtAk,True,16000,1,3.0,-25.0303,-8.7333,0.4861,0.0,True,ok
data\interim\segmented\stuttering\sZwq9VaEtAk_seg_089.wav,sZwq9VaEtAk_seg_089.wav,sZwq9VaEtAk,True,16000,1,3.0,-26.6092,-7.9146,0.2761,0.0,True,ok
data\interim\segmented\stuttering\sZwq9VaEtAk_seg_090.wav,sZwq9VaEtAk_seg_090.wav,sZwq9VaEtAk,True,16000,1,3.0,-26.1124,-9.4119,0.3841,0.0,True,ok
data\interim\segmented\stuttering\sZwq9VaEtAk_seg_091.wav,sZwq9VaEtAk_seg_091.wav,sZwq9VaEtAk,True,16000,1,3.0,-27.516,-11.4917,0.463,0.0,True,ok
data\interim\segmented\stuttering\sZwq9VaEtAk_seg_092.wav,sZwq9VaEtAk_seg_092.wav,sZwq9VaEtAk,True,16000,1,3.0,-25.6849,-8.5761,0.5247,0.0,True,ok
data\interim\segmented\stuttering\sZwq9VaEtAk_seg_093.wav,sZwq9VaEtAk_seg_093.wav,sZwq9VaEtAk,True,16000,1,3.0,-24.8752,-10.0329,0.3356,0.0,True,ok
data\interim\segmented\stuttering\sZwq9VaEtAk_seg_094.wav,sZwq9VaEtAk_seg_094.wav,sZwq9VaEtAk,True,16000,1,3.0,-26.4137,-8.987,0.4796,0.0,True,ok
data\interim\segmented\stuttering\sZwq9VaEtAk_seg_095.wav,sZwq9VaEtAk_seg_095.wav,sZwq9VaEtAk,True,16000,1,3.0,-25.1051,-8.9097,0.464,0.0,True,ok
data\interim\segmented\stuttering\sZwq9VaEtAk_seg_096.wav,sZwq9VaEtAk_seg_096.wav,sZwq9VaEtAk,True,16000,1,3.0,-24.0211,-9.6518,0.1951,0.0,True,ok
data\interim\segmented\stuttering\sZwq9VaEtAk_seg_097.wav,sZwq9VaEtAk_seg_097.wav,sZwq9VaEtAk,True,16000,1,3.0,-24.0186,-8.0074,0.3202,0.0,True,ok
data\interim\segmented\stuttering\sZwq9VaEtAk_seg_098.wav,sZwq9VaEtAk_seg_098.wav,sZwq9VaEtAk,True,16000,1,3.0,-26.9952,-9.4638,0.3525,0.0,True,ok
data\interim\segmented\stuttering\sZwq9VaEtAk_seg_099.wav,sZwq9VaEtAk_seg_099.wav,sZwq9VaEtAk,True,16000,1,3.0,-30.1986,-9.3022,0.7912,0.0,True,ok
data\interim\segmented\stuttering\sZwq9VaEtAk_seg_100.wav,sZwq9VaEtAk_seg_100.wav,sZwq9VaEtAk,True,16000,1,3.0,-26.1358,-7.5221,0.708,0.0,True,ok
data\interim\segmented\stuttering\sZwq9VaEtAk_seg_101.wav,sZwq9VaEtAk_seg_101.wav,sZwq9VaEtAk,True,16000,1,3.0,-23.7406,-9.3355,0.3882,0.0,True,ok
data\interim\segmented\stuttering\sZwq9VaEtAk_seg_102.wav,sZwq9VaEtAk_seg_102.wav,sZwq9VaEtAk,True,16000,1,3.0,-24.5427,-9.8242,0.3686,0.0,True,ok
data\interim\segmented\stuttering\sZwq9VaEtAk_seg_103.wav,sZwq9VaEtAk_seg_103.wav,sZwq9VaEtAk,True,16000,1,3.0,-28.1411,-9.0807,0.6772,0.0,True,ok
data\interim\segmented\stuttering\sZwq9VaEtAk_seg_104.wav,sZwq9VaEtAk_seg_104.wav,sZwq9VaEtAk,True,16000,1,3.0,-28.5144,-9.2883,0.7586,0.0,True,ok
data\interim\segmented\stuttering\sZwq9VaEtAk_seg_105.wav,sZwq9VaEtAk_seg_105.wav,sZwq9VaEtAk,True,16000,1,3.0,-23.7318,-8.7675,0.2855,0.0,True,ok
data\interim\segmented\stuttering\sZwq9VaEtAk_seg_106.wav,sZwq9VaEtAk_seg_106.wav,sZwq9VaEtAk,True,16000,1,3.0,-24.3718,-8.8913,0.3072,0.0,True,ok
data\interim\segmented\stuttering\sZwq9VaEtAk_seg_107.wav,sZwq9VaEtAk_seg_107.wav,sZwq9VaEtAk,True,16000,1,3.0,-26.773,-9.7645,0.4771,0.0,True,ok
data\interim\segmented\stuttering\sZwq9VaEtAk_seg_108.wav,sZwq9VaEtAk_seg_108.wav,sZwq9VaEtAk,True,16000,1,3.0,-23.6913,-9.3971,0.522,0.0,True,ok
data\interim\segmented\stuttering\sZwq9VaEtAk_seg_109.wav,sZwq9VaEtAk_seg_109.wav,sZwq9VaEtAk,True,16000,1,3.0,-25.1662,-10.7408,0.3349,0.0,True,ok
data\interim\segmented\stuttering\sZwq9VaEtAk_seg_110.wav,sZwq9VaEtAk_seg_110.wav,sZwq9VaEtAk,True,16000,1,3.0,-23.8142,-8.6511,0.3299,0.0,True,ok
data\interim\segmented\stuttering\sZwq9VaEtAk_seg_111.wav,sZwq9VaEtAk_seg_111.wav,sZwq9VaEtAk,True,16000,1,3.0,-26.9325,-9.3666,0.5304,0.0,True,ok
data\interim\segmented\stuttering\sZwq9VaEtAk_seg_112.wav,sZwq9VaEtAk_seg_112.wav,sZwq9VaEtAk,True,16000,1,3.0,-22.4008,-8.1093,0.2325,0.0,True,ok
data\interim\segmented\stuttering\sZwq9VaEtAk_seg_113.wav,sZwq9VaEtAk_seg_113.wav,sZwq9VaEtAk,True,16000,1,3.0,-24.2335,-10.2761,0.2481,0.0,True,ok
data\interim\segmented\stuttering\sZwq9VaEtAk_seg_114.wav,sZwq9VaEtAk_seg_114.wav,sZwq9VaEtAk,True,16000,1,3.0,-22.7657,-8.2193,0.2873,0.0,True,ok
data\interim\segmented\stuttering\sZwq9VaEtAk_seg_115.wav,sZwq9VaEtAk_seg_115.wav,sZwq9VaEtAk,True,16000,1,3.0,-25.6864,-8.9082,0.2115,0.0,True,ok
data\interim\segmented\stuttering\sZwq9VaEtAk_seg_116.wav,sZwq9VaEtAk_seg_116.wav,sZwq9VaEtAk,True,16000,1,3.0,-26.5848,-10.5789,0.4758,0.0,True,ok
data\interim\segmented\stuttering\sZwq9VaEtAk_seg_117.wav,sZwq9VaEtAk_seg_117.wav,sZwq9VaEtAk,True,16000,1,3.0,-27.9178,-8.7304,0.6525,0.0,True,ok
data\interim\segmented\stuttering\sZwq9VaEtAk_seg_118.wav,sZwq9VaEtAk_seg_118.wav,sZwq9VaEtAk,True,16000,1,3.0,-25.1191,-8.0824,0.4114,0.0,True,ok
data\interim\segmented\stuttering\sZwq9VaEtAk_seg_119.wav,sZwq9VaEtAk_seg_119.wav,sZwq9VaEtAk,True,16000,1,3.0,-25.2321,-8.984,0.5671,0.0,True,ok
data\interim\segmented\stuttering\sZwq9VaEtAk_seg_120.wav,sZwq9VaEtAk_seg_120.wav,sZwq9VaEtAk,True,16000,1,3.0,-27.6119,-10.356,0.4653,0.0,True,ok
data\interim\segmented\stuttering\sZwq9VaEtAk_seg_121.wav,sZwq9VaEtAk_seg_121.wav,sZwq9VaEtAk,True,16000,1,3.0,-26.4423,-8.8171,0.4993,0.0,True,ok
data\interim\segmented\stuttering\sZwq9VaEtAk_seg_122.wav,sZwq9VaEtAk_seg_122.wav,sZwq9VaEtAk,True,16000,1,3.0,-26.2454,-9.2344,0.2685,0.0,True,ok
data\interim\segmented\stuttering\sZwq9VaEtAk_seg_123.wav,sZwq9VaEtAk_seg_123.wav,sZwq9VaEtAk,True,16000,1,3.0,-26.7009,-6.8069,0.6277,0.0,True,ok
data\interim\segmented\stuttering\sZwq9VaEtAk_seg_124.wav,sZwq9VaEtAk_seg_124.wav,sZwq9VaEtAk,True,16000,1,3.0,-24.7057,-7.9008,0.2668,0.0,True,ok
data\interim\segmented\stuttering\sZwq9VaEtAk_seg_125.wav,sZwq9VaEtAk_seg_125.wav,sZwq9VaEtAk,True,16000,1,3.0,-24.8819,-8.3037,0.3832,0.0,True,ok
data\interim\segmented\stuttering\sZwq9VaEtAk_seg_126.wav,sZwq9VaEtAk_seg_126.wav,sZwq9VaEtAk,True,16000,1,3.0,-23.7209,-8.4406,0.3354,0.0,True,ok
data\interim\segmented\stuttering\sZwq9VaEtAk_seg_127.wav,sZwq9VaEtAk_seg_127.wav,sZwq9VaEtAk,True,16000,1,3.0,-24.0592,-9.9275,0.4156,0.0,True,ok
data\interim\segmented\stuttering\sZwq9VaEtAk_seg_128.wav,sZwq9VaEtAk_seg_128.wav,sZwq9VaEtAk,True,16000,1,3.0,-24.1049,-9.239,0.481,0.0,True,ok
data\interim\segmented\stuttering\sZwq9VaEtAk_seg_129.wav,sZwq9VaEtAk_seg_129.wav,sZwq9VaEtAk,True,16000,1,3.0,-25.6535,-9.1816,0.3281,0.0,True,ok
data\interim\segmented\stuttering\sZwq9VaEtAk_seg_130.wav,sZwq9VaEtAk_seg_130.wav,sZwq9VaEtAk,True,16000,1,3.0,-23.1632,-7.5822,0.308,0.0,True,ok
data\interim\segmented\stuttering\sZwq9VaEtAk_seg_131.wav,sZwq9VaEtAk_seg_131.wav,sZwq9VaEtAk,True,16000,1,3.0,-22.8793,-8.6447,0.1942,0.0,True,ok
data\interim\segmented\stuttering\sZwq9VaEtAk_seg_132.wav,sZwq9VaEtAk_seg_132.wav,sZwq9VaEtAk,True,16000,1,3.0,-24.3932,-8.359,0.2902,0.0,True,ok
data\interim\segmented\stuttering\sZwq9VaEtAk_seg_133.wav,sZwq9VaEtAk_seg_133.wav,sZwq9VaEtAk,True,16000,1,3.0,-26.8008,-9.8695,0.4619,0.0,True,ok
data\interim\segmented\stuttering\sZwq9VaEtAk_seg_134.wav,sZwq9VaEtAk_seg_134.wav,sZwq9VaEtAk,True,16000,1,3.0,-24.2303,-8.0649,0.4205,0.0,True,ok
data\interim\segmented\stuttering\sZwq9VaEtAk_seg_135.wav,sZwq9VaEtAk_seg_135.wav,sZwq9VaEtAk,True,16000,1,3.0,-28.122,-9.2883,0.4567,0.0,True,ok
data\interim\segmented\stuttering\sZwq9VaEtAk_seg_136.wav,sZwq9VaEtAk_seg_136.wav,sZwq9VaEtAk,True,16000,1,3.0,-25.546,-9.7408,0.4032,0.0,True,ok
data\interim\segmented\stuttering\sZwq9VaEtAk_seg_137.wav,sZwq9VaEtAk_seg_137.wav,sZwq9VaEtAk,True,16000,1,3.0,-25.7261,-8.0676,0.5922,0.0,True,ok
data\interim\segmented\stuttering\sZwq9VaEtAk_seg_138.wav,sZwq9VaEtAk_seg_138.wav,sZwq9VaEtAk,True,16000,1,3.0,-23.656,-9.1686,0.329,0.0,True,ok
data\interim\segmented\stuttering\sZwq9VaEtAk_seg_139.wav,sZwq9VaEtAk_seg_139.wav,sZwq9VaEtAk,True,16000,1,3.0,-25.0798,-8.9016,0.5748,0.0,True,ok
data\interim\segmented\stuttering\sZwq9VaEtAk_seg_140.wav,sZwq9VaEtAk_seg_140.wav,sZwq9VaEtAk,True,16000,1,3.0,-23.7641,-7.6798,0.225,0.0,True,ok
data\interim\segmented\stuttering\sZwq9VaEtAk_seg_141.wav,sZwq9VaEtAk_seg_141.wav,sZwq9VaEtAk,True,16000,1,3.0,-25.4457,-7.721,0.4329,0.0,True,ok
data\interim\segmented\stuttering\sZwq9VaEtAk_seg_142.wav,sZwq9VaEtAk_seg_142.wav,sZwq9VaEtAk,True,16000,1,3.0,-23.9244,-8.5449,0.2749,0.0,True,ok
data\interim\segmented\stuttering\sZwq9VaEtAk_seg_143.wav,sZwq9VaEtAk_seg_143.wav,sZwq9VaEtAk,True,16000,1,3.0,-25.0561,-6.7999,0.6525,0.0,True,ok
data\interim\segmented\stuttering\sZwq9VaEtAk_seg_144.wav,sZwq9VaEtAk_seg_144.wav,sZwq9VaEtAk,True,16000,1,3.0,-23.0467,-7.0918,0.2359,0.0,True,ok
data\interim\segmented\stuttering\sZwq9VaEtAk_seg_145.wav,sZwq9VaEtAk_seg_145.wav,sZwq9VaEtAk,True,16000,1,3.0,-23.1509,-7.6331,0.2677,0.0,True,ok
data\interim\segmented\stuttering\sZwq9VaEtAk_seg_146.wav,sZwq9VaEtAk_seg_146.wav,sZwq9VaEtAk,True,16000,1,3.0,-29.8478,-9.5637,0.6969,0.0,True,ok
data\interim\segmented\stuttering\sZwq9VaEtAk_seg_147.wav,sZwq9VaEtAk_seg_147.wav,sZwq9VaEtAk,True,16000,1,3.0,-24.3847,-8.5605,0.4913,0.0,True,ok
data\interim\segmented\stuttering\sZwq9VaEtAk_seg_148.wav,sZwq9VaEtAk_seg_148.wav,sZwq9VaEtAk,True,16000,1,3.0,-23.1952,-6.9449,0.1807,0.0,True,ok
data\interim\segmented\stuttering\sZwq9VaEtAk_seg_149.wav,sZwq9VaEtAk_seg_149.wav,sZwq9VaEtAk,True,16000,1,2.103,-27.6031,-4.848,0.7799,0.0,True,ok
data\interim\segmented\stuttering\t8jvL4ZQkH0_seg_000.wav,t8jvL4ZQkH0_seg_000.wav,t8jvL4ZQkH0,True,16000,1,3.0,-31.7688,-12.2039,0.2914,0.0,True,ok
data\interim\segmented\stuttering\t8jvL4ZQkH0_seg_001.wav,t8jvL4ZQkH0_seg_001.wav,t8jvL4ZQkH0,True,16000,1,3.0,-35.1818,-19.9177,0.2851,0.0,True,ok
data\interim\segmented\stuttering\t8jvL4ZQkH0_seg_002.wav,t8jvL4ZQkH0_seg_002.wav,t8jvL4ZQkH0,True,16000,1,3.0,-34.3216,-14.0067,0.3184,0.0,True,ok
data\interim\segmented\stuttering\t8jvL4ZQkH0_seg_003.wav,t8jvL4ZQkH0_seg_003.wav,t8jvL4ZQkH0,True,16000,1,3.0,-33.0741,-13.5901,0.3372,0.0,True,ok
data\interim\segmented\stuttering\t8jvL4ZQkH0_seg_004.wav,t8jvL4ZQkH0_seg_004.wav,t8jvL4ZQkH0,True,16000,1,1.746,-35.5919,-15.8382,0.3053,0.0,True,ok
data\interim\segmented\stuttering\yXI6KMtociI_seg_000.wav,yXI6KMtociI_seg_000.wav,yXI6KMtociI,True,16000,1,3.0,-35.2314,-14.3277,0.6613,0.0,True,ok
data\interim\segmented\stuttering\yXI6KMtociI_seg_001.wav,yXI6KMtociI_seg_001.wav,yXI6KMtociI,True,16000,1,3.0,-37.2209,-19.9756,0.5992,0.0,True,ok
data\interim\segmented\stuttering\yXI6KMtociI_seg_002.wav,yXI6KMtociI_seg_002.wav,yXI6KMtociI,True,16000,1,3.0,-33.1659,-13.1178,0.4105,0.0,True,ok
data\interim\segmented\stuttering\yXI6KMtociI_seg_003.wav,yXI6KMtociI_seg_003.wav,yXI6KMtociI,True,16000,1,3.0,-32.6927,-10.2942,0.5683,0.0,True,ok
data\interim\segmented\stuttering\yXI6KMtociI_seg_004.wav,yXI6KMtociI_seg_004.wav,yXI6KMtociI,True,16000,1,3.0,-30.3045,-9.4355,0.7203,0.0,True,ok
data\interim\segmented\stuttering\yXI6KMtociI_seg_005.wav,yXI6KMtociI_seg_005.wav,yXI6KMtociI,True,16000,1,3.0,-27.2555,-9.161,0.4251,0.0,True,ok
data\interim\segmented\stuttering\yXI6KMtociI_seg_006.wav,yXI6KMtociI_seg_006.wav,yXI6KMtociI,True,16000,1,3.0,-26.8728,-10.7426,0.2384,0.0,True,ok
data\interim\segmented\stuttering\yXI6KMtociI_seg_007.wav,yXI6KMtociI_seg_007.wav,yXI6KMtociI,True,16000,1,3.0,-31.0469,-11.9253,0.4808,0.0,True,ok
data\interim\segmented\stuttering\yXI6KMtociI_seg_008.wav,yXI6KMtociI_seg_008.wav,yXI6KMtociI,True,16000,1,3.0,-28.3369,-12.7997,0.2176,0.0,True,ok
data\interim\segmented\stuttering\yXI6KMtociI_seg_009.wav,yXI6KMtociI_seg_009.wav,yXI6KMtociI,True,16000,1,3.0,-31.8955,-12.9868,0.4297,0.0,True,ok
data\interim\segmented\stuttering\yXI6KMtociI_seg_010.wav,yXI6KMtociI_seg_010.wav,yXI6KMtociI,True,16000,1,3.0,-30.5632,-12.4149,0.3411,0.0,True,ok
data\interim\segmented\stuttering\yXI6KMtociI_seg_011.wav,yXI6KMtociI_seg_011.wav,yXI6KMtociI,True,16000,1,3.0,-30.2492,-12.742,0.3302,0.0,True,ok
data\interim\segmented\stuttering\yXI6KMtociI_seg_012.wav,yXI6KMtociI_seg_012.wav,yXI6KMtociI,True,16000,1,3.0,-29.5764,-12.4894,0.2506,0.0,True,ok
data\interim\segmented\stuttering\yXI6KMtociI_seg_013.wav,yXI6KMtociI_seg_013.wav,yXI6KMtociI,True,16000,1,3.0,-29.7215,-10.8993,0.4004,0.0,True,ok
data\interim\segmented\stuttering\yXI6KMtociI_seg_014.wav,yXI6KMtociI_seg_014.wav,yXI6KMtociI,True,16000,1,3.0,-31.9656,-14.6552,0.37,0.0,True,ok
data\interim\segmented\stuttering\yXI6KMtociI_seg_015.wav,yXI6KMtociI_seg_015.wav,yXI6KMtociI,True,16000,1,3.0,-30.4514,-12.5882,0.3349,0.0,True,ok
data\interim\segmented\stuttering\yXI6KMtociI_seg_016.wav,yXI6KMtociI_seg_016.wav,yXI6KMtociI,True,16000,1,3.0,-30.9691,-12.0348,0.4431,0.0,True,ok
data\interim\segmented\stuttering\yXI6KMtociI_seg_017.wav,yXI6KMtociI_seg_017.wav,yXI6KMtociI,True,16000,1,3.0,-31.2038,-11.6312,0.5936,0.0,True,ok
data\interim\segmented\stuttering\yXI6KMtociI_seg_018.wav,yXI6KMtociI_seg_018.wav,yXI6KMtociI,True,16000,1,3.0,-29.2495,-12.0295,0.3434,0.0,True,ok
data\interim\segmented\stuttering\yXI6KMtociI_seg_019.wav,yXI6KMtociI_seg_019.wav,yXI6KMtociI,True,16000,1,3.0,-29.8401,-11.9337,0.3302,0.0,True,ok
data\interim\segmented\stuttering\yXI6KMtociI_seg_020.wav,yXI6KMtociI_seg_020.wav,yXI6KMtociI,True,16000,1,3.0,-32.4428,-13.6206,0.3565,0.0,True,ok
data\interim\segmented\stuttering\yXI6KMtociI_seg_021.wav,yXI6KMtociI_seg_021.wav,yXI6KMtociI,True,16000,1,3.0,-34.5169,-16.0459,0.2721,0.0,True,ok
data\interim\segmented\stuttering\yXI6KMtociI_seg_022.wav,yXI6KMtociI_seg_022.wav,yXI6KMtociI,True,16000,1,3.0,-28.9541,-12.0147,0.5117,0.0,True,ok
data\interim\segmented\stuttering\yXI6KMtociI_seg_023.wav,yXI6KMtociI_seg_023.wav,yXI6KMtociI,True,16000,1,3.0,-30.7678,-14.1394,0.3255,0.0,True,ok
data\interim\segmented\stuttering\yXI6KMtociI_seg_024.wav,yXI6KMtociI_seg_024.wav,yXI6KMtociI,True,16000,1,3.0,-29.6434,-13.4356,0.4038,0.0,True,ok
data\interim\segmented\stuttering\yXI6KMtociI_seg_025.wav,yXI6KMtociI_seg_025.wav,yXI6KMtociI,True,16000,1,3.0,-30.7739,-12.9349,0.4866,0.0,True,ok
data\interim\segmented\stuttering\yXI6KMtociI_seg_026.wav,yXI6KMtociI_seg_026.wav,yXI6KMtociI,True,16000,1,3.0,-31.5542,-13.3514,0.627,0.0,True,ok
data\interim\segmented\stuttering\yXI6KMtociI_seg_027.wav,yXI6KMtociI_seg_027.wav,yXI6KMtociI,True,16000,1,3.0,-30.7748,-11.454,0.3995,0.0,True,ok
data\interim\segmented\stuttering\yXI6KMtociI_seg_028.wav,yXI6KMtociI_seg_028.wav,yXI6KMtociI,True,16000,1,3.0,-32.2637,-13.0247,0.4308,0.0,True,ok
data\interim\segmented\stuttering\yXI6KMtociI_seg_029.wav,yXI6KMtociI_seg_029.wav,yXI6KMtociI,True,16000,1,3.0,-30.7575,-12.817,0.3185,0.0,True,ok
data\interim\segmented\stuttering\yXI6KMtociI_seg_030.wav,yXI6KMtociI_seg_030.wav,yXI6KMtociI,True,16000,1,3.0,-31.0082,-10.6059,0.38,0.0,True,ok
data\interim\segmented\stuttering\yXI6KMtociI_seg_031.wav,yXI6KMtociI_seg_031.wav,yXI6KMtociI,True,16000,1,3.0,-28.5643,-11.1722,0.3835,0.0,True,ok
data\interim\segmented\stuttering\yXI6KMtociI_seg_032.wav,yXI6KMtociI_seg_032.wav,yXI6KMtociI,True,16000,1,3.0,-30.5817,-12.7997,0.5623,0.0,True,ok
data\interim\segmented\stuttering\yXI6KMtociI_seg_033.wav,yXI6KMtociI_seg_033.wav,yXI6KMtociI,True,16000,1,3.0,-30.899,-10.5227,0.3882,0.0,True,ok
data\interim\segmented\stuttering\yXI6KMtociI_seg_034.wav,yXI6KMtociI_seg_034.wav,yXI6KMtociI,True,16000,1,3.0,-28.5744,-10.2579,0.564,0.0,True,ok
data\interim\segmented\stuttering\yXI6KMtociI_seg_035.wav,yXI6KMtociI_seg_035.wav,yXI6KMtociI,True,16000,1,3.0,-29.4367,-12.2995,0.4065,0.0,True,ok
data\interim\segmented\stuttering\yXI6KMtociI_seg_036.wav,yXI6KMtociI_seg_036.wav,yXI6KMtociI,True,16000,1,3.0,-30.8048,-12.4504,0.5679,0.0,True,ok
data\interim\segmented\stuttering\yXI6KMtociI_seg_037.wav,yXI6KMtociI_seg_037.wav,yXI6KMtociI,True,16000,1,3.0,-28.4299,-9.4276,0.5797,0.0,True,ok
data\interim\segmented\stuttering\yXI6KMtociI_seg_038.wav,yXI6KMtociI_seg_038.wav,yXI6KMtociI,True,16000,1,3.0,-34.4689,-14.2003,0.7005,0.0,True,ok
data\interim\segmented\stuttering\yXI6KMtociI_seg_039.wav,yXI6KMtociI_seg_039.wav,yXI6KMtociI,True,16000,1,3.0,-29.7962,-11.7986,0.3751,0.0,True,ok
data\interim\segmented\stuttering\yXI6KMtociI_seg_040.wav,yXI6KMtociI_seg_040.wav,yXI6KMtociI,True,16000,1,3.0,-30.2618,-8.5081,0.459,0.0,True,ok
data\interim\segmented\stuttering\yXI6KMtociI_seg_041.wav,yXI6KMtociI_seg_041.wav,yXI6KMtociI,True,16000,1,3.0,-28.3793,-8.6175,0.4251,0.0,True,ok
data\interim\segmented\stuttering\yXI6KMtociI_seg_042.wav,yXI6KMtociI_seg_042.wav,yXI6KMtociI,True,16000,1,3.0,-32.2238,-15.3483,0.3457,0.0,True,ok
data\interim\segmented\stuttering\yXI6KMtociI_seg_043.wav,yXI6KMtociI_seg_043.wav,yXI6KMtociI,True,16000,1,3.0,-28.1881,-9.594,0.5962,0.0,True,ok
data\interim\segmented\stuttering\yXI6KMtociI_seg_044.wav,yXI6KMtociI_seg_044.wav,yXI6KMtociI,True,16000,1,3.0,-29.1082,-11.4361,0.3007,0.0,True,ok
data\interim\segmented\stuttering\yXI6KMtociI_seg_045.wav,yXI6KMtociI_seg_045.wav,yXI6KMtociI,True,16000,1,3.0,-29.6713,-10.504,0.373,0.0,True,ok
data\interim\segmented\stuttering\yXI6KMtociI_seg_046.wav,yXI6KMtociI_seg_046.wav,yXI6KMtociI,True,16000,1,3.0,-34.3774,-14.2481,0.7441,0.0,True,ok
data\interim\segmented\stuttering\yXI6KMtociI_seg_047.wav,yXI6KMtociI_seg_047.wav,yXI6KMtociI,True,16000,1,3.0,-37.0611,-17.2641,0.2907,0.0,True,ok
data\interim\segmented\stuttering\ZezBWDaHm6g_seg_000.wav,ZezBWDaHm6g_seg_000.wav,ZezBWDaHm6g,True,16000,1,3.0,-38.1761,-16.6139,0.7148,0.0,True,ok
data\interim\segmented\stuttering\ZezBWDaHm6g_seg_001.wav,ZezBWDaHm6g_seg_001.wav,ZezBWDaHm6g,True,16000,1,3.0,-35.9847,-14.4963,0.6076,0.0,True,ok
data\interim\segmented\stuttering\ZezBWDaHm6g_seg_002.wav,ZezBWDaHm6g_seg_002.wav,ZezBWDaHm6g,True,16000,1,3.0,-34.4118,-13.6742,0.753,0.0,True,ok
data\interim\segmented\stuttering\ZezBWDaHm6g_seg_003.wav,ZezBWDaHm6g_seg_003.wav,ZezBWDaHm6g,True,16000,1,3.0,-41.2461,-22.9992,0.7954,0.0,True,ok
data\interim\segmented\stuttering\ZezBWDaHm6g_seg_004.wav,ZezBWDaHm6g_seg_004.wav,ZezBWDaHm6g,True,16000,1,3.0,-36.3361,-20.8393,0.3068,0.0,True,ok
data\interim\segmented\stuttering\ZezBWDaHm6g_seg_005.wav,ZezBWDaHm6g_seg_005.wav,ZezBWDaHm6g,True,16000,1,3.0,-40.8756,-17.2062,0.6298,0.0,True,ok
data\interim\segmented\stuttering\ZezBWDaHm6g_seg_006.wav,ZezBWDaHm6g_seg_006.wav,ZezBWDaHm6g,True,16000,1,3.0,-42.7483,-27.4863,0.6618,0.0,True,ok
data\interim\segmented\stuttering\ZezBWDaHm6g_seg_007.wav,ZezBWDaHm6g_seg_007.wav,ZezBWDaHm6g,True,16000,1,3.0,-38.2846,-19.3658,0.5948,0.0,True,ok
data\interim\segmented\stuttering\ZezBWDaHm6g_seg_008.wav,ZezBWDaHm6g_seg_008.wav,ZezBWDaHm6g,True,16000,1,3.0,-37.7671,-24.6838,0.6464,0.0,True,ok
data\interim\segmented\stuttering\ZezBWDaHm6g_seg_009.wav,ZezBWDaHm6g_seg_009.wav,ZezBWDaHm6g,True,16000,1,3.0,-35.0653,-22.3537,0.4216,0.0,True,ok
data\interim\segmented\stuttering\ZezBWDaHm6g_seg_010.wav,ZezBWDaHm6g_seg_010.wav,ZezBWDaHm6g,True,16000,1,3.0,-35.5819,-20.6116,0.4987,0.0,True,ok
data\interim\segmented\stuttering\ZezBWDaHm6g_seg_011.wav,ZezBWDaHm6g_seg_011.wav,ZezBWDaHm6g,True,16000,1,3.0,-37.9151,-26.391,0.5045,0.0,True,ok
data\interim\segmented\stuttering\ZezBWDaHm6g_seg_012.wav,ZezBWDaHm6g_seg_012.wav,ZezBWDaHm6g,True,16000,1,3.0,-40.6085,-27.2449,0.5623,0.0,True,ok
data\interim\segmented\stuttering\ZezBWDaHm6g_seg_013.wav,ZezBWDaHm6g_seg_013.wav,ZezBWDaHm6g,True,16000,1,3.0,-40.0017,-21.061,0.6634,0.0,True,ok
data\interim\segmented\stuttering\ZezBWDaHm6g_seg_014.wav,ZezBWDaHm6g_seg_014.wav,ZezBWDaHm6g,True,16000,1,2.945,-29.5464,-9.6623,0.2803,0.0,True,ok
data\interim\segmented\stuttering\ZwkIg76xzRE_seg_000.wav,ZwkIg76xzRE_seg_000.wav,ZwkIg76xzRE,True,16000,1,3.0,-29.0739,-10.4659,0.4927,0.0,True,ok
data\interim\segmented\stuttering\ZwkIg76xzRE_seg_001.wav,ZwkIg76xzRE_seg_001.wav,ZwkIg76xzRE,True,16000,1,3.0,-29.5716,-9.5581,0.362,0.0,True,ok
data\interim\segmented\stuttering\ZwkIg76xzRE_seg_002.wav,ZwkIg76xzRE_seg_002.wav,ZwkIg76xzRE,True,16000,1,3.0,-29.0355,-9.1268,0.2557,0.0,True,ok
data\interim\segmented\stuttering\ZwkIg76xzRE_seg_003.wav,ZwkIg76xzRE_seg_003.wav,ZwkIg76xzRE,True,16000,1,3.0,-31.7195,-11.9926,0.3865,0.0,True,ok
data\interim\segmented\stuttering\ZwkIg76xzRE_seg_004.wav,ZwkIg76xzRE_seg_004.wav,ZwkIg76xzRE,True,16000,1,3.0,-32.5933,-13.6767,0.428,0.0,True,ok
data\interim\segmented\stuttering\ZwkIg76xzRE_seg_005.wav,ZwkIg76xzRE_seg_005.wav,ZwkIg76xzRE,True,16000,1,3.0,-29.1131,-7.6818,0.3503,0.0,True,ok
data\interim\segmented\stuttering\ZwkIg76xzRE_seg_006.wav,ZwkIg76xzRE_seg_006.wav,ZwkIg76xzRE,True,16000,1,3.0,-32.3784,-12.9443,0.5104,0.0,True,ok
data\interim\segmented\stuttering\ZwkIg76xzRE_seg_007.wav,ZwkIg76xzRE_seg_007.wav,ZwkIg76xzRE,True,16000,1,3.0,-33.5111,-10.2916,0.4769,0.0,True,ok
data\interim\segmented\stuttering\ZwkIg76xzRE_seg_008.wav,ZwkIg76xzRE_seg_008.wav,ZwkIg76xzRE,True,16000,1,3.0,-31.5717,-9.7645,0.3351,0.0,True,ok
data\interim\segmented\stuttering\ZwkIg76xzRE_seg_009.wav,ZwkIg76xzRE_seg_009.wav,ZwkIg76xzRE,True,16000,1,3.0,-31.2583,-9.4536,0.2864,0.0,True,ok
data\interim\segmented\stuttering\ZwkIg76xzRE_seg_010.wav,ZwkIg76xzRE_seg_010.wav,ZwkIg76xzRE,True,16000,1,3.0,-31.8329,-13.1407,0.2908,0.0,True,ok
data\interim\segmented\stuttering\ZwkIg76xzRE_seg_011.wav,ZwkIg76xzRE_seg_011.wav,ZwkIg76xzRE,True,16000,1,3.0,-30.1401,-9.697,0.3633,0.0,True,ok
data\interim\segmented\stuttering\ZwkIg76xzRE_seg_012.wav,ZwkIg76xzRE_seg_012.wav,ZwkIg76xzRE,True,16000,1,3.0,-30.6522,-7.2596,0.3255,0.0,True,ok
data\interim\segmented\stuttering\ZwkIg76xzRE_seg_013.wav,ZwkIg76xzRE_seg_013.wav,ZwkIg76xzRE,True,16000,1,3.0,-30.3511,-12.3444,0.2597,0.0,True,ok
data\interim\segmented\stuttering\ZwkIg76xzRE_seg_014.wav,ZwkIg76xzRE_seg_014.wav,ZwkIg76xzRE,True,16000,1,3.0,-31.5679,-10.8501,0.3105,0.0,True,ok
data\interim\segmented\stuttering\ZwkIg76xzRE_seg_015.wav,ZwkIg76xzRE_seg_015.wav,ZwkIg76xzRE,True,16000,1,3.0,-38.7599,-17.6659,0.4291,0.0,True,ok
data\interim\segmented\stuttering\ZwkIg76xzRE_seg_016.wav,ZwkIg76xzRE_seg_016.wav,ZwkIg76xzRE,True,16000,1,2.254,-33.1682,-13.6703,0.317,0.0,True,ok
