filename,relative_path,video_id,label,split
0wEoXWnHJjs_seg_000.wav,data/processed/train_set/stuttering/0wEoXWnHJjs_seg_000.wav,0wEoXWnHJjs,stuttering,train
0wEoXWnHJjs_seg_001.wav,data/processed/train_set/stuttering/0wEoXWnHJjs_seg_001.wav,0wEoXWnHJjs,stuttering,train
0wEoXWnHJjs_seg_003.wav,data/processed/train_set/stuttering/0wEoXWnHJjs_seg_003.wav,0wEoXWnHJjs,stuttering,train
0wEoXWnHJjs_seg_004.wav,data/processed/train_set/stuttering/0wEoXWnHJjs_seg_004.wav,0wEoXWnHJjs,stuttering,train
0wEoXWnHJjs_seg_005.wav,data/processed/train_set/stuttering/0wEoXWnHJjs_seg_005.wav,0wEoXWnHJjs,stuttering,train
0wEoXWnHJjs_seg_006.wav,data/processed/train_set/stuttering/0wEoXWnHJjs_seg_006.wav,0wEoXWnHJjs,stuttering,train
0wEoXWnHJjs_seg_007.wav,data/processed/train_set/stuttering/0wEoXWnHJjs_seg_007.wav,0wEoXWnHJjs,stuttering,train
0wEoXWnHJjs_seg_008.wav,data/processed/train_set/stuttering/0wEoXWnHJjs_seg_008.wav,0wEoXWnHJjs,stuttering,train
0wEoXWnHJjs_seg_009.wav,data/processed/train_set/stuttering/0wEoXWnHJjs_seg_009.wav,0wEoXWnHJjs,stuttering,train
0wEoXWnHJjs_seg_010.wav,data/processed/train_set/stuttering/0wEoXWnHJjs_seg_010.wav,0wEoXWnHJjs,stuttering,train
0wEoXWnHJjs_seg_011.wav,data/processed/train_set/stuttering/0wEoXWnHJjs_seg_011.wav,0wEoXWnHJjs,stuttering,train
0wEoXWnHJjs_seg_012.wav,data/processed/train_set/stuttering/0wEoXWnHJjs_seg_012.wav,0wEoXWnHJjs,stuttering,train
0wEoXWnHJjs_seg_013.wav,data/processed/train_set/stuttering/0wEoXWnHJjs_seg_013.wav,0wEoXWnHJjs,stuttering,train
0wEoXWnHJjs_seg_014.wav,data/processed/train_set/stuttering/0wEoXWnHJjs_seg_014.wav,0wEoXWnHJjs,stuttering,train
0wEoXWnHJjs_seg_015.wav,data/processed/train_set/stuttering/0wEoXWnHJjs_seg_015.wav,0wEoXWnHJjs,stuttering,train
0wEoXWnHJjs_seg_016.wav,data/processed/train_set/stuttering/0wEoXWnHJjs_seg_016.wav,0wEoXWnHJjs,stuttering,train
0wEoXWnHJjs_seg_017.wav,data/processed/train_set/stuttering/0wEoXWnHJjs_seg_017.wav,0wEoXWnHJjs,stuttering,train
0wEoXWnHJjs_seg_018.wav,data/processed/train_set/stuttering/0wEoXWnHJjs_seg_018.wav,0wEoXWnHJjs,stuttering,train
0wEoXWnHJjs_seg_019.wav,data/processed/train_set/stuttering/0wEoXWnHJjs_seg_019.wav,0wEoXWnHJjs,stuttering,train
0wEoXWnHJjs_seg_020.wav,data/processed/train_set/stuttering/0wEoXWnHJjs_seg_020.wav,0wEoXWnHJjs,stuttering,train
0wEoXWnHJjs_seg_021.wav,data/processed/train_set/stuttering/0wEoXWnHJjs_seg_021.wav,0wEoXWnHJjs,stuttering,train
0wEoXWnHJjs_seg_022.wav,data/processed/train_set/stuttering/0wEoXWnHJjs_seg_022.wav,0wEoXWnHJjs,stuttering,train
0wEoXWnHJjs_seg_023.wav,data/processed/train_set/stuttering/0wEoXWnHJjs_seg_023.wav,0wEoXWnHJjs,stuttering,train
0wEoXWnHJjs_seg_024.wav,data/processed/train_set/stuttering/0wEoXWnHJjs_seg_024.wav,0wEoXWnHJjs,stuttering,train
0wEoXWnHJjs_seg_025.wav,data/processed/train_set/stuttering/0wEoXWnHJjs_seg_025.wav,0wEoXWnHJjs,stuttering,train
0wEoXWnHJjs_seg_026.wav,data/processed/train_set/stuttering/0wEoXWnHJjs_seg_026.wav,0wEoXWnHJjs,stuttering,train
0wEoXWnHJjs_seg_027.wav,data/processed/train_set/stuttering/0wEoXWnHJjs_seg_027.wav,0wEoXWnHJjs,stuttering,train
0wEoXWnHJjs_seg_028.wav,data/processed/train_set/stuttering/0wEoXWnHJjs_seg_028.wav,0wEoXWnHJjs,stuttering,train
0wEoXWnHJjs_seg_029.wav,data/processed/train_set/stuttering/0wEoXWnHJjs_seg_029.wav,0wEoXWnHJjs,stuttering,train
0wEoXWnHJjs_seg_030.wav,data/processed/train_set/stuttering/0wEoXWnHJjs_seg_030.wav,0wEoXWnHJjs,stuttering,train
0wEoXWnHJjs_seg_031.wav,data/processed/train_set/stuttering/0wEoXWnHJjs_seg_031.wav,0wEoXWnHJjs,stuttering,train
0wEoXWnHJjs_seg_032.wav,data/processed/train_set/stuttering/0wEoXWnHJjs_seg_032.wav,0wEoXWnHJjs,stuttering,train
0wEoXWnHJjs_seg_033.wav,data/processed/train_set/stuttering/0wEoXWnHJjs_seg_033.wav,0wEoXWnHJjs,stuttering,train
0wEoXWnHJjs_seg_034.wav,data/processed/train_set/stuttering/0wEoXWnHJjs_seg_034.wav,0wEoXWnHJjs,stuttering,train
0wEoXWnHJjs_seg_035.wav,data/processed/train_set/stuttering/0wEoXWnHJjs_seg_035.wav,0wEoXWnHJjs,stuttering,train
0wEoXWnHJjs_seg_036.wav,data/processed/train_set/stuttering/0wEoXWnHJjs_seg_036.wav,0wEoXWnHJjs,stuttering,train
0wEoXWnHJjs_seg_037.wav,data/processed/train_set/stuttering/0wEoXWnHJjs_seg_037.wav,0wEoXWnHJjs,stuttering,train
0wEoXWnHJjs_seg_038.wav,data/processed/train_set/stuttering/0wEoXWnHJjs_seg_038.wav,0wEoXWnHJjs,stuttering,train
0wEoXWnHJjs_seg_039.wav,data/processed/train_set/stuttering/0wEoXWnHJjs_seg_039.wav,0wEoXWnHJjs,stuttering,train
0wEoXWnHJjs_seg_040.wav,data/processed/train_set/stuttering/0wEoXWnHJjs_seg_040.wav,0wEoXWnHJjs,stuttering,train
0wEoXWnHJjs_seg_041.wav,data/processed/train_set/stuttering/0wEoXWnHJjs_seg_041.wav,0wEoXWnHJjs,stuttering,train
0wEoXWnHJjs_seg_042.wav,data/processed/train_set/stuttering/0wEoXWnHJjs_seg_042.wav,0wEoXWnHJjs,stuttering,train
0wEoXWnHJjs_seg_043.wav,data/processed/train_set/stuttering/0wEoXWnHJjs_seg_043.wav,0wEoXWnHJjs,stuttering,train
0wEoXWnHJjs_seg_044.wav,data/processed/train_set/stuttering/0wEoXWnHJjs_seg_044.wav,0wEoXWnHJjs,stuttering,train
0wEoXWnHJjs_seg_045.wav,data/processed/train_set/stuttering/0wEoXWnHJjs_seg_045.wav,0wEoXWnHJjs,stuttering,train
0wEoXWnHJjs_seg_046.wav,data/processed/train_set/stuttering/0wEoXWnHJjs_seg_046.wav,0wEoXWnHJjs,stuttering,train
0wEoXWnHJjs_seg_047.wav,data/processed/train_set/stuttering/0wEoXWnHJjs_seg_047.wav,0wEoXWnHJjs,stuttering,train
0wEoXWnHJjs_seg_048.wav,data/processed/train_set/stuttering/0wEoXWnHJjs_seg_048.wav,0wEoXWnHJjs,stuttering,train
0wEoXWnHJjs_seg_049.wav,data/processed/train_set/stuttering/0wEoXWnHJjs_seg_049.wav,0wEoXWnHJjs,stuttering,train
0wEoXWnHJjs_seg_050.wav,data/processed/train_set/stuttering/0wEoXWnHJjs_seg_050.wav,0wEoXWnHJjs,stuttering,train
0wEoXWnHJjs_seg_051.wav,data/processed/train_set/stuttering/0wEoXWnHJjs_seg_051.wav,0wEoXWnHJjs,stuttering,train
0wEoXWnHJjs_seg_052.wav,data/processed/train_set/stuttering/0wEoXWnHJjs_seg_052.wav,0wEoXWnHJjs,stuttering,train
0wEoXWnHJjs_seg_053.wav,data/processed/train_set/stuttering/0wEoXWnHJjs_seg_053.wav,0wEoXWnHJjs,stuttering,train
0wEoXWnHJjs_seg_054.wav,data/processed/train_set/stuttering/0wEoXWnHJjs_seg_054.wav,0wEoXWnHJjs,stuttering,train
0wEoXWnHJjs_seg_055.wav,data/processed/train_set/stuttering/0wEoXWnHJjs_seg_055.wav,0wEoXWnHJjs,stuttering,train
0wEoXWnHJjs_seg_056.wav,data/processed/train_set/stuttering/0wEoXWnHJjs_seg_056.wav,0wEoXWnHJjs,stuttering,train
0wEoXWnHJjs_seg_057.wav,data/processed/train_set/stuttering/0wEoXWnHJjs_seg_057.wav,0wEoXWnHJjs,stuttering,train
0wEoXWnHJjs_seg_058.wav,data/processed/train_set/stuttering/0wEoXWnHJjs_seg_058.wav,0wEoXWnHJjs,stuttering,train
0wEoXWnHJjs_seg_059.wav,data/processed/train_set/stuttering/0wEoXWnHJjs_seg_059.wav,0wEoXWnHJjs,stuttering,train
0wEoXWnHJjs_seg_060.wav,data/processed/train_set/stuttering/0wEoXWnHJjs_seg_060.wav,0wEoXWnHJjs,stuttering,train
0wEoXWnHJjs_seg_061.wav,data/processed/train_set/stuttering/0wEoXWnHJjs_seg_061.wav,0wEoXWnHJjs,stuttering,train
0wEoXWnHJjs_seg_062.wav,data/processed/train_set/stuttering/0wEoXWnHJjs_seg_062.wav,0wEoXWnHJjs,stuttering,train
0wEoXWnHJjs_seg_063.wav,data/processed/train_set/stuttering/0wEoXWnHJjs_seg_063.wav,0wEoXWnHJjs,stuttering,train
0wEoXWnHJjs_seg_064.wav,data/processed/train_set/stuttering/0wEoXWnHJjs_seg_064.wav,0wEoXWnHJjs,stuttering,train
0wEoXWnHJjs_seg_065.wav,data/processed/train_set/stuttering/0wEoXWnHJjs_seg_065.wav,0wEoXWnHJjs,stuttering,train
0wEoXWnHJjs_seg_066.wav,data/processed/train_set/stuttering/0wEoXWnHJjs_seg_066.wav,0wEoXWnHJjs,stuttering,train
0wEoXWnHJjs_seg_067.wav,data/processed/train_set/stuttering/0wEoXWnHJjs_seg_067.wav,0wEoXWnHJjs,stuttering,train
0wEoXWnHJjs_seg_068.wav,data/processed/train_set/stuttering/0wEoXWnHJjs_seg_068.wav,0wEoXWnHJjs,stuttering,train
0wEoXWnHJjs_seg_069.wav,data/processed/train_set/stuttering/0wEoXWnHJjs_seg_069.wav,0wEoXWnHJjs,stuttering,train
0wEoXWnHJjs_seg_070.wav,data/processed/train_set/stuttering/0wEoXWnHJjs_seg_070.wav,0wEoXWnHJjs,stuttering,train
0wEoXWnHJjs_seg_071.wav,data/processed/train_set/stuttering/0wEoXWnHJjs_seg_071.wav,0wEoXWnHJjs,stuttering,train
0wEoXWnHJjs_seg_072.wav,data/processed/train_set/stuttering/0wEoXWnHJjs_seg_072.wav,0wEoXWnHJjs,stuttering,train
0wEoXWnHJjs_seg_073.wav,data/processed/train_set/stuttering/0wEoXWnHJjs_seg_073.wav,0wEoXWnHJjs,stuttering,train
0wEoXWnHJjs_seg_074.wav,data/processed/train_set/stuttering/0wEoXWnHJjs_seg_074.wav,0wEoXWnHJjs,stuttering,train
0wEoXWnHJjs_seg_075.wav,data/processed/train_set/stuttering/0wEoXWnHJjs_seg_075.wav,0wEoXWnHJjs,stuttering,train
0wEoXWnHJjs_seg_076.wav,data/processed/train_set/stuttering/0wEoXWnHJjs_seg_076.wav,0wEoXWnHJjs,stuttering,train
0wEoXWnHJjs_seg_077.wav,data/processed/train_set/stuttering/0wEoXWnHJjs_seg_077.wav,0wEoXWnHJjs,stuttering,train
0wEoXWnHJjs_seg_078.wav,data/processed/train_set/stuttering/0wEoXWnHJjs_seg_078.wav,0wEoXWnHJjs,stuttering,train
0wEoXWnHJjs_seg_079.wav,data/processed/train_set/stuttering/0wEoXWnHJjs_seg_079.wav,0wEoXWnHJjs,stuttering,train
0wEoXWnHJjs_seg_080.wav,data/processed/train_set/stuttering/0wEoXWnHJjs_seg_080.wav,0wEoXWnHJjs,stuttering,train
0wEoXWnHJjs_seg_081.wav,data/processed/train_set/stuttering/0wEoXWnHJjs_seg_081.wav,0wEoXWnHJjs,stuttering,train
0wEoXWnHJjs_seg_082.wav,data/processed/train_set/stuttering/0wEoXWnHJjs_seg_082.wav,0wEoXWnHJjs,stuttering,train
0wEoXWnHJjs_seg_083.wav,data/processed/train_set/stuttering/0wEoXWnHJjs_seg_083.wav,0wEoXWnHJjs,stuttering,train
0wEoXWnHJjs_seg_084.wav,data/processed/train_set/stuttering/0wEoXWnHJjs_seg_084.wav,0wEoXWnHJjs,stuttering,train
0wEoXWnHJjs_seg_085.wav,data/processed/train_set/stuttering/0wEoXWnHJjs_seg_085.wav,0wEoXWnHJjs,stuttering,train
0wEoXWnHJjs_seg_086.wav,data/processed/train_set/stuttering/0wEoXWnHJjs_seg_086.wav,0wEoXWnHJjs,stuttering,train
0wEoXWnHJjs_seg_087.wav,data/processed/train_set/stuttering/0wEoXWnHJjs_seg_087.wav,0wEoXWnHJjs,stuttering,train
0wEoXWnHJjs_seg_088.wav,data/processed/train_set/stuttering/0wEoXWnHJjs_seg_088.wav,0wEoXWnHJjs,stuttering,train
0wEoXWnHJjs_seg_089.wav,data/processed/train_set/stuttering/0wEoXWnHJjs_seg_089.wav,0wEoXWnHJjs,stuttering,train
0wEoXWnHJjs_seg_090.wav,data/processed/train_set/stuttering/0wEoXWnHJjs_seg_090.wav,0wEoXWnHJjs,stuttering,train
0wEoXWnHJjs_seg_091.wav,data/processed/train_set/stuttering/0wEoXWnHJjs_seg_091.wav,0wEoXWnHJjs,stuttering,train
0wEoXWnHJjs_seg_092.wav,data/processed/train_set/stuttering/0wEoXWnHJjs_seg_092.wav,0wEoXWnHJjs,stuttering,train
0wEoXWnHJjs_seg_093.wav,data/processed/train_set/stuttering/0wEoXWnHJjs_seg_093.wav,0wEoXWnHJjs,stuttering,train
0wEoXWnHJjs_seg_094.wav,data/processed/train_set/stuttering/0wEoXWnHJjs_seg_094.wav,0wEoXWnHJjs,stuttering,train
0wEoXWnHJjs_seg_095.wav,data/processed/train_set/stuttering/0wEoXWnHJjs_seg_095.wav,0wEoXWnHJjs,stuttering,train
0wEoXWnHJjs_seg_096.wav,data/processed/train_set/stuttering/0wEoXWnHJjs_seg_096.wav,0wEoXWnHJjs,stuttering,train
0wEoXWnHJjs_seg_097.wav,data/processed/train_set/stuttering/0wEoXWnHJjs_seg_097.wav,0wEoXWnHJjs,stuttering,train
0wEoXWnHJjs_seg_098.wav,data/processed/train_set/stuttering/0wEoXWnHJjs_seg_098.wav,0wEoXWnHJjs,stuttering,train
0wEoXWnHJjs_seg_099.wav,data/processed/train_set/stuttering/0wEoXWnHJjs_seg_099.wav,0wEoXWnHJjs,stuttering,train
0wEoXWnHJjs_seg_100.wav,data/processed/train_set/stuttering/0wEoXWnHJjs_seg_100.wav,0wEoXWnHJjs,stuttering,train
0wEoXWnHJjs_seg_101.wav,data/processed/train_set/stuttering/0wEoXWnHJjs_seg_101.wav,0wEoXWnHJjs,stuttering,train
0wEoXWnHJjs_seg_102.wav,data/processed/train_set/stuttering/0wEoXWnHJjs_seg_102.wav,0wEoXWnHJjs,stuttering,train
0wEoXWnHJjs_seg_103.wav,data/processed/train_set/stuttering/0wEoXWnHJjs_seg_103.wav,0wEoXWnHJjs,stuttering,train
0wEoXWnHJjs_seg_104.wav,data/processed/train_set/stuttering/0wEoXWnHJjs_seg_104.wav,0wEoXWnHJjs,stuttering,train
0wEoXWnHJjs_seg_105.wav,data/processed/train_set/stuttering/0wEoXWnHJjs_seg_105.wav,0wEoXWnHJjs,stuttering,train
0wEoXWnHJjs_seg_106.wav,data/processed/train_set/stuttering/0wEoXWnHJjs_seg_106.wav,0wEoXWnHJjs,stuttering,train
0wEoXWnHJjs_seg_107.wav,data/processed/train_set/stuttering/0wEoXWnHJjs_seg_107.wav,0wEoXWnHJjs,stuttering,train
0wEoXWnHJjs_seg_108.wav,data/processed/train_set/stuttering/0wEoXWnHJjs_seg_108.wav,0wEoXWnHJjs,stuttering,train
0wEoXWnHJjs_seg_109.wav,data/processed/train_set/stuttering/0wEoXWnHJjs_seg_109.wav,0wEoXWnHJjs,stuttering,train
0wEoXWnHJjs_seg_110.wav,data/processed/train_set/stuttering/0wEoXWnHJjs_seg_110.wav,0wEoXWnHJjs,stuttering,train
0wEoXWnHJjs_seg_111.wav,data/processed/train_set/stuttering/0wEoXWnHJjs_seg_111.wav,0wEoXWnHJjs,stuttering,train
0wEoXWnHJjs_seg_112.wav,data/processed/train_set/stuttering/0wEoXWnHJjs_seg_112.wav,0wEoXWnHJjs,stuttering,train
0wEoXWnHJjs_seg_113.wav,data/processed/train_set/stuttering/0wEoXWnHJjs_seg_113.wav,0wEoXWnHJjs,stuttering,train
0wEoXWnHJjs_seg_114.wav,data/processed/train_set/stuttering/0wEoXWnHJjs_seg_114.wav,0wEoXWnHJjs,stuttering,train
0wEoXWnHJjs_seg_115.wav,data/processed/train_set/stuttering/0wEoXWnHJjs_seg_115.wav,0wEoXWnHJjs,stuttering,train
0wEoXWnHJjs_seg_116.wav,data/processed/train_set/stuttering/0wEoXWnHJjs_seg_116.wav,0wEoXWnHJjs,stuttering,train
0wEoXWnHJjs_seg_117.wav,data/processed/train_set/stuttering/0wEoXWnHJjs_seg_117.wav,0wEoXWnHJjs,stuttering,train
0wEoXWnHJjs_seg_118.wav,data/processed/train_set/stuttering/0wEoXWnHJjs_seg_118.wav,0wEoXWnHJjs,stuttering,train
0wEoXWnHJjs_seg_119.wav,data/processed/train_set/stuttering/0wEoXWnHJjs_seg_119.wav,0wEoXWnHJjs,stuttering,train
0wEoXWnHJjs_seg_120.wav,data/processed/train_set/stuttering/0wEoXWnHJjs_seg_120.wav,0wEoXWnHJjs,stuttering,train
0wEoXWnHJjs_seg_121.wav,data/processed/train_set/stuttering/0wEoXWnHJjs_seg_121.wav,0wEoXWnHJjs,stuttering,train
0wEoXWnHJjs_seg_122.wav,data/processed/train_set/stuttering/0wEoXWnHJjs_seg_122.wav,0wEoXWnHJjs,stuttering,train
0wEoXWnHJjs_seg_123.wav,data/processed/train_set/stuttering/0wEoXWnHJjs_seg_123.wav,0wEoXWnHJjs,stuttering,train
0wEoXWnHJjs_seg_124.wav,data/processed/train_set/stuttering/0wEoXWnHJjs_seg_124.wav,0wEoXWnHJjs,stuttering,train
0wEoXWnHJjs_seg_125.wav,data/processed/train_set/stuttering/0wEoXWnHJjs_seg_125.wav,0wEoXWnHJjs,stuttering,train
0wEoXWnHJjs_seg_126.wav,data/processed/train_set/stuttering/0wEoXWnHJjs_seg_126.wav,0wEoXWnHJjs,stuttering,train
0wEoXWnHJjs_seg_127.wav,data/processed/train_set/stuttering/0wEoXWnHJjs_seg_127.wav,0wEoXWnHJjs,stuttering,train
0wEoXWnHJjs_seg_128.wav,data/processed/train_set/stuttering/0wEoXWnHJjs_seg_128.wav,0wEoXWnHJjs,stuttering,train
0wEoXWnHJjs_seg_129.wav,data/processed/train_set/stuttering/0wEoXWnHJjs_seg_129.wav,0wEoXWnHJjs,stuttering,train
0wEoXWnHJjs_seg_130.wav,data/processed/train_set/stuttering/0wEoXWnHJjs_seg_130.wav,0wEoXWnHJjs,stuttering,train
0wEoXWnHJjs_seg_131.wav,data/processed/train_set/stuttering/0wEoXWnHJjs_seg_131.wav,0wEoXWnHJjs,stuttering,train
0wEoXWnHJjs_seg_132.wav,data/processed/train_set/stuttering/0wEoXWnHJjs_seg_132.wav,0wEoXWnHJjs,stuttering,train
2mVwQPdoIxM_seg_000.wav,data/processed/train_set/stuttering/2mVwQPdoIxM_seg_000.wav,2mVwQPdoIxM,stuttering,train
2mVwQPdoIxM_seg_001.wav,data/processed/train_set/stuttering/2mVwQPdoIxM_seg_001.wav,2mVwQPdoIxM,stuttering,train
2mVwQPdoIxM_seg_002.wav,data/processed/train_set/stuttering/2mVwQPdoIxM_seg_002.wav,2mVwQPdoIxM,stuttering,train
2mVwQPdoIxM_seg_003.wav,data/processed/train_set/stuttering/2mVwQPdoIxM_seg_003.wav,2mVwQPdoIxM,stuttering,train
2mVwQPdoIxM_seg_004.wav,data/processed/train_set/stuttering/2mVwQPdoIxM_seg_004.wav,2mVwQPdoIxM,stuttering,train
2mVwQPdoIxM_seg_005.wav,data/processed/train_set/stuttering/2mVwQPdoIxM_seg_005.wav,2mVwQPdoIxM,stuttering,train
2mVwQPdoIxM_seg_006.wav,data/processed/train_set/stuttering/2mVwQPdoIxM_seg_006.wav,2mVwQPdoIxM,stuttering,train
2mVwQPdoIxM_seg_007.wav,data/processed/train_set/stuttering/2mVwQPdoIxM_seg_007.wav,2mVwQPdoIxM,stuttering,train
2mVwQPdoIxM_seg_008.wav,data/processed/train_set/stuttering/2mVwQPdoIxM_seg_008.wav,2mVwQPdoIxM,stuttering,train
2mVwQPdoIxM_seg_009.wav,data/processed/train_set/stuttering/2mVwQPdoIxM_seg_009.wav,2mVwQPdoIxM,stuttering,train
2mVwQPdoIxM_seg_010.wav,data/processed/train_set/stuttering/2mVwQPdoIxM_seg_010.wav,2mVwQPdoIxM,stuttering,train
2mVwQPdoIxM_seg_011.wav,data/processed/train_set/stuttering/2mVwQPdoIxM_seg_011.wav,2mVwQPdoIxM,stuttering,train
2mVwQPdoIxM_seg_012.wav,data/processed/train_set/stuttering/2mVwQPdoIxM_seg_012.wav,2mVwQPdoIxM,stuttering,train
2mVwQPdoIxM_seg_013.wav,data/processed/train_set/stuttering/2mVwQPdoIxM_seg_013.wav,2mVwQPdoIxM,stuttering,train
2mVwQPdoIxM_seg_014.wav,data/processed/train_set/stuttering/2mVwQPdoIxM_seg_014.wav,2mVwQPdoIxM,stuttering,train
2mVwQPdoIxM_seg_015.wav,data/processed/train_set/stuttering/2mVwQPdoIxM_seg_015.wav,2mVwQPdoIxM,stuttering,train
2mVwQPdoIxM_seg_016.wav,data/processed/train_set/stuttering/2mVwQPdoIxM_seg_016.wav,2mVwQPdoIxM,stuttering,train
2mVwQPdoIxM_seg_017.wav,data/processed/train_set/stuttering/2mVwQPdoIxM_seg_017.wav,2mVwQPdoIxM,stuttering,train
2mVwQPdoIxM_seg_018.wav,data/processed/train_set/stuttering/2mVwQPdoIxM_seg_018.wav,2mVwQPdoIxM,stuttering,train
2mVwQPdoIxM_seg_019.wav,data/processed/train_set/stuttering/2mVwQPdoIxM_seg_019.wav,2mVwQPdoIxM,stuttering,train
2mVwQPdoIxM_seg_020.wav,data/processed/train_set/stuttering/2mVwQPdoIxM_seg_020.wav,2mVwQPdoIxM,stuttering,train
2mVwQPdoIxM_seg_021.wav,data/processed/train_set/stuttering/2mVwQPdoIxM_seg_021.wav,2mVwQPdoIxM,stuttering,train
2mVwQPdoIxM_seg_022.wav,data/processed/train_set/stuttering/2mVwQPdoIxM_seg_022.wav,2mVwQPdoIxM,stuttering,train
2mVwQPdoIxM_seg_023.wav,data/processed/train_set/stuttering/2mVwQPdoIxM_seg_023.wav,2mVwQPdoIxM,stuttering,train
2mVwQPdoIxM_seg_024.wav,data/processed/train_set/stuttering/2mVwQPdoIxM_seg_024.wav,2mVwQPdoIxM,stuttering,train
2mVwQPdoIxM_seg_025.wav,data/processed/train_set/stuttering/2mVwQPdoIxM_seg_025.wav,2mVwQPdoIxM,stuttering,train
2mVwQPdoIxM_seg_026.wav,data/processed/train_set/stuttering/2mVwQPdoIxM_seg_026.wav,2mVwQPdoIxM,stuttering,train
2mVwQPdoIxM_seg_027.wav,data/processed/train_set/stuttering/2mVwQPdoIxM_seg_027.wav,2mVwQPdoIxM,stuttering,train
2mVwQPdoIxM_seg_028.wav,data/processed/train_set/stuttering/2mVwQPdoIxM_seg_028.wav,2mVwQPdoIxM,stuttering,train
2mVwQPdoIxM_seg_029.wav,data/processed/train_set/stuttering/2mVwQPdoIxM_seg_029.wav,2mVwQPdoIxM,stuttering,train
2mVwQPdoIxM_seg_030.wav,data/processed/train_set/stuttering/2mVwQPdoIxM_seg_030.wav,2mVwQPdoIxM,stuttering,train
2mVwQPdoIxM_seg_031.wav,data/processed/train_set/stuttering/2mVwQPdoIxM_seg_031.wav,2mVwQPdoIxM,stuttering,train
2mVwQPdoIxM_seg_032.wav,data/processed/train_set/stuttering/2mVwQPdoIxM_seg_032.wav,2mVwQPdoIxM,stuttering,train
2mVwQPdoIxM_seg_033.wav,data/processed/train_set/stuttering/2mVwQPdoIxM_seg_033.wav,2mVwQPdoIxM,stuttering,train
2mVwQPdoIxM_seg_034.wav,data/processed/train_set/stuttering/2mVwQPdoIxM_seg_034.wav,2mVwQPdoIxM,stuttering,train
2mVwQPdoIxM_seg_035.wav,data/processed/train_set/stuttering/2mVwQPdoIxM_seg_035.wav,2mVwQPdoIxM,stuttering,train
2mVwQPdoIxM_seg_036.wav,data/processed/train_set/stuttering/2mVwQPdoIxM_seg_036.wav,2mVwQPdoIxM,stuttering,train
2mVwQPdoIxM_seg_037.wav,data/processed/train_set/stuttering/2mVwQPdoIxM_seg_037.wav,2mVwQPdoIxM,stuttering,train
2mVwQPdoIxM_seg_038.wav,data/processed/train_set/stuttering/2mVwQPdoIxM_seg_038.wav,2mVwQPdoIxM,stuttering,train
2mVwQPdoIxM_seg_039.wav,data/processed/train_set/stuttering/2mVwQPdoIxM_seg_039.wav,2mVwQPdoIxM,stuttering,train
2mVwQPdoIxM_seg_040.wav,data/processed/train_set/stuttering/2mVwQPdoIxM_seg_040.wav,2mVwQPdoIxM,stuttering,train
2mVwQPdoIxM_seg_041.wav,data/processed/train_set/stuttering/2mVwQPdoIxM_seg_041.wav,2mVwQPdoIxM,stuttering,train
2mVwQPdoIxM_seg_042.wav,data/processed/train_set/stuttering/2mVwQPdoIxM_seg_042.wav,2mVwQPdoIxM,stuttering,train
2mVwQPdoIxM_seg_043.wav,data/processed/train_set/stuttering/2mVwQPdoIxM_seg_043.wav,2mVwQPdoIxM,stuttering,train
2mVwQPdoIxM_seg_045.wav,data/processed/train_set/stuttering/2mVwQPdoIxM_seg_045.wav,2mVwQPdoIxM,stuttering,train
2mVwQPdoIxM_seg_046.wav,data/processed/train_set/stuttering/2mVwQPdoIxM_seg_046.wav,2mVwQPdoIxM,stuttering,train
2mVwQPdoIxM_seg_047.wav,data/processed/train_set/stuttering/2mVwQPdoIxM_seg_047.wav,2mVwQPdoIxM,stuttering,train
2mVwQPdoIxM_seg_048.wav,data/processed/train_set/stuttering/2mVwQPdoIxM_seg_048.wav,2mVwQPdoIxM,stuttering,train
2mVwQPdoIxM_seg_049.wav,data/processed/train_set/stuttering/2mVwQPdoIxM_seg_049.wav,2mVwQPdoIxM,stuttering,train
2mVwQPdoIxM_seg_050.wav,data/processed/train_set/stuttering/2mVwQPdoIxM_seg_050.wav,2mVwQPdoIxM,stuttering,train
2mVwQPdoIxM_seg_051.wav,data/processed/train_set/stuttering/2mVwQPdoIxM_seg_051.wav,2mVwQPdoIxM,stuttering,train
2mVwQPdoIxM_seg_052.wav,data/processed/train_set/stuttering/2mVwQPdoIxM_seg_052.wav,2mVwQPdoIxM,stuttering,train
2mVwQPdoIxM_seg_053.wav,data/processed/train_set/stuttering/2mVwQPdoIxM_seg_053.wav,2mVwQPdoIxM,stuttering,train
2mVwQPdoIxM_seg_054.wav,data/processed/train_set/stuttering/2mVwQPdoIxM_seg_054.wav,2mVwQPdoIxM,stuttering,train
2mVwQPdoIxM_seg_055.wav,data/processed/train_set/stuttering/2mVwQPdoIxM_seg_055.wav,2mVwQPdoIxM,stuttering,train
2mVwQPdoIxM_seg_056.wav,data/processed/train_set/stuttering/2mVwQPdoIxM_seg_056.wav,2mVwQPdoIxM,stuttering,train
2mVwQPdoIxM_seg_057.wav,data/processed/train_set/stuttering/2mVwQPdoIxM_seg_057.wav,2mVwQPdoIxM,stuttering,train
2mVwQPdoIxM_seg_058.wav,data/processed/train_set/stuttering/2mVwQPdoIxM_seg_058.wav,2mVwQPdoIxM,stuttering,train
2mVwQPdoIxM_seg_059.wav,data/processed/train_set/stuttering/2mVwQPdoIxM_seg_059.wav,2mVwQPdoIxM,stuttering,train
2mVwQPdoIxM_seg_060.wav,data/processed/train_set/stuttering/2mVwQPdoIxM_seg_060.wav,2mVwQPdoIxM,stuttering,train
2mVwQPdoIxM_seg_061.wav,data/processed/train_set/stuttering/2mVwQPdoIxM_seg_061.wav,2mVwQPdoIxM,stuttering,train
2mVwQPdoIxM_seg_062.wav,data/processed/train_set/stuttering/2mVwQPdoIxM_seg_062.wav,2mVwQPdoIxM,stuttering,train
2mVwQPdoIxM_seg_063.wav,data/processed/train_set/stuttering/2mVwQPdoIxM_seg_063.wav,2mVwQPdoIxM,stuttering,train
2mVwQPdoIxM_seg_064.wav,data/processed/train_set/stuttering/2mVwQPdoIxM_seg_064.wav,2mVwQPdoIxM,stuttering,train
2mVwQPdoIxM_seg_065.wav,data/processed/train_set/stuttering/2mVwQPdoIxM_seg_065.wav,2mVwQPdoIxM,stuttering,train
2mVwQPdoIxM_seg_066.wav,data/processed/train_set/stuttering/2mVwQPdoIxM_seg_066.wav,2mVwQPdoIxM,stuttering,train
2mVwQPdoIxM_seg_067.wav,data/processed/train_set/stuttering/2mVwQPdoIxM_seg_067.wav,2mVwQPdoIxM,stuttering,train
2mVwQPdoIxM_seg_068.wav,data/processed/train_set/stuttering/2mVwQPdoIxM_seg_068.wav,2mVwQPdoIxM,stuttering,train
2mVwQPdoIxM_seg_069.wav,data/processed/train_set/stuttering/2mVwQPdoIxM_seg_069.wav,2mVwQPdoIxM,stuttering,train
2mVwQPdoIxM_seg_070.wav,data/processed/train_set/stuttering/2mVwQPdoIxM_seg_070.wav,2mVwQPdoIxM,stuttering,train
2mVwQPdoIxM_seg_071.wav,data/processed/train_set/stuttering/2mVwQPdoIxM_seg_071.wav,2mVwQPdoIxM,stuttering,train
2mVwQPdoIxM_seg_072.wav,data/processed/train_set/stuttering/2mVwQPdoIxM_seg_072.wav,2mVwQPdoIxM,stuttering,train
2mVwQPdoIxM_seg_073.wav,data/processed/train_set/stuttering/2mVwQPdoIxM_seg_073.wav,2mVwQPdoIxM,stuttering,train
2mVwQPdoIxM_seg_074.wav,data/processed/train_set/stuttering/2mVwQPdoIxM_seg_074.wav,2mVwQPdoIxM,stuttering,train
2mVwQPdoIxM_seg_075.wav,data/processed/train_set/stuttering/2mVwQPdoIxM_seg_075.wav,2mVwQPdoIxM,stuttering,train
2mVwQPdoIxM_seg_076.wav,data/processed/train_set/stuttering/2mVwQPdoIxM_seg_076.wav,2mVwQPdoIxM,stuttering,train
2mVwQPdoIxM_seg_077.wav,data/processed/train_set/stuttering/2mVwQPdoIxM_seg_077.wav,2mVwQPdoIxM,stuttering,train
2mVwQPdoIxM_seg_078.wav,data/processed/train_set/stuttering/2mVwQPdoIxM_seg_078.wav,2mVwQPdoIxM,stuttering,train
2mVwQPdoIxM_seg_079.wav,data/processed/train_set/stuttering/2mVwQPdoIxM_seg_079.wav,2mVwQPdoIxM,stuttering,train
2mVwQPdoIxM_seg_080.wav,data/processed/train_set/stuttering/2mVwQPdoIxM_seg_080.wav,2mVwQPdoIxM,stuttering,train
2mVwQPdoIxM_seg_081.wav,data/processed/train_set/stuttering/2mVwQPdoIxM_seg_081.wav,2mVwQPdoIxM,stuttering,train
2mVwQPdoIxM_seg_082.wav,data/processed/train_set/stuttering/2mVwQPdoIxM_seg_082.wav,2mVwQPdoIxM,stuttering,train
2mVwQPdoIxM_seg_083.wav,data/processed/train_set/stuttering/2mVwQPdoIxM_seg_083.wav,2mVwQPdoIxM,stuttering,train
2mVwQPdoIxM_seg_084.wav,data/processed/train_set/stuttering/2mVwQPdoIxM_seg_084.wav,2mVwQPdoIxM,stuttering,train
2mVwQPdoIxM_seg_085.wav,data/processed/train_set/stuttering/2mVwQPdoIxM_seg_085.wav,2mVwQPdoIxM,stuttering,train
2mVwQPdoIxM_seg_086.wav,data/processed/train_set/stuttering/2mVwQPdoIxM_seg_086.wav,2mVwQPdoIxM,stuttering,train
2mVwQPdoIxM_seg_087.wav,data/processed/train_set/stuttering/2mVwQPdoIxM_seg_087.wav,2mVwQPdoIxM,stuttering,train
2mVwQPdoIxM_seg_088.wav,data/processed/train_set/stuttering/2mVwQPdoIxM_seg_088.wav,2mVwQPdoIxM,stuttering,train
2mVwQPdoIxM_seg_089.wav,data/processed/train_set/stuttering/2mVwQPdoIxM_seg_089.wav,2mVwQPdoIxM,stuttering,train
2mVwQPdoIxM_seg_090.wav,data/processed/train_set/stuttering/2mVwQPdoIxM_seg_090.wav,2mVwQPdoIxM,stuttering,train
2mVwQPdoIxM_seg_091.wav,data/processed/train_set/stuttering/2mVwQPdoIxM_seg_091.wav,2mVwQPdoIxM,stuttering,train
2mVwQPdoIxM_seg_092.wav,data/processed/train_set/stuttering/2mVwQPdoIxM_seg_092.wav,2mVwQPdoIxM,stuttering,train
2mVwQPdoIxM_seg_093.wav,data/processed/train_set/stuttering/2mVwQPdoIxM_seg_093.wav,2mVwQPdoIxM,stuttering,train
2mVwQPdoIxM_seg_094.wav,data/processed/train_set/stuttering/2mVwQPdoIxM_seg_094.wav,2mVwQPdoIxM,stuttering,train
2mVwQPdoIxM_seg_095.wav,data/processed/train_set/stuttering/2mVwQPdoIxM_seg_095.wav,2mVwQPdoIxM,stuttering,train
2mVwQPdoIxM_seg_096.wav,data/processed/train_set/stuttering/2mVwQPdoIxM_seg_096.wav,2mVwQPdoIxM,stuttering,train
2mVwQPdoIxM_seg_097.wav,data/processed/train_set/stuttering/2mVwQPdoIxM_seg_097.wav,2mVwQPdoIxM,stuttering,train
2mVwQPdoIxM_seg_098.wav,data/processed/train_set/stuttering/2mVwQPdoIxM_seg_098.wav,2mVwQPdoIxM,stuttering,train
2mVwQPdoIxM_seg_099.wav,data/processed/train_set/stuttering/2mVwQPdoIxM_seg_099.wav,2mVwQPdoIxM,stuttering,train
2mVwQPdoIxM_seg_100.wav,data/processed/train_set/stuttering/2mVwQPdoIxM_seg_100.wav,2mVwQPdoIxM,stuttering,train
2mVwQPdoIxM_seg_101.wav,data/processed/train_set/stuttering/2mVwQPdoIxM_seg_101.wav,2mVwQPdoIxM,stuttering,train
2mVwQPdoIxM_seg_102.wav,data/processed/train_set/stuttering/2mVwQPdoIxM_seg_102.wav,2mVwQPdoIxM,stuttering,train
2mVwQPdoIxM_seg_103.wav,data/processed/train_set/stuttering/2mVwQPdoIxM_seg_103.wav,2mVwQPdoIxM,stuttering,train
2mVwQPdoIxM_seg_104.wav,data/processed/train_set/stuttering/2mVwQPdoIxM_seg_104.wav,2mVwQPdoIxM,stuttering,train
2mVwQPdoIxM_seg_105.wav,data/processed/train_set/stuttering/2mVwQPdoIxM_seg_105.wav,2mVwQPdoIxM,stuttering,train
2mVwQPdoIxM_seg_106.wav,data/processed/train_set/stuttering/2mVwQPdoIxM_seg_106.wav,2mVwQPdoIxM,stuttering,train
2mVwQPdoIxM_seg_107.wav,data/processed/train_set/stuttering/2mVwQPdoIxM_seg_107.wav,2mVwQPdoIxM,stuttering,train
2mVwQPdoIxM_seg_108.wav,data/processed/train_set/stuttering/2mVwQPdoIxM_seg_108.wav,2mVwQPdoIxM,stuttering,train
2mVwQPdoIxM_seg_109.wav,data/processed/train_set/stuttering/2mVwQPdoIxM_seg_109.wav,2mVwQPdoIxM,stuttering,train
2mVwQPdoIxM_seg_110.wav,data/processed/train_set/stuttering/2mVwQPdoIxM_seg_110.wav,2mVwQPdoIxM,stuttering,train
2mVwQPdoIxM_seg_111.wav,data/processed/train_set/stuttering/2mVwQPdoIxM_seg_111.wav,2mVwQPdoIxM,stuttering,train
2mVwQPdoIxM_seg_112.wav,data/processed/train_set/stuttering/2mVwQPdoIxM_seg_112.wav,2mVwQPdoIxM,stuttering,train
2mVwQPdoIxM_seg_113.wav,data/processed/train_set/stuttering/2mVwQPdoIxM_seg_113.wav,2mVwQPdoIxM,stuttering,train
2mVwQPdoIxM_seg_114.wav,data/processed/train_set/stuttering/2mVwQPdoIxM_seg_114.wav,2mVwQPdoIxM,stuttering,train
2mVwQPdoIxM_seg_115.wav,data/processed/train_set/stuttering/2mVwQPdoIxM_seg_115.wav,2mVwQPdoIxM,stuttering,train
2mVwQPdoIxM_seg_116.wav,data/processed/train_set/stuttering/2mVwQPdoIxM_seg_116.wav,2mVwQPdoIxM,stuttering,train
2mVwQPdoIxM_seg_117.wav,data/processed/train_set/stuttering/2mVwQPdoIxM_seg_117.wav,2mVwQPdoIxM,stuttering,train
2mVwQPdoIxM_seg_118.wav,data/processed/train_set/stuttering/2mVwQPdoIxM_seg_118.wav,2mVwQPdoIxM,stuttering,train
2mVwQPdoIxM_seg_119.wav,data/processed/train_set/stuttering/2mVwQPdoIxM_seg_119.wav,2mVwQPdoIxM,stuttering,train
2mVwQPdoIxM_seg_120.wav,data/processed/train_set/stuttering/2mVwQPdoIxM_seg_120.wav,2mVwQPdoIxM,stuttering,train
2mVwQPdoIxM_seg_121.wav,data/processed/train_set/stuttering/2mVwQPdoIxM_seg_121.wav,2mVwQPdoIxM,stuttering,train
2mVwQPdoIxM_seg_122.wav,data/processed/train_set/stuttering/2mVwQPdoIxM_seg_122.wav,2mVwQPdoIxM,stuttering,train
2mVwQPdoIxM_seg_123.wav,data/processed/train_set/stuttering/2mVwQPdoIxM_seg_123.wav,2mVwQPdoIxM,stuttering,train
2mVwQPdoIxM_seg_124.wav,data/processed/train_set/stuttering/2mVwQPdoIxM_seg_124.wav,2mVwQPdoIxM,stuttering,train
2mVwQPdoIxM_seg_125.wav,data/processed/train_set/stuttering/2mVwQPdoIxM_seg_125.wav,2mVwQPdoIxM,stuttering,train
2mVwQPdoIxM_seg_126.wav,data/processed/train_set/stuttering/2mVwQPdoIxM_seg_126.wav,2mVwQPdoIxM,stuttering,train
2mVwQPdoIxM_seg_127.wav,data/processed/train_set/stuttering/2mVwQPdoIxM_seg_127.wav,2mVwQPdoIxM,stuttering,train
2mVwQPdoIxM_seg_128.wav,data/processed/train_set/stuttering/2mVwQPdoIxM_seg_128.wav,2mVwQPdoIxM,stuttering,train
3Rz18q3p-zY_seg_000.wav,data/processed/train_set/stuttering/3Rz18q3p-zY_seg_000.wav,3Rz18q3p-zY,stuttering,train
3Rz18q3p-zY_seg_001.wav,data/processed/train_set/stuttering/3Rz18q3p-zY_seg_001.wav,3Rz18q3p-zY,stuttering,train
3Rz18q3p-zY_seg_002.wav,data/processed/train_set/stuttering/3Rz18q3p-zY_seg_002.wav,3Rz18q3p-zY,stuttering,train
3Rz18q3p-zY_seg_003.wav,data/processed/train_set/stuttering/3Rz18q3p-zY_seg_003.wav,3Rz18q3p-zY,stuttering,train
3Rz18q3p-zY_seg_004.wav,data/processed/train_set/stuttering/3Rz18q3p-zY_seg_004.wav,3Rz18q3p-zY,stuttering,train
3Rz18q3p-zY_seg_005.wav,data/processed/train_set/stuttering/3Rz18q3p-zY_seg_005.wav,3Rz18q3p-zY,stuttering,train
3Rz18q3p-zY_seg_006.wav,data/processed/train_set/stuttering/3Rz18q3p-zY_seg_006.wav,3Rz18q3p-zY,stuttering,train
7066910146110393646_seg_000.wav,data/processed/train_set/stuttering/7066910146110393646_seg_000.wav,7066910146110393646,stuttering,train
7066910146110393646_seg_001.wav,data/processed/train_set/stuttering/7066910146110393646_seg_001.wav,7066910146110393646,stuttering,train
7066910146110393646_seg_002.wav,data/processed/train_set/stuttering/7066910146110393646_seg_002.wav,7066910146110393646,stuttering,train
7066910146110393646_seg_003.wav,data/processed/train_set/stuttering/7066910146110393646_seg_003.wav,7066910146110393646,stuttering,train
7066910146110393646_seg_004.wav,data/processed/train_set/stuttering/7066910146110393646_seg_004.wav,7066910146110393646,stuttering,train
7066910146110393646_seg_005.wav,data/processed/train_set/stuttering/7066910146110393646_seg_005.wav,7066910146110393646,stuttering,train
7066910146110393646_seg_006.wav,data/processed/train_set/stuttering/7066910146110393646_seg_006.wav,7066910146110393646,stuttering,train
7066910146110393646_seg_007.wav,data/processed/train_set/stuttering/7066910146110393646_seg_007.wav,7066910146110393646,stuttering,train
7066910146110393646_seg_008.wav,data/processed/train_set/stuttering/7066910146110393646_seg_008.wav,7066910146110393646,stuttering,train
7066910146110393646_seg_009.wav,data/processed/train_set/stuttering/7066910146110393646_seg_009.wav,7066910146110393646,stuttering,train
7066910146110393646_seg_010.wav,data/processed/train_set/stuttering/7066910146110393646_seg_010.wav,7066910146110393646,stuttering,train
7066910146110393646_seg_011.wav,data/processed/train_set/stuttering/7066910146110393646_seg_011.wav,7066910146110393646,stuttering,train
7066910146110393646_seg_012.wav,data/processed/train_set/stuttering/7066910146110393646_seg_012.wav,7066910146110393646,stuttering,train
7066910146110393646_seg_013.wav,data/processed/train_set/stuttering/7066910146110393646_seg_013.wav,7066910146110393646,stuttering,train
7066910146110393646_seg_014.wav,data/processed/train_set/stuttering/7066910146110393646_seg_014.wav,7066910146110393646,stuttering,train
7066910146110393646_seg_015.wav,data/processed/train_set/stuttering/7066910146110393646_seg_015.wav,7066910146110393646,stuttering,train
7066910146110393646_seg_016.wav,data/processed/train_set/stuttering/7066910146110393646_seg_016.wav,7066910146110393646,stuttering,train
7066910146110393646_seg_017.wav,data/processed/train_set/stuttering/7066910146110393646_seg_017.wav,7066910146110393646,stuttering,train
7066910146110393646_seg_018.wav,data/processed/train_set/stuttering/7066910146110393646_seg_018.wav,7066910146110393646,stuttering,train
7066910146110393646_seg_019.wav,data/processed/train_set/stuttering/7066910146110393646_seg_019.wav,7066910146110393646,stuttering,train
7066910146110393646_seg_020.wav,data/processed/train_set/stuttering/7066910146110393646_seg_020.wav,7066910146110393646,stuttering,train
7066910146110393646_seg_021.wav,data/processed/train_set/stuttering/7066910146110393646_seg_021.wav,7066910146110393646,stuttering,train
7066910146110393646_seg_022.wav,data/processed/train_set/stuttering/7066910146110393646_seg_022.wav,7066910146110393646,stuttering,train
7066910146110393646_seg_023.wav,data/processed/train_set/stuttering/7066910146110393646_seg_023.wav,7066910146110393646,stuttering,train
7066910146110393646_seg_024.wav,data/processed/train_set/stuttering/7066910146110393646_seg_024.wav,7066910146110393646,stuttering,train
7066910146110393646_seg_025.wav,data/processed/train_set/stuttering/7066910146110393646_seg_025.wav,7066910146110393646,stuttering,train
7066910146110393646_seg_026.wav,data/processed/train_set/stuttering/7066910146110393646_seg_026.wav,7066910146110393646,stuttering,train
7066910146110393646_seg_027.wav,data/processed/train_set/stuttering/7066910146110393646_seg_027.wav,7066910146110393646,stuttering,train
7066910146110393646_seg_028.wav,data/processed/train_set/stuttering/7066910146110393646_seg_028.wav,7066910146110393646,stuttering,train
7066910146110393646_seg_029.wav,data/processed/train_set/stuttering/7066910146110393646_seg_029.wav,7066910146110393646,stuttering,train
7066910146110393646_seg_030.wav,data/processed/train_set/stuttering/7066910146110393646_seg_030.wav,7066910146110393646,stuttering,train
7066910146110393646_seg_031.wav,data/processed/train_set/stuttering/7066910146110393646_seg_031.wav,7066910146110393646,stuttering,train
7066910146110393646_seg_032.wav,data/processed/train_set/stuttering/7066910146110393646_seg_032.wav,7066910146110393646,stuttering,train
7097605874394385670_seg_000.wav,data/processed/train_set/stuttering/7097605874394385670_seg_000.wav,7097605874394385670,stuttering,train
7097605874394385670_seg_001.wav,data/processed/train_set/stuttering/7097605874394385670_seg_001.wav,7097605874394385670,stuttering,train
7097605874394385670_seg_003.wav,data/processed/train_set/stuttering/7097605874394385670_seg_003.wav,7097605874394385670,stuttering,train
7097605874394385670_seg_004.wav,data/processed/train_set/stuttering/7097605874394385670_seg_004.wav,7097605874394385670,stuttering,train
7097605874394385670_seg_006.wav,data/processed/train_set/stuttering/7097605874394385670_seg_006.wav,7097605874394385670,stuttering,train
7097605874394385670_seg_008.wav,data/processed/train_set/stuttering/7097605874394385670_seg_008.wav,7097605874394385670,stuttering,train
7097605874394385670_seg_009.wav,data/processed/train_set/stuttering/7097605874394385670_seg_009.wav,7097605874394385670,stuttering,train
7097605874394385670_seg_010.wav,data/processed/train_set/stuttering/7097605874394385670_seg_010.wav,7097605874394385670,stuttering,train
7097605874394385670_seg_011.wav,data/processed/train_set/stuttering/7097605874394385670_seg_011.wav,7097605874394385670,stuttering,train
7097605874394385670_seg_012.wav,data/processed/train_set/stuttering/7097605874394385670_seg_012.wav,7097605874394385670,stuttering,train
7097605874394385670_seg_014.wav,data/processed/train_set/stuttering/7097605874394385670_seg_014.wav,7097605874394385670,stuttering,train
7097605874394385670_seg_016.wav,data/processed/train_set/stuttering/7097605874394385670_seg_016.wav,7097605874394385670,stuttering,train
7097605874394385670_seg_017.wav,data/processed/train_set/stuttering/7097605874394385670_seg_017.wav,7097605874394385670,stuttering,train
7097605874394385670_seg_018.wav,data/processed/train_set/stuttering/7097605874394385670_seg_018.wav,7097605874394385670,stuttering,train
7097605874394385670_seg_021.wav,data/processed/train_set/stuttering/7097605874394385670_seg_021.wav,7097605874394385670,stuttering,train
7097605874394385670_seg_022.wav,data/processed/train_set/stuttering/7097605874394385670_seg_022.wav,7097605874394385670,stuttering,train
7097605874394385670_seg_023.wav,data/processed/train_set/stuttering/7097605874394385670_seg_023.wav,7097605874394385670,stuttering,train
7097605874394385670_seg_024.wav,data/processed/train_set/stuttering/7097605874394385670_seg_024.wav,7097605874394385670,stuttering,train
7097605874394385670_seg_025.wav,data/processed/train_set/stuttering/7097605874394385670_seg_025.wav,7097605874394385670,stuttering,train
7097605874394385670_seg_026.wav,data/processed/train_set/stuttering/7097605874394385670_seg_026.wav,7097605874394385670,stuttering,train
7097605874394385670_seg_027.wav,data/processed/train_set/stuttering/7097605874394385670_seg_027.wav,7097605874394385670,stuttering,train
7097605874394385670_seg_029.wav,data/processed/train_set/stuttering/7097605874394385670_seg_029.wav,7097605874394385670,stuttering,train
7097605874394385670_seg_030.wav,data/processed/train_set/stuttering/7097605874394385670_seg_030.wav,7097605874394385670,stuttering,train
7097605874394385670_seg_031.wav,data/processed/train_set/stuttering/7097605874394385670_seg_031.wav,7097605874394385670,stuttering,train
7097605874394385670_seg_032.wav,data/processed/train_set/stuttering/7097605874394385670_seg_032.wav,7097605874394385670,stuttering,train
7097605874394385670_seg_033.wav,data/processed/train_set/stuttering/7097605874394385670_seg_033.wav,7097605874394385670,stuttering,train
7097605874394385670_seg_035.wav,data/processed/train_set/stuttering/7097605874394385670_seg_035.wav,7097605874394385670,stuttering,train
7097605874394385670_seg_036.wav,data/processed/train_set/stuttering/7097605874394385670_seg_036.wav,7097605874394385670,stuttering,train
7097605874394385670_seg_037.wav,data/processed/train_set/stuttering/7097605874394385670_seg_037.wav,7097605874394385670,stuttering,train
7097605874394385670_seg_038.wav,data/processed/train_set/stuttering/7097605874394385670_seg_038.wav,7097605874394385670,stuttering,train
7097605874394385670_seg_039.wav,data/processed/train_set/stuttering/7097605874394385670_seg_039.wav,7097605874394385670,stuttering,train
7097605874394385670_seg_040.wav,data/processed/train_set/stuttering/7097605874394385670_seg_040.wav,7097605874394385670,stuttering,train
7097605874394385670_seg_041.wav,data/processed/train_set/stuttering/7097605874394385670_seg_041.wav,7097605874394385670,stuttering,train
7097605874394385670_seg_042.wav,data/processed/train_set/stuttering/7097605874394385670_seg_042.wav,7097605874394385670,stuttering,train
7097605874394385670_seg_043.wav,data/processed/train_set/stuttering/7097605874394385670_seg_043.wav,7097605874394385670,stuttering,train
7334481576874577154_seg_000.wav,data/processed/train_set/stuttering/7334481576874577154_seg_000.wav,7334481576874577154,stuttering,train
7334481576874577154_seg_001.wav,data/processed/train_set/stuttering/7334481576874577154_seg_001.wav,7334481576874577154,stuttering,train
7334481576874577154_seg_002.wav,data/processed/train_set/stuttering/7334481576874577154_seg_002.wav,7334481576874577154,stuttering,train
7334481576874577154_seg_003.wav,data/processed/train_set/stuttering/7334481576874577154_seg_003.wav,7334481576874577154,stuttering,train
7334481576874577154_seg_004.wav,data/processed/train_set/stuttering/7334481576874577154_seg_004.wav,7334481576874577154,stuttering,train
7334481576874577154_seg_005.wav,data/processed/train_set/stuttering/7334481576874577154_seg_005.wav,7334481576874577154,stuttering,train
7334481576874577154_seg_006.wav,data/processed/train_set/stuttering/7334481576874577154_seg_006.wav,7334481576874577154,stuttering,train
7334481576874577154_seg_007.wav,data/processed/train_set/stuttering/7334481576874577154_seg_007.wav,7334481576874577154,stuttering,train
7334481576874577154_seg_008.wav,data/processed/train_set/stuttering/7334481576874577154_seg_008.wav,7334481576874577154,stuttering,train
7334481576874577154_seg_009.wav,data/processed/train_set/stuttering/7334481576874577154_seg_009.wav,7334481576874577154,stuttering,train
7334481576874577154_seg_010.wav,data/processed/train_set/stuttering/7334481576874577154_seg_010.wav,7334481576874577154,stuttering,train
7334481576874577154_seg_011.wav,data/processed/train_set/stuttering/7334481576874577154_seg_011.wav,7334481576874577154,stuttering,train
7334481576874577154_seg_012.wav,data/processed/train_set/stuttering/7334481576874577154_seg_012.wav,7334481576874577154,stuttering,train
7334481576874577154_seg_013.wav,data/processed/train_set/stuttering/7334481576874577154_seg_013.wav,7334481576874577154,stuttering,train
7334481576874577154_seg_014.wav,data/processed/train_set/stuttering/7334481576874577154_seg_014.wav,7334481576874577154,stuttering,train
7334481576874577154_seg_015.wav,data/processed/train_set/stuttering/7334481576874577154_seg_015.wav,7334481576874577154,stuttering,train
7334481576874577154_seg_016.wav,data/processed/train_set/stuttering/7334481576874577154_seg_016.wav,7334481576874577154,stuttering,train
7334481576874577154_seg_017.wav,data/processed/train_set/stuttering/7334481576874577154_seg_017.wav,7334481576874577154,stuttering,train
7334481576874577154_seg_018.wav,data/processed/train_set/stuttering/7334481576874577154_seg_018.wav,7334481576874577154,stuttering,train
7334481576874577154_seg_019.wav,data/processed/train_set/stuttering/7334481576874577154_seg_019.wav,7334481576874577154,stuttering,train
7334481576874577154_seg_020.wav,data/processed/train_set/stuttering/7334481576874577154_seg_020.wav,7334481576874577154,stuttering,train
7334481576874577154_seg_021.wav,data/processed/train_set/stuttering/7334481576874577154_seg_021.wav,7334481576874577154,stuttering,train
7334481576874577154_seg_022.wav,data/processed/train_set/stuttering/7334481576874577154_seg_022.wav,7334481576874577154,stuttering,train
7334481576874577154_seg_023.wav,data/processed/train_set/stuttering/7334481576874577154_seg_023.wav,7334481576874577154,stuttering,train
7334481576874577154_seg_024.wav,data/processed/train_set/stuttering/7334481576874577154_seg_024.wav,7334481576874577154,stuttering,train
7334481576874577154_seg_025.wav,data/processed/train_set/stuttering/7334481576874577154_seg_025.wav,7334481576874577154,stuttering,train
7334481576874577154_seg_026.wav,data/processed/train_set/stuttering/7334481576874577154_seg_026.wav,7334481576874577154,stuttering,train
7334481576874577154_seg_027.wav,data/processed/train_set/stuttering/7334481576874577154_seg_027.wav,7334481576874577154,stuttering,train
7334481576874577154_seg_028.wav,data/processed/train_set/stuttering/7334481576874577154_seg_028.wav,7334481576874577154,stuttering,train
7334481576874577154_seg_029.wav,data/processed/train_set/stuttering/7334481576874577154_seg_029.wav,7334481576874577154,stuttering,train
7334481576874577154_seg_030.wav,data/processed/train_set/stuttering/7334481576874577154_seg_030.wav,7334481576874577154,stuttering,train
7334481576874577154_seg_031.wav,data/processed/train_set/stuttering/7334481576874577154_seg_031.wav,7334481576874577154,stuttering,train
7334481576874577154_seg_032.wav,data/processed/train_set/stuttering/7334481576874577154_seg_032.wav,7334481576874577154,stuttering,train
7334481576874577154_seg_033.wav,data/processed/train_set/stuttering/7334481576874577154_seg_033.wav,7334481576874577154,stuttering,train
7334481576874577154_seg_034.wav,data/processed/train_set/stuttering/7334481576874577154_seg_034.wav,7334481576874577154,stuttering,train
7334481576874577154_seg_035.wav,data/processed/train_set/stuttering/7334481576874577154_seg_035.wav,7334481576874577154,stuttering,train
7334481576874577154_seg_036.wav,data/processed/train_set/stuttering/7334481576874577154_seg_036.wav,7334481576874577154,stuttering,train
7334481576874577154_seg_037.wav,data/processed/train_set/stuttering/7334481576874577154_seg_037.wav,7334481576874577154,stuttering,train
7334481576874577154_seg_038.wav,data/processed/train_set/stuttering/7334481576874577154_seg_038.wav,7334481576874577154,stuttering,train
7334481576874577154_seg_039.wav,data/processed/train_set/stuttering/7334481576874577154_seg_039.wav,7334481576874577154,stuttering,train
7334481576874577154_seg_040.wav,data/processed/train_set/stuttering/7334481576874577154_seg_040.wav,7334481576874577154,stuttering,train
7334481576874577154_seg_041.wav,data/processed/train_set/stuttering/7334481576874577154_seg_041.wav,7334481576874577154,stuttering,train
7334481576874577154_seg_042.wav,data/processed/train_set/stuttering/7334481576874577154_seg_042.wav,7334481576874577154,stuttering,train
7334481576874577154_seg_043.wav,data/processed/train_set/stuttering/7334481576874577154_seg_043.wav,7334481576874577154,stuttering,train
7334481576874577154_seg_044.wav,data/processed/train_set/stuttering/7334481576874577154_seg_044.wav,7334481576874577154,stuttering,train
7334481576874577154_seg_045.wav,data/processed/train_set/stuttering/7334481576874577154_seg_045.wav,7334481576874577154,stuttering,train
7334481576874577154_seg_046.wav,data/processed/train_set/stuttering/7334481576874577154_seg_046.wav,7334481576874577154,stuttering,train
7334481576874577154_seg_047.wav,data/processed/train_set/stuttering/7334481576874577154_seg_047.wav,7334481576874577154,stuttering,train
7334481576874577154_seg_048.wav,data/processed/train_set/stuttering/7334481576874577154_seg_048.wav,7334481576874577154,stuttering,train
7334481576874577154_seg_049.wav,data/processed/train_set/stuttering/7334481576874577154_seg_049.wav,7334481576874577154,stuttering,train
7334481576874577154_seg_050.wav,data/processed/train_set/stuttering/7334481576874577154_seg_050.wav,7334481576874577154,stuttering,train
7334481576874577154_seg_051.wav,data/processed/train_set/stuttering/7334481576874577154_seg_051.wav,7334481576874577154,stuttering,train
7334481576874577154_seg_052.wav,data/processed/train_set/stuttering/7334481576874577154_seg_052.wav,7334481576874577154,stuttering,train
7334481576874577154_seg_053.wav,data/processed/train_set/stuttering/7334481576874577154_seg_053.wav,7334481576874577154,stuttering,train
7334481576874577154_seg_054.wav,data/processed/train_set/stuttering/7334481576874577154_seg_054.wav,7334481576874577154,stuttering,train
7334481576874577154_seg_055.wav,data/processed/train_set/stuttering/7334481576874577154_seg_055.wav,7334481576874577154,stuttering,train
7348194719043734785_seg_000.wav,data/processed/train_set/stuttering/7348194719043734785_seg_000.wav,7348194719043734785,stuttering,train
7348194719043734785_seg_001.wav,data/processed/train_set/stuttering/7348194719043734785_seg_001.wav,7348194719043734785,stuttering,train
7348194719043734785_seg_002.wav,data/processed/train_set/stuttering/7348194719043734785_seg_002.wav,7348194719043734785,stuttering,train
7348194719043734785_seg_003.wav,data/processed/train_set/stuttering/7348194719043734785_seg_003.wav,7348194719043734785,stuttering,train
7348194719043734785_seg_004.wav,data/processed/train_set/stuttering/7348194719043734785_seg_004.wav,7348194719043734785,stuttering,train
7348194719043734785_seg_005.wav,data/processed/train_set/stuttering/7348194719043734785_seg_005.wav,7348194719043734785,stuttering,train
7348194719043734785_seg_006.wav,data/processed/train_set/stuttering/7348194719043734785_seg_006.wav,7348194719043734785,stuttering,train
7348194719043734785_seg_007.wav,data/processed/train_set/stuttering/7348194719043734785_seg_007.wav,7348194719043734785,stuttering,train
7348194719043734785_seg_008.wav,data/processed/train_set/stuttering/7348194719043734785_seg_008.wav,7348194719043734785,stuttering,train
7348194719043734785_seg_009.wav,data/processed/train_set/stuttering/7348194719043734785_seg_009.wav,7348194719043734785,stuttering,train
7348194719043734785_seg_010.wav,data/processed/train_set/stuttering/7348194719043734785_seg_010.wav,7348194719043734785,stuttering,train
7348194719043734785_seg_011.wav,data/processed/train_set/stuttering/7348194719043734785_seg_011.wav,7348194719043734785,stuttering,train
7348194719043734785_seg_012.wav,data/processed/train_set/stuttering/7348194719043734785_seg_012.wav,7348194719043734785,stuttering,train
7348194719043734785_seg_013.wav,data/processed/train_set/stuttering/7348194719043734785_seg_013.wav,7348194719043734785,stuttering,train
7348194719043734785_seg_014.wav,data/processed/train_set/stuttering/7348194719043734785_seg_014.wav,7348194719043734785,stuttering,train
7348194719043734785_seg_015.wav,data/processed/train_set/stuttering/7348194719043734785_seg_015.wav,7348194719043734785,stuttering,train
7348194719043734785_seg_016.wav,data/processed/train_set/stuttering/7348194719043734785_seg_016.wav,7348194719043734785,stuttering,train
7348194719043734785_seg_017.wav,data/processed/train_set/stuttering/7348194719043734785_seg_017.wav,7348194719043734785,stuttering,train
7348194719043734785_seg_018.wav,data/processed/train_set/stuttering/7348194719043734785_seg_018.wav,7348194719043734785,stuttering,train
7348194719043734785_seg_019.wav,data/processed/train_set/stuttering/7348194719043734785_seg_019.wav,7348194719043734785,stuttering,train
7348194719043734785_seg_020.wav,data/processed/train_set/stuttering/7348194719043734785_seg_020.wav,7348194719043734785,stuttering,train
7348194719043734785_seg_021.wav,data/processed/train_set/stuttering/7348194719043734785_seg_021.wav,7348194719043734785,stuttering,train
7348194719043734785_seg_022.wav,data/processed/train_set/stuttering/7348194719043734785_seg_022.wav,7348194719043734785,stuttering,train
7348194719043734785_seg_023.wav,data/processed/train_set/stuttering/7348194719043734785_seg_023.wav,7348194719043734785,stuttering,train
7348194719043734785_seg_024.wav,data/processed/train_set/stuttering/7348194719043734785_seg_024.wav,7348194719043734785,stuttering,train
7348194719043734785_seg_025.wav,data/processed/train_set/stuttering/7348194719043734785_seg_025.wav,7348194719043734785,stuttering,train
7348194719043734785_seg_026.wav,data/processed/train_set/stuttering/7348194719043734785_seg_026.wav,7348194719043734785,stuttering,train
7348194719043734785_seg_027.wav,data/processed/train_set/stuttering/7348194719043734785_seg_027.wav,7348194719043734785,stuttering,train
7348194719043734785_seg_028.wav,data/processed/train_set/stuttering/7348194719043734785_seg_028.wav,7348194719043734785,stuttering,train
7348194719043734785_seg_029.wav,data/processed/train_set/stuttering/7348194719043734785_seg_029.wav,7348194719043734785,stuttering,train
7348194719043734785_seg_030.wav,data/processed/train_set/stuttering/7348194719043734785_seg_030.wav,7348194719043734785,stuttering,train
7348194719043734785_seg_031.wav,data/processed/train_set/stuttering/7348194719043734785_seg_031.wav,7348194719043734785,stuttering,train
7348194719043734785_seg_032.wav,data/processed/train_set/stuttering/7348194719043734785_seg_032.wav,7348194719043734785,stuttering,train
7348194719043734785_seg_033.wav,data/processed/train_set/stuttering/7348194719043734785_seg_033.wav,7348194719043734785,stuttering,train
7348194719043734785_seg_034.wav,data/processed/train_set/stuttering/7348194719043734785_seg_034.wav,7348194719043734785,stuttering,train
7348194719043734785_seg_035.wav,data/processed/train_set/stuttering/7348194719043734785_seg_035.wav,7348194719043734785,stuttering,train
7348194719043734785_seg_036.wav,data/processed/train_set/stuttering/7348194719043734785_seg_036.wav,7348194719043734785,stuttering,train
7509547240784989482_seg_000.wav,data/processed/train_set/stuttering/7509547240784989482_seg_000.wav,7509547240784989482,stuttering,train
7509547240784989482_seg_001.wav,data/processed/train_set/stuttering/7509547240784989482_seg_001.wav,7509547240784989482,stuttering,train
7509547240784989482_seg_002.wav,data/processed/train_set/stuttering/7509547240784989482_seg_002.wav,7509547240784989482,stuttering,train
7509547240784989482_seg_003.wav,data/processed/train_set/stuttering/7509547240784989482_seg_003.wav,7509547240784989482,stuttering,train
7509547240784989482_seg_004.wav,data/processed/train_set/stuttering/7509547240784989482_seg_004.wav,7509547240784989482,stuttering,train
7509547240784989482_seg_005.wav,data/processed/train_set/stuttering/7509547240784989482_seg_005.wav,7509547240784989482,stuttering,train
7518094567300730167_seg_000.wav,data/processed/train_set/stuttering/7518094567300730167_seg_000.wav,7518094567300730167,stuttering,train
7518094567300730167_seg_001.wav,data/processed/train_set/stuttering/7518094567300730167_seg_001.wav,7518094567300730167,stuttering,train
7518094567300730167_seg_002.wav,data/processed/train_set/stuttering/7518094567300730167_seg_002.wav,7518094567300730167,stuttering,train
7518094567300730167_seg_003.wav,data/processed/train_set/stuttering/7518094567300730167_seg_003.wav,7518094567300730167,stuttering,train
7518094567300730167_seg_004.wav,data/processed/train_set/stuttering/7518094567300730167_seg_004.wav,7518094567300730167,stuttering,train
7518094567300730167_seg_005.wav,data/processed/train_set/stuttering/7518094567300730167_seg_005.wav,7518094567300730167,stuttering,train
7518094567300730167_seg_006.wav,data/processed/train_set/stuttering/7518094567300730167_seg_006.wav,7518094567300730167,stuttering,train
7518094567300730167_seg_007.wav,data/processed/train_set/stuttering/7518094567300730167_seg_007.wav,7518094567300730167,stuttering,train
7518094567300730167_seg_008.wav,data/processed/train_set/stuttering/7518094567300730167_seg_008.wav,7518094567300730167,stuttering,train
7518094567300730167_seg_009.wav,data/processed/train_set/stuttering/7518094567300730167_seg_009.wav,7518094567300730167,stuttering,train
7518094567300730167_seg_010.wav,data/processed/train_set/stuttering/7518094567300730167_seg_010.wav,7518094567300730167,stuttering,train
7518094567300730167_seg_011.wav,data/processed/train_set/stuttering/7518094567300730167_seg_011.wav,7518094567300730167,stuttering,train
7518094567300730167_seg_012.wav,data/processed/train_set/stuttering/7518094567300730167_seg_012.wav,7518094567300730167,stuttering,train
7518094567300730167_seg_013.wav,data/processed/train_set/stuttering/7518094567300730167_seg_013.wav,7518094567300730167,stuttering,train
7518094567300730167_seg_014.wav,data/processed/train_set/stuttering/7518094567300730167_seg_014.wav,7518094567300730167,stuttering,train
7518094567300730167_seg_015.wav,data/processed/train_set/stuttering/7518094567300730167_seg_015.wav,7518094567300730167,stuttering,train
7518094567300730167_seg_016.wav,data/processed/train_set/stuttering/7518094567300730167_seg_016.wav,7518094567300730167,stuttering,train
7518094567300730167_seg_017.wav,data/processed/train_set/stuttering/7518094567300730167_seg_017.wav,7518094567300730167,stuttering,train
7518094567300730167_seg_018.wav,data/processed/train_set/stuttering/7518094567300730167_seg_018.wav,7518094567300730167,stuttering,train
7518094567300730167_seg_019.wav,data/processed/train_set/stuttering/7518094567300730167_seg_019.wav,7518094567300730167,stuttering,train
7518094567300730167_seg_020.wav,data/processed/train_set/stuttering/7518094567300730167_seg_020.wav,7518094567300730167,stuttering,train
7518094567300730167_seg_021.wav,data/processed/train_set/stuttering/7518094567300730167_seg_021.wav,7518094567300730167,stuttering,train
7583132378218958093_seg_000.wav,data/processed/train_set/stuttering/7583132378218958093_seg_000.wav,7583132378218958093,stuttering,train
7583132378218958093_seg_001.wav,data/processed/train_set/stuttering/7583132378218958093_seg_001.wav,7583132378218958093,stuttering,train
7583132378218958093_seg_002.wav,data/processed/train_set/stuttering/7583132378218958093_seg_002.wav,7583132378218958093,stuttering,train
7583132378218958093_seg_003.wav,data/processed/train_set/stuttering/7583132378218958093_seg_003.wav,7583132378218958093,stuttering,train
7583132378218958093_seg_004.wav,data/processed/train_set/stuttering/7583132378218958093_seg_004.wav,7583132378218958093,stuttering,train
7583132378218958093_seg_005.wav,data/processed/train_set/stuttering/7583132378218958093_seg_005.wav,7583132378218958093,stuttering,train
7583132378218958093_seg_006.wav,data/processed/train_set/stuttering/7583132378218958093_seg_006.wav,7583132378218958093,stuttering,train
7583132378218958093_seg_007.wav,data/processed/train_set/stuttering/7583132378218958093_seg_007.wav,7583132378218958093,stuttering,train
7583132378218958093_seg_008.wav,data/processed/train_set/stuttering/7583132378218958093_seg_008.wav,7583132378218958093,stuttering,train
7583132378218958093_seg_009.wav,data/processed/train_set/stuttering/7583132378218958093_seg_009.wav,7583132378218958093,stuttering,train
7583132378218958093_seg_010.wav,data/processed/train_set/stuttering/7583132378218958093_seg_010.wav,7583132378218958093,stuttering,train
7583132378218958093_seg_011.wav,data/processed/train_set/stuttering/7583132378218958093_seg_011.wav,7583132378218958093,stuttering,train
7583132378218958093_seg_012.wav,data/processed/train_set/stuttering/7583132378218958093_seg_012.wav,7583132378218958093,stuttering,train
7583132378218958093_seg_013.wav,data/processed/train_set/stuttering/7583132378218958093_seg_013.wav,7583132378218958093,stuttering,train
7583132378218958093_seg_014.wav,data/processed/train_set/stuttering/7583132378218958093_seg_014.wav,7583132378218958093,stuttering,train
7583132378218958093_seg_015.wav,data/processed/train_set/stuttering/7583132378218958093_seg_015.wav,7583132378218958093,stuttering,train
7583132378218958093_seg_016.wav,data/processed/train_set/stuttering/7583132378218958093_seg_016.wav,7583132378218958093,stuttering,train
7583132378218958093_seg_017.wav,data/processed/train_set/stuttering/7583132378218958093_seg_017.wav,7583132378218958093,stuttering,train
7583132378218958093_seg_018.wav,data/processed/train_set/stuttering/7583132378218958093_seg_018.wav,7583132378218958093,stuttering,train
7583132378218958093_seg_019.wav,data/processed/train_set/stuttering/7583132378218958093_seg_019.wav,7583132378218958093,stuttering,train
7583132378218958093_seg_020.wav,data/processed/train_set/stuttering/7583132378218958093_seg_020.wav,7583132378218958093,stuttering,train
7583132378218958093_seg_021.wav,data/processed/train_set/stuttering/7583132378218958093_seg_021.wav,7583132378218958093,stuttering,train
7583132378218958093_seg_022.wav,data/processed/train_set/stuttering/7583132378218958093_seg_022.wav,7583132378218958093,stuttering,train
7583132378218958093_seg_023.wav,data/processed/train_set/stuttering/7583132378218958093_seg_023.wav,7583132378218958093,stuttering,train
7583132378218958093_seg_024.wav,data/processed/train_set/stuttering/7583132378218958093_seg_024.wav,7583132378218958093,stuttering,train
7583132378218958093_seg_025.wav,data/processed/train_set/stuttering/7583132378218958093_seg_025.wav,7583132378218958093,stuttering,train
7583132378218958093_seg_026.wav,data/processed/train_set/stuttering/7583132378218958093_seg_026.wav,7583132378218958093,stuttering,train
7583132378218958093_seg_027.wav,data/processed/train_set/stuttering/7583132378218958093_seg_027.wav,7583132378218958093,stuttering,train
7583132378218958093_seg_028.wav,data/processed/train_set/stuttering/7583132378218958093_seg_028.wav,7583132378218958093,stuttering,train
7583132378218958093_seg_029.wav,data/processed/train_set/stuttering/7583132378218958093_seg_029.wav,7583132378218958093,stuttering,train
7583132378218958093_seg_030.wav,data/processed/train_set/stuttering/7583132378218958093_seg_030.wav,7583132378218958093,stuttering,train
7583132378218958093_seg_031.wav,data/processed/train_set/stuttering/7583132378218958093_seg_031.wav,7583132378218958093,stuttering,train
7592299166060055839_seg_000.wav,data/processed/train_set/stuttering/7592299166060055839_seg_000.wav,7592299166060055839,stuttering,train
7592299166060055839_seg_001.wav,data/processed/train_set/stuttering/7592299166060055839_seg_001.wav,7592299166060055839,stuttering,train
7592299166060055839_seg_002.wav,data/processed/train_set/stuttering/7592299166060055839_seg_002.wav,7592299166060055839,stuttering,train
7592299166060055839_seg_003.wav,data/processed/train_set/stuttering/7592299166060055839_seg_003.wav,7592299166060055839,stuttering,train
7592299166060055839_seg_004.wav,data/processed/train_set/stuttering/7592299166060055839_seg_004.wav,7592299166060055839,stuttering,train
7592299166060055839_seg_005.wav,data/processed/train_set/stuttering/7592299166060055839_seg_005.wav,7592299166060055839,stuttering,train
7592299166060055839_seg_006.wav,data/processed/train_set/stuttering/7592299166060055839_seg_006.wav,7592299166060055839,stuttering,train
7592299166060055839_seg_007.wav,data/processed/train_set/stuttering/7592299166060055839_seg_007.wav,7592299166060055839,stuttering,train
7592299166060055839_seg_008.wav,data/processed/train_set/stuttering/7592299166060055839_seg_008.wav,7592299166060055839,stuttering,train
7592299166060055839_seg_009.wav,data/processed/train_set/stuttering/7592299166060055839_seg_009.wav,7592299166060055839,stuttering,train
7592299166060055839_seg_010.wav,data/processed/train_set/stuttering/7592299166060055839_seg_010.wav,7592299166060055839,stuttering,train
7592299166060055839_seg_011.wav,data/processed/train_set/stuttering/7592299166060055839_seg_011.wav,7592299166060055839,stuttering,train
7592299166060055839_seg_012.wav,data/processed/train_set/stuttering/7592299166060055839_seg_012.wav,7592299166060055839,stuttering,train
7592299166060055839_seg_014.wav,data/processed/train_set/stuttering/7592299166060055839_seg_014.wav,7592299166060055839,stuttering,train
7592299166060055839_seg_015.wav,data/processed/train_set/stuttering/7592299166060055839_seg_015.wav,7592299166060055839,stuttering,train
7592299166060055839_seg_016.wav,data/processed/train_set/stuttering/7592299166060055839_seg_016.wav,7592299166060055839,stuttering,train
7592299166060055839_seg_017.wav,data/processed/train_set/stuttering/7592299166060055839_seg_017.wav,7592299166060055839,stuttering,train
7592299166060055839_seg_018.wav,data/processed/train_set/stuttering/7592299166060055839_seg_018.wav,7592299166060055839,stuttering,train
7592299166060055839_seg_019.wav,data/processed/train_set/stuttering/7592299166060055839_seg_019.wav,7592299166060055839,stuttering,train
7592299166060055839_seg_020.wav,data/processed/train_set/stuttering/7592299166060055839_seg_020.wav,7592299166060055839,stuttering,train
7592299166060055839_seg_021.wav,data/processed/train_set/stuttering/7592299166060055839_seg_021.wav,7592299166060055839,stuttering,train
7592299166060055839_seg_022.wav,data/processed/train_set/stuttering/7592299166060055839_seg_022.wav,7592299166060055839,stuttering,train
7592299166060055839_seg_023.wav,data/processed/train_set/stuttering/7592299166060055839_seg_023.wav,7592299166060055839,stuttering,train
7592299166060055839_seg_024.wav,data/processed/train_set/stuttering/7592299166060055839_seg_024.wav,7592299166060055839,stuttering,train
7592299166060055839_seg_025.wav,data/processed/train_set/stuttering/7592299166060055839_seg_025.wav,7592299166060055839,stuttering,train
7592299166060055839_seg_026.wav,data/processed/train_set/stuttering/7592299166060055839_seg_026.wav,7592299166060055839,stuttering,train
AdgBK2_WQK0_seg_000.wav,data/processed/train_set/stuttering/AdgBK2_WQK0_seg_000.wav,AdgBK2_WQK0,stuttering,train
AdgBK2_WQK0_seg_001.wav,data/processed/train_set/stuttering/AdgBK2_WQK0_seg_001.wav,AdgBK2_WQK0,stuttering,train
AdgBK2_WQK0_seg_002.wav,data/processed/train_set/stuttering/AdgBK2_WQK0_seg_002.wav,AdgBK2_WQK0,stuttering,train
AdgBK2_WQK0_seg_003.wav,data/processed/train_set/stuttering/AdgBK2_WQK0_seg_003.wav,AdgBK2_WQK0,stuttering,train
AdgBK2_WQK0_seg_004.wav,data/processed/train_set/stuttering/AdgBK2_WQK0_seg_004.wav,AdgBK2_WQK0,stuttering,train
AdgBK2_WQK0_seg_005.wav,data/processed/train_set/stuttering/AdgBK2_WQK0_seg_005.wav,AdgBK2_WQK0,stuttering,train
AdgBK2_WQK0_seg_006.wav,data/processed/train_set/stuttering/AdgBK2_WQK0_seg_006.wav,AdgBK2_WQK0,stuttering,train
AdgBK2_WQK0_seg_007.wav,data/processed/train_set/stuttering/AdgBK2_WQK0_seg_007.wav,AdgBK2_WQK0,stuttering,train
AdgBK2_WQK0_seg_008.wav,data/processed/train_set/stuttering/AdgBK2_WQK0_seg_008.wav,AdgBK2_WQK0,stuttering,train
AdgBK2_WQK0_seg_009.wav,data/processed/train_set/stuttering/AdgBK2_WQK0_seg_009.wav,AdgBK2_WQK0,stuttering,train
AdgBK2_WQK0_seg_010.wav,data/processed/train_set/stuttering/AdgBK2_WQK0_seg_010.wav,AdgBK2_WQK0,stuttering,train
AdgBK2_WQK0_seg_011.wav,data/processed/train_set/stuttering/AdgBK2_WQK0_seg_011.wav,AdgBK2_WQK0,stuttering,train
AdgBK2_WQK0_seg_012.wav,data/processed/train_set/stuttering/AdgBK2_WQK0_seg_012.wav,AdgBK2_WQK0,stuttering,train
AdgBK2_WQK0_seg_013.wav,data/processed/train_set/stuttering/AdgBK2_WQK0_seg_013.wav,AdgBK2_WQK0,stuttering,train
AdgBK2_WQK0_seg_014.wav,data/processed/train_set/stuttering/AdgBK2_WQK0_seg_014.wav,AdgBK2_WQK0,stuttering,train
AdgBK2_WQK0_seg_015.wav,data/processed/train_set/stuttering/AdgBK2_WQK0_seg_015.wav,AdgBK2_WQK0,stuttering,train
AdgBK2_WQK0_seg_016.wav,data/processed/train_set/stuttering/AdgBK2_WQK0_seg_016.wav,AdgBK2_WQK0,stuttering,train
AdgBK2_WQK0_seg_017.wav,data/processed/train_set/stuttering/AdgBK2_WQK0_seg_017.wav,AdgBK2_WQK0,stuttering,train
AdgBK2_WQK0_seg_018.wav,data/processed/train_set/stuttering/AdgBK2_WQK0_seg_018.wav,AdgBK2_WQK0,stuttering,train
AdgBK2_WQK0_seg_019.wav,data/processed/train_set/stuttering/AdgBK2_WQK0_seg_019.wav,AdgBK2_WQK0,stuttering,train
AdgBK2_WQK0_seg_020.wav,data/processed/train_set/stuttering/AdgBK2_WQK0_seg_020.wav,AdgBK2_WQK0,stuttering,train
AdgBK2_WQK0_seg_021.wav,data/processed/train_set/stuttering/AdgBK2_WQK0_seg_021.wav,AdgBK2_WQK0,stuttering,train
AdgBK2_WQK0_seg_022.wav,data/processed/train_set/stuttering/AdgBK2_WQK0_seg_022.wav,AdgBK2_WQK0,stuttering,train
AdgBK2_WQK0_seg_023.wav,data/processed/train_set/stuttering/AdgBK2_WQK0_seg_023.wav,AdgBK2_WQK0,stuttering,train
AdgBK2_WQK0_seg_024.wav,data/processed/train_set/stuttering/AdgBK2_WQK0_seg_024.wav,AdgBK2_WQK0,stuttering,train
AdgBK2_WQK0_seg_025.wav,data/processed/train_set/stuttering/AdgBK2_WQK0_seg_025.wav,AdgBK2_WQK0,stuttering,train
AdgBK2_WQK0_seg_026.wav,data/processed/train_set/stuttering/AdgBK2_WQK0_seg_026.wav,AdgBK2_WQK0,stuttering,train
AdgBK2_WQK0_seg_027.wav,data/processed/train_set/stuttering/AdgBK2_WQK0_seg_027.wav,AdgBK2_WQK0,stuttering,train
AdgBK2_WQK0_seg_028.wav,data/processed/train_set/stuttering/AdgBK2_WQK0_seg_028.wav,AdgBK2_WQK0,stuttering,train
AdgBK2_WQK0_seg_029.wav,data/processed/train_set/stuttering/AdgBK2_WQK0_seg_029.wav,AdgBK2_WQK0,stuttering,train
AdgBK2_WQK0_seg_030.wav,data/processed/train_set/stuttering/AdgBK2_WQK0_seg_030.wav,AdgBK2_WQK0,stuttering,train
AdgBK2_WQK0_seg_031.wav,data/processed/train_set/stuttering/AdgBK2_WQK0_seg_031.wav,AdgBK2_WQK0,stuttering,train
AdgBK2_WQK0_seg_032.wav,data/processed/train_set/stuttering/AdgBK2_WQK0_seg_032.wav,AdgBK2_WQK0,stuttering,train
AdgBK2_WQK0_seg_033.wav,data/processed/train_set/stuttering/AdgBK2_WQK0_seg_033.wav,AdgBK2_WQK0,stuttering,train
AdgBK2_WQK0_seg_034.wav,data/processed/train_set/stuttering/AdgBK2_WQK0_seg_034.wav,AdgBK2_WQK0,stuttering,train
AdgBK2_WQK0_seg_035.wav,data/processed/train_set/stuttering/AdgBK2_WQK0_seg_035.wav,AdgBK2_WQK0,stuttering,train
AdgBK2_WQK0_seg_036.wav,data/processed/train_set/stuttering/AdgBK2_WQK0_seg_036.wav,AdgBK2_WQK0,stuttering,train
AdgBK2_WQK0_seg_037.wav,data/processed/train_set/stuttering/AdgBK2_WQK0_seg_037.wav,AdgBK2_WQK0,stuttering,train
AdgBK2_WQK0_seg_038.wav,data/processed/train_set/stuttering/AdgBK2_WQK0_seg_038.wav,AdgBK2_WQK0,stuttering,train
AdgBK2_WQK0_seg_039.wav,data/processed/train_set/stuttering/AdgBK2_WQK0_seg_039.wav,AdgBK2_WQK0,stuttering,train
AdgBK2_WQK0_seg_040.wav,data/processed/train_set/stuttering/AdgBK2_WQK0_seg_040.wav,AdgBK2_WQK0,stuttering,train
AdgBK2_WQK0_seg_041.wav,data/processed/train_set/stuttering/AdgBK2_WQK0_seg_041.wav,AdgBK2_WQK0,stuttering,train
AdgBK2_WQK0_seg_042.wav,data/processed/train_set/stuttering/AdgBK2_WQK0_seg_042.wav,AdgBK2_WQK0,stuttering,train
AdgBK2_WQK0_seg_043.wav,data/processed/train_set/stuttering/AdgBK2_WQK0_seg_043.wav,AdgBK2_WQK0,stuttering,train
AdgBK2_WQK0_seg_044.wav,data/processed/train_set/stuttering/AdgBK2_WQK0_seg_044.wav,AdgBK2_WQK0,stuttering,train
AdgBK2_WQK0_seg_045.wav,data/processed/train_set/stuttering/AdgBK2_WQK0_seg_045.wav,AdgBK2_WQK0,stuttering,train
AdgBK2_WQK0_seg_046.wav,data/processed/train_set/stuttering/AdgBK2_WQK0_seg_046.wav,AdgBK2_WQK0,stuttering,train
AdgBK2_WQK0_seg_047.wav,data/processed/train_set/stuttering/AdgBK2_WQK0_seg_047.wav,AdgBK2_WQK0,stuttering,train
AdgBK2_WQK0_seg_048.wav,data/processed/train_set/stuttering/AdgBK2_WQK0_seg_048.wav,AdgBK2_WQK0,stuttering,train
AdgBK2_WQK0_seg_049.wav,data/processed/train_set/stuttering/AdgBK2_WQK0_seg_049.wav,AdgBK2_WQK0,stuttering,train
AdgBK2_WQK0_seg_050.wav,data/processed/train_set/stuttering/AdgBK2_WQK0_seg_050.wav,AdgBK2_WQK0,stuttering,train
AdgBK2_WQK0_seg_051.wav,data/processed/train_set/stuttering/AdgBK2_WQK0_seg_051.wav,AdgBK2_WQK0,stuttering,train
AdgBK2_WQK0_seg_052.wav,data/processed/train_set/stuttering/AdgBK2_WQK0_seg_052.wav,AdgBK2_WQK0,stuttering,train
AdgBK2_WQK0_seg_053.wav,data/processed/train_set/stuttering/AdgBK2_WQK0_seg_053.wav,AdgBK2_WQK0,stuttering,train
AdgBK2_WQK0_seg_054.wav,data/processed/train_set/stuttering/AdgBK2_WQK0_seg_054.wav,AdgBK2_WQK0,stuttering,train
AdgBK2_WQK0_seg_055.wav,data/processed/train_set/stuttering/AdgBK2_WQK0_seg_055.wav,AdgBK2_WQK0,stuttering,train
AdgBK2_WQK0_seg_056.wav,data/processed/train_set/stuttering/AdgBK2_WQK0_seg_056.wav,AdgBK2_WQK0,stuttering,train
AdgBK2_WQK0_seg_057.wav,data/processed/train_set/stuttering/AdgBK2_WQK0_seg_057.wav,AdgBK2_WQK0,stuttering,train
AdgBK2_WQK0_seg_058.wav,data/processed/train_set/stuttering/AdgBK2_WQK0_seg_058.wav,AdgBK2_WQK0,stuttering,train
AdgBK2_WQK0_seg_059.wav,data/processed/train_set/stuttering/AdgBK2_WQK0_seg_059.wav,AdgBK2_WQK0,stuttering,train
AdgBK2_WQK0_seg_060.wav,data/processed/train_set/stuttering/AdgBK2_WQK0_seg_060.wav,AdgBK2_WQK0,stuttering,train
AdgBK2_WQK0_seg_061.wav,data/processed/train_set/stuttering/AdgBK2_WQK0_seg_061.wav,AdgBK2_WQK0,stuttering,train
AdgBK2_WQK0_seg_062.wav,data/processed/train_set/stuttering/AdgBK2_WQK0_seg_062.wav,AdgBK2_WQK0,stuttering,train
AdgBK2_WQK0_seg_063.wav,data/processed/train_set/stuttering/AdgBK2_WQK0_seg_063.wav,AdgBK2_WQK0,stuttering,train
AdgBK2_WQK0_seg_064.wav,data/processed/train_set/stuttering/AdgBK2_WQK0_seg_064.wav,AdgBK2_WQK0,stuttering,train
AdgBK2_WQK0_seg_065.wav,data/processed/train_set/stuttering/AdgBK2_WQK0_seg_065.wav,AdgBK2_WQK0,stuttering,train
AdgBK2_WQK0_seg_066.wav,data/processed/train_set/stuttering/AdgBK2_WQK0_seg_066.wav,AdgBK2_WQK0,stuttering,train
AdgBK2_WQK0_seg_067.wav,data/processed/train_set/stuttering/AdgBK2_WQK0_seg_067.wav,AdgBK2_WQK0,stuttering,train
AdgBK2_WQK0_seg_068.wav,data/processed/train_set/stuttering/AdgBK2_WQK0_seg_068.wav,AdgBK2_WQK0,stuttering,train
AdgBK2_WQK0_seg_069.wav,data/processed/train_set/stuttering/AdgBK2_WQK0_seg_069.wav,AdgBK2_WQK0,stuttering,train
AdgBK2_WQK0_seg_070.wav,data/processed/train_set/stuttering/AdgBK2_WQK0_seg_070.wav,AdgBK2_WQK0,stuttering,train
AdgBK2_WQK0_seg_071.wav,data/processed/train_set/stuttering/AdgBK2_WQK0_seg_071.wav,AdgBK2_WQK0,stuttering,train
AdgBK2_WQK0_seg_072.wav,data/processed/train_set/stuttering/AdgBK2_WQK0_seg_072.wav,AdgBK2_WQK0,stuttering,train
AdgBK2_WQK0_seg_073.wav,data/processed/train_set/stuttering/AdgBK2_WQK0_seg_073.wav,AdgBK2_WQK0,stuttering,train
AdgBK2_WQK0_seg_074.wav,data/processed/train_set/stuttering/AdgBK2_WQK0_seg_074.wav,AdgBK2_WQK0,stuttering,train
AdgBK2_WQK0_seg_075.wav,data/processed/train_set/stuttering/AdgBK2_WQK0_seg_075.wav,AdgBK2_WQK0,stuttering,train
AdgBK2_WQK0_seg_076.wav,data/processed/train_set/stuttering/AdgBK2_WQK0_seg_076.wav,AdgBK2_WQK0,stuttering,train
AdgBK2_WQK0_seg_077.wav,data/processed/train_set/stuttering/AdgBK2_WQK0_seg_077.wav,AdgBK2_WQK0,stuttering,train
AdgBK2_WQK0_seg_078.wav,data/processed/train_set/stuttering/AdgBK2_WQK0_seg_078.wav,AdgBK2_WQK0,stuttering,train
AdgBK2_WQK0_seg_079.wav,data/processed/train_set/stuttering/AdgBK2_WQK0_seg_079.wav,AdgBK2_WQK0,stuttering,train
AdgBK2_WQK0_seg_080.wav,data/processed/train_set/stuttering/AdgBK2_WQK0_seg_080.wav,AdgBK2_WQK0,stuttering,train
AdgBK2_WQK0_seg_081.wav,data/processed/train_set/stuttering/AdgBK2_WQK0_seg_081.wav,AdgBK2_WQK0,stuttering,train
AdgBK2_WQK0_seg_082.wav,data/processed/train_set/stuttering/AdgBK2_WQK0_seg_082.wav,AdgBK2_WQK0,stuttering,train
AdgBK2_WQK0_seg_083.wav,data/processed/train_set/stuttering/AdgBK2_WQK0_seg_083.wav,AdgBK2_WQK0,stuttering,train
AdgBK2_WQK0_seg_084.wav,data/processed/train_set/stuttering/AdgBK2_WQK0_seg_084.wav,AdgBK2_WQK0,stuttering,train
AdgBK2_WQK0_seg_085.wav,data/processed/train_set/stuttering/AdgBK2_WQK0_seg_085.wav,AdgBK2_WQK0,stuttering,train
AdgBK2_WQK0_seg_086.wav,data/processed/train_set/stuttering/AdgBK2_WQK0_seg_086.wav,AdgBK2_WQK0,stuttering,train
AdgBK2_WQK0_seg_087.wav,data/processed/train_set/stuttering/AdgBK2_WQK0_seg_087.wav,AdgBK2_WQK0,stuttering,train
AdgBK2_WQK0_seg_088.wav,data/processed/train_set/stuttering/AdgBK2_WQK0_seg_088.wav,AdgBK2_WQK0,stuttering,train
AdgBK2_WQK0_seg_089.wav,data/processed/train_set/stuttering/AdgBK2_WQK0_seg_089.wav,AdgBK2_WQK0,stuttering,train
AdgBK2_WQK0_seg_090.wav,data/processed/train_set/stuttering/AdgBK2_WQK0_seg_090.wav,AdgBK2_WQK0,stuttering,train
AdgBK2_WQK0_seg_091.wav,data/processed/train_set/stuttering/AdgBK2_WQK0_seg_091.wav,AdgBK2_WQK0,stuttering,train
AdgBK2_WQK0_seg_092.wav,data/processed/train_set/stuttering/AdgBK2_WQK0_seg_092.wav,AdgBK2_WQK0,stuttering,train
AdgBK2_WQK0_seg_093.wav,data/processed/train_set/stuttering/AdgBK2_WQK0_seg_093.wav,AdgBK2_WQK0,stuttering,train
AdgBK2_WQK0_seg_094.wav,data/processed/train_set/stuttering/AdgBK2_WQK0_seg_094.wav,AdgBK2_WQK0,stuttering,train
AdgBK2_WQK0_seg_095.wav,data/processed/train_set/stuttering/AdgBK2_WQK0_seg_095.wav,AdgBK2_WQK0,stuttering,train
AdgBK2_WQK0_seg_096.wav,data/processed/train_set/stuttering/AdgBK2_WQK0_seg_096.wav,AdgBK2_WQK0,stuttering,train
AdgBK2_WQK0_seg_097.wav,data/processed/train_set/stuttering/AdgBK2_WQK0_seg_097.wav,AdgBK2_WQK0,stuttering,train
AdgBK2_WQK0_seg_098.wav,data/processed/train_set/stuttering/AdgBK2_WQK0_seg_098.wav,AdgBK2_WQK0,stuttering,train
AdgBK2_WQK0_seg_099.wav,data/processed/train_set/stuttering/AdgBK2_WQK0_seg_099.wav,AdgBK2_WQK0,stuttering,train
AdgBK2_WQK0_seg_100.wav,data/processed/train_set/stuttering/AdgBK2_WQK0_seg_100.wav,AdgBK2_WQK0,stuttering,train
AdgBK2_WQK0_seg_101.wav,data/processed/train_set/stuttering/AdgBK2_WQK0_seg_101.wav,AdgBK2_WQK0,stuttering,train
AdgBK2_WQK0_seg_102.wav,data/processed/train_set/stuttering/AdgBK2_WQK0_seg_102.wav,AdgBK2_WQK0,stuttering,train
AdgBK2_WQK0_seg_103.wav,data/processed/train_set/stuttering/AdgBK2_WQK0_seg_103.wav,AdgBK2_WQK0,stuttering,train
AdgBK2_WQK0_seg_104.wav,data/processed/train_set/stuttering/AdgBK2_WQK0_seg_104.wav,AdgBK2_WQK0,stuttering,train
AdgBK2_WQK0_seg_105.wav,data/processed/train_set/stuttering/AdgBK2_WQK0_seg_105.wav,AdgBK2_WQK0,stuttering,train
AdgBK2_WQK0_seg_106.wav,data/processed/train_set/stuttering/AdgBK2_WQK0_seg_106.wav,AdgBK2_WQK0,stuttering,train
AdgBK2_WQK0_seg_107.wav,data/processed/train_set/stuttering/AdgBK2_WQK0_seg_107.wav,AdgBK2_WQK0,stuttering,train
AdgBK2_WQK0_seg_108.wav,data/processed/train_set/stuttering/AdgBK2_WQK0_seg_108.wav,AdgBK2_WQK0,stuttering,train
AdgBK2_WQK0_seg_109.wav,data/processed/train_set/stuttering/AdgBK2_WQK0_seg_109.wav,AdgBK2_WQK0,stuttering,train
AdgBK2_WQK0_seg_110.wav,data/processed/train_set/stuttering/AdgBK2_WQK0_seg_110.wav,AdgBK2_WQK0,stuttering,train
AdgBK2_WQK0_seg_111.wav,data/processed/train_set/stuttering/AdgBK2_WQK0_seg_111.wav,AdgBK2_WQK0,stuttering,train
AdgBK2_WQK0_seg_112.wav,data/processed/train_set/stuttering/AdgBK2_WQK0_seg_112.wav,AdgBK2_WQK0,stuttering,train
AdgBK2_WQK0_seg_113.wav,data/processed/train_set/stuttering/AdgBK2_WQK0_seg_113.wav,AdgBK2_WQK0,stuttering,train
AdgBK2_WQK0_seg_114.wav,data/processed/train_set/stuttering/AdgBK2_WQK0_seg_114.wav,AdgBK2_WQK0,stuttering,train
AdgBK2_WQK0_seg_115.wav,data/processed/train_set/stuttering/AdgBK2_WQK0_seg_115.wav,AdgBK2_WQK0,stuttering,train
AdgBK2_WQK0_seg_116.wav,data/processed/train_set/stuttering/AdgBK2_WQK0_seg_116.wav,AdgBK2_WQK0,stuttering,train
AdgBK2_WQK0_seg_117.wav,data/processed/train_set/stuttering/AdgBK2_WQK0_seg_117.wav,AdgBK2_WQK0,stuttering,train
AdgBK2_WQK0_seg_118.wav,data/processed/train_set/stuttering/AdgBK2_WQK0_seg_118.wav,AdgBK2_WQK0,stuttering,train
AdgBK2_WQK0_seg_119.wav,data/processed/train_set/stuttering/AdgBK2_WQK0_seg_119.wav,AdgBK2_WQK0,stuttering,train
AdgBK2_WQK0_seg_120.wav,data/processed/train_set/stuttering/AdgBK2_WQK0_seg_120.wav,AdgBK2_WQK0,stuttering,train
AdgBK2_WQK0_seg_121.wav,data/processed/train_set/stuttering/AdgBK2_WQK0_seg_121.wav,AdgBK2_WQK0,stuttering,train
AdgBK2_WQK0_seg_122.wav,data/processed/train_set/stuttering/AdgBK2_WQK0_seg_122.wav,AdgBK2_WQK0,stuttering,train
AdgBK2_WQK0_seg_123.wav,data/processed/train_set/stuttering/AdgBK2_WQK0_seg_123.wav,AdgBK2_WQK0,stuttering,train
AdgBK2_WQK0_seg_124.wav,data/processed/train_set/stuttering/AdgBK2_WQK0_seg_124.wav,AdgBK2_WQK0,stuttering,train
AdgBK2_WQK0_seg_125.wav,data/processed/train_set/stuttering/AdgBK2_WQK0_seg_125.wav,AdgBK2_WQK0,stuttering,train
AdgBK2_WQK0_seg_126.wav,data/processed/train_set/stuttering/AdgBK2_WQK0_seg_126.wav,AdgBK2_WQK0,stuttering,train
AdgBK2_WQK0_seg_127.wav,data/processed/train_set/stuttering/AdgBK2_WQK0_seg_127.wav,AdgBK2_WQK0,stuttering,train
AdgBK2_WQK0_seg_128.wav,data/processed/train_set/stuttering/AdgBK2_WQK0_seg_128.wav,AdgBK2_WQK0,stuttering,train
AdgBK2_WQK0_seg_129.wav,data/processed/train_set/stuttering/AdgBK2_WQK0_seg_129.wav,AdgBK2_WQK0,stuttering,train
AdgBK2_WQK0_seg_130.wav,data/processed/train_set/stuttering/AdgBK2_WQK0_seg_130.wav,AdgBK2_WQK0,stuttering,train
AdgBK2_WQK0_seg_131.wav,data/processed/train_set/stuttering/AdgBK2_WQK0_seg_131.wav,AdgBK2_WQK0,stuttering,train
AdgBK2_WQK0_seg_132.wav,data/processed/train_set/stuttering/AdgBK2_WQK0_seg_132.wav,AdgBK2_WQK0,stuttering,train
AdgBK2_WQK0_seg_133.wav,data/processed/train_set/stuttering/AdgBK2_WQK0_seg_133.wav,AdgBK2_WQK0,stuttering,train
AdgBK2_WQK0_seg_134.wav,data/processed/train_set/stuttering/AdgBK2_WQK0_seg_134.wav,AdgBK2_WQK0,stuttering,train
AdgBK2_WQK0_seg_135.wav,data/processed/train_set/stuttering/AdgBK2_WQK0_seg_135.wav,AdgBK2_WQK0,stuttering,train
AdgBK2_WQK0_seg_136.wav,data/processed/train_set/stuttering/AdgBK2_WQK0_seg_136.wav,AdgBK2_WQK0,stuttering,train
AdgBK2_WQK0_seg_138.wav,data/processed/train_set/stuttering/AdgBK2_WQK0_seg_138.wav,AdgBK2_WQK0,stuttering,train
AdgBK2_WQK0_seg_139.wav,data/processed/train_set/stuttering/AdgBK2_WQK0_seg_139.wav,AdgBK2_WQK0,stuttering,train
AdgBK2_WQK0_seg_140.wav,data/processed/train_set/stuttering/AdgBK2_WQK0_seg_140.wav,AdgBK2_WQK0,stuttering,train
AdgBK2_WQK0_seg_141.wav,data/processed/train_set/stuttering/AdgBK2_WQK0_seg_141.wav,AdgBK2_WQK0,stuttering,train
AdgBK2_WQK0_seg_142.wav,data/processed/train_set/stuttering/AdgBK2_WQK0_seg_142.wav,AdgBK2_WQK0,stuttering,train
AdgBK2_WQK0_seg_143.wav,data/processed/train_set/stuttering/AdgBK2_WQK0_seg_143.wav,AdgBK2_WQK0,stuttering,train
AdgBK2_WQK0_seg_144.wav,data/processed/train_set/stuttering/AdgBK2_WQK0_seg_144.wav,AdgBK2_WQK0,stuttering,train
AdgBK2_WQK0_seg_145.wav,data/processed/train_set/stuttering/AdgBK2_WQK0_seg_145.wav,AdgBK2_WQK0,stuttering,train
AdgBK2_WQK0_seg_146.wav,data/processed/train_set/stuttering/AdgBK2_WQK0_seg_146.wav,AdgBK2_WQK0,stuttering,train
AdgBK2_WQK0_seg_147.wav,data/processed/train_set/stuttering/AdgBK2_WQK0_seg_147.wav,AdgBK2_WQK0,stuttering,train
AdgBK2_WQK0_seg_148.wav,data/processed/train_set/stuttering/AdgBK2_WQK0_seg_148.wav,AdgBK2_WQK0,stuttering,train
AdgBK2_WQK0_seg_149.wav,data/processed/train_set/stuttering/AdgBK2_WQK0_seg_149.wav,AdgBK2_WQK0,stuttering,train
AdgBK2_WQK0_seg_150.wav,data/processed/train_set/stuttering/AdgBK2_WQK0_seg_150.wav,AdgBK2_WQK0,stuttering,train
AdgBK2_WQK0_seg_151.wav,data/processed/train_set/stuttering/AdgBK2_WQK0_seg_151.wav,AdgBK2_WQK0,stuttering,train
aLyQSecljI0_seg_000.wav,data/processed/train_set/stuttering/aLyQSecljI0_seg_000.wav,aLyQSecljI0,stuttering,train
aLyQSecljI0_seg_001.wav,data/processed/train_set/stuttering/aLyQSecljI0_seg_001.wav,aLyQSecljI0,stuttering,train
aLyQSecljI0_seg_002.wav,data/processed/train_set/stuttering/aLyQSecljI0_seg_002.wav,aLyQSecljI0,stuttering,train
aLyQSecljI0_seg_003.wav,data/processed/train_set/stuttering/aLyQSecljI0_seg_003.wav,aLyQSecljI0,stuttering,train
aLyQSecljI0_seg_004.wav,data/processed/train_set/stuttering/aLyQSecljI0_seg_004.wav,aLyQSecljI0,stuttering,train
aLyQSecljI0_seg_005.wav,data/processed/train_set/stuttering/aLyQSecljI0_seg_005.wav,aLyQSecljI0,stuttering,train
aLyQSecljI0_seg_006.wav,data/processed/train_set/stuttering/aLyQSecljI0_seg_006.wav,aLyQSecljI0,stuttering,train
aLyQSecljI0_seg_007.wav,data/processed/train_set/stuttering/aLyQSecljI0_seg_007.wav,aLyQSecljI0,stuttering,train
aLyQSecljI0_seg_008.wav,data/processed/train_set/stuttering/aLyQSecljI0_seg_008.wav,aLyQSecljI0,stuttering,train
aLyQSecljI0_seg_009.wav,data/processed/train_set/stuttering/aLyQSecljI0_seg_009.wav,aLyQSecljI0,stuttering,train
aLyQSecljI0_seg_010.wav,data/processed/train_set/stuttering/aLyQSecljI0_seg_010.wav,aLyQSecljI0,stuttering,train
aLyQSecljI0_seg_011.wav,data/processed/train_set/stuttering/aLyQSecljI0_seg_011.wav,aLyQSecljI0,stuttering,train
aLyQSecljI0_seg_012.wav,data/processed/train_set/stuttering/aLyQSecljI0_seg_012.wav,aLyQSecljI0,stuttering,train
aLyQSecljI0_seg_013.wav,data/processed/train_set/stuttering/aLyQSecljI0_seg_013.wav,aLyQSecljI0,stuttering,train
aLyQSecljI0_seg_014.wav,data/processed/train_set/stuttering/aLyQSecljI0_seg_014.wav,aLyQSecljI0,stuttering,train
aLyQSecljI0_seg_015.wav,data/processed/train_set/stuttering/aLyQSecljI0_seg_015.wav,aLyQSecljI0,stuttering,train
aLyQSecljI0_seg_016.wav,data/processed/train_set/stuttering/aLyQSecljI0_seg_016.wav,aLyQSecljI0,stuttering,train
aLyQSecljI0_seg_017.wav,data/processed/train_set/stuttering/aLyQSecljI0_seg_017.wav,aLyQSecljI0,stuttering,train
aLyQSecljI0_seg_018.wav,data/processed/train_set/stuttering/aLyQSecljI0_seg_018.wav,aLyQSecljI0,stuttering,train
aLyQSecljI0_seg_019.wav,data/processed/train_set/stuttering/aLyQSecljI0_seg_019.wav,aLyQSecljI0,stuttering,train
aLyQSecljI0_seg_020.wav,data/processed/train_set/stuttering/aLyQSecljI0_seg_020.wav,aLyQSecljI0,stuttering,train
aLyQSecljI0_seg_021.wav,data/processed/train_set/stuttering/aLyQSecljI0_seg_021.wav,aLyQSecljI0,stuttering,train
aLyQSecljI0_seg_022.wav,data/processed/train_set/stuttering/aLyQSecljI0_seg_022.wav,aLyQSecljI0,stuttering,train
aLyQSecljI0_seg_023.wav,data/processed/train_set/stuttering/aLyQSecljI0_seg_023.wav,aLyQSecljI0,stuttering,train
aLyQSecljI0_seg_024.wav,data/processed/train_set/stuttering/aLyQSecljI0_seg_024.wav,aLyQSecljI0,stuttering,train
aLyQSecljI0_seg_025.wav,data/processed/train_set/stuttering/aLyQSecljI0_seg_025.wav,aLyQSecljI0,stuttering,train
aLyQSecljI0_seg_026.wav,data/processed/train_set/stuttering/aLyQSecljI0_seg_026.wav,aLyQSecljI0,stuttering,train
aLyQSecljI0_seg_027.wav,data/processed/train_set/stuttering/aLyQSecljI0_seg_027.wav,aLyQSecljI0,stuttering,train
aLyQSecljI0_seg_028.wav,data/processed/train_set/stuttering/aLyQSecljI0_seg_028.wav,aLyQSecljI0,stuttering,train
aLyQSecljI0_seg_029.wav,data/processed/train_set/stuttering/aLyQSecljI0_seg_029.wav,aLyQSecljI0,stuttering,train
aLyQSecljI0_seg_030.wav,data/processed/train_set/stuttering/aLyQSecljI0_seg_030.wav,aLyQSecljI0,stuttering,train
aLyQSecljI0_seg_031.wav,data/processed/train_set/stuttering/aLyQSecljI0_seg_031.wav,aLyQSecljI0,stuttering,train
aLyQSecljI0_seg_032.wav,data/processed/train_set/stuttering/aLyQSecljI0_seg_032.wav,aLyQSecljI0,stuttering,train
aLyQSecljI0_seg_033.wav,data/processed/train_set/stuttering/aLyQSecljI0_seg_033.wav,aLyQSecljI0,stuttering,train
aLyQSecljI0_seg_034.wav,data/processed/train_set/stuttering/aLyQSecljI0_seg_034.wav,aLyQSecljI0,stuttering,train
aLyQSecljI0_seg_035.wav,data/processed/train_set/stuttering/aLyQSecljI0_seg_035.wav,aLyQSecljI0,stuttering,train
aLyQSecljI0_seg_036.wav,data/processed/train_set/stuttering/aLyQSecljI0_seg_036.wav,aLyQSecljI0,stuttering,train
aLyQSecljI0_seg_037.wav,data/processed/train_set/stuttering/aLyQSecljI0_seg_037.wav,aLyQSecljI0,stuttering,train
aLyQSecljI0_seg_038.wav,data/processed/train_set/stuttering/aLyQSecljI0_seg_038.wav,aLyQSecljI0,stuttering,train
aLyQSecljI0_seg_039.wav,data/processed/train_set/stuttering/aLyQSecljI0_seg_039.wav,aLyQSecljI0,stuttering,train
aLyQSecljI0_seg_040.wav,data/processed/train_set/stuttering/aLyQSecljI0_seg_040.wav,aLyQSecljI0,stuttering,train
aLyQSecljI0_seg_041.wav,data/processed/train_set/stuttering/aLyQSecljI0_seg_041.wav,aLyQSecljI0,stuttering,train
aLyQSecljI0_seg_042.wav,data/processed/train_set/stuttering/aLyQSecljI0_seg_042.wav,aLyQSecljI0,stuttering,train
aLyQSecljI0_seg_043.wav,data/processed/train_set/stuttering/aLyQSecljI0_seg_043.wav,aLyQSecljI0,stuttering,train
aLyQSecljI0_seg_044.wav,data/processed/train_set/stuttering/aLyQSecljI0_seg_044.wav,aLyQSecljI0,stuttering,train
aLyQSecljI0_seg_045.wav,data/processed/train_set/stuttering/aLyQSecljI0_seg_045.wav,aLyQSecljI0,stuttering,train
aLyQSecljI0_seg_046.wav,data/processed/train_set/stuttering/aLyQSecljI0_seg_046.wav,aLyQSecljI0,stuttering,train
aLyQSecljI0_seg_047.wav,data/processed/train_set/stuttering/aLyQSecljI0_seg_047.wav,aLyQSecljI0,stuttering,train
aLyQSecljI0_seg_048.wav,data/processed/train_set/stuttering/aLyQSecljI0_seg_048.wav,aLyQSecljI0,stuttering,train
aLyQSecljI0_seg_049.wav,data/processed/train_set/stuttering/aLyQSecljI0_seg_049.wav,aLyQSecljI0,stuttering,train
aLyQSecljI0_seg_050.wav,data/processed/train_set/stuttering/aLyQSecljI0_seg_050.wav,aLyQSecljI0,stuttering,train
aLyQSecljI0_seg_051.wav,data/processed/train_set/stuttering/aLyQSecljI0_seg_051.wav,aLyQSecljI0,stuttering,train
aLyQSecljI0_seg_052.wav,data/processed/train_set/stuttering/aLyQSecljI0_seg_052.wav,aLyQSecljI0,stuttering,train
aLyQSecljI0_seg_053.wav,data/processed/train_set/stuttering/aLyQSecljI0_seg_053.wav,aLyQSecljI0,stuttering,train
aLyQSecljI0_seg_054.wav,data/processed/train_set/stuttering/aLyQSecljI0_seg_054.wav,aLyQSecljI0,stuttering,train
aLyQSecljI0_seg_055.wav,data/processed/train_set/stuttering/aLyQSecljI0_seg_055.wav,aLyQSecljI0,stuttering,train
aLyQSecljI0_seg_056.wav,data/processed/train_set/stuttering/aLyQSecljI0_seg_056.wav,aLyQSecljI0,stuttering,train
aLyQSecljI0_seg_057.wav,data/processed/train_set/stuttering/aLyQSecljI0_seg_057.wav,aLyQSecljI0,stuttering,train
aLyQSecljI0_seg_058.wav,data/processed/train_set/stuttering/aLyQSecljI0_seg_058.wav,aLyQSecljI0,stuttering,train
aLyQSecljI0_seg_059.wav,data/processed/train_set/stuttering/aLyQSecljI0_seg_059.wav,aLyQSecljI0,stuttering,train
aLyQSecljI0_seg_060.wav,data/processed/train_set/stuttering/aLyQSecljI0_seg_060.wav,aLyQSecljI0,stuttering,train
aLyQSecljI0_seg_061.wav,data/processed/train_set/stuttering/aLyQSecljI0_seg_061.wav,aLyQSecljI0,stuttering,train
aLyQSecljI0_seg_062.wav,data/processed/train_set/stuttering/aLyQSecljI0_seg_062.wav,aLyQSecljI0,stuttering,train
aLyQSecljI0_seg_063.wav,data/processed/train_set/stuttering/aLyQSecljI0_seg_063.wav,aLyQSecljI0,stuttering,train
aLyQSecljI0_seg_064.wav,data/processed/train_set/stuttering/aLyQSecljI0_seg_064.wav,aLyQSecljI0,stuttering,train
aLyQSecljI0_seg_065.wav,data/processed/train_set/stuttering/aLyQSecljI0_seg_065.wav,aLyQSecljI0,stuttering,train
aLyQSecljI0_seg_066.wav,data/processed/train_set/stuttering/aLyQSecljI0_seg_066.wav,aLyQSecljI0,stuttering,train
aLyQSecljI0_seg_067.wav,data/processed/train_set/stuttering/aLyQSecljI0_seg_067.wav,aLyQSecljI0,stuttering,train
aLyQSecljI0_seg_068.wav,data/processed/train_set/stuttering/aLyQSecljI0_seg_068.wav,aLyQSecljI0,stuttering,train
aLyQSecljI0_seg_069.wav,data/processed/train_set/stuttering/aLyQSecljI0_seg_069.wav,aLyQSecljI0,stuttering,train
aLyQSecljI0_seg_070.wav,data/processed/train_set/stuttering/aLyQSecljI0_seg_070.wav,aLyQSecljI0,stuttering,train
aLyQSecljI0_seg_071.wav,data/processed/train_set/stuttering/aLyQSecljI0_seg_071.wav,aLyQSecljI0,stuttering,train
aLyQSecljI0_seg_072.wav,data/processed/train_set/stuttering/aLyQSecljI0_seg_072.wav,aLyQSecljI0,stuttering,train
aLyQSecljI0_seg_073.wav,data/processed/train_set/stuttering/aLyQSecljI0_seg_073.wav,aLyQSecljI0,stuttering,train
aLyQSecljI0_seg_074.wav,data/processed/train_set/stuttering/aLyQSecljI0_seg_074.wav,aLyQSecljI0,stuttering,train
aLyQSecljI0_seg_075.wav,data/processed/train_set/stuttering/aLyQSecljI0_seg_075.wav,aLyQSecljI0,stuttering,train
aLyQSecljI0_seg_076.wav,data/processed/train_set/stuttering/aLyQSecljI0_seg_076.wav,aLyQSecljI0,stuttering,train
aLyQSecljI0_seg_077.wav,data/processed/train_set/stuttering/aLyQSecljI0_seg_077.wav,aLyQSecljI0,stuttering,train
aLyQSecljI0_seg_078.wav,data/processed/train_set/stuttering/aLyQSecljI0_seg_078.wav,aLyQSecljI0,stuttering,train
aLyQSecljI0_seg_079.wav,data/processed/train_set/stuttering/aLyQSecljI0_seg_079.wav,aLyQSecljI0,stuttering,train
aLyQSecljI0_seg_080.wav,data/processed/train_set/stuttering/aLyQSecljI0_seg_080.wav,aLyQSecljI0,stuttering,train
aLyQSecljI0_seg_081.wav,data/processed/train_set/stuttering/aLyQSecljI0_seg_081.wav,aLyQSecljI0,stuttering,train
aLyQSecljI0_seg_082.wav,data/processed/train_set/stuttering/aLyQSecljI0_seg_082.wav,aLyQSecljI0,stuttering,train
aLyQSecljI0_seg_083.wav,data/processed/train_set/stuttering/aLyQSecljI0_seg_083.wav,aLyQSecljI0,stuttering,train
aLyQSecljI0_seg_084.wav,data/processed/train_set/stuttering/aLyQSecljI0_seg_084.wav,aLyQSecljI0,stuttering,train
aLyQSecljI0_seg_085.wav,data/processed/train_set/stuttering/aLyQSecljI0_seg_085.wav,aLyQSecljI0,stuttering,train
aLyQSecljI0_seg_086.wav,data/processed/train_set/stuttering/aLyQSecljI0_seg_086.wav,aLyQSecljI0,stuttering,train
aLyQSecljI0_seg_087.wav,data/processed/train_set/stuttering/aLyQSecljI0_seg_087.wav,aLyQSecljI0,stuttering,train
aLyQSecljI0_seg_088.wav,data/processed/train_set/stuttering/aLyQSecljI0_seg_088.wav,aLyQSecljI0,stuttering,train
aLyQSecljI0_seg_089.wav,data/processed/train_set/stuttering/aLyQSecljI0_seg_089.wav,aLyQSecljI0,stuttering,train
aLyQSecljI0_seg_090.wav,data/processed/train_set/stuttering/aLyQSecljI0_seg_090.wav,aLyQSecljI0,stuttering,train
aLyQSecljI0_seg_091.wav,data/processed/train_set/stuttering/aLyQSecljI0_seg_091.wav,aLyQSecljI0,stuttering,train
aLyQSecljI0_seg_092.wav,data/processed/train_set/stuttering/aLyQSecljI0_seg_092.wav,aLyQSecljI0,stuttering,train
aLyQSecljI0_seg_093.wav,data/processed/train_set/stuttering/aLyQSecljI0_seg_093.wav,aLyQSecljI0,stuttering,train
aLyQSecljI0_seg_094.wav,data/processed/train_set/stuttering/aLyQSecljI0_seg_094.wav,aLyQSecljI0,stuttering,train
aLyQSecljI0_seg_095.wav,data/processed/train_set/stuttering/aLyQSecljI0_seg_095.wav,aLyQSecljI0,stuttering,train
aLyQSecljI0_seg_096.wav,data/processed/train_set/stuttering/aLyQSecljI0_seg_096.wav,aLyQSecljI0,stuttering,train
aLyQSecljI0_seg_097.wav,data/processed/train_set/stuttering/aLyQSecljI0_seg_097.wav,aLyQSecljI0,stuttering,train
aLyQSecljI0_seg_098.wav,data/processed/train_set/stuttering/aLyQSecljI0_seg_098.wav,aLyQSecljI0,stuttering,train
aLyQSecljI0_seg_099.wav,data/processed/train_set/stuttering/aLyQSecljI0_seg_099.wav,aLyQSecljI0,stuttering,train
aLyQSecljI0_seg_100.wav,data/processed/train_set/stuttering/aLyQSecljI0_seg_100.wav,aLyQSecljI0,stuttering,train
aLyQSecljI0_seg_101.wav,data/processed/train_set/stuttering/aLyQSecljI0_seg_101.wav,aLyQSecljI0,stuttering,train
aLyQSecljI0_seg_102.wav,data/processed/train_set/stuttering/aLyQSecljI0_seg_102.wav,aLyQSecljI0,stuttering,train
aLyQSecljI0_seg_103.wav,data/processed/train_set/stuttering/aLyQSecljI0_seg_103.wav,aLyQSecljI0,stuttering,train
aLyQSecljI0_seg_104.wav,data/processed/train_set/stuttering/aLyQSecljI0_seg_104.wav,aLyQSecljI0,stuttering,train
aLyQSecljI0_seg_105.wav,data/processed/train_set/stuttering/aLyQSecljI0_seg_105.wav,aLyQSecljI0,stuttering,train
aLyQSecljI0_seg_106.wav,data/processed/train_set/stuttering/aLyQSecljI0_seg_106.wav,aLyQSecljI0,stuttering,train
aLyQSecljI0_seg_107.wav,data/processed/train_set/stuttering/aLyQSecljI0_seg_107.wav,aLyQSecljI0,stuttering,train
aLyQSecljI0_seg_108.wav,data/processed/train_set/stuttering/aLyQSecljI0_seg_108.wav,aLyQSecljI0,stuttering,train
ApCK9R-i4yk_seg_000.wav,data/processed/train_set/stuttering/ApCK9R-i4yk_seg_000.wav,ApCK9R-i4yk,stuttering,train
ApCK9R-i4yk_seg_001.wav,data/processed/train_set/stuttering/ApCK9R-i4yk_seg_001.wav,ApCK9R-i4yk,stuttering,train
ApCK9R-i4yk_seg_002.wav,data/processed/train_set/stuttering/ApCK9R-i4yk_seg_002.wav,ApCK9R-i4yk,stuttering,train
ApCK9R-i4yk_seg_003.wav,data/processed/train_set/stuttering/ApCK9R-i4yk_seg_003.wav,ApCK9R-i4yk,stuttering,train
ApCK9R-i4yk_seg_004.wav,data/processed/train_set/stuttering/ApCK9R-i4yk_seg_004.wav,ApCK9R-i4yk,stuttering,train
ApCK9R-i4yk_seg_005.wav,data/processed/train_set/stuttering/ApCK9R-i4yk_seg_005.wav,ApCK9R-i4yk,stuttering,train
ApCK9R-i4yk_seg_006.wav,data/processed/train_set/stuttering/ApCK9R-i4yk_seg_006.wav,ApCK9R-i4yk,stuttering,train
ApCK9R-i4yk_seg_007.wav,data/processed/train_set/stuttering/ApCK9R-i4yk_seg_007.wav,ApCK9R-i4yk,stuttering,train
ApCK9R-i4yk_seg_008.wav,data/processed/train_set/stuttering/ApCK9R-i4yk_seg_008.wav,ApCK9R-i4yk,stuttering,train
ApCK9R-i4yk_seg_009.wav,data/processed/train_set/stuttering/ApCK9R-i4yk_seg_009.wav,ApCK9R-i4yk,stuttering,train
ApCK9R-i4yk_seg_010.wav,data/processed/train_set/stuttering/ApCK9R-i4yk_seg_010.wav,ApCK9R-i4yk,stuttering,train
ApCK9R-i4yk_seg_011.wav,data/processed/train_set/stuttering/ApCK9R-i4yk_seg_011.wav,ApCK9R-i4yk,stuttering,train
ApCK9R-i4yk_seg_012.wav,data/processed/train_set/stuttering/ApCK9R-i4yk_seg_012.wav,ApCK9R-i4yk,stuttering,train
ApCK9R-i4yk_seg_013.wav,data/processed/train_set/stuttering/ApCK9R-i4yk_seg_013.wav,ApCK9R-i4yk,stuttering,train
ApCK9R-i4yk_seg_014.wav,data/processed/train_set/stuttering/ApCK9R-i4yk_seg_014.wav,ApCK9R-i4yk,stuttering,train
ApCK9R-i4yk_seg_015.wav,data/processed/train_set/stuttering/ApCK9R-i4yk_seg_015.wav,ApCK9R-i4yk,stuttering,train
ApCK9R-i4yk_seg_016.wav,data/processed/train_set/stuttering/ApCK9R-i4yk_seg_016.wav,ApCK9R-i4yk,stuttering,train
ApCK9R-i4yk_seg_017.wav,data/processed/train_set/stuttering/ApCK9R-i4yk_seg_017.wav,ApCK9R-i4yk,stuttering,train
ApCK9R-i4yk_seg_018.wav,data/processed/train_set/stuttering/ApCK9R-i4yk_seg_018.wav,ApCK9R-i4yk,stuttering,train
ApCK9R-i4yk_seg_019.wav,data/processed/train_set/stuttering/ApCK9R-i4yk_seg_019.wav,ApCK9R-i4yk,stuttering,train
ApCK9R-i4yk_seg_020.wav,data/processed/train_set/stuttering/ApCK9R-i4yk_seg_020.wav,ApCK9R-i4yk,stuttering,train
ApCK9R-i4yk_seg_021.wav,data/processed/train_set/stuttering/ApCK9R-i4yk_seg_021.wav,ApCK9R-i4yk,stuttering,train
ApCK9R-i4yk_seg_022.wav,data/processed/train_set/stuttering/ApCK9R-i4yk_seg_022.wav,ApCK9R-i4yk,stuttering,train
ApCK9R-i4yk_seg_023.wav,data/processed/train_set/stuttering/ApCK9R-i4yk_seg_023.wav,ApCK9R-i4yk,stuttering,train
ApCK9R-i4yk_seg_024.wav,data/processed/train_set/stuttering/ApCK9R-i4yk_seg_024.wav,ApCK9R-i4yk,stuttering,train
ApCK9R-i4yk_seg_025.wav,data/processed/train_set/stuttering/ApCK9R-i4yk_seg_025.wav,ApCK9R-i4yk,stuttering,train
ApCK9R-i4yk_seg_026.wav,data/processed/train_set/stuttering/ApCK9R-i4yk_seg_026.wav,ApCK9R-i4yk,stuttering,train
ApCK9R-i4yk_seg_027.wav,data/processed/train_set/stuttering/ApCK9R-i4yk_seg_027.wav,ApCK9R-i4yk,stuttering,train
ApCK9R-i4yk_seg_028.wav,data/processed/train_set/stuttering/ApCK9R-i4yk_seg_028.wav,ApCK9R-i4yk,stuttering,train
ApCK9R-i4yk_seg_029.wav,data/processed/train_set/stuttering/ApCK9R-i4yk_seg_029.wav,ApCK9R-i4yk,stuttering,train
ApCK9R-i4yk_seg_030.wav,data/processed/train_set/stuttering/ApCK9R-i4yk_seg_030.wav,ApCK9R-i4yk,stuttering,train
ApCK9R-i4yk_seg_031.wav,data/processed/train_set/stuttering/ApCK9R-i4yk_seg_031.wav,ApCK9R-i4yk,stuttering,train
ApCK9R-i4yk_seg_032.wav,data/processed/train_set/stuttering/ApCK9R-i4yk_seg_032.wav,ApCK9R-i4yk,stuttering,train
ApCK9R-i4yk_seg_033.wav,data/processed/train_set/stuttering/ApCK9R-i4yk_seg_033.wav,ApCK9R-i4yk,stuttering,train
ApCK9R-i4yk_seg_034.wav,data/processed/train_set/stuttering/ApCK9R-i4yk_seg_034.wav,ApCK9R-i4yk,stuttering,train
ApCK9R-i4yk_seg_035.wav,data/processed/train_set/stuttering/ApCK9R-i4yk_seg_035.wav,ApCK9R-i4yk,stuttering,train
ApCK9R-i4yk_seg_036.wav,data/processed/train_set/stuttering/ApCK9R-i4yk_seg_036.wav,ApCK9R-i4yk,stuttering,train
ApCK9R-i4yk_seg_037.wav,data/processed/train_set/stuttering/ApCK9R-i4yk_seg_037.wav,ApCK9R-i4yk,stuttering,train
ApCK9R-i4yk_seg_038.wav,data/processed/train_set/stuttering/ApCK9R-i4yk_seg_038.wav,ApCK9R-i4yk,stuttering,train
ApCK9R-i4yk_seg_039.wav,data/processed/train_set/stuttering/ApCK9R-i4yk_seg_039.wav,ApCK9R-i4yk,stuttering,train
ApCK9R-i4yk_seg_040.wav,data/processed/train_set/stuttering/ApCK9R-i4yk_seg_040.wav,ApCK9R-i4yk,stuttering,train
ApCK9R-i4yk_seg_041.wav,data/processed/train_set/stuttering/ApCK9R-i4yk_seg_041.wav,ApCK9R-i4yk,stuttering,train
ApCK9R-i4yk_seg_042.wav,data/processed/train_set/stuttering/ApCK9R-i4yk_seg_042.wav,ApCK9R-i4yk,stuttering,train
ApCK9R-i4yk_seg_043.wav,data/processed/train_set/stuttering/ApCK9R-i4yk_seg_043.wav,ApCK9R-i4yk,stuttering,train
ApCK9R-i4yk_seg_044.wav,data/processed/train_set/stuttering/ApCK9R-i4yk_seg_044.wav,ApCK9R-i4yk,stuttering,train
ApCK9R-i4yk_seg_045.wav,data/processed/train_set/stuttering/ApCK9R-i4yk_seg_045.wav,ApCK9R-i4yk,stuttering,train
ApCK9R-i4yk_seg_046.wav,data/processed/train_set/stuttering/ApCK9R-i4yk_seg_046.wav,ApCK9R-i4yk,stuttering,train
ApCK9R-i4yk_seg_047.wav,data/processed/train_set/stuttering/ApCK9R-i4yk_seg_047.wav,ApCK9R-i4yk,stuttering,train
ApCK9R-i4yk_seg_048.wav,data/processed/train_set/stuttering/ApCK9R-i4yk_seg_048.wav,ApCK9R-i4yk,stuttering,train
ApCK9R-i4yk_seg_049.wav,data/processed/train_set/stuttering/ApCK9R-i4yk_seg_049.wav,ApCK9R-i4yk,stuttering,train
ApCK9R-i4yk_seg_050.wav,data/processed/train_set/stuttering/ApCK9R-i4yk_seg_050.wav,ApCK9R-i4yk,stuttering,train
ApCK9R-i4yk_seg_051.wav,data/processed/train_set/stuttering/ApCK9R-i4yk_seg_051.wav,ApCK9R-i4yk,stuttering,train
ApCK9R-i4yk_seg_052.wav,data/processed/train_set/stuttering/ApCK9R-i4yk_seg_052.wav,ApCK9R-i4yk,stuttering,train
ApCK9R-i4yk_seg_053.wav,data/processed/train_set/stuttering/ApCK9R-i4yk_seg_053.wav,ApCK9R-i4yk,stuttering,train
ApCK9R-i4yk_seg_054.wav,data/processed/train_set/stuttering/ApCK9R-i4yk_seg_054.wav,ApCK9R-i4yk,stuttering,train
ApCK9R-i4yk_seg_055.wav,data/processed/train_set/stuttering/ApCK9R-i4yk_seg_055.wav,ApCK9R-i4yk,stuttering,train
ApCK9R-i4yk_seg_056.wav,data/processed/train_set/stuttering/ApCK9R-i4yk_seg_056.wav,ApCK9R-i4yk,stuttering,train
ApCK9R-i4yk_seg_057.wav,data/processed/train_set/stuttering/ApCK9R-i4yk_seg_057.wav,ApCK9R-i4yk,stuttering,train
ApCK9R-i4yk_seg_058.wav,data/processed/train_set/stuttering/ApCK9R-i4yk_seg_058.wav,ApCK9R-i4yk,stuttering,train
ApCK9R-i4yk_seg_059.wav,data/processed/train_set/stuttering/ApCK9R-i4yk_seg_059.wav,ApCK9R-i4yk,stuttering,train
ApCK9R-i4yk_seg_060.wav,data/processed/train_set/stuttering/ApCK9R-i4yk_seg_060.wav,ApCK9R-i4yk,stuttering,train
ApCK9R-i4yk_seg_061.wav,data/processed/train_set/stuttering/ApCK9R-i4yk_seg_061.wav,ApCK9R-i4yk,stuttering,train
ApCK9R-i4yk_seg_062.wav,data/processed/train_set/stuttering/ApCK9R-i4yk_seg_062.wav,ApCK9R-i4yk,stuttering,train
ApCK9R-i4yk_seg_063.wav,data/processed/train_set/stuttering/ApCK9R-i4yk_seg_063.wav,ApCK9R-i4yk,stuttering,train
ApCK9R-i4yk_seg_064.wav,data/processed/train_set/stuttering/ApCK9R-i4yk_seg_064.wav,ApCK9R-i4yk,stuttering,train
ApCK9R-i4yk_seg_065.wav,data/processed/train_set/stuttering/ApCK9R-i4yk_seg_065.wav,ApCK9R-i4yk,stuttering,train
ApCK9R-i4yk_seg_066.wav,data/processed/train_set/stuttering/ApCK9R-i4yk_seg_066.wav,ApCK9R-i4yk,stuttering,train
ApCK9R-i4yk_seg_067.wav,data/processed/train_set/stuttering/ApCK9R-i4yk_seg_067.wav,ApCK9R-i4yk,stuttering,train
ApCK9R-i4yk_seg_068.wav,data/processed/train_set/stuttering/ApCK9R-i4yk_seg_068.wav,ApCK9R-i4yk,stuttering,train
ApCK9R-i4yk_seg_070.wav,data/processed/train_set/stuttering/ApCK9R-i4yk_seg_070.wav,ApCK9R-i4yk,stuttering,train
ApCK9R-i4yk_seg_071.wav,data/processed/train_set/stuttering/ApCK9R-i4yk_seg_071.wav,ApCK9R-i4yk,stuttering,train
ApCK9R-i4yk_seg_072.wav,data/processed/train_set/stuttering/ApCK9R-i4yk_seg_072.wav,ApCK9R-i4yk,stuttering,train
ApCK9R-i4yk_seg_073.wav,data/processed/train_set/stuttering/ApCK9R-i4yk_seg_073.wav,ApCK9R-i4yk,stuttering,train
ApCK9R-i4yk_seg_074.wav,data/processed/train_set/stuttering/ApCK9R-i4yk_seg_074.wav,ApCK9R-i4yk,stuttering,train
ApCK9R-i4yk_seg_075.wav,data/processed/train_set/stuttering/ApCK9R-i4yk_seg_075.wav,ApCK9R-i4yk,stuttering,train
ApCK9R-i4yk_seg_076.wav,data/processed/train_set/stuttering/ApCK9R-i4yk_seg_076.wav,ApCK9R-i4yk,stuttering,train
ApCK9R-i4yk_seg_077.wav,data/processed/train_set/stuttering/ApCK9R-i4yk_seg_077.wav,ApCK9R-i4yk,stuttering,train
ApCK9R-i4yk_seg_078.wav,data/processed/train_set/stuttering/ApCK9R-i4yk_seg_078.wav,ApCK9R-i4yk,stuttering,train
ApCK9R-i4yk_seg_079.wav,data/processed/train_set/stuttering/ApCK9R-i4yk_seg_079.wav,ApCK9R-i4yk,stuttering,train
ApCK9R-i4yk_seg_080.wav,data/processed/train_set/stuttering/ApCK9R-i4yk_seg_080.wav,ApCK9R-i4yk,stuttering,train
ApCK9R-i4yk_seg_081.wav,data/processed/train_set/stuttering/ApCK9R-i4yk_seg_081.wav,ApCK9R-i4yk,stuttering,train
ApCK9R-i4yk_seg_082.wav,data/processed/train_set/stuttering/ApCK9R-i4yk_seg_082.wav,ApCK9R-i4yk,stuttering,train
ApCK9R-i4yk_seg_083.wav,data/processed/train_set/stuttering/ApCK9R-i4yk_seg_083.wav,ApCK9R-i4yk,stuttering,train
ApCK9R-i4yk_seg_084.wav,data/processed/train_set/stuttering/ApCK9R-i4yk_seg_084.wav,ApCK9R-i4yk,stuttering,train
ApCK9R-i4yk_seg_085.wav,data/processed/train_set/stuttering/ApCK9R-i4yk_seg_085.wav,ApCK9R-i4yk,stuttering,train
ApCK9R-i4yk_seg_086.wav,data/processed/train_set/stuttering/ApCK9R-i4yk_seg_086.wav,ApCK9R-i4yk,stuttering,train
ApCK9R-i4yk_seg_087.wav,data/processed/train_set/stuttering/ApCK9R-i4yk_seg_087.wav,ApCK9R-i4yk,stuttering,train
ApCK9R-i4yk_seg_088.wav,data/processed/train_set/stuttering/ApCK9R-i4yk_seg_088.wav,ApCK9R-i4yk,stuttering,train
ApCK9R-i4yk_seg_089.wav,data/processed/train_set/stuttering/ApCK9R-i4yk_seg_089.wav,ApCK9R-i4yk,stuttering,train
ApCK9R-i4yk_seg_090.wav,data/processed/train_set/stuttering/ApCK9R-i4yk_seg_090.wav,ApCK9R-i4yk,stuttering,train
ApCK9R-i4yk_seg_091.wav,data/processed/train_set/stuttering/ApCK9R-i4yk_seg_091.wav,ApCK9R-i4yk,stuttering,train
ApCK9R-i4yk_seg_092.wav,data/processed/train_set/stuttering/ApCK9R-i4yk_seg_092.wav,ApCK9R-i4yk,stuttering,train
ApCK9R-i4yk_seg_093.wav,data/processed/train_set/stuttering/ApCK9R-i4yk_seg_093.wav,ApCK9R-i4yk,stuttering,train
ApCK9R-i4yk_seg_094.wav,data/processed/train_set/stuttering/ApCK9R-i4yk_seg_094.wav,ApCK9R-i4yk,stuttering,train
ApCK9R-i4yk_seg_095.wav,data/processed/train_set/stuttering/ApCK9R-i4yk_seg_095.wav,ApCK9R-i4yk,stuttering,train
ApCK9R-i4yk_seg_096.wav,data/processed/train_set/stuttering/ApCK9R-i4yk_seg_096.wav,ApCK9R-i4yk,stuttering,train
ApCK9R-i4yk_seg_097.wav,data/processed/train_set/stuttering/ApCK9R-i4yk_seg_097.wav,ApCK9R-i4yk,stuttering,train
ApCK9R-i4yk_seg_098.wav,data/processed/train_set/stuttering/ApCK9R-i4yk_seg_098.wav,ApCK9R-i4yk,stuttering,train
ApCK9R-i4yk_seg_099.wav,data/processed/train_set/stuttering/ApCK9R-i4yk_seg_099.wav,ApCK9R-i4yk,stuttering,train
ApCK9R-i4yk_seg_101.wav,data/processed/train_set/stuttering/ApCK9R-i4yk_seg_101.wav,ApCK9R-i4yk,stuttering,train
ApCK9R-i4yk_seg_102.wav,data/processed/train_set/stuttering/ApCK9R-i4yk_seg_102.wav,ApCK9R-i4yk,stuttering,train
ApCK9R-i4yk_seg_103.wav,data/processed/train_set/stuttering/ApCK9R-i4yk_seg_103.wav,ApCK9R-i4yk,stuttering,train
ApCK9R-i4yk_seg_104.wav,data/processed/train_set/stuttering/ApCK9R-i4yk_seg_104.wav,ApCK9R-i4yk,stuttering,train
ApCK9R-i4yk_seg_105.wav,data/processed/train_set/stuttering/ApCK9R-i4yk_seg_105.wav,ApCK9R-i4yk,stuttering,train
ApCK9R-i4yk_seg_106.wav,data/processed/train_set/stuttering/ApCK9R-i4yk_seg_106.wav,ApCK9R-i4yk,stuttering,train
ApCK9R-i4yk_seg_107.wav,data/processed/train_set/stuttering/ApCK9R-i4yk_seg_107.wav,ApCK9R-i4yk,stuttering,train
ApCK9R-i4yk_seg_108.wav,data/processed/train_set/stuttering/ApCK9R-i4yk_seg_108.wav,ApCK9R-i4yk,stuttering,train
ApCK9R-i4yk_seg_109.wav,data/processed/train_set/stuttering/ApCK9R-i4yk_seg_109.wav,ApCK9R-i4yk,stuttering,train
ApCK9R-i4yk_seg_110.wav,data/processed/train_set/stuttering/ApCK9R-i4yk_seg_110.wav,ApCK9R-i4yk,stuttering,train
ApCK9R-i4yk_seg_111.wav,data/processed/train_set/stuttering/ApCK9R-i4yk_seg_111.wav,ApCK9R-i4yk,stuttering,train
ApCK9R-i4yk_seg_112.wav,data/processed/train_set/stuttering/ApCK9R-i4yk_seg_112.wav,ApCK9R-i4yk,stuttering,train
ApCK9R-i4yk_seg_113.wav,data/processed/train_set/stuttering/ApCK9R-i4yk_seg_113.wav,ApCK9R-i4yk,stuttering,train
ApCK9R-i4yk_seg_114.wav,data/processed/train_set/stuttering/ApCK9R-i4yk_seg_114.wav,ApCK9R-i4yk,stuttering,train
ApCK9R-i4yk_seg_115.wav,data/processed/train_set/stuttering/ApCK9R-i4yk_seg_115.wav,ApCK9R-i4yk,stuttering,train
ApCK9R-i4yk_seg_116.wav,data/processed/train_set/stuttering/ApCK9R-i4yk_seg_116.wav,ApCK9R-i4yk,stuttering,train
ApCK9R-i4yk_seg_117.wav,data/processed/train_set/stuttering/ApCK9R-i4yk_seg_117.wav,ApCK9R-i4yk,stuttering,train
ApCK9R-i4yk_seg_118.wav,data/processed/train_set/stuttering/ApCK9R-i4yk_seg_118.wav,ApCK9R-i4yk,stuttering,train
ApCK9R-i4yk_seg_119.wav,data/processed/train_set/stuttering/ApCK9R-i4yk_seg_119.wav,ApCK9R-i4yk,stuttering,train
ApCK9R-i4yk_seg_120.wav,data/processed/train_set/stuttering/ApCK9R-i4yk_seg_120.wav,ApCK9R-i4yk,stuttering,train
ApCK9R-i4yk_seg_121.wav,data/processed/train_set/stuttering/ApCK9R-i4yk_seg_121.wav,ApCK9R-i4yk,stuttering,train
ApCK9R-i4yk_seg_122.wav,data/processed/train_set/stuttering/ApCK9R-i4yk_seg_122.wav,ApCK9R-i4yk,stuttering,train
ApCK9R-i4yk_seg_123.wav,data/processed/train_set/stuttering/ApCK9R-i4yk_seg_123.wav,ApCK9R-i4yk,stuttering,train
ApCK9R-i4yk_seg_124.wav,data/processed/train_set/stuttering/ApCK9R-i4yk_seg_124.wav,ApCK9R-i4yk,stuttering,train
ApCK9R-i4yk_seg_125.wav,data/processed/train_set/stuttering/ApCK9R-i4yk_seg_125.wav,ApCK9R-i4yk,stuttering,train
ApCK9R-i4yk_seg_126.wav,data/processed/train_set/stuttering/ApCK9R-i4yk_seg_126.wav,ApCK9R-i4yk,stuttering,train
ApCK9R-i4yk_seg_127.wav,data/processed/train_set/stuttering/ApCK9R-i4yk_seg_127.wav,ApCK9R-i4yk,stuttering,train
ApCK9R-i4yk_seg_128.wav,data/processed/train_set/stuttering/ApCK9R-i4yk_seg_128.wav,ApCK9R-i4yk,stuttering,train
ApCK9R-i4yk_seg_129.wav,data/processed/train_set/stuttering/ApCK9R-i4yk_seg_129.wav,ApCK9R-i4yk,stuttering,train
ApCK9R-i4yk_seg_130.wav,data/processed/train_set/stuttering/ApCK9R-i4yk_seg_130.wav,ApCK9R-i4yk,stuttering,train
ApCK9R-i4yk_seg_131.wav,data/processed/train_set/stuttering/ApCK9R-i4yk_seg_131.wav,ApCK9R-i4yk,stuttering,train
ApCK9R-i4yk_seg_132.wav,data/processed/train_set/stuttering/ApCK9R-i4yk_seg_132.wav,ApCK9R-i4yk,stuttering,train
ApCK9R-i4yk_seg_133.wav,data/processed/train_set/stuttering/ApCK9R-i4yk_seg_133.wav,ApCK9R-i4yk,stuttering,train
ApCK9R-i4yk_seg_134.wav,data/processed/train_set/stuttering/ApCK9R-i4yk_seg_134.wav,ApCK9R-i4yk,stuttering,train
ApCK9R-i4yk_seg_135.wav,data/processed/train_set/stuttering/ApCK9R-i4yk_seg_135.wav,ApCK9R-i4yk,stuttering,train
ApCK9R-i4yk_seg_136.wav,data/processed/train_set/stuttering/ApCK9R-i4yk_seg_136.wav,ApCK9R-i4yk,stuttering,train
ApCK9R-i4yk_seg_137.wav,data/processed/train_set/stuttering/ApCK9R-i4yk_seg_137.wav,ApCK9R-i4yk,stuttering,train
DWAXvYezKIA_seg_000.wav,data/processed/train_set/stuttering/DWAXvYezKIA_seg_000.wav,DWAXvYezKIA,stuttering,train
DWAXvYezKIA_seg_001.wav,data/processed/train_set/stuttering/DWAXvYezKIA_seg_001.wav,DWAXvYezKIA,stuttering,train
DWAXvYezKIA_seg_002.wav,data/processed/train_set/stuttering/DWAXvYezKIA_seg_002.wav,DWAXvYezKIA,stuttering,train
DWAXvYezKIA_seg_003.wav,data/processed/train_set/stuttering/DWAXvYezKIA_seg_003.wav,DWAXvYezKIA,stuttering,train
DWAXvYezKIA_seg_004.wav,data/processed/train_set/stuttering/DWAXvYezKIA_seg_004.wav,DWAXvYezKIA,stuttering,train
DWAXvYezKIA_seg_005.wav,data/processed/train_set/stuttering/DWAXvYezKIA_seg_005.wav,DWAXvYezKIA,stuttering,train
DWAXvYezKIA_seg_006.wav,data/processed/train_set/stuttering/DWAXvYezKIA_seg_006.wav,DWAXvYezKIA,stuttering,train
DWAXvYezKIA_seg_007.wav,data/processed/train_set/stuttering/DWAXvYezKIA_seg_007.wav,DWAXvYezKIA,stuttering,train
DWAXvYezKIA_seg_008.wav,data/processed/train_set/stuttering/DWAXvYezKIA_seg_008.wav,DWAXvYezKIA,stuttering,train
DWAXvYezKIA_seg_009.wav,data/processed/train_set/stuttering/DWAXvYezKIA_seg_009.wav,DWAXvYezKIA,stuttering,train
DWAXvYezKIA_seg_010.wav,data/processed/train_set/stuttering/DWAXvYezKIA_seg_010.wav,DWAXvYezKIA,stuttering,train
DWAXvYezKIA_seg_011.wav,data/processed/train_set/stuttering/DWAXvYezKIA_seg_011.wav,DWAXvYezKIA,stuttering,train
DWAXvYezKIA_seg_012.wav,data/processed/train_set/stuttering/DWAXvYezKIA_seg_012.wav,DWAXvYezKIA,stuttering,train
DWAXvYezKIA_seg_013.wav,data/processed/train_set/stuttering/DWAXvYezKIA_seg_013.wav,DWAXvYezKIA,stuttering,train
DWAXvYezKIA_seg_014.wav,data/processed/train_set/stuttering/DWAXvYezKIA_seg_014.wav,DWAXvYezKIA,stuttering,train
DWAXvYezKIA_seg_015.wav,data/processed/train_set/stuttering/DWAXvYezKIA_seg_015.wav,DWAXvYezKIA,stuttering,train
DWAXvYezKIA_seg_016.wav,data/processed/train_set/stuttering/DWAXvYezKIA_seg_016.wav,DWAXvYezKIA,stuttering,train
DWAXvYezKIA_seg_017.wav,data/processed/train_set/stuttering/DWAXvYezKIA_seg_017.wav,DWAXvYezKIA,stuttering,train
DWAXvYezKIA_seg_018.wav,data/processed/train_set/stuttering/DWAXvYezKIA_seg_018.wav,DWAXvYezKIA,stuttering,train
DWAXvYezKIA_seg_019.wav,data/processed/train_set/stuttering/DWAXvYezKIA_seg_019.wav,DWAXvYezKIA,stuttering,train
DWAXvYezKIA_seg_020.wav,data/processed/train_set/stuttering/DWAXvYezKIA_seg_020.wav,DWAXvYezKIA,stuttering,train
DWAXvYezKIA_seg_021.wav,data/processed/train_set/stuttering/DWAXvYezKIA_seg_021.wav,DWAXvYezKIA,stuttering,train
DWAXvYezKIA_seg_022.wav,data/processed/train_set/stuttering/DWAXvYezKIA_seg_022.wav,DWAXvYezKIA,stuttering,train
DWAXvYezKIA_seg_023.wav,data/processed/train_set/stuttering/DWAXvYezKIA_seg_023.wav,DWAXvYezKIA,stuttering,train
DWAXvYezKIA_seg_024.wav,data/processed/train_set/stuttering/DWAXvYezKIA_seg_024.wav,DWAXvYezKIA,stuttering,train
DWAXvYezKIA_seg_025.wav,data/processed/train_set/stuttering/DWAXvYezKIA_seg_025.wav,DWAXvYezKIA,stuttering,train
DWAXvYezKIA_seg_026.wav,data/processed/train_set/stuttering/DWAXvYezKIA_seg_026.wav,DWAXvYezKIA,stuttering,train
DWAXvYezKIA_seg_027.wav,data/processed/train_set/stuttering/DWAXvYezKIA_seg_027.wav,DWAXvYezKIA,stuttering,train
DWAXvYezKIA_seg_028.wav,data/processed/train_set/stuttering/DWAXvYezKIA_seg_028.wav,DWAXvYezKIA,stuttering,train
DWAXvYezKIA_seg_029.wav,data/processed/train_set/stuttering/DWAXvYezKIA_seg_029.wav,DWAXvYezKIA,stuttering,train
DWAXvYezKIA_seg_030.wav,data/processed/train_set/stuttering/DWAXvYezKIA_seg_030.wav,DWAXvYezKIA,stuttering,train
DWAXvYezKIA_seg_031.wav,data/processed/train_set/stuttering/DWAXvYezKIA_seg_031.wav,DWAXvYezKIA,stuttering,train
DWAXvYezKIA_seg_032.wav,data/processed/train_set/stuttering/DWAXvYezKIA_seg_032.wav,DWAXvYezKIA,stuttering,train
DWAXvYezKIA_seg_033.wav,data/processed/train_set/stuttering/DWAXvYezKIA_seg_033.wav,DWAXvYezKIA,stuttering,train
DWAXvYezKIA_seg_034.wav,data/processed/train_set/stuttering/DWAXvYezKIA_seg_034.wav,DWAXvYezKIA,stuttering,train
DWAXvYezKIA_seg_035.wav,data/processed/train_set/stuttering/DWAXvYezKIA_seg_035.wav,DWAXvYezKIA,stuttering,train
DWAXvYezKIA_seg_036.wav,data/processed/train_set/stuttering/DWAXvYezKIA_seg_036.wav,DWAXvYezKIA,stuttering,train
DWAXvYezKIA_seg_037.wav,data/processed/train_set/stuttering/DWAXvYezKIA_seg_037.wav,DWAXvYezKIA,stuttering,train
DWAXvYezKIA_seg_038.wav,data/processed/train_set/stuttering/DWAXvYezKIA_seg_038.wav,DWAXvYezKIA,stuttering,train
DWAXvYezKIA_seg_039.wav,data/processed/train_set/stuttering/DWAXvYezKIA_seg_039.wav,DWAXvYezKIA,stuttering,train
DWAXvYezKIA_seg_040.wav,data/processed/train_set/stuttering/DWAXvYezKIA_seg_040.wav,DWAXvYezKIA,stuttering,train
DWAXvYezKIA_seg_041.wav,data/processed/train_set/stuttering/DWAXvYezKIA_seg_041.wav,DWAXvYezKIA,stuttering,train
DWAXvYezKIA_seg_042.wav,data/processed/train_set/stuttering/DWAXvYezKIA_seg_042.wav,DWAXvYezKIA,stuttering,train
DWAXvYezKIA_seg_043.wav,data/processed/train_set/stuttering/DWAXvYezKIA_seg_043.wav,DWAXvYezKIA,stuttering,train
DWAXvYezKIA_seg_044.wav,data/processed/train_set/stuttering/DWAXvYezKIA_seg_044.wav,DWAXvYezKIA,stuttering,train
DWAXvYezKIA_seg_045.wav,data/processed/train_set/stuttering/DWAXvYezKIA_seg_045.wav,DWAXvYezKIA,stuttering,train
DWAXvYezKIA_seg_046.wav,data/processed/train_set/stuttering/DWAXvYezKIA_seg_046.wav,DWAXvYezKIA,stuttering,train
DWAXvYezKIA_seg_047.wav,data/processed/train_set/stuttering/DWAXvYezKIA_seg_047.wav,DWAXvYezKIA,stuttering,train
DWAXvYezKIA_seg_048.wav,data/processed/train_set/stuttering/DWAXvYezKIA_seg_048.wav,DWAXvYezKIA,stuttering,train
DWAXvYezKIA_seg_049.wav,data/processed/train_set/stuttering/DWAXvYezKIA_seg_049.wav,DWAXvYezKIA,stuttering,train
DWAXvYezKIA_seg_050.wav,data/processed/train_set/stuttering/DWAXvYezKIA_seg_050.wav,DWAXvYezKIA,stuttering,train
DWAXvYezKIA_seg_051.wav,data/processed/train_set/stuttering/DWAXvYezKIA_seg_051.wav,DWAXvYezKIA,stuttering,train
DWAXvYezKIA_seg_052.wav,data/processed/train_set/stuttering/DWAXvYezKIA_seg_052.wav,DWAXvYezKIA,stuttering,train
DWAXvYezKIA_seg_053.wav,data/processed/train_set/stuttering/DWAXvYezKIA_seg_053.wav,DWAXvYezKIA,stuttering,train
DWAXvYezKIA_seg_054.wav,data/processed/train_set/stuttering/DWAXvYezKIA_seg_054.wav,DWAXvYezKIA,stuttering,train
DWAXvYezKIA_seg_055.wav,data/processed/train_set/stuttering/DWAXvYezKIA_seg_055.wav,DWAXvYezKIA,stuttering,train
DWAXvYezKIA_seg_056.wav,data/processed/train_set/stuttering/DWAXvYezKIA_seg_056.wav,DWAXvYezKIA,stuttering,train
DWAXvYezKIA_seg_057.wav,data/processed/train_set/stuttering/DWAXvYezKIA_seg_057.wav,DWAXvYezKIA,stuttering,train
DWAXvYezKIA_seg_058.wav,data/processed/train_set/stuttering/DWAXvYezKIA_seg_058.wav,DWAXvYezKIA,stuttering,train
DWAXvYezKIA_seg_059.wav,data/processed/train_set/stuttering/DWAXvYezKIA_seg_059.wav,DWAXvYezKIA,stuttering,train
DWAXvYezKIA_seg_062.wav,data/processed/train_set/stuttering/DWAXvYezKIA_seg_062.wav,DWAXvYezKIA,stuttering,train
DWAXvYezKIA_seg_063.wav,data/processed/train_set/stuttering/DWAXvYezKIA_seg_063.wav,DWAXvYezKIA,stuttering,train
DWAXvYezKIA_seg_064.wav,data/processed/train_set/stuttering/DWAXvYezKIA_seg_064.wav,DWAXvYezKIA,stuttering,train
DWAXvYezKIA_seg_065.wav,data/processed/train_set/stuttering/DWAXvYezKIA_seg_065.wav,DWAXvYezKIA,stuttering,train
DWAXvYezKIA_seg_066.wav,data/processed/train_set/stuttering/DWAXvYezKIA_seg_066.wav,DWAXvYezKIA,stuttering,train
DWAXvYezKIA_seg_067.wav,data/processed/train_set/stuttering/DWAXvYezKIA_seg_067.wav,DWAXvYezKIA,stuttering,train
DWAXvYezKIA_seg_068.wav,data/processed/train_set/stuttering/DWAXvYezKIA_seg_068.wav,DWAXvYezKIA,stuttering,train
DWAXvYezKIA_seg_069.wav,data/processed/train_set/stuttering/DWAXvYezKIA_seg_069.wav,DWAXvYezKIA,stuttering,train
DWAXvYezKIA_seg_070.wav,data/processed/train_set/stuttering/DWAXvYezKIA_seg_070.wav,DWAXvYezKIA,stuttering,train
DWAXvYezKIA_seg_071.wav,data/processed/train_set/stuttering/DWAXvYezKIA_seg_071.wav,DWAXvYezKIA,stuttering,train
DWAXvYezKIA_seg_072.wav,data/processed/train_set/stuttering/DWAXvYezKIA_seg_072.wav,DWAXvYezKIA,stuttering,train
DWAXvYezKIA_seg_073.wav,data/processed/train_set/stuttering/DWAXvYezKIA_seg_073.wav,DWAXvYezKIA,stuttering,train
DWAXvYezKIA_seg_074.wav,data/processed/train_set/stuttering/DWAXvYezKIA_seg_074.wav,DWAXvYezKIA,stuttering,train
DWAXvYezKIA_seg_075.wav,data/processed/train_set/stuttering/DWAXvYezKIA_seg_075.wav,DWAXvYezKIA,stuttering,train
DWAXvYezKIA_seg_076.wav,data/processed/train_set/stuttering/DWAXvYezKIA_seg_076.wav,DWAXvYezKIA,stuttering,train
DWAXvYezKIA_seg_077.wav,data/processed/train_set/stuttering/DWAXvYezKIA_seg_077.wav,DWAXvYezKIA,stuttering,train
DWAXvYezKIA_seg_078.wav,data/processed/train_set/stuttering/DWAXvYezKIA_seg_078.wav,DWAXvYezKIA,stuttering,train
DWAXvYezKIA_seg_079.wav,data/processed/train_set/stuttering/DWAXvYezKIA_seg_079.wav,DWAXvYezKIA,stuttering,train
DWAXvYezKIA_seg_080.wav,data/processed/train_set/stuttering/DWAXvYezKIA_seg_080.wav,DWAXvYezKIA,stuttering,train
DWAXvYezKIA_seg_081.wav,data/processed/train_set/stuttering/DWAXvYezKIA_seg_081.wav,DWAXvYezKIA,stuttering,train
DWAXvYezKIA_seg_082.wav,data/processed/train_set/stuttering/DWAXvYezKIA_seg_082.wav,DWAXvYezKIA,stuttering,train
DWAXvYezKIA_seg_083.wav,data/processed/train_set/stuttering/DWAXvYezKIA_seg_083.wav,DWAXvYezKIA,stuttering,train
DWAXvYezKIA_seg_084.wav,data/processed/train_set/stuttering/DWAXvYezKIA_seg_084.wav,DWAXvYezKIA,stuttering,train
DWAXvYezKIA_seg_086.wav,data/processed/train_set/stuttering/DWAXvYezKIA_seg_086.wav,DWAXvYezKIA,stuttering,train
DWAXvYezKIA_seg_087.wav,data/processed/train_set/stuttering/DWAXvYezKIA_seg_087.wav,DWAXvYezKIA,stuttering,train
DWAXvYezKIA_seg_088.wav,data/processed/train_set/stuttering/DWAXvYezKIA_seg_088.wav,DWAXvYezKIA,stuttering,train
DWAXvYezKIA_seg_089.wav,data/processed/train_set/stuttering/DWAXvYezKIA_seg_089.wav,DWAXvYezKIA,stuttering,train
DWAXvYezKIA_seg_090.wav,data/processed/train_set/stuttering/DWAXvYezKIA_seg_090.wav,DWAXvYezKIA,stuttering,train
DWAXvYezKIA_seg_091.wav,data/processed/train_set/stuttering/DWAXvYezKIA_seg_091.wav,DWAXvYezKIA,stuttering,train
DWAXvYezKIA_seg_092.wav,data/processed/train_set/stuttering/DWAXvYezKIA_seg_092.wav,DWAXvYezKIA,stuttering,train
DWAXvYezKIA_seg_093.wav,data/processed/train_set/stuttering/DWAXvYezKIA_seg_093.wav,DWAXvYezKIA,stuttering,train
DWAXvYezKIA_seg_094.wav,data/processed/train_set/stuttering/DWAXvYezKIA_seg_094.wav,DWAXvYezKIA,stuttering,train
DWAXvYezKIA_seg_095.wav,data/processed/train_set/stuttering/DWAXvYezKIA_seg_095.wav,DWAXvYezKIA,stuttering,train
DWAXvYezKIA_seg_096.wav,data/processed/train_set/stuttering/DWAXvYezKIA_seg_096.wav,DWAXvYezKIA,stuttering,train
DWAXvYezKIA_seg_097.wav,data/processed/train_set/stuttering/DWAXvYezKIA_seg_097.wav,DWAXvYezKIA,stuttering,train
DWAXvYezKIA_seg_098.wav,data/processed/train_set/stuttering/DWAXvYezKIA_seg_098.wav,DWAXvYezKIA,stuttering,train
DWAXvYezKIA_seg_099.wav,data/processed/train_set/stuttering/DWAXvYezKIA_seg_099.wav,DWAXvYezKIA,stuttering,train
DWAXvYezKIA_seg_100.wav,data/processed/train_set/stuttering/DWAXvYezKIA_seg_100.wav,DWAXvYezKIA,stuttering,train
DWAXvYezKIA_seg_101.wav,data/processed/train_set/stuttering/DWAXvYezKIA_seg_101.wav,DWAXvYezKIA,stuttering,train
DWAXvYezKIA_seg_102.wav,data/processed/train_set/stuttering/DWAXvYezKIA_seg_102.wav,DWAXvYezKIA,stuttering,train
DWAXvYezKIA_seg_103.wav,data/processed/train_set/stuttering/DWAXvYezKIA_seg_103.wav,DWAXvYezKIA,stuttering,train
DWAXvYezKIA_seg_104.wav,data/processed/train_set/stuttering/DWAXvYezKIA_seg_104.wav,DWAXvYezKIA,stuttering,train
DWAXvYezKIA_seg_105.wav,data/processed/train_set/stuttering/DWAXvYezKIA_seg_105.wav,DWAXvYezKIA,stuttering,train
k8T4dkAcP5g_seg_000.wav,data/processed/train_set/stuttering/k8T4dkAcP5g_seg_000.wav,k8T4dkAcP5g,stuttering,train
k8T4dkAcP5g_seg_001.wav,data/processed/train_set/stuttering/k8T4dkAcP5g_seg_001.wav,k8T4dkAcP5g,stuttering,train
k8T4dkAcP5g_seg_002.wav,data/processed/train_set/stuttering/k8T4dkAcP5g_seg_002.wav,k8T4dkAcP5g,stuttering,train
k8T4dkAcP5g_seg_003.wav,data/processed/train_set/stuttering/k8T4dkAcP5g_seg_003.wav,k8T4dkAcP5g,stuttering,train
k8T4dkAcP5g_seg_004.wav,data/processed/train_set/stuttering/k8T4dkAcP5g_seg_004.wav,k8T4dkAcP5g,stuttering,train
k8T4dkAcP5g_seg_005.wav,data/processed/train_set/stuttering/k8T4dkAcP5g_seg_005.wav,k8T4dkAcP5g,stuttering,train
k8T4dkAcP5g_seg_006.wav,data/processed/train_set/stuttering/k8T4dkAcP5g_seg_006.wav,k8T4dkAcP5g,stuttering,train
k8T4dkAcP5g_seg_007.wav,data/processed/train_set/stuttering/k8T4dkAcP5g_seg_007.wav,k8T4dkAcP5g,stuttering,train
k8T4dkAcP5g_seg_008.wav,data/processed/train_set/stuttering/k8T4dkAcP5g_seg_008.wav,k8T4dkAcP5g,stuttering,train
k8T4dkAcP5g_seg_009.wav,data/processed/train_set/stuttering/k8T4dkAcP5g_seg_009.wav,k8T4dkAcP5g,stuttering,train
k8T4dkAcP5g_seg_010.wav,data/processed/train_set/stuttering/k8T4dkAcP5g_seg_010.wav,k8T4dkAcP5g,stuttering,train
k8T4dkAcP5g_seg_011.wav,data/processed/train_set/stuttering/k8T4dkAcP5g_seg_011.wav,k8T4dkAcP5g,stuttering,train
k8T4dkAcP5g_seg_012.wav,data/processed/train_set/stuttering/k8T4dkAcP5g_seg_012.wav,k8T4dkAcP5g,stuttering,train
k8T4dkAcP5g_seg_013.wav,data/processed/train_set/stuttering/k8T4dkAcP5g_seg_013.wav,k8T4dkAcP5g,stuttering,train
k8T4dkAcP5g_seg_014.wav,data/processed/train_set/stuttering/k8T4dkAcP5g_seg_014.wav,k8T4dkAcP5g,stuttering,train
k8T4dkAcP5g_seg_015.wav,data/processed/train_set/stuttering/k8T4dkAcP5g_seg_015.wav,k8T4dkAcP5g,stuttering,train
k8T4dkAcP5g_seg_016.wav,data/processed/train_set/stuttering/k8T4dkAcP5g_seg_016.wav,k8T4dkAcP5g,stuttering,train
k8T4dkAcP5g_seg_017.wav,data/processed/train_set/stuttering/k8T4dkAcP5g_seg_017.wav,k8T4dkAcP5g,stuttering,train
k8T4dkAcP5g_seg_018.wav,data/processed/train_set/stuttering/k8T4dkAcP5g_seg_018.wav,k8T4dkAcP5g,stuttering,train
k8T4dkAcP5g_seg_019.wav,data/processed/train_set/stuttering/k8T4dkAcP5g_seg_019.wav,k8T4dkAcP5g,stuttering,train
k8T4dkAcP5g_seg_020.wav,data/processed/train_set/stuttering/k8T4dkAcP5g_seg_020.wav,k8T4dkAcP5g,stuttering,train
k8T4dkAcP5g_seg_021.wav,data/processed/train_set/stuttering/k8T4dkAcP5g_seg_021.wav,k8T4dkAcP5g,stuttering,train
k8T4dkAcP5g_seg_022.wav,data/processed/train_set/stuttering/k8T4dkAcP5g_seg_022.wav,k8T4dkAcP5g,stuttering,train
k8T4dkAcP5g_seg_023.wav,data/processed/train_set/stuttering/k8T4dkAcP5g_seg_023.wav,k8T4dkAcP5g,stuttering,train
k8T4dkAcP5g_seg_024.wav,data/processed/train_set/stuttering/k8T4dkAcP5g_seg_024.wav,k8T4dkAcP5g,stuttering,train
k8T4dkAcP5g_seg_025.wav,data/processed/train_set/stuttering/k8T4dkAcP5g_seg_025.wav,k8T4dkAcP5g,stuttering,train
k8T4dkAcP5g_seg_026.wav,data/processed/train_set/stuttering/k8T4dkAcP5g_seg_026.wav,k8T4dkAcP5g,stuttering,train
k8T4dkAcP5g_seg_027.wav,data/processed/train_set/stuttering/k8T4dkAcP5g_seg_027.wav,k8T4dkAcP5g,stuttering,train
k8T4dkAcP5g_seg_028.wav,data/processed/train_set/stuttering/k8T4dkAcP5g_seg_028.wav,k8T4dkAcP5g,stuttering,train
k8T4dkAcP5g_seg_029.wav,data/processed/train_set/stuttering/k8T4dkAcP5g_seg_029.wav,k8T4dkAcP5g,stuttering,train
k8T4dkAcP5g_seg_030.wav,data/processed/train_set/stuttering/k8T4dkAcP5g_seg_030.wav,k8T4dkAcP5g,stuttering,train
k8T4dkAcP5g_seg_031.wav,data/processed/train_set/stuttering/k8T4dkAcP5g_seg_031.wav,k8T4dkAcP5g,stuttering,train
k8T4dkAcP5g_seg_032.wav,data/processed/train_set/stuttering/k8T4dkAcP5g_seg_032.wav,k8T4dkAcP5g,stuttering,train
k8T4dkAcP5g_seg_033.wav,data/processed/train_set/stuttering/k8T4dkAcP5g_seg_033.wav,k8T4dkAcP5g,stuttering,train
k8T4dkAcP5g_seg_034.wav,data/processed/train_set/stuttering/k8T4dkAcP5g_seg_034.wav,k8T4dkAcP5g,stuttering,train
k8T4dkAcP5g_seg_035.wav,data/processed/train_set/stuttering/k8T4dkAcP5g_seg_035.wav,k8T4dkAcP5g,stuttering,train
k8T4dkAcP5g_seg_036.wav,data/processed/train_set/stuttering/k8T4dkAcP5g_seg_036.wav,k8T4dkAcP5g,stuttering,train
k8T4dkAcP5g_seg_037.wav,data/processed/train_set/stuttering/k8T4dkAcP5g_seg_037.wav,k8T4dkAcP5g,stuttering,train
k8T4dkAcP5g_seg_038.wav,data/processed/train_set/stuttering/k8T4dkAcP5g_seg_038.wav,k8T4dkAcP5g,stuttering,train
k8T4dkAcP5g_seg_039.wav,data/processed/train_set/stuttering/k8T4dkAcP5g_seg_039.wav,k8T4dkAcP5g,stuttering,train
k8T4dkAcP5g_seg_040.wav,data/processed/train_set/stuttering/k8T4dkAcP5g_seg_040.wav,k8T4dkAcP5g,stuttering,train
k8T4dkAcP5g_seg_041.wav,data/processed/train_set/stuttering/k8T4dkAcP5g_seg_041.wav,k8T4dkAcP5g,stuttering,train
k8T4dkAcP5g_seg_042.wav,data/processed/train_set/stuttering/k8T4dkAcP5g_seg_042.wav,k8T4dkAcP5g,stuttering,train
k8T4dkAcP5g_seg_043.wav,data/processed/train_set/stuttering/k8T4dkAcP5g_seg_043.wav,k8T4dkAcP5g,stuttering,train
k8T4dkAcP5g_seg_044.wav,data/processed/train_set/stuttering/k8T4dkAcP5g_seg_044.wav,k8T4dkAcP5g,stuttering,train
k8T4dkAcP5g_seg_045.wav,data/processed/train_set/stuttering/k8T4dkAcP5g_seg_045.wav,k8T4dkAcP5g,stuttering,train
k8T4dkAcP5g_seg_046.wav,data/processed/train_set/stuttering/k8T4dkAcP5g_seg_046.wav,k8T4dkAcP5g,stuttering,train
k8T4dkAcP5g_seg_047.wav,data/processed/train_set/stuttering/k8T4dkAcP5g_seg_047.wav,k8T4dkAcP5g,stuttering,train
k8T4dkAcP5g_seg_048.wav,data/processed/train_set/stuttering/k8T4dkAcP5g_seg_048.wav,k8T4dkAcP5g,stuttering,train
k8T4dkAcP5g_seg_049.wav,data/processed/train_set/stuttering/k8T4dkAcP5g_seg_049.wav,k8T4dkAcP5g,stuttering,train
k8T4dkAcP5g_seg_050.wav,data/processed/train_set/stuttering/k8T4dkAcP5g_seg_050.wav,k8T4dkAcP5g,stuttering,train
k8T4dkAcP5g_seg_051.wav,data/processed/train_set/stuttering/k8T4dkAcP5g_seg_051.wav,k8T4dkAcP5g,stuttering,train
k8T4dkAcP5g_seg_052.wav,data/processed/train_set/stuttering/k8T4dkAcP5g_seg_052.wav,k8T4dkAcP5g,stuttering,train
k8T4dkAcP5g_seg_053.wav,data/processed/train_set/stuttering/k8T4dkAcP5g_seg_053.wav,k8T4dkAcP5g,stuttering,train
k8T4dkAcP5g_seg_054.wav,data/processed/train_set/stuttering/k8T4dkAcP5g_seg_054.wav,k8T4dkAcP5g,stuttering,train
k8T4dkAcP5g_seg_055.wav,data/processed/train_set/stuttering/k8T4dkAcP5g_seg_055.wav,k8T4dkAcP5g,stuttering,train
k8T4dkAcP5g_seg_056.wav,data/processed/train_set/stuttering/k8T4dkAcP5g_seg_056.wav,k8T4dkAcP5g,stuttering,train
k8T4dkAcP5g_seg_057.wav,data/processed/train_set/stuttering/k8T4dkAcP5g_seg_057.wav,k8T4dkAcP5g,stuttering,train
k8T4dkAcP5g_seg_058.wav,data/processed/train_set/stuttering/k8T4dkAcP5g_seg_058.wav,k8T4dkAcP5g,stuttering,train
k8T4dkAcP5g_seg_059.wav,data/processed/train_set/stuttering/k8T4dkAcP5g_seg_059.wav,k8T4dkAcP5g,stuttering,train
k8T4dkAcP5g_seg_060.wav,data/processed/train_set/stuttering/k8T4dkAcP5g_seg_060.wav,k8T4dkAcP5g,stuttering,train
k8T4dkAcP5g_seg_061.wav,data/processed/train_set/stuttering/k8T4dkAcP5g_seg_061.wav,k8T4dkAcP5g,stuttering,train
k8T4dkAcP5g_seg_062.wav,data/processed/train_set/stuttering/k8T4dkAcP5g_seg_062.wav,k8T4dkAcP5g,stuttering,train
k8T4dkAcP5g_seg_063.wav,data/processed/train_set/stuttering/k8T4dkAcP5g_seg_063.wav,k8T4dkAcP5g,stuttering,train
k8T4dkAcP5g_seg_064.wav,data/processed/train_set/stuttering/k8T4dkAcP5g_seg_064.wav,k8T4dkAcP5g,stuttering,train
k8T4dkAcP5g_seg_065.wav,data/processed/train_set/stuttering/k8T4dkAcP5g_seg_065.wav,k8T4dkAcP5g,stuttering,train
k8T4dkAcP5g_seg_066.wav,data/processed/train_set/stuttering/k8T4dkAcP5g_seg_066.wav,k8T4dkAcP5g,stuttering,train
k8T4dkAcP5g_seg_067.wav,data/processed/train_set/stuttering/k8T4dkAcP5g_seg_067.wav,k8T4dkAcP5g,stuttering,train
k8T4dkAcP5g_seg_068.wav,data/processed/train_set/stuttering/k8T4dkAcP5g_seg_068.wav,k8T4dkAcP5g,stuttering,train
k8T4dkAcP5g_seg_069.wav,data/processed/train_set/stuttering/k8T4dkAcP5g_seg_069.wav,k8T4dkAcP5g,stuttering,train
k8T4dkAcP5g_seg_070.wav,data/processed/train_set/stuttering/k8T4dkAcP5g_seg_070.wav,k8T4dkAcP5g,stuttering,train
k8T4dkAcP5g_seg_071.wav,data/processed/train_set/stuttering/k8T4dkAcP5g_seg_071.wav,k8T4dkAcP5g,stuttering,train
k8T4dkAcP5g_seg_072.wav,data/processed/train_set/stuttering/k8T4dkAcP5g_seg_072.wav,k8T4dkAcP5g,stuttering,train
k8T4dkAcP5g_seg_073.wav,data/processed/train_set/stuttering/k8T4dkAcP5g_seg_073.wav,k8T4dkAcP5g,stuttering,train
k8T4dkAcP5g_seg_074.wav,data/processed/train_set/stuttering/k8T4dkAcP5g_seg_074.wav,k8T4dkAcP5g,stuttering,train
k8T4dkAcP5g_seg_075.wav,data/processed/train_set/stuttering/k8T4dkAcP5g_seg_075.wav,k8T4dkAcP5g,stuttering,train
k8T4dkAcP5g_seg_076.wav,data/processed/train_set/stuttering/k8T4dkAcP5g_seg_076.wav,k8T4dkAcP5g,stuttering,train
k8T4dkAcP5g_seg_077.wav,data/processed/train_set/stuttering/k8T4dkAcP5g_seg_077.wav,k8T4dkAcP5g,stuttering,train
k8T4dkAcP5g_seg_078.wav,data/processed/train_set/stuttering/k8T4dkAcP5g_seg_078.wav,k8T4dkAcP5g,stuttering,train
k8T4dkAcP5g_seg_079.wav,data/processed/train_set/stuttering/k8T4dkAcP5g_seg_079.wav,k8T4dkAcP5g,stuttering,train
k8T4dkAcP5g_seg_080.wav,data/processed/train_set/stuttering/k8T4dkAcP5g_seg_080.wav,k8T4dkAcP5g,stuttering,train
k8T4dkAcP5g_seg_081.wav,data/processed/train_set/stuttering/k8T4dkAcP5g_seg_081.wav,k8T4dkAcP5g,stuttering,train
k8T4dkAcP5g_seg_082.wav,data/processed/train_set/stuttering/k8T4dkAcP5g_seg_082.wav,k8T4dkAcP5g,stuttering,train
k8T4dkAcP5g_seg_083.wav,data/processed/train_set/stuttering/k8T4dkAcP5g_seg_083.wav,k8T4dkAcP5g,stuttering,train
k8T4dkAcP5g_seg_084.wav,data/processed/train_set/stuttering/k8T4dkAcP5g_seg_084.wav,k8T4dkAcP5g,stuttering,train
k8T4dkAcP5g_seg_085.wav,data/processed/train_set/stuttering/k8T4dkAcP5g_seg_085.wav,k8T4dkAcP5g,stuttering,train
k8T4dkAcP5g_seg_086.wav,data/processed/train_set/stuttering/k8T4dkAcP5g_seg_086.wav,k8T4dkAcP5g,stuttering,train
k8T4dkAcP5g_seg_087.wav,data/processed/train_set/stuttering/k8T4dkAcP5g_seg_087.wav,k8T4dkAcP5g,stuttering,train
k8T4dkAcP5g_seg_088.wav,data/processed/train_set/stuttering/k8T4dkAcP5g_seg_088.wav,k8T4dkAcP5g,stuttering,train
k8T4dkAcP5g_seg_089.wav,data/processed/train_set/stuttering/k8T4dkAcP5g_seg_089.wav,k8T4dkAcP5g,stuttering,train
k8T4dkAcP5g_seg_090.wav,data/processed/train_set/stuttering/k8T4dkAcP5g_seg_090.wav,k8T4dkAcP5g,stuttering,train
k8T4dkAcP5g_seg_091.wav,data/processed/train_set/stuttering/k8T4dkAcP5g_seg_091.wav,k8T4dkAcP5g,stuttering,train
k8T4dkAcP5g_seg_092.wav,data/processed/train_set/stuttering/k8T4dkAcP5g_seg_092.wav,k8T4dkAcP5g,stuttering,train
k8T4dkAcP5g_seg_093.wav,data/processed/train_set/stuttering/k8T4dkAcP5g_seg_093.wav,k8T4dkAcP5g,stuttering,train
k8T4dkAcP5g_seg_094.wav,data/processed/train_set/stuttering/k8T4dkAcP5g_seg_094.wav,k8T4dkAcP5g,stuttering,train
k8T4dkAcP5g_seg_095.wav,data/processed/train_set/stuttering/k8T4dkAcP5g_seg_095.wav,k8T4dkAcP5g,stuttering,train
k8T4dkAcP5g_seg_096.wav,data/processed/train_set/stuttering/k8T4dkAcP5g_seg_096.wav,k8T4dkAcP5g,stuttering,train
k8T4dkAcP5g_seg_097.wav,data/processed/train_set/stuttering/k8T4dkAcP5g_seg_097.wav,k8T4dkAcP5g,stuttering,train
k8T4dkAcP5g_seg_098.wav,data/processed/train_set/stuttering/k8T4dkAcP5g_seg_098.wav,k8T4dkAcP5g,stuttering,train
k8T4dkAcP5g_seg_099.wav,data/processed/train_set/stuttering/k8T4dkAcP5g_seg_099.wav,k8T4dkAcP5g,stuttering,train
k8T4dkAcP5g_seg_100.wav,data/processed/train_set/stuttering/k8T4dkAcP5g_seg_100.wav,k8T4dkAcP5g,stuttering,train
k8T4dkAcP5g_seg_101.wav,data/processed/train_set/stuttering/k8T4dkAcP5g_seg_101.wav,k8T4dkAcP5g,stuttering,train
k8T4dkAcP5g_seg_102.wav,data/processed/train_set/stuttering/k8T4dkAcP5g_seg_102.wav,k8T4dkAcP5g,stuttering,train
k8T4dkAcP5g_seg_103.wav,data/processed/train_set/stuttering/k8T4dkAcP5g_seg_103.wav,k8T4dkAcP5g,stuttering,train
k8T4dkAcP5g_seg_104.wav,data/processed/train_set/stuttering/k8T4dkAcP5g_seg_104.wav,k8T4dkAcP5g,stuttering,train
k8T4dkAcP5g_seg_105.wav,data/processed/train_set/stuttering/k8T4dkAcP5g_seg_105.wav,k8T4dkAcP5g,stuttering,train
k8T4dkAcP5g_seg_106.wav,data/processed/train_set/stuttering/k8T4dkAcP5g_seg_106.wav,k8T4dkAcP5g,stuttering,train
k8T4dkAcP5g_seg_107.wav,data/processed/train_set/stuttering/k8T4dkAcP5g_seg_107.wav,k8T4dkAcP5g,stuttering,train
k8T4dkAcP5g_seg_108.wav,data/processed/train_set/stuttering/k8T4dkAcP5g_seg_108.wav,k8T4dkAcP5g,stuttering,train
k8T4dkAcP5g_seg_109.wav,data/processed/train_set/stuttering/k8T4dkAcP5g_seg_109.wav,k8T4dkAcP5g,stuttering,train
k8T4dkAcP5g_seg_110.wav,data/processed/train_set/stuttering/k8T4dkAcP5g_seg_110.wav,k8T4dkAcP5g,stuttering,train
k8T4dkAcP5g_seg_111.wav,data/processed/train_set/stuttering/k8T4dkAcP5g_seg_111.wav,k8T4dkAcP5g,stuttering,train
k8T4dkAcP5g_seg_112.wav,data/processed/train_set/stuttering/k8T4dkAcP5g_seg_112.wav,k8T4dkAcP5g,stuttering,train
k8T4dkAcP5g_seg_113.wav,data/processed/train_set/stuttering/k8T4dkAcP5g_seg_113.wav,k8T4dkAcP5g,stuttering,train
k8T4dkAcP5g_seg_114.wav,data/processed/train_set/stuttering/k8T4dkAcP5g_seg_114.wav,k8T4dkAcP5g,stuttering,train
k8T4dkAcP5g_seg_115.wav,data/processed/train_set/stuttering/k8T4dkAcP5g_seg_115.wav,k8T4dkAcP5g,stuttering,train
k8T4dkAcP5g_seg_116.wav,data/processed/train_set/stuttering/k8T4dkAcP5g_seg_116.wav,k8T4dkAcP5g,stuttering,train
k8T4dkAcP5g_seg_117.wav,data/processed/train_set/stuttering/k8T4dkAcP5g_seg_117.wav,k8T4dkAcP5g,stuttering,train
k8T4dkAcP5g_seg_118.wav,data/processed/train_set/stuttering/k8T4dkAcP5g_seg_118.wav,k8T4dkAcP5g,stuttering,train
k8T4dkAcP5g_seg_119.wav,data/processed/train_set/stuttering/k8T4dkAcP5g_seg_119.wav,k8T4dkAcP5g,stuttering,train
k8T4dkAcP5g_seg_120.wav,data/processed/train_set/stuttering/k8T4dkAcP5g_seg_120.wav,k8T4dkAcP5g,stuttering,train
k8T4dkAcP5g_seg_121.wav,data/processed/train_set/stuttering/k8T4dkAcP5g_seg_121.wav,k8T4dkAcP5g,stuttering,train
k8T4dkAcP5g_seg_122.wav,data/processed/train_set/stuttering/k8T4dkAcP5g_seg_122.wav,k8T4dkAcP5g,stuttering,train
k8T4dkAcP5g_seg_123.wav,data/processed/train_set/stuttering/k8T4dkAcP5g_seg_123.wav,k8T4dkAcP5g,stuttering,train
lpodlly12uM_seg_000.wav,data/processed/train_set/stuttering/lpodlly12uM_seg_000.wav,lpodlly12uM,stuttering,train
lpodlly12uM_seg_001.wav,data/processed/train_set/stuttering/lpodlly12uM_seg_001.wav,lpodlly12uM,stuttering,train
lpodlly12uM_seg_002.wav,data/processed/train_set/stuttering/lpodlly12uM_seg_002.wav,lpodlly12uM,stuttering,train
lpodlly12uM_seg_003.wav,data/processed/train_set/stuttering/lpodlly12uM_seg_003.wav,lpodlly12uM,stuttering,train
lpodlly12uM_seg_004.wav,data/processed/train_set/stuttering/lpodlly12uM_seg_004.wav,lpodlly12uM,stuttering,train
lpodlly12uM_seg_005.wav,data/processed/train_set/stuttering/lpodlly12uM_seg_005.wav,lpodlly12uM,stuttering,train
lpodlly12uM_seg_006.wav,data/processed/train_set/stuttering/lpodlly12uM_seg_006.wav,lpodlly12uM,stuttering,train
lpodlly12uM_seg_007.wav,data/processed/train_set/stuttering/lpodlly12uM_seg_007.wav,lpodlly12uM,stuttering,train
lpodlly12uM_seg_008.wav,data/processed/train_set/stuttering/lpodlly12uM_seg_008.wav,lpodlly12uM,stuttering,train
lpodlly12uM_seg_009.wav,data/processed/train_set/stuttering/lpodlly12uM_seg_009.wav,lpodlly12uM,stuttering,train
lpodlly12uM_seg_010.wav,data/processed/train_set/stuttering/lpodlly12uM_seg_010.wav,lpodlly12uM,stuttering,train
lpodlly12uM_seg_011.wav,data/processed/train_set/stuttering/lpodlly12uM_seg_011.wav,lpodlly12uM,stuttering,train
lpodlly12uM_seg_012.wav,data/processed/train_set/stuttering/lpodlly12uM_seg_012.wav,lpodlly12uM,stuttering,train
lpodlly12uM_seg_013.wav,data/processed/train_set/stuttering/lpodlly12uM_seg_013.wav,lpodlly12uM,stuttering,train
lpodlly12uM_seg_014.wav,data/processed/train_set/stuttering/lpodlly12uM_seg_014.wav,lpodlly12uM,stuttering,train
lpodlly12uM_seg_015.wav,data/processed/train_set/stuttering/lpodlly12uM_seg_015.wav,lpodlly12uM,stuttering,train
lpodlly12uM_seg_016.wav,data/processed/train_set/stuttering/lpodlly12uM_seg_016.wav,lpodlly12uM,stuttering,train
lpodlly12uM_seg_017.wav,data/processed/train_set/stuttering/lpodlly12uM_seg_017.wav,lpodlly12uM,stuttering,train
lpodlly12uM_seg_018.wav,data/processed/train_set/stuttering/lpodlly12uM_seg_018.wav,lpodlly12uM,stuttering,train
lpodlly12uM_seg_019.wav,data/processed/train_set/stuttering/lpodlly12uM_seg_019.wav,lpodlly12uM,stuttering,train
nrnXoReoDek_seg_000.wav,data/processed/train_set/stuttering/nrnXoReoDek_seg_000.wav,nrnXoReoDek,stuttering,train
nrnXoReoDek_seg_001.wav,data/processed/train_set/stuttering/nrnXoReoDek_seg_001.wav,nrnXoReoDek,stuttering,train
nrnXoReoDek_seg_002.wav,data/processed/train_set/stuttering/nrnXoReoDek_seg_002.wav,nrnXoReoDek,stuttering,train
nrnXoReoDek_seg_003.wav,data/processed/train_set/stuttering/nrnXoReoDek_seg_003.wav,nrnXoReoDek,stuttering,train
nrnXoReoDek_seg_004.wav,data/processed/train_set/stuttering/nrnXoReoDek_seg_004.wav,nrnXoReoDek,stuttering,train
nrnXoReoDek_seg_005.wav,data/processed/train_set/stuttering/nrnXoReoDek_seg_005.wav,nrnXoReoDek,stuttering,train
nrnXoReoDek_seg_006.wav,data/processed/train_set/stuttering/nrnXoReoDek_seg_006.wav,nrnXoReoDek,stuttering,train
nrnXoReoDek_seg_007.wav,data/processed/train_set/stuttering/nrnXoReoDek_seg_007.wav,nrnXoReoDek,stuttering,train
nrnXoReoDek_seg_008.wav,data/processed/train_set/stuttering/nrnXoReoDek_seg_008.wav,nrnXoReoDek,stuttering,train
nrnXoReoDek_seg_009.wav,data/processed/train_set/stuttering/nrnXoReoDek_seg_009.wav,nrnXoReoDek,stuttering,train
nrnXoReoDek_seg_010.wav,data/processed/train_set/stuttering/nrnXoReoDek_seg_010.wav,nrnXoReoDek,stuttering,train
nrnXoReoDek_seg_011.wav,data/processed/train_set/stuttering/nrnXoReoDek_seg_011.wav,nrnXoReoDek,stuttering,train
nrnXoReoDek_seg_013.wav,data/processed/train_set/stuttering/nrnXoReoDek_seg_013.wav,nrnXoReoDek,stuttering,train
nrnXoReoDek_seg_014.wav,data/processed/train_set/stuttering/nrnXoReoDek_seg_014.wav,nrnXoReoDek,stuttering,train
nrnXoReoDek_seg_015.wav,data/processed/train_set/stuttering/nrnXoReoDek_seg_015.wav,nrnXoReoDek,stuttering,train
nrnXoReoDek_seg_016.wav,data/processed/train_set/stuttering/nrnXoReoDek_seg_016.wav,nrnXoReoDek,stuttering,train
nrnXoReoDek_seg_018.wav,data/processed/train_set/stuttering/nrnXoReoDek_seg_018.wav,nrnXoReoDek,stuttering,train
nrnXoReoDek_seg_019.wav,data/processed/train_set/stuttering/nrnXoReoDek_seg_019.wav,nrnXoReoDek,stuttering,train
nrnXoReoDek_seg_020.wav,data/processed/train_set/stuttering/nrnXoReoDek_seg_020.wav,nrnXoReoDek,stuttering,train
nrnXoReoDek_seg_021.wav,data/processed/train_set/stuttering/nrnXoReoDek_seg_021.wav,nrnXoReoDek,stuttering,train
nrnXoReoDek_seg_022.wav,data/processed/train_set/stuttering/nrnXoReoDek_seg_022.wav,nrnXoReoDek,stuttering,train
nrnXoReoDek_seg_024.wav,data/processed/train_set/stuttering/nrnXoReoDek_seg_024.wav,nrnXoReoDek,stuttering,train
nrnXoReoDek_seg_025.wav,data/processed/train_set/stuttering/nrnXoReoDek_seg_025.wav,nrnXoReoDek,stuttering,train
nrnXoReoDek_seg_026.wav,data/processed/train_set/stuttering/nrnXoReoDek_seg_026.wav,nrnXoReoDek,stuttering,train
nrnXoReoDek_seg_027.wav,data/processed/train_set/stuttering/nrnXoReoDek_seg_027.wav,nrnXoReoDek,stuttering,train
nrnXoReoDek_seg_028.wav,data/processed/train_set/stuttering/nrnXoReoDek_seg_028.wav,nrnXoReoDek,stuttering,train
nrnXoReoDek_seg_029.wav,data/processed/train_set/stuttering/nrnXoReoDek_seg_029.wav,nrnXoReoDek,stuttering,train
nrnXoReoDek_seg_030.wav,data/processed/train_set/stuttering/nrnXoReoDek_seg_030.wav,nrnXoReoDek,stuttering,train
nrnXoReoDek_seg_031.wav,data/processed/train_set/stuttering/nrnXoReoDek_seg_031.wav,nrnXoReoDek,stuttering,train
nrnXoReoDek_seg_032.wav,data/processed/train_set/stuttering/nrnXoReoDek_seg_032.wav,nrnXoReoDek,stuttering,train
nrnXoReoDek_seg_033.wav,data/processed/train_set/stuttering/nrnXoReoDek_seg_033.wav,nrnXoReoDek,stuttering,train
nrnXoReoDek_seg_034.wav,data/processed/train_set/stuttering/nrnXoReoDek_seg_034.wav,nrnXoReoDek,stuttering,train
nrnXoReoDek_seg_035.wav,data/processed/train_set/stuttering/nrnXoReoDek_seg_035.wav,nrnXoReoDek,stuttering,train
nrnXoReoDek_seg_036.wav,data/processed/train_set/stuttering/nrnXoReoDek_seg_036.wav,nrnXoReoDek,stuttering,train
nrnXoReoDek_seg_037.wav,data/processed/train_set/stuttering/nrnXoReoDek_seg_037.wav,nrnXoReoDek,stuttering,train
nrnXoReoDek_seg_038.wav,data/processed/train_set/stuttering/nrnXoReoDek_seg_038.wav,nrnXoReoDek,stuttering,train
nrnXoReoDek_seg_039.wav,data/processed/train_set/stuttering/nrnXoReoDek_seg_039.wav,nrnXoReoDek,stuttering,train
nrnXoReoDek_seg_040.wav,data/processed/train_set/stuttering/nrnXoReoDek_seg_040.wav,nrnXoReoDek,stuttering,train
nrnXoReoDek_seg_041.wav,data/processed/train_set/stuttering/nrnXoReoDek_seg_041.wav,nrnXoReoDek,stuttering,train
nrnXoReoDek_seg_042.wav,data/processed/train_set/stuttering/nrnXoReoDek_seg_042.wav,nrnXoReoDek,stuttering,train
nrnXoReoDek_seg_043.wav,data/processed/train_set/stuttering/nrnXoReoDek_seg_043.wav,nrnXoReoDek,stuttering,train
nrnXoReoDek_seg_044.wav,data/processed/train_set/stuttering/nrnXoReoDek_seg_044.wav,nrnXoReoDek,stuttering,train
nrnXoReoDek_seg_045.wav,data/processed/train_set/stuttering/nrnXoReoDek_seg_045.wav,nrnXoReoDek,stuttering,train
nrnXoReoDek_seg_046.wav,data/processed/train_set/stuttering/nrnXoReoDek_seg_046.wav,nrnXoReoDek,stuttering,train
nrnXoReoDek_seg_047.wav,data/processed/train_set/stuttering/nrnXoReoDek_seg_047.wav,nrnXoReoDek,stuttering,train
nrnXoReoDek_seg_048.wav,data/processed/train_set/stuttering/nrnXoReoDek_seg_048.wav,nrnXoReoDek,stuttering,train
QHkIE3BEOM8_seg_000.wav,data/processed/train_set/stuttering/QHkIE3BEOM8_seg_000.wav,QHkIE3BEOM8,stuttering,train
QHkIE3BEOM8_seg_001.wav,data/processed/train_set/stuttering/QHkIE3BEOM8_seg_001.wav,QHkIE3BEOM8,stuttering,train
QHkIE3BEOM8_seg_002.wav,data/processed/train_set/stuttering/QHkIE3BEOM8_seg_002.wav,QHkIE3BEOM8,stuttering,train
QHkIE3BEOM8_seg_003.wav,data/processed/train_set/stuttering/QHkIE3BEOM8_seg_003.wav,QHkIE3BEOM8,stuttering,train
rbJHSQVW9dI_seg_000.wav,data/processed/train_set/stuttering/rbJHSQVW9dI_seg_000.wav,rbJHSQVW9dI,stuttering,train
rbJHSQVW9dI_seg_001.wav,data/processed/train_set/stuttering/rbJHSQVW9dI_seg_001.wav,rbJHSQVW9dI,stuttering,train
rbJHSQVW9dI_seg_002.wav,data/processed/train_set/stuttering/rbJHSQVW9dI_seg_002.wav,rbJHSQVW9dI,stuttering,train
rbJHSQVW9dI_seg_003.wav,data/processed/train_set/stuttering/rbJHSQVW9dI_seg_003.wav,rbJHSQVW9dI,stuttering,train
rbJHSQVW9dI_seg_004.wav,data/processed/train_set/stuttering/rbJHSQVW9dI_seg_004.wav,rbJHSQVW9dI,stuttering,train
rbJHSQVW9dI_seg_005.wav,data/processed/train_set/stuttering/rbJHSQVW9dI_seg_005.wav,rbJHSQVW9dI,stuttering,train
rbJHSQVW9dI_seg_006.wav,data/processed/train_set/stuttering/rbJHSQVW9dI_seg_006.wav,rbJHSQVW9dI,stuttering,train
rbJHSQVW9dI_seg_007.wav,data/processed/train_set/stuttering/rbJHSQVW9dI_seg_007.wav,rbJHSQVW9dI,stuttering,train
rbJHSQVW9dI_seg_008.wav,data/processed/train_set/stuttering/rbJHSQVW9dI_seg_008.wav,rbJHSQVW9dI,stuttering,train
rbJHSQVW9dI_seg_009.wav,data/processed/train_set/stuttering/rbJHSQVW9dI_seg_009.wav,rbJHSQVW9dI,stuttering,train
rbJHSQVW9dI_seg_010.wav,data/processed/train_set/stuttering/rbJHSQVW9dI_seg_010.wav,rbJHSQVW9dI,stuttering,train
rbJHSQVW9dI_seg_011.wav,data/processed/train_set/stuttering/rbJHSQVW9dI_seg_011.wav,rbJHSQVW9dI,stuttering,train
rbJHSQVW9dI_seg_012.wav,data/processed/train_set/stuttering/rbJHSQVW9dI_seg_012.wav,rbJHSQVW9dI,stuttering,train
rbJHSQVW9dI_seg_013.wav,data/processed/train_set/stuttering/rbJHSQVW9dI_seg_013.wav,rbJHSQVW9dI,stuttering,train
rbJHSQVW9dI_seg_014.wav,data/processed/train_set/stuttering/rbJHSQVW9dI_seg_014.wav,rbJHSQVW9dI,stuttering,train
rbJHSQVW9dI_seg_015.wav,data/processed/train_set/stuttering/rbJHSQVW9dI_seg_015.wav,rbJHSQVW9dI,stuttering,train
rbJHSQVW9dI_seg_016.wav,data/processed/train_set/stuttering/rbJHSQVW9dI_seg_016.wav,rbJHSQVW9dI,stuttering,train
rbJHSQVW9dI_seg_017.wav,data/processed/train_set/stuttering/rbJHSQVW9dI_seg_017.wav,rbJHSQVW9dI,stuttering,train
rbJHSQVW9dI_seg_018.wav,data/processed/train_set/stuttering/rbJHSQVW9dI_seg_018.wav,rbJHSQVW9dI,stuttering,train
rbJHSQVW9dI_seg_019.wav,data/processed/train_set/stuttering/rbJHSQVW9dI_seg_019.wav,rbJHSQVW9dI,stuttering,train
rbJHSQVW9dI_seg_020.wav,data/processed/train_set/stuttering/rbJHSQVW9dI_seg_020.wav,rbJHSQVW9dI,stuttering,train
rbJHSQVW9dI_seg_021.wav,data/processed/train_set/stuttering/rbJHSQVW9dI_seg_021.wav,rbJHSQVW9dI,stuttering,train
rbJHSQVW9dI_seg_022.wav,data/processed/train_set/stuttering/rbJHSQVW9dI_seg_022.wav,rbJHSQVW9dI,stuttering,train
rbJHSQVW9dI_seg_023.wav,data/processed/train_set/stuttering/rbJHSQVW9dI_seg_023.wav,rbJHSQVW9dI,stuttering,train
rbJHSQVW9dI_seg_024.wav,data/processed/train_set/stuttering/rbJHSQVW9dI_seg_024.wav,rbJHSQVW9dI,stuttering,train
rbJHSQVW9dI_seg_025.wav,data/processed/train_set/stuttering/rbJHSQVW9dI_seg_025.wav,rbJHSQVW9dI,stuttering,train
rbJHSQVW9dI_seg_026.wav,data/processed/train_set/stuttering/rbJHSQVW9dI_seg_026.wav,rbJHSQVW9dI,stuttering,train
rbJHSQVW9dI_seg_027.wav,data/processed/train_set/stuttering/rbJHSQVW9dI_seg_027.wav,rbJHSQVW9dI,stuttering,train
rbJHSQVW9dI_seg_028.wav,data/processed/train_set/stuttering/rbJHSQVW9dI_seg_028.wav,rbJHSQVW9dI,stuttering,train
rbJHSQVW9dI_seg_029.wav,data/processed/train_set/stuttering/rbJHSQVW9dI_seg_029.wav,rbJHSQVW9dI,stuttering,train
rbJHSQVW9dI_seg_030.wav,data/processed/train_set/stuttering/rbJHSQVW9dI_seg_030.wav,rbJHSQVW9dI,stuttering,train
rbJHSQVW9dI_seg_031.wav,data/processed/train_set/stuttering/rbJHSQVW9dI_seg_031.wav,rbJHSQVW9dI,stuttering,train
rbJHSQVW9dI_seg_032.wav,data/processed/train_set/stuttering/rbJHSQVW9dI_seg_032.wav,rbJHSQVW9dI,stuttering,train
rbJHSQVW9dI_seg_033.wav,data/processed/train_set/stuttering/rbJHSQVW9dI_seg_033.wav,rbJHSQVW9dI,stuttering,train
rbJHSQVW9dI_seg_034.wav,data/processed/train_set/stuttering/rbJHSQVW9dI_seg_034.wav,rbJHSQVW9dI,stuttering,train
rbJHSQVW9dI_seg_035.wav,data/processed/train_set/stuttering/rbJHSQVW9dI_seg_035.wav,rbJHSQVW9dI,stuttering,train
rbJHSQVW9dI_seg_036.wav,data/processed/train_set/stuttering/rbJHSQVW9dI_seg_036.wav,rbJHSQVW9dI,stuttering,train
rbJHSQVW9dI_seg_037.wav,data/processed/train_set/stuttering/rbJHSQVW9dI_seg_037.wav,rbJHSQVW9dI,stuttering,train
rbJHSQVW9dI_seg_038.wav,data/processed/train_set/stuttering/rbJHSQVW9dI_seg_038.wav,rbJHSQVW9dI,stuttering,train
rbJHSQVW9dI_seg_039.wav,data/processed/train_set/stuttering/rbJHSQVW9dI_seg_039.wav,rbJHSQVW9dI,stuttering,train
rbJHSQVW9dI_seg_040.wav,data/processed/train_set/stuttering/rbJHSQVW9dI_seg_040.wav,rbJHSQVW9dI,stuttering,train
rbJHSQVW9dI_seg_041.wav,data/processed/train_set/stuttering/rbJHSQVW9dI_seg_041.wav,rbJHSQVW9dI,stuttering,train
rbJHSQVW9dI_seg_042.wav,data/processed/train_set/stuttering/rbJHSQVW9dI_seg_042.wav,rbJHSQVW9dI,stuttering,train
rbJHSQVW9dI_seg_044.wav,data/processed/train_set/stuttering/rbJHSQVW9dI_seg_044.wav,rbJHSQVW9dI,stuttering,train
rbJHSQVW9dI_seg_045.wav,data/processed/train_set/stuttering/rbJHSQVW9dI_seg_045.wav,rbJHSQVW9dI,stuttering,train
rbJHSQVW9dI_seg_046.wav,data/processed/train_set/stuttering/rbJHSQVW9dI_seg_046.wav,rbJHSQVW9dI,stuttering,train
rbJHSQVW9dI_seg_047.wav,data/processed/train_set/stuttering/rbJHSQVW9dI_seg_047.wav,rbJHSQVW9dI,stuttering,train
rbJHSQVW9dI_seg_048.wav,data/processed/train_set/stuttering/rbJHSQVW9dI_seg_048.wav,rbJHSQVW9dI,stuttering,train
rbJHSQVW9dI_seg_049.wav,data/processed/train_set/stuttering/rbJHSQVW9dI_seg_049.wav,rbJHSQVW9dI,stuttering,train
rbJHSQVW9dI_seg_050.wav,data/processed/train_set/stuttering/rbJHSQVW9dI_seg_050.wav,rbJHSQVW9dI,stuttering,train
rbJHSQVW9dI_seg_051.wav,data/processed/train_set/stuttering/rbJHSQVW9dI_seg_051.wav,rbJHSQVW9dI,stuttering,train
rbJHSQVW9dI_seg_052.wav,data/processed/train_set/stuttering/rbJHSQVW9dI_seg_052.wav,rbJHSQVW9dI,stuttering,train
rbJHSQVW9dI_seg_053.wav,data/processed/train_set/stuttering/rbJHSQVW9dI_seg_053.wav,rbJHSQVW9dI,stuttering,train
rbJHSQVW9dI_seg_054.wav,data/processed/train_set/stuttering/rbJHSQVW9dI_seg_054.wav,rbJHSQVW9dI,stuttering,train
rbJHSQVW9dI_seg_055.wav,data/processed/train_set/stuttering/rbJHSQVW9dI_seg_055.wav,rbJHSQVW9dI,stuttering,train
rbJHSQVW9dI_seg_056.wav,data/processed/train_set/stuttering/rbJHSQVW9dI_seg_056.wav,rbJHSQVW9dI,stuttering,train
sZwq9VaEtAk_seg_000.wav,data/processed/train_set/stuttering/sZwq9VaEtAk_seg_000.wav,sZwq9VaEtAk,stuttering,train
sZwq9VaEtAk_seg_001.wav,data/processed/train_set/stuttering/sZwq9VaEtAk_seg_001.wav,sZwq9VaEtAk,stuttering,train
sZwq9VaEtAk_seg_002.wav,data/processed/train_set/stuttering/sZwq9VaEtAk_seg_002.wav,sZwq9VaEtAk,stuttering,train
sZwq9VaEtAk_seg_003.wav,data/processed/train_set/stuttering/sZwq9VaEtAk_seg_003.wav,sZwq9VaEtAk,stuttering,train
sZwq9VaEtAk_seg_004.wav,data/processed/train_set/stuttering/sZwq9VaEtAk_seg_004.wav,sZwq9VaEtAk,stuttering,train
sZwq9VaEtAk_seg_005.wav,data/processed/train_set/stuttering/sZwq9VaEtAk_seg_005.wav,sZwq9VaEtAk,stuttering,train
sZwq9VaEtAk_seg_006.wav,data/processed/train_set/stuttering/sZwq9VaEtAk_seg_006.wav,sZwq9VaEtAk,stuttering,train
sZwq9VaEtAk_seg_007.wav,data/processed/train_set/stuttering/sZwq9VaEtAk_seg_007.wav,sZwq9VaEtAk,stuttering,train
sZwq9VaEtAk_seg_008.wav,data/processed/train_set/stuttering/sZwq9VaEtAk_seg_008.wav,sZwq9VaEtAk,stuttering,train
sZwq9VaEtAk_seg_009.wav,data/processed/train_set/stuttering/sZwq9VaEtAk_seg_009.wav,sZwq9VaEtAk,stuttering,train
sZwq9VaEtAk_seg_010.wav,data/processed/train_set/stuttering/sZwq9VaEtAk_seg_010.wav,sZwq9VaEtAk,stuttering,train
sZwq9VaEtAk_seg_011.wav,data/processed/train_set/stuttering/sZwq9VaEtAk_seg_011.wav,sZwq9VaEtAk,stuttering,train
sZwq9VaEtAk_seg_012.wav,data/processed/train_set/stuttering/sZwq9VaEtAk_seg_012.wav,sZwq9VaEtAk,stuttering,train
sZwq9VaEtAk_seg_013.wav,data/processed/train_set/stuttering/sZwq9VaEtAk_seg_013.wav,sZwq9VaEtAk,stuttering,train
sZwq9VaEtAk_seg_014.wav,data/processed/train_set/stuttering/sZwq9VaEtAk_seg_014.wav,sZwq9VaEtAk,stuttering,train
sZwq9VaEtAk_seg_015.wav,data/processed/train_set/stuttering/sZwq9VaEtAk_seg_015.wav,sZwq9VaEtAk,stuttering,train
sZwq9VaEtAk_seg_016.wav,data/processed/train_set/stuttering/sZwq9VaEtAk_seg_016.wav,sZwq9VaEtAk,stuttering,train
sZwq9VaEtAk_seg_017.wav,data/processed/train_set/stuttering/sZwq9VaEtAk_seg_017.wav,sZwq9VaEtAk,stuttering,train
sZwq9VaEtAk_seg_018.wav,data/processed/train_set/stuttering/sZwq9VaEtAk_seg_018.wav,sZwq9VaEtAk,stuttering,train
sZwq9VaEtAk_seg_019.wav,data/processed/train_set/stuttering/sZwq9VaEtAk_seg_019.wav,sZwq9VaEtAk,stuttering,train
sZwq9VaEtAk_seg_020.wav,data/processed/train_set/stuttering/sZwq9VaEtAk_seg_020.wav,sZwq9VaEtAk,stuttering,train
sZwq9VaEtAk_seg_021.wav,data/processed/train_set/stuttering/sZwq9VaEtAk_seg_021.wav,sZwq9VaEtAk,stuttering,train
sZwq9VaEtAk_seg_022.wav,data/processed/train_set/stuttering/sZwq9VaEtAk_seg_022.wav,sZwq9VaEtAk,stuttering,train
sZwq9VaEtAk_seg_023.wav,data/processed/train_set/stuttering/sZwq9VaEtAk_seg_023.wav,sZwq9VaEtAk,stuttering,train
sZwq9VaEtAk_seg_024.wav,data/processed/train_set/stuttering/sZwq9VaEtAk_seg_024.wav,sZwq9VaEtAk,stuttering,train
sZwq9VaEtAk_seg_025.wav,data/processed/train_set/stuttering/sZwq9VaEtAk_seg_025.wav,sZwq9VaEtAk,stuttering,train
sZwq9VaEtAk_seg_026.wav,data/processed/train_set/stuttering/sZwq9VaEtAk_seg_026.wav,sZwq9VaEtAk,stuttering,train
sZwq9VaEtAk_seg_027.wav,data/processed/train_set/stuttering/sZwq9VaEtAk_seg_027.wav,sZwq9VaEtAk,stuttering,train
sZwq9VaEtAk_seg_028.wav,data/processed/train_set/stuttering/sZwq9VaEtAk_seg_028.wav,sZwq9VaEtAk,stuttering,train
sZwq9VaEtAk_seg_029.wav,data/processed/train_set/stuttering/sZwq9VaEtAk_seg_029.wav,sZwq9VaEtAk,stuttering,train
sZwq9VaEtAk_seg_030.wav,data/processed/train_set/stuttering/sZwq9VaEtAk_seg_030.wav,sZwq9VaEtAk,stuttering,train
sZwq9VaEtAk_seg_031.wav,data/processed/train_set/stuttering/sZwq9VaEtAk_seg_031.wav,sZwq9VaEtAk,stuttering,train
sZwq9VaEtAk_seg_032.wav,data/processed/train_set/stuttering/sZwq9VaEtAk_seg_032.wav,sZwq9VaEtAk,stuttering,train
sZwq9VaEtAk_seg_033.wav,data/processed/train_set/stuttering/sZwq9VaEtAk_seg_033.wav,sZwq9VaEtAk,stuttering,train
sZwq9VaEtAk_seg_034.wav,data/processed/train_set/stuttering/sZwq9VaEtAk_seg_034.wav,sZwq9VaEtAk,stuttering,train
sZwq9VaEtAk_seg_035.wav,data/processed/train_set/stuttering/sZwq9VaEtAk_seg_035.wav,sZwq9VaEtAk,stuttering,train
sZwq9VaEtAk_seg_036.wav,data/processed/train_set/stuttering/sZwq9VaEtAk_seg_036.wav,sZwq9VaEtAk,stuttering,train
sZwq9VaEtAk_seg_037.wav,data/processed/train_set/stuttering/sZwq9VaEtAk_seg_037.wav,sZwq9VaEtAk,stuttering,train
sZwq9VaEtAk_seg_038.wav,data/processed/train_set/stuttering/sZwq9VaEtAk_seg_038.wav,sZwq9VaEtAk,stuttering,train
sZwq9VaEtAk_seg_039.wav,data/processed/train_set/stuttering/sZwq9VaEtAk_seg_039.wav,sZwq9VaEtAk,stuttering,train
sZwq9VaEtAk_seg_040.wav,data/processed/train_set/stuttering/sZwq9VaEtAk_seg_040.wav,sZwq9VaEtAk,stuttering,train
sZwq9VaEtAk_seg_041.wav,data/processed/train_set/stuttering/sZwq9VaEtAk_seg_041.wav,sZwq9VaEtAk,stuttering,train
sZwq9VaEtAk_seg_042.wav,data/processed/train_set/stuttering/sZwq9VaEtAk_seg_042.wav,sZwq9VaEtAk,stuttering,train
sZwq9VaEtAk_seg_043.wav,data/processed/train_set/stuttering/sZwq9VaEtAk_seg_043.wav,sZwq9VaEtAk,stuttering,train
sZwq9VaEtAk_seg_044.wav,data/processed/train_set/stuttering/sZwq9VaEtAk_seg_044.wav,sZwq9VaEtAk,stuttering,train
sZwq9VaEtAk_seg_045.wav,data/processed/train_set/stuttering/sZwq9VaEtAk_seg_045.wav,sZwq9VaEtAk,stuttering,train
sZwq9VaEtAk_seg_046.wav,data/processed/train_set/stuttering/sZwq9VaEtAk_seg_046.wav,sZwq9VaEtAk,stuttering,train
sZwq9VaEtAk_seg_047.wav,data/processed/train_set/stuttering/sZwq9VaEtAk_seg_047.wav,sZwq9VaEtAk,stuttering,train
sZwq9VaEtAk_seg_048.wav,data/processed/train_set/stuttering/sZwq9VaEtAk_seg_048.wav,sZwq9VaEtAk,stuttering,train
sZwq9VaEtAk_seg_049.wav,data/processed/train_set/stuttering/sZwq9VaEtAk_seg_049.wav,sZwq9VaEtAk,stuttering,train
sZwq9VaEtAk_seg_050.wav,data/processed/train_set/stuttering/sZwq9VaEtAk_seg_050.wav,sZwq9VaEtAk,stuttering,train
sZwq9VaEtAk_seg_051.wav,data/processed/train_set/stuttering/sZwq9VaEtAk_seg_051.wav,sZwq9VaEtAk,stuttering,train
sZwq9VaEtAk_seg_052.wav,data/processed/train_set/stuttering/sZwq9VaEtAk_seg_052.wav,sZwq9VaEtAk,stuttering,train
sZwq9VaEtAk_seg_053.wav,data/processed/train_set/stuttering/sZwq9VaEtAk_seg_053.wav,sZwq9VaEtAk,stuttering,train
sZwq9VaEtAk_seg_054.wav,data/processed/train_set/stuttering/sZwq9VaEtAk_seg_054.wav,sZwq9VaEtAk,stuttering,train
sZwq9VaEtAk_seg_055.wav,data/processed/train_set/stuttering/sZwq9VaEtAk_seg_055.wav,sZwq9VaEtAk,stuttering,train
sZwq9VaEtAk_seg_056.wav,data/processed/train_set/stuttering/sZwq9VaEtAk_seg_056.wav,sZwq9VaEtAk,stuttering,train
sZwq9VaEtAk_seg_057.wav,data/processed/train_set/stuttering/sZwq9VaEtAk_seg_057.wav,sZwq9VaEtAk,stuttering,train
sZwq9VaEtAk_seg_058.wav,data/processed/train_set/stuttering/sZwq9VaEtAk_seg_058.wav,sZwq9VaEtAk,stuttering,train
sZwq9VaEtAk_seg_059.wav,data/processed/train_set/stuttering/sZwq9VaEtAk_seg_059.wav,sZwq9VaEtAk,stuttering,train
sZwq9VaEtAk_seg_060.wav,data/processed/train_set/stuttering/sZwq9VaEtAk_seg_060.wav,sZwq9VaEtAk,stuttering,train
sZwq9VaEtAk_seg_061.wav,data/processed/train_set/stuttering/sZwq9VaEtAk_seg_061.wav,sZwq9VaEtAk,stuttering,train
sZwq9VaEtAk_seg_062.wav,data/processed/train_set/stuttering/sZwq9VaEtAk_seg_062.wav,sZwq9VaEtAk,stuttering,train
sZwq9VaEtAk_seg_063.wav,data/processed/train_set/stuttering/sZwq9VaEtAk_seg_063.wav,sZwq9VaEtAk,stuttering,train
sZwq9VaEtAk_seg_064.wav,data/processed/train_set/stuttering/sZwq9VaEtAk_seg_064.wav,sZwq9VaEtAk,stuttering,train
sZwq9VaEtAk_seg_065.wav,data/processed/train_set/stuttering/sZwq9VaEtAk_seg_065.wav,sZwq9VaEtAk,stuttering,train
sZwq9VaEtAk_seg_067.wav,data/processed/train_set/stuttering/sZwq9VaEtAk_seg_067.wav,sZwq9VaEtAk,stuttering,train
sZwq9VaEtAk_seg_068.wav,data/processed/train_set/stuttering/sZwq9VaEtAk_seg_068.wav,sZwq9VaEtAk,stuttering,train
sZwq9VaEtAk_seg_069.wav,data/processed/train_set/stuttering/sZwq9VaEtAk_seg_069.wav,sZwq9VaEtAk,stuttering,train
sZwq9VaEtAk_seg_070.wav,data/processed/train_set/stuttering/sZwq9VaEtAk_seg_070.wav,sZwq9VaEtAk,stuttering,train
sZwq9VaEtAk_seg_071.wav,data/processed/train_set/stuttering/sZwq9VaEtAk_seg_071.wav,sZwq9VaEtAk,stuttering,train
sZwq9VaEtAk_seg_072.wav,data/processed/train_set/stuttering/sZwq9VaEtAk_seg_072.wav,sZwq9VaEtAk,stuttering,train
sZwq9VaEtAk_seg_073.wav,data/processed/train_set/stuttering/sZwq9VaEtAk_seg_073.wav,sZwq9VaEtAk,stuttering,train
sZwq9VaEtAk_seg_074.wav,data/processed/train_set/stuttering/sZwq9VaEtAk_seg_074.wav,sZwq9VaEtAk,stuttering,train
sZwq9VaEtAk_seg_075.wav,data/processed/train_set/stuttering/sZwq9VaEtAk_seg_075.wav,sZwq9VaEtAk,stuttering,train
sZwq9VaEtAk_seg_076.wav,data/processed/train_set/stuttering/sZwq9VaEtAk_seg_076.wav,sZwq9VaEtAk,stuttering,train
sZwq9VaEtAk_seg_077.wav,data/processed/train_set/stuttering/sZwq9VaEtAk_seg_077.wav,sZwq9VaEtAk,stuttering,train
sZwq9VaEtAk_seg_078.wav,data/processed/train_set/stuttering/sZwq9VaEtAk_seg_078.wav,sZwq9VaEtAk,stuttering,train
sZwq9VaEtAk_seg_079.wav,data/processed/train_set/stuttering/sZwq9VaEtAk_seg_079.wav,sZwq9VaEtAk,stuttering,train
sZwq9VaEtAk_seg_080.wav,data/processed/train_set/stuttering/sZwq9VaEtAk_seg_080.wav,sZwq9VaEtAk,stuttering,train
sZwq9VaEtAk_seg_081.wav,data/processed/train_set/stuttering/sZwq9VaEtAk_seg_081.wav,sZwq9VaEtAk,stuttering,train
sZwq9VaEtAk_seg_082.wav,data/processed/train_set/stuttering/sZwq9VaEtAk_seg_082.wav,sZwq9VaEtAk,stuttering,train
sZwq9VaEtAk_seg_083.wav,data/processed/train_set/stuttering/sZwq9VaEtAk_seg_083.wav,sZwq9VaEtAk,stuttering,train
sZwq9VaEtAk_seg_084.wav,data/processed/train_set/stuttering/sZwq9VaEtAk_seg_084.wav,sZwq9VaEtAk,stuttering,train
sZwq9VaEtAk_seg_085.wav,data/processed/train_set/stuttering/sZwq9VaEtAk_seg_085.wav,sZwq9VaEtAk,stuttering,train
sZwq9VaEtAk_seg_086.wav,data/processed/train_set/stuttering/sZwq9VaEtAk_seg_086.wav,sZwq9VaEtAk,stuttering,train
sZwq9VaEtAk_seg_087.wav,data/processed/train_set/stuttering/sZwq9VaEtAk_seg_087.wav,sZwq9VaEtAk,stuttering,train
sZwq9VaEtAk_seg_088.wav,data/processed/train_set/stuttering/sZwq9VaEtAk_seg_088.wav,sZwq9VaEtAk,stuttering,train
sZwq9VaEtAk_seg_089.wav,data/processed/train_set/stuttering/sZwq9VaEtAk_seg_089.wav,sZwq9VaEtAk,stuttering,train
sZwq9VaEtAk_seg_090.wav,data/processed/train_set/stuttering/sZwq9VaEtAk_seg_090.wav,sZwq9VaEtAk,stuttering,train
sZwq9VaEtAk_seg_091.wav,data/processed/train_set/stuttering/sZwq9VaEtAk_seg_091.wav,sZwq9VaEtAk,stuttering,train
sZwq9VaEtAk_seg_092.wav,data/processed/train_set/stuttering/sZwq9VaEtAk_seg_092.wav,sZwq9VaEtAk,stuttering,train
sZwq9VaEtAk_seg_093.wav,data/processed/train_set/stuttering/sZwq9VaEtAk_seg_093.wav,sZwq9VaEtAk,stuttering,train
sZwq9VaEtAk_seg_094.wav,data/processed/train_set/stuttering/sZwq9VaEtAk_seg_094.wav,sZwq9VaEtAk,stuttering,train
sZwq9VaEtAk_seg_095.wav,data/processed/train_set/stuttering/sZwq9VaEtAk_seg_095.wav,sZwq9VaEtAk,stuttering,train
sZwq9VaEtAk_seg_096.wav,data/processed/train_set/stuttering/sZwq9VaEtAk_seg_096.wav,sZwq9VaEtAk,stuttering,train
sZwq9VaEtAk_seg_097.wav,data/processed/train_set/stuttering/sZwq9VaEtAk_seg_097.wav,sZwq9VaEtAk,stuttering,train
sZwq9VaEtAk_seg_098.wav,data/processed/train_set/stuttering/sZwq9VaEtAk_seg_098.wav,sZwq9VaEtAk,stuttering,train
sZwq9VaEtAk_seg_099.wav,data/processed/train_set/stuttering/sZwq9VaEtAk_seg_099.wav,sZwq9VaEtAk,stuttering,train
sZwq9VaEtAk_seg_100.wav,data/processed/train_set/stuttering/sZwq9VaEtAk_seg_100.wav,sZwq9VaEtAk,stuttering,train
sZwq9VaEtAk_seg_101.wav,data/processed/train_set/stuttering/sZwq9VaEtAk_seg_101.wav,sZwq9VaEtAk,stuttering,train
sZwq9VaEtAk_seg_102.wav,data/processed/train_set/stuttering/sZwq9VaEtAk_seg_102.wav,sZwq9VaEtAk,stuttering,train
sZwq9VaEtAk_seg_103.wav,data/processed/train_set/stuttering/sZwq9VaEtAk_seg_103.wav,sZwq9VaEtAk,stuttering,train
sZwq9VaEtAk_seg_104.wav,data/processed/train_set/stuttering/sZwq9VaEtAk_seg_104.wav,sZwq9VaEtAk,stuttering,train
sZwq9VaEtAk_seg_105.wav,data/processed/train_set/stuttering/sZwq9VaEtAk_seg_105.wav,sZwq9VaEtAk,stuttering,train
sZwq9VaEtAk_seg_106.wav,data/processed/train_set/stuttering/sZwq9VaEtAk_seg_106.wav,sZwq9VaEtAk,stuttering,train
sZwq9VaEtAk_seg_107.wav,data/processed/train_set/stuttering/sZwq9VaEtAk_seg_107.wav,sZwq9VaEtAk,stuttering,train
sZwq9VaEtAk_seg_108.wav,data/processed/train_set/stuttering/sZwq9VaEtAk_seg_108.wav,sZwq9VaEtAk,stuttering,train
sZwq9VaEtAk_seg_109.wav,data/processed/train_set/stuttering/sZwq9VaEtAk_seg_109.wav,sZwq9VaEtAk,stuttering,train
sZwq9VaEtAk_seg_110.wav,data/processed/train_set/stuttering/sZwq9VaEtAk_seg_110.wav,sZwq9VaEtAk,stuttering,train
sZwq9VaEtAk_seg_111.wav,data/processed/train_set/stuttering/sZwq9VaEtAk_seg_111.wav,sZwq9VaEtAk,stuttering,train
sZwq9VaEtAk_seg_112.wav,data/processed/train_set/stuttering/sZwq9VaEtAk_seg_112.wav,sZwq9VaEtAk,stuttering,train
sZwq9VaEtAk_seg_113.wav,data/processed/train_set/stuttering/sZwq9VaEtAk_seg_113.wav,sZwq9VaEtAk,stuttering,train
sZwq9VaEtAk_seg_114.wav,data/processed/train_set/stuttering/sZwq9VaEtAk_seg_114.wav,sZwq9VaEtAk,stuttering,train
sZwq9VaEtAk_seg_115.wav,data/processed/train_set/stuttering/sZwq9VaEtAk_seg_115.wav,sZwq9VaEtAk,stuttering,train
sZwq9VaEtAk_seg_116.wav,data/processed/train_set/stuttering/sZwq9VaEtAk_seg_116.wav,sZwq9VaEtAk,stuttering,train
sZwq9VaEtAk_seg_117.wav,data/processed/train_set/stuttering/sZwq9VaEtAk_seg_117.wav,sZwq9VaEtAk,stuttering,train
sZwq9VaEtAk_seg_118.wav,data/processed/train_set/stuttering/sZwq9VaEtAk_seg_118.wav,sZwq9VaEtAk,stuttering,train
sZwq9VaEtAk_seg_119.wav,data/processed/train_set/stuttering/sZwq9VaEtAk_seg_119.wav,sZwq9VaEtAk,stuttering,train
sZwq9VaEtAk_seg_120.wav,data/processed/train_set/stuttering/sZwq9VaEtAk_seg_120.wav,sZwq9VaEtAk,stuttering,train
sZwq9VaEtAk_seg_121.wav,data/processed/train_set/stuttering/sZwq9VaEtAk_seg_121.wav,sZwq9VaEtAk,stuttering,train
sZwq9VaEtAk_seg_122.wav,data/processed/train_set/stuttering/sZwq9VaEtAk_seg_122.wav,sZwq9VaEtAk,stuttering,train
sZwq9VaEtAk_seg_123.wav,data/processed/train_set/stuttering/sZwq9VaEtAk_seg_123.wav,sZwq9VaEtAk,stuttering,train
sZwq9VaEtAk_seg_124.wav,data/processed/train_set/stuttering/sZwq9VaEtAk_seg_124.wav,sZwq9VaEtAk,stuttering,train
sZwq9VaEtAk_seg_125.wav,data/processed/train_set/stuttering/sZwq9VaEtAk_seg_125.wav,sZwq9VaEtAk,stuttering,train
sZwq9VaEtAk_seg_126.wav,data/processed/train_set/stuttering/sZwq9VaEtAk_seg_126.wav,sZwq9VaEtAk,stuttering,train
sZwq9VaEtAk_seg_127.wav,data/processed/train_set/stuttering/sZwq9VaEtAk_seg_127.wav,sZwq9VaEtAk,stuttering,train
sZwq9VaEtAk_seg_128.wav,data/processed/train_set/stuttering/sZwq9VaEtAk_seg_128.wav,sZwq9VaEtAk,stuttering,train
sZwq9VaEtAk_seg_129.wav,data/processed/train_set/stuttering/sZwq9VaEtAk_seg_129.wav,sZwq9VaEtAk,stuttering,train
sZwq9VaEtAk_seg_130.wav,data/processed/train_set/stuttering/sZwq9VaEtAk_seg_130.wav,sZwq9VaEtAk,stuttering,train
sZwq9VaEtAk_seg_131.wav,data/processed/train_set/stuttering/sZwq9VaEtAk_seg_131.wav,sZwq9VaEtAk,stuttering,train
sZwq9VaEtAk_seg_132.wav,data/processed/train_set/stuttering/sZwq9VaEtAk_seg_132.wav,sZwq9VaEtAk,stuttering,train
sZwq9VaEtAk_seg_133.wav,data/processed/train_set/stuttering/sZwq9VaEtAk_seg_133.wav,sZwq9VaEtAk,stuttering,train
sZwq9VaEtAk_seg_134.wav,data/processed/train_set/stuttering/sZwq9VaEtAk_seg_134.wav,sZwq9VaEtAk,stuttering,train
sZwq9VaEtAk_seg_135.wav,data/processed/train_set/stuttering/sZwq9VaEtAk_seg_135.wav,sZwq9VaEtAk,stuttering,train
sZwq9VaEtAk_seg_136.wav,data/processed/train_set/stuttering/sZwq9VaEtAk_seg_136.wav,sZwq9VaEtAk,stuttering,train
sZwq9VaEtAk_seg_137.wav,data/processed/train_set/stuttering/sZwq9VaEtAk_seg_137.wav,sZwq9VaEtAk,stuttering,train
sZwq9VaEtAk_seg_138.wav,data/processed/train_set/stuttering/sZwq9VaEtAk_seg_138.wav,sZwq9VaEtAk,stuttering,train
sZwq9VaEtAk_seg_139.wav,data/processed/train_set/stuttering/sZwq9VaEtAk_seg_139.wav,sZwq9VaEtAk,stuttering,train
sZwq9VaEtAk_seg_140.wav,data/processed/train_set/stuttering/sZwq9VaEtAk_seg_140.wav,sZwq9VaEtAk,stuttering,train
sZwq9VaEtAk_seg_141.wav,data/processed/train_set/stuttering/sZwq9VaEtAk_seg_141.wav,sZwq9VaEtAk,stuttering,train
sZwq9VaEtAk_seg_142.wav,data/processed/train_set/stuttering/sZwq9VaEtAk_seg_142.wav,sZwq9VaEtAk,stuttering,train
sZwq9VaEtAk_seg_143.wav,data/processed/train_set/stuttering/sZwq9VaEtAk_seg_143.wav,sZwq9VaEtAk,stuttering,train
sZwq9VaEtAk_seg_144.wav,data/processed/train_set/stuttering/sZwq9VaEtAk_seg_144.wav,sZwq9VaEtAk,stuttering,train
sZwq9VaEtAk_seg_145.wav,data/processed/train_set/stuttering/sZwq9VaEtAk_seg_145.wav,sZwq9VaEtAk,stuttering,train
sZwq9VaEtAk_seg_146.wav,data/processed/train_set/stuttering/sZwq9VaEtAk_seg_146.wav,sZwq9VaEtAk,stuttering,train
sZwq9VaEtAk_seg_147.wav,data/processed/train_set/stuttering/sZwq9VaEtAk_seg_147.wav,sZwq9VaEtAk,stuttering,train
sZwq9VaEtAk_seg_148.wav,data/processed/train_set/stuttering/sZwq9VaEtAk_seg_148.wav,sZwq9VaEtAk,stuttering,train
sZwq9VaEtAk_seg_149.wav,data/processed/train_set/stuttering/sZwq9VaEtAk_seg_149.wav,sZwq9VaEtAk,stuttering,train
t8jvL4ZQkH0_seg_000.wav,data/processed/train_set/stuttering/t8jvL4ZQkH0_seg_000.wav,t8jvL4ZQkH0,stuttering,train
t8jvL4ZQkH0_seg_001.wav,data/processed/train_set/stuttering/t8jvL4ZQkH0_seg_001.wav,t8jvL4ZQkH0,stuttering,train
t8jvL4ZQkH0_seg_002.wav,data/processed/train_set/stuttering/t8jvL4ZQkH0_seg_002.wav,t8jvL4ZQkH0,stuttering,train
t8jvL4ZQkH0_seg_003.wav,data/processed/train_set/stuttering/t8jvL4ZQkH0_seg_003.wav,t8jvL4ZQkH0,stuttering,train
t8jvL4ZQkH0_seg_004.wav,data/processed/train_set/stuttering/t8jvL4ZQkH0_seg_004.wav,t8jvL4ZQkH0,stuttering,train
ZezBWDaHm6g_seg_000.wav,data/processed/train_set/stuttering/ZezBWDaHm6g_seg_000.wav,ZezBWDaHm6g,stuttering,train
ZezBWDaHm6g_seg_001.wav,data/processed/train_set/stuttering/ZezBWDaHm6g_seg_001.wav,ZezBWDaHm6g,stuttering,train
ZezBWDaHm6g_seg_002.wav,data/processed/train_set/stuttering/ZezBWDaHm6g_seg_002.wav,ZezBWDaHm6g,stuttering,train
ZezBWDaHm6g_seg_003.wav,data/processed/train_set/stuttering/ZezBWDaHm6g_seg_003.wav,ZezBWDaHm6g,stuttering,train
ZezBWDaHm6g_seg_004.wav,data/processed/train_set/stuttering/ZezBWDaHm6g_seg_004.wav,ZezBWDaHm6g,stuttering,train
ZezBWDaHm6g_seg_005.wav,data/processed/train_set/stuttering/ZezBWDaHm6g_seg_005.wav,ZezBWDaHm6g,stuttering,train
ZezBWDaHm6g_seg_006.wav,data/processed/train_set/stuttering/ZezBWDaHm6g_seg_006.wav,ZezBWDaHm6g,stuttering,train
ZezBWDaHm6g_seg_007.wav,data/processed/train_set/stuttering/ZezBWDaHm6g_seg_007.wav,ZezBWDaHm6g,stuttering,train
ZezBWDaHm6g_seg_008.wav,data/processed/train_set/stuttering/ZezBWDaHm6g_seg_008.wav,ZezBWDaHm6g,stuttering,train
ZezBWDaHm6g_seg_009.wav,data/processed/train_set/stuttering/ZezBWDaHm6g_seg_009.wav,ZezBWDaHm6g,stuttering,train
ZezBWDaHm6g_seg_010.wav,data/processed/train_set/stuttering/ZezBWDaHm6g_seg_010.wav,ZezBWDaHm6g,stuttering,train
ZezBWDaHm6g_seg_011.wav,data/processed/train_set/stuttering/ZezBWDaHm6g_seg_011.wav,ZezBWDaHm6g,stuttering,train
ZezBWDaHm6g_seg_012.wav,data/processed/train_set/stuttering/ZezBWDaHm6g_seg_012.wav,ZezBWDaHm6g,stuttering,train
ZezBWDaHm6g_seg_013.wav,data/processed/train_set/stuttering/ZezBWDaHm6g_seg_013.wav,ZezBWDaHm6g,stuttering,train
ZezBWDaHm6g_seg_014.wav,data/processed/train_set/stuttering/ZezBWDaHm6g_seg_014.wav,ZezBWDaHm6g,stuttering,train
7189742740425542955_seg_000.wav,data/processed/test_set/stuttering/7189742740425542955_seg_000.wav,7189742740425542955,stuttering,test
7189742740425542955_seg_001.wav,data/processed/test_set/stuttering/7189742740425542955_seg_001.wav,7189742740425542955,stuttering,test
7189742740425542955_seg_002.wav,data/processed/test_set/stuttering/7189742740425542955_seg_002.wav,7189742740425542955,stuttering,test
7189742740425542955_seg_003.wav,data/processed/test_set/stuttering/7189742740425542955_seg_003.wav,7189742740425542955,stuttering,test
7189742740425542955_seg_004.wav,data/processed/test_set/stuttering/7189742740425542955_seg_004.wav,7189742740425542955,stuttering,test
7189742740425542955_seg_005.wav,data/processed/test_set/stuttering/7189742740425542955_seg_005.wav,7189742740425542955,stuttering,test
7189742740425542955_seg_006.wav,data/processed/test_set/stuttering/7189742740425542955_seg_006.wav,7189742740425542955,stuttering,test
7189742740425542955_seg_007.wav,data/processed/test_set/stuttering/7189742740425542955_seg_007.wav,7189742740425542955,stuttering,test
7189742740425542955_seg_008.wav,data/processed/test_set/stuttering/7189742740425542955_seg_008.wav,7189742740425542955,stuttering,test
7189742740425542955_seg_009.wav,data/processed/test_set/stuttering/7189742740425542955_seg_009.wav,7189742740425542955,stuttering,test
7189742740425542955_seg_010.wav,data/processed/test_set/stuttering/7189742740425542955_seg_010.wav,7189742740425542955,stuttering,test
7189742740425542955_seg_011.wav,data/processed/test_set/stuttering/7189742740425542955_seg_011.wav,7189742740425542955,stuttering,test
7189742740425542955_seg_012.wav,data/processed/test_set/stuttering/7189742740425542955_seg_012.wav,7189742740425542955,stuttering,test
7189742740425542955_seg_013.wav,data/processed/test_set/stuttering/7189742740425542955_seg_013.wav,7189742740425542955,stuttering,test
7189742740425542955_seg_014.wav,data/processed/test_set/stuttering/7189742740425542955_seg_014.wav,7189742740425542955,stuttering,test
7189742740425542955_seg_015.wav,data/processed/test_set/stuttering/7189742740425542955_seg_015.wav,7189742740425542955,stuttering,test
7189742740425542955_seg_016.wav,data/processed/test_set/stuttering/7189742740425542955_seg_016.wav,7189742740425542955,stuttering,test
7189742740425542955_seg_017.wav,data/processed/test_set/stuttering/7189742740425542955_seg_017.wav,7189742740425542955,stuttering,test
7189742740425542955_seg_018.wav,data/processed/test_set/stuttering/7189742740425542955_seg_018.wav,7189742740425542955,stuttering,test
7189742740425542955_seg_019.wav,data/processed/test_set/stuttering/7189742740425542955_seg_019.wav,7189742740425542955,stuttering,test
7189742740425542955_seg_020.wav,data/processed/test_set/stuttering/7189742740425542955_seg_020.wav,7189742740425542955,stuttering,test
7189742740425542955_seg_021.wav,data/processed/test_set/stuttering/7189742740425542955_seg_021.wav,7189742740425542955,stuttering,test
7189742740425542955_seg_022.wav,data/processed/test_set/stuttering/7189742740425542955_seg_022.wav,7189742740425542955,stuttering,test
7189742740425542955_seg_023.wav,data/processed/test_set/stuttering/7189742740425542955_seg_023.wav,7189742740425542955,stuttering,test
7189742740425542955_seg_024.wav,data/processed/test_set/stuttering/7189742740425542955_seg_024.wav,7189742740425542955,stuttering,test
7189742740425542955_seg_025.wav,data/processed/test_set/stuttering/7189742740425542955_seg_025.wav,7189742740425542955,stuttering,test
7189742740425542955_seg_026.wav,data/processed/test_set/stuttering/7189742740425542955_seg_026.wav,7189742740425542955,stuttering,test
7189742740425542955_seg_027.wav,data/processed/test_set/stuttering/7189742740425542955_seg_027.wav,7189742740425542955,stuttering,test
7189742740425542955_seg_028.wav,data/processed/test_set/stuttering/7189742740425542955_seg_028.wav,7189742740425542955,stuttering,test
7189742740425542955_seg_029.wav,data/processed/test_set/stuttering/7189742740425542955_seg_029.wav,7189742740425542955,stuttering,test
7189742740425542955_seg_030.wav,data/processed/test_set/stuttering/7189742740425542955_seg_030.wav,7189742740425542955,stuttering,test
7189742740425542955_seg_031.wav,data/processed/test_set/stuttering/7189742740425542955_seg_031.wav,7189742740425542955,stuttering,test
7189742740425542955_seg_032.wav,data/processed/test_set/stuttering/7189742740425542955_seg_032.wav,7189742740425542955,stuttering,test
7189742740425542955_seg_033.wav,data/processed/test_set/stuttering/7189742740425542955_seg_033.wav,7189742740425542955,stuttering,test
7189742740425542955_seg_034.wav,data/processed/test_set/stuttering/7189742740425542955_seg_034.wav,7189742740425542955,stuttering,test
7189742740425542955_seg_035.wav,data/processed/test_set/stuttering/7189742740425542955_seg_035.wav,7189742740425542955,stuttering,test
7189742740425542955_seg_036.wav,data/processed/test_set/stuttering/7189742740425542955_seg_036.wav,7189742740425542955,stuttering,test
7189742740425542955_seg_037.wav,data/processed/test_set/stuttering/7189742740425542955_seg_037.wav,7189742740425542955,stuttering,test
7189742740425542955_seg_038.wav,data/processed/test_set/stuttering/7189742740425542955_seg_038.wav,7189742740425542955,stuttering,test
7189742740425542955_seg_039.wav,data/processed/test_set/stuttering/7189742740425542955_seg_039.wav,7189742740425542955,stuttering,test
7189742740425542955_seg_040.wav,data/processed/test_set/stuttering/7189742740425542955_seg_040.wav,7189742740425542955,stuttering,test
7189742740425542955_seg_041.wav,data/processed/test_set/stuttering/7189742740425542955_seg_041.wav,7189742740425542955,stuttering,test
7189742740425542955_seg_042.wav,data/processed/test_set/stuttering/7189742740425542955_seg_042.wav,7189742740425542955,stuttering,test
7189742740425542955_seg_043.wav,data/processed/test_set/stuttering/7189742740425542955_seg_043.wav,7189742740425542955,stuttering,test
7189742740425542955_seg_044.wav,data/processed/test_set/stuttering/7189742740425542955_seg_044.wav,7189742740425542955,stuttering,test
7189742740425542955_seg_045.wav,data/processed/test_set/stuttering/7189742740425542955_seg_045.wav,7189742740425542955,stuttering,test
7189742740425542955_seg_046.wav,data/processed/test_set/stuttering/7189742740425542955_seg_046.wav,7189742740425542955,stuttering,test
7189742740425542955_seg_047.wav,data/processed/test_set/stuttering/7189742740425542955_seg_047.wav,7189742740425542955,stuttering,test
7189742740425542955_seg_048.wav,data/processed/test_set/stuttering/7189742740425542955_seg_048.wav,7189742740425542955,stuttering,test
7189742740425542955_seg_049.wav,data/processed/test_set/stuttering/7189742740425542955_seg_049.wav,7189742740425542955,stuttering,test
7511014266175114538_seg_000.wav,data/processed/test_set/stuttering/7511014266175114538_seg_000.wav,7511014266175114538,stuttering,test
7511014266175114538_seg_001.wav,data/processed/test_set/stuttering/7511014266175114538_seg_001.wav,7511014266175114538,stuttering,test
7511014266175114538_seg_002.wav,data/processed/test_set/stuttering/7511014266175114538_seg_002.wav,7511014266175114538,stuttering,test
7511014266175114538_seg_003.wav,data/processed/test_set/stuttering/7511014266175114538_seg_003.wav,7511014266175114538,stuttering,test
7511014266175114538_seg_004.wav,data/processed/test_set/stuttering/7511014266175114538_seg_004.wav,7511014266175114538,stuttering,test
7511014266175114538_seg_005.wav,data/processed/test_set/stuttering/7511014266175114538_seg_005.wav,7511014266175114538,stuttering,test
7511014266175114538_seg_006.wav,data/processed/test_set/stuttering/7511014266175114538_seg_006.wav,7511014266175114538,stuttering,test
7511014266175114538_seg_007.wav,data/processed/test_set/stuttering/7511014266175114538_seg_007.wav,7511014266175114538,stuttering,test
7511014266175114538_seg_008.wav,data/processed/test_set/stuttering/7511014266175114538_seg_008.wav,7511014266175114538,stuttering,test
7511014266175114538_seg_009.wav,data/processed/test_set/stuttering/7511014266175114538_seg_009.wav,7511014266175114538,stuttering,test
7511014266175114538_seg_010.wav,data/processed/test_set/stuttering/7511014266175114538_seg_010.wav,7511014266175114538,stuttering,test
7511014266175114538_seg_011.wav,data/processed/test_set/stuttering/7511014266175114538_seg_011.wav,7511014266175114538,stuttering,test
7511014266175114538_seg_012.wav,data/processed/test_set/stuttering/7511014266175114538_seg_012.wav,7511014266175114538,stuttering,test
7511014266175114538_seg_013.wav,data/processed/test_set/stuttering/7511014266175114538_seg_013.wav,7511014266175114538,stuttering,test
7511014266175114538_seg_014.wav,data/processed/test_set/stuttering/7511014266175114538_seg_014.wav,7511014266175114538,stuttering,test
7511014266175114538_seg_015.wav,data/processed/test_set/stuttering/7511014266175114538_seg_015.wav,7511014266175114538,stuttering,test
7511014266175114538_seg_016.wav,data/processed/test_set/stuttering/7511014266175114538_seg_016.wav,7511014266175114538,stuttering,test
7511014266175114538_seg_017.wav,data/processed/test_set/stuttering/7511014266175114538_seg_017.wav,7511014266175114538,stuttering,test
7511014266175114538_seg_018.wav,data/processed/test_set/stuttering/7511014266175114538_seg_018.wav,7511014266175114538,stuttering,test
7511014266175114538_seg_019.wav,data/processed/test_set/stuttering/7511014266175114538_seg_019.wav,7511014266175114538,stuttering,test
7511014266175114538_seg_020.wav,data/processed/test_set/stuttering/7511014266175114538_seg_020.wav,7511014266175114538,stuttering,test
7511014266175114538_seg_021.wav,data/processed/test_set/stuttering/7511014266175114538_seg_021.wav,7511014266175114538,stuttering,test
7511014266175114538_seg_022.wav,data/processed/test_set/stuttering/7511014266175114538_seg_022.wav,7511014266175114538,stuttering,test
7511014266175114538_seg_023.wav,data/processed/test_set/stuttering/7511014266175114538_seg_023.wav,7511014266175114538,stuttering,test
7511014266175114538_seg_024.wav,data/processed/test_set/stuttering/7511014266175114538_seg_024.wav,7511014266175114538,stuttering,test
7605234960105999647_seg_000.wav,data/processed/test_set/stuttering/7605234960105999647_seg_000.wav,7605234960105999647,stuttering,test
7605234960105999647_seg_001.wav,data/processed/test_set/stuttering/7605234960105999647_seg_001.wav,7605234960105999647,stuttering,test
7605234960105999647_seg_002.wav,data/processed/test_set/stuttering/7605234960105999647_seg_002.wav,7605234960105999647,stuttering,test
7605234960105999647_seg_003.wav,data/processed/test_set/stuttering/7605234960105999647_seg_003.wav,7605234960105999647,stuttering,test
7605234960105999647_seg_004.wav,data/processed/test_set/stuttering/7605234960105999647_seg_004.wav,7605234960105999647,stuttering,test
7605234960105999647_seg_005.wav,data/processed/test_set/stuttering/7605234960105999647_seg_005.wav,7605234960105999647,stuttering,test
7605234960105999647_seg_006.wav,data/processed/test_set/stuttering/7605234960105999647_seg_006.wav,7605234960105999647,stuttering,test
7605234960105999647_seg_007.wav,data/processed/test_set/stuttering/7605234960105999647_seg_007.wav,7605234960105999647,stuttering,test
7605234960105999647_seg_008.wav,data/processed/test_set/stuttering/7605234960105999647_seg_008.wav,7605234960105999647,stuttering,test
7605234960105999647_seg_009.wav,data/processed/test_set/stuttering/7605234960105999647_seg_009.wav,7605234960105999647,stuttering,test
7605234960105999647_seg_010.wav,data/processed/test_set/stuttering/7605234960105999647_seg_010.wav,7605234960105999647,stuttering,test
7605234960105999647_seg_011.wav,data/processed/test_set/stuttering/7605234960105999647_seg_011.wav,7605234960105999647,stuttering,test
7605234960105999647_seg_012.wav,data/processed/test_set/stuttering/7605234960105999647_seg_012.wav,7605234960105999647,stuttering,test
7605234960105999647_seg_013.wav,data/processed/test_set/stuttering/7605234960105999647_seg_013.wav,7605234960105999647,stuttering,test
7605234960105999647_seg_014.wav,data/processed/test_set/stuttering/7605234960105999647_seg_014.wav,7605234960105999647,stuttering,test
7605234960105999647_seg_015.wav,data/processed/test_set/stuttering/7605234960105999647_seg_015.wav,7605234960105999647,stuttering,test
7605234960105999647_seg_016.wav,data/processed/test_set/stuttering/7605234960105999647_seg_016.wav,7605234960105999647,stuttering,test
7605234960105999647_seg_017.wav,data/processed/test_set/stuttering/7605234960105999647_seg_017.wav,7605234960105999647,stuttering,test
lfXIK2_34dM_seg_000.wav,data/processed/test_set/stuttering/lfXIK2_34dM_seg_000.wav,lfXIK2_34dM,stuttering,test
lfXIK2_34dM_seg_001.wav,data/processed/test_set/stuttering/lfXIK2_34dM_seg_001.wav,lfXIK2_34dM,stuttering,test
lfXIK2_34dM_seg_002.wav,data/processed/test_set/stuttering/lfXIK2_34dM_seg_002.wav,lfXIK2_34dM,stuttering,test
lfXIK2_34dM_seg_003.wav,data/processed/test_set/stuttering/lfXIK2_34dM_seg_003.wav,lfXIK2_34dM,stuttering,test
lfXIK2_34dM_seg_004.wav,data/processed/test_set/stuttering/lfXIK2_34dM_seg_004.wav,lfXIK2_34dM,stuttering,test
lfXIK2_34dM_seg_005.wav,data/processed/test_set/stuttering/lfXIK2_34dM_seg_005.wav,lfXIK2_34dM,stuttering,test
lfXIK2_34dM_seg_006.wav,data/processed/test_set/stuttering/lfXIK2_34dM_seg_006.wav,lfXIK2_34dM,stuttering,test
lfXIK2_34dM_seg_007.wav,data/processed/test_set/stuttering/lfXIK2_34dM_seg_007.wav,lfXIK2_34dM,stuttering,test
lfXIK2_34dM_seg_008.wav,data/processed/test_set/stuttering/lfXIK2_34dM_seg_008.wav,lfXIK2_34dM,stuttering,test
lfXIK2_34dM_seg_009.wav,data/processed/test_set/stuttering/lfXIK2_34dM_seg_009.wav,lfXIK2_34dM,stuttering,test
lfXIK2_34dM_seg_010.wav,data/processed/test_set/stuttering/lfXIK2_34dM_seg_010.wav,lfXIK2_34dM,stuttering,test
lfXIK2_34dM_seg_011.wav,data/processed/test_set/stuttering/lfXIK2_34dM_seg_011.wav,lfXIK2_34dM,stuttering,test
lfXIK2_34dM_seg_012.wav,data/processed/test_set/stuttering/lfXIK2_34dM_seg_012.wav,lfXIK2_34dM,stuttering,test
lfXIK2_34dM_seg_013.wav,data/processed/test_set/stuttering/lfXIK2_34dM_seg_013.wav,lfXIK2_34dM,stuttering,test
lfXIK2_34dM_seg_014.wav,data/processed/test_set/stuttering/lfXIK2_34dM_seg_014.wav,lfXIK2_34dM,stuttering,test
lfXIK2_34dM_seg_015.wav,data/processed/test_set/stuttering/lfXIK2_34dM_seg_015.wav,lfXIK2_34dM,stuttering,test
lfXIK2_34dM_seg_016.wav,data/processed/test_set/stuttering/lfXIK2_34dM_seg_016.wav,lfXIK2_34dM,stuttering,test
lfXIK2_34dM_seg_017.wav,data/processed/test_set/stuttering/lfXIK2_34dM_seg_017.wav,lfXIK2_34dM,stuttering,test
lfXIK2_34dM_seg_018.wav,data/processed/test_set/stuttering/lfXIK2_34dM_seg_018.wav,lfXIK2_34dM,stuttering,test
lfXIK2_34dM_seg_019.wav,data/processed/test_set/stuttering/lfXIK2_34dM_seg_019.wav,lfXIK2_34dM,stuttering,test
lfXIK2_34dM_seg_020.wav,data/processed/test_set/stuttering/lfXIK2_34dM_seg_020.wav,lfXIK2_34dM,stuttering,test
lfXIK2_34dM_seg_021.wav,data/processed/test_set/stuttering/lfXIK2_34dM_seg_021.wav,lfXIK2_34dM,stuttering,test
lfXIK2_34dM_seg_022.wav,data/processed/test_set/stuttering/lfXIK2_34dM_seg_022.wav,lfXIK2_34dM,stuttering,test
lfXIK2_34dM_seg_023.wav,data/processed/test_set/stuttering/lfXIK2_34dM_seg_023.wav,lfXIK2_34dM,stuttering,test
lfXIK2_34dM_seg_024.wav,data/processed/test_set/stuttering/lfXIK2_34dM_seg_024.wav,lfXIK2_34dM,stuttering,test
lfXIK2_34dM_seg_025.wav,data/processed/test_set/stuttering/lfXIK2_34dM_seg_025.wav,lfXIK2_34dM,stuttering,test
lfXIK2_34dM_seg_026.wav,data/processed/test_set/stuttering/lfXIK2_34dM_seg_026.wav,lfXIK2_34dM,stuttering,test
lfXIK2_34dM_seg_027.wav,data/processed/test_set/stuttering/lfXIK2_34dM_seg_027.wav,lfXIK2_34dM,stuttering,test
lfXIK2_34dM_seg_028.wav,data/processed/test_set/stuttering/lfXIK2_34dM_seg_028.wav,lfXIK2_34dM,stuttering,test
lfXIK2_34dM_seg_029.wav,data/processed/test_set/stuttering/lfXIK2_34dM_seg_029.wav,lfXIK2_34dM,stuttering,test
lfXIK2_34dM_seg_030.wav,data/processed/test_set/stuttering/lfXIK2_34dM_seg_030.wav,lfXIK2_34dM,stuttering,test
lfXIK2_34dM_seg_031.wav,data/processed/test_set/stuttering/lfXIK2_34dM_seg_031.wav,lfXIK2_34dM,stuttering,test
lfXIK2_34dM_seg_032.wav,data/processed/test_set/stuttering/lfXIK2_34dM_seg_032.wav,lfXIK2_34dM,stuttering,test
lfXIK2_34dM_seg_033.wav,data/processed/test_set/stuttering/lfXIK2_34dM_seg_033.wav,lfXIK2_34dM,stuttering,test
lfXIK2_34dM_seg_034.wav,data/processed/test_set/stuttering/lfXIK2_34dM_seg_034.wav,lfXIK2_34dM,stuttering,test
lfXIK2_34dM_seg_035.wav,data/processed/test_set/stuttering/lfXIK2_34dM_seg_035.wav,lfXIK2_34dM,stuttering,test
lfXIK2_34dM_seg_036.wav,data/processed/test_set/stuttering/lfXIK2_34dM_seg_036.wav,lfXIK2_34dM,stuttering,test
lfXIK2_34dM_seg_037.wav,data/processed/test_set/stuttering/lfXIK2_34dM_seg_037.wav,lfXIK2_34dM,stuttering,test
lfXIK2_34dM_seg_038.wav,data/processed/test_set/stuttering/lfXIK2_34dM_seg_038.wav,lfXIK2_34dM,stuttering,test
lfXIK2_34dM_seg_039.wav,data/processed/test_set/stuttering/lfXIK2_34dM_seg_039.wav,lfXIK2_34dM,stuttering,test
lfXIK2_34dM_seg_040.wav,data/processed/test_set/stuttering/lfXIK2_34dM_seg_040.wav,lfXIK2_34dM,stuttering,test
lfXIK2_34dM_seg_041.wav,data/processed/test_set/stuttering/lfXIK2_34dM_seg_041.wav,lfXIK2_34dM,stuttering,test
lfXIK2_34dM_seg_042.wav,data/processed/test_set/stuttering/lfXIK2_34dM_seg_042.wav,lfXIK2_34dM,stuttering,test
lfXIK2_34dM_seg_043.wav,data/processed/test_set/stuttering/lfXIK2_34dM_seg_043.wav,lfXIK2_34dM,stuttering,test
lfXIK2_34dM_seg_044.wav,data/processed/test_set/stuttering/lfXIK2_34dM_seg_044.wav,lfXIK2_34dM,stuttering,test
lfXIK2_34dM_seg_045.wav,data/processed/test_set/stuttering/lfXIK2_34dM_seg_045.wav,lfXIK2_34dM,stuttering,test
lfXIK2_34dM_seg_046.wav,data/processed/test_set/stuttering/lfXIK2_34dM_seg_046.wav,lfXIK2_34dM,stuttering,test
lfXIK2_34dM_seg_047.wav,data/processed/test_set/stuttering/lfXIK2_34dM_seg_047.wav,lfXIK2_34dM,stuttering,test
lfXIK2_34dM_seg_048.wav,data/processed/test_set/stuttering/lfXIK2_34dM_seg_048.wav,lfXIK2_34dM,stuttering,test
lfXIK2_34dM_seg_049.wav,data/processed/test_set/stuttering/lfXIK2_34dM_seg_049.wav,lfXIK2_34dM,stuttering,test
lfXIK2_34dM_seg_050.wav,data/processed/test_set/stuttering/lfXIK2_34dM_seg_050.wav,lfXIK2_34dM,stuttering,test
lfXIK2_34dM_seg_051.wav,data/processed/test_set/stuttering/lfXIK2_34dM_seg_051.wav,lfXIK2_34dM,stuttering,test
lfXIK2_34dM_seg_052.wav,data/processed/test_set/stuttering/lfXIK2_34dM_seg_052.wav,lfXIK2_34dM,stuttering,test
lfXIK2_34dM_seg_053.wav,data/processed/test_set/stuttering/lfXIK2_34dM_seg_053.wav,lfXIK2_34dM,stuttering,test
lfXIK2_34dM_seg_054.wav,data/processed/test_set/stuttering/lfXIK2_34dM_seg_054.wav,lfXIK2_34dM,stuttering,test
lfXIK2_34dM_seg_055.wav,data/processed/test_set/stuttering/lfXIK2_34dM_seg_055.wav,lfXIK2_34dM,stuttering,test
lfXIK2_34dM_seg_056.wav,data/processed/test_set/stuttering/lfXIK2_34dM_seg_056.wav,lfXIK2_34dM,stuttering,test
lfXIK2_34dM_seg_057.wav,data/processed/test_set/stuttering/lfXIK2_34dM_seg_057.wav,lfXIK2_34dM,stuttering,test
lfXIK2_34dM_seg_058.wav,data/processed/test_set/stuttering/lfXIK2_34dM_seg_058.wav,lfXIK2_34dM,stuttering,test
lfXIK2_34dM_seg_059.wav,data/processed/test_set/stuttering/lfXIK2_34dM_seg_059.wav,lfXIK2_34dM,stuttering,test
lfXIK2_34dM_seg_060.wav,data/processed/test_set/stuttering/lfXIK2_34dM_seg_060.wav,lfXIK2_34dM,stuttering,test
lfXIK2_34dM_seg_061.wav,data/processed/test_set/stuttering/lfXIK2_34dM_seg_061.wav,lfXIK2_34dM,stuttering,test
lfXIK2_34dM_seg_062.wav,data/processed/test_set/stuttering/lfXIK2_34dM_seg_062.wav,lfXIK2_34dM,stuttering,test
lfXIK2_34dM_seg_063.wav,data/processed/test_set/stuttering/lfXIK2_34dM_seg_063.wav,lfXIK2_34dM,stuttering,test
lfXIK2_34dM_seg_064.wav,data/processed/test_set/stuttering/lfXIK2_34dM_seg_064.wav,lfXIK2_34dM,stuttering,test
lfXIK2_34dM_seg_065.wav,data/processed/test_set/stuttering/lfXIK2_34dM_seg_065.wav,lfXIK2_34dM,stuttering,test
lfXIK2_34dM_seg_066.wav,data/processed/test_set/stuttering/lfXIK2_34dM_seg_066.wav,lfXIK2_34dM,stuttering,test
lfXIK2_34dM_seg_067.wav,data/processed/test_set/stuttering/lfXIK2_34dM_seg_067.wav,lfXIK2_34dM,stuttering,test
lfXIK2_34dM_seg_068.wav,data/processed/test_set/stuttering/lfXIK2_34dM_seg_068.wav,lfXIK2_34dM,stuttering,test
lfXIK2_34dM_seg_069.wav,data/processed/test_set/stuttering/lfXIK2_34dM_seg_069.wav,lfXIK2_34dM,stuttering,test
lfXIK2_34dM_seg_070.wav,data/processed/test_set/stuttering/lfXIK2_34dM_seg_070.wav,lfXIK2_34dM,stuttering,test
lfXIK2_34dM_seg_071.wav,data/processed/test_set/stuttering/lfXIK2_34dM_seg_071.wav,lfXIK2_34dM,stuttering,test
lfXIK2_34dM_seg_072.wav,data/processed/test_set/stuttering/lfXIK2_34dM_seg_072.wav,lfXIK2_34dM,stuttering,test
lfXIK2_34dM_seg_073.wav,data/processed/test_set/stuttering/lfXIK2_34dM_seg_073.wav,lfXIK2_34dM,stuttering,test
lfXIK2_34dM_seg_074.wav,data/processed/test_set/stuttering/lfXIK2_34dM_seg_074.wav,lfXIK2_34dM,stuttering,test
lfXIK2_34dM_seg_075.wav,data/processed/test_set/stuttering/lfXIK2_34dM_seg_075.wav,lfXIK2_34dM,stuttering,test
lfXIK2_34dM_seg_076.wav,data/processed/test_set/stuttering/lfXIK2_34dM_seg_076.wav,lfXIK2_34dM,stuttering,test
lfXIK2_34dM_seg_077.wav,data/processed/test_set/stuttering/lfXIK2_34dM_seg_077.wav,lfXIK2_34dM,stuttering,test
lfXIK2_34dM_seg_078.wav,data/processed/test_set/stuttering/lfXIK2_34dM_seg_078.wav,lfXIK2_34dM,stuttering,test
lfXIK2_34dM_seg_080.wav,data/processed/test_set/stuttering/lfXIK2_34dM_seg_080.wav,lfXIK2_34dM,stuttering,test
lfXIK2_34dM_seg_081.wav,data/processed/test_set/stuttering/lfXIK2_34dM_seg_081.wav,lfXIK2_34dM,stuttering,test
lfXIK2_34dM_seg_082.wav,data/processed/test_set/stuttering/lfXIK2_34dM_seg_082.wav,lfXIK2_34dM,stuttering,test
lfXIK2_34dM_seg_083.wav,data/processed/test_set/stuttering/lfXIK2_34dM_seg_083.wav,lfXIK2_34dM,stuttering,test
lfXIK2_34dM_seg_084.wav,data/processed/test_set/stuttering/lfXIK2_34dM_seg_084.wav,lfXIK2_34dM,stuttering,test
lfXIK2_34dM_seg_085.wav,data/processed/test_set/stuttering/lfXIK2_34dM_seg_085.wav,lfXIK2_34dM,stuttering,test
lfXIK2_34dM_seg_086.wav,data/processed/test_set/stuttering/lfXIK2_34dM_seg_086.wav,lfXIK2_34dM,stuttering,test
lfXIK2_34dM_seg_087.wav,data/processed/test_set/stuttering/lfXIK2_34dM_seg_087.wav,lfXIK2_34dM,stuttering,test
lfXIK2_34dM_seg_088.wav,data/processed/test_set/stuttering/lfXIK2_34dM_seg_088.wav,lfXIK2_34dM,stuttering,test
lfXIK2_34dM_seg_089.wav,data/processed/test_set/stuttering/lfXIK2_34dM_seg_089.wav,lfXIK2_34dM,stuttering,test
lfXIK2_34dM_seg_090.wav,data/processed/test_set/stuttering/lfXIK2_34dM_seg_090.wav,lfXIK2_34dM,stuttering,test
lfXIK2_34dM_seg_091.wav,data/processed/test_set/stuttering/lfXIK2_34dM_seg_091.wav,lfXIK2_34dM,stuttering,test
lfXIK2_34dM_seg_092.wav,data/processed/test_set/stuttering/lfXIK2_34dM_seg_092.wav,lfXIK2_34dM,stuttering,test
lfXIK2_34dM_seg_093.wav,data/processed/test_set/stuttering/lfXIK2_34dM_seg_093.wav,lfXIK2_34dM,stuttering,test
lfXIK2_34dM_seg_094.wav,data/processed/test_set/stuttering/lfXIK2_34dM_seg_094.wav,lfXIK2_34dM,stuttering,test
lfXIK2_34dM_seg_095.wav,data/processed/test_set/stuttering/lfXIK2_34dM_seg_095.wav,lfXIK2_34dM,stuttering,test
lfXIK2_34dM_seg_096.wav,data/processed/test_set/stuttering/lfXIK2_34dM_seg_096.wav,lfXIK2_34dM,stuttering,test
lfXIK2_34dM_seg_097.wav,data/processed/test_set/stuttering/lfXIK2_34dM_seg_097.wav,lfXIK2_34dM,stuttering,test
MR4RrTTciMw_seg_000.wav,data/processed/test_set/stuttering/MR4RrTTciMw_seg_000.wav,MR4RrTTciMw,stuttering,test
MR4RrTTciMw_seg_001.wav,data/processed/test_set/stuttering/MR4RrTTciMw_seg_001.wav,MR4RrTTciMw,stuttering,test
MR4RrTTciMw_seg_002.wav,data/processed/test_set/stuttering/MR4RrTTciMw_seg_002.wav,MR4RrTTciMw,stuttering,test
MR4RrTTciMw_seg_003.wav,data/processed/test_set/stuttering/MR4RrTTciMw_seg_003.wav,MR4RrTTciMw,stuttering,test
MR4RrTTciMw_seg_006.wav,data/processed/test_set/stuttering/MR4RrTTciMw_seg_006.wav,MR4RrTTciMw,stuttering,test
MR4RrTTciMw_seg_007.wav,data/processed/test_set/stuttering/MR4RrTTciMw_seg_007.wav,MR4RrTTciMw,stuttering,test
MR4RrTTciMw_seg_008.wav,data/processed/test_set/stuttering/MR4RrTTciMw_seg_008.wav,MR4RrTTciMw,stuttering,test
MR4RrTTciMw_seg_009.wav,data/processed/test_set/stuttering/MR4RrTTciMw_seg_009.wav,MR4RrTTciMw,stuttering,test
MR4RrTTciMw_seg_010.wav,data/processed/test_set/stuttering/MR4RrTTciMw_seg_010.wav,MR4RrTTciMw,stuttering,test
MR4RrTTciMw_seg_012.wav,data/processed/test_set/stuttering/MR4RrTTciMw_seg_012.wav,MR4RrTTciMw,stuttering,test
MR4RrTTciMw_seg_013.wav,data/processed/test_set/stuttering/MR4RrTTciMw_seg_013.wav,MR4RrTTciMw,stuttering,test
MR4RrTTciMw_seg_014.wav,data/processed/test_set/stuttering/MR4RrTTciMw_seg_014.wav,MR4RrTTciMw,stuttering,test
MR4RrTTciMw_seg_015.wav,data/processed/test_set/stuttering/MR4RrTTciMw_seg_015.wav,MR4RrTTciMw,stuttering,test
MR4RrTTciMw_seg_016.wav,data/processed/test_set/stuttering/MR4RrTTciMw_seg_016.wav,MR4RrTTciMw,stuttering,test
MR4RrTTciMw_seg_017.wav,data/processed/test_set/stuttering/MR4RrTTciMw_seg_017.wav,MR4RrTTciMw,stuttering,test
MR4RrTTciMw_seg_020.wav,data/processed/test_set/stuttering/MR4RrTTciMw_seg_020.wav,MR4RrTTciMw,stuttering,test
MR4RrTTciMw_seg_021.wav,data/processed/test_set/stuttering/MR4RrTTciMw_seg_021.wav,MR4RrTTciMw,stuttering,test
MR4RrTTciMw_seg_022.wav,data/processed/test_set/stuttering/MR4RrTTciMw_seg_022.wav,MR4RrTTciMw,stuttering,test
MR4RrTTciMw_seg_023.wav,data/processed/test_set/stuttering/MR4RrTTciMw_seg_023.wav,MR4RrTTciMw,stuttering,test
MR4RrTTciMw_seg_025.wav,data/processed/test_set/stuttering/MR4RrTTciMw_seg_025.wav,MR4RrTTciMw,stuttering,test
MR4RrTTciMw_seg_026.wav,data/processed/test_set/stuttering/MR4RrTTciMw_seg_026.wav,MR4RrTTciMw,stuttering,test
MR4RrTTciMw_seg_027.wav,data/processed/test_set/stuttering/MR4RrTTciMw_seg_027.wav,MR4RrTTciMw,stuttering,test
MR4RrTTciMw_seg_029.wav,data/processed/test_set/stuttering/MR4RrTTciMw_seg_029.wav,MR4RrTTciMw,stuttering,test
MR4RrTTciMw_seg_030.wav,data/processed/test_set/stuttering/MR4RrTTciMw_seg_030.wav,MR4RrTTciMw,stuttering,test
MR4RrTTciMw_seg_031.wav,data/processed/test_set/stuttering/MR4RrTTciMw_seg_031.wav,MR4RrTTciMw,stuttering,test
MR4RrTTciMw_seg_032.wav,data/processed/test_set/stuttering/MR4RrTTciMw_seg_032.wav,MR4RrTTciMw,stuttering,test
MR4RrTTciMw_seg_033.wav,data/processed/test_set/stuttering/MR4RrTTciMw_seg_033.wav,MR4RrTTciMw,stuttering,test
MR4RrTTciMw_seg_034.wav,data/processed/test_set/stuttering/MR4RrTTciMw_seg_034.wav,MR4RrTTciMw,stuttering,test
MR4RrTTciMw_seg_035.wav,data/processed/test_set/stuttering/MR4RrTTciMw_seg_035.wav,MR4RrTTciMw,stuttering,test
MR4RrTTciMw_seg_036.wav,data/processed/test_set/stuttering/MR4RrTTciMw_seg_036.wav,MR4RrTTciMw,stuttering,test
MR4RrTTciMw_seg_039.wav,data/processed/test_set/stuttering/MR4RrTTciMw_seg_039.wav,MR4RrTTciMw,stuttering,test
MR4RrTTciMw_seg_042.wav,data/processed/test_set/stuttering/MR4RrTTciMw_seg_042.wav,MR4RrTTciMw,stuttering,test
MR4RrTTciMw_seg_044.wav,data/processed/test_set/stuttering/MR4RrTTciMw_seg_044.wav,MR4RrTTciMw,stuttering,test
MR4RrTTciMw_seg_045.wav,data/processed/test_set/stuttering/MR4RrTTciMw_seg_045.wav,MR4RrTTciMw,stuttering,test
MR4RrTTciMw_seg_046.wav,data/processed/test_set/stuttering/MR4RrTTciMw_seg_046.wav,MR4RrTTciMw,stuttering,test
MR4RrTTciMw_seg_048.wav,data/processed/test_set/stuttering/MR4RrTTciMw_seg_048.wav,MR4RrTTciMw,stuttering,test
MR4RrTTciMw_seg_049.wav,data/processed/test_set/stuttering/MR4RrTTciMw_seg_049.wav,MR4RrTTciMw,stuttering,test
MR4RrTTciMw_seg_052.wav,data/processed/test_set/stuttering/MR4RrTTciMw_seg_052.wav,MR4RrTTciMw,stuttering,test
MR4RrTTciMw_seg_053.wav,data/processed/test_set/stuttering/MR4RrTTciMw_seg_053.wav,MR4RrTTciMw,stuttering,test
MR4RrTTciMw_seg_055.wav,data/processed/test_set/stuttering/MR4RrTTciMw_seg_055.wav,MR4RrTTciMw,stuttering,test
MR4RrTTciMw_seg_056.wav,data/processed/test_set/stuttering/MR4RrTTciMw_seg_056.wav,MR4RrTTciMw,stuttering,test
MR4RrTTciMw_seg_058.wav,data/processed/test_set/stuttering/MR4RrTTciMw_seg_058.wav,MR4RrTTciMw,stuttering,test
MR4RrTTciMw_seg_059.wav,data/processed/test_set/stuttering/MR4RrTTciMw_seg_059.wav,MR4RrTTciMw,stuttering,test
MR4RrTTciMw_seg_061.wav,data/processed/test_set/stuttering/MR4RrTTciMw_seg_061.wav,MR4RrTTciMw,stuttering,test
MR4RrTTciMw_seg_062.wav,data/processed/test_set/stuttering/MR4RrTTciMw_seg_062.wav,MR4RrTTciMw,stuttering,test
MR4RrTTciMw_seg_063.wav,data/processed/test_set/stuttering/MR4RrTTciMw_seg_063.wav,MR4RrTTciMw,stuttering,test
MR4RrTTciMw_seg_064.wav,data/processed/test_set/stuttering/MR4RrTTciMw_seg_064.wav,MR4RrTTciMw,stuttering,test
MR4RrTTciMw_seg_065.wav,data/processed/test_set/stuttering/MR4RrTTciMw_seg_065.wav,MR4RrTTciMw,stuttering,test
MR4RrTTciMw_seg_066.wav,data/processed/test_set/stuttering/MR4RrTTciMw_seg_066.wav,MR4RrTTciMw,stuttering,test
MR4RrTTciMw_seg_067.wav,data/processed/test_set/stuttering/MR4RrTTciMw_seg_067.wav,MR4RrTTciMw,stuttering,test
MR4RrTTciMw_seg_068.wav,data/processed/test_set/stuttering/MR4RrTTciMw_seg_068.wav,MR4RrTTciMw,stuttering,test
MR4RrTTciMw_seg_069.wav,data/processed/test_set/stuttering/MR4RrTTciMw_seg_069.wav,MR4RrTTciMw,stuttering,test
MR4RrTTciMw_seg_070.wav,data/processed/test_set/stuttering/MR4RrTTciMw_seg_070.wav,MR4RrTTciMw,stuttering,test
MR4RrTTciMw_seg_071.wav,data/processed/test_set/stuttering/MR4RrTTciMw_seg_071.wav,MR4RrTTciMw,stuttering,test
MR4RrTTciMw_seg_072.wav,data/processed/test_set/stuttering/MR4RrTTciMw_seg_072.wav,MR4RrTTciMw,stuttering,test
MR4RrTTciMw_seg_073.wav,data/processed/test_set/stuttering/MR4RrTTciMw_seg_073.wav,MR4RrTTciMw,stuttering,test
MR4RrTTciMw_seg_074.wav,data/processed/test_set/stuttering/MR4RrTTciMw_seg_074.wav,MR4RrTTciMw,stuttering,test
MR4RrTTciMw_seg_075.wav,data/processed/test_set/stuttering/MR4RrTTciMw_seg_075.wav,MR4RrTTciMw,stuttering,test
MR4RrTTciMw_seg_076.wav,data/processed/test_set/stuttering/MR4RrTTciMw_seg_076.wav,MR4RrTTciMw,stuttering,test
MR4RrTTciMw_seg_077.wav,data/processed/test_set/stuttering/MR4RrTTciMw_seg_077.wav,MR4RrTTciMw,stuttering,test
MR4RrTTciMw_seg_078.wav,data/processed/test_set/stuttering/MR4RrTTciMw_seg_078.wav,MR4RrTTciMw,stuttering,test
MR4RrTTciMw_seg_079.wav,data/processed/test_set/stuttering/MR4RrTTciMw_seg_079.wav,MR4RrTTciMw,stuttering,test
MR4RrTTciMw_seg_080.wav,data/processed/test_set/stuttering/MR4RrTTciMw_seg_080.wav,MR4RrTTciMw,stuttering,test
MR4RrTTciMw_seg_081.wav,data/processed/test_set/stuttering/MR4RrTTciMw_seg_081.wav,MR4RrTTciMw,stuttering,test
MR4RrTTciMw_seg_082.wav,data/processed/test_set/stuttering/MR4RrTTciMw_seg_082.wav,MR4RrTTciMw,stuttering,test
MR4RrTTciMw_seg_083.wav,data/processed/test_set/stuttering/MR4RrTTciMw_seg_083.wav,MR4RrTTciMw,stuttering,test
MR4RrTTciMw_seg_084.wav,data/processed/test_set/stuttering/MR4RrTTciMw_seg_084.wav,MR4RrTTciMw,stuttering,test
MR4RrTTciMw_seg_085.wav,data/processed/test_set/stuttering/MR4RrTTciMw_seg_085.wav,MR4RrTTciMw,stuttering,test
MR4RrTTciMw_seg_086.wav,data/processed/test_set/stuttering/MR4RrTTciMw_seg_086.wav,MR4RrTTciMw,stuttering,test
MR4RrTTciMw_seg_087.wav,data/processed/test_set/stuttering/MR4RrTTciMw_seg_087.wav,MR4RrTTciMw,stuttering,test
MR4RrTTciMw_seg_088.wav,data/processed/test_set/stuttering/MR4RrTTciMw_seg_088.wav,MR4RrTTciMw,stuttering,test
MR4RrTTciMw_seg_089.wav,data/processed/test_set/stuttering/MR4RrTTciMw_seg_089.wav,MR4RrTTciMw,stuttering,test
MR4RrTTciMw_seg_090.wav,data/processed/test_set/stuttering/MR4RrTTciMw_seg_090.wav,MR4RrTTciMw,stuttering,test
MR4RrTTciMw_seg_091.wav,data/processed/test_set/stuttering/MR4RrTTciMw_seg_091.wav,MR4RrTTciMw,stuttering,test
MR4RrTTciMw_seg_092.wav,data/processed/test_set/stuttering/MR4RrTTciMw_seg_092.wav,MR4RrTTciMw,stuttering,test
MR4RrTTciMw_seg_093.wav,data/processed/test_set/stuttering/MR4RrTTciMw_seg_093.wav,MR4RrTTciMw,stuttering,test
MR4RrTTciMw_seg_094.wav,data/processed/test_set/stuttering/MR4RrTTciMw_seg_094.wav,MR4RrTTciMw,stuttering,test
MR4RrTTciMw_seg_095.wav,data/processed/test_set/stuttering/MR4RrTTciMw_seg_095.wav,MR4RrTTciMw,stuttering,test
MR4RrTTciMw_seg_096.wav,data/processed/test_set/stuttering/MR4RrTTciMw_seg_096.wav,MR4RrTTciMw,stuttering,test
MR4RrTTciMw_seg_097.wav,data/processed/test_set/stuttering/MR4RrTTciMw_seg_097.wav,MR4RrTTciMw,stuttering,test
MR4RrTTciMw_seg_098.wav,data/processed/test_set/stuttering/MR4RrTTciMw_seg_098.wav,MR4RrTTciMw,stuttering,test
MR4RrTTciMw_seg_099.wav,data/processed/test_set/stuttering/MR4RrTTciMw_seg_099.wav,MR4RrTTciMw,stuttering,test
MR4RrTTciMw_seg_100.wav,data/processed/test_set/stuttering/MR4RrTTciMw_seg_100.wav,MR4RrTTciMw,stuttering,test
MR4RrTTciMw_seg_101.wav,data/processed/test_set/stuttering/MR4RrTTciMw_seg_101.wav,MR4RrTTciMw,stuttering,test
MR4RrTTciMw_seg_102.wav,data/processed/test_set/stuttering/MR4RrTTciMw_seg_102.wav,MR4RrTTciMw,stuttering,test
MR4RrTTciMw_seg_103.wav,data/processed/test_set/stuttering/MR4RrTTciMw_seg_103.wav,MR4RrTTciMw,stuttering,test
MR4RrTTciMw_seg_104.wav,data/processed/test_set/stuttering/MR4RrTTciMw_seg_104.wav,MR4RrTTciMw,stuttering,test
MR4RrTTciMw_seg_105.wav,data/processed/test_set/stuttering/MR4RrTTciMw_seg_105.wav,MR4RrTTciMw,stuttering,test
MR4RrTTciMw_seg_106.wav,data/processed/test_set/stuttering/MR4RrTTciMw_seg_106.wav,MR4RrTTciMw,stuttering,test
MR4RrTTciMw_seg_107.wav,data/processed/test_set/stuttering/MR4RrTTciMw_seg_107.wav,MR4RrTTciMw,stuttering,test
MR4RrTTciMw_seg_108.wav,data/processed/test_set/stuttering/MR4RrTTciMw_seg_108.wav,MR4RrTTciMw,stuttering,test
MR4RrTTciMw_seg_109.wav,data/processed/test_set/stuttering/MR4RrTTciMw_seg_109.wav,MR4RrTTciMw,stuttering,test
MR4RrTTciMw_seg_110.wav,data/processed/test_set/stuttering/MR4RrTTciMw_seg_110.wav,MR4RrTTciMw,stuttering,test
MR4RrTTciMw_seg_111.wav,data/processed/test_set/stuttering/MR4RrTTciMw_seg_111.wav,MR4RrTTciMw,stuttering,test
MR4RrTTciMw_seg_112.wav,data/processed/test_set/stuttering/MR4RrTTciMw_seg_112.wav,MR4RrTTciMw,stuttering,test
MR4RrTTciMw_seg_113.wav,data/processed/test_set/stuttering/MR4RrTTciMw_seg_113.wav,MR4RrTTciMw,stuttering,test
MR4RrTTciMw_seg_114.wav,data/processed/test_set/stuttering/MR4RrTTciMw_seg_114.wav,MR4RrTTciMw,stuttering,test
MR4RrTTciMw_seg_115.wav,data/processed/test_set/stuttering/MR4RrTTciMw_seg_115.wav,MR4RrTTciMw,stuttering,test
MR4RrTTciMw_seg_116.wav,data/processed/test_set/stuttering/MR4RrTTciMw_seg_116.wav,MR4RrTTciMw,stuttering,test
MR4RrTTciMw_seg_117.wav,data/processed/test_set/stuttering/MR4RrTTciMw_seg_117.wav,MR4RrTTciMw,stuttering,test
MR4RrTTciMw_seg_118.wav,data/processed/test_set/stuttering/MR4RrTTciMw_seg_118.wav,MR4RrTTciMw,stuttering,test
MR4RrTTciMw_seg_119.wav,data/processed/test_set/stuttering/MR4RrTTciMw_seg_119.wav,MR4RrTTciMw,stuttering,test
MR4RrTTciMw_seg_120.wav,data/processed/test_set/stuttering/MR4RrTTciMw_seg_120.wav,MR4RrTTciMw,stuttering,test
yXI6KMtociI_seg_000.wav,data/processed/test_set/stuttering/yXI6KMtociI_seg_000.wav,yXI6KMtociI,stuttering,test
yXI6KMtociI_seg_001.wav,data/processed/test_set/stuttering/yXI6KMtociI_seg_001.wav,yXI6KMtociI,stuttering,test
yXI6KMtociI_seg_002.wav,data/processed/test_set/stuttering/yXI6KMtociI_seg_002.wav,yXI6KMtociI,stuttering,test
yXI6KMtociI_seg_003.wav,data/processed/test_set/stuttering/yXI6KMtociI_seg_003.wav,yXI6KMtociI,stuttering,test
yXI6KMtociI_seg_004.wav,data/processed/test_set/stuttering/yXI6KMtociI_seg_004.wav,yXI6KMtociI,stuttering,test
yXI6KMtociI_seg_005.wav,data/processed/test_set/stuttering/yXI6KMtociI_seg_005.wav,yXI6KMtociI,stuttering,test
yXI6KMtociI_seg_006.wav,data/processed/test_set/stuttering/yXI6KMtociI_seg_006.wav,yXI6KMtociI,stuttering,test
yXI6KMtociI_seg_007.wav,data/processed/test_set/stuttering/yXI6KMtociI_seg_007.wav,yXI6KMtociI,stuttering,test
yXI6KMtociI_seg_008.wav,data/processed/test_set/stuttering/yXI6KMtociI_seg_008.wav,yXI6KMtociI,stuttering,test
yXI6KMtociI_seg_009.wav,data/processed/test_set/stuttering/yXI6KMtociI_seg_009.wav,yXI6KMtociI,stuttering,test
yXI6KMtociI_seg_010.wav,data/processed/test_set/stuttering/yXI6KMtociI_seg_010.wav,yXI6KMtociI,stuttering,test
yXI6KMtociI_seg_011.wav,data/processed/test_set/stuttering/yXI6KMtociI_seg_011.wav,yXI6KMtociI,stuttering,test
yXI6KMtociI_seg_012.wav,data/processed/test_set/stuttering/yXI6KMtociI_seg_012.wav,yXI6KMtociI,stuttering,test
yXI6KMtociI_seg_013.wav,data/processed/test_set/stuttering/yXI6KMtociI_seg_013.wav,yXI6KMtociI,stuttering,test
yXI6KMtociI_seg_014.wav,data/processed/test_set/stuttering/yXI6KMtociI_seg_014.wav,yXI6KMtociI,stuttering,test
yXI6KMtociI_seg_015.wav,data/processed/test_set/stuttering/yXI6KMtociI_seg_015.wav,yXI6KMtociI,stuttering,test
yXI6KMtociI_seg_016.wav,data/processed/test_set/stuttering/yXI6KMtociI_seg_016.wav,yXI6KMtociI,stuttering,test
yXI6KMtociI_seg_017.wav,data/processed/test_set/stuttering/yXI6KMtociI_seg_017.wav,yXI6KMtociI,stuttering,test
yXI6KMtociI_seg_018.wav,data/processed/test_set/stuttering/yXI6KMtociI_seg_018.wav,yXI6KMtociI,stuttering,test
yXI6KMtociI_seg_019.wav,data/processed/test_set/stuttering/yXI6KMtociI_seg_019.wav,yXI6KMtociI,stuttering,test
yXI6KMtociI_seg_020.wav,data/processed/test_set/stuttering/yXI6KMtociI_seg_020.wav,yXI6KMtociI,stuttering,test
yXI6KMtociI_seg_021.wav,data/processed/test_set/stuttering/yXI6KMtociI_seg_021.wav,yXI6KMtociI,stuttering,test
yXI6KMtociI_seg_022.wav,data/processed/test_set/stuttering/yXI6KMtociI_seg_022.wav,yXI6KMtociI,stuttering,test
yXI6KMtociI_seg_023.wav,data/processed/test_set/stuttering/yXI6KMtociI_seg_023.wav,yXI6KMtociI,stuttering,test
yXI6KMtociI_seg_024.wav,data/processed/test_set/stuttering/yXI6KMtociI_seg_024.wav,yXI6KMtociI,stuttering,test
yXI6KMtociI_seg_025.wav,data/processed/test_set/stuttering/yXI6KMtociI_seg_025.wav,yXI6KMtociI,stuttering,test
yXI6KMtociI_seg_026.wav,data/processed/test_set/stuttering/yXI6KMtociI_seg_026.wav,yXI6KMtociI,stuttering,test
yXI6KMtociI_seg_027.wav,data/processed/test_set/stuttering/yXI6KMtociI_seg_027.wav,yXI6KMtociI,stuttering,test
yXI6KMtociI_seg_028.wav,data/processed/test_set/stuttering/yXI6KMtociI_seg_028.wav,yXI6KMtociI,stuttering,test
yXI6KMtociI_seg_029.wav,data/processed/test_set/stuttering/yXI6KMtociI_seg_029.wav,yXI6KMtociI,stuttering,test
yXI6KMtociI_seg_030.wav,data/processed/test_set/stuttering/yXI6KMtociI_seg_030.wav,yXI6KMtociI,stuttering,test
yXI6KMtociI_seg_031.wav,data/processed/test_set/stuttering/yXI6KMtociI_seg_031.wav,yXI6KMtociI,stuttering,test
yXI6KMtociI_seg_032.wav,data/processed/test_set/stuttering/yXI6KMtociI_seg_032.wav,yXI6KMtociI,stuttering,test
yXI6KMtociI_seg_033.wav,data/processed/test_set/stuttering/yXI6KMtociI_seg_033.wav,yXI6KMtociI,stuttering,test
yXI6KMtociI_seg_034.wav,data/processed/test_set/stuttering/yXI6KMtociI_seg_034.wav,yXI6KMtociI,stuttering,test
yXI6KMtociI_seg_035.wav,data/processed/test_set/stuttering/yXI6KMtociI_seg_035.wav,yXI6KMtociI,stuttering,test
yXI6KMtociI_seg_036.wav,data/processed/test_set/stuttering/yXI6KMtociI_seg_036.wav,yXI6KMtociI,stuttering,test
yXI6KMtociI_seg_037.wav,data/processed/test_set/stuttering/yXI6KMtociI_seg_037.wav,yXI6KMtociI,stuttering,test
yXI6KMtociI_seg_038.wav,data/processed/test_set/stuttering/yXI6KMtociI_seg_038.wav,yXI6KMtociI,stuttering,test
yXI6KMtociI_seg_039.wav,data/processed/test_set/stuttering/yXI6KMtociI_seg_039.wav,yXI6KMtociI,stuttering,test
yXI6KMtociI_seg_040.wav,data/processed/test_set/stuttering/yXI6KMtociI_seg_040.wav,yXI6KMtociI,stuttering,test
yXI6KMtociI_seg_041.wav,data/processed/test_set/stuttering/yXI6KMtociI_seg_041.wav,yXI6KMtociI,stuttering,test
yXI6KMtociI_seg_042.wav,data/processed/test_set/stuttering/yXI6KMtociI_seg_042.wav,yXI6KMtociI,stuttering,test
yXI6KMtociI_seg_043.wav,data/processed/test_set/stuttering/yXI6KMtociI_seg_043.wav,yXI6KMtociI,stuttering,test
yXI6KMtociI_seg_044.wav,data/processed/test_set/stuttering/yXI6KMtociI_seg_044.wav,yXI6KMtociI,stuttering,test
yXI6KMtociI_seg_045.wav,data/processed/test_set/stuttering/yXI6KMtociI_seg_045.wav,yXI6KMtociI,stuttering,test
yXI6KMtociI_seg_046.wav,data/processed/test_set/stuttering/yXI6KMtociI_seg_046.wav,yXI6KMtociI,stuttering,test
yXI6KMtociI_seg_047.wav,data/processed/test_set/stuttering/yXI6KMtociI_seg_047.wav,yXI6KMtociI,stuttering,test
ZwkIg76xzRE_seg_000.wav,data/processed/test_set/stuttering/ZwkIg76xzRE_seg_000.wav,ZwkIg76xzRE,stuttering,test
ZwkIg76xzRE_seg_001.wav,data/processed/test_set/stuttering/ZwkIg76xzRE_seg_001.wav,ZwkIg76xzRE,stuttering,test
ZwkIg76xzRE_seg_002.wav,data/processed/test_set/stuttering/ZwkIg76xzRE_seg_002.wav,ZwkIg76xzRE,stuttering,test
ZwkIg76xzRE_seg_003.wav,data/processed/test_set/stuttering/ZwkIg76xzRE_seg_003.wav,ZwkIg76xzRE,stuttering,test
ZwkIg76xzRE_seg_004.wav,data/processed/test_set/stuttering/ZwkIg76xzRE_seg_004.wav,ZwkIg76xzRE,stuttering,test
ZwkIg76xzRE_seg_005.wav,data/processed/test_set/stuttering/ZwkIg76xzRE_seg_005.wav,ZwkIg76xzRE,stuttering,test
ZwkIg76xzRE_seg_006.wav,data/processed/test_set/stuttering/ZwkIg76xzRE_seg_006.wav,ZwkIg76xzRE,stuttering,test
ZwkIg76xzRE_seg_007.wav,data/processed/test_set/stuttering/ZwkIg76xzRE_seg_007.wav,ZwkIg76xzRE,stuttering,test
ZwkIg76xzRE_seg_008.wav,data/processed/test_set/stuttering/ZwkIg76xzRE_seg_008.wav,ZwkIg76xzRE,stuttering,test
ZwkIg76xzRE_seg_009.wav,data/processed/test_set/stuttering/ZwkIg76xzRE_seg_009.wav,ZwkIg76xzRE,stuttering,test
ZwkIg76xzRE_seg_010.wav,data/processed/test_set/stuttering/ZwkIg76xzRE_seg_010.wav,ZwkIg76xzRE,stuttering,test
ZwkIg76xzRE_seg_011.wav,data/processed/test_set/stuttering/ZwkIg76xzRE_seg_011.wav,ZwkIg76xzRE,stuttering,test
ZwkIg76xzRE_seg_012.wav,data/processed/test_set/stuttering/ZwkIg76xzRE_seg_012.wav,ZwkIg76xzRE,stuttering,test
ZwkIg76xzRE_seg_013.wav,data/processed/test_set/stuttering/ZwkIg76xzRE_seg_013.wav,ZwkIg76xzRE,stuttering,test
ZwkIg76xzRE_seg_014.wav,data/processed/test_set/stuttering/ZwkIg76xzRE_seg_014.wav,ZwkIg76xzRE,stuttering,test
ZwkIg76xzRE_seg_015.wav,data/processed/test_set/stuttering/ZwkIg76xzRE_seg_015.wav,ZwkIg76xzRE,stuttering,test
ZwkIg76xzRE_seg_016.wav,data/processed/test_set/stuttering/ZwkIg76xzRE_seg_016.wav,ZwkIg76xzRE,stuttering,test
