filename,relative_path,video_id,segment_index,label,clean_status,sha256,sample_rate,channels,sample_width_bytes,n_frames,duration_s,rms_dbfs,silence_ratio,clipping_ratio
0wEoXWnHJjs_seg_000.wav,data/interim/segmented_clean_relaxed/stuttering/0wEoXWnHJjs_seg_000.wav,0wEoXWnHJjs,000,stuttering,clean_pool,57226b92b1f9d4446ba72cafa8d971235f48443e3d5386693eb7d5c90c9f1457,16000,1,2,48000,3.0,-25.94,0.3569,0.0
0wEoXWnHJjs_seg_001.wav,data/interim/segmented_clean_relaxed/stuttering/0wEoXWnHJjs_seg_001.wav,0wEoXWnHJjs,001,stuttering,clean_pool,a8f5a948b33aa0cd7239ab4dcfdc7b5ef391329a0bdcbc790b6ce194e698cf05,16000,1,2,48000,3.0,-27.66,0.4615,0.0
0wEoXWnHJjs_seg_003.wav,data/interim/segmented_clean_relaxed/stuttering/0wEoXWnHJjs_seg_003.wav,0wEoXWnHJjs,003,stuttering,clean_pool,cc1e415033d2869b4b6e6c1a27eaa81020eb03c37505058ac6caf4824cfb5fc4,16000,1,2,48000,3.0,-26.36,0.4345,0.0
0wEoXWnHJjs_seg_004.wav,data/interim/segmented_clean_relaxed/stuttering/0wEoXWnHJjs_seg_004.wav,0wEoXWnHJjs,004,stuttering,clean_pool,3a4148f677820e070e8726f89690667a378e608f1175064939b26e3d5c54efcc,16000,1,2,48000,3.0,-27.36,0.4631,0.0
0wEoXWnHJjs_seg_005.wav,data/interim/segmented_clean_relaxed/stuttering/0wEoXWnHJjs_seg_005.wav,0wEoXWnHJjs,005,stuttering,clean_pool,81c8548a711f3afb3f4466c7a8e2d8c4c91cd0bbd0e7ce4ad62575a16ce84017,16000,1,2,48000,3.0,-27.32,0.4656,0.0
0wEoXWnHJjs_seg_006.wav,data/interim/segmented_clean_relaxed/stuttering/0wEoXWnHJjs_seg_006.wav,0wEoXWnHJjs,006,stuttering,clean_pool,c99c9edd091daaa89ab048d12d9a0d7fe78661f0e1883309b36271e8171fd8b5,16000,1,2,48000,3.0,-25.52,0.3144,0.0
0wEoXWnHJjs_seg_007.wav,data/interim/segmented_clean_relaxed/stuttering/0wEoXWnHJjs_seg_007.wav,0wEoXWnHJjs,007,stuttering,clean_pool,f646f380e349528824708fbd015e704a59fea13f231b81e4c62665fb04e784a1,16000,1,2,48000,3.0,-26.82,0.3471,0.0
0wEoXWnHJjs_seg_008.wav,data/interim/segmented_clean_relaxed/stuttering/0wEoXWnHJjs_seg_008.wav,0wEoXWnHJjs,008,stuttering,clean_pool,f1929d09ad31f3ce5d1ec12ddb5713d4819fa90bd2ca34db5dd5a72fc5facc02,16000,1,2,48000,3.0,-27.25,0.5933,0.0
0wEoXWnHJjs_seg_009.wav,data/interim/segmented_clean_relaxed/stuttering/0wEoXWnHJjs_seg_009.wav,0wEoXWnHJjs,009,stuttering,clean_pool,52c5dbfda980537bfd2b3932a8988899af50988b069fb7bba305a5faa9ec7756,16000,1,2,48000,3.0,-25.01,0.402,0.0
0wEoXWnHJjs_seg_010.wav,data/interim/segmented_clean_relaxed/stuttering/0wEoXWnHJjs_seg_010.wav,0wEoXWnHJjs,010,stuttering,clean_pool,e7aa4272495671550ba0b19399d312162585a594b092753f9ce8249d760a1013,16000,1,2,48000,3.0,-27.72,0.5517,0.0
0wEoXWnHJjs_seg_011.wav,data/interim/segmented_clean_relaxed/stuttering/0wEoXWnHJjs_seg_011.wav,0wEoXWnHJjs,011,stuttering,clean_pool,9690f829308a3189ac6cfce35a1942b7a19a3f416f88b15b008c11811bce91b4,16000,1,2,48000,3.0,-25.91,0.3386,0.0
0wEoXWnHJjs_seg_012.wav,data/interim/segmented_clean_relaxed/stuttering/0wEoXWnHJjs_seg_012.wav,0wEoXWnHJjs,012,stuttering,clean_pool,966624f7937138872f99bfdc5121a1b4ac1d4b319a25d9776fc986e25aa38658,16000,1,2,48000,3.0,-27.68,0.4253,0.0
0wEoXWnHJjs_seg_013.wav,data/interim/segmented_clean_relaxed/stuttering/0wEoXWnHJjs_seg_013.wav,0wEoXWnHJjs,013,stuttering,clean_pool,d506abf864a36663422c549b3b791bc4232ffa505f2a22ac3a915ea4d44135a0,16000,1,2,48000,3.0,-28.34,0.643,0.0
0wEoXWnHJjs_seg_014.wav,data/interim/segmented_clean_relaxed/stuttering/0wEoXWnHJjs_seg_014.wav,0wEoXWnHJjs,014,stuttering,clean_pool,6c3fb4a8353377f76f05c0bf55a78d5893af585aa3ff5559f723b50b7093f8b6,16000,1,2,48000,3.0,-27.2,0.5572,0.0
0wEoXWnHJjs_seg_015.wav,data/interim/segmented_clean_relaxed/stuttering/0wEoXWnHJjs_seg_015.wav,0wEoXWnHJjs,015,stuttering,clean_pool,d1b29fe9f316927a386723bfc1259f299ec37609b10aaa7b39e5c4743690be11,16000,1,2,48000,3.0,-30.03,0.7916,0.0
0wEoXWnHJjs_seg_016.wav,data/interim/segmented_clean_relaxed/stuttering/0wEoXWnHJjs_seg_016.wav,0wEoXWnHJjs,016,stuttering,clean_pool,3ddb130a17c1665f851018ca0a08c3b56451c88e6bc3aa1c84ab93cddf3cc045,16000,1,2,48000,3.0,-27.08,0.4609,0.0
0wEoXWnHJjs_seg_017.wav,data/interim/segmented_clean_relaxed/stuttering/0wEoXWnHJjs_seg_017.wav,0wEoXWnHJjs,017,stuttering,clean_pool,768991702ebd88d6a44ddcc580fa63e29260f8d04345ebd87567cbfb124905e6,16000,1,2,48000,3.0,-26.39,0.3248,0.0
0wEoXWnHJjs_seg_018.wav,data/interim/segmented_clean_relaxed/stuttering/0wEoXWnHJjs_seg_018.wav,0wEoXWnHJjs,018,stuttering,clean_pool,e6a699c3c1546a4d0d2884dc17fe146a29be8d010937b77d4aecfa98c2518ea9,16000,1,2,48000,3.0,-25.7,0.3617,0.0
0wEoXWnHJjs_seg_019.wav,data/interim/segmented_clean_relaxed/stuttering/0wEoXWnHJjs_seg_019.wav,0wEoXWnHJjs,019,stuttering,clean_pool,70b04b952a6a8f19ec6da8b5a92238a07755cd5918df67c09803c93196b4140f,16000,1,2,48000,3.0,-27.1,0.5221,0.0
0wEoXWnHJjs_seg_020.wav,data/interim/segmented_clean_relaxed/stuttering/0wEoXWnHJjs_seg_020.wav,0wEoXWnHJjs,020,stuttering,clean_pool,166b97cc050b760caeca698963f2212c694df197f992935b8a05356445915bc0,16000,1,2,48000,3.0,-28.61,0.7742,0.0
0wEoXWnHJjs_seg_021.wav,data/interim/segmented_clean_relaxed/stuttering/0wEoXWnHJjs_seg_021.wav,0wEoXWnHJjs,021,stuttering,clean_pool,f6b042809281d64475e9566f1191dbdd9d61adb15a8961107025e274f1b86b7d,16000,1,2,48000,3.0,-25.25,0.4004,0.0
0wEoXWnHJjs_seg_022.wav,data/interim/segmented_clean_relaxed/stuttering/0wEoXWnHJjs_seg_022.wav,0wEoXWnHJjs,022,stuttering,clean_pool,587ad1c1dbf2202572e205b512d7d063b205b89da3f64609e234856167625df4,16000,1,2,48000,3.0,-27.25,0.3319,0.0
0wEoXWnHJjs_seg_023.wav,data/interim/segmented_clean_relaxed/stuttering/0wEoXWnHJjs_seg_023.wav,0wEoXWnHJjs,023,stuttering,clean_pool,23881fcfedc5d90e98a5ced741e6ab2abdccb03491ab5e48208d1a2d2a71454f,16000,1,2,48000,3.0,-28.22,0.5474,0.0
0wEoXWnHJjs_seg_024.wav,data/interim/segmented_clean_relaxed/stuttering/0wEoXWnHJjs_seg_024.wav,0wEoXWnHJjs,024,stuttering,clean_pool,9e7320293269d2562b5f3c8fb1c5498612538d1f9ee10f4c6e0a1b6d2b30142a,16000,1,2,48000,3.0,-28.18,0.5082,0.0
0wEoXWnHJjs_seg_025.wav,data/interim/segmented_clean_relaxed/stuttering/0wEoXWnHJjs_seg_025.wav,0wEoXWnHJjs,025,stuttering,clean_pool,7b41d01db6b090bac7364343a8f15fe458fd5e68300dad47496cd0430052d5e7,16000,1,2,48000,3.0,-25.39,0.4544,0.0
0wEoXWnHJjs_seg_026.wav,data/interim/segmented_clean_relaxed/stuttering/0wEoXWnHJjs_seg_026.wav,0wEoXWnHJjs,026,stuttering,clean_pool,42a07275ffa9cb4cb35c899dccba24a6c0f6bcbabe31b4195dda66836834b2ab,16000,1,2,48000,3.0,-25.94,0.3952,0.0
0wEoXWnHJjs_seg_027.wav,data/interim/segmented_clean_relaxed/stuttering/0wEoXWnHJjs_seg_027.wav,0wEoXWnHJjs,027,stuttering,clean_pool,c90adade01f21ba8e7f0b3ffabfdc8d7fe32460c05adfc1b1160522c9ade4079,16000,1,2,48000,3.0,-26.56,0.3644,0.0
0wEoXWnHJjs_seg_028.wav,data/interim/segmented_clean_relaxed/stuttering/0wEoXWnHJjs_seg_028.wav,0wEoXWnHJjs,028,stuttering,clean_pool,94215c5539989be6e8f903b6af9898bee65a493fc92b4dc967aa28d1ca752771,16000,1,2,48000,3.0,-28.32,0.388,0.0
0wEoXWnHJjs_seg_029.wav,data/interim/segmented_clean_relaxed/stuttering/0wEoXWnHJjs_seg_029.wav,0wEoXWnHJjs,029,stuttering,clean_pool,46a19a97c4ab9ae5fdda831fa6a0bd1139dfd9d94303df012a6b7b90ac0d4edb,16000,1,2,48000,3.0,-28.43,0.437,0.0
0wEoXWnHJjs_seg_030.wav,data/interim/segmented_clean_relaxed/stuttering/0wEoXWnHJjs_seg_030.wav,0wEoXWnHJjs,030,stuttering,clean_pool,694d9852940f4fab1be59974a7ef7605cd3becb420fea74df8908902abbd890b,16000,1,2,48000,3.0,-23.56,0.3113,0.0
0wEoXWnHJjs_seg_031.wav,data/interim/segmented_clean_relaxed/stuttering/0wEoXWnHJjs_seg_031.wav,0wEoXWnHJjs,031,stuttering,clean_pool,81012f4d66da081eeaaaef610bc7f42a72dca2568292ed07b4f74add6eafa198,16000,1,2,48000,3.0,-25.8,0.4055,0.0
0wEoXWnHJjs_seg_032.wav,data/interim/segmented_clean_relaxed/stuttering/0wEoXWnHJjs_seg_032.wav,0wEoXWnHJjs,032,stuttering,clean_pool,b22baef952031e33931637aa54cb6d2af382e85ae0ba935facac06ea04d686f3,16000,1,2,48000,3.0,-29.02,0.6338,0.0
0wEoXWnHJjs_seg_033.wav,data/interim/segmented_clean_relaxed/stuttering/0wEoXWnHJjs_seg_033.wav,0wEoXWnHJjs,033,stuttering,clean_pool,4f845050b07055000995b6b7d256cacdb56c3a178a7cd2715dd4664354994e5d,16000,1,2,48000,3.0,-27.24,0.4143,0.0
0wEoXWnHJjs_seg_034.wav,data/interim/segmented_clean_relaxed/stuttering/0wEoXWnHJjs_seg_034.wav,0wEoXWnHJjs,034,stuttering,clean_pool,41dc18ff36f0c1a61fab9fda00f5d5ceca242f8fd4bfad917ef9b08fafe41dee,16000,1,2,48000,3.0,-24.88,0.5039,0.0
0wEoXWnHJjs_seg_035.wav,data/interim/segmented_clean_relaxed/stuttering/0wEoXWnHJjs_seg_035.wav,0wEoXWnHJjs,035,stuttering,clean_pool,081af35bc4949bc34b03bc7072b091366a1eb5fc30c570161eadfa2cda072f8b,16000,1,2,48000,3.0,-26.84,0.4149,0.0
0wEoXWnHJjs_seg_036.wav,data/interim/segmented_clean_relaxed/stuttering/0wEoXWnHJjs_seg_036.wav,0wEoXWnHJjs,036,stuttering,clean_pool,57beac30d5dfefe30ebaeb9262feb27d395f2c950ce603eb132bc0f87206ed10,16000,1,2,48000,3.0,-27.25,0.4758,0.0
0wEoXWnHJjs_seg_037.wav,data/interim/segmented_clean_relaxed/stuttering/0wEoXWnHJjs_seg_037.wav,0wEoXWnHJjs,037,stuttering,clean_pool,72bb095b9aab956500f00563934bee1b8e9e33d494b6b132c13469c9a4d6eec5,16000,1,2,48000,3.0,-24.96,0.3324,0.0
0wEoXWnHJjs_seg_038.wav,data/interim/segmented_clean_relaxed/stuttering/0wEoXWnHJjs_seg_038.wav,0wEoXWnHJjs,038,stuttering,clean_pool,ab9afd8d19514b328dcc538c949938e1c0e2b7cc32ba0af6fd1b1948f5d374b9,16000,1,2,48000,3.0,-24.79,0.1542,0.0
0wEoXWnHJjs_seg_039.wav,data/interim/segmented_clean_relaxed/stuttering/0wEoXWnHJjs_seg_039.wav,0wEoXWnHJjs,039,stuttering,clean_pool,0f4eaf9ec7a4b85eadc60300425368962c809cab3a880da56f16f0b56f8b4bcb,16000,1,2,48000,3.0,-28.5,0.6366,0.0
0wEoXWnHJjs_seg_040.wav,data/interim/segmented_clean_relaxed/stuttering/0wEoXWnHJjs_seg_040.wav,0wEoXWnHJjs,040,stuttering,clean_pool,f49e6542bbed7584960ab46c9837c88249d0f7691ca36203b38e4a069aa6a7d7,16000,1,2,48000,3.0,-28.06,0.6796,0.0
0wEoXWnHJjs_seg_041.wav,data/interim/segmented_clean_relaxed/stuttering/0wEoXWnHJjs_seg_041.wav,0wEoXWnHJjs,041,stuttering,clean_pool,1d30754bca52a042aa11dea1407ce65c33ac0663a1422e2c9200d319bcb00028,16000,1,2,48000,3.0,-27.19,0.6213,0.0
0wEoXWnHJjs_seg_042.wav,data/interim/segmented_clean_relaxed/stuttering/0wEoXWnHJjs_seg_042.wav,0wEoXWnHJjs,042,stuttering,clean_pool,ac48a54ba74233131b748f903d72da0ba71fab1d8ffccb49f95ead8d1d2844da,16000,1,2,48000,3.0,-25.23,0.2057,0.0
0wEoXWnHJjs_seg_043.wav,data/interim/segmented_clean_relaxed/stuttering/0wEoXWnHJjs_seg_043.wav,0wEoXWnHJjs,043,stuttering,clean_pool,ab2e1b85631b1452f3136e8607afc9843e90426a5d33d323a51dfd371158857a,16000,1,2,48000,3.0,-29.64,0.5957,0.0
0wEoXWnHJjs_seg_044.wav,data/interim/segmented_clean_relaxed/stuttering/0wEoXWnHJjs_seg_044.wav,0wEoXWnHJjs,044,stuttering,clean_pool,897993c92667e322280e59781a42c06c2289e22ca1f96978f5349982a8514753,16000,1,2,48000,3.0,-27.94,0.3942,0.0
0wEoXWnHJjs_seg_045.wav,data/interim/segmented_clean_relaxed/stuttering/0wEoXWnHJjs_seg_045.wav,0wEoXWnHJjs,045,stuttering,clean_pool,69db048f46bb88c54b0a952c6f121e8caaad0213d3ed29ccb188c5e239f49de5,16000,1,2,48000,3.0,-26.6,0.4077,0.0
0wEoXWnHJjs_seg_046.wav,data/interim/segmented_clean_relaxed/stuttering/0wEoXWnHJjs_seg_046.wav,0wEoXWnHJjs,046,stuttering,clean_pool,3e4f19b3694b88d8fc2102eb1629b040e0223a38ff56bc1ceff685a4c30e9dae,16000,1,2,48000,3.0,-27.72,0.4996,0.0
0wEoXWnHJjs_seg_047.wav,data/interim/segmented_clean_relaxed/stuttering/0wEoXWnHJjs_seg_047.wav,0wEoXWnHJjs,047,stuttering,clean_pool,efd00e6603693696f7b73cb7944de63b5c1ea9ee6e2b9ab7d5b9d81be0c709a0,16000,1,2,48000,3.0,-29.33,0.5259,0.0
0wEoXWnHJjs_seg_048.wav,data/interim/segmented_clean_relaxed/stuttering/0wEoXWnHJjs_seg_048.wav,0wEoXWnHJjs,048,stuttering,clean_pool,7bb86f7c0999a0a2925fa5eed2440d499bc7bf6138d590ba15522ab49b85602a,16000,1,2,48000,3.0,-30.21,0.4309,0.0
0wEoXWnHJjs_seg_049.wav,data/interim/segmented_clean_relaxed/stuttering/0wEoXWnHJjs_seg_049.wav,0wEoXWnHJjs,049,stuttering,clean_pool,d3fecf9d9d97d8d3f574b2ae7b17d03e95aa797f3648682b23fc9f54cd0e9f0f,16000,1,2,48000,3.0,-26.47,0.214,0.0
0wEoXWnHJjs_seg_050.wav,data/interim/segmented_clean_relaxed/stuttering/0wEoXWnHJjs_seg_050.wav,0wEoXWnHJjs,050,stuttering,clean_pool,7bbb4de949697a97e7bc6025d002f16e88471208cedea296cae9ae3f94291223,16000,1,2,48000,3.0,-30.8,0.5005,0.0
0wEoXWnHJjs_seg_051.wav,data/interim/segmented_clean_relaxed/stuttering/0wEoXWnHJjs_seg_051.wav,0wEoXWnHJjs,051,stuttering,clean_pool,543ab591e774644fb716ab79dc98ab1bb28d8442ab2cae53096b6edb28137997,16000,1,2,48000,3.0,-29.25,0.5323,0.0
0wEoXWnHJjs_seg_052.wav,data/interim/segmented_clean_relaxed/stuttering/0wEoXWnHJjs_seg_052.wav,0wEoXWnHJjs,052,stuttering,clean_pool,f9d0b1fcce6119de77d56cfdd75a00df2a4749d3b9a33669f278908d4904dc3c,16000,1,2,48000,3.0,-24.16,0.3636,0.0
0wEoXWnHJjs_seg_053.wav,data/interim/segmented_clean_relaxed/stuttering/0wEoXWnHJjs_seg_053.wav,0wEoXWnHJjs,053,stuttering,clean_pool,684ab1b57cf9cb38d14b9aed73e58fa542212a2b7786014f00e7593561007d5e,16000,1,2,48000,3.0,-25.59,0.3415,0.0
0wEoXWnHJjs_seg_054.wav,data/interim/segmented_clean_relaxed/stuttering/0wEoXWnHJjs_seg_054.wav,0wEoXWnHJjs,054,stuttering,clean_pool,d51d1e871e16be68a18f666a6a392d77915407f7d05429502176e5687ccd38e5,16000,1,2,48000,3.0,-24.78,0.2967,0.0
0wEoXWnHJjs_seg_055.wav,data/interim/segmented_clean_relaxed/stuttering/0wEoXWnHJjs_seg_055.wav,0wEoXWnHJjs,055,stuttering,clean_pool,3663a09dfbe38c23448bc819260c098ab5f318e27ca47de19249882ecff011d6,16000,1,2,48000,3.0,-27.06,0.4692,0.0
0wEoXWnHJjs_seg_056.wav,data/interim/segmented_clean_relaxed/stuttering/0wEoXWnHJjs_seg_056.wav,0wEoXWnHJjs,056,stuttering,clean_pool,5b2503139b366792ce8fdde4be88a2baf153c160fd2e4db8124515b9cc9f0743,16000,1,2,48000,3.0,-29.64,0.6319,0.0
0wEoXWnHJjs_seg_057.wav,data/interim/segmented_clean_relaxed/stuttering/0wEoXWnHJjs_seg_057.wav,0wEoXWnHJjs,057,stuttering,clean_pool,6fe81245afa9d579bc341b241bf558d7c2e2aa6d3f2b35bd779bac0eff8b0fc3,16000,1,2,48000,3.0,-28.84,0.5955,0.0
0wEoXWnHJjs_seg_058.wav,data/interim/segmented_clean_relaxed/stuttering/0wEoXWnHJjs_seg_058.wav,0wEoXWnHJjs,058,stuttering,clean_pool,0aac1b31697315aa9af0a9eb1e28a5bcfd198538eb98883d0508bc65171ca967,16000,1,2,48000,3.0,-24.76,0.381,0.0
0wEoXWnHJjs_seg_059.wav,data/interim/segmented_clean_relaxed/stuttering/0wEoXWnHJjs_seg_059.wav,0wEoXWnHJjs,059,stuttering,clean_pool,68eaecc07904697e7ca15ee1db6e449b9277f5fc38bc019a0b255db5a86f9a1a,16000,1,2,48000,3.0,-32.94,0.6523,0.0
0wEoXWnHJjs_seg_060.wav,data/interim/segmented_clean_relaxed/stuttering/0wEoXWnHJjs_seg_060.wav,0wEoXWnHJjs,060,stuttering,clean_pool,cc5f12a9d0ef468381d0164a06c89154a169fff257371f354dd1a71e255077c9,16000,1,2,48000,3.0,-27.86,0.4629,0.0
0wEoXWnHJjs_seg_061.wav,data/interim/segmented_clean_relaxed/stuttering/0wEoXWnHJjs_seg_061.wav,0wEoXWnHJjs,061,stuttering,clean_pool,5ae4a91304e2e357ca212b54f621bd46355833f976a752bae3cd765e91ce7cfb,16000,1,2,48000,3.0,-29.11,0.6498,0.0
0wEoXWnHJjs_seg_062.wav,data/interim/segmented_clean_relaxed/stuttering/0wEoXWnHJjs_seg_062.wav,0wEoXWnHJjs,062,stuttering,clean_pool,c63098e847a42522a3bdb55f6f032e2ee4bbb0efb289d83677191f7b5174fcfe,16000,1,2,48000,3.0,-24.51,0.3247,0.0
0wEoXWnHJjs_seg_063.wav,data/interim/segmented_clean_relaxed/stuttering/0wEoXWnHJjs_seg_063.wav,0wEoXWnHJjs,063,stuttering,clean_pool,6b069c00790730ba8cd8be1e9ac74ab8737f7e2aaa84f25df965fd571d6c6104,16000,1,2,48000,3.0,-25.79,0.367,0.0
0wEoXWnHJjs_seg_064.wav,data/interim/segmented_clean_relaxed/stuttering/0wEoXWnHJjs_seg_064.wav,0wEoXWnHJjs,064,stuttering,clean_pool,4f70e3777dac9a58f783200bb37330cf14ca2172d9a3c4e58aaadfe8dcdcf762,16000,1,2,48000,3.0,-26.51,0.2873,0.0
0wEoXWnHJjs_seg_065.wav,data/interim/segmented_clean_relaxed/stuttering/0wEoXWnHJjs_seg_065.wav,0wEoXWnHJjs,065,stuttering,clean_pool,778533b341c2fb9cbe0ac432f34a50c242356de282b24c0d4591124702e4a62b,16000,1,2,48000,3.0,-26.59,0.5556,0.0
0wEoXWnHJjs_seg_066.wav,data/interim/segmented_clean_relaxed/stuttering/0wEoXWnHJjs_seg_066.wav,0wEoXWnHJjs,066,stuttering,clean_pool,36ff8f4ff12ebd20a2652e69bf09ee287d21af5df07a6b1143028a025c27fe8e,16000,1,2,48000,3.0,-25.52,0.358,0.0
0wEoXWnHJjs_seg_067.wav,data/interim/segmented_clean_relaxed/stuttering/0wEoXWnHJjs_seg_067.wav,0wEoXWnHJjs,067,stuttering,clean_pool,4e71f94c0235c535d8cfedb6c75f916e6c2ef9025b692bbba4e84c89801b781d,16000,1,2,48000,3.0,-25.44,0.4108,0.0
0wEoXWnHJjs_seg_068.wav,data/interim/segmented_clean_relaxed/stuttering/0wEoXWnHJjs_seg_068.wav,0wEoXWnHJjs,068,stuttering,clean_pool,0d45366115f526451764aa6b89616d7d4c66146a4b5579511d5c822ff29ebf3f,16000,1,2,48000,3.0,-24.67,0.3641,0.0
0wEoXWnHJjs_seg_069.wav,data/interim/segmented_clean_relaxed/stuttering/0wEoXWnHJjs_seg_069.wav,0wEoXWnHJjs,069,stuttering,clean_pool,227c04393748a3068da6961f577ae1c8238348d583ae31b1a3225d1f52cf76df,16000,1,2,48000,3.0,-27.26,0.4636,0.0
0wEoXWnHJjs_seg_070.wav,data/interim/segmented_clean_relaxed/stuttering/0wEoXWnHJjs_seg_070.wav,0wEoXWnHJjs,070,stuttering,clean_pool,7388ee458fb956ce0b0656d8a8b1ec285812a1afb0df6ca729cdcbf7cc24c43b,16000,1,2,48000,3.0,-25.98,0.4221,0.0
0wEoXWnHJjs_seg_071.wav,data/interim/segmented_clean_relaxed/stuttering/0wEoXWnHJjs_seg_071.wav,0wEoXWnHJjs,071,stuttering,clean_pool,fcb8aea494f62dc603608754e1c67e36d7b817761880d5d23275bba923132bbf,16000,1,2,48000,3.0,-24.71,0.2645,0.0
0wEoXWnHJjs_seg_072.wav,data/interim/segmented_clean_relaxed/stuttering/0wEoXWnHJjs_seg_072.wav,0wEoXWnHJjs,072,stuttering,clean_pool,604b22a37182c306b034792367f58646282d7645ca4cf6e9008356328883f1a0,16000,1,2,48000,3.0,-26.3,0.3465,0.0
0wEoXWnHJjs_seg_073.wav,data/interim/segmented_clean_relaxed/stuttering/0wEoXWnHJjs_seg_073.wav,0wEoXWnHJjs,073,stuttering,clean_pool,2564b34019ea130a6aca72d35554fed4f66c1dba9017158fb18c7d594a54214f,16000,1,2,48000,3.0,-24.64,0.3591,0.0
0wEoXWnHJjs_seg_074.wav,data/interim/segmented_clean_relaxed/stuttering/0wEoXWnHJjs_seg_074.wav,0wEoXWnHJjs,074,stuttering,clean_pool,094b27a939ab5d396595a4ab3e65f204a9460d934ae2f9402b9803f70e459d72,16000,1,2,48000,3.0,-26.98,0.4542,0.0
0wEoXWnHJjs_seg_075.wav,data/interim/segmented_clean_relaxed/stuttering/0wEoXWnHJjs_seg_075.wav,0wEoXWnHJjs,075,stuttering,clean_pool,145495aa7872afa34341febdaee10903aaa8d8fe26739c705bb1a569ace17caf,16000,1,2,48000,3.0,-25.84,0.6292,0.0
0wEoXWnHJjs_seg_076.wav,data/interim/segmented_clean_relaxed/stuttering/0wEoXWnHJjs_seg_076.wav,0wEoXWnHJjs,076,stuttering,clean_pool,04eadfc312275fa372d51c2289000f484c1bdc5a738f6f4b40b6ff1b00d93878,16000,1,2,48000,3.0,-25.76,0.449,0.0
0wEoXWnHJjs_seg_077.wav,data/interim/segmented_clean_relaxed/stuttering/0wEoXWnHJjs_seg_077.wav,0wEoXWnHJjs,077,stuttering,clean_pool,caff17be31acceff3f4ccaff1c0848e83b7f5be553a2d760330a34136fb5d148,16000,1,2,48000,3.0,-25.31,0.5689,0.0
0wEoXWnHJjs_seg_078.wav,data/interim/segmented_clean_relaxed/stuttering/0wEoXWnHJjs_seg_078.wav,0wEoXWnHJjs,078,stuttering,clean_pool,81d77273e4d0045e59b00e83e441f55deb28677b8475e244dfc89603ef3af30d,16000,1,2,48000,3.0,-24.89,0.5737,0.0
0wEoXWnHJjs_seg_079.wav,data/interim/segmented_clean_relaxed/stuttering/0wEoXWnHJjs_seg_079.wav,0wEoXWnHJjs,079,stuttering,clean_pool,5902873c2db8564ad9c8b08a06baf718db9c800800a9ea51dbc9db7e713eb2b9,16000,1,2,48000,3.0,-32.1,0.7147,0.0
0wEoXWnHJjs_seg_080.wav,data/interim/segmented_clean_relaxed/stuttering/0wEoXWnHJjs_seg_080.wav,0wEoXWnHJjs,080,stuttering,clean_pool,085ffcecad53335104ac1bee76ff03f30ddcf4cd931700dea179b2baf0ce3273,16000,1,2,48000,3.0,-25.01,0.4347,0.0
0wEoXWnHJjs_seg_081.wav,data/interim/segmented_clean_relaxed/stuttering/0wEoXWnHJjs_seg_081.wav,0wEoXWnHJjs,081,stuttering,clean_pool,5c441eb37f4f4d7deb198b8057cd63d847e082952b8e00c4d96a7fee11f09a19,16000,1,2,48000,3.0,-25.47,0.4319,0.0
0wEoXWnHJjs_seg_082.wav,data/interim/segmented_clean_relaxed/stuttering/0wEoXWnHJjs_seg_082.wav,0wEoXWnHJjs,082,stuttering,clean_pool,3b3240465abebd1406a9f9352400ad19892112ca5aa6c9268f3ec83cabe62994,16000,1,2,48000,3.0,-25.52,0.3006,0.0
0wEoXWnHJjs_seg_083.wav,data/interim/segmented_clean_relaxed/stuttering/0wEoXWnHJjs_seg_083.wav,0wEoXWnHJjs,083,stuttering,clean_pool,e9155c7c68b50f948ad7e914f0b0ea18a39cf9079cae0bd618f48829b8768808,16000,1,2,48000,3.0,-24.74,0.2488,0.0
0wEoXWnHJjs_seg_084.wav,data/interim/segmented_clean_relaxed/stuttering/0wEoXWnHJjs_seg_084.wav,0wEoXWnHJjs,084,stuttering,clean_pool,e882f365ce1b91aa99f87e671b48bd6d049d1892367d61477c66aedd4a4a56e7,16000,1,2,48000,3.0,-23.31,0.4344,0.0
0wEoXWnHJjs_seg_085.wav,data/interim/segmented_clean_relaxed/stuttering/0wEoXWnHJjs_seg_085.wav,0wEoXWnHJjs,085,stuttering,clean_pool,2892e7433fee11d26303c686cee595e30f50adf232f3312d401519c7ab6addb6,16000,1,2,48000,3.0,-25.11,0.249,0.0
0wEoXWnHJjs_seg_086.wav,data/interim/segmented_clean_relaxed/stuttering/0wEoXWnHJjs_seg_086.wav,0wEoXWnHJjs,086,stuttering,clean_pool,2b5f7e44ee5dcc235c62c020efd639adb54f44354d9f935b262d3b3ac227c519,16000,1,2,48000,3.0,-24.43,0.4256,0.0
0wEoXWnHJjs_seg_087.wav,data/interim/segmented_clean_relaxed/stuttering/0wEoXWnHJjs_seg_087.wav,0wEoXWnHJjs,087,stuttering,clean_pool,b34c69439f35d663e1045f2b6e19d23287a3157c1d289ebf79c9c613d2f8d811,16000,1,2,48000,3.0,-26.11,0.4911,0.0
0wEoXWnHJjs_seg_088.wav,data/interim/segmented_clean_relaxed/stuttering/0wEoXWnHJjs_seg_088.wav,0wEoXWnHJjs,088,stuttering,clean_pool,44147f541b2728851f0f7a03dd4314060058eff37982bc42e86de27a87bfd1d4,16000,1,2,48000,3.0,-27.67,0.5715,0.0
0wEoXWnHJjs_seg_089.wav,data/interim/segmented_clean_relaxed/stuttering/0wEoXWnHJjs_seg_089.wav,0wEoXWnHJjs,089,stuttering,clean_pool,d01269278717bdaa780e7c07969e3c13d1b59a431504f5c43f1bfdf330ae6d2e,16000,1,2,48000,3.0,-24.52,0.2921,0.0
0wEoXWnHJjs_seg_090.wav,data/interim/segmented_clean_relaxed/stuttering/0wEoXWnHJjs_seg_090.wav,0wEoXWnHJjs,090,stuttering,clean_pool,3af4a2946ea0b687603921b5288e8567eacbd069f1636bc91ba6aa0b497494bc,16000,1,2,48000,3.0,-26.44,0.401,0.0
0wEoXWnHJjs_seg_091.wav,data/interim/segmented_clean_relaxed/stuttering/0wEoXWnHJjs_seg_091.wav,0wEoXWnHJjs,091,stuttering,clean_pool,b435429b239a8b5275394fbc544da07d3aeded107db7961ece4206a77c8eb431,16000,1,2,48000,3.0,-25.57,0.2464,0.0
0wEoXWnHJjs_seg_092.wav,data/interim/segmented_clean_relaxed/stuttering/0wEoXWnHJjs_seg_092.wav,0wEoXWnHJjs,092,stuttering,clean_pool,4aedc6ba250d21f271f837ed6b2ca82f4cc85d248dfd1215a2516c3d0afd11c4,16000,1,2,48000,3.0,-25.46,0.2577,0.0
0wEoXWnHJjs_seg_093.wav,data/interim/segmented_clean_relaxed/stuttering/0wEoXWnHJjs_seg_093.wav,0wEoXWnHJjs,093,stuttering,clean_pool,abc6547c8ca5df05cc45cf7c8ed8154803d208c06c2d32258c9e33d27862f484,16000,1,2,48000,3.0,-28.4,0.6083,0.0
0wEoXWnHJjs_seg_094.wav,data/interim/segmented_clean_relaxed/stuttering/0wEoXWnHJjs_seg_094.wav,0wEoXWnHJjs,094,stuttering,clean_pool,743a84c5414c063f56215a30211290ae7e452f1510d2a8f5d33b89a61630d70c,16000,1,2,48000,3.0,-33.62,0.7752,0.0
0wEoXWnHJjs_seg_095.wav,data/interim/segmented_clean_relaxed/stuttering/0wEoXWnHJjs_seg_095.wav,0wEoXWnHJjs,095,stuttering,clean_pool,5a05783607736e340bc56c239ade6efa22dab37b93ac461922c0b61154826673,16000,1,2,48000,3.0,-30.24,0.5449,0.0
0wEoXWnHJjs_seg_096.wav,data/interim/segmented_clean_relaxed/stuttering/0wEoXWnHJjs_seg_096.wav,0wEoXWnHJjs,096,stuttering,clean_pool,e8e87a13bcd29d991e09fab69fd938e7bd3958c65c28ea6307495b1dece37ee9,16000,1,2,48000,3.0,-26.42,0.4852,0.0
0wEoXWnHJjs_seg_097.wav,data/interim/segmented_clean_relaxed/stuttering/0wEoXWnHJjs_seg_097.wav,0wEoXWnHJjs,097,stuttering,clean_pool,2c24563d3432fc52fc4135ba64010ca967b1342988d2208827c316525a4177de,16000,1,2,48000,3.0,-27.36,0.448,0.0
0wEoXWnHJjs_seg_098.wav,data/interim/segmented_clean_relaxed/stuttering/0wEoXWnHJjs_seg_098.wav,0wEoXWnHJjs,098,stuttering,clean_pool,d033b985c28520587ec7662ad3da81ad74d92a3b314385716b07fb18ce5e4e70,16000,1,2,48000,3.0,-27.44,0.5929,0.0
0wEoXWnHJjs_seg_099.wav,data/interim/segmented_clean_relaxed/stuttering/0wEoXWnHJjs_seg_099.wav,0wEoXWnHJjs,099,stuttering,clean_pool,0bd117c7c1bd32e8c076b14b5fdb44624da06bae077b5940630caca1d5def245,16000,1,2,48000,3.0,-26.33,0.3769,0.0
0wEoXWnHJjs_seg_100.wav,data/interim/segmented_clean_relaxed/stuttering/0wEoXWnHJjs_seg_100.wav,0wEoXWnHJjs,100,stuttering,clean_pool,c145942b13d11b00d4d905038efad735cec99cc08e379ecc11a9433fc5873165,16000,1,2,48000,3.0,-27.15,0.5811,0.0
0wEoXWnHJjs_seg_101.wav,data/interim/segmented_clean_relaxed/stuttering/0wEoXWnHJjs_seg_101.wav,0wEoXWnHJjs,101,stuttering,clean_pool,bf3c152e8d7a7218919f1b43ad0976a932ab6b704fba130ae098e921e4e67e73,16000,1,2,48000,3.0,-28.55,0.5889,0.0
0wEoXWnHJjs_seg_102.wav,data/interim/segmented_clean_relaxed/stuttering/0wEoXWnHJjs_seg_102.wav,0wEoXWnHJjs,102,stuttering,clean_pool,ba0dc27b229932162393ab64d977190db3e1d4978f53b458d09cf13d453cd8c4,16000,1,2,48000,3.0,-29.61,0.5594,0.0
0wEoXWnHJjs_seg_103.wav,data/interim/segmented_clean_relaxed/stuttering/0wEoXWnHJjs_seg_103.wav,0wEoXWnHJjs,103,stuttering,clean_pool,06eab5cf600cbc1baa7f6221f1ee5590dc12e2a2f9f52492d455a7de1133189a,16000,1,2,48000,3.0,-26.27,0.2559,0.0
0wEoXWnHJjs_seg_104.wav,data/interim/segmented_clean_relaxed/stuttering/0wEoXWnHJjs_seg_104.wav,0wEoXWnHJjs,104,stuttering,clean_pool,37125b5bb3020bf4b3e10c3bd1d34fd24cb85f1ee452a0467e3f62c136a6ff6c,16000,1,2,48000,3.0,-26.72,0.3335,0.0
0wEoXWnHJjs_seg_105.wav,data/interim/segmented_clean_relaxed/stuttering/0wEoXWnHJjs_seg_105.wav,0wEoXWnHJjs,105,stuttering,clean_pool,c77ec06f6ff918ec96af3f1d8d43b9231256115cc83d401bbdbeed2a11b9fc2a,16000,1,2,48000,3.0,-26.34,0.601,0.0
0wEoXWnHJjs_seg_106.wav,data/interim/segmented_clean_relaxed/stuttering/0wEoXWnHJjs_seg_106.wav,0wEoXWnHJjs,106,stuttering,clean_pool,21597fb156246ca51eb5f3345cbd1efe79f1d195d9690713791ef0e3d3f9676f,16000,1,2,48000,3.0,-25.48,0.4817,0.0
0wEoXWnHJjs_seg_107.wav,data/interim/segmented_clean_relaxed/stuttering/0wEoXWnHJjs_seg_107.wav,0wEoXWnHJjs,107,stuttering,clean_pool,240a5d71f00ab31f5ac1f6f80ea4d3a9cdd399f0c7ca304a2ac2c3fc1ac42452,16000,1,2,48000,3.0,-26.35,0.46,0.0
0wEoXWnHJjs_seg_108.wav,data/interim/segmented_clean_relaxed/stuttering/0wEoXWnHJjs_seg_108.wav,0wEoXWnHJjs,108,stuttering,clean_pool,6aabe5dd9e2b275b709d00ba88eb6df4dbd256c3ab510f2e52bd7a3bb697ff0c,16000,1,2,48000,3.0,-24.43,0.3259,0.0
0wEoXWnHJjs_seg_109.wav,data/interim/segmented_clean_relaxed/stuttering/0wEoXWnHJjs_seg_109.wav,0wEoXWnHJjs,109,stuttering,clean_pool,61b45aab8f936f5ee358b2f019cb28e55222f5e3088f19cf18e195e138d766f5,16000,1,2,48000,3.0,-26.32,0.3649,0.0
0wEoXWnHJjs_seg_110.wav,data/interim/segmented_clean_relaxed/stuttering/0wEoXWnHJjs_seg_110.wav,0wEoXWnHJjs,110,stuttering,clean_pool,433410521516bcd18c604556e6885622d1cce837c9007cdaee903c733fbfffac,16000,1,2,48000,3.0,-26.03,0.3211,0.0
0wEoXWnHJjs_seg_111.wav,data/interim/segmented_clean_relaxed/stuttering/0wEoXWnHJjs_seg_111.wav,0wEoXWnHJjs,111,stuttering,clean_pool,ce9bd8b7bf6f570b951739d6928eb77d5ee46323fcf411777ed828c6e984c85c,16000,1,2,48000,3.0,-29.5,0.4794,0.0
0wEoXWnHJjs_seg_112.wav,data/interim/segmented_clean_relaxed/stuttering/0wEoXWnHJjs_seg_112.wav,0wEoXWnHJjs,112,stuttering,clean_pool,5926517c2d8a7676d7426d2c76886df3dedb384cc57cf5528721e367589ac0fd,16000,1,2,48000,3.0,-29.04,0.5266,0.0
0wEoXWnHJjs_seg_113.wav,data/interim/segmented_clean_relaxed/stuttering/0wEoXWnHJjs_seg_113.wav,0wEoXWnHJjs,113,stuttering,clean_pool,73387c2f7fe79594f7811ddd0fc968dcca798244b9e2b63ab027db74c210e3b5,16000,1,2,48000,3.0,-27.41,0.389,0.0
0wEoXWnHJjs_seg_114.wav,data/interim/segmented_clean_relaxed/stuttering/0wEoXWnHJjs_seg_114.wav,0wEoXWnHJjs,114,stuttering,clean_pool,45e67150f3f893eec430d83680f0d901d295ccfe32f348eb452f00c9c435d1b1,16000,1,2,48000,3.0,-29.82,0.5448,0.0
0wEoXWnHJjs_seg_115.wav,data/interim/segmented_clean_relaxed/stuttering/0wEoXWnHJjs_seg_115.wav,0wEoXWnHJjs,115,stuttering,clean_pool,05997e1b640e7f857555a70c13c6edaca494ad4db5d079bba9af383908eb44f4,16000,1,2,48000,3.0,-28.37,0.5539,0.0
0wEoXWnHJjs_seg_116.wav,data/interim/segmented_clean_relaxed/stuttering/0wEoXWnHJjs_seg_116.wav,0wEoXWnHJjs,116,stuttering,clean_pool,3b96899b8772efb1f6e6bb2fab3782cd36d554f633881fce36d8b9cad8a1ecff,16000,1,2,48000,3.0,-27.84,0.2091,0.0
0wEoXWnHJjs_seg_117.wav,data/interim/segmented_clean_relaxed/stuttering/0wEoXWnHJjs_seg_117.wav,0wEoXWnHJjs,117,stuttering,clean_pool,3ed04a7509f9a36d31a38b67ef71d54c2b653ef2b659623680b2c40161a5cde6,16000,1,2,48000,3.0,-31.87,0.4973,0.0
0wEoXWnHJjs_seg_118.wav,data/interim/segmented_clean_relaxed/stuttering/0wEoXWnHJjs_seg_118.wav,0wEoXWnHJjs,118,stuttering,clean_pool,60a7ae18bf016fa029f2d06ff8bda2eb89e61b2ea8ced5549e9ed01edc65a4ad,16000,1,2,48000,3.0,-28.55,0.5898,0.0
0wEoXWnHJjs_seg_119.wav,data/interim/segmented_clean_relaxed/stuttering/0wEoXWnHJjs_seg_119.wav,0wEoXWnHJjs,119,stuttering,clean_pool,0344b14f2a5aa528c34539b00f119575ca614999fdb5d046898d1bc55b16a043,16000,1,2,48000,3.0,-28.87,0.6731,0.0
0wEoXWnHJjs_seg_120.wav,data/interim/segmented_clean_relaxed/stuttering/0wEoXWnHJjs_seg_120.wav,0wEoXWnHJjs,120,stuttering,clean_pool,c426e50cfac5b8847e08b6408b9c1b94ed247fe196864189d0fe7f1684fdf13f,16000,1,2,48000,3.0,-24.93,0.354,0.0
0wEoXWnHJjs_seg_121.wav,data/interim/segmented_clean_relaxed/stuttering/0wEoXWnHJjs_seg_121.wav,0wEoXWnHJjs,121,stuttering,clean_pool,0906393fa14eefd4af88155ded2e1773e97815579a1b3ea43be023afcbbb9c45,16000,1,2,48000,3.0,-26.48,0.3286,0.0
0wEoXWnHJjs_seg_122.wav,data/interim/segmented_clean_relaxed/stuttering/0wEoXWnHJjs_seg_122.wav,0wEoXWnHJjs,122,stuttering,clean_pool,7910bd25d649cf26ad268190c55c8e16a8df8a502bccac22b04ef66f2173e098,16000,1,2,48000,3.0,-35.7,0.742,0.0
0wEoXWnHJjs_seg_123.wav,data/interim/segmented_clean_relaxed/stuttering/0wEoXWnHJjs_seg_123.wav,0wEoXWnHJjs,123,stuttering,clean_pool,e7156c4cca0433ba46e731c002a3910d244f4b9328524b85beeb1dcedfd052bc,16000,1,2,48000,3.0,-27.18,0.3085,0.0
0wEoXWnHJjs_seg_124.wav,data/interim/segmented_clean_relaxed/stuttering/0wEoXWnHJjs_seg_124.wav,0wEoXWnHJjs,124,stuttering,clean_pool,5ed5a6bfb70c98fb72601b6c9739f952ad5b4d1de9776464264351a3847ea1c5,16000,1,2,48000,3.0,-24.96,0.39,0.0
0wEoXWnHJjs_seg_125.wav,data/interim/segmented_clean_relaxed/stuttering/0wEoXWnHJjs_seg_125.wav,0wEoXWnHJjs,125,stuttering,clean_pool,d45002086e1afa2cb4b19ebe402682a1213faeaedcb0c209122a6983098ea077,16000,1,2,48000,3.0,-26.37,0.3149,0.0
0wEoXWnHJjs_seg_126.wav,data/interim/segmented_clean_relaxed/stuttering/0wEoXWnHJjs_seg_126.wav,0wEoXWnHJjs,126,stuttering,clean_pool,e2157d289c39eeb71bc480a6b0e6e20324f9439b5f0ae4ba139c6050d76d3c08,16000,1,2,48000,3.0,-28.99,0.5025,0.0
0wEoXWnHJjs_seg_127.wav,data/interim/segmented_clean_relaxed/stuttering/0wEoXWnHJjs_seg_127.wav,0wEoXWnHJjs,127,stuttering,clean_pool,8d91f0a5ee126350b16ac4dccc45f442c25fc756f4e009cff8541b79f9a843b3,16000,1,2,48000,3.0,-29.2,0.4015,0.0
0wEoXWnHJjs_seg_128.wav,data/interim/segmented_clean_relaxed/stuttering/0wEoXWnHJjs_seg_128.wav,0wEoXWnHJjs,128,stuttering,clean_pool,7f1c8548120c59ba663e8e9106d91129c2180a5158786bf4ad4424b69cc7a1b4,16000,1,2,48000,3.0,-28.43,0.3227,0.0
0wEoXWnHJjs_seg_129.wav,data/interim/segmented_clean_relaxed/stuttering/0wEoXWnHJjs_seg_129.wav,0wEoXWnHJjs,129,stuttering,clean_pool,3f6dbed8c1d1c0de92b9c007e703ef7c8125a0b0a40880659c2c7a4f6951ed8d,16000,1,2,48000,3.0,-29.02,0.3695,0.0
0wEoXWnHJjs_seg_130.wav,data/interim/segmented_clean_relaxed/stuttering/0wEoXWnHJjs_seg_130.wav,0wEoXWnHJjs,130,stuttering,clean_pool,b06610f7f0fed7ac7746e58148c18f3015a6ecad912aefa5032cc723b0a6dcc9,16000,1,2,48000,3.0,-33.95,0.5962,0.0
0wEoXWnHJjs_seg_131.wav,data/interim/segmented_clean_relaxed/stuttering/0wEoXWnHJjs_seg_131.wav,0wEoXWnHJjs,131,stuttering,clean_pool,c694b15357ca5729b65f7fba58bf316d92c9f222abbcf4298db713d207f2f13c,16000,1,2,48000,3.0,-30.61,0.7137,0.0
0wEoXWnHJjs_seg_132.wav,data/interim/segmented_clean_relaxed/stuttering/0wEoXWnHJjs_seg_132.wav,0wEoXWnHJjs,132,stuttering,clean_pool,30d87a1daae8e77f4266f9f6e821c56bfe50b9d2fa332a876f8bdc5cfab79092,16000,1,2,48000,3.0,-27.51,0.524,0.0
2mVwQPdoIxM_seg_000.wav,data/interim/segmented_clean_relaxed/stuttering/2mVwQPdoIxM_seg_000.wav,2mVwQPdoIxM,000,stuttering,clean_pool,feb133acb7e89fac70d533cef491bc3a0d3f3732dc40e3963058db53628bf0a9,16000,1,2,48000,3.0,-22.72,0.1738,0.0
2mVwQPdoIxM_seg_001.wav,data/interim/segmented_clean_relaxed/stuttering/2mVwQPdoIxM_seg_001.wav,2mVwQPdoIxM,001,stuttering,clean_pool,14e551a15b08fa5d32ac319c3c9f6b5a65551811f8a7bbefc0bce7d5db7d3113,16000,1,2,48000,3.0,-34.37,0.6423,0.0
2mVwQPdoIxM_seg_002.wav,data/interim/segmented_clean_relaxed/stuttering/2mVwQPdoIxM_seg_002.wav,2mVwQPdoIxM,002,stuttering,clean_pool,f8e4d601a468b2700ef90fa7e9e3154a00ba0a99fc5dc7c70fdcb7f08571ec75,16000,1,2,48000,3.0,-23.88,0.3079,0.0
2mVwQPdoIxM_seg_003.wav,data/interim/segmented_clean_relaxed/stuttering/2mVwQPdoIxM_seg_003.wav,2mVwQPdoIxM,003,stuttering,clean_pool,ae83ea232e59356e316cfb55dcc77afd612ff56220c9106cf71ec62dcbea4b5e,16000,1,2,48000,3.0,-26.99,0.3382,0.0
2mVwQPdoIxM_seg_004.wav,data/interim/segmented_clean_relaxed/stuttering/2mVwQPdoIxM_seg_004.wav,2mVwQPdoIxM,004,stuttering,clean_pool,23de33dc6cdb33cceba98749bd943638f645844534911bfbca4cf90223ac0cb1,16000,1,2,48000,3.0,-24.21,0.3432,0.0
2mVwQPdoIxM_seg_005.wav,data/interim/segmented_clean_relaxed/stuttering/2mVwQPdoIxM_seg_005.wav,2mVwQPdoIxM,005,stuttering,clean_pool,4be9748168788fbd6c57d02993971577f5de853ba5594ca6a3b84574a7fb4c6d,16000,1,2,48000,3.0,-32.02,0.4586,0.0
2mVwQPdoIxM_seg_006.wav,data/interim/segmented_clean_relaxed/stuttering/2mVwQPdoIxM_seg_006.wav,2mVwQPdoIxM,006,stuttering,clean_pool,41044b2af5a7041c59dc7b44a924af422cf4ebc6ff78a10c0847d646ff7881fa,16000,1,2,48000,3.0,-26.69,0.5393,0.0
2mVwQPdoIxM_seg_007.wav,data/interim/segmented_clean_relaxed/stuttering/2mVwQPdoIxM_seg_007.wav,2mVwQPdoIxM,007,stuttering,clean_pool,cca0877d1a1d784e8f1624b83a2ddb3208d5d390726661cce717ce135dd1331f,16000,1,2,48000,3.0,-22.93,0.1686,0.0
2mVwQPdoIxM_seg_008.wav,data/interim/segmented_clean_relaxed/stuttering/2mVwQPdoIxM_seg_008.wav,2mVwQPdoIxM,008,stuttering,clean_pool,e9d89b4644e95d6fc7a170580aa17a56460d9dd780a60517cc352a34236d2853,16000,1,2,48000,3.0,-23.85,0.2542,0.0
2mVwQPdoIxM_seg_009.wav,data/interim/segmented_clean_relaxed/stuttering/2mVwQPdoIxM_seg_009.wav,2mVwQPdoIxM,009,stuttering,clean_pool,d706af84b626b29761c58a66ff7717e6054777b6eaa74aa2168a7ca55bd3dd84,16000,1,2,48000,3.0,-30.37,0.2452,0.0
2mVwQPdoIxM_seg_010.wav,data/interim/segmented_clean_relaxed/stuttering/2mVwQPdoIxM_seg_010.wav,2mVwQPdoIxM,010,stuttering,clean_pool,3aef754812ce4dae04a9361d9f62aa4a493db43cd4607fba9efc65d8dd0945cd,16000,1,2,48000,3.0,-24.98,0.6232,0.0
2mVwQPdoIxM_seg_011.wav,data/interim/segmented_clean_relaxed/stuttering/2mVwQPdoIxM_seg_011.wav,2mVwQPdoIxM,011,stuttering,clean_pool,1d7b522f22a8e3635bb75610e188872a93db649ff5322221c555a6f116b38217,16000,1,2,48000,3.0,-27.63,0.4201,0.0
2mVwQPdoIxM_seg_012.wav,data/interim/segmented_clean_relaxed/stuttering/2mVwQPdoIxM_seg_012.wav,2mVwQPdoIxM,012,stuttering,clean_pool,7a849cbdb4269034d81ec52e394701888bac194a2adda90bcecb6cf296bdaf32,16000,1,2,48000,3.0,-24.9,0.3151,0.0
2mVwQPdoIxM_seg_013.wav,data/interim/segmented_clean_relaxed/stuttering/2mVwQPdoIxM_seg_013.wav,2mVwQPdoIxM,013,stuttering,clean_pool,d5b2823b1b696c3dcb3da738f284d2a0e7aebc7a26b2dbb99f5ba63f684d4e60,16000,1,2,48000,3.0,-24.7,0.2553,0.0
2mVwQPdoIxM_seg_014.wav,data/interim/segmented_clean_relaxed/stuttering/2mVwQPdoIxM_seg_014.wav,2mVwQPdoIxM,014,stuttering,clean_pool,00d2a16eacb701c20815860cd690018cdc9398f60a6b4b69202363d1fef14324,16000,1,2,48000,3.0,-24.53,0.2295,0.0
2mVwQPdoIxM_seg_015.wav,data/interim/segmented_clean_relaxed/stuttering/2mVwQPdoIxM_seg_015.wav,2mVwQPdoIxM,015,stuttering,clean_pool,40ef38cf01061c31da400a1008dd8cfb2163cd4f9515bbcb28f794fb43bc046a,16000,1,2,48000,3.0,-26.48,0.3762,0.0
2mVwQPdoIxM_seg_016.wav,data/interim/segmented_clean_relaxed/stuttering/2mVwQPdoIxM_seg_016.wav,2mVwQPdoIxM,016,stuttering,clean_pool,edcb64d5481e68ac1fb3fc7ef0fd18302f06d43284b88af421203358522f54d3,16000,1,2,48000,3.0,-29.03,0.5816,0.0
2mVwQPdoIxM_seg_017.wav,data/interim/segmented_clean_relaxed/stuttering/2mVwQPdoIxM_seg_017.wav,2mVwQPdoIxM,017,stuttering,clean_pool,c99ae3299a8fb64097500367220b22b18a9f6324c747cceac3ae29c1dbaf13db,16000,1,2,48000,3.0,-23.33,0.2477,0.0
2mVwQPdoIxM_seg_018.wav,data/interim/segmented_clean_relaxed/stuttering/2mVwQPdoIxM_seg_018.wav,2mVwQPdoIxM,018,stuttering,clean_pool,7f66eba96fa86b3274f89d163a356841d7e560a94d370fa3f89c83a75944615b,16000,1,2,48000,3.0,-32.42,0.4223,0.0
2mVwQPdoIxM_seg_019.wav,data/interim/segmented_clean_relaxed/stuttering/2mVwQPdoIxM_seg_019.wav,2mVwQPdoIxM,019,stuttering,clean_pool,2604aab88882c0e9b83e37ac7c188add2cee9722d7177e25bed03334980dd28e,16000,1,2,48000,3.0,-24.32,0.4349,0.0
2mVwQPdoIxM_seg_020.wav,data/interim/segmented_clean_relaxed/stuttering/2mVwQPdoIxM_seg_020.wav,2mVwQPdoIxM,020,stuttering,clean_pool,6e59f78dede3a9a4d445063d7298536194cde1b861e16a55b2c99f4c6cd65f29,16000,1,2,48000,3.0,-24.58,0.2215,0.0
2mVwQPdoIxM_seg_021.wav,data/interim/segmented_clean_relaxed/stuttering/2mVwQPdoIxM_seg_021.wav,2mVwQPdoIxM,021,stuttering,clean_pool,e624cdf20cfe325599d8af7c40effb81e136c6a6867d59aa65d9d5e6781350a1,16000,1,2,48000,3.0,-28.15,0.4663,0.0
2mVwQPdoIxM_seg_022.wav,data/interim/segmented_clean_relaxed/stuttering/2mVwQPdoIxM_seg_022.wav,2mVwQPdoIxM,022,stuttering,clean_pool,10d7b6b5175905476039bf0f27cc4f126fe8da351e7924f819f513c1e3511b98,16000,1,2,48000,3.0,-28.57,0.3257,0.0
2mVwQPdoIxM_seg_023.wav,data/interim/segmented_clean_relaxed/stuttering/2mVwQPdoIxM_seg_023.wav,2mVwQPdoIxM,023,stuttering,clean_pool,48609363d2461807f42aaab6c6284bedf6511b3ccab1f0dde64096c2b56ae97c,16000,1,2,48000,3.0,-31.12,0.4736,0.0
2mVwQPdoIxM_seg_024.wav,data/interim/segmented_clean_relaxed/stuttering/2mVwQPdoIxM_seg_024.wav,2mVwQPdoIxM,024,stuttering,clean_pool,020bcfc7796511f2eca20298ff4f381bb7a3ad468b28ec08894eb036c20b9699,16000,1,2,48000,3.0,-28.95,0.6171,0.0
2mVwQPdoIxM_seg_025.wav,data/interim/segmented_clean_relaxed/stuttering/2mVwQPdoIxM_seg_025.wav,2mVwQPdoIxM,025,stuttering,clean_pool,7ef8e270c142dcf184dae16ca628abf7e214b28329d359b80096a5d0033f72b1,16000,1,2,48000,3.0,-29.91,0.4404,0.0
2mVwQPdoIxM_seg_026.wav,data/interim/segmented_clean_relaxed/stuttering/2mVwQPdoIxM_seg_026.wav,2mVwQPdoIxM,026,stuttering,clean_pool,cad896657b576ee08bc9a861b788e66bd646c8f965e5129c3627d756f29cf035,16000,1,2,48000,3.0,-23.03,0.1441,0.0
2mVwQPdoIxM_seg_027.wav,data/interim/segmented_clean_relaxed/stuttering/2mVwQPdoIxM_seg_027.wav,2mVwQPdoIxM,027,stuttering,clean_pool,4e38f36b4ff450ff8ab5e74e20e76a87805a7bdea540006e7263abdf92335ea0,16000,1,2,48000,3.0,-23.27,0.2798,0.0
2mVwQPdoIxM_seg_028.wav,data/interim/segmented_clean_relaxed/stuttering/2mVwQPdoIxM_seg_028.wav,2mVwQPdoIxM,028,stuttering,clean_pool,72396487b0a19442333c84e48cace2fa3f09389727f6ae219b47584986e23523,16000,1,2,48000,3.0,-25.72,0.2655,0.0
2mVwQPdoIxM_seg_029.wav,data/interim/segmented_clean_relaxed/stuttering/2mVwQPdoIxM_seg_029.wav,2mVwQPdoIxM,029,stuttering,clean_pool,874049fc6844e9a394cecfd75167db19326c70177d41f8147bfd2a3e8f34294b,16000,1,2,48000,3.0,-23.17,0.4002,0.0
2mVwQPdoIxM_seg_030.wav,data/interim/segmented_clean_relaxed/stuttering/2mVwQPdoIxM_seg_030.wav,2mVwQPdoIxM,030,stuttering,clean_pool,b455ebad4f19946d5082521a5d96a9ac3c9af19023c0ff2352838014c6f887bd,16000,1,2,48000,3.0,-25.85,0.2463,0.0
2mVwQPdoIxM_seg_031.wav,data/interim/segmented_clean_relaxed/stuttering/2mVwQPdoIxM_seg_031.wav,2mVwQPdoIxM,031,stuttering,clean_pool,0a0ee9cc7eef22dbb0ea144d91bb31aba530df8dad3692e689f8e7f0ede35b0f,16000,1,2,48000,3.0,-23.72,0.2888,0.0
2mVwQPdoIxM_seg_032.wav,data/interim/segmented_clean_relaxed/stuttering/2mVwQPdoIxM_seg_032.wav,2mVwQPdoIxM,032,stuttering,clean_pool,552c7c2b8cea197a60e4507f9f929ab018b2f2aeb0f2cb0e800a181c4d1614fc,16000,1,2,48000,3.0,-23.04,0.1044,0.0
2mVwQPdoIxM_seg_033.wav,data/interim/segmented_clean_relaxed/stuttering/2mVwQPdoIxM_seg_033.wav,2mVwQPdoIxM,033,stuttering,clean_pool,b060587e6247641848880b0da2e1804b291bdc77f899f007cb8e919fbdc2cbef,16000,1,2,48000,3.0,-28.93,0.5135,0.0
2mVwQPdoIxM_seg_034.wav,data/interim/segmented_clean_relaxed/stuttering/2mVwQPdoIxM_seg_034.wav,2mVwQPdoIxM,034,stuttering,clean_pool,90b0e7c9fd6f25ccbabdd173b0576e613051bbb9b8a84b944c52614c02d6e382,16000,1,2,48000,3.0,-26.61,0.5134,0.0
2mVwQPdoIxM_seg_035.wav,data/interim/segmented_clean_relaxed/stuttering/2mVwQPdoIxM_seg_035.wav,2mVwQPdoIxM,035,stuttering,clean_pool,a02dc0fc49dfc5fd6c6816669be75b8693cc0eedfb16721a5db25d707257faee,16000,1,2,48000,3.0,-22.33,0.1586,0.0
2mVwQPdoIxM_seg_036.wav,data/interim/segmented_clean_relaxed/stuttering/2mVwQPdoIxM_seg_036.wav,2mVwQPdoIxM,036,stuttering,clean_pool,0fc374549e842b1a5f654b7f5e21de45205399993508cf44974af07bc48c1dec,16000,1,2,48000,3.0,-26.58,0.2022,0.0
2mVwQPdoIxM_seg_037.wav,data/interim/segmented_clean_relaxed/stuttering/2mVwQPdoIxM_seg_037.wav,2mVwQPdoIxM,037,stuttering,clean_pool,b49e4e6dca654fb13294e0ba63eabeaa2d83d603e285eddbaef9d9c4fe794add,16000,1,2,48000,3.0,-24.95,0.4436,0.0
2mVwQPdoIxM_seg_038.wav,data/interim/segmented_clean_relaxed/stuttering/2mVwQPdoIxM_seg_038.wav,2mVwQPdoIxM,038,stuttering,clean_pool,7845df5f5ef886f5901b2c63a0e68e7ed5c79a180d90a36aeb36776765fd0bc2,16000,1,2,48000,3.0,-24.02,0.3632,0.0
2mVwQPdoIxM_seg_039.wav,data/interim/segmented_clean_relaxed/stuttering/2mVwQPdoIxM_seg_039.wav,2mVwQPdoIxM,039,stuttering,clean_pool,7362546f5d90327c98aa5995ee7881deae77fee8d21ae6581fda35ab7281ec7c,16000,1,2,48000,3.0,-25.51,0.4504,0.0
2mVwQPdoIxM_seg_040.wav,data/interim/segmented_clean_relaxed/stuttering/2mVwQPdoIxM_seg_040.wav,2mVwQPdoIxM,040,stuttering,clean_pool,1006ed5189667adc7522893ea8eb0d33ed6fdf8630dee385c586fd69ab7299f1,16000,1,2,48000,3.0,-29.99,0.411,0.0
2mVwQPdoIxM_seg_041.wav,data/interim/segmented_clean_relaxed/stuttering/2mVwQPdoIxM_seg_041.wav,2mVwQPdoIxM,041,stuttering,clean_pool,0c1b450b2509054e4ec249b96bf6d99b263f2c9dd062fe2ccc261ba34e9990e5,16000,1,2,48000,3.0,-27.73,0.5867,0.0
2mVwQPdoIxM_seg_042.wav,data/interim/segmented_clean_relaxed/stuttering/2mVwQPdoIxM_seg_042.wav,2mVwQPdoIxM,042,stuttering,clean_pool,e4d324e7c5e390b8c2e4aadd4077522ba99948422e04f34ba08f4b31cac36b38,16000,1,2,48000,3.0,-25.48,0.2434,0.0
2mVwQPdoIxM_seg_043.wav,data/interim/segmented_clean_relaxed/stuttering/2mVwQPdoIxM_seg_043.wav,2mVwQPdoIxM,043,stuttering,clean_pool,db297bdbd51d40d0a1b3fab6cb12ce344b702bad4eeef31cfabee7502f929891,16000,1,2,48000,3.0,-32.32,0.5378,0.0
2mVwQPdoIxM_seg_045.wav,data/interim/segmented_clean_relaxed/stuttering/2mVwQPdoIxM_seg_045.wav,2mVwQPdoIxM,045,stuttering,clean_pool,901355ee466e8c3b254fd6725548ffa80fb30f2a5b781a4ff83c96058b3ee537,16000,1,2,48000,3.0,-22.32,0.1388,0.0
2mVwQPdoIxM_seg_046.wav,data/interim/segmented_clean_relaxed/stuttering/2mVwQPdoIxM_seg_046.wav,2mVwQPdoIxM,046,stuttering,clean_pool,00d344b46eba52c5eb13cbdee6788105342876ca177aea7fee55fce649bf15f0,16000,1,2,48000,3.0,-31.6,0.5225,0.0
2mVwQPdoIxM_seg_047.wav,data/interim/segmented_clean_relaxed/stuttering/2mVwQPdoIxM_seg_047.wav,2mVwQPdoIxM,047,stuttering,clean_pool,9f26755a2ea5723ece43f26df8fcd2b8d6b551085673f2fb24a7b0fd037207ab,16000,1,2,48000,3.0,-24.08,0.3861,0.0
2mVwQPdoIxM_seg_048.wav,data/interim/segmented_clean_relaxed/stuttering/2mVwQPdoIxM_seg_048.wav,2mVwQPdoIxM,048,stuttering,clean_pool,84dd20e0e9aa28fe046238999fec935b4577a7b546a65a2460e85c9e7991ffce,16000,1,2,48000,3.0,-29.61,0.4274,0.0
2mVwQPdoIxM_seg_049.wav,data/interim/segmented_clean_relaxed/stuttering/2mVwQPdoIxM_seg_049.wav,2mVwQPdoIxM,049,stuttering,clean_pool,877c26ad962b7a41b344df0b5c32efececc4fcd8d0c6e56bc68b694e18e60536,16000,1,2,48000,3.0,-22.67,0.2596,0.0
2mVwQPdoIxM_seg_050.wav,data/interim/segmented_clean_relaxed/stuttering/2mVwQPdoIxM_seg_050.wav,2mVwQPdoIxM,050,stuttering,clean_pool,38769c76a0caffdb920cace925a8fae6ab7ceb619db24a077e456e3f273603e4,16000,1,2,48000,3.0,-26.52,0.2303,0.0
2mVwQPdoIxM_seg_051.wav,data/interim/segmented_clean_relaxed/stuttering/2mVwQPdoIxM_seg_051.wav,2mVwQPdoIxM,051,stuttering,clean_pool,eb88ef7b4f85f9a8c29f716bd3932fc18d44ec26e52fd83d0f66c15363ba3ee3,16000,1,2,48000,3.0,-23.87,0.3695,0.0
2mVwQPdoIxM_seg_052.wav,data/interim/segmented_clean_relaxed/stuttering/2mVwQPdoIxM_seg_052.wav,2mVwQPdoIxM,052,stuttering,clean_pool,cd2caeb3a1c108b7376052f33e6d64bcc25893d934b6287bcde774d572422a08,16000,1,2,48000,3.0,-26.94,0.257,0.0
2mVwQPdoIxM_seg_053.wav,data/interim/segmented_clean_relaxed/stuttering/2mVwQPdoIxM_seg_053.wav,2mVwQPdoIxM,053,stuttering,clean_pool,cf0d7fcc0a34357d770ad1ef5e664657b03e2663fb42a74f4ed75e9ece3288cc,16000,1,2,48000,3.0,-24.56,0.4374,0.0
2mVwQPdoIxM_seg_054.wav,data/interim/segmented_clean_relaxed/stuttering/2mVwQPdoIxM_seg_054.wav,2mVwQPdoIxM,054,stuttering,clean_pool,152e8d27966d9286c958a3c7c6642fa50ccf0b6f65fcbc19086ed4adbed00804,16000,1,2,48000,3.0,-29.92,0.4471,0.0
2mVwQPdoIxM_seg_055.wav,data/interim/segmented_clean_relaxed/stuttering/2mVwQPdoIxM_seg_055.wav,2mVwQPdoIxM,055,stuttering,clean_pool,78009ad7579fd55fd8587589588bdb3098537ddd8299b6db5dec6366a61eed78,16000,1,2,48000,3.0,-23.04,0.375,0.0
2mVwQPdoIxM_seg_056.wav,data/interim/segmented_clean_relaxed/stuttering/2mVwQPdoIxM_seg_056.wav,2mVwQPdoIxM,056,stuttering,clean_pool,b2face69a2bc3ff3de1db7ec2ee4f04afc05a6832e90534cec984775e81aa9cb,16000,1,2,48000,3.0,-27.59,0.3222,0.0
2mVwQPdoIxM_seg_057.wav,data/interim/segmented_clean_relaxed/stuttering/2mVwQPdoIxM_seg_057.wav,2mVwQPdoIxM,057,stuttering,clean_pool,ba4800a49af0279c3c4fd79503611e4be4643a96f89446eec38555038110958a,16000,1,2,48000,3.0,-22.35,0.0916,0.0
2mVwQPdoIxM_seg_058.wav,data/interim/segmented_clean_relaxed/stuttering/2mVwQPdoIxM_seg_058.wav,2mVwQPdoIxM,058,stuttering,clean_pool,9e8cd7da2a02cbbb3cc987785f8dd58cac294c0f2c3f18e710098c583d5a8f59,16000,1,2,48000,3.0,-23.37,0.303,0.0
2mVwQPdoIxM_seg_059.wav,data/interim/segmented_clean_relaxed/stuttering/2mVwQPdoIxM_seg_059.wav,2mVwQPdoIxM,059,stuttering,clean_pool,0f8d66cd108b71105c896a2517e455cc4d95e0d0ec06ae470b7506d9ef1ee3cf,16000,1,2,48000,3.0,-30.54,0.4412,0.0
2mVwQPdoIxM_seg_060.wav,data/interim/segmented_clean_relaxed/stuttering/2mVwQPdoIxM_seg_060.wav,2mVwQPdoIxM,060,stuttering,clean_pool,68b38e1d1ea3ab359bc7e4e2fd9132e4d0e6bb8067127e036b07a5394bdfd4cb,16000,1,2,48000,3.0,-24.14,0.5185,0.0
2mVwQPdoIxM_seg_061.wav,data/interim/segmented_clean_relaxed/stuttering/2mVwQPdoIxM_seg_061.wav,2mVwQPdoIxM,061,stuttering,clean_pool,328d4b224e66e428aaf54a4b852a09962d3564f3f996b31f8de8cf1994b66491,16000,1,2,48000,3.0,-23.53,0.3403,0.0
2mVwQPdoIxM_seg_062.wav,data/interim/segmented_clean_relaxed/stuttering/2mVwQPdoIxM_seg_062.wav,2mVwQPdoIxM,062,stuttering,clean_pool,1273f3224d52bb5916474de6c238c285585ef9aa1c62c7e064a2832436b806a0,16000,1,2,48000,3.0,-25.79,0.3127,0.0
2mVwQPdoIxM_seg_063.wav,data/interim/segmented_clean_relaxed/stuttering/2mVwQPdoIxM_seg_063.wav,2mVwQPdoIxM,063,stuttering,clean_pool,291d78e627f4b92237f4ed2c0d26e13c4c74cac0300b9e6024c09ebc5a6fbb0d,16000,1,2,48000,3.0,-23.96,0.3671,0.0
2mVwQPdoIxM_seg_064.wav,data/interim/segmented_clean_relaxed/stuttering/2mVwQPdoIxM_seg_064.wav,2mVwQPdoIxM,064,stuttering,clean_pool,74a1c49428e82c93f23f9634c1fcd521774991ff94d0fda5b2e95354562328ea,16000,1,2,48000,3.0,-24.2,0.2446,0.0
2mVwQPdoIxM_seg_065.wav,data/interim/segmented_clean_relaxed/stuttering/2mVwQPdoIxM_seg_065.wav,2mVwQPdoIxM,065,stuttering,clean_pool,fd9c31e0cdddc18daa4b4b120d6c3fb83641bed774f83ff92b49418f295b2f4f,16000,1,2,48000,3.0,-28.08,0.4195,0.0
2mVwQPdoIxM_seg_066.wav,data/interim/segmented_clean_relaxed/stuttering/2mVwQPdoIxM_seg_066.wav,2mVwQPdoIxM,066,stuttering,clean_pool,26b31a175df6159a91541925dddd79bb1421220c738a379ce6db6071dd935f77,16000,1,2,48000,3.0,-24.92,0.4466,0.0
2mVwQPdoIxM_seg_067.wav,data/interim/segmented_clean_relaxed/stuttering/2mVwQPdoIxM_seg_067.wav,2mVwQPdoIxM,067,stuttering,clean_pool,823983093dec232b7913f3e8fdf114bb8f3e05a13df82e7b125aaf9f3d2a174e,16000,1,2,48000,3.0,-23.31,0.1807,0.0
2mVwQPdoIxM_seg_068.wav,data/interim/segmented_clean_relaxed/stuttering/2mVwQPdoIxM_seg_068.wav,2mVwQPdoIxM,068,stuttering,clean_pool,841cb4940ef84f1f27968b3f91ff9dc1b11fd80c05b9a7cdd48e749487d73122,16000,1,2,48000,3.0,-32.76,0.6335,0.0
2mVwQPdoIxM_seg_069.wav,data/interim/segmented_clean_relaxed/stuttering/2mVwQPdoIxM_seg_069.wav,2mVwQPdoIxM,069,stuttering,clean_pool,c38097178ddba0723efb0f12207cca012f2b032368c20a4d245deab7199522d8,16000,1,2,48000,3.0,-26.59,0.2806,0.0
2mVwQPdoIxM_seg_070.wav,data/interim/segmented_clean_relaxed/stuttering/2mVwQPdoIxM_seg_070.wav,2mVwQPdoIxM,070,stuttering,clean_pool,507a8cc85ebacca0f528c37351c385ae1d0a93d0b103c2e315949100e3a7d30f,16000,1,2,48000,3.0,-31.41,0.347,0.0
2mVwQPdoIxM_seg_071.wav,data/interim/segmented_clean_relaxed/stuttering/2mVwQPdoIxM_seg_071.wav,2mVwQPdoIxM,071,stuttering,clean_pool,0745fcba4e605e984663f17a6f4ded9ab5692e8554e6d55729c09e43c2f38e20,16000,1,2,48000,3.0,-25.57,0.4618,0.0
2mVwQPdoIxM_seg_072.wav,data/interim/segmented_clean_relaxed/stuttering/2mVwQPdoIxM_seg_072.wav,2mVwQPdoIxM,072,stuttering,clean_pool,f20ddadab177e1dc1c06ca50a92f05786f82338a965f1a24948fb846bf825b3e,16000,1,2,48000,3.0,-28.74,0.3855,0.0
2mVwQPdoIxM_seg_073.wav,data/interim/segmented_clean_relaxed/stuttering/2mVwQPdoIxM_seg_073.wav,2mVwQPdoIxM,073,stuttering,clean_pool,027c980c5c3efa7c10c1dd3ead384ec8bdeb2d1834616b90083096ded139e2f7,16000,1,2,48000,3.0,-30.17,0.5741,0.0
2mVwQPdoIxM_seg_074.wav,data/interim/segmented_clean_relaxed/stuttering/2mVwQPdoIxM_seg_074.wav,2mVwQPdoIxM,074,stuttering,clean_pool,9ad721d1417ca7462d85bab3ee929452ded03bd8da018e500a3eeec1d15e9f6c,16000,1,2,48000,3.0,-29.54,0.2394,0.0
2mVwQPdoIxM_seg_075.wav,data/interim/segmented_clean_relaxed/stuttering/2mVwQPdoIxM_seg_075.wav,2mVwQPdoIxM,075,stuttering,clean_pool,ba656ce5a796ba0164e208c1ab855ea43956afe6b24cc5d0caef50b508f6bfe3,16000,1,2,48000,3.0,-26.75,0.3486,0.0
2mVwQPdoIxM_seg_076.wav,data/interim/segmented_clean_relaxed/stuttering/2mVwQPdoIxM_seg_076.wav,2mVwQPdoIxM,076,stuttering,clean_pool,d226f3ebd7f4a34b7c9db5400bd0a2c2a523bf18891fd57bf9e503b02ab3fcce,16000,1,2,48000,3.0,-35.71,0.643,0.0
2mVwQPdoIxM_seg_077.wav,data/interim/segmented_clean_relaxed/stuttering/2mVwQPdoIxM_seg_077.wav,2mVwQPdoIxM,077,stuttering,clean_pool,4297b60091f16028b79b36448e79d757c6fc3871f4fa1712c04533ef0a0ea5c8,16000,1,2,48000,3.0,-26.48,0.4062,0.0
2mVwQPdoIxM_seg_078.wav,data/interim/segmented_clean_relaxed/stuttering/2mVwQPdoIxM_seg_078.wav,2mVwQPdoIxM,078,stuttering,clean_pool,c74b9d3e0279c4b0c19089d5f4129e096b8b5e0b8216d19acd6e92c4425d9ecd,16000,1,2,48000,3.0,-40.14,0.7985,0.0
2mVwQPdoIxM_seg_079.wav,data/interim/segmented_clean_relaxed/stuttering/2mVwQPdoIxM_seg_079.wav,2mVwQPdoIxM,079,stuttering,clean_pool,ec2d99103215140df71eab79ee2fbecc8ad31afaa68891f0cb8cfc55161b18ef,16000,1,2,48000,3.0,-24.33,0.2462,0.0
2mVwQPdoIxM_seg_080.wav,data/interim/segmented_clean_relaxed/stuttering/2mVwQPdoIxM_seg_080.wav,2mVwQPdoIxM,080,stuttering,clean_pool,a864f6be39fa63a6674024ce857e6dbb584908c3f0a2c878cfc437024d890b4a,16000,1,2,48000,3.0,-29.29,0.4975,0.0
2mVwQPdoIxM_seg_081.wav,data/interim/segmented_clean_relaxed/stuttering/2mVwQPdoIxM_seg_081.wav,2mVwQPdoIxM,081,stuttering,clean_pool,0c1eb3f3ae04bad51e3425838e6992013b94904d3901f934e5aab0b6dbaeb9d4,16000,1,2,48000,3.0,-29.85,0.447,0.0
2mVwQPdoIxM_seg_082.wav,data/interim/segmented_clean_relaxed/stuttering/2mVwQPdoIxM_seg_082.wav,2mVwQPdoIxM,082,stuttering,clean_pool,752d39889ed51c2675525eaed652bdd00cfae59a2c5cb65e2fd0ccf1efa990b4,16000,1,2,48000,3.0,-32.48,0.6256,0.0
2mVwQPdoIxM_seg_083.wav,data/interim/segmented_clean_relaxed/stuttering/2mVwQPdoIxM_seg_083.wav,2mVwQPdoIxM,083,stuttering,clean_pool,34df33bdbbac9c49de38049c34468ee9ed88d1cf6ec8ab7030372f38fbfd929f,16000,1,2,48000,3.0,-26.77,0.4396,0.0
2mVwQPdoIxM_seg_084.wav,data/interim/segmented_clean_relaxed/stuttering/2mVwQPdoIxM_seg_084.wav,2mVwQPdoIxM,084,stuttering,clean_pool,757572f86c4e511dfc2fda1088c8beada49ac946463b64fb29d090cfbc60669c,16000,1,2,48000,3.0,-29.87,0.5339,0.0
2mVwQPdoIxM_seg_085.wav,data/interim/segmented_clean_relaxed/stuttering/2mVwQPdoIxM_seg_085.wav,2mVwQPdoIxM,085,stuttering,clean_pool,a4a26bc870c7232116899c47483d144c8f9c62222a07a7a5752148e66d46f2b4,16000,1,2,48000,3.0,-24.61,0.3732,0.0
2mVwQPdoIxM_seg_086.wav,data/interim/segmented_clean_relaxed/stuttering/2mVwQPdoIxM_seg_086.wav,2mVwQPdoIxM,086,stuttering,clean_pool,c0d6701f8fdef6026c06f1499eca4659c24f78be3e9cd69045d4947a76537779,16000,1,2,48000,3.0,-28.82,0.3755,0.0
2mVwQPdoIxM_seg_087.wav,data/interim/segmented_clean_relaxed/stuttering/2mVwQPdoIxM_seg_087.wav,2mVwQPdoIxM,087,stuttering,clean_pool,9a07ca283b4ff2a03169d1ec96aa6463f376c0decaca99cf1ceaeb65709ef6af,16000,1,2,48000,3.0,-33.5,0.579,0.0
2mVwQPdoIxM_seg_088.wav,data/interim/segmented_clean_relaxed/stuttering/2mVwQPdoIxM_seg_088.wav,2mVwQPdoIxM,088,stuttering,clean_pool,75a6a8c573fa7c8821d27ed698dd04b19d7b75270affc1e90d9fe82fa83dce2b,16000,1,2,48000,3.0,-27.29,0.2945,0.0
2mVwQPdoIxM_seg_089.wav,data/interim/segmented_clean_relaxed/stuttering/2mVwQPdoIxM_seg_089.wav,2mVwQPdoIxM,089,stuttering,clean_pool,9e74539ff671d347bbbd3038acd90c33d668d644ae0ac6f2283f304c9f72b1cc,16000,1,2,48000,3.0,-25.77,0.2758,0.0
2mVwQPdoIxM_seg_090.wav,data/interim/segmented_clean_relaxed/stuttering/2mVwQPdoIxM_seg_090.wav,2mVwQPdoIxM,090,stuttering,clean_pool,c599894bc73f675139ec028524a67a4a49419239c5ab514870a9f7ab69d440af,16000,1,2,48000,3.0,-26.66,0.4114,0.0
2mVwQPdoIxM_seg_091.wav,data/interim/segmented_clean_relaxed/stuttering/2mVwQPdoIxM_seg_091.wav,2mVwQPdoIxM,091,stuttering,clean_pool,0a1f1db631f60c6178a28ebfc8f966cf5c473a87625fe776c0a312fb657b281e,16000,1,2,48000,3.0,-30.22,0.5544,0.0
2mVwQPdoIxM_seg_092.wav,data/interim/segmented_clean_relaxed/stuttering/2mVwQPdoIxM_seg_092.wav,2mVwQPdoIxM,092,stuttering,clean_pool,5584e1d43c719745e2ce725ff217cc6bc80beaae247ffbd2537d9f8d91daecd2,16000,1,2,48000,3.0,-22.84,0.1331,0.0
2mVwQPdoIxM_seg_093.wav,data/interim/segmented_clean_relaxed/stuttering/2mVwQPdoIxM_seg_093.wav,2mVwQPdoIxM,093,stuttering,clean_pool,03205c1e68781e1ed1b76c2d0a2e2a255899bc8fc55afc49a8cbb44b26136626,16000,1,2,48000,3.0,-28.55,0.4646,0.0
2mVwQPdoIxM_seg_094.wav,data/interim/segmented_clean_relaxed/stuttering/2mVwQPdoIxM_seg_094.wav,2mVwQPdoIxM,094,stuttering,clean_pool,009658b1e05610328318edae171890ce199f57f0be3d417bf3851838ba511745,16000,1,2,48000,3.0,-25.68,0.2169,0.0
2mVwQPdoIxM_seg_095.wav,data/interim/segmented_clean_relaxed/stuttering/2mVwQPdoIxM_seg_095.wav,2mVwQPdoIxM,095,stuttering,clean_pool,e579c3c7dafe3d022fd98dde677a252dd8fd01b95f7528002527dcabe4d2cead,16000,1,2,48000,3.0,-30.6,0.3951,0.0
2mVwQPdoIxM_seg_096.wav,data/interim/segmented_clean_relaxed/stuttering/2mVwQPdoIxM_seg_096.wav,2mVwQPdoIxM,096,stuttering,clean_pool,4cb3e72275a3ae6f31541b584ba0b931a5639e94052db0ea9b43babad5160789,16000,1,2,48000,3.0,-37.35,0.7614,0.0
2mVwQPdoIxM_seg_097.wav,data/interim/segmented_clean_relaxed/stuttering/2mVwQPdoIxM_seg_097.wav,2mVwQPdoIxM,097,stuttering,clean_pool,b6968e84a3f75cb79c9521668bb87740ba739d6f96c024141cd062e1a3bf65ab,16000,1,2,48000,3.0,-27.21,0.4576,0.0
2mVwQPdoIxM_seg_098.wav,data/interim/segmented_clean_relaxed/stuttering/2mVwQPdoIxM_seg_098.wav,2mVwQPdoIxM,098,stuttering,clean_pool,2aca4a13864a72fae01166c2053f06a971e7e302d71dfb62a52d0e61299fbcea,16000,1,2,48000,3.0,-26.4,0.2198,0.0
2mVwQPdoIxM_seg_099.wav,data/interim/segmented_clean_relaxed/stuttering/2mVwQPdoIxM_seg_099.wav,2mVwQPdoIxM,099,stuttering,clean_pool,9a938ca4c167c23a0144aa4eb4fcab7a4800c7a61259757b3820b997f4b5ceba,16000,1,2,48000,3.0,-29.89,0.608,0.0
2mVwQPdoIxM_seg_100.wav,data/interim/segmented_clean_relaxed/stuttering/2mVwQPdoIxM_seg_100.wav,2mVwQPdoIxM,100,stuttering,clean_pool,0c04158a8220a1c0a74057943cb77874fd6b6ee6f3d877a0953c9809ebfb3017,16000,1,2,48000,3.0,-25.72,0.3974,0.0
2mVwQPdoIxM_seg_101.wav,data/interim/segmented_clean_relaxed/stuttering/2mVwQPdoIxM_seg_101.wav,2mVwQPdoIxM,101,stuttering,clean_pool,b69dcbf141b6c2ee9a19f722411da560f1afe2a881edaa246579a3fda025397a,16000,1,2,48000,3.0,-24.56,0.4072,0.0
2mVwQPdoIxM_seg_102.wav,data/interim/segmented_clean_relaxed/stuttering/2mVwQPdoIxM_seg_102.wav,2mVwQPdoIxM,102,stuttering,clean_pool,1d9a8ed38dab855ddb5bdbf944584dea0a06d1e24496438367e6d809cc148821,16000,1,2,48000,3.0,-28.89,0.4951,0.0
2mVwQPdoIxM_seg_103.wav,data/interim/segmented_clean_relaxed/stuttering/2mVwQPdoIxM_seg_103.wav,2mVwQPdoIxM,103,stuttering,clean_pool,760a16f6c7ac81da1b500f4df0f392a6be82a39fa041365eb249061d7de73db8,16000,1,2,48000,3.0,-30.41,0.4334,0.0
2mVwQPdoIxM_seg_104.wav,data/interim/segmented_clean_relaxed/stuttering/2mVwQPdoIxM_seg_104.wav,2mVwQPdoIxM,104,stuttering,clean_pool,42aacfd1920da083cfb1e79478c8ea0d82900a72c221a50d156534e7da46166e,16000,1,2,48000,3.0,-26.09,0.4106,0.0
2mVwQPdoIxM_seg_105.wav,data/interim/segmented_clean_relaxed/stuttering/2mVwQPdoIxM_seg_105.wav,2mVwQPdoIxM,105,stuttering,clean_pool,bba206ae122913ba5d04c5af7ceb64cc78e807402d0f7b0dd04ce0abea84701b,16000,1,2,48000,3.0,-26.51,0.2737,0.0
2mVwQPdoIxM_seg_106.wav,data/interim/segmented_clean_relaxed/stuttering/2mVwQPdoIxM_seg_106.wav,2mVwQPdoIxM,106,stuttering,clean_pool,132f86825cb96f592a22bd4e5b3437d23c1803855b4f581b2d5092f78c404140,16000,1,2,48000,3.0,-29.77,0.5668,0.0
2mVwQPdoIxM_seg_107.wav,data/interim/segmented_clean_relaxed/stuttering/2mVwQPdoIxM_seg_107.wav,2mVwQPdoIxM,107,stuttering,clean_pool,a79e822a85cdf4ee8857b6a68bc19f4b6f5fad34eb945d479490732212f13947,16000,1,2,48000,3.0,-30.21,0.38,0.0
2mVwQPdoIxM_seg_108.wav,data/interim/segmented_clean_relaxed/stuttering/2mVwQPdoIxM_seg_108.wav,2mVwQPdoIxM,108,stuttering,clean_pool,7e6e4b9366c6b3848c8cef8ee319f78e06d8dfd0ad862619b2c4422cee4660ca,16000,1,2,48000,3.0,-31.78,0.3418,0.0
2mVwQPdoIxM_seg_109.wav,data/interim/segmented_clean_relaxed/stuttering/2mVwQPdoIxM_seg_109.wav,2mVwQPdoIxM,109,stuttering,clean_pool,4d63c8c8f144aadb19d9418a2ed663aa1bfe37361e5a1b869dccf1aa48d19416,16000,1,2,48000,3.0,-29.39,0.1874,0.0
2mVwQPdoIxM_seg_110.wav,data/interim/segmented_clean_relaxed/stuttering/2mVwQPdoIxM_seg_110.wav,2mVwQPdoIxM,110,stuttering,clean_pool,3315a3343d50afbbb4dc4de926d701e714abbfbd5b864ab5ba33cbd44cf9ef99,16000,1,2,48000,3.0,-29.68,0.6115,0.0
2mVwQPdoIxM_seg_111.wav,data/interim/segmented_clean_relaxed/stuttering/2mVwQPdoIxM_seg_111.wav,2mVwQPdoIxM,111,stuttering,clean_pool,b6aa5aa162bf11432a01be043ade7013bc2f81b7d1b83f5db3b4554595b66b13,16000,1,2,48000,3.0,-24.27,0.256,0.0
2mVwQPdoIxM_seg_112.wav,data/interim/segmented_clean_relaxed/stuttering/2mVwQPdoIxM_seg_112.wav,2mVwQPdoIxM,112,stuttering,clean_pool,2b2ccb0fb1fc552b8d2d85690e899d7d2dd02f55c588edff2c33f4955c1ed89a,16000,1,2,48000,3.0,-30.28,0.4318,0.0
2mVwQPdoIxM_seg_113.wav,data/interim/segmented_clean_relaxed/stuttering/2mVwQPdoIxM_seg_113.wav,2mVwQPdoIxM,113,stuttering,clean_pool,8bda372e802420dabe8a9dd7575cf6b7a7749a4ba732a5485e188c972e92d68e,16000,1,2,48000,3.0,-27.39,0.137,0.0
2mVwQPdoIxM_seg_114.wav,data/interim/segmented_clean_relaxed/stuttering/2mVwQPdoIxM_seg_114.wav,2mVwQPdoIxM,114,stuttering,clean_pool,e6c8241fc75dbff51be2aea616189a2ec6daded5580fb0f46978bfabfec079e0,16000,1,2,48000,3.0,-24.03,0.3457,0.0
2mVwQPdoIxM_seg_115.wav,data/interim/segmented_clean_relaxed/stuttering/2mVwQPdoIxM_seg_115.wav,2mVwQPdoIxM,115,stuttering,clean_pool,b29cb5be16f60a81842a9012ecb8290d8e1bb05294f3aceffebb40323e88b7bc,16000,1,2,48000,3.0,-24.98,0.2855,0.0
2mVwQPdoIxM_seg_116.wav,data/interim/segmented_clean_relaxed/stuttering/2mVwQPdoIxM_seg_116.wav,2mVwQPdoIxM,116,stuttering,clean_pool,4799208d805e87b28556047fab9b06fb002fa908c2012ded47e1975b39a0a89a,16000,1,2,48000,3.0,-26.89,0.4184,0.0
2mVwQPdoIxM_seg_117.wav,data/interim/segmented_clean_relaxed/stuttering/2mVwQPdoIxM_seg_117.wav,2mVwQPdoIxM,117,stuttering,clean_pool,d496ed073080414f9ac36362ebc6399c9c11bdfab8d38593a98701a4012ca3da,16000,1,2,48000,3.0,-23.84,0.1668,0.0
2mVwQPdoIxM_seg_118.wav,data/interim/segmented_clean_relaxed/stuttering/2mVwQPdoIxM_seg_118.wav,2mVwQPdoIxM,118,stuttering,clean_pool,0ac7e672f8638cf16fe688396d698cb1f3b05882fbd4183b8dacd51307f00224,16000,1,2,48000,3.0,-28.16,0.2104,0.0
2mVwQPdoIxM_seg_119.wav,data/interim/segmented_clean_relaxed/stuttering/2mVwQPdoIxM_seg_119.wav,2mVwQPdoIxM,119,stuttering,clean_pool,98bec48d620e112d4b7653566795e07a39ee399d333e326585f5c637374f5835,16000,1,2,48000,3.0,-28.4,0.5903,0.0
2mVwQPdoIxM_seg_120.wav,data/interim/segmented_clean_relaxed/stuttering/2mVwQPdoIxM_seg_120.wav,2mVwQPdoIxM,120,stuttering,clean_pool,c18c92af58296167aeaf11a0230c3a923fd92b9befaa69abe76d3644ecd38fb8,16000,1,2,48000,3.0,-28.41,0.4009,0.0
2mVwQPdoIxM_seg_121.wav,data/interim/segmented_clean_relaxed/stuttering/2mVwQPdoIxM_seg_121.wav,2mVwQPdoIxM,121,stuttering,clean_pool,6dbd4fdeebba3ac8c281e400f260878ef026652d7d23038b013e2926281a45a7,16000,1,2,48000,3.0,-31.04,0.6313,0.0
2mVwQPdoIxM_seg_122.wav,data/interim/segmented_clean_relaxed/stuttering/2mVwQPdoIxM_seg_122.wav,2mVwQPdoIxM,122,stuttering,clean_pool,d4b44d0fa94518550dc7946817bc2ac3f2737801fb2cb6b1ecf75e074863ea14,16000,1,2,48000,3.0,-28.38,0.4359,0.0
2mVwQPdoIxM_seg_123.wav,data/interim/segmented_clean_relaxed/stuttering/2mVwQPdoIxM_seg_123.wav,2mVwQPdoIxM,123,stuttering,clean_pool,402b5e8e2d10bacba0fea436b87b5575ebca6306a47b80e520699d16e61aaa9d,16000,1,2,48000,3.0,-29.89,0.4,0.0
2mVwQPdoIxM_seg_124.wav,data/interim/segmented_clean_relaxed/stuttering/2mVwQPdoIxM_seg_124.wav,2mVwQPdoIxM,124,stuttering,clean_pool,8ea67073cf8f3723249086dc307c242cddb2b9fd21d480b04967d3310ac15fed,16000,1,2,48000,3.0,-29.39,0.7403,0.0
2mVwQPdoIxM_seg_125.wav,data/interim/segmented_clean_relaxed/stuttering/2mVwQPdoIxM_seg_125.wav,2mVwQPdoIxM,125,stuttering,clean_pool,c1d4b9dd98d50ccd1a2f64ce46cc8638e5f0e56ff2d0c42859445ecebeda6290,16000,1,2,48000,3.0,-30.09,0.2343,0.0
2mVwQPdoIxM_seg_126.wav,data/interim/segmented_clean_relaxed/stuttering/2mVwQPdoIxM_seg_126.wav,2mVwQPdoIxM,126,stuttering,clean_pool,29e0ee22ea3f69caa96fdabd340644e71088f1c71ba7bb7976deb0d4c8255ac8,16000,1,2,48000,3.0,-29.48,0.5117,0.0
2mVwQPdoIxM_seg_127.wav,data/interim/segmented_clean_relaxed/stuttering/2mVwQPdoIxM_seg_127.wav,2mVwQPdoIxM,127,stuttering,clean_pool,25528eeb501fcdd8c35be69d9a78228fb49033ffca3180cc508c277ea12d772b,16000,1,2,48000,3.0,-27.99,0.4226,0.0
2mVwQPdoIxM_seg_128.wav,data/interim/segmented_clean_relaxed/stuttering/2mVwQPdoIxM_seg_128.wav,2mVwQPdoIxM,128,stuttering,clean_pool,10e295955c34dc2ff2634921833ad7737e819ac68a0ae55ff343907cbbe26d2f,16000,1,2,41360,2.585,-26.69,0.169,0.0
3Rz18q3p-zY_seg_000.wav,data/interim/segmented_clean_relaxed/stuttering/3Rz18q3p-zY_seg_000.wav,3Rz18q3p-zY,000,stuttering,clean_pool,85614786ea36b074df68301ba954c60cadf11fb3e4b3cc0b57f8b705016112f7,16000,1,2,48000,3.0,-18.25,0.3817,0.0
3Rz18q3p-zY_seg_001.wav,data/interim/segmented_clean_relaxed/stuttering/3Rz18q3p-zY_seg_001.wav,3Rz18q3p-zY,001,stuttering,clean_pool,61ac258f32c34b73290d8c484260a406c0d24022acf28d9f410b6c5fc8edd244,16000,1,2,48000,3.0,-25.51,0.5949,0.0
3Rz18q3p-zY_seg_002.wav,data/interim/segmented_clean_relaxed/stuttering/3Rz18q3p-zY_seg_002.wav,3Rz18q3p-zY,002,stuttering,clean_pool,01174fd5c3bb0862b18ce1687ebb60550ffe1bbb64bf1b441821b07837d067ab,16000,1,2,48000,3.0,-18.64,0.4403,0.0
3Rz18q3p-zY_seg_003.wav,data/interim/segmented_clean_relaxed/stuttering/3Rz18q3p-zY_seg_003.wav,3Rz18q3p-zY,003,stuttering,clean_pool,09d32bab732ae5ff18c036e52bd35547b4fd13566d0d35217498b61c4dfeba95,16000,1,2,48000,3.0,-25.77,0.5831,0.0
3Rz18q3p-zY_seg_004.wav,data/interim/segmented_clean_relaxed/stuttering/3Rz18q3p-zY_seg_004.wav,3Rz18q3p-zY,004,stuttering,clean_pool,0ab5552ecce11ead46160d9e063e16d17df64c37b4df6f55d68f4be0e8bbe6eb,16000,1,2,48000,3.0,-23.41,0.572,0.0
3Rz18q3p-zY_seg_005.wav,data/interim/segmented_clean_relaxed/stuttering/3Rz18q3p-zY_seg_005.wav,3Rz18q3p-zY,005,stuttering,clean_pool,b4917458aa4fffc1561c524d39cf6cc55d42ffe80201e2ba8a2c6b6a790de10d,16000,1,2,48000,3.0,-23.26,0.5027,0.0
3Rz18q3p-zY_seg_006.wav,data/interim/segmented_clean_relaxed/stuttering/3Rz18q3p-zY_seg_006.wav,3Rz18q3p-zY,006,stuttering,clean_pool,44b4b3e4af08d74a727dddbaa19b55a6061741febb73217d85e8524bbd9f5606,16000,1,2,48000,3.0,-22.53,0.3264,0.0
7066910146110393646_seg_000.wav,data/interim/segmented_clean_relaxed/stuttering/7066910146110393646_seg_000.wav,7066910146110393646,000,stuttering,clean_pool,e0ef7670f480c9bd90bc1a2bdec109ccae63e04baf474251d365e1a78e3c4afd,16000,1,2,48000,3.0,-28.73,0.2259,0.0
7066910146110393646_seg_001.wav,data/interim/segmented_clean_relaxed/stuttering/7066910146110393646_seg_001.wav,7066910146110393646,001,stuttering,clean_pool,f5b9f396685123dd07f462b51b098dc672100e055047fe95d8cf9d6ecfaf2dfd,16000,1,2,48000,3.0,-32.04,0.2791,0.0
7066910146110393646_seg_002.wav,data/interim/segmented_clean_relaxed/stuttering/7066910146110393646_seg_002.wav,7066910146110393646,002,stuttering,clean_pool,97fff1813d48f4d71d184f92d622a12db4d06430e91271811eab8813269adcbd,16000,1,2,48000,3.0,-29.64,0.5628,0.0
7066910146110393646_seg_003.wav,data/interim/segmented_clean_relaxed/stuttering/7066910146110393646_seg_003.wav,7066910146110393646,003,stuttering,clean_pool,a383a2d0ad57641d8802e84bde63f501ded7e53344ba1924f196a0749af3d35c,16000,1,2,48000,3.0,-29.25,0.4712,0.0
7066910146110393646_seg_004.wav,data/interim/segmented_clean_relaxed/stuttering/7066910146110393646_seg_004.wav,7066910146110393646,004,stuttering,clean_pool,e2b05d468b4eeb8423cb95cc9bcaf43a6b128d4032b36828219961b5781e662e,16000,1,2,48000,3.0,-30.21,0.2801,0.0
7066910146110393646_seg_005.wav,data/interim/segmented_clean_relaxed/stuttering/7066910146110393646_seg_005.wav,7066910146110393646,005,stuttering,clean_pool,67bc7796e76cffd6799ac943e78a1d3834a3ac80dcb90d3576b8ae55dbdc7636,16000,1,2,48000,3.0,-30.59,0.5344,0.0
7066910146110393646_seg_006.wav,data/interim/segmented_clean_relaxed/stuttering/7066910146110393646_seg_006.wav,7066910146110393646,006,stuttering,clean_pool,98d232f14f6557c7ef75f150589fd4a06cbaf324b0bdc57d2ba0aab0e5c0b4a1,16000,1,2,48000,3.0,-32.43,0.563,0.0
7066910146110393646_seg_007.wav,data/interim/segmented_clean_relaxed/stuttering/7066910146110393646_seg_007.wav,7066910146110393646,007,stuttering,clean_pool,ed9cbb52af7a64fa70733cb204c4c6d13ea7c08789545a5e32a8e693009e0b05,16000,1,2,48000,3.0,-31.39,0.4776,0.0
7066910146110393646_seg_008.wav,data/interim/segmented_clean_relaxed/stuttering/7066910146110393646_seg_008.wav,7066910146110393646,008,stuttering,clean_pool,6e1141aaa0380a51792950ffc2862bc4c0e5d32a7f9b2958ea21669233be57f1,16000,1,2,48000,3.0,-34.08,0.6066,0.0
7066910146110393646_seg_009.wav,data/interim/segmented_clean_relaxed/stuttering/7066910146110393646_seg_009.wav,7066910146110393646,009,stuttering,clean_pool,3f201882ee75addfbc7c5a675ce2b9c568430c53bd143d75807deef8aacd5434,16000,1,2,48000,3.0,-28.76,0.4139,0.0
7066910146110393646_seg_010.wav,data/interim/segmented_clean_relaxed/stuttering/7066910146110393646_seg_010.wav,7066910146110393646,010,stuttering,clean_pool,244efe364ca4c2011208b0d6148d23f044b7c4bff7ff346a36638215664d0781,16000,1,2,48000,3.0,-32.22,0.4512,0.0
7066910146110393646_seg_011.wav,data/interim/segmented_clean_relaxed/stuttering/7066910146110393646_seg_011.wav,7066910146110393646,011,stuttering,clean_pool,1cbefb50a66b4502cf98602b5f0d5dcda649b34e428ddb8761e6d130c66cb985,16000,1,2,48000,3.0,-23.74,0.1935,0.0
7066910146110393646_seg_012.wav,data/interim/segmented_clean_relaxed/stuttering/7066910146110393646_seg_012.wav,7066910146110393646,012,stuttering,clean_pool,9d65dfa0d85b0d0b268ad024b8b9fdfc1d82f3de70e00a81bb495c9e027fa531,16000,1,2,48000,3.0,-29.62,0.5876,0.0
7066910146110393646_seg_013.wav,data/interim/segmented_clean_relaxed/stuttering/7066910146110393646_seg_013.wav,7066910146110393646,013,stuttering,clean_pool,cdee0ed3c1a1286ba5fbd5b9374b75f3a360e300031a37ea153e70276f62a1e9,16000,1,2,48000,3.0,-28.69,0.5756,0.0
7066910146110393646_seg_014.wav,data/interim/segmented_clean_relaxed/stuttering/7066910146110393646_seg_014.wav,7066910146110393646,014,stuttering,clean_pool,33a4b11ecc490df34c26dd10785130a603e8541410948c37705e3122e1c88b61,16000,1,2,48000,3.0,-32.18,0.6626,0.0
7066910146110393646_seg_015.wav,data/interim/segmented_clean_relaxed/stuttering/7066910146110393646_seg_015.wav,7066910146110393646,015,stuttering,clean_pool,beed35268da09a19d931623c14a22a8b66a95bd320113f87ac466871c6f069ce,16000,1,2,48000,3.0,-30.82,0.5618,0.0
7066910146110393646_seg_016.wav,data/interim/segmented_clean_relaxed/stuttering/7066910146110393646_seg_016.wav,7066910146110393646,016,stuttering,clean_pool,ff212c6f49dde0a37c8e46294adc2e651345a17773b48421abac7cd514340c4c,16000,1,2,48000,3.0,-29.43,0.4779,0.0
7066910146110393646_seg_017.wav,data/interim/segmented_clean_relaxed/stuttering/7066910146110393646_seg_017.wav,7066910146110393646,017,stuttering,clean_pool,9d96f37d7a39ed727d2f53f36d2507c75b5a87a1821797e740e23e0764fb0ad9,16000,1,2,48000,3.0,-29.28,0.5977,0.0
7066910146110393646_seg_018.wav,data/interim/segmented_clean_relaxed/stuttering/7066910146110393646_seg_018.wav,7066910146110393646,018,stuttering,clean_pool,353a993bb5a0e196eb2b29941fda7ba76d9327ae0235b2eb91bdc019eca271ec,16000,1,2,48000,3.0,-27.81,0.5549,0.0
7066910146110393646_seg_019.wav,data/interim/segmented_clean_relaxed/stuttering/7066910146110393646_seg_019.wav,7066910146110393646,019,stuttering,clean_pool,455ff18ec817604bbc20b46b2c1ec8ead86cb6fc62169a013f98bac9bbe82a4d,16000,1,2,48000,3.0,-27.56,0.5092,0.0
7066910146110393646_seg_020.wav,data/interim/segmented_clean_relaxed/stuttering/7066910146110393646_seg_020.wav,7066910146110393646,020,stuttering,clean_pool,4ccd556803ab763fc603feb6f04c12184ca2bcf5f335608dd588a46eeac0ff6c,16000,1,2,48000,3.0,-29.21,0.5296,0.0
7066910146110393646_seg_021.wav,data/interim/segmented_clean_relaxed/stuttering/7066910146110393646_seg_021.wav,7066910146110393646,021,stuttering,clean_pool,6f07017ce24ba272d81493512d6521c8b8d52c29ec4359df5d3139b7f621e195,16000,1,2,48000,3.0,-28.51,0.4768,0.0
7066910146110393646_seg_022.wav,data/interim/segmented_clean_relaxed/stuttering/7066910146110393646_seg_022.wav,7066910146110393646,022,stuttering,clean_pool,e0db7aa545d1cc70879445ff756d452fbca0fad56258f798ba2f16b6780a3b87,16000,1,2,48000,3.0,-31.43,0.5954,0.0
7066910146110393646_seg_023.wav,data/interim/segmented_clean_relaxed/stuttering/7066910146110393646_seg_023.wav,7066910146110393646,023,stuttering,clean_pool,2e1becc0936aa83d8cb133335b381cafeb8161938d19868025d2ac971a4388e5,16000,1,2,48000,3.0,-27.91,0.4345,0.0
7066910146110393646_seg_024.wav,data/interim/segmented_clean_relaxed/stuttering/7066910146110393646_seg_024.wav,7066910146110393646,024,stuttering,clean_pool,86828062833a1dc62449dd67583012e9b5aa37a7807aca0eb4d1102d14c7d8b0,16000,1,2,48000,3.0,-27.86,0.608,0.0
7066910146110393646_seg_025.wav,data/interim/segmented_clean_relaxed/stuttering/7066910146110393646_seg_025.wav,7066910146110393646,025,stuttering,clean_pool,412c2aed6164c36042fd7a7089772d5bdda9882ec2c2d6cbae59c7f939066b22,16000,1,2,48000,3.0,-30.76,0.5155,0.0
7066910146110393646_seg_026.wav,data/interim/segmented_clean_relaxed/stuttering/7066910146110393646_seg_026.wav,7066910146110393646,026,stuttering,clean_pool,3a29c47e4e7f86c8212c5909fdf466c936b028534386654a01df929858775ba3,16000,1,2,48000,3.0,-31.59,0.5746,0.0
7066910146110393646_seg_027.wav,data/interim/segmented_clean_relaxed/stuttering/7066910146110393646_seg_027.wav,7066910146110393646,027,stuttering,clean_pool,74f06d4c6cd7ec35c03e76fd0ff20002983e50e87c4cd866c2115fc5765524f8,16000,1,2,48000,3.0,-29.49,0.5304,0.0
7066910146110393646_seg_028.wav,data/interim/segmented_clean_relaxed/stuttering/7066910146110393646_seg_028.wav,7066910146110393646,028,stuttering,clean_pool,82ef74b3568f6063994a7bfecaf43914cd80bc0a6ed12ebaeaec5c1ff78cd7db,16000,1,2,48000,3.0,-28.29,0.3802,0.0
7066910146110393646_seg_029.wav,data/interim/segmented_clean_relaxed/stuttering/7066910146110393646_seg_029.wav,7066910146110393646,029,stuttering,clean_pool,62c87828951e1f32f92d210cd1934d83113156e3cede4dab79607ab5b329043e,16000,1,2,48000,3.0,-28.92,0.4391,0.0
7066910146110393646_seg_030.wav,data/interim/segmented_clean_relaxed/stuttering/7066910146110393646_seg_030.wav,7066910146110393646,030,stuttering,clean_pool,11205bfcb3d07cf626effdcc6d4010d77aad4091f982dbff4344aba5ec80e7e6,16000,1,2,48000,3.0,-27.47,0.4317,0.0
7066910146110393646_seg_031.wav,data/interim/segmented_clean_relaxed/stuttering/7066910146110393646_seg_031.wav,7066910146110393646,031,stuttering,clean_pool,a20705eff98fa59558ec342084032aa0b21b6da0aa98ae30fd564bda37052158,16000,1,2,48000,3.0,-30.29,0.4573,0.0
7066910146110393646_seg_032.wav,data/interim/segmented_clean_relaxed/stuttering/7066910146110393646_seg_032.wav,7066910146110393646,032,stuttering,clean_pool,fd89613c588853d0eeaadc0f951a67751fa85d3a211aa7dc339caaba4ddadb18,16000,1,2,45360,2.835,-33.6,0.5941,0.0
7097605874394385670_seg_000.wav,data/interim/segmented_clean_relaxed/stuttering/7097605874394385670_seg_000.wav,7097605874394385670,000,stuttering,clean_pool,2abf1690deaa06f7d4c74384ce9ba9e4e3ac38965134d3b468e652f8a2032f35,16000,1,2,48000,3.0,-21.69,0.5639,0.0
7097605874394385670_seg_001.wav,data/interim/segmented_clean_relaxed/stuttering/7097605874394385670_seg_001.wav,7097605874394385670,001,stuttering,clean_pool,b25cbc598546757b749de022b858cf730761c3b80da1242f3c7a05f719ec01b9,16000,1,2,48000,3.0,-27.76,0.5778,0.0
7097605874394385670_seg_003.wav,data/interim/segmented_clean_relaxed/stuttering/7097605874394385670_seg_003.wav,7097605874394385670,003,stuttering,clean_pool,ade7a237beeb64529a22ae7aeff3aae6f2bcb1e687acc09e34907c1f439c2709,16000,1,2,48000,3.0,-18.73,0.412,0.0
7097605874394385670_seg_004.wav,data/interim/segmented_clean_relaxed/stuttering/7097605874394385670_seg_004.wav,7097605874394385670,004,stuttering,clean_pool,a01095cc44da165a2e22db8bb111616e99ba4b92bc55c158ac5c4c7b04584bc8,16000,1,2,48000,3.0,-30.71,0.7527,0.0
7097605874394385670_seg_006.wav,data/interim/segmented_clean_relaxed/stuttering/7097605874394385670_seg_006.wav,7097605874394385670,006,stuttering,clean_pool,770f12e7cbf777253a2640e9d478aa73e68f9b8e4690e776f64b3ec258f12c95,16000,1,2,48000,3.0,-24.37,0.4122,0.0
7097605874394385670_seg_008.wav,data/interim/segmented_clean_relaxed/stuttering/7097605874394385670_seg_008.wav,7097605874394385670,008,stuttering,clean_pool,ee4859d991fa86a4874798c824745f71fb81b1be06db7960fcf3929d853a2530,16000,1,2,48000,3.0,-34.75,0.738,0.0
7097605874394385670_seg_009.wav,data/interim/segmented_clean_relaxed/stuttering/7097605874394385670_seg_009.wav,7097605874394385670,009,stuttering,clean_pool,5a778b8d17db07cd81157761dc968904273352c246e38d8f395acdb9b393af89,16000,1,2,48000,3.0,-25.48,0.5792,0.0
7097605874394385670_seg_010.wav,data/interim/segmented_clean_relaxed/stuttering/7097605874394385670_seg_010.wav,7097605874394385670,010,stuttering,clean_pool,638790be58b64bbef054b84869fabdacfe6aec0c8b6b0183e642b642201274b9,16000,1,2,48000,3.0,-26.2,0.4258,0.0
7097605874394385670_seg_011.wav,data/interim/segmented_clean_relaxed/stuttering/7097605874394385670_seg_011.wav,7097605874394385670,011,stuttering,clean_pool,4c88cd7186ab3f991ae327f102d4d72ca6835986a892ced2762830858dd4f64d,16000,1,2,48000,3.0,-29.52,0.5231,0.0
7097605874394385670_seg_012.wav,data/interim/segmented_clean_relaxed/stuttering/7097605874394385670_seg_012.wav,7097605874394385670,012,stuttering,clean_pool,b7d08ee7149f72b0f9b2c49a3fa2c02f0781056e1e2d6246cd083d5d69615a5f,16000,1,2,48000,3.0,-33.89,0.7219,0.0
7097605874394385670_seg_014.wav,data/interim/segmented_clean_relaxed/stuttering/7097605874394385670_seg_014.wav,7097605874394385670,014,stuttering,clean_pool,31a9e18a952dd4bd86d5ba5b06b6e6b9db2f1b3f2923774adac05c88b4697665,16000,1,2,48000,3.0,-19.94,0.3049,0.0
7097605874394385670_seg_016.wav,data/interim/segmented_clean_relaxed/stuttering/7097605874394385670_seg_016.wav,7097605874394385670,016,stuttering,clean_pool,136b39e3b29a65f6c2607688f6ddb86cb702e3ddfbb8c2ae79879e3b2ba73201,16000,1,2,48000,3.0,-19.12,0.3904,0.0
7097605874394385670_seg_017.wav,data/interim/segmented_clean_relaxed/stuttering/7097605874394385670_seg_017.wav,7097605874394385670,017,stuttering,clean_pool,4db2b529f64f6f2cef1b43cecd0ac083606037d95e5030b62877b8a7d7cf2684,16000,1,2,48000,3.0,-20.55,0.5649,0.0
7097605874394385670_seg_018.wav,data/interim/segmented_clean_relaxed/stuttering/7097605874394385670_seg_018.wav,7097605874394385670,018,stuttering,clean_pool,f68ba9b4f3f079bc2356246ebd4d57aef81380b73147b8a8a30be03cfd2cede6,16000,1,2,48000,3.0,-26.08,0.7284,0.0
7097605874394385670_seg_021.wav,data/interim/segmented_clean_relaxed/stuttering/7097605874394385670_seg_021.wav,7097605874394385670,021,stuttering,clean_pool,1caa3e8088fc2a90d6e8ee6c8d0cde0fd64bd8f93df961bf51f8ae597e53b07d,16000,1,2,48000,3.0,-23.35,0.5898,0.0
7097605874394385670_seg_022.wav,data/interim/segmented_clean_relaxed/stuttering/7097605874394385670_seg_022.wav,7097605874394385670,022,stuttering,clean_pool,64c988048ff908ee1f9dac3d7eb14c96023a52cde75d47faeb4012bc3c0177bd,16000,1,2,48000,3.0,-25.76,0.7227,0.0
7097605874394385670_seg_023.wav,data/interim/segmented_clean_relaxed/stuttering/7097605874394385670_seg_023.wav,7097605874394385670,023,stuttering,clean_pool,bb3367a842a8699bcb16eaaf89d6caf2a2dc501ff7e69054edbe059f9751e786,16000,1,2,48000,3.0,-24.75,0.6001,0.0
7097605874394385670_seg_024.wav,data/interim/segmented_clean_relaxed/stuttering/7097605874394385670_seg_024.wav,7097605874394385670,024,stuttering,clean_pool,5167eec9284e0b7c70577e2df1410b0822bd099ad31c4638d281c83a38c6a240,16000,1,2,48000,3.0,-25.42,0.5643,0.0
7097605874394385670_seg_025.wav,data/interim/segmented_clean_relaxed/stuttering/7097605874394385670_seg_025.wav,7097605874394385670,025,stuttering,clean_pool,98893a00e94a67614c62434eaf24c7aa9fd0ca05c3b0dbaff04ca9406cdf0b81,16000,1,2,48000,3.0,-28.67,0.7711,0.0
7097605874394385670_seg_026.wav,data/interim/segmented_clean_relaxed/stuttering/7097605874394385670_seg_026.wav,7097605874394385670,026,stuttering,clean_pool,aa52e96ee31309181f84dbd2a14977fb5aefe46b116bd235e9aa5937441588a6,16000,1,2,48000,3.0,-19.8,0.3962,0.0
7097605874394385670_seg_027.wav,data/interim/segmented_clean_relaxed/stuttering/7097605874394385670_seg_027.wav,7097605874394385670,027,stuttering,clean_pool,dfd29acef4568bc4d6c7c1ac603d922390c93768c818570aa30d754d69462433,16000,1,2,48000,3.0,-27.58,0.6971,0.0
7097605874394385670_seg_029.wav,data/interim/segmented_clean_relaxed/stuttering/7097605874394385670_seg_029.wav,7097605874394385670,029,stuttering,clean_pool,e90124e274e1b87a0dc086badc686838467c698efeb0171ecf6e16f17aaa5ff7,16000,1,2,48000,3.0,-25.25,0.5542,0.0
7097605874394385670_seg_030.wav,data/interim/segmented_clean_relaxed/stuttering/7097605874394385670_seg_030.wav,7097605874394385670,030,stuttering,clean_pool,282ec73ca88cfada3ed14d9b043222a69e81ff423ccc2374096fe80cf143a2d3,16000,1,2,48000,3.0,-28.84,0.7141,0.0
7097605874394385670_seg_031.wav,data/interim/segmented_clean_relaxed/stuttering/7097605874394385670_seg_031.wav,7097605874394385670,031,stuttering,clean_pool,8ab5ec9181a2b84432b3e9d6ddc4f3a3a00219abffc75085a6a7d8d135fe0c26,16000,1,2,48000,3.0,-27.45,0.7801,0.0
7097605874394385670_seg_032.wav,data/interim/segmented_clean_relaxed/stuttering/7097605874394385670_seg_032.wav,7097605874394385670,032,stuttering,clean_pool,29d4dedc674e792cae5d4ad5521cbab6bd7f091e04181e4007853c55bc02b0fe,16000,1,2,48000,3.0,-30.49,0.6753,0.0
7097605874394385670_seg_033.wav,data/interim/segmented_clean_relaxed/stuttering/7097605874394385670_seg_033.wav,7097605874394385670,033,stuttering,clean_pool,7ba9b296085e081aca432947aee22dc7e69df43b59f8a587e5d2fdcf33a174c2,16000,1,2,48000,3.0,-23.78,0.4408,0.0
7097605874394385670_seg_035.wav,data/interim/segmented_clean_relaxed/stuttering/7097605874394385670_seg_035.wav,7097605874394385670,035,stuttering,clean_pool,7ccd05f7dbd0e7d1640371403540cc77d1029b3ce3d06a9083e4c1ef13e865c0,16000,1,2,48000,3.0,-23.15,0.5604,0.0
7097605874394385670_seg_036.wav,data/interim/segmented_clean_relaxed/stuttering/7097605874394385670_seg_036.wav,7097605874394385670,036,stuttering,clean_pool,7b83a7355e6d4ebaf9323e48d8720f36bd9acf31c1ebac934920fcf0429acd00,16000,1,2,48000,3.0,-29.04,0.5782,0.0
7097605874394385670_seg_037.wav,data/interim/segmented_clean_relaxed/stuttering/7097605874394385670_seg_037.wav,7097605874394385670,037,stuttering,clean_pool,2fcf5c057f50accca0b131020872814a20209ff4d26f9d1c97097bf662d61818,16000,1,2,48000,3.0,-29.67,0.6659,0.0
7097605874394385670_seg_038.wav,data/interim/segmented_clean_relaxed/stuttering/7097605874394385670_seg_038.wav,7097605874394385670,038,stuttering,clean_pool,a691c851d25a35118c276cf243bacad697c8e181598114364ad82f9349735f94,16000,1,2,48000,3.0,-24.82,0.664,0.0
7097605874394385670_seg_039.wav,data/interim/segmented_clean_relaxed/stuttering/7097605874394385670_seg_039.wav,7097605874394385670,039,stuttering,clean_pool,adb099d68b28b3b4a0551a85537a903739685c2cd2b53db924ded6e5c7259909,16000,1,2,48000,3.0,-20.03,0.6251,0.0
7097605874394385670_seg_040.wav,data/interim/segmented_clean_relaxed/stuttering/7097605874394385670_seg_040.wav,7097605874394385670,040,stuttering,clean_pool,d3721d9dae49636d3b0e38f1427ab0f09c7292fbb35ed7a9ddf1bf30e520de7e,16000,1,2,48000,3.0,-31.69,0.6948,0.0
7097605874394385670_seg_041.wav,data/interim/segmented_clean_relaxed/stuttering/7097605874394385670_seg_041.wav,7097605874394385670,041,stuttering,clean_pool,016cc9b9985f08c19546c6e235e2d465554c0c4250487862a15e52ac61d838b4,16000,1,2,48000,3.0,-23.19,0.5075,0.0
7097605874394385670_seg_042.wav,data/interim/segmented_clean_relaxed/stuttering/7097605874394385670_seg_042.wav,7097605874394385670,042,stuttering,clean_pool,17340e698e80898509ca6b430ad5dc856f3b30dda5837327bee97186c1b09eef,16000,1,2,48000,3.0,-25.28,0.6061,0.0
7097605874394385670_seg_043.wav,data/interim/segmented_clean_relaxed/stuttering/7097605874394385670_seg_043.wav,7097605874394385670,043,stuttering,clean_pool,b091b3ce01483ead62f696c2e39b6c42ab4252d5c3ad8fe7946875aefa45a53c,16000,1,2,48000,3.0,-23.11,0.4125,0.0
7189742740425542955_seg_000.wav,data/interim/segmented_clean_relaxed/stuttering/7189742740425542955_seg_000.wav,7189742740425542955,000,stuttering,clean_pool,47b39f019693869c8e7c72cd7bb4076af8cfa28603eaec9242f6b4dc2068779a,16000,1,2,48000,3.0,-27.41,0.2014,0.0
7189742740425542955_seg_001.wav,data/interim/segmented_clean_relaxed/stuttering/7189742740425542955_seg_001.wav,7189742740425542955,001,stuttering,clean_pool,95273a9d1c2d5c4c5f0bc77d111097bf82e26ed9e1a5ee214f40458fbb8ee23b,16000,1,2,48000,3.0,-27.18,0.264,0.0
7189742740425542955_seg_002.wav,data/interim/segmented_clean_relaxed/stuttering/7189742740425542955_seg_002.wav,7189742740425542955,002,stuttering,clean_pool,12f350e2b89921fd688184ffe38fc144ccbab3a8f8f733fd01e78748fa576820,16000,1,2,48000,3.0,-27.39,0.3703,0.0
7189742740425542955_seg_003.wav,data/interim/segmented_clean_relaxed/stuttering/7189742740425542955_seg_003.wav,7189742740425542955,003,stuttering,clean_pool,6a82dd8f6048ca28bd4050705ccadac84b213418073d60399affb13a12ec5227,16000,1,2,48000,3.0,-28.06,0.5059,0.0
7189742740425542955_seg_004.wav,data/interim/segmented_clean_relaxed/stuttering/7189742740425542955_seg_004.wav,7189742740425542955,004,stuttering,clean_pool,b65f2302daf0d101e10979d942394a187a94ec12b40e9c6eea39ae78416a9c74,16000,1,2,48000,3.0,-24.16,0.496,0.0
7189742740425542955_seg_005.wav,data/interim/segmented_clean_relaxed/stuttering/7189742740425542955_seg_005.wav,7189742740425542955,005,stuttering,clean_pool,53cfdd8e04f24c642f40855a4486deac192165986a3ce9360f457f49839b9f34,16000,1,2,48000,3.0,-28.68,0.4565,0.0
7189742740425542955_seg_006.wav,data/interim/segmented_clean_relaxed/stuttering/7189742740425542955_seg_006.wav,7189742740425542955,006,stuttering,clean_pool,0a6e1e081cfad73973ac4c28647f9307378b4a6a85eef20ba16fac1eed838375,16000,1,2,48000,3.0,-27.01,0.678,0.0
7189742740425542955_seg_007.wav,data/interim/segmented_clean_relaxed/stuttering/7189742740425542955_seg_007.wav,7189742740425542955,007,stuttering,clean_pool,d246b7412695fe56e20cb60c1b121163878f2015afb26dc29180cf6f303c7be6,16000,1,2,48000,3.0,-32.92,0.4973,0.0
7189742740425542955_seg_008.wav,data/interim/segmented_clean_relaxed/stuttering/7189742740425542955_seg_008.wav,7189742740425542955,008,stuttering,clean_pool,190970023e8fb5f323bb96dafcd5fa0258a3443a371d6374c9eb59db7dc86b8c,16000,1,2,48000,3.0,-25.93,0.3426,0.0
7189742740425542955_seg_009.wav,data/interim/segmented_clean_relaxed/stuttering/7189742740425542955_seg_009.wav,7189742740425542955,009,stuttering,clean_pool,ba0a854d7cb216be0a256ae53167b65472d22beb075a6d2feb643cf7a8b11cea,16000,1,2,48000,3.0,-24.07,0.1895,0.0
7189742740425542955_seg_010.wav,data/interim/segmented_clean_relaxed/stuttering/7189742740425542955_seg_010.wav,7189742740425542955,010,stuttering,clean_pool,8c18f041474756fc52b4fbf99f076d44745bb101622494672e12e0f8699cff25,16000,1,2,48000,3.0,-22.56,0.2561,0.0
7189742740425542955_seg_011.wav,data/interim/segmented_clean_relaxed/stuttering/7189742740425542955_seg_011.wav,7189742740425542955,011,stuttering,clean_pool,04503bd147509c6f9c83a7a7f4ab604dde60405d0aeee4e26d6463601cea581f,16000,1,2,48000,3.0,-23.69,0.4583,0.0
7189742740425542955_seg_012.wav,data/interim/segmented_clean_relaxed/stuttering/7189742740425542955_seg_012.wav,7189742740425542955,012,stuttering,clean_pool,4e9058369a52a0a9fc84dc74218dd86e07190c4554bf090a5b2671cd99dc4dd4,16000,1,2,48000,3.0,-23.98,0.4261,0.0
7189742740425542955_seg_013.wav,data/interim/segmented_clean_relaxed/stuttering/7189742740425542955_seg_013.wav,7189742740425542955,013,stuttering,clean_pool,4c6a31bf780ea7c548546a81ad9b1d3376032508c84f61ef2913a11a7fa358e6,16000,1,2,48000,3.0,-23.06,0.2822,0.0
7189742740425542955_seg_014.wav,data/interim/segmented_clean_relaxed/stuttering/7189742740425542955_seg_014.wav,7189742740425542955,014,stuttering,clean_pool,31b32df271ff33fcaf30ecaba65be0338fc0c393decdb04c26c483dbfe127fe2,16000,1,2,48000,3.0,-25.1,0.6506,0.0
7189742740425542955_seg_015.wav,data/interim/segmented_clean_relaxed/stuttering/7189742740425542955_seg_015.wav,7189742740425542955,015,stuttering,clean_pool,a9f093aea155e08b63718420a88e1682c99f713518c85e2a265079dce81bcc68,16000,1,2,48000,3.0,-21.84,0.4973,0.0
7189742740425542955_seg_016.wav,data/interim/segmented_clean_relaxed/stuttering/7189742740425542955_seg_016.wav,7189742740425542955,016,stuttering,clean_pool,9908e5c7eb815375653d913bf4f963f33942959df058d391c3746d7897a36019,16000,1,2,48000,3.0,-26.85,0.1417,0.0
7189742740425542955_seg_017.wav,data/interim/segmented_clean_relaxed/stuttering/7189742740425542955_seg_017.wav,7189742740425542955,017,stuttering,clean_pool,3e44441036a4278824a8737e2118d129e496283136d7884b600e05fe79f230e9,16000,1,2,48000,3.0,-23.41,0.1883,0.0
7189742740425542955_seg_018.wav,data/interim/segmented_clean_relaxed/stuttering/7189742740425542955_seg_018.wav,7189742740425542955,018,stuttering,clean_pool,803e64bd3780963c77d7c8cd507453411522361ce36579771d0e490c4ca445e6,16000,1,2,48000,3.0,-27.71,0.1633,0.0
7189742740425542955_seg_019.wav,data/interim/segmented_clean_relaxed/stuttering/7189742740425542955_seg_019.wav,7189742740425542955,019,stuttering,clean_pool,dd998a41c3ccaea8c35afcf748a8a68294d192c9bff73308d333ee02de3e40ec,16000,1,2,48000,3.0,-26.35,0.4996,0.0
7189742740425542955_seg_020.wav,data/interim/segmented_clean_relaxed/stuttering/7189742740425542955_seg_020.wav,7189742740425542955,020,stuttering,clean_pool,1130223af97f6e3ec2a3fd5fd231aefab00efc3ece10cc7396e20fbed16f7feb,16000,1,2,48000,3.0,-22.67,0.2867,0.0
7189742740425542955_seg_021.wav,data/interim/segmented_clean_relaxed/stuttering/7189742740425542955_seg_021.wav,7189742740425542955,021,stuttering,clean_pool,7e2343d45528f313acf47f154c6bfbbf776cd11af8829d3d629cd56790a0e7a4,16000,1,2,48000,3.0,-22.98,0.3338,0.0
7189742740425542955_seg_022.wav,data/interim/segmented_clean_relaxed/stuttering/7189742740425542955_seg_022.wav,7189742740425542955,022,stuttering,clean_pool,1725985086be745966aca18c9242fdca7cadb6aaae5e5b28f71060d455ffd64d,16000,1,2,48000,3.0,-24.12,0.4294,0.0
7189742740425542955_seg_023.wav,data/interim/segmented_clean_relaxed/stuttering/7189742740425542955_seg_023.wav,7189742740425542955,023,stuttering,clean_pool,6a3f8d9c5f44d39cb3e6b8979e0169a97a417aa93ac344b459fa66644d2d15f2,16000,1,2,48000,3.0,-25.79,0.2597,0.0
7189742740425542955_seg_024.wav,data/interim/segmented_clean_relaxed/stuttering/7189742740425542955_seg_024.wav,7189742740425542955,024,stuttering,clean_pool,8ca22b48a334c4844a8488c32124aa421bc9272df8ab1b5fc276b3c7060e9d8f,16000,1,2,48000,3.0,-27.79,0.6798,0.0
7189742740425542955_seg_025.wav,data/interim/segmented_clean_relaxed/stuttering/7189742740425542955_seg_025.wav,7189742740425542955,025,stuttering,clean_pool,3e516737cb8f4ad711cf7ce480c9c8acddec7ea98b3f5365aeabb6f0f5869fff,16000,1,2,48000,3.0,-22.09,0.3955,0.0
7189742740425542955_seg_026.wav,data/interim/segmented_clean_relaxed/stuttering/7189742740425542955_seg_026.wav,7189742740425542955,026,stuttering,clean_pool,3d5aa0e8dda3e848c206e06a9b6f4f25aa67a5abb2972bfad64d81d83a2f4db6,16000,1,2,48000,3.0,-28.51,0.6215,0.0
7189742740425542955_seg_027.wav,data/interim/segmented_clean_relaxed/stuttering/7189742740425542955_seg_027.wav,7189742740425542955,027,stuttering,clean_pool,5a0ee03d54753e806077ca2c72c1d43898f71812e513ca1fa4ec775618d70e9a,16000,1,2,48000,3.0,-25.85,0.3878,0.0
7189742740425542955_seg_028.wav,data/interim/segmented_clean_relaxed/stuttering/7189742740425542955_seg_028.wav,7189742740425542955,028,stuttering,clean_pool,11237f32519b99b10aa5117d6d8b4da6d5b6e16ccdf750da9547f7bcc69b67c1,16000,1,2,48000,3.0,-24.65,0.2554,0.0
7189742740425542955_seg_029.wav,data/interim/segmented_clean_relaxed/stuttering/7189742740425542955_seg_029.wav,7189742740425542955,029,stuttering,clean_pool,6d11c4926a8e863a72578f500e370ce183a46170fd3273fbe5415e16c7d82410,16000,1,2,48000,3.0,-29.39,0.4689,0.0
7189742740425542955_seg_030.wav,data/interim/segmented_clean_relaxed/stuttering/7189742740425542955_seg_030.wav,7189742740425542955,030,stuttering,clean_pool,3c4a024d625ff2b35bd9f358e4161d12db8688b6d4acbddb65bbb1908f102f22,16000,1,2,48000,3.0,-24.62,0.4081,0.0
7189742740425542955_seg_031.wav,data/interim/segmented_clean_relaxed/stuttering/7189742740425542955_seg_031.wav,7189742740425542955,031,stuttering,clean_pool,025d607dea7cdbda43c7901667a674039e97d5dcf753c65927c1e5d7a460b9a4,16000,1,2,48000,3.0,-24.65,0.2712,0.0
7189742740425542955_seg_032.wav,data/interim/segmented_clean_relaxed/stuttering/7189742740425542955_seg_032.wav,7189742740425542955,032,stuttering,clean_pool,8906aa15ac550d2ce3784be0bdfd19ce056a884f1e706798cd28d2af2df786ec,16000,1,2,48000,3.0,-25.46,0.37,0.0
7189742740425542955_seg_033.wav,data/interim/segmented_clean_relaxed/stuttering/7189742740425542955_seg_033.wav,7189742740425542955,033,stuttering,clean_pool,cd6f6050539ccde85fd4485aad925e763a06a9654db96a0953d3189279210958,16000,1,2,48000,3.0,-24.38,0.1284,0.0
7189742740425542955_seg_034.wav,data/interim/segmented_clean_relaxed/stuttering/7189742740425542955_seg_034.wav,7189742740425542955,034,stuttering,clean_pool,d9bb95d82ffcdebea0e56110bce3ce30d6e394ad38119739815f54515df786cc,16000,1,2,48000,3.0,-25.39,0.3673,0.0
7189742740425542955_seg_035.wav,data/interim/segmented_clean_relaxed/stuttering/7189742740425542955_seg_035.wav,7189742740425542955,035,stuttering,clean_pool,319f62ee648c548d07f8cccf34553ee4d4c97a92d6b0601ce760273613c7dc61,16000,1,2,48000,3.0,-24.34,0.3209,0.0
7189742740425542955_seg_036.wav,data/interim/segmented_clean_relaxed/stuttering/7189742740425542955_seg_036.wav,7189742740425542955,036,stuttering,clean_pool,a1402764fe94eb765d0e3774b6f4fabd9bc5ddabe6c515a6f041589b0e30e40b,16000,1,2,48000,3.0,-25.82,0.4605,0.0
7189742740425542955_seg_037.wav,data/interim/segmented_clean_relaxed/stuttering/7189742740425542955_seg_037.wav,7189742740425542955,037,stuttering,clean_pool,62118c0923fba1b06daffa6432e8760eab8941a1909a8fcfd80b426027f592e6,16000,1,2,48000,3.0,-27.69,0.5124,0.0
7189742740425542955_seg_038.wav,data/interim/segmented_clean_relaxed/stuttering/7189742740425542955_seg_038.wav,7189742740425542955,038,stuttering,clean_pool,34cdf78bbc7fa98d399cf0c2e0bf038cec26e51264dc98c6100265308138a1fc,16000,1,2,48000,3.0,-24.3,0.472,0.0
7189742740425542955_seg_039.wav,data/interim/segmented_clean_relaxed/stuttering/7189742740425542955_seg_039.wav,7189742740425542955,039,stuttering,clean_pool,0b0d8aac699523e0db0d45282b96095d5b80ce6365f3bd59b43fc4be01200c16,16000,1,2,48000,3.0,-24.27,0.2165,0.0
7189742740425542955_seg_040.wav,data/interim/segmented_clean_relaxed/stuttering/7189742740425542955_seg_040.wav,7189742740425542955,040,stuttering,clean_pool,e2a20555fac084980428cd179d7d6d2e1e9f0bb66bddd70e7f12937eca1917c9,16000,1,2,48000,3.0,-23.99,0.4508,0.0
7189742740425542955_seg_041.wav,data/interim/segmented_clean_relaxed/stuttering/7189742740425542955_seg_041.wav,7189742740425542955,041,stuttering,clean_pool,fc2de8451dcb5cc96ba5d1f2824f1f62562bc908a81871b1171c18fac43f468b,16000,1,2,48000,3.0,-23.44,0.4566,0.0
7189742740425542955_seg_042.wav,data/interim/segmented_clean_relaxed/stuttering/7189742740425542955_seg_042.wav,7189742740425542955,042,stuttering,clean_pool,a6f3acea5a54eaf01813619a5256d9e52b5e4ed8a0cad7b7b5368b69b5e3c5ac,16000,1,2,48000,3.0,-22.52,0.2353,0.0
7189742740425542955_seg_043.wav,data/interim/segmented_clean_relaxed/stuttering/7189742740425542955_seg_043.wav,7189742740425542955,043,stuttering,clean_pool,f96981d5e1e3b8f9b80d0bc2fa54138f3e89185d9a4dd5a693a05663350bba0b,16000,1,2,48000,3.0,-24.44,0.5714,0.0
7189742740425542955_seg_044.wav,data/interim/segmented_clean_relaxed/stuttering/7189742740425542955_seg_044.wav,7189742740425542955,044,stuttering,clean_pool,ef977e9ac93b73879e1b4069da39e123e31f761cef82a55c15277d0cf2c29900,16000,1,2,48000,3.0,-25.38,0.5158,0.0
7189742740425542955_seg_045.wav,data/interim/segmented_clean_relaxed/stuttering/7189742740425542955_seg_045.wav,7189742740425542955,045,stuttering,clean_pool,4937fde31c00e01ae130ffad8bb89040bc7b6c14c26df6c771c0da292b99e1a6,16000,1,2,48000,3.0,-26.69,0.3646,0.0
7189742740425542955_seg_046.wav,data/interim/segmented_clean_relaxed/stuttering/7189742740425542955_seg_046.wav,7189742740425542955,046,stuttering,clean_pool,57f075cfc8424ce003c565566788bdd1be96bfdb2db2171e5123edf5db219c33,16000,1,2,48000,3.0,-28.7,0.564,0.0
7189742740425542955_seg_047.wav,data/interim/segmented_clean_relaxed/stuttering/7189742740425542955_seg_047.wav,7189742740425542955,047,stuttering,clean_pool,e41830a5c9470d151c410f7f089d2e0d33365882ae69442046b92413d03a6915,16000,1,2,48000,3.0,-27.87,0.658,0.0
7189742740425542955_seg_048.wav,data/interim/segmented_clean_relaxed/stuttering/7189742740425542955_seg_048.wav,7189742740425542955,048,stuttering,clean_pool,c08c49e88b4eea4740694a143a0c082a128186b495124e066323b2f094c73fba,16000,1,2,48000,3.0,-26.16,0.5887,0.0
7189742740425542955_seg_049.wav,data/interim/segmented_clean_relaxed/stuttering/7189742740425542955_seg_049.wav,7189742740425542955,049,stuttering,clean_pool,30d2face3fcd29f91d4b7a5229b214c6d94160bb55092f90ea0a2563d6242d6b,16000,1,2,33584,2.099,-24.05,0.4154,0.0
7334481576874577154_seg_000.wav,data/interim/segmented_clean_relaxed/stuttering/7334481576874577154_seg_000.wav,7334481576874577154,000,stuttering,clean_pool,33b7da51f3f0a912cb63062677d7d8056f038e449aca66c0b5b980f18679d8a4,16000,1,2,48000,3.0,-28.44,0.2703,0.0
7334481576874577154_seg_001.wav,data/interim/segmented_clean_relaxed/stuttering/7334481576874577154_seg_001.wav,7334481576874577154,001,stuttering,clean_pool,0ac9eddcd7bdcb943844e3be67317ad4297f2209898ed7fca6b3f4a2c952d39a,16000,1,2,48000,3.0,-34.36,0.5404,0.0
7334481576874577154_seg_002.wav,data/interim/segmented_clean_relaxed/stuttering/7334481576874577154_seg_002.wav,7334481576874577154,002,stuttering,clean_pool,d6865eb50b2a47d87831f4bdb24042f08574a96696e1cc9b6aaad49c106524c7,16000,1,2,48000,3.0,-33.08,0.4246,0.0
7334481576874577154_seg_003.wav,data/interim/segmented_clean_relaxed/stuttering/7334481576874577154_seg_003.wav,7334481576874577154,003,stuttering,clean_pool,3861040e0e3bf8a8e03454116e0f61dee6130afdd71af39f0a7b82b46ef6a5cb,16000,1,2,48000,3.0,-34.91,0.6105,0.0
7334481576874577154_seg_004.wav,data/interim/segmented_clean_relaxed/stuttering/7334481576874577154_seg_004.wav,7334481576874577154,004,stuttering,clean_pool,a0b329ed40669c422be496cbc1697763dea6e1d6112148cb7ad580fdf5bc67e9,16000,1,2,48000,3.0,-35.07,0.4723,0.0
7334481576874577154_seg_005.wav,data/interim/segmented_clean_relaxed/stuttering/7334481576874577154_seg_005.wav,7334481576874577154,005,stuttering,clean_pool,44420db1f6a1f09aa16cf976c33073789829ca9152a01abc11ebccedd0b9ccea,16000,1,2,48000,3.0,-32.92,0.4287,0.0
7334481576874577154_seg_006.wav,data/interim/segmented_clean_relaxed/stuttering/7334481576874577154_seg_006.wav,7334481576874577154,006,stuttering,clean_pool,e7c8f744a997c8c34f248d73078e4dbb552a90ad00baaa4ef9f6ffb780dc298a,16000,1,2,48000,3.0,-29.78,0.358,0.0
7334481576874577154_seg_007.wav,data/interim/segmented_clean_relaxed/stuttering/7334481576874577154_seg_007.wav,7334481576874577154,007,stuttering,clean_pool,4bb9e9eaad7dbaf02facb1feb38d69efb8f0995875dcad8cc01b2100aa87a8c3,16000,1,2,48000,3.0,-34.22,0.4428,0.0
7334481576874577154_seg_008.wav,data/interim/segmented_clean_relaxed/stuttering/7334481576874577154_seg_008.wav,7334481576874577154,008,stuttering,clean_pool,6dd361f5f063bd5590be27c701db25b830992b7ec807854e35fd262ad8985619,16000,1,2,48000,3.0,-33.3,0.5234,0.0
7334481576874577154_seg_009.wav,data/interim/segmented_clean_relaxed/stuttering/7334481576874577154_seg_009.wav,7334481576874577154,009,stuttering,clean_pool,6e8de489a33daae5b3617849b578df9de165fbcd754f13a3234044b3d5aa2396,16000,1,2,48000,3.0,-35.75,0.4799,0.0
7334481576874577154_seg_010.wav,data/interim/segmented_clean_relaxed/stuttering/7334481576874577154_seg_010.wav,7334481576874577154,010,stuttering,clean_pool,618543b887c759731855918df1d9005650d3dfc2bbb886fda911a9a7b7f08eb5,16000,1,2,48000,3.0,-32.96,0.4227,0.0
7334481576874577154_seg_011.wav,data/interim/segmented_clean_relaxed/stuttering/7334481576874577154_seg_011.wav,7334481576874577154,011,stuttering,clean_pool,43675f96001f7afb7d3e4fcb7b12827835f7aa35aa2a70f56aa18cb28b81d904,16000,1,2,48000,3.0,-33.28,0.4707,0.0
7334481576874577154_seg_012.wav,data/interim/segmented_clean_relaxed/stuttering/7334481576874577154_seg_012.wav,7334481576874577154,012,stuttering,clean_pool,39b388bad13b1ffcbdcd6bb4baa8198b6aae5c7d5704382319c3dd7dd10d9b36,16000,1,2,48000,3.0,-36.38,0.6185,0.0
7334481576874577154_seg_013.wav,data/interim/segmented_clean_relaxed/stuttering/7334481576874577154_seg_013.wav,7334481576874577154,013,stuttering,clean_pool,b0a63c7bf36aea5fce541108064ff4d2d7409e3576fd8c35d2663816cc931590,16000,1,2,48000,3.0,-32.16,0.3299,0.0
7334481576874577154_seg_014.wav,data/interim/segmented_clean_relaxed/stuttering/7334481576874577154_seg_014.wav,7334481576874577154,014,stuttering,clean_pool,bf968cef84691cbd5dff27d0b2fe3066c9809c298c717d2bdf040c15d029a378,16000,1,2,48000,3.0,-34.93,0.4999,0.0
7334481576874577154_seg_015.wav,data/interim/segmented_clean_relaxed/stuttering/7334481576874577154_seg_015.wav,7334481576874577154,015,stuttering,clean_pool,a162fe8a69419debbb6d9d1844d28580b1067048593e07fb92d5f8cfc221ed9e,16000,1,2,48000,3.0,-33.78,0.4148,0.0
7334481576874577154_seg_016.wav,data/interim/segmented_clean_relaxed/stuttering/7334481576874577154_seg_016.wav,7334481576874577154,016,stuttering,clean_pool,d11e722ed1c9cf64f70e13f472d4123a63a798add5eed4e18d23b6a9afbf21a6,16000,1,2,48000,3.0,-36.12,0.5558,0.0
7334481576874577154_seg_017.wav,data/interim/segmented_clean_relaxed/stuttering/7334481576874577154_seg_017.wav,7334481576874577154,017,stuttering,clean_pool,f8bd5d14ba1c82a4948fdca36fab11431c7479f4032fbf13962a2323595f989a,16000,1,2,48000,3.0,-33.55,0.5225,0.0
7334481576874577154_seg_018.wav,data/interim/segmented_clean_relaxed/stuttering/7334481576874577154_seg_018.wav,7334481576874577154,018,stuttering,clean_pool,b96bdeb9e0e79c442079f5c7e0d40b112f0abde4d189ba39520ce2c2ad8efe60,16000,1,2,48000,3.0,-35.38,0.6244,0.0
7334481576874577154_seg_019.wav,data/interim/segmented_clean_relaxed/stuttering/7334481576874577154_seg_019.wav,7334481576874577154,019,stuttering,clean_pool,9f3dc63ca326e5dcbb6f4fb43a889864e3ef5788f96046187c4f497086d86fac,16000,1,2,48000,3.0,-33.94,0.4286,0.0
7334481576874577154_seg_020.wav,data/interim/segmented_clean_relaxed/stuttering/7334481576874577154_seg_020.wav,7334481576874577154,020,stuttering,clean_pool,74f4c8eaf2f3c42271d5b3307c48af4d9d1aff6f54e1bdda7683ede32136e83b,16000,1,2,48000,3.0,-36.52,0.5374,0.0
7334481576874577154_seg_021.wav,data/interim/segmented_clean_relaxed/stuttering/7334481576874577154_seg_021.wav,7334481576874577154,021,stuttering,clean_pool,64b45a764ae111144fd718b0a217a896698b1948643c66dfcd9326d594515785,16000,1,2,48000,3.0,-35.81,0.5339,0.0
7334481576874577154_seg_022.wav,data/interim/segmented_clean_relaxed/stuttering/7334481576874577154_seg_022.wav,7334481576874577154,022,stuttering,clean_pool,526b13dd250b51a8ab8467ffdc19234503e3ae31fc1dcd2b58982e77cb317757,16000,1,2,48000,3.0,-33.74,0.4857,0.0
7334481576874577154_seg_023.wav,data/interim/segmented_clean_relaxed/stuttering/7334481576874577154_seg_023.wav,7334481576874577154,023,stuttering,clean_pool,a6c0db33cfcade0c3780c4963b0514cccb775b583fe6a22f7e9d6022c7e38f5a,16000,1,2,48000,3.0,-34.55,0.3744,0.0
7334481576874577154_seg_024.wav,data/interim/segmented_clean_relaxed/stuttering/7334481576874577154_seg_024.wav,7334481576874577154,024,stuttering,clean_pool,7faf7a31914bd5263405d8dd26e034492d69dd67edb04a369a1df5bf3a734814,16000,1,2,48000,3.0,-36.95,0.7077,0.0
7334481576874577154_seg_025.wav,data/interim/segmented_clean_relaxed/stuttering/7334481576874577154_seg_025.wav,7334481576874577154,025,stuttering,clean_pool,626746bd85f889a20fb7166268d38c09fc35372be45cfce6290c1f644836f56b,16000,1,2,48000,3.0,-32.58,0.5182,0.0
7334481576874577154_seg_026.wav,data/interim/segmented_clean_relaxed/stuttering/7334481576874577154_seg_026.wav,7334481576874577154,026,stuttering,clean_pool,11f3ee0789f352181449fad1f68efd8319ad3761dac396b41db8a7ee4c444913,16000,1,2,48000,3.0,-33.44,0.3804,0.0
7334481576874577154_seg_027.wav,data/interim/segmented_clean_relaxed/stuttering/7334481576874577154_seg_027.wav,7334481576874577154,027,stuttering,clean_pool,34aba57fbead30a8ecd18288b01130d51a576f0eadf750f7d5c6eed3cd132afb,16000,1,2,48000,3.0,-33.36,0.4303,0.0
7334481576874577154_seg_028.wav,data/interim/segmented_clean_relaxed/stuttering/7334481576874577154_seg_028.wav,7334481576874577154,028,stuttering,clean_pool,bf3dc2365b8b191a485f5c5b03c098c4d26c016c548c9b9c359145acba5d582d,16000,1,2,48000,3.0,-37.2,0.5772,0.0
7334481576874577154_seg_029.wav,data/interim/segmented_clean_relaxed/stuttering/7334481576874577154_seg_029.wav,7334481576874577154,029,stuttering,clean_pool,d96097bd8c1df35682797abafaee12c25cc091c74d3e698aa0d5d7cd3ccf9786,16000,1,2,48000,3.0,-32.15,0.6425,0.0
7334481576874577154_seg_030.wav,data/interim/segmented_clean_relaxed/stuttering/7334481576874577154_seg_030.wav,7334481576874577154,030,stuttering,clean_pool,ff8932d07bc6c05e4a0ead87c859424abd98b4951e472ec5705cab125be58fec,16000,1,2,48000,3.0,-31.73,0.3638,0.0
7334481576874577154_seg_031.wav,data/interim/segmented_clean_relaxed/stuttering/7334481576874577154_seg_031.wav,7334481576874577154,031,stuttering,clean_pool,fa7cd50e98c2e5df7a1b520c9498309c127c6f2b8bcc403b0d9c2302b3afa18c,16000,1,2,48000,3.0,-39.81,0.6497,0.0
7334481576874577154_seg_032.wav,data/interim/segmented_clean_relaxed/stuttering/7334481576874577154_seg_032.wav,7334481576874577154,032,stuttering,clean_pool,d2dfeccc64fb80bb3235bed5922a0a0c554ce7e5b682ad7eb1df30281baa02cd,16000,1,2,48000,3.0,-30.08,0.4397,0.0
7334481576874577154_seg_033.wav,data/interim/segmented_clean_relaxed/stuttering/7334481576874577154_seg_033.wav,7334481576874577154,033,stuttering,clean_pool,6fde8a9c8def2bf6325b6db4d39f1252fd93c2596515d059250b36b290a96129,16000,1,2,48000,3.0,-32.49,0.3659,0.0
7334481576874577154_seg_034.wav,data/interim/segmented_clean_relaxed/stuttering/7334481576874577154_seg_034.wav,7334481576874577154,034,stuttering,clean_pool,1393331b52914e3b5facd079e61374c521abde5c3327b6995de2cd75ffa0b70f,16000,1,2,48000,3.0,-33.15,0.5262,0.0
7334481576874577154_seg_035.wav,data/interim/segmented_clean_relaxed/stuttering/7334481576874577154_seg_035.wav,7334481576874577154,035,stuttering,clean_pool,c2d51678f52721b0a58a1ac027e5013fd672647a7e33b885dcc484c53b7e08f3,16000,1,2,48000,3.0,-34.01,0.6173,0.0
7334481576874577154_seg_036.wav,data/interim/segmented_clean_relaxed/stuttering/7334481576874577154_seg_036.wav,7334481576874577154,036,stuttering,clean_pool,1a855ab8c794d473cdde36a3b78fe888452ea62ce4fdb7d85fed823a259b18e2,16000,1,2,48000,3.0,-35.66,0.4659,0.0
7334481576874577154_seg_037.wav,data/interim/segmented_clean_relaxed/stuttering/7334481576874577154_seg_037.wav,7334481576874577154,037,stuttering,clean_pool,78019ba161181b532e1cfca23c2701ba91637499b34d31e98c5583fcb0c7ef6b,16000,1,2,48000,3.0,-34.3,0.5043,0.0
7334481576874577154_seg_038.wav,data/interim/segmented_clean_relaxed/stuttering/7334481576874577154_seg_038.wav,7334481576874577154,038,stuttering,clean_pool,6b17bcaf78b1c6380660a122ecd42e6ef42d247766bb3fa1a5f2097e51ab7ef3,16000,1,2,48000,3.0,-34.79,0.7265,0.0
7334481576874577154_seg_039.wav,data/interim/segmented_clean_relaxed/stuttering/7334481576874577154_seg_039.wav,7334481576874577154,039,stuttering,clean_pool,03c89a181b2881e372186db71704403d6b35009e0802dd21dd0cac59e1cbee5e,16000,1,2,48000,3.0,-32.44,0.5174,0.0
7334481576874577154_seg_040.wav,data/interim/segmented_clean_relaxed/stuttering/7334481576874577154_seg_040.wav,7334481576874577154,040,stuttering,clean_pool,bbc2bdda229af69669c967816c9cff0751f2630f0191669a641ade725944df37,16000,1,2,48000,3.0,-32.75,0.4831,0.0
7334481576874577154_seg_041.wav,data/interim/segmented_clean_relaxed/stuttering/7334481576874577154_seg_041.wav,7334481576874577154,041,stuttering,clean_pool,e7ad413172fad965f3ef4ee51567167c1e5eb3fcc36495e2d65a9260749e532b,16000,1,2,48000,3.0,-32.52,0.554,0.0
7334481576874577154_seg_042.wav,data/interim/segmented_clean_relaxed/stuttering/7334481576874577154_seg_042.wav,7334481576874577154,042,stuttering,clean_pool,eb8d4346b1fdd4dbebe136394899195d53d714f81519b5b2f6033cba29a1ab62,16000,1,2,48000,3.0,-30.73,0.3746,0.0
7334481576874577154_seg_043.wav,data/interim/segmented_clean_relaxed/stuttering/7334481576874577154_seg_043.wav,7334481576874577154,043,stuttering,clean_pool,c8e2969849c72ee2761e6b03d2e62d59be9629c44dd3d4eb48f5a0bfeee38bea,16000,1,2,48000,3.0,-31.3,0.4187,0.0
7334481576874577154_seg_044.wav,data/interim/segmented_clean_relaxed/stuttering/7334481576874577154_seg_044.wav,7334481576874577154,044,stuttering,clean_pool,c5ffec1e4251321f5b11d24bc4e8e61ca43d7f567be8a16effdd5ee70e2620f5,16000,1,2,48000,3.0,-28.96,0.4116,0.0
7334481576874577154_seg_045.wav,data/interim/segmented_clean_relaxed/stuttering/7334481576874577154_seg_045.wav,7334481576874577154,045,stuttering,clean_pool,9310f1e84e278fb02e8959450f63f1c604f3275c7a6a3389054b45ef65899610,16000,1,2,48000,3.0,-30.52,0.431,0.0
7334481576874577154_seg_046.wav,data/interim/segmented_clean_relaxed/stuttering/7334481576874577154_seg_046.wav,7334481576874577154,046,stuttering,clean_pool,413cbe18d3c9211a5081d96d4a7c8563c294771c19a9960454ca22c872c48477,16000,1,2,48000,3.0,-31.23,0.4953,0.0
7334481576874577154_seg_047.wav,data/interim/segmented_clean_relaxed/stuttering/7334481576874577154_seg_047.wav,7334481576874577154,047,stuttering,clean_pool,1d7a56eaeed541d8c96d400ca7a1b89ac3d19ddcb822ec8e08e27b3f28a198c7,16000,1,2,48000,3.0,-31.41,0.3517,0.0
7334481576874577154_seg_048.wav,data/interim/segmented_clean_relaxed/stuttering/7334481576874577154_seg_048.wav,7334481576874577154,048,stuttering,clean_pool,7c9681ee7bdd318135b771a3e7573debb0c9e0c2f5dc0525749c867cb2df5c5b,16000,1,2,48000,3.0,-33.55,0.4636,0.0
7334481576874577154_seg_049.wav,data/interim/segmented_clean_relaxed/stuttering/7334481576874577154_seg_049.wav,7334481576874577154,049,stuttering,clean_pool,72b31794b2d838f3e23780ba0e93871b36b78cc39779de70d75da8272b8ed3dd,16000,1,2,48000,3.0,-31.43,0.5092,0.0
7334481576874577154_seg_050.wav,data/interim/segmented_clean_relaxed/stuttering/7334481576874577154_seg_050.wav,7334481576874577154,050,stuttering,clean_pool,7b92ecc9817238c8b3721673eda28dc9d2541d4c838f4ca006934597c62cd426,16000,1,2,48000,3.0,-33.29,0.3524,0.0
7334481576874577154_seg_051.wav,data/interim/segmented_clean_relaxed/stuttering/7334481576874577154_seg_051.wav,7334481576874577154,051,stuttering,clean_pool,c13baf78ce0debf8e1ca23d8a301b90f86900f2ba299622c16f977599d1451ae,16000,1,2,48000,3.0,-30.25,0.4428,0.0
7334481576874577154_seg_052.wav,data/interim/segmented_clean_relaxed/stuttering/7334481576874577154_seg_052.wav,7334481576874577154,052,stuttering,clean_pool,91f7ebb7ad34326eb5e7d4aadaaf46fc0f9f216d4bdee81e925c8587e43a0e9a,16000,1,2,48000,3.0,-30.43,0.4614,0.0
7334481576874577154_seg_053.wav,data/interim/segmented_clean_relaxed/stuttering/7334481576874577154_seg_053.wav,7334481576874577154,053,stuttering,clean_pool,c8c2c4f1230056d8b1180bfbcbeacff15434075a1e435f2e01adc04896fcde60,16000,1,2,48000,3.0,-29.91,0.2714,0.0
7334481576874577154_seg_054.wav,data/interim/segmented_clean_relaxed/stuttering/7334481576874577154_seg_054.wav,7334481576874577154,054,stuttering,clean_pool,2834b002d8f0d173a01651487ac0a239b748200437be6ecb9492aaf54645d6ac,16000,1,2,48000,3.0,-33.45,0.4844,0.0
7334481576874577154_seg_055.wav,data/interim/segmented_clean_relaxed/stuttering/7334481576874577154_seg_055.wav,7334481576874577154,055,stuttering,clean_pool,4a2e27efad76334628b15d1ac9280cf434289cb1fbdde49b6cb3ba2c537ecbee,16000,1,2,25920,1.62,-32.85,0.3548,0.0
7348194719043734785_seg_000.wav,data/interim/segmented_clean_relaxed/stuttering/7348194719043734785_seg_000.wav,7348194719043734785,000,stuttering,clean_pool,bf63c86e911fed18e283e57f08bfd6f93575fe9b1f5078084feffc6fceb1b483,16000,1,2,48000,3.0,-29.33,0.3025,0.0
7348194719043734785_seg_001.wav,data/interim/segmented_clean_relaxed/stuttering/7348194719043734785_seg_001.wav,7348194719043734785,001,stuttering,clean_pool,83364f0dd69be75227daec5cdbbfaf7180000d464f052ae5602a47479a45f507,16000,1,2,48000,3.0,-32.72,0.5447,0.0
7348194719043734785_seg_002.wav,data/interim/segmented_clean_relaxed/stuttering/7348194719043734785_seg_002.wav,7348194719043734785,002,stuttering,clean_pool,13f77bda6e7cd59125e60f228d9c4fae596ea835438e2fd243d53810c5e186e0,16000,1,2,48000,3.0,-28.28,0.4374,0.0
7348194719043734785_seg_003.wav,data/interim/segmented_clean_relaxed/stuttering/7348194719043734785_seg_003.wav,7348194719043734785,003,stuttering,clean_pool,1bae907316d3b9025201aaabbce2d5750437ba221a4c43944a78ab127fc090e7,16000,1,2,48000,3.0,-31.06,0.2958,0.0
7348194719043734785_seg_004.wav,data/interim/segmented_clean_relaxed/stuttering/7348194719043734785_seg_004.wav,7348194719043734785,004,stuttering,clean_pool,ad8c90c4319437f1b220dff40024886f082b4ee6cbb46646fe19b4a447c26886,16000,1,2,48000,3.0,-31.84,0.4047,0.0
7348194719043734785_seg_005.wav,data/interim/segmented_clean_relaxed/stuttering/7348194719043734785_seg_005.wav,7348194719043734785,005,stuttering,clean_pool,053a5a23c96a26ec19bf68abe2d01831ddb5b09e8496a8e85e49282644508dd8,16000,1,2,48000,3.0,-30.07,0.3004,0.0
7348194719043734785_seg_006.wav,data/interim/segmented_clean_relaxed/stuttering/7348194719043734785_seg_006.wav,7348194719043734785,006,stuttering,clean_pool,629d6662606b6feccd55cbf0fc031802de16e4266bdf18de81e6a1ea1643b6f9,16000,1,2,48000,3.0,-32.47,0.3026,0.0
7348194719043734785_seg_007.wav,data/interim/segmented_clean_relaxed/stuttering/7348194719043734785_seg_007.wav,7348194719043734785,007,stuttering,clean_pool,515b1dd7d1ee924b9538ed9d7b5e2cb53f4a370760afdd7398b0b41fc23eceae,16000,1,2,48000,3.0,-29.3,0.1461,0.0
7348194719043734785_seg_008.wav,data/interim/segmented_clean_relaxed/stuttering/7348194719043734785_seg_008.wav,7348194719043734785,008,stuttering,clean_pool,3d32a462d5b5a2323b4fac0af8fc4f7308b86b9e429734adbba857be240c10ec,16000,1,2,48000,3.0,-25.39,0.0939,0.0
7348194719043734785_seg_009.wav,data/interim/segmented_clean_relaxed/stuttering/7348194719043734785_seg_009.wav,7348194719043734785,009,stuttering,clean_pool,8531f8b2c4dd2ea563724ee35e21e2fe47a8dd7e89e413a02eab4417854d9b59,16000,1,2,48000,3.0,-29.65,0.1941,0.0
7348194719043734785_seg_010.wav,data/interim/segmented_clean_relaxed/stuttering/7348194719043734785_seg_010.wav,7348194719043734785,010,stuttering,clean_pool,39ee3c1f6970aa98fd70b652160ecb0a05442f45b73f99617416b7d4bd935d06,16000,1,2,48000,3.0,-31.56,0.1866,0.0
7348194719043734785_seg_011.wav,data/interim/segmented_clean_relaxed/stuttering/7348194719043734785_seg_011.wav,7348194719043734785,011,stuttering,clean_pool,9c6641a670ddf965c7606c0eb97fdc66fc6d902ca3ee472e5e0ff5a77bcf93c8,16000,1,2,48000,3.0,-31.79,0.2817,0.0
7348194719043734785_seg_012.wav,data/interim/segmented_clean_relaxed/stuttering/7348194719043734785_seg_012.wav,7348194719043734785,012,stuttering,clean_pool,ad4cc5b9eac251a079a0176137090f263af95c2f27bd75e88544366ed56f2b7c,16000,1,2,48000,3.0,-32.67,0.1949,0.0
7348194719043734785_seg_013.wav,data/interim/segmented_clean_relaxed/stuttering/7348194719043734785_seg_013.wav,7348194719043734785,013,stuttering,clean_pool,89ee8039b446384d9d58fa0c1dea9baeb5601d29b53910edaa5f2eff46166a17,16000,1,2,48000,3.0,-29.28,0.2521,0.0
7348194719043734785_seg_014.wav,data/interim/segmented_clean_relaxed/stuttering/7348194719043734785_seg_014.wav,7348194719043734785,014,stuttering,clean_pool,24b2fc13eee455326a2b6e12a794d5079a2e8173439e6b6a534030e035613843,16000,1,2,48000,3.0,-34.48,0.5806,0.0
7348194719043734785_seg_015.wav,data/interim/segmented_clean_relaxed/stuttering/7348194719043734785_seg_015.wav,7348194719043734785,015,stuttering,clean_pool,db88efdcb144c6eba925236d035b10afce7d33976ec65a420e586f6161d7739d,16000,1,2,48000,3.0,-29.34,0.227,0.0
7348194719043734785_seg_016.wav,data/interim/segmented_clean_relaxed/stuttering/7348194719043734785_seg_016.wav,7348194719043734785,016,stuttering,clean_pool,28d46b6901520e1c6187dde874441f8eb9c8f5c70e5c272879189b40994eac72,16000,1,2,48000,3.0,-31.41,0.381,0.0
7348194719043734785_seg_017.wav,data/interim/segmented_clean_relaxed/stuttering/7348194719043734785_seg_017.wav,7348194719043734785,017,stuttering,clean_pool,939daf572a15d030c4084f4e98e97b55b3948485d8623790f5980c1275f3a2f2,16000,1,2,48000,3.0,-32.08,0.3488,0.0
7348194719043734785_seg_018.wav,data/interim/segmented_clean_relaxed/stuttering/7348194719043734785_seg_018.wav,7348194719043734785,018,stuttering,clean_pool,51d021ae3bd8d8bbd77c48ac1c15ac51137654dc81c11559939779ab373df594,16000,1,2,48000,3.0,-31.03,0.2978,0.0
7348194719043734785_seg_019.wav,data/interim/segmented_clean_relaxed/stuttering/7348194719043734785_seg_019.wav,7348194719043734785,019,stuttering,clean_pool,3ad15498fbc5923a899870e6da98c85ce89bb2dedf58749b7ec50606a1f26098,16000,1,2,48000,3.0,-30.38,0.3013,0.0
7348194719043734785_seg_020.wav,data/interim/segmented_clean_relaxed/stuttering/7348194719043734785_seg_020.wav,7348194719043734785,020,stuttering,clean_pool,1a2fafade3f900e0d6da2776909cbc10dc20d0b39da1686e3750de968baec9ab,16000,1,2,48000,3.0,-33.78,0.4834,0.0
7348194719043734785_seg_021.wav,data/interim/segmented_clean_relaxed/stuttering/7348194719043734785_seg_021.wav,7348194719043734785,021,stuttering,clean_pool,5df8012f27b84248c49b06a16a5dc16841498666e7ec51b4cd3557eaf3a11644,16000,1,2,48000,3.0,-31.53,0.64,0.0
7348194719043734785_seg_022.wav,data/interim/segmented_clean_relaxed/stuttering/7348194719043734785_seg_022.wav,7348194719043734785,022,stuttering,clean_pool,a862902a0087d39bc8c74c1bf5e056d19728e9ef96b92c94ae7202b00fa9e7c6,16000,1,2,48000,3.0,-30.69,0.5676,0.0
7348194719043734785_seg_023.wav,data/interim/segmented_clean_relaxed/stuttering/7348194719043734785_seg_023.wav,7348194719043734785,023,stuttering,clean_pool,373376d0d310baa21c9630499eb8d4e20a18d967fb585ea8b7cf3ee66c497957,16000,1,2,48000,3.0,-31.36,0.6305,0.0
7348194719043734785_seg_024.wav,data/interim/segmented_clean_relaxed/stuttering/7348194719043734785_seg_024.wav,7348194719043734785,024,stuttering,clean_pool,00ab594d20150668483c81c3b2191d2d1686f09c9ce9b3a97498a49975dea6aa,16000,1,2,48000,3.0,-30.72,0.3696,0.0
7348194719043734785_seg_025.wav,data/interim/segmented_clean_relaxed/stuttering/7348194719043734785_seg_025.wav,7348194719043734785,025,stuttering,clean_pool,fc96b9696bfcd0bc1624e05c33466cbd09eda1f847ab4307695ccdb2e19277e1,16000,1,2,48000,3.0,-31.49,0.3987,0.0
7348194719043734785_seg_026.wav,data/interim/segmented_clean_relaxed/stuttering/7348194719043734785_seg_026.wav,7348194719043734785,026,stuttering,clean_pool,9b319e138bc0ac2e5c317598a3d0c1b312a1a45e62fe23fe23703592462e0997,16000,1,2,48000,3.0,-30.63,0.2999,0.0
7348194719043734785_seg_027.wav,data/interim/segmented_clean_relaxed/stuttering/7348194719043734785_seg_027.wav,7348194719043734785,027,stuttering,clean_pool,1fe27e2b184e563dbeda1d65436842a87753733cdee93535d7ac29b7f82a7942,16000,1,2,48000,3.0,-32.71,0.4958,0.0
7348194719043734785_seg_028.wav,data/interim/segmented_clean_relaxed/stuttering/7348194719043734785_seg_028.wav,7348194719043734785,028,stuttering,clean_pool,accfe4639431f8883cfde47dcb9fd2daa6593f44660239a0c4b7032370fb455f,16000,1,2,48000,3.0,-31.65,0.331,0.0
7348194719043734785_seg_029.wav,data/interim/segmented_clean_relaxed/stuttering/7348194719043734785_seg_029.wav,7348194719043734785,029,stuttering,clean_pool,4c7a6576b8e9e8d08a79729697e18c6c893a42e5841838d0cb07b45a691c9ece,16000,1,2,48000,3.0,-32.27,0.477,0.0
7348194719043734785_seg_030.wav,data/interim/segmented_clean_relaxed/stuttering/7348194719043734785_seg_030.wav,7348194719043734785,030,stuttering,clean_pool,58dc40048c65fa0fe5fbe96146ac44e5a4ae62e420c23a6c8eaeec211f32b554,16000,1,2,48000,3.0,-33.23,0.4586,0.0
7348194719043734785_seg_031.wav,data/interim/segmented_clean_relaxed/stuttering/7348194719043734785_seg_031.wav,7348194719043734785,031,stuttering,clean_pool,c0d9055a7b93490d8d03c30699dc0f3add75d195c7d060d8ee754f541c4dc4c6,16000,1,2,48000,3.0,-32.29,0.4723,0.0
7348194719043734785_seg_032.wav,data/interim/segmented_clean_relaxed/stuttering/7348194719043734785_seg_032.wav,7348194719043734785,032,stuttering,clean_pool,2df010ae970e82309e031ebd130c46ea82c38fcf1ea56a33d59ce77102ba7bfb,16000,1,2,48000,3.0,-31.21,0.6214,0.0
7348194719043734785_seg_033.wav,data/interim/segmented_clean_relaxed/stuttering/7348194719043734785_seg_033.wav,7348194719043734785,033,stuttering,clean_pool,38238b9342450dd69ec3688f49599f5fd0c0040c6c4cc89d13b7f2aa329e6ca1,16000,1,2,48000,3.0,-29.44,0.2919,0.0
7348194719043734785_seg_034.wav,data/interim/segmented_clean_relaxed/stuttering/7348194719043734785_seg_034.wav,7348194719043734785,034,stuttering,clean_pool,472bb84ee07a8ff5982b5dbefab74275ed69c68eaab194a545e33ed4a278bece,16000,1,2,48000,3.0,-32.47,0.2995,0.0
7348194719043734785_seg_035.wav,data/interim/segmented_clean_relaxed/stuttering/7348194719043734785_seg_035.wav,7348194719043734785,035,stuttering,clean_pool,d66d0cd3c53c140610f39c1079e23f5119e292616b7b620511892a688437b925,16000,1,2,48000,3.0,-32.64,0.3256,0.0
7348194719043734785_seg_036.wav,data/interim/segmented_clean_relaxed/stuttering/7348194719043734785_seg_036.wav,7348194719043734785,036,stuttering,clean_pool,f71030f90592fc0d83bb29f62f37598cba38b50aa2b154b84c11fb473c87fad9,16000,1,2,41504,2.594,-33.75,0.4063,0.0
7509547240784989482_seg_000.wav,data/interim/segmented_clean_relaxed/stuttering/7509547240784989482_seg_000.wav,7509547240784989482,000,stuttering,clean_pool,ef19ca757a560e70cf04a3080870a2b358a66f0f4d7dd2fe78832d555c2e4531,16000,1,2,48000,3.0,-36.96,0.5099,0.0
7509547240784989482_seg_001.wav,data/interim/segmented_clean_relaxed/stuttering/7509547240784989482_seg_001.wav,7509547240784989482,001,stuttering,clean_pool,7a4f3893c67a1202548f3b5cb695151a04d8d7887f901fe3ebb80bb2dacf2ead,16000,1,2,48000,3.0,-36.57,0.5011,0.0
7509547240784989482_seg_002.wav,data/interim/segmented_clean_relaxed/stuttering/7509547240784989482_seg_002.wav,7509547240784989482,002,stuttering,clean_pool,4b63d6fd5ade344115ebe958577de631c01c9a5ef43c23c38963b200d3e2c868,16000,1,2,48000,3.0,-35.83,0.4716,0.0
7509547240784989482_seg_003.wav,data/interim/segmented_clean_relaxed/stuttering/7509547240784989482_seg_003.wav,7509547240784989482,003,stuttering,clean_pool,0140f71f1f9ff0298702cafe407679bc130c9e2b8b5f9845fbe7f0e00a682a55,16000,1,2,48000,3.0,-34.72,0.4278,0.0
7509547240784989482_seg_004.wav,data/interim/segmented_clean_relaxed/stuttering/7509547240784989482_seg_004.wav,7509547240784989482,004,stuttering,clean_pool,1bfb815ccbd36222932e6691053b9b3f28f3b842aaad949e36ca53b888a9090b,16000,1,2,48000,3.0,-36.22,0.4654,0.0
7509547240784989482_seg_005.wav,data/interim/segmented_clean_relaxed/stuttering/7509547240784989482_seg_005.wav,7509547240784989482,005,stuttering,clean_pool,61b19db139a6168b861ff38804ddcdba558eaad86c2296585d275d14ab2937a6,16000,1,2,48000,3.0,-37.05,0.5227,0.0
7511014266175114538_seg_000.wav,data/interim/segmented_clean_relaxed/stuttering/7511014266175114538_seg_000.wav,7511014266175114538,000,stuttering,clean_pool,22523a0dfa6064bfdbd19d76143595c46665cc91f5609b094cc65a164bbf63d8,16000,1,2,48000,3.0,-33.55,0.4421,0.0
7511014266175114538_seg_001.wav,data/interim/segmented_clean_relaxed/stuttering/7511014266175114538_seg_001.wav,7511014266175114538,001,stuttering,clean_pool,5f4cffeff75d02abe0659614cdd35843570a1e64dc558b2eadc5b5b218925b00,16000,1,2,48000,3.0,-30.31,0.3184,0.0
7511014266175114538_seg_002.wav,data/interim/segmented_clean_relaxed/stuttering/7511014266175114538_seg_002.wav,7511014266175114538,002,stuttering,clean_pool,d781299d8de6d0422e3bb8ac4a189dd1e6271a6f99ff37b5a79c234f118851ac,16000,1,2,48000,3.0,-33.64,0.4462,0.0
7511014266175114538_seg_003.wav,data/interim/segmented_clean_relaxed/stuttering/7511014266175114538_seg_003.wav,7511014266175114538,003,stuttering,clean_pool,b83b3c9c63337035ff6b7fa4c89e38d1f3f570661887b9221e0b80d8cbbd17ea,16000,1,2,48000,3.0,-32.15,0.3168,0.0
7511014266175114538_seg_004.wav,data/interim/segmented_clean_relaxed/stuttering/7511014266175114538_seg_004.wav,7511014266175114538,004,stuttering,clean_pool,0405ed6323b106aa7eb8e6d3981772af3d3b30de14ad09ae0c48d0ad37e15d2d,16000,1,2,48000,3.0,-33.18,0.3883,0.0
7511014266175114538_seg_005.wav,data/interim/segmented_clean_relaxed/stuttering/7511014266175114538_seg_005.wav,7511014266175114538,005,stuttering,clean_pool,cfad28c5aafb9966d02dadbbb88a83145090120cd9154805213c3ca061120a12,16000,1,2,48000,3.0,-33.24,0.4228,0.0
7511014266175114538_seg_006.wav,data/interim/segmented_clean_relaxed/stuttering/7511014266175114538_seg_006.wav,7511014266175114538,006,stuttering,clean_pool,004f9d33ab1d965e2a5e73bd02938a88dd37213d472d7f2c599f66dadde9e79b,16000,1,2,48000,3.0,-32.77,0.3664,0.0
7511014266175114538_seg_007.wav,data/interim/segmented_clean_relaxed/stuttering/7511014266175114538_seg_007.wav,7511014266175114538,007,stuttering,clean_pool,c5f0aad13fe67c5c8eba3094be5b54e139a2d29c8f2c912da6e27c56d39be59b,16000,1,2,48000,3.0,-32.0,0.3804,0.0
7511014266175114538_seg_008.wav,data/interim/segmented_clean_relaxed/stuttering/7511014266175114538_seg_008.wav,7511014266175114538,008,stuttering,clean_pool,2c1e85bdb490816e870635645b270729e1128b1d6773af00300b4024f10d779f,16000,1,2,48000,3.0,-35.17,0.4488,0.0
7511014266175114538_seg_009.wav,data/interim/segmented_clean_relaxed/stuttering/7511014266175114538_seg_009.wav,7511014266175114538,009,stuttering,clean_pool,77d2dcd5344227978eaa21ab13dbd9c78bfed692d008fbd83c0001d17ceb55a9,16000,1,2,48000,3.0,-34.55,0.4461,0.0
7511014266175114538_seg_010.wav,data/interim/segmented_clean_relaxed/stuttering/7511014266175114538_seg_010.wav,7511014266175114538,010,stuttering,clean_pool,c2b82323516285d54561931743f8d3f03beac0a76eed52763ecc4acdc050e607,16000,1,2,48000,3.0,-33.72,0.4292,0.0
7511014266175114538_seg_011.wav,data/interim/segmented_clean_relaxed/stuttering/7511014266175114538_seg_011.wav,7511014266175114538,011,stuttering,clean_pool,224de806290443329da48ebe714aec9e52e6954599e938c1e3a134cb2fa7d9de,16000,1,2,48000,3.0,-30.83,0.3943,0.0
7511014266175114538_seg_012.wav,data/interim/segmented_clean_relaxed/stuttering/7511014266175114538_seg_012.wav,7511014266175114538,012,stuttering,clean_pool,935962091162d0706b12b880bee14d6329420a485cb55a3d9ece87bee03fc141,16000,1,2,48000,3.0,-32.7,0.4331,0.0
7511014266175114538_seg_013.wav,data/interim/segmented_clean_relaxed/stuttering/7511014266175114538_seg_013.wav,7511014266175114538,013,stuttering,clean_pool,f32c1898c06ffabf2a584b84509ae6a32f4ee92964c22069496109c1e2b597a1,16000,1,2,48000,3.0,-35.63,0.4451,0.0
7511014266175114538_seg_014.wav,data/interim/segmented_clean_relaxed/stuttering/7511014266175114538_seg_014.wav,7511014266175114538,014,stuttering,clean_pool,8a0be24ade8f504bf46dab705175d5986817dba834e5f9dc12edeb07af95f384,16000,1,2,48000,3.0,-31.24,0.3706,0.0
7511014266175114538_seg_015.wav,data/interim/segmented_clean_relaxed/stuttering/7511014266175114538_seg_015.wav,7511014266175114538,015,stuttering,clean_pool,8593432f819cf06509aaa002e0fce9fff34be3871d1cc105a61c24537766e800,16000,1,2,48000,3.0,-34.39,0.4838,0.0
7511014266175114538_seg_016.wav,data/interim/segmented_clean_relaxed/stuttering/7511014266175114538_seg_016.wav,7511014266175114538,016,stuttering,clean_pool,2cbb815975b1bbd5a738c635db903193015963b4d74a9909e8c2dbc74a41c73a,16000,1,2,48000,3.0,-34.19,0.4499,0.0
7511014266175114538_seg_017.wav,data/interim/segmented_clean_relaxed/stuttering/7511014266175114538_seg_017.wav,7511014266175114538,017,stuttering,clean_pool,64f879797ea7dbe124ae1773ac166e6ab977962a69373a59df3880840198c5b9,16000,1,2,48000,3.0,-34.39,0.4651,0.0
7511014266175114538_seg_018.wav,data/interim/segmented_clean_relaxed/stuttering/7511014266175114538_seg_018.wav,7511014266175114538,018,stuttering,clean_pool,c29f96647fe35b624e95ffc8e71f2373129065e5a53dfd132b3ceb1d8c0827f6,16000,1,2,48000,3.0,-32.95,0.3873,0.0
7511014266175114538_seg_019.wav,data/interim/segmented_clean_relaxed/stuttering/7511014266175114538_seg_019.wav,7511014266175114538,019,stuttering,clean_pool,5af2d7df021c7c3c9349121b8b70111c8af11a604c728289c4607a35c3c4fd21,16000,1,2,48000,3.0,-34.85,0.3898,0.0
7511014266175114538_seg_020.wav,data/interim/segmented_clean_relaxed/stuttering/7511014266175114538_seg_020.wav,7511014266175114538,020,stuttering,clean_pool,a35676af9a57bccebbfbf2fdc19ea098f2343787473da3890e277c3d883deb63,16000,1,2,48000,3.0,-33.92,0.3789,0.0
7511014266175114538_seg_021.wav,data/interim/segmented_clean_relaxed/stuttering/7511014266175114538_seg_021.wav,7511014266175114538,021,stuttering,clean_pool,953d5067cc51e68c1478011249ea20827d2d3f29699463f00a0a920331add999,16000,1,2,48000,3.0,-31.88,0.357,0.0
7511014266175114538_seg_022.wav,data/interim/segmented_clean_relaxed/stuttering/7511014266175114538_seg_022.wav,7511014266175114538,022,stuttering,clean_pool,ba662721ee21c78a0a2348e57aa4a7efc8b5d52bb1abe1357d366c24d5b74a97,16000,1,2,48000,3.0,-34.99,0.4299,0.0
7511014266175114538_seg_023.wav,data/interim/segmented_clean_relaxed/stuttering/7511014266175114538_seg_023.wav,7511014266175114538,023,stuttering,clean_pool,0aa20289dd901f9bf8e0b5bc6f7b231fa5829d458a256c4dd4f195cd91a2a3ed,16000,1,2,48000,3.0,-33.06,0.3664,0.0
7511014266175114538_seg_024.wav,data/interim/segmented_clean_relaxed/stuttering/7511014266175114538_seg_024.wav,7511014266175114538,024,stuttering,clean_pool,a684a47b7bd03e1050b85a40af719731b9337c4efbaffee11e82c42b42a6ccc0,16000,1,2,29024,1.814,-34.63,0.4234,0.0
7518094567300730167_seg_000.wav,data/interim/segmented_clean_relaxed/stuttering/7518094567300730167_seg_000.wav,7518094567300730167,000,stuttering,clean_pool,dd9789524585bf6a47b8d6d7743229961bb51cc23e00d64ff9e74d720754b4f4,16000,1,2,48000,3.0,-34.85,0.4128,0.0
7518094567300730167_seg_001.wav,data/interim/segmented_clean_relaxed/stuttering/7518094567300730167_seg_001.wav,7518094567300730167,001,stuttering,clean_pool,34bb89064ff152cfa63d845852a06a6388151143c7c12f5783c3360c73744b25,16000,1,2,48000,3.0,-31.66,0.3738,0.0
7518094567300730167_seg_002.wav,data/interim/segmented_clean_relaxed/stuttering/7518094567300730167_seg_002.wav,7518094567300730167,002,stuttering,clean_pool,1a12277bd5fb4f2ef7471163329aa52d300f6aa117ae4d15e02afd122544d1ee,16000,1,2,48000,3.0,-33.99,0.4036,0.0
7518094567300730167_seg_003.wav,data/interim/segmented_clean_relaxed/stuttering/7518094567300730167_seg_003.wav,7518094567300730167,003,stuttering,clean_pool,9d7f74e786b101c27e0ac1a541c15dd884b9fccfe6a85ddf208e4d5d7a41523c,16000,1,2,48000,3.0,-33.36,0.384,0.0
7518094567300730167_seg_004.wav,data/interim/segmented_clean_relaxed/stuttering/7518094567300730167_seg_004.wav,7518094567300730167,004,stuttering,clean_pool,d2d1bc7a3777dd75c08c147f7fd6558f6ace98993458bfbf229e73de514051bc,16000,1,2,48000,3.0,-33.5,0.3876,0.0
7518094567300730167_seg_005.wav,data/interim/segmented_clean_relaxed/stuttering/7518094567300730167_seg_005.wav,7518094567300730167,005,stuttering,clean_pool,ad1dfa2e70942b9788d1c59c94c4f755f440195bcaa618858e0eaf3fb9263f3e,16000,1,2,48000,3.0,-34.77,0.4309,0.0
7518094567300730167_seg_006.wav,data/interim/segmented_clean_relaxed/stuttering/7518094567300730167_seg_006.wav,7518094567300730167,006,stuttering,clean_pool,06a1f605cdb3dbe0fee5b9c14ad51e50d27a6b63c94c9c8e0b0610c0ee61f82f,16000,1,2,48000,3.0,-32.18,0.416,0.0
7518094567300730167_seg_007.wav,data/interim/segmented_clean_relaxed/stuttering/7518094567300730167_seg_007.wav,7518094567300730167,007,stuttering,clean_pool,f59feb3ec1faed485f18a8b9410690a9c879dbcb9dc910010caed1124acbc71d,16000,1,2,48000,3.0,-33.54,0.3733,0.0
7518094567300730167_seg_008.wav,data/interim/segmented_clean_relaxed/stuttering/7518094567300730167_seg_008.wav,7518094567300730167,008,stuttering,clean_pool,15974563f67cb2a78f4b4944d8cff200ddc65079f83bf62d27a8e665be879d01,16000,1,2,48000,3.0,-32.22,0.3424,0.0
7518094567300730167_seg_009.wav,data/interim/segmented_clean_relaxed/stuttering/7518094567300730167_seg_009.wav,7518094567300730167,009,stuttering,clean_pool,188edacdfa21edeeb36ed9f104f1339bd2dcc016d19b3f4a2418f27afd0ed0dc,16000,1,2,48000,3.0,-37.0,0.4297,0.0
7518094567300730167_seg_010.wav,data/interim/segmented_clean_relaxed/stuttering/7518094567300730167_seg_010.wav,7518094567300730167,010,stuttering,clean_pool,fc6f263277ad357a44c71361674cc67cdf1dd193be3aa6ca525f87ee1f60b9dd,16000,1,2,48000,3.0,-32.21,0.334,0.0
7518094567300730167_seg_011.wav,data/interim/segmented_clean_relaxed/stuttering/7518094567300730167_seg_011.wav,7518094567300730167,011,stuttering,clean_pool,4693d4d4f969b272c478c57df4972a285ee1a734dee0a2b568cf44d7a77c0da1,16000,1,2,48000,3.0,-32.6,0.3884,0.0
7518094567300730167_seg_012.wav,data/interim/segmented_clean_relaxed/stuttering/7518094567300730167_seg_012.wav,7518094567300730167,012,stuttering,clean_pool,e04bb2fd9e23151bc6bc334d4b98a1380338354a2b248b6ec363b699e66d38ba,16000,1,2,48000,3.0,-35.37,0.4277,0.0
7518094567300730167_seg_013.wav,data/interim/segmented_clean_relaxed/stuttering/7518094567300730167_seg_013.wav,7518094567300730167,013,stuttering,clean_pool,eed8f96228e7fea44691f969be0c44c6a804b0fa79943efca71636f2789f6f9c,16000,1,2,48000,3.0,-38.83,0.4894,0.0
7518094567300730167_seg_014.wav,data/interim/segmented_clean_relaxed/stuttering/7518094567300730167_seg_014.wav,7518094567300730167,014,stuttering,clean_pool,fa118b7611dffd9ad2e63419c071b46106cd53a3104eb72e2ffed7b9bb4ba84d,16000,1,2,48000,3.0,-35.68,0.4538,0.0
7518094567300730167_seg_015.wav,data/interim/segmented_clean_relaxed/stuttering/7518094567300730167_seg_015.wav,7518094567300730167,015,stuttering,clean_pool,f73ddc7abc5bd6cddb44500c57aa6df0bbed9d34fbbbc5e173fa27d853075ee3,16000,1,2,48000,3.0,-33.07,0.4,0.0
7518094567300730167_seg_016.wav,data/interim/segmented_clean_relaxed/stuttering/7518094567300730167_seg_016.wav,7518094567300730167,016,stuttering,clean_pool,f2c5ecb8ae44a27ae59318e2fcebf2ebe987bb8f69f051f46fc9bcc4e22a7ab6,16000,1,2,48000,3.0,-35.16,0.4124,0.0
7518094567300730167_seg_017.wav,data/interim/segmented_clean_relaxed/stuttering/7518094567300730167_seg_017.wav,7518094567300730167,017,stuttering,clean_pool,fe7627bef2056d4044495a1a236e42212753de0683e0c010442c84470857532b,16000,1,2,48000,3.0,-37.13,0.4528,0.0
7518094567300730167_seg_018.wav,data/interim/segmented_clean_relaxed/stuttering/7518094567300730167_seg_018.wav,7518094567300730167,018,stuttering,clean_pool,1b7cd9e1fd3e5f16c092d03e15a6d01bf8b0b15746071e9738ca40a5d9742dd9,16000,1,2,48000,3.0,-33.64,0.4126,0.0
7518094567300730167_seg_019.wav,data/interim/segmented_clean_relaxed/stuttering/7518094567300730167_seg_019.wav,7518094567300730167,019,stuttering,clean_pool,c5eee3ad778660091dc6ba4cfc33cbdf84dde4f9d039bd6aef2859a1f4720bab,16000,1,2,48000,3.0,-34.38,0.4063,0.0
7518094567300730167_seg_020.wav,data/interim/segmented_clean_relaxed/stuttering/7518094567300730167_seg_020.wav,7518094567300730167,020,stuttering,clean_pool,03189e521058417c9a57eff205054c942ddc692457a129e13a51add4fd2aac4c,16000,1,2,48000,3.0,-31.64,0.3606,0.0
7518094567300730167_seg_021.wav,data/interim/segmented_clean_relaxed/stuttering/7518094567300730167_seg_021.wav,7518094567300730167,021,stuttering,clean_pool,88cf25916abee9fd831c04b77df924cc6f8622db8a16b3d8f3abba135b51c12c,16000,1,2,48000,3.0,-37.05,0.4927,0.0
7583132378218958093_seg_000.wav,data/interim/segmented_clean_relaxed/stuttering/7583132378218958093_seg_000.wav,7583132378218958093,000,stuttering,clean_pool,f140690269d1a444e5ce16a1728e64384082d7fc83b3f48ee1e64c7ec3867841,16000,1,2,48000,3.0,-31.09,0.5403,0.0
7583132378218958093_seg_001.wav,data/interim/segmented_clean_relaxed/stuttering/7583132378218958093_seg_001.wav,7583132378218958093,001,stuttering,clean_pool,9963b6dc492455708bbca3895ff30f1444b87394fb32b79c5a9b47b0a3b8f678,16000,1,2,48000,3.0,-33.0,0.5766,0.0
7583132378218958093_seg_002.wav,data/interim/segmented_clean_relaxed/stuttering/7583132378218958093_seg_002.wav,7583132378218958093,002,stuttering,clean_pool,eb3ce13f2d979ae4b281c560736d12a3d87be8fddbc83ec1073bf98f1c994d1e,16000,1,2,48000,3.0,-30.88,0.3764,0.0
7583132378218958093_seg_003.wav,data/interim/segmented_clean_relaxed/stuttering/7583132378218958093_seg_003.wav,7583132378218958093,003,stuttering,clean_pool,fdd2f0baaa5137fe1a20bc711b6063fad086a8bb5f6e0fda2187e50c6e0dff01,16000,1,2,48000,3.0,-28.26,0.4679,0.0
7583132378218958093_seg_004.wav,data/interim/segmented_clean_relaxed/stuttering/7583132378218958093_seg_004.wav,7583132378218958093,004,stuttering,clean_pool,a73231407b6499902d5a90b34d02603e4212da9e8ea58b81b0b2fcac48c422a5,16000,1,2,48000,3.0,-24.98,0.5732,0.0
7583132378218958093_seg_005.wav,data/interim/segmented_clean_relaxed/stuttering/7583132378218958093_seg_005.wav,7583132378218958093,005,stuttering,clean_pool,ec816cd76b1ac56a3b60c0538434f66b5ad76ac202d197dbd8e2d5941a89d1c1,16000,1,2,48000,3.0,-23.92,0.3888,0.0
7583132378218958093_seg_006.wav,data/interim/segmented_clean_relaxed/stuttering/7583132378218958093_seg_006.wav,7583132378218958093,006,stuttering,clean_pool,3e4c08249e02fc206cac0804f07988bce30f5765dedfb79953ff7c55cfbdb31f,16000,1,2,48000,3.0,-27.05,0.4681,0.0
7583132378218958093_seg_007.wav,data/interim/segmented_clean_relaxed/stuttering/7583132378218958093_seg_007.wav,7583132378218958093,007,stuttering,clean_pool,3a881b8cedd9c73c8fe94bf0d55a86d15ff00522e4f551c594c82ab2873c253c,16000,1,2,48000,3.0,-24.67,0.4526,0.0
7583132378218958093_seg_008.wav,data/interim/segmented_clean_relaxed/stuttering/7583132378218958093_seg_008.wav,7583132378218958093,008,stuttering,clean_pool,ad33d075d9f1a900ddb98fa08ca38df0bb86c0ebacf44b66a814b1fada409599,16000,1,2,48000,3.0,-30.69,0.4074,0.0
7583132378218958093_seg_009.wav,data/interim/segmented_clean_relaxed/stuttering/7583132378218958093_seg_009.wav,7583132378218958093,009,stuttering,clean_pool,fc9d6e4c2d427bf537943e3096e1a5990d669298c8db7dccabd2f77171111359,16000,1,2,48000,3.0,-31.18,0.6262,0.0
7583132378218958093_seg_010.wav,data/interim/segmented_clean_relaxed/stuttering/7583132378218958093_seg_010.wav,7583132378218958093,010,stuttering,clean_pool,270276cfed1fd21688847c1fe93356584ac7b9a724a2b2877b0a4efaa9fc16ee,16000,1,2,48000,3.0,-28.37,0.4187,0.0
7583132378218958093_seg_011.wav,data/interim/segmented_clean_relaxed/stuttering/7583132378218958093_seg_011.wav,7583132378218958093,011,stuttering,clean_pool,ab5d4308bcad0f49d9eb316ba4a66fcde6f1c79052bd94838f0a23f02cd2c271,16000,1,2,48000,3.0,-30.61,0.6828,0.0
7583132378218958093_seg_012.wav,data/interim/segmented_clean_relaxed/stuttering/7583132378218958093_seg_012.wav,7583132378218958093,012,stuttering,clean_pool,0dc39f638c24896e1341bc9d635db9dd52b4a07f6762d05f9305d3773cb02068,16000,1,2,48000,3.0,-28.58,0.6132,0.0
7583132378218958093_seg_013.wav,data/interim/segmented_clean_relaxed/stuttering/7583132378218958093_seg_013.wav,7583132378218958093,013,stuttering,clean_pool,4a11ee792a4b9d442f0fee0d9f2c398e91a03dad4864aa284997d4817cbbb98a,16000,1,2,48000,3.0,-26.6,0.1823,0.0
7583132378218958093_seg_014.wav,data/interim/segmented_clean_relaxed/stuttering/7583132378218958093_seg_014.wav,7583132378218958093,014,stuttering,clean_pool,c2addfd2822c9245267d82e5e42303000a3b4fccefa068c84e9ea1d0d7a37f40,16000,1,2,48000,3.0,-30.65,0.425,0.0
7583132378218958093_seg_015.wav,data/interim/segmented_clean_relaxed/stuttering/7583132378218958093_seg_015.wav,7583132378218958093,015,stuttering,clean_pool,3b5ef84e0602ecfe2fa88b600a21f22c1ece487c501216c3661ad27ff196a7f8,16000,1,2,48000,3.0,-39.32,0.6024,0.0
7583132378218958093_seg_016.wav,data/interim/segmented_clean_relaxed/stuttering/7583132378218958093_seg_016.wav,7583132378218958093,016,stuttering,clean_pool,ae9e564b7335ed02bacec9054e9ce79ab42a56e8a65837b62cdc5d2d848e71cc,16000,1,2,48000,3.0,-24.07,0.5058,0.0
7583132378218958093_seg_017.wav,data/interim/segmented_clean_relaxed/stuttering/7583132378218958093_seg_017.wav,7583132378218958093,017,stuttering,clean_pool,73a44cf6b36e127b857590008e332af1684352ae426515978b3bda2ebe53ce1f,16000,1,2,48000,3.0,-29.21,0.3506,0.0
7583132378218958093_seg_018.wav,data/interim/segmented_clean_relaxed/stuttering/7583132378218958093_seg_018.wav,7583132378218958093,018,stuttering,clean_pool,603ec892ef65f962385972f1eabca3bff50f8d1dd0d79f31761481a408269b1f,16000,1,2,48000,3.0,-44.94,0.7956,0.0
7583132378218958093_seg_019.wav,data/interim/segmented_clean_relaxed/stuttering/7583132378218958093_seg_019.wav,7583132378218958093,019,stuttering,clean_pool,ca3361e6ce814b77dad6f4b726f94327c68c7286501f2f07a06cd0719a5b45a7,16000,1,2,48000,3.0,-32.54,0.5897,0.0
7583132378218958093_seg_020.wav,data/interim/segmented_clean_relaxed/stuttering/7583132378218958093_seg_020.wav,7583132378218958093,020,stuttering,clean_pool,e51fdfda08e95c31d67ce4c24dfbb735fafeed8022ac35f61c4e396ee0574c37,16000,1,2,48000,3.0,-31.86,0.4791,0.0
7583132378218958093_seg_021.wav,data/interim/segmented_clean_relaxed/stuttering/7583132378218958093_seg_021.wav,7583132378218958093,021,stuttering,clean_pool,c1ffaaa892c91fc096e14aca1dd9c310b7b0871370b50bf59b35c266f3d497bd,16000,1,2,48000,3.0,-29.3,0.4266,0.0
7583132378218958093_seg_022.wav,data/interim/segmented_clean_relaxed/stuttering/7583132378218958093_seg_022.wav,7583132378218958093,022,stuttering,clean_pool,6d8d8c73b4b5beedca287e516a6c736c0b71228aa3ea589b7034a3fc49f3523e,16000,1,2,48000,3.0,-32.14,0.4625,0.0
7583132378218958093_seg_023.wav,data/interim/segmented_clean_relaxed/stuttering/7583132378218958093_seg_023.wav,7583132378218958093,023,stuttering,clean_pool,572438d2f2abfea0c964325696e237052c02eef2687a1771502d459395116072,16000,1,2,48000,3.0,-29.74,0.3849,0.0
7583132378218958093_seg_024.wav,data/interim/segmented_clean_relaxed/stuttering/7583132378218958093_seg_024.wav,7583132378218958093,024,stuttering,clean_pool,7e1da19b56167f997675d8c7d3f7841aa6de51b18ae4db23c034a64c9594f2b5,16000,1,2,48000,3.0,-28.92,0.2837,0.0
7583132378218958093_seg_025.wav,data/interim/segmented_clean_relaxed/stuttering/7583132378218958093_seg_025.wav,7583132378218958093,025,stuttering,clean_pool,c06d002670c529852de5699fa0095f606fac07544c138335bc9665f6ac371ccb,16000,1,2,48000,3.0,-29.47,0.4652,0.0
7583132378218958093_seg_026.wav,data/interim/segmented_clean_relaxed/stuttering/7583132378218958093_seg_026.wav,7583132378218958093,026,stuttering,clean_pool,0c34f3079b2a606468e6d75a734f84fb003875067a03af9bbde260214ac23ade,16000,1,2,48000,3.0,-37.8,0.5388,0.0
7583132378218958093_seg_027.wav,data/interim/segmented_clean_relaxed/stuttering/7583132378218958093_seg_027.wav,7583132378218958093,027,stuttering,clean_pool,e255de3f643d09e1b2134043591f656363913edbfc1a9e83d09c740bc61d4f86,16000,1,2,48000,3.0,-26.75,0.2933,0.0
7583132378218958093_seg_028.wav,data/interim/segmented_clean_relaxed/stuttering/7583132378218958093_seg_028.wav,7583132378218958093,028,stuttering,clean_pool,a75592fadf19aed34e25751593d2ba26204c96a5a37109b56377668491ad3dac,16000,1,2,48000,3.0,-30.76,0.4507,0.0
7583132378218958093_seg_029.wav,data/interim/segmented_clean_relaxed/stuttering/7583132378218958093_seg_029.wav,7583132378218958093,029,stuttering,clean_pool,b2244947619fd893a1a18533275c468bd831a8a6e9c0994c92f910b8800ab133,16000,1,2,48000,3.0,-32.81,0.3434,0.0
7583132378218958093_seg_030.wav,data/interim/segmented_clean_relaxed/stuttering/7583132378218958093_seg_030.wav,7583132378218958093,030,stuttering,clean_pool,ed300609ac003a6e339e684e2580eea2911628036c6f2e3d97203e2d9ba819cd,16000,1,2,48000,3.0,-33.54,0.5076,0.0
7583132378218958093_seg_031.wav,data/interim/segmented_clean_relaxed/stuttering/7583132378218958093_seg_031.wav,7583132378218958093,031,stuttering,clean_pool,01fe617cffae3308613064c29d11e195314886eca070b71bb78dffb34074ddfd,16000,1,2,39808,2.488,-30.61,0.4989,0.0
7592299166060055839_seg_000.wav,data/interim/segmented_clean_relaxed/stuttering/7592299166060055839_seg_000.wav,7592299166060055839,000,stuttering,clean_pool,ccb5a59b3b5ec187418ba8629d994b132982b90c0dfc676d109af5a08d17fd8d,16000,1,2,48000,3.0,-31.88,0.5703,0.0
7592299166060055839_seg_001.wav,data/interim/segmented_clean_relaxed/stuttering/7592299166060055839_seg_001.wav,7592299166060055839,001,stuttering,clean_pool,34a776fb36d5979185be9efa6413c0c5500a7957be40ae417ec996f2c9012da9,16000,1,2,48000,3.0,-37.89,0.6127,0.0
7592299166060055839_seg_002.wav,data/interim/segmented_clean_relaxed/stuttering/7592299166060055839_seg_002.wav,7592299166060055839,002,stuttering,clean_pool,4dd1079ce6fccd1d0e1afb8f6cc5e1d856f10d6d7657c6732da2b132b6ea32f4,16000,1,2,48000,3.0,-32.15,0.4008,0.0
7592299166060055839_seg_003.wav,data/interim/segmented_clean_relaxed/stuttering/7592299166060055839_seg_003.wav,7592299166060055839,003,stuttering,clean_pool,f5781402f22b1afc5c09faf0bdb82d125aea57def19a70a932379a1d278b3dd2,16000,1,2,48000,3.0,-33.42,0.4754,0.0
7592299166060055839_seg_004.wav,data/interim/segmented_clean_relaxed/stuttering/7592299166060055839_seg_004.wav,7592299166060055839,004,stuttering,clean_pool,f74495d6ffe2222646dfd2fb4c7654d7749ccac71d1d95fbf941c3046b01b9a0,16000,1,2,48000,3.0,-35.7,0.526,0.0
7592299166060055839_seg_005.wav,data/interim/segmented_clean_relaxed/stuttering/7592299166060055839_seg_005.wav,7592299166060055839,005,stuttering,clean_pool,8b5d9183c97bc5a71ca8b7aaf9b1ba95fff0d7b9777c6b01ecfbfcbea49086aa,16000,1,2,48000,3.0,-38.63,0.7497,0.0
7592299166060055839_seg_006.wav,data/interim/segmented_clean_relaxed/stuttering/7592299166060055839_seg_006.wav,7592299166060055839,006,stuttering,clean_pool,3b1d2de2abb95b234c3fbf4915b98405a1b7e2e3a0954e9f5afe3e4803edabfc,16000,1,2,48000,3.0,-32.58,0.4915,0.0
7592299166060055839_seg_007.wav,data/interim/segmented_clean_relaxed/stuttering/7592299166060055839_seg_007.wav,7592299166060055839,007,stuttering,clean_pool,5241635351ee31eecbe4c7564c23f424e1a95d93cb0a3f2de323714413403706,16000,1,2,48000,3.0,-31.23,0.586,0.0
7592299166060055839_seg_008.wav,data/interim/segmented_clean_relaxed/stuttering/7592299166060055839_seg_008.wav,7592299166060055839,008,stuttering,clean_pool,ca02093800d341386088b7745edab8bd6d40246ef88e35e5fb6ce06fe8fea2ce,16000,1,2,48000,3.0,-32.95,0.6185,0.0
7592299166060055839_seg_009.wav,data/interim/segmented_clean_relaxed/stuttering/7592299166060055839_seg_009.wav,7592299166060055839,009,stuttering,clean_pool,ccd83b368bb295e0a0fe1740de4e3f085f580bf980152dcf0bc10d59688778d1,16000,1,2,48000,3.0,-31.37,0.5956,0.0
7592299166060055839_seg_010.wav,data/interim/segmented_clean_relaxed/stuttering/7592299166060055839_seg_010.wav,7592299166060055839,010,stuttering,clean_pool,f52743a705f9fe3539f1940e08edeca5f4e6ee7a64dc2be463215f4efec38ff9,16000,1,2,48000,3.0,-35.73,0.5954,0.0
7592299166060055839_seg_011.wav,data/interim/segmented_clean_relaxed/stuttering/7592299166060055839_seg_011.wav,7592299166060055839,011,stuttering,clean_pool,a4356c46638d7cf333deaed58279bdaaf90115f6b2ff69498a32890bbb0c5530,16000,1,2,48000,3.0,-35.79,0.6909,0.0
7592299166060055839_seg_012.wav,data/interim/segmented_clean_relaxed/stuttering/7592299166060055839_seg_012.wav,7592299166060055839,012,stuttering,clean_pool,6b106e8a18c2096e29e73c038d027926a6351c8614a2e91a811173e11213ef00,16000,1,2,48000,3.0,-39.52,0.7337,0.0
7592299166060055839_seg_014.wav,data/interim/segmented_clean_relaxed/stuttering/7592299166060055839_seg_014.wav,7592299166060055839,014,stuttering,clean_pool,732e746d215a907e8df9f79e473fff8b7d0d1c9817fb4eaa818685ba77b827e6,16000,1,2,48000,3.0,-35.52,0.5868,0.0
7592299166060055839_seg_015.wav,data/interim/segmented_clean_relaxed/stuttering/7592299166060055839_seg_015.wav,7592299166060055839,015,stuttering,clean_pool,9b93643ca7b7289bad85e9e16775e44afc2b3691a683cb0007b1632908719c8c,16000,1,2,48000,3.0,-35.78,0.6944,0.0
7592299166060055839_seg_016.wav,data/interim/segmented_clean_relaxed/stuttering/7592299166060055839_seg_016.wav,7592299166060055839,016,stuttering,clean_pool,41088c757bb00b2714e8d0d5bf76d19b5116b6746da8a9d10140fa63a94dcb79,16000,1,2,48000,3.0,-35.16,0.5858,0.0
7592299166060055839_seg_017.wav,data/interim/segmented_clean_relaxed/stuttering/7592299166060055839_seg_017.wav,7592299166060055839,017,stuttering,clean_pool,970c9e1ab555f4d573e1ced7e21ff8d6ebb96a5af0016a583ac9ee1ad9266086,16000,1,2,48000,3.0,-40.82,0.7984,0.0
7592299166060055839_seg_018.wav,data/interim/segmented_clean_relaxed/stuttering/7592299166060055839_seg_018.wav,7592299166060055839,018,stuttering,clean_pool,25c0b7789585fc3f8db7d5051de64dbefc1e4c57d0e52483f779e8f0a3addb04,16000,1,2,48000,3.0,-37.52,0.7655,0.0
7592299166060055839_seg_019.wav,data/interim/segmented_clean_relaxed/stuttering/7592299166060055839_seg_019.wav,7592299166060055839,019,stuttering,clean_pool,1197c499aa8e392e414cd13540cfc5ef4b509457036f8feb61f52fd654d20589,16000,1,2,48000,3.0,-35.3,0.4941,0.0
7592299166060055839_seg_020.wav,data/interim/segmented_clean_relaxed/stuttering/7592299166060055839_seg_020.wav,7592299166060055839,020,stuttering,clean_pool,d18ca43ebf7d3dd09eea9f68fa46e08c9808409444631b42d329260b0f852ca3,16000,1,2,48000,3.0,-36.72,0.6095,0.0
7592299166060055839_seg_021.wav,data/interim/segmented_clean_relaxed/stuttering/7592299166060055839_seg_021.wav,7592299166060055839,021,stuttering,clean_pool,60c4a34c2d1ae2a0ee2b848aef15cc729ea482880597ab455d323c69497d6681,16000,1,2,48000,3.0,-29.77,0.553,0.0
7592299166060055839_seg_022.wav,data/interim/segmented_clean_relaxed/stuttering/7592299166060055839_seg_022.wav,7592299166060055839,022,stuttering,clean_pool,d7c04d0a473b04463cc3236d66f060b31a464d12dd03f414361b5cbe2c423a0a,16000,1,2,48000,3.0,-31.85,0.5696,0.0
7592299166060055839_seg_023.wav,data/interim/segmented_clean_relaxed/stuttering/7592299166060055839_seg_023.wav,7592299166060055839,023,stuttering,clean_pool,53e03471aac783db7f649474d96effec4debdbfd45b4fe7d83949c2c4234aec3,16000,1,2,48000,3.0,-32.04,0.3422,0.0
7592299166060055839_seg_024.wav,data/interim/segmented_clean_relaxed/stuttering/7592299166060055839_seg_024.wav,7592299166060055839,024,stuttering,clean_pool,eacde4c333845610f8906a4277e44b1b9ec85efcccaaa6bcb990f1045537f116,16000,1,2,48000,3.0,-37.46,0.5835,0.0
7592299166060055839_seg_025.wav,data/interim/segmented_clean_relaxed/stuttering/7592299166060055839_seg_025.wav,7592299166060055839,025,stuttering,clean_pool,d200938d5f66277ff10f2075e01f528628691bf9ecb923294ea5b00ca67f66a1,16000,1,2,48000,3.0,-35.62,0.5331,0.0
7592299166060055839_seg_026.wav,data/interim/segmented_clean_relaxed/stuttering/7592299166060055839_seg_026.wav,7592299166060055839,026,stuttering,clean_pool,ab53427a44d4f377c49766182a02ad6ce00a6d1908aab094b1118e75fcd34cba,16000,1,2,48000,3.0,-32.7,0.6105,0.0
7605234960105999647_seg_000.wav,data/interim/segmented_clean_relaxed/stuttering/7605234960105999647_seg_000.wav,7605234960105999647,000,stuttering,clean_pool,4300d907f027ec47d570cdb36c20ca535a2f4793118d6088a35c1e7f8b384744,16000,1,2,48000,3.0,-27.56,0.2179,0.0
7605234960105999647_seg_001.wav,data/interim/segmented_clean_relaxed/stuttering/7605234960105999647_seg_001.wav,7605234960105999647,001,stuttering,clean_pool,a013a6ec17cec72c1e81ef1c9e32c98dcacbbccd4843725208c3044828d3fd3f,16000,1,2,48000,3.0,-30.64,0.2174,0.0
7605234960105999647_seg_002.wav,data/interim/segmented_clean_relaxed/stuttering/7605234960105999647_seg_002.wav,7605234960105999647,002,stuttering,clean_pool,9aee3fb25644f499d2f9e5411b9b3e14ef42049e8513afd9cca7f1c7a3d11f2b,16000,1,2,48000,3.0,-26.67,0.1804,0.0
7605234960105999647_seg_003.wav,data/interim/segmented_clean_relaxed/stuttering/7605234960105999647_seg_003.wav,7605234960105999647,003,stuttering,clean_pool,e29691110c951071117bdb7bb7975727592032f5c06197a47c162a9d787152c0,16000,1,2,48000,3.0,-26.6,0.177,0.0
7605234960105999647_seg_004.wav,data/interim/segmented_clean_relaxed/stuttering/7605234960105999647_seg_004.wav,7605234960105999647,004,stuttering,clean_pool,483bff15a7cc368f65b675b6c410be202c528031ba71bee27b454f7850cf4db4,16000,1,2,48000,3.0,-26.0,0.2268,0.0
7605234960105999647_seg_005.wav,data/interim/segmented_clean_relaxed/stuttering/7605234960105999647_seg_005.wav,7605234960105999647,005,stuttering,clean_pool,1b780afa453c7ec0a220a4204dc7c686b8a0edd67b0872df4e7d40b7f05ba8e9,16000,1,2,48000,3.0,-26.43,0.2772,0.0
7605234960105999647_seg_006.wav,data/interim/segmented_clean_relaxed/stuttering/7605234960105999647_seg_006.wav,7605234960105999647,006,stuttering,clean_pool,53f9036917f82dfc9230cfd449db007965b340826dac7541ed8c611b7ec1da82,16000,1,2,48000,3.0,-27.92,0.2309,0.0
7605234960105999647_seg_007.wav,data/interim/segmented_clean_relaxed/stuttering/7605234960105999647_seg_007.wav,7605234960105999647,007,stuttering,clean_pool,9491bc0bca84ecaaf89a9c896651127200c307b13fa7237e713cec6c5e8e47b5,16000,1,2,48000,3.0,-28.41,0.3743,0.0
7605234960105999647_seg_008.wav,data/interim/segmented_clean_relaxed/stuttering/7605234960105999647_seg_008.wav,7605234960105999647,008,stuttering,clean_pool,383599b81bae3dad8d09d9916a95dcc3ab398903b7972b097ca6010ba6b65301,16000,1,2,48000,3.0,-27.49,0.3744,0.0
7605234960105999647_seg_009.wav,data/interim/segmented_clean_relaxed/stuttering/7605234960105999647_seg_009.wav,7605234960105999647,009,stuttering,clean_pool,69646bdb6236f602152ea84fe4df5e1867c06660410aa9090d0cb288dd8e5246,16000,1,2,48000,3.0,-27.68,0.3499,0.0
7605234960105999647_seg_010.wav,data/interim/segmented_clean_relaxed/stuttering/7605234960105999647_seg_010.wav,7605234960105999647,010,stuttering,clean_pool,ce83bd1389c37ddfc6d965d71c792f654c81cbd2960fb9bf67b1a9cdf417b312,16000,1,2,48000,3.0,-23.35,0.2072,0.0
7605234960105999647_seg_011.wav,data/interim/segmented_clean_relaxed/stuttering/7605234960105999647_seg_011.wav,7605234960105999647,011,stuttering,clean_pool,79ab43c8d025f6bf15b37188c46a28a04e6ef56b6002576c263b6ead077caf1d,16000,1,2,48000,3.0,-24.02,0.2275,0.0
7605234960105999647_seg_012.wav,data/interim/segmented_clean_relaxed/stuttering/7605234960105999647_seg_012.wav,7605234960105999647,012,stuttering,clean_pool,ab4ea31e833cae519bbd201f594d720563d5d7372ad83c07189572e0fa5bd82b,16000,1,2,48000,3.0,-26.76,0.3927,0.0
7605234960105999647_seg_013.wav,data/interim/segmented_clean_relaxed/stuttering/7605234960105999647_seg_013.wav,7605234960105999647,013,stuttering,clean_pool,f4b4a16c11012157c84768cbad9fbcf1abf008ab0610be851703cf58e2dfa8d3,16000,1,2,48000,3.0,-24.77,0.1941,0.0
7605234960105999647_seg_014.wav,data/interim/segmented_clean_relaxed/stuttering/7605234960105999647_seg_014.wav,7605234960105999647,014,stuttering,clean_pool,effa1eaebc2b390f919213464ed33fd6ec8c2652436c9418dd8860a519310b3f,16000,1,2,48000,3.0,-30.42,0.3878,0.0
7605234960105999647_seg_015.wav,data/interim/segmented_clean_relaxed/stuttering/7605234960105999647_seg_015.wav,7605234960105999647,015,stuttering,clean_pool,5437dacf726d9015f212c42c4c93cc8847d598cb1594528a0e0fd45f168c7ccf,16000,1,2,48000,3.0,-31.04,0.3456,0.0
7605234960105999647_seg_016.wav,data/interim/segmented_clean_relaxed/stuttering/7605234960105999647_seg_016.wav,7605234960105999647,016,stuttering,clean_pool,e680b54c1f0d395b9e44cf00ecf7db48369518e48daf97c3bf2261cc93386dad,16000,1,2,48000,3.0,-28.59,0.3854,0.0
7605234960105999647_seg_017.wav,data/interim/segmented_clean_relaxed/stuttering/7605234960105999647_seg_017.wav,7605234960105999647,017,stuttering,clean_pool,7783e159258a3ff4e6e254a0782626308cc4aec3bb39178a0ce7a65b96d2dab1,16000,1,2,48000,3.0,-23.65,0.3168,0.0
AdgBK2_WQK0_seg_000.wav,data/interim/segmented_clean_relaxed/stuttering/AdgBK2_WQK0_seg_000.wav,AdgBK2_WQK0,000,stuttering,clean_pool,21d4a3c2b02ff79e21ecbe58c743dffc5d0d5d11f515a3d9a324b71d406f72ff,16000,1,2,48000,3.0,-28.62,0.4432,0.0
AdgBK2_WQK0_seg_001.wav,data/interim/segmented_clean_relaxed/stuttering/AdgBK2_WQK0_seg_001.wav,AdgBK2_WQK0,001,stuttering,clean_pool,13598233647ba16e9e05ccb61d8b084589184c36e44226ef50ad7a38809aa061,16000,1,2,48000,3.0,-30.85,0.6187,0.0
AdgBK2_WQK0_seg_002.wav,data/interim/segmented_clean_relaxed/stuttering/AdgBK2_WQK0_seg_002.wav,AdgBK2_WQK0,002,stuttering,clean_pool,c18a5ebcfe8f59a39e701334a8569d98b1e9c422722489b1913439d1b3f1d848,16000,1,2,48000,3.0,-32.31,0.4288,0.0
AdgBK2_WQK0_seg_003.wav,data/interim/segmented_clean_relaxed/stuttering/AdgBK2_WQK0_seg_003.wav,AdgBK2_WQK0,003,stuttering,clean_pool,cb143de2739262e03a0f393d365c64ec1a9738d3d9165d73ccb90ba2f67b4232,16000,1,2,48000,3.0,-32.29,0.3352,0.0
AdgBK2_WQK0_seg_004.wav,data/interim/segmented_clean_relaxed/stuttering/AdgBK2_WQK0_seg_004.wav,AdgBK2_WQK0,004,stuttering,clean_pool,b38e03874138c06ec2f34825084d5a103d0faf1d936ad55cdec2bebdfa3e68df,16000,1,2,48000,3.0,-26.2,0.2781,0.0
AdgBK2_WQK0_seg_005.wav,data/interim/segmented_clean_relaxed/stuttering/AdgBK2_WQK0_seg_005.wav,AdgBK2_WQK0,005,stuttering,clean_pool,8658df4977ead7b33efc8cccc9618e8c9cea80821cd2ab1c2faee6a8bb4ec979,16000,1,2,48000,3.0,-30.02,0.4588,0.0
AdgBK2_WQK0_seg_006.wav,data/interim/segmented_clean_relaxed/stuttering/AdgBK2_WQK0_seg_006.wav,AdgBK2_WQK0,006,stuttering,clean_pool,3471c4f299b87fb147940b229d86f5545233aef5e28ebc426b6e7b956c1ae0ec,16000,1,2,48000,3.0,-31.95,0.4544,0.0
AdgBK2_WQK0_seg_007.wav,data/interim/segmented_clean_relaxed/stuttering/AdgBK2_WQK0_seg_007.wav,AdgBK2_WQK0,007,stuttering,clean_pool,0987934a67d83f4b45316acbb48d5d45a2d67f91a3c799704ad2404e8a35eee1,16000,1,2,48000,3.0,-27.98,0.3069,0.0
AdgBK2_WQK0_seg_008.wav,data/interim/segmented_clean_relaxed/stuttering/AdgBK2_WQK0_seg_008.wav,AdgBK2_WQK0,008,stuttering,clean_pool,25e5c41800093604ea7352d51c5a89ebe938b3e921381120c22b49ea15e2ad04,16000,1,2,48000,3.0,-27.26,0.405,0.0
AdgBK2_WQK0_seg_009.wav,data/interim/segmented_clean_relaxed/stuttering/AdgBK2_WQK0_seg_009.wav,AdgBK2_WQK0,009,stuttering,clean_pool,b673ed924e0641033ddb8e4c587318a682d6ee5166eb19c34844848ffc6d1f7e,16000,1,2,48000,3.0,-30.62,0.5485,0.0
AdgBK2_WQK0_seg_010.wav,data/interim/segmented_clean_relaxed/stuttering/AdgBK2_WQK0_seg_010.wav,AdgBK2_WQK0,010,stuttering,clean_pool,490d3a9d64d54300d3762af1d86d552301392e0223ad52a48aa7ea30ae23056f,16000,1,2,48000,3.0,-26.24,0.4104,0.0
AdgBK2_WQK0_seg_011.wav,data/interim/segmented_clean_relaxed/stuttering/AdgBK2_WQK0_seg_011.wav,AdgBK2_WQK0,011,stuttering,clean_pool,458afd6fe8cb80b63ba2625055384f9286b5a506f8c721fa073c3f3cf096e33f,16000,1,2,48000,3.0,-27.3,0.2566,0.0
AdgBK2_WQK0_seg_012.wav,data/interim/segmented_clean_relaxed/stuttering/AdgBK2_WQK0_seg_012.wav,AdgBK2_WQK0,012,stuttering,clean_pool,6f57eb557eba9716cd2b35a9e7914cba8a12a48ca09b44c16c8202ecf53579cc,16000,1,2,48000,3.0,-25.64,0.4837,0.0
AdgBK2_WQK0_seg_013.wav,data/interim/segmented_clean_relaxed/stuttering/AdgBK2_WQK0_seg_013.wav,AdgBK2_WQK0,013,stuttering,clean_pool,a16341d62f3df4ed656a615773a09a4e871ba8921e75cbdaffd0d7617f72f238,16000,1,2,48000,3.0,-28.77,0.2695,0.0
AdgBK2_WQK0_seg_014.wav,data/interim/segmented_clean_relaxed/stuttering/AdgBK2_WQK0_seg_014.wav,AdgBK2_WQK0,014,stuttering,clean_pool,60995b0a4fa00fa49544ba34c4ab8efcdd2c965153b6a33dcb64e67e9ae93b9a,16000,1,2,48000,3.0,-36.19,0.6587,0.0
AdgBK2_WQK0_seg_015.wav,data/interim/segmented_clean_relaxed/stuttering/AdgBK2_WQK0_seg_015.wav,AdgBK2_WQK0,015,stuttering,clean_pool,7321ca00588f017546ad7f4c107bb2042239c7decd838b115688b86c12353580,16000,1,2,48000,3.0,-31.44,0.322,0.0
AdgBK2_WQK0_seg_016.wav,data/interim/segmented_clean_relaxed/stuttering/AdgBK2_WQK0_seg_016.wav,AdgBK2_WQK0,016,stuttering,clean_pool,268de0e8c2c52a88214ef83f856dd0123de02e6c6aa7558e8fd3738983e6f839,16000,1,2,48000,3.0,-34.57,0.6296,0.0
AdgBK2_WQK0_seg_017.wav,data/interim/segmented_clean_relaxed/stuttering/AdgBK2_WQK0_seg_017.wav,AdgBK2_WQK0,017,stuttering,clean_pool,e2533285453e53a254a877514c02d5e055375065042dd823045747f91a17169c,16000,1,2,48000,3.0,-28.54,0.4158,0.0
AdgBK2_WQK0_seg_018.wav,data/interim/segmented_clean_relaxed/stuttering/AdgBK2_WQK0_seg_018.wav,AdgBK2_WQK0,018,stuttering,clean_pool,66f0b1bbfc519b2f06786f8d7465acce2d15852f4d0af0cc18ff427010a7955d,16000,1,2,48000,3.0,-27.96,0.4415,0.0
AdgBK2_WQK0_seg_019.wav,data/interim/segmented_clean_relaxed/stuttering/AdgBK2_WQK0_seg_019.wav,AdgBK2_WQK0,019,stuttering,clean_pool,8410af0a3908965df2867f4fc5283a96c980efdde73822ff147e004756670bc7,16000,1,2,48000,3.0,-29.82,0.4285,0.0
AdgBK2_WQK0_seg_020.wav,data/interim/segmented_clean_relaxed/stuttering/AdgBK2_WQK0_seg_020.wav,AdgBK2_WQK0,020,stuttering,clean_pool,738518c789f5d8e00c158ebafba715309c2a9a2a74c26dc531f569b8b897f8c2,16000,1,2,48000,3.0,-28.34,0.3079,0.0
AdgBK2_WQK0_seg_021.wav,data/interim/segmented_clean_relaxed/stuttering/AdgBK2_WQK0_seg_021.wav,AdgBK2_WQK0,021,stuttering,clean_pool,26c19e941bd4b3d8408a7d6ed16c244858fa532c284068b264d536c226004e6e,16000,1,2,48000,3.0,-26.9,0.3421,0.0
AdgBK2_WQK0_seg_022.wav,data/interim/segmented_clean_relaxed/stuttering/AdgBK2_WQK0_seg_022.wav,AdgBK2_WQK0,022,stuttering,clean_pool,882bd5f2c814becbb4bb575d299469b4eb9b8e25a314b7d46ea0226a7be3e6f5,16000,1,2,48000,3.0,-27.14,0.3979,0.0
AdgBK2_WQK0_seg_023.wav,data/interim/segmented_clean_relaxed/stuttering/AdgBK2_WQK0_seg_023.wav,AdgBK2_WQK0,023,stuttering,clean_pool,04a5c2483f641216ed31d035920576cfcdfbaf9f787b7c1b3fa8f3d2ea88e750,16000,1,2,48000,3.0,-27.08,0.4156,0.0
AdgBK2_WQK0_seg_024.wav,data/interim/segmented_clean_relaxed/stuttering/AdgBK2_WQK0_seg_024.wav,AdgBK2_WQK0,024,stuttering,clean_pool,5d6ab58dccaca974c09c951c9b906fe00e46a3991685803ad14633eec817025b,16000,1,2,48000,3.0,-28.86,0.2311,0.0
AdgBK2_WQK0_seg_025.wav,data/interim/segmented_clean_relaxed/stuttering/AdgBK2_WQK0_seg_025.wav,AdgBK2_WQK0,025,stuttering,clean_pool,fc74c497a17990cd9edc5623cb5e64f0d558c23b8bf5aaae8ccafbc9d3ea4bd3,16000,1,2,48000,3.0,-27.03,0.5494,0.0
AdgBK2_WQK0_seg_026.wav,data/interim/segmented_clean_relaxed/stuttering/AdgBK2_WQK0_seg_026.wav,AdgBK2_WQK0,026,stuttering,clean_pool,89a56bff5e3760654e89bf1e63f447fa3c986263483ee2a0be679d10a0d7d032,16000,1,2,48000,3.0,-24.88,0.35,0.0
AdgBK2_WQK0_seg_027.wav,data/interim/segmented_clean_relaxed/stuttering/AdgBK2_WQK0_seg_027.wav,AdgBK2_WQK0,027,stuttering,clean_pool,034051f7ed1139dc36ffd9ac6c2899f258d49f5123751b1b36117c4431cce81b,16000,1,2,48000,3.0,-27.66,0.3869,0.0
AdgBK2_WQK0_seg_028.wav,data/interim/segmented_clean_relaxed/stuttering/AdgBK2_WQK0_seg_028.wav,AdgBK2_WQK0,028,stuttering,clean_pool,32e684fe504ddad3d6d73dce8b033d229915ce858b6fdc62fd99dc44dd74f05d,16000,1,2,48000,3.0,-27.65,0.2958,0.0
AdgBK2_WQK0_seg_029.wav,data/interim/segmented_clean_relaxed/stuttering/AdgBK2_WQK0_seg_029.wav,AdgBK2_WQK0,029,stuttering,clean_pool,60635513e16fe6dcb70bdcd589cb48fac2b7ce4ef783f39cb4cf63b30c6989ef,16000,1,2,48000,3.0,-27.85,0.2581,0.0
AdgBK2_WQK0_seg_030.wav,data/interim/segmented_clean_relaxed/stuttering/AdgBK2_WQK0_seg_030.wav,AdgBK2_WQK0,030,stuttering,clean_pool,ae044494ea294c8e7b02a150e57a593a6597ce10ac0133011be6e586b9978e0b,16000,1,2,48000,3.0,-27.6,0.3325,0.0
AdgBK2_WQK0_seg_031.wav,data/interim/segmented_clean_relaxed/stuttering/AdgBK2_WQK0_seg_031.wav,AdgBK2_WQK0,031,stuttering,clean_pool,131510ff3b4a8ff9771ecab5d7587d9907e365c149c1b22b34bc7dbd8664b0d2,16000,1,2,48000,3.0,-29.36,0.3241,0.0
AdgBK2_WQK0_seg_032.wav,data/interim/segmented_clean_relaxed/stuttering/AdgBK2_WQK0_seg_032.wav,AdgBK2_WQK0,032,stuttering,clean_pool,d4f0a1f30a5d03acd754348e2f1111bb693f519584811d3a1c2281545e8f115d,16000,1,2,48000,3.0,-30.07,0.4031,0.0
AdgBK2_WQK0_seg_033.wav,data/interim/segmented_clean_relaxed/stuttering/AdgBK2_WQK0_seg_033.wav,AdgBK2_WQK0,033,stuttering,clean_pool,d812b96ce8f3b9e10b9c2b0e3db5293ac3e057b8e53032c7b689b8bdbae55ed7,16000,1,2,48000,3.0,-28.76,0.3254,0.0
AdgBK2_WQK0_seg_034.wav,data/interim/segmented_clean_relaxed/stuttering/AdgBK2_WQK0_seg_034.wav,AdgBK2_WQK0,034,stuttering,clean_pool,1848557a35cbf237e470071ec25a495f010da8a749884b7a613681afaa914360,16000,1,2,48000,3.0,-35.4,0.5235,0.0
AdgBK2_WQK0_seg_035.wav,data/interim/segmented_clean_relaxed/stuttering/AdgBK2_WQK0_seg_035.wav,AdgBK2_WQK0,035,stuttering,clean_pool,7f0c5ea26d7ef951e14c11d3a5f121cdca17ec818cf7af192d594976c133f42a,16000,1,2,48000,3.0,-25.25,0.4429,0.0
AdgBK2_WQK0_seg_036.wav,data/interim/segmented_clean_relaxed/stuttering/AdgBK2_WQK0_seg_036.wav,AdgBK2_WQK0,036,stuttering,clean_pool,60020f9602e325b6225ce78f9c4345d89ffe77b241e5e52b4a13b619813ef7ce,16000,1,2,48000,3.0,-26.29,0.339,0.0
AdgBK2_WQK0_seg_037.wav,data/interim/segmented_clean_relaxed/stuttering/AdgBK2_WQK0_seg_037.wav,AdgBK2_WQK0,037,stuttering,clean_pool,fa8c6cb82ab640a0df14bca1585120247efab111936733059d67905668602b4c,16000,1,2,48000,3.0,-27.0,0.4657,0.0
AdgBK2_WQK0_seg_038.wav,data/interim/segmented_clean_relaxed/stuttering/AdgBK2_WQK0_seg_038.wav,AdgBK2_WQK0,038,stuttering,clean_pool,96c83b6148df266e07d296d50f4df0558de24faf4eea507ed840f3c6d83c575d,16000,1,2,48000,3.0,-28.11,0.2591,0.0
AdgBK2_WQK0_seg_039.wav,data/interim/segmented_clean_relaxed/stuttering/AdgBK2_WQK0_seg_039.wav,AdgBK2_WQK0,039,stuttering,clean_pool,3096f828bb31783e9319f824fa4722c698881b868842eb06ebb8a8c2e6336848,16000,1,2,48000,3.0,-27.84,0.5249,0.0
AdgBK2_WQK0_seg_040.wav,data/interim/segmented_clean_relaxed/stuttering/AdgBK2_WQK0_seg_040.wav,AdgBK2_WQK0,040,stuttering,clean_pool,950cd61c96bf46440372c189a4909ba35b4bb923bb6dff46970da78989235041,16000,1,2,48000,3.0,-29.7,0.4259,0.0
AdgBK2_WQK0_seg_041.wav,data/interim/segmented_clean_relaxed/stuttering/AdgBK2_WQK0_seg_041.wav,AdgBK2_WQK0,041,stuttering,clean_pool,a962229e09102f7e884a6e29e7e1f15ffc3a17ffd9591f26e2d7438b8585a481,16000,1,2,48000,3.0,-26.81,0.3802,0.0
AdgBK2_WQK0_seg_042.wav,data/interim/segmented_clean_relaxed/stuttering/AdgBK2_WQK0_seg_042.wav,AdgBK2_WQK0,042,stuttering,clean_pool,d49d67d6a4051aabfebd711f11869e2f5cb42f10fdb58dfdc54b7cd9e24adee6,16000,1,2,48000,3.0,-26.7,0.4191,0.0
AdgBK2_WQK0_seg_043.wav,data/interim/segmented_clean_relaxed/stuttering/AdgBK2_WQK0_seg_043.wav,AdgBK2_WQK0,043,stuttering,clean_pool,5f10c495ef1c78c41fa1d17f85bf0086d9c9c345040dce246179884d22710830,16000,1,2,48000,3.0,-26.37,0.2553,0.0
AdgBK2_WQK0_seg_044.wav,data/interim/segmented_clean_relaxed/stuttering/AdgBK2_WQK0_seg_044.wav,AdgBK2_WQK0,044,stuttering,clean_pool,a42b4288097026f8bc56d0db8b5733cefd8eb2619692c248b29c13599d305e7b,16000,1,2,48000,3.0,-30.47,0.3038,0.0
AdgBK2_WQK0_seg_045.wav,data/interim/segmented_clean_relaxed/stuttering/AdgBK2_WQK0_seg_045.wav,AdgBK2_WQK0,045,stuttering,clean_pool,04fc18b5d2e83fcee5e227a899fd4f892c612df03ac9f00fe2a28954607218ab,16000,1,2,48000,3.0,-31.5,0.6813,0.0
AdgBK2_WQK0_seg_046.wav,data/interim/segmented_clean_relaxed/stuttering/AdgBK2_WQK0_seg_046.wav,AdgBK2_WQK0,046,stuttering,clean_pool,705fe58707dffa1027516331e767f1db857382b2671bfee822fc48c5a4ce583c,16000,1,2,48000,3.0,-24.62,0.4048,0.0
AdgBK2_WQK0_seg_047.wav,data/interim/segmented_clean_relaxed/stuttering/AdgBK2_WQK0_seg_047.wav,AdgBK2_WQK0,047,stuttering,clean_pool,badcdac94ff9644b71b08b785e8519d2c5e04b705231fcb256583fce718a9270,16000,1,2,48000,3.0,-28.44,0.4112,0.0
AdgBK2_WQK0_seg_048.wav,data/interim/segmented_clean_relaxed/stuttering/AdgBK2_WQK0_seg_048.wav,AdgBK2_WQK0,048,stuttering,clean_pool,ea2a9c2861fcf047c710982a01f3ce7a15632205519da96c1a358717df06e2d5,16000,1,2,48000,3.0,-30.55,0.3238,0.0
AdgBK2_WQK0_seg_049.wav,data/interim/segmented_clean_relaxed/stuttering/AdgBK2_WQK0_seg_049.wav,AdgBK2_WQK0,049,stuttering,clean_pool,b54a8fae6dbf8550c3314fda8598de0b9dc7242e99c2621c99bfb5f2a5412a31,16000,1,2,48000,3.0,-29.38,0.4158,0.0
AdgBK2_WQK0_seg_050.wav,data/interim/segmented_clean_relaxed/stuttering/AdgBK2_WQK0_seg_050.wav,AdgBK2_WQK0,050,stuttering,clean_pool,f2840dc00d050b2de6697a27cd8161b90b1cce9f360f21ea08afbeda824c8f0b,16000,1,2,48000,3.0,-28.09,0.2233,0.0
AdgBK2_WQK0_seg_051.wav,data/interim/segmented_clean_relaxed/stuttering/AdgBK2_WQK0_seg_051.wav,AdgBK2_WQK0,051,stuttering,clean_pool,1bda22755170a5ecc85b9ac7015ceb18468bccaeefdf7b661339e4a466859809,16000,1,2,48000,3.0,-34.82,0.4748,0.0
AdgBK2_WQK0_seg_052.wav,data/interim/segmented_clean_relaxed/stuttering/AdgBK2_WQK0_seg_052.wav,AdgBK2_WQK0,052,stuttering,clean_pool,b70999268bcdfe5f0065a66a420ad7db8f6e3ca441464b56e6d9d97079e6a603,16000,1,2,48000,3.0,-31.98,0.5213,0.0
AdgBK2_WQK0_seg_053.wav,data/interim/segmented_clean_relaxed/stuttering/AdgBK2_WQK0_seg_053.wav,AdgBK2_WQK0,053,stuttering,clean_pool,b0b0841561370a2f82b235f83ab60542099fb686a67cf8dd7540595e73cfc1fc,16000,1,2,48000,3.0,-28.42,0.4101,0.0
AdgBK2_WQK0_seg_054.wav,data/interim/segmented_clean_relaxed/stuttering/AdgBK2_WQK0_seg_054.wav,AdgBK2_WQK0,054,stuttering,clean_pool,723abfcc8f6d21401a61a47cf1af34061b752cfa9842a9d4f8939aeee1406547,16000,1,2,48000,3.0,-33.75,0.5088,0.0
AdgBK2_WQK0_seg_055.wav,data/interim/segmented_clean_relaxed/stuttering/AdgBK2_WQK0_seg_055.wav,AdgBK2_WQK0,055,stuttering,clean_pool,e537795e15ccdefc3e672842b39cd0a0f80690da4e1e2318378633813b06b129,16000,1,2,48000,3.0,-33.76,0.2655,0.0
AdgBK2_WQK0_seg_056.wav,data/interim/segmented_clean_relaxed/stuttering/AdgBK2_WQK0_seg_056.wav,AdgBK2_WQK0,056,stuttering,clean_pool,6e58220043d52b00a5455ca4d1efabef21758e1f49ac7fe133f23c3cbe856a80,16000,1,2,48000,3.0,-25.72,0.4939,0.0
AdgBK2_WQK0_seg_057.wav,data/interim/segmented_clean_relaxed/stuttering/AdgBK2_WQK0_seg_057.wav,AdgBK2_WQK0,057,stuttering,clean_pool,c774715bd1c454d2b5a19d04f9720d9cc01ed1e079dc7997d5de2d8f4f6c7dc4,16000,1,2,48000,3.0,-27.24,0.4123,0.0
AdgBK2_WQK0_seg_058.wav,data/interim/segmented_clean_relaxed/stuttering/AdgBK2_WQK0_seg_058.wav,AdgBK2_WQK0,058,stuttering,clean_pool,a37e5131753f63a6a47113071a6fa82157de5e4444d4d7dde044e13d24ae68c7,16000,1,2,48000,3.0,-31.64,0.4255,0.0
AdgBK2_WQK0_seg_059.wav,data/interim/segmented_clean_relaxed/stuttering/AdgBK2_WQK0_seg_059.wav,AdgBK2_WQK0,059,stuttering,clean_pool,15fdbb3b26938a242ab7ea4603defa49b9c996d556f49067af33f92bfe363a2c,16000,1,2,48000,3.0,-30.46,0.4641,0.0
AdgBK2_WQK0_seg_060.wav,data/interim/segmented_clean_relaxed/stuttering/AdgBK2_WQK0_seg_060.wav,AdgBK2_WQK0,060,stuttering,clean_pool,54a339ff2ca3233cdc8347c702a038c0e0a846bdf35a3b9de27c6135b9054bf4,16000,1,2,48000,3.0,-26.73,0.2841,0.0
AdgBK2_WQK0_seg_061.wav,data/interim/segmented_clean_relaxed/stuttering/AdgBK2_WQK0_seg_061.wav,AdgBK2_WQK0,061,stuttering,clean_pool,4ca15668e379d0856c4088d03873a9cd1711012513991c28bf9c39a8ebf0b9c1,16000,1,2,48000,3.0,-29.31,0.3914,0.0
AdgBK2_WQK0_seg_062.wav,data/interim/segmented_clean_relaxed/stuttering/AdgBK2_WQK0_seg_062.wav,AdgBK2_WQK0,062,stuttering,clean_pool,1ead451156684297a8f8a8c2e334d3c3309619f39678ebfeae4d1cb8d79e40d5,16000,1,2,48000,3.0,-32.65,0.5413,0.0
AdgBK2_WQK0_seg_063.wav,data/interim/segmented_clean_relaxed/stuttering/AdgBK2_WQK0_seg_063.wav,AdgBK2_WQK0,063,stuttering,clean_pool,c1c2c41f1ec48add59d0a30ecfa98c6b5c03409e8d86abc206de615d4327529b,16000,1,2,48000,3.0,-28.38,0.2935,0.0
AdgBK2_WQK0_seg_064.wav,data/interim/segmented_clean_relaxed/stuttering/AdgBK2_WQK0_seg_064.wav,AdgBK2_WQK0,064,stuttering,clean_pool,9ede8835415d97de650ab4b98345c711f23f25d61bf9b7686a4f4d8991d8ad11,16000,1,2,48000,3.0,-29.33,0.4721,0.0
AdgBK2_WQK0_seg_065.wav,data/interim/segmented_clean_relaxed/stuttering/AdgBK2_WQK0_seg_065.wav,AdgBK2_WQK0,065,stuttering,clean_pool,86fd7df229cdbb2480d1f9d6fae6f826bcb7d277b4a2446b9b83f26d07e60f49,16000,1,2,48000,3.0,-26.28,0.3549,0.0
AdgBK2_WQK0_seg_066.wav,data/interim/segmented_clean_relaxed/stuttering/AdgBK2_WQK0_seg_066.wav,AdgBK2_WQK0,066,stuttering,clean_pool,c1e98c1a63e10272ddf29d4557f64bade107531d80f0f7861cb9ef79543820d7,16000,1,2,48000,3.0,-27.1,0.2996,0.0
AdgBK2_WQK0_seg_067.wav,data/interim/segmented_clean_relaxed/stuttering/AdgBK2_WQK0_seg_067.wav,AdgBK2_WQK0,067,stuttering,clean_pool,36f3ac72ae9d8af9d5156d04b1ee1c934a92acae9e8f3bfd89a101f1eff61ce8,16000,1,2,48000,3.0,-26.92,0.4407,0.0
AdgBK2_WQK0_seg_068.wav,data/interim/segmented_clean_relaxed/stuttering/AdgBK2_WQK0_seg_068.wav,AdgBK2_WQK0,068,stuttering,clean_pool,109d2b49fafe07376a543e9c5c23e641f9c07dfd83b9c906e02bf8bd78140e3f,16000,1,2,48000,3.0,-30.05,0.2016,0.0
AdgBK2_WQK0_seg_069.wav,data/interim/segmented_clean_relaxed/stuttering/AdgBK2_WQK0_seg_069.wav,AdgBK2_WQK0,069,stuttering,clean_pool,e8846c1ac6af8c991ca169537ef116a8474e040499e00fde840b6acb71b55e2e,16000,1,2,48000,3.0,-29.08,0.3085,0.0
AdgBK2_WQK0_seg_070.wav,data/interim/segmented_clean_relaxed/stuttering/AdgBK2_WQK0_seg_070.wav,AdgBK2_WQK0,070,stuttering,clean_pool,1d8fb1f49934b65e6fb34b2d52cb1bd0225f481e6d86f3e02f25315cacb9e475,16000,1,2,48000,3.0,-28.64,0.4577,0.0
AdgBK2_WQK0_seg_071.wav,data/interim/segmented_clean_relaxed/stuttering/AdgBK2_WQK0_seg_071.wav,AdgBK2_WQK0,071,stuttering,clean_pool,11a60228ae80952d3a43037acfd387d1a65231da89b3e8a14d9c5418cd1f8e10,16000,1,2,48000,3.0,-26.49,0.4692,0.0
AdgBK2_WQK0_seg_072.wav,data/interim/segmented_clean_relaxed/stuttering/AdgBK2_WQK0_seg_072.wav,AdgBK2_WQK0,072,stuttering,clean_pool,3a899471c97962de022facc76d0d07dc170ac11cd7324da14efda7285663f002,16000,1,2,48000,3.0,-27.34,0.4763,0.0
AdgBK2_WQK0_seg_073.wav,data/interim/segmented_clean_relaxed/stuttering/AdgBK2_WQK0_seg_073.wav,AdgBK2_WQK0,073,stuttering,clean_pool,9d08ed0362025f111cf98a5a809b6a6b7504fe95946ec128e0b47fe385832909,16000,1,2,48000,3.0,-31.1,0.3727,0.0
AdgBK2_WQK0_seg_074.wav,data/interim/segmented_clean_relaxed/stuttering/AdgBK2_WQK0_seg_074.wav,AdgBK2_WQK0,074,stuttering,clean_pool,67c3a3c5787730c2517effff290e8ea9bef9628fa283c22ba12eca6e37367aa6,16000,1,2,48000,3.0,-28.05,0.2798,0.0
AdgBK2_WQK0_seg_075.wav,data/interim/segmented_clean_relaxed/stuttering/AdgBK2_WQK0_seg_075.wav,AdgBK2_WQK0,075,stuttering,clean_pool,e2cd3e160443117295470e61ad856628b96d8fb7aeabd98b0767135915502bf4,16000,1,2,48000,3.0,-28.28,0.4473,0.0
AdgBK2_WQK0_seg_076.wav,data/interim/segmented_clean_relaxed/stuttering/AdgBK2_WQK0_seg_076.wav,AdgBK2_WQK0,076,stuttering,clean_pool,b5b58dc8d0d035c2691ac9178fb92f3968e7ee374a611d8d702f6dab678ccba2,16000,1,2,48000,3.0,-27.65,0.4796,0.0
AdgBK2_WQK0_seg_077.wav,data/interim/segmented_clean_relaxed/stuttering/AdgBK2_WQK0_seg_077.wav,AdgBK2_WQK0,077,stuttering,clean_pool,cdbfa815fb46f6e22286f24a9416418cea5679e3da81d8071fefb0aaf233490e,16000,1,2,48000,3.0,-29.65,0.5083,0.0
AdgBK2_WQK0_seg_078.wav,data/interim/segmented_clean_relaxed/stuttering/AdgBK2_WQK0_seg_078.wav,AdgBK2_WQK0,078,stuttering,clean_pool,238cc0160305af6a9f37167d0859f9e6068fffed89d9cc432c667de2ef954fe5,16000,1,2,48000,3.0,-29.28,0.2703,0.0
AdgBK2_WQK0_seg_079.wav,data/interim/segmented_clean_relaxed/stuttering/AdgBK2_WQK0_seg_079.wav,AdgBK2_WQK0,079,stuttering,clean_pool,6105bf702cf37ac5e1a545307a24645141c7b4837566c864befc483160aa571a,16000,1,2,48000,3.0,-28.75,0.337,0.0
AdgBK2_WQK0_seg_080.wav,data/interim/segmented_clean_relaxed/stuttering/AdgBK2_WQK0_seg_080.wav,AdgBK2_WQK0,080,stuttering,clean_pool,2e3d93bc55ef45e1271f1ffab34ae8d36288d7c11a9862536387350ff6666ada,16000,1,2,48000,3.0,-30.04,0.3772,0.0
AdgBK2_WQK0_seg_081.wav,data/interim/segmented_clean_relaxed/stuttering/AdgBK2_WQK0_seg_081.wav,AdgBK2_WQK0,081,stuttering,clean_pool,bd70e012c22bcb131487cf6c6178c2cf5c44c71f4e4da544e12a6b0c7cfaa929,16000,1,2,48000,3.0,-27.17,0.4065,0.0
AdgBK2_WQK0_seg_082.wav,data/interim/segmented_clean_relaxed/stuttering/AdgBK2_WQK0_seg_082.wav,AdgBK2_WQK0,082,stuttering,clean_pool,3e5644cf117514a38a7e419c5d2cb80eb9a52a64c7d75791c3173ed0c3167575,16000,1,2,48000,3.0,-31.0,0.3537,0.0
AdgBK2_WQK0_seg_083.wav,data/interim/segmented_clean_relaxed/stuttering/AdgBK2_WQK0_seg_083.wav,AdgBK2_WQK0,083,stuttering,clean_pool,d9a0122c079f4b3431fe52a604370d5427e39af085531c03db7bda31b4764b57,16000,1,2,48000,3.0,-26.78,0.396,0.0
AdgBK2_WQK0_seg_084.wav,data/interim/segmented_clean_relaxed/stuttering/AdgBK2_WQK0_seg_084.wav,AdgBK2_WQK0,084,stuttering,clean_pool,5a490f67b66460731d4db781982e1ddb964bf2958246790e7222c969d9971867,16000,1,2,48000,3.0,-27.85,0.3362,0.0
AdgBK2_WQK0_seg_085.wav,data/interim/segmented_clean_relaxed/stuttering/AdgBK2_WQK0_seg_085.wav,AdgBK2_WQK0,085,stuttering,clean_pool,87da40c81b545c19acc5581bc7e8b0c6f93626bedba4e84caa8fba9b62250ae7,16000,1,2,48000,3.0,-31.61,0.4713,0.0
AdgBK2_WQK0_seg_086.wav,data/interim/segmented_clean_relaxed/stuttering/AdgBK2_WQK0_seg_086.wav,AdgBK2_WQK0,086,stuttering,clean_pool,d670549be1dfa61a2a161acc4555a03d0e77e895ceb143df9c3c1c007ac20a8d,16000,1,2,48000,3.0,-30.04,0.4816,0.0
AdgBK2_WQK0_seg_087.wav,data/interim/segmented_clean_relaxed/stuttering/AdgBK2_WQK0_seg_087.wav,AdgBK2_WQK0,087,stuttering,clean_pool,850712252b871db9a31ea474d0b595a2507d4cf5602df8715df1eb63c4b60b4e,16000,1,2,48000,3.0,-27.4,0.5989,0.0
AdgBK2_WQK0_seg_088.wav,data/interim/segmented_clean_relaxed/stuttering/AdgBK2_WQK0_seg_088.wav,AdgBK2_WQK0,088,stuttering,clean_pool,e1da86b55d44172886bd3373cb847609bc610bd948d4dcf466b8fe9833da00dd,16000,1,2,48000,3.0,-26.36,0.3807,0.0
AdgBK2_WQK0_seg_089.wav,data/interim/segmented_clean_relaxed/stuttering/AdgBK2_WQK0_seg_089.wav,AdgBK2_WQK0,089,stuttering,clean_pool,4815e5f112446ff6745dce259d5a54837b275ebfda75c6fc6144f59ffeee703e,16000,1,2,48000,3.0,-29.19,0.3342,0.0
AdgBK2_WQK0_seg_090.wav,data/interim/segmented_clean_relaxed/stuttering/AdgBK2_WQK0_seg_090.wav,AdgBK2_WQK0,090,stuttering,clean_pool,8e3681b6ffbad2805d628906234c55cf42b3e7c9b723dbdc03fdaecafa66b63b,16000,1,2,48000,3.0,-30.99,0.4062,0.0
AdgBK2_WQK0_seg_091.wav,data/interim/segmented_clean_relaxed/stuttering/AdgBK2_WQK0_seg_091.wav,AdgBK2_WQK0,091,stuttering,clean_pool,0049969c48989e5bc47dee74d815cd0885988fa9163545d5a9bdccb9fffb71bd,16000,1,2,48000,3.0,-29.45,0.6595,0.0
AdgBK2_WQK0_seg_092.wav,data/interim/segmented_clean_relaxed/stuttering/AdgBK2_WQK0_seg_092.wav,AdgBK2_WQK0,092,stuttering,clean_pool,e2b36c400b237881236ad47f684c24656940bdc54b24b19d5ecb0717dba51ed1,16000,1,2,48000,3.0,-29.52,0.3223,0.0
AdgBK2_WQK0_seg_093.wav,data/interim/segmented_clean_relaxed/stuttering/AdgBK2_WQK0_seg_093.wav,AdgBK2_WQK0,093,stuttering,clean_pool,e6541e37b2e1230acbb76de6fb2bbcf20b9d70b16323466176bcea43cf3895fc,16000,1,2,48000,3.0,-28.36,0.3515,0.0
AdgBK2_WQK0_seg_094.wav,data/interim/segmented_clean_relaxed/stuttering/AdgBK2_WQK0_seg_094.wav,AdgBK2_WQK0,094,stuttering,clean_pool,2d421de5ed853d225e9c2000b692ddd0c7cb7f998aea7e373b5f106b75fb89d7,16000,1,2,48000,3.0,-25.87,0.3521,0.0
AdgBK2_WQK0_seg_095.wav,data/interim/segmented_clean_relaxed/stuttering/AdgBK2_WQK0_seg_095.wav,AdgBK2_WQK0,095,stuttering,clean_pool,6883de14ca6fec7cecd9432cf0c50b0ed493452f9a178f6cc51b8404b4ee220e,16000,1,2,48000,3.0,-30.17,0.4771,0.0
AdgBK2_WQK0_seg_096.wav,data/interim/segmented_clean_relaxed/stuttering/AdgBK2_WQK0_seg_096.wav,AdgBK2_WQK0,096,stuttering,clean_pool,aa71fae83f1051c8ce06171640714d3f3c34a6885c3ae69c3f6a68a8f9e7f4ba,16000,1,2,48000,3.0,-28.87,0.271,0.0
AdgBK2_WQK0_seg_097.wav,data/interim/segmented_clean_relaxed/stuttering/AdgBK2_WQK0_seg_097.wav,AdgBK2_WQK0,097,stuttering,clean_pool,4bebb650522ef39ca846d8e5cb697ff688aae1553c0f9664b85a25e3d58f3fb9,16000,1,2,48000,3.0,-29.05,0.3041,0.0
AdgBK2_WQK0_seg_098.wav,data/interim/segmented_clean_relaxed/stuttering/AdgBK2_WQK0_seg_098.wav,AdgBK2_WQK0,098,stuttering,clean_pool,ffed32ad41ddf0272dd6b0602b7817811ad163a4260b2bd01d2f38f314619bcf,16000,1,2,48000,3.0,-30.11,0.6059,0.0
AdgBK2_WQK0_seg_099.wav,data/interim/segmented_clean_relaxed/stuttering/AdgBK2_WQK0_seg_099.wav,AdgBK2_WQK0,099,stuttering,clean_pool,b1150e56fa84e31cf29d65f80474bda30bd0c52e2b021abf1b50d4391d7202fb,16000,1,2,48000,3.0,-31.61,0.7033,0.0
AdgBK2_WQK0_seg_100.wav,data/interim/segmented_clean_relaxed/stuttering/AdgBK2_WQK0_seg_100.wav,AdgBK2_WQK0,100,stuttering,clean_pool,3cc87e52f9d0b4102a4a6dcb1a9802e90bae15c24466bcb62602b2350e3e6567,16000,1,2,48000,3.0,-25.91,0.2786,0.0
AdgBK2_WQK0_seg_101.wav,data/interim/segmented_clean_relaxed/stuttering/AdgBK2_WQK0_seg_101.wav,AdgBK2_WQK0,101,stuttering,clean_pool,2eac1ef7f59b30f69b808b8f7f1fe2728a72df1195d57a6ffdc849c9b44d25ae,16000,1,2,48000,3.0,-32.23,0.4074,0.0
AdgBK2_WQK0_seg_102.wav,data/interim/segmented_clean_relaxed/stuttering/AdgBK2_WQK0_seg_102.wav,AdgBK2_WQK0,102,stuttering,clean_pool,434e591595886459160718fa58f193f47a025b7bf2847fc0f1a7beed5072f88a,16000,1,2,48000,3.0,-28.18,0.3494,0.0
AdgBK2_WQK0_seg_103.wav,data/interim/segmented_clean_relaxed/stuttering/AdgBK2_WQK0_seg_103.wav,AdgBK2_WQK0,103,stuttering,clean_pool,3093785da540706843cb295d48e757564641ee6a563e5b254b33de324f18fff2,16000,1,2,48000,3.0,-27.65,0.4466,0.0
AdgBK2_WQK0_seg_104.wav,data/interim/segmented_clean_relaxed/stuttering/AdgBK2_WQK0_seg_104.wav,AdgBK2_WQK0,104,stuttering,clean_pool,2379b937df71ef9fee200057f6c8b3155782e6295ed38bff6cb0ab87dd3e6cdb,16000,1,2,48000,3.0,-26.24,0.4181,0.0
AdgBK2_WQK0_seg_105.wav,data/interim/segmented_clean_relaxed/stuttering/AdgBK2_WQK0_seg_105.wav,AdgBK2_WQK0,105,stuttering,clean_pool,06dc517dcdba472bdf29befef81f53df844bc72f41bc9cffd885ff5c5845a121,16000,1,2,48000,3.0,-28.17,0.3592,0.0
AdgBK2_WQK0_seg_106.wav,data/interim/segmented_clean_relaxed/stuttering/AdgBK2_WQK0_seg_106.wav,AdgBK2_WQK0,106,stuttering,clean_pool,17fdab9981f594b798c4fd627e12a22cb666d87b929d8b7cc4400b09ce39ebd4,16000,1,2,48000,3.0,-28.77,0.3584,0.0
AdgBK2_WQK0_seg_107.wav,data/interim/segmented_clean_relaxed/stuttering/AdgBK2_WQK0_seg_107.wav,AdgBK2_WQK0,107,stuttering,clean_pool,c783d04d3baa88fefe95ff3d2820daf4061923cfc471214db015e7e82d0caad5,16000,1,2,48000,3.0,-29.41,0.5585,0.0
AdgBK2_WQK0_seg_108.wav,data/interim/segmented_clean_relaxed/stuttering/AdgBK2_WQK0_seg_108.wav,AdgBK2_WQK0,108,stuttering,clean_pool,8793bba73506777042a114e70c5b0245f9536cfac8e3806e289b6b630a72f8cf,16000,1,2,48000,3.0,-24.82,0.2616,0.0
AdgBK2_WQK0_seg_109.wav,data/interim/segmented_clean_relaxed/stuttering/AdgBK2_WQK0_seg_109.wav,AdgBK2_WQK0,109,stuttering,clean_pool,3be346d79a3fc4ae9191c3fdfe9e652c0ea6973452cab5c4c581445e322a6d23,16000,1,2,48000,3.0,-28.01,0.3801,0.0
AdgBK2_WQK0_seg_110.wav,data/interim/segmented_clean_relaxed/stuttering/AdgBK2_WQK0_seg_110.wav,AdgBK2_WQK0,110,stuttering,clean_pool,026448bf2b936f556377d860554f37130567c6c383e6214928679546439a0cf8,16000,1,2,48000,3.0,-29.25,0.4253,0.0
AdgBK2_WQK0_seg_111.wav,data/interim/segmented_clean_relaxed/stuttering/AdgBK2_WQK0_seg_111.wav,AdgBK2_WQK0,111,stuttering,clean_pool,51e57d95d19772e9cde7008f229900585f2fc680acff607c5315ff9a19a10f30,16000,1,2,48000,3.0,-27.63,0.2959,0.0
AdgBK2_WQK0_seg_112.wav,data/interim/segmented_clean_relaxed/stuttering/AdgBK2_WQK0_seg_112.wav,AdgBK2_WQK0,112,stuttering,clean_pool,12c62b43982a9c8bdb44847478fba574d23c824bd32cf3e2fe07399483803a2c,16000,1,2,48000,3.0,-28.15,0.2469,0.0
AdgBK2_WQK0_seg_113.wav,data/interim/segmented_clean_relaxed/stuttering/AdgBK2_WQK0_seg_113.wav,AdgBK2_WQK0,113,stuttering,clean_pool,44925bdb3dc43e0c24a9273aa228b5ebe93e64330ae89bd4c0ece69dd48f6044,16000,1,2,48000,3.0,-28.2,0.3256,0.0
AdgBK2_WQK0_seg_114.wav,data/interim/segmented_clean_relaxed/stuttering/AdgBK2_WQK0_seg_114.wav,AdgBK2_WQK0,114,stuttering,clean_pool,a201996371eefae0c3b5bd04cf0d4b5d739d065ac4fa7b3ed35856b5515e5a3c,16000,1,2,48000,3.0,-28.34,0.3468,0.0
AdgBK2_WQK0_seg_115.wav,data/interim/segmented_clean_relaxed/stuttering/AdgBK2_WQK0_seg_115.wav,AdgBK2_WQK0,115,stuttering,clean_pool,ccbad5b7d5422e8adcb8b903b52624118783d30e2c340985297ab494bf0a2fef,16000,1,2,48000,3.0,-31.55,0.501,0.0
AdgBK2_WQK0_seg_116.wav,data/interim/segmented_clean_relaxed/stuttering/AdgBK2_WQK0_seg_116.wav,AdgBK2_WQK0,116,stuttering,clean_pool,ca0016fde3a534469a722a9bc156f2821857c74f7f2d7f625c74ec9483a666b4,16000,1,2,48000,3.0,-28.98,0.4551,0.0
AdgBK2_WQK0_seg_117.wav,data/interim/segmented_clean_relaxed/stuttering/AdgBK2_WQK0_seg_117.wav,AdgBK2_WQK0,117,stuttering,clean_pool,d8c9a3342697e3f2f251f0acfb8b826470636979a73c753bc9a92dbe357541f9,16000,1,2,48000,3.0,-28.53,0.2242,0.0
AdgBK2_WQK0_seg_118.wav,data/interim/segmented_clean_relaxed/stuttering/AdgBK2_WQK0_seg_118.wav,AdgBK2_WQK0,118,stuttering,clean_pool,58d2c1eead906e9d1b35fa2871ea17822b84453955d1964a7a856c858407a421,16000,1,2,48000,3.0,-30.94,0.5154,0.0
AdgBK2_WQK0_seg_119.wav,data/interim/segmented_clean_relaxed/stuttering/AdgBK2_WQK0_seg_119.wav,AdgBK2_WQK0,119,stuttering,clean_pool,0f68f34c09beec17c43928fb19354c6f3a2551fdc28c0d0cb895f2bd4b692ccf,16000,1,2,48000,3.0,-31.25,0.3785,0.0
AdgBK2_WQK0_seg_120.wav,data/interim/segmented_clean_relaxed/stuttering/AdgBK2_WQK0_seg_120.wav,AdgBK2_WQK0,120,stuttering,clean_pool,ff7c1c0af1ee852874e483088fcefb0b144c834c0f22082a7d224262d0cdd299,16000,1,2,48000,3.0,-31.94,0.2964,0.0
AdgBK2_WQK0_seg_121.wav,data/interim/segmented_clean_relaxed/stuttering/AdgBK2_WQK0_seg_121.wav,AdgBK2_WQK0,121,stuttering,clean_pool,38412a317a4ee7777af0500ab48930f3b6c9ff03ef04e0de6a784b5614e4e328,16000,1,2,48000,3.0,-33.09,0.5125,0.0
AdgBK2_WQK0_seg_122.wav,data/interim/segmented_clean_relaxed/stuttering/AdgBK2_WQK0_seg_122.wav,AdgBK2_WQK0,122,stuttering,clean_pool,f28a53f3f30eaa59262d8037459cc39b3ca375501ef6c0cfc7eda99fb4937cd6,16000,1,2,48000,3.0,-29.77,0.3559,0.0
AdgBK2_WQK0_seg_123.wav,data/interim/segmented_clean_relaxed/stuttering/AdgBK2_WQK0_seg_123.wav,AdgBK2_WQK0,123,stuttering,clean_pool,51729e335f526a57b15939235c1ee4429035c31a1249473a61890a94a3ac85dc,16000,1,2,48000,3.0,-30.41,0.3467,0.0
AdgBK2_WQK0_seg_124.wav,data/interim/segmented_clean_relaxed/stuttering/AdgBK2_WQK0_seg_124.wav,AdgBK2_WQK0,124,stuttering,clean_pool,3e920fc6112065dd522dec87b5cea598da2da28431c3c0d790a6a42d9dc41541,16000,1,2,48000,3.0,-31.02,0.2948,0.0
AdgBK2_WQK0_seg_125.wav,data/interim/segmented_clean_relaxed/stuttering/AdgBK2_WQK0_seg_125.wav,AdgBK2_WQK0,125,stuttering,clean_pool,c1670a327b2931cdc775500092738747a5cd76d3f31f926bd72366fce71c7dee,16000,1,2,48000,3.0,-35.61,0.2496,0.0
AdgBK2_WQK0_seg_126.wav,data/interim/segmented_clean_relaxed/stuttering/AdgBK2_WQK0_seg_126.wav,AdgBK2_WQK0,126,stuttering,clean_pool,c6c32d803987915d40cebd4b197c5b6867bbc159c715825b5b092d32526d56dc,16000,1,2,48000,3.0,-29.39,0.4373,0.0
AdgBK2_WQK0_seg_127.wav,data/interim/segmented_clean_relaxed/stuttering/AdgBK2_WQK0_seg_127.wav,AdgBK2_WQK0,127,stuttering,clean_pool,09783f4ccd9d9904b26b179b8ed3146d771f5c0af58ad6112ee9609298920332,16000,1,2,48000,3.0,-36.68,0.6924,0.0
AdgBK2_WQK0_seg_128.wav,data/interim/segmented_clean_relaxed/stuttering/AdgBK2_WQK0_seg_128.wav,AdgBK2_WQK0,128,stuttering,clean_pool,aa061d113a230f74fd27cafbde09fe0382b80aa4ac4389674287d630a720fb8b,16000,1,2,48000,3.0,-27.83,0.3351,0.0
AdgBK2_WQK0_seg_129.wav,data/interim/segmented_clean_relaxed/stuttering/AdgBK2_WQK0_seg_129.wav,AdgBK2_WQK0,129,stuttering,clean_pool,ff28017069fe0a121f4c884d5749839dd7bf52fd7952a1b9292574b73d727c4b,16000,1,2,48000,3.0,-30.34,0.5182,0.0
AdgBK2_WQK0_seg_130.wav,data/interim/segmented_clean_relaxed/stuttering/AdgBK2_WQK0_seg_130.wav,AdgBK2_WQK0,130,stuttering,clean_pool,bc3868daf51f2f59d6b0b3a633f4c2b9432d35e3a23ddbf40f36644bea91bafa,16000,1,2,48000,3.0,-29.14,0.4744,0.0
AdgBK2_WQK0_seg_131.wav,data/interim/segmented_clean_relaxed/stuttering/AdgBK2_WQK0_seg_131.wav,AdgBK2_WQK0,131,stuttering,clean_pool,15400a55084d4263ff96c70273ad094d15f4b0d08024d8abe1ea5ddf7f95d899,16000,1,2,48000,3.0,-28.56,0.3235,0.0
AdgBK2_WQK0_seg_132.wav,data/interim/segmented_clean_relaxed/stuttering/AdgBK2_WQK0_seg_132.wav,AdgBK2_WQK0,132,stuttering,clean_pool,f1a26f4b2b858ee4f87410a8f64f51e8127b2ee0c1596ba8dcf4640472d48350,16000,1,2,48000,3.0,-27.12,0.4432,0.0
AdgBK2_WQK0_seg_133.wav,data/interim/segmented_clean_relaxed/stuttering/AdgBK2_WQK0_seg_133.wav,AdgBK2_WQK0,133,stuttering,clean_pool,ff750b9deee67fede4c656096211d105ab653d8d1b8640157f37bba1e6989400,16000,1,2,48000,3.0,-24.81,0.1341,0.0
AdgBK2_WQK0_seg_134.wav,data/interim/segmented_clean_relaxed/stuttering/AdgBK2_WQK0_seg_134.wav,AdgBK2_WQK0,134,stuttering,clean_pool,572a454c5172bd0060123e271e49fc0990482cb88e5a10814c1237838a59ab4d,16000,1,2,48000,3.0,-28.68,0.2704,0.0
AdgBK2_WQK0_seg_135.wav,data/interim/segmented_clean_relaxed/stuttering/AdgBK2_WQK0_seg_135.wav,AdgBK2_WQK0,135,stuttering,clean_pool,80b931b193d83eb2a3d1573976cd36268f879c797a1b3b01fe7721b4e44c4e7b,16000,1,2,48000,3.0,-29.43,0.4566,0.0
AdgBK2_WQK0_seg_136.wav,data/interim/segmented_clean_relaxed/stuttering/AdgBK2_WQK0_seg_136.wav,AdgBK2_WQK0,136,stuttering,clean_pool,064da1e6f7975ce2c8c3b91b9452b34575a259929e498c6a072e46966a415003,16000,1,2,48000,3.0,-27.46,0.4343,0.0
AdgBK2_WQK0_seg_138.wav,data/interim/segmented_clean_relaxed/stuttering/AdgBK2_WQK0_seg_138.wav,AdgBK2_WQK0,138,stuttering,clean_pool,e81634093a9855e513e4513858351444ed82e23da9581d3a3d290d75379ffa89,16000,1,2,48000,3.0,-28.71,0.3408,0.0
AdgBK2_WQK0_seg_139.wav,data/interim/segmented_clean_relaxed/stuttering/AdgBK2_WQK0_seg_139.wav,AdgBK2_WQK0,139,stuttering,clean_pool,e193c705538746b7baaf64116d85f4b30be4454b0f14e717f1caf622c941d10b,16000,1,2,48000,3.0,-28.6,0.2625,0.0
AdgBK2_WQK0_seg_140.wav,data/interim/segmented_clean_relaxed/stuttering/AdgBK2_WQK0_seg_140.wav,AdgBK2_WQK0,140,stuttering,clean_pool,63b95b2f615d23f5c3c25d3905764e024b473ef8106552a05758fa7c8a934a75,16000,1,2,48000,3.0,-27.02,0.2511,0.0
AdgBK2_WQK0_seg_141.wav,data/interim/segmented_clean_relaxed/stuttering/AdgBK2_WQK0_seg_141.wav,AdgBK2_WQK0,141,stuttering,clean_pool,a8017659a82439ce8bc6407d10f80e5b00b449405b3c344ae761043577183348,16000,1,2,48000,3.0,-31.96,0.3789,0.0
AdgBK2_WQK0_seg_142.wav,data/interim/segmented_clean_relaxed/stuttering/AdgBK2_WQK0_seg_142.wav,AdgBK2_WQK0,142,stuttering,clean_pool,d0b09118f2a33f4858ab40914d113a4066d7f377c8d9f13e6cbe05477d559d3a,16000,1,2,48000,3.0,-29.15,0.4991,0.0
AdgBK2_WQK0_seg_143.wav,data/interim/segmented_clean_relaxed/stuttering/AdgBK2_WQK0_seg_143.wav,AdgBK2_WQK0,143,stuttering,clean_pool,5e7e947ef1b86efabfe9368dd8113ee09b837a1704a1a405476af6abfe099747,16000,1,2,48000,3.0,-25.31,0.2896,0.0
AdgBK2_WQK0_seg_144.wav,data/interim/segmented_clean_relaxed/stuttering/AdgBK2_WQK0_seg_144.wav,AdgBK2_WQK0,144,stuttering,clean_pool,01160fc22509c5f12a05a7f5250bb9d0dbbbcbcfe47e0d0ef91bea4b154e624c,16000,1,2,48000,3.0,-26.7,0.3338,0.0
AdgBK2_WQK0_seg_145.wav,data/interim/segmented_clean_relaxed/stuttering/AdgBK2_WQK0_seg_145.wav,AdgBK2_WQK0,145,stuttering,clean_pool,e00d5d578d45fc773d5bd41d4451afaa039d55bc5c7ff8abdf50924bedf60887,16000,1,2,48000,3.0,-29.36,0.3112,0.0
AdgBK2_WQK0_seg_146.wav,data/interim/segmented_clean_relaxed/stuttering/AdgBK2_WQK0_seg_146.wav,AdgBK2_WQK0,146,stuttering,clean_pool,301d50f1a4b4db212ae5a06a2d76c7cca80ac75b03e9a54008b8782780970aba,16000,1,2,48000,3.0,-29.22,0.4416,0.0
AdgBK2_WQK0_seg_147.wav,data/interim/segmented_clean_relaxed/stuttering/AdgBK2_WQK0_seg_147.wav,AdgBK2_WQK0,147,stuttering,clean_pool,a1fad448eeeced471c87e128bd48f9c6a6d3723c3c3df6e053e8568deb166272,16000,1,2,48000,3.0,-30.95,0.363,0.0
AdgBK2_WQK0_seg_148.wav,data/interim/segmented_clean_relaxed/stuttering/AdgBK2_WQK0_seg_148.wav,AdgBK2_WQK0,148,stuttering,clean_pool,0003162b1a556d33b1036633963c2fc59b42a6f24f32ef7f0f090204bda595e4,16000,1,2,48000,3.0,-27.17,0.3587,0.0
AdgBK2_WQK0_seg_149.wav,data/interim/segmented_clean_relaxed/stuttering/AdgBK2_WQK0_seg_149.wav,AdgBK2_WQK0,149,stuttering,clean_pool,09b151a91ea8bb1bfd7d5d3e38921c7ff00e766f1f8d5f6864727cfde931f26f,16000,1,2,48000,3.0,-28.48,0.2713,0.0
AdgBK2_WQK0_seg_150.wav,data/interim/segmented_clean_relaxed/stuttering/AdgBK2_WQK0_seg_150.wav,AdgBK2_WQK0,150,stuttering,clean_pool,2b9d05dcd238fdad0d662cd6ac0a16df5bcaaed624bc1805028e9c5c9c30ab45,16000,1,2,48000,3.0,-26.34,0.303,0.0
AdgBK2_WQK0_seg_151.wav,data/interim/segmented_clean_relaxed/stuttering/AdgBK2_WQK0_seg_151.wav,AdgBK2_WQK0,151,stuttering,clean_pool,f1119983e6017e568737e7e26246986b3d57df9fffa2ee46095ad294d59f9429,16000,1,2,48000,3.0,-28.46,0.6442,0.0
aLyQSecljI0_seg_000.wav,data/interim/segmented_clean_relaxed/stuttering/aLyQSecljI0_seg_000.wav,aLyQSecljI0,000,stuttering,clean_pool,6169212a9df900184bd63a50b8004f06f95b75acd1c4a6e42b9284a79163c82a,16000,1,2,48000,3.0,-25.59,0.3807,0.0
aLyQSecljI0_seg_001.wav,data/interim/segmented_clean_relaxed/stuttering/aLyQSecljI0_seg_001.wav,aLyQSecljI0,001,stuttering,clean_pool,6da008949d902459f1755b7e2a20c36455426437ff6d3913974ee59805b193dd,16000,1,2,48000,3.0,-26.57,0.3371,0.0
aLyQSecljI0_seg_002.wav,data/interim/segmented_clean_relaxed/stuttering/aLyQSecljI0_seg_002.wav,aLyQSecljI0,002,stuttering,clean_pool,30c996a9cb7d1ffc820e4433d8228c37eb19994b761b05764e74f92900542881,16000,1,2,48000,3.0,-25.98,0.4006,0.0
aLyQSecljI0_seg_003.wav,data/interim/segmented_clean_relaxed/stuttering/aLyQSecljI0_seg_003.wav,aLyQSecljI0,003,stuttering,clean_pool,8be0049eda54dd93970132ee20ee393aa58d8009e039974f154c23419cb0aaed,16000,1,2,48000,3.0,-30.21,0.4584,0.0
aLyQSecljI0_seg_004.wav,data/interim/segmented_clean_relaxed/stuttering/aLyQSecljI0_seg_004.wav,aLyQSecljI0,004,stuttering,clean_pool,76011ef4ad020f8c91ac4fbc2ebb073b5d04c233569a55ad34918c7538b1c9bc,16000,1,2,48000,3.0,-28.17,0.3707,0.0
aLyQSecljI0_seg_005.wav,data/interim/segmented_clean_relaxed/stuttering/aLyQSecljI0_seg_005.wav,aLyQSecljI0,005,stuttering,clean_pool,12ffaa242e7f45059d4133c021bdd031054e3987448f03fd44653b135a484dce,16000,1,2,48000,3.0,-26.27,0.4489,0.0
aLyQSecljI0_seg_006.wav,data/interim/segmented_clean_relaxed/stuttering/aLyQSecljI0_seg_006.wav,aLyQSecljI0,006,stuttering,clean_pool,6d5b7fb867fb81d556665bba1bbf2e8e2a50d5b9d8668119d2ced1c31bcb58b3,16000,1,2,48000,3.0,-28.01,0.4408,0.0
aLyQSecljI0_seg_007.wav,data/interim/segmented_clean_relaxed/stuttering/aLyQSecljI0_seg_007.wav,aLyQSecljI0,007,stuttering,clean_pool,b77cbb613b068c5319a63eb8cc40fa3f760a7fe2dd923243b98f092c0c2b3767,16000,1,2,48000,3.0,-22.85,0.2049,0.0
aLyQSecljI0_seg_008.wav,data/interim/segmented_clean_relaxed/stuttering/aLyQSecljI0_seg_008.wav,aLyQSecljI0,008,stuttering,clean_pool,153a9ca680aff8233ba59bf8dc62602cd84dff5202de98e7b749447e6ba928ec,16000,1,2,48000,3.0,-23.0,0.2737,0.0
aLyQSecljI0_seg_009.wav,data/interim/segmented_clean_relaxed/stuttering/aLyQSecljI0_seg_009.wav,aLyQSecljI0,009,stuttering,clean_pool,94b0e5c7d6f37c67c4dfa8aaf13a6a667500a6108c01aee263561568ca7735fd,16000,1,2,48000,3.0,-23.6,0.3671,0.0
aLyQSecljI0_seg_010.wav,data/interim/segmented_clean_relaxed/stuttering/aLyQSecljI0_seg_010.wav,aLyQSecljI0,010,stuttering,clean_pool,f4de989301979b9be94c1c8e336f8e77d704f8befc8ba196d6a07dcd864c5c55,16000,1,2,48000,3.0,-23.49,0.2439,0.0
aLyQSecljI0_seg_011.wav,data/interim/segmented_clean_relaxed/stuttering/aLyQSecljI0_seg_011.wav,aLyQSecljI0,011,stuttering,clean_pool,13c93e5a8f8258f7eca97a8d4bd70b93185b11e546847b4d491d827113eb82c6,16000,1,2,48000,3.0,-26.09,0.5135,0.0
aLyQSecljI0_seg_012.wav,data/interim/segmented_clean_relaxed/stuttering/aLyQSecljI0_seg_012.wav,aLyQSecljI0,012,stuttering,clean_pool,7182c917383d898325e4bbf47492b9cfb3b3338a7ba5f3dc50739db9927e3025,16000,1,2,48000,3.0,-28.91,0.4801,0.0
aLyQSecljI0_seg_013.wav,data/interim/segmented_clean_relaxed/stuttering/aLyQSecljI0_seg_013.wav,aLyQSecljI0,013,stuttering,clean_pool,457bf2343671e9f44146e8157a4e5fac65d0d1708f1d22d8a75c98d0d56a5bba,16000,1,2,48000,3.0,-27.81,0.3545,0.0
aLyQSecljI0_seg_014.wav,data/interim/segmented_clean_relaxed/stuttering/aLyQSecljI0_seg_014.wav,aLyQSecljI0,014,stuttering,clean_pool,f06120adfe6bba67ce1aaa5fdfdcb3d7399c6b7a3142d7aca02e2ff3f61b0706,16000,1,2,48000,3.0,-27.46,0.3166,0.0
aLyQSecljI0_seg_015.wav,data/interim/segmented_clean_relaxed/stuttering/aLyQSecljI0_seg_015.wav,aLyQSecljI0,015,stuttering,clean_pool,ca8d0dfb97ecd24198c8828e1d8037282ce9ade313a1447c23e9e01f1444bda1,16000,1,2,48000,3.0,-24.61,0.4506,0.0
aLyQSecljI0_seg_016.wav,data/interim/segmented_clean_relaxed/stuttering/aLyQSecljI0_seg_016.wav,aLyQSecljI0,016,stuttering,clean_pool,9f9ac7c8fd34adcbf6e5214ad11e5fe3cb909863261fe1ae5f69c70aad857b7a,16000,1,2,48000,3.0,-22.96,0.1714,0.0
aLyQSecljI0_seg_017.wav,data/interim/segmented_clean_relaxed/stuttering/aLyQSecljI0_seg_017.wav,aLyQSecljI0,017,stuttering,clean_pool,ccab3acf0497b9d851a3504e6681c7b6d12118a1a20d84e1c7a5f20e071a6019,16000,1,2,48000,3.0,-27.85,0.3813,0.0
aLyQSecljI0_seg_018.wav,data/interim/segmented_clean_relaxed/stuttering/aLyQSecljI0_seg_018.wav,aLyQSecljI0,018,stuttering,clean_pool,c8e3121186eb35d85fed3efb44deaa4542c43e41ae5a8ce06642d319c0e91f05,16000,1,2,48000,3.0,-27.8,0.2904,0.0
aLyQSecljI0_seg_019.wav,data/interim/segmented_clean_relaxed/stuttering/aLyQSecljI0_seg_019.wav,aLyQSecljI0,019,stuttering,clean_pool,9fc826b86b41cf2d7841100dd543a1ec5e52da889030205130952a395020c633,16000,1,2,48000,3.0,-29.11,0.6486,0.0
aLyQSecljI0_seg_020.wav,data/interim/segmented_clean_relaxed/stuttering/aLyQSecljI0_seg_020.wav,aLyQSecljI0,020,stuttering,clean_pool,ba6d3bd4855fba66bbba45c376373173d1173b924e7d410924375426e8a4c2b3,16000,1,2,48000,3.0,-23.8,0.1796,0.0
aLyQSecljI0_seg_021.wav,data/interim/segmented_clean_relaxed/stuttering/aLyQSecljI0_seg_021.wav,aLyQSecljI0,021,stuttering,clean_pool,751d934803d848f277d2979f41b13af277d9b3ef1902f5163015f72ea7e1720f,16000,1,2,48000,3.0,-26.7,0.2991,0.0
aLyQSecljI0_seg_022.wav,data/interim/segmented_clean_relaxed/stuttering/aLyQSecljI0_seg_022.wav,aLyQSecljI0,022,stuttering,clean_pool,a8b8ff2fbc32cd89743b4e9e9bd16e3f4814d1611ceb17c6748cdc7261afde50,16000,1,2,48000,3.0,-27.22,0.4097,0.0
aLyQSecljI0_seg_023.wav,data/interim/segmented_clean_relaxed/stuttering/aLyQSecljI0_seg_023.wav,aLyQSecljI0,023,stuttering,clean_pool,eb86aa067c0dafd0396b8c6a9d4d89cda7805d663b5b87fa169f0b56a382f8d4,16000,1,2,48000,3.0,-23.84,0.4196,4.2e-05
aLyQSecljI0_seg_024.wav,data/interim/segmented_clean_relaxed/stuttering/aLyQSecljI0_seg_024.wav,aLyQSecljI0,024,stuttering,clean_pool,d9f4f1d1140b68cbbd328904bd7d2978e7cd261d2279ddefe35f6e6f8f662181,16000,1,2,48000,3.0,-25.52,0.3165,0.0
aLyQSecljI0_seg_025.wav,data/interim/segmented_clean_relaxed/stuttering/aLyQSecljI0_seg_025.wav,aLyQSecljI0,025,stuttering,clean_pool,884a83353ecbb4f4307008ef179bb15b106d2c08b9a6e0468785a3229b6e814f,16000,1,2,48000,3.0,-27.43,0.4404,0.0
aLyQSecljI0_seg_026.wav,data/interim/segmented_clean_relaxed/stuttering/aLyQSecljI0_seg_026.wav,aLyQSecljI0,026,stuttering,clean_pool,f8e5c677af978c7fa3379cfaeceeeb6c12b98c8e3b90b333333fc832203dba78,16000,1,2,48000,3.0,-24.26,0.181,0.0
aLyQSecljI0_seg_027.wav,data/interim/segmented_clean_relaxed/stuttering/aLyQSecljI0_seg_027.wav,aLyQSecljI0,027,stuttering,clean_pool,32d5c5cf84fa2649aa9cfe2b1941926cd848ed709e95d6e59fdc3df86e7c67f4,16000,1,2,48000,3.0,-27.42,0.2932,0.0
aLyQSecljI0_seg_028.wav,data/interim/segmented_clean_relaxed/stuttering/aLyQSecljI0_seg_028.wav,aLyQSecljI0,028,stuttering,clean_pool,cfc14220a3f504d955d78428836c92bf45c4c5b50f13a2a2028a8dcca7370efe,16000,1,2,48000,3.0,-26.73,0.3812,0.0
aLyQSecljI0_seg_029.wav,data/interim/segmented_clean_relaxed/stuttering/aLyQSecljI0_seg_029.wav,aLyQSecljI0,029,stuttering,clean_pool,392b05f125ce6d6bbf8617105674050f908bdad84758612f5d224dfba6d09265,16000,1,2,48000,3.0,-26.56,0.4522,0.0
aLyQSecljI0_seg_030.wav,data/interim/segmented_clean_relaxed/stuttering/aLyQSecljI0_seg_030.wav,aLyQSecljI0,030,stuttering,clean_pool,795d9125b671d7953d74132211af1fb36a537acde0b2c94653c4bc96e859d3e2,16000,1,2,48000,3.0,-27.25,0.4122,0.0
aLyQSecljI0_seg_031.wav,data/interim/segmented_clean_relaxed/stuttering/aLyQSecljI0_seg_031.wav,aLyQSecljI0,031,stuttering,clean_pool,4b10153f1da589eccc10b1f4be8c1752c121c0851072b6c45a784346a3f2ff5d,16000,1,2,48000,3.0,-26.86,0.4798,0.0
aLyQSecljI0_seg_032.wav,data/interim/segmented_clean_relaxed/stuttering/aLyQSecljI0_seg_032.wav,aLyQSecljI0,032,stuttering,clean_pool,574366fdb08914b90d0a823ca6f565cb8d2acf0bfb2a96989d60a3f090d20c35,16000,1,2,48000,3.0,-26.58,0.5306,0.0
aLyQSecljI0_seg_033.wav,data/interim/segmented_clean_relaxed/stuttering/aLyQSecljI0_seg_033.wav,aLyQSecljI0,033,stuttering,clean_pool,d6e85ee5aaf3c2547f5acc61f75d827c7ac8b215438f30caf895c0af0dc38e33,16000,1,2,48000,3.0,-27.37,0.2655,0.0
aLyQSecljI0_seg_034.wav,data/interim/segmented_clean_relaxed/stuttering/aLyQSecljI0_seg_034.wav,aLyQSecljI0,034,stuttering,clean_pool,58e9eb8f2e9c93ea859515e2e29bf6b4129ecc595400c0d9596f8e4c2e7ffb88,16000,1,2,48000,3.0,-27.26,0.3953,0.0
aLyQSecljI0_seg_035.wav,data/interim/segmented_clean_relaxed/stuttering/aLyQSecljI0_seg_035.wav,aLyQSecljI0,035,stuttering,clean_pool,3368d804c44262796467d727b3351097d9dc86914c5dcdeaea218a892647f0fb,16000,1,2,48000,3.0,-28.43,0.4174,0.0
aLyQSecljI0_seg_036.wav,data/interim/segmented_clean_relaxed/stuttering/aLyQSecljI0_seg_036.wav,aLyQSecljI0,036,stuttering,clean_pool,18e49c5720ddc850233e542785fba9596d1ad6c3e899491c3ae4815f1e8fb1b5,16000,1,2,48000,3.0,-27.76,0.4281,0.0
aLyQSecljI0_seg_037.wav,data/interim/segmented_clean_relaxed/stuttering/aLyQSecljI0_seg_037.wav,aLyQSecljI0,037,stuttering,clean_pool,9c53f16a1c97d0ffa9e9d977c44eea62fe2d4b72fa12df6d84920ab591542412,16000,1,2,48000,3.0,-26.23,0.3576,0.0
aLyQSecljI0_seg_038.wav,data/interim/segmented_clean_relaxed/stuttering/aLyQSecljI0_seg_038.wav,aLyQSecljI0,038,stuttering,clean_pool,83ad4f6d3aae9e3f6d3d8954dd5f9dda433c1342790c1799e34738de85abbf5c,16000,1,2,48000,3.0,-28.13,0.5546,0.0
aLyQSecljI0_seg_039.wav,data/interim/segmented_clean_relaxed/stuttering/aLyQSecljI0_seg_039.wav,aLyQSecljI0,039,stuttering,clean_pool,8f3a81329037ecc38992693f8357db3e79e9099142d40632b16adaf8e0e8b11a,16000,1,2,48000,3.0,-23.6,0.3169,0.0
aLyQSecljI0_seg_040.wav,data/interim/segmented_clean_relaxed/stuttering/aLyQSecljI0_seg_040.wav,aLyQSecljI0,040,stuttering,clean_pool,a9732f65de43f68410596d56c1d6ede550386dbaf50179c17098270ae58851d3,16000,1,2,48000,3.0,-24.3,0.2165,0.0
aLyQSecljI0_seg_041.wav,data/interim/segmented_clean_relaxed/stuttering/aLyQSecljI0_seg_041.wav,aLyQSecljI0,041,stuttering,clean_pool,c8fcc762f347d4f66784cbbed004d874efaf94a525bd36d8ac9d00e541391203,16000,1,2,48000,3.0,-26.59,0.4502,0.0
aLyQSecljI0_seg_042.wav,data/interim/segmented_clean_relaxed/stuttering/aLyQSecljI0_seg_042.wav,aLyQSecljI0,042,stuttering,clean_pool,bf42c48a22d3f5af1060f2bbbc1c73ad984c4413521cc3a0bd5c418c1d0d775c,16000,1,2,48000,3.0,-27.64,0.2151,0.0
aLyQSecljI0_seg_043.wav,data/interim/segmented_clean_relaxed/stuttering/aLyQSecljI0_seg_043.wav,aLyQSecljI0,043,stuttering,clean_pool,cf87c574ee476ed773a44a6d1378fa1819b0e19602664ed939ccd8f901b92d37,16000,1,2,48000,3.0,-27.85,0.4308,0.0
aLyQSecljI0_seg_044.wav,data/interim/segmented_clean_relaxed/stuttering/aLyQSecljI0_seg_044.wav,aLyQSecljI0,044,stuttering,clean_pool,d4d8cc1272aba5249c803a1ba9318f1ef337cf2ff685c4219de34a69b3dd531c,16000,1,2,48000,3.0,-25.48,0.4516,0.0
aLyQSecljI0_seg_045.wav,data/interim/segmented_clean_relaxed/stuttering/aLyQSecljI0_seg_045.wav,aLyQSecljI0,045,stuttering,clean_pool,54e437af4057085e989ef981ce795b17daee77a75493e2e3651627a02d759353,16000,1,2,48000,3.0,-26.55,0.3216,0.0
aLyQSecljI0_seg_046.wav,data/interim/segmented_clean_relaxed/stuttering/aLyQSecljI0_seg_046.wav,aLyQSecljI0,046,stuttering,clean_pool,91bd687574726bddf3ac135df7bf3918836eac7559d46c5b0a96ed100611a29d,16000,1,2,48000,3.0,-30.17,0.3962,0.0
aLyQSecljI0_seg_047.wav,data/interim/segmented_clean_relaxed/stuttering/aLyQSecljI0_seg_047.wav,aLyQSecljI0,047,stuttering,clean_pool,516549b8deff2e0375bd7ce51982a6d724cf2a396e02f4ad58bb41d6853bf4ba,16000,1,2,48000,3.0,-27.73,0.6769,0.0
aLyQSecljI0_seg_048.wav,data/interim/segmented_clean_relaxed/stuttering/aLyQSecljI0_seg_048.wav,aLyQSecljI0,048,stuttering,clean_pool,dca200f79559ac79749086b24eea94ece01763d3065b67782b9c2f0b3057e483,16000,1,2,48000,3.0,-29.72,0.4831,0.0
aLyQSecljI0_seg_049.wav,data/interim/segmented_clean_relaxed/stuttering/aLyQSecljI0_seg_049.wav,aLyQSecljI0,049,stuttering,clean_pool,42828f9f66b9e3d887087c64d8a3ba45a797c14f9f86328eb2d5e5314473d572,16000,1,2,48000,3.0,-25.37,0.3446,0.0
aLyQSecljI0_seg_050.wav,data/interim/segmented_clean_relaxed/stuttering/aLyQSecljI0_seg_050.wav,aLyQSecljI0,050,stuttering,clean_pool,5aa6d4019a85f8be02e6984f51ed83e096ec77760eea5f3964b06825b89eb8fe,16000,1,2,48000,3.0,-27.68,0.4413,0.0
aLyQSecljI0_seg_051.wav,data/interim/segmented_clean_relaxed/stuttering/aLyQSecljI0_seg_051.wav,aLyQSecljI0,051,stuttering,clean_pool,b66ed21173b0b778bd03bbc0117e115f53cc00fe0ff61e504edcd8f9e6f0ebbc,16000,1,2,48000,3.0,-27.77,0.5103,0.0
aLyQSecljI0_seg_052.wav,data/interim/segmented_clean_relaxed/stuttering/aLyQSecljI0_seg_052.wav,aLyQSecljI0,052,stuttering,clean_pool,d5b4c5e1fcecf5cbd90c172231f059860da768fdef5e9fffa41143678dcf4e72,16000,1,2,48000,3.0,-25.46,0.227,0.0
aLyQSecljI0_seg_053.wav,data/interim/segmented_clean_relaxed/stuttering/aLyQSecljI0_seg_053.wav,aLyQSecljI0,053,stuttering,clean_pool,5a32e66cc0597cea20e363c8d9fae0b51ecc135d746b62b66d26797cfa88263e,16000,1,2,48000,3.0,-28.03,0.368,0.0
aLyQSecljI0_seg_054.wav,data/interim/segmented_clean_relaxed/stuttering/aLyQSecljI0_seg_054.wav,aLyQSecljI0,054,stuttering,clean_pool,73b1fe3f51fb3fdb4de615919e9dc6845f3235f193f3716ff4eb4683dcb53da9,16000,1,2,48000,3.0,-28.91,0.4638,0.0
aLyQSecljI0_seg_055.wav,data/interim/segmented_clean_relaxed/stuttering/aLyQSecljI0_seg_055.wav,aLyQSecljI0,055,stuttering,clean_pool,1860597ff0e758ad3b21d23beadc5396a6b12614969fcbd26a4f2b5a48fa13b9,16000,1,2,48000,3.0,-29.39,0.3764,0.0
aLyQSecljI0_seg_056.wav,data/interim/segmented_clean_relaxed/stuttering/aLyQSecljI0_seg_056.wav,aLyQSecljI0,056,stuttering,clean_pool,6912e6bc2323b41de85c9c30575140dc14772773eb6e1b2b90a085387b9c59aa,16000,1,2,48000,3.0,-27.37,0.2788,0.0
aLyQSecljI0_seg_057.wav,data/interim/segmented_clean_relaxed/stuttering/aLyQSecljI0_seg_057.wav,aLyQSecljI0,057,stuttering,clean_pool,c4ae955be5101f810b8170f80e2e83daf845456af307baa985e3fd3222d5e18f,16000,1,2,48000,3.0,-28.72,0.4046,0.0
aLyQSecljI0_seg_058.wav,data/interim/segmented_clean_relaxed/stuttering/aLyQSecljI0_seg_058.wav,aLyQSecljI0,058,stuttering,clean_pool,d8cd26128d43457b2f7d753f14c14c3462abaf1f231b9e0a7f17de362c3aba04,16000,1,2,48000,3.0,-30.24,0.3587,0.0
aLyQSecljI0_seg_059.wav,data/interim/segmented_clean_relaxed/stuttering/aLyQSecljI0_seg_059.wav,aLyQSecljI0,059,stuttering,clean_pool,9535e7493a0f5925d02adf63a4e4ffc83db42f752eb3d1d84bda694e1c18541d,16000,1,2,48000,3.0,-27.26,0.4312,0.0
aLyQSecljI0_seg_060.wav,data/interim/segmented_clean_relaxed/stuttering/aLyQSecljI0_seg_060.wav,aLyQSecljI0,060,stuttering,clean_pool,0b2d54ffbb16a9ef14c63b4faad0035814b9f683d79dfd4a92c820dd551b6d17,16000,1,2,48000,3.0,-38.45,0.7474,0.0
aLyQSecljI0_seg_061.wav,data/interim/segmented_clean_relaxed/stuttering/aLyQSecljI0_seg_061.wav,aLyQSecljI0,061,stuttering,clean_pool,5259e8acece616775282dabbd13a4ec0e3c78dfa4ff5d112c9cc955572e6ed2b,16000,1,2,48000,3.0,-25.29,0.4907,0.0
aLyQSecljI0_seg_062.wav,data/interim/segmented_clean_relaxed/stuttering/aLyQSecljI0_seg_062.wav,aLyQSecljI0,062,stuttering,clean_pool,7dde4254944931467fa90b64eff49e75d516e05954a44d5028a0476ac144a9e5,16000,1,2,48000,3.0,-27.49,0.5083,0.0
aLyQSecljI0_seg_063.wav,data/interim/segmented_clean_relaxed/stuttering/aLyQSecljI0_seg_063.wav,aLyQSecljI0,063,stuttering,clean_pool,f68dead90795a81f1c693d5ad49d4576b3120f1a38d3f7b1447d5415758fd523,16000,1,2,48000,3.0,-28.21,0.3926,0.0
aLyQSecljI0_seg_064.wav,data/interim/segmented_clean_relaxed/stuttering/aLyQSecljI0_seg_064.wav,aLyQSecljI0,064,stuttering,clean_pool,94a9624281264999b76a6dc3e67793b03ca283d94e797d4991c8c07b6804dd0f,16000,1,2,48000,3.0,-28.39,0.5131,0.0
aLyQSecljI0_seg_065.wav,data/interim/segmented_clean_relaxed/stuttering/aLyQSecljI0_seg_065.wav,aLyQSecljI0,065,stuttering,clean_pool,b5201b7aa1e8b7ed5fa51f7af82e57ac6f1d91be4d9d73ec2ee120c8e5e7b6c6,16000,1,2,48000,3.0,-25.8,0.4109,0.0
aLyQSecljI0_seg_066.wav,data/interim/segmented_clean_relaxed/stuttering/aLyQSecljI0_seg_066.wav,aLyQSecljI0,066,stuttering,clean_pool,90b6090971dc9974f71859cc5cc1af989ae224edc16200835498f4be466763f6,16000,1,2,48000,3.0,-25.73,0.3097,0.0
aLyQSecljI0_seg_067.wav,data/interim/segmented_clean_relaxed/stuttering/aLyQSecljI0_seg_067.wav,aLyQSecljI0,067,stuttering,clean_pool,2bf59e5f41bc0baef3072ca30ca8c4628b0303db531c34447009c49f9b26b01a,16000,1,2,48000,3.0,-28.12,0.3837,0.0
aLyQSecljI0_seg_068.wav,data/interim/segmented_clean_relaxed/stuttering/aLyQSecljI0_seg_068.wav,aLyQSecljI0,068,stuttering,clean_pool,203ea4258ed770e2cf1d30dcaf2ecfbbdc293cfbec5a06208b09fc5927e5e95f,16000,1,2,48000,3.0,-28.27,0.3857,0.0
aLyQSecljI0_seg_069.wav,data/interim/segmented_clean_relaxed/stuttering/aLyQSecljI0_seg_069.wav,aLyQSecljI0,069,stuttering,clean_pool,2224674839750b9ef6f40bdaa969d130188937046840adcb912d3904e75c1d07,16000,1,2,48000,3.0,-29.53,0.3791,0.0
aLyQSecljI0_seg_070.wav,data/interim/segmented_clean_relaxed/stuttering/aLyQSecljI0_seg_070.wav,aLyQSecljI0,070,stuttering,clean_pool,f8dfedad84e724edf7fad260e3e6499ef4886959c9e1d9ee072cc882b031bcef,16000,1,2,48000,3.0,-28.45,0.3805,0.0
aLyQSecljI0_seg_071.wav,data/interim/segmented_clean_relaxed/stuttering/aLyQSecljI0_seg_071.wav,aLyQSecljI0,071,stuttering,clean_pool,8e0bc08e9e0fe5ea57c94bcccce30cb568097e9916fea4bc6731eeb8601c0d80,16000,1,2,48000,3.0,-28.02,0.2791,0.0
aLyQSecljI0_seg_072.wav,data/interim/segmented_clean_relaxed/stuttering/aLyQSecljI0_seg_072.wav,aLyQSecljI0,072,stuttering,clean_pool,18e8f1707ccf7f18870bcfb95fb8dadd0ed7df09a3ffd35bd3a337cf944f08b4,16000,1,2,48000,3.0,-26.52,0.2577,0.0
aLyQSecljI0_seg_073.wav,data/interim/segmented_clean_relaxed/stuttering/aLyQSecljI0_seg_073.wav,aLyQSecljI0,073,stuttering,clean_pool,ded9d7c34f832db003caf35ee54e2c2143096ab3244c3f5d466ca8add20dbaca,16000,1,2,48000,3.0,-27.75,0.3939,0.0
aLyQSecljI0_seg_074.wav,data/interim/segmented_clean_relaxed/stuttering/aLyQSecljI0_seg_074.wav,aLyQSecljI0,074,stuttering,clean_pool,d6808b70df9564abedc9306514ab66332819559087da09fdbbe50712d1ecada9,16000,1,2,48000,3.0,-25.73,0.3371,0.0
aLyQSecljI0_seg_075.wav,data/interim/segmented_clean_relaxed/stuttering/aLyQSecljI0_seg_075.wav,aLyQSecljI0,075,stuttering,clean_pool,ba55440e769f127329105048b7486cca03db9b8b11d2b6ef99e824734090710c,16000,1,2,48000,3.0,-30.15,0.3185,0.0
aLyQSecljI0_seg_076.wav,data/interim/segmented_clean_relaxed/stuttering/aLyQSecljI0_seg_076.wav,aLyQSecljI0,076,stuttering,clean_pool,7fc7c3986a405aa232bbcd2acd52971ef2757f2168793a061a8e97882e99179f,16000,1,2,48000,3.0,-25.77,0.3846,0.0
aLyQSecljI0_seg_077.wav,data/interim/segmented_clean_relaxed/stuttering/aLyQSecljI0_seg_077.wav,aLyQSecljI0,077,stuttering,clean_pool,a995a7b923c20b769440e86bb4d7da5bc36d38db6400d39eb0399db506ee42f6,16000,1,2,48000,3.0,-25.27,0.3967,0.0
aLyQSecljI0_seg_078.wav,data/interim/segmented_clean_relaxed/stuttering/aLyQSecljI0_seg_078.wav,aLyQSecljI0,078,stuttering,clean_pool,e7efaebd82eb67ac05c140a193b972f552bcf6de32670ef0b21630f4bb6970a0,16000,1,2,48000,3.0,-27.24,0.2209,0.0
aLyQSecljI0_seg_079.wav,data/interim/segmented_clean_relaxed/stuttering/aLyQSecljI0_seg_079.wav,aLyQSecljI0,079,stuttering,clean_pool,bdfff329156fa91a6c622fad929368c7bf19561aa35ff731aa8235807c0eb7c7,16000,1,2,48000,3.0,-27.68,0.5399,0.0
aLyQSecljI0_seg_080.wav,data/interim/segmented_clean_relaxed/stuttering/aLyQSecljI0_seg_080.wav,aLyQSecljI0,080,stuttering,clean_pool,7ffbfd915c54467bf6fedcd6567afbe24f23a5a9e0fd501d316b850b31747bde,16000,1,2,48000,3.0,-26.98,0.3253,0.0
aLyQSecljI0_seg_081.wav,data/interim/segmented_clean_relaxed/stuttering/aLyQSecljI0_seg_081.wav,aLyQSecljI0,081,stuttering,clean_pool,105415fe0a612226428ad57733b8f81ae62d83643eaec01a0dfd7de3caadaa20,16000,1,2,48000,3.0,-26.66,0.376,0.0
aLyQSecljI0_seg_082.wav,data/interim/segmented_clean_relaxed/stuttering/aLyQSecljI0_seg_082.wav,aLyQSecljI0,082,stuttering,clean_pool,617936f456f7d8f1370f3d6db6ac13c0116e6844d3c9f3a74cea8a84d51222f7,16000,1,2,48000,3.0,-22.83,0.3702,0.0
aLyQSecljI0_seg_083.wav,data/interim/segmented_clean_relaxed/stuttering/aLyQSecljI0_seg_083.wav,aLyQSecljI0,083,stuttering,clean_pool,5c0cba8617783c4afafd0cb0565ae9f75dc043d536ea359973c87268660dea47,16000,1,2,48000,3.0,-22.4,0.1964,0.0
aLyQSecljI0_seg_084.wav,data/interim/segmented_clean_relaxed/stuttering/aLyQSecljI0_seg_084.wav,aLyQSecljI0,084,stuttering,clean_pool,e50718c4807d19aac357c325a00fefb938527f7a270d94ee9bb6efa740d02ec6,16000,1,2,48000,3.0,-26.92,0.3414,0.0
aLyQSecljI0_seg_085.wav,data/interim/segmented_clean_relaxed/stuttering/aLyQSecljI0_seg_085.wav,aLyQSecljI0,085,stuttering,clean_pool,def0cc66d4376e1c0ae32eb6c1b600f24a104a7e05830bb61839efb51d96e4b7,16000,1,2,48000,3.0,-25.14,0.5766,0.0
aLyQSecljI0_seg_086.wav,data/interim/segmented_clean_relaxed/stuttering/aLyQSecljI0_seg_086.wav,aLyQSecljI0,086,stuttering,clean_pool,5aead5f27e91a39bca0486386e0cb657628dadb3f9cecc76a1af5092f98717ce,16000,1,2,48000,3.0,-26.21,0.2506,0.0
aLyQSecljI0_seg_087.wav,data/interim/segmented_clean_relaxed/stuttering/aLyQSecljI0_seg_087.wav,aLyQSecljI0,087,stuttering,clean_pool,3cccb38227dd58699c7df4a09aa9b2765acf626c048f1b412a920a7af856eee8,16000,1,2,48000,3.0,-27.23,0.2589,0.0
aLyQSecljI0_seg_088.wav,data/interim/segmented_clean_relaxed/stuttering/aLyQSecljI0_seg_088.wav,aLyQSecljI0,088,stuttering,clean_pool,6e29c36a2e2ed7e291b090367c5f72eca3cfc8d4e9d86d8bd3f38c2694e1235d,16000,1,2,48000,3.0,-26.49,0.3408,0.0
aLyQSecljI0_seg_089.wav,data/interim/segmented_clean_relaxed/stuttering/aLyQSecljI0_seg_089.wav,aLyQSecljI0,089,stuttering,clean_pool,8acbc4e0cef454addd3a7e2708d1415532df0751d165eae65646eafefd185a8c,16000,1,2,48000,3.0,-29.32,0.3587,0.0
aLyQSecljI0_seg_090.wav,data/interim/segmented_clean_relaxed/stuttering/aLyQSecljI0_seg_090.wav,aLyQSecljI0,090,stuttering,clean_pool,4475bf80288ec89011f1bd33d8e52f856389d14fdf01c014d8b19c858052811f,16000,1,2,48000,3.0,-26.96,0.4204,0.0
aLyQSecljI0_seg_091.wav,data/interim/segmented_clean_relaxed/stuttering/aLyQSecljI0_seg_091.wav,aLyQSecljI0,091,stuttering,clean_pool,c959cdaca1e369c7bea113be9072188d9f175433d367698e5ab8f26e1a96bff0,16000,1,2,48000,3.0,-27.43,0.4031,0.0
aLyQSecljI0_seg_092.wav,data/interim/segmented_clean_relaxed/stuttering/aLyQSecljI0_seg_092.wav,aLyQSecljI0,092,stuttering,clean_pool,76bf555f54ab6eafe4ad93dbe540f053751c79076e3ecb828e4ec4d66d2396c3,16000,1,2,48000,3.0,-26.34,0.3399,0.0
aLyQSecljI0_seg_093.wav,data/interim/segmented_clean_relaxed/stuttering/aLyQSecljI0_seg_093.wav,aLyQSecljI0,093,stuttering,clean_pool,a0dbccaace97efe91ef0ba76d391a7b2a48c1a0bdd272961c940cc5d738d339e,16000,1,2,48000,3.0,-25.63,0.4318,0.0
aLyQSecljI0_seg_094.wav,data/interim/segmented_clean_relaxed/stuttering/aLyQSecljI0_seg_094.wav,aLyQSecljI0,094,stuttering,clean_pool,1dc94dfecabbb53fbf0863daf4a8fab3ecb27a8f9c89f24460f1ac8719ba2dc2,16000,1,2,48000,3.0,-28.36,0.4981,0.0
aLyQSecljI0_seg_095.wav,data/interim/segmented_clean_relaxed/stuttering/aLyQSecljI0_seg_095.wav,aLyQSecljI0,095,stuttering,clean_pool,7873ff36b1d2597ca66b57e629f0d2d3b92bf4fe34d3740cf84ea87ec848ca91,16000,1,2,48000,3.0,-24.7,0.3827,0.0
aLyQSecljI0_seg_096.wav,data/interim/segmented_clean_relaxed/stuttering/aLyQSecljI0_seg_096.wav,aLyQSecljI0,096,stuttering,clean_pool,3f13270276ffbc1648b5ff036ad8596225ca57ea30d3b7c1f129cf7ec6e98f99,16000,1,2,48000,3.0,-28.15,0.3271,0.0
aLyQSecljI0_seg_097.wav,data/interim/segmented_clean_relaxed/stuttering/aLyQSecljI0_seg_097.wav,aLyQSecljI0,097,stuttering,clean_pool,23df173dbadc924e777adde1473fdb4747abfc2a1e6e059838ede39383c1d26b,16000,1,2,48000,3.0,-31.65,0.67,0.0
aLyQSecljI0_seg_098.wav,data/interim/segmented_clean_relaxed/stuttering/aLyQSecljI0_seg_098.wav,aLyQSecljI0,098,stuttering,clean_pool,9472498936533b97ee311012834df17913a3d800afdd2aa9f12c7cb97c3c5cd0,16000,1,2,48000,3.0,-26.27,0.5435,0.0
aLyQSecljI0_seg_099.wav,data/interim/segmented_clean_relaxed/stuttering/aLyQSecljI0_seg_099.wav,aLyQSecljI0,099,stuttering,clean_pool,6c7111210cdfa97c7a7152244a4b5c6d86a9b145df6628264d7f9a3bcc3a4609,16000,1,2,48000,3.0,-25.24,0.2256,0.0
aLyQSecljI0_seg_100.wav,data/interim/segmented_clean_relaxed/stuttering/aLyQSecljI0_seg_100.wav,aLyQSecljI0,100,stuttering,clean_pool,749ba58efb9dd76c7c67c01ca6ff5d8aa5d5d7c521d8c318fb92fc430679241d,16000,1,2,48000,3.0,-25.23,0.1991,0.0
aLyQSecljI0_seg_101.wav,data/interim/segmented_clean_relaxed/stuttering/aLyQSecljI0_seg_101.wav,aLyQSecljI0,101,stuttering,clean_pool,7f736053b8147ce43cf168091deebb5e8b249a136c4d750de328e9ccd09dedb1,16000,1,2,48000,3.0,-26.68,0.2957,0.0
aLyQSecljI0_seg_102.wav,data/interim/segmented_clean_relaxed/stuttering/aLyQSecljI0_seg_102.wav,aLyQSecljI0,102,stuttering,clean_pool,44b39a7b0e72a2401956eebf1e2c790f43d874a8f3940a9bb8c408fc03e6934f,16000,1,2,48000,3.0,-23.61,0.2285,0.0
aLyQSecljI0_seg_103.wav,data/interim/segmented_clean_relaxed/stuttering/aLyQSecljI0_seg_103.wav,aLyQSecljI0,103,stuttering,clean_pool,f6e79c0454ee9913705872f3675d2f2841da5bdb1c9c3d0d57e5ea17790f92c6,16000,1,2,48000,3.0,-26.73,0.3673,0.0
aLyQSecljI0_seg_104.wav,data/interim/segmented_clean_relaxed/stuttering/aLyQSecljI0_seg_104.wav,aLyQSecljI0,104,stuttering,clean_pool,e33874494c18c61dbdd25a60aa0ce4d8172e0a3d526e65d40c46d237513e7435,16000,1,2,48000,3.0,-26.5,0.3836,0.0
aLyQSecljI0_seg_105.wav,data/interim/segmented_clean_relaxed/stuttering/aLyQSecljI0_seg_105.wav,aLyQSecljI0,105,stuttering,clean_pool,9d333d71652c6b14589e512a64c18919f45f7f4c82138a840b565b67e0d77118,16000,1,2,48000,3.0,-24.14,0.2476,0.0
aLyQSecljI0_seg_106.wav,data/interim/segmented_clean_relaxed/stuttering/aLyQSecljI0_seg_106.wav,aLyQSecljI0,106,stuttering,clean_pool,58fb8c5926407cbe734b0286603599768b69a62722310b268f016988a206421d,16000,1,2,48000,3.0,-26.01,0.3126,0.0
aLyQSecljI0_seg_107.wav,data/interim/segmented_clean_relaxed/stuttering/aLyQSecljI0_seg_107.wav,aLyQSecljI0,107,stuttering,clean_pool,be01fd540f40691f7be8c826c3005fd58c72ad199255a0a5de99e01523412d54,16000,1,2,48000,3.0,-27.44,0.4336,0.0
aLyQSecljI0_seg_108.wav,data/interim/segmented_clean_relaxed/stuttering/aLyQSecljI0_seg_108.wav,aLyQSecljI0,108,stuttering,clean_pool,ad60362860623c32e61c13e232e5e8bb5874fae66bf59ed4c593f9128e1b80c4,16000,1,2,48000,3.0,-25.23,0.3167,0.0
ApCK9R-i4yk_seg_000.wav,data/interim/segmented_clean_relaxed/stuttering/ApCK9R-i4yk_seg_000.wav,ApCK9R-i4yk,000,stuttering,clean_pool,0ea8927fda72df35c92919d368e2aba06c5a57bd25d129ffbf003f0f6971222c,16000,1,2,48000,3.0,-28.17,0.2895,0.0
ApCK9R-i4yk_seg_001.wav,data/interim/segmented_clean_relaxed/stuttering/ApCK9R-i4yk_seg_001.wav,ApCK9R-i4yk,001,stuttering,clean_pool,baa2e8fda4898b18d50e34c20b3360be591d03d74a48d58a64c51d19ea8b6913,16000,1,2,48000,3.0,-30.32,0.4035,0.0
ApCK9R-i4yk_seg_002.wav,data/interim/segmented_clean_relaxed/stuttering/ApCK9R-i4yk_seg_002.wav,ApCK9R-i4yk,002,stuttering,clean_pool,ccfa772884ecc466392e50473bb64870f54c9ed468080c75e4f241407203b44d,16000,1,2,48000,3.0,-30.28,0.4129,0.0
ApCK9R-i4yk_seg_003.wav,data/interim/segmented_clean_relaxed/stuttering/ApCK9R-i4yk_seg_003.wav,ApCK9R-i4yk,003,stuttering,clean_pool,35c857bc8c33663db5a7a4bc498649d2fcb4243e6ebbdb81c6d8ebb6a0d6c36c,16000,1,2,48000,3.0,-28.33,0.3095,0.0
ApCK9R-i4yk_seg_004.wav,data/interim/segmented_clean_relaxed/stuttering/ApCK9R-i4yk_seg_004.wav,ApCK9R-i4yk,004,stuttering,clean_pool,82a09bd852ef93b3a9c6e62892ad60148b8f415fc6a355cbe9a8363da65663a1,16000,1,2,48000,3.0,-33.03,0.5743,0.0
ApCK9R-i4yk_seg_005.wav,data/interim/segmented_clean_relaxed/stuttering/ApCK9R-i4yk_seg_005.wav,ApCK9R-i4yk,005,stuttering,clean_pool,e3da3ecc276e9c73d86fb24b532a353586c377d3ca840ac2152fe2c09accb8d8,16000,1,2,48000,3.0,-26.85,0.265,0.0
ApCK9R-i4yk_seg_006.wav,data/interim/segmented_clean_relaxed/stuttering/ApCK9R-i4yk_seg_006.wav,ApCK9R-i4yk,006,stuttering,clean_pool,9ae7266f5037fe628d1839b53ba0652ad13b3c04ce5e0c0aabc83e9e5db78bdf,16000,1,2,48000,3.0,-30.84,0.4729,0.0
ApCK9R-i4yk_seg_007.wav,data/interim/segmented_clean_relaxed/stuttering/ApCK9R-i4yk_seg_007.wav,ApCK9R-i4yk,007,stuttering,clean_pool,22f34c3dfc3bf4425ba2c3a99fd4495fe72e95232ac5b90cf72d173fd55c27c7,16000,1,2,48000,3.0,-28.88,0.5282,0.0
ApCK9R-i4yk_seg_008.wav,data/interim/segmented_clean_relaxed/stuttering/ApCK9R-i4yk_seg_008.wav,ApCK9R-i4yk,008,stuttering,clean_pool,b7264d7bf21ef85cd97a26091f8aff3d99635a3753ae35cadf3cbb6926d20c31,16000,1,2,48000,3.0,-28.68,0.347,0.0
ApCK9R-i4yk_seg_009.wav,data/interim/segmented_clean_relaxed/stuttering/ApCK9R-i4yk_seg_009.wav,ApCK9R-i4yk,009,stuttering,clean_pool,53c60486926f6f24676c65fd142077443c510fc16b85712af956e82434b77dfc,16000,1,2,48000,3.0,-28.97,0.4544,0.0
ApCK9R-i4yk_seg_010.wav,data/interim/segmented_clean_relaxed/stuttering/ApCK9R-i4yk_seg_010.wav,ApCK9R-i4yk,010,stuttering,clean_pool,40b06975b8e4c74cd37fb08cb148f85788bf17a11cc24a48165119fdb39690a0,16000,1,2,48000,3.0,-32.18,0.6157,0.0
ApCK9R-i4yk_seg_011.wav,data/interim/segmented_clean_relaxed/stuttering/ApCK9R-i4yk_seg_011.wav,ApCK9R-i4yk,011,stuttering,clean_pool,48e89508816cfd02370cb0f97265b490ce7c9915012111b5b9c6bea4da071ef1,16000,1,2,48000,3.0,-27.64,0.4431,0.0
ApCK9R-i4yk_seg_012.wav,data/interim/segmented_clean_relaxed/stuttering/ApCK9R-i4yk_seg_012.wav,ApCK9R-i4yk,012,stuttering,clean_pool,25ff32b5edabd1d3d51bd7fd38eea41394796233ecba81adbf46e925b6b94618,16000,1,2,48000,3.0,-28.9,0.4375,0.0
ApCK9R-i4yk_seg_013.wav,data/interim/segmented_clean_relaxed/stuttering/ApCK9R-i4yk_seg_013.wav,ApCK9R-i4yk,013,stuttering,clean_pool,0dc273429768e819c8b5a18bb2fe5a90a1272de459c825ffacc6cb12c95dc713,16000,1,2,48000,3.0,-28.31,0.3474,0.0
ApCK9R-i4yk_seg_014.wav,data/interim/segmented_clean_relaxed/stuttering/ApCK9R-i4yk_seg_014.wav,ApCK9R-i4yk,014,stuttering,clean_pool,d6335cd92c2985a669511abf623eb8095d9679fd87dd73fdef7c19f94bb0f7eb,16000,1,2,48000,3.0,-33.92,0.771,0.0
ApCK9R-i4yk_seg_015.wav,data/interim/segmented_clean_relaxed/stuttering/ApCK9R-i4yk_seg_015.wav,ApCK9R-i4yk,015,stuttering,clean_pool,c0e1e1dcba45acc0a4f9e9cee1b3293da777942c95163ce815caeeaa8aca94e0,16000,1,2,48000,3.0,-28.46,0.497,0.0
ApCK9R-i4yk_seg_016.wav,data/interim/segmented_clean_relaxed/stuttering/ApCK9R-i4yk_seg_016.wav,ApCK9R-i4yk,016,stuttering,clean_pool,da3109427a9d89c87ae0005de9c4c816fab5d16a8762a055a5a32734335694c8,16000,1,2,48000,3.0,-27.29,0.3004,0.0
ApCK9R-i4yk_seg_017.wav,data/interim/segmented_clean_relaxed/stuttering/ApCK9R-i4yk_seg_017.wav,ApCK9R-i4yk,017,stuttering,clean_pool,937e416734fe0783d33757edecd96a569d515e02d2a8d9bb11eb41897d47ac5b,16000,1,2,48000,3.0,-27.74,0.3736,0.0
ApCK9R-i4yk_seg_018.wav,data/interim/segmented_clean_relaxed/stuttering/ApCK9R-i4yk_seg_018.wav,ApCK9R-i4yk,018,stuttering,clean_pool,c9307dfe0fd8c6cf92160e2a47f05154e1385dd87b59ff77a2d235ed1ca2f246,16000,1,2,48000,3.0,-31.6,0.3739,0.0
ApCK9R-i4yk_seg_019.wav,data/interim/segmented_clean_relaxed/stuttering/ApCK9R-i4yk_seg_019.wav,ApCK9R-i4yk,019,stuttering,clean_pool,6be5ea34bc07271c52b6823c9e8f4fb6439a849b7c2bb920aee02305d3d5bab7,16000,1,2,48000,3.0,-35.91,0.6943,0.0
ApCK9R-i4yk_seg_020.wav,data/interim/segmented_clean_relaxed/stuttering/ApCK9R-i4yk_seg_020.wav,ApCK9R-i4yk,020,stuttering,clean_pool,abca6a25448857ec0e49a69acb527f85ca3bc38d29f4bc10b70b062898012e76,16000,1,2,48000,3.0,-29.8,0.3796,0.0
ApCK9R-i4yk_seg_021.wav,data/interim/segmented_clean_relaxed/stuttering/ApCK9R-i4yk_seg_021.wav,ApCK9R-i4yk,021,stuttering,clean_pool,1162de3e74bc8aea5c98b2e12d21d6a01909a40ab7da8f54374ca95e51037b38,16000,1,2,48000,3.0,-31.55,0.3716,0.0
ApCK9R-i4yk_seg_022.wav,data/interim/segmented_clean_relaxed/stuttering/ApCK9R-i4yk_seg_022.wav,ApCK9R-i4yk,022,stuttering,clean_pool,b6514c5baa7d33256479b0840d1aa07e976e636e327f928dff5d75f4bb16286e,16000,1,2,48000,3.0,-31.32,0.587,0.0
ApCK9R-i4yk_seg_023.wav,data/interim/segmented_clean_relaxed/stuttering/ApCK9R-i4yk_seg_023.wav,ApCK9R-i4yk,023,stuttering,clean_pool,02ccd545e36ef522cce4591805a6d39c35d3d15557a15a9cff512e20ac408f1c,16000,1,2,48000,3.0,-29.76,0.4237,0.0
ApCK9R-i4yk_seg_024.wav,data/interim/segmented_clean_relaxed/stuttering/ApCK9R-i4yk_seg_024.wav,ApCK9R-i4yk,024,stuttering,clean_pool,4473948488357e4ebb74d876c3dd3620db962c545470cbb5cce9b149f358d788,16000,1,2,48000,3.0,-30.02,0.4524,0.0
ApCK9R-i4yk_seg_025.wav,data/interim/segmented_clean_relaxed/stuttering/ApCK9R-i4yk_seg_025.wav,ApCK9R-i4yk,025,stuttering,clean_pool,f6c7412daa4e7a7040752a5827c9a3b40b83a5884cba74355fa524a75776e3d0,16000,1,2,48000,3.0,-28.75,0.4549,0.0
ApCK9R-i4yk_seg_026.wav,data/interim/segmented_clean_relaxed/stuttering/ApCK9R-i4yk_seg_026.wav,ApCK9R-i4yk,026,stuttering,clean_pool,2756bb73da87dfe9e8a087fe795db1ac8f79ef90027842d078eb24ffd3366efa,16000,1,2,48000,3.0,-29.32,0.3384,0.0
ApCK9R-i4yk_seg_027.wav,data/interim/segmented_clean_relaxed/stuttering/ApCK9R-i4yk_seg_027.wav,ApCK9R-i4yk,027,stuttering,clean_pool,77ca31a9b4ca51c6d4871f4e3ee2b68d4e7d80e2b39ce8b6ea2dc3c800a81045,16000,1,2,48000,3.0,-30.87,0.4108,0.0
ApCK9R-i4yk_seg_028.wav,data/interim/segmented_clean_relaxed/stuttering/ApCK9R-i4yk_seg_028.wav,ApCK9R-i4yk,028,stuttering,clean_pool,65186460fade78227484956232c19bc5cc06d47070753d6772504466f35b696a,16000,1,2,48000,3.0,-33.79,0.5498,0.0
ApCK9R-i4yk_seg_029.wav,data/interim/segmented_clean_relaxed/stuttering/ApCK9R-i4yk_seg_029.wav,ApCK9R-i4yk,029,stuttering,clean_pool,166bc23e650e122ca65ec24426d0451559c1ca16a7d256ce9d6f6201739bd453,16000,1,2,48000,3.0,-33.44,0.6877,0.0
ApCK9R-i4yk_seg_030.wav,data/interim/segmented_clean_relaxed/stuttering/ApCK9R-i4yk_seg_030.wav,ApCK9R-i4yk,030,stuttering,clean_pool,1c45f143fe7deee196601ce88347f88783c49b76d39ce304147f532796fa204e,16000,1,2,48000,3.0,-32.61,0.5723,0.0
ApCK9R-i4yk_seg_031.wav,data/interim/segmented_clean_relaxed/stuttering/ApCK9R-i4yk_seg_031.wav,ApCK9R-i4yk,031,stuttering,clean_pool,15bf414ccb623bd7299235ed9d6c2ef8a2af2e29bfd768cba8e4324a23252e33,16000,1,2,48000,3.0,-36.22,0.55,0.0
ApCK9R-i4yk_seg_032.wav,data/interim/segmented_clean_relaxed/stuttering/ApCK9R-i4yk_seg_032.wav,ApCK9R-i4yk,032,stuttering,clean_pool,d5c0ab38ad12d01c63168a53626156f7ccf7cc8d74afa42c96c19d558cc0325e,16000,1,2,48000,3.0,-30.59,0.5441,0.0
ApCK9R-i4yk_seg_033.wav,data/interim/segmented_clean_relaxed/stuttering/ApCK9R-i4yk_seg_033.wav,ApCK9R-i4yk,033,stuttering,clean_pool,18aacf9f1e4a131cbae727bd94c95a0df45ea67908551374ec25518a41159b62,16000,1,2,48000,3.0,-31.67,0.4863,0.0
ApCK9R-i4yk_seg_034.wav,data/interim/segmented_clean_relaxed/stuttering/ApCK9R-i4yk_seg_034.wav,ApCK9R-i4yk,034,stuttering,clean_pool,29c0c8d128fab0bb9d9d3fd75ee8bffb1325cdb70cf93a99a4961f9fab4b92f6,16000,1,2,48000,3.0,-28.72,0.5763,0.0
ApCK9R-i4yk_seg_035.wav,data/interim/segmented_clean_relaxed/stuttering/ApCK9R-i4yk_seg_035.wav,ApCK9R-i4yk,035,stuttering,clean_pool,14982a3fb2d75ee89194e41bc2c1400e56e21f377befc3f2fb98b293d838cb53,16000,1,2,48000,3.0,-34.41,0.5179,0.0
ApCK9R-i4yk_seg_036.wav,data/interim/segmented_clean_relaxed/stuttering/ApCK9R-i4yk_seg_036.wav,ApCK9R-i4yk,036,stuttering,clean_pool,7ba9fe2125f6ac26547172347a09985a5badfdb9ea84ec5911973ab8883d6d58,16000,1,2,48000,3.0,-32.16,0.4928,0.0
ApCK9R-i4yk_seg_037.wav,data/interim/segmented_clean_relaxed/stuttering/ApCK9R-i4yk_seg_037.wav,ApCK9R-i4yk,037,stuttering,clean_pool,f02cc04837c71d649ddab17a6b821add0cf8aa82f646bed933b52e252b57394c,16000,1,2,48000,3.0,-30.76,0.3946,0.0
ApCK9R-i4yk_seg_038.wav,data/interim/segmented_clean_relaxed/stuttering/ApCK9R-i4yk_seg_038.wav,ApCK9R-i4yk,038,stuttering,clean_pool,84b1c6d1bb277c8eda15b75bc8869b93e7428ccded05a115e4a145064ae8bc7f,16000,1,2,48000,3.0,-38.3,0.6268,0.0
ApCK9R-i4yk_seg_039.wav,data/interim/segmented_clean_relaxed/stuttering/ApCK9R-i4yk_seg_039.wav,ApCK9R-i4yk,039,stuttering,clean_pool,310669690e02a36a4e029230704ebe72be99bbc8cd9998b40284ef755e56591c,16000,1,2,48000,3.0,-30.14,0.4295,0.0
ApCK9R-i4yk_seg_040.wav,data/interim/segmented_clean_relaxed/stuttering/ApCK9R-i4yk_seg_040.wav,ApCK9R-i4yk,040,stuttering,clean_pool,cbd729b141b18f2f99ba03cb554cd6171acfa6a520eb0d320996be3b80c33557,16000,1,2,48000,3.0,-31.61,0.6335,0.0
ApCK9R-i4yk_seg_041.wav,data/interim/segmented_clean_relaxed/stuttering/ApCK9R-i4yk_seg_041.wav,ApCK9R-i4yk,041,stuttering,clean_pool,061f890bc697e58976eb8c397abc99fabde488e28fe36d85334be9ce8a4eccd9,16000,1,2,48000,3.0,-30.95,0.392,0.0
ApCK9R-i4yk_seg_042.wav,data/interim/segmented_clean_relaxed/stuttering/ApCK9R-i4yk_seg_042.wav,ApCK9R-i4yk,042,stuttering,clean_pool,c42a94f1e3727a8f4a4942194945e555a71a86aec4ccb456edb2c71630768b5d,16000,1,2,48000,3.0,-28.68,0.3221,0.0
ApCK9R-i4yk_seg_043.wav,data/interim/segmented_clean_relaxed/stuttering/ApCK9R-i4yk_seg_043.wav,ApCK9R-i4yk,043,stuttering,clean_pool,9ee7c5a09c119bd50b9b3aa6da3b48e7de9b1732ba95ec8abc86641206760561,16000,1,2,48000,3.0,-29.74,0.29,0.0
ApCK9R-i4yk_seg_044.wav,data/interim/segmented_clean_relaxed/stuttering/ApCK9R-i4yk_seg_044.wav,ApCK9R-i4yk,044,stuttering,clean_pool,a175541b5b07fc3a0c0bb1b1b2241d1a638757b3556ea46432ab5c9cc236ccbf,16000,1,2,48000,3.0,-33.58,0.4573,0.0
ApCK9R-i4yk_seg_045.wav,data/interim/segmented_clean_relaxed/stuttering/ApCK9R-i4yk_seg_045.wav,ApCK9R-i4yk,045,stuttering,clean_pool,00caf4d10f6ad88a387baddfb24135f2dec2277b43a3e3d9f543cffcf4120b47,16000,1,2,48000,3.0,-36.98,0.7488,0.0
ApCK9R-i4yk_seg_046.wav,data/interim/segmented_clean_relaxed/stuttering/ApCK9R-i4yk_seg_046.wav,ApCK9R-i4yk,046,stuttering,clean_pool,c347a107f93a74928887db1f2d05f135b31c89130799425b14529ebc60ae3cb7,16000,1,2,48000,3.0,-29.47,0.516,0.0
ApCK9R-i4yk_seg_047.wav,data/interim/segmented_clean_relaxed/stuttering/ApCK9R-i4yk_seg_047.wav,ApCK9R-i4yk,047,stuttering,clean_pool,08c19c144d76da53510b41c8e600fdead0c73d05c5dfbb8e2e2992229d97c98a,16000,1,2,48000,3.0,-30.77,0.4225,0.0
ApCK9R-i4yk_seg_048.wav,data/interim/segmented_clean_relaxed/stuttering/ApCK9R-i4yk_seg_048.wav,ApCK9R-i4yk,048,stuttering,clean_pool,2b3689c48162332c923d661f052e9828f7f154f0c9e0bf3aeb4017edab62417e,16000,1,2,48000,3.0,-33.92,0.5437,0.0
ApCK9R-i4yk_seg_049.wav,data/interim/segmented_clean_relaxed/stuttering/ApCK9R-i4yk_seg_049.wav,ApCK9R-i4yk,049,stuttering,clean_pool,b434b05442cb8dc432e24d5bb7157973a119113f1ad46929b123781b57d5e450,16000,1,2,48000,3.0,-30.56,0.438,0.0
ApCK9R-i4yk_seg_050.wav,data/interim/segmented_clean_relaxed/stuttering/ApCK9R-i4yk_seg_050.wav,ApCK9R-i4yk,050,stuttering,clean_pool,59d7674e6e072160fc45799bd47182b061d0b4c4cfc18c3cfa55b140270fb6ec,16000,1,2,48000,3.0,-29.27,0.2724,0.0
ApCK9R-i4yk_seg_051.wav,data/interim/segmented_clean_relaxed/stuttering/ApCK9R-i4yk_seg_051.wav,ApCK9R-i4yk,051,stuttering,clean_pool,2d0e80d2cc1d5fb5804a86a0be8a6599f2d3a8ebac1b100ede9504da7f689686,16000,1,2,48000,3.0,-29.71,0.4194,0.0
ApCK9R-i4yk_seg_052.wav,data/interim/segmented_clean_relaxed/stuttering/ApCK9R-i4yk_seg_052.wav,ApCK9R-i4yk,052,stuttering,clean_pool,4eb31d4a8ce36c323ee19bdff1e027ffa10b722462f2637564ee1c3c56c4874d,16000,1,2,48000,3.0,-28.93,0.342,0.0
ApCK9R-i4yk_seg_053.wav,data/interim/segmented_clean_relaxed/stuttering/ApCK9R-i4yk_seg_053.wav,ApCK9R-i4yk,053,stuttering,clean_pool,e768b3836304f3d41eab8f686a58d50f548a2f41c5a8f83786e9941cdec169e9,16000,1,2,48000,3.0,-32.2,0.6552,0.0
ApCK9R-i4yk_seg_054.wav,data/interim/segmented_clean_relaxed/stuttering/ApCK9R-i4yk_seg_054.wav,ApCK9R-i4yk,054,stuttering,clean_pool,33655508c4d59b094b7bb145b337530ceade641c3ab815f48916392c66d71128,16000,1,2,48000,3.0,-34.41,0.6096,0.0
ApCK9R-i4yk_seg_055.wav,data/interim/segmented_clean_relaxed/stuttering/ApCK9R-i4yk_seg_055.wav,ApCK9R-i4yk,055,stuttering,clean_pool,67d2bd6dea8adebef469d47031b35b42f05809c3066d2cf62fc856a9395bb48a,16000,1,2,48000,3.0,-28.89,0.5922,0.0
ApCK9R-i4yk_seg_056.wav,data/interim/segmented_clean_relaxed/stuttering/ApCK9R-i4yk_seg_056.wav,ApCK9R-i4yk,056,stuttering,clean_pool,7568e4def1b1da4c041fcd9b69574f3ac896e3e7133de160c0fa3f309ff339d2,16000,1,2,48000,3.0,-35.72,0.4574,0.0
ApCK9R-i4yk_seg_057.wav,data/interim/segmented_clean_relaxed/stuttering/ApCK9R-i4yk_seg_057.wav,ApCK9R-i4yk,057,stuttering,clean_pool,a10620162fb384411fd0e41a0171028abe8aa8fb46c74bcf618dab10639271c7,16000,1,2,48000,3.0,-32.71,0.3482,0.0
ApCK9R-i4yk_seg_058.wav,data/interim/segmented_clean_relaxed/stuttering/ApCK9R-i4yk_seg_058.wav,ApCK9R-i4yk,058,stuttering,clean_pool,f7905aad5d9c7254379a91ada1367c3b3c36c6c9d54b2c4f74d171523575bc67,16000,1,2,48000,3.0,-35.34,0.6732,0.0
ApCK9R-i4yk_seg_059.wav,data/interim/segmented_clean_relaxed/stuttering/ApCK9R-i4yk_seg_059.wav,ApCK9R-i4yk,059,stuttering,clean_pool,83f6b5cd7895f4e31b22ca8502e3dbe046c30b460d5076fe92db4253dfc471a1,16000,1,2,48000,3.0,-32.02,0.4069,0.0
ApCK9R-i4yk_seg_060.wav,data/interim/segmented_clean_relaxed/stuttering/ApCK9R-i4yk_seg_060.wav,ApCK9R-i4yk,060,stuttering,clean_pool,892f7e255697fef767366954fffda46efef165d6e89651ba3828127600c8aecf,16000,1,2,48000,3.0,-30.16,0.5925,0.0
ApCK9R-i4yk_seg_061.wav,data/interim/segmented_clean_relaxed/stuttering/ApCK9R-i4yk_seg_061.wav,ApCK9R-i4yk,061,stuttering,clean_pool,3c2270f94632e1fe6d99295a9987c49b6d7d15fc9b9373f86ef8676d1a1d5cbf,16000,1,2,48000,3.0,-35.02,0.5766,0.0
ApCK9R-i4yk_seg_062.wav,data/interim/segmented_clean_relaxed/stuttering/ApCK9R-i4yk_seg_062.wav,ApCK9R-i4yk,062,stuttering,clean_pool,c6bcc55af554160673c2d697c31017fabc0f99e9826281f4e195beb0deee9de6,16000,1,2,48000,3.0,-29.94,0.4398,0.0
ApCK9R-i4yk_seg_063.wav,data/interim/segmented_clean_relaxed/stuttering/ApCK9R-i4yk_seg_063.wav,ApCK9R-i4yk,063,stuttering,clean_pool,14ae4426707eaa52f6086ee5d3bf1252ea288a6538f0ac8881984ed5546988be,16000,1,2,48000,3.0,-31.01,0.5243,0.0
ApCK9R-i4yk_seg_064.wav,data/interim/segmented_clean_relaxed/stuttering/ApCK9R-i4yk_seg_064.wav,ApCK9R-i4yk,064,stuttering,clean_pool,42fda7fb1d5206ddfd5fabe7226e116d77e7793a38a6ac7721a62c223a086085,16000,1,2,48000,3.0,-33.74,0.5866,0.0
ApCK9R-i4yk_seg_065.wav,data/interim/segmented_clean_relaxed/stuttering/ApCK9R-i4yk_seg_065.wav,ApCK9R-i4yk,065,stuttering,clean_pool,34a6ccdf895c62de556cb9a237402270c4858726e4095e02baae6dc3d33ee8ee,16000,1,2,48000,3.0,-27.8,0.366,0.0
ApCK9R-i4yk_seg_066.wav,data/interim/segmented_clean_relaxed/stuttering/ApCK9R-i4yk_seg_066.wav,ApCK9R-i4yk,066,stuttering,clean_pool,c57354e1ddef7a0624333af7f1b4f46bff63f1bef5da9bdda21737bea95cdf0c,16000,1,2,48000,3.0,-33.03,0.7316,0.0
ApCK9R-i4yk_seg_067.wav,data/interim/segmented_clean_relaxed/stuttering/ApCK9R-i4yk_seg_067.wav,ApCK9R-i4yk,067,stuttering,clean_pool,e60822b4122b27692853b69cccbf0b68c3ce35647d46016a08b430c6d584eb33,16000,1,2,48000,3.0,-30.84,0.4181,0.0
ApCK9R-i4yk_seg_068.wav,data/interim/segmented_clean_relaxed/stuttering/ApCK9R-i4yk_seg_068.wav,ApCK9R-i4yk,068,stuttering,clean_pool,ebeb3ed90d233aac864f3550390bded0bb74351ecbd6a3bed7f55c0c36abfc6b,16000,1,2,48000,3.0,-36.63,0.6376,0.0
ApCK9R-i4yk_seg_070.wav,data/interim/segmented_clean_relaxed/stuttering/ApCK9R-i4yk_seg_070.wav,ApCK9R-i4yk,070,stuttering,clean_pool,706fc19fe63d6a71933f0bed64f9b5453f68d5b392ae4d8049978ea0ec6535ee,16000,1,2,48000,3.0,-27.9,0.2556,0.0
ApCK9R-i4yk_seg_071.wav,data/interim/segmented_clean_relaxed/stuttering/ApCK9R-i4yk_seg_071.wav,ApCK9R-i4yk,071,stuttering,clean_pool,4416a063a13a679bf53c5b7c4fe8b66208f60d19e253e054d9a6e6137c253025,16000,1,2,48000,3.0,-29.77,0.4883,0.0
ApCK9R-i4yk_seg_072.wav,data/interim/segmented_clean_relaxed/stuttering/ApCK9R-i4yk_seg_072.wav,ApCK9R-i4yk,072,stuttering,clean_pool,21af6b221a6fa0ef354dd0858452de7c42e7b984946d8f23f8d5e2ce7e0e281e,16000,1,2,48000,3.0,-30.45,0.3792,0.0
ApCK9R-i4yk_seg_073.wav,data/interim/segmented_clean_relaxed/stuttering/ApCK9R-i4yk_seg_073.wav,ApCK9R-i4yk,073,stuttering,clean_pool,a9e020c187f350dfb9fe4e993b4c03a88457da9f9a7714dd5bc42aabbd0e4bcf,16000,1,2,48000,3.0,-31.95,0.5396,0.0
ApCK9R-i4yk_seg_074.wav,data/interim/segmented_clean_relaxed/stuttering/ApCK9R-i4yk_seg_074.wav,ApCK9R-i4yk,074,stuttering,clean_pool,4ca28c22b43e323915709747eb677069b4c5ffa51f205b7b2846c6c48cf02a53,16000,1,2,48000,3.0,-30.94,0.5199,0.0
ApCK9R-i4yk_seg_075.wav,data/interim/segmented_clean_relaxed/stuttering/ApCK9R-i4yk_seg_075.wav,ApCK9R-i4yk,075,stuttering,clean_pool,d9809af4e7046155de4f83ad4518461efbebe78689122af810d9032b9de497ca,16000,1,2,48000,3.0,-31.47,0.4199,0.0
ApCK9R-i4yk_seg_076.wav,data/interim/segmented_clean_relaxed/stuttering/ApCK9R-i4yk_seg_076.wav,ApCK9R-i4yk,076,stuttering,clean_pool,480db81b833e4b6fd41d33a588987d4f594ce23cd742995133c801a00bd81c09,16000,1,2,48000,3.0,-32.51,0.5806,0.0
ApCK9R-i4yk_seg_077.wav,data/interim/segmented_clean_relaxed/stuttering/ApCK9R-i4yk_seg_077.wav,ApCK9R-i4yk,077,stuttering,clean_pool,ab0610e8a840ee801dd9980ed8cc75dd96c3a1c362910cb53621dd1f8377d16d,16000,1,2,48000,3.0,-31.56,0.3923,0.0
ApCK9R-i4yk_seg_078.wav,data/interim/segmented_clean_relaxed/stuttering/ApCK9R-i4yk_seg_078.wav,ApCK9R-i4yk,078,stuttering,clean_pool,73a364afbbd1bc6878e81a5446494aafe683262412ea232eeed0c3d4518e213c,16000,1,2,48000,3.0,-33.04,0.6282,0.0
ApCK9R-i4yk_seg_079.wav,data/interim/segmented_clean_relaxed/stuttering/ApCK9R-i4yk_seg_079.wav,ApCK9R-i4yk,079,stuttering,clean_pool,80e564daf334a584e2b1729e9fb2fbb0958f6d2c652f58d3fdd2ce32ce233286,16000,1,2,48000,3.0,-31.38,0.5093,0.0
ApCK9R-i4yk_seg_080.wav,data/interim/segmented_clean_relaxed/stuttering/ApCK9R-i4yk_seg_080.wav,ApCK9R-i4yk,080,stuttering,clean_pool,3fdb4d2eb3470ff9551bf4c261bd951aa6c8ab2b2cc67bead4e38b5acb371f68,16000,1,2,48000,3.0,-32.92,0.5985,0.0
ApCK9R-i4yk_seg_081.wav,data/interim/segmented_clean_relaxed/stuttering/ApCK9R-i4yk_seg_081.wav,ApCK9R-i4yk,081,stuttering,clean_pool,2af5adbd2b2db0e8e66a97edc453566f5c18429518bf9e9a4899b965a0857b20,16000,1,2,48000,3.0,-29.09,0.2657,0.0
ApCK9R-i4yk_seg_082.wav,data/interim/segmented_clean_relaxed/stuttering/ApCK9R-i4yk_seg_082.wav,ApCK9R-i4yk,082,stuttering,clean_pool,9357131fe528d7ae1ba69a5861ded9abcbc34ffd55446c4f53e511f9a0df9f90,16000,1,2,48000,3.0,-29.08,0.3999,0.0
ApCK9R-i4yk_seg_083.wav,data/interim/segmented_clean_relaxed/stuttering/ApCK9R-i4yk_seg_083.wav,ApCK9R-i4yk,083,stuttering,clean_pool,738a0b4df93a54fe5f088b26c0a6bce9145847b0b1835577a74a79a8f1849507,16000,1,2,48000,3.0,-32.97,0.5458,0.0
ApCK9R-i4yk_seg_084.wav,data/interim/segmented_clean_relaxed/stuttering/ApCK9R-i4yk_seg_084.wav,ApCK9R-i4yk,084,stuttering,clean_pool,f63ad272ec5d8b26d3ea7e7b1243e75fa5116257d8ddfa001c595d6d042da48f,16000,1,2,48000,3.0,-28.93,0.445,0.0
ApCK9R-i4yk_seg_085.wav,data/interim/segmented_clean_relaxed/stuttering/ApCK9R-i4yk_seg_085.wav,ApCK9R-i4yk,085,stuttering,clean_pool,4b450439a1faeb9c8be263e568f2a4bae4b55acd72bdbf19b320c0a80f2cf24b,16000,1,2,48000,3.0,-30.37,0.3558,0.0
ApCK9R-i4yk_seg_086.wav,data/interim/segmented_clean_relaxed/stuttering/ApCK9R-i4yk_seg_086.wav,ApCK9R-i4yk,086,stuttering,clean_pool,936ba5de8bde3025b007415b40fb3a84aa1697d68415ae7d5a32c17e97c9050d,16000,1,2,48000,3.0,-28.55,0.4075,0.0
ApCK9R-i4yk_seg_087.wav,data/interim/segmented_clean_relaxed/stuttering/ApCK9R-i4yk_seg_087.wav,ApCK9R-i4yk,087,stuttering,clean_pool,54d6731cac110d960388665d93e791f1a4b2fa7a9f90262c1a99fe8f003d1645,16000,1,2,48000,3.0,-31.05,0.3576,0.0
ApCK9R-i4yk_seg_088.wav,data/interim/segmented_clean_relaxed/stuttering/ApCK9R-i4yk_seg_088.wav,ApCK9R-i4yk,088,stuttering,clean_pool,685beece4ce649278c00a93064c4a1a8f574d3b76dbc4aaf0a292547ac67f4d5,16000,1,2,48000,3.0,-33.21,0.5576,0.0
ApCK9R-i4yk_seg_089.wav,data/interim/segmented_clean_relaxed/stuttering/ApCK9R-i4yk_seg_089.wav,ApCK9R-i4yk,089,stuttering,clean_pool,cdcc3d398b8bcba22c5b0a2c3ce9ecb40736b1238adeec7892ac9b5f4e114266,16000,1,2,48000,3.0,-33.77,0.652,0.0
ApCK9R-i4yk_seg_090.wav,data/interim/segmented_clean_relaxed/stuttering/ApCK9R-i4yk_seg_090.wav,ApCK9R-i4yk,090,stuttering,clean_pool,f360e4a946f667d0d13b91125c6eee1f5a9a8d115ce608d06d3632cc0c1f6a72,16000,1,2,48000,3.0,-31.34,0.4768,0.0
ApCK9R-i4yk_seg_091.wav,data/interim/segmented_clean_relaxed/stuttering/ApCK9R-i4yk_seg_091.wav,ApCK9R-i4yk,091,stuttering,clean_pool,b0a026e5102d3087c0050a2f00be026e7952d7150286575826440cb6e72db871,16000,1,2,48000,3.0,-31.18,0.5121,0.0
ApCK9R-i4yk_seg_092.wav,data/interim/segmented_clean_relaxed/stuttering/ApCK9R-i4yk_seg_092.wav,ApCK9R-i4yk,092,stuttering,clean_pool,2d8b9a14066ec64d836d8c400e4d6e634418b625633bb64f3985b7b21c3f1cfc,16000,1,2,48000,3.0,-33.63,0.552,0.0
ApCK9R-i4yk_seg_093.wav,data/interim/segmented_clean_relaxed/stuttering/ApCK9R-i4yk_seg_093.wav,ApCK9R-i4yk,093,stuttering,clean_pool,4a5a92ffb8a180c2b232e2775e3984c25d95f1d3e3b90bbd1a9bd80dc996fa24,16000,1,2,48000,3.0,-37.41,0.7263,0.0
ApCK9R-i4yk_seg_094.wav,data/interim/segmented_clean_relaxed/stuttering/ApCK9R-i4yk_seg_094.wav,ApCK9R-i4yk,094,stuttering,clean_pool,9c1a024e8bfeddeaf14d81849a7dec9f9d76d686e85d35dbe7e7e6f1f27dc611,16000,1,2,48000,3.0,-32.4,0.6361,0.0
ApCK9R-i4yk_seg_095.wav,data/interim/segmented_clean_relaxed/stuttering/ApCK9R-i4yk_seg_095.wav,ApCK9R-i4yk,095,stuttering,clean_pool,1bb3cd483ed830c750699e92b174e98d91964c6459eff8bc93dcf456c486eb04,16000,1,2,48000,3.0,-32.77,0.5833,0.0
ApCK9R-i4yk_seg_096.wav,data/interim/segmented_clean_relaxed/stuttering/ApCK9R-i4yk_seg_096.wav,ApCK9R-i4yk,096,stuttering,clean_pool,f474d7f0a23e11bd16fd3cee269f7376557246a038451cdaae9623d137000209,16000,1,2,48000,3.0,-32.39,0.5699,0.0
ApCK9R-i4yk_seg_097.wav,data/interim/segmented_clean_relaxed/stuttering/ApCK9R-i4yk_seg_097.wav,ApCK9R-i4yk,097,stuttering,clean_pool,567b8cbe361a13633b556dc2daba11de1f007675c8d34b87c6229afa19f2404c,16000,1,2,48000,3.0,-28.51,0.3687,0.0
ApCK9R-i4yk_seg_098.wav,data/interim/segmented_clean_relaxed/stuttering/ApCK9R-i4yk_seg_098.wav,ApCK9R-i4yk,098,stuttering,clean_pool,34e1383743cd8d807e770b1e7855a2c568bb7e40da21e18b23ccfba394f790dd,16000,1,2,48000,3.0,-32.47,0.5435,0.0
ApCK9R-i4yk_seg_099.wav,data/interim/segmented_clean_relaxed/stuttering/ApCK9R-i4yk_seg_099.wav,ApCK9R-i4yk,099,stuttering,clean_pool,a8cbbb4ff9423e6058b5b8e6f43eaee3bdcc32baa151782c0f00e5bb84ebbacb,16000,1,2,48000,3.0,-32.03,0.6854,0.0
ApCK9R-i4yk_seg_101.wav,data/interim/segmented_clean_relaxed/stuttering/ApCK9R-i4yk_seg_101.wav,ApCK9R-i4yk,101,stuttering,clean_pool,3938168ec7937dd408604860a61c98be318e30de9985110aa21430665d1b4d5e,16000,1,2,48000,3.0,-32.76,0.4148,0.0
ApCK9R-i4yk_seg_102.wav,data/interim/segmented_clean_relaxed/stuttering/ApCK9R-i4yk_seg_102.wav,ApCK9R-i4yk,102,stuttering,clean_pool,c9cd86f2dc73857004c8352abe24b4c28fce7ff79372ee637da387f861db6818,16000,1,2,48000,3.0,-33.95,0.6918,0.0
ApCK9R-i4yk_seg_103.wav,data/interim/segmented_clean_relaxed/stuttering/ApCK9R-i4yk_seg_103.wav,ApCK9R-i4yk,103,stuttering,clean_pool,cb0a503e38ebf6da3fd1bcc778239d72ed5a3ffff44f0395e8cddaf90001b007,16000,1,2,48000,3.0,-37.12,0.5856,0.0
ApCK9R-i4yk_seg_104.wav,data/interim/segmented_clean_relaxed/stuttering/ApCK9R-i4yk_seg_104.wav,ApCK9R-i4yk,104,stuttering,clean_pool,4dba409c02022c64f2852e933d0eece550a690e4c8f68f332076f9b5c52de9a0,16000,1,2,48000,3.0,-34.93,0.759,0.0
ApCK9R-i4yk_seg_105.wav,data/interim/segmented_clean_relaxed/stuttering/ApCK9R-i4yk_seg_105.wav,ApCK9R-i4yk,105,stuttering,clean_pool,a74928c1a08b53abd7e28f644d3cdaa1ad89567ed0e1bfef99bfb9eb479a6fd6,16000,1,2,48000,3.0,-34.07,0.6088,0.0
ApCK9R-i4yk_seg_106.wav,data/interim/segmented_clean_relaxed/stuttering/ApCK9R-i4yk_seg_106.wav,ApCK9R-i4yk,106,stuttering,clean_pool,8e93929b40ddfb5df83c34c41035d74d13dcacb09ae0e6c2cf0229f3d4364976,16000,1,2,48000,3.0,-31.44,0.4211,0.0
ApCK9R-i4yk_seg_107.wav,data/interim/segmented_clean_relaxed/stuttering/ApCK9R-i4yk_seg_107.wav,ApCK9R-i4yk,107,stuttering,clean_pool,9d41042f65002145d7662b04883de7753e65fdc858a4bbcec6b781a5dd8f0d40,16000,1,2,48000,3.0,-32.44,0.6665,0.0
ApCK9R-i4yk_seg_108.wav,data/interim/segmented_clean_relaxed/stuttering/ApCK9R-i4yk_seg_108.wav,ApCK9R-i4yk,108,stuttering,clean_pool,3ac09b296bff2f0118e29a7c4666efab0b5e5a91b5c0241a63e77e96412784a2,16000,1,2,48000,3.0,-37.59,0.741,0.0
ApCK9R-i4yk_seg_109.wav,data/interim/segmented_clean_relaxed/stuttering/ApCK9R-i4yk_seg_109.wav,ApCK9R-i4yk,109,stuttering,clean_pool,9ff626dc89b02d9f11f21c95cb353068408d688626ccbd93f7923ca0a7b993c5,16000,1,2,48000,3.0,-38.53,0.7561,0.0
ApCK9R-i4yk_seg_110.wav,data/interim/segmented_clean_relaxed/stuttering/ApCK9R-i4yk_seg_110.wav,ApCK9R-i4yk,110,stuttering,clean_pool,7bbb805f9843744782a37f3e0c0fbe8438886578272e9e223fbce88bf7233255,16000,1,2,48000,3.0,-31.8,0.7271,0.0
ApCK9R-i4yk_seg_111.wav,data/interim/segmented_clean_relaxed/stuttering/ApCK9R-i4yk_seg_111.wav,ApCK9R-i4yk,111,stuttering,clean_pool,272145d1c179a27f162c2f7dba5e1b133bdd6f4f117f8e8f31a1c0c56c122b66,16000,1,2,48000,3.0,-31.43,0.5466,0.0
ApCK9R-i4yk_seg_112.wav,data/interim/segmented_clean_relaxed/stuttering/ApCK9R-i4yk_seg_112.wav,ApCK9R-i4yk,112,stuttering,clean_pool,5819080d02cc8b3e95902b9267a79dc3e7023f5fd1c0c79c23782025e501c942,16000,1,2,48000,3.0,-32.04,0.6102,0.0
ApCK9R-i4yk_seg_113.wav,data/interim/segmented_clean_relaxed/stuttering/ApCK9R-i4yk_seg_113.wav,ApCK9R-i4yk,113,stuttering,clean_pool,a78553c1b0251500f09d31a04dcf85ca6b0cf2ed0a70092a92b19873de6208c6,16000,1,2,48000,3.0,-32.06,0.6458,0.0
ApCK9R-i4yk_seg_114.wav,data/interim/segmented_clean_relaxed/stuttering/ApCK9R-i4yk_seg_114.wav,ApCK9R-i4yk,114,stuttering,clean_pool,a51eb6ffc1205ebae3633d151a0068a01081578e542a16e8052dfef425dc32dc,16000,1,2,48000,3.0,-32.52,0.4297,0.0
ApCK9R-i4yk_seg_115.wav,data/interim/segmented_clean_relaxed/stuttering/ApCK9R-i4yk_seg_115.wav,ApCK9R-i4yk,115,stuttering,clean_pool,053d307c5387fb5d252c3bddf6b8eb12782d3199f69a53b62cace7b66933ce4c,16000,1,2,48000,3.0,-32.31,0.3851,0.0
ApCK9R-i4yk_seg_116.wav,data/interim/segmented_clean_relaxed/stuttering/ApCK9R-i4yk_seg_116.wav,ApCK9R-i4yk,116,stuttering,clean_pool,3a6df9c868f7bcd6080d28f1ac0d62a798ccd1d619c21b08cbc4ecc92cab033a,16000,1,2,48000,3.0,-30.03,0.4743,0.0
ApCK9R-i4yk_seg_117.wav,data/interim/segmented_clean_relaxed/stuttering/ApCK9R-i4yk_seg_117.wav,ApCK9R-i4yk,117,stuttering,clean_pool,c24654ffa56eb194fe547161f63f9932e6ac8aa31e88fff94fdf26215b0e10a6,16000,1,2,48000,3.0,-31.17,0.5883,0.0
ApCK9R-i4yk_seg_118.wav,data/interim/segmented_clean_relaxed/stuttering/ApCK9R-i4yk_seg_118.wav,ApCK9R-i4yk,118,stuttering,clean_pool,fcee0c35af794ad23307bdd71d4a9fef02fdec5c412c3a3b3846206e4d084020,16000,1,2,48000,3.0,-30.75,0.2749,0.0
ApCK9R-i4yk_seg_119.wav,data/interim/segmented_clean_relaxed/stuttering/ApCK9R-i4yk_seg_119.wav,ApCK9R-i4yk,119,stuttering,clean_pool,beede730b1e3e2e8b84f8cdde555dc118bc6bff98147049857c7b2ab92cba4ac,16000,1,2,48000,3.0,-32.32,0.4982,0.0
ApCK9R-i4yk_seg_120.wav,data/interim/segmented_clean_relaxed/stuttering/ApCK9R-i4yk_seg_120.wav,ApCK9R-i4yk,120,stuttering,clean_pool,4d95a5352b22be08d47e77fa024e94b568bb7fcacf659f8d3e2bedb969e06adb,16000,1,2,48000,3.0,-32.16,0.4301,0.0
ApCK9R-i4yk_seg_121.wav,data/interim/segmented_clean_relaxed/stuttering/ApCK9R-i4yk_seg_121.wav,ApCK9R-i4yk,121,stuttering,clean_pool,55fdf9e1e8f47b3dd234d1afc0e7dbd6199fc7539b1bd26ab97c695e2c438a23,16000,1,2,48000,3.0,-30.37,0.4445,0.0
ApCK9R-i4yk_seg_122.wav,data/interim/segmented_clean_relaxed/stuttering/ApCK9R-i4yk_seg_122.wav,ApCK9R-i4yk,122,stuttering,clean_pool,61d6a69b80bc6835f7afd7e6c2b23fa1dbae8a82afdbf99dc53e0a78af7634ac,16000,1,2,48000,3.0,-32.49,0.6316,0.0
ApCK9R-i4yk_seg_123.wav,data/interim/segmented_clean_relaxed/stuttering/ApCK9R-i4yk_seg_123.wav,ApCK9R-i4yk,123,stuttering,clean_pool,9052f9fe877b0f43155c75fd4ce72a41f04a82e9d6c55bc1785f9cbc5aa83ef2,16000,1,2,48000,3.0,-31.05,0.3927,0.0
ApCK9R-i4yk_seg_124.wav,data/interim/segmented_clean_relaxed/stuttering/ApCK9R-i4yk_seg_124.wav,ApCK9R-i4yk,124,stuttering,clean_pool,11dc27bd884fd2e23510bda0f3e96c03a1ed72661bcf16ae1e6bbdc0cde69a50,16000,1,2,48000,3.0,-32.6,0.5126,0.0
ApCK9R-i4yk_seg_125.wav,data/interim/segmented_clean_relaxed/stuttering/ApCK9R-i4yk_seg_125.wav,ApCK9R-i4yk,125,stuttering,clean_pool,54b52d4ec2b266f81155ac22392fe539768ebb6f72992580da7ae61a9dbd25f5,16000,1,2,48000,3.0,-27.54,0.4487,0.0
ApCK9R-i4yk_seg_126.wav,data/interim/segmented_clean_relaxed/stuttering/ApCK9R-i4yk_seg_126.wav,ApCK9R-i4yk,126,stuttering,clean_pool,3c0445d1238c10cbb522644d5ea4ee2cb7e9ea1af35fafde26e8a9dbdffb4be7,16000,1,2,48000,3.0,-30.05,0.365,0.0
ApCK9R-i4yk_seg_127.wav,data/interim/segmented_clean_relaxed/stuttering/ApCK9R-i4yk_seg_127.wav,ApCK9R-i4yk,127,stuttering,clean_pool,d2c8ef7eac4fe1c58ee3d20a561f11184bbd600080af5a9953a4f81f2849de9f,16000,1,2,48000,3.0,-31.97,0.3995,0.0
ApCK9R-i4yk_seg_128.wav,data/interim/segmented_clean_relaxed/stuttering/ApCK9R-i4yk_seg_128.wav,ApCK9R-i4yk,128,stuttering,clean_pool,51aef149e224afd47fd4bb12e97064e7a8df8753dd0d7edc14222c50503f1939,16000,1,2,48000,3.0,-33.55,0.5871,0.0
ApCK9R-i4yk_seg_129.wav,data/interim/segmented_clean_relaxed/stuttering/ApCK9R-i4yk_seg_129.wav,ApCK9R-i4yk,129,stuttering,clean_pool,cd1e58c0a30dda9d5b5283aec9910a3d6c7c4a94e3142e4aa50a61b22bc4a32d,16000,1,2,48000,3.0,-35.1,0.7789,0.0
ApCK9R-i4yk_seg_130.wav,data/interim/segmented_clean_relaxed/stuttering/ApCK9R-i4yk_seg_130.wav,ApCK9R-i4yk,130,stuttering,clean_pool,37e7c3b3b6addad25b6c7c5f119eecb87d75c09a7f2c533750d727c4e51c1359,16000,1,2,48000,3.0,-33.84,0.5724,0.0
ApCK9R-i4yk_seg_131.wav,data/interim/segmented_clean_relaxed/stuttering/ApCK9R-i4yk_seg_131.wav,ApCK9R-i4yk,131,stuttering,clean_pool,71202af674381ac1f38383ca473ba9c9cc94f2cda510f6154d6bc16d64eddb5e,16000,1,2,48000,3.0,-35.66,0.6246,0.0
ApCK9R-i4yk_seg_132.wav,data/interim/segmented_clean_relaxed/stuttering/ApCK9R-i4yk_seg_132.wav,ApCK9R-i4yk,132,stuttering,clean_pool,6c3c60e9497a4da9e9e59f6a682119a8e300c455c1a9817e7907923e3ce09345,16000,1,2,48000,3.0,-34.51,0.632,0.0
ApCK9R-i4yk_seg_133.wav,data/interim/segmented_clean_relaxed/stuttering/ApCK9R-i4yk_seg_133.wav,ApCK9R-i4yk,133,stuttering,clean_pool,228fab7d8b6b8356d79afd8fe499ee6f846f8648db3e39714fbe1e4a4fef8c0a,16000,1,2,48000,3.0,-34.9,0.6689,0.0
ApCK9R-i4yk_seg_134.wav,data/interim/segmented_clean_relaxed/stuttering/ApCK9R-i4yk_seg_134.wav,ApCK9R-i4yk,134,stuttering,clean_pool,39134b4d64bf5e17672909b423d3f0c672e74a459e6dcebd61d2335a3e228eab,16000,1,2,48000,3.0,-34.76,0.6589,0.0
ApCK9R-i4yk_seg_135.wav,data/interim/segmented_clean_relaxed/stuttering/ApCK9R-i4yk_seg_135.wav,ApCK9R-i4yk,135,stuttering,clean_pool,f9e57f0cbd6c5e777787786da16c57264e7214a9467480f3eaa5f1f2dc147405,16000,1,2,48000,3.0,-32.41,0.6741,0.0
ApCK9R-i4yk_seg_136.wav,data/interim/segmented_clean_relaxed/stuttering/ApCK9R-i4yk_seg_136.wav,ApCK9R-i4yk,136,stuttering,clean_pool,f355ffc65bfc012b8a32d140afa56d0d7bb8cce3ca6c41f43ef0e4c1c5aaaa34,16000,1,2,48000,3.0,-30.24,0.3949,0.0
ApCK9R-i4yk_seg_137.wav,data/interim/segmented_clean_relaxed/stuttering/ApCK9R-i4yk_seg_137.wav,ApCK9R-i4yk,137,stuttering,clean_pool,320770867b3db10938981cc8bd0a0114526ba7ba0b61d700c535308bf7f6f283,16000,1,2,28000,1.75,-37.38,0.6155,0.0
DWAXvYezKIA_seg_000.wav,data/interim/segmented_clean_relaxed/stuttering/DWAXvYezKIA_seg_000.wav,DWAXvYezKIA,000,stuttering,clean_pool,16c5bd0e2093ca65b9fa1f04a62c0c1034f1efbac769dea433a199f2ede25782,16000,1,2,48000,3.0,-27.82,0.5555,0.0
DWAXvYezKIA_seg_001.wav,data/interim/segmented_clean_relaxed/stuttering/DWAXvYezKIA_seg_001.wav,DWAXvYezKIA,001,stuttering,clean_pool,edabec64540c1564229763bf8f96f2840aaf85197d2c96ae4359663c613ee62c,16000,1,2,48000,3.0,-33.34,0.4724,0.0
DWAXvYezKIA_seg_002.wav,data/interim/segmented_clean_relaxed/stuttering/DWAXvYezKIA_seg_002.wav,DWAXvYezKIA,002,stuttering,clean_pool,2468648af7f20183821b628d06b2c33a03741666fdb57be372e3425cada47b42,16000,1,2,48000,3.0,-29.66,0.5056,0.0
DWAXvYezKIA_seg_003.wav,data/interim/segmented_clean_relaxed/stuttering/DWAXvYezKIA_seg_003.wav,DWAXvYezKIA,003,stuttering,clean_pool,5065f6b020843e6c2542632e8abea548ab3dac8761051ee410fdef739c5cfd70,16000,1,2,48000,3.0,-27.2,0.5304,0.0
DWAXvYezKIA_seg_004.wav,data/interim/segmented_clean_relaxed/stuttering/DWAXvYezKIA_seg_004.wav,DWAXvYezKIA,004,stuttering,clean_pool,9251bbb72fc718ffc297b6b64acac885e878079a46fae6f42a00ba3617f950b1,16000,1,2,48000,3.0,-34.25,0.6747,0.0
DWAXvYezKIA_seg_005.wav,data/interim/segmented_clean_relaxed/stuttering/DWAXvYezKIA_seg_005.wav,DWAXvYezKIA,005,stuttering,clean_pool,894df157476b18f23d8eb5b639c9b9ae864e5785976af21aa250b437f8fbe061,16000,1,2,48000,3.0,-29.34,0.7336,0.0
DWAXvYezKIA_seg_006.wav,data/interim/segmented_clean_relaxed/stuttering/DWAXvYezKIA_seg_006.wav,DWAXvYezKIA,006,stuttering,clean_pool,be6d27e1dbf33a06474f0850114f6c9d7996ba290d42d309c9b430a9578cdca4,16000,1,2,48000,3.0,-27.37,0.656,0.0
DWAXvYezKIA_seg_007.wav,data/interim/segmented_clean_relaxed/stuttering/DWAXvYezKIA_seg_007.wav,DWAXvYezKIA,007,stuttering,clean_pool,fbd85aecf79fea914c48b30c4df63c0caab5c2e45db6cb23c9d467e5ae6d1d96,16000,1,2,48000,3.0,-31.14,0.5126,0.0
DWAXvYezKIA_seg_008.wav,data/interim/segmented_clean_relaxed/stuttering/DWAXvYezKIA_seg_008.wav,DWAXvYezKIA,008,stuttering,clean_pool,15a427f4cf968261948eb627bdc1a7639163b5a16200c8438e794acf1e60f0a9,16000,1,2,48000,3.0,-37.6,0.6898,0.0
DWAXvYezKIA_seg_009.wav,data/interim/segmented_clean_relaxed/stuttering/DWAXvYezKIA_seg_009.wav,DWAXvYezKIA,009,stuttering,clean_pool,54b5591d78e7bca65ee101c0b41a3b7132dbc3260982db851c630ed704317878,16000,1,2,48000,3.0,-30.28,0.4868,0.0
DWAXvYezKIA_seg_010.wav,data/interim/segmented_clean_relaxed/stuttering/DWAXvYezKIA_seg_010.wav,DWAXvYezKIA,010,stuttering,clean_pool,156a737404f9c1fc1359a316a8ddf903497d9760dde62a69039bf669ee826a45,16000,1,2,48000,3.0,-32.04,0.5052,0.0
DWAXvYezKIA_seg_011.wav,data/interim/segmented_clean_relaxed/stuttering/DWAXvYezKIA_seg_011.wav,DWAXvYezKIA,011,stuttering,clean_pool,2ab7c996b6f57e7dad3c847bff29df1ada40ee5cda4ffd2a4ff340ef7c4abfff,16000,1,2,48000,3.0,-29.9,0.5169,0.0
DWAXvYezKIA_seg_012.wav,data/interim/segmented_clean_relaxed/stuttering/DWAXvYezKIA_seg_012.wav,DWAXvYezKIA,012,stuttering,clean_pool,48544c09812627bbb6210a272da194fd7bd0192a11ccf7464680dc0da13aea1a,16000,1,2,48000,3.0,-34.46,0.523,0.0
DWAXvYezKIA_seg_013.wav,data/interim/segmented_clean_relaxed/stuttering/DWAXvYezKIA_seg_013.wav,DWAXvYezKIA,013,stuttering,clean_pool,15b91d9457e6af830da921d96d4b4db792bce649eb3c6557590e0caedfdedb7e,16000,1,2,48000,3.0,-35.49,0.5591,0.0
DWAXvYezKIA_seg_014.wav,data/interim/segmented_clean_relaxed/stuttering/DWAXvYezKIA_seg_014.wav,DWAXvYezKIA,014,stuttering,clean_pool,9f8606eeff49db876e5b01c513dfc3e285784f8d1055c3f2d85fff51c5f10d6b,16000,1,2,48000,3.0,-33.58,0.5197,0.0
DWAXvYezKIA_seg_015.wav,data/interim/segmented_clean_relaxed/stuttering/DWAXvYezKIA_seg_015.wav,DWAXvYezKIA,015,stuttering,clean_pool,0c7122a61ec713f840e06c4671e475198c906e2ba1810e8ffeafa87c1a8e1c3c,16000,1,2,48000,3.0,-27.94,0.4695,0.0
DWAXvYezKIA_seg_016.wav,data/interim/segmented_clean_relaxed/stuttering/DWAXvYezKIA_seg_016.wav,DWAXvYezKIA,016,stuttering,clean_pool,d432c91acded1579b31abd1564e8cca549f6ad3a2e2c13e5e930545a83d85c0a,16000,1,2,48000,3.0,-27.68,0.4819,0.0
DWAXvYezKIA_seg_017.wav,data/interim/segmented_clean_relaxed/stuttering/DWAXvYezKIA_seg_017.wav,DWAXvYezKIA,017,stuttering,clean_pool,86186625a7ac091b01bccd60c6be86c47f2e992510a16085ff8686c3ad3bb9ec,16000,1,2,48000,3.0,-26.65,0.4169,0.0
DWAXvYezKIA_seg_018.wav,data/interim/segmented_clean_relaxed/stuttering/DWAXvYezKIA_seg_018.wav,DWAXvYezKIA,018,stuttering,clean_pool,19741e9132ada3844f12df8b0f11d164157d912af705b1e16ad55382150bbbc7,16000,1,2,48000,3.0,-24.14,0.3332,0.0
DWAXvYezKIA_seg_019.wav,data/interim/segmented_clean_relaxed/stuttering/DWAXvYezKIA_seg_019.wav,DWAXvYezKIA,019,stuttering,clean_pool,7c0a75cef1b4e405034cb269303f219c8ed71af43a4a4f10326be46bf0ec866f,16000,1,2,48000,3.0,-25.22,0.5499,0.0
DWAXvYezKIA_seg_020.wav,data/interim/segmented_clean_relaxed/stuttering/DWAXvYezKIA_seg_020.wav,DWAXvYezKIA,020,stuttering,clean_pool,4519c467d098647344c91f104d0454385c5cf629d17fe4be608114a137d64416,16000,1,2,48000,3.0,-28.72,0.6385,0.0
DWAXvYezKIA_seg_021.wav,data/interim/segmented_clean_relaxed/stuttering/DWAXvYezKIA_seg_021.wav,DWAXvYezKIA,021,stuttering,clean_pool,36e92d1ff3e84c8127306cb64fa9736e0d910a10ad338bbab717717cf079a42c,16000,1,2,48000,3.0,-26.33,0.5715,0.0
DWAXvYezKIA_seg_022.wav,data/interim/segmented_clean_relaxed/stuttering/DWAXvYezKIA_seg_022.wav,DWAXvYezKIA,022,stuttering,clean_pool,87bbe4fc100ea26570892cee41f1fdaa7059b7a9d33aab0ce3db9fd4c3b54caf,16000,1,2,48000,3.0,-27.9,0.4853,0.0
DWAXvYezKIA_seg_023.wav,data/interim/segmented_clean_relaxed/stuttering/DWAXvYezKIA_seg_023.wav,DWAXvYezKIA,023,stuttering,clean_pool,161439c5c4f9cff33005af2606444c1650f7aa711336fa55c753b626dc375e89,16000,1,2,48000,3.0,-28.82,0.6152,0.0
DWAXvYezKIA_seg_024.wav,data/interim/segmented_clean_relaxed/stuttering/DWAXvYezKIA_seg_024.wav,DWAXvYezKIA,024,stuttering,clean_pool,2f5752c10a41820e19a2c2acf0c46455fdc2bbd3f4a68688f7f1084f0ab2b70d,16000,1,2,48000,3.0,-32.28,0.6177,0.0
DWAXvYezKIA_seg_025.wav,data/interim/segmented_clean_relaxed/stuttering/DWAXvYezKIA_seg_025.wav,DWAXvYezKIA,025,stuttering,clean_pool,5e81a6741c824d0253ac7a6147e7cd8c77f89f08f1569eb2ba3dd1dd42068fba,16000,1,2,48000,3.0,-24.9,0.5639,0.0
DWAXvYezKIA_seg_026.wav,data/interim/segmented_clean_relaxed/stuttering/DWAXvYezKIA_seg_026.wav,DWAXvYezKIA,026,stuttering,clean_pool,3ccbe76c9f1aa3f6b53e107b50c7edf964abf4de08f4cee7e5b0bd26c15ef1ea,16000,1,2,48000,3.0,-24.51,0.5722,0.0
DWAXvYezKIA_seg_027.wav,data/interim/segmented_clean_relaxed/stuttering/DWAXvYezKIA_seg_027.wav,DWAXvYezKIA,027,stuttering,clean_pool,8b8a977a1180e7e808b32f3c26aaf6ecc2d6557d08e6124cdc0fd3295d72b107,16000,1,2,48000,3.0,-40.01,0.7396,0.0
DWAXvYezKIA_seg_028.wav,data/interim/segmented_clean_relaxed/stuttering/DWAXvYezKIA_seg_028.wav,DWAXvYezKIA,028,stuttering,clean_pool,33bdf1b08d0c8c2d536777e4531c7b38125ab37cea3ff0138dfdbf3c45f6a426,16000,1,2,48000,3.0,-30.63,0.4902,0.0
DWAXvYezKIA_seg_029.wav,data/interim/segmented_clean_relaxed/stuttering/DWAXvYezKIA_seg_029.wav,DWAXvYezKIA,029,stuttering,clean_pool,fbc18263c3d24cb4de6520aa0689f082ac9c60e89cdb7688e5dba188f476ce0e,16000,1,2,48000,3.0,-36.29,0.7057,0.0
DWAXvYezKIA_seg_030.wav,data/interim/segmented_clean_relaxed/stuttering/DWAXvYezKIA_seg_030.wav,DWAXvYezKIA,030,stuttering,clean_pool,0f174bf8772470f2b4e154a0c46d3c15f817915cca3fe605e0871c2948ae4e82,16000,1,2,48000,3.0,-29.89,0.322,0.0
DWAXvYezKIA_seg_031.wav,data/interim/segmented_clean_relaxed/stuttering/DWAXvYezKIA_seg_031.wav,DWAXvYezKIA,031,stuttering,clean_pool,d3c9284203a7636972917cfbdbaa081af6db2099d0e7eaeb23b3e331416cfb86,16000,1,2,48000,3.0,-26.06,0.2956,0.0
DWAXvYezKIA_seg_032.wav,data/interim/segmented_clean_relaxed/stuttering/DWAXvYezKIA_seg_032.wav,DWAXvYezKIA,032,stuttering,clean_pool,f66e2e5850ec3a7fdb753ca313d2f0a9056fefa9f1ac729ad1f62fa54c8485b4,16000,1,2,48000,3.0,-28.52,0.4548,0.0
DWAXvYezKIA_seg_033.wav,data/interim/segmented_clean_relaxed/stuttering/DWAXvYezKIA_seg_033.wav,DWAXvYezKIA,033,stuttering,clean_pool,117824d2869d8f6c1dcbddea186bbf1cf68dacc96597f84877775142ece33476,16000,1,2,48000,3.0,-37.51,0.5757,0.0
DWAXvYezKIA_seg_034.wav,data/interim/segmented_clean_relaxed/stuttering/DWAXvYezKIA_seg_034.wav,DWAXvYezKIA,034,stuttering,clean_pool,86ae50f404a6c4aa18cfaba904a9f18ea67ac137bcb708dde9bca8eaa405a60f,16000,1,2,48000,3.0,-29.36,0.4468,0.0
DWAXvYezKIA_seg_035.wav,data/interim/segmented_clean_relaxed/stuttering/DWAXvYezKIA_seg_035.wav,DWAXvYezKIA,035,stuttering,clean_pool,d1bfc4a88760f4118d054d51c57e3ec5dcc6fb0c753ffe69f7d1f66fa978a3a3,16000,1,2,48000,3.0,-31.86,0.6296,0.0
DWAXvYezKIA_seg_036.wav,data/interim/segmented_clean_relaxed/stuttering/DWAXvYezKIA_seg_036.wav,DWAXvYezKIA,036,stuttering,clean_pool,49573e9792f4bfe2f87c343b596caa096845505e19c516800c0673bcfbb563df,16000,1,2,48000,3.0,-33.07,0.4795,0.0
DWAXvYezKIA_seg_037.wav,data/interim/segmented_clean_relaxed/stuttering/DWAXvYezKIA_seg_037.wav,DWAXvYezKIA,037,stuttering,clean_pool,ba59b8501bb0efb3a9c820a970ca8289e749a9bf31f4e194919bb9f414eaede4,16000,1,2,48000,3.0,-32.46,0.4865,0.0
DWAXvYezKIA_seg_038.wav,data/interim/segmented_clean_relaxed/stuttering/DWAXvYezKIA_seg_038.wav,DWAXvYezKIA,038,stuttering,clean_pool,55434cdbcbfb8a396b3a1c32f673fd286039a352cca0e8e5b66049f7f8ba4ddd,16000,1,2,48000,3.0,-32.29,0.5766,0.0
DWAXvYezKIA_seg_039.wav,data/interim/segmented_clean_relaxed/stuttering/DWAXvYezKIA_seg_039.wav,DWAXvYezKIA,039,stuttering,clean_pool,6efa0480af47a18498bb54150411f8b18daf3bfdc27a22c3b4e0112748bfe47d,16000,1,2,48000,3.0,-27.58,0.4767,0.0
DWAXvYezKIA_seg_040.wav,data/interim/segmented_clean_relaxed/stuttering/DWAXvYezKIA_seg_040.wav,DWAXvYezKIA,040,stuttering,clean_pool,01acf613100bd74989e4f911892c9023ae1aec92f394831a6b5935dcb7b7ea5b,16000,1,2,48000,3.0,-27.97,0.3701,0.0
DWAXvYezKIA_seg_041.wav,data/interim/segmented_clean_relaxed/stuttering/DWAXvYezKIA_seg_041.wav,DWAXvYezKIA,041,stuttering,clean_pool,1f0f0d0434642f8864aaad9716cd904a6698f09887a0d8c34cdac596750159d0,16000,1,2,48000,3.0,-32.75,0.4978,0.0
DWAXvYezKIA_seg_042.wav,data/interim/segmented_clean_relaxed/stuttering/DWAXvYezKIA_seg_042.wav,DWAXvYezKIA,042,stuttering,clean_pool,70338c7be25985191fa87528301f37304bc806ed318ad7ffaa6d751b97393a15,16000,1,2,48000,3.0,-30.08,0.5686,0.0
DWAXvYezKIA_seg_043.wav,data/interim/segmented_clean_relaxed/stuttering/DWAXvYezKIA_seg_043.wav,DWAXvYezKIA,043,stuttering,clean_pool,9bcb60857b67995adcda27de38071117e927123ccfabbb09c6aec2f125ff0dcc,16000,1,2,48000,3.0,-25.96,0.3519,0.0
DWAXvYezKIA_seg_044.wav,data/interim/segmented_clean_relaxed/stuttering/DWAXvYezKIA_seg_044.wav,DWAXvYezKIA,044,stuttering,clean_pool,b93bb683630a86ac6da61b65f3602603a551d096459e95ea93a66e06ff2d677d,16000,1,2,48000,3.0,-30.76,0.5013,0.0
DWAXvYezKIA_seg_045.wav,data/interim/segmented_clean_relaxed/stuttering/DWAXvYezKIA_seg_045.wav,DWAXvYezKIA,045,stuttering,clean_pool,fc6776e753784904bae11c42fbbb2c4c0631fa4022d7434a7927fa1e49ae6e4f,16000,1,2,48000,3.0,-28.87,0.632,0.0
DWAXvYezKIA_seg_046.wav,data/interim/segmented_clean_relaxed/stuttering/DWAXvYezKIA_seg_046.wav,DWAXvYezKIA,046,stuttering,clean_pool,04297ae2bc661c424f111421917ecddae9110076d73df41e5a61825f2a728a97,16000,1,2,48000,3.0,-30.68,0.6831,0.0
DWAXvYezKIA_seg_047.wav,data/interim/segmented_clean_relaxed/stuttering/DWAXvYezKIA_seg_047.wav,DWAXvYezKIA,047,stuttering,clean_pool,788c8678443d2ccdbf7f710c9e4340856fd18132990ed052e63c7c0bba8a69d4,16000,1,2,48000,3.0,-32.1,0.5915,0.0
DWAXvYezKIA_seg_048.wav,data/interim/segmented_clean_relaxed/stuttering/DWAXvYezKIA_seg_048.wav,DWAXvYezKIA,048,stuttering,clean_pool,2ff44fbce1c32335e0516dcc0af289d5c4914b16c5424201a3add5d3027d8644,16000,1,2,48000,3.0,-31.28,0.5098,0.0
DWAXvYezKIA_seg_049.wav,data/interim/segmented_clean_relaxed/stuttering/DWAXvYezKIA_seg_049.wav,DWAXvYezKIA,049,stuttering,clean_pool,aa8be59be231aa2ab65c47ea3ca10031c47d9cd050a38b01837edde6c03398bb,16000,1,2,48000,3.0,-29.36,0.4199,0.0
DWAXvYezKIA_seg_050.wav,data/interim/segmented_clean_relaxed/stuttering/DWAXvYezKIA_seg_050.wav,DWAXvYezKIA,050,stuttering,clean_pool,f47f687d18b0f5a38d8a061a136dde56052009a708c50a68ceac3daaf357f988,16000,1,2,48000,3.0,-33.64,0.6371,0.0
DWAXvYezKIA_seg_051.wav,data/interim/segmented_clean_relaxed/stuttering/DWAXvYezKIA_seg_051.wav,DWAXvYezKIA,051,stuttering,clean_pool,cb9f76d452eaba5f7571316a557cb09350419c19b59f746f3e31ef2158381bff,16000,1,2,48000,3.0,-31.29,0.4892,0.0
DWAXvYezKIA_seg_052.wav,data/interim/segmented_clean_relaxed/stuttering/DWAXvYezKIA_seg_052.wav,DWAXvYezKIA,052,stuttering,clean_pool,bd68308d552274188ff004a9e1d4e2f656726f46547f1704e7f9e9254f655e39,16000,1,2,48000,3.0,-31.16,0.5659,0.0
DWAXvYezKIA_seg_053.wav,data/interim/segmented_clean_relaxed/stuttering/DWAXvYezKIA_seg_053.wav,DWAXvYezKIA,053,stuttering,clean_pool,9690410d5bca0ba827ea66295701b5a8119af31d9540ad4b3bd99fa453a9a775,16000,1,2,48000,3.0,-32.4,0.5491,0.0
DWAXvYezKIA_seg_054.wav,data/interim/segmented_clean_relaxed/stuttering/DWAXvYezKIA_seg_054.wav,DWAXvYezKIA,054,stuttering,clean_pool,c9ae5fa23a4638b7ebd202b337494bb646d29681df741095a847b928caaa7d28,16000,1,2,48000,3.0,-33.32,0.5201,0.0
DWAXvYezKIA_seg_055.wav,data/interim/segmented_clean_relaxed/stuttering/DWAXvYezKIA_seg_055.wav,DWAXvYezKIA,055,stuttering,clean_pool,c5a4b23be7f3e68830a59e9b3f6099fa62f4e7cd6f2fb9313cf092b7ea52375d,16000,1,2,48000,3.0,-26.55,0.4025,0.0
DWAXvYezKIA_seg_056.wav,data/interim/segmented_clean_relaxed/stuttering/DWAXvYezKIA_seg_056.wav,DWAXvYezKIA,056,stuttering,clean_pool,be7f52c867118590ea640daa9a437f4f67cb214c5f3203ffb86a46930bbde352,16000,1,2,48000,3.0,-25.32,0.4834,0.0
DWAXvYezKIA_seg_057.wav,data/interim/segmented_clean_relaxed/stuttering/DWAXvYezKIA_seg_057.wav,DWAXvYezKIA,057,stuttering,clean_pool,ddb3014471710c42fb38bb835a04e35e810aaac880560e0f2b1cc28a41434d78,16000,1,2,48000,3.0,-29.59,0.6665,0.0
DWAXvYezKIA_seg_058.wav,data/interim/segmented_clean_relaxed/stuttering/DWAXvYezKIA_seg_058.wav,DWAXvYezKIA,058,stuttering,clean_pool,e1040dd5b657b8de3ee2e2d81d273f2407ae6795edb721c59be105bf86d5f91e,16000,1,2,48000,3.0,-32.61,0.5625,0.0
DWAXvYezKIA_seg_059.wav,data/interim/segmented_clean_relaxed/stuttering/DWAXvYezKIA_seg_059.wav,DWAXvYezKIA,059,stuttering,clean_pool,f675a7e4b5ac0b238d514e60aec329f6e0697114793a4bc3ce62db1f964797ed,16000,1,2,48000,3.0,-27.61,0.4412,0.0
DWAXvYezKIA_seg_062.wav,data/interim/segmented_clean_relaxed/stuttering/DWAXvYezKIA_seg_062.wav,DWAXvYezKIA,062,stuttering,clean_pool,36037c9b17e98aab323be95b3cdd847945232a1baad98c9d13afc515bb92d67f,16000,1,2,48000,3.0,-28.33,0.451,0.0
DWAXvYezKIA_seg_063.wav,data/interim/segmented_clean_relaxed/stuttering/DWAXvYezKIA_seg_063.wav,DWAXvYezKIA,063,stuttering,clean_pool,695b1353876af7794df3f126489f99b071cd740b73825e53eb78a713a7e81225,16000,1,2,48000,3.0,-29.18,0.4859,0.0
DWAXvYezKIA_seg_064.wav,data/interim/segmented_clean_relaxed/stuttering/DWAXvYezKIA_seg_064.wav,DWAXvYezKIA,064,stuttering,clean_pool,3dcaa4b3c26acf4cf5fca1057229c0f006dd802aa0947153b4c79519b72f4288,16000,1,2,48000,3.0,-25.44,0.5813,0.0
DWAXvYezKIA_seg_065.wav,data/interim/segmented_clean_relaxed/stuttering/DWAXvYezKIA_seg_065.wav,DWAXvYezKIA,065,stuttering,clean_pool,af9ce201a10ff08936758d7c76552319735fd9b54a0aa95124ce7f7eda5cd39e,16000,1,2,48000,3.0,-30.58,0.5295,0.0
DWAXvYezKIA_seg_066.wav,data/interim/segmented_clean_relaxed/stuttering/DWAXvYezKIA_seg_066.wav,DWAXvYezKIA,066,stuttering,clean_pool,66b19b370fddf1a1b1da0cf64518bd24ba8dbe2711fafef12bc53fd8b1226ccc,16000,1,2,48000,3.0,-33.92,0.6372,0.0
DWAXvYezKIA_seg_067.wav,data/interim/segmented_clean_relaxed/stuttering/DWAXvYezKIA_seg_067.wav,DWAXvYezKIA,067,stuttering,clean_pool,d2ad8695e64a0739e06814434861998f439e081cb2e7be5aea36b3fa0cb4f9df,16000,1,2,48000,3.0,-29.92,0.3552,0.0
DWAXvYezKIA_seg_068.wav,data/interim/segmented_clean_relaxed/stuttering/DWAXvYezKIA_seg_068.wav,DWAXvYezKIA,068,stuttering,clean_pool,e55a1caf1185abbbec8a4a63b7a603beb9906fcad4b2c46ce266cb54b396580d,16000,1,2,48000,3.0,-35.84,0.3846,0.0
DWAXvYezKIA_seg_069.wav,data/interim/segmented_clean_relaxed/stuttering/DWAXvYezKIA_seg_069.wav,DWAXvYezKIA,069,stuttering,clean_pool,e3a28d5c0b89a89c7e383318fa36e69c50234b9084893291ebc6e0e171b3a0e8,16000,1,2,48000,3.0,-33.24,0.5482,0.0
DWAXvYezKIA_seg_070.wav,data/interim/segmented_clean_relaxed/stuttering/DWAXvYezKIA_seg_070.wav,DWAXvYezKIA,070,stuttering,clean_pool,dec9cd3d5b67df02367acae5edbfb3dd1da569c363d860d0952a24a96c13cb9d,16000,1,2,48000,3.0,-35.22,0.5317,0.0
DWAXvYezKIA_seg_071.wav,data/interim/segmented_clean_relaxed/stuttering/DWAXvYezKIA_seg_071.wav,DWAXvYezKIA,071,stuttering,clean_pool,c980012435bec0651aa54427dd35ee55fd1d8c3f3837170ead107f6e46d69e55,16000,1,2,48000,3.0,-33.01,0.4935,0.0
DWAXvYezKIA_seg_072.wav,data/interim/segmented_clean_relaxed/stuttering/DWAXvYezKIA_seg_072.wav,DWAXvYezKIA,072,stuttering,clean_pool,9c287c18418feef56a1f1bb1d07ebb83b916a3402b0e1ebd4041d91a24e52238,16000,1,2,48000,3.0,-27.78,0.7254,0.0
DWAXvYezKIA_seg_073.wav,data/interim/segmented_clean_relaxed/stuttering/DWAXvYezKIA_seg_073.wav,DWAXvYezKIA,073,stuttering,clean_pool,91ccba7a3823d5721d2e6fb04f647b08ee82b7757eb52df93dc90880fef37127,16000,1,2,48000,3.0,-28.02,0.6569,0.0
DWAXvYezKIA_seg_074.wav,data/interim/segmented_clean_relaxed/stuttering/DWAXvYezKIA_seg_074.wav,DWAXvYezKIA,074,stuttering,clean_pool,55a62e6c902b1b9e50237c86f9ca2f2e20cee737588384a7e29a742e1e72c8e0,16000,1,2,48000,3.0,-30.21,0.3033,0.0
DWAXvYezKIA_seg_075.wav,data/interim/segmented_clean_relaxed/stuttering/DWAXvYezKIA_seg_075.wav,DWAXvYezKIA,075,stuttering,clean_pool,bf1ef08b4f405a4fe1f7c73161258b3bc40386df2bf2ca771f36ffb8fdb14704,16000,1,2,48000,3.0,-27.29,0.512,0.0
DWAXvYezKIA_seg_076.wav,data/interim/segmented_clean_relaxed/stuttering/DWAXvYezKIA_seg_076.wav,DWAXvYezKIA,076,stuttering,clean_pool,0092963a2107042861a5a01092eb3d12eda3e0849bb1a73ede984288432a5c64,16000,1,2,48000,3.0,-28.61,0.3656,0.0
DWAXvYezKIA_seg_077.wav,data/interim/segmented_clean_relaxed/stuttering/DWAXvYezKIA_seg_077.wav,DWAXvYezKIA,077,stuttering,clean_pool,0991e2bcfabd0f6f275c069a01b49f78e20067be632377834ee8ec873c9f2957,16000,1,2,48000,3.0,-31.12,0.5534,0.0
DWAXvYezKIA_seg_078.wav,data/interim/segmented_clean_relaxed/stuttering/DWAXvYezKIA_seg_078.wav,DWAXvYezKIA,078,stuttering,clean_pool,279b2caf14bc8fe673a822bebfffe366570dd1ff69e7da5bbe4f62d50ef809b3,16000,1,2,48000,3.0,-31.72,0.4405,0.0
DWAXvYezKIA_seg_079.wav,data/interim/segmented_clean_relaxed/stuttering/DWAXvYezKIA_seg_079.wav,DWAXvYezKIA,079,stuttering,clean_pool,5f8773d0d5c5030064fcbd7fe046bb1fa48488e9ecb569e0b090f32d424bd84b,16000,1,2,48000,3.0,-30.96,0.5668,0.0
DWAXvYezKIA_seg_080.wav,data/interim/segmented_clean_relaxed/stuttering/DWAXvYezKIA_seg_080.wav,DWAXvYezKIA,080,stuttering,clean_pool,f4bb99b864fbbf6b9ef1702b45c079d1865193d4c56c8aef641e1c3c97792a4c,16000,1,2,48000,3.0,-28.44,0.3029,0.0
DWAXvYezKIA_seg_081.wav,data/interim/segmented_clean_relaxed/stuttering/DWAXvYezKIA_seg_081.wav,DWAXvYezKIA,081,stuttering,clean_pool,8c52347c469fb8c23fff786741e839a28161f13cb0423cd93fd30f2e97ec6333,16000,1,2,48000,3.0,-37.2,0.6886,0.0
DWAXvYezKIA_seg_082.wav,data/interim/segmented_clean_relaxed/stuttering/DWAXvYezKIA_seg_082.wav,DWAXvYezKIA,082,stuttering,clean_pool,74073a23cdb3ce3695bb6fe8df3f6a1882f5b97e6a001ec8996aee6dce1dd0fc,16000,1,2,48000,3.0,-28.6,0.4377,0.0
DWAXvYezKIA_seg_083.wav,data/interim/segmented_clean_relaxed/stuttering/DWAXvYezKIA_seg_083.wav,DWAXvYezKIA,083,stuttering,clean_pool,88ff08b1189b065f5bc447072cfe76a874219d595d8d58ad130ec7b570ff06c5,16000,1,2,48000,3.0,-33.38,0.5471,0.0
DWAXvYezKIA_seg_084.wav,data/interim/segmented_clean_relaxed/stuttering/DWAXvYezKIA_seg_084.wav,DWAXvYezKIA,084,stuttering,clean_pool,93ded84131fa1d1864e8150191509e311ef08ea824ef37b8dfcf9283d04e299c,16000,1,2,48000,3.0,-34.03,0.6066,0.0
DWAXvYezKIA_seg_086.wav,data/interim/segmented_clean_relaxed/stuttering/DWAXvYezKIA_seg_086.wav,DWAXvYezKIA,086,stuttering,clean_pool,e35163b575ea5102af38421f3b924469f993a573a950e99d54dbda955c99628a,16000,1,2,48000,3.0,-26.75,0.3707,0.0
DWAXvYezKIA_seg_087.wav,data/interim/segmented_clean_relaxed/stuttering/DWAXvYezKIA_seg_087.wav,DWAXvYezKIA,087,stuttering,clean_pool,77e38876c9203c49ae5457240618a091d6fd65d47bccd1dff6e8ad2688d8efc1,16000,1,2,48000,3.0,-30.2,0.4335,0.0
DWAXvYezKIA_seg_088.wav,data/interim/segmented_clean_relaxed/stuttering/DWAXvYezKIA_seg_088.wav,DWAXvYezKIA,088,stuttering,clean_pool,55792ce8885f1c1499965c8070477043a13a6027c84874ec4ced0663bebef1aa,16000,1,2,48000,3.0,-29.5,0.548,0.0
DWAXvYezKIA_seg_089.wav,data/interim/segmented_clean_relaxed/stuttering/DWAXvYezKIA_seg_089.wav,DWAXvYezKIA,089,stuttering,clean_pool,3b18002b1966dbb19c62dbefcc37b18a59107efb45d847b8a1a403e8c195ab8a,16000,1,2,48000,3.0,-33.4,0.5047,0.0
DWAXvYezKIA_seg_090.wav,data/interim/segmented_clean_relaxed/stuttering/DWAXvYezKIA_seg_090.wav,DWAXvYezKIA,090,stuttering,clean_pool,954e5405350a78222a2d473e60f641459c67f2f69a4e55e63dd40ecd1140fee7,16000,1,2,48000,3.0,-34.7,0.4353,0.0
DWAXvYezKIA_seg_091.wav,data/interim/segmented_clean_relaxed/stuttering/DWAXvYezKIA_seg_091.wav,DWAXvYezKIA,091,stuttering,clean_pool,a0c0c07c278f91d63486ce6db23ec6e2c7bf1d0fb0e2786932c81896c3891faa,16000,1,2,48000,3.0,-32.28,0.6329,0.0
DWAXvYezKIA_seg_092.wav,data/interim/segmented_clean_relaxed/stuttering/DWAXvYezKIA_seg_092.wav,DWAXvYezKIA,092,stuttering,clean_pool,d5dd4826da37003e515dfb00259ed408fe00341887012f1fc6631a48fb5d5fa6,16000,1,2,48000,3.0,-31.6,0.5321,0.0
DWAXvYezKIA_seg_093.wav,data/interim/segmented_clean_relaxed/stuttering/DWAXvYezKIA_seg_093.wav,DWAXvYezKIA,093,stuttering,clean_pool,251b7c238eba0512b6391362fdee0d86921cdb728c2381720ffbb3e7ab8a3138,16000,1,2,48000,3.0,-34.02,0.5103,0.0
DWAXvYezKIA_seg_094.wav,data/interim/segmented_clean_relaxed/stuttering/DWAXvYezKIA_seg_094.wav,DWAXvYezKIA,094,stuttering,clean_pool,c4b38f7fabdc1aaf5a16329ee6382790213846b8386e4e3628287da30ef0c3c9,16000,1,2,48000,3.0,-27.43,0.456,0.0
DWAXvYezKIA_seg_095.wav,data/interim/segmented_clean_relaxed/stuttering/DWAXvYezKIA_seg_095.wav,DWAXvYezKIA,095,stuttering,clean_pool,704865d2401c79324acd4a828d8541ec81bf2733c0ecd9df3caa9f63edf89f90,16000,1,2,48000,3.0,-28.73,0.4374,0.0
DWAXvYezKIA_seg_096.wav,data/interim/segmented_clean_relaxed/stuttering/DWAXvYezKIA_seg_096.wav,DWAXvYezKIA,096,stuttering,clean_pool,639cae3c73e87631aaf5aebeb5d45c7aebac441d5e0d294db853402d98e41190,16000,1,2,48000,3.0,-33.93,0.4987,0.0
DWAXvYezKIA_seg_097.wav,data/interim/segmented_clean_relaxed/stuttering/DWAXvYezKIA_seg_097.wav,DWAXvYezKIA,097,stuttering,clean_pool,5454eddfb94a02dabb427ccb5830072d2feaef2dac2651fb7e78e1392223c62a,16000,1,2,48000,3.0,-27.85,0.4849,0.0
DWAXvYezKIA_seg_098.wav,data/interim/segmented_clean_relaxed/stuttering/DWAXvYezKIA_seg_098.wav,DWAXvYezKIA,098,stuttering,clean_pool,3a26a37e55a2b2a92b62fa6dce2000f37f46a17925dc5e611126237fd81b03d8,16000,1,2,48000,3.0,-34.98,0.5633,0.0
DWAXvYezKIA_seg_099.wav,data/interim/segmented_clean_relaxed/stuttering/DWAXvYezKIA_seg_099.wav,DWAXvYezKIA,099,stuttering,clean_pool,d1ffb60f56f374df4da1c4c86b1fe8cfe38bde244c28afef8493196ab413c4ed,16000,1,2,48000,3.0,-29.14,0.4109,0.0
DWAXvYezKIA_seg_100.wav,data/interim/segmented_clean_relaxed/stuttering/DWAXvYezKIA_seg_100.wav,DWAXvYezKIA,100,stuttering,clean_pool,b46f8fb2ba61f84d06e61b9ca19cf957225cd32270f483d1b178d9ac7a004d6d,16000,1,2,48000,3.0,-32.12,0.5759,0.0
DWAXvYezKIA_seg_101.wav,data/interim/segmented_clean_relaxed/stuttering/DWAXvYezKIA_seg_101.wav,DWAXvYezKIA,101,stuttering,clean_pool,2622fd21fec404d0368e2ec220987397c2c91099b301383defc5e6c89680027b,16000,1,2,48000,3.0,-28.75,0.5197,0.0
DWAXvYezKIA_seg_102.wav,data/interim/segmented_clean_relaxed/stuttering/DWAXvYezKIA_seg_102.wav,DWAXvYezKIA,102,stuttering,clean_pool,533ce6cc87d75329cdf76756b49773f2afbc0bbfea781135e38997f4a069e5bb,16000,1,2,48000,3.0,-35.52,0.5599,0.0
DWAXvYezKIA_seg_103.wav,data/interim/segmented_clean_relaxed/stuttering/DWAXvYezKIA_seg_103.wav,DWAXvYezKIA,103,stuttering,clean_pool,16bb2ce3470a7e68aa9dd66dfbbef1199d8843eecbef5e872f60926b64e9587d,16000,1,2,48000,3.0,-30.16,0.5537,0.0
DWAXvYezKIA_seg_104.wav,data/interim/segmented_clean_relaxed/stuttering/DWAXvYezKIA_seg_104.wav,DWAXvYezKIA,104,stuttering,clean_pool,074e296ed696800e2f7aba5e4c98262838cfce10e12032373b7f04434b621b20,16000,1,2,48000,3.0,-27.2,0.5059,0.0
DWAXvYezKIA_seg_105.wav,data/interim/segmented_clean_relaxed/stuttering/DWAXvYezKIA_seg_105.wav,DWAXvYezKIA,105,stuttering,clean_pool,1750ba0f5bdc3d826280b79c7846caf0ff8363ad3a0b26c77337f674a307dfaf,16000,1,2,48000,3.0,-35.49,0.6227,0.0
k8T4dkAcP5g_seg_000.wav,data/interim/segmented_clean_relaxed/stuttering/k8T4dkAcP5g_seg_000.wav,k8T4dkAcP5g,000,stuttering,clean_pool,dfa04a6fb2d73fd09bec9d6f79a67649f5d2396f65deb530df35bf0f73b8add9,16000,1,2,48000,3.0,-31.94,0.3837,0.0
k8T4dkAcP5g_seg_001.wav,data/interim/segmented_clean_relaxed/stuttering/k8T4dkAcP5g_seg_001.wav,k8T4dkAcP5g,001,stuttering,clean_pool,696a49708b89c09753367c70a90c2f9cd28cd9399fbce2ab90a516345f993e42,16000,1,2,48000,3.0,-33.71,0.4121,0.0
k8T4dkAcP5g_seg_002.wav,data/interim/segmented_clean_relaxed/stuttering/k8T4dkAcP5g_seg_002.wav,k8T4dkAcP5g,002,stuttering,clean_pool,80c37483d39827b6f7dd7fec9df324c2afcbfcaec0ffa04aac9d92747e29194c,16000,1,2,48000,3.0,-30.49,0.3068,0.0
k8T4dkAcP5g_seg_003.wav,data/interim/segmented_clean_relaxed/stuttering/k8T4dkAcP5g_seg_003.wav,k8T4dkAcP5g,003,stuttering,clean_pool,186224d942b343e5046995fe7749c47bbb5893f0e730859ddec873c2ce39793b,16000,1,2,48000,3.0,-27.11,0.2117,0.0
k8T4dkAcP5g_seg_004.wav,data/interim/segmented_clean_relaxed/stuttering/k8T4dkAcP5g_seg_004.wav,k8T4dkAcP5g,004,stuttering,clean_pool,38f7139e8bea79d62f1bf07b15919315e716266989311136f2045895489e863a,16000,1,2,48000,3.0,-31.51,0.3174,0.0
k8T4dkAcP5g_seg_005.wav,data/interim/segmented_clean_relaxed/stuttering/k8T4dkAcP5g_seg_005.wav,k8T4dkAcP5g,005,stuttering,clean_pool,5db60c2abde7f366ad6075f5e2d44febd1817bd9802d99dc20b9f7f9b0ffeac5,16000,1,2,48000,3.0,-26.92,0.2162,0.0
k8T4dkAcP5g_seg_006.wav,data/interim/segmented_clean_relaxed/stuttering/k8T4dkAcP5g_seg_006.wav,k8T4dkAcP5g,006,stuttering,clean_pool,2047c885f0df832f7513334a87308dd0aa04623e0d261a0d3e72426105fb5566,16000,1,2,48000,3.0,-31.27,0.3489,0.0
k8T4dkAcP5g_seg_007.wav,data/interim/segmented_clean_relaxed/stuttering/k8T4dkAcP5g_seg_007.wav,k8T4dkAcP5g,007,stuttering,clean_pool,36e70a1e6e76ad94c7b156413fa78bb5f84d4d3fa143d88b08e28fd066852e88,16000,1,2,48000,3.0,-34.01,0.4032,0.0
k8T4dkAcP5g_seg_008.wav,data/interim/segmented_clean_relaxed/stuttering/k8T4dkAcP5g_seg_008.wav,k8T4dkAcP5g,008,stuttering,clean_pool,619bfea840ab5829f3476a467d15c369ac656e27cb836e32893a74eb2712fb30,16000,1,2,48000,3.0,-34.02,0.4268,0.0
k8T4dkAcP5g_seg_009.wav,data/interim/segmented_clean_relaxed/stuttering/k8T4dkAcP5g_seg_009.wav,k8T4dkAcP5g,009,stuttering,clean_pool,1294c49f7d2355476a4e3eaabcf598f9a379240044688cc666b26a0b7658b7b0,16000,1,2,48000,3.0,-32.07,0.2921,0.0
k8T4dkAcP5g_seg_010.wav,data/interim/segmented_clean_relaxed/stuttering/k8T4dkAcP5g_seg_010.wav,k8T4dkAcP5g,010,stuttering,clean_pool,904f5ff21e501c896813e5af476474db0e604fb8f7b137ae49d86a92283079bf,16000,1,2,48000,3.0,-39.92,0.459,0.0
k8T4dkAcP5g_seg_011.wav,data/interim/segmented_clean_relaxed/stuttering/k8T4dkAcP5g_seg_011.wav,k8T4dkAcP5g,011,stuttering,clean_pool,7dda729150a7ef33b76cf8a237a8fc473a9931292220d2e4f4d2eebc0a5b9eef,16000,1,2,48000,3.0,-32.37,0.4,0.0
k8T4dkAcP5g_seg_012.wav,data/interim/segmented_clean_relaxed/stuttering/k8T4dkAcP5g_seg_012.wav,k8T4dkAcP5g,012,stuttering,clean_pool,ac1471b117ec1c9482281a9f94dfea73ba82acd883692d582bbefb0935b24ae7,16000,1,2,48000,3.0,-25.69,0.2551,0.0
k8T4dkAcP5g_seg_013.wav,data/interim/segmented_clean_relaxed/stuttering/k8T4dkAcP5g_seg_013.wav,k8T4dkAcP5g,013,stuttering,clean_pool,8f19fd67bb20d0267390102195f5a9368e16cb8d52dd0cd44ecab89c85ebb4c6,16000,1,2,48000,3.0,-25.67,0.1521,0.0
k8T4dkAcP5g_seg_014.wav,data/interim/segmented_clean_relaxed/stuttering/k8T4dkAcP5g_seg_014.wav,k8T4dkAcP5g,014,stuttering,clean_pool,707da57c4f1d2a26d75038eced997dc6da3f99459fc1160589350a7a64793472,16000,1,2,48000,3.0,-26.79,0.1352,0.0
k8T4dkAcP5g_seg_015.wav,data/interim/segmented_clean_relaxed/stuttering/k8T4dkAcP5g_seg_015.wav,k8T4dkAcP5g,015,stuttering,clean_pool,cfe544ad886ee24484deb50a73e8af4e2afbf076b296b39738eabe1c72d0e826,16000,1,2,48000,3.0,-28.38,0.1786,0.0
k8T4dkAcP5g_seg_016.wav,data/interim/segmented_clean_relaxed/stuttering/k8T4dkAcP5g_seg_016.wav,k8T4dkAcP5g,016,stuttering,clean_pool,0d321a57bdeb0a590a5e08a479158ecd56860aea713996fe7aa09c88dcd249a7,16000,1,2,48000,3.0,-30.62,0.2525,0.0
k8T4dkAcP5g_seg_017.wav,data/interim/segmented_clean_relaxed/stuttering/k8T4dkAcP5g_seg_017.wav,k8T4dkAcP5g,017,stuttering,clean_pool,0fe7ea8d072b560f45446791d011d387ccd95af218d10b5b90f5da47ff9c9693,16000,1,2,48000,3.0,-27.99,0.191,0.0
k8T4dkAcP5g_seg_018.wav,data/interim/segmented_clean_relaxed/stuttering/k8T4dkAcP5g_seg_018.wav,k8T4dkAcP5g,018,stuttering,clean_pool,671cc6d18971156cc74cd28f5d2bbf33d365ffd7ab86face5b68b83d3770d050,16000,1,2,48000,3.0,-27.02,0.1588,0.0
k8T4dkAcP5g_seg_019.wav,data/interim/segmented_clean_relaxed/stuttering/k8T4dkAcP5g_seg_019.wav,k8T4dkAcP5g,019,stuttering,clean_pool,6c8567411a63d52dff6037c3d38ead7d8361a54b05f0bc207699b92a2e9a39bf,16000,1,2,48000,3.0,-29.09,0.2291,0.0
k8T4dkAcP5g_seg_020.wav,data/interim/segmented_clean_relaxed/stuttering/k8T4dkAcP5g_seg_020.wav,k8T4dkAcP5g,020,stuttering,clean_pool,520ab00d6c811ac2c34e797ff044e500868bba25d8b79090c154bbcfbc589b92,16000,1,2,48000,3.0,-27.82,0.1863,0.0
k8T4dkAcP5g_seg_021.wav,data/interim/segmented_clean_relaxed/stuttering/k8T4dkAcP5g_seg_021.wav,k8T4dkAcP5g,021,stuttering,clean_pool,de4f1daa356078fca94e76cc206da66892332a9425e6001c8a117bac71c5a8d1,16000,1,2,48000,3.0,-27.88,0.136,0.0
k8T4dkAcP5g_seg_022.wav,data/interim/segmented_clean_relaxed/stuttering/k8T4dkAcP5g_seg_022.wav,k8T4dkAcP5g,022,stuttering,clean_pool,22fe12929ecb5119363e964364717ebb69f0001777438ac29bb656749299c1fc,16000,1,2,48000,3.0,-29.35,0.1904,0.0
k8T4dkAcP5g_seg_023.wav,data/interim/segmented_clean_relaxed/stuttering/k8T4dkAcP5g_seg_023.wav,k8T4dkAcP5g,023,stuttering,clean_pool,3c4c50c023353e1567e893f436f271a1eaaffac2b830884f4bcd582a1a569d9d,16000,1,2,48000,3.0,-29.82,0.2123,0.0
k8T4dkAcP5g_seg_024.wav,data/interim/segmented_clean_relaxed/stuttering/k8T4dkAcP5g_seg_024.wav,k8T4dkAcP5g,024,stuttering,clean_pool,20c7e1a9088385049c87d9e64862e12da33ce8218479f5f2de6ad7b8be4bc1f8,16000,1,2,48000,3.0,-26.25,0.1836,0.0
k8T4dkAcP5g_seg_025.wav,data/interim/segmented_clean_relaxed/stuttering/k8T4dkAcP5g_seg_025.wav,k8T4dkAcP5g,025,stuttering,clean_pool,f8e8d73bf44fc8b4e7883012831bac1cb59eaf8ca87b9253fb3d5c6190f4ace6,16000,1,2,48000,3.0,-27.43,0.2047,0.0
k8T4dkAcP5g_seg_026.wav,data/interim/segmented_clean_relaxed/stuttering/k8T4dkAcP5g_seg_026.wav,k8T4dkAcP5g,026,stuttering,clean_pool,313009fe76f851c1040c3fb2a212206f18ffd79884b2c56a5f4d1ed506a57ff5,16000,1,2,48000,3.0,-29.67,0.2026,0.0
k8T4dkAcP5g_seg_027.wav,data/interim/segmented_clean_relaxed/stuttering/k8T4dkAcP5g_seg_027.wav,k8T4dkAcP5g,027,stuttering,clean_pool,1be27f7ddcad2e774abf0ebe724baa8d3a7e93dea99fd887ec802a61e8dcc71e,16000,1,2,48000,3.0,-27.46,0.1825,0.0
k8T4dkAcP5g_seg_028.wav,data/interim/segmented_clean_relaxed/stuttering/k8T4dkAcP5g_seg_028.wav,k8T4dkAcP5g,028,stuttering,clean_pool,96dd023af3c89808c2a9bcfb60a3752a3c23e913950a5676531e3678520faeff,16000,1,2,48000,3.0,-27.9,0.173,0.0
k8T4dkAcP5g_seg_029.wav,data/interim/segmented_clean_relaxed/stuttering/k8T4dkAcP5g_seg_029.wav,k8T4dkAcP5g,029,stuttering,clean_pool,0d35f8e8410cb5ce301b80e2d3a033fffa3550828a22f56c928084cd741f8b93,16000,1,2,48000,3.0,-29.5,0.2516,0.0
k8T4dkAcP5g_seg_030.wav,data/interim/segmented_clean_relaxed/stuttering/k8T4dkAcP5g_seg_030.wav,k8T4dkAcP5g,030,stuttering,clean_pool,0e026f41df13503ba9481ac1cc94c4d699554fb6c8cdd2cc45680295bc0fece9,16000,1,2,48000,3.0,-27.51,0.2036,0.0
k8T4dkAcP5g_seg_031.wav,data/interim/segmented_clean_relaxed/stuttering/k8T4dkAcP5g_seg_031.wav,k8T4dkAcP5g,031,stuttering,clean_pool,3558f8fe30c2d44cdc68c9ef44ec24114ec48400ea11569c11985697db17028f,16000,1,2,48000,3.0,-29.25,0.2195,0.0
k8T4dkAcP5g_seg_032.wav,data/interim/segmented_clean_relaxed/stuttering/k8T4dkAcP5g_seg_032.wav,k8T4dkAcP5g,032,stuttering,clean_pool,03cf16ebb28b0359f047a88e0c554dc5fcd41ba8aa697f692647759d45d3ff1e,16000,1,2,48000,3.0,-28.43,0.2137,0.0
k8T4dkAcP5g_seg_033.wav,data/interim/segmented_clean_relaxed/stuttering/k8T4dkAcP5g_seg_033.wav,k8T4dkAcP5g,033,stuttering,clean_pool,513c9fbe5766f529b8ec9070a2642e8ae33cbd9be7360556d7c0bfeecc559584,16000,1,2,48000,3.0,-28.16,0.2761,0.0
k8T4dkAcP5g_seg_034.wav,data/interim/segmented_clean_relaxed/stuttering/k8T4dkAcP5g_seg_034.wav,k8T4dkAcP5g,034,stuttering,clean_pool,26468963843c19be0977bf592955387644bef8cc4a992dca013a773cb9f508bd,16000,1,2,48000,3.0,-28.01,0.2636,0.0
k8T4dkAcP5g_seg_035.wav,data/interim/segmented_clean_relaxed/stuttering/k8T4dkAcP5g_seg_035.wav,k8T4dkAcP5g,035,stuttering,clean_pool,5f7bfc18ac20504d15755614bcee2c9274d8d75c3b8bddafb55d66232faaa6a1,16000,1,2,48000,3.0,-29.05,0.2605,0.0
k8T4dkAcP5g_seg_036.wav,data/interim/segmented_clean_relaxed/stuttering/k8T4dkAcP5g_seg_036.wav,k8T4dkAcP5g,036,stuttering,clean_pool,cc80a18b92ce24233a15debddd2af070e12005ecb15ab98714d077884c639efc,16000,1,2,48000,3.0,-33.5,0.333,0.0
k8T4dkAcP5g_seg_037.wav,data/interim/segmented_clean_relaxed/stuttering/k8T4dkAcP5g_seg_037.wav,k8T4dkAcP5g,037,stuttering,clean_pool,9973afc2806c7f8ca189bdedc1e2bc11aaeb9368934cca2479745ce026659460,16000,1,2,48000,3.0,-28.96,0.2924,0.0
k8T4dkAcP5g_seg_038.wav,data/interim/segmented_clean_relaxed/stuttering/k8T4dkAcP5g_seg_038.wav,k8T4dkAcP5g,038,stuttering,clean_pool,4bd850a15aa90889e1e52c3fe1a7a501b0206aa51534ce4a250bdc21983a06bd,16000,1,2,48000,3.0,-28.81,0.2227,0.0
k8T4dkAcP5g_seg_039.wav,data/interim/segmented_clean_relaxed/stuttering/k8T4dkAcP5g_seg_039.wav,k8T4dkAcP5g,039,stuttering,clean_pool,261a4e6393ee6b7ee7fadc988feadcffb0e1f95b9f7f3944427c45efc9c75b05,16000,1,2,48000,3.0,-26.82,0.2318,0.0
k8T4dkAcP5g_seg_040.wav,data/interim/segmented_clean_relaxed/stuttering/k8T4dkAcP5g_seg_040.wav,k8T4dkAcP5g,040,stuttering,clean_pool,1dfdd4989cdbc87a4501e5cf7c5bd3186464ed18475b3695f3bc99edec74229f,16000,1,2,48000,3.0,-28.12,0.2861,0.0
k8T4dkAcP5g_seg_041.wav,data/interim/segmented_clean_relaxed/stuttering/k8T4dkAcP5g_seg_041.wav,k8T4dkAcP5g,041,stuttering,clean_pool,c72030779506ff38ccd92758462f4cd387e1423638e1ee451b94161153d7be72,16000,1,2,48000,3.0,-30.58,0.3156,0.0
k8T4dkAcP5g_seg_042.wav,data/interim/segmented_clean_relaxed/stuttering/k8T4dkAcP5g_seg_042.wav,k8T4dkAcP5g,042,stuttering,clean_pool,b171bf40826f248da036de8c1666048c25b9782d7b0f6ebed1d57497276de2ed,16000,1,2,48000,3.0,-28.31,0.2188,0.0
k8T4dkAcP5g_seg_043.wav,data/interim/segmented_clean_relaxed/stuttering/k8T4dkAcP5g_seg_043.wav,k8T4dkAcP5g,043,stuttering,clean_pool,5f47ba466f022f5fcae85a44d0e87e5eaf35eeea894e802fb16736efd19516de,16000,1,2,48000,3.0,-28.68,0.1876,0.0
k8T4dkAcP5g_seg_044.wav,data/interim/segmented_clean_relaxed/stuttering/k8T4dkAcP5g_seg_044.wav,k8T4dkAcP5g,044,stuttering,clean_pool,cb0df5d21601f9dae3e49bd342e97f419c27349c7bd9193d93cead65eede7de2,16000,1,2,48000,3.0,-28.99,0.2806,0.0
k8T4dkAcP5g_seg_045.wav,data/interim/segmented_clean_relaxed/stuttering/k8T4dkAcP5g_seg_045.wav,k8T4dkAcP5g,045,stuttering,clean_pool,9ebf23bc78969df83f309c3788bbeadf758ce8fcc636e2a3424dd0edff8496c1,16000,1,2,48000,3.0,-31.19,0.3196,0.0
k8T4dkAcP5g_seg_046.wav,data/interim/segmented_clean_relaxed/stuttering/k8T4dkAcP5g_seg_046.wav,k8T4dkAcP5g,046,stuttering,clean_pool,090f468a329bb022e973325012426edf23e48efba1cc64c8204fb896db6ddad6,16000,1,2,48000,3.0,-28.93,0.2664,0.0
k8T4dkAcP5g_seg_047.wav,data/interim/segmented_clean_relaxed/stuttering/k8T4dkAcP5g_seg_047.wav,k8T4dkAcP5g,047,stuttering,clean_pool,4ebd91ae761b523e38e3f1c440b63e5c07d754746f3790523d29a4e2b91ae745,16000,1,2,48000,3.0,-28.78,0.2954,0.0
k8T4dkAcP5g_seg_048.wav,data/interim/segmented_clean_relaxed/stuttering/k8T4dkAcP5g_seg_048.wav,k8T4dkAcP5g,048,stuttering,clean_pool,ee4a0d5e617fb67859dff2af9fd12c383091b8b57d9d20fab515622af032d9a6,16000,1,2,48000,3.0,-28.46,0.2494,0.0
k8T4dkAcP5g_seg_049.wav,data/interim/segmented_clean_relaxed/stuttering/k8T4dkAcP5g_seg_049.wav,k8T4dkAcP5g,049,stuttering,clean_pool,c989640d85438ad1acc57a11209e89160a2c583eedb8c68666876e5bd2ca3234,16000,1,2,48000,3.0,-32.11,0.3122,0.0
k8T4dkAcP5g_seg_050.wav,data/interim/segmented_clean_relaxed/stuttering/k8T4dkAcP5g_seg_050.wav,k8T4dkAcP5g,050,stuttering,clean_pool,3fa2622f74ba17e1ff95361cef888a68d7412a3bfcc2cbdce94e8e28ff712a69,16000,1,2,48000,3.0,-28.71,0.2084,0.0
k8T4dkAcP5g_seg_051.wav,data/interim/segmented_clean_relaxed/stuttering/k8T4dkAcP5g_seg_051.wav,k8T4dkAcP5g,051,stuttering,clean_pool,bd07cf004bbd27f3e16920f247b476fa721ab21e04e57935a7e6c3024a3406ea,16000,1,2,48000,3.0,-28.36,0.235,0.0
k8T4dkAcP5g_seg_052.wav,data/interim/segmented_clean_relaxed/stuttering/k8T4dkAcP5g_seg_052.wav,k8T4dkAcP5g,052,stuttering,clean_pool,37dfe27184f710e965d249f625e48411135c8fa9597e7fadddd39d0be485ed33,16000,1,2,48000,3.0,-27.95,0.2112,0.0
k8T4dkAcP5g_seg_053.wav,data/interim/segmented_clean_relaxed/stuttering/k8T4dkAcP5g_seg_053.wav,k8T4dkAcP5g,053,stuttering,clean_pool,8aa9da371423f830de03da5c348dcde3a4f0331538c24c2882bcd64a63d8cace,16000,1,2,48000,3.0,-30.39,0.3031,0.0
k8T4dkAcP5g_seg_054.wav,data/interim/segmented_clean_relaxed/stuttering/k8T4dkAcP5g_seg_054.wav,k8T4dkAcP5g,054,stuttering,clean_pool,1c8fce2d865c8d84edbc983ca8d24d0a3ac4499fb3805c9efb4f7fe924e7c4e5,16000,1,2,48000,3.0,-27.92,0.178,0.0
k8T4dkAcP5g_seg_055.wav,data/interim/segmented_clean_relaxed/stuttering/k8T4dkAcP5g_seg_055.wav,k8T4dkAcP5g,055,stuttering,clean_pool,6f59d44062fc932c5e74736d949ca1c3b0f34e0fca12b8d95a0d6c0c65bdbb43,16000,1,2,48000,3.0,-29.99,0.318,0.0
k8T4dkAcP5g_seg_056.wav,data/interim/segmented_clean_relaxed/stuttering/k8T4dkAcP5g_seg_056.wav,k8T4dkAcP5g,056,stuttering,clean_pool,d071f94050613423eb099a1b5c7094eb2e74633b64462fbe9b5864a3ed2686e2,16000,1,2,48000,3.0,-28.9,0.2967,0.0
k8T4dkAcP5g_seg_057.wav,data/interim/segmented_clean_relaxed/stuttering/k8T4dkAcP5g_seg_057.wav,k8T4dkAcP5g,057,stuttering,clean_pool,bc6068b1a3fa1f26a44fe5b0bbbae73d89e5308a4309bb6a13a2a01f94a9a890,16000,1,2,48000,3.0,-31.91,0.3262,0.0
k8T4dkAcP5g_seg_058.wav,data/interim/segmented_clean_relaxed/stuttering/k8T4dkAcP5g_seg_058.wav,k8T4dkAcP5g,058,stuttering,clean_pool,bac82a4d53b80e1029dc1f5d5be15ed8b3ab40e6c2a055b045fb3fa2f3c228fe,16000,1,2,48000,3.0,-27.76,0.1796,0.0
k8T4dkAcP5g_seg_059.wav,data/interim/segmented_clean_relaxed/stuttering/k8T4dkAcP5g_seg_059.wav,k8T4dkAcP5g,059,stuttering,clean_pool,b36e2bbca218d6cde4a9c5f284a9ff2128a513a1ac6d4e9c03a68eb4feb3328b,16000,1,2,48000,3.0,-31.0,0.24,0.0
k8T4dkAcP5g_seg_060.wav,data/interim/segmented_clean_relaxed/stuttering/k8T4dkAcP5g_seg_060.wav,k8T4dkAcP5g,060,stuttering,clean_pool,68c145b7165dee79147b21e08d8b5162c94f64dca6bd6cad2e803dc05aadd05f,16000,1,2,48000,3.0,-28.08,0.2336,0.0
k8T4dkAcP5g_seg_061.wav,data/interim/segmented_clean_relaxed/stuttering/k8T4dkAcP5g_seg_061.wav,k8T4dkAcP5g,061,stuttering,clean_pool,8849e2977e7f7fbbc87e678ac04d3c8f8b869c7bceb90ce689ec0be17c5cf13e,16000,1,2,48000,3.0,-28.4,0.1749,0.0
k8T4dkAcP5g_seg_062.wav,data/interim/segmented_clean_relaxed/stuttering/k8T4dkAcP5g_seg_062.wav,k8T4dkAcP5g,062,stuttering,clean_pool,f3f175b2b8fe0aa27ce879d72ef5e3bb4ad12670e7457d2fe25841836640e0a5,16000,1,2,48000,3.0,-27.43,0.2191,0.0
k8T4dkAcP5g_seg_063.wav,data/interim/segmented_clean_relaxed/stuttering/k8T4dkAcP5g_seg_063.wav,k8T4dkAcP5g,063,stuttering,clean_pool,e0968e09193db5fc6c974fb758638ef81dc667ee888f80aac482c567c2abeff5,16000,1,2,48000,3.0,-28.25,0.1816,0.0
k8T4dkAcP5g_seg_064.wav,data/interim/segmented_clean_relaxed/stuttering/k8T4dkAcP5g_seg_064.wav,k8T4dkAcP5g,064,stuttering,clean_pool,84f5d6a952fd50d667e80dbaa5589e2753539b819e51f864ca7b0624dc85c0e9,16000,1,2,48000,3.0,-28.75,0.2156,0.0
k8T4dkAcP5g_seg_065.wav,data/interim/segmented_clean_relaxed/stuttering/k8T4dkAcP5g_seg_065.wav,k8T4dkAcP5g,065,stuttering,clean_pool,77c0f87caac0b2588a86c4ac56ce9c1d65a4b11a20bc42c40201e61110465433,16000,1,2,48000,3.0,-30.27,0.3057,0.0
k8T4dkAcP5g_seg_066.wav,data/interim/segmented_clean_relaxed/stuttering/k8T4dkAcP5g_seg_066.wav,k8T4dkAcP5g,066,stuttering,clean_pool,8c97de0d032d337b10c14dac5d248fb5d38fa55b369164947d37377cbc722de8,16000,1,2,48000,3.0,-27.9,0.208,0.0
k8T4dkAcP5g_seg_067.wav,data/interim/segmented_clean_relaxed/stuttering/k8T4dkAcP5g_seg_067.wav,k8T4dkAcP5g,067,stuttering,clean_pool,af754b5a9ebaee50d26d78b2f7df97ba3106f31af28540bee7aa05e94d9cd7d4,16000,1,2,48000,3.0,-29.4,0.2481,0.0
k8T4dkAcP5g_seg_068.wav,data/interim/segmented_clean_relaxed/stuttering/k8T4dkAcP5g_seg_068.wav,k8T4dkAcP5g,068,stuttering,clean_pool,0c9e28c7bfb743def3b9a8ca5a641a122031b806c8d383b8e66d79b980d67c7c,16000,1,2,48000,3.0,-28.58,0.2307,0.0
k8T4dkAcP5g_seg_069.wav,data/interim/segmented_clean_relaxed/stuttering/k8T4dkAcP5g_seg_069.wav,k8T4dkAcP5g,069,stuttering,clean_pool,136d92e1d38b0313376ff6ed0548486884f82a93574bc43a988468474ffa1b60,16000,1,2,48000,3.0,-29.23,0.2191,0.0
k8T4dkAcP5g_seg_070.wav,data/interim/segmented_clean_relaxed/stuttering/k8T4dkAcP5g_seg_070.wav,k8T4dkAcP5g,070,stuttering,clean_pool,71b83a5f4c00b033675cd8e586f9d789caed529a9066b0ffcec0f5a4ec30143e,16000,1,2,48000,3.0,-37.58,0.44,0.0
k8T4dkAcP5g_seg_071.wav,data/interim/segmented_clean_relaxed/stuttering/k8T4dkAcP5g_seg_071.wav,k8T4dkAcP5g,071,stuttering,clean_pool,5ad7cf632978012b36c071d83ed520219ff0d4d6291cf8073b6bd7d87afef012,16000,1,2,48000,3.0,-26.85,0.1876,0.0
k8T4dkAcP5g_seg_072.wav,data/interim/segmented_clean_relaxed/stuttering/k8T4dkAcP5g_seg_072.wav,k8T4dkAcP5g,072,stuttering,clean_pool,404898333d831edc447e806bb5b063aef9fd31bb0d2744a91a99b63a82d2ff29,16000,1,2,48000,3.0,-28.43,0.2012,0.0
k8T4dkAcP5g_seg_073.wav,data/interim/segmented_clean_relaxed/stuttering/k8T4dkAcP5g_seg_073.wav,k8T4dkAcP5g,073,stuttering,clean_pool,d53176c12ed37f8cebfc12e09d9c6a1408eb0c4af2fe2e1ad1cfc22e19f96dde,16000,1,2,48000,3.0,-29.29,0.2291,0.0
k8T4dkAcP5g_seg_074.wav,data/interim/segmented_clean_relaxed/stuttering/k8T4dkAcP5g_seg_074.wav,k8T4dkAcP5g,074,stuttering,clean_pool,a60509cbfd239fafaad6c80acea832205ad9f604218ca255619c39b9f4d8806a,16000,1,2,48000,3.0,-30.61,0.3243,0.0
k8T4dkAcP5g_seg_075.wav,data/interim/segmented_clean_relaxed/stuttering/k8T4dkAcP5g_seg_075.wav,k8T4dkAcP5g,075,stuttering,clean_pool,f6b05261fbc68b289bae93c2e0ad7faa6e71c9ea7483c7566d77a8fe93d1e80d,16000,1,2,48000,3.0,-28.11,0.2199,0.0
k8T4dkAcP5g_seg_076.wav,data/interim/segmented_clean_relaxed/stuttering/k8T4dkAcP5g_seg_076.wav,k8T4dkAcP5g,076,stuttering,clean_pool,e98bc17b6cb7d36619aa48331a5a78cea1cf41492ae88f496a52eb22d74bb12a,16000,1,2,48000,3.0,-28.53,0.2216,0.0
k8T4dkAcP5g_seg_077.wav,data/interim/segmented_clean_relaxed/stuttering/k8T4dkAcP5g_seg_077.wav,k8T4dkAcP5g,077,stuttering,clean_pool,9b6aa1c391e0ca9082f1e93a9e5e86f7499bed4f4507db116eb165c6d1915c18,16000,1,2,48000,3.0,-27.81,0.2169,0.0
k8T4dkAcP5g_seg_078.wav,data/interim/segmented_clean_relaxed/stuttering/k8T4dkAcP5g_seg_078.wav,k8T4dkAcP5g,078,stuttering,clean_pool,d6c64e42da73d888bd4745e2edf91e36a23ccfcb9d6cd5e42b191de553135c81,16000,1,2,48000,3.0,-27.91,0.228,0.0
k8T4dkAcP5g_seg_079.wav,data/interim/segmented_clean_relaxed/stuttering/k8T4dkAcP5g_seg_079.wav,k8T4dkAcP5g,079,stuttering,clean_pool,c23b85f3ca4f777a82a403c4e2447ba82bc8de0df949d672c0dc6eaf52f48e41,16000,1,2,48000,3.0,-32.85,0.2991,0.0
k8T4dkAcP5g_seg_080.wav,data/interim/segmented_clean_relaxed/stuttering/k8T4dkAcP5g_seg_080.wav,k8T4dkAcP5g,080,stuttering,clean_pool,d8455ea5c8fa3f0d5e7269a46229ecd49e07b350e980b68134388c2a1023293f,16000,1,2,48000,3.0,-27.65,0.2743,0.0
k8T4dkAcP5g_seg_081.wav,data/interim/segmented_clean_relaxed/stuttering/k8T4dkAcP5g_seg_081.wav,k8T4dkAcP5g,081,stuttering,clean_pool,6336a887a576edcdb6401476f94e37d2c645e15940ed2563a2dafa259bee7738,16000,1,2,48000,3.0,-29.64,0.1956,0.0
k8T4dkAcP5g_seg_082.wav,data/interim/segmented_clean_relaxed/stuttering/k8T4dkAcP5g_seg_082.wav,k8T4dkAcP5g,082,stuttering,clean_pool,15222ba25e7dc571f961909199e570d2ddce5dfa819fd1d9bf73593cf4234bb8,16000,1,2,48000,3.0,-27.89,0.2612,0.0
k8T4dkAcP5g_seg_083.wav,data/interim/segmented_clean_relaxed/stuttering/k8T4dkAcP5g_seg_083.wav,k8T4dkAcP5g,083,stuttering,clean_pool,b5f91ad739f75845e28c9b9c6300c1d246ceb54b3313ec550ad259164467c406,16000,1,2,48000,3.0,-28.36,0.2649,0.0
k8T4dkAcP5g_seg_084.wav,data/interim/segmented_clean_relaxed/stuttering/k8T4dkAcP5g_seg_084.wav,k8T4dkAcP5g,084,stuttering,clean_pool,4de23b5db16611ac2a243ad2848c94ad860cfb4401003341ed2fffef0e87a17d,16000,1,2,48000,3.0,-30.26,0.2439,0.0
k8T4dkAcP5g_seg_085.wav,data/interim/segmented_clean_relaxed/stuttering/k8T4dkAcP5g_seg_085.wav,k8T4dkAcP5g,085,stuttering,clean_pool,85076a96c943a490c92aaa709876ef1c55b5bd25efa8296e4a76e9f9ee3569f0,16000,1,2,48000,3.0,-29.05,0.1994,0.0
k8T4dkAcP5g_seg_086.wav,data/interim/segmented_clean_relaxed/stuttering/k8T4dkAcP5g_seg_086.wav,k8T4dkAcP5g,086,stuttering,clean_pool,e962490abc6ce7cb71b0badac1de79b9a5e946f5731feeacfe2752e2b572059b,16000,1,2,48000,3.0,-28.52,0.2211,0.0
k8T4dkAcP5g_seg_087.wav,data/interim/segmented_clean_relaxed/stuttering/k8T4dkAcP5g_seg_087.wav,k8T4dkAcP5g,087,stuttering,clean_pool,61a42306d61d25b87f5720e79aafff92f4f49f0ba2eea99c7d6f48b2350453cc,16000,1,2,48000,3.0,-29.26,0.27,0.0
k8T4dkAcP5g_seg_088.wav,data/interim/segmented_clean_relaxed/stuttering/k8T4dkAcP5g_seg_088.wav,k8T4dkAcP5g,088,stuttering,clean_pool,827666bba1d5a7f9dae28db6b0cef80dec75baf0567b221b07157cd9f82ed71d,16000,1,2,48000,3.0,-29.87,0.2973,0.0
k8T4dkAcP5g_seg_089.wav,data/interim/segmented_clean_relaxed/stuttering/k8T4dkAcP5g_seg_089.wav,k8T4dkAcP5g,089,stuttering,clean_pool,758042c756d5fa403b71af72f80eb4e4cab5c985e00ae16db4ca3dde116cb68d,16000,1,2,48000,3.0,-30.84,0.3688,0.0
k8T4dkAcP5g_seg_090.wav,data/interim/segmented_clean_relaxed/stuttering/k8T4dkAcP5g_seg_090.wav,k8T4dkAcP5g,090,stuttering,clean_pool,3a6689b473dc399c12b6bc10851bc79f197b621e9226552834a60b4b2837adea,16000,1,2,48000,3.0,-29.2,0.1762,0.0
k8T4dkAcP5g_seg_091.wav,data/interim/segmented_clean_relaxed/stuttering/k8T4dkAcP5g_seg_091.wav,k8T4dkAcP5g,091,stuttering,clean_pool,3ab79e2027da4061d0b1419e18b6e91357f80323e9466e6e79fa82c2ceecbdfb,16000,1,2,48000,3.0,-29.38,0.1983,0.0
k8T4dkAcP5g_seg_092.wav,data/interim/segmented_clean_relaxed/stuttering/k8T4dkAcP5g_seg_092.wav,k8T4dkAcP5g,092,stuttering,clean_pool,d40d34aaf917f74abd69a63e137fd31d21328c394b3b845e16602b455fe804c4,16000,1,2,48000,3.0,-30.97,0.2865,0.0
k8T4dkAcP5g_seg_093.wav,data/interim/segmented_clean_relaxed/stuttering/k8T4dkAcP5g_seg_093.wav,k8T4dkAcP5g,093,stuttering,clean_pool,467c48058c4616d31dec8088c69e5ddba304a8cc3f9df70f4405ca38776f0b56,16000,1,2,48000,3.0,-27.17,0.1686,0.0
k8T4dkAcP5g_seg_094.wav,data/interim/segmented_clean_relaxed/stuttering/k8T4dkAcP5g_seg_094.wav,k8T4dkAcP5g,094,stuttering,clean_pool,f75a643c27a04b3da761a0fd0fa00f0e8817577c99bd579e19486f9760912a42,16000,1,2,48000,3.0,-33.88,0.3677,0.0
k8T4dkAcP5g_seg_095.wav,data/interim/segmented_clean_relaxed/stuttering/k8T4dkAcP5g_seg_095.wav,k8T4dkAcP5g,095,stuttering,clean_pool,3aab4f02e6755700c2c5ba4e34dcf6f286dcfa72ec11e5f9cc4829c7d4c8aa02,16000,1,2,48000,3.0,-28.65,0.1906,0.0
k8T4dkAcP5g_seg_096.wav,data/interim/segmented_clean_relaxed/stuttering/k8T4dkAcP5g_seg_096.wav,k8T4dkAcP5g,096,stuttering,clean_pool,209b7985dac660456d95d0e9dfe5423eeac5bc4d0a92fbec4a93cb0c5dec4d87,16000,1,2,48000,3.0,-30.75,0.2609,0.0
k8T4dkAcP5g_seg_097.wav,data/interim/segmented_clean_relaxed/stuttering/k8T4dkAcP5g_seg_097.wav,k8T4dkAcP5g,097,stuttering,clean_pool,2dc293305d9fa41ddbe53fdadd95beb5591d6d2b72e85ae75443f33ac554111d,16000,1,2,48000,3.0,-22.0,0.1951,0.0
k8T4dkAcP5g_seg_098.wav,data/interim/segmented_clean_relaxed/stuttering/k8T4dkAcP5g_seg_098.wav,k8T4dkAcP5g,098,stuttering,clean_pool,c9f16566b33e84ebf6c55c8449f256143190d3503218c27085af20e9d706d98e,16000,1,2,48000,3.0,-28.37,0.262,0.0
k8T4dkAcP5g_seg_099.wav,data/interim/segmented_clean_relaxed/stuttering/k8T4dkAcP5g_seg_099.wav,k8T4dkAcP5g,099,stuttering,clean_pool,f89d5619ecf4479acdefdac3331bf505e4260f28bd8c3f0fb477bb561a465a7c,16000,1,2,48000,3.0,-31.06,0.2895,0.0
k8T4dkAcP5g_seg_100.wav,data/interim/segmented_clean_relaxed/stuttering/k8T4dkAcP5g_seg_100.wav,k8T4dkAcP5g,100,stuttering,clean_pool,b9634251469c39bdf31ed4875c2062a618e2ae97bf02d1dd84120e03a46be542,16000,1,2,48000,3.0,-32.22,0.3596,0.0
k8T4dkAcP5g_seg_101.wav,data/interim/segmented_clean_relaxed/stuttering/k8T4dkAcP5g_seg_101.wav,k8T4dkAcP5g,101,stuttering,clean_pool,34207e1abb84c7a0559b1e628ce86be9c0f0f73da9390bcd8dda683a159923aa,16000,1,2,48000,3.0,-27.15,0.1702,0.0
k8T4dkAcP5g_seg_102.wav,data/interim/segmented_clean_relaxed/stuttering/k8T4dkAcP5g_seg_102.wav,k8T4dkAcP5g,102,stuttering,clean_pool,e761867cb1169109364e9d259153267ec1b8a37f9e202abbb75d91c60155c909,16000,1,2,48000,3.0,-28.79,0.2185,0.0
k8T4dkAcP5g_seg_103.wav,data/interim/segmented_clean_relaxed/stuttering/k8T4dkAcP5g_seg_103.wav,k8T4dkAcP5g,103,stuttering,clean_pool,993e65522af3ea391d116d6c488ea26523994c85fa46f2a695fb15df14bbd221,16000,1,2,48000,3.0,-31.04,0.4049,0.0
k8T4dkAcP5g_seg_104.wav,data/interim/segmented_clean_relaxed/stuttering/k8T4dkAcP5g_seg_104.wav,k8T4dkAcP5g,104,stuttering,clean_pool,615b5e8760ee0a0ecff72137623543c9d48167819567d399b5ba56e0fb9f9896,16000,1,2,48000,3.0,-28.26,0.4259,0.0
k8T4dkAcP5g_seg_105.wav,data/interim/segmented_clean_relaxed/stuttering/k8T4dkAcP5g_seg_105.wav,k8T4dkAcP5g,105,stuttering,clean_pool,71821380943e00635605e8d4d79fe6206b538973bc37d5cbaca9097e12b40a63,16000,1,2,48000,3.0,-27.99,0.3063,0.0
k8T4dkAcP5g_seg_106.wav,data/interim/segmented_clean_relaxed/stuttering/k8T4dkAcP5g_seg_106.wav,k8T4dkAcP5g,106,stuttering,clean_pool,62160172a3e4370edb1fbd34f65bbccd96cb34000dda5b035f5454e6bcda0b4b,16000,1,2,48000,3.0,-30.17,0.3082,0.0
k8T4dkAcP5g_seg_107.wav,data/interim/segmented_clean_relaxed/stuttering/k8T4dkAcP5g_seg_107.wav,k8T4dkAcP5g,107,stuttering,clean_pool,5881b9c1e917e74b379e2d29c193046fc6c960c4aa062a42c7650220afc67249,16000,1,2,48000,3.0,-29.23,0.372,0.0
k8T4dkAcP5g_seg_108.wav,data/interim/segmented_clean_relaxed/stuttering/k8T4dkAcP5g_seg_108.wav,k8T4dkAcP5g,108,stuttering,clean_pool,8d2d60621bc4fae89d8f8a8d32415b100585bc6c8c7b7385b6b95e9f29efd2ea,16000,1,2,48000,3.0,-27.5,0.2559,0.0
k8T4dkAcP5g_seg_109.wav,data/interim/segmented_clean_relaxed/stuttering/k8T4dkAcP5g_seg_109.wav,k8T4dkAcP5g,109,stuttering,clean_pool,5516f73c0edba264d4aa193660a6bc6dec2148b871a5986f256a85f833896066,16000,1,2,48000,3.0,-28.23,0.3306,0.0
k8T4dkAcP5g_seg_110.wav,data/interim/segmented_clean_relaxed/stuttering/k8T4dkAcP5g_seg_110.wav,k8T4dkAcP5g,110,stuttering,clean_pool,621947f8d6e26b68856b6909b671aad9bcf56ecae75def51c537cbe0448baceb,16000,1,2,48000,3.0,-32.93,0.4961,0.0
k8T4dkAcP5g_seg_111.wav,data/interim/segmented_clean_relaxed/stuttering/k8T4dkAcP5g_seg_111.wav,k8T4dkAcP5g,111,stuttering,clean_pool,ab41041ee7c993ae0c950c4fc3ddfcfef74492a5b4ceef10fb0d22502b978389,16000,1,2,48000,3.0,-29.77,0.3472,0.0
k8T4dkAcP5g_seg_112.wav,data/interim/segmented_clean_relaxed/stuttering/k8T4dkAcP5g_seg_112.wav,k8T4dkAcP5g,112,stuttering,clean_pool,cd0e40fa320d7b2820f83c87d767946aa2a9168e268c6f4ce3047a8933cf0a57,16000,1,2,48000,3.0,-28.96,0.2983,0.0
k8T4dkAcP5g_seg_113.wav,data/interim/segmented_clean_relaxed/stuttering/k8T4dkAcP5g_seg_113.wav,k8T4dkAcP5g,113,stuttering,clean_pool,13c30559e3a00535c121cd865aea6e41f2b5b5957d4e06028186f678bd9a3006,16000,1,2,48000,3.0,-28.55,0.3251,0.0
k8T4dkAcP5g_seg_114.wav,data/interim/segmented_clean_relaxed/stuttering/k8T4dkAcP5g_seg_114.wav,k8T4dkAcP5g,114,stuttering,clean_pool,9fdcd510d27248d64a6ac98771364e57668f8ef7dca99af8ef9c74ece630a8e4,16000,1,2,48000,3.0,-29.61,0.3783,0.0
k8T4dkAcP5g_seg_115.wav,data/interim/segmented_clean_relaxed/stuttering/k8T4dkAcP5g_seg_115.wav,k8T4dkAcP5g,115,stuttering,clean_pool,f43840c1f9491f4d6ba435536bf441a93277c0d093fe44cd0d3f68191fbd3a48,16000,1,2,48000,3.0,-28.59,0.2699,0.0
k8T4dkAcP5g_seg_116.wav,data/interim/segmented_clean_relaxed/stuttering/k8T4dkAcP5g_seg_116.wav,k8T4dkAcP5g,116,stuttering,clean_pool,e09b7bddc01909703e43c4b6a87922c3e503e65b44fad74c7aa2ab2660db38cf,16000,1,2,48000,3.0,-35.31,0.5353,0.0
k8T4dkAcP5g_seg_117.wav,data/interim/segmented_clean_relaxed/stuttering/k8T4dkAcP5g_seg_117.wav,k8T4dkAcP5g,117,stuttering,clean_pool,3fdd208fd8fa920631dfe2e0113bfbe5b957d8682074b3c71ef7677306877af6,16000,1,2,48000,3.0,-27.3,0.2663,0.0
k8T4dkAcP5g_seg_118.wav,data/interim/segmented_clean_relaxed/stuttering/k8T4dkAcP5g_seg_118.wav,k8T4dkAcP5g,118,stuttering,clean_pool,e5655b8c0adcb5fc2c46a98ba25bc512b99865aa779f39526dfce323087dfa79,16000,1,2,48000,3.0,-31.14,0.3415,0.0
k8T4dkAcP5g_seg_119.wav,data/interim/segmented_clean_relaxed/stuttering/k8T4dkAcP5g_seg_119.wav,k8T4dkAcP5g,119,stuttering,clean_pool,5a8b9c7fae81b5b2b101e1ad2e1c3be9c50eea88222dbf564ffada88b45c9d13,16000,1,2,48000,3.0,-29.73,0.3288,0.0
k8T4dkAcP5g_seg_120.wav,data/interim/segmented_clean_relaxed/stuttering/k8T4dkAcP5g_seg_120.wav,k8T4dkAcP5g,120,stuttering,clean_pool,8253c1fcd6e766cfb145407394b6289de5ccd093de41c5903a96388c8ab50e31,16000,1,2,48000,3.0,-29.25,0.4168,0.0
k8T4dkAcP5g_seg_121.wav,data/interim/segmented_clean_relaxed/stuttering/k8T4dkAcP5g_seg_121.wav,k8T4dkAcP5g,121,stuttering,clean_pool,531ad7ebc30edb7e117add0122414effd46d96b11b0a8ebe2c16b6cbdf808eaa,16000,1,2,48000,3.0,-34.15,0.4508,0.0
k8T4dkAcP5g_seg_122.wav,data/interim/segmented_clean_relaxed/stuttering/k8T4dkAcP5g_seg_122.wav,k8T4dkAcP5g,122,stuttering,clean_pool,6909ddab96344e7c09d7b6fdd8e0fe22dca3e20f4964a314c084ada6ca759d10,16000,1,2,48000,3.0,-33.46,0.5395,0.0
k8T4dkAcP5g_seg_123.wav,data/interim/segmented_clean_relaxed/stuttering/k8T4dkAcP5g_seg_123.wav,k8T4dkAcP5g,123,stuttering,clean_pool,b5b598086b878f7c8656b3b6c67911e31e4844bfd2026e037af410015bf6d5a0,16000,1,2,34736,2.171,-17.03,0.2691,0.0
lfXIK2_34dM_seg_000.wav,data/interim/segmented_clean_relaxed/stuttering/lfXIK2_34dM_seg_000.wav,lfXIK2_34dM,000,stuttering,clean_pool,ac4f4f5cec7a798ecd6dc963fe33e8a06a01a6287cceaf7f8481f722cdd7a99e,16000,1,2,48000,3.0,-25.6,0.3149,0.0
lfXIK2_34dM_seg_001.wav,data/interim/segmented_clean_relaxed/stuttering/lfXIK2_34dM_seg_001.wav,lfXIK2_34dM,001,stuttering,clean_pool,2365540593b81978b53b67f3ce5d21c4f2eb81fb63225eb027a93e485436c382,16000,1,2,48000,3.0,-26.13,0.5485,0.0
lfXIK2_34dM_seg_002.wav,data/interim/segmented_clean_relaxed/stuttering/lfXIK2_34dM_seg_002.wav,lfXIK2_34dM,002,stuttering,clean_pool,45409e4d500de2ea7af34633b10ddd1d001c7394d343861d9da431db60655897,16000,1,2,48000,3.0,-36.74,0.6531,0.0
lfXIK2_34dM_seg_003.wav,data/interim/segmented_clean_relaxed/stuttering/lfXIK2_34dM_seg_003.wav,lfXIK2_34dM,003,stuttering,clean_pool,e2b6406c2b43a50b65e7c1f27f3314d4d47ea3c9bbf359d097bb43d741841234,16000,1,2,48000,3.0,-27.78,0.3386,0.0
lfXIK2_34dM_seg_004.wav,data/interim/segmented_clean_relaxed/stuttering/lfXIK2_34dM_seg_004.wav,lfXIK2_34dM,004,stuttering,clean_pool,2412f55b03fd997d3faf2d01606c5e3aa5c16e49c937f1937ca54d45452fdf39,16000,1,2,48000,3.0,-29.77,0.5872,0.0
lfXIK2_34dM_seg_005.wav,data/interim/segmented_clean_relaxed/stuttering/lfXIK2_34dM_seg_005.wav,lfXIK2_34dM,005,stuttering,clean_pool,caffbe8dd2831b8e4dab5c8b05f302c2b843b18160d84e186a2cb1a5b123d57f,16000,1,2,48000,3.0,-28.07,0.4678,0.0
lfXIK2_34dM_seg_006.wav,data/interim/segmented_clean_relaxed/stuttering/lfXIK2_34dM_seg_006.wav,lfXIK2_34dM,006,stuttering,clean_pool,51f8cdab34dd44dd6ba0f8e865909533a1485bfd37fc152206e8141e133b2297,16000,1,2,48000,3.0,-26.98,0.375,0.0
lfXIK2_34dM_seg_007.wav,data/interim/segmented_clean_relaxed/stuttering/lfXIK2_34dM_seg_007.wav,lfXIK2_34dM,007,stuttering,clean_pool,88e8c0a742771e01ad1d2b8f047d5edb302412bb0377129d9848c9c3f4961225,16000,1,2,48000,3.0,-26.28,0.3914,0.0
lfXIK2_34dM_seg_008.wav,data/interim/segmented_clean_relaxed/stuttering/lfXIK2_34dM_seg_008.wav,lfXIK2_34dM,008,stuttering,clean_pool,47c900e3ee3e91537429a26f59ff2bf87324884f752792777d6e661499d22339,16000,1,2,48000,3.0,-25.57,0.3169,0.0
lfXIK2_34dM_seg_009.wav,data/interim/segmented_clean_relaxed/stuttering/lfXIK2_34dM_seg_009.wav,lfXIK2_34dM,009,stuttering,clean_pool,3a3a44577777f42ee46a8a9680d1512ec54cd75d120413c25da104d89072ae13,16000,1,2,48000,3.0,-26.89,0.3687,0.0
lfXIK2_34dM_seg_010.wav,data/interim/segmented_clean_relaxed/stuttering/lfXIK2_34dM_seg_010.wav,lfXIK2_34dM,010,stuttering,clean_pool,9e86074949d55436a5c7506fc8be048a4f21112081bd679b54fe469146a489bc,16000,1,2,48000,3.0,-27.02,0.4913,0.0
lfXIK2_34dM_seg_011.wav,data/interim/segmented_clean_relaxed/stuttering/lfXIK2_34dM_seg_011.wav,lfXIK2_34dM,011,stuttering,clean_pool,e7110ed1c78768d084ec09b059b3e8da07ab0c2d37e10877fa0d42927b2ace5d,16000,1,2,48000,3.0,-25.98,0.4253,0.0
lfXIK2_34dM_seg_012.wav,data/interim/segmented_clean_relaxed/stuttering/lfXIK2_34dM_seg_012.wav,lfXIK2_34dM,012,stuttering,clean_pool,6b1fca78d9d8f051150c0bdc29f3f9edd4631f7781ff8061b911b19b351cfb29,16000,1,2,48000,3.0,-26.19,0.3161,0.0
lfXIK2_34dM_seg_013.wav,data/interim/segmented_clean_relaxed/stuttering/lfXIK2_34dM_seg_013.wav,lfXIK2_34dM,013,stuttering,clean_pool,117c0fb30c3a657026b55570cd94521636b0044e8020ff5598df19edb472a3fd,16000,1,2,48000,3.0,-25.29,0.1906,0.0
lfXIK2_34dM_seg_014.wav,data/interim/segmented_clean_relaxed/stuttering/lfXIK2_34dM_seg_014.wav,lfXIK2_34dM,014,stuttering,clean_pool,47636af8e453db3444139b023f2af4290904750946c0d3c2b01c34a49110529a,16000,1,2,48000,3.0,-25.76,0.3841,0.0
lfXIK2_34dM_seg_015.wav,data/interim/segmented_clean_relaxed/stuttering/lfXIK2_34dM_seg_015.wav,lfXIK2_34dM,015,stuttering,clean_pool,1f41c5978a6e0ada728c504cd5b79dd82792af5c87bbd45d8590c371605f1977,16000,1,2,48000,3.0,-35.51,0.7202,0.0
lfXIK2_34dM_seg_016.wav,data/interim/segmented_clean_relaxed/stuttering/lfXIK2_34dM_seg_016.wav,lfXIK2_34dM,016,stuttering,clean_pool,f3cd721cf9e086955d440c09e53e50037d9869d08d618a9bd24dc3d60f6531dc,16000,1,2,48000,3.0,-36.32,0.612,0.0
lfXIK2_34dM_seg_017.wav,data/interim/segmented_clean_relaxed/stuttering/lfXIK2_34dM_seg_017.wav,lfXIK2_34dM,017,stuttering,clean_pool,d21b06bc5c1aa5a97e189576b69b60afed5de5541b68c429fb19fe41116e1a68,16000,1,2,48000,3.0,-27.41,0.2766,0.0
lfXIK2_34dM_seg_018.wav,data/interim/segmented_clean_relaxed/stuttering/lfXIK2_34dM_seg_018.wav,lfXIK2_34dM,018,stuttering,clean_pool,f0faba9aee830b624e49a5b6a5561682f8a75c3cc3f555011108c5005872824a,16000,1,2,48000,3.0,-26.43,0.4718,0.0
lfXIK2_34dM_seg_019.wav,data/interim/segmented_clean_relaxed/stuttering/lfXIK2_34dM_seg_019.wav,lfXIK2_34dM,019,stuttering,clean_pool,2b173eee6bd5ae79d0993fe4a059d314eb8332fa8446cd48b9c340dba6a4d3c3,16000,1,2,48000,3.0,-29.52,0.5376,0.0
lfXIK2_34dM_seg_020.wav,data/interim/segmented_clean_relaxed/stuttering/lfXIK2_34dM_seg_020.wav,lfXIK2_34dM,020,stuttering,clean_pool,3949bbce36bc74a17962ff2533151349407a09802340a7b249cfa4e571d1cdd4,16000,1,2,48000,3.0,-33.81,0.7359,0.0
lfXIK2_34dM_seg_021.wav,data/interim/segmented_clean_relaxed/stuttering/lfXIK2_34dM_seg_021.wav,lfXIK2_34dM,021,stuttering,clean_pool,6bb8b2d0a97784dfc47fd23b7c67b5b9c12a8b3b0123caf854c4e7a47800f8b1,16000,1,2,48000,3.0,-30.27,0.7817,0.0
lfXIK2_34dM_seg_022.wav,data/interim/segmented_clean_relaxed/stuttering/lfXIK2_34dM_seg_022.wav,lfXIK2_34dM,022,stuttering,clean_pool,38efb14bc26575750b673cc9c4051ee6b0774e076090b7a1e8f8a2cde4b4dad1,16000,1,2,48000,3.0,-26.81,0.4488,0.0
lfXIK2_34dM_seg_023.wav,data/interim/segmented_clean_relaxed/stuttering/lfXIK2_34dM_seg_023.wav,lfXIK2_34dM,023,stuttering,clean_pool,fe58683a68cd67b14e1f27bd21a3aa05dd3fe632722bf53acfb8c73f39163b54,16000,1,2,48000,3.0,-26.89,0.373,0.0
lfXIK2_34dM_seg_024.wav,data/interim/segmented_clean_relaxed/stuttering/lfXIK2_34dM_seg_024.wav,lfXIK2_34dM,024,stuttering,clean_pool,8636ea4bf61f2d41c1486ee10962b375e04c607310b806545d15348f90b7ad51,16000,1,2,48000,3.0,-27.8,0.5647,0.0
lfXIK2_34dM_seg_025.wav,data/interim/segmented_clean_relaxed/stuttering/lfXIK2_34dM_seg_025.wav,lfXIK2_34dM,025,stuttering,clean_pool,f0ce7854708fadd08e852a063d5aad09bf4a78cb20a5b1c94242260b58e7517e,16000,1,2,48000,3.0,-26.54,0.4887,0.0
lfXIK2_34dM_seg_026.wav,data/interim/segmented_clean_relaxed/stuttering/lfXIK2_34dM_seg_026.wav,lfXIK2_34dM,026,stuttering,clean_pool,f0320e7a9601ebe3882da80339351c096ed12f17dee36e10fea8635a88d7e079,16000,1,2,48000,3.0,-26.63,0.4034,0.0
lfXIK2_34dM_seg_027.wav,data/interim/segmented_clean_relaxed/stuttering/lfXIK2_34dM_seg_027.wav,lfXIK2_34dM,027,stuttering,clean_pool,d801a5afbe7180cc9674817f18f7df3cf5248e6f34da1dfff1b63a7dfedc116e,16000,1,2,48000,3.0,-26.62,0.3287,0.0
lfXIK2_34dM_seg_028.wav,data/interim/segmented_clean_relaxed/stuttering/lfXIK2_34dM_seg_028.wav,lfXIK2_34dM,028,stuttering,clean_pool,78dccc8dc7c77a76d41cdb116af235645fb2cc27d34f88d8fda4039161dcc19f,16000,1,2,48000,3.0,-29.39,0.5743,0.0
lfXIK2_34dM_seg_029.wav,data/interim/segmented_clean_relaxed/stuttering/lfXIK2_34dM_seg_029.wav,lfXIK2_34dM,029,stuttering,clean_pool,bd5d2f9392f942beeb2a6017ac3e4566fd7bddcd4c0882fc6238f20ebddc9648,16000,1,2,48000,3.0,-30.39,0.6544,0.0
lfXIK2_34dM_seg_030.wav,data/interim/segmented_clean_relaxed/stuttering/lfXIK2_34dM_seg_030.wav,lfXIK2_34dM,030,stuttering,clean_pool,f82cbe1f791eca74d257b00bb884eacc1bc1fba7779078d19ef6710ee52aa7eb,16000,1,2,48000,3.0,-29.6,0.6671,0.0
lfXIK2_34dM_seg_031.wav,data/interim/segmented_clean_relaxed/stuttering/lfXIK2_34dM_seg_031.wav,lfXIK2_34dM,031,stuttering,clean_pool,fe482d3d84b61624b6b3794a1f51701b6d620d34dd928f799435e708e35c8343,16000,1,2,48000,3.0,-27.04,0.4594,0.0
lfXIK2_34dM_seg_032.wav,data/interim/segmented_clean_relaxed/stuttering/lfXIK2_34dM_seg_032.wav,lfXIK2_34dM,032,stuttering,clean_pool,b7a93fd017ebc5720896d633c7ed464549470e0b544a7622c009a9f1bd72c2be,16000,1,2,48000,3.0,-29.77,0.5761,0.0
lfXIK2_34dM_seg_033.wav,data/interim/segmented_clean_relaxed/stuttering/lfXIK2_34dM_seg_033.wav,lfXIK2_34dM,033,stuttering,clean_pool,5f52d226af50d0021d2dd41004f1438880655b7f6ffa82c99ab738899a5fda41,16000,1,2,48000,3.0,-30.28,0.6049,0.0
lfXIK2_34dM_seg_034.wav,data/interim/segmented_clean_relaxed/stuttering/lfXIK2_34dM_seg_034.wav,lfXIK2_34dM,034,stuttering,clean_pool,df21ea3c474b477b8ab529cec0bce769bb7db32f878c2945c7fc40c27ac6d58b,16000,1,2,48000,3.0,-27.69,0.4576,0.0
lfXIK2_34dM_seg_035.wav,data/interim/segmented_clean_relaxed/stuttering/lfXIK2_34dM_seg_035.wav,lfXIK2_34dM,035,stuttering,clean_pool,6293b4c43551358e62f044b043b028cb0d7e62498a470f77cffbdfa17db2fa0a,16000,1,2,48000,3.0,-28.32,0.6616,0.0
lfXIK2_34dM_seg_036.wav,data/interim/segmented_clean_relaxed/stuttering/lfXIK2_34dM_seg_036.wav,lfXIK2_34dM,036,stuttering,clean_pool,049a0bbfdb8659e99e65e7eca4fa9d631c406dd49071517b75f6764ef83136d8,16000,1,2,48000,3.0,-26.53,0.3163,0.0
lfXIK2_34dM_seg_037.wav,data/interim/segmented_clean_relaxed/stuttering/lfXIK2_34dM_seg_037.wav,lfXIK2_34dM,037,stuttering,clean_pool,2f19590d5926ece63de0dd1b09a43653d245221afe1378d860723484a66b34bc,16000,1,2,48000,3.0,-27.81,0.3836,0.0
lfXIK2_34dM_seg_038.wav,data/interim/segmented_clean_relaxed/stuttering/lfXIK2_34dM_seg_038.wav,lfXIK2_34dM,038,stuttering,clean_pool,2b5e286c169432eb04eb6ad8326879ba5d67ffe906d37d01d795f35962e6c8b4,16000,1,2,48000,3.0,-24.63,0.3102,0.0
lfXIK2_34dM_seg_039.wav,data/interim/segmented_clean_relaxed/stuttering/lfXIK2_34dM_seg_039.wav,lfXIK2_34dM,039,stuttering,clean_pool,0e682877ff8f57822832a94bcaf5fff134dcef8aa5e66cbd804c8516e7d61e38,16000,1,2,48000,3.0,-26.61,0.2891,0.0
lfXIK2_34dM_seg_040.wav,data/interim/segmented_clean_relaxed/stuttering/lfXIK2_34dM_seg_040.wav,lfXIK2_34dM,040,stuttering,clean_pool,0d03ea1c30f280163f0036de3db6b4e5661e5ab43e875587ef9c203f7feb04cd,16000,1,2,48000,3.0,-26.79,0.1917,0.0
lfXIK2_34dM_seg_041.wav,data/interim/segmented_clean_relaxed/stuttering/lfXIK2_34dM_seg_041.wav,lfXIK2_34dM,041,stuttering,clean_pool,0d264affcce082d1c148414095512744f580e3f89df6dec2b2950a4ea3e5d18e,16000,1,2,48000,3.0,-28.59,0.3208,0.0
lfXIK2_34dM_seg_042.wav,data/interim/segmented_clean_relaxed/stuttering/lfXIK2_34dM_seg_042.wav,lfXIK2_34dM,042,stuttering,clean_pool,eb27206ced491a4d49e12671ba970731d4f79a5d76c8c56d66505b38f5fef348,16000,1,2,48000,3.0,-30.1,0.4624,0.0
lfXIK2_34dM_seg_043.wav,data/interim/segmented_clean_relaxed/stuttering/lfXIK2_34dM_seg_043.wav,lfXIK2_34dM,043,stuttering,clean_pool,0aec2582919f7eb411454c370bf729cf04a3ced9af25a8520561d2879802eb53,16000,1,2,48000,3.0,-25.78,0.2051,0.0
lfXIK2_34dM_seg_044.wav,data/interim/segmented_clean_relaxed/stuttering/lfXIK2_34dM_seg_044.wav,lfXIK2_34dM,044,stuttering,clean_pool,bc1c1bb3eb328c1041f3863217fe0b994d8f45cfe18c6c1ce1be00439d0ac5a7,16000,1,2,48000,3.0,-29.25,0.4709,0.0
lfXIK2_34dM_seg_045.wav,data/interim/segmented_clean_relaxed/stuttering/lfXIK2_34dM_seg_045.wav,lfXIK2_34dM,045,stuttering,clean_pool,8e65c9d4714392f480a4bab348c8ad0d88b25ae1df60f6e468439eae6eb847a1,16000,1,2,48000,3.0,-29.32,0.358,0.0
lfXIK2_34dM_seg_046.wav,data/interim/segmented_clean_relaxed/stuttering/lfXIK2_34dM_seg_046.wav,lfXIK2_34dM,046,stuttering,clean_pool,a5d8e5fc8fb44c037bfd1fc16ef482c8cfa08a7211c647dcb902e3e71fa3e869,16000,1,2,48000,3.0,-27.38,0.3513,0.0
lfXIK2_34dM_seg_047.wav,data/interim/segmented_clean_relaxed/stuttering/lfXIK2_34dM_seg_047.wav,lfXIK2_34dM,047,stuttering,clean_pool,02fc674548c2aeb615e291e7f38b823ac68ea8e8d9a8acda2d1af609aec8f454,16000,1,2,48000,3.0,-26.94,0.4641,0.0
lfXIK2_34dM_seg_048.wav,data/interim/segmented_clean_relaxed/stuttering/lfXIK2_34dM_seg_048.wav,lfXIK2_34dM,048,stuttering,clean_pool,c94e66086350297ac6b1ec11f890dc177d514a3ec8de4df6b55f32d584b220ae,16000,1,2,48000,3.0,-25.76,0.4933,0.0
lfXIK2_34dM_seg_049.wav,data/interim/segmented_clean_relaxed/stuttering/lfXIK2_34dM_seg_049.wav,lfXIK2_34dM,049,stuttering,clean_pool,e00b23e04346104c80a330fec88584ae4edb6c9220a7bab5b19cac8327e1947c,16000,1,2,48000,3.0,-26.0,0.2537,0.0
lfXIK2_34dM_seg_050.wav,data/interim/segmented_clean_relaxed/stuttering/lfXIK2_34dM_seg_050.wav,lfXIK2_34dM,050,stuttering,clean_pool,d3440d44035253b87b12cd0bce57e004c7ee202a1fa95c0fd0cb253c1ca96f74,16000,1,2,48000,3.0,-27.07,0.3936,0.0
lfXIK2_34dM_seg_051.wav,data/interim/segmented_clean_relaxed/stuttering/lfXIK2_34dM_seg_051.wav,lfXIK2_34dM,051,stuttering,clean_pool,2a89c1d962e3546263343c6d2cb7338be4ee104e77b9eb8a2076ffc131c8a390,16000,1,2,48000,3.0,-27.11,0.4179,0.0
lfXIK2_34dM_seg_052.wav,data/interim/segmented_clean_relaxed/stuttering/lfXIK2_34dM_seg_052.wav,lfXIK2_34dM,052,stuttering,clean_pool,b485f75bdbf66f9e576938bd1103a8d1707bed6fa7f5f2dc81640135a328824d,16000,1,2,48000,3.0,-26.96,0.3063,0.0
lfXIK2_34dM_seg_053.wav,data/interim/segmented_clean_relaxed/stuttering/lfXIK2_34dM_seg_053.wav,lfXIK2_34dM,053,stuttering,clean_pool,f3298a4216cc776f6d8904a4e0bb95457a770649217d23c859dd911caa8fcb6d,16000,1,2,48000,3.0,-29.71,0.5176,0.0
lfXIK2_34dM_seg_054.wav,data/interim/segmented_clean_relaxed/stuttering/lfXIK2_34dM_seg_054.wav,lfXIK2_34dM,054,stuttering,clean_pool,946cbb20c6a0840273167a6f09a5ab7621769b230278ddf872046c4c7f830caf,16000,1,2,48000,3.0,-28.02,0.4987,0.0
lfXIK2_34dM_seg_055.wav,data/interim/segmented_clean_relaxed/stuttering/lfXIK2_34dM_seg_055.wav,lfXIK2_34dM,055,stuttering,clean_pool,667453b66a07e49add61c8babd576a5021bab3305428f6ae8abcabed428e2ada,16000,1,2,48000,3.0,-28.92,0.3867,0.0
lfXIK2_34dM_seg_056.wav,data/interim/segmented_clean_relaxed/stuttering/lfXIK2_34dM_seg_056.wav,lfXIK2_34dM,056,stuttering,clean_pool,f6c758185074efe4bc6dba339c92aea15d8df0411bcb4deb904e1355348dc4c8,16000,1,2,48000,3.0,-28.43,0.4043,0.0
lfXIK2_34dM_seg_057.wav,data/interim/segmented_clean_relaxed/stuttering/lfXIK2_34dM_seg_057.wav,lfXIK2_34dM,057,stuttering,clean_pool,efcd42bbf0ca79fe2b69a7b4a6b4a450acb5c6e5a257e7ae7f3e9f3486c383f5,16000,1,2,48000,3.0,-26.32,0.3306,0.0
lfXIK2_34dM_seg_058.wav,data/interim/segmented_clean_relaxed/stuttering/lfXIK2_34dM_seg_058.wav,lfXIK2_34dM,058,stuttering,clean_pool,b10beb82cbe0226d59f86338e8e7d4163bc9330606a7b4444dd09510f0b8ed74,16000,1,2,48000,3.0,-26.3,0.5748,0.0
lfXIK2_34dM_seg_059.wav,data/interim/segmented_clean_relaxed/stuttering/lfXIK2_34dM_seg_059.wav,lfXIK2_34dM,059,stuttering,clean_pool,3dcd3a1bd8478ea36afef8e28ae55eaccc0af8a439b0911811e5eab34c92187c,16000,1,2,48000,3.0,-24.15,0.2582,0.0
lfXIK2_34dM_seg_060.wav,data/interim/segmented_clean_relaxed/stuttering/lfXIK2_34dM_seg_060.wav,lfXIK2_34dM,060,stuttering,clean_pool,729a144ff980dea5a4375368abb663e93ab172cef285d943ed1f2dfcb1388bdb,16000,1,2,48000,3.0,-26.73,0.4811,0.0
lfXIK2_34dM_seg_061.wav,data/interim/segmented_clean_relaxed/stuttering/lfXIK2_34dM_seg_061.wav,lfXIK2_34dM,061,stuttering,clean_pool,b1d58bbc9cbddddaa7facf611fba92abd4bb9419b2dc6e1dad5d221d8d45c37b,16000,1,2,48000,3.0,-30.96,0.7328,0.0
lfXIK2_34dM_seg_062.wav,data/interim/segmented_clean_relaxed/stuttering/lfXIK2_34dM_seg_062.wav,lfXIK2_34dM,062,stuttering,clean_pool,771e39591949cb01a41de526c592a1be69aadb1cf27a77725d7d878888cc9987,16000,1,2,48000,3.0,-26.5,0.4718,0.0
lfXIK2_34dM_seg_063.wav,data/interim/segmented_clean_relaxed/stuttering/lfXIK2_34dM_seg_063.wav,lfXIK2_34dM,063,stuttering,clean_pool,df11719bdbf9f97582c03d35b6765e3611e1f5f046759e62a56c3934b48cf62a,16000,1,2,48000,3.0,-25.35,0.2092,0.0
lfXIK2_34dM_seg_064.wav,data/interim/segmented_clean_relaxed/stuttering/lfXIK2_34dM_seg_064.wav,lfXIK2_34dM,064,stuttering,clean_pool,204f6399d8656047c2aaf1a735d2a68a929cfa0d22bff2077bca0be342821da5,16000,1,2,48000,3.0,-26.15,0.2934,0.0
lfXIK2_34dM_seg_065.wav,data/interim/segmented_clean_relaxed/stuttering/lfXIK2_34dM_seg_065.wav,lfXIK2_34dM,065,stuttering,clean_pool,5a6c78be8e51dfcec2f6f76df6e363e0ad28c081236883dd61bb0eabbd8b6eeb,16000,1,2,48000,3.0,-27.2,0.4118,0.0
lfXIK2_34dM_seg_066.wav,data/interim/segmented_clean_relaxed/stuttering/lfXIK2_34dM_seg_066.wav,lfXIK2_34dM,066,stuttering,clean_pool,7a1e8fa450ef625a928e7d5ffee4b44185c26a65a1ff57f7df77dd219ba0abd6,16000,1,2,48000,3.0,-27.22,0.3167,0.0
lfXIK2_34dM_seg_067.wav,data/interim/segmented_clean_relaxed/stuttering/lfXIK2_34dM_seg_067.wav,lfXIK2_34dM,067,stuttering,clean_pool,239889d1cc25b2cb6bf4ab19b1726679db5b9e9c8e9043c01c0b5d1a6a8ceb8f,16000,1,2,48000,3.0,-28.71,0.6363,0.0
lfXIK2_34dM_seg_068.wav,data/interim/segmented_clean_relaxed/stuttering/lfXIK2_34dM_seg_068.wav,lfXIK2_34dM,068,stuttering,clean_pool,c725bc2b1d882355018be2cc1932b475d010a8ef5d5b19409a3a349ddaa00474,16000,1,2,48000,3.0,-27.04,0.407,0.0
lfXIK2_34dM_seg_069.wav,data/interim/segmented_clean_relaxed/stuttering/lfXIK2_34dM_seg_069.wav,lfXIK2_34dM,069,stuttering,clean_pool,acd3152dbe38f0722fb972ca18dccb09998018c038580b8fec873db7ca16f007,16000,1,2,48000,3.0,-28.26,0.396,0.0
lfXIK2_34dM_seg_070.wav,data/interim/segmented_clean_relaxed/stuttering/lfXIK2_34dM_seg_070.wav,lfXIK2_34dM,070,stuttering,clean_pool,f771d1b169d819bfc08d1cfc90da37e8ce6865486fba99b47ba781b73f885cee,16000,1,2,48000,3.0,-24.08,0.373,0.0
lfXIK2_34dM_seg_071.wav,data/interim/segmented_clean_relaxed/stuttering/lfXIK2_34dM_seg_071.wav,lfXIK2_34dM,071,stuttering,clean_pool,9cff129c37a1948699a2a4418724e4a3c1c8dc9f11a545414130943bb77f101c,16000,1,2,48000,3.0,-27.47,0.2593,0.0
lfXIK2_34dM_seg_072.wav,data/interim/segmented_clean_relaxed/stuttering/lfXIK2_34dM_seg_072.wav,lfXIK2_34dM,072,stuttering,clean_pool,19a07d2d1bf0f700bd2664077807765f4c4a799655a7a040c93d22aa3a3ad04b,16000,1,2,48000,3.0,-24.92,0.2235,0.0
lfXIK2_34dM_seg_073.wav,data/interim/segmented_clean_relaxed/stuttering/lfXIK2_34dM_seg_073.wav,lfXIK2_34dM,073,stuttering,clean_pool,30b886f505455a956228531a42c82cc6eebe49d3b605ad49f69eb020e86b6bef,16000,1,2,48000,3.0,-26.22,0.3766,0.0
lfXIK2_34dM_seg_074.wav,data/interim/segmented_clean_relaxed/stuttering/lfXIK2_34dM_seg_074.wav,lfXIK2_34dM,074,stuttering,clean_pool,082a678d9fbca65105b7568850efa00ae4a9bfbbe3c1f2512c5abe0454652c3f,16000,1,2,48000,3.0,-25.71,0.3596,0.0
lfXIK2_34dM_seg_075.wav,data/interim/segmented_clean_relaxed/stuttering/lfXIK2_34dM_seg_075.wav,lfXIK2_34dM,075,stuttering,clean_pool,07aabc99568e55d30612514927b56d66b3a908e66299488a328cdb70f569144c,16000,1,2,48000,3.0,-28.01,0.4226,0.0
lfXIK2_34dM_seg_076.wav,data/interim/segmented_clean_relaxed/stuttering/lfXIK2_34dM_seg_076.wav,lfXIK2_34dM,076,stuttering,clean_pool,2ebb6513168a04f991fbcfb404b8000f7698129d898fb0c3ebeedc583297e65e,16000,1,2,48000,3.0,-25.91,0.4122,0.0
lfXIK2_34dM_seg_077.wav,data/interim/segmented_clean_relaxed/stuttering/lfXIK2_34dM_seg_077.wav,lfXIK2_34dM,077,stuttering,clean_pool,6e154b02aebcfe29139d6b56deec59a9c8af7c7ff8c77a70d3bfa1c9658b222a,16000,1,2,48000,3.0,-27.28,0.5613,0.0
lfXIK2_34dM_seg_078.wav,data/interim/segmented_clean_relaxed/stuttering/lfXIK2_34dM_seg_078.wav,lfXIK2_34dM,078,stuttering,clean_pool,e394ec9c71ed61d938326273a51476044c6f77748178f20b2f025590be3d3c29,16000,1,2,48000,3.0,-30.35,0.6383,0.0
lfXIK2_34dM_seg_080.wav,data/interim/segmented_clean_relaxed/stuttering/lfXIK2_34dM_seg_080.wav,lfXIK2_34dM,080,stuttering,clean_pool,8b70c699c324263897111d89808121c12b7466784cc841d86cb0b170705cebec,16000,1,2,48000,3.0,-28.27,0.6632,0.0
lfXIK2_34dM_seg_081.wav,data/interim/segmented_clean_relaxed/stuttering/lfXIK2_34dM_seg_081.wav,lfXIK2_34dM,081,stuttering,clean_pool,71d98c73fcc73c0b6f989fe71178e2ca58284c113f79c8667a84c77bc0d4afdc,16000,1,2,48000,3.0,-27.29,0.4725,0.0
lfXIK2_34dM_seg_082.wav,data/interim/segmented_clean_relaxed/stuttering/lfXIK2_34dM_seg_082.wav,lfXIK2_34dM,082,stuttering,clean_pool,a590e8ac76e61dd7cececfe456d2a5e3d4824f59f48fc176596dc487a2e41a1c,16000,1,2,48000,3.0,-25.98,0.3161,0.0
lfXIK2_34dM_seg_083.wav,data/interim/segmented_clean_relaxed/stuttering/lfXIK2_34dM_seg_083.wav,lfXIK2_34dM,083,stuttering,clean_pool,58333fa125e211dcde25aa897a7f460bb02a7bca40b730ee2fb260bb23b320aa,16000,1,2,48000,3.0,-28.22,0.5879,0.0
lfXIK2_34dM_seg_084.wav,data/interim/segmented_clean_relaxed/stuttering/lfXIK2_34dM_seg_084.wav,lfXIK2_34dM,084,stuttering,clean_pool,d8c9c56309a578a00c7e1ebba380dc502d06d0d5275f1d22deaefbbc8c0c262f,16000,1,2,48000,3.0,-29.63,0.5318,0.0
lfXIK2_34dM_seg_085.wav,data/interim/segmented_clean_relaxed/stuttering/lfXIK2_34dM_seg_085.wav,lfXIK2_34dM,085,stuttering,clean_pool,09ba54a172c3fca63df3abb03eb076d775aac9a3f8c9338c4f1ce9b942a6dbbc,16000,1,2,48000,3.0,-25.19,0.3756,0.0
lfXIK2_34dM_seg_086.wav,data/interim/segmented_clean_relaxed/stuttering/lfXIK2_34dM_seg_086.wav,lfXIK2_34dM,086,stuttering,clean_pool,3ac3e106db0951c2a81ca5e252c3cefe7df2cf42cc0a5374f44b3105d64813ba,16000,1,2,48000,3.0,-28.0,0.4653,0.0
lfXIK2_34dM_seg_087.wav,data/interim/segmented_clean_relaxed/stuttering/lfXIK2_34dM_seg_087.wav,lfXIK2_34dM,087,stuttering,clean_pool,64d5d3f31a77c7d6d94a637dd819669265ab804fed2faf3d4ab97b00a68639f7,16000,1,2,48000,3.0,-27.42,0.2641,0.0
lfXIK2_34dM_seg_088.wav,data/interim/segmented_clean_relaxed/stuttering/lfXIK2_34dM_seg_088.wav,lfXIK2_34dM,088,stuttering,clean_pool,e00fe21bc40e07f03a98b7bfe67876eef6c1c5ee9e307e00e00cfcf7a99713f7,16000,1,2,48000,3.0,-26.97,0.344,0.0
lfXIK2_34dM_seg_089.wav,data/interim/segmented_clean_relaxed/stuttering/lfXIK2_34dM_seg_089.wav,lfXIK2_34dM,089,stuttering,clean_pool,1df3da656a949b63857462eed4f8243c3910a5286e2ef7ee8a4210749c7a4b76,16000,1,2,48000,3.0,-26.83,0.395,0.0
lfXIK2_34dM_seg_090.wav,data/interim/segmented_clean_relaxed/stuttering/lfXIK2_34dM_seg_090.wav,lfXIK2_34dM,090,stuttering,clean_pool,8fa11c34920975ed920a8bbb5eb322126343e486b5ff94ebe413c71ad3e9effe,16000,1,2,48000,3.0,-27.81,0.5976,0.0
lfXIK2_34dM_seg_091.wav,data/interim/segmented_clean_relaxed/stuttering/lfXIK2_34dM_seg_091.wav,lfXIK2_34dM,091,stuttering,clean_pool,4c421efe9219e83b574d3542aac57d197d2056d89557588813f89fdef26c302b,16000,1,2,48000,3.0,-26.54,0.4625,0.0
lfXIK2_34dM_seg_092.wav,data/interim/segmented_clean_relaxed/stuttering/lfXIK2_34dM_seg_092.wav,lfXIK2_34dM,092,stuttering,clean_pool,ad4fe462d82cfeeb0339222452d57a1fcee545b83a0df4c93f6f124585344fe5,16000,1,2,48000,3.0,-26.0,0.3827,0.0
lfXIK2_34dM_seg_093.wav,data/interim/segmented_clean_relaxed/stuttering/lfXIK2_34dM_seg_093.wav,lfXIK2_34dM,093,stuttering,clean_pool,8b4cdf6297de546b62acb567cbfe6d1352283bb09442b2544111524f6246e62b,16000,1,2,48000,3.0,-28.71,0.484,0.0
lfXIK2_34dM_seg_094.wav,data/interim/segmented_clean_relaxed/stuttering/lfXIK2_34dM_seg_094.wav,lfXIK2_34dM,094,stuttering,clean_pool,cb2c717dd1690b06ad9436c11a4c3e3a6e504203819edb9169d11fd2d50d93f1,16000,1,2,48000,3.0,-24.83,0.2867,0.0
lfXIK2_34dM_seg_095.wav,data/interim/segmented_clean_relaxed/stuttering/lfXIK2_34dM_seg_095.wav,lfXIK2_34dM,095,stuttering,clean_pool,50ca32576e1507bce2697990c48cbdbf9747ce7607121880aa6f2be43d17f54d,16000,1,2,48000,3.0,-27.81,0.4373,0.0
lfXIK2_34dM_seg_096.wav,data/interim/segmented_clean_relaxed/stuttering/lfXIK2_34dM_seg_096.wav,lfXIK2_34dM,096,stuttering,clean_pool,70df7b7a65baebb124f7bfa2ed5ba901374856c4aad7a202aec81ebb62fd02db,16000,1,2,48000,3.0,-25.95,0.3386,0.0
lfXIK2_34dM_seg_097.wav,data/interim/segmented_clean_relaxed/stuttering/lfXIK2_34dM_seg_097.wav,lfXIK2_34dM,097,stuttering,clean_pool,2337b0896ddd80a07a2764d6dcbdcd1d1aa3b6a4d92956c577aa4e7369c15714,16000,1,2,48000,3.0,-26.17,0.318,0.0
lpodlly12uM_seg_000.wav,data/interim/segmented_clean_relaxed/stuttering/lpodlly12uM_seg_000.wav,lpodlly12uM,000,stuttering,clean_pool,91e5d1cb12a6b05cd6eba2c1773a4317f024ec5010577010c8bd425e25a21c61,16000,1,2,48000,3.0,-21.5,0.1593,0.0
lpodlly12uM_seg_001.wav,data/interim/segmented_clean_relaxed/stuttering/lpodlly12uM_seg_001.wav,lpodlly12uM,001,stuttering,clean_pool,8ea16353d0b042cc74d236a7390294b35953f7a87f042d5bde7c2554fb69ad93,16000,1,2,48000,3.0,-20.19,0.102,0.0
lpodlly12uM_seg_002.wav,data/interim/segmented_clean_relaxed/stuttering/lpodlly12uM_seg_002.wav,lpodlly12uM,002,stuttering,clean_pool,7009bd356348f08f47fa01648f038d3181852ad06b90d845fd2a22f8cf22c50b,16000,1,2,48000,3.0,-31.54,0.2204,0.0
lpodlly12uM_seg_003.wav,data/interim/segmented_clean_relaxed/stuttering/lpodlly12uM_seg_003.wav,lpodlly12uM,003,stuttering,clean_pool,4f5bff865c2f257da8652711c671fb556889bfee87a1670079a3729d09b96078,16000,1,2,48000,3.0,-30.03,0.1661,0.0
lpodlly12uM_seg_004.wav,data/interim/segmented_clean_relaxed/stuttering/lpodlly12uM_seg_004.wav,lpodlly12uM,004,stuttering,clean_pool,bc1bc0f79b813d274295bc7fa82e82c5d02f1c77f0c41f7d892a1220632795ae,16000,1,2,48000,3.0,-31.17,0.2512,0.0
lpodlly12uM_seg_005.wav,data/interim/segmented_clean_relaxed/stuttering/lpodlly12uM_seg_005.wav,lpodlly12uM,005,stuttering,clean_pool,5c1e050b5fa038ebb54f76a9d2155f878aec4fcbaffb6f81aa44df9df3894019,16000,1,2,48000,3.0,-30.7,0.2286,0.0
lpodlly12uM_seg_006.wav,data/interim/segmented_clean_relaxed/stuttering/lpodlly12uM_seg_006.wav,lpodlly12uM,006,stuttering,clean_pool,6695da70e4cea63e9474b7204e969704a2cb112d75cc16c9bbc98021c6518fc7,16000,1,2,48000,3.0,-33.29,0.2389,0.0
lpodlly12uM_seg_007.wav,data/interim/segmented_clean_relaxed/stuttering/lpodlly12uM_seg_007.wav,lpodlly12uM,007,stuttering,clean_pool,aa68fd83a6c406d19c4818e240e89d0204c89666910e5769a994b58bffcee063,16000,1,2,48000,3.0,-32.47,0.2381,0.0
lpodlly12uM_seg_008.wav,data/interim/segmented_clean_relaxed/stuttering/lpodlly12uM_seg_008.wav,lpodlly12uM,008,stuttering,clean_pool,02c3bd5f7242cb001af375884209f157a4a7be934818d0361d227441453d034e,16000,1,2,48000,3.0,-32.75,0.2337,0.0
lpodlly12uM_seg_009.wav,data/interim/segmented_clean_relaxed/stuttering/lpodlly12uM_seg_009.wav,lpodlly12uM,009,stuttering,clean_pool,13f7c709309aa6e43a2d254a680edf3f1de8b1a5d24282bd67273df23f8ae5b9,16000,1,2,48000,3.0,-29.39,0.1852,0.0
lpodlly12uM_seg_010.wav,data/interim/segmented_clean_relaxed/stuttering/lpodlly12uM_seg_010.wav,lpodlly12uM,010,stuttering,clean_pool,08031683214e9994032a401caed6e3d08e1c049299a6062b00cc056747e008bf,16000,1,2,48000,3.0,-28.55,0.1684,0.0
lpodlly12uM_seg_011.wav,data/interim/segmented_clean_relaxed/stuttering/lpodlly12uM_seg_011.wav,lpodlly12uM,011,stuttering,clean_pool,02db743d4e53d50738e10269e2a7c03f362c08e69340b7deb346ffeca7687511,16000,1,2,48000,3.0,-31.52,0.2361,0.0
lpodlly12uM_seg_012.wav,data/interim/segmented_clean_relaxed/stuttering/lpodlly12uM_seg_012.wav,lpodlly12uM,012,stuttering,clean_pool,915c13e287ddf1725e70bb1268f6083023064f6474d222a2633244e04f551821,16000,1,2,48000,3.0,-29.21,0.1866,0.0
lpodlly12uM_seg_013.wav,data/interim/segmented_clean_relaxed/stuttering/lpodlly12uM_seg_013.wav,lpodlly12uM,013,stuttering,clean_pool,adcdc68a960e333c8a354afb926b05a4d881c71ee597a17c3774545cf895ffa3,16000,1,2,48000,3.0,-28.65,0.1388,0.0
lpodlly12uM_seg_014.wav,data/interim/segmented_clean_relaxed/stuttering/lpodlly12uM_seg_014.wav,lpodlly12uM,014,stuttering,clean_pool,6f566aeeb269bc96753b18e41162e6f9816ba9322607f3ad0d644c2a0fc19fc1,16000,1,2,48000,3.0,-30.01,0.1598,0.0
lpodlly12uM_seg_015.wav,data/interim/segmented_clean_relaxed/stuttering/lpodlly12uM_seg_015.wav,lpodlly12uM,015,stuttering,clean_pool,8510ec0025ae07346d4456a918ce82eb530b00b4071cc5cf66674952beac4ef3,16000,1,2,48000,3.0,-30.62,0.2068,0.0
lpodlly12uM_seg_016.wav,data/interim/segmented_clean_relaxed/stuttering/lpodlly12uM_seg_016.wav,lpodlly12uM,016,stuttering,clean_pool,d4fb294ff145b5e8b316c10d5a949294ceb9e4adaab85db91f1cd68ba292ef00,16000,1,2,48000,3.0,-29.51,0.2015,0.0
lpodlly12uM_seg_017.wav,data/interim/segmented_clean_relaxed/stuttering/lpodlly12uM_seg_017.wav,lpodlly12uM,017,stuttering,clean_pool,785eca93a542a778bef2a57cbaadfd501ca8e36ab8d5f54793b7ce3733798422,16000,1,2,48000,3.0,-26.84,0.1181,0.0
lpodlly12uM_seg_018.wav,data/interim/segmented_clean_relaxed/stuttering/lpodlly12uM_seg_018.wav,lpodlly12uM,018,stuttering,clean_pool,beae71c748e896dc8f1e99230eb092765b2dcb3296c3f2203e2ff73cbf5b3639,16000,1,2,48000,3.0,-27.58,0.1219,0.0
lpodlly12uM_seg_019.wav,data/interim/segmented_clean_relaxed/stuttering/lpodlly12uM_seg_019.wav,lpodlly12uM,019,stuttering,clean_pool,d8baa3f514dff4b8efd91eb48c2b7531ee60df1201ae742ade410d4811ce495a,16000,1,2,48000,3.0,-33.09,0.2402,0.0
MR4RrTTciMw_seg_000.wav,data/interim/segmented_clean_relaxed/stuttering/MR4RrTTciMw_seg_000.wav,MR4RrTTciMw,000,stuttering,clean_pool,fd7648ae2e7f9d1941eed8636724f6de30ecd0aa70e4f57d67d15f09a7f55992,16000,1,2,48000,3.0,-30.3,0.2174,0.0
MR4RrTTciMw_seg_001.wav,data/interim/segmented_clean_relaxed/stuttering/MR4RrTTciMw_seg_001.wav,MR4RrTTciMw,001,stuttering,clean_pool,6ba4eedbb4e2f9bbd440768c99b4d655401935e94695ac10b45b36b687aa9ddc,16000,1,2,48000,3.0,-29.27,0.125,0.0
MR4RrTTciMw_seg_002.wav,data/interim/segmented_clean_relaxed/stuttering/MR4RrTTciMw_seg_002.wav,MR4RrTTciMw,002,stuttering,clean_pool,20b3519a380ffa3c72acdfb47fe9ead590fc3683d269dde060b16b8157119500,16000,1,2,48000,3.0,-31.79,0.1849,0.0
MR4RrTTciMw_seg_003.wav,data/interim/segmented_clean_relaxed/stuttering/MR4RrTTciMw_seg_003.wav,MR4RrTTciMw,003,stuttering,clean_pool,1bedba825fe5e4952ed4a9f706130bb6da9bdc472518b24838c2135ac9b673da,16000,1,2,48000,3.0,-32.61,0.6289,0.0
MR4RrTTciMw_seg_006.wav,data/interim/segmented_clean_relaxed/stuttering/MR4RrTTciMw_seg_006.wav,MR4RrTTciMw,006,stuttering,clean_pool,8e65183e90924ffa5a77df5a67b638bdbf303f895b3518e5098ab5b9398ca2dd,16000,1,2,48000,3.0,-34.0,0.6362,0.0
MR4RrTTciMw_seg_007.wav,data/interim/segmented_clean_relaxed/stuttering/MR4RrTTciMw_seg_007.wav,MR4RrTTciMw,007,stuttering,clean_pool,edf2cc104cdc4980602cb1e0e581106d67c036c8f0df47c4351104d90ad8f21f,16000,1,2,48000,3.0,-33.39,0.392,0.0
MR4RrTTciMw_seg_008.wav,data/interim/segmented_clean_relaxed/stuttering/MR4RrTTciMw_seg_008.wav,MR4RrTTciMw,008,stuttering,clean_pool,c0bafc93fcc9892c120e3fee5ffa8740def96cd681a574bd0cf59711c1d5eb64,16000,1,2,48000,3.0,-35.25,0.6696,0.0
MR4RrTTciMw_seg_009.wav,data/interim/segmented_clean_relaxed/stuttering/MR4RrTTciMw_seg_009.wav,MR4RrTTciMw,009,stuttering,clean_pool,ff3979e8fe0d24c697406b4dfa23de9ec17fa1016d5fe212de4f42d40569c0fa,16000,1,2,48000,3.0,-34.01,0.6236,0.0
MR4RrTTciMw_seg_010.wav,data/interim/segmented_clean_relaxed/stuttering/MR4RrTTciMw_seg_010.wav,MR4RrTTciMw,010,stuttering,clean_pool,d70cbd8ca72f85edd00a6df65fad1b31973eebe0ed583db0e67842c9f93c3773,16000,1,2,48000,3.0,-32.54,0.4763,0.0
MR4RrTTciMw_seg_012.wav,data/interim/segmented_clean_relaxed/stuttering/MR4RrTTciMw_seg_012.wav,MR4RrTTciMw,012,stuttering,clean_pool,64961ae195d6b0ee646f2a6217bd09388d7f7677f6b358eebac651b983e2ca7e,16000,1,2,48000,3.0,-36.6,0.7248,0.0
MR4RrTTciMw_seg_013.wav,data/interim/segmented_clean_relaxed/stuttering/MR4RrTTciMw_seg_013.wav,MR4RrTTciMw,013,stuttering,clean_pool,4aac63d6ef77750460b986a50cbd43503ce8e02357c1e1936ecc726fdff6be5d,16000,1,2,48000,3.0,-35.43,0.6167,0.0
MR4RrTTciMw_seg_014.wav,data/interim/segmented_clean_relaxed/stuttering/MR4RrTTciMw_seg_014.wav,MR4RrTTciMw,014,stuttering,clean_pool,362136b327450a2f099c3f05305bf5d60e0f5be2e27b1213170530176b6a17cf,16000,1,2,48000,3.0,-33.98,0.5549,0.0
MR4RrTTciMw_seg_015.wav,data/interim/segmented_clean_relaxed/stuttering/MR4RrTTciMw_seg_015.wav,MR4RrTTciMw,015,stuttering,clean_pool,d79e18017c33e27ed4235d569782d42ce2f82158dd7c1cc9b57504e648d32bdd,16000,1,2,48000,3.0,-32.75,0.3436,0.0
MR4RrTTciMw_seg_016.wav,data/interim/segmented_clean_relaxed/stuttering/MR4RrTTciMw_seg_016.wav,MR4RrTTciMw,016,stuttering,clean_pool,44ce7dc452963440a2e417ca73ebab1718d653668754c90b65b65e28ded8fdec,16000,1,2,48000,3.0,-35.86,0.6644,0.0
MR4RrTTciMw_seg_017.wav,data/interim/segmented_clean_relaxed/stuttering/MR4RrTTciMw_seg_017.wav,MR4RrTTciMw,017,stuttering,clean_pool,e87423d0b4da310c10ec6aab565f004b72e4214513567116ab31a05a9cea2d66,16000,1,2,48000,3.0,-32.45,0.3511,0.0
MR4RrTTciMw_seg_020.wav,data/interim/segmented_clean_relaxed/stuttering/MR4RrTTciMw_seg_020.wav,MR4RrTTciMw,020,stuttering,clean_pool,0bdaaac0f2a3b0d1b8c561e06707750c0fec98ee151ac2a972358721415eada0,16000,1,2,48000,3.0,-35.01,0.5374,0.0
MR4RrTTciMw_seg_021.wav,data/interim/segmented_clean_relaxed/stuttering/MR4RrTTciMw_seg_021.wav,MR4RrTTciMw,021,stuttering,clean_pool,d471d4e3fd5b6f7dae4684804091e861066ffec453517791c005e4bbf05c242e,16000,1,2,48000,3.0,-34.68,0.5254,0.0
MR4RrTTciMw_seg_022.wav,data/interim/segmented_clean_relaxed/stuttering/MR4RrTTciMw_seg_022.wav,MR4RrTTciMw,022,stuttering,clean_pool,085bdf352da366780315a4254267547c67f8084c5ed9c67a211b31d0f8e8c97b,16000,1,2,48000,3.0,-37.95,0.718,0.0
MR4RrTTciMw_seg_023.wav,data/interim/segmented_clean_relaxed/stuttering/MR4RrTTciMw_seg_023.wav,MR4RrTTciMw,023,stuttering,clean_pool,4597a9e4a63d9f00f0118dfdac3acd8d4460216c3824ea0080cbdf5d500751c2,16000,1,2,48000,3.0,-38.68,0.7748,0.0
MR4RrTTciMw_seg_025.wav,data/interim/segmented_clean_relaxed/stuttering/MR4RrTTciMw_seg_025.wav,MR4RrTTciMw,025,stuttering,clean_pool,cce795229f75cfe7f179fa96ac8c7fc2744406122c1b8a18ed6ff8624fb91565,16000,1,2,48000,3.0,-38.62,0.7519,0.0
MR4RrTTciMw_seg_026.wav,data/interim/segmented_clean_relaxed/stuttering/MR4RrTTciMw_seg_026.wav,MR4RrTTciMw,026,stuttering,clean_pool,3a2d7505ffaaf04b0dd7d3acd02f3c6b633d4367cb1c47984f6606fcca289456,16000,1,2,48000,3.0,-33.68,0.4206,0.0
MR4RrTTciMw_seg_027.wav,data/interim/segmented_clean_relaxed/stuttering/MR4RrTTciMw_seg_027.wav,MR4RrTTciMw,027,stuttering,clean_pool,01f76e1d9424057097d01d287a1351bb2fc49dbd3542d7adad961096a26601d3,16000,1,2,48000,3.0,-38.9,0.6105,0.0
MR4RrTTciMw_seg_029.wav,data/interim/segmented_clean_relaxed/stuttering/MR4RrTTciMw_seg_029.wav,MR4RrTTciMw,029,stuttering,clean_pool,ef1b15624427c6e413cbed7bc5a6c7b0d0cfe318c876985ae78c17651d46412a,16000,1,2,48000,3.0,-37.78,0.6476,0.0
MR4RrTTciMw_seg_030.wav,data/interim/segmented_clean_relaxed/stuttering/MR4RrTTciMw_seg_030.wav,MR4RrTTciMw,030,stuttering,clean_pool,8855dc9ef3cbfc55bdd73736ce553ab8cf17bf1781ae261388443ab66dc057b5,16000,1,2,48000,3.0,-38.76,0.6149,0.0
MR4RrTTciMw_seg_031.wav,data/interim/segmented_clean_relaxed/stuttering/MR4RrTTciMw_seg_031.wav,MR4RrTTciMw,031,stuttering,clean_pool,2bbed2b0b4b6f2afaf99d492898b6b904ce20096d924814d15996a49d9975a9f,16000,1,2,48000,3.0,-34.28,0.5097,0.0
MR4RrTTciMw_seg_032.wav,data/interim/segmented_clean_relaxed/stuttering/MR4RrTTciMw_seg_032.wav,MR4RrTTciMw,032,stuttering,clean_pool,1a30741be40594630cbb224754bd2cb45a6cc3b2c1d90814aebc3759721511b5,16000,1,2,48000,3.0,-31.68,0.6981,0.0
MR4RrTTciMw_seg_033.wav,data/interim/segmented_clean_relaxed/stuttering/MR4RrTTciMw_seg_033.wav,MR4RrTTciMw,033,stuttering,clean_pool,6f3c37c91860190d1703030dda4c3c260c4d08bed45c1b93560bd6be3103cfe7,16000,1,2,48000,3.0,-37.89,0.7055,0.0
MR4RrTTciMw_seg_034.wav,data/interim/segmented_clean_relaxed/stuttering/MR4RrTTciMw_seg_034.wav,MR4RrTTciMw,034,stuttering,clean_pool,328d2ed9516a609adaafedca45f4c97aaa6efc0aa44a74932f86ccdd9d02e743,16000,1,2,48000,3.0,-31.71,0.5171,0.0
MR4RrTTciMw_seg_035.wav,data/interim/segmented_clean_relaxed/stuttering/MR4RrTTciMw_seg_035.wav,MR4RrTTciMw,035,stuttering,clean_pool,9d8919a504ae918d2a2627a557f615aff3aaf722add74f074b69c94ae4ecf470,16000,1,2,48000,3.0,-33.47,0.6624,0.0
MR4RrTTciMw_seg_036.wav,data/interim/segmented_clean_relaxed/stuttering/MR4RrTTciMw_seg_036.wav,MR4RrTTciMw,036,stuttering,clean_pool,413101f6a4f6874508e79c86a44526cca74277530f31e0aa469c278ea02b0a55,16000,1,2,48000,3.0,-31.88,0.5704,0.0
MR4RrTTciMw_seg_039.wav,data/interim/segmented_clean_relaxed/stuttering/MR4RrTTciMw_seg_039.wav,MR4RrTTciMw,039,stuttering,clean_pool,889c6ca74df5863d38ba24af84e36569d6a4f66a8241aea6067e52939c19a9ea,16000,1,2,48000,3.0,-33.2,0.6288,0.0
MR4RrTTciMw_seg_042.wav,data/interim/segmented_clean_relaxed/stuttering/MR4RrTTciMw_seg_042.wav,MR4RrTTciMw,042,stuttering,clean_pool,c70822e7df006533af128810abb4e28cabd2b616f79b2bb83a09978bed5bcc64,16000,1,2,48000,3.0,-29.8,0.576,0.0
MR4RrTTciMw_seg_044.wav,data/interim/segmented_clean_relaxed/stuttering/MR4RrTTciMw_seg_044.wav,MR4RrTTciMw,044,stuttering,clean_pool,ee501f9ccca60f191088fb4037cb79b3610ff44f6630583889f8f8cf6cd2c2f2,16000,1,2,48000,3.0,-32.52,0.6041,0.0
MR4RrTTciMw_seg_045.wav,data/interim/segmented_clean_relaxed/stuttering/MR4RrTTciMw_seg_045.wav,MR4RrTTciMw,045,stuttering,clean_pool,e09c783fd4676a60c6820710836a9ddabf49f67f65c8be251205ea7b5698184b,16000,1,2,48000,3.0,-32.0,0.6614,0.0
MR4RrTTciMw_seg_046.wav,data/interim/segmented_clean_relaxed/stuttering/MR4RrTTciMw_seg_046.wav,MR4RrTTciMw,046,stuttering,clean_pool,62f9563d9f0eb257673a3e25dfb64c1838d255a845c39b15ed01417aece633a4,16000,1,2,48000,3.0,-29.5,0.2808,0.0
MR4RrTTciMw_seg_048.wav,data/interim/segmented_clean_relaxed/stuttering/MR4RrTTciMw_seg_048.wav,MR4RrTTciMw,048,stuttering,clean_pool,95697a986cb66a16bc1b367bfa186b16ec49b5c186b1f03cf0192de9c340f8a8,16000,1,2,48000,3.0,-33.49,0.676,0.0
MR4RrTTciMw_seg_049.wav,data/interim/segmented_clean_relaxed/stuttering/MR4RrTTciMw_seg_049.wav,MR4RrTTciMw,049,stuttering,clean_pool,0675bdec66e6caa3ded430c01566f07e52de78f1ccc84a4ecbf8241d294682d6,16000,1,2,48000,3.0,-30.93,0.5491,0.0
MR4RrTTciMw_seg_052.wav,data/interim/segmented_clean_relaxed/stuttering/MR4RrTTciMw_seg_052.wav,MR4RrTTciMw,052,stuttering,clean_pool,eb8d4b0402f255338aa3604e5b616933f1a3bf3137421d4907d0ff768e0db5ac,16000,1,2,48000,3.0,-33.8,0.6827,0.0
MR4RrTTciMw_seg_053.wav,data/interim/segmented_clean_relaxed/stuttering/MR4RrTTciMw_seg_053.wav,MR4RrTTciMw,053,stuttering,clean_pool,0bfd14d65af9f240add6d7ba24acbc64613ed8a4aaea7fcde1d5e9fc8d7186ab,16000,1,2,48000,3.0,-32.1,0.5758,0.0
MR4RrTTciMw_seg_055.wav,data/interim/segmented_clean_relaxed/stuttering/MR4RrTTciMw_seg_055.wav,MR4RrTTciMw,055,stuttering,clean_pool,c0350fa2023798e7c9f3218c11a3d357326e1a89f84662f462a5d43a9de9ebcb,16000,1,2,48000,3.0,-30.78,0.5219,0.0
MR4RrTTciMw_seg_056.wav,data/interim/segmented_clean_relaxed/stuttering/MR4RrTTciMw_seg_056.wav,MR4RrTTciMw,056,stuttering,clean_pool,a8fc84d95835234d22c33a3eccebcbf5be9bdbdb563290369d664b8d894ede9a,16000,1,2,48000,3.0,-32.01,0.6892,0.0
MR4RrTTciMw_seg_058.wav,data/interim/segmented_clean_relaxed/stuttering/MR4RrTTciMw_seg_058.wav,MR4RrTTciMw,058,stuttering,clean_pool,1da1bf72c2e0c216cf60886bc5323d3939ea164b9c471787b8976aa6d07c66e0,16000,1,2,48000,3.0,-32.9,0.7992,0.0
MR4RrTTciMw_seg_059.wav,data/interim/segmented_clean_relaxed/stuttering/MR4RrTTciMw_seg_059.wav,MR4RrTTciMw,059,stuttering,clean_pool,24d26fe71a57b441da298da814fee27e78e7e66fa3e30559870c441d4bc595a4,16000,1,2,48000,3.0,-33.81,0.4392,0.0
MR4RrTTciMw_seg_061.wav,data/interim/segmented_clean_relaxed/stuttering/MR4RrTTciMw_seg_061.wav,MR4RrTTciMw,061,stuttering,clean_pool,95b31c80d7c9c1eda58ca0d4787cc1229638571107fed5b8afd699598d631e79,16000,1,2,48000,3.0,-33.0,0.6819,0.0
MR4RrTTciMw_seg_062.wav,data/interim/segmented_clean_relaxed/stuttering/MR4RrTTciMw_seg_062.wav,MR4RrTTciMw,062,stuttering,clean_pool,23db2cf4d5deb52f9c9518d83a473ef5bcf6b6d16c86d920ff59a6fd2c9c9355,16000,1,2,48000,3.0,-30.37,0.5138,0.0
MR4RrTTciMw_seg_063.wav,data/interim/segmented_clean_relaxed/stuttering/MR4RrTTciMw_seg_063.wav,MR4RrTTciMw,063,stuttering,clean_pool,25576cf84be567be93222190d995ab3602d59d47edd707a1fe0bf1fc71d49750,16000,1,2,48000,3.0,-33.91,0.6831,0.0
MR4RrTTciMw_seg_064.wav,data/interim/segmented_clean_relaxed/stuttering/MR4RrTTciMw_seg_064.wav,MR4RrTTciMw,064,stuttering,clean_pool,5993e18f529dc1300f1e45a2d770402cb6194cb5d5c5b707dc68f181005a2e10,16000,1,2,48000,3.0,-30.02,0.4998,0.0
MR4RrTTciMw_seg_065.wav,data/interim/segmented_clean_relaxed/stuttering/MR4RrTTciMw_seg_065.wav,MR4RrTTciMw,065,stuttering,clean_pool,aef2b697cabb17164a4489479bad310704dc861804e14e3572c6a1727ce26267,16000,1,2,48000,3.0,-33.87,0.3099,0.0
MR4RrTTciMw_seg_066.wav,data/interim/segmented_clean_relaxed/stuttering/MR4RrTTciMw_seg_066.wav,MR4RrTTciMw,066,stuttering,clean_pool,6f9b6332dda427e5497849b4976ed21182ddf3864802242b17bb2426d96bb9a3,16000,1,2,48000,3.0,-35.24,0.4615,0.0
MR4RrTTciMw_seg_067.wav,data/interim/segmented_clean_relaxed/stuttering/MR4RrTTciMw_seg_067.wav,MR4RrTTciMw,067,stuttering,clean_pool,1be3f4af73bea1f33e71f7fb07967eaae7a322c1d0c24d71ff78ca4d36a6d2b8,16000,1,2,48000,3.0,-29.64,0.4788,0.0
MR4RrTTciMw_seg_068.wav,data/interim/segmented_clean_relaxed/stuttering/MR4RrTTciMw_seg_068.wav,MR4RrTTciMw,068,stuttering,clean_pool,32fc766ea559904418c764c12f9037fce0ac5f8a0e9511e6884e36a1a68ca6f7,16000,1,2,48000,3.0,-32.73,0.3433,0.0
MR4RrTTciMw_seg_069.wav,data/interim/segmented_clean_relaxed/stuttering/MR4RrTTciMw_seg_069.wav,MR4RrTTciMw,069,stuttering,clean_pool,defa5a3d5e67e27bc015568521f0bdf486f23579fea3fbcd3acee074a5af510b,16000,1,2,48000,3.0,-28.82,0.397,0.0
MR4RrTTciMw_seg_070.wav,data/interim/segmented_clean_relaxed/stuttering/MR4RrTTciMw_seg_070.wav,MR4RrTTciMw,070,stuttering,clean_pool,2530bc8c4bdf42a2ec65f1a45aff8c18fc6c6ea4dadbb2ca5ae9e2c7e29af3a7,16000,1,2,48000,3.0,-33.11,0.3758,0.0
MR4RrTTciMw_seg_071.wav,data/interim/segmented_clean_relaxed/stuttering/MR4RrTTciMw_seg_071.wav,MR4RrTTciMw,071,stuttering,clean_pool,ad48747149ef01984b339e164ce72c536476559c28902075e1d4a4e17372ae5d,16000,1,2,48000,3.0,-37.09,0.7638,0.0
MR4RrTTciMw_seg_072.wav,data/interim/segmented_clean_relaxed/stuttering/MR4RrTTciMw_seg_072.wav,MR4RrTTciMw,072,stuttering,clean_pool,bce0af504051a0d48f12dffe486c50782f303aa6ba8174e480906ce24e9d79f9,16000,1,2,48000,3.0,-32.55,0.6616,0.0
MR4RrTTciMw_seg_073.wav,data/interim/segmented_clean_relaxed/stuttering/MR4RrTTciMw_seg_073.wav,MR4RrTTciMw,073,stuttering,clean_pool,ea341c99325004968c0e6ad77da2efd050eda1c1809cdf38cd95e72b717d66b9,16000,1,2,48000,3.0,-31.03,0.4397,0.0
MR4RrTTciMw_seg_074.wav,data/interim/segmented_clean_relaxed/stuttering/MR4RrTTciMw_seg_074.wav,MR4RrTTciMw,074,stuttering,clean_pool,5ac2351f794b0558e4cf78615239aefb975137460dfd071a633a3f796da123d8,16000,1,2,48000,3.0,-30.94,0.5131,0.0
MR4RrTTciMw_seg_075.wav,data/interim/segmented_clean_relaxed/stuttering/MR4RrTTciMw_seg_075.wav,MR4RrTTciMw,075,stuttering,clean_pool,062ddf86157403dbf508b86dc684790be689646f5eb9a20593d4b5e24dc31719,16000,1,2,48000,3.0,-30.5,0.3773,0.0
MR4RrTTciMw_seg_076.wav,data/interim/segmented_clean_relaxed/stuttering/MR4RrTTciMw_seg_076.wav,MR4RrTTciMw,076,stuttering,clean_pool,a928a817a023ac40da535ac9b2cece77640c9b2af2e56f7341d1e2627bbd5807,16000,1,2,48000,3.0,-31.83,0.4699,0.0
MR4RrTTciMw_seg_077.wav,data/interim/segmented_clean_relaxed/stuttering/MR4RrTTciMw_seg_077.wav,MR4RrTTciMw,077,stuttering,clean_pool,594b382fc8c1daa7f198b3fce252666b23e7f5e7c16edf28afa63a880749ba00,16000,1,2,48000,3.0,-36.07,0.7837,0.0
MR4RrTTciMw_seg_078.wav,data/interim/segmented_clean_relaxed/stuttering/MR4RrTTciMw_seg_078.wav,MR4RrTTciMw,078,stuttering,clean_pool,21283ccfb2b28f63a8102ec103feae690840f50f44c8f1fd57289e2aedcca4e1,16000,1,2,48000,3.0,-31.17,0.4457,0.0
MR4RrTTciMw_seg_079.wav,data/interim/segmented_clean_relaxed/stuttering/MR4RrTTciMw_seg_079.wav,MR4RrTTciMw,079,stuttering,clean_pool,ea5a43d6521215788803901e6d260c42ee1dd940eee2ad9b46f72c43b0a5107b,16000,1,2,48000,3.0,-31.47,0.3794,0.0
MR4RrTTciMw_seg_080.wav,data/interim/segmented_clean_relaxed/stuttering/MR4RrTTciMw_seg_080.wav,MR4RrTTciMw,080,stuttering,clean_pool,20b4ae1ad30bbf29157e57167898de74a1a82ac6a6ce2e36dea176783934be74,16000,1,2,48000,3.0,-34.07,0.6503,0.0
MR4RrTTciMw_seg_081.wav,data/interim/segmented_clean_relaxed/stuttering/MR4RrTTciMw_seg_081.wav,MR4RrTTciMw,081,stuttering,clean_pool,1c49e37329535c982408ab02c4d72ffbd81f8e7ad5da9c14b8e3187a8e7a9503,16000,1,2,48000,3.0,-32.0,0.6396,0.0
MR4RrTTciMw_seg_082.wav,data/interim/segmented_clean_relaxed/stuttering/MR4RrTTciMw_seg_082.wav,MR4RrTTciMw,082,stuttering,clean_pool,d9788ebc062e0768dda1550ece1c87e1c7f553516f52b7cbc2eac5aa9cc8695b,16000,1,2,48000,3.0,-31.01,0.3823,0.0
MR4RrTTciMw_seg_083.wav,data/interim/segmented_clean_relaxed/stuttering/MR4RrTTciMw_seg_083.wav,MR4RrTTciMw,083,stuttering,clean_pool,0d790980833dba97f423a13f742e9c5128bf2c1404309e8aa69a916b0cddab33,16000,1,2,48000,3.0,-35.12,0.6557,0.0
MR4RrTTciMw_seg_084.wav,data/interim/segmented_clean_relaxed/stuttering/MR4RrTTciMw_seg_084.wav,MR4RrTTciMw,084,stuttering,clean_pool,b33cf60c9ee3d4c3999201af2bc07d750ac329200ed130f3bfb11fdfecb5d505,16000,1,2,48000,3.0,-31.62,0.5463,0.0
MR4RrTTciMw_seg_085.wav,data/interim/segmented_clean_relaxed/stuttering/MR4RrTTciMw_seg_085.wav,MR4RrTTciMw,085,stuttering,clean_pool,3a997fea32d130a9517cc7d663a20aeb9b7fd22f1d43d26fe26078a7c2f63c25,16000,1,2,48000,3.0,-33.02,0.6255,0.0
MR4RrTTciMw_seg_086.wav,data/interim/segmented_clean_relaxed/stuttering/MR4RrTTciMw_seg_086.wav,MR4RrTTciMw,086,stuttering,clean_pool,9be32058d26de157f42c6df9343d802b738716ff8c0bbca6a44131c50214d616,16000,1,2,48000,3.0,-33.14,0.6648,0.0
MR4RrTTciMw_seg_087.wav,data/interim/segmented_clean_relaxed/stuttering/MR4RrTTciMw_seg_087.wav,MR4RrTTciMw,087,stuttering,clean_pool,9ac9ec8b84d6c2df5a53624972f425e40ae23986bf4dbaddd7f696c479f9e4b2,16000,1,2,48000,3.0,-29.83,0.3191,0.0
MR4RrTTciMw_seg_088.wav,data/interim/segmented_clean_relaxed/stuttering/MR4RrTTciMw_seg_088.wav,MR4RrTTciMw,088,stuttering,clean_pool,3592127fe1c982a1e7f3b8f38c851197648c3252efea62f41a46f1d18c1cc8a5,16000,1,2,48000,3.0,-36.41,0.6824,0.0
MR4RrTTciMw_seg_089.wav,data/interim/segmented_clean_relaxed/stuttering/MR4RrTTciMw_seg_089.wav,MR4RrTTciMw,089,stuttering,clean_pool,aae532a7f2ad63ecd867a9b665ff48ca558dc0be52c53b698c0b70cf5d01d3e6,16000,1,2,48000,3.0,-35.06,0.5365,0.0
MR4RrTTciMw_seg_090.wav,data/interim/segmented_clean_relaxed/stuttering/MR4RrTTciMw_seg_090.wav,MR4RrTTciMw,090,stuttering,clean_pool,82557571dc61c1f9f3422a9bd77ce4a1bc9123d41dcc1becc71f93492c1c16f9,16000,1,2,48000,3.0,-32.24,0.5759,0.0
MR4RrTTciMw_seg_091.wav,data/interim/segmented_clean_relaxed/stuttering/MR4RrTTciMw_seg_091.wav,MR4RrTTciMw,091,stuttering,clean_pool,15122bb4ea3cc53167e7224fb9e4b0d9f7ca0a2d4872d707c0e412cc4b650c41,16000,1,2,48000,3.0,-36.55,0.4057,0.0
MR4RrTTciMw_seg_092.wav,data/interim/segmented_clean_relaxed/stuttering/MR4RrTTciMw_seg_092.wav,MR4RrTTciMw,092,stuttering,clean_pool,88867dac4a009e543efa616fa8097e91e045b6177295a887bffa0c1b4fb34388,16000,1,2,48000,3.0,-38.78,0.5369,0.0
MR4RrTTciMw_seg_093.wav,data/interim/segmented_clean_relaxed/stuttering/MR4RrTTciMw_seg_093.wav,MR4RrTTciMw,093,stuttering,clean_pool,ec72659278339e268cb2cabf72277e3095877b0147369eec7d0b91b031782e68,16000,1,2,48000,3.0,-36.59,0.5949,0.0
MR4RrTTciMw_seg_094.wav,data/interim/segmented_clean_relaxed/stuttering/MR4RrTTciMw_seg_094.wav,MR4RrTTciMw,094,stuttering,clean_pool,651d77baf020efa83d15a8fe6adfbed71fa72704ef86f3c005d4cd1e5589a82e,16000,1,2,48000,3.0,-37.53,0.5361,0.0
MR4RrTTciMw_seg_095.wav,data/interim/segmented_clean_relaxed/stuttering/MR4RrTTciMw_seg_095.wav,MR4RrTTciMw,095,stuttering,clean_pool,420005b81fc992ec9c320ada77c1785b03fbb188ee6ed20d0b87141714a2c48f,16000,1,2,48000,3.0,-37.74,0.5346,0.0
MR4RrTTciMw_seg_096.wav,data/interim/segmented_clean_relaxed/stuttering/MR4RrTTciMw_seg_096.wav,MR4RrTTciMw,096,stuttering,clean_pool,9c890e2d8a276d591283902455bbcc7e7e581647baba7c5ca6c3fe37d12e0c27,16000,1,2,48000,3.0,-37.3,0.6268,0.0
MR4RrTTciMw_seg_097.wav,data/interim/segmented_clean_relaxed/stuttering/MR4RrTTciMw_seg_097.wav,MR4RrTTciMw,097,stuttering,clean_pool,afbc06a13a9e67378914b8cc7be6d320c02c6d6723cedbf23e4fa7a8488fb557,16000,1,2,48000,3.0,-37.39,0.4936,0.0
MR4RrTTciMw_seg_098.wav,data/interim/segmented_clean_relaxed/stuttering/MR4RrTTciMw_seg_098.wav,MR4RrTTciMw,098,stuttering,clean_pool,c8c927b9c49bedbed2fec58f53d959aaea4b6c63349073c9bb5a47e6d8a22e2f,16000,1,2,48000,3.0,-32.65,0.7016,0.0
MR4RrTTciMw_seg_099.wav,data/interim/segmented_clean_relaxed/stuttering/MR4RrTTciMw_seg_099.wav,MR4RrTTciMw,099,stuttering,clean_pool,19a26ed5096bfb1c3e0b8f2c860c392433d5d20a02a5a9dd75efd8e917095b39,16000,1,2,48000,3.0,-33.84,0.4479,0.0
MR4RrTTciMw_seg_100.wav,data/interim/segmented_clean_relaxed/stuttering/MR4RrTTciMw_seg_100.wav,MR4RrTTciMw,100,stuttering,clean_pool,a5274f184bb52bccc4894b54f7354e2eef9fb57b9b65a0ea5add519463f33808,16000,1,2,48000,3.0,-33.12,0.5572,0.0
MR4RrTTciMw_seg_101.wav,data/interim/segmented_clean_relaxed/stuttering/MR4RrTTciMw_seg_101.wav,MR4RrTTciMw,101,stuttering,clean_pool,38ae16465f6049370fcfd974774a4c5137d691ec1664416acd7b864b5f59abdc,16000,1,2,48000,3.0,-34.37,0.6479,0.0
MR4RrTTciMw_seg_102.wav,data/interim/segmented_clean_relaxed/stuttering/MR4RrTTciMw_seg_102.wav,MR4RrTTciMw,102,stuttering,clean_pool,495fe81a65d2a92ddf41fb29bfa2515a9f50b705d5e93a1e35bb37a8952f7a04,16000,1,2,48000,3.0,-33.51,0.4789,0.0
MR4RrTTciMw_seg_103.wav,data/interim/segmented_clean_relaxed/stuttering/MR4RrTTciMw_seg_103.wav,MR4RrTTciMw,103,stuttering,clean_pool,3ad3cc49a131a10724d8668fb7dec33354ce65db1bc57a9ffd8d437ea7b8b602,16000,1,2,48000,3.0,-36.12,0.5524,0.0
MR4RrTTciMw_seg_104.wav,data/interim/segmented_clean_relaxed/stuttering/MR4RrTTciMw_seg_104.wav,MR4RrTTciMw,104,stuttering,clean_pool,b87b19a27012e91329c7c7895f1fa478620a662d0e3ef2c5e4fa74d845c28727,16000,1,2,48000,3.0,-36.04,0.4595,0.0
MR4RrTTciMw_seg_105.wav,data/interim/segmented_clean_relaxed/stuttering/MR4RrTTciMw_seg_105.wav,MR4RrTTciMw,105,stuttering,clean_pool,3ecbcc0b5acbd4e6f98499a95bebc3ecc24eef38dcb097292396a65a2df68c28,16000,1,2,48000,3.0,-32.76,0.6409,0.0
MR4RrTTciMw_seg_106.wav,data/interim/segmented_clean_relaxed/stuttering/MR4RrTTciMw_seg_106.wav,MR4RrTTciMw,106,stuttering,clean_pool,920bf1d46417dcfea5b84f28457c47bd46fd5ecae3aa0a3fa9d265f39f1f6bba,16000,1,2,48000,3.0,-37.12,0.5888,0.0
MR4RrTTciMw_seg_107.wav,data/interim/segmented_clean_relaxed/stuttering/MR4RrTTciMw_seg_107.wav,MR4RrTTciMw,107,stuttering,clean_pool,b691dfe4020c06ad1ffb0d99be436e2be939141cdd1350ccbb7f023a01cab663,16000,1,2,48000,3.0,-30.08,0.6027,0.0
MR4RrTTciMw_seg_108.wav,data/interim/segmented_clean_relaxed/stuttering/MR4RrTTciMw_seg_108.wav,MR4RrTTciMw,108,stuttering,clean_pool,014deb7da200c5d7872f66eeaa8f52a37b04a14e91cdb91db6265caeba20b14a,16000,1,2,48000,3.0,-28.88,0.2396,0.0
MR4RrTTciMw_seg_109.wav,data/interim/segmented_clean_relaxed/stuttering/MR4RrTTciMw_seg_109.wav,MR4RrTTciMw,109,stuttering,clean_pool,34dadd47742eadb845003279f18b934387341dd89584f34abd751befed9a76f4,16000,1,2,48000,3.0,-29.25,0.3706,0.0
MR4RrTTciMw_seg_110.wav,data/interim/segmented_clean_relaxed/stuttering/MR4RrTTciMw_seg_110.wav,MR4RrTTciMw,110,stuttering,clean_pool,93764a0ae91eacf4258719238cea6f079ed9078791947fe80bfbe856e9b85de2,16000,1,2,48000,3.0,-35.02,0.7019,0.0
MR4RrTTciMw_seg_111.wav,data/interim/segmented_clean_relaxed/stuttering/MR4RrTTciMw_seg_111.wav,MR4RrTTciMw,111,stuttering,clean_pool,723d09bd2040813e8ce157a85ede9f85f6a9d06bbc16c9b5b72ff80f1f95e8e7,16000,1,2,48000,3.0,-31.17,0.5903,0.0
MR4RrTTciMw_seg_112.wav,data/interim/segmented_clean_relaxed/stuttering/MR4RrTTciMw_seg_112.wav,MR4RrTTciMw,112,stuttering,clean_pool,36b7853115e0e44f3de7b43a3e8354cf9fb4c8226a79caaca4556ec413ba2efb,16000,1,2,48000,3.0,-28.99,0.2213,0.0
MR4RrTTciMw_seg_113.wav,data/interim/segmented_clean_relaxed/stuttering/MR4RrTTciMw_seg_113.wav,MR4RrTTciMw,113,stuttering,clean_pool,972163b02f98e2e3d32638d15bb3148ee317b3bfd040b98018135b8bbc8d73f7,16000,1,2,48000,3.0,-30.7,0.2745,0.0
MR4RrTTciMw_seg_114.wav,data/interim/segmented_clean_relaxed/stuttering/MR4RrTTciMw_seg_114.wav,MR4RrTTciMw,114,stuttering,clean_pool,40fed359c14e16fb5a0075f0941d9495acc33698b068d45c58d53d48ca90ef48,16000,1,2,48000,3.0,-32.32,0.3752,0.0
MR4RrTTciMw_seg_115.wav,data/interim/segmented_clean_relaxed/stuttering/MR4RrTTciMw_seg_115.wav,MR4RrTTciMw,115,stuttering,clean_pool,042f62e95f55e50218ba16fe52fa99af0dbf3ed2ad63dd098a874e680e75cb9d,16000,1,2,48000,3.0,-36.71,0.5926,0.0
MR4RrTTciMw_seg_116.wav,data/interim/segmented_clean_relaxed/stuttering/MR4RrTTciMw_seg_116.wav,MR4RrTTciMw,116,stuttering,clean_pool,bc7fae9b8976ab5acd73b27504436f174d56f17fd1f0157ed73f645562420ba4,16000,1,2,48000,3.0,-36.02,0.5705,0.0
MR4RrTTciMw_seg_117.wav,data/interim/segmented_clean_relaxed/stuttering/MR4RrTTciMw_seg_117.wav,MR4RrTTciMw,117,stuttering,clean_pool,ebd3e208de5826b5ce4678701c3ed973c392a21dc0e9c3e15c799159e34920f0,16000,1,2,48000,3.0,-35.99,0.5037,0.0
MR4RrTTciMw_seg_118.wav,data/interim/segmented_clean_relaxed/stuttering/MR4RrTTciMw_seg_118.wav,MR4RrTTciMw,118,stuttering,clean_pool,5ebf7a5918905ae4ac987a0bf84416c52d0a5ab5422eedd858f59fb92aaee6b7,16000,1,2,48000,3.0,-30.5,0.5048,0.0
MR4RrTTciMw_seg_119.wav,data/interim/segmented_clean_relaxed/stuttering/MR4RrTTciMw_seg_119.wav,MR4RrTTciMw,119,stuttering,clean_pool,d89890770e9aa92ce9f29e8ae282acb95573875d76778db84ffcb7245e35200a,16000,1,2,48000,3.0,-27.72,0.1028,0.0
MR4RrTTciMw_seg_120.wav,data/interim/segmented_clean_relaxed/stuttering/MR4RrTTciMw_seg_120.wav,MR4RrTTciMw,120,stuttering,clean_pool,5e126e58d64141d9a67572303ee81b454f3bcd5c1566724f80fc2d605899374c,16000,1,2,48000,3.0,-29.07,0.1416,0.0
nrnXoReoDek_seg_000.wav,data/interim/segmented_clean_relaxed/stuttering/nrnXoReoDek_seg_000.wav,nrnXoReoDek,000,stuttering,clean_pool,e97514a12daf47e09efdb47b763d4b496e9483cdab214e220fe25918dd3947f9,16000,1,2,48000,3.0,-34.9,0.5521,0.0
nrnXoReoDek_seg_001.wav,data/interim/segmented_clean_relaxed/stuttering/nrnXoReoDek_seg_001.wav,nrnXoReoDek,001,stuttering,clean_pool,cddf4f11b38d0200f7be500d39cb41e5fd897ad78d6f0f2231fa888456ba1e73,16000,1,2,48000,3.0,-38.23,0.7025,0.0
nrnXoReoDek_seg_002.wav,data/interim/segmented_clean_relaxed/stuttering/nrnXoReoDek_seg_002.wav,nrnXoReoDek,002,stuttering,clean_pool,cf2038208e5ad1ff3c5ed6a5c3e3f2260a170e7e9405a93c81c8fe6d60711509,16000,1,2,48000,3.0,-34.67,0.4881,0.0
nrnXoReoDek_seg_003.wav,data/interim/segmented_clean_relaxed/stuttering/nrnXoReoDek_seg_003.wav,nrnXoReoDek,003,stuttering,clean_pool,ca82770828781ea579842a7a77a497f273a9efc98296f5f1777aba75ff751d6f,16000,1,2,48000,3.0,-34.16,0.5417,0.0
nrnXoReoDek_seg_004.wav,data/interim/segmented_clean_relaxed/stuttering/nrnXoReoDek_seg_004.wav,nrnXoReoDek,004,stuttering,clean_pool,93f628c0ee2405675cb83226667912dc8a5b54e6d726cce2751a0074ab144305,16000,1,2,48000,3.0,-37.67,0.5515,0.0
nrnXoReoDek_seg_005.wav,data/interim/segmented_clean_relaxed/stuttering/nrnXoReoDek_seg_005.wav,nrnXoReoDek,005,stuttering,clean_pool,b2ad9d90ed202d561c6defbc6cde50ce8e368b10bc8f60eb2c73a33af532f7cf,16000,1,2,48000,3.0,-35.58,0.4092,0.0
nrnXoReoDek_seg_006.wav,data/interim/segmented_clean_relaxed/stuttering/nrnXoReoDek_seg_006.wav,nrnXoReoDek,006,stuttering,clean_pool,00e971a9f8a4ace68eddbbfcf639bbdca9c197bc19e21c0797a70e0ddd9fab6a,16000,1,2,48000,3.0,-37.51,0.4048,0.0
nrnXoReoDek_seg_007.wav,data/interim/segmented_clean_relaxed/stuttering/nrnXoReoDek_seg_007.wav,nrnXoReoDek,007,stuttering,clean_pool,d06f092818566d93ac5ce20b4430ceb42a6fc81ce9e081a82a4612275272b28e,16000,1,2,48000,3.0,-34.35,0.3879,0.0
nrnXoReoDek_seg_008.wav,data/interim/segmented_clean_relaxed/stuttering/nrnXoReoDek_seg_008.wav,nrnXoReoDek,008,stuttering,clean_pool,fdc7d96a444a6c48c77996fe29ad1b6312e1160e7b91baa465e0afa4ef20cd05,16000,1,2,48000,3.0,-35.79,0.4968,0.0
nrnXoReoDek_seg_009.wav,data/interim/segmented_clean_relaxed/stuttering/nrnXoReoDek_seg_009.wav,nrnXoReoDek,009,stuttering,clean_pool,d2ee22b008fd8ca8edd5f5e7989ac85bf8e70491146d42e3cdfdd4ea48b5c5ad,16000,1,2,48000,3.0,-34.63,0.5358,0.0
nrnXoReoDek_seg_010.wav,data/interim/segmented_clean_relaxed/stuttering/nrnXoReoDek_seg_010.wav,nrnXoReoDek,010,stuttering,clean_pool,bb7b25e56645729dee309f4df3b05ca037bf57d057f43b6305989cce86117ecf,16000,1,2,48000,3.0,-35.52,0.4207,0.0
nrnXoReoDek_seg_011.wav,data/interim/segmented_clean_relaxed/stuttering/nrnXoReoDek_seg_011.wav,nrnXoReoDek,011,stuttering,clean_pool,5b17f92c6f9058c8ad104f2dccad38ae4dc6909053ff90f0b060cdcb7bd881d2,16000,1,2,48000,3.0,-36.21,0.5048,0.0
nrnXoReoDek_seg_013.wav,data/interim/segmented_clean_relaxed/stuttering/nrnXoReoDek_seg_013.wav,nrnXoReoDek,013,stuttering,clean_pool,c5688abd29d32258a2e8f3487db217b93c9850e65213869bfbff27befb43ac8d,16000,1,2,48000,3.0,-35.32,0.5312,0.0
nrnXoReoDek_seg_014.wav,data/interim/segmented_clean_relaxed/stuttering/nrnXoReoDek_seg_014.wav,nrnXoReoDek,014,stuttering,clean_pool,e82693af88af693f7cde016c1f6c8357f7bebfd45f25433eb46c8c9487cd79a6,16000,1,2,48000,3.0,-40.5,0.753,0.0
nrnXoReoDek_seg_015.wav,data/interim/segmented_clean_relaxed/stuttering/nrnXoReoDek_seg_015.wav,nrnXoReoDek,015,stuttering,clean_pool,5ff50679859b55d32640fa2f0854a002746df8fd64dbb14ac6838f30d2284148,16000,1,2,48000,3.0,-35.44,0.4504,0.0
nrnXoReoDek_seg_016.wav,data/interim/segmented_clean_relaxed/stuttering/nrnXoReoDek_seg_016.wav,nrnXoReoDek,016,stuttering,clean_pool,f1b7f218ba202cbae9cc9ea31f42d1a3d4fa2bf630907b16d0bf9666676bee63,16000,1,2,48000,3.0,-34.62,0.3848,0.0
nrnXoReoDek_seg_018.wav,data/interim/segmented_clean_relaxed/stuttering/nrnXoReoDek_seg_018.wav,nrnXoReoDek,018,stuttering,clean_pool,4436c73fb5b8b9e006b1b03cbd5ee58f86e1e4aad48d476dae8afb31a58c49e1,16000,1,2,48000,3.0,-35.08,0.5748,0.0
nrnXoReoDek_seg_019.wav,data/interim/segmented_clean_relaxed/stuttering/nrnXoReoDek_seg_019.wav,nrnXoReoDek,019,stuttering,clean_pool,1fb879bb64263443773d835dbf7cccd4a47567b5a72a69d2c24f8d1a7629b76b,16000,1,2,48000,3.0,-35.42,0.5041,0.0
nrnXoReoDek_seg_020.wav,data/interim/segmented_clean_relaxed/stuttering/nrnXoReoDek_seg_020.wav,nrnXoReoDek,020,stuttering,clean_pool,f7a3a6584e6e355db36ac36c119df651b979bea0f311958592bc69234d8e465f,16000,1,2,48000,3.0,-35.28,0.4499,0.0
nrnXoReoDek_seg_021.wav,data/interim/segmented_clean_relaxed/stuttering/nrnXoReoDek_seg_021.wav,nrnXoReoDek,021,stuttering,clean_pool,6c5266293cce835b598131b04575d4a94dfb3a79f2ea653e08074f9d52946643,16000,1,2,48000,3.0,-35.29,0.4314,0.0
nrnXoReoDek_seg_022.wav,data/interim/segmented_clean_relaxed/stuttering/nrnXoReoDek_seg_022.wav,nrnXoReoDek,022,stuttering,clean_pool,81627b5314745fc718a8f5441e02f016a7fb12da3471447c81ecf8395fae233b,16000,1,2,48000,3.0,-35.24,0.529,0.0
nrnXoReoDek_seg_024.wav,data/interim/segmented_clean_relaxed/stuttering/nrnXoReoDek_seg_024.wav,nrnXoReoDek,024,stuttering,clean_pool,24c395d4ea5fd9d6dc286cf535485f297074665bba0ebb043cbf464ab045f63b,16000,1,2,48000,3.0,-38.64,0.7485,0.0
nrnXoReoDek_seg_025.wav,data/interim/segmented_clean_relaxed/stuttering/nrnXoReoDek_seg_025.wav,nrnXoReoDek,025,stuttering,clean_pool,d8db1223d7763473c0dce56c0dba48840780edc9b4ad037d18b6bf8738af50a0,16000,1,2,48000,3.0,-33.79,0.3335,0.0
nrnXoReoDek_seg_026.wav,data/interim/segmented_clean_relaxed/stuttering/nrnXoReoDek_seg_026.wav,nrnXoReoDek,026,stuttering,clean_pool,61e9507df280145b0f6b8487738b3076d5878c95084d1e71a2cf638109b88263,16000,1,2,48000,3.0,-36.0,0.4223,0.0
nrnXoReoDek_seg_027.wav,data/interim/segmented_clean_relaxed/stuttering/nrnXoReoDek_seg_027.wav,nrnXoReoDek,027,stuttering,clean_pool,6a8b83a1699620dc7aa986f114aaa1872c855534fa1690c0ca936caa7c63036b,16000,1,2,48000,3.0,-36.57,0.3827,0.0
nrnXoReoDek_seg_028.wav,data/interim/segmented_clean_relaxed/stuttering/nrnXoReoDek_seg_028.wav,nrnXoReoDek,028,stuttering,clean_pool,f09b79909a8828f0d5a8358c0f52151d1ddbc7e83231895b699ed403dd6bfdf5,16000,1,2,48000,3.0,-34.3,0.3084,0.0
nrnXoReoDek_seg_029.wav,data/interim/segmented_clean_relaxed/stuttering/nrnXoReoDek_seg_029.wav,nrnXoReoDek,029,stuttering,clean_pool,89ef07cb2e046094de3bb2a3eb83123445bb087bc2bd16e8d04a3403f583b1d5,16000,1,2,48000,3.0,-35.8,0.3399,0.0
nrnXoReoDek_seg_030.wav,data/interim/segmented_clean_relaxed/stuttering/nrnXoReoDek_seg_030.wav,nrnXoReoDek,030,stuttering,clean_pool,2f6ac5b77eefe68a94f687eb74463ccc0edf7a9c1e12a409b98a889541ae475b,16000,1,2,48000,3.0,-32.45,0.2885,0.0
nrnXoReoDek_seg_031.wav,data/interim/segmented_clean_relaxed/stuttering/nrnXoReoDek_seg_031.wav,nrnXoReoDek,031,stuttering,clean_pool,880aabb276c8a392afda33f732a3629e5347b0560926f02d875d84e7e9457155,16000,1,2,48000,3.0,-34.92,0.3388,0.0
nrnXoReoDek_seg_032.wav,data/interim/segmented_clean_relaxed/stuttering/nrnXoReoDek_seg_032.wav,nrnXoReoDek,032,stuttering,clean_pool,32e7566187844f285ebabd50d95614bf6203464ae0c26e4c57acf2a2dd893737,16000,1,2,48000,3.0,-33.84,0.2866,0.0
nrnXoReoDek_seg_033.wav,data/interim/segmented_clean_relaxed/stuttering/nrnXoReoDek_seg_033.wav,nrnXoReoDek,033,stuttering,clean_pool,09c2aede8bd62a523d13d34bfc10e707b25284fa528bb6024a27dafe97dd0d1b,16000,1,2,48000,3.0,-38.56,0.4043,0.0
nrnXoReoDek_seg_034.wav,data/interim/segmented_clean_relaxed/stuttering/nrnXoReoDek_seg_034.wav,nrnXoReoDek,034,stuttering,clean_pool,d9f061769915d3a165156fd3e8a33daf363418d543d2bd7b9e542b4c19133120,16000,1,2,48000,3.0,-34.24,0.4839,0.0
nrnXoReoDek_seg_035.wav,data/interim/segmented_clean_relaxed/stuttering/nrnXoReoDek_seg_035.wav,nrnXoReoDek,035,stuttering,clean_pool,4619d39122a5554241735e53341a73e1f0e1993189c537919d485af0f46ac1bd,16000,1,2,48000,3.0,-34.99,0.3272,0.0
nrnXoReoDek_seg_036.wav,data/interim/segmented_clean_relaxed/stuttering/nrnXoReoDek_seg_036.wav,nrnXoReoDek,036,stuttering,clean_pool,a4c23478f728329452dd2c9c414430fc1ad997c09159d0960883f10c08de61f4,16000,1,2,48000,3.0,-36.29,0.3909,0.0
nrnXoReoDek_seg_037.wav,data/interim/segmented_clean_relaxed/stuttering/nrnXoReoDek_seg_037.wav,nrnXoReoDek,037,stuttering,clean_pool,fdc362f11cb67af7712f7e7077dd6ec8afc0331e17dd99d781affd79dc77164e,16000,1,2,48000,3.0,-36.42,0.4215,0.0
nrnXoReoDek_seg_038.wav,data/interim/segmented_clean_relaxed/stuttering/nrnXoReoDek_seg_038.wav,nrnXoReoDek,038,stuttering,clean_pool,16e46ccdf31659c8f7a242cf8a2233d795a373d9ffb0980220ada9dcd94a30e8,16000,1,2,48000,3.0,-34.7,0.3616,0.0
nrnXoReoDek_seg_039.wav,data/interim/segmented_clean_relaxed/stuttering/nrnXoReoDek_seg_039.wav,nrnXoReoDek,039,stuttering,clean_pool,11878a9cc0fe6ca72b7f5b11376a414e0a58c405fbdca0ba8a528e5a37c21fc6,16000,1,2,48000,3.0,-35.45,0.3492,0.0
nrnXoReoDek_seg_040.wav,data/interim/segmented_clean_relaxed/stuttering/nrnXoReoDek_seg_040.wav,nrnXoReoDek,040,stuttering,clean_pool,5ca0936846488819edfd380bf0e8916cba8fec7c36e1617940d488bdf80d143d,16000,1,2,48000,3.0,-34.84,0.323,0.0
nrnXoReoDek_seg_041.wav,data/interim/segmented_clean_relaxed/stuttering/nrnXoReoDek_seg_041.wav,nrnXoReoDek,041,stuttering,clean_pool,253d743d6f51e5b541c765022dcbaa40aca608cbb08022fa20385e8b89555d15,16000,1,2,48000,3.0,-35.89,0.3746,0.0
nrnXoReoDek_seg_042.wav,data/interim/segmented_clean_relaxed/stuttering/nrnXoReoDek_seg_042.wav,nrnXoReoDek,042,stuttering,clean_pool,2b6bf1f9d8f394ffd69c0bf3030f352c7493fa3bbfba60462268d1fbf1fcc976,16000,1,2,48000,3.0,-34.94,0.3296,0.0
nrnXoReoDek_seg_043.wav,data/interim/segmented_clean_relaxed/stuttering/nrnXoReoDek_seg_043.wav,nrnXoReoDek,043,stuttering,clean_pool,3bc3df35a14e0a3cc0d8bfc7e0ed350a8e7479a0694bca821913da2726372470,16000,1,2,48000,3.0,-35.1,0.3931,0.0
nrnXoReoDek_seg_044.wav,data/interim/segmented_clean_relaxed/stuttering/nrnXoReoDek_seg_044.wav,nrnXoReoDek,044,stuttering,clean_pool,7f11fa24649442dff461b91a3d96f4da338f34a52f83fb5b44061009c97e9dd5,16000,1,2,48000,3.0,-34.4,0.3518,0.0
nrnXoReoDek_seg_045.wav,data/interim/segmented_clean_relaxed/stuttering/nrnXoReoDek_seg_045.wav,nrnXoReoDek,045,stuttering,clean_pool,5725754fe796d7df1ed058a76fe122b5bbd611d8570695e4e010ef477e33fe59,16000,1,2,48000,3.0,-37.07,0.4376,0.0
nrnXoReoDek_seg_046.wav,data/interim/segmented_clean_relaxed/stuttering/nrnXoReoDek_seg_046.wav,nrnXoReoDek,046,stuttering,clean_pool,351467269714415b1ca467b892a7a88ac87f0d4ad434b220e7b75ef7b99693ce,16000,1,2,48000,3.0,-37.7,0.3812,0.0
nrnXoReoDek_seg_047.wav,data/interim/segmented_clean_relaxed/stuttering/nrnXoReoDek_seg_047.wav,nrnXoReoDek,047,stuttering,clean_pool,9097a4c2bcf431717a3e927c4cfca0b6f4af481fe270e03d3172bc12e73e8c96,16000,1,2,48000,3.0,-26.04,0.1806,0.0
nrnXoReoDek_seg_048.wav,data/interim/segmented_clean_relaxed/stuttering/nrnXoReoDek_seg_048.wav,nrnXoReoDek,048,stuttering,clean_pool,c9d67a0c17e373cdac9e0126454a43469cd94897993c99c0a083bbc2b9376879,16000,1,2,38880,2.43,-32.57,0.3183,0.0
QHkIE3BEOM8_seg_000.wav,data/interim/segmented_clean_relaxed/stuttering/QHkIE3BEOM8_seg_000.wav,QHkIE3BEOM8,000,stuttering,clean_pool,62806c3ebc5f8d47aed90c19f30e241d8fc63d6364f5c446d7e8dfb5d77e0cfd,16000,1,2,48000,3.0,-33.77,0.1477,0.0
QHkIE3BEOM8_seg_001.wav,data/interim/segmented_clean_relaxed/stuttering/QHkIE3BEOM8_seg_001.wav,QHkIE3BEOM8,001,stuttering,clean_pool,f4106e5c732f81fb01a5f9d4a039ca789fb2671246733533c305b75a38809653,16000,1,2,48000,3.0,-30.32,0.5428,0.0
QHkIE3BEOM8_seg_002.wav,data/interim/segmented_clean_relaxed/stuttering/QHkIE3BEOM8_seg_002.wav,QHkIE3BEOM8,002,stuttering,clean_pool,72fe642f554992f2f779cc829ef3c094e9b4dd8dd77ce2574c7fd49572ca2778,16000,1,2,48000,3.0,-28.37,0.3814,0.0
QHkIE3BEOM8_seg_003.wav,data/interim/segmented_clean_relaxed/stuttering/QHkIE3BEOM8_seg_003.wav,QHkIE3BEOM8,003,stuttering,clean_pool,c95480961cedae55f8de70455d32a18037de8f25e92222044a7475cbd425088c,16000,1,2,48000,3.0,-30.7,0.4488,0.0
rbJHSQVW9dI_seg_000.wav,data/interim/segmented_clean_relaxed/stuttering/rbJHSQVW9dI_seg_000.wav,rbJHSQVW9dI,000,stuttering,clean_pool,9b1e5562a91527ff37a2b9469812987b697099de5f6d83160fd450546f35d1ff,16000,1,2,48000,3.0,-25.32,0.151,0.0
rbJHSQVW9dI_seg_001.wav,data/interim/segmented_clean_relaxed/stuttering/rbJHSQVW9dI_seg_001.wav,rbJHSQVW9dI,001,stuttering,clean_pool,c618c06bd1066b20028b869a119d8c6e311390a6d3498faf44b195f1eee1f4a7,16000,1,2,48000,3.0,-29.91,0.3343,0.0
rbJHSQVW9dI_seg_002.wav,data/interim/segmented_clean_relaxed/stuttering/rbJHSQVW9dI_seg_002.wav,rbJHSQVW9dI,002,stuttering,clean_pool,3ff60451cd38012871381ecba05b74e5e51aec38af4aed22d43f050abbbaf91d,16000,1,2,48000,3.0,-20.36,0.3498,2.1e-05
rbJHSQVW9dI_seg_003.wav,data/interim/segmented_clean_relaxed/stuttering/rbJHSQVW9dI_seg_003.wav,rbJHSQVW9dI,003,stuttering,clean_pool,847537442828feb5a54c3033e600740e1e68024d35194b0f1966422dfeef6918,16000,1,2,48000,3.0,-25.02,0.2947,0.0
rbJHSQVW9dI_seg_004.wav,data/interim/segmented_clean_relaxed/stuttering/rbJHSQVW9dI_seg_004.wav,rbJHSQVW9dI,004,stuttering,clean_pool,a54400581d2fe4b27942ad4252e09b57488ae88a9ab7119f8658d745a7b9132b,16000,1,2,48000,3.0,-31.52,0.2971,0.0
rbJHSQVW9dI_seg_005.wav,data/interim/segmented_clean_relaxed/stuttering/rbJHSQVW9dI_seg_005.wav,rbJHSQVW9dI,005,stuttering,clean_pool,a6146dc0c82874e8b6ad5baacf30bb0494a61adb66b5e14d2753b664b61ddd99,16000,1,2,48000,3.0,-23.75,0.2471,0.0
rbJHSQVW9dI_seg_006.wav,data/interim/segmented_clean_relaxed/stuttering/rbJHSQVW9dI_seg_006.wav,rbJHSQVW9dI,006,stuttering,clean_pool,d5ae65b3d88ff8019b868f714349e63046bf41cb7c8300b7544a37e3d7040046,16000,1,2,48000,3.0,-30.22,0.2848,0.0
rbJHSQVW9dI_seg_007.wav,data/interim/segmented_clean_relaxed/stuttering/rbJHSQVW9dI_seg_007.wav,rbJHSQVW9dI,007,stuttering,clean_pool,4bbef046a8692030a4de644de6578e01be9ee85556e7c0c10930a8818be856b4,16000,1,2,48000,3.0,-21.75,0.3401,4.2e-05
rbJHSQVW9dI_seg_008.wav,data/interim/segmented_clean_relaxed/stuttering/rbJHSQVW9dI_seg_008.wav,rbJHSQVW9dI,008,stuttering,clean_pool,f7df05430f234d149f590e15ef6adb18157fd02fa8ea4a8e9ecf3e3820d93716,16000,1,2,48000,3.0,-42.05,0.6567,0.0
rbJHSQVW9dI_seg_009.wav,data/interim/segmented_clean_relaxed/stuttering/rbJHSQVW9dI_seg_009.wav,rbJHSQVW9dI,009,stuttering,clean_pool,e0e6e09b55570facb4f1ab06a42c3ca702583a1fdef88ae9ffd94b09a448d401,16000,1,2,48000,3.0,-19.68,0.1832,0.0
rbJHSQVW9dI_seg_010.wav,data/interim/segmented_clean_relaxed/stuttering/rbJHSQVW9dI_seg_010.wav,rbJHSQVW9dI,010,stuttering,clean_pool,811a621d5b7bd4b357a282db899754e7e0a8346e40b91422725d989973e4b9e5,16000,1,2,48000,3.0,-22.86,0.262,0.0
rbJHSQVW9dI_seg_011.wav,data/interim/segmented_clean_relaxed/stuttering/rbJHSQVW9dI_seg_011.wav,rbJHSQVW9dI,011,stuttering,clean_pool,13841d41917da1fbb4b3871399da17a592ff1ff464d79172baa17cda5340d85f,16000,1,2,48000,3.0,-22.31,0.3527,4.2e-05
rbJHSQVW9dI_seg_012.wav,data/interim/segmented_clean_relaxed/stuttering/rbJHSQVW9dI_seg_012.wav,rbJHSQVW9dI,012,stuttering,clean_pool,da4ab5118d33d6576d900afacf4e7cc58bd6f68eda2cff79e1297857c7836acb,16000,1,2,48000,3.0,-23.25,0.2724,2.1e-05
rbJHSQVW9dI_seg_013.wav,data/interim/segmented_clean_relaxed/stuttering/rbJHSQVW9dI_seg_013.wav,rbJHSQVW9dI,013,stuttering,clean_pool,dcf3fc00e3b3d604b48caed49527b44302e414dd9468b47d7f4f8a8aa385dc89,16000,1,2,48000,3.0,-21.81,0.3963,0.0
rbJHSQVW9dI_seg_014.wav,data/interim/segmented_clean_relaxed/stuttering/rbJHSQVW9dI_seg_014.wav,rbJHSQVW9dI,014,stuttering,clean_pool,3ca9487d3e91ac9974e211bae8b09db60fc4c8822e7e0c66104137419e11f833,16000,1,2,48000,3.0,-22.29,0.3283,2.1e-05
rbJHSQVW9dI_seg_015.wav,data/interim/segmented_clean_relaxed/stuttering/rbJHSQVW9dI_seg_015.wav,rbJHSQVW9dI,015,stuttering,clean_pool,662839d67bbcc6ad456cbc5dc61df03b76718bddef166db5c73be2937c655921,16000,1,2,48000,3.0,-44.95,0.6818,0.0
rbJHSQVW9dI_seg_016.wav,data/interim/segmented_clean_relaxed/stuttering/rbJHSQVW9dI_seg_016.wav,rbJHSQVW9dI,016,stuttering,clean_pool,db22153a1f48e00f1ac07916e2a7b418d6a4829c053bdab408823dfd1183b0a0,16000,1,2,48000,3.0,-34.28,0.4939,0.0
rbJHSQVW9dI_seg_017.wav,data/interim/segmented_clean_relaxed/stuttering/rbJHSQVW9dI_seg_017.wav,rbJHSQVW9dI,017,stuttering,clean_pool,b791202027986a8f031fbc6aa07ba5168ce7409393f22a91618029945e23ff22,16000,1,2,48000,3.0,-21.63,0.3634,0.0
rbJHSQVW9dI_seg_018.wav,data/interim/segmented_clean_relaxed/stuttering/rbJHSQVW9dI_seg_018.wav,rbJHSQVW9dI,018,stuttering,clean_pool,94dbfc46d070a9e4288d999a0b123f798f299a44227817218d7d7feca7566068,16000,1,2,48000,3.0,-36.55,0.5259,0.0
rbJHSQVW9dI_seg_019.wav,data/interim/segmented_clean_relaxed/stuttering/rbJHSQVW9dI_seg_019.wav,rbJHSQVW9dI,019,stuttering,clean_pool,8c2255002bca5b62d4ca406974f3b91035a5d2fc626a7d9c4eaa4e99401d27a6,16000,1,2,48000,3.0,-23.92,0.3683,0.0
rbJHSQVW9dI_seg_020.wav,data/interim/segmented_clean_relaxed/stuttering/rbJHSQVW9dI_seg_020.wav,rbJHSQVW9dI,020,stuttering,clean_pool,be171987895c71d2bd33f23d1551e8a8d3f2dfc94cd5219fa8c3843caf8497ed,16000,1,2,48000,3.0,-22.46,0.4155,0.0
rbJHSQVW9dI_seg_021.wav,data/interim/segmented_clean_relaxed/stuttering/rbJHSQVW9dI_seg_021.wav,rbJHSQVW9dI,021,stuttering,clean_pool,aabdd95c03fb31aa48a7956abd6ac52d6a26b38c22351d9cf4926ddeda677d4b,16000,1,2,48000,3.0,-24.03,0.4493,0.0
rbJHSQVW9dI_seg_022.wav,data/interim/segmented_clean_relaxed/stuttering/rbJHSQVW9dI_seg_022.wav,rbJHSQVW9dI,022,stuttering,clean_pool,3e17c304f3a3773920da6e33614a2771128b38a3829a863e38f509255cd3b777,16000,1,2,48000,3.0,-25.0,0.3334,0.000104
rbJHSQVW9dI_seg_023.wav,data/interim/segmented_clean_relaxed/stuttering/rbJHSQVW9dI_seg_023.wav,rbJHSQVW9dI,023,stuttering,clean_pool,48f6f8e3e24c1a04fd5a36ccfd450ca3cc90d0779c3ce27492b2ea57a8c5d264,16000,1,2,48000,3.0,-21.27,0.411,6.3e-05
rbJHSQVW9dI_seg_024.wav,data/interim/segmented_clean_relaxed/stuttering/rbJHSQVW9dI_seg_024.wav,rbJHSQVW9dI,024,stuttering,clean_pool,fb5fabb70c8f547cfcbb947156d20f5354ee84f7e5aaad0ef85632c631b04709,16000,1,2,48000,3.0,-24.2,0.311,0.0
rbJHSQVW9dI_seg_025.wav,data/interim/segmented_clean_relaxed/stuttering/rbJHSQVW9dI_seg_025.wav,rbJHSQVW9dI,025,stuttering,clean_pool,32da9ba88e20a4901e98765a2685902ce27c09cd1f3a68dd586282bdc37adbeb,16000,1,2,48000,3.0,-25.41,0.4045,0.0
rbJHSQVW9dI_seg_026.wav,data/interim/segmented_clean_relaxed/stuttering/rbJHSQVW9dI_seg_026.wav,rbJHSQVW9dI,026,stuttering,clean_pool,ab1540269ab9c9d022b76a58bacb335214ce5e7a118874c4a0492ca8555ad3f7,16000,1,2,48000,3.0,-21.88,0.2246,2.1e-05
rbJHSQVW9dI_seg_027.wav,data/interim/segmented_clean_relaxed/stuttering/rbJHSQVW9dI_seg_027.wav,rbJHSQVW9dI,027,stuttering,clean_pool,1012843cee00026362f0e89c263995c8309db1eaac30b79b1e309adfa0f1fea7,16000,1,2,48000,3.0,-29.55,0.2499,0.0
rbJHSQVW9dI_seg_028.wav,data/interim/segmented_clean_relaxed/stuttering/rbJHSQVW9dI_seg_028.wav,rbJHSQVW9dI,028,stuttering,clean_pool,2113966345d7ff2644df8d76a6d6c1ce6834f8ab7329f4ab5c097ee22813950e,16000,1,2,48000,3.0,-22.51,0.184,0.0
rbJHSQVW9dI_seg_029.wav,data/interim/segmented_clean_relaxed/stuttering/rbJHSQVW9dI_seg_029.wav,rbJHSQVW9dI,029,stuttering,clean_pool,57e10d9aab1a685d56db8e894a9c1942c7e4369d93e1268191bad7e210df7837,16000,1,2,48000,3.0,-28.22,0.2005,0.0
rbJHSQVW9dI_seg_030.wav,data/interim/segmented_clean_relaxed/stuttering/rbJHSQVW9dI_seg_030.wav,rbJHSQVW9dI,030,stuttering,clean_pool,f186f4345cd86c06bcf535a1ad1efee95c408fb09161f9aaf8fe6c56c6481358,16000,1,2,48000,3.0,-26.89,0.1793,0.0
rbJHSQVW9dI_seg_031.wav,data/interim/segmented_clean_relaxed/stuttering/rbJHSQVW9dI_seg_031.wav,rbJHSQVW9dI,031,stuttering,clean_pool,bab2caf9a89a35122aaa1f06b5d0265f7d282250be30beb74b4fc1dadcf35f84,16000,1,2,48000,3.0,-21.11,0.3277,0.0
rbJHSQVW9dI_seg_032.wav,data/interim/segmented_clean_relaxed/stuttering/rbJHSQVW9dI_seg_032.wav,rbJHSQVW9dI,032,stuttering,clean_pool,9ab0ec1e576406c573756e3d2aa7d5072404fa766014eba96b62b8dc9b8e249a,16000,1,2,48000,3.0,-18.78,0.2855,0.0
rbJHSQVW9dI_seg_033.wav,data/interim/segmented_clean_relaxed/stuttering/rbJHSQVW9dI_seg_033.wav,rbJHSQVW9dI,033,stuttering,clean_pool,7a626660616542edc347d9ff9fe8fc12af85f942d6e8692e51c38c39b39d5d1e,16000,1,2,48000,3.0,-18.36,0.3018,4.2e-05
rbJHSQVW9dI_seg_034.wav,data/interim/segmented_clean_relaxed/stuttering/rbJHSQVW9dI_seg_034.wav,rbJHSQVW9dI,034,stuttering,clean_pool,daf434dc2c9178e270d76366fb81446a97cfd246153550ad0819527d9544c5ce,16000,1,2,48000,3.0,-22.63,0.2465,0.0
rbJHSQVW9dI_seg_035.wav,data/interim/segmented_clean_relaxed/stuttering/rbJHSQVW9dI_seg_035.wav,rbJHSQVW9dI,035,stuttering,clean_pool,52f9ee12d3956bf976a2a71eaa97d19873171ca73a28feeaff8e2670570ae898,16000,1,2,48000,3.0,-27.54,0.3354,0.0
rbJHSQVW9dI_seg_036.wav,data/interim/segmented_clean_relaxed/stuttering/rbJHSQVW9dI_seg_036.wav,rbJHSQVW9dI,036,stuttering,clean_pool,ff641c39c43890c59915cf364647f53eb3b56fb8a731f40903737465c06dd1b7,16000,1,2,48000,3.0,-27.41,0.4361,0.0
rbJHSQVW9dI_seg_037.wav,data/interim/segmented_clean_relaxed/stuttering/rbJHSQVW9dI_seg_037.wav,rbJHSQVW9dI,037,stuttering,clean_pool,fa086feb1c690f1b9f6601de735ab5aaf379d157f1a7c7045ab38e08baaf6abd,16000,1,2,48000,3.0,-28.79,0.4066,0.0
rbJHSQVW9dI_seg_038.wav,data/interim/segmented_clean_relaxed/stuttering/rbJHSQVW9dI_seg_038.wav,rbJHSQVW9dI,038,stuttering,clean_pool,94b2d4e76c74b6704f98d55e0b168a3b0edce6f26bd2f5cd7c37f4737a34bbb3,16000,1,2,48000,3.0,-23.0,0.3335,0.0
rbJHSQVW9dI_seg_039.wav,data/interim/segmented_clean_relaxed/stuttering/rbJHSQVW9dI_seg_039.wav,rbJHSQVW9dI,039,stuttering,clean_pool,885661c6912fc7eae32ea5fd2bde8f56ddb4b433a5852d5c88a305537bce04d9,16000,1,2,48000,3.0,-20.8,0.2133,0.0
rbJHSQVW9dI_seg_040.wav,data/interim/segmented_clean_relaxed/stuttering/rbJHSQVW9dI_seg_040.wav,rbJHSQVW9dI,040,stuttering,clean_pool,b90e2078b5d9c81e346a7e9eb598fd9c5ffcec459037821c89f175067bfcbe09,16000,1,2,48000,3.0,-22.15,0.2325,0.0
rbJHSQVW9dI_seg_041.wav,data/interim/segmented_clean_relaxed/stuttering/rbJHSQVW9dI_seg_041.wav,rbJHSQVW9dI,041,stuttering,clean_pool,51b23a3aec9a7c8ba3e0dd18b35a52cfe7801c283f28b4f0d4aeab34b667b1c9,16000,1,2,48000,3.0,-24.62,0.2531,0.0
rbJHSQVW9dI_seg_042.wav,data/interim/segmented_clean_relaxed/stuttering/rbJHSQVW9dI_seg_042.wav,rbJHSQVW9dI,042,stuttering,clean_pool,eacf3d3a77c0fad1149ce0febdefe62705a0e8ee748406c9aa9a231803571f04,16000,1,2,48000,3.0,-26.38,0.3955,0.0
rbJHSQVW9dI_seg_044.wav,data/interim/segmented_clean_relaxed/stuttering/rbJHSQVW9dI_seg_044.wav,rbJHSQVW9dI,044,stuttering,clean_pool,5328393c8ed26caec3952b345ce91445632caf4ee9e1566b3306da760f7615ff,16000,1,2,48000,3.0,-21.19,0.2975,0.0
rbJHSQVW9dI_seg_045.wav,data/interim/segmented_clean_relaxed/stuttering/rbJHSQVW9dI_seg_045.wav,rbJHSQVW9dI,045,stuttering,clean_pool,8e8fdb3f3269cf185961b86bcdaa74aeedad3a49aae63dbab8661a5496cf6036,16000,1,2,48000,3.0,-22.9,0.3006,0.0
rbJHSQVW9dI_seg_046.wav,data/interim/segmented_clean_relaxed/stuttering/rbJHSQVW9dI_seg_046.wav,rbJHSQVW9dI,046,stuttering,clean_pool,2ab0633d999814a11c2a6b1a69cb29041ea8ea08ff25aa6d690c578680231ccb,16000,1,2,48000,3.0,-23.26,0.2338,2.1e-05
rbJHSQVW9dI_seg_047.wav,data/interim/segmented_clean_relaxed/stuttering/rbJHSQVW9dI_seg_047.wav,rbJHSQVW9dI,047,stuttering,clean_pool,c6e21ba334ad7750f5404faa30d6afc02345eb782fd40708c2b7b7a82352e7cf,16000,1,2,48000,3.0,-23.03,0.2294,0.0
rbJHSQVW9dI_seg_048.wav,data/interim/segmented_clean_relaxed/stuttering/rbJHSQVW9dI_seg_048.wav,rbJHSQVW9dI,048,stuttering,clean_pool,649e8df0f8701f76483b46db75fbdfff9fea8e868e508f6afd72cf0346694c08,16000,1,2,48000,3.0,-29.0,0.4731,0.0
rbJHSQVW9dI_seg_049.wav,data/interim/segmented_clean_relaxed/stuttering/rbJHSQVW9dI_seg_049.wav,rbJHSQVW9dI,049,stuttering,clean_pool,5c5d79f24920c314e8b4e014ec3df82146673458d8b74213580b36107682f5d3,16000,1,2,48000,3.0,-39.07,0.5449,0.0
rbJHSQVW9dI_seg_050.wav,data/interim/segmented_clean_relaxed/stuttering/rbJHSQVW9dI_seg_050.wav,rbJHSQVW9dI,050,stuttering,clean_pool,427a4d675be4014d4bd888e465d88f0c3f714e70c90d888fbeb519b7f04d388d,16000,1,2,48000,3.0,-23.61,0.3652,0.0
rbJHSQVW9dI_seg_051.wav,data/interim/segmented_clean_relaxed/stuttering/rbJHSQVW9dI_seg_051.wav,rbJHSQVW9dI,051,stuttering,clean_pool,34ea957a948fa693bb44227a2fd05bfb4be7f519e03ddcf008132787b1d693a8,16000,1,2,48000,3.0,-26.03,0.3071,0.0
rbJHSQVW9dI_seg_052.wav,data/interim/segmented_clean_relaxed/stuttering/rbJHSQVW9dI_seg_052.wav,rbJHSQVW9dI,052,stuttering,clean_pool,a1a2422dd5eff17f140452b4c9bab3d9272d36fee48c5f3c55adfb32004e651d,16000,1,2,48000,3.0,-27.9,0.2298,0.0
rbJHSQVW9dI_seg_053.wav,data/interim/segmented_clean_relaxed/stuttering/rbJHSQVW9dI_seg_053.wav,rbJHSQVW9dI,053,stuttering,clean_pool,b06112bde3d2f47203a0b89f6f40c092b2812b836bbc563c30b3c455b116cead,16000,1,2,48000,3.0,-27.51,0.2431,0.0
rbJHSQVW9dI_seg_054.wav,data/interim/segmented_clean_relaxed/stuttering/rbJHSQVW9dI_seg_054.wav,rbJHSQVW9dI,054,stuttering,clean_pool,973aba2bccb21d1999e21b5fb1e06c0d351f51c89b13b17c8d46bd5a1cac6944,16000,1,2,48000,3.0,-28.15,0.2558,0.0
rbJHSQVW9dI_seg_055.wav,data/interim/segmented_clean_relaxed/stuttering/rbJHSQVW9dI_seg_055.wav,rbJHSQVW9dI,055,stuttering,clean_pool,7b3f8a38feec288c0278e8cd034903c590df8749adaf15b0c8b33ce5dd248bc1,16000,1,2,48000,3.0,-25.06,0.3315,0.0
rbJHSQVW9dI_seg_056.wav,data/interim/segmented_clean_relaxed/stuttering/rbJHSQVW9dI_seg_056.wav,rbJHSQVW9dI,056,stuttering,clean_pool,03314c2fbf8a632e6f1eed69052a4b336c2f027f5da35fa7214acdf437c6069a,16000,1,2,48000,3.0,-25.62,0.3791,0.0
sZwq9VaEtAk_seg_000.wav,data/interim/segmented_clean_relaxed/stuttering/sZwq9VaEtAk_seg_000.wav,sZwq9VaEtAk,000,stuttering,clean_pool,7fb4eabb52916162c92a45d6d3c4e163623b6f9881b0f636803aa9113e9b12ce,16000,1,2,48000,3.0,-25.91,0.4929,0.0
sZwq9VaEtAk_seg_001.wav,data/interim/segmented_clean_relaxed/stuttering/sZwq9VaEtAk_seg_001.wav,sZwq9VaEtAk,001,stuttering,clean_pool,a14e529e87b24e598f69c0df0aab1afaf3198c719428f06574f30d559c9e43bb,16000,1,2,48000,3.0,-26.19,0.3396,0.0
sZwq9VaEtAk_seg_002.wav,data/interim/segmented_clean_relaxed/stuttering/sZwq9VaEtAk_seg_002.wav,sZwq9VaEtAk,002,stuttering,clean_pool,16bc4578fd2dd38420ffc521e3fb76209b6e33e312d1dc292686acc692934327,16000,1,2,48000,3.0,-28.48,0.4936,0.0
sZwq9VaEtAk_seg_003.wav,data/interim/segmented_clean_relaxed/stuttering/sZwq9VaEtAk_seg_003.wav,sZwq9VaEtAk,003,stuttering,clean_pool,ed99c430bc54b30b5bf341ae779f0e00df1ca694d53815a5b370404ecb8429e5,16000,1,2,48000,3.0,-31.78,0.7519,0.0
sZwq9VaEtAk_seg_004.wav,data/interim/segmented_clean_relaxed/stuttering/sZwq9VaEtAk_seg_004.wav,sZwq9VaEtAk,004,stuttering,clean_pool,bb13a6ec887200e0f173cea501eabb17647b3f1dba6bcec26437d1c8713fcc7b,16000,1,2,48000,3.0,-25.28,0.237,0.0
sZwq9VaEtAk_seg_005.wav,data/interim/segmented_clean_relaxed/stuttering/sZwq9VaEtAk_seg_005.wav,sZwq9VaEtAk,005,stuttering,clean_pool,65e99fc9b5dcce57e479798c7363586439b508cd45c323a9ba37abac285b5783,16000,1,2,48000,3.0,-27.35,0.4296,0.0
sZwq9VaEtAk_seg_006.wav,data/interim/segmented_clean_relaxed/stuttering/sZwq9VaEtAk_seg_006.wav,sZwq9VaEtAk,006,stuttering,clean_pool,bff79de6eb01ea91fcb6af279aeab659c037eb276a3d7e8e1e820ec8a8013cc7,16000,1,2,48000,3.0,-27.78,0.4634,0.0
sZwq9VaEtAk_seg_007.wav,data/interim/segmented_clean_relaxed/stuttering/sZwq9VaEtAk_seg_007.wav,sZwq9VaEtAk,007,stuttering,clean_pool,31340f44e45afcef72445bf89ca59d10e52a32c8d208a86fc1a0969fa9d11107,16000,1,2,48000,3.0,-24.92,0.24,0.0
sZwq9VaEtAk_seg_008.wav,data/interim/segmented_clean_relaxed/stuttering/sZwq9VaEtAk_seg_008.wav,sZwq9VaEtAk,008,stuttering,clean_pool,833a281af68ef6b358e814225dc2519c53b5f7b2f9b75bffd000f1f51c1805cb,16000,1,2,48000,3.0,-30.42,0.4842,0.0
sZwq9VaEtAk_seg_009.wav,data/interim/segmented_clean_relaxed/stuttering/sZwq9VaEtAk_seg_009.wav,sZwq9VaEtAk,009,stuttering,clean_pool,17e99a7f5ffa1331a083a18e8c95e2496d9adc4106fac8a365c4fbc8958c5f92,16000,1,2,48000,3.0,-24.44,0.2448,0.0
sZwq9VaEtAk_seg_010.wav,data/interim/segmented_clean_relaxed/stuttering/sZwq9VaEtAk_seg_010.wav,sZwq9VaEtAk,010,stuttering,clean_pool,419e364c4d9032e44953cde68f106c24fc12dd5125ad44f3829cb4a0162f7545,16000,1,2,48000,3.0,-30.59,0.4863,0.0
sZwq9VaEtAk_seg_011.wav,data/interim/segmented_clean_relaxed/stuttering/sZwq9VaEtAk_seg_011.wav,sZwq9VaEtAk,011,stuttering,clean_pool,ca277be526bc2e83e5964c425bb01c60ee69a70942b9153e3da0a33589c4abf6,16000,1,2,48000,3.0,-26.32,0.4692,0.0
sZwq9VaEtAk_seg_012.wav,data/interim/segmented_clean_relaxed/stuttering/sZwq9VaEtAk_seg_012.wav,sZwq9VaEtAk,012,stuttering,clean_pool,0fdd0362f6aac8060d64648c3fec12a2013d84715788bc9c851705e0f573a131,16000,1,2,48000,3.0,-26.16,0.3246,0.0
sZwq9VaEtAk_seg_013.wav,data/interim/segmented_clean_relaxed/stuttering/sZwq9VaEtAk_seg_013.wav,sZwq9VaEtAk,013,stuttering,clean_pool,4a4567d9ad89a9e6662954b50cdf2ee8a13b233d9390d4e25c951ab0d7295636,16000,1,2,48000,3.0,-28.07,0.2739,0.0
sZwq9VaEtAk_seg_014.wav,data/interim/segmented_clean_relaxed/stuttering/sZwq9VaEtAk_seg_014.wav,sZwq9VaEtAk,014,stuttering,clean_pool,9e2e02763f3fd1af09e8117ceb936abdcdcb0a61e3070b2642daf9b8e813a1ac,16000,1,2,48000,3.0,-25.17,0.4746,0.0
sZwq9VaEtAk_seg_015.wav,data/interim/segmented_clean_relaxed/stuttering/sZwq9VaEtAk_seg_015.wav,sZwq9VaEtAk,015,stuttering,clean_pool,e7550d9dc13273ef16d9366f2d71fb2d4efe99310d44d676b4bb5174feec9dc6,16000,1,2,48000,3.0,-26.03,0.2751,0.0
sZwq9VaEtAk_seg_016.wav,data/interim/segmented_clean_relaxed/stuttering/sZwq9VaEtAk_seg_016.wav,sZwq9VaEtAk,016,stuttering,clean_pool,05b9f2378e2f21bafa6ebcc834b0f84f6576e9eba1b8f187df5cd901cf3cdb3d,16000,1,2,48000,3.0,-28.9,0.4876,0.0
sZwq9VaEtAk_seg_017.wav,data/interim/segmented_clean_relaxed/stuttering/sZwq9VaEtAk_seg_017.wav,sZwq9VaEtAk,017,stuttering,clean_pool,025946c16347e243c4f2124590e316dbbdc0e4af455f2ae119ed3f57063bc0c7,16000,1,2,48000,3.0,-24.71,0.2058,0.0
sZwq9VaEtAk_seg_018.wav,data/interim/segmented_clean_relaxed/stuttering/sZwq9VaEtAk_seg_018.wav,sZwq9VaEtAk,018,stuttering,clean_pool,cbc72f7df002ad9f2d7daa2434df349d3fcbd09c24d62d5bcf05e359361bd6e5,16000,1,2,48000,3.0,-26.91,0.3441,0.0
sZwq9VaEtAk_seg_019.wav,data/interim/segmented_clean_relaxed/stuttering/sZwq9VaEtAk_seg_019.wav,sZwq9VaEtAk,019,stuttering,clean_pool,7f32c16a69c85886903aa18573f9bc8e99404ecb084a18d4702d4515cd1b238d,16000,1,2,48000,3.0,-26.16,0.4145,0.0
sZwq9VaEtAk_seg_020.wav,data/interim/segmented_clean_relaxed/stuttering/sZwq9VaEtAk_seg_020.wav,sZwq9VaEtAk,020,stuttering,clean_pool,33c6ecadda62a70c82edb4671166e3b90155c6092fc5acf70f5b3d0777a485f1,16000,1,2,48000,3.0,-27.84,0.4745,0.0
sZwq9VaEtAk_seg_021.wav,data/interim/segmented_clean_relaxed/stuttering/sZwq9VaEtAk_seg_021.wav,sZwq9VaEtAk,021,stuttering,clean_pool,3ae4e245a7e90b374a54b4db71104697891063dcde66773b867b60ac2b78807e,16000,1,2,48000,3.0,-28.67,0.3028,0.0
sZwq9VaEtAk_seg_022.wav,data/interim/segmented_clean_relaxed/stuttering/sZwq9VaEtAk_seg_022.wav,sZwq9VaEtAk,022,stuttering,clean_pool,007f9c31ee6c732b62e5a6567d2a9888a3b8c0cb7321828bf4b70f2661cd4230,16000,1,2,48000,3.0,-28.95,0.6226,0.0
sZwq9VaEtAk_seg_023.wav,data/interim/segmented_clean_relaxed/stuttering/sZwq9VaEtAk_seg_023.wav,sZwq9VaEtAk,023,stuttering,clean_pool,fc403e25a0b227239e67643b910bbd68cdb04519904bbad79cdab0a61ef468b1,16000,1,2,48000,3.0,-25.41,0.3097,0.0
sZwq9VaEtAk_seg_024.wav,data/interim/segmented_clean_relaxed/stuttering/sZwq9VaEtAk_seg_024.wav,sZwq9VaEtAk,024,stuttering,clean_pool,8c03e20590224814bae117aad9e89f3b614aa01e5e718f86c75c636c96f79097,16000,1,2,48000,3.0,-31.53,0.6276,0.0
sZwq9VaEtAk_seg_025.wav,data/interim/segmented_clean_relaxed/stuttering/sZwq9VaEtAk_seg_025.wav,sZwq9VaEtAk,025,stuttering,clean_pool,15242948169606f41aae022b05010947314648e0a473923b4c7a6576d2c7d644,16000,1,2,48000,3.0,-29.08,0.6531,0.0
sZwq9VaEtAk_seg_026.wav,data/interim/segmented_clean_relaxed/stuttering/sZwq9VaEtAk_seg_026.wav,sZwq9VaEtAk,026,stuttering,clean_pool,862cf9aca2d7a32aae3a4a377c76c869bef557e5d0a618153171771d69c7973b,16000,1,2,48000,3.0,-25.44,0.1947,0.0
sZwq9VaEtAk_seg_027.wav,data/interim/segmented_clean_relaxed/stuttering/sZwq9VaEtAk_seg_027.wav,sZwq9VaEtAk,027,stuttering,clean_pool,e0a01a2f087400dd7b7d67954d58a7eb91c86a7f95920573f87d9c5c31ab3af9,16000,1,2,48000,3.0,-26.88,0.3356,0.0
sZwq9VaEtAk_seg_028.wav,data/interim/segmented_clean_relaxed/stuttering/sZwq9VaEtAk_seg_028.wav,sZwq9VaEtAk,028,stuttering,clean_pool,35e542b7b30f0cf6f93a5a1dbdeaa5886fb3813db23529789ba131476fbfb53a,16000,1,2,48000,3.0,-25.85,0.4342,0.0
sZwq9VaEtAk_seg_029.wav,data/interim/segmented_clean_relaxed/stuttering/sZwq9VaEtAk_seg_029.wav,sZwq9VaEtAk,029,stuttering,clean_pool,b62060b7521c6b757b02051c2aafa9962ed1a7c19f966aba7276b10dc60032d2,16000,1,2,48000,3.0,-25.1,0.3146,0.0
sZwq9VaEtAk_seg_030.wav,data/interim/segmented_clean_relaxed/stuttering/sZwq9VaEtAk_seg_030.wav,sZwq9VaEtAk,030,stuttering,clean_pool,fcbe12883ba6360a2af228924c11eb0bf64f2e5d1cba03f0dc4e422f70c49b5c,16000,1,2,48000,3.0,-26.71,0.4072,0.0
sZwq9VaEtAk_seg_031.wav,data/interim/segmented_clean_relaxed/stuttering/sZwq9VaEtAk_seg_031.wav,sZwq9VaEtAk,031,stuttering,clean_pool,b4671377006e4abd1fca43d83af98ed6651a84bc31eb767f996fff9de9161e7f,16000,1,2,48000,3.0,-25.53,0.3521,0.0
sZwq9VaEtAk_seg_032.wav,data/interim/segmented_clean_relaxed/stuttering/sZwq9VaEtAk_seg_032.wav,sZwq9VaEtAk,032,stuttering,clean_pool,33fa411582d60018b7d8f0addd3de15dbe1c76f3453c958f6f6f34cd58344e76,16000,1,2,48000,3.0,-26.21,0.4696,0.0
sZwq9VaEtAk_seg_033.wav,data/interim/segmented_clean_relaxed/stuttering/sZwq9VaEtAk_seg_033.wav,sZwq9VaEtAk,033,stuttering,clean_pool,b0b3c8892a8a238d228ed5e1c0a1aecf9b05efc320d90f5f0960d7a828ae081a,16000,1,2,48000,3.0,-26.09,0.4524,0.0
sZwq9VaEtAk_seg_034.wav,data/interim/segmented_clean_relaxed/stuttering/sZwq9VaEtAk_seg_034.wav,sZwq9VaEtAk,034,stuttering,clean_pool,891e8b2162865d5ed74d13677f76c5dcbc5f64f73a8110615c49c74793e3ef81,16000,1,2,48000,3.0,-28.83,0.3749,0.0
sZwq9VaEtAk_seg_035.wav,data/interim/segmented_clean_relaxed/stuttering/sZwq9VaEtAk_seg_035.wav,sZwq9VaEtAk,035,stuttering,clean_pool,e31ec687aa6c48cbbe3d322c8e8850140e8b66161d67527c56c9a915c203db0b,16000,1,2,48000,3.0,-27.49,0.3899,0.0
sZwq9VaEtAk_seg_036.wav,data/interim/segmented_clean_relaxed/stuttering/sZwq9VaEtAk_seg_036.wav,sZwq9VaEtAk,036,stuttering,clean_pool,6c5c4886297391b4a7ce23e02558ad311655bf8974d289d37bb000a9f19256ce,16000,1,2,48000,3.0,-27.93,0.5082,0.0
sZwq9VaEtAk_seg_037.wav,data/interim/segmented_clean_relaxed/stuttering/sZwq9VaEtAk_seg_037.wav,sZwq9VaEtAk,037,stuttering,clean_pool,17b66b5ceb2a953b1fec4f1e806886a03339182a83023c0f098b1917bbebf282,16000,1,2,48000,3.0,-27.89,0.451,0.0
sZwq9VaEtAk_seg_038.wav,data/interim/segmented_clean_relaxed/stuttering/sZwq9VaEtAk_seg_038.wav,sZwq9VaEtAk,038,stuttering,clean_pool,43da6a40366c9cd78fb582146b59082e222de44105bcdeca31c5d983868e890c,16000,1,2,48000,3.0,-27.98,0.4629,0.0
sZwq9VaEtAk_seg_039.wav,data/interim/segmented_clean_relaxed/stuttering/sZwq9VaEtAk_seg_039.wav,sZwq9VaEtAk,039,stuttering,clean_pool,37612f18e395c5b1757cba24db23e28c1f6e009c9720e5cf238e725f2c0e05dc,16000,1,2,48000,3.0,-23.51,0.3716,0.0
sZwq9VaEtAk_seg_040.wav,data/interim/segmented_clean_relaxed/stuttering/sZwq9VaEtAk_seg_040.wav,sZwq9VaEtAk,040,stuttering,clean_pool,70a1359721dfb1e65af9efe04d5d46599f40a78531442513ed76dfd95b4700e1,16000,1,2,48000,3.0,-26.04,0.3807,0.0
sZwq9VaEtAk_seg_041.wav,data/interim/segmented_clean_relaxed/stuttering/sZwq9VaEtAk_seg_041.wav,sZwq9VaEtAk,041,stuttering,clean_pool,022d606f5aa99b943e5dfb8f16f04ade4aa934f5f75760af6605e601de48aca7,16000,1,2,48000,3.0,-25.82,0.398,0.0
sZwq9VaEtAk_seg_042.wav,data/interim/segmented_clean_relaxed/stuttering/sZwq9VaEtAk_seg_042.wav,sZwq9VaEtAk,042,stuttering,clean_pool,1b4c187c85d670fa99af767c2d6ad4c9de1804f248dad13e6d7989139e81222b,16000,1,2,48000,3.0,-27.43,0.434,0.0
sZwq9VaEtAk_seg_043.wav,data/interim/segmented_clean_relaxed/stuttering/sZwq9VaEtAk_seg_043.wav,sZwq9VaEtAk,043,stuttering,clean_pool,72e09ea917ea56fcc192d0d73b1bc13e4ce5cbe3f80aebcc132b69166b9fa894,16000,1,2,48000,3.0,-25.34,0.4011,0.0
sZwq9VaEtAk_seg_044.wav,data/interim/segmented_clean_relaxed/stuttering/sZwq9VaEtAk_seg_044.wav,sZwq9VaEtAk,044,stuttering,clean_pool,aeeb86dbf60cebd0bdfe88bf2b8ed859b420d8a61ecef835f68d63db21d658fa,16000,1,2,48000,3.0,-27.05,0.4162,0.0
sZwq9VaEtAk_seg_045.wav,data/interim/segmented_clean_relaxed/stuttering/sZwq9VaEtAk_seg_045.wav,sZwq9VaEtAk,045,stuttering,clean_pool,5d9b62000b5a562d710c908c0f79e0d0e728a4addef5433b0aeae7a5812fa319,16000,1,2,48000,3.0,-25.66,0.3589,0.0
sZwq9VaEtAk_seg_046.wav,data/interim/segmented_clean_relaxed/stuttering/sZwq9VaEtAk_seg_046.wav,sZwq9VaEtAk,046,stuttering,clean_pool,be59553cb8aee412da010112776660d2f06632fd947640fc0bb3494bc5d50380,16000,1,2,48000,3.0,-27.47,0.6259,0.0
sZwq9VaEtAk_seg_047.wav,data/interim/segmented_clean_relaxed/stuttering/sZwq9VaEtAk_seg_047.wav,sZwq9VaEtAk,047,stuttering,clean_pool,37e94a5a05b16387242779cf07d47aac80948506d058ca9b4b1d1922c48f857e,16000,1,2,48000,3.0,-28.0,0.4623,0.0
sZwq9VaEtAk_seg_048.wav,data/interim/segmented_clean_relaxed/stuttering/sZwq9VaEtAk_seg_048.wav,sZwq9VaEtAk,048,stuttering,clean_pool,0f1e0211dbfecd4eb184579d95fa2c809a780198affb75d683e2dafd3ecb4628,16000,1,2,48000,3.0,-24.59,0.2342,0.0
sZwq9VaEtAk_seg_049.wav,data/interim/segmented_clean_relaxed/stuttering/sZwq9VaEtAk_seg_049.wav,sZwq9VaEtAk,049,stuttering,clean_pool,13aa7d0b2651abd8cd7a76929be28e10d8e8d3d454bc530b483d69f1c1801948,16000,1,2,48000,3.0,-28.78,0.4206,0.0
sZwq9VaEtAk_seg_050.wav,data/interim/segmented_clean_relaxed/stuttering/sZwq9VaEtAk_seg_050.wav,sZwq9VaEtAk,050,stuttering,clean_pool,da3863f562ec3819c9c84709222190de93eea014e5dff79f9b751ffeee886a91,16000,1,2,48000,3.0,-27.49,0.2362,0.0
sZwq9VaEtAk_seg_051.wav,data/interim/segmented_clean_relaxed/stuttering/sZwq9VaEtAk_seg_051.wav,sZwq9VaEtAk,051,stuttering,clean_pool,0bf3f8710c8978f46bdb7c3933853dd6a4f39c7b3a93f8a15969d21dfa588b34,16000,1,2,48000,3.0,-29.84,0.47,0.0
sZwq9VaEtAk_seg_052.wav,data/interim/segmented_clean_relaxed/stuttering/sZwq9VaEtAk_seg_052.wav,sZwq9VaEtAk,052,stuttering,clean_pool,20efe341f1eb296b43b56ec8955d8bb597cb11ad71bc51c4ce7465d72117f994,16000,1,2,48000,3.0,-26.99,0.3112,0.0
sZwq9VaEtAk_seg_053.wav,data/interim/segmented_clean_relaxed/stuttering/sZwq9VaEtAk_seg_053.wav,sZwq9VaEtAk,053,stuttering,clean_pool,23b091f57784f9e0e8b07dbf0168783fa109546533ddd1a860de98dfb068c642,16000,1,2,48000,3.0,-30.82,0.6105,0.0
sZwq9VaEtAk_seg_054.wav,data/interim/segmented_clean_relaxed/stuttering/sZwq9VaEtAk_seg_054.wav,sZwq9VaEtAk,054,stuttering,clean_pool,89b1a6cb41c1aae3543634f1ba0b9fbbf72dddc8cb4e112eb7b7cb7b188f9138,16000,1,2,48000,3.0,-27.39,0.4517,0.0
sZwq9VaEtAk_seg_055.wav,data/interim/segmented_clean_relaxed/stuttering/sZwq9VaEtAk_seg_055.wav,sZwq9VaEtAk,055,stuttering,clean_pool,880617c8b6e7bf19bb6ecce47c07c01bd3a1e11026aabadcc84c906e59d9f720,16000,1,2,48000,3.0,-26.38,0.4628,0.0
sZwq9VaEtAk_seg_056.wav,data/interim/segmented_clean_relaxed/stuttering/sZwq9VaEtAk_seg_056.wav,sZwq9VaEtAk,056,stuttering,clean_pool,b7a46032d07be707a7ce23391a411456b2b23eee353f0ae79a63eb52dec4a97e,16000,1,2,48000,3.0,-28.79,0.5003,0.0
sZwq9VaEtAk_seg_057.wav,data/interim/segmented_clean_relaxed/stuttering/sZwq9VaEtAk_seg_057.wav,sZwq9VaEtAk,057,stuttering,clean_pool,03a9206108743cff2e3bd40f605648494a98c0f0ac7e0d80017ca34cc12caa57,16000,1,2,48000,3.0,-25.52,0.6474,0.0
sZwq9VaEtAk_seg_058.wav,data/interim/segmented_clean_relaxed/stuttering/sZwq9VaEtAk_seg_058.wav,sZwq9VaEtAk,058,stuttering,clean_pool,432bd076747cdd0c8055446c64370dd9b1d344f69174204cc5f1a74551538d32,16000,1,2,48000,3.0,-26.65,0.7836,0.0
sZwq9VaEtAk_seg_059.wav,data/interim/segmented_clean_relaxed/stuttering/sZwq9VaEtAk_seg_059.wav,sZwq9VaEtAk,059,stuttering,clean_pool,86583e0090f738cc82acd268fe2dac108544dc3bc81507ee23bdacb7d692830b,16000,1,2,48000,3.0,-26.58,0.506,0.0
sZwq9VaEtAk_seg_060.wav,data/interim/segmented_clean_relaxed/stuttering/sZwq9VaEtAk_seg_060.wav,sZwq9VaEtAk,060,stuttering,clean_pool,a6d39114f0ee04057e2037259d96205ba2bd4a24649a0a0b5330b89548869eec,16000,1,2,48000,3.0,-26.61,0.4849,0.0
sZwq9VaEtAk_seg_061.wav,data/interim/segmented_clean_relaxed/stuttering/sZwq9VaEtAk_seg_061.wav,sZwq9VaEtAk,061,stuttering,clean_pool,470bc72ad54671f290367c7366d42810c453c1807b980d925a725dc6bbbb9b09,16000,1,2,48000,3.0,-27.19,0.3502,0.0
sZwq9VaEtAk_seg_062.wav,data/interim/segmented_clean_relaxed/stuttering/sZwq9VaEtAk_seg_062.wav,sZwq9VaEtAk,062,stuttering,clean_pool,0011c48870ed6a9498d91aadaec4383bdc7a093bf288af9f0f258913c8509994,16000,1,2,48000,3.0,-28.24,0.6026,0.0
sZwq9VaEtAk_seg_063.wav,data/interim/segmented_clean_relaxed/stuttering/sZwq9VaEtAk_seg_063.wav,sZwq9VaEtAk,063,stuttering,clean_pool,059c7be7ff50aec2184d3d8025c6b8f79329e79b6e424b344213bb0ad8596b4e,16000,1,2,48000,3.0,-26.34,0.6267,0.0
sZwq9VaEtAk_seg_064.wav,data/interim/segmented_clean_relaxed/stuttering/sZwq9VaEtAk_seg_064.wav,sZwq9VaEtAk,064,stuttering,clean_pool,c33247db84591b471a71962adb0d6c698a22e91a8e4f416946abaa01a748de6f,16000,1,2,48000,3.0,-26.32,0.449,0.0
sZwq9VaEtAk_seg_065.wav,data/interim/segmented_clean_relaxed/stuttering/sZwq9VaEtAk_seg_065.wav,sZwq9VaEtAk,065,stuttering,clean_pool,6f5324951f2f77a8a14c8ab71ce3f58f536eb5628b075490a432af067e04b030,16000,1,2,48000,3.0,-25.39,0.54,0.0
sZwq9VaEtAk_seg_067.wav,data/interim/segmented_clean_relaxed/stuttering/sZwq9VaEtAk_seg_067.wav,sZwq9VaEtAk,067,stuttering,clean_pool,3771dde31ff98f00ebab4090871dab9881293498c913c456750a58cc1370b48b,16000,1,2,48000,3.0,-25.81,0.3782,0.0
sZwq9VaEtAk_seg_068.wav,data/interim/segmented_clean_relaxed/stuttering/sZwq9VaEtAk_seg_068.wav,sZwq9VaEtAk,068,stuttering,clean_pool,273c5120cce94f416c6400bd8be9e7d7983afdf23628c3cf00ef7250d68e8d5a,16000,1,2,48000,3.0,-25.7,0.3518,0.0
sZwq9VaEtAk_seg_069.wav,data/interim/segmented_clean_relaxed/stuttering/sZwq9VaEtAk_seg_069.wav,sZwq9VaEtAk,069,stuttering,clean_pool,bfc7fe65231ed7940046ac6e2bb677dbc3b5819e6eaa2d496372fcca38bcacc2,16000,1,2,48000,3.0,-27.89,0.596,0.0
sZwq9VaEtAk_seg_070.wav,data/interim/segmented_clean_relaxed/stuttering/sZwq9VaEtAk_seg_070.wav,sZwq9VaEtAk,070,stuttering,clean_pool,70cbba40120252b0cb8210c1e6796dce4d20643f870f3bb4e10d5f3ce5c67227,16000,1,2,48000,3.0,-29.7,0.6362,0.0
sZwq9VaEtAk_seg_071.wav,data/interim/segmented_clean_relaxed/stuttering/sZwq9VaEtAk_seg_071.wav,sZwq9VaEtAk,071,stuttering,clean_pool,1cc50549715b219e8fe62361dbebba3d8b107a01bc0a175c1352552eca787e4c,16000,1,2,48000,3.0,-24.29,0.3579,0.0
sZwq9VaEtAk_seg_072.wav,data/interim/segmented_clean_relaxed/stuttering/sZwq9VaEtAk_seg_072.wav,sZwq9VaEtAk,072,stuttering,clean_pool,b747c33cb6d6f31c42f47da34486586859532853a8404ba68e76bac5e9f92751,16000,1,2,48000,3.0,-24.03,0.376,0.0
sZwq9VaEtAk_seg_073.wav,data/interim/segmented_clean_relaxed/stuttering/sZwq9VaEtAk_seg_073.wav,sZwq9VaEtAk,073,stuttering,clean_pool,0a761c3ae03f4da708c8d9a2ab898e16b79816c62b225c445b5d6aff06ca1e2d,16000,1,2,48000,3.0,-26.35,0.53,0.0
sZwq9VaEtAk_seg_074.wav,data/interim/segmented_clean_relaxed/stuttering/sZwq9VaEtAk_seg_074.wav,sZwq9VaEtAk,074,stuttering,clean_pool,ed48af8db9a111ec2f38ba4b7f8da3a4b2e5d4f492da5646bb7b91ec9b2439c6,16000,1,2,48000,3.0,-25.59,0.3301,0.0
sZwq9VaEtAk_seg_075.wav,data/interim/segmented_clean_relaxed/stuttering/sZwq9VaEtAk_seg_075.wav,sZwq9VaEtAk,075,stuttering,clean_pool,7c5891b1911f03ef1884b8619c5af6ef0d3bfaa73963ea104dc762632f35c359,16000,1,2,48000,3.0,-25.09,0.4834,0.0
sZwq9VaEtAk_seg_076.wav,data/interim/segmented_clean_relaxed/stuttering/sZwq9VaEtAk_seg_076.wav,sZwq9VaEtAk,076,stuttering,clean_pool,91fc092ea49ded1ab72268eea7b6e80ba1c7655426d6566fb70377eedf4340b4,16000,1,2,48000,3.0,-27.31,0.5539,0.0
sZwq9VaEtAk_seg_077.wav,data/interim/segmented_clean_relaxed/stuttering/sZwq9VaEtAk_seg_077.wav,sZwq9VaEtAk,077,stuttering,clean_pool,7a851492d69046565e07bae7eb7f521b6b7266fb2ee338a31e75665cf5b98c40,16000,1,2,48000,3.0,-25.53,0.4168,0.0
sZwq9VaEtAk_seg_078.wav,data/interim/segmented_clean_relaxed/stuttering/sZwq9VaEtAk_seg_078.wav,sZwq9VaEtAk,078,stuttering,clean_pool,089a342eb73532c5d67c9e54c540f6a72103644aaac82b0c8fc668b7bd6f7d45,16000,1,2,48000,3.0,-25.91,0.5715,0.0
sZwq9VaEtAk_seg_079.wav,data/interim/segmented_clean_relaxed/stuttering/sZwq9VaEtAk_seg_079.wav,sZwq9VaEtAk,079,stuttering,clean_pool,5464d3f4b8811e3050aac728cc2985bc62261055b8b376b1abc3e7aedb9ad8f1,16000,1,2,48000,3.0,-27.98,0.5442,0.0
sZwq9VaEtAk_seg_080.wav,data/interim/segmented_clean_relaxed/stuttering/sZwq9VaEtAk_seg_080.wav,sZwq9VaEtAk,080,stuttering,clean_pool,905a1c619fd7580ddf65add7b61114e3f9b66f8f87789bdeedde55d2ff7a1c1c,16000,1,2,48000,3.0,-24.8,0.5984,0.0
sZwq9VaEtAk_seg_081.wav,data/interim/segmented_clean_relaxed/stuttering/sZwq9VaEtAk_seg_081.wav,sZwq9VaEtAk,081,stuttering,clean_pool,afa521298cf50161f85c5eeb9ea6f5c8433dbacad6552c9457f9725378b4392d,16000,1,2,48000,3.0,-24.39,0.1918,0.0
sZwq9VaEtAk_seg_082.wav,data/interim/segmented_clean_relaxed/stuttering/sZwq9VaEtAk_seg_082.wav,sZwq9VaEtAk,082,stuttering,clean_pool,76a4622201f21508ba0d86fbc17f9ce586ac02a55e6e965ed6d27d5380214cbf,16000,1,2,48000,3.0,-25.74,0.3507,0.0
sZwq9VaEtAk_seg_083.wav,data/interim/segmented_clean_relaxed/stuttering/sZwq9VaEtAk_seg_083.wav,sZwq9VaEtAk,083,stuttering,clean_pool,07150414278af62c0fb14abd0027e89d24c9468a083a64d3faa146ef0785e4c8,16000,1,2,48000,3.0,-25.77,0.2886,0.0
sZwq9VaEtAk_seg_084.wav,data/interim/segmented_clean_relaxed/stuttering/sZwq9VaEtAk_seg_084.wav,sZwq9VaEtAk,084,stuttering,clean_pool,d9b1d1d5cc9f5eac39cc86a4e255e83820c2d4e4f8bf13eda0ef6330b575aa28,16000,1,2,48000,3.0,-26.25,0.2205,0.0
sZwq9VaEtAk_seg_085.wav,data/interim/segmented_clean_relaxed/stuttering/sZwq9VaEtAk_seg_085.wav,sZwq9VaEtAk,085,stuttering,clean_pool,30f3395de519a5fb4bbda2587be226d6352f528fc8c1f5d3a379480f1267a34d,16000,1,2,48000,3.0,-25.2,0.4323,0.0
sZwq9VaEtAk_seg_086.wav,data/interim/segmented_clean_relaxed/stuttering/sZwq9VaEtAk_seg_086.wav,sZwq9VaEtAk,086,stuttering,clean_pool,aeb93f5e6ac6ac68a849667810fdb037527e0ad6c1c4fee85b70382da3fb7df3,16000,1,2,48000,3.0,-26.81,0.46,0.0
sZwq9VaEtAk_seg_087.wav,data/interim/segmented_clean_relaxed/stuttering/sZwq9VaEtAk_seg_087.wav,sZwq9VaEtAk,087,stuttering,clean_pool,fae2e8844a5e41365b528f03e72cf9a2e3396eab527debc23002b23164155b7c,16000,1,2,48000,3.0,-24.22,0.2093,0.0
sZwq9VaEtAk_seg_088.wav,data/interim/segmented_clean_relaxed/stuttering/sZwq9VaEtAk_seg_088.wav,sZwq9VaEtAk,088,stuttering,clean_pool,94fa99f41d72d2f3ba726087b208d0b2ac819f6d0f7782cfb4608438d442bceb,16000,1,2,48000,3.0,-25.03,0.4861,0.0
sZwq9VaEtAk_seg_089.wav,data/interim/segmented_clean_relaxed/stuttering/sZwq9VaEtAk_seg_089.wav,sZwq9VaEtAk,089,stuttering,clean_pool,52383bbe2bb042b55ade6116c52d0f32007114a5bc8ff474ee6c00e43a2f08b7,16000,1,2,48000,3.0,-26.61,0.2761,0.0
sZwq9VaEtAk_seg_090.wav,data/interim/segmented_clean_relaxed/stuttering/sZwq9VaEtAk_seg_090.wav,sZwq9VaEtAk,090,stuttering,clean_pool,f2ac289e3b345b9fdc608a70b9733eea578f47100936b0af6ed9d4097fa544f0,16000,1,2,48000,3.0,-26.11,0.3841,0.0
sZwq9VaEtAk_seg_091.wav,data/interim/segmented_clean_relaxed/stuttering/sZwq9VaEtAk_seg_091.wav,sZwq9VaEtAk,091,stuttering,clean_pool,e6e8387fb3210f4870e9d797bd7f3c1ccbf36d2c78ff026890fb23853cd4eff1,16000,1,2,48000,3.0,-27.52,0.463,0.0
sZwq9VaEtAk_seg_092.wav,data/interim/segmented_clean_relaxed/stuttering/sZwq9VaEtAk_seg_092.wav,sZwq9VaEtAk,092,stuttering,clean_pool,c67cf7868429a5736abd5f8ebf1f85b6cf14ff7addca20f28180d14986651b7b,16000,1,2,48000,3.0,-25.68,0.5247,0.0
sZwq9VaEtAk_seg_093.wav,data/interim/segmented_clean_relaxed/stuttering/sZwq9VaEtAk_seg_093.wav,sZwq9VaEtAk,093,stuttering,clean_pool,5f6549048564aa0aba0ba29aa75a5778aed8096a745ce6a0c34e6682e3e68633,16000,1,2,48000,3.0,-24.88,0.3356,0.0
sZwq9VaEtAk_seg_094.wav,data/interim/segmented_clean_relaxed/stuttering/sZwq9VaEtAk_seg_094.wav,sZwq9VaEtAk,094,stuttering,clean_pool,fcd52832a81ef23b9ac934c62d970596064fdc6af3afe2284e0753026df5ab74,16000,1,2,48000,3.0,-26.41,0.4796,0.0
sZwq9VaEtAk_seg_095.wav,data/interim/segmented_clean_relaxed/stuttering/sZwq9VaEtAk_seg_095.wav,sZwq9VaEtAk,095,stuttering,clean_pool,4732c2e55673a62da56fddfd8407a62002adc92dd7fbd9798ada809847436ad7,16000,1,2,48000,3.0,-25.11,0.464,0.0
sZwq9VaEtAk_seg_096.wav,data/interim/segmented_clean_relaxed/stuttering/sZwq9VaEtAk_seg_096.wav,sZwq9VaEtAk,096,stuttering,clean_pool,1125a88880ccb4566526506b0c76ed7a59db8f1bc79c7f9b5d9ef7e283d2f4a2,16000,1,2,48000,3.0,-24.02,0.1951,0.0
sZwq9VaEtAk_seg_097.wav,data/interim/segmented_clean_relaxed/stuttering/sZwq9VaEtAk_seg_097.wav,sZwq9VaEtAk,097,stuttering,clean_pool,1fc982ca6269fa489f7944723833925a4f33491ab94d6c678cf3a38f7540fa16,16000,1,2,48000,3.0,-24.02,0.3202,0.0
sZwq9VaEtAk_seg_098.wav,data/interim/segmented_clean_relaxed/stuttering/sZwq9VaEtAk_seg_098.wav,sZwq9VaEtAk,098,stuttering,clean_pool,52a54eb1c6a10b9928bf7e3bab7e20870f10bcbb81fa10cffe7dcfafa47b5df9,16000,1,2,48000,3.0,-27.0,0.3525,0.0
sZwq9VaEtAk_seg_099.wav,data/interim/segmented_clean_relaxed/stuttering/sZwq9VaEtAk_seg_099.wav,sZwq9VaEtAk,099,stuttering,clean_pool,d2a7dddb19cb2d6ebf0259a331b8a7b204057fd0d6bfd17963a96a3fb5d89011,16000,1,2,48000,3.0,-30.2,0.7912,0.0
sZwq9VaEtAk_seg_100.wav,data/interim/segmented_clean_relaxed/stuttering/sZwq9VaEtAk_seg_100.wav,sZwq9VaEtAk,100,stuttering,clean_pool,8864199418cef61624f11521df0fd043e47f4731d7f41a488c0552c04a7a1e7a,16000,1,2,48000,3.0,-26.14,0.708,0.0
sZwq9VaEtAk_seg_101.wav,data/interim/segmented_clean_relaxed/stuttering/sZwq9VaEtAk_seg_101.wav,sZwq9VaEtAk,101,stuttering,clean_pool,08b52bc062abb2d5cd53f79badfc383c41c4ef4f99d0881d976408594af01e1d,16000,1,2,48000,3.0,-23.74,0.3882,0.0
sZwq9VaEtAk_seg_102.wav,data/interim/segmented_clean_relaxed/stuttering/sZwq9VaEtAk_seg_102.wav,sZwq9VaEtAk,102,stuttering,clean_pool,7437048a4bad1a1ac00e1c382c5639a7e60ac3669fcfcff2a670d6ce7ea12b43,16000,1,2,48000,3.0,-24.54,0.3686,0.0
sZwq9VaEtAk_seg_103.wav,data/interim/segmented_clean_relaxed/stuttering/sZwq9VaEtAk_seg_103.wav,sZwq9VaEtAk,103,stuttering,clean_pool,050be2f0850846a3be71b53b6461a7c539ed2f6e8f881557d59b0f656a4df077,16000,1,2,48000,3.0,-28.14,0.6772,0.0
sZwq9VaEtAk_seg_104.wav,data/interim/segmented_clean_relaxed/stuttering/sZwq9VaEtAk_seg_104.wav,sZwq9VaEtAk,104,stuttering,clean_pool,9b10fe6e7097b282a0ca0290cd5663397dd9a491338870f454fd57122a4b7ea6,16000,1,2,48000,3.0,-28.51,0.7586,0.0
sZwq9VaEtAk_seg_105.wav,data/interim/segmented_clean_relaxed/stuttering/sZwq9VaEtAk_seg_105.wav,sZwq9VaEtAk,105,stuttering,clean_pool,4846c78adb3fcde774e4735db0073ea4d5d5d85cc603a76ee1b4d8f9df80b1fb,16000,1,2,48000,3.0,-23.73,0.2855,0.0
sZwq9VaEtAk_seg_106.wav,data/interim/segmented_clean_relaxed/stuttering/sZwq9VaEtAk_seg_106.wav,sZwq9VaEtAk,106,stuttering,clean_pool,db949ce1439ee5598d49986e367173726cf494411ff2a145aea0281ff0ba821d,16000,1,2,48000,3.0,-24.37,0.3072,0.0
sZwq9VaEtAk_seg_107.wav,data/interim/segmented_clean_relaxed/stuttering/sZwq9VaEtAk_seg_107.wav,sZwq9VaEtAk,107,stuttering,clean_pool,0ae99dfe8a2b2f5047644fba6a1fce730b5c41e2f50226d9ffad0af7c4f4ac01,16000,1,2,48000,3.0,-26.77,0.4771,0.0
sZwq9VaEtAk_seg_108.wav,data/interim/segmented_clean_relaxed/stuttering/sZwq9VaEtAk_seg_108.wav,sZwq9VaEtAk,108,stuttering,clean_pool,88da31d80b7dddd41ebedf2d6faf393064b6207f353e38d546ebe2808e99f3bb,16000,1,2,48000,3.0,-23.69,0.522,0.0
sZwq9VaEtAk_seg_109.wav,data/interim/segmented_clean_relaxed/stuttering/sZwq9VaEtAk_seg_109.wav,sZwq9VaEtAk,109,stuttering,clean_pool,c46380329fefc802cc62cade296bfc9de1aa9b3904fb38b5be57698cb276080d,16000,1,2,48000,3.0,-25.17,0.3349,0.0
sZwq9VaEtAk_seg_110.wav,data/interim/segmented_clean_relaxed/stuttering/sZwq9VaEtAk_seg_110.wav,sZwq9VaEtAk,110,stuttering,clean_pool,9ddb4f049911d8753e3e778e2e584161cfceb960835ec7d34b87ed2d6688f5c3,16000,1,2,48000,3.0,-23.81,0.3299,0.0
sZwq9VaEtAk_seg_111.wav,data/interim/segmented_clean_relaxed/stuttering/sZwq9VaEtAk_seg_111.wav,sZwq9VaEtAk,111,stuttering,clean_pool,26d56646eee93adbff060910c441ec3a589bacf74858620eaab319f08cb23840,16000,1,2,48000,3.0,-26.93,0.5304,0.0
sZwq9VaEtAk_seg_112.wav,data/interim/segmented_clean_relaxed/stuttering/sZwq9VaEtAk_seg_112.wav,sZwq9VaEtAk,112,stuttering,clean_pool,2a4f92f545a2ac4667e2a7b03c3459ec0bbd20622d9f0c22a60ff71f7c4371c1,16000,1,2,48000,3.0,-22.4,0.2325,0.0
sZwq9VaEtAk_seg_113.wav,data/interim/segmented_clean_relaxed/stuttering/sZwq9VaEtAk_seg_113.wav,sZwq9VaEtAk,113,stuttering,clean_pool,03bc94742e18305f36bce7c749d43b7878d6698acb85091a169515c3b387b23d,16000,1,2,48000,3.0,-24.23,0.2481,0.0
sZwq9VaEtAk_seg_114.wav,data/interim/segmented_clean_relaxed/stuttering/sZwq9VaEtAk_seg_114.wav,sZwq9VaEtAk,114,stuttering,clean_pool,ac5273b5cbc0546a85a096a1cf5b5fe099b7d890afa1733c8bc8b4dc6bb6062c,16000,1,2,48000,3.0,-22.77,0.2873,0.0
sZwq9VaEtAk_seg_115.wav,data/interim/segmented_clean_relaxed/stuttering/sZwq9VaEtAk_seg_115.wav,sZwq9VaEtAk,115,stuttering,clean_pool,fc16651c0699daea0bd28f7840cfded5ca30f9e7eb326b47505be8bbd0a5fce0,16000,1,2,48000,3.0,-25.69,0.2115,0.0
sZwq9VaEtAk_seg_116.wav,data/interim/segmented_clean_relaxed/stuttering/sZwq9VaEtAk_seg_116.wav,sZwq9VaEtAk,116,stuttering,clean_pool,44cca43dc1c902a41a4e8251decd85eda06087058196d36dd67068057d22b1ac,16000,1,2,48000,3.0,-26.58,0.4758,0.0
sZwq9VaEtAk_seg_117.wav,data/interim/segmented_clean_relaxed/stuttering/sZwq9VaEtAk_seg_117.wav,sZwq9VaEtAk,117,stuttering,clean_pool,4df665ec79b28bb0d1a3385ca7c7aa1e585794e3e14db97441bcf1dbe64b16fc,16000,1,2,48000,3.0,-27.92,0.6525,0.0
sZwq9VaEtAk_seg_118.wav,data/interim/segmented_clean_relaxed/stuttering/sZwq9VaEtAk_seg_118.wav,sZwq9VaEtAk,118,stuttering,clean_pool,abd953fc96a741fd6c39a1223b4ac99c3111cff40c9463ae48e027e462939515,16000,1,2,48000,3.0,-25.12,0.4114,0.0
sZwq9VaEtAk_seg_119.wav,data/interim/segmented_clean_relaxed/stuttering/sZwq9VaEtAk_seg_119.wav,sZwq9VaEtAk,119,stuttering,clean_pool,7bbcb8fca9e1f1e6fd9e7ce7dfc9e3be20eff02884564c9925f87b72d7c8e6d0,16000,1,2,48000,3.0,-25.23,0.5671,0.0
sZwq9VaEtAk_seg_120.wav,data/interim/segmented_clean_relaxed/stuttering/sZwq9VaEtAk_seg_120.wav,sZwq9VaEtAk,120,stuttering,clean_pool,1281271ef1577dc81ca4a7901a86dc5e4459e03d8f423615cb6ade8fd2e7af66,16000,1,2,48000,3.0,-27.61,0.4653,0.0
sZwq9VaEtAk_seg_121.wav,data/interim/segmented_clean_relaxed/stuttering/sZwq9VaEtAk_seg_121.wav,sZwq9VaEtAk,121,stuttering,clean_pool,5444f04ce68c404d04af5a34236dc16de7d42486b05b8c6d06fe6fba56bd351f,16000,1,2,48000,3.0,-26.44,0.4993,0.0
sZwq9VaEtAk_seg_122.wav,data/interim/segmented_clean_relaxed/stuttering/sZwq9VaEtAk_seg_122.wav,sZwq9VaEtAk,122,stuttering,clean_pool,2e024b603114d4f21900b3a3afa09221dc416284b207a2db72f6e35b601e9c1c,16000,1,2,48000,3.0,-26.25,0.2685,0.0
sZwq9VaEtAk_seg_123.wav,data/interim/segmented_clean_relaxed/stuttering/sZwq9VaEtAk_seg_123.wav,sZwq9VaEtAk,123,stuttering,clean_pool,ce71bcf695c950eb42c5daa17686e89382464dd973788374e19b0036f2af2326,16000,1,2,48000,3.0,-26.7,0.6277,0.0
sZwq9VaEtAk_seg_124.wav,data/interim/segmented_clean_relaxed/stuttering/sZwq9VaEtAk_seg_124.wav,sZwq9VaEtAk,124,stuttering,clean_pool,00ea34859743be19826f57ef51dbe9eb9b68c71ae5cac827f85ecb45d88ef01c,16000,1,2,48000,3.0,-24.71,0.2668,0.0
sZwq9VaEtAk_seg_125.wav,data/interim/segmented_clean_relaxed/stuttering/sZwq9VaEtAk_seg_125.wav,sZwq9VaEtAk,125,stuttering,clean_pool,b5d296f556ef2d46f97832a391a3cb0e054c15db8c2d95eb96c5cb8aee99265f,16000,1,2,48000,3.0,-24.88,0.3832,0.0
sZwq9VaEtAk_seg_126.wav,data/interim/segmented_clean_relaxed/stuttering/sZwq9VaEtAk_seg_126.wav,sZwq9VaEtAk,126,stuttering,clean_pool,bc41eaa8d2f3eb76dd33c744cb59ebfc358341b28aa284d176984a46f0b4296b,16000,1,2,48000,3.0,-23.72,0.3354,0.0
sZwq9VaEtAk_seg_127.wav,data/interim/segmented_clean_relaxed/stuttering/sZwq9VaEtAk_seg_127.wav,sZwq9VaEtAk,127,stuttering,clean_pool,be0141933d77cd80928a0a21cdf940d19a0bb9dad7889fddf1ca10145652b840,16000,1,2,48000,3.0,-24.06,0.4156,0.0
sZwq9VaEtAk_seg_128.wav,data/interim/segmented_clean_relaxed/stuttering/sZwq9VaEtAk_seg_128.wav,sZwq9VaEtAk,128,stuttering,clean_pool,d79512ac0c08fe509cbf1447fa9c9c6d8d4a884e05513574580ca251da979429,16000,1,2,48000,3.0,-24.1,0.481,0.0
sZwq9VaEtAk_seg_129.wav,data/interim/segmented_clean_relaxed/stuttering/sZwq9VaEtAk_seg_129.wav,sZwq9VaEtAk,129,stuttering,clean_pool,54439876f0f97be079db99232794200e7faddeb080d267c3878cd3eee7237da8,16000,1,2,48000,3.0,-25.65,0.3281,0.0
sZwq9VaEtAk_seg_130.wav,data/interim/segmented_clean_relaxed/stuttering/sZwq9VaEtAk_seg_130.wav,sZwq9VaEtAk,130,stuttering,clean_pool,560cca0c41437618a0228832af1bc989b5a49e6e2e35dd240c7a63ac508af2c0,16000,1,2,48000,3.0,-23.16,0.308,0.0
sZwq9VaEtAk_seg_131.wav,data/interim/segmented_clean_relaxed/stuttering/sZwq9VaEtAk_seg_131.wav,sZwq9VaEtAk,131,stuttering,clean_pool,db5c80947bf88c3261617170d4baf8647a80d1d073c2d5ac32bd3821d8e76985,16000,1,2,48000,3.0,-22.88,0.1942,0.0
sZwq9VaEtAk_seg_132.wav,data/interim/segmented_clean_relaxed/stuttering/sZwq9VaEtAk_seg_132.wav,sZwq9VaEtAk,132,stuttering,clean_pool,beaf3824f4438a28000a9034148552421ac37caba11d2c5c5edc1e94fce366ab,16000,1,2,48000,3.0,-24.39,0.2902,0.0
sZwq9VaEtAk_seg_133.wav,data/interim/segmented_clean_relaxed/stuttering/sZwq9VaEtAk_seg_133.wav,sZwq9VaEtAk,133,stuttering,clean_pool,af2337c1fd841771b1f8a32ee0e2ad29ee1e3631f485988ceaa4b00178c41096,16000,1,2,48000,3.0,-26.8,0.4619,0.0
sZwq9VaEtAk_seg_134.wav,data/interim/segmented_clean_relaxed/stuttering/sZwq9VaEtAk_seg_134.wav,sZwq9VaEtAk,134,stuttering,clean_pool,4e05745cc1aea8895e7c35c76ab4c69c7373c572b65e5298d006e2e5c80651e6,16000,1,2,48000,3.0,-24.23,0.4205,0.0
sZwq9VaEtAk_seg_135.wav,data/interim/segmented_clean_relaxed/stuttering/sZwq9VaEtAk_seg_135.wav,sZwq9VaEtAk,135,stuttering,clean_pool,577430e0c206910ddd67b16ef88af2edceef7e29971c6c98bc434d8f0623fd44,16000,1,2,48000,3.0,-28.12,0.4567,0.0
sZwq9VaEtAk_seg_136.wav,data/interim/segmented_clean_relaxed/stuttering/sZwq9VaEtAk_seg_136.wav,sZwq9VaEtAk,136,stuttering,clean_pool,c5ab05e6f1cdd3aa78f0c374083734d050a11b69f6864204c821a0bb13d0498b,16000,1,2,48000,3.0,-25.55,0.4032,0.0
sZwq9VaEtAk_seg_137.wav,data/interim/segmented_clean_relaxed/stuttering/sZwq9VaEtAk_seg_137.wav,sZwq9VaEtAk,137,stuttering,clean_pool,be2840c7fa2060f9b8c9aea4d5161016a3d7dfd8cf787a3628234ac723338548,16000,1,2,48000,3.0,-25.73,0.5922,0.0
sZwq9VaEtAk_seg_138.wav,data/interim/segmented_clean_relaxed/stuttering/sZwq9VaEtAk_seg_138.wav,sZwq9VaEtAk,138,stuttering,clean_pool,27239a7d2e9252c3a7233e32807725c500bfea3e180986e229265cabc7a925c2,16000,1,2,48000,3.0,-23.66,0.329,0.0
sZwq9VaEtAk_seg_139.wav,data/interim/segmented_clean_relaxed/stuttering/sZwq9VaEtAk_seg_139.wav,sZwq9VaEtAk,139,stuttering,clean_pool,6f9d39d1e42ec9020bc60199ccfe61a7768638fd6808b7e9f8972ca3404f82e7,16000,1,2,48000,3.0,-25.08,0.5748,0.0
sZwq9VaEtAk_seg_140.wav,data/interim/segmented_clean_relaxed/stuttering/sZwq9VaEtAk_seg_140.wav,sZwq9VaEtAk,140,stuttering,clean_pool,54b2f70922fa45bab5aa3d36f3eaf80a5321cdc80801605243dab443b4b3b987,16000,1,2,48000,3.0,-23.76,0.225,0.0
sZwq9VaEtAk_seg_141.wav,data/interim/segmented_clean_relaxed/stuttering/sZwq9VaEtAk_seg_141.wav,sZwq9VaEtAk,141,stuttering,clean_pool,95cf9d025140194fa7d686199942ba6c71cddc9374662ae982b915a3f2f560b9,16000,1,2,48000,3.0,-25.45,0.4329,0.0
sZwq9VaEtAk_seg_142.wav,data/interim/segmented_clean_relaxed/stuttering/sZwq9VaEtAk_seg_142.wav,sZwq9VaEtAk,142,stuttering,clean_pool,4262873394949d2992af71d382dc5f22cdb188def0de2d85cb32644e1b9a8516,16000,1,2,48000,3.0,-23.92,0.2749,0.0
sZwq9VaEtAk_seg_143.wav,data/interim/segmented_clean_relaxed/stuttering/sZwq9VaEtAk_seg_143.wav,sZwq9VaEtAk,143,stuttering,clean_pool,924904fa65643238abe9564966f3f3d9677f79b65d1126f315734339a261d2d7,16000,1,2,48000,3.0,-25.06,0.6525,0.0
sZwq9VaEtAk_seg_144.wav,data/interim/segmented_clean_relaxed/stuttering/sZwq9VaEtAk_seg_144.wav,sZwq9VaEtAk,144,stuttering,clean_pool,b4b32ea2d9e6e777e1a7dce6d2b75d244588bc9d14d31764924cf63477726bf8,16000,1,2,48000,3.0,-23.05,0.2359,0.0
sZwq9VaEtAk_seg_145.wav,data/interim/segmented_clean_relaxed/stuttering/sZwq9VaEtAk_seg_145.wav,sZwq9VaEtAk,145,stuttering,clean_pool,ced2690c6012da076146baa5a28e20988dacffed8053a0a27e9c90da925e4542,16000,1,2,48000,3.0,-23.15,0.2677,0.0
sZwq9VaEtAk_seg_146.wav,data/interim/segmented_clean_relaxed/stuttering/sZwq9VaEtAk_seg_146.wav,sZwq9VaEtAk,146,stuttering,clean_pool,aceea096c56f5b18737f80acb8f63a97284e1adba86a6d98a1d6b84b04525f73,16000,1,2,48000,3.0,-29.85,0.6969,0.0
sZwq9VaEtAk_seg_147.wav,data/interim/segmented_clean_relaxed/stuttering/sZwq9VaEtAk_seg_147.wav,sZwq9VaEtAk,147,stuttering,clean_pool,e8ef64df4be63f16c2dccf00d629092e3696e2518393f160dcedff08aed35a7a,16000,1,2,48000,3.0,-24.38,0.4913,0.0
sZwq9VaEtAk_seg_148.wav,data/interim/segmented_clean_relaxed/stuttering/sZwq9VaEtAk_seg_148.wav,sZwq9VaEtAk,148,stuttering,clean_pool,67805ad26275c22952acf8295f304a1e97c844f0ca5622445841c114774d0dcb,16000,1,2,48000,3.0,-23.2,0.1807,0.0
sZwq9VaEtAk_seg_149.wav,data/interim/segmented_clean_relaxed/stuttering/sZwq9VaEtAk_seg_149.wav,sZwq9VaEtAk,149,stuttering,clean_pool,944e98dbf59eafb8b1c9e3404abf468f40213832029513b0cceb494e74803895,16000,1,2,33648,2.103,-27.6,0.7799,0.0
t8jvL4ZQkH0_seg_000.wav,data/interim/segmented_clean_relaxed/stuttering/t8jvL4ZQkH0_seg_000.wav,t8jvL4ZQkH0,000,stuttering,clean_pool,31580c8c3d8cfd9e25e1e8e86026466bec8dd688b8c12ba542ea9b80e20bc19c,16000,1,2,48000,3.0,-31.77,0.2914,0.0
t8jvL4ZQkH0_seg_001.wav,data/interim/segmented_clean_relaxed/stuttering/t8jvL4ZQkH0_seg_001.wav,t8jvL4ZQkH0,001,stuttering,clean_pool,3a3d30ac83e883972b66fabf1dbb2eb0858cac2c235ea189c923c68829e80cf4,16000,1,2,48000,3.0,-35.18,0.2851,0.0
t8jvL4ZQkH0_seg_002.wav,data/interim/segmented_clean_relaxed/stuttering/t8jvL4ZQkH0_seg_002.wav,t8jvL4ZQkH0,002,stuttering,clean_pool,5f24bfd57e7d837c16def2433c8dc7601fa4f56b10cdb742a310e7229cf9497b,16000,1,2,48000,3.0,-34.32,0.3184,0.0
t8jvL4ZQkH0_seg_003.wav,data/interim/segmented_clean_relaxed/stuttering/t8jvL4ZQkH0_seg_003.wav,t8jvL4ZQkH0,003,stuttering,clean_pool,90599c0717ac81369036a955135afe14d0fb3eaab85d540ad3e19435a1b81708,16000,1,2,48000,3.0,-33.07,0.3372,0.0
t8jvL4ZQkH0_seg_004.wav,data/interim/segmented_clean_relaxed/stuttering/t8jvL4ZQkH0_seg_004.wav,t8jvL4ZQkH0,004,stuttering,clean_pool,42a894c1d637b6170454f7ee74712ca4d6294163ef14ec9f101e7a8f0ee78024,16000,1,2,27936,1.746,-35.59,0.3053,0.0
yXI6KMtociI_seg_000.wav,data/interim/segmented_clean_relaxed/stuttering/yXI6KMtociI_seg_000.wav,yXI6KMtociI,000,stuttering,clean_pool,bbe0199194398b4d0fafc33cd3133f8188f866dc3b7bcf56ff7f7a8ddc51c400,16000,1,2,48000,3.0,-35.23,0.6613,0.0
yXI6KMtociI_seg_001.wav,data/interim/segmented_clean_relaxed/stuttering/yXI6KMtociI_seg_001.wav,yXI6KMtociI,001,stuttering,clean_pool,8a6bffa1d8d4f6e986585ff8a4fd58b9053f8694d428b3d52370003db766ab70,16000,1,2,48000,3.0,-37.22,0.5992,0.0
yXI6KMtociI_seg_002.wav,data/interim/segmented_clean_relaxed/stuttering/yXI6KMtociI_seg_002.wav,yXI6KMtociI,002,stuttering,clean_pool,bc86eb24eecf1b7033335b5457d8e142e7d89a4e41a5c0436b18acb81aefa3cf,16000,1,2,48000,3.0,-33.17,0.4105,0.0
yXI6KMtociI_seg_003.wav,data/interim/segmented_clean_relaxed/stuttering/yXI6KMtociI_seg_003.wav,yXI6KMtociI,003,stuttering,clean_pool,315886ba816e7b8a0674713d04ad6dcd44e2304e6d236f57531015c059b7f98f,16000,1,2,48000,3.0,-32.69,0.5683,0.0
yXI6KMtociI_seg_004.wav,data/interim/segmented_clean_relaxed/stuttering/yXI6KMtociI_seg_004.wav,yXI6KMtociI,004,stuttering,clean_pool,47ebc1f44eaeb84cf040fb8a05335a5513b67c6d24b55146181f71f0ee1e7472,16000,1,2,48000,3.0,-30.3,0.7203,0.0
yXI6KMtociI_seg_005.wav,data/interim/segmented_clean_relaxed/stuttering/yXI6KMtociI_seg_005.wav,yXI6KMtociI,005,stuttering,clean_pool,1bc8edc73b9d6763256dc20cc3e45d3d8fa88525692d3ca6bf9f17711c7717f2,16000,1,2,48000,3.0,-27.26,0.4251,0.0
yXI6KMtociI_seg_006.wav,data/interim/segmented_clean_relaxed/stuttering/yXI6KMtociI_seg_006.wav,yXI6KMtociI,006,stuttering,clean_pool,9eb5e303304336a24574ce49dd80466a943c5d2a9e79cf2b417143c02b38d5da,16000,1,2,48000,3.0,-26.87,0.2384,0.0
yXI6KMtociI_seg_007.wav,data/interim/segmented_clean_relaxed/stuttering/yXI6KMtociI_seg_007.wav,yXI6KMtociI,007,stuttering,clean_pool,c2944a3f130930928aa403071e3ae035984534b7338812cf5a8ecc3760247420,16000,1,2,48000,3.0,-31.05,0.4808,0.0
yXI6KMtociI_seg_008.wav,data/interim/segmented_clean_relaxed/stuttering/yXI6KMtociI_seg_008.wav,yXI6KMtociI,008,stuttering,clean_pool,acc91c2802a840f995aff95f851589e87c8fbcbf69e6793d259895c5a40e84d5,16000,1,2,48000,3.0,-28.34,0.2176,0.0
yXI6KMtociI_seg_009.wav,data/interim/segmented_clean_relaxed/stuttering/yXI6KMtociI_seg_009.wav,yXI6KMtociI,009,stuttering,clean_pool,92fd4fa5816fd5fa565f9cbef96b799af35d81b070ea91090f3b5c0b5d8abe16,16000,1,2,48000,3.0,-31.9,0.4297,0.0
yXI6KMtociI_seg_010.wav,data/interim/segmented_clean_relaxed/stuttering/yXI6KMtociI_seg_010.wav,yXI6KMtociI,010,stuttering,clean_pool,cb504cac3aae063310a7066571f5c74d1221a11f71bb0cf78d8c4eb469baa11c,16000,1,2,48000,3.0,-30.56,0.3411,0.0
yXI6KMtociI_seg_011.wav,data/interim/segmented_clean_relaxed/stuttering/yXI6KMtociI_seg_011.wav,yXI6KMtociI,011,stuttering,clean_pool,9f5a3285ed86af40b9ba85f19f2c54a67ea274f4dea2cc394cef3371dce91019,16000,1,2,48000,3.0,-30.25,0.3302,0.0
yXI6KMtociI_seg_012.wav,data/interim/segmented_clean_relaxed/stuttering/yXI6KMtociI_seg_012.wav,yXI6KMtociI,012,stuttering,clean_pool,a76a50052ccfba19b9e27c002cbe38e32b064fd65ec8d671d0502c43fbd205cd,16000,1,2,48000,3.0,-29.58,0.2506,0.0
yXI6KMtociI_seg_013.wav,data/interim/segmented_clean_relaxed/stuttering/yXI6KMtociI_seg_013.wav,yXI6KMtociI,013,stuttering,clean_pool,d1586c549c8698ce9ab3f95322157ee200a58d533fed96c20d4f54489d842ce7,16000,1,2,48000,3.0,-29.72,0.4004,0.0
yXI6KMtociI_seg_014.wav,data/interim/segmented_clean_relaxed/stuttering/yXI6KMtociI_seg_014.wav,yXI6KMtociI,014,stuttering,clean_pool,af3daff6849aa030fb9fd3d4baac9c5292443aa42326ef8a8f7afa97aa78b8b1,16000,1,2,48000,3.0,-31.97,0.37,0.0
yXI6KMtociI_seg_015.wav,data/interim/segmented_clean_relaxed/stuttering/yXI6KMtociI_seg_015.wav,yXI6KMtociI,015,stuttering,clean_pool,6a74af6ec24aeed1143d2778af4d4b8455a74485c95ae8997260ed4ecb672ca0,16000,1,2,48000,3.0,-30.45,0.3349,0.0
yXI6KMtociI_seg_016.wav,data/interim/segmented_clean_relaxed/stuttering/yXI6KMtociI_seg_016.wav,yXI6KMtociI,016,stuttering,clean_pool,1c63289d3c654b4843a121383c364115337bd0321b29f066dd3a3b4d59d85d05,16000,1,2,48000,3.0,-30.97,0.4431,0.0
yXI6KMtociI_seg_017.wav,data/interim/segmented_clean_relaxed/stuttering/yXI6KMtociI_seg_017.wav,yXI6KMtociI,017,stuttering,clean_pool,7d3e8070f3c0b19732406a384455080ab42fa7ddcd3b03f4aee7477a6df35a73,16000,1,2,48000,3.0,-31.2,0.5936,0.0
yXI6KMtociI_seg_018.wav,data/interim/segmented_clean_relaxed/stuttering/yXI6KMtociI_seg_018.wav,yXI6KMtociI,018,stuttering,clean_pool,6ff609ceb6058213b493b234ba6c6b6ba9dd70fb10f85d0e0cd037fc6ce72688,16000,1,2,48000,3.0,-29.25,0.3434,0.0
yXI6KMtociI_seg_019.wav,data/interim/segmented_clean_relaxed/stuttering/yXI6KMtociI_seg_019.wav,yXI6KMtociI,019,stuttering,clean_pool,82bd82655300b207a3bdac444a8c714f573a72bdc6bc8a99532fc7af90432517,16000,1,2,48000,3.0,-29.84,0.3302,0.0
yXI6KMtociI_seg_020.wav,data/interim/segmented_clean_relaxed/stuttering/yXI6KMtociI_seg_020.wav,yXI6KMtociI,020,stuttering,clean_pool,873ff8ec9562baade8f1f0062aba10b1b59ec1fb3b4056dbe363338768ad3a75,16000,1,2,48000,3.0,-32.44,0.3565,0.0
yXI6KMtociI_seg_021.wav,data/interim/segmented_clean_relaxed/stuttering/yXI6KMtociI_seg_021.wav,yXI6KMtociI,021,stuttering,clean_pool,25912fcbf6843ad0119d088f07e7c7b4095bc3a9e5a0973eb7c096f743b5f937,16000,1,2,48000,3.0,-34.52,0.2721,0.0
yXI6KMtociI_seg_022.wav,data/interim/segmented_clean_relaxed/stuttering/yXI6KMtociI_seg_022.wav,yXI6KMtociI,022,stuttering,clean_pool,e48e3e7b3f4c34bc5223ea89d34a2499d4a42c95536605e942decd8f95989859,16000,1,2,48000,3.0,-28.95,0.5117,0.0
yXI6KMtociI_seg_023.wav,data/interim/segmented_clean_relaxed/stuttering/yXI6KMtociI_seg_023.wav,yXI6KMtociI,023,stuttering,clean_pool,c81c51f1766a31f6e2e674eebb68e8e838de770ddd1d5f3cd5a59e6cfb874302,16000,1,2,48000,3.0,-30.77,0.3255,0.0
yXI6KMtociI_seg_024.wav,data/interim/segmented_clean_relaxed/stuttering/yXI6KMtociI_seg_024.wav,yXI6KMtociI,024,stuttering,clean_pool,1dbbe5d61aec485c8e6c8d45f3726206a1e93dc145826c79eb8195949ba9b74f,16000,1,2,48000,3.0,-29.64,0.4038,0.0
yXI6KMtociI_seg_025.wav,data/interim/segmented_clean_relaxed/stuttering/yXI6KMtociI_seg_025.wav,yXI6KMtociI,025,stuttering,clean_pool,61f10b1bba80b9b1c451e0d2135f5b7797fda7e1750f60bd46da3139d731603f,16000,1,2,48000,3.0,-30.77,0.4866,0.0
yXI6KMtociI_seg_026.wav,data/interim/segmented_clean_relaxed/stuttering/yXI6KMtociI_seg_026.wav,yXI6KMtociI,026,stuttering,clean_pool,9b522f16e86d2e58c6d350cf66578388c79ada10aed75c1c5af442b69a4e1420,16000,1,2,48000,3.0,-31.55,0.627,0.0
yXI6KMtociI_seg_027.wav,data/interim/segmented_clean_relaxed/stuttering/yXI6KMtociI_seg_027.wav,yXI6KMtociI,027,stuttering,clean_pool,37944b4bbf72d939590cd986e983963423c6638eda2cafae113b09796c531d5a,16000,1,2,48000,3.0,-30.77,0.3995,0.0
yXI6KMtociI_seg_028.wav,data/interim/segmented_clean_relaxed/stuttering/yXI6KMtociI_seg_028.wav,yXI6KMtociI,028,stuttering,clean_pool,a3b558e69730b13517f94a08be21213b8e2099886feddc2ee380a4ac3b5b3dc0,16000,1,2,48000,3.0,-32.26,0.4308,0.0
yXI6KMtociI_seg_029.wav,data/interim/segmented_clean_relaxed/stuttering/yXI6KMtociI_seg_029.wav,yXI6KMtociI,029,stuttering,clean_pool,00fbaa4f70a893327227c9c47e101107f900552a370f8eaeac04f8b56f031ca5,16000,1,2,48000,3.0,-30.76,0.3185,0.0
yXI6KMtociI_seg_030.wav,data/interim/segmented_clean_relaxed/stuttering/yXI6KMtociI_seg_030.wav,yXI6KMtociI,030,stuttering,clean_pool,c34df0127fcf5ba57c70a4912b378e59982f1081af6309ea51c9277c574568d2,16000,1,2,48000,3.0,-31.01,0.38,0.0
yXI6KMtociI_seg_031.wav,data/interim/segmented_clean_relaxed/stuttering/yXI6KMtociI_seg_031.wav,yXI6KMtociI,031,stuttering,clean_pool,671cb875fd29f64c1e3acbb1491743d12494b1142dfe22db1622caa7aeb53c75,16000,1,2,48000,3.0,-28.56,0.3835,0.0
yXI6KMtociI_seg_032.wav,data/interim/segmented_clean_relaxed/stuttering/yXI6KMtociI_seg_032.wav,yXI6KMtociI,032,stuttering,clean_pool,9e0ceb66a5fa53d79c990b28fb50443b5ac5ae7684e7a2de64b7f1382a71a43d,16000,1,2,48000,3.0,-30.58,0.5623,0.0
yXI6KMtociI_seg_033.wav,data/interim/segmented_clean_relaxed/stuttering/yXI6KMtociI_seg_033.wav,yXI6KMtociI,033,stuttering,clean_pool,3aec867b8cea51e67290caf2ac0cde63e01f0624b944188732ba2eae93fb6eb5,16000,1,2,48000,3.0,-30.9,0.3882,0.0
yXI6KMtociI_seg_034.wav,data/interim/segmented_clean_relaxed/stuttering/yXI6KMtociI_seg_034.wav,yXI6KMtociI,034,stuttering,clean_pool,b5f701f1d8d4c9be3082e90fa7da913c18abab77cd2c1fd65c264ac95ae20ed7,16000,1,2,48000,3.0,-28.57,0.564,0.0
yXI6KMtociI_seg_035.wav,data/interim/segmented_clean_relaxed/stuttering/yXI6KMtociI_seg_035.wav,yXI6KMtociI,035,stuttering,clean_pool,b202adee1c8736bacf09740924702a2a8283a274f5234b7754ee08449c218c6b,16000,1,2,48000,3.0,-29.44,0.4065,0.0
yXI6KMtociI_seg_036.wav,data/interim/segmented_clean_relaxed/stuttering/yXI6KMtociI_seg_036.wav,yXI6KMtociI,036,stuttering,clean_pool,c00dcffe9cedee364b2a4ccbce8694c8d73a971b6ed2be547cb47a5411222ea1,16000,1,2,48000,3.0,-30.8,0.5679,0.0
yXI6KMtociI_seg_037.wav,data/interim/segmented_clean_relaxed/stuttering/yXI6KMtociI_seg_037.wav,yXI6KMtociI,037,stuttering,clean_pool,96738730dc54d54f91c3a10b60d4b7bb82af7fb334fe49c642d9d74c9ffe509c,16000,1,2,48000,3.0,-28.43,0.5797,0.0
yXI6KMtociI_seg_038.wav,data/interim/segmented_clean_relaxed/stuttering/yXI6KMtociI_seg_038.wav,yXI6KMtociI,038,stuttering,clean_pool,48adc5f1328758603ee98b60e4bdb0e9219559f9fbdee7b333b8c55696153750,16000,1,2,48000,3.0,-34.47,0.7005,0.0
yXI6KMtociI_seg_039.wav,data/interim/segmented_clean_relaxed/stuttering/yXI6KMtociI_seg_039.wav,yXI6KMtociI,039,stuttering,clean_pool,397a2b5baa7dac7a2226384e3fd9149766287e35777d73f59d65ef1a8c33f3cc,16000,1,2,48000,3.0,-29.8,0.3751,0.0
yXI6KMtociI_seg_040.wav,data/interim/segmented_clean_relaxed/stuttering/yXI6KMtociI_seg_040.wav,yXI6KMtociI,040,stuttering,clean_pool,228e8aa5fd7a85f556a4fe9a73d892fdb66827a34d13e8c766bfbe745ddf293c,16000,1,2,48000,3.0,-30.26,0.459,0.0
yXI6KMtociI_seg_041.wav,data/interim/segmented_clean_relaxed/stuttering/yXI6KMtociI_seg_041.wav,yXI6KMtociI,041,stuttering,clean_pool,d631ddacfc2affb9c440fbdbbade6f454f449676f60a70cfdf4f40595337a301,16000,1,2,48000,3.0,-28.38,0.4251,0.0
yXI6KMtociI_seg_042.wav,data/interim/segmented_clean_relaxed/stuttering/yXI6KMtociI_seg_042.wav,yXI6KMtociI,042,stuttering,clean_pool,65868e58c865767cff5b76dbc75b39ef22db2d59201b0b1ee8c1a1b5f68ad179,16000,1,2,48000,3.0,-32.22,0.3457,0.0
yXI6KMtociI_seg_043.wav,data/interim/segmented_clean_relaxed/stuttering/yXI6KMtociI_seg_043.wav,yXI6KMtociI,043,stuttering,clean_pool,21ae615cc127e48fb47b3c98f36a589376f9b71a62905864f028591a87e1d278,16000,1,2,48000,3.0,-28.19,0.5962,0.0
yXI6KMtociI_seg_044.wav,data/interim/segmented_clean_relaxed/stuttering/yXI6KMtociI_seg_044.wav,yXI6KMtociI,044,stuttering,clean_pool,476d767db14f662ddaa700fc81d7492d5a3cb122e92a7eefda1cbd0ce8f766e5,16000,1,2,48000,3.0,-29.11,0.3007,0.0
yXI6KMtociI_seg_045.wav,data/interim/segmented_clean_relaxed/stuttering/yXI6KMtociI_seg_045.wav,yXI6KMtociI,045,stuttering,clean_pool,b57d96278f137e6dbf6a68ce8c7d7912db727c83a068215f107005ecf8e6effa,16000,1,2,48000,3.0,-29.67,0.373,0.0
yXI6KMtociI_seg_046.wav,data/interim/segmented_clean_relaxed/stuttering/yXI6KMtociI_seg_046.wav,yXI6KMtociI,046,stuttering,clean_pool,55297438bc8a378d99d23435061c6fd3f158bef7eea61b89db9fc8d43faac3a4,16000,1,2,48000,3.0,-34.38,0.7441,0.0
yXI6KMtociI_seg_047.wav,data/interim/segmented_clean_relaxed/stuttering/yXI6KMtociI_seg_047.wav,yXI6KMtociI,047,stuttering,clean_pool,5eb038ab7c531f4d768752b7ba449d5c8c6e27235a6afc317671748c5a243f26,16000,1,2,48000,3.0,-37.06,0.2907,0.0
ZezBWDaHm6g_seg_000.wav,data/interim/segmented_clean_relaxed/stuttering/ZezBWDaHm6g_seg_000.wav,ZezBWDaHm6g,000,stuttering,clean_pool,23213d249f06a3932acaf890208d595cb944762d11139f11b3c97aefacb8a0d2,16000,1,2,48000,3.0,-38.18,0.7148,0.0
ZezBWDaHm6g_seg_001.wav,data/interim/segmented_clean_relaxed/stuttering/ZezBWDaHm6g_seg_001.wav,ZezBWDaHm6g,001,stuttering,clean_pool,28c4d7231fbeb79fb3e7364a12a982ac290be200a7a0d05869c199a71f88e8bf,16000,1,2,48000,3.0,-35.98,0.6076,0.0
ZezBWDaHm6g_seg_002.wav,data/interim/segmented_clean_relaxed/stuttering/ZezBWDaHm6g_seg_002.wav,ZezBWDaHm6g,002,stuttering,clean_pool,23f6198853773b44a402f0ea794f26be2ec8e9af489aa94844a6bc334819c7cc,16000,1,2,48000,3.0,-34.41,0.753,0.0
ZezBWDaHm6g_seg_003.wav,data/interim/segmented_clean_relaxed/stuttering/ZezBWDaHm6g_seg_003.wav,ZezBWDaHm6g,003,stuttering,clean_pool,73ed48744710827d7071154bcc078f311ae1d849fa87f649cafa28f33b773bc3,16000,1,2,48000,3.0,-41.25,0.7954,0.0
ZezBWDaHm6g_seg_004.wav,data/interim/segmented_clean_relaxed/stuttering/ZezBWDaHm6g_seg_004.wav,ZezBWDaHm6g,004,stuttering,clean_pool,f2af5d9d2c096a97c91d2d769695e03d483c0e3fcf3d2c7f5bca529e4c0a99ea,16000,1,2,48000,3.0,-36.34,0.3068,0.0
ZezBWDaHm6g_seg_005.wav,data/interim/segmented_clean_relaxed/stuttering/ZezBWDaHm6g_seg_005.wav,ZezBWDaHm6g,005,stuttering,clean_pool,d9bcebfbebb6f1b400dcf556ae5a8a1357f6411861797c33aba79cf21268b4d1,16000,1,2,48000,3.0,-40.88,0.6298,0.0
ZezBWDaHm6g_seg_006.wav,data/interim/segmented_clean_relaxed/stuttering/ZezBWDaHm6g_seg_006.wav,ZezBWDaHm6g,006,stuttering,clean_pool,06e4ca0ac7e1691191549fb3d61bb0db736321ee04692d56dc08935327f8a373,16000,1,2,48000,3.0,-42.75,0.6618,0.0
ZezBWDaHm6g_seg_007.wav,data/interim/segmented_clean_relaxed/stuttering/ZezBWDaHm6g_seg_007.wav,ZezBWDaHm6g,007,stuttering,clean_pool,7ad46480556eec58f11d76a929c83d1d5463fdbaf5a4cd977b048c8fbb8afc5f,16000,1,2,48000,3.0,-38.28,0.5948,0.0
ZezBWDaHm6g_seg_008.wav,data/interim/segmented_clean_relaxed/stuttering/ZezBWDaHm6g_seg_008.wav,ZezBWDaHm6g,008,stuttering,clean_pool,06ed721c269fc437e585bc4b829809413a66ffbe51b045240654693c6ba32e87,16000,1,2,48000,3.0,-37.77,0.6464,0.0
ZezBWDaHm6g_seg_009.wav,data/interim/segmented_clean_relaxed/stuttering/ZezBWDaHm6g_seg_009.wav,ZezBWDaHm6g,009,stuttering,clean_pool,2788a682f7987f2a980f19176c2849076492d45210f945d4cc6ee9dec3731799,16000,1,2,48000,3.0,-35.07,0.4216,0.0
ZezBWDaHm6g_seg_010.wav,data/interim/segmented_clean_relaxed/stuttering/ZezBWDaHm6g_seg_010.wav,ZezBWDaHm6g,010,stuttering,clean_pool,31aff24847842a5872a895d3fa7f5d8eb7ecd240fe0f1a2ef996f86b121f1a9f,16000,1,2,48000,3.0,-35.58,0.4987,0.0
ZezBWDaHm6g_seg_011.wav,data/interim/segmented_clean_relaxed/stuttering/ZezBWDaHm6g_seg_011.wav,ZezBWDaHm6g,011,stuttering,clean_pool,f2789ecadb014bbaacb7f868a678d5ca2a17d9c58225098a891373bbbf8ef195,16000,1,2,48000,3.0,-37.92,0.5045,0.0
ZezBWDaHm6g_seg_012.wav,data/interim/segmented_clean_relaxed/stuttering/ZezBWDaHm6g_seg_012.wav,ZezBWDaHm6g,012,stuttering,clean_pool,aee7e539577a8db7d28274d1f09dbfed438d19926c963fd16fb9d0c08abf00ad,16000,1,2,48000,3.0,-40.61,0.5623,0.0
ZezBWDaHm6g_seg_013.wav,data/interim/segmented_clean_relaxed/stuttering/ZezBWDaHm6g_seg_013.wav,ZezBWDaHm6g,013,stuttering,clean_pool,3081254d6b7c2bedb27bf12af68145598594325e2153795a6177365ae19f034e,16000,1,2,48000,3.0,-40.0,0.6634,0.0
ZezBWDaHm6g_seg_014.wav,data/interim/segmented_clean_relaxed/stuttering/ZezBWDaHm6g_seg_014.wav,ZezBWDaHm6g,014,stuttering,clean_pool,999ff554892799324235aa6a0f4cd1611c4d833e64f1fad7693242accb4e6b1b,16000,1,2,47120,2.945,-29.55,0.2803,0.0
ZwkIg76xzRE_seg_000.wav,data/interim/segmented_clean_relaxed/stuttering/ZwkIg76xzRE_seg_000.wav,ZwkIg76xzRE,000,stuttering,clean_pool,ec96a479775d55f97d89628a4fd548eb031874c3f2730fb3da33f8fe3866553e,16000,1,2,48000,3.0,-29.07,0.4927,0.0
ZwkIg76xzRE_seg_001.wav,data/interim/segmented_clean_relaxed/stuttering/ZwkIg76xzRE_seg_001.wav,ZwkIg76xzRE,001,stuttering,clean_pool,f774c5f1811f8a5467047c871c1177bc129ee423824ce14fecc0a82ddb7620a5,16000,1,2,48000,3.0,-29.57,0.362,0.0
ZwkIg76xzRE_seg_002.wav,data/interim/segmented_clean_relaxed/stuttering/ZwkIg76xzRE_seg_002.wav,ZwkIg76xzRE,002,stuttering,clean_pool,b83ac4854ea940756fae4c9419f7354521c7d3009cb4f516dcb7d747e451a518,16000,1,2,48000,3.0,-29.04,0.2557,0.0
ZwkIg76xzRE_seg_003.wav,data/interim/segmented_clean_relaxed/stuttering/ZwkIg76xzRE_seg_003.wav,ZwkIg76xzRE,003,stuttering,clean_pool,1449b22071bba846ba497adbd22267a5ff1d13c028bef69dca5c68d99f47406b,16000,1,2,48000,3.0,-31.72,0.3865,0.0
ZwkIg76xzRE_seg_004.wav,data/interim/segmented_clean_relaxed/stuttering/ZwkIg76xzRE_seg_004.wav,ZwkIg76xzRE,004,stuttering,clean_pool,03692b96668e35917f70fc7a08a429ea144506f350bd19a4f530285a0ab40b8e,16000,1,2,48000,3.0,-32.59,0.428,0.0
ZwkIg76xzRE_seg_005.wav,data/interim/segmented_clean_relaxed/stuttering/ZwkIg76xzRE_seg_005.wav,ZwkIg76xzRE,005,stuttering,clean_pool,82b08a4ad6e272c42ff7483304f12679ad1080d1a0cf53fa4510e063b1f3856d,16000,1,2,48000,3.0,-29.11,0.3503,0.0
ZwkIg76xzRE_seg_006.wav,data/interim/segmented_clean_relaxed/stuttering/ZwkIg76xzRE_seg_006.wav,ZwkIg76xzRE,006,stuttering,clean_pool,708fd746fc0adb791392c64014b1969429f31187c8f7d7bd942f72c4faa83673,16000,1,2,48000,3.0,-32.38,0.5104,0.0
ZwkIg76xzRE_seg_007.wav,data/interim/segmented_clean_relaxed/stuttering/ZwkIg76xzRE_seg_007.wav,ZwkIg76xzRE,007,stuttering,clean_pool,884ea432eb6938716940b850de863e3d6170a73db5697c1f01c30fa9f956437a,16000,1,2,48000,3.0,-33.51,0.4769,0.0
ZwkIg76xzRE_seg_008.wav,data/interim/segmented_clean_relaxed/stuttering/ZwkIg76xzRE_seg_008.wav,ZwkIg76xzRE,008,stuttering,clean_pool,2623141b408de067559268103d51f5a1473534685e127192915abae5f222a71c,16000,1,2,48000,3.0,-31.57,0.3351,0.0
ZwkIg76xzRE_seg_009.wav,data/interim/segmented_clean_relaxed/stuttering/ZwkIg76xzRE_seg_009.wav,ZwkIg76xzRE,009,stuttering,clean_pool,bff9f91b40a5995c9df9d35fef817a15e4bc437b116bf4873035c58e25bb53ca,16000,1,2,48000,3.0,-31.26,0.2864,0.0
ZwkIg76xzRE_seg_010.wav,data/interim/segmented_clean_relaxed/stuttering/ZwkIg76xzRE_seg_010.wav,ZwkIg76xzRE,010,stuttering,clean_pool,e277235cce1b60540522bc39b06951ea76c3a87be7531b321a3b5ac2a1aaca41,16000,1,2,48000,3.0,-31.83,0.2908,0.0
ZwkIg76xzRE_seg_011.wav,data/interim/segmented_clean_relaxed/stuttering/ZwkIg76xzRE_seg_011.wav,ZwkIg76xzRE,011,stuttering,clean_pool,e36de54b2d1d26a1c0191f6a7ba592ae105eec3678a8d4f55054b2485997a84c,16000,1,2,48000,3.0,-30.14,0.3633,0.0
ZwkIg76xzRE_seg_012.wav,data/interim/segmented_clean_relaxed/stuttering/ZwkIg76xzRE_seg_012.wav,ZwkIg76xzRE,012,stuttering,clean_pool,0eb775ec975fe79694128e589ad3b9b1273eab9ffb8e93fb0aa718b558fd62fe,16000,1,2,48000,3.0,-30.65,0.3255,0.0
ZwkIg76xzRE_seg_013.wav,data/interim/segmented_clean_relaxed/stuttering/ZwkIg76xzRE_seg_013.wav,ZwkIg76xzRE,013,stuttering,clean_pool,be397489a636731559e38e31cb63b6ff26a0389c3d1154a67418da8db1bdd94f,16000,1,2,48000,3.0,-30.35,0.2597,0.0
ZwkIg76xzRE_seg_014.wav,data/interim/segmented_clean_relaxed/stuttering/ZwkIg76xzRE_seg_014.wav,ZwkIg76xzRE,014,stuttering,clean_pool,78a5cda3d206bbf16d67aa79552d458654497fe761057af26e6409f34da6b4d5,16000,1,2,48000,3.0,-31.57,0.3105,0.0
ZwkIg76xzRE_seg_015.wav,data/interim/segmented_clean_relaxed/stuttering/ZwkIg76xzRE_seg_015.wav,ZwkIg76xzRE,015,stuttering,clean_pool,04da98c1f609c65ad4172fa38e452bb77641cdbc4ca9c59acfa1e13bc7eb3fbe,16000,1,2,48000,3.0,-38.76,0.4291,0.0
ZwkIg76xzRE_seg_016.wav,data/interim/segmented_clean_relaxed/stuttering/ZwkIg76xzRE_seg_016.wav,ZwkIg76xzRE,016,stuttering,clean_pool,4a3f6b8f41c916386f9cec0c45ab69faaf8df31907a9ccb438a92b00ed85ffa5,16000,1,2,36064,2.254,-33.17,0.317,0.0
